ISO-10303-21;
HEADER;
FILE_DESCRIPTION (( 'STEP AP203' ),
    '1' );
FILE_NAME ('Backside Vent Cover REF2014.STEP',
    '2026-04-04T17:35:56',
    ( '' ),
    ( '' ),
    'SwSTEP 2.0',
    'SolidWorks 2026',
    '' );
FILE_SCHEMA (( 'CONFIG_CONTROL_DESIGN' ));
ENDSEC;

DATA;
#1 = PLANE ( 'NONE',  #12040 ) ;
#2 = DIRECTION ( 'NONE',  ( 0.000000000000000000, 0.000000000000000000, -1.000000000000000000 ) ) ;
#3 = VECTOR ( 'NONE', #4308, 1000.000000000000114 ) ;
#4 = LINE ( 'NONE', #3878, #12065 ) ;
#5 = EDGE_LOOP ( 'NONE', ( #9264, #1483, #3811, #2777 ) ) ;
#6 = CARTESIAN_POINT ( 'NONE',  ( -21.49999999999999289, 23.27239199200323583, 0.4500000000000000111 ) ) ;
#7 = FACE_BOUND ( 'NONE', #482, .T. ) ;
#8 = EDGE_LOOP ( 'NONE', ( #3040, #9373, #528, #11013 ) ) ;
#9 = CARTESIAN_POINT ( 'NONE',  ( -8.299999999999993605, 20.44337567297408143, 0.4500000000000000111 ) ) ;
#10 = VERTEX_POINT ( 'NONE', #8404 ) ;
#11 = EDGE_CURVE ( 'NONE', #1799, #4993, #1610, .T. ) ;
#12 = DIRECTION ( 'NONE',  ( -9.614813431917789401E-15, 1.000000000000000000, 0.000000000000000000 ) ) ;
#13 = VECTOR ( 'NONE', #6717, 1000.000000000000000 ) ;
#14 = DIRECTION ( 'NONE',  ( -0.8660254037844387076, 0.4999999999999997224, 0.000000000000000000 ) ) ;
#15 = PLANE ( 'NONE',  #5768 ) ;
#16 = EDGE_CURVE ( 'NONE', #3981, #2677, #3440, .T. ) ;
#17 = CARTESIAN_POINT ( 'NONE',  ( 6.000000000000000000, 22.00000000000000355, 0.4500000000000000111 ) ) ;
#18 = DIRECTION ( 'NONE',  ( 0.8660254037844388186, -0.4999999999999997224, 0.000000000000000000 ) ) ;
#19 = ORIENTED_EDGE ( 'NONE', *, *, #5610, .F. ) ;
#20 = VECTOR ( 'NONE', #5423, 1000.000000000000114 ) ;
#21 = DIRECTION ( 'NONE',  ( 0.000000000000000000, -1.000000000000000000, 0.000000000000000000 ) ) ;
#22 = LINE ( 'NONE', #8663, #8359 ) ;
#23 = ORIENTED_EDGE ( 'NONE', *, *, #5241, .T. ) ;
#24 = DIRECTION ( 'NONE',  ( -0.8660254037844394848, -0.4999999999999985012, 0.000000000000000000 ) ) ;
#25 = ORIENTED_EDGE ( 'NONE', *, *, #9596, .T. ) ;
#26 = DIRECTION ( 'NONE',  ( -0.8660254037844388186, -0.4999999999999997224, 0.000000000000000000 ) ) ;
#27 = ORIENTED_EDGE ( 'NONE', *, *, #4411, .F. ) ;
#28 = CARTESIAN_POINT ( 'NONE',  ( -6.126808886538226417, 22.99919497526796164, 0.4500000000000000111 ) ) ;
#29 = EDGE_CURVE ( 'NONE', #9145, #12183, #4393, .T. ) ;
#30 = DIRECTION ( 'NONE',  ( -9.614813431917789401E-15, -1.000000000000000000, 0.000000000000000000 ) ) ;
#31 = LINE ( 'NONE', #7775, #9140 ) ;
#32 = DIRECTION ( 'NONE',  ( 0.000000000000000000, -1.000000000000000000, 0.000000000000000000 ) ) ;
#33 = VERTEX_POINT ( 'NONE', #11196 ) ;
#34 = DIRECTION ( 'NONE',  ( 1.000000000000000000, 0.000000000000000000, 0.000000000000000000 ) ) ;
#35 = VERTEX_POINT ( 'NONE', #6305 ) ;
#36 = LINE ( 'NONE', #3911, #9928 ) ;
#37 = VECTOR ( 'NONE', #11336, 1000.000000000000000 ) ;
#38 = CARTESIAN_POINT ( 'NONE',  ( 9.999999999999996447, 22.00000000000000355, 0.000000000000000000 ) ) ;
#39 = VECTOR ( 'NONE', #2566, 1000.000000000000000 ) ;
#40 = ORIENTED_EDGE ( 'NONE', *, *, #9329, .T. ) ;
#41 = ADVANCED_FACE ( 'NONE', ( #2494 ), #592, .T. ) ;
#42 = EDGE_CURVE ( 'NONE', #6219, #6941, #6494, .T. ) ;
#43 = CARTESIAN_POINT ( 'NONE',  ( -33.44999999999996732, 25.43745550146435974, 0.4500000000000000111 ) ) ;
#44 = ORIENTED_EDGE ( 'NONE', *, *, #10785, .T. ) ;
#45 = DIRECTION ( 'NONE',  ( 0.8660254037844393737, 0.4999999999999985012, 0.000000000000000000 ) ) ;
#46 = DIRECTION ( 'NONE',  ( -0.4999999999999985567, 0.8660254037844394848, 0.000000000000000000 ) ) ;
#47 = LINE ( 'NONE', #11675, #6341 ) ;
#48 = CARTESIAN_POINT ( 'NONE',  ( 27.82435565298205660, 25.99999999999999645, 0.4500000000000000111 ) ) ;
#49 = CARTESIAN_POINT ( 'NONE',  ( -13.64999999999998437, 19.72168783648705315, 0.000000000000000000 ) ) ;
#50 = VECTOR ( 'NONE', #6144, 1000.000000000000000 ) ;
#51 = LINE ( 'NONE', #3989, #3775 ) ;
#52 = ORIENTED_EDGE ( 'NONE', *, *, #6762, .F. ) ;
#53 = ORIENTED_EDGE ( 'NONE', *, *, #2568, .F. ) ;
#54 = DIRECTION ( 'NONE',  ( -0.8660254037844383745, 0.5000000000000003331, 0.000000000000000000 ) ) ;
#55 = ORIENTED_EDGE ( 'NONE', *, *, #1900, .T. ) ;
#56 = EDGE_CURVE ( 'NONE', #1632, #8613, #10176, .T. ) ;
#57 = VERTEX_POINT ( 'NONE', #5536 ) ;
#58 = ORIENTED_EDGE ( 'NONE', *, *, #9667, .F. ) ;
#59 = PLANE ( 'NONE',  #686 ) ;
#60 = DIRECTION ( 'NONE',  ( -0.8660254037844393737, 0.4999999999999985012, 0.000000000000000000 ) ) ;
#61 = EDGE_CURVE ( 'NONE', #2434, #11513, #4458, .T. ) ;
#62 = EDGE_CURVE ( 'NONE', #2449, #7827, #12492, .T. ) ;
#63 = LINE ( 'NONE', #3935, #10820 ) ;
#64 = CARTESIAN_POINT ( 'NONE',  ( -36.34999999999999432, 20.41450815951459674, 0.4500000000000000111 ) ) ;
#65 = EDGE_LOOP ( 'NONE', ( #7990, #5179, #6990, #1208, #10166, #5440, #4176 ) ) ;
#66 = LINE ( 'NONE', #11696, #1018 ) ;
#67 = FACE_BOUND ( 'NONE', #9261, .T. ) ;
#68 = ORIENTED_EDGE ( 'NONE', *, *, #7645, .F. ) ;
#69 = VECTOR ( 'NONE', #12447, 1000.000000000000000 ) ;
#70 = EDGE_CURVE ( 'NONE', #4481, #7086, #6367, .T. ) ;
#71 = ORIENTED_EDGE ( 'NONE', *, *, #8522, .F. ) ;
#72 = DIRECTION ( 'NONE',  ( -0.8660254037844383745, -0.5000000000000003331, 0.000000000000000000 ) ) ;
#73 = AXIS2_PLACEMENT_3D ( 'NONE', #4120, #7997, #5202 ) ;
#74 = DIRECTION ( 'NONE',  ( -1.000000000000000000, 0.000000000000000000, 0.000000000000000000 ) ) ;
#75 = LINE ( 'NONE', #10745, #4571 ) ;
#76 = CARTESIAN_POINT ( 'NONE',  ( 8.861963764628281837, 25.83469340716842311, 0.000000000000000000 ) ) ;
#77 = DIRECTION ( 'NONE',  ( 0.000000000000000000, 0.000000000000000000, -1.000000000000000000 ) ) ;
#78 = CARTESIAN_POINT ( 'NONE',  ( -26.84999999999997300, 25.43745550146435619, 0.000000000000000000 ) ) ;
#79 = VERTEX_POINT ( 'NONE', #7508 ) ;
#80 = VECTOR ( 'NONE', #11371, 1000.000000000000000 ) ;
#81 = ADVANCED_FACE ( 'NONE', ( #524 ), #1417, .T. ) ;
#82 = DIRECTION ( 'NONE',  ( 0.000000000000000000, 0.000000000000000000, -1.000000000000000000 ) ) ;
#83 = CARTESIAN_POINT ( 'NONE',  ( -25.19999999999997442, 21.13619599600163212, 0.4500000000000000111 ) ) ;
#84 = ORIENTED_EDGE ( 'NONE', *, *, #11890, .T. ) ;
#85 = LINE ( 'NONE', #2821, #2227 ) ;
#86 = ORIENTED_EDGE ( 'NONE', *, *, #124, .F. ) ;
#87 = ORIENTED_EDGE ( 'NONE', *, *, #8939, .F. ) ;
#88 = PLANE ( 'NONE',  #694 ) ;
#89 = FACE_OUTER_BOUND ( 'NONE', #11135, .T. ) ;
#90 = VERTEX_POINT ( 'NONE', #12275 ) ;
#91 = VECTOR ( 'NONE', #6412, 1000.000000000000000 ) ;
#92 = DIRECTION ( 'NONE',  ( -0.000000000000000000, -0.000000000000000000, 1.000000000000000000 ) ) ;
#93 = AXIS2_PLACEMENT_3D ( 'NONE', #2918, #6789, #8255 ) ;
#94 = PLANE ( 'NONE',  #12325 ) ;
#95 = DIRECTION ( 'NONE',  ( -1.000000000000000000, 0.000000000000000000, 0.000000000000000000 ) ) ;
#96 = DIRECTION ( 'NONE',  ( 0.8660254037844383745, -0.5000000000000003331, 0.000000000000000000 ) ) ;
#97 = ORIENTED_EDGE ( 'NONE', *, *, #1692, .F. ) ;
#98 = DIRECTION ( 'NONE',  ( 0.000000000000000000, 0.000000000000000000, -1.000000000000000000 ) ) ;
#99 = VECTOR ( 'NONE', #8216, 1000.000000000000000 ) ;
#100 = VERTEX_POINT ( 'NONE', #3505 ) ;
#101 = CARTESIAN_POINT ( 'NONE',  ( 23.54999999999997584, 23.99407982849027832, 0.4500000000000000111 ) ) ;
#102 = APPROVAL_PERSON_ORGANIZATION ( #3002, #10609, #4775 ) ;
#103 = DIRECTION ( 'NONE',  ( -9.614813431917789401E-15, 1.000000000000000000, 0.000000000000000000 ) ) ;
#104 = ORIENTED_EDGE ( 'NONE', *, *, #8826, .T. ) ;
#105 = CARTESIAN_POINT ( 'NONE',  ( 34.69999999999998153, 20.44337567297409208, 0.4500000000000000111 ) ) ;
#106 = ORIENTED_EDGE ( 'NONE', *, *, #2839, .F. ) ;
#107 = ADVANCED_FACE ( 'NONE', ( #10241 ), #8279, .T. ) ;
#108 = VECTOR ( 'NONE', #7323, 1000.000000000000000 ) ;
#109 = CARTESIAN_POINT ( 'NONE',  ( -16.54999999999999716, 20.41450815951458608, 0.4500000000000000111 ) ) ;
#110 = DIRECTION ( 'NONE',  ( 1.000000000000000000, 0.000000000000000000, 0.000000000000000000 ) ) ;
#111 = LINE ( 'NONE', #11737, #9592 ) ;
#112 = PLANE ( 'NONE',  #5419 ) ;
#113 = CARTESIAN_POINT ( 'NONE',  ( -21.49999999999999289, 23.27239199200323583, 0.000000000000000000 ) ) ;
#114 = LINE ( 'NONE', #9834, #12085 ) ;
#115 = ORIENTED_EDGE ( 'NONE', *, *, #11423, .F. ) ;
#116 = ORIENTED_EDGE ( 'NONE', *, *, #2555, .T. ) ;
#117 = ORIENTED_EDGE ( 'NONE', *, *, #6996, .F. ) ;
#118 = EDGE_CURVE ( 'NONE', #8148, #2221, #11258, .T. ) ;
#119 = AXIS2_PLACEMENT_3D ( 'NONE', #556, #7408, #5374 ) ;
#120 = LINE ( 'NONE', #3993, #7687 ) ;
#121 = AXIS2_PLACEMENT_3D ( 'NONE', #2594, #10280, #1588 ) ;
#122 = ORIENTED_EDGE ( 'NONE', *, *, #7040, .T. ) ;
#123 = VECTOR ( 'NONE', #3523, 1000.000000000000000 ) ;
#124 = EDGE_CURVE ( 'NONE', #8916, #1392, #11322, .T. ) ;
#125 = ORIENTED_EDGE ( 'NONE', *, *, #1076, .F. ) ;
#126 = VERTEX_POINT ( 'NONE', #4325 ) ;
#127 = ADVANCED_FACE ( 'NONE', ( #5474 ), #9361, .T. ) ;
#128 = DIRECTION ( 'NONE',  ( 0.8660254037844383745, 0.5000000000000003331, 0.000000000000000000 ) ) ;
#129 = CARTESIAN_POINT ( 'NONE',  ( -32.99999999999999289, 18.00000000000000355, 0.4500000000000000111 ) ) ;
#130 = AXIS2_PLACEMENT_3D ( 'NONE', #5872, #4854, #7909 ) ;
#131 = DIRECTION ( 'NONE',  ( -0.8660254037844394848, -0.4999999999999985012, 0.000000000000000000 ) ) ;
#132 = PLANE ( 'NONE',  #1547 ) ;
#133 = ORIENTED_EDGE ( 'NONE', *, *, #2418, .F. ) ;
#134 = FACE_OUTER_BOUND ( 'NONE', #10512, .T. ) ;
#135 = CARTESIAN_POINT ( 'NONE',  ( 35.95000000000000995, 19.72168783648704604, 0.000000000000000000 ) ) ;
#136 = VERTEX_POINT ( 'NONE', #12147 ) ;
#137 = EDGE_CURVE ( 'NONE', #6092, #6769, #653, .T. ) ;
#138 = ORIENTED_EDGE ( 'NONE', *, *, #6858, .F. ) ;
#139 = DIRECTION ( 'NONE',  ( 0.000000000000000000, 0.000000000000000000, -1.000000000000000000 ) ) ;
#140 = DIRECTION ( 'NONE',  ( 0.8660254037844393737, 0.4999999999999985012, 0.000000000000000000 ) ) ;
#141 = CARTESIAN_POINT ( 'NONE',  ( -26.44999999999999218, 20.41450815951459319, 0.000000000000000000 ) ) ;
#142 = CARTESIAN_POINT ( 'NONE',  ( 19.45000000000000284, 18.27831216351297172, 0.4500000000000000111 ) ) ;
#143 = DIRECTION ( 'NONE',  ( -0.8660254037844394848, -0.4999999999999985012, 0.000000000000000000 ) ) ;
#144 = EDGE_CURVE ( 'NONE', #6366, #11005, #9543, .T. ) ;
#145 = EDGE_LOOP ( 'NONE', ( #1347, #3378, #12197, #9951 ) ) ;
#146 = EDGE_CURVE ( 'NONE', #3886, #3782, #10557, .T. ) ;
#147 = AXIS2_PLACEMENT_3D ( 'NONE', #8565, #7860, #5758 ) ;
#148 = CARTESIAN_POINT ( 'NONE',  ( 32.99999999999999289, 22.00000000000000355, 0.000000000000000000 ) ) ;
#149 = LINE ( 'NONE', #4018, #5110 ) ;
#150 = ORIENTED_EDGE ( 'NONE', *, *, #12075, .F. ) ;
#151 = FACE_OUTER_BOUND ( 'NONE', #10948, .T. ) ;
#152 = ORIENTED_EDGE ( 'NONE', *, *, #6356, .F. ) ;
#153 = EDGE_CURVE ( 'NONE', #9918, #8997, #9664, .T. ) ;
#154 = VERTEX_POINT ( 'NONE', #11444 ) ;
#155 = LINE ( 'NONE', #4086, #4539 ) ;
#156 = VECTOR ( 'NONE', #11079, 1000.000000000000000 ) ;
#157 = DIRECTION ( 'NONE',  ( -9.614813431917789401E-15, 1.000000000000000000, 0.000000000000000000 ) ) ;
#158 = EDGE_LOOP ( 'NONE', ( #9555, #4785, #11087, #2606, #10736, #6227 ) ) ;
#159 = EDGE_CURVE ( 'NONE', #11167, #3583, #5780, .T. ) ;
#160 = EDGE_CURVE ( 'NONE', #4280, #12224, #1916, .T. ) ;
#161 = EDGE_CURVE ( 'NONE', #12119, #6800, #1856, .T. ) ;
#162 = CARTESIAN_POINT ( 'NONE',  ( -8.300000000000002487, 23.27239199200323228, 0.000000000000000000 ) ) ;
#163 = VECTOR ( 'NONE', #6193, 1000.000000000000114 ) ;
#164 = LINE ( 'NONE', #4154, #5629 ) ;
#165 = CARTESIAN_POINT ( 'NONE',  ( 19.84999999999999787, 20.41450815951458964, 0.000000000000000000 ) ) ;
#166 = CARTESIAN_POINT ( 'NONE',  ( 33.44999999999998153, 19.72168783648705670, 0.000000000000000000 ) ) ;
#167 = ORIENTED_EDGE ( 'NONE', *, *, #2523, .T. ) ;
#168 = CARTESIAN_POINT ( 'NONE',  ( -34.13803623537167908, 25.83469340716843377, 0.4500000000000000111 ) ) ;
#169 = ORIENTED_EDGE ( 'NONE', *, *, #8705, .T. ) ;
#170 = LINE ( 'NONE', #5344, #8017 ) ;
#171 = EDGE_CURVE ( 'NONE', #5184, #2493, #12399, .T. ) ;
#172 = FACE_OUTER_BOUND ( 'NONE', #5628, .T. ) ;
#173 = ORIENTED_EDGE ( 'NONE', *, *, #159, .F. ) ;
#174 = EDGE_CURVE ( 'NONE', #7709, #4340, #7633, .T. ) ;
#175 = LINE ( 'NONE', #7976, #2759 ) ;
#176 = EDGE_LOOP ( 'NONE', ( #8936, #10260, #9360, #12334 ) ) ;
#177 = AXIS2_PLACEMENT_3D ( 'NONE', #10220, #8263, #2667 ) ;
#178 = CARTESIAN_POINT ( 'NONE',  ( 20.24999999999998224, 19.72168783648705315, 0.4500000000000000111 ) ) ;
#179 = DIRECTION ( 'NONE',  ( 0.8660254037844394848, 0.4999999999999984457, 0.000000000000000000 ) ) ;
#180 = EDGE_CURVE ( 'NONE', #10150, #6634, #4830, .T. ) ;
#181 = DIRECTION ( 'NONE',  ( 0.000000000000000000, 0.000000000000000000, -1.000000000000000000 ) ) ;
#182 = LINE ( 'NONE', #11034, #8876 ) ;
#183 = DIRECTION ( 'NONE',  ( -0.8660254037844394848, -0.4999999999999985012, 0.000000000000000000 ) ) ;
#184 = EDGE_CURVE ( 'NONE', #7796, #11941, #5716, .T. ) ;
#185 = LINE ( 'NONE', #10719, #6416 ) ;
#186 = EDGE_LOOP ( 'NONE', ( #7673, #8654, #8523, #7718 ) ) ;
#187 = ORIENTED_EDGE ( 'NONE', *, *, #1379, .F. ) ;
#188 = ORIENTED_EDGE ( 'NONE', *, *, #5407, .F. ) ;
#189 = CARTESIAN_POINT ( 'NONE',  ( 11.20000000000001883, 22.57957166897568513, 0.000000000000000000 ) ) ;
#190 = AXIS2_PLACEMENT_3D ( 'NONE', #5378, #1387, #9267 ) ;
#191 = ORIENTED_EDGE ( 'NONE', *, *, #11572, .T. ) ;
#192 = ORIENTED_EDGE ( 'NONE', *, *, #9159, .T. ) ;
#193 = VERTEX_POINT ( 'NONE', #2926 ) ;
#194 = FACE_OUTER_BOUND ( 'NONE', #8543, .T. ) ;
#195 = CARTESIAN_POINT ( 'NONE',  ( 10.34999999999998721, 18.27831216351297527, 0.000000000000000000 ) ) ;
#196 = EDGE_CURVE ( 'NONE', #6754, #5583, #6799, .T. ) ;
#197 = DIRECTION ( 'NONE',  ( -0.000000000000000000, -0.000000000000000000, -1.000000000000000000 ) ) ;
#198 = AXIS2_PLACEMENT_3D ( 'NONE', #3649, #1627, #7462 ) ;
#199 = DIRECTION ( 'NONE',  ( 0.000000000000000000, 0.000000000000000000, -1.000000000000000000 ) ) ;
#200 = VERTEX_POINT ( 'NONE', #2678 ) ;
#201 = CARTESIAN_POINT ( 'NONE',  ( 31.67564434701789722, 25.99999999999999645, 0.4500000000000000111 ) ) ;
#202 = CARTESIAN_POINT ( 'NONE',  ( 13.64999999999998082, 25.43745550146434553, 0.000000000000000000 ) ) ;
#203 = ORIENTED_EDGE ( 'NONE', *, *, #11529, .T. ) ;
#204 = ORIENTED_EDGE ( 'NONE', *, *, #2483, .F. ) ;
#205 = CARTESIAN_POINT ( 'NONE',  ( -13.24999999999998757, 23.30125950546273117, 0.000000000000000000 ) ) ;
#206 = LINE ( 'NONE', #3058, #5418 ) ;
#207 = AXIS2_PLACEMENT_3D ( 'NONE', #6549, #1669, #6300 ) ;
#208 = LINE ( 'NONE', #6867, #12474 ) ;
#209 = EDGE_CURVE ( 'NONE', #2242, #247, #6552, .T. ) ;
#210 = CARTESIAN_POINT ( 'NONE',  ( -20.24999999999998224, 19.72168783648705315, 0.000000000000000000 ) ) ;
#211 = EDGE_CURVE ( 'NONE', #1385, #1888, #10497, .T. ) ;
#212 = DIRECTION ( 'NONE',  ( 0.000000000000000000, 0.000000000000000000, -1.000000000000000000 ) ) ;
#213 = ORIENTED_EDGE ( 'NONE', *, *, #11721, .T. ) ;
#214 = DIRECTION ( 'NONE',  ( 0.000000000000000000, 0.000000000000000000, -1.000000000000000000 ) ) ;
#215 = DIRECTION ( 'NONE',  ( -0.8660254037844394848, 0.4999999999999984457, 0.000000000000000000 ) ) ;
#216 = EDGE_LOOP ( 'NONE', ( #11394, #10477, #10396, #11410 ) ) ;
#217 = PLANE ( 'NONE',  #10741 ) ;
#218 = VECTOR ( 'NONE', #6519, 1000.000000000000000 ) ;
#219 = ORIENTED_EDGE ( 'NONE', *, *, #11292, .T. ) ;
#220 = ORIENTED_EDGE ( 'NONE', *, *, #10406, .F. ) ;
#221 = ORIENTED_EDGE ( 'NONE', *, *, #1477, .F. ) ;
#222 = CARTESIAN_POINT ( 'NONE',  ( -20.24999999999998224, 19.72168783648705315, 0.4500000000000000111 ) ) ;
#223 = ADVANCED_FACE ( 'NONE', ( #782 ), #12522, .T. ) ;
#224 = DIRECTION ( 'NONE',  ( 0.000000000000000000, 0.000000000000000000, -1.000000000000000000 ) ) ;
#225 = ORIENTED_EDGE ( 'NONE', *, *, #10771, .F. ) ;
#226 = PLANE ( 'NONE',  #12068 ) ;
#227 = CIRCLE ( 'NONE', #8719, 3.999999999999996447 ) ;
#228 = PLANE ( 'NONE',  #6845 ) ;
#229 = EDGE_CURVE ( 'NONE', #10354, #4627, #2869, .T. ) ;
#230 = LINE ( 'NONE', #7023, #1847 ) ;
#231 = EDGE_CURVE ( 'NONE', #8515, #7912, #3760, .T. ) ;
#232 = LINE ( 'NONE', #3392, #11691 ) ;
#233 = ORIENTED_EDGE ( 'NONE', *, *, #598, .F. ) ;
#234 = CARTESIAN_POINT ( 'NONE',  ( -26.84999999999997300, 18.27831216351298238, 0.4500000000000000111 ) ) ;
#235 = ORIENTED_EDGE ( 'NONE', *, *, #6580, .F. ) ;
#236 = ADVANCED_FACE ( 'NONE', ( #11174 ), #4498, .T. ) ;
#237 = CARTESIAN_POINT ( 'NONE',  ( 33.44999999999996732, 25.43745550146435974, 0.4500000000000000111 ) ) ;
#238 = VERTEX_POINT ( 'NONE', #4561 ) ;
#239 = LINE ( 'NONE', #7917, #12483 ) ;
#240 = ORIENTED_EDGE ( 'NONE', *, *, #4304, .T. ) ;
#241 = PLANE ( 'NONE',  #8362 ) ;
#242 = CARTESIAN_POINT ( 'NONE',  ( -16.54999999999999716, 20.41450815951458608, 0.4500000000000000111 ) ) ;
#243 = CARTESIAN_POINT ( 'NONE',  ( 32.99999999999999289, 25.99999999999999645, 0.4500000000000000111 ) ) ;
#244 = LINE ( 'NONE', #4108, #9894 ) ;
#245 = LINE ( 'NONE', #3160, #12178 ) ;
#246 = DIRECTION ( 'NONE',  ( 0.8660254037844387076, 0.4999999999999997224, 0.000000000000000000 ) ) ;
#247 = VERTEX_POINT ( 'NONE', #3543 ) ;
#248 = EDGE_CURVE ( 'NONE', #7307, #8969, #12377, .T. ) ;
#249 = ORIENTED_EDGE ( 'NONE', *, *, #1692, .T. ) ;
#250 = VECTOR ( 'NONE', #5508, 1000.000000000000114 ) ;
#251 = CARTESIAN_POINT ( 'NONE',  ( 23.14999999999999503, 20.41450815951458608, 0.000000000000000000 ) ) ;
#252 = ORIENTED_EDGE ( 'NONE', *, *, #7297, .F. ) ;
#253 = ORIENTED_EDGE ( 'NONE', *, *, #10507, .T. ) ;
#254 = ORIENTED_EDGE ( 'NONE', *, *, #3481, .T. ) ;
#255 = DIRECTION ( 'NONE',  ( 0.8660254037844393737, 0.4999999999999985012, 0.000000000000000000 ) ) ;
#256 = PLANE ( 'NONE',  #900 ) ;
#257 = AXIS2_PLACEMENT_3D ( 'NONE', #6201, #6018, #294 ) ;
#258 = DIRECTION ( 'NONE',  ( -0.8660254037844383745, 0.5000000000000003331, 0.000000000000000000 ) ) ;
#259 = DIRECTION ( 'NONE',  ( 0.8660254037844394848, -0.4999999999999985012, 0.000000000000000000 ) ) ;
#260 = ORIENTED_EDGE ( 'NONE', *, *, #10486, .F. ) ;
#261 = PLANE ( 'NONE',  #8325 ) ;
#262 = FACE_OUTER_BOUND ( 'NONE', #2193, .T. ) ;
#263 = VERTEX_POINT ( 'NONE', #12189 ) ;
#264 = VECTOR ( 'NONE', #9503, 1000.000000000000000 ) ;
#265 = ORIENTED_EDGE ( 'NONE', *, *, #5993, .T. ) ;
#266 = CARTESIAN_POINT ( 'NONE',  ( 32.99999999999999289, 18.00000000000000355, 0.4500000000000000111 ) ) ;
#267 = CARTESIAN_POINT ( 'NONE',  ( 28.86794919243110158, 18.00000000000000355, 0.000000000000000000 ) ) ;
#268 = CARTESIAN_POINT ( 'NONE',  ( -35.94999999999999574, 18.27831216351297527, 0.4500000000000000111 ) ) ;
#269 = DIRECTION ( 'NONE',  ( 0.000000000000000000, 0.000000000000000000, -1.000000000000000000 ) ) ;
#270 = CARTESIAN_POINT ( 'NONE',  ( -21.49999999999997868, 26.15914333795138447, 0.4500000000000000111 ) ) ;
#271 = ORIENTED_EDGE ( 'NONE', *, *, #2421, .F. ) ;
#272 = CARTESIAN_POINT ( 'NONE',  ( -16.54999999999999005, 23.30125950546273828, 0.4500000000000000111 ) ) ;
#273 = PLANE ( 'NONE',  #2072 ) ;
#274 = CARTESIAN_POINT ( 'NONE',  ( 32.64999999999999147, 18.27831216351297527, 0.000000000000000000 ) ) ;
#275 = ORIENTED_EDGE ( 'NONE', *, *, #1128, .T. ) ;
#276 = EDGE_LOOP ( 'NONE', ( #4430, #10596, #12067, #8889 ) ) ;
#277 = ADVANCED_FACE ( 'NONE', ( #12251 ), #7423, .T. ) ;
#278 = ORIENTED_EDGE ( 'NONE', *, *, #5803, .T. ) ;
#279 = CARTESIAN_POINT ( 'NONE',  ( -7.900000000000007461, 21.13619599600161436, 0.4500000000000000111 ) ) ;
#280 = CARTESIAN_POINT ( 'NONE',  ( -9.550000000000007816, 18.27831216351296462, 0.4500000000000000111 ) ) ;
#281 = ORIENTED_EDGE ( 'NONE', *, *, #8820, .T. ) ;
#282 = CARTESIAN_POINT ( 'NONE',  ( -22.75000000000000711, 25.43745550146433487, 0.4500000000000000111 ) ) ;
#283 = VECTOR ( 'NONE', #9152, 1000.000000000000000 ) ;
#284 = EDGE_CURVE ( 'NONE', #4583, #1392, #10347, .T. ) ;
#285 = CARTESIAN_POINT ( 'NONE',  ( 15.66794919243112361, 18.00000000000000355, 0.000000000000000000 ) ) ;
#286 = DIRECTION ( 'NONE',  ( -1.000000000000000000, 0.000000000000000000, 0.000000000000000000 ) ) ;
#287 = PRODUCT_DEFINITION ( 'UNKNOWN', '', #3150, #12284 ) ;
#288 = DIRECTION ( 'NONE',  ( 0.8660254037844383745, -0.5000000000000003331, 0.000000000000000000 ) ) ;
#289 = ORIENTED_EDGE ( 'NONE', *, *, #1698, .F. ) ;
#290 = DIRECTION ( 'NONE',  ( -0.8660254037844388186, -0.4999999999999997224, 0.000000000000000000 ) ) ;
#291 = ORIENTED_EDGE ( 'NONE', *, *, #8247, .F. ) ;
#292 = AXIS2_PLACEMENT_3D ( 'NONE', #8587, #3574, #1858 ) ;
#293 = EDGE_CURVE ( 'NONE', #4816, #11551, #5515, .T. ) ;
#294 = DIRECTION ( 'NONE',  ( -0.8660254037844394848, 0.4999999999999984457, 0.000000000000000000 ) ) ;
#295 = ORIENTED_EDGE ( 'NONE', *, *, #7841, .T. ) ;
#296 = VECTOR ( 'NONE', #1666, 1000.000000000000000 ) ;
#297 = DIRECTION ( 'NONE',  ( 0.8660254037844387076, 0.4999999999999997224, 0.000000000000000000 ) ) ;
#298 = EDGE_LOOP ( 'NONE', ( #2006, #150, #9563, #8175 ) ) ;
#299 = PLANE ( 'NONE',  #10848 ) ;
#300 = DIRECTION ( 'NONE',  ( -1.000000000000000000, 0.000000000000000000, 0.000000000000000000 ) ) ;
#301 = DIRECTION ( 'NONE',  ( 0.000000000000000000, 0.000000000000000000, -1.000000000000000000 ) ) ;
#302 = FACE_OUTER_BOUND ( 'NONE', #11465, .T. ) ;
#303 = AXIS2_PLACEMENT_3D ( 'NONE', #6115, #1030, #4135 ) ;
#304 = EDGE_CURVE ( 'NONE', #2925, #33, #3670, .T. ) ;
#305 = CARTESIAN_POINT ( 'NONE',  ( 10.34999999999998721, 19.72168783648705315, 0.4500000000000000111 ) ) ;
#306 = VERTEX_POINT ( 'NONE', #6533 ) ;
#307 = EDGE_CURVE ( 'NONE', #11573, #3981, #12314, .T. ) ;
#308 = VERTEX_POINT ( 'NONE', #10213 ) ;
#309 = CARTESIAN_POINT ( 'NONE',  ( -32.99999999999999289, 22.00000000000000355, 0.000000000000000000 ) ) ;
#310 = ORIENTED_EDGE ( 'NONE', *, *, #11977, .F. ) ;
#311 = EDGE_LOOP ( 'NONE', ( #52, #10856, #1177, #6945 ) ) ;
#312 = VECTOR ( 'NONE', #2997, 1000.000000000000114 ) ;
#313 = VERTEX_POINT ( 'NONE', #9340 ) ;
#314 = ADVANCED_FACE ( 'NONE', ( #9203 ), #12129, .T. ) ;
#315 = FACE_OUTER_BOUND ( 'NONE', #4129, .T. ) ;
#316 = LINE ( 'NONE', #4062, #11049 ) ;
#317 = EDGE_CURVE ( 'NONE', #6769, #4313, #7299, .T. ) ;
#318 = FACE_BOUND ( 'NONE', #2938, .T. ) ;
#319 = DIRECTION ( 'NONE',  ( -0.8660254037844387076, 0.4999999999999997224, 0.000000000000000000 ) ) ;
#320 = PLANE ( 'NONE',  #10872 ) ;
#321 = ORIENTED_EDGE ( 'NONE', *, *, #7675, .F. ) ;
#322 = VECTOR ( 'NONE', #1983, 1000.000000000000000 ) ;
#323 = LINE ( 'NONE', #201, #5868 ) ;
#324 = VECTOR ( 'NONE', #9958, 1000.000000000000114 ) ;
#325 = CARTESIAN_POINT ( 'NONE',  ( 26.84999999999997300, 25.43745550146435619, 0.4500000000000000111 ) ) ;
#326 = EDGE_LOOP ( 'NONE', ( #644, #7748, #1082, #5815 ) ) ;
#327 = ORIENTED_EDGE ( 'NONE', *, *, #2198, .F. ) ;
#328 = VECTOR ( 'NONE', #1737, 1000.000000000000114 ) ;
#329 = CARTESIAN_POINT ( 'NONE',  ( 19.84999999999999787, 20.41450815951458964, 0.4500000000000000111 ) ) ;
#330 = AXIS2_PLACEMENT_3D ( 'NONE', #6090, #9127, #3161 ) ;
#331 = CARTESIAN_POINT ( 'NONE',  ( 29.74999999999997868, 23.30125950546274183, 0.4500000000000000111 ) ) ;
#332 = CARTESIAN_POINT ( 'NONE',  ( 8.699999999999986855, 21.13619599600162147, 0.4500000000000000111 ) ) ;
#333 = LINE ( 'NONE', #4318, #6362 ) ;
#334 = ORIENTED_EDGE ( 'NONE', *, *, #12255, .T. ) ;
#335 = EDGE_CURVE ( 'NONE', #4224, #1851, #573, .T. ) ;
#336 = DIRECTION ( 'NONE',  ( -1.000000000000000000, 0.000000000000000000, 0.000000000000000000 ) ) ;
#337 = CARTESIAN_POINT ( 'NONE',  ( 9.205862518594861044, 18.07962429598546450, 0.4500000000000000111 ) ) ;
#338 = LINE ( 'NONE', #10888, #5262 ) ;
#339 = ORIENTED_EDGE ( 'NONE', *, *, #5738, .T. ) ;
#340 = ORIENTED_EDGE ( 'NONE', *, *, #5065, .T. ) ;
#341 = ORIENTED_EDGE ( 'NONE', *, *, #5881, .T. ) ;
#342 = DIRECTION ( 'NONE',  ( 1.000000000000000000, 9.614813431917789401E-15, 0.000000000000000000 ) ) ;
#343 = DIRECTION ( 'NONE',  ( 1.000000000000000000, 0.000000000000000000, 0.000000000000000000 ) ) ;
#344 = ORIENTED_EDGE ( 'NONE', *, *, #10777, .T. ) ;
#345 = DIRECTION ( 'NONE',  ( -0.8660254037844393737, 0.4999999999999985012, 0.000000000000000000 ) ) ;
#346 = EDGE_CURVE ( 'NONE', #7291, #6529, #6472, .T. ) ;
#347 = CARTESIAN_POINT ( 'NONE',  ( -6.649999999999992362, 23.30125950546273117, 0.4500000000000000111 ) ) ;
#348 = DIRECTION ( 'NONE',  ( 0.000000000000000000, 0.000000000000000000, -1.000000000000000000 ) ) ;
#349 = DIRECTION ( 'NONE',  ( 0.000000000000000000, 0.000000000000000000, -1.000000000000000000 ) ) ;
#350 = ORIENTED_EDGE ( 'NONE', *, *, #6807, .T. ) ;
#351 = CARTESIAN_POINT ( 'NONE',  ( -32.99999999999999289, 25.99999999999999645, 0.000000000000000000 ) ) ;
#352 = ORIENTED_EDGE ( 'NONE', *, *, #9667, .T. ) ;
#353 = VECTOR ( 'NONE', #224, 1000.000000000000000 ) ;
#354 = AXIS2_PLACEMENT_3D ( 'NONE', #1637, #10196, #7343 ) ;
#355 = DIRECTION ( 'NONE',  ( 0.000000000000000000, 0.000000000000000000, -1.000000000000000000 ) ) ;
#356 = EDGE_LOOP ( 'NONE', ( #8890, #2307, #12323, #12102 ) ) ;
#357 = CARTESIAN_POINT ( 'NONE',  ( -14.13205080756888066, 18.00000000000000355, 0.000000000000000000 ) ) ;
#358 = EDGE_LOOP ( 'NONE', ( #11830, #6725, #11161, #12340 ) ) ;
#359 = ADVANCED_FACE ( 'NONE', ( #1653 ), #9402, .T. ) ;
#360 = AXIS2_PLACEMENT_3D ( 'NONE', #3457, #8297, #2385 ) ;
#361 = CARTESIAN_POINT ( 'NONE',  ( -25.07564434701789935, 25.99999999999999645, 0.000000000000000000 ) ) ;
#362 = CARTESIAN_POINT ( 'NONE',  ( -29.74999999999997868, 23.30125950546274183, 0.000000000000000000 ) ) ;
#363 = LINE ( 'NONE', #1322, #7916 ) ;
#364 = PLANE ( 'NONE',  #11283 ) ;
#365 = EDGE_LOOP ( 'NONE', ( #8680, #3710, #12395, #11294 ) ) ;
#366 = ORIENTED_EDGE ( 'NONE', *, *, #4566, .T. ) ;
#367 = CARTESIAN_POINT ( 'NONE',  ( 20.73205080756887853, 18.00000000000000355, 0.000000000000000000 ) ) ;
#368 = ORIENTED_EDGE ( 'NONE', *, *, #1318, .T. ) ;
#369 = ORIENTED_EDGE ( 'NONE', *, *, #603, .F. ) ;
#370 = VECTOR ( 'NONE', #8071, 1000.000000000000000 ) ;
#371 = EDGE_CURVE ( 'NONE', #3209, #35, #4439, .T. ) ;
#372 = ORIENTED_EDGE ( 'NONE', *, *, #2632, .T. ) ;
#373 = EDGE_CURVE ( 'NONE', #2825, #2233, #1715, .T. ) ;
#374 = CARTESIAN_POINT ( 'NONE',  ( 7.049999999999986500, 23.99407982849027121, 0.4500000000000000111 ) ) ;
#375 = FACE_OUTER_BOUND ( 'NONE', #10322, .T. ) ;
#376 = FACE_BOUND ( 'NONE', #9509, .T. ) ;
#377 = CARTESIAN_POINT ( 'NONE',  ( -11.99999999999998401, 21.13619599600162502, 0.4500000000000000111 ) ) ;
#378 = EDGE_CURVE ( 'NONE', #5279, #936, #7546, .T. ) ;
#379 = CARTESIAN_POINT ( 'NONE',  ( -11.87564434701789118, 25.99999999999999645, 0.000000000000000000 ) ) ;
#380 = ORIENTED_EDGE ( 'NONE', *, *, #3511, .T. ) ;
#381 = VECTOR ( 'NONE', #1329, 1000.000000000000000 ) ;
#382 = CARTESIAN_POINT ( 'NONE',  ( -10.34999999999998366, 25.43745550146434553, 0.4500000000000000111 ) ) ;
#383 = ADVANCED_FACE ( 'NONE', ( #2720 ), #6598, .T. ) ;
#384 = DIRECTION ( 'NONE',  ( 0.000000000000000000, 0.000000000000000000, -1.000000000000000000 ) ) ;
#385 = ORIENTED_EDGE ( 'NONE', *, *, #3684, .T. ) ;
#386 = EDGE_CURVE ( 'NONE', #1266, #10707, #11609, .T. ) ;
#387 = ORIENTED_EDGE ( 'NONE', *, *, #977, .F. ) ;
#388 = LINE ( 'NONE', #1537, #12249 ) ;
#389 = LINE ( 'NONE', #10297, #738 ) ;
#390 = AXIS2_PLACEMENT_3D ( 'NONE', #5550, #3518, #6633 ) ;
#391 = DIRECTION ( 'NONE',  ( -9.614813431917789401E-15, -1.000000000000000000, 0.000000000000000000 ) ) ;
#392 = LINE ( 'NONE', #5278, #5186 ) ;
#393 = EDGE_LOOP ( 'NONE', ( #9671, #4081, #7324, #897 ) ) ;
#394 = DIRECTION ( 'NONE',  ( 0.000000000000000000, 0.000000000000000000, 1.000000000000000000 ) ) ;
#395 = FACE_OUTER_BOUND ( 'NONE', #6898, .T. ) ;
#396 = EDGE_CURVE ( 'NONE', #2925, #8613, #9769, .T. ) ;
#397 = VECTOR ( 'NONE', #1414, 1000.000000000000000 ) ;
#398 = ORIENTED_EDGE ( 'NONE', *, *, #6351, .F. ) ;
#399 = ORIENTED_EDGE ( 'NONE', *, *, #5652, .T. ) ;
#400 = FACE_OUTER_BOUND ( 'NONE', #7107, .T. ) ;
#401 = VECTOR ( 'NONE', #1607, 1000.000000000000000 ) ;
#402 = ORIENTED_EDGE ( 'NONE', *, *, #1315, .T. ) ;
#403 = DIRECTION ( 'NONE',  ( 1.000000000000000000, 0.000000000000000000, 0.000000000000000000 ) ) ;
#404 = LINE ( 'NONE', #4398, #7857 ) ;
#405 = VERTEX_POINT ( 'NONE', #2972 ) ;
#406 = EDGE_CURVE ( 'NONE', #5583, #1570, #8628, .T. ) ;
#407 = DIRECTION ( 'NONE',  ( -0.8660254037844388186, -0.4999999999999997224, 0.000000000000000000 ) ) ;
#408 = ADVANCED_FACE ( 'NONE', ( #7790 ), #1063, .T. ) ;
#409 = AXIS2_PLACEMENT_3D ( 'NONE', #2960, #9817, #11596 ) ;
#410 = CARTESIAN_POINT ( 'NONE',  ( 32.99999999999999289, 18.00000000000000355, 0.4500000000000000111 ) ) ;
#411 = CARTESIAN_POINT ( 'NONE',  ( 10.83205080756887639, 18.00000000000000355, 0.000000000000000000 ) ) ;
#412 = PLANE ( 'NONE',  #4383 ) ;
#413 = ORIENTED_EDGE ( 'NONE', *, *, #6514, .T. ) ;
#414 = CARTESIAN_POINT ( 'NONE',  ( 24.79999999999999361, 23.27239199200323938, 0.000000000000000000 ) ) ;
#415 = ORIENTED_EDGE ( 'NONE', *, *, #8685, .F. ) ;
#416 = FACE_OUTER_BOUND ( 'NONE', #7651, .T. ) ;
#417 = VERTEX_POINT ( 'NONE', #9582 ) ;
#418 = VECTOR ( 'NONE', #183, 1000.000000000000000 ) ;
#419 = DIRECTION ( 'NONE',  ( 0.000000000000000000, -1.000000000000000000, 0.000000000000000000 ) ) ;
#420 = EDGE_LOOP ( 'NONE', ( #623, #2093, #11321, #173 ) ) ;
#421 = CARTESIAN_POINT ( 'NONE',  ( -21.49999999999998579, 20.44337567297409208, 0.4500000000000000111 ) ) ;
#422 = LINE ( 'NONE', #10781, #11510 ) ;
#423 = CARTESIAN_POINT ( 'NONE',  ( 33.44999999999998153, 19.72168783648705670, 0.4500000000000000111 ) ) ;
#424 = CARTESIAN_POINT ( 'NONE',  ( 32.65000000000000568, 25.43745550146434198, 0.000000000000000000 ) ) ;
#425 = ORIENTED_EDGE ( 'NONE', *, *, #5008, .F. ) ;
#426 = VECTOR ( 'NONE', #12097, 1000.000000000000000 ) ;
#427 = ORIENTED_EDGE ( 'NONE', *, *, #7826, .T. ) ;
#428 = LINE ( 'NONE', #3533, #9105 ) ;
#429 = ORIENTED_EDGE ( 'NONE', *, *, #7486, .F. ) ;
#430 = EDGE_CURVE ( 'NONE', #613, #1881, #6842, .T. ) ;
#431 = EDGE_CURVE ( 'NONE', #5719, #3679, #8752, .T. ) ;
#432 = ORIENTED_EDGE ( 'NONE', *, *, #9222, .F. ) ;
#433 = ORIENTED_EDGE ( 'NONE', *, *, #7926, .F. ) ;
#434 = LINE ( 'NONE', #2224, #3969 ) ;
#435 = DIRECTION ( 'NONE',  ( 0.4999999999999985567, 0.8660254037844394848, 0.000000000000000000 ) ) ;
#436 = PLANE ( 'NONE',  #7965 ) ;
#437 = DIRECTION ( 'NONE',  ( 0.4999999999999985012, 0.8660254037844395958, 0.000000000000000000 ) ) ;
#438 = DIRECTION ( 'NONE',  ( 0.000000000000000000, 0.000000000000000000, -1.000000000000000000 ) ) ;
#439 = VERTEX_POINT ( 'NONE', #2019 ) ;
#440 = FACE_OUTER_BOUND ( 'NONE', #9874, .T. ) ;
#441 = VERTEX_POINT ( 'NONE', #11676 ) ;
#442 = EDGE_CURVE ( 'NONE', #5940, #6980, #7610, .T. ) ;
#443 = DIRECTION ( 'NONE',  ( 0.8660254037844394848, -0.4999999999999985012, 0.000000000000000000 ) ) ;
#444 = ORIENTED_EDGE ( 'NONE', *, *, #196, .F. ) ;
#445 = ORIENTED_EDGE ( 'NONE', *, *, #371, .T. ) ;
#446 = VECTOR ( 'NONE', #5793, 1000.000000000000000 ) ;
#447 = ADVANCED_FACE ( 'NONE', ( #8816 ), #112, .T. ) ;
#448 = PLANE ( 'NONE',  #7179 ) ;
#449 = DIRECTION ( 'NONE',  ( 0.8660254037844387076, 0.4999999999999997224, 0.000000000000000000 ) ) ;
#450 = EDGE_CURVE ( 'NONE', #9843, #1420, #12435, .T. ) ;
#451 = CARTESIAN_POINT ( 'NONE',  ( 34.29999999999999005, 21.13619599600162502, 0.4500000000000000111 ) ) ;
#452 = EDGE_CURVE ( 'NONE', #2233, #11370, #1957, .T. ) ;
#453 = CARTESIAN_POINT ( 'NONE',  ( 30.14999999999997371, 18.27831216351298238, 0.4500000000000000111 ) ) ;
#454 = VERTEX_POINT ( 'NONE', #9522 ) ;
#455 = CARTESIAN_POINT ( 'NONE',  ( -9.550000000000018474, 25.43745550146433132, 0.4500000000000000111 ) ) ;
#456 = EDGE_CURVE ( 'NONE', #2967, #100, #4686, .T. ) ;
#457 = DIRECTION ( 'NONE',  ( -0.4999999999999985012, 0.8660254037844395958, 0.000000000000000000 ) ) ;
#458 = AXIS2_PLACEMENT_3D ( 'NONE', #4868, #5757, #6715 ) ;
#459 = VERTEX_POINT ( 'NONE', #10592 ) ;
#460 = DIRECTION ( 'NONE',  ( 1.000000000000000000, 0.000000000000000000, 0.000000000000000000 ) ) ;
#461 = LINE ( 'NONE', #9819, #5777 ) ;
#462 = ORIENTED_EDGE ( 'NONE', *, *, #2374, .F. ) ;
#463 = FACE_OUTER_BOUND ( 'NONE', #10412, .T. ) ;
#464 = DIRECTION ( 'NONE',  ( -0.000000000000000000, -0.000000000000000000, 1.000000000000000000 ) ) ;
#465 = CARTESIAN_POINT ( 'NONE',  ( 26.04999999999999716, 23.99407982849027121, 0.4500000000000000111 ) ) ;
#466 = EDGE_CURVE ( 'NONE', #6679, #11354, #3733, .T. ) ;
#467 = LINE ( 'NONE', #4996, #5354 ) ;
#468 = UNCERTAINTY_MEASURE_WITH_UNIT (LENGTH_MEASURE( 1.000000000000000082E-05 ), #6744, 'distance_accuracy_value', 'NONE');
#469 = CYLINDRICAL_SURFACE ( 'NONE', #962, 6.600000000000008527 ) ;
#470 = CARTESIAN_POINT ( 'NONE',  ( -9.205862518594861044, 18.07962429598546450, 0.4500000000000000111 ) ) ;
#471 = LINE ( 'NONE', #4279, #2766 ) ;
#472 = EDGE_LOOP ( 'NONE', ( #11992, #5134, #4434, #2875 ) ) ;
#473 = LINE ( 'NONE', #3394, #8509 ) ;
#474 = EDGE_LOOP ( 'NONE', ( #10813, #10801, #9191, #3474, #2648, #7106, #3046 ) ) ;
#475 = AXIS2_PLACEMENT_3D ( 'NONE', #776, #4636, #3683 ) ;
#476 = DIRECTION ( 'NONE',  ( -1.000000000000000000, 0.000000000000000000, 0.000000000000000000 ) ) ;
#477 = ORIENTED_EDGE ( 'NONE', *, *, #3745, .F. ) ;
#478 = LINE ( 'NONE', #8360, #11470 ) ;
#479 = VERTEX_POINT ( 'NONE', #6716 ) ;
#480 = VECTOR ( 'NONE', #2597, 1000.000000000000114 ) ;
#481 = DIRECTION ( 'NONE',  ( 0.4999999999999985012, 0.8660254037844395958, 0.000000000000000000 ) ) ;
#482 = EDGE_LOOP ( 'NONE', ( #1841, #9803, #7305, #1583, #1024, #1239, #6851 ) ) ;
#483 = LINE ( 'NONE', #11863, #7112 ) ;
#484 = DIRECTION ( 'NONE',  ( 0.000000000000000000, -0.000000000000000000, 1.000000000000000000 ) ) ;
#485 = ORIENTED_EDGE ( 'NONE', *, *, #6833, .T. ) ;
#486 = VECTOR ( 'NONE', #5288, 1000.000000000000000 ) ;
#487 = VERTEX_POINT ( 'NONE', #6658 ) ;
#488 = VECTOR ( 'NONE', #4046, 1000.000000000000000 ) ;
#489 = CARTESIAN_POINT ( 'NONE',  ( -31.79999999999996874, 21.13619599600163212, 0.000000000000000000 ) ) ;
#490 = ORIENTED_EDGE ( 'NONE', *, *, #692, .T. ) ;
#491 = LINE ( 'NONE', #7290, #11197 ) ;
#492 = ORIENTED_EDGE ( 'NONE', *, *, #7598, .F. ) ;
#493 = ORIENTED_EDGE ( 'NONE', *, *, #7959, .T. ) ;
#494 = VECTOR ( 'NONE', #12281, 1000.000000000000000 ) ;
#495 = DIRECTION ( 'NONE',  ( -0.8660254037844387076, 0.4999999999999997224, 0.000000000000000000 ) ) ;
#496 = CARTESIAN_POINT ( 'NONE',  ( 32.64999999999999147, 23.99407982849027476, 0.4500000000000000111 ) ) ;
#497 = DIRECTION ( 'NONE',  ( -1.000000000000000000, 0.000000000000000000, 0.000000000000000000 ) ) ;
#498 = CARTESIAN_POINT ( 'NONE',  ( -31.00000000000000711, 22.57957166897569223, 0.4500000000000000111 ) ) ;
#499 = VECTOR ( 'NONE', #3434, 1000.000000000000000 ) ;
#500 = DIRECTION ( 'NONE',  ( 0.000000000000000000, 0.000000000000000000, -1.000000000000000000 ) ) ;
#501 = EDGE_CURVE ( 'NONE', #2205, #7135, #10536, .T. ) ;
#502 = DIRECTION ( 'NONE',  ( 0.8660254037844394848, -0.4999999999999985012, 0.000000000000000000 ) ) ;
#503 = VERTEX_POINT ( 'NONE', #3803 ) ;
#504 = CARTESIAN_POINT ( 'NONE',  ( -30.14999999999997371, 25.43745550146435619, 0.000000000000000000 ) ) ;
#505 = ORIENTED_EDGE ( 'NONE', *, *, #826, .F. ) ;
#506 = VECTOR ( 'NONE', #9595, 1000.000000000000000 ) ;
#507 = LINE ( 'NONE', #9211, #6467 ) ;
#508 = VERTEX_POINT ( 'NONE', #7670 ) ;
#509 = VECTOR ( 'NONE', #4134, 1000.000000000000000 ) ;
#510 = ADVANCED_FACE ( 'NONE', ( #9642 ), #940, .T. ) ;
#511 = ORIENTED_EDGE ( 'NONE', *, *, #10226, .T. ) ;
#512 = VECTOR ( 'NONE', #3985, 1000.000000000000000 ) ;
#513 = DIRECTION ( 'NONE',  ( -1.000000000000000000, 0.000000000000000000, 0.000000000000000000 ) ) ;
#514 = DIRECTION ( 'NONE',  ( 0.8660254037844388186, -0.4999999999999997224, 0.000000000000000000 ) ) ;
#515 = DIRECTION ( 'NONE',  ( 0.000000000000000000, -1.000000000000000000, 0.000000000000000000 ) ) ;
#516 = DIRECTION ( 'NONE',  ( 0.000000000000000000, -1.000000000000000000, 0.000000000000000000 ) ) ;
#517 = VECTOR ( 'NONE', #11670, 1000.000000000000000 ) ;
#518 = ORIENTED_EDGE ( 'NONE', *, *, #2632, .F. ) ;
#519 = CARTESIAN_POINT ( 'NONE',  ( 21.49999999999998579, 20.44337567297409208, 0.4500000000000000111 ) ) ;
#520 = EDGE_CURVE ( 'NONE', #5258, #2340, #7730, .T. ) ;
#521 = LINE ( 'NONE', #5472, #9097 ) ;
#522 = AXIS2_PLACEMENT_3D ( 'NONE', #8477, #8414, #8289 ) ;
#523 = VERTEX_POINT ( 'NONE', #1002 ) ;
#524 = FACE_OUTER_BOUND ( 'NONE', #1918, .T. ) ;
#525 = VECTOR ( 'NONE', #11630, 1000.000000000000000 ) ;
#526 = CARTESIAN_POINT ( 'NONE',  ( -28.49999999999997158, 22.57957166897570644, 0.4500000000000000111 ) ) ;
#527 = AXIS2_PLACEMENT_3D ( 'NONE', #1838, #5455, #4501 ) ;
#528 = ORIENTED_EDGE ( 'NONE', *, *, #11779, .T. ) ;
#529 = CARTESIAN_POINT ( 'NONE',  ( -9.550000000000018474, 25.43745550146433132, 0.000000000000000000 ) ) ;
#530 = AXIS2_PLACEMENT_3D ( 'NONE', #9502, #5679, #9052 ) ;
#531 = LINE ( 'NONE', #12153, #12113 ) ;
#532 = EDGE_CURVE ( 'NONE', #1146, #12019, #4869, .T. ) ;
#533 = DIRECTION ( 'NONE',  ( 0.000000000000000000, 0.000000000000000000, -1.000000000000000000 ) ) ;
#534 = EDGE_CURVE ( 'NONE', #10133, #4901, #182, .T. ) ;
#535 = CARTESIAN_POINT ( 'NONE',  ( 30.14999999999997371, 19.72168783648705670, 0.000000000000000000 ) ) ;
#536 = DIRECTION ( 'NONE',  ( -0.4999999999999985567, 0.8660254037844394848, 0.000000000000000000 ) ) ;
#537 = VECTOR ( 'NONE', #10965, 1000.000000000000000 ) ;
#538 = LINE ( 'NONE', #11206, #1576 ) ;
#539 = CARTESIAN_POINT ( 'NONE',  ( -20.24999999999998224, 19.72168783648705315, 0.000000000000000000 ) ) ;
#540 = EDGE_CURVE ( 'NONE', #154, #7580, #2330, .T. ) ;
#541 = DIRECTION ( 'NONE',  ( -0.8660254037844387076, 0.4999999999999997224, 0.000000000000000000 ) ) ;
#542 = ORIENTED_EDGE ( 'NONE', *, *, #3084, .F. ) ;
#543 = CARTESIAN_POINT ( 'NONE',  ( -9.949999999999990408, 23.30125950546273117, 0.000000000000000000 ) ) ;
#544 = VERTEX_POINT ( 'NONE', #3159 ) ;
#545 = EDGE_CURVE ( 'NONE', #10192, #11745, #8111, .T. ) ;
#546 = ADVANCED_FACE ( 'NONE', ( #3278 ), #3094, .T. ) ;
#547 = ADVANCED_FACE ( 'NONE', ( #6211 ), #1381, .T. ) ;
#548 = CARTESIAN_POINT ( 'NONE',  ( -29.35000000000000853, 25.43745550146434198, 0.4500000000000000111 ) ) ;
#549 = ORIENTED_EDGE ( 'NONE', *, *, #29, .T. ) ;
#550 = LINE ( 'NONE', #4419, #923 ) ;
#551 = ORIENTED_EDGE ( 'NONE', *, *, #3000, .F. ) ;
#552 = DIRECTION ( 'NONE',  ( 0.5000000000000004441, -0.8660254037844384856, 0.000000000000000000 ) ) ;
#553 = EDGE_LOOP ( 'NONE', ( #334, #8486, #8042, #8452 ) ) ;
#554 = VECTOR ( 'NONE', #12253, 1000.000000000000000 ) ;
#555 = LINE ( 'NONE', #6643, #11164 ) ;
#556 = CARTESIAN_POINT ( 'NONE',  ( 8.699999999999986855, 21.13619599600162147, 0.4500000000000000111 ) ) ;
#557 = ORIENTED_EDGE ( 'NONE', *, *, #11445, .F. ) ;
#558 = VECTOR ( 'NONE', #10123, 1000.000000000000114 ) ;
#559 = AXIS2_PLACEMENT_3D ( 'NONE', #12557, #5822, #3860 ) ;
#560 = ORIENTED_EDGE ( 'NONE', *, *, #9532, .F. ) ;
#561 = CARTESIAN_POINT ( 'NONE',  ( 16.15000000000000568, 18.27831216351297172, 0.4500000000000000111 ) ) ;
#562 = ADVANCED_FACE ( 'NONE', ( #7922 ), #1320, .T. ) ;
#563 = ORIENTED_EDGE ( 'NONE', *, *, #12460, .F. ) ;
#564 = DIRECTION ( 'NONE',  ( 0.000000000000000000, -1.000000000000000000, 0.000000000000000000 ) ) ;
#565 = ORIENTED_EDGE ( 'NONE', *, *, #3676, .T. ) ;
#566 = ORIENTED_EDGE ( 'NONE', *, *, #7826, .F. ) ;
#567 = VECTOR ( 'NONE', #2448, 1000.000000000000000 ) ;
#568 = EDGE_CURVE ( 'NONE', #10553, #8406, #4999, .T. ) ;
#569 = CARTESIAN_POINT ( 'NONE',  ( -19.45000000000000284, 18.27831216351297172, 0.4500000000000000111 ) ) ;
#570 = EDGE_CURVE ( 'NONE', #6692, #11260, #244, .T. ) ;
#571 = CARTESIAN_POINT ( 'NONE',  ( 13.24999999999998757, 23.30125950546273117, 0.4500000000000000111 ) ) ;
#572 = CARTESIAN_POINT ( 'NONE',  ( 0.000000000000000000, 0.000000000000000000, 0.000000000000000000 ) ) ;
#573 = LINE ( 'NONE', #8445, #4332 ) ;
#574 = CARTESIAN_POINT ( 'NONE',  ( -31.39999999999997726, 26.15914333795139157, 0.000000000000000000 ) ) ;
#575 = DIRECTION ( 'NONE',  ( 1.000000000000000000, 0.000000000000000000, 0.000000000000000000 ) ) ;
#576 = VERTEX_POINT ( 'NONE', #8049 ) ;
#577 = LINE ( 'NONE', #5325, #9132 ) ;
#578 = ORIENTED_EDGE ( 'NONE', *, *, #10871, .T. ) ;
#579 = CARTESIAN_POINT ( 'NONE',  ( -34.29999999999999005, 21.13619599600162502, 0.4500000000000000111 ) ) ;
#580 = ORIENTED_EDGE ( 'NONE', *, *, #9694, .F. ) ;
#581 = ORIENTED_EDGE ( 'NONE', *, *, #10252, .T. ) ;
#582 = DIRECTION ( 'NONE',  ( -1.000000000000000000, 0.000000000000000000, 0.000000000000000000 ) ) ;
#583 = CARTESIAN_POINT ( 'NONE',  ( 8.299999999999993605, 20.44337567297408143, 0.000000000000000000 ) ) ;
#584 = CARTESIAN_POINT ( 'NONE',  ( 34.69999999999998153, 23.27239199200324649, 0.000000000000000000 ) ) ;
#585 = EDGE_CURVE ( 'NONE', #3554, #3381, #422, .T. ) ;
#586 = CARTESIAN_POINT ( 'NONE',  ( 32.64999999999999147, 18.27831216351297527, 0.4500000000000000111 ) ) ;
#587 = AXIS2_PLACEMENT_3D ( 'NONE', #579, #7491, #11239 ) ;
#588 = ORIENTED_EDGE ( 'NONE', *, *, #12222, .F. ) ;
#589 = CARTESIAN_POINT ( 'NONE',  ( -35.94999999999999574, 24.70138853184801775, 0.4500000000000000111 ) ) ;
#590 = FACE_OUTER_BOUND ( 'NONE', #1437, .T. ) ;
#591 = ORIENTED_EDGE ( 'NONE', *, *, #5282, .F. ) ;
#592 = PLANE ( 'NONE',  #9255 ) ;
#593 = CARTESIAN_POINT ( 'NONE',  ( 9.949999999999990408, 23.30125950546273117, 0.4500000000000000111 ) ) ;
#594 = VERTEX_POINT ( 'NONE', #8169 ) ;
#595 = VECTOR ( 'NONE', #6722, 1000.000000000000000 ) ;
#596 = FACE_OUTER_BOUND ( 'NONE', #11238, .T. ) ;
#597 = EDGE_CURVE ( 'NONE', #11786, #8134, #7982, .T. ) ;
#598 = EDGE_CURVE ( 'NONE', #1190, #2452, #2147, .T. ) ;
#599 = CARTESIAN_POINT ( 'NONE',  ( 9.949999999999990408, 23.30125950546273117, 0.000000000000000000 ) ) ;
#600 = DIRECTION ( 'NONE',  ( -1.000000000000000000, 9.614813431917789401E-15, 0.000000000000000000 ) ) ;
#601 = CARTESIAN_POINT ( 'NONE',  ( 19.84999999999999787, 20.41450815951458964, 0.4500000000000000111 ) ) ;
#602 = LINE ( 'NONE', #12218, #3141 ) ;
#603 = EDGE_CURVE ( 'NONE', #3469, #4767, #6025, .T. ) ;
#604 = CARTESIAN_POINT ( 'NONE',  ( 8.300000000000002487, 23.27239199200323228, 0.4500000000000000111 ) ) ;
#605 = VECTOR ( 'NONE', #3007, 1000.000000000000000 ) ;
#606 = LINE ( 'NONE', #9495, #4883 ) ;
#607 = CARTESIAN_POINT ( 'NONE',  ( -35.95000000000000995, 19.72168783648704604, 0.4500000000000000111 ) ) ;
#608 = ORIENTED_EDGE ( 'NONE', *, *, #6904, .T. ) ;
#609 = DIRECTION ( 'NONE',  ( 0.8660254037844383745, -0.5000000000000003331, 0.000000000000000000 ) ) ;
#610 = ORIENTED_EDGE ( 'NONE', *, *, #3016, .F. ) ;
#611 = EDGE_CURVE ( 'NONE', #4269, #12231, #12044, .T. ) ;
#612 = DIRECTION ( 'NONE',  ( 0.000000000000000000, -1.000000000000000000, 0.000000000000000000 ) ) ;
#613 = VERTEX_POINT ( 'NONE', #2213 ) ;
#614 = DIRECTION ( 'NONE',  ( -0.8660254037844383745, -0.5000000000000003331, 0.000000000000000000 ) ) ;
#615 = ORIENTED_EDGE ( 'NONE', *, *, #7888, .F. ) ;
#616 = EDGE_CURVE ( 'NONE', #10060, #6852, #3220, .T. ) ;
#617 = VECTOR ( 'NONE', #2413, 1000.000000000000000 ) ;
#618 = EDGE_CURVE ( 'NONE', #3469, #9527, #5128, .T. ) ;
#619 = LINE ( 'NONE', #5500, #12229 ) ;
#620 = ORIENTED_EDGE ( 'NONE', *, *, #8615, .F. ) ;
#621 = CARTESIAN_POINT ( 'NONE',  ( -7.049999999999990052, 19.29861146815199291, 0.4500000000000000111 ) ) ;
#622 = CARTESIAN_POINT ( 'NONE',  ( -25.56794919243110442, 18.00000000000000355, 0.4500000000000000111 ) ) ;
#623 = ORIENTED_EDGE ( 'NONE', *, *, #2840, .T. ) ;
#624 = ORIENTED_EDGE ( 'NONE', *, *, #5163, .T. ) ;
#625 = DIRECTION ( 'NONE',  ( -0.8660254037844394848, -0.4999999999999985012, 0.000000000000000000 ) ) ;
#626 = VECTOR ( 'NONE', #746, 1000.000000000000000 ) ;
#627 = ORIENTED_EDGE ( 'NONE', *, *, #6641, .T. ) ;
#628 = DIRECTION ( 'NONE',  ( 9.614813431917789401E-15, 1.000000000000000000, 0.000000000000000000 ) ) ;
#629 = ORIENTED_EDGE ( 'NONE', *, *, #2780, .T. ) ;
#630 = VERTEX_POINT ( 'NONE', #5946 ) ;
#631 = FACE_OUTER_BOUND ( 'NONE', #6925, .T. ) ;
#632 = CARTESIAN_POINT ( 'NONE',  ( 12.85000000000000142, 23.99407982849026411, 0.000000000000000000 ) ) ;
#633 = ADVANCED_FACE ( 'NONE', ( #9006 ), #11925, .T. ) ;
#634 = FACE_BOUND ( 'NONE', #12552, .T. ) ;
#635 = DIRECTION ( 'NONE',  ( -0.8660254037844383745, -0.5000000000000003331, 0.000000000000000000 ) ) ;
#636 = VECTOR ( 'NONE', #5357, 1000.000000000000114 ) ;
#637 = LINE ( 'NONE', #8630, #9621 ) ;
#638 = LINE ( 'NONE', #6660, #4578 ) ;
#639 = VERTEX_POINT ( 'NONE', #362 ) ;
#640 = ORIENTED_EDGE ( 'NONE', *, *, #1828, .T. ) ;
#641 = LINE ( 'NONE', #12258, #12541 ) ;
#642 = ORIENTED_EDGE ( 'NONE', *, *, #3106, .T. ) ;
#643 = ORIENTED_EDGE ( 'NONE', *, *, #9329, .F. ) ;
#644 = ORIENTED_EDGE ( 'NONE', *, *, #9349, .F. ) ;
#645 = LINE ( 'NONE', #9217, #7585 ) ;
#646 = DIRECTION ( 'NONE',  ( 0.000000000000000000, 0.000000000000000000, -1.000000000000000000 ) ) ;
#647 = CARTESIAN_POINT ( 'NONE',  ( -15.29999999999998295, 22.57957166897569934, 0.4500000000000000111 ) ) ;
#648 = DIRECTION ( 'NONE',  ( 0.000000000000000000, 0.000000000000000000, -1.000000000000000000 ) ) ;
#649 = ORIENTED_EDGE ( 'NONE', *, *, #317, .T. ) ;
#650 = DIRECTION ( 'NONE',  ( 0.8660254037844387076, 0.4999999999999997224, 0.000000000000000000 ) ) ;
#651 = DIRECTION ( 'NONE',  ( 0.8660254037844388186, -0.4999999999999997224, 0.000000000000000000 ) ) ;
#652 = ORIENTED_EDGE ( 'NONE', *, *, #2856, .F. ) ;
#653 = LINE ( 'NONE', #7692, #11892 ) ;
#654 = AXIS2_PLACEMENT_3D ( 'NONE', #6120, #4205, #215 ) ;
#655 = LINE ( 'NONE', #7447, #1332 ) ;
#656 = VECTOR ( 'NONE', #12310, 1000.000000000000000 ) ;
#657 = ORIENTED_EDGE ( 'NONE', *, *, #1709, .T. ) ;
#658 = PLANE ( 'NONE',  #11853 ) ;
#659 = DIRECTION ( 'NONE',  ( -0.8660254037844393737, 0.4999999999999985012, 0.000000000000000000 ) ) ;
#660 = DIRECTION ( 'NONE',  ( 1.000000000000000000, 0.000000000000000000, 0.000000000000000000 ) ) ;
#661 = PLANE ( 'NONE',  #6577 ) ;
#662 = DIRECTION ( 'NONE',  ( -0.8660254037844393737, -0.4999999999999985012, 0.000000000000000000 ) ) ;
#663 = AXIS2_PLACEMENT_3D ( 'NONE', #3212, #9954, #11028 ) ;
#664 = PLANE ( 'NONE',  #522 ) ;
#665 = FACE_OUTER_BOUND ( 'NONE', #6913, .T. ) ;
#666 = DIRECTION ( 'NONE',  ( 1.000000000000000000, 0.000000000000000000, 0.000000000000000000 ) ) ;
#667 = VERTEX_POINT ( 'NONE', #11621 ) ;
#668 = ADVANCED_FACE ( 'NONE', ( #9717 ), #1, .T. ) ;
#669 = DIRECTION ( 'NONE',  ( 0.8660254037844394848, -0.4999999999999985012, 0.000000000000000000 ) ) ;
#670 = ORIENTED_EDGE ( 'NONE', *, *, #6865, .T. ) ;
#671 = ADVANCED_FACE ( 'NONE', ( #1152 ), #5836, .T. ) ;
#672 = CARTESIAN_POINT ( 'NONE',  ( 16.94999999999998153, 23.99407982849027832, 0.4500000000000000111 ) ) ;
#673 = ORIENTED_EDGE ( 'NONE', *, *, #10792, .T. ) ;
#674 = VECTOR ( 'NONE', #1440, 1000.000000000000000 ) ;
#675 = CARTESIAN_POINT ( 'NONE',  ( -26.04999999999999716, 23.99407982849027121, 0.4500000000000000111 ) ) ;
#676 = ORIENTED_EDGE ( 'NONE', *, *, #10703, .T. ) ;
#677 = ADVANCED_FACE ( 'NONE', ( #5014 ), #8896, .T. ) ;
#678 = CARTESIAN_POINT ( 'NONE',  ( -22.75000000000001421, 19.72168783648704249, 0.4500000000000000111 ) ) ;
#679 = DIRECTION ( 'NONE',  ( -9.614813431917789401E-15, 1.000000000000000000, 0.000000000000000000 ) ) ;
#680 = FACE_OUTER_BOUND ( 'NONE', #12521, .T. ) ;
#681 = EDGE_LOOP ( 'NONE', ( #2396, #11808, #7869, #945, #8690, #7224 ) ) ;
#682 = ORIENTED_EDGE ( 'NONE', *, *, #5093, .T. ) ;
#683 = EDGE_CURVE ( 'NONE', #6275, #11107, #6788, .T. ) ;
#684 = PLANE ( 'NONE',  #4844 ) ;
#685 = ORIENTED_EDGE ( 'NONE', *, *, #10721, .F. ) ;
#686 = AXIS2_PLACEMENT_3D ( 'NONE', #9593, #6726, #952 ) ;
#687 = CARTESIAN_POINT ( 'NONE',  ( 11.59999999999999964, 23.27239199200323228, 0.4500000000000000111 ) ) ;
#688 = VERTEX_POINT ( 'NONE', #1967 ) ;
#689 = EDGE_LOOP ( 'NONE', ( #6661, #3105, #3079, #3252, #9179, #6587 ) ) ;
#690 = LINE ( 'NONE', #9518, #11684 ) ;
#691 = CARTESIAN_POINT ( 'NONE',  ( -12.85000000000000497, 18.27831216351296817, 0.000000000000000000 ) ) ;
#692 = EDGE_CURVE ( 'NONE', #3519, #4845, #8832, .T. ) ;
#693 = ADVANCED_FACE ( 'NONE', ( #194 ), #4884, .T. ) ;
#694 = AXIS2_PLACEMENT_3D ( 'NONE', #10893, #2194, #8987 ) ;
#695 = FACE_BOUND ( 'NONE', #2880, .T. ) ;
#696 = CARTESIAN_POINT ( 'NONE',  ( -27.82435565298205660, 25.99999999999999645, 0.4500000000000000111 ) ) ;
#697 = CARTESIAN_POINT ( 'NONE',  ( 32.99999999999999289, 25.99999999999999645, 0.4500000000000000111 ) ) ;
#698 = DIRECTION ( 'NONE',  ( -1.000000000000000000, 0.000000000000000000, 0.000000000000000000 ) ) ;
#699 = ORIENTED_EDGE ( 'NONE', *, *, #9632, .T. ) ;
#700 = VERTEX_POINT ( 'NONE', #6919 ) ;
#701 = DIRECTION ( 'NONE',  ( 0.000000000000000000, 0.000000000000000000, -1.000000000000000000 ) ) ;
#702 = ORIENTED_EDGE ( 'NONE', *, *, #11193, .F. ) ;
#703 = VECTOR ( 'NONE', #8470, 1000.000000000000000 ) ;
#704 = VERTEX_POINT ( 'NONE', #4061 ) ;
#705 = EDGE_CURVE ( 'NONE', #10222, #9133, #9847, .T. ) ;
#706 = ADVANCED_FACE ( 'NONE', ( #2800 ), #59, .T. ) ;
#707 = VERTEX_POINT ( 'NONE', #3933 ) ;
#708 = LINE ( 'NONE', #7557, #2313 ) ;
#709 = DIRECTION ( 'NONE',  ( -0.4999999999999997224, -0.8660254037844388186, 0.000000000000000000 ) ) ;
#710 = VECTOR ( 'NONE', #9974, 1000.000000000000000 ) ;
#711 = CARTESIAN_POINT ( 'NONE',  ( -16.15000000000001279, 25.43745550146433132, 0.4500000000000000111 ) ) ;
#712 = CARTESIAN_POINT ( 'NONE',  ( -35.00000000000000000, 21.89999999999999147, 0.4500000000000000111 ) ) ;
#713 = ORIENTED_EDGE ( 'NONE', *, *, #4426, .F. ) ;
#714 = DIRECTION ( 'NONE',  ( 0.000000000000000000, 0.000000000000000000, -1.000000000000000000 ) ) ;
#715 = VECTOR ( 'NONE', #8095, 1000.000000000000114 ) ;
#716 = VERTEX_POINT ( 'NONE', #6671 ) ;
#717 = FACE_BOUND ( 'NONE', #11840, .T. ) ;
#718 = AXIS2_PLACEMENT_3D ( 'NONE', #3891, #1925, #7761 ) ;
#719 = EDGE_LOOP ( 'NONE', ( #9590, #6944, #856, #4373 ) ) ;
#720 = DIRECTION ( 'NONE',  ( -0.000000000000000000, -0.000000000000000000, -1.000000000000000000 ) ) ;
#721 = CYLINDRICAL_SURFACE ( 'NONE', #9238, 3.999999999999996447 ) ;
#722 = ORIENTED_EDGE ( 'NONE', *, *, #4163, .F. ) ;
#723 = CARTESIAN_POINT ( 'NONE',  ( 29.74999999999998934, 20.41450815951459319, 0.4500000000000000111 ) ) ;
#724 = CARTESIAN_POINT ( 'NONE',  ( 12.85000000000000142, 23.99407982849026411, 0.4500000000000000111 ) ) ;
#725 = VECTOR ( 'NONE', #1053, 1000.000000000000114 ) ;
#726 = FACE_OUTER_BOUND ( 'NONE', #4675, .T. ) ;
#727 = EDGE_CURVE ( 'NONE', #8515, #2289, #7871, .T. ) ;
#728 = DIRECTION ( 'NONE',  ( -0.8660254037844394848, 0.4999999999999984457, 0.000000000000000000 ) ) ;
#729 = DIRECTION ( 'NONE',  ( -0.8660254037844393737, -0.4999999999999985012, 0.000000000000000000 ) ) ;
#730 = PERSON ( 'UNSPECIFIED', 'UNSPECIFIED', 'UNSPECIFIED', ('UNSPECIFIED'), ('UNSPECIFIED'), ('UNSPECIFIED') ) ;
#731 = DIRECTION ( 'NONE',  ( 0.000000000000000000, 0.000000000000000000, -1.000000000000000000 ) ) ;
#732 = DIRECTION ( 'NONE',  ( -0.8660254037844394848, -0.4999999999999985012, 0.000000000000000000 ) ) ;
#733 = CARTESIAN_POINT ( 'NONE',  ( 13.64999999999998082, 25.43745550146434553, 0.4500000000000000111 ) ) ;
#734 = ORIENTED_EDGE ( 'NONE', *, *, #5929, .F. ) ;
#735 = VECTOR ( 'NONE', #8171, 1000.000000000000000 ) ;
#736 = DIRECTION ( 'NONE',  ( 0.8660254037844387076, 0.4999999999999997224, 0.000000000000000000 ) ) ;
#737 = VECTOR ( 'NONE', #3107, 1000.000000000000114 ) ;
#738 = VECTOR ( 'NONE', #12072, 1000.000000000000000 ) ;
#739 = ORIENTED_EDGE ( 'NONE', *, *, #3204, .T. ) ;
#740 = FACE_OUTER_BOUND ( 'NONE', #4646, .T. ) ;
#741 = ORIENTED_EDGE ( 'NONE', *, *, #2453, .F. ) ;
#742 = DIRECTION ( 'NONE',  ( -0.8660254037844387076, 0.4999999999999997224, 0.000000000000000000 ) ) ;
#743 = EDGE_CURVE ( 'NONE', #849, #2452, #10547, .T. ) ;
#744 = VECTOR ( 'NONE', #4471, 1000.000000000000000 ) ;
#745 = DIRECTION ( 'NONE',  ( 1.000000000000000000, 9.614813431917789401E-15, 0.000000000000000000 ) ) ;
#746 = DIRECTION ( 'NONE',  ( 0.000000000000000000, 0.000000000000000000, -1.000000000000000000 ) ) ;
#747 = DIRECTION ( 'NONE',  ( 0.000000000000000000, -1.000000000000000000, 0.000000000000000000 ) ) ;
#748 = EDGE_LOOP ( 'NONE', ( #885, #2908, #8376, #9104 ) ) ;
#749 = EDGE_LOOP ( 'NONE', ( #6632, #11857, #7433, #7894 ) ) ;
#750 = LINE ( 'NONE', #11598, #6868 ) ;
#751 = EDGE_CURVE ( 'NONE', #11199, #4765, #11689, .T. ) ;
#752 = ORIENTED_EDGE ( 'NONE', *, *, #7368, .F. ) ;
#753 = CARTESIAN_POINT ( 'NONE',  ( 16.94999999999998153, 23.99407982849027832, 0.4500000000000000111 ) ) ;
#754 = ORIENTED_EDGE ( 'NONE', *, *, #7588, .T. ) ;
#755 = ADVANCED_FACE ( 'NONE', ( #2982 ), #6853, .T. ) ;
#756 = EDGE_CURVE ( 'NONE', #5330, #11074, #3047, .T. ) ;
#757 = VERTEX_POINT ( 'NONE', #8644 ) ;
#758 = FACE_OUTER_BOUND ( 'NONE', #8584, .T. ) ;
#759 = DIRECTION ( 'NONE',  ( 0.000000000000000000, 0.000000000000000000, -1.000000000000000000 ) ) ;
#760 = DIRECTION ( 'NONE',  ( 0.000000000000000000, -1.000000000000000000, 0.000000000000000000 ) ) ;
#761 = CARTESIAN_POINT ( 'NONE',  ( -8.300000000000006040, 17.55662432702593279, 0.000000000000000000 ) ) ;
#762 = DIRECTION ( 'NONE',  ( 9.614813431917789401E-15, -1.000000000000000000, 0.000000000000000000 ) ) ;
#763 = CARTESIAN_POINT ( 'NONE',  ( -9.950000000000002842, 20.41450815951458253, 0.000000000000000000 ) ) ;
#764 = ORIENTED_EDGE ( 'NONE', *, *, #10226, .F. ) ;
#765 = ORIENTED_EDGE ( 'NONE', *, *, #7841, .F. ) ;
#766 = LINE ( 'NONE', #6290, #4629 ) ;
#767 = ORIENTED_EDGE ( 'NONE', *, *, #5810, .F. ) ;
#768 = EDGE_CURVE ( 'NONE', #8455, #10787, #12513, .T. ) ;
#769 = AXIS2_PLACEMENT_3D ( 'NONE', #5347, #7450, #8213 ) ;
#770 = ORIENTED_EDGE ( 'NONE', *, *, #4111, .T. ) ;
#771 = ORIENTED_EDGE ( 'NONE', *, *, #7117, .F. ) ;
#772 = VECTOR ( 'NONE', #4915, 1000.000000000000000 ) ;
#773 = DIRECTION ( 'NONE',  ( -0.8660254037844393737, 0.4999999999999985012, 0.000000000000000000 ) ) ;
#774 = EDGE_CURVE ( 'NONE', #11746, #1404, #4822, .T. ) ;
#775 = CARTESIAN_POINT ( 'NONE',  ( 32.99999999999999289, 22.00000000000000355, 0.4500000000000000111 ) ) ;
#776 = CARTESIAN_POINT ( 'NONE',  ( 21.10000000000000142, 21.13619599600162147, 0.4500000000000000111 ) ) ;
#777 = ADVANCED_FACE ( 'NONE', ( #2282 ), #4242, .T. ) ;
#778 = VERTEX_POINT ( 'NONE', #5139 ) ;
#779 = CARTESIAN_POINT ( 'NONE',  ( 11.20000000000000462, 21.13619599600161436, 0.000000000000000000 ) ) ;
#780 = CARTESIAN_POINT ( 'NONE',  ( 24.40000000000001279, 22.57957166897568868, 0.4500000000000000111 ) ) ;
#781 = ORIENTED_EDGE ( 'NONE', *, *, #3463, .T. ) ;
#782 = FACE_OUTER_BOUND ( 'NONE', #9197, .T. ) ;
#783 = DIRECTION ( 'NONE',  ( 0.000000000000000000, -1.000000000000000000, 0.000000000000000000 ) ) ;
#784 = EDGE_LOOP ( 'NONE', ( #97, #11279, #8262, #7032, #4185, #9405 ) ) ;
#785 = PLANE ( 'NONE',  #6772 ) ;
#786 = LINE ( 'NONE', #9429, #6840 ) ;
#787 = VECTOR ( 'NONE', #6550, 1000.000000000000114 ) ;
#788 = FACE_OUTER_BOUND ( 'NONE', #6977, .T. ) ;
#789 = DIRECTION ( 'NONE',  ( 0.000000000000000000, 0.000000000000000000, -1.000000000000000000 ) ) ;
#790 = PERSON_AND_ORGANIZATION_ROLE ( 'design_owner' ) ;
#791 = CARTESIAN_POINT ( 'NONE',  ( -37.60000000000000853, 22.57957166897569579, 0.000000000000000000 ) ) ;
#792 = EDGE_CURVE ( 'NONE', #2727, #2434, #1452, .T. ) ;
#793 = CARTESIAN_POINT ( 'NONE',  ( -19.84999999999999787, 20.41450815951458964, 0.4500000000000000111 ) ) ;
#794 = LINE ( 'NONE', #6448, #5602 ) ;
#795 = VERTEX_POINT ( 'NONE', #10094 ) ;
#796 = DIRECTION ( 'NONE',  ( -0.000000000000000000, -0.000000000000000000, 1.000000000000000000 ) ) ;
#797 = VECTOR ( 'NONE', #11163, 1000.000000000000000 ) ;
#798 = VERTEX_POINT ( 'NONE', #4300 ) ;
#799 = APPLICATION_CONTEXT ( 'configuration controlled 3d designs of mechanical parts and assemblies' ) ;
#800 = ADVANCED_FACE ( 'NONE', ( #315 ), #10034, .T. ) ;
#801 = LINE ( 'NONE', #11651, #6452 ) ;
#802 = ORIENTED_EDGE ( 'NONE', *, *, #8556, .T. ) ;
#803 = LINE ( 'NONE', #9682, #10062 ) ;
#804 = VECTOR ( 'NONE', #6139, 1000.000000000000114 ) ;
#805 = FACE_OUTER_BOUND ( 'NONE', #356, .T. ) ;
#806 = LINE ( 'NONE', #12420, #5081 ) ;
#807 = DIRECTION ( 'NONE',  ( 0.8660254037844388186, -0.4999999999999997224, 0.000000000000000000 ) ) ;
#808 = EDGE_LOOP ( 'NONE', ( #8634, #4507, #8418, #946 ) ) ;
#809 = LINE ( 'NONE', #1460, #6886 ) ;
#810 = VERTEX_POINT ( 'NONE', #5259 ) ;
#811 = CARTESIAN_POINT ( 'NONE',  ( -13.64999999999998082, 25.43745550146434553, 0.4500000000000000111 ) ) ;
#812 = VERTEX_POINT ( 'NONE', #2343 ) ;
#813 = DIRECTION ( 'NONE',  ( 0.000000000000000000, 0.000000000000000000, -1.000000000000000000 ) ) ;
#814 = AXIS2_PLACEMENT_3D ( 'NONE', #2988, #3755, #10675 ) ;
#815 = ORIENTED_EDGE ( 'NONE', *, *, #10626, .T. ) ;
#816 = EDGE_LOOP ( 'NONE', ( #6963, #3892, #6703, #11920 ) ) ;
#817 = DIRECTION ( 'NONE',  ( 0.000000000000000000, 0.000000000000000000, -1.000000000000000000 ) ) ;
#818 = PLANE ( 'NONE',  #8219 ) ;
#819 = FACE_BOUND ( 'NONE', #10304, .T. ) ;
#820 = CARTESIAN_POINT ( 'NONE',  ( 16.15000000000000568, 18.27831216351297172, 0.4500000000000000111 ) ) ;
#821 = CARTESIAN_POINT ( 'NONE',  ( 31.39999999999998437, 17.55662432702594344, 0.4500000000000000111 ) ) ;
#822 = PLANE ( 'NONE',  #12490 ) ;
#823 = ORIENTED_EDGE ( 'NONE', *, *, #5069, .F. ) ;
#824 = VECTOR ( 'NONE', #1262, 1000.000000000000114 ) ;
#825 = VERTEX_POINT ( 'NONE', #11109 ) ;
#826 = EDGE_CURVE ( 'NONE', #12562, #1609, #10153, .T. ) ;
#827 = ADVANCED_FACE ( 'NONE', ( #9019 ), #3173, .T. ) ;
#828 = CARTESIAN_POINT ( 'NONE',  ( 30.14999999999997371, 25.43745550146435619, 0.4500000000000000111 ) ) ;
#829 = ORIENTED_EDGE ( 'NONE', *, *, #10558, .T. ) ;
#830 = ORIENTED_EDGE ( 'NONE', *, *, #12306, .F. ) ;
#831 = ORIENTED_EDGE ( 'NONE', *, *, #3796, .F. ) ;
#832 = DIRECTION ( 'NONE',  ( -0.8660254037844387076, 0.4999999999999997224, 0.000000000000000000 ) ) ;
#833 = VECTOR ( 'NONE', #8817, 1000.000000000000000 ) ;
#834 = CARTESIAN_POINT ( 'NONE',  ( -10.34999999999998721, 18.27831216351297527, 0.4500000000000000111 ) ) ;
#835 = DIRECTION ( 'NONE',  ( 0.5000000000000004441, -0.8660254037844384856, 0.000000000000000000 ) ) ;
#836 = ADVANCED_FACE ( 'NONE', ( #3232 ), #4187, .T. ) ;
#837 = VERTEX_POINT ( 'NONE', #6280 ) ;
#838 = CARTESIAN_POINT ( 'NONE',  ( -8.299999999999993605, 20.44337567297408143, 0.4500000000000000111 ) ) ;
#839 = FACE_BOUND ( 'NONE', #4085, .T. ) ;
#840 = EDGE_LOOP ( 'NONE', ( #8495, #1242, #7846, #2053 ) ) ;
#841 = DIRECTION ( 'NONE',  ( 0.8660254037844383745, -0.5000000000000003331, 0.000000000000000000 ) ) ;
#842 = ADVANCED_FACE ( 'NONE', ( #6221 ), #7049, .T. ) ;
#843 = ORIENTED_EDGE ( 'NONE', *, *, #11305, .F. ) ;
#844 = CARTESIAN_POINT ( 'NONE',  ( -33.44999999999996732, 25.43745550146435974, 0.000000000000000000 ) ) ;
#845 = CARTESIAN_POINT ( 'NONE',  ( 13.64999999999998437, 19.72168783648705315, 0.4500000000000000111 ) ) ;
#846 = EDGE_CURVE ( 'NONE', #12161, #613, #5317, .T. ) ;
#847 = LINE ( 'NONE', #1806, #12055 ) ;
#848 = CARTESIAN_POINT ( 'NONE',  ( 33.04999999999998295, 20.41450815951459319, 0.000000000000000000 ) ) ;
#849 = VERTEX_POINT ( 'NONE', #1274 ) ;
#850 = EDGE_CURVE ( 'NONE', #4269, #9835, #434, .T. ) ;
#851 = CARTESIAN_POINT ( 'NONE',  ( -16.94999999999998153, 25.43745550146435264, 0.000000000000000000 ) ) ;
#852 = VECTOR ( 'NONE', #2043, 1000.000000000000114 ) ;
#853 = DIRECTION ( 'NONE',  ( -9.614813431917789401E-15, -1.000000000000000000, 0.000000000000000000 ) ) ;
#854 = ORIENTED_EDGE ( 'NONE', *, *, #8741, .F. ) ;
#855 = DIRECTION ( 'NONE',  ( 0.8660254037844394848, -0.4999999999999985012, 0.000000000000000000 ) ) ;
#856 = ORIENTED_EDGE ( 'NONE', *, *, #4641, .F. ) ;
#857 = LINE ( 'NONE', #980, #1587 ) ;
#858 = ORIENTED_EDGE ( 'NONE', *, *, #2568, .T. ) ;
#859 = EDGE_CURVE ( 'NONE', #10422, #8745, #1334, .T. ) ;
#860 = VECTOR ( 'NONE', #10648, 1000.000000000000114 ) ;
#861 = EDGE_CURVE ( 'NONE', #7970, #10192, #9973, .T. ) ;
#862 = PLANE ( 'NONE',  #7417 ) ;
#863 = DIRECTION ( 'NONE',  ( 0.000000000000000000, -1.000000000000000000, 0.000000000000000000 ) ) ;
#864 = DIRECTION ( 'NONE',  ( -0.8660254037844387076, 0.4999999999999997224, 0.000000000000000000 ) ) ;
#865 = LINE ( 'NONE', #4729, #2164 ) ;
#866 = EDGE_LOOP ( 'NONE', ( #3299, #3138, #7726, #1444 ) ) ;
#867 = LINE ( 'NONE', #8554, #5275 ) ;
#868 = VERTEX_POINT ( 'NONE', #11811 ) ;
#869 = EDGE_CURVE ( 'NONE', #10870, #4549, #12056, .T. ) ;
#870 = LINE ( 'NONE', #8557, #5457 ) ;
#871 = AXIS2_PLACEMENT_3D ( 'NONE', #11113, #10098, #9139 ) ;
#872 = CARTESIAN_POINT ( 'NONE',  ( 20.24999999999997513, 23.99407982849027476, 0.000000000000000000 ) ) ;
#873 = EDGE_LOOP ( 'NONE', ( #12026, #2607, #2681, #6937, #9542, #6091, #1500 ) ) ;
#874 = ORIENTED_EDGE ( 'NONE', *, *, #11193, .T. ) ;
#875 = DIRECTION ( 'NONE',  ( 0.000000000000000000, 0.000000000000000000, -1.000000000000000000 ) ) ;
#876 = DIRECTION ( 'NONE',  ( -0.8660254037844394848, -0.4999999999999985012, 0.000000000000000000 ) ) ;
#877 = LINE ( 'NONE', #3859, #9790 ) ;
#878 = CARTESIAN_POINT ( 'NONE',  ( -23.54999999999997584, 23.99407982849027832, 0.4500000000000000111 ) ) ;
#879 = DIRECTION ( 'NONE',  ( -0.8660254037844393737, 0.4999999999999985012, 0.000000000000000000 ) ) ;
#880 = CARTESIAN_POINT ( 'NONE',  ( 6.650000000000004796, 20.41450815951458253, 0.000000000000000000 ) ) ;
#881 = ORIENTED_EDGE ( 'NONE', *, *, #5100, .T. ) ;
#882 = ORIENTED_EDGE ( 'NONE', *, *, #3565, .F. ) ;
#883 = DIRECTION ( 'NONE',  ( -0.4999999999999997224, -0.8660254037844388186, 0.000000000000000000 ) ) ;
#884 = ORIENTED_EDGE ( 'NONE', *, *, #3676, .F. ) ;
#885 = ORIENTED_EDGE ( 'NONE', *, *, #869, .T. ) ;
#886 = VECTOR ( 'NONE', #648, 1000.000000000000000 ) ;
#887 = ORIENTED_EDGE ( 'NONE', *, *, #9161, .T. ) ;
#888 = VECTOR ( 'NONE', #4895, 1000.000000000000114 ) ;
#889 = CARTESIAN_POINT ( 'NONE',  ( -17.43205080756887781, 18.00000000000000355, 0.4500000000000000111 ) ) ;
#890 = PLANE ( 'NONE',  #6778 ) ;
#891 = EDGE_CURVE ( 'NONE', #11809, #12083, #10859, .T. ) ;
#892 = CARTESIAN_POINT ( 'NONE',  ( 30.14999999999997371, 18.27831216351298238, 0.000000000000000000 ) ) ;
#893 = EDGE_LOOP ( 'NONE', ( #1346, #7302, #2281, #8738, #8573, #5256 ) ) ;
#894 = DIRECTION ( 'NONE',  ( -0.8660254037844383745, 0.5000000000000003331, 0.000000000000000000 ) ) ;
#895 = LINE ( 'NONE', #5843, #2604 ) ;
#896 = VECTOR ( 'NONE', #9465, 1000.000000000000114 ) ;
#897 = ORIENTED_EDGE ( 'NONE', *, *, #2773, .T. ) ;
#898 = DIRECTION ( 'NONE',  ( -0.8660254037844383745, -0.5000000000000003331, 0.000000000000000000 ) ) ;
#899 = EDGE_LOOP ( 'NONE', ( #2197, #5193, #6794, #2669 ) ) ;
#900 = AXIS2_PLACEMENT_3D ( 'NONE', #3934, #6099, #7872 ) ;
#901 = CARTESIAN_POINT ( 'NONE',  ( -6.649999999999992362, 23.30125950546273117, 0.000000000000000000 ) ) ;
#902 = DIRECTION ( 'NONE',  ( 0.8660254037844383745, -0.5000000000000003331, 0.000000000000000000 ) ) ;
#903 = DIRECTION ( 'NONE',  ( 0.000000000000000000, 0.000000000000000000, -1.000000000000000000 ) ) ;
#904 = PLANE ( 'NONE',  #2722 ) ;
#905 = VECTOR ( 'NONE', #1559, 1000.000000000000114 ) ;
#906 = ORIENTED_EDGE ( 'NONE', *, *, #11792, .T. ) ;
#907 = AXIS2_PLACEMENT_3D ( 'NONE', #9960, #3918, #179 ) ;
#908 = CARTESIAN_POINT ( 'NONE',  ( -25.19999999999997442, 22.57957166897570644, 0.4500000000000000111 ) ) ;
#909 = DIRECTION ( 'NONE',  ( -1.000000000000000000, 0.000000000000000000, 0.000000000000000000 ) ) ;
#910 = ORIENTED_EDGE ( 'NONE', *, *, #5180, .F. ) ;
#911 = LINE ( 'NONE', #5733, #8312 ) ;
#912 = ORIENTED_EDGE ( 'NONE', *, *, #1615, .T. ) ;
#913 = AXIS2_PLACEMENT_3D ( 'NONE', #8210, #11134, #2135 ) ;
#914 = EDGE_CURVE ( 'NONE', #1810, #2023, #6039, .T. ) ;
#915 = DIRECTION ( 'NONE',  ( -9.614813431917789401E-15, 1.000000000000000000, 0.000000000000000000 ) ) ;
#916 = ORIENTED_EDGE ( 'NONE', *, *, #12473, .T. ) ;
#917 = CC_DESIGN_APPROVAL ( #1503, ( #1536 ) ) ;
#918 = CARTESIAN_POINT ( 'NONE',  ( -22.74999999999999289, 23.99407982849026766, 0.000000000000000000 ) ) ;
#919 = EDGE_CURVE ( 'NONE', #7970, #3129, #7168, .T. ) ;
#920 = AXIS2_PLACEMENT_3D ( 'NONE', #1031, #11705, #4201 ) ;
#921 = DIRECTION ( 'NONE',  ( 0.4999999999999997224, -0.8660254037844388186, -0.000000000000000000 ) ) ;
#922 = CARTESIAN_POINT ( 'NONE',  ( 27.82435565298205660, 25.99999999999999645, 0.000000000000000000 ) ) ;
#923 = VECTOR ( 'NONE', #1695, 1000.000000000000000 ) ;
#924 = CARTESIAN_POINT ( 'NONE',  ( 29.34999999999999432, 23.99407982849027476, 0.4500000000000000111 ) ) ;
#925 = EDGE_LOOP ( 'NONE', ( #6892, #10804, #1448, #2160 ) ) ;
#926 = FACE_OUTER_BOUND ( 'NONE', #10979, .T. ) ;
#927 = EDGE_CURVE ( 'NONE', #6901, #3282, #1773, .T. ) ;
#928 = ORIENTED_EDGE ( 'NONE', *, *, #5799, .T. ) ;
#929 = ADVANCED_FACE ( 'NONE', ( #11229 ), #8317, .T. ) ;
#930 = CARTESIAN_POINT ( 'NONE',  ( -20.24999999999998224, 19.72168783648705315, 0.4500000000000000111 ) ) ;
#931 = VECTOR ( 'NONE', #9494, 1000.000000000000114 ) ;
#932 = VECTOR ( 'NONE', #12209, 1000.000000000000000 ) ;
#933 = LINE ( 'NONE', #5689, #4913 ) ;
#934 = ORIENTED_EDGE ( 'NONE', *, *, #9550, .T. ) ;
#935 = DIRECTION ( 'NONE',  ( 0.8660254037844383745, -0.5000000000000003331, 0.000000000000000000 ) ) ;
#936 = VERTEX_POINT ( 'NONE', #3667 ) ;
#937 = CARTESIAN_POINT ( 'NONE',  ( 26.44999999999999218, 20.41450815951459319, 0.000000000000000000 ) ) ;
#938 = LINE ( 'NONE', #4620, #10647 ) ;
#939 = CARTESIAN_POINT ( 'NONE',  ( -11.20000000000001883, 22.57957166897568513, 0.4500000000000000111 ) ) ;
#940 = PLANE ( 'NONE',  #559 ) ;
#941 = DIRECTION ( 'NONE',  ( 0.000000000000000000, 0.000000000000000000, -1.000000000000000000 ) ) ;
#942 = DIRECTION ( 'NONE',  ( 0.000000000000000000, -1.000000000000000000, 0.000000000000000000 ) ) ;
#943 = ORIENTED_EDGE ( 'NONE', *, *, #9824, .T. ) ;
#944 = EDGE_CURVE ( 'NONE', #1818, #6000, #12374, .T. ) ;
#945 = ORIENTED_EDGE ( 'NONE', *, *, #9996, .T. ) ;
#946 = ORIENTED_EDGE ( 'NONE', *, *, #1785, .T. ) ;
#947 = CARTESIAN_POINT ( 'NONE',  ( -6.232766950200893774, 20.65539777313090397, 0.000000000000000000 ) ) ;
#948 = ORIENTED_EDGE ( 'NONE', *, *, #4542, .F. ) ;
#949 = EDGE_LOOP ( 'NONE', ( #7950, #3693, #4138, #7347 ) ) ;
#950 = EDGE_CURVE ( 'NONE', #4066, #11595, #7481, .T. ) ;
#951 = VERTEX_POINT ( 'NONE', #3540 ) ;
#952 = DIRECTION ( 'NONE',  ( -0.8660254037844393737, -0.4999999999999985012, 0.000000000000000000 ) ) ;
#953 = CARTESIAN_POINT ( 'NONE',  ( 21.89999999999997726, 21.13619599600162502, 0.4500000000000000111 ) ) ;
#954 = CARTESIAN_POINT ( 'NONE',  ( -24.79999999999998295, 20.44337567297409208, 0.4500000000000000111 ) ) ;
#955 = PRODUCT_RELATED_PRODUCT_CATEGORY ( 'detail', '', ( #9147 ) ) ;
#956 = ORIENTED_EDGE ( 'NONE', *, *, #1244, .T. ) ;
#957 = FACE_OUTER_BOUND ( 'NONE', #4643, .T. ) ;
#958 = VECTOR ( 'NONE', #9808, 1000.000000000000114 ) ;
#959 = FACE_BOUND ( 'NONE', #9032, .T. ) ;
#960 = ORIENTED_EDGE ( 'NONE', *, *, #6420, .F. ) ;
#961 = CARTESIAN_POINT ( 'NONE',  ( 28.09999999999998010, 20.44337567297409208, 0.4500000000000000111 ) ) ;
#962 = AXIS2_PLACEMENT_3D ( 'NONE', #4468, #2629, #11334 ) ;
#963 = VERTEX_POINT ( 'NONE', #12185 ) ;
#964 = CARTESIAN_POINT ( 'NONE',  ( 28.49999999999997158, 21.13619599600163212, 0.4500000000000000111 ) ) ;
#965 = EDGE_CURVE ( 'NONE', #5781, #12161, #5571, .T. ) ;
#966 = LINE ( 'NONE', #9548, #1171 ) ;
#967 = CARTESIAN_POINT ( 'NONE',  ( -6.000000000000000000, 22.00000000000000355, 0.000000000000000000 ) ) ;
#968 = VECTOR ( 'NONE', #1042, 1000.000000000000000 ) ;
#969 = DIRECTION ( 'NONE',  ( 0.000000000000000000, -0.000000000000000000, -1.000000000000000000 ) ) ;
#970 = DATE_AND_TIME ( #9492, #6599 ) ;
#971 = ORIENTED_EDGE ( 'NONE', *, *, #10484, .T. ) ;
#972 = DIRECTION ( 'NONE',  ( 0.000000000000000000, 0.000000000000000000, 1.000000000000000000 ) ) ;
#973 = CARTESIAN_POINT ( 'NONE',  ( 32.99999999999999289, 22.00000000000000355, 0.4500000000000000111 ) ) ;
#974 = ORIENTED_EDGE ( 'NONE', *, *, #7973, .T. ) ;
#975 = DIRECTION ( 'NONE',  ( 0.8660254037844383745, 0.5000000000000003331, 0.000000000000000000 ) ) ;
#976 = ORIENTED_EDGE ( 'NONE', *, *, #9961, .T. ) ;
#977 = EDGE_CURVE ( 'NONE', #3856, #11340, #2528, .T. ) ;
#978 = EDGE_CURVE ( 'NONE', #4957, #7660, #1711, .T. ) ;
#979 = VECTOR ( 'NONE', #10600, 1000.000000000000000 ) ;
#980 = CARTESIAN_POINT ( 'NONE',  ( 16.94999999999998153, 19.72168783648705315, 0.4500000000000000111 ) ) ;
#981 = ORIENTED_EDGE ( 'NONE', *, *, #768, .T. ) ;
#982 = DIRECTION ( 'NONE',  ( -0.8660254037844388186, -0.4999999999999997224, 0.000000000000000000 ) ) ;
#983 = DIRECTION ( 'NONE',  ( -0.4999999999999985012, 0.8660254037844395958, 0.000000000000000000 ) ) ;
#984 = CIRCLE ( 'NONE', #9313, 3.999999999999996447 ) ;
#985 = LINE ( 'NONE', #12482, #9750 ) ;
#986 = EDGE_CURVE ( 'NONE', #3067, #10, #6407, .T. ) ;
#987 = DIRECTION ( 'NONE',  ( -1.000000000000000000, 0.000000000000000000, 0.000000000000000000 ) ) ;
#988 = ORIENTED_EDGE ( 'NONE', *, *, #11946, .F. ) ;
#989 = PLANE ( 'NONE',  #9936 ) ;
#990 = ORIENTED_EDGE ( 'NONE', *, *, #4674, .T. ) ;
#991 = LINE ( 'NONE', #1827, #7083 ) ;
#992 = ADVANCED_FACE ( 'NONE', ( #758 ), #8502, .T. ) ;
#993 = DIRECTION ( 'NONE',  ( 0.8660254037844388186, -0.4999999999999997224, 0.000000000000000000 ) ) ;
#994 = VERTEX_POINT ( 'NONE', #6595 ) ;
#995 = ADVANCED_FACE ( 'NONE', ( #631 ), #4494, .T. ) ;
#996 = VECTOR ( 'NONE', #9693, 1000.000000000000000 ) ;
#997 = DIRECTION ( 'NONE',  ( 0.8660254037844388186, -0.4999999999999997224, 0.000000000000000000 ) ) ;
#998 = ORIENTED_EDGE ( 'NONE', *, *, #9797, .F. ) ;
#999 = CARTESIAN_POINT ( 'NONE',  ( -17.80000000000001847, 22.57957166897568868, 0.4500000000000000111 ) ) ;
#1000 = DIRECTION ( 'NONE',  ( -0.000000000000000000, -0.000000000000000000, 1.000000000000000000 ) ) ;
#1001 = DIRECTION ( 'NONE',  ( 0.000000000000000000, 0.000000000000000000, -1.000000000000000000 ) ) ;
#1002 = CARTESIAN_POINT ( 'NONE',  ( 12.85000000000001563, 25.43745550146433132, 0.000000000000000000 ) ) ;
#1003 = CARTESIAN_POINT ( 'NONE',  ( -30.14999999999997371, 23.99407982849028187, 0.000000000000000000 ) ) ;
#1004 = LINE ( 'NONE', #7792, #2756 ) ;
#1005 = ORIENTED_EDGE ( 'NONE', *, *, #7453, .T. ) ;
#1006 = EDGE_CURVE ( 'NONE', #5102, #8965, #3417, .T. ) ;
#1007 = AXIS2_PLACEMENT_3D ( 'NONE', #1945, #2132, #34 ) ;
#1008 = EDGE_LOOP ( 'NONE', ( #6145, #8115, #8649, #4016, #10697, #8483 ) ) ;
#1009 = ORIENTED_EDGE ( 'NONE', *, *, #9550, .F. ) ;
#1011 = VECTOR ( 'NONE', #12159, 1000.000000000000114 ) ;
#1010 = DIRECTION ( 'NONE',  ( 0.000000000000000000, 0.000000000000000000, -1.000000000000000000 ) ) ;
#1012 = ORIENTED_EDGE ( 'NONE', *, *, #442, .T. ) ;
#1013 = EDGE_LOOP ( 'NONE', ( #4815, #11285, #9397, #9879 ) ) ;
#1014 = ORIENTED_EDGE ( 'NONE', *, *, #11461, .F. ) ;
#1015 = EDGE_CURVE ( 'NONE', #9280, #12438, #5637, .T. ) ;
#1016 = DIRECTION ( 'NONE',  ( 0.8660254037844383745, -0.5000000000000003331, 0.000000000000000000 ) ) ;
#1017 = DIRECTION ( 'NONE',  ( 0.5000000000000004441, -0.8660254037844384856, 0.000000000000000000 ) ) ;
#1018 = VECTOR ( 'NONE', #7562, 1000.000000000000114 ) ;
#1019 = CARTESIAN_POINT ( 'NONE',  ( -19.84999999999999787, 20.41450815951458964, 0.4500000000000000111 ) ) ;
#1020 = CARTESIAN_POINT ( 'NONE',  ( 28.09999999999999076, 23.27239199200324293, 0.4500000000000000111 ) ) ;
#1021 = ORIENTED_EDGE ( 'NONE', *, *, #378, .F. ) ;
#1022 = CARTESIAN_POINT ( 'NONE',  ( -32.99999999999999289, 22.00000000000000355, 0.4500000000000000111 ) ) ;
#1023 = FACE_BOUND ( 'NONE', #5251, .T. ) ;
#1024 = ORIENTED_EDGE ( 'NONE', *, *, #4030, .T. ) ;
#1025 = ORIENTED_EDGE ( 'NONE', *, *, #11822, .F. ) ;
#1026 = DIRECTION ( 'NONE',  ( 0.8660254037844394848, -0.4999999999999985012, 0.000000000000000000 ) ) ;
#1027 = AXIS2_PLACEMENT_3D ( 'NONE', #8677, #11723, #9567 ) ;
#1028 = LINE ( 'NONE', #6802, #4334 ) ;
#1029 = LINE ( 'NONE', #10878, #11064 ) ;
#1030 = DIRECTION ( 'NONE',  ( 0.000000000000000000, 0.000000000000000000, 1.000000000000000000 ) ) ;
#1031 = CARTESIAN_POINT ( 'NONE',  ( -9.999999999999996447, 22.00000000000000355, 0.4500000000000000111 ) ) ;
#1032 = APPROVAL_STATUS ( 'not_yet_approved' ) ;
#1033 = ORIENTED_EDGE ( 'NONE', *, *, #3699, .T. ) ;
#1034 = VECTOR ( 'NONE', #3207, 1000.000000000000000 ) ;
#1035 = CARTESIAN_POINT ( 'NONE',  ( -26.84999999999997300, 19.72168783648705670, 0.4500000000000000111 ) ) ;
#1036 = CARTESIAN_POINT ( 'NONE',  ( 26.44999999999999218, 20.41450815951459319, 0.4500000000000000111 ) ) ;
#1037 = EDGE_LOOP ( 'NONE', ( #10572, #5009, #1291, #2666 ) ) ;
#1038 = LINE ( 'NONE', #4907, #11553 ) ;
#1039 = EDGE_LOOP ( 'NONE', ( #7881, #4663, #9780, #10334 ) ) ;
#1040 = ORIENTED_EDGE ( 'NONE', *, *, #12478, .F. ) ;
#1041 = DIRECTION ( 'NONE',  ( 0.000000000000000000, -1.000000000000000000, 0.000000000000000000 ) ) ;
#1042 = DIRECTION ( 'NONE',  ( -1.000000000000000000, 0.000000000000000000, 0.000000000000000000 ) ) ;
#1043 = ORIENTED_EDGE ( 'NONE', *, *, #6884, .F. ) ;
#1044 = DIRECTION ( 'NONE',  ( 0.4999999999999985567, 0.8660254037844394848, 0.000000000000000000 ) ) ;
#1045 = EDGE_CURVE ( 'NONE', #9511, #11016, #690, .T. ) ;
#1046 = LINE ( 'NONE', #2000, #772 ) ;
#1047 = CARTESIAN_POINT ( 'NONE',  ( -32.99999999999999289, 18.00000000000000355, 0.4500000000000000111 ) ) ;
#1048 = CARTESIAN_POINT ( 'NONE',  ( 30.14999999999997371, 23.99407982849028187, 0.4500000000000000111 ) ) ;
#1049 = ORIENTED_EDGE ( 'NONE', *, *, #3068, .F. ) ;
#1050 = FACE_OUTER_BOUND ( 'NONE', #1039, .T. ) ;
#1051 = ORIENTED_EDGE ( 'NONE', *, *, #9057, .F. ) ;
#1052 = EDGE_CURVE ( 'NONE', #2031, #9016, #11296, .T. ) ;
#1053 = DIRECTION ( 'NONE',  ( -0.8660254037844383745, -0.5000000000000003331, 0.000000000000000000 ) ) ;
#1054 = VECTOR ( 'NONE', #10054, 1000.000000000000000 ) ;
#1055 = CARTESIAN_POINT ( 'NONE',  ( 35.94999999999998863, 23.99407982849027832, 0.4500000000000000111 ) ) ;
#1056 = ORIENTED_EDGE ( 'NONE', *, *, #1986, .F. ) ;
#1057 = EDGE_CURVE ( 'NONE', #7135, #12476, #1520, .T. ) ;
#1058 = DIRECTION ( 'NONE',  ( 0.8660254037844393737, 0.4999999999999985012, 0.000000000000000000 ) ) ;
#1059 = VERTEX_POINT ( 'NONE', #6338 ) ;
#1060 = LINE ( 'NONE', #8625, #12212 ) ;
#1061 = CARTESIAN_POINT ( 'NONE',  ( -35.09999999999998010, 21.13619599600163568, 0.000000000000000000 ) ) ;
#1062 = CARTESIAN_POINT ( 'NONE',  ( -9.550000000000007816, 18.27831216351296462, 0.000000000000000000 ) ) ;
#1063 = PLANE ( 'NONE',  #147 ) ;
#1064 = CARTESIAN_POINT ( 'NONE',  ( -16.54999999999999716, 20.41450815951458608, 0.4500000000000000111 ) ) ;
#1065 = CARTESIAN_POINT ( 'NONE',  ( 31.79999999999996874, 21.13619599600163212, 0.000000000000000000 ) ) ;
#1066 = ORIENTED_EDGE ( 'NONE', *, *, #1286, .T. ) ;
#1067 = EDGE_CURVE ( 'NONE', #12183, #9320, #9398, .T. ) ;
#1068 = VECTOR ( 'NONE', #760, 1000.000000000000000 ) ;
#1069 = ORIENTED_EDGE ( 'NONE', *, *, #5574, .F. ) ;
#1070 = VERTEX_POINT ( 'NONE', #4558 ) ;
#1071 = DIRECTION ( 'NONE',  ( -0.8660254037844387076, 0.4999999999999997224, 0.000000000000000000 ) ) ;
#1072 = ORIENTED_EDGE ( 'NONE', *, *, #2762, .T. ) ;
#1073 = ORIENTED_EDGE ( 'NONE', *, *, #5993, .F. ) ;
#1074 = EDGE_CURVE ( 'NONE', #508, #10060, #8442, .T. ) ;
#1075 = ORIENTED_EDGE ( 'NONE', *, *, #4040, .T. ) ;
#1076 = EDGE_CURVE ( 'NONE', #2152, #994, #3605, .T. ) ;
#1077 = CARTESIAN_POINT ( 'NONE',  ( -21.77564434701789153, 25.99999999999999645, 0.4500000000000000111 ) ) ;
#1078 = DIRECTION ( 'NONE',  ( -0.8660254037844394848, -0.4999999999999985012, 0.000000000000000000 ) ) ;
#1079 = CARTESIAN_POINT ( 'NONE',  ( 10.34999999999998366, 23.99407982849027121, 0.4500000000000000111 ) ) ;
#1080 = EDGE_CURVE ( 'NONE', #10057, #10953, #9579, .T. ) ;
#1081 = PLANE ( 'NONE',  #2554 ) ;
#1082 = ORIENTED_EDGE ( 'NONE', *, *, #11019, .T. ) ;
#1083 = DIRECTION ( 'NONE',  ( -0.4999999999999997224, -0.8660254037844388186, 0.000000000000000000 ) ) ;
#1084 = FACE_BOUND ( 'NONE', #8823, .T. ) ;
#1085 = EDGE_CURVE ( 'NONE', #5905, #1975, #11606, .T. ) ;
#1086 = ADVANCED_FACE ( 'NONE', ( #2077 ), #3917, .T. ) ;
#1087 = ORIENTED_EDGE ( 'NONE', *, *, #10566, .T. ) ;
#1088 = VECTOR ( 'NONE', #2424, 1000.000000000000114 ) ;
#1089 = ADVANCED_FACE ( 'NONE', ( #6770 ), #11735, .T. ) ;
#1090 = ORIENTED_EDGE ( 'NONE', *, *, #9396, .T. ) ;
#1091 = CARTESIAN_POINT ( 'NONE',  ( -16.15000000000001279, 25.43745550146433132, 0.4500000000000000111 ) ) ;
#1092 = AXIS2_PLACEMENT_3D ( 'NONE', #7098, #5189, #9068 ) ;
#1093 = DIRECTION ( 'NONE',  ( -0.8660254037844388186, -0.4999999999999997224, 0.000000000000000000 ) ) ;
#1094 = CARTESIAN_POINT ( 'NONE',  ( -20.24999999999998224, 18.27831216351297883, 0.4500000000000000111 ) ) ;
#1095 = LINE ( 'NONE', #4962, #6785 ) ;
#1096 = VECTOR ( 'NONE', #635, 1000.000000000000114 ) ;
#1097 = LINE ( 'NONE', #7824, #1540 ) ;
#1098 = DATE_AND_TIME ( #8081, #4764 ) ;
#1099 = ORIENTED_EDGE ( 'NONE', *, *, #10500, .F. ) ;
#1100 = VECTOR ( 'NONE', #7899, 1000.000000000000000 ) ;
#1101 = CARTESIAN_POINT ( 'NONE',  ( -35.95000000000000284, 19.29861146815200001, 0.4500000000000000111 ) ) ;
#1102 = EDGE_CURVE ( 'NONE', #10660, #1432, #12553, .T. ) ;
#1103 = CARTESIAN_POINT ( 'NONE',  ( 15.29999999999998295, 21.13619599600162502, 0.000000000000000000 ) ) ;
#1104 = ORIENTED_EDGE ( 'NONE', *, *, #6942, .F. ) ;
#1105 = VECTOR ( 'NONE', #7572, 1000.000000000000000 ) ;
#1106 = DIRECTION ( 'NONE',  ( -0.8660254037844383745, -0.5000000000000003331, 0.000000000000000000 ) ) ;
#1107 = ADVANCED_FACE ( 'NONE', ( #6902 ), #10778, .T. ) ;
#1108 = ORIENTED_EDGE ( 'NONE', *, *, #2782, .F. ) ;
#1109 = ORIENTED_EDGE ( 'NONE', *, *, #8227, .F. ) ;
#1110 = LINE ( 'NONE', #7961, #4943 ) ;
#1111 = LINE ( 'NONE', #11776, #1787 ) ;
#1112 = ORIENTED_EDGE ( 'NONE', *, *, #4000, .F. ) ;
#1113 = EDGE_CURVE ( 'NONE', #5184, #11836, #10653, .T. ) ;
#1114 = VECTOR ( 'NONE', #9867, 1000.000000000000000 ) ;
#1115 = EDGE_CURVE ( 'NONE', #8822, #5296, #2015, .T. ) ;
#1116 = DIRECTION ( 'NONE',  ( 0.000000000000000000, 0.000000000000000000, -1.000000000000000000 ) ) ;
#1117 = VECTOR ( 'NONE', #6040, 1000.000000000000000 ) ;
#1118 = CARTESIAN_POINT ( 'NONE',  ( 20.24999999999998224, 19.72168783648705315, 0.000000000000000000 ) ) ;
#1119 = DIRECTION ( 'NONE',  ( -0.8660254037844393737, -0.4999999999999985012, 0.000000000000000000 ) ) ;
#1120 = LINE ( 'NONE', #6702, #3371 ) ;
#1121 = ORIENTED_EDGE ( 'NONE', *, *, #3815, .F. ) ;
#1122 = AXIS2_PLACEMENT_3D ( 'NONE', #6224, #5261, #1337 ) ;
#1123 = DIRECTION ( 'NONE',  ( 9.614813431917789401E-15, -1.000000000000000000, 0.000000000000000000 ) ) ;
#1124 = VECTOR ( 'NONE', #6113, 1000.000000000000000 ) ;
#1125 = EDGE_LOOP ( 'NONE', ( #7641, #4150, #12259, #8172 ) ) ;
#1126 = LINE ( 'NONE', #3314, #3425 ) ;
#1127 = AXIS2_PLACEMENT_3D ( 'NONE', #11996, #435, #8181 ) ;
#1128 = EDGE_CURVE ( 'NONE', #6270, #8515, #1060, .T. ) ;
#1129 = CARTESIAN_POINT ( 'NONE',  ( -12.85000000000001563, 25.43745550146433132, 0.4500000000000000111 ) ) ;
#1130 = ORIENTED_EDGE ( 'NONE', *, *, #2814, .F. ) ;
#1131 = CARTESIAN_POINT ( 'NONE',  ( -32.99999999999999289, 25.99999999999999645, 0.4500000000000000111 ) ) ;
#1132 = ORIENTED_EDGE ( 'NONE', *, *, #1395, .F. ) ;
#1133 = VECTOR ( 'NONE', #5537, 1000.000000000000000 ) ;
#1134 = DIRECTION ( 'NONE',  ( 0.000000000000000000, 0.000000000000000000, -1.000000000000000000 ) ) ;
#1135 = CARTESIAN_POINT ( 'NONE',  ( -36.34999999999998010, 23.30125950546274538, 0.4500000000000000111 ) ) ;
#1136 = CARTESIAN_POINT ( 'NONE',  ( 32.64999999999999147, 23.99407982849027476, 0.4500000000000000111 ) ) ;
#1137 = DIRECTION ( 'NONE',  ( -0.8660254037844383745, 0.5000000000000003331, 0.000000000000000000 ) ) ;
#1138 = CARTESIAN_POINT ( 'NONE',  ( -23.54999999999997584, 19.72168783648705670, 0.4500000000000000111 ) ) ;
#1139 = DIRECTION ( 'NONE',  ( -1.000000000000000000, 0.000000000000000000, 0.000000000000000000 ) ) ;
#1140 = ORIENTED_EDGE ( 'NONE', *, *, #1445, .F. ) ;
#1141 = VECTOR ( 'NONE', #4689, 1000.000000000000000 ) ;
#1142 = ORIENTED_EDGE ( 'NONE', *, *, #6899, .T. ) ;
#1143 = VECTOR ( 'NONE', #12380, 1000.000000000000000 ) ;
#1144 = DIRECTION ( 'NONE',  ( 1.000000000000000000, 0.000000000000000000, 0.000000000000000000 ) ) ;
#1145 = VECTOR ( 'NONE', #3289, 1000.000000000000000 ) ;
#1146 = VERTEX_POINT ( 'NONE', #8562 ) ;
#1147 = VECTOR ( 'NONE', #4994, 1000.000000000000000 ) ;
#1148 = ADVANCED_FACE ( 'NONE', ( #7606 ), #7786, .T. ) ;
#1149 = ADVANCED_FACE ( 'NONE', ( #9765 ), #11673, .T. ) ;
#1150 = ORIENTED_EDGE ( 'NONE', *, *, #3255, .F. ) ;
#1151 = ORIENTED_EDGE ( 'NONE', *, *, #3183, .T. ) ;
#1152 = FACE_OUTER_BOUND ( 'NONE', #9652, .T. ) ;
#1153 = CARTESIAN_POINT ( 'NONE',  ( 23.54999999999997584, 25.43745550146435264, 0.000000000000000000 ) ) ;
#1154 = VECTOR ( 'NONE', #3846, 1000.000000000000000 ) ;
#1155 = CARTESIAN_POINT ( 'NONE',  ( -33.44999999999996732, 25.43745550146435974, 0.000000000000000000 ) ) ;
#1156 = CARTESIAN_POINT ( 'NONE',  ( 25.56794919243110442, 18.00000000000000355, 0.4500000000000000111 ) ) ;
#1157 = ORIENTED_EDGE ( 'NONE', *, *, #7134, .F. ) ;
#1158 = DIRECTION ( 'NONE',  ( 0.000000000000000000, 0.000000000000000000, -1.000000000000000000 ) ) ;
#1159 = ADVANCED_FACE ( 'NONE', ( #9701 ), #10533, .T. ) ;
#1160 = LINE ( 'NONE', #5021, #3827 ) ;
#1161 = EDGE_LOOP ( 'NONE', ( #6337, #7615, #6323, #7465 ) ) ;
#1162 = ORIENTED_EDGE ( 'NONE', *, *, #10285, .F. ) ;
#1163 = CARTESIAN_POINT ( 'NONE',  ( -13.64999999999998437, 19.72168783648705315, 0.4500000000000000111 ) ) ;
#1164 = EDGE_CURVE ( 'NONE', #12495, #12242, #3800, .T. ) ;
#1165 = CARTESIAN_POINT ( 'NONE',  ( 28.86794919243110158, 18.00000000000000355, 0.4500000000000000111 ) ) ;
#1166 = CARTESIAN_POINT ( 'NONE',  ( -30.63205080756887355, 18.00000000000000355, 0.4500000000000000111 ) ) ;
#1167 = EDGE_CURVE ( 'NONE', #6592, #8597, #11545, .T. ) ;
#1168 = CARTESIAN_POINT ( 'NONE',  ( -33.44999999999998153, 19.72168783648705670, 0.4500000000000000111 ) ) ;
#1169 = CARTESIAN_POINT ( 'NONE',  ( -26.84999999999997300, 23.99407982849028187, 0.4500000000000000111 ) ) ;
#1170 = VERTEX_POINT ( 'NONE', #7855 ) ;
#1171 = VECTOR ( 'NONE', #4833, 1000.000000000000114 ) ;
#1172 = AXIS2_PLACEMENT_3D ( 'NONE', #7158, #4289, #1137 ) ;
#1173 = CARTESIAN_POINT ( 'NONE',  ( -31.79999999999996874, 21.13619599600163212, 0.000000000000000000 ) ) ;
#1174 = DIRECTION ( 'NONE',  ( 0.8660254037844393737, 0.4999999999999985012, 0.000000000000000000 ) ) ;
#1175 = EDGE_LOOP ( 'NONE', ( #8569, #12512, #2025, #9660, #2247, #6719, #11757 ) ) ;
#1176 = DIRECTION ( 'NONE',  ( 0.000000000000000000, -1.000000000000000000, 0.000000000000000000 ) ) ;
#1177 = ORIENTED_EDGE ( 'NONE', *, *, #8310, .T. ) ;
#1178 = EDGE_LOOP ( 'NONE', ( #10798, #5551, #2580, #11275 ) ) ;
#1179 = ORIENTED_EDGE ( 'NONE', *, *, #5031, .F. ) ;
#1180 = CARTESIAN_POINT ( 'NONE',  ( 33.79413748140514429, 18.07962429598546805, 0.000000000000000000 ) ) ;
#1181 = VECTOR ( 'NONE', #915, 1000.000000000000000 ) ;
#1182 = DIRECTION ( 'NONE',  ( 1.000000000000000000, -0.000000000000000000, -0.000000000000000000 ) ) ;
#1183 = ORIENTED_EDGE ( 'NONE', *, *, #10802, .F. ) ;
#1184 = PLANE ( 'NONE',  #3777 ) ;
#1185 = VECTOR ( 'NONE', #7654, 1000.000000000000000 ) ;
#1186 = EDGE_CURVE ( 'NONE', #5041, #7291, #1892, .T. ) ;
#1187 = LINE ( 'NONE', #11844, #12127 ) ;
#1188 = DIRECTION ( 'NONE',  ( -0.000000000000000000, -0.000000000000000000, -1.000000000000000000 ) ) ;
#1189 = CARTESIAN_POINT ( 'NONE',  ( 31.39999999999997726, 26.15914333795139157, 0.4500000000000000111 ) ) ;
#1190 = VERTEX_POINT ( 'NONE', #937 ) ;
#1191 = LINE ( 'NONE', #9628, #2422 ) ;
#1192 = ORIENTED_EDGE ( 'NONE', *, *, #11538, .F. ) ;
#1193 = LINE ( 'NONE', #5057, #2195 ) ;
#1194 = ORIENTED_EDGE ( 'NONE', *, *, #4924, .T. ) ;
#1195 = CARTESIAN_POINT ( 'NONE',  ( -28.49999999999997158, 21.13619599600163212, 0.4500000000000000111 ) ) ;
#1196 = ORIENTED_EDGE ( 'NONE', *, *, #5621, .T. ) ;
#1197 = VECTOR ( 'NONE', #9089, 1000.000000000000000 ) ;
#1198 = CARTESIAN_POINT ( 'NONE',  ( -14.89999999999999680, 23.27239199200323228, 0.4500000000000000111 ) ) ;
#1199 = CARTESIAN_POINT ( 'NONE',  ( 16.94999999999998153, 23.99407982849027832, 0.000000000000000000 ) ) ;
#1200 = DIRECTION ( 'NONE',  ( 0.8660254037844393737, 0.4999999999999985012, 0.000000000000000000 ) ) ;
#1201 = CARTESIAN_POINT ( 'NONE',  ( -12.85000000000000497, 18.27831216351296817, 0.4500000000000000111 ) ) ;
#1202 = PLANE ( 'NONE',  #3057 ) ;
#1203 = LINE ( 'NONE', #11803, #7427 ) ;
#1204 = ORIENTED_EDGE ( 'NONE', *, *, #7225, .T. ) ;
#1205 = ORIENTED_EDGE ( 'NONE', *, *, #11949, .T. ) ;
#1206 = CARTESIAN_POINT ( 'NONE',  ( -22.75000000000000000, 18.27831216351297172, 0.000000000000000000 ) ) ;
#1207 = VECTOR ( 'NONE', #6306, 1000.000000000000000 ) ;
#1208 = ORIENTED_EDGE ( 'NONE', *, *, #2532, .F. ) ;
#1209 = ORIENTED_EDGE ( 'NONE', *, *, #8380, .T. ) ;
#1210 = ORIENTED_EDGE ( 'NONE', *, *, #2395, .F. ) ;
#1211 = DIRECTION ( 'NONE',  ( 0.000000000000000000, 0.000000000000000000, -1.000000000000000000 ) ) ;
#1212 = LINE ( 'NONE', #11812, #2929 ) ;
#1213 = CARTESIAN_POINT ( 'NONE',  ( 21.10000000000001563, 22.57957166897569223, 0.4500000000000000111 ) ) ;
#1214 = CIRCLE ( 'NONE', #7287, 6.600000000000008527 ) ;
#1215 = EDGE_CURVE ( 'NONE', #837, #5497, #4804, .T. ) ;
#1216 = CARTESIAN_POINT ( 'NONE',  ( 21.22435565298206939, 25.99999999999999645, 0.4500000000000000111 ) ) ;
#1217 = ORIENTED_EDGE ( 'NONE', *, *, #8205, .F. ) ;
#1218 = DIRECTION ( 'NONE',  ( 9.614813431917789401E-15, 1.000000000000000000, 0.000000000000000000 ) ) ;
#1219 = DIRECTION ( 'NONE',  ( 1.000000000000000000, 0.000000000000000000, 0.000000000000000000 ) ) ;
#1220 = ORIENTED_EDGE ( 'NONE', *, *, #7661, .T. ) ;
#1221 = ORIENTED_EDGE ( 'NONE', *, *, #9872, .T. ) ;
#1222 = CARTESIAN_POINT ( 'NONE',  ( -20.24999999999998224, 19.72168783648705315, 0.4500000000000000111 ) ) ;
#1223 = ADVANCED_FACE ( 'NONE', ( #3324 ), #12155, .F. ) ;
#1224 = DIRECTION ( 'NONE',  ( 0.4999999999999997224, -0.8660254037844388186, -0.000000000000000000 ) ) ;
#1225 = AXIS2_PLACEMENT_3D ( 'NONE', #382, #4193, #7878 ) ;
#1226 = CARTESIAN_POINT ( 'NONE',  ( -7.049999999999986500, 23.99407982849027121, 0.4500000000000000111 ) ) ;
#1227 = ADVANCED_FACE ( 'NONE', ( #4466 ), #241, .T. ) ;
#1228 = CARTESIAN_POINT ( 'NONE',  ( 8.300000000000002487, 23.27239199200323228, 0.4500000000000000111 ) ) ;
#1229 = DIRECTION ( 'NONE',  ( 0.8660254037844394848, 0.4999999999999984457, 0.000000000000000000 ) ) ;
#1230 = DATE_AND_TIME ( #10882, #8020 ) ;
#1231 = ORIENTED_EDGE ( 'NONE', *, *, #1474, .T. ) ;
#1232 = DIRECTION ( 'NONE',  ( -9.614813431917789401E-15, 1.000000000000000000, 0.000000000000000000 ) ) ;
#1233 = CARTESIAN_POINT ( 'NONE',  ( 9.999999999999996447, 22.00000000000000355, 0.4500000000000000111 ) ) ;
#1234 = EDGE_CURVE ( 'NONE', #2561, #8969, #6964, .T. ) ;
#1235 = CARTESIAN_POINT ( 'NONE',  ( 22.75000000000000000, 18.27831216351297172, 0.4500000000000000111 ) ) ;
#1236 = AXIS2_PLACEMENT_3D ( 'NONE', #5823, #5759, #5888 ) ;
#1237 = ORIENTED_EDGE ( 'NONE', *, *, #10990, .F. ) ;
#1238 = EDGE_LOOP ( 'NONE', ( #2365, #2098, #7933, #10207, #3791, #4420, #1285 ) ) ;
#1239 = ORIENTED_EDGE ( 'NONE', *, *, #1726, .T. ) ;
#1240 = CARTESIAN_POINT ( 'NONE',  ( -17.80000000000001847, 22.57957166897568868, 0.4500000000000000111 ) ) ;
#1241 = CARTESIAN_POINT ( 'NONE',  ( -7.049999999999986500, 23.99407982849027121, 0.000000000000000000 ) ) ;
#1242 = ORIENTED_EDGE ( 'NONE', *, *, #11112, .F. ) ;
#1243 = LINE ( 'NONE', #8032, #7199 ) ;
#1244 = EDGE_CURVE ( 'NONE', #12507, #2263, #4403, .T. ) ;
#1245 = EDGE_CURVE ( 'NONE', #6154, #4313, #9828, .T. ) ;
#1246 = AXIS2_PLACEMENT_3D ( 'NONE', #148, #972, #5730 ) ;
#1247 = DIRECTION ( 'NONE',  ( -0.8660254037844383745, 0.5000000000000003331, 0.000000000000000000 ) ) ;
#1248 = CARTESIAN_POINT ( 'NONE',  ( 19.45000000000001705, 19.72168783648704249, 0.000000000000000000 ) ) ;
#1249 = LINE ( 'NONE', #3327, #12095 ) ;
#1250 = VERTEX_POINT ( 'NONE', #9170 ) ;
#1251 = DIRECTION ( 'NONE',  ( -1.000000000000000000, 0.000000000000000000, 0.000000000000000000 ) ) ;
#1252 = ORIENTED_EDGE ( 'NONE', *, *, #9180, .F. ) ;
#1253 = EDGE_CURVE ( 'NONE', #10838, #10350, #6250, .T. ) ;
#1254 = EDGE_CURVE ( 'NONE', #12019, #8455, #7264, .T. ) ;
#1255 = FACE_OUTER_BOUND ( 'NONE', #5379, .T. ) ;
#1256 = ORIENTED_EDGE ( 'NONE', *, *, #8931, .F. ) ;
#1257 = DIRECTION ( 'NONE',  ( 0.000000000000000000, 0.000000000000000000, -1.000000000000000000 ) ) ;
#1258 = ORIENTED_EDGE ( 'NONE', *, *, #6143, .F. ) ;
#1259 = DIRECTION ( 'NONE',  ( -0.4999999999999985567, 0.8660254037844394848, 0.000000000000000000 ) ) ;
#1260 = CARTESIAN_POINT ( 'NONE',  ( -34.13803623537167908, 25.83469340716843377, 0.4500000000000000111 ) ) ;
#1261 = DIRECTION ( 'NONE',  ( -9.614813431917789401E-15, 1.000000000000000000, 0.000000000000000000 ) ) ;
#1262 = DIRECTION ( 'NONE',  ( 0.8660254037844387076, 0.4999999999999997224, 0.000000000000000000 ) ) ;
#1263 = EDGE_CURVE ( 'NONE', #2263, #4939, #467, .T. ) ;
#1264 = DIRECTION ( 'NONE',  ( -0.8660254037844393737, 0.4999999999999985012, 0.000000000000000000 ) ) ;
#1265 = EDGE_LOOP ( 'NONE', ( #3795, #2977, #11496, #2550 ) ) ;
#1266 = VERTEX_POINT ( 'NONE', #9305 ) ;
#1267 = VECTOR ( 'NONE', #1174, 1000.000000000000114 ) ;
#1268 = DIRECTION ( 'NONE',  ( -0.000000000000000000, -0.000000000000000000, -1.000000000000000000 ) ) ;
#1269 = VECTOR ( 'NONE', #4864, 1000.000000000000000 ) ;
#1270 = VERTEX_POINT ( 'NONE', #9899 ) ;
#1271 = ORIENTED_EDGE ( 'NONE', *, *, #8222, .T. ) ;
#1272 = VERTEX_POINT ( 'NONE', #5292 ) ;
#1273 = EDGE_CURVE ( 'NONE', #9423, #5833, #8218, .T. ) ;
#1274 = CARTESIAN_POINT ( 'NONE',  ( 27.69999999999999574, 21.13619599600162502, 0.4500000000000000111 ) ) ;
#1275 = CARTESIAN_POINT ( 'NONE',  ( -23.14999999999999503, 20.41450815951458608, 0.4500000000000000111 ) ) ;
#1276 = VECTOR ( 'NONE', #6527, 1000.000000000000000 ) ;
#1277 = FACE_OUTER_BOUND ( 'NONE', #11011, .T. ) ;
#1278 = CARTESIAN_POINT ( 'NONE',  ( 9.550000000000018474, 25.43745550146433132, 0.4500000000000000111 ) ) ;
#1279 = FACE_OUTER_BOUND ( 'NONE', #7133, .T. ) ;
#1280 = ORIENTED_EDGE ( 'NONE', *, *, #618, .T. ) ;
#1281 = PLANE ( 'NONE',  #6094 ) ;
#1282 = CARTESIAN_POINT ( 'NONE',  ( -24.79999999999999361, 23.27239199200323938, 0.4500000000000000111 ) ) ;
#1283 = ORIENTED_EDGE ( 'NONE', *, *, #1633, .T. ) ;
#1284 = VECTOR ( 'NONE', #12108, 1000.000000000000114 ) ;
#1285 = ORIENTED_EDGE ( 'NONE', *, *, #5702, .F. ) ;
#1286 = EDGE_CURVE ( 'NONE', #4095, #10430, #2438, .T. ) ;
#1287 = LINE ( 'NONE', #3947, #12322 ) ;
#1288 = DIRECTION ( 'NONE',  ( -0.8660254037844394848, -0.4999999999999985012, 0.000000000000000000 ) ) ;
#1289 = DIRECTION ( 'NONE',  ( 0.4999999999999997224, -0.8660254037844388186, -0.000000000000000000 ) ) ;
#1290 = LINE ( 'NONE', #9156, #11841 ) ;
#1291 = ORIENTED_EDGE ( 'NONE', *, *, #7473, .F. ) ;
#1292 = DIRECTION ( 'NONE',  ( -0.8660254037844393737, 0.4999999999999985012, 0.000000000000000000 ) ) ;
#1293 = PLANE ( 'NONE',  #654 ) ;
#1294 = DIRECTION ( 'NONE',  ( 0.000000000000000000, 0.000000000000000000, -1.000000000000000000 ) ) ;
#1295 = VERTEX_POINT ( 'NONE', #8881 ) ;
#1296 = VERTEX_POINT ( 'NONE', #10182 ) ;
#1297 = ORIENTED_EDGE ( 'NONE', *, *, #5552, .F. ) ;
#1298 = CARTESIAN_POINT ( 'NONE',  ( 20.24999999999997513, 25.43745550146434908, 0.4500000000000000111 ) ) ;
#1299 = CARTESIAN_POINT ( 'NONE',  ( 13.64999999999998437, 19.72168783648705315, 0.000000000000000000 ) ) ;
#1300 = VERTEX_POINT ( 'NONE', #601 ) ;
#1301 = CARTESIAN_POINT ( 'NONE',  ( -15.29999999999998295, 22.57957166897569934, 0.4500000000000000111 ) ) ;
#1302 = VECTOR ( 'NONE', #8198, 1000.000000000000114 ) ;
#1303 = LINE ( 'NONE', #9054, #3398 ) ;
#1304 = DIRECTION ( 'NONE',  ( 1.000000000000000000, 0.000000000000000000, 0.000000000000000000 ) ) ;
#1305 = LINE ( 'NONE', #9058, #2963 ) ;
#1306 = ORIENTED_EDGE ( 'NONE', *, *, #11426, .T. ) ;
#1307 = CARTESIAN_POINT ( 'NONE',  ( -28.09999999999998010, 20.44337567297409208, 0.4500000000000000111 ) ) ;
#1308 = ORIENTED_EDGE ( 'NONE', *, *, #1439, .T. ) ;
#1309 = EDGE_CURVE ( 'NONE', #1579, #11671, #8946, .T. ) ;
#1310 = EDGE_CURVE ( 'NONE', #6489, #9992, #4746, .T. ) ;
#1311 = VECTOR ( 'NONE', #1803, 1000.000000000000000 ) ;
#1312 = LINE ( 'NONE', #672, #9293 ) ;
#1313 = ORIENTED_EDGE ( 'NONE', *, *, #7514, .T. ) ;
#1314 = AXIS2_PLACEMENT_3D ( 'NONE', #2861, #3622, #5591 ) ;
#1315 = EDGE_CURVE ( 'NONE', #3191, #7147, #8197, .T. ) ;
#1316 = CARTESIAN_POINT ( 'NONE',  ( 18.59999999999998010, 22.57957166897570289, 0.4500000000000000111 ) ) ;
#1317 = VERTEX_POINT ( 'NONE', #3091 ) ;
#1318 = EDGE_CURVE ( 'NONE', #10938, #1710, #3512, .T. ) ;
#1319 = CARTESIAN_POINT ( 'NONE',  ( 14.50000000000001599, 22.57957166897568868, 0.000000000000000000 ) ) ;
#1320 = PLANE ( 'NONE',  #1172 ) ;
#1321 = EDGE_CURVE ( 'NONE', #6783, #2209, #2500, .T. ) ;
#1322 = CARTESIAN_POINT ( 'NONE',  ( 32.64999999999999147, 18.27831216351297527, 0.4500000000000000111 ) ) ;
#1323 = VECTOR ( 'NONE', #6935, 1000.000000000000000 ) ;
#1324 = EDGE_CURVE ( 'NONE', #5826, #9924, #9240, .T. ) ;
#1325 = CARTESIAN_POINT ( 'NONE',  ( -10.34999999999998721, 18.27831216351297527, 0.4500000000000000111 ) ) ;
#1326 = VERTEX_POINT ( 'NONE', #1198 ) ;
#1327 = VECTOR ( 'NONE', #4106, 1000.000000000000114 ) ;
#1328 = ORIENTED_EDGE ( 'NONE', *, *, #10066, .T. ) ;
#1329 = DIRECTION ( 'NONE',  ( 0.000000000000000000, 0.000000000000000000, -1.000000000000000000 ) ) ;
#1330 = EDGE_LOOP ( 'NONE', ( #981, #1461, #433, #6123 ) ) ;
#1331 = ORIENTED_EDGE ( 'NONE', *, *, #2599, .T. ) ;
#1332 = VECTOR ( 'NONE', #4645, 1000.000000000000000 ) ;
#1333 = ORIENTED_EDGE ( 'NONE', *, *, #3525, .T. ) ;
#1334 = LINE ( 'NONE', #8179, #1752 ) ;
#1335 = PLANE ( 'NONE',  #4347 ) ;
#1336 = EDGE_CURVE ( 'NONE', #12062, #5794, #5063, .T. ) ;
#1337 = DIRECTION ( 'NONE',  ( -0.8660254037844393737, -0.4999999999999985012, 0.000000000000000000 ) ) ;
#1338 = CARTESIAN_POINT ( 'NONE',  ( -11.20000000000001883, 22.57957166897568513, 0.4500000000000000111 ) ) ;
#1339 = CARTESIAN_POINT ( 'NONE',  ( 34.69999999999998153, 23.27239199200324649, 0.4500000000000000111 ) ) ;
#1340 = VERTEX_POINT ( 'NONE', #11331 ) ;
#1341 = VECTOR ( 'NONE', #2333, 1000.000000000000000 ) ;
#1342 = CARTESIAN_POINT ( 'NONE',  ( -14.89999999999998437, 26.15914333795138447, 0.4500000000000000111 ) ) ;
#1343 = VECTOR ( 'NONE', #8299, 1000.000000000000000 ) ;
#1344 = DIRECTION ( 'NONE',  ( -1.000000000000000000, 0.000000000000000000, 0.000000000000000000 ) ) ;
#1345 = ADVANCED_FACE ( 'NONE', ( #5483 ), #2627, .T. ) ;
#1346 = ORIENTED_EDGE ( 'NONE', *, *, #10756, .T. ) ;
#1347 = ORIENTED_EDGE ( 'NONE', *, *, #9614, .T. ) ;
#1348 = ADVANCED_FACE ( 'NONE', ( #7454 ), #11388, .T. ) ;
#1349 = CARTESIAN_POINT ( 'NONE',  ( 18.59999999999998010, 22.57957166897570289, 0.000000000000000000 ) ) ;
#1350 = AXIS2_PLACEMENT_3D ( 'NONE', #2831, #3021, #11724 ) ;
#1351 = LINE ( 'NONE', #9153, #5584 ) ;
#1352 = CARTESIAN_POINT ( 'NONE',  ( -35.95000000000000995, 19.72168783648704604, 0.000000000000000000 ) ) ;
#1353 = LINE ( 'NONE', #5404, #1088 ) ;
#1354 = ORIENTED_EDGE ( 'NONE', *, *, #10550, .F. ) ;
#1355 = CARTESIAN_POINT ( 'NONE',  ( 16.54999999999999005, 23.30125950546273828, 0.4500000000000000111 ) ) ;
#1356 = DIRECTION ( 'NONE',  ( -0.8660254037844394848, -0.4999999999999985012, 0.000000000000000000 ) ) ;
#1357 = VERTEX_POINT ( 'NONE', #12347 ) ;
#1358 = ORIENTED_EDGE ( 'NONE', *, *, #3089, .F. ) ;
#1359 = DIRECTION ( 'NONE',  ( -0.8660254037844394848, -0.4999999999999985012, 0.000000000000000000 ) ) ;
#1360 = ORIENTED_EDGE ( 'NONE', *, *, #950, .T. ) ;
#1361 = PLANE ( 'NONE',  #9012 ) ;
#1362 = CARTESIAN_POINT ( 'NONE',  ( -9.950000000000002842, 20.41450815951458253, 0.4500000000000000111 ) ) ;
#1363 = VERTEX_POINT ( 'NONE', #1744 ) ;
#1364 = DIRECTION ( 'NONE',  ( 0.000000000000000000, 0.000000000000000000, -1.000000000000000000 ) ) ;
#1365 = CARTESIAN_POINT ( 'NONE',  ( -29.74999999999997868, 23.30125950546274183, 0.000000000000000000 ) ) ;
#1366 = CARTESIAN_POINT ( 'NONE',  ( -29.74999999999998934, 20.41450815951459319, 0.4500000000000000111 ) ) ;
#1367 = ADVANCED_FACE ( 'NONE', ( #9368 ), #661, .T. ) ;
#1368 = EDGE_CURVE ( 'NONE', #6430, #4066, #3767, .T. ) ;
#1369 = CARTESIAN_POINT ( 'NONE',  ( -10.83205080756887639, 18.00000000000000355, 0.000000000000000000 ) ) ;
#1370 = ORIENTED_EDGE ( 'NONE', *, *, #4310, .T. ) ;
#1371 = LINE ( 'NONE', #414, #5465 ) ;
#1372 = ORIENTED_EDGE ( 'NONE', *, *, #3718, .T. ) ;
#1373 = AXIS2_PLACEMENT_3D ( 'NONE', #8092, #2310, #11906 ) ;
#1374 = VECTOR ( 'NONE', #11530, 1000.000000000000000 ) ;
#1375 = CARTESIAN_POINT ( 'NONE',  ( -26.05000000000001137, 19.72168783648704604, 0.4500000000000000111 ) ) ;
#1376 = ORIENTED_EDGE ( 'NONE', *, *, #7621, .T. ) ;
#1377 = DIRECTION ( 'NONE',  ( 0.000000000000000000, 0.000000000000000000, -1.000000000000000000 ) ) ;
#1378 = ORIENTED_EDGE ( 'NONE', *, *, #8106, .F. ) ;
#1379 = EDGE_CURVE ( 'NONE', #9044, #5669, #6559, .T. ) ;
#1380 = CARTESIAN_POINT ( 'NONE',  ( -11.60000000000000320, 17.55662432702593634, 0.4500000000000000111 ) ) ;
#1381 = PLANE ( 'NONE',  #7652 ) ;
#1382 = DIRECTION ( 'NONE',  ( 0.000000000000000000, 0.000000000000000000, -1.000000000000000000 ) ) ;
#1383 = LINE ( 'NONE', #3344, #10059 ) ;
#1384 = ORIENTED_EDGE ( 'NONE', *, *, #9540, .T. ) ;
#1385 = VERTEX_POINT ( 'NONE', #5609 ) ;
#1386 = ADVANCED_FACE ( 'NONE', ( #9491 ), #904, .T. ) ;
#1387 = DIRECTION ( 'NONE',  ( 1.000000000000000000, 9.614813431917789401E-15, 0.000000000000000000 ) ) ;
#1388 = EDGE_CURVE ( 'NONE', #798, #8373, #11518, .T. ) ;
#1389 = ORIENTED_EDGE ( 'NONE', *, *, #3797, .F. ) ;
#1390 = ORIENTED_EDGE ( 'NONE', *, *, #3719, .F. ) ;
#1391 = VECTOR ( 'NONE', #9281, 1000.000000000000000 ) ;
#1392 = VERTEX_POINT ( 'NONE', #7700 ) ;
#1393 = CARTESIAN_POINT ( 'NONE',  ( -31.79999999999996874, 22.57957166897570644, 0.4500000000000000111 ) ) ;
#1394 = LINE ( 'NONE', #1589, #9836 ) ;
#1395 = EDGE_CURVE ( 'NONE', #5108, #3381, #8536, .T. ) ;
#1396 = CARTESIAN_POINT ( 'NONE',  ( 33.04999999999998295, 20.41450815951459319, 0.4500000000000000111 ) ) ;
#1397 = FACE_OUTER_BOUND ( 'NONE', #3535, .T. ) ;
#1398 = FACE_OUTER_BOUND ( 'NONE', #748, .T. ) ;
#1399 = ORIENTED_EDGE ( 'NONE', *, *, #7589, .T. ) ;
#1400 = VECTOR ( 'NONE', #11412, 1000.000000000000000 ) ;
#1401 = DIRECTION ( 'NONE',  ( 0.8660254037844387076, 0.4999999999999997224, 0.000000000000000000 ) ) ;
#1402 = ORIENTED_EDGE ( 'NONE', *, *, #42, .T. ) ;
#1403 = CARTESIAN_POINT ( 'NONE',  ( 18.19999999999998863, 20.44337567297408498, 0.000000000000000000 ) ) ;
#1404 = VERTEX_POINT ( 'NONE', #8412 ) ;
#1405 = ORIENTED_EDGE ( 'NONE', *, *, #1164, .F. ) ;
#1406 = ADVANCED_FACE ( 'NONE', ( #10377 ), #11578, .T. ) ;
#1407 = LINE ( 'NONE', #1600, #7781 ) ;
#1408 = DIRECTION ( 'NONE',  ( -0.8660254037844383745, -0.5000000000000003331, 0.000000000000000000 ) ) ;
#1409 = CIRCLE ( 'NONE', #1007, 3.999999999999996447 ) ;
#1410 = CARTESIAN_POINT ( 'NONE',  ( -13.64999999999998082, 25.43745550146434553, 0.4500000000000000111 ) ) ;
#1411 = PLANE ( 'NONE',  #8796 ) ;
#1412 = VERTEX_POINT ( 'NONE', #5542 ) ;
#1413 = PLANE ( 'NONE',  #4072 ) ;
#1414 = DIRECTION ( 'NONE',  ( -0.000000000000000000, -0.000000000000000000, 1.000000000000000000 ) ) ;
#1415 = VECTOR ( 'NONE', #2245, 1000.000000000000114 ) ;
#1416 = ORIENTED_EDGE ( 'NONE', *, *, #12222, .T. ) ;
#1417 = PLANE ( 'NONE',  #10265 ) ;
#1418 = DIRECTION ( 'NONE',  ( 9.614813431917789401E-15, 1.000000000000000000, 0.000000000000000000 ) ) ;
#1419 = AXIS2_PLACEMENT_3D ( 'NONE', #10102, #8326, #7659 ) ;
#1420 = VERTEX_POINT ( 'NONE', #12282 ) ;
#1421 = DIRECTION ( 'NONE',  ( -0.8660254037844393737, -0.4999999999999985012, 0.000000000000000000 ) ) ;
#1422 = LINE ( 'NONE', #5289, #6635 ) ;
#1423 = DIRECTION ( 'NONE',  ( 0.000000000000000000, 0.000000000000000000, -1.000000000000000000 ) ) ;
#1424 = DIRECTION ( 'NONE',  ( 0.000000000000000000, 0.000000000000000000, -1.000000000000000000 ) ) ;
#1425 = VECTOR ( 'NONE', #4856, 1000.000000000000000 ) ;
#1426 = CARTESIAN_POINT ( 'NONE',  ( 23.14999999999998437, 23.30125950546273828, 0.4500000000000000111 ) ) ;
#1427 = CARTESIAN_POINT ( 'NONE',  ( -24.03205080756887924, 18.00000000000000355, 0.000000000000000000 ) ) ;
#1428 = CARTESIAN_POINT ( 'NONE',  ( 33.04999999999998295, 20.41450815951459319, 0.4500000000000000111 ) ) ;
#1429 = ORIENTED_EDGE ( 'NONE', *, *, #1052, .F. ) ;
#1430 = CARTESIAN_POINT ( 'NONE',  ( 12.85000000000000497, 18.27831216351296817, 0.4500000000000000111 ) ) ;
#1431 = EDGE_CURVE ( 'NONE', #4901, #8929, #3697, .T. ) ;
#1432 = VERTEX_POINT ( 'NONE', #5667 ) ;
#1433 = CARTESIAN_POINT ( 'NONE',  ( 22.26794919243111792, 18.00000000000000355, 0.4500000000000000111 ) ) ;
#1434 = VERTEX_POINT ( 'NONE', #3577 ) ;
#1435 = VECTOR ( 'NONE', #3921, 1000.000000000000000 ) ;
#1436 = FACE_OUTER_BOUND ( 'NONE', #7186, .T. ) ;
#1437 = EDGE_LOOP ( 'NONE', ( #9409, #7928, #427, #906 ) ) ;
#1438 = ADVANCED_FACE ( 'NONE', ( #2748 ), #9432, .T. ) ;
#1439 = EDGE_CURVE ( 'NONE', #4599, #8122, #1807, .T. ) ;
#1440 = DIRECTION ( 'NONE',  ( -1.000000000000000000, 0.000000000000000000, 0.000000000000000000 ) ) ;
#1441 = ORIENTED_EDGE ( 'NONE', *, *, #7140, .T. ) ;
#1442 = DIRECTION ( 'NONE',  ( 1.000000000000000000, 0.000000000000000000, 0.000000000000000000 ) ) ;
#1443 = LINE ( 'NONE', #6213, #8647 ) ;
#1444 = ORIENTED_EDGE ( 'NONE', *, *, #4555, .T. ) ;
#1445 = EDGE_CURVE ( 'NONE', #7091, #9250, #8590, .T. ) ;
#1446 = ORIENTED_EDGE ( 'NONE', *, *, #29, .F. ) ;
#1447 = DIRECTION ( 'NONE',  ( 0.000000000000000000, -1.000000000000000000, 0.000000000000000000 ) ) ;
#1448 = ORIENTED_EDGE ( 'NONE', *, *, #4576, .T. ) ;
#1449 = CARTESIAN_POINT ( 'NONE',  ( 26.05000000000001137, 19.72168783648704604, 0.000000000000000000 ) ) ;
#1450 = EDGE_LOOP ( 'NONE', ( #10178, #87, #11438, #5647 ) ) ;
#1451 = VERTEX_POINT ( 'NONE', #848 ) ;
#1452 = LINE ( 'NONE', #6983, #11032 ) ;
#1453 = FACE_OUTER_BOUND ( 'NONE', #10873, .T. ) ;
#1454 = ADVANCED_FACE ( 'NONE', ( #4712 ), #8721, .T. ) ;
#1455 = CARTESIAN_POINT ( 'NONE',  ( -13.64999999999998437, 19.72168783648705315, 0.4500000000000000111 ) ) ;
#1456 = CARTESIAN_POINT ( 'NONE',  ( -32.99999999999999289, 18.00000000000000355, 0.4500000000000000111 ) ) ;
#1457 = DIRECTION ( 'NONE',  ( 0.000000000000000000, 0.000000000000000000, -1.000000000000000000 ) ) ;
#1458 = LINE ( 'NONE', #7114, #12517 ) ;
#1459 = EDGE_LOOP ( 'NONE', ( #4556, #8864, #3647, #1446 ) ) ;
#1460 = CARTESIAN_POINT ( 'NONE',  ( -36.87319111346176470, 22.99919497526796519, 0.4500000000000000111 ) ) ;
#1461 = ORIENTED_EDGE ( 'NONE', *, *, #12100, .F. ) ;
#1462 = PLANE ( 'NONE',  #177 ) ;
#1463 = ORIENTED_EDGE ( 'NONE', *, *, #7153, .F. ) ;
#1464 = EDGE_CURVE ( 'NONE', #6457, #2770, #9798, .T. ) ;
#1465 = EDGE_CURVE ( 'NONE', #6307, #12324, #3061, .T. ) ;
#1466 = ORIENTED_EDGE ( 'NONE', *, *, #9606, .F. ) ;
#1467 = VECTOR ( 'NONE', #7072, 1000.000000000000000 ) ;
#1468 = DIRECTION ( 'NONE',  ( 0.000000000000000000, 0.000000000000000000, -1.000000000000000000 ) ) ;
#1469 = PLANE ( 'NONE',  #2352 ) ;
#1470 = EDGE_CURVE ( 'NONE', #417, #10629, #1097, .T. ) ;
#1471 = DIRECTION ( 'NONE',  ( -1.000000000000000000, 9.614813431917789401E-15, 0.000000000000000000 ) ) ;
#1472 = LINE ( 'NONE', #8272, #1498 ) ;
#1473 = VERTEX_POINT ( 'NONE', #6057 ) ;
#1474 = EDGE_CURVE ( 'NONE', #6723, #2634, #8852, .T. ) ;
#1475 = EDGE_CURVE ( 'NONE', #9835, #5503, #8977, .T. ) ;
#1476 = LINE ( 'NONE', #11319, #10744 ) ;
#1477 = EDGE_CURVE ( 'NONE', #11914, #3994, #5096, .T. ) ;
#1478 = FACE_BOUND ( 'NONE', #3197, .T. ) ;
#1479 = AXIS2_PLACEMENT_3D ( 'NONE', #2285, #6162, #8256 ) ;
#1480 = ORIENTED_EDGE ( 'NONE', *, *, #6921, .F. ) ;
#1481 = DIRECTION ( 'NONE',  ( -0.8660254037844393737, 0.4999999999999985012, 0.000000000000000000 ) ) ;
#1482 = DIRECTION ( 'NONE',  ( -0.5000000000000004441, -0.8660254037844384856, 0.000000000000000000 ) ) ;
#1483 = ORIENTED_EDGE ( 'NONE', *, *, #2998, .T. ) ;
#1484 = DIRECTION ( 'NONE',  ( 0.000000000000000000, 0.000000000000000000, -1.000000000000000000 ) ) ;
#1485 = PLANE ( 'NONE',  #769 ) ;
#1486 = LINE ( 'NONE', #3510, #10844 ) ;
#1487 = CARTESIAN_POINT ( 'NONE',  ( 19.45000000000001705, 19.72168783648704249, 0.4500000000000000111 ) ) ;
#1488 = CARTESIAN_POINT ( 'NONE',  ( 23.54999999999997584, 25.43745550146435264, 0.4500000000000000111 ) ) ;
#1489 = CARTESIAN_POINT ( 'NONE',  ( 9.550000000000022027, 19.72168783648703538, 0.4500000000000000111 ) ) ;
#1490 = EDGE_CURVE ( 'NONE', #5865, #8755, #9930, .T. ) ;
#1491 = CARTESIAN_POINT ( 'NONE',  ( 33.04999999999998295, 20.41450815951459319, 0.4500000000000000111 ) ) ;
#1492 = CARTESIAN_POINT ( 'NONE',  ( 23.54999999999997584, 23.99407982849027832, 0.000000000000000000 ) ) ;
#1493 = ORIENTED_EDGE ( 'NONE', *, *, #6953, .T. ) ;
#1494 = PLANE ( 'NONE',  #5858 ) ;
#1495 = ORIENTED_EDGE ( 'NONE', *, *, #10446, .F. ) ;
#1496 = EDGE_CURVE ( 'NONE', #4857, #5218, #3890, .T. ) ;
#1497 = ADVANCED_FACE ( 'NONE', ( #6870 ), #4136, .T. ) ;
#1498 = VECTOR ( 'NONE', #7314, 1000.000000000000000 ) ;
#1499 = CARTESIAN_POINT ( 'NONE',  ( 26.04999999999999716, 23.99407982849027121, 0.000000000000000000 ) ) ;
#1500 = ORIENTED_EDGE ( 'NONE', *, *, #3320, .F. ) ;
#1501 = LINE ( 'NONE', #12359, #4772 ) ;
#1502 = ORIENTED_EDGE ( 'NONE', *, *, #11890, .F. ) ;
#1503 = APPROVAL ( #9037, 'UNSPECIFIED' ) ;
#1504 = VECTOR ( 'NONE', #4705, 1000.000000000000114 ) ;
#1505 = LINE ( 'NONE', #4669, #1284 ) ;
#1506 = ORIENTED_EDGE ( 'NONE', *, *, #4735, .T. ) ;
#1507 = DIRECTION ( 'NONE',  ( -0.8660254037844387076, 0.4999999999999997224, 0.000000000000000000 ) ) ;
#1508 = CARTESIAN_POINT ( 'NONE',  ( 18.19999999999998863, 20.44337567297408498, 0.4500000000000000111 ) ) ;
#1509 = VERTEX_POINT ( 'NONE', #2048 ) ;
#1510 = VECTOR ( 'NONE', #12445, 1000.000000000000114 ) ;
#1511 = ORIENTED_EDGE ( 'NONE', *, *, #3310, .T. ) ;
#1512 = AXIS2_PLACEMENT_3D ( 'NONE', #7919, #7328, #2144 ) ;
#1513 = DIRECTION ( 'NONE',  ( -0.8660254037844387076, 0.4999999999999997224, 0.000000000000000000 ) ) ;
#1514 = VECTOR ( 'NONE', #5260, 1000.000000000000000 ) ;
#1515 = ORIENTED_EDGE ( 'NONE', *, *, #5877, .T. ) ;
#1516 = DIRECTION ( 'NONE',  ( 0.8660254037844394848, -0.4999999999999985012, 0.000000000000000000 ) ) ;
#1517 = VERTEX_POINT ( 'NONE', #10881 ) ;
#1518 = ORIENTED_EDGE ( 'NONE', *, *, #4387, .F. ) ;
#1519 = VECTOR ( 'NONE', #1423, 1000.000000000000000 ) ;
#1520 = LINE ( 'NONE', #11170, #3285 ) ;
#1521 = DIRECTION ( 'NONE',  ( 0.5000000000000004441, -0.8660254037844384856, 0.000000000000000000 ) ) ;
#1522 = FACE_BOUND ( 'NONE', #11804, .T. ) ;
#1523 = CARTESIAN_POINT ( 'NONE',  ( 21.49999999999998579, 20.44337567297409208, 0.000000000000000000 ) ) ;
#1524 = VECTOR ( 'NONE', #6503, 1000.000000000000000 ) ;
#1525 = CARTESIAN_POINT ( 'NONE',  ( -9.999999999999996447, 22.00000000000000355, 0.4500000000000000111 ) ) ;
#1526 = PLANE ( 'NONE',  #5790 ) ;
#1527 = EDGE_LOOP ( 'NONE', ( #9460, #9195, #12054, #8758 ) ) ;
#1528 = PLANE ( 'NONE',  #10752 ) ;
#1529 = ORIENTED_EDGE ( 'NONE', *, *, #618, .F. ) ;
#1530 = EDGE_CURVE ( 'NONE', #4538, #2776, #3001, .T. ) ;
#1531 = ADVANCED_FACE ( 'NONE', ( #11640 ), #2110, .T. ) ;
#1532 = PLANE ( 'NONE',  #8294 ) ;
#1533 = VERTEX_POINT ( 'NONE', #5030 ) ;
#1534 = VECTOR ( 'NONE', #10943, 1000.000000000000000 ) ;
#1535 = ORIENTED_EDGE ( 'NONE', *, *, #859, .T. ) ;
#1536 = SECURITY_CLASSIFICATION ( '', '', #8142 ) ;
#1537 = CARTESIAN_POINT ( 'NONE',  ( -9.950000000000002842, 20.41450815951458253, 0.4500000000000000111 ) ) ;
#1538 = LINE ( 'NONE', #11188, #2738 ) ;
#1539 = CARTESIAN_POINT ( 'NONE',  ( -15.29999999999998295, 21.13619599600162502, 0.000000000000000000 ) ) ;
#1540 = VECTOR ( 'NONE', #77, 1000.000000000000000 ) ;
#1541 = CARTESIAN_POINT ( 'NONE',  ( 35.94999999999998863, 23.99407982849027832, 0.000000000000000000 ) ) ;
#1542 = VECTOR ( 'NONE', #10972, 1000.000000000000000 ) ;
#1543 = ADVANCED_FACE ( 'NONE', ( #7948 ), #5787, .T. ) ;
#1544 = EDGE_LOOP ( 'NONE', ( #3152, #4760, #11902, #1493 ) ) ;
#1545 = CARTESIAN_POINT ( 'NONE',  ( 26.84999999999997300, 25.43745550146435619, 0.4500000000000000111 ) ) ;
#1546 = DIRECTION ( 'NONE',  ( 0.000000000000000000, 0.000000000000000000, -1.000000000000000000 ) ) ;
#1547 = AXIS2_PLACEMENT_3D ( 'NONE', #6042, #8002, #5017 ) ;
#1548 = ORIENTED_EDGE ( 'NONE', *, *, #7682, .T. ) ;
#1549 = DIRECTION ( 'NONE',  ( -1.000000000000000000, 0.000000000000000000, 0.000000000000000000 ) ) ;
#1550 = VECTOR ( 'NONE', #7446, 1000.000000000000000 ) ;
#1551 = CARTESIAN_POINT ( 'NONE',  ( 31.39999999999997726, 26.15914333795139157, 0.000000000000000000 ) ) ;
#1552 = EDGE_CURVE ( 'NONE', #8570, #3530, #10747, .T. ) ;
#1553 = AXIS2_PLACEMENT_3D ( 'NONE', #11472, #8493, #12237 ) ;
#1554 = VERTEX_POINT ( 'NONE', #2934 ) ;
#1555 = ADVANCED_FACE ( 'NONE', ( #10684 ), #6743, .F. ) ;
#1556 = CARTESIAN_POINT ( 'NONE',  ( 9.550000000000004263, 23.99407982849026411, 0.4500000000000000111 ) ) ;
#1557 = EDGE_CURVE ( 'NONE', #7058, #1509, #4836, .T. ) ;
#1558 = LINE ( 'NONE', #5414, #7649 ) ;
#1559 = DIRECTION ( 'NONE',  ( -0.8660254037844393737, 0.4999999999999985012, 0.000000000000000000 ) ) ;
#1560 = CARTESIAN_POINT ( 'NONE',  ( -18.19999999999998863, 20.44337567297408498, 0.4500000000000000111 ) ) ;
#1561 = LINE ( 'NONE', #2687, #10238 ) ;
#1562 = EDGE_CURVE ( 'NONE', #9715, #8234, #8026, .T. ) ;
#1563 = CARTESIAN_POINT ( 'NONE',  ( -7.900000000000021672, 22.57957166897568513, 0.4500000000000000111 ) ) ;
#1564 = FACE_OUTER_BOUND ( 'NONE', #4724, .T. ) ;
#1565 = DIRECTION ( 'NONE',  ( 0.000000000000000000, 0.000000000000000000, -1.000000000000000000 ) ) ;
#1566 = ORIENTED_EDGE ( 'NONE', *, *, #501, .T. ) ;
#1567 = LINE ( 'NONE', #7579, #5663 ) ;
#1568 = ORIENTED_EDGE ( 'NONE', *, *, #1862, .F. ) ;
#1569 = CARTESIAN_POINT ( 'NONE',  ( -13.64999999999998082, 25.43745550146434553, 0.000000000000000000 ) ) ;
#1570 = VERTEX_POINT ( 'NONE', #2360 ) ;
#1571 = EDGE_CURVE ( 'NONE', #2390, #3663, #8079, .T. ) ;
#1572 = LINE ( 'NONE', #2511, #8849 ) ;
#1573 = EDGE_LOOP ( 'NONE', ( #8960, #5909, #9971, #2068 ) ) ;
#1574 = PLANE ( 'NONE',  #5825 ) ;
#1575 = ORIENTED_EDGE ( 'NONE', *, *, #2795, .T. ) ;
#1576 = VECTOR ( 'NONE', #7458, 1000.000000000000000 ) ;
#1577 = CARTESIAN_POINT ( 'NONE',  ( 18.19999999999998863, 20.44337567297408498, 0.000000000000000000 ) ) ;
#1578 = PLANE ( 'NONE',  #7217 ) ;
#1579 = VERTEX_POINT ( 'NONE', #3251 ) ;
#1580 = VECTOR ( 'NONE', #140, 1000.000000000000114 ) ;
#1581 = ORIENTED_EDGE ( 'NONE', *, *, #4786, .F. ) ;
#1582 = DIRECTION ( 'NONE',  ( 1.000000000000000000, 9.614813431917789401E-15, 0.000000000000000000 ) ) ;
#1583 = ORIENTED_EDGE ( 'NONE', *, *, #1999, .T. ) ;
#1584 = CARTESIAN_POINT ( 'NONE',  ( 14.50000000000000178, 21.13619599600161791, 0.000000000000000000 ) ) ;
#1585 = ORIENTED_EDGE ( 'NONE', *, *, #1474, .F. ) ;
#1586 = ORIENTED_EDGE ( 'NONE', *, *, #891, .T. ) ;
#1587 = VECTOR ( 'NONE', #2884, 1000.000000000000000 ) ;
#1588 = DIRECTION ( 'NONE',  ( -0.8660254037844383745, 0.5000000000000003331, 0.000000000000000000 ) ) ;
#1589 = CARTESIAN_POINT ( 'NONE',  ( 8.299999999999993605, 20.44337567297408143, 0.4500000000000000111 ) ) ;
#1590 = FACE_BOUND ( 'NONE', #10729, .T. ) ;
#1591 = DIRECTION ( 'NONE',  ( -9.614813431917789401E-15, 1.000000000000000000, 0.000000000000000000 ) ) ;
#1592 = CARTESIAN_POINT ( 'NONE',  ( -14.89999999999998792, 20.44337567297408498, 0.4500000000000000111 ) ) ;
#1593 = PLANE ( 'NONE',  #527 ) ;
#1594 = ORIENTED_EDGE ( 'NONE', *, *, #8440, .T. ) ;
#1595 = ORIENTED_EDGE ( 'NONE', *, *, #10765, .F. ) ;
#1596 = DIRECTION ( 'NONE',  ( -0.8660254037844394848, -0.4999999999999985012, 0.000000000000000000 ) ) ;
#1597 = ORIENTED_EDGE ( 'NONE', *, *, #3084, .T. ) ;
#1598 = EDGE_LOOP ( 'NONE', ( #7249, #549, #9265, #12064, #3837, #5743, #7693 ) ) ;
#1599 = ORIENTED_EDGE ( 'NONE', *, *, #4879, .F. ) ;
#1600 = CARTESIAN_POINT ( 'NONE',  ( 28.49999999999997158, 22.57957166897570644, 0.4500000000000000111 ) ) ;
#1601 = CARTESIAN_POINT ( 'NONE',  ( 23.54999999999997584, 23.99407982849027832, 0.4500000000000000111 ) ) ;
#1602 = DIRECTION ( 'NONE',  ( 0.000000000000000000, 0.000000000000000000, 1.000000000000000000 ) ) ;
#1603 = EDGE_CURVE ( 'NONE', #2537, #12083, #7185, .T. ) ;
#1604 = DIRECTION ( 'NONE',  ( -1.000000000000000000, 0.000000000000000000, 0.000000000000000000 ) ) ;
#1605 = VECTOR ( 'NONE', #3114, 1000.000000000000000 ) ;
#1606 = ORIENTED_EDGE ( 'NONE', *, *, #2773, .F. ) ;
#1607 = DIRECTION ( 'NONE',  ( 0.000000000000000000, 0.000000000000000000, -1.000000000000000000 ) ) ;
#1608 = CARTESIAN_POINT ( 'NONE',  ( 19.45000000000001705, 19.72168783648704249, 0.4500000000000000111 ) ) ;
#1609 = VERTEX_POINT ( 'NONE', #7066 ) ;
#1610 = LINE ( 'NONE', #6434, #7624 ) ;
#1611 = PLANE ( 'NONE',  #1742 ) ;
#1612 = ORIENTED_EDGE ( 'NONE', *, *, #927, .T. ) ;
#1613 = AXIS2_PLACEMENT_3D ( 'NONE', #930, #6764, #6525 ) ;
#1614 = DIRECTION ( 'NONE',  ( -0.8660254037844383745, -0.5000000000000003331, 0.000000000000000000 ) ) ;
#1615 = EDGE_CURVE ( 'NONE', #10597, #11370, #392, .T. ) ;
#1616 = DIRECTION ( 'NONE',  ( 0.000000000000000000, -1.000000000000000000, 0.000000000000000000 ) ) ;
#1617 = LINE ( 'NONE', #6249, #2527 ) ;
#1618 = DIRECTION ( 'NONE',  ( -0.4999999999999997224, -0.8660254037844388186, 0.000000000000000000 ) ) ;
#1619 = CARTESIAN_POINT ( 'NONE',  ( -31.39999999999998437, 23.27239199200324293, 0.4500000000000000111 ) ) ;
#1620 = EDGE_CURVE ( 'NONE', #7600, #1888, #7125, .T. ) ;
#1621 = CARTESIAN_POINT ( 'NONE',  ( -8.699999999999986855, 22.57957166897569579, 0.000000000000000000 ) ) ;
#1622 = VECTOR ( 'NONE', #11913, 1000.000000000000000 ) ;
#1623 = PLANE ( 'NONE',  #4276 ) ;
#1624 = LINE ( 'NONE', #10255, #9379 ) ;
#1625 = EDGE_LOOP ( 'NONE', ( #9387, #10089, #5446, #10086 ) ) ;
#1626 = VECTOR ( 'NONE', #4079, 1000.000000000000000 ) ;
#1627 = DIRECTION ( 'NONE',  ( -1.000000000000000000, 0.000000000000000000, 0.000000000000000000 ) ) ;
#1628 = ORIENTED_EDGE ( 'NONE', *, *, #7521, .F. ) ;
#1629 = EDGE_CURVE ( 'NONE', #8058, #3199, #3435, .T. ) ;
#1630 = CARTESIAN_POINT ( 'NONE',  ( 25.56794919243110442, 18.00000000000000355, 0.000000000000000000 ) ) ;
#1631 = EDGE_CURVE ( 'NONE', #6783, #2858, #1290, .T. ) ;
#1632 = VERTEX_POINT ( 'NONE', #2240 ) ;
#1633 = EDGE_CURVE ( 'NONE', #3679, #7054, #1472, .T. ) ;
#1634 = CARTESIAN_POINT ( 'NONE',  ( 21.10000000000000142, 21.13619599600162147, 0.4500000000000000111 ) ) ;
#1635 = VERTEX_POINT ( 'NONE', #5153 ) ;
#1636 = AXIS2_PLACEMENT_3D ( 'NONE', #1022, #12518, #8711 ) ;
#1637 = CARTESIAN_POINT ( 'NONE',  ( -31.39999999999998437, 17.55662432702594344, 0.4500000000000000111 ) ) ;
#1638 = CARTESIAN_POINT ( 'NONE',  ( -32.65000000000000568, 25.43745550146434198, 0.4500000000000000111 ) ) ;
#1639 = CARTESIAN_POINT ( 'NONE',  ( 19.45000000000000284, 23.99407982849027121, 0.4500000000000000111 ) ) ;
#1640 = EDGE_LOOP ( 'NONE', ( #10829, #2060, #5131, #6384 ) ) ;
#1641 = ADVANCED_FACE ( 'NONE', ( #12141 ), #1411, .T. ) ;
#1642 = ORIENTED_EDGE ( 'NONE', *, *, #10069, .F. ) ;
#1643 = EDGE_CURVE ( 'NONE', #8965, #9423, #5216, .T. ) ;
#1644 = DIRECTION ( 'NONE',  ( 0.8660254037844394848, -0.4999999999999985012, 0.000000000000000000 ) ) ;
#1645 = AXIS2_PLACEMENT_3D ( 'NONE', #2391, #1442, #4110 ) ;
#1646 = ORIENTED_EDGE ( 'NONE', *, *, #6921, .T. ) ;
#1647 = CARTESIAN_POINT ( 'NONE',  ( -34.29999999999999005, 21.13619599600162502, 0.4500000000000000111 ) ) ;
#1648 = ORIENTED_EDGE ( 'NONE', *, *, #10480, .T. ) ;
#1649 = ORIENTED_EDGE ( 'NONE', *, *, #9083, .F. ) ;
#1650 = CARTESIAN_POINT ( 'NONE',  ( -30.99999999999999289, 21.13619599600162502, 0.4500000000000000111 ) ) ;
#1651 = FACE_OUTER_BOUND ( 'NONE', #4831, .T. ) ;
#1652 = FACE_BOUND ( 'NONE', #12049, .T. ) ;
#1653 = FACE_OUTER_BOUND ( 'NONE', #11619, .T. ) ;
#1654 = VECTOR ( 'NONE', #1929, 1000.000000000000000 ) ;
#1655 = FACE_OUTER_BOUND ( 'NONE', #186, .T. ) ;
#1656 = LINE ( 'NONE', #9585, #9252 ) ;
#1657 = VERTEX_POINT ( 'NONE', #453 ) ;
#1658 = VERTEX_POINT ( 'NONE', #11063 ) ;
#1659 = LINE ( 'NONE', #3615, #5646 ) ;
#1660 = ORIENTED_EDGE ( 'NONE', *, *, #10324, .F. ) ;
#1661 = ORIENTED_EDGE ( 'NONE', *, *, #11093, .T. ) ;
#1662 = EDGE_CURVE ( 'NONE', #4971, #79, #333, .T. ) ;
#1663 = ORIENTED_EDGE ( 'NONE', *, *, #2492, .T. ) ;
#1664 = FACE_OUTER_BOUND ( 'NONE', #6066, .T. ) ;
#1665 = LINE ( 'NONE', #10775, #3156 ) ;
#1666 = DIRECTION ( 'NONE',  ( 0.000000000000000000, 0.000000000000000000, -1.000000000000000000 ) ) ;
#1667 = PLANE ( 'NONE',  #475 ) ;
#1668 = ORIENTED_EDGE ( 'NONE', *, *, #3707, .F. ) ;
#1669 = DIRECTION ( 'NONE',  ( -0.000000000000000000, -0.000000000000000000, -1.000000000000000000 ) ) ;
#1670 = EDGE_LOOP ( 'NONE', ( #5533, #8510, #9620, #2946, #7178, #3368 ) ) ;
#1671 = FACE_BOUND ( 'NONE', #8264, .T. ) ;
#1672 = VERTEX_POINT ( 'NONE', #10050 ) ;
#1673 = ORIENTED_EDGE ( 'NONE', *, *, #6429, .F. ) ;
#1674 = VECTOR ( 'NONE', #9310, 1000.000000000000000 ) ;
#1675 = DIRECTION ( 'NONE',  ( -0.8660254037844394848, 0.4999999999999984457, 0.000000000000000000 ) ) ;
#1676 = EDGE_CURVE ( 'NONE', #2452, #812, #9991, .T. ) ;
#1677 = VECTOR ( 'NONE', #8749, 1000.000000000000000 ) ;
#1678 = EDGE_LOOP ( 'NONE', ( #10417, #10514, #2583, #10835, #321, #9077 ) ) ;
#1679 = LINE ( 'NONE', #1920, #7187 ) ;
#1680 = CARTESIAN_POINT ( 'NONE',  ( 26.44999999999999218, 20.41450815951459319, 0.4500000000000000111 ) ) ;
#1681 = LINE ( 'NONE', #8154, #3953 ) ;
#1682 = DIRECTION ( 'NONE',  ( 1.000000000000000000, 0.000000000000000000, 0.000000000000000000 ) ) ;
#1683 = CARTESIAN_POINT ( 'NONE',  ( 24.79999999999999361, 23.27239199200323938, 0.4500000000000000111 ) ) ;
#1684 = AXIS2_PLACEMENT_3D ( 'NONE', #7721, #11481, #2836 ) ;
#1685 = CARTESIAN_POINT ( 'NONE',  ( 17.80000000000001847, 22.57957166897568868, 0.4500000000000000111 ) ) ;
#1686 = PLANE ( 'NONE',  #3843 ) ;
#1687 = CARTESIAN_POINT ( 'NONE',  ( 24.39999999999999858, 21.13619599600161791, 0.4500000000000000111 ) ) ;
#1688 = ORIENTED_EDGE ( 'NONE', *, *, #8487, .T. ) ;
#1689 = DIRECTION ( 'NONE',  ( 0.8660254037844393737, 0.4999999999999985012, 0.000000000000000000 ) ) ;
#1690 = ORIENTED_EDGE ( 'NONE', *, *, #2762, .F. ) ;
#1691 = EDGE_CURVE ( 'NONE', #2858, #1899, #8141, .T. ) ;
#1692 = EDGE_CURVE ( 'NONE', #4340, #639, #12011, .T. ) ;
#1693 = DIRECTION ( 'NONE',  ( 0.8660254037844393737, 0.4999999999999985012, 0.000000000000000000 ) ) ;
#1694 = ORIENTED_EDGE ( 'NONE', *, *, #10857, .T. ) ;
#1695 = DIRECTION ( 'NONE',  ( 0.000000000000000000, -1.000000000000000000, 0.000000000000000000 ) ) ;
#1696 = PLANE ( 'NONE',  #10097 ) ;
#1697 = CARTESIAN_POINT ( 'NONE',  ( 23.14999999999998437, 23.30125950546273828, 0.4500000000000000111 ) ) ;
#1698 = EDGE_CURVE ( 'NONE', #12476, #9091, #1353, .T. ) ;
#1699 = DIRECTION ( 'NONE',  ( 0.8660254037844387076, 0.4999999999999997224, 0.000000000000000000 ) ) ;
#1700 = VERTEX_POINT ( 'NONE', #586 ) ;
#1701 = VERTEX_POINT ( 'NONE', #11897 ) ;
#1702 = AXIS2_PLACEMENT_3D ( 'NONE', #8398, #8335, #9479 ) ;
#1703 = FACE_OUTER_BOUND ( 'NONE', #10760, .T. ) ;
#1704 = VERTEX_POINT ( 'NONE', #9096 ) ;
#1705 = EDGE_CURVE ( 'NONE', #306, #10545, #3306, .T. ) ;
#1706 = AXIS2_PLACEMENT_3D ( 'NONE', #9914, #2161, #5078 ) ;
#1707 = CARTESIAN_POINT ( 'NONE',  ( -27.82435565298205660, 25.99999999999999645, 0.4500000000000000111 ) ) ;
#1708 = VERTEX_POINT ( 'NONE', #12076 ) ;
#1709 = EDGE_CURVE ( 'NONE', #10233, #7657, #3374, .T. ) ;
#1710 = VERTEX_POINT ( 'NONE', #9221 ) ;
#1711 = LINE ( 'NONE', #5450, #7821 ) ;
#1712 = DIRECTION ( 'NONE',  ( -0.5000000000000004441, -0.8660254037844384856, 0.000000000000000000 ) ) ;
#1713 = VECTOR ( 'NONE', #11650, 1000.000000000000000 ) ;
#1714 = CARTESIAN_POINT ( 'NONE',  ( -36.34999999999999432, 20.41450815951459674, 0.4500000000000000111 ) ) ;
#1715 = LINE ( 'NONE', #761, #9212 ) ;
#1716 = CARTESIAN_POINT ( 'NONE',  ( 33.44999999999996732, 23.99407982849028542, 0.4500000000000000111 ) ) ;
#1717 = LINE ( 'NONE', #10476, #3770 ) ;
#1718 = ORIENTED_EDGE ( 'NONE', *, *, #2158, .F. ) ;
#1719 = EDGE_LOOP ( 'NONE', ( #5953, #106, #10014, #2728 ) ) ;
#1720 = LINE ( 'NONE', #8191, #4025 ) ;
#1721 = ORIENTED_EDGE ( 'NONE', *, *, #12312, .F. ) ;
#1722 = VECTOR ( 'NONE', #11491, 1000.000000000000000 ) ;
#1723 = EDGE_LOOP ( 'NONE', ( #295, #8710, #1903, #7854, #4841, #9716, #5580 ) ) ;
#1724 = ORIENTED_EDGE ( 'NONE', *, *, #1388, .F. ) ;
#1725 = CYLINDRICAL_SURFACE ( 'NONE', #2717, 3.999999999999996447 ) ;
#1726 = EDGE_CURVE ( 'NONE', #12239, #4908, #9416, .T. ) ;
#1727 = VECTOR ( 'NONE', #9289, 1000.000000000000000 ) ;
#1728 = DIRECTION ( 'NONE',  ( 0.8660254037844394848, -0.4999999999999985012, 0.000000000000000000 ) ) ;
#1729 = PLANE ( 'NONE',  #2131 ) ;
#1730 = VERTEX_POINT ( 'NONE', #11504 ) ;
#1731 = EDGE_CURVE ( 'NONE', #5833, #700, #10299, .T. ) ;
#1732 = LINE ( 'NONE', #5532, #10549 ) ;
#1733 = VECTOR ( 'NONE', #2499, 1000.000000000000000 ) ;
#1734 = LINE ( 'NONE', #4642, #5447 ) ;
#1735 = VECTOR ( 'NONE', #9306, 1000.000000000000000 ) ;
#1736 = ORIENTED_EDGE ( 'NONE', *, *, #6909, .T. ) ;
#1737 = DIRECTION ( 'NONE',  ( 0.8660254037844383745, -0.5000000000000003331, 0.000000000000000000 ) ) ;
#1738 = CARTESIAN_POINT ( 'NONE',  ( -19.45000000000001705, 19.72168783648704249, 0.4500000000000000111 ) ) ;
#1739 = ORIENTED_EDGE ( 'NONE', *, *, #4511, .T. ) ;
#1740 = CARTESIAN_POINT ( 'NONE',  ( 12.85000000000001918, 19.72168783648703894, 0.4500000000000000111 ) ) ;
#1741 = LINE ( 'NONE', #9605, #11308 ) ;
#1742 = AXIS2_PLACEMENT_3D ( 'NONE', #7383, #3506, #1675 ) ;
#1743 = CARTESIAN_POINT ( 'NONE',  ( -26.04999999999999716, 23.99407982849027121, 0.000000000000000000 ) ) ;
#1744 = CARTESIAN_POINT ( 'NONE',  ( 28.49999999999997158, 22.57957166897570644, 0.4500000000000000111 ) ) ;
#1745 = FACE_OUTER_BOUND ( 'NONE', #6475, .T. ) ;
#1746 = DIRECTION ( 'NONE',  ( -0.8660254037844394848, -0.4999999999999985012, 0.000000000000000000 ) ) ;
#1747 = CARTESIAN_POINT ( 'NONE',  ( -34.29999999999999005, 21.13619599600162502, 0.000000000000000000 ) ) ;
#1748 = CARTESIAN_POINT ( 'NONE',  ( 12.85000000000001563, 25.43745550146433132, 0.4500000000000000111 ) ) ;
#1749 = EDGE_LOOP ( 'NONE', ( #6752, #3573, #3659, #3660 ) ) ;
#1750 = VECTOR ( 'NONE', #3658, 1000.000000000000000 ) ;
#1751 = CARTESIAN_POINT ( 'NONE',  ( 19.45000000000000284, 18.27831216351297172, 0.4500000000000000111 ) ) ;
#1752 = VECTOR ( 'NONE', #495, 1000.000000000000114 ) ;
#1753 = VECTOR ( 'NONE', #92, 1000.000000000000000 ) ;
#1754 = ORIENTED_EDGE ( 'NONE', *, *, #11147, .T. ) ;
#1755 = CARTESIAN_POINT ( 'NONE',  ( 13.64999999999998082, 25.43745550146434553, 0.000000000000000000 ) ) ;
#1756 = EDGE_LOOP ( 'NONE', ( #4485, #11713, #2832, #3424 ) ) ;
#1757 = CARTESIAN_POINT ( 'NONE',  ( 10.34999999999998721, 19.72168783648705315, 0.4500000000000000111 ) ) ;
#1758 = AXIS2_PLACEMENT_3D ( 'NONE', #924, #7776, #12484 ) ;
#1759 = EDGE_CURVE ( 'NONE', #1300, #7620, #11437, .T. ) ;
#1760 = ADVANCED_FACE ( 'NONE', ( #10421 ), #1729, .T. ) ;
#1761 = DIRECTION ( 'NONE',  ( 0.8660254037844383745, 0.5000000000000003331, 0.000000000000000000 ) ) ;
#1762 = LINE ( 'NONE', #2645, #5283 ) ;
#1763 = CARTESIAN_POINT ( 'NONE',  ( -31.39999999999998437, 17.55662432702594344, 0.000000000000000000 ) ) ;
#1764 = ORIENTED_EDGE ( 'NONE', *, *, #1477, .T. ) ;
#1765 = PLANE ( 'NONE',  #5476 ) ;
#1766 = ORIENTED_EDGE ( 'NONE', *, *, #3642, .F. ) ;
#1767 = PLANE ( 'NONE',  #10121 ) ;
#1768 = ORIENTED_EDGE ( 'NONE', *, *, #10096, .F. ) ;
#1769 = CARTESIAN_POINT ( 'NONE',  ( -21.89999999999997726, 22.57957166897569934, 0.000000000000000000 ) ) ;
#1770 = ORIENTED_EDGE ( 'NONE', *, *, #4311, .F. ) ;
#1771 = ADVANCED_FACE ( 'NONE', ( #9355 ), #5594, .T. ) ;
#1772 = EDGE_LOOP ( 'NONE', ( #53, #8403, #4210, #11029, #3538, #19 ) ) ;
#1773 = LINE ( 'NONE', #9461, #11073 ) ;
#1774 = CARTESIAN_POINT ( 'NONE',  ( 14.89999999999999680, 23.27239199200323228, 0.000000000000000000 ) ) ;
#1775 = CIRCLE ( 'NONE', #5011, 3.999999999999996447 ) ;
#1776 = FACE_BOUND ( 'NONE', #7679, .T. ) ;
#1777 = DIRECTION ( 'NONE',  ( 0.000000000000000000, -1.000000000000000000, 0.000000000000000000 ) ) ;
#1778 = VECTOR ( 'NONE', #9831, 1000.000000000000000 ) ;
#1779 = FACE_OUTER_BOUND ( 'NONE', #6415, .T. ) ;
#1780 = LINE ( 'NONE', #10349, #8436 ) ;
#1781 = EDGE_LOOP ( 'NONE', ( #5896, #10146, #9215, #4115 ) ) ;
#1782 = ADVANCED_FACE ( 'NONE', ( #3498 ), #11249, .T. ) ;
#1783 = ORIENTED_EDGE ( 'NONE', *, *, #3016, .T. ) ;
#1784 = LINE ( 'NONE', #9776, #6068 ) ;
#1785 = EDGE_CURVE ( 'NONE', #4069, #7068, #8579, .T. ) ;
#1786 = ORIENTED_EDGE ( 'NONE', *, *, #9400, .F. ) ;
#1787 = VECTOR ( 'NONE', #6070, 1000.000000000000000 ) ;
#1788 = ORIENTED_EDGE ( 'NONE', *, *, #9150, .F. ) ;
#1789 = ORIENTED_EDGE ( 'NONE', *, *, #9418, .T. ) ;
#1790 = VECTOR ( 'NONE', #12361, 1000.000000000000000 ) ;
#1791 = CARTESIAN_POINT ( 'NONE',  ( 9.550000000000007816, 18.27831216351296462, 0.000000000000000000 ) ) ;
#1792 = EDGE_CURVE ( 'NONE', #11016, #5041, #1794, .T. ) ;
#1793 = FACE_OUTER_BOUND ( 'NONE', #1161, .T. ) ;
#1794 = LINE ( 'NONE', #2734, #7604 ) ;
#1795 = ORIENTED_EDGE ( 'NONE', *, *, #9778, .T. ) ;
#1796 = LINE ( 'NONE', #3938, #1830 ) ;
#1797 = CARTESIAN_POINT ( 'NONE',  ( -33.04999999999997584, 23.30125950546274183, 0.4500000000000000111 ) ) ;
#1798 = EDGE_CURVE ( 'NONE', #6059, #1899, #9536, .T. ) ;
#1799 = VERTEX_POINT ( 'NONE', #7501 ) ;
#1800 = DIRECTION ( 'NONE',  ( 0.000000000000000000, -1.000000000000000000, 0.000000000000000000 ) ) ;
#1801 = EDGE_CURVE ( 'NONE', #6882, #3468, #7560, .T. ) ;
#1802 = ORIENTED_EDGE ( 'NONE', *, *, #7184, .T. ) ;
#1803 = DIRECTION ( 'NONE',  ( 0.000000000000000000, 0.000000000000000000, -1.000000000000000000 ) ) ;
#1804 = FACE_OUTER_BOUND ( 'NONE', #8369, .T. ) ;
#1805 = VECTOR ( 'NONE', #6047, 1000.000000000000000 ) ;
#1806 = CARTESIAN_POINT ( 'NONE',  ( -16.94999999999998153, 19.72168783648705315, 0.4500000000000000111 ) ) ;
#1807 = LINE ( 'NONE', #4594, #4168 ) ;
#1808 = CARTESIAN_POINT ( 'NONE',  ( -11.99999999999998401, 21.13619599600162502, 0.4500000000000000111 ) ) ;
#1809 = ADVANCED_FACE ( 'NONE', ( #5654 ), #10551, .T. ) ;
#1810 = VERTEX_POINT ( 'NONE', #8460 ) ;
#1811 = PLANE ( 'NONE',  #3266 ) ;
#1812 = CARTESIAN_POINT ( 'NONE',  ( -12.85000000000000497, 18.27831216351296817, 0.4500000000000000111 ) ) ;
#1813 = ORIENTED_EDGE ( 'NONE', *, *, #7071, .F. ) ;
#1814 = CARTESIAN_POINT ( 'NONE',  ( -32.65000000000000568, 19.72168783648704604, 0.4500000000000000111 ) ) ;
#1815 = VECTOR ( 'NONE', #8311, 1000.000000000000000 ) ;
#1816 = ORIENTED_EDGE ( 'NONE', *, *, #8461, .T. ) ;
#1817 = DIRECTION ( 'NONE',  ( 0.000000000000000000, -1.000000000000000000, 0.000000000000000000 ) ) ;
#1818 = VERTEX_POINT ( 'NONE', #11375 ) ;
#1819 = DIRECTION ( 'NONE',  ( 0.4999999999999997224, -0.8660254037844388186, -0.000000000000000000 ) ) ;
#1820 = VECTOR ( 'NONE', #4795, 1000.000000000000000 ) ;
#1821 = DIRECTION ( 'NONE',  ( 0.000000000000000000, 0.000000000000000000, -1.000000000000000000 ) ) ;
#1822 = CARTESIAN_POINT ( 'NONE',  ( 26.05000000000001137, 25.43745550146433843, 0.000000000000000000 ) ) ;
#1823 = LINE ( 'NONE', #9568, #1154 ) ;
#1824 = ORIENTED_EDGE ( 'NONE', *, *, #7904, .T. ) ;
#1825 = LINE ( 'NONE', #12063, #8520 ) ;
#1826 = VERTEX_POINT ( 'NONE', #12203 ) ;
#1827 = CARTESIAN_POINT ( 'NONE',  ( -14.50000000000000178, 21.13619599600161791, 0.4500000000000000111 ) ) ;
#1828 = EDGE_CURVE ( 'NONE', #11416, #9438, #4932, .T. ) ;
#1829 = DIRECTION ( 'NONE',  ( -0.8660254037844383745, 0.5000000000000003331, 0.000000000000000000 ) ) ;
#1830 = VECTOR ( 'NONE', #9723, 1000.000000000000114 ) ;
#1831 = ORIENTED_EDGE ( 'NONE', *, *, #8912, .F. ) ;
#1832 = EDGE_LOOP ( 'NONE', ( #3307, #7891, #11151, #912 ) ) ;
#1833 = DIRECTION ( 'NONE',  ( 0.4999999999999997224, -0.8660254037844388186, -0.000000000000000000 ) ) ;
#1834 = CARTESIAN_POINT ( 'NONE',  ( -27.69999999999999574, 21.13619599600162502, 0.4500000000000000111 ) ) ;
#1835 = LINE ( 'NONE', #1136, #10604 ) ;
#1836 = CARTESIAN_POINT ( 'NONE',  ( 22.74999999999999289, 23.99407982849026766, 0.4500000000000000111 ) ) ;
#1837 = FACE_OUTER_BOUND ( 'NONE', #3996, .T. ) ;
#1838 = CARTESIAN_POINT ( 'NONE',  ( -31.79999999999996874, 21.13619599600163212, 0.4500000000000000111 ) ) ;
#1839 = VERTEX_POINT ( 'NONE', #4579 ) ;
#1840 = VECTOR ( 'NONE', #11348, 1000.000000000000000 ) ;
#1841 = ORIENTED_EDGE ( 'NONE', *, *, #9424, .T. ) ;
#1842 = LINE ( 'NONE', #5830, #4032 ) ;
#1843 = ORIENTED_EDGE ( 'NONE', *, *, #10552, .T. ) ;
#1844 = ORIENTED_EDGE ( 'NONE', *, *, #5340, .T. ) ;
#1845 = ORIENTED_EDGE ( 'NONE', *, *, #6986, .T. ) ;
#1846 = EDGE_CURVE ( 'NONE', #459, #11307, #5469, .T. ) ;
#1847 = VECTOR ( 'NONE', #10900, 1000.000000000000000 ) ;
#1848 = DIRECTION ( 'NONE',  ( 0.8660254037844393737, -0.4999999999999985012, 0.000000000000000000 ) ) ;
#1849 = DIRECTION ( 'NONE',  ( 0.8660254037844387076, 0.4999999999999997224, 0.000000000000000000 ) ) ;
#1850 = DIRECTION ( 'NONE',  ( 1.000000000000000000, -0.000000000000000000, -0.000000000000000000 ) ) ;
#1851 = VERTEX_POINT ( 'NONE', #12267 ) ;
#1852 = DIRECTION ( 'NONE',  ( 0.000000000000000000, 0.000000000000000000, -1.000000000000000000 ) ) ;
#1853 = EDGE_CURVE ( 'NONE', #3135, #10088, #3561, .T. ) ;
#1854 = CARTESIAN_POINT ( 'NONE',  ( 21.49999999999999289, 23.27239199200323583, 0.000000000000000000 ) ) ;
#1855 = VERTEX_POINT ( 'NONE', #2611 ) ;
#1856 = LINE ( 'NONE', #9, #525 ) ;
#1857 = ORIENTED_EDGE ( 'NONE', *, *, #3460, .T. ) ;
#1858 = DIRECTION ( 'NONE',  ( -0.8660254037844388186, -0.4999999999999997224, 0.000000000000000000 ) ) ;
#1859 = ADVANCED_FACE ( 'NONE', ( #6488 ), #1667, .T. ) ;
#1860 = CARTESIAN_POINT ( 'NONE',  ( -9.999999999999996447, 22.00000000000000355, 0.000000000000000000 ) ) ;
#1861 = DIRECTION ( 'NONE',  ( 0.000000000000000000, -1.000000000000000000, 0.000000000000000000 ) ) ;
#1862 = EDGE_CURVE ( 'NONE', #8819, #11882, #6615, .T. ) ;
#1863 = CARTESIAN_POINT ( 'NONE',  ( 29.34999999999999432, 18.27831216351297527, 0.4500000000000000111 ) ) ;
#1864 = FACE_OUTER_BOUND ( 'NONE', #10200, .T. ) ;
#1865 = EDGE_CURVE ( 'NONE', #7660, #11325, #5774, .T. ) ;
#1866 = ORIENTED_EDGE ( 'NONE', *, *, #42, .F. ) ;
#1867 = CARTESIAN_POINT ( 'NONE',  ( 11.99999999999998401, 21.13619599600162502, 0.4500000000000000111 ) ) ;
#1868 = VECTOR ( 'NONE', #9333, 1000.000000000000000 ) ;
#1869 = CARTESIAN_POINT ( 'NONE',  ( 36.34999999999998010, 23.30125950546274538, 0.4500000000000000111 ) ) ;
#1870 = ORIENTED_EDGE ( 'NONE', *, *, #7581, .T. ) ;
#1871 = CARTESIAN_POINT ( 'NONE',  ( -13.64999999999998082, 23.99407982849027121, 0.000000000000000000 ) ) ;
#1872 = ORIENTED_EDGE ( 'NONE', *, *, #2639, .T. ) ;
#1873 = LINE ( 'NONE', #11588, #1181 ) ;
#1874 = ORIENTED_EDGE ( 'NONE', *, *, #7413, .F. ) ;
#1875 = VECTOR ( 'NONE', #4553, 1000.000000000000000 ) ;
#1876 = CARTESIAN_POINT ( 'NONE',  ( -21.49999999999999289, 23.27239199200323583, 0.4500000000000000111 ) ) ;
#1877 = ADVANCED_FACE ( 'NONE', ( #7747 ), #11750, .T. ) ;
#1878 = LINE ( 'NONE', #2063, #11720 ) ;
#1879 = CARTESIAN_POINT ( 'NONE',  ( 24.39999999999999858, 21.13619599600161791, 0.000000000000000000 ) ) ;
#1880 = CARTESIAN_POINT ( 'NONE',  ( 11.59999999999999964, 23.27239199200323228, 0.4500000000000000111 ) ) ;
#1881 = VERTEX_POINT ( 'NONE', #9850 ) ;
#1882 = DIRECTION ( 'NONE',  ( 0.8660254037844387076, 0.4999999999999997224, 0.000000000000000000 ) ) ;
#1883 = EDGE_CURVE ( 'NONE', #544, #837, #2035, .T. ) ;
#1884 = VERTEX_POINT ( 'NONE', #7686 ) ;
#1885 = CARTESIAN_POINT ( 'NONE',  ( -36.76723304979909557, 20.65539777313091818, 0.4500000000000000111 ) ) ;
#1886 = VECTOR ( 'NONE', #3919, 1000.000000000000000 ) ;
#1887 = DIRECTION ( 'NONE',  ( 1.000000000000000000, 0.000000000000000000, 0.000000000000000000 ) ) ;
#1888 = VERTEX_POINT ( 'NONE', #1155 ) ;
#1889 = APPROVAL ( #8978, 'UNSPECIFIED' ) ;
#1890 = LINE ( 'NONE', #105, #12089 ) ;
#1891 = ORIENTED_EDGE ( 'NONE', *, *, #7257, .T. ) ;
#1892 = LINE ( 'NONE', #9639, #5112 ) ;
#1893 = CARTESIAN_POINT ( 'NONE',  ( -34.30000000000000426, 22.57957166897569223, 0.000000000000000000 ) ) ;
#1894 = CARTESIAN_POINT ( 'NONE',  ( 19.45000000000001705, 19.72168783648704249, 0.4500000000000000111 ) ) ;
#1895 = DIRECTION ( 'NONE',  ( -0.8660254037844393737, 0.4999999999999985012, 0.000000000000000000 ) ) ;
#1896 = CARTESIAN_POINT ( 'NONE',  ( -34.69999999999998153, 23.27239199200324649, 0.4500000000000000111 ) ) ;
#1897 = LINE ( 'NONE', #9771, #3572 ) ;
#1898 = ORIENTED_EDGE ( 'NONE', *, *, #6554, .F. ) ;
#1899 = VERTEX_POINT ( 'NONE', #9784 ) ;
#1900 = EDGE_CURVE ( 'NONE', #10293, #10649, #5965, .T. ) ;
#1901 = CARTESIAN_POINT ( 'NONE',  ( 16.14999999999999858, 23.99407982849026411, 0.000000000000000000 ) ) ;
#1902 = ORIENTED_EDGE ( 'NONE', *, *, #7694, .F. ) ;
#1903 = ORIENTED_EDGE ( 'NONE', *, *, #850, .T. ) ;
#1904 = ORIENTED_EDGE ( 'NONE', *, *, #4397, .F. ) ;
#1905 = VECTOR ( 'NONE', #1484, 1000.000000000000000 ) ;
#1906 = DIRECTION ( 'NONE',  ( 0.8660254037844393737, -0.4999999999999985012, 0.000000000000000000 ) ) ;
#1907 = DIRECTION ( 'NONE',  ( 0.000000000000000000, 0.000000000000000000, -1.000000000000000000 ) ) ;
#1908 = DIRECTION ( 'NONE',  ( 0.4999999999999985567, 0.8660254037844394848, 0.000000000000000000 ) ) ;
#1909 = ADVANCED_FACE ( 'NONE', ( #8648 ), #5016, .T. ) ;
#1910 = EDGE_CURVE ( 'NONE', #757, #4299, #2985, .T. ) ;
#1911 = VERTEX_POINT ( 'NONE', #1019 ) ;
#1912 = DIRECTION ( 'NONE',  ( -0.8660254037844394848, -0.4999999999999985012, 0.000000000000000000 ) ) ;
#1913 = FACE_BOUND ( 'NONE', #11317, .T. ) ;
#1914 = VECTOR ( 'NONE', #10348, 1000.000000000000114 ) ;
#1915 = ORIENTED_EDGE ( 'NONE', *, *, #7803, .F. ) ;
#1916 = LINE ( 'NONE', #961, #6005 ) ;
#1917 = ADVANCED_FACE ( 'NONE', ( #7936 ), #4063, .T. ) ;
#1918 = EDGE_LOOP ( 'NONE', ( #12538, #4882, #8003, #7426 ) ) ;
#1919 = VECTOR ( 'NONE', #8962, 1000.000000000000000 ) ;
#1920 = CARTESIAN_POINT ( 'NONE',  ( 15.17564434701788834, 25.99999999999999645, 0.4500000000000000111 ) ) ;
#1921 = FACE_OUTER_BOUND ( 'NONE', #7941, .T. ) ;
#1922 = EDGE_CURVE ( 'NONE', #1146, #263, #3110, .T. ) ;
#1923 = CARTESIAN_POINT ( 'NONE',  ( -5.399999999999989697, 21.13619599600162147, 0.4500000000000000111 ) ) ;
#1924 = DIRECTION ( 'NONE',  ( 0.8660254037844394848, 0.4999999999999984457, 0.000000000000000000 ) ) ;
#1925 = DIRECTION ( 'NONE',  ( 0.000000000000000000, 0.000000000000000000, 1.000000000000000000 ) ) ;
#1926 = VECTOR ( 'NONE', #8782, 1000.000000000000114 ) ;
#1927 = ORIENTED_EDGE ( 'NONE', *, *, #3614, .F. ) ;
#1928 = AXIS2_PLACEMENT_3D ( 'NONE', #9004, #8047, #11332 ) ;
#1929 = DIRECTION ( 'NONE',  ( -1.000000000000000000, 0.000000000000000000, 0.000000000000000000 ) ) ;
#1930 = FACE_OUTER_BOUND ( 'NONE', #2411, .T. ) ;
#1931 = ORIENTED_EDGE ( 'NONE', *, *, #1309, .T. ) ;
#1932 = EDGE_CURVE ( 'NONE', #9777, #4737, #10608, .T. ) ;
#1933 = LINE ( 'NONE', #3066, #2012 ) ;
#1934 = EDGE_CURVE ( 'NONE', #10953, #6270, #63, .T. ) ;
#1935 = ORIENTED_EDGE ( 'NONE', *, *, #406, .F. ) ;
#1936 = AXIS2_PLACEMENT_3D ( 'NONE', #10214, #437, #11939 ) ;
#1937 = CARTESIAN_POINT ( 'NONE',  ( 31.79999999999996874, 22.57957166897570644, 0.4500000000000000111 ) ) ;
#1938 = ORIENTED_EDGE ( 'NONE', *, *, #12002, .T. ) ;
#1939 = CARTESIAN_POINT ( 'NONE',  ( 13.24999999999998757, 23.30125950546273117, 0.000000000000000000 ) ) ;
#1940 = VECTOR ( 'NONE', #7516, 1000.000000000000000 ) ;
#1941 = PLANE ( 'NONE',  #1976 ) ;
#1942 = LINE ( 'NONE', #4852, #2044 ) ;
#1943 = DIRECTION ( 'NONE',  ( 0.000000000000000000, 0.000000000000000000, -1.000000000000000000 ) ) ;
#1944 = VERTEX_POINT ( 'NONE', #10733 ) ;
#1945 = CARTESIAN_POINT ( 'NONE',  ( 32.99999999999999289, 22.00000000000000355, 0.000000000000000000 ) ) ;
#1946 = ORIENTED_EDGE ( 'NONE', *, *, #11642, .T. ) ;
#1947 = CARTESIAN_POINT ( 'NONE',  ( 10.34999999999998721, 18.27831216351297527, 0.4500000000000000111 ) ) ;
#1948 = EDGE_CURVE ( 'NONE', #10101, #10705, #9659, .T. ) ;
#1949 = VECTOR ( 'NONE', #2215, 1000.000000000000000 ) ;
#1950 = CARTESIAN_POINT ( 'NONE',  ( 33.04999999999997584, 23.30125950546274183, 0.4500000000000000111 ) ) ;
#1951 = ORIENTED_EDGE ( 'NONE', *, *, #2079, .F. ) ;
#1952 = CARTESIAN_POINT ( 'NONE',  ( 6.650000000000004796, 20.41450815951458253, 0.000000000000000000 ) ) ;
#1953 = ORIENTED_EDGE ( 'NONE', *, *, #2555, .F. ) ;
#1954 = DIRECTION ( 'NONE',  ( 0.8660254037844393737, -0.4999999999999985012, 0.000000000000000000 ) ) ;
#1955 = PLANE ( 'NONE',  #2136 ) ;
#1956 = LINE ( 'NONE', #12556, #7358 ) ;
#1957 = LINE ( 'NONE', #2846, #3804 ) ;
#1958 = LINE ( 'NONE', #4870, #1435 ) ;
#1959 = CARTESIAN_POINT ( 'NONE',  ( 29.35000000000000853, 19.72168783648704604, 0.4500000000000000111 ) ) ;
#1960 = ORIENTED_EDGE ( 'NONE', *, *, #2915, .F. ) ;
#1961 = ORIENTED_EDGE ( 'NONE', *, *, #1324, .F. ) ;
#1962 = ORIENTED_EDGE ( 'NONE', *, *, #11090, .T. ) ;
#1963 = FACE_OUTER_BOUND ( 'NONE', #9102, .T. ) ;
#1964 = ORIENTED_EDGE ( 'NONE', *, *, #8952, .T. ) ;
#1965 = ORIENTED_EDGE ( 'NONE', *, *, #4615, .F. ) ;
#1966 = VERTEX_POINT ( 'NONE', #8898 ) ;
#1967 = CARTESIAN_POINT ( 'NONE',  ( 34.69999999999998153, 23.27239199200324649, 0.4500000000000000111 ) ) ;
#1968 = CARTESIAN_POINT ( 'NONE',  ( 32.16794919243110229, 18.00000000000000355, 0.4500000000000000111 ) ) ;
#1969 = DIRECTION ( 'NONE',  ( -0.8660254037844388186, -0.4999999999999997224, 0.000000000000000000 ) ) ;
#1970 = DIRECTION ( 'NONE',  ( 0.000000000000000000, 0.000000000000000000, -1.000000000000000000 ) ) ;
#1971 = ORIENTED_EDGE ( 'NONE', *, *, #11947, .T. ) ;
#1972 = LINE ( 'NONE', #10737, #7500 ) ;
#1973 = VECTOR ( 'NONE', #157, 1000.000000000000000 ) ;
#1974 = CARTESIAN_POINT ( 'NONE',  ( -10.83205080756887639, 18.00000000000000355, 0.4500000000000000111 ) ) ;
#1975 = VERTEX_POINT ( 'NONE', #4824 ) ;
#1976 = AXIS2_PLACEMENT_3D ( 'NONE', #8799, #921, #9812 ) ;
#1977 = ORIENTED_EDGE ( 'NONE', *, *, #10323, .F. ) ;
#1978 = CARTESIAN_POINT ( 'NONE',  ( 8.300000000000006040, 17.55662432702593279, 0.4500000000000000111 ) ) ;
#1979 = EDGE_CURVE ( 'NONE', #6551, #1385, #5339, .T. ) ;
#1980 = LINE ( 'NONE', #2106, #4401 ) ;
#1981 = DIRECTION ( 'NONE',  ( 0.000000000000000000, 0.000000000000000000, -1.000000000000000000 ) ) ;
#1982 = LINE ( 'NONE', #5850, #5362 ) ;
#1983 = DIRECTION ( 'NONE',  ( 0.000000000000000000, 0.000000000000000000, -1.000000000000000000 ) ) ;
#1984 = CARTESIAN_POINT ( 'NONE',  ( -30.14999999999997371, 23.99407982849028187, 0.4500000000000000111 ) ) ;
#1985 = ORIENTED_EDGE ( 'NONE', *, *, #9827, .F. ) ;
#1986 = EDGE_CURVE ( 'NONE', #3312, #12562, #10861, .T. ) ;
#1987 = DIRECTION ( 'NONE',  ( 1.000000000000000000, 9.614813431917789401E-15, 0.000000000000000000 ) ) ;
#1988 = DIRECTION ( 'NONE',  ( 0.8660254037844383745, -0.5000000000000003331, 0.000000000000000000 ) ) ;
#1989 = EDGE_LOOP ( 'NONE', ( #12353, #2556, #2965, #1931 ) ) ;
#1990 = LINE ( 'NONE', #11711, #6877 ) ;
#1991 = ORIENTED_EDGE ( 'NONE', *, *, #11247, .T. ) ;
#1992 = EDGE_CURVE ( 'NONE', #8327, #2167, #2864, .T. ) ;
#1993 = VERTEX_POINT ( 'NONE', #8708 ) ;
#1994 = AXIS2_PLACEMENT_3D ( 'NONE', #3940, #8583, #2739 ) ;
#1995 = CARTESIAN_POINT ( 'NONE',  ( -19.84999999999999787, 20.41450815951458964, 0.4500000000000000111 ) ) ;
#1996 = PLANE ( 'NONE',  #8070 ) ;
#1997 = ORIENTED_EDGE ( 'NONE', *, *, #2994, .F. ) ;
#1998 = PLANE ( 'NONE',  #10879 ) ;
#1999 = EDGE_CURVE ( 'NONE', #825, #6637, #4, .T. ) ;
#2000 = CARTESIAN_POINT ( 'NONE',  ( 12.85000000000000142, 23.99407982849026411, 0.4500000000000000111 ) ) ;
#2001 = AXIS2_PLACEMENT_3D ( 'NONE', #309, #9839, #9969 ) ;
#2002 = CARTESIAN_POINT ( 'NONE',  ( 30.14999999999997371, 25.43745550146435619, 0.000000000000000000 ) ) ;
#2003 = CARTESIAN_POINT ( 'NONE',  ( -16.94999999999998153, 19.72168783648705315, 0.4500000000000000111 ) ) ;
#2004 = ORIENTED_EDGE ( 'NONE', *, *, #5257, .T. ) ;
#2005 = CARTESIAN_POINT ( 'NONE',  ( 30.99999999999999289, 21.13619599600162502, 0.4500000000000000111 ) ) ;
#2006 = ORIENTED_EDGE ( 'NONE', *, *, #6016, .T. ) ;
#2007 = ADVANCED_FACE ( 'NONE', ( #7874 ), #3049, .T. ) ;
#2008 = CARTESIAN_POINT ( 'NONE',  ( -33.44999999999996732, 23.99407982849028542, 0.4500000000000000111 ) ) ;
#2009 = EDGE_CURVE ( 'NONE', #11105, #7180, #4303, .T. ) ;
#2010 = DIRECTION ( 'NONE',  ( 0.8660254037844387076, 0.4999999999999997224, 0.000000000000000000 ) ) ;
#2011 = ORIENTED_EDGE ( 'NONE', *, *, #8094, .T. ) ;
#2012 = VECTOR ( 'NONE', #10753, 1000.000000000000000 ) ;
#2013 = CARTESIAN_POINT ( 'NONE',  ( 15.29999999999998295, 21.13619599600162502, 0.4500000000000000111 ) ) ;
#2014 = ORIENTED_EDGE ( 'NONE', *, *, #6016, .F. ) ;
#2015 = LINE ( 'NONE', #8691, #9382 ) ;
#2016 = DIRECTION ( 'NONE',  ( -0.8660254037844394848, -0.4999999999999985012, 0.000000000000000000 ) ) ;
#2017 = EDGE_CURVE ( 'NONE', #11023, #11416, #9842, .T. ) ;
#2018 = DIRECTION ( 'NONE',  ( 9.614813431917789401E-15, -1.000000000000000000, 0.000000000000000000 ) ) ;
#2019 = CARTESIAN_POINT ( 'NONE',  ( 22.75000000000000711, 25.43745550146433487, 0.4500000000000000111 ) ) ;
#2020 = CARTESIAN_POINT ( 'NONE',  ( 19.45000000000000284, 23.99407982849027121, 0.4500000000000000111 ) ) ;
#2021 = ADVANCED_FACE ( 'NONE', ( #1277 ), #7111, .T. ) ;
#2022 = DIRECTION ( 'NONE',  ( -0.8660254037844394848, -0.4999999999999985012, 0.000000000000000000 ) ) ;
#2023 = VERTEX_POINT ( 'NONE', #5080 ) ;
#2024 = VECTOR ( 'NONE', #1356, 1000.000000000000000 ) ;
#2025 = ORIENTED_EDGE ( 'NONE', *, *, #5958, .T. ) ;
#2026 = EDGE_LOOP ( 'NONE', ( #4974, #2101, #3134, #11824 ) ) ;
#2028 = VECTOR ( 'NONE', #1158, 1000.000000000000000 ) ;
#2027 = DIRECTION ( 'NONE',  ( -0.8660254037844393737, 0.4999999999999985012, 0.000000000000000000 ) ) ;
#2029 = ORIENTED_EDGE ( 'NONE', *, *, #6588, .T. ) ;
#2030 = ORIENTED_EDGE ( 'NONE', *, *, #5201, .F. ) ;
#2031 = VERTEX_POINT ( 'NONE', #12058 ) ;
#2032 = DIRECTION ( 'NONE',  ( 0.4999999999999985567, 0.8660254037844394848, 0.000000000000000000 ) ) ;
#2033 = LINE ( 'NONE', #7935, #6586 ) ;
#2034 = AXIS2_PLACEMENT_3D ( 'NONE', #8739, #8682, #6830 ) ;
#2035 = LINE ( 'NONE', #4886, #9810 ) ;
#2036 = CARTESIAN_POINT ( 'NONE',  ( 18.59999999999998010, 22.57957166897570289, 0.4500000000000000111 ) ) ;
#2037 = ORIENTED_EDGE ( 'NONE', *, *, #1705, .F. ) ;
#2038 = DIRECTION ( 'NONE',  ( -0.8660254037844393737, 0.4999999999999985012, 0.000000000000000000 ) ) ;
#2039 = FACE_BOUND ( 'NONE', #1598, .T. ) ;
#2040 = EDGE_CURVE ( 'NONE', #3910, #1451, #2469, .T. ) ;
#2041 = EDGE_LOOP ( 'NONE', ( #11227, #1463, #10678, #10995 ) ) ;
#2042 = ORIENTED_EDGE ( 'NONE', *, *, #6974, .F. ) ;
#2043 = DIRECTION ( 'NONE',  ( -0.8660254037844383745, -0.5000000000000003331, 0.000000000000000000 ) ) ;
#2044 = VECTOR ( 'NONE', #8736, 1000.000000000000000 ) ;
#2045 = DIRECTION ( 'NONE',  ( -0.4999999999999985012, 0.8660254037844395958, 0.000000000000000000 ) ) ;
#2046 = CARTESIAN_POINT ( 'NONE',  ( 9.550000000000018474, 25.43745550146433132, 0.4500000000000000111 ) ) ;
#2047 = PLANE ( 'NONE',  #11253 ) ;
#2048 = CARTESIAN_POINT ( 'NONE',  ( 6.000000000000000000, 22.00000000000000355, 0.000000000000000000 ) ) ;
#2049 = EDGE_LOOP ( 'NONE', ( #7488, #10902, #8804, #12439 ) ) ;
#2050 = VECTOR ( 'NONE', #95, 1000.000000000000000 ) ;
#2051 = DIRECTION ( 'NONE',  ( 0.000000000000000000, 0.000000000000000000, 1.000000000000000000 ) ) ;
#2052 = FACE_OUTER_BOUND ( 'NONE', #4814, .T. ) ;
#2053 = ORIENTED_EDGE ( 'NONE', *, *, #466, .T. ) ;
#2054 = EDGE_CURVE ( 'NONE', #10598, #8389, #8182, .T. ) ;
#2055 = LINE ( 'NONE', #8859, #6683 ) ;
#2056 = ORIENTED_EDGE ( 'NONE', *, *, #5834, .T. ) ;
#2057 = EDGE_LOOP ( 'NONE', ( #10402, #7835, #9815, #11250, #5973, #493 ) ) ;
#2058 = LINE ( 'NONE', #9941, #6170 ) ;
#2059 = DIRECTION ( 'NONE',  ( 0.8660254037844394848, -0.4999999999999985012, 0.000000000000000000 ) ) ;
#2060 = ORIENTED_EDGE ( 'NONE', *, *, #7257, .F. ) ;
#2061 = CARTESIAN_POINT ( 'NONE',  ( 30.14999999999997371, 25.43745550146435619, 0.000000000000000000 ) ) ;
#2062 = ADVANCED_FACE ( 'NONE', ( #6100 ), #436, .T. ) ;
#2063 = CARTESIAN_POINT ( 'NONE',  ( 29.35000000000000853, 25.43745550146434198, 0.4500000000000000111 ) ) ;
#2064 = DIRECTION ( 'NONE',  ( 0.000000000000000000, 0.000000000000000000, -1.000000000000000000 ) ) ;
#2065 = ADVANCED_FACE ( 'NONE', ( #11173 ), #10988, .T. ) ;
#2066 = ADVANCED_FACE ( 'NONE', ( #4123 ), #9202, .T. ) ;
#2067 = CARTESIAN_POINT ( 'NONE',  ( 22.75000000000000711, 25.43745550146433487, 0.4500000000000000111 ) ) ;
#2068 = ORIENTED_EDGE ( 'NONE', *, *, #9210, .F. ) ;
#2069 = LINE ( 'NONE', #11535, #3028 ) ;
#2070 = ORIENTED_EDGE ( 'NONE', *, *, #3310, .F. ) ;
#2071 = LINE ( 'NONE', #526, #6075 ) ;
#2072 = AXIS2_PLACEMENT_3D ( 'NONE', #8918, #5099, #7130 ) ;
#2073 = CARTESIAN_POINT ( 'NONE',  ( -19.45000000000000284, 23.99407982849027121, 0.4500000000000000111 ) ) ;
#2074 = ORIENTED_EDGE ( 'NONE', *, *, #9841, .T. ) ;
#2075 = CARTESIAN_POINT ( 'NONE',  ( 15.29999999999998295, 21.13619599600162502, 0.000000000000000000 ) ) ;
#2076 = ORIENTED_EDGE ( 'NONE', *, *, #1368, .F. ) ;
#2077 = FACE_OUTER_BOUND ( 'NONE', #10031, .T. ) ;
#2078 = PLANE ( 'NONE',  #907 ) ;
#2079 = EDGE_CURVE ( 'NONE', #7771, #7580, #3175, .T. ) ;
#2080 = DIRECTION ( 'NONE',  ( 9.614813431917789401E-15, 1.000000000000000000, 0.000000000000000000 ) ) ;
#2081 = CARTESIAN_POINT ( 'NONE',  ( -19.45000000000001705, 19.72168783648704249, 0.4500000000000000111 ) ) ;
#2082 = DIRECTION ( 'NONE',  ( -1.000000000000000000, 0.000000000000000000, 0.000000000000000000 ) ) ;
#2083 = CARTESIAN_POINT ( 'NONE',  ( -32.99999999999999289, 22.00000000000000355, 0.4500000000000000111 ) ) ;
#2084 = ORIENTED_EDGE ( 'NONE', *, *, #977, .T. ) ;
#2085 = VECTOR ( 'NONE', #11924, 1000.000000000000114 ) ;
#2086 = EDGE_LOOP ( 'NONE', ( #8153, #11733, #2943, #5428, #10789, #1376, #1872 ) ) ;
#2087 = ADVANCED_FACE ( 'NONE', ( #10930 ), #11997, .T. ) ;
#2088 = ORIENTED_EDGE ( 'NONE', *, *, #2287, .F. ) ;
#2089 = FACE_OUTER_BOUND ( 'NONE', #4022, .T. ) ;
#2090 = ORIENTED_EDGE ( 'NONE', *, *, #2169, .F. ) ;
#2091 = EDGE_CURVE ( 'NONE', #9924, #6551, #12128, .T. ) ;
#2092 = EDGE_LOOP ( 'NONE', ( #5326, #9726, #8025, #2496 ) ) ;
#2093 = ORIENTED_EDGE ( 'NONE', *, *, #9296, .T. ) ;
#2094 = DIRECTION ( 'NONE',  ( 0.5000000000000004441, -0.8660254037844384856, 0.000000000000000000 ) ) ;
#2095 = FACE_OUTER_BOUND ( 'NONE', #10559, .T. ) ;
#2096 = DIRECTION ( 'NONE',  ( -0.000000000000000000, -0.000000000000000000, -1.000000000000000000 ) ) ;
#2097 = CARTESIAN_POINT ( 'NONE',  ( -21.89999999999997726, 22.57957166897569934, 0.4500000000000000111 ) ) ;
#2098 = ORIENTED_EDGE ( 'NONE', *, *, #2552, .F. ) ;
#2099 = LINE ( 'NONE', #9027, #2028 ) ;
#2100 = LINE ( 'NONE', #2232, #3217 ) ;
#2101 = ORIENTED_EDGE ( 'NONE', *, *, #1167, .F. ) ;
#2102 = AXIS2_PLACEMENT_3D ( 'NONE', #9916, #4949, #1969 ) ;
#2103 = ORIENTED_EDGE ( 'NONE', *, *, #3808, .T. ) ;
#2104 = ADVANCED_FACE ( 'NONE', ( #2226, #9975, #11048, #8064, #9022, #318, #3292, #7171, #10036, #11938, #5205, #2345, #9084, #3234, #376, #8125, #12376, #1590, #3607, #12313, #4560, #5452, #5387, #5639, #634, #1522, #12250, #2596, #7483, #10212, #7609, #2659, #1652, #3542, #10473, #2783, #1776, #3732, #11360, #8444, #9521, #7545, #4622, #12188, #4685, #8564, #2719, #4497, #819, #12434, #11489, #6410, #3669, #695, #5514, #11420, #9274 ), #6597, .F. ) ;
#2105 = FACE_OUTER_BOUND ( 'NONE', #6823, .T. ) ;
#2106 = CARTESIAN_POINT ( 'NONE',  ( -20.73205080756887853, 18.00000000000000355, 0.4500000000000000111 ) ) ;
#2107 = CARTESIAN_POINT ( 'NONE',  ( 9.999999999999996447, 22.00000000000000355, 0.4500000000000000111 ) ) ;
#2108 = CARTESIAN_POINT ( 'NONE',  ( 13.25000000000000000, 20.41450815951458608, 0.4500000000000000111 ) ) ;
#2109 = AXIS2_PLACEMENT_3D ( 'NONE', #3608, #7484, #6343 ) ;
#2110 = PLANE ( 'NONE',  #5784 ) ;
#2111 = ORIENTED_EDGE ( 'NONE', *, *, #10484, .F. ) ;
#2112 = VECTOR ( 'NONE', #3556, 1000.000000000000000 ) ;
#2113 = LINE ( 'NONE', #11957, #3648 ) ;
#2114 = CARTESIAN_POINT ( 'NONE',  ( -30.14999999999997371, 25.43745550146435619, 0.000000000000000000 ) ) ;
#2115 = EDGE_LOOP ( 'NONE', ( #4035, #8009, #3243, #11709 ) ) ;
#2116 = AXIS2_PLACEMENT_3D ( 'NONE', #6443, #1682, #10313 ) ;
#2117 = CARTESIAN_POINT ( 'NONE',  ( 18.19999999999999574, 17.55662432702593989, 0.4500000000000000111 ) ) ;
#2118 = VECTOR ( 'NONE', #12125, 1000.000000000000000 ) ;
#2119 = ORIENTED_EDGE ( 'NONE', *, *, #10069, .T. ) ;
#2120 = ORIENTED_EDGE ( 'NONE', *, *, #8582, .F. ) ;
#2121 = DIRECTION ( 'NONE',  ( -9.614813431917789401E-15, 1.000000000000000000, 0.000000000000000000 ) ) ;
#2122 = CARTESIAN_POINT ( 'NONE',  ( 12.85000000000000497, 18.27831216351296817, 0.000000000000000000 ) ) ;
#2123 = VERTEX_POINT ( 'NONE', #8320 ) ;
#2124 = AXIS2_PLACEMENT_3D ( 'NONE', #9035, #3122, #9929 ) ;
#2125 = FACE_OUTER_BOUND ( 'NONE', #8893, .T. ) ;
#2126 = AXIS2_PLACEMENT_3D ( 'NONE', #5079, #1017, #11749 ) ;
#2127 = CARTESIAN_POINT ( 'NONE',  ( 14.89999999999999680, 23.27239199200323228, 0.4500000000000000111 ) ) ;
#2128 = CARTESIAN_POINT ( 'NONE',  ( 31.00000000000000711, 22.57957166897569223, 0.4500000000000000111 ) ) ;
#2129 = FACE_OUTER_BOUND ( 'NONE', #12033, .T. ) ;
#2130 = ORIENTED_EDGE ( 'NONE', *, *, #3098, .F. ) ;
#2131 = AXIS2_PLACEMENT_3D ( 'NONE', #5530, #835, #8521 ) ;
#2132 = DIRECTION ( 'NONE',  ( 0.000000000000000000, 0.000000000000000000, 1.000000000000000000 ) ) ;
#2133 = VECTOR ( 'NONE', #9204, 1000.000000000000114 ) ;
#2134 = ORIENTED_EDGE ( 'NONE', *, *, #4676, .F. ) ;
#2135 = DIRECTION ( 'NONE',  ( 0.8660254037844388186, -0.4999999999999997224, 0.000000000000000000 ) ) ;
#2136 = AXIS2_PLACEMENT_3D ( 'NONE', #5064, #110, #5819 ) ;
#2137 = DIRECTION ( 'NONE',  ( 0.8660254037844383745, 0.5000000000000003331, 0.000000000000000000 ) ) ;
#2138 = ORIENTED_EDGE ( 'NONE', *, *, #10285, .T. ) ;
#2139 = ADVANCED_FACE ( 'NONE', ( #3479 ), #9401, .T. ) ;
#2140 = CARTESIAN_POINT ( 'NONE',  ( 21.89999999999997726, 22.57957166897569934, 0.4500000000000000111 ) ) ;
#2141 = ORIENTED_EDGE ( 'NONE', *, *, #4726, .T. ) ;
#2142 = EDGE_CURVE ( 'NONE', #8841, #5330, #7422, .T. ) ;
#2143 = VECTOR ( 'NONE', #1377, 1000.000000000000000 ) ;
#2144 = DIRECTION ( 'NONE',  ( -1.000000000000000000, 0.000000000000000000, 0.000000000000000000 ) ) ;
#2145 = PLANE ( 'NONE',  #6389 ) ;
#2146 = LINE ( 'NONE', #6210, #4302 ) ;
#2147 = LINE ( 'NONE', #6149, #6567 ) ;
#2148 = DIRECTION ( 'NONE',  ( 0.000000000000000000, 0.000000000000000000, -1.000000000000000000 ) ) ;
#2149 = DIRECTION ( 'NONE',  ( -0.8660254037844387076, 0.4999999999999997224, 0.000000000000000000 ) ) ;
#2150 = EDGE_LOOP ( 'NONE', ( #7647, #432, #2103, #3601 ) ) ;
#2151 = VECTOR ( 'NONE', #9086, 1000.000000000000114 ) ;
#2152 = VERTEX_POINT ( 'NONE', #10282 ) ;
#2153 = VECTOR ( 'NONE', #8467, 1000.000000000000000 ) ;
#2154 = AXIS2_PLACEMENT_3D ( 'NONE', #2600, #9404, #698 ) ;
#2155 = CARTESIAN_POINT ( 'NONE',  ( 21.10000000000001563, 22.57957166897569223, 0.4500000000000000111 ) ) ;
#2156 = EDGE_LOOP ( 'NONE', ( #240, #6190, #12485, #8652 ) ) ;
#2157 = AXIS2_PLACEMENT_3D ( 'NONE', #7903, #4979, #6192 ) ;
#2158 = EDGE_CURVE ( 'NONE', #454, #8570, #9339, .T. ) ;
#2159 = ORIENTED_EDGE ( 'NONE', *, *, #6732, .T. ) ;
#2160 = ORIENTED_EDGE ( 'NONE', *, *, #6351, .T. ) ;
#2161 = DIRECTION ( 'NONE',  ( 0.4999999999999997224, -0.8660254037844388186, -0.000000000000000000 ) ) ;
#2162 = DIRECTION ( 'NONE',  ( 0.8660254037844394848, -0.4999999999999985012, 0.000000000000000000 ) ) ;
#2163 = EDGE_CURVE ( 'NONE', #11557, #4638, #10346, .T. ) ;
#2164 = VECTOR ( 'NONE', #10578, 1000.000000000000114 ) ;
#2165 = CARTESIAN_POINT ( 'NONE',  ( 35.94999999999998863, 23.99407982849027832, 0.4500000000000000111 ) ) ;
#2166 = CARTESIAN_POINT ( 'NONE',  ( 16.15000000000000568, 18.27831216351297172, 0.4500000000000000111 ) ) ;
#2167 = VERTEX_POINT ( 'NONE', #1714 ) ;
#2168 = PLANE ( 'NONE',  #1225 ) ;
#2169 = EDGE_CURVE ( 'NONE', #4601, #810, #9463, .T. ) ;
#2170 = LINE ( 'NONE', #2291, #6258 ) ;
#2171 = EDGE_LOOP ( 'NONE', ( #12387, #9011, #3916, #2692 ) ) ;
#2172 = ADVANCED_FACE ( 'NONE', ( #12501 ), #10656, .T. ) ;
#2173 = ORIENTED_EDGE ( 'NONE', *, *, #7724, .T. ) ;
#2174 = CARTESIAN_POINT ( 'NONE',  ( 30.99999999999999289, 21.13619599600162502, 0.4500000000000000111 ) ) ;
#2175 = EDGE_CURVE ( 'NONE', #10222, #1826, #11798, .T. ) ;
#2176 = FACE_OUTER_BOUND ( 'NONE', #12134, .T. ) ;
#2177 = DIRECTION ( 'NONE',  ( 0.000000000000000000, -1.000000000000000000, 0.000000000000000000 ) ) ;
#2178 = CARTESIAN_POINT ( 'NONE',  ( 35.94999999999999574, 18.27831216351297527, 0.000000000000000000 ) ) ;
#2179 = CARTESIAN_POINT ( 'NONE',  ( -16.94999999999998153, 19.72168783648705315, 0.4500000000000000111 ) ) ;
#2180 = VECTOR ( 'NONE', #502, 1000.000000000000000 ) ;
#2181 = COORDINATED_UNIVERSAL_TIME_OFFSET ( 1, 0, .AHEAD. ) ;
#2182 = EDGE_LOOP ( 'NONE', ( #9809, #1358, #1648, #8018 ) ) ;
#2183 = VECTOR ( 'NONE', #11449, 1000.000000000000000 ) ;
#2184 = EDGE_CURVE ( 'NONE', #8441, #2242, #47, .T. ) ;
#2185 = VECTOR ( 'NONE', #4930, 1000.000000000000114 ) ;
#2186 = LINE ( 'NONE', #10811, #1626 ) ;
#2187 = EDGE_CURVE ( 'NONE', #2203, #10598, #1956, .T. ) ;
#2188 = CARTESIAN_POINT ( 'NONE',  ( -23.14999999999998437, 23.30125950546273828, 0.4500000000000000111 ) ) ;
#2189 = EDGE_LOOP ( 'NONE', ( #7507, #2216, #9063, #7538 ) ) ;
#2190 = CARTESIAN_POINT ( 'NONE',  ( -29.74999999999998934, 20.41450815951459319, 0.000000000000000000 ) ) ;
#2191 = ORIENTED_EDGE ( 'NONE', *, *, #56, .F. ) ;
#2192 = ORIENTED_EDGE ( 'NONE', *, *, #3228, .T. ) ;
#2193 = EDGE_LOOP ( 'NONE', ( #3172, #2883, #11342, #10546 ) ) ;
#2194 = DIRECTION ( 'NONE',  ( 1.000000000000000000, 0.000000000000000000, 0.000000000000000000 ) ) ;
#2195 = VECTOR ( 'NONE', #10015, 1000.000000000000114 ) ;
#2196 = CARTESIAN_POINT ( 'NONE',  ( -26.84999999999997300, 18.27831216351298238, 0.4500000000000000111 ) ) ;
#2197 = ORIENTED_EDGE ( 'NONE', *, *, #1643, .F. ) ;
#2198 = EDGE_CURVE ( 'NONE', #12122, #7321, #1835, .T. ) ;
#2199 = FACE_OUTER_BOUND ( 'NONE', #5507, .T. ) ;
#2200 = LINE ( 'NONE', #8933, #8476 ) ;
#2201 = LINE ( 'NONE', #5173, #1034 ) ;
#2202 = DIRECTION ( 'NONE',  ( 0.000000000000000000, 0.000000000000000000, -1.000000000000000000 ) ) ;
#2203 = VERTEX_POINT ( 'NONE', #11608 ) ;
#2204 = PLANE ( 'NONE',  #8922 ) ;
#2205 = VERTEX_POINT ( 'NONE', #9768 ) ;
#2206 = LINE ( 'NONE', #4223, #2284 ) ;
#2207 = EDGE_LOOP ( 'NONE', ( #5734, #4730, #10667, #11160 ) ) ;
#2208 = DIRECTION ( 'NONE',  ( 0.000000000000000000, 0.000000000000000000, -1.000000000000000000 ) ) ;
#2209 = VERTEX_POINT ( 'NONE', #4998 ) ;
#2210 = VECTOR ( 'NONE', #7940, 1000.000000000000000 ) ;
#2211 = DIRECTION ( 'NONE',  ( 0.000000000000000000, 0.000000000000000000, -1.000000000000000000 ) ) ;
#2212 = CARTESIAN_POINT ( 'NONE',  ( 20.24999999999997513, 25.43745550146434908, 0.000000000000000000 ) ) ;
#2213 = CARTESIAN_POINT ( 'NONE',  ( 29.35000000000000853, 19.72168783648704604, 0.000000000000000000 ) ) ;
#2214 = LINE ( 'NONE', #6089, #5680 ) ;
#2215 = DIRECTION ( 'NONE',  ( 0.000000000000000000, 0.000000000000000000, -1.000000000000000000 ) ) ;
#2216 = ORIENTED_EDGE ( 'NONE', *, *, #12345, .F. ) ;
#2217 = ORIENTED_EDGE ( 'NONE', *, *, #9571, .F. ) ;
#2218 = EDGE_CURVE ( 'NONE', #8683, #8637, #111, .T. ) ;
#2219 = CARTESIAN_POINT ( 'NONE',  ( 11.99999999999998401, 22.57957166897569934, 0.4500000000000000111 ) ) ;
#2220 = VECTOR ( 'NONE', #9014, 1000.000000000000000 ) ;
#2221 = VERTEX_POINT ( 'NONE', #5694 ) ;
#2222 = EDGE_LOOP ( 'NONE', ( #4202, #3908, #6359, #2355 ) ) ;
#2223 = ORIENTED_EDGE ( 'NONE', *, *, #11820, .T. ) ;
#2224 = CARTESIAN_POINT ( 'NONE',  ( -12.85000000000000497, 18.27831216351296817, 0.4500000000000000111 ) ) ;
#2225 = PLANE ( 'NONE',  #2126 ) ;
#2226 = FACE_BOUND ( 'NONE', #3504, .T. ) ;
#2227 = VECTOR ( 'NONE', #3959, 1000.000000000000114 ) ;
#2228 = PLANE ( 'NONE',  #3351 ) ;
#2229 = CARTESIAN_POINT ( 'NONE',  ( 26.84999999999997300, 23.99407982849028187, 0.000000000000000000 ) ) ;
#2230 = EDGE_LOOP ( 'NONE', ( #9650, #12309, #4695, #7925 ) ) ;
#2231 = CARTESIAN_POINT ( 'NONE',  ( 29.34999999999999432, 23.99407982849027476, 0.4500000000000000111 ) ) ;
#2232 = CARTESIAN_POINT ( 'NONE',  ( -31.79999999999996874, 21.13619599600163212, 0.4500000000000000111 ) ) ;
#2233 = VERTEX_POINT ( 'NONE', #1062 ) ;
#2234 = ORIENTED_EDGE ( 'NONE', *, *, #8310, .F. ) ;
#2235 = PLANE ( 'NONE',  #6939 ) ;
#2236 = CARTESIAN_POINT ( 'NONE',  ( 10.34999999999998366, 25.43745550146434553, 0.000000000000000000 ) ) ;
#2237 = VECTOR ( 'NONE', #336, 1000.000000000000000 ) ;
#2238 = LINE ( 'NONE', #268, #509 ) ;
#2239 = FACE_OUTER_BOUND ( 'NONE', #9253, .T. ) ;
#2240 = CARTESIAN_POINT ( 'NONE',  ( -15.66794919243112361, 18.00000000000000355, 0.000000000000000000 ) ) ;
#2241 = ADVANCED_FACE ( 'NONE', ( #6773 ), #10535, .T. ) ;
#2242 = VERTEX_POINT ( 'NONE', #5821 ) ;
#2243 = CARTESIAN_POINT ( 'NONE',  ( 31.79999999999996874, 22.57957166897570644, 0.4500000000000000111 ) ) ;
#2244 = DIRECTION ( 'NONE',  ( 1.000000000000000000, 0.000000000000000000, 0.000000000000000000 ) ) ;
#2245 = DIRECTION ( 'NONE',  ( 0.8660254037844387076, 0.4999999999999997224, 0.000000000000000000 ) ) ;
#2246 = VECTOR ( 'NONE', #7671, 1000.000000000000000 ) ;
#2247 = ORIENTED_EDGE ( 'NONE', *, *, #10391, .T. ) ;
#2248 = ORIENTED_EDGE ( 'NONE', *, *, #11789, .F. ) ;
#2249 = EDGE_CURVE ( 'NONE', #12567, #2885, #9581, .T. ) ;
#2250 = VERTEX_POINT ( 'NONE', #10716 ) ;
#2251 = CARTESIAN_POINT ( 'NONE',  ( 9.550000000000022027, 19.72168783648703538, 0.4500000000000000111 ) ) ;
#2252 = CARTESIAN_POINT ( 'NONE',  ( -16.94999999999998153, 18.27831216351297883, 0.000000000000000000 ) ) ;
#2253 = ORIENTED_EDGE ( 'NONE', *, *, #8746, .T. ) ;
#2254 = EDGE_CURVE ( 'NONE', #1533, #8965, #877, .T. ) ;
#2255 = ADVANCED_FACE ( 'NONE', ( #2971 ), #6841, .T. ) ;
#2256 = DIRECTION ( 'NONE',  ( 0.5000000000000004441, -0.8660254037844384856, 0.000000000000000000 ) ) ;
#2257 = AXIS2_PLACEMENT_3D ( 'NONE', #4155, #9949, #9371 ) ;
#2258 = CARTESIAN_POINT ( 'NONE',  ( 32.65000000000000568, 25.43745550146434198, 0.4500000000000000111 ) ) ;
#2259 = CARTESIAN_POINT ( 'NONE',  ( 21.10000000000001563, 22.57957166897569223, 0.000000000000000000 ) ) ;
#2260 = CARTESIAN_POINT ( 'NONE',  ( -8.300000000000002487, 23.27239199200323228, 0.4500000000000000111 ) ) ;
#2261 = VERTEX_POINT ( 'NONE', #4743 ) ;
#2262 = CARTESIAN_POINT ( 'NONE',  ( -27.70000000000000995, 22.57957166897569223, 0.4500000000000000111 ) ) ;
#2263 = VERTEX_POINT ( 'NONE', #5886 ) ;
#2264 = LINE ( 'NONE', #1375, #50 ) ;
#2265 = VERTEX_POINT ( 'NONE', #4929 ) ;
#2266 = EDGE_CURVE ( 'NONE', #10365, #12416, #8627, .T. ) ;
#2267 = FACE_OUTER_BOUND ( 'NONE', #10201, .T. ) ;
#2268 = ORIENTED_EDGE ( 'NONE', *, *, #11251, .T. ) ;
#2269 = EDGE_CURVE ( 'NONE', #10938, #7214, #8815, .T. ) ;
#2270 = DIRECTION ( 'NONE',  ( 0.4999999999999985567, 0.8660254037844394848, 0.000000000000000000 ) ) ;
#2271 = DIRECTION ( 'NONE',  ( -0.4999999999999985567, 0.8660254037844394848, 0.000000000000000000 ) ) ;
#2272 = CARTESIAN_POINT ( 'NONE',  ( -37.60000000000000853, 22.57957166897569579, 0.4500000000000000111 ) ) ;
#2273 = DIRECTION ( 'NONE',  ( 0.000000000000000000, 1.000000000000000000, 0.000000000000000000 ) ) ;
#2274 = ORIENTED_EDGE ( 'NONE', *, *, #5424, .T. ) ;
#2275 = ORIENTED_EDGE ( 'NONE', *, *, #3635, .F. ) ;
#2276 = AXIS2_PLACEMENT_3D ( 'NONE', #1748, #9437, #9246 ) ;
#2277 = FACE_OUTER_BOUND ( 'NONE', #4796, .T. ) ;
#2278 = VECTOR ( 'NONE', #3984, 1000.000000000000000 ) ;
#2279 = EDGE_LOOP ( 'NONE', ( #7011, #252, #11180, #68, #11282, #5010 ) ) ;
#2280 = ORIENTED_EDGE ( 'NONE', *, *, #1113, .F. ) ;
#2281 = ORIENTED_EDGE ( 'NONE', *, *, #10126, .T. ) ;
#2282 = FACE_OUTER_BOUND ( 'NONE', #12466, .T. ) ;
#2283 = CARTESIAN_POINT ( 'NONE',  ( -31.79999999999996874, 22.57957166897570644, 0.000000000000000000 ) ) ;
#2284 = VECTOR ( 'NONE', #11917, 1000.000000000000000 ) ;
#2285 = CARTESIAN_POINT ( 'NONE',  ( 7.049999999999986500, 23.99407982849027121, 0.4500000000000000111 ) ) ;
#2286 = CARTESIAN_POINT ( 'NONE',  ( -15.29999999999998295, 21.13619599600162502, 0.4500000000000000111 ) ) ;
#2287 = EDGE_CURVE ( 'NONE', #4069, #8441, #6905, .T. ) ;
#2288 = CARTESIAN_POINT ( 'NONE',  ( 13.64999999999998437, 19.72168783648705315, 0.4500000000000000111 ) ) ;
#2289 = VERTEX_POINT ( 'NONE', #5945 ) ;
#2290 = CARTESIAN_POINT ( 'NONE',  ( -11.20000000000000462, 21.13619599600161436, 0.4500000000000000111 ) ) ;
#2291 = CARTESIAN_POINT ( 'NONE',  ( 12.36794919243113000, 18.00000000000000355, 0.4500000000000000111 ) ) ;
#2292 = ORIENTED_EDGE ( 'NONE', *, *, #6954, .F. ) ;
#2293 = ORIENTED_EDGE ( 'NONE', *, *, #11408, .F. ) ;
#2294 = DIRECTION ( 'NONE',  ( 0.000000000000000000, 0.000000000000000000, -1.000000000000000000 ) ) ;
#2295 = CARTESIAN_POINT ( 'NONE',  ( 19.45000000000001705, 25.43745550146433843, 0.000000000000000000 ) ) ;
#2296 = EDGE_CURVE ( 'NONE', #4412, #1818, #8693, .T. ) ;
#2297 = CARTESIAN_POINT ( 'NONE',  ( 26.05000000000001137, 25.43745550146433843, 0.4500000000000000111 ) ) ;
#2298 = ADVANCED_FACE ( 'NONE', ( #6657 ), #3802, .T. ) ;
#2299 = DIRECTION ( 'NONE',  ( -0.5000000000000004441, -0.8660254037844384856, 0.000000000000000000 ) ) ;
#2300 = VERTEX_POINT ( 'NONE', #8110 ) ;
#2301 = CARTESIAN_POINT ( 'NONE',  ( 30.14999999999997371, 19.72168783648705670, 0.4500000000000000111 ) ) ;
#2302 = LINE ( 'NONE', #8022, #1054 ) ;
#2303 = CARTESIAN_POINT ( 'NONE',  ( -7.049999999999986500, 24.70138853184800709, 0.000000000000000000 ) ) ;
#2304 = ORIENTED_EDGE ( 'NONE', *, *, #5335, .T. ) ;
#2305 = ORIENTED_EDGE ( 'NONE', *, *, #861, .T. ) ;
#2306 = VECTOR ( 'NONE', #11748, 1000.000000000000000 ) ;
#2307 = ORIENTED_EDGE ( 'NONE', *, *, #8774, .F. ) ;
#2308 = CARTESIAN_POINT ( 'NONE',  ( 16.94999999999998153, 18.27831216351297883, 0.4500000000000000111 ) ) ;
#2309 = EDGE_CURVE ( 'NONE', #6154, #1635, #10841, .T. ) ;
#2310 = DIRECTION ( 'NONE',  ( 0.4999999999999997224, -0.8660254037844388186, -0.000000000000000000 ) ) ;
#2311 = EDGE_LOOP ( 'NONE', ( #7102, #6850, #542, #8499 ) ) ;
#2312 = DIRECTION ( 'NONE',  ( 0.000000000000000000, 0.000000000000000000, -1.000000000000000000 ) ) ;
#2313 = VECTOR ( 'NONE', #832, 1000.000000000000114 ) ;
#2314 = ADVANCED_FACE ( 'NONE', ( #8238 ), #3219, .T. ) ;
#2315 = DIRECTION ( 'NONE',  ( 0.000000000000000000, 1.000000000000000000, 0.000000000000000000 ) ) ;
#2316 = EDGE_CURVE ( 'NONE', #1579, #6065, #12043, .T. ) ;
#2317 = CARTESIAN_POINT ( 'NONE',  ( 0.000000000000000000, 15.29999999999998295, 0.4500000000000000111 ) ) ;
#2318 = LINE ( 'NONE', #6195, #6816 ) ;
#2319 = ORIENTED_EDGE ( 'NONE', *, *, #7126, .T. ) ;
#2320 = DIRECTION ( 'NONE',  ( 0.000000000000000000, 0.000000000000000000, -1.000000000000000000 ) ) ;
#2321 = VERTEX_POINT ( 'NONE', #8048 ) ;
#2322 = AXIS2_PLACEMENT_3D ( 'NONE', #8506, #2786, #12378 ) ;
#2323 = FACE_OUTER_BOUND ( 'NONE', #11302, .T. ) ;
#2324 = ADVANCED_FACE ( 'NONE', ( #10975 ), #6266, .T. ) ;
#2325 = ORIENTED_EDGE ( 'NONE', *, *, #2718, .T. ) ;
#2326 = AXIS2_PLACEMENT_3D ( 'NONE', #6427, #1602, #4452 ) ;
#2327 = FACE_OUTER_BOUND ( 'NONE', #9791, .T. ) ;
#2328 = ORIENTED_EDGE ( 'NONE', *, *, #161, .T. ) ;
#2329 = PLANE ( 'NONE',  #12017 ) ;
#2330 = LINE ( 'NONE', #9125, #12115 ) ;
#2331 = DIRECTION ( 'NONE',  ( -0.8660254037844393737, 0.4999999999999985012, 0.000000000000000000 ) ) ;
#2332 = AXIS2_PLACEMENT_3D ( 'NONE', #5466, #1471, #391 ) ;
#2333 = DIRECTION ( 'NONE',  ( 0.000000000000000000, 0.000000000000000000, -1.000000000000000000 ) ) ;
#2334 = EDGE_LOOP ( 'NONE', ( #2535, #492, #4454, #4788 ) ) ;
#2335 = EDGE_CURVE ( 'NONE', #2561, #4262, #11033, .T. ) ;
#2336 = AXIS2_PLACEMENT_3D ( 'NONE', #8882, #46, #9829 ) ;
#2337 = ORIENTED_EDGE ( 'NONE', *, *, #174, .T. ) ;
#2338 = CARTESIAN_POINT ( 'NONE',  ( 18.19999999999998863, 20.44337567297408498, 0.4500000000000000111 ) ) ;
#2339 = ORIENTED_EDGE ( 'NONE', *, *, #5047, .F. ) ;
#2340 = VERTEX_POINT ( 'NONE', #361 ) ;
#2341 = VECTOR ( 'NONE', #10831, 1000.000000000000114 ) ;
#2342 = ORIENTED_EDGE ( 'NONE', *, *, #10896, .T. ) ;
#2343 = CARTESIAN_POINT ( 'NONE',  ( 27.70000000000000995, 22.57957166897569223, 0.000000000000000000 ) ) ;
#2344 = DIRECTION ( 'NONE',  ( 0.000000000000000000, 0.000000000000000000, -1.000000000000000000 ) ) ;
#2345 = FACE_BOUND ( 'NONE', #3316, .T. ) ;
#2346 = PLANE ( 'NONE',  #2541 ) ;
#2347 = LINE ( 'NONE', #12192, #11888 ) ;
#2348 = ORIENTED_EDGE ( 'NONE', *, *, #616, .T. ) ;
#2349 = VECTOR ( 'NONE', #8431, 1000.000000000000114 ) ;
#2350 = VECTOR ( 'NONE', #9199, 1000.000000000000000 ) ;
#2351 = CARTESIAN_POINT ( 'NONE',  ( 16.14999999999999858, 23.99407982849026411, 0.4500000000000000111 ) ) ;
#2352 = AXIS2_PLACEMENT_3D ( 'NONE', #9218, #7123, #514 ) ;
#2353 = LINE ( 'NONE', #5210, #2210 ) ;
#2354 = EDGE_LOOP ( 'NONE', ( #1043, #8024, #7734, #9013 ) ) ;
#2355 = ORIENTED_EDGE ( 'NONE', *, *, #1215, .F. ) ;
#2356 = CARTESIAN_POINT ( 'NONE',  ( -34.69999999999998153, 23.27239199200324649, 0.000000000000000000 ) ) ;
#2357 = VECTOR ( 'NONE', #7267, 1000.000000000000000 ) ;
#2358 = DIRECTION ( 'NONE',  ( 0.8660254037844393737, 0.4999999999999985012, 0.000000000000000000 ) ) ;
#2359 = LINE ( 'NONE', #11062, #12265 ) ;
#2360 = CARTESIAN_POINT ( 'NONE',  ( -14.50000000000000178, 21.13619599600161791, 0.000000000000000000 ) ) ;
#2361 = ADVANCED_FACE ( 'NONE', ( #3158 ), #4229, .T. ) ;
#2362 = VERTEX_POINT ( 'NONE', #10021 ) ;
#2363 = DIRECTION ( 'NONE',  ( 1.000000000000000000, 0.000000000000000000, 0.000000000000000000 ) ) ;
#2364 = LINE ( 'NONE', #11067, #5867 ) ;
#2365 = ORIENTED_EDGE ( 'NONE', *, *, #6001, .F. ) ;
#2366 = ORIENTED_EDGE ( 'NONE', *, *, #10721, .T. ) ;
#2367 = CARTESIAN_POINT ( 'NONE',  ( -35.00000000000000000, 28.50000000000000355, 0.000000000000000000 ) ) ;
#2368 = EDGE_CURVE ( 'NONE', #700, #6948, #2146, .T. ) ;
#2369 = VERTEX_POINT ( 'NONE', #7220 ) ;
#2370 = DIRECTION ( 'NONE',  ( 0.8660254037844393737, -0.4999999999999985012, 0.000000000000000000 ) ) ;
#2371 = CARTESIAN_POINT ( 'NONE',  ( -18.47564434701790503, 25.99999999999999645, 0.4500000000000000111 ) ) ;
#2372 = ORIENTED_EDGE ( 'NONE', *, *, #12003, .F. ) ;
#2373 = LINE ( 'NONE', #10124, #5974 ) ;
#2374 = EDGE_CURVE ( 'NONE', #439, #868, #4107, .T. ) ;
#2375 = DIRECTION ( 'NONE',  ( 0.000000000000000000, 0.000000000000000000, 1.000000000000000000 ) ) ;
#2376 = DIRECTION ( 'NONE',  ( 0.8660254037844383745, -0.5000000000000003331, 0.000000000000000000 ) ) ;
#2377 = LINE ( 'NONE', #6252, #7121 ) ;
#2378 = DIRECTION ( 'NONE',  ( 0.000000000000000000, -1.000000000000000000, 0.000000000000000000 ) ) ;
#2379 = ORIENTED_EDGE ( 'NONE', *, *, #4157, .T. ) ;
#2380 = LINE ( 'NONE', #7269, #4647 ) ;
#2381 = VERTEX_POINT ( 'NONE', #1319 ) ;
#2382 = VECTOR ( 'NONE', #10432, 1000.000000000000000 ) ;
#2383 = AXIS2_PLACEMENT_3D ( 'NONE', #2888, #3713, #3844 ) ;
#2384 = EDGE_CURVE ( 'NONE', #4101, #9072, #11983, .T. ) ;
#2385 = DIRECTION ( 'NONE',  ( -0.8660254037844394848, 0.4999999999999984457, 0.000000000000000000 ) ) ;
#2386 = EDGE_LOOP ( 'NONE', ( #1297, #10273, #5915, #4586 ) ) ;
#2387 = DIRECTION ( 'NONE',  ( 0.000000000000000000, 0.000000000000000000, -1.000000000000000000 ) ) ;
#2388 = ORIENTED_EDGE ( 'NONE', *, *, #146, .F. ) ;
#2389 = DIRECTION ( 'NONE',  ( 0.000000000000000000, 0.000000000000000000, -1.000000000000000000 ) ) ;
#2390 = VERTEX_POINT ( 'NONE', #3277 ) ;
#2391 = CARTESIAN_POINT ( 'NONE',  ( 20.24999999999997513, 25.43745550146434908, 0.4500000000000000111 ) ) ;
#2392 = EDGE_CURVE ( 'NONE', #3532, #10222, #4172, .T. ) ;
#2393 = DIRECTION ( 'NONE',  ( 0.4999999999999985012, 0.8660254037844395958, 0.000000000000000000 ) ) ;
#2394 = ORIENTED_EDGE ( 'NONE', *, *, #7069, .F. ) ;
#2395 = EDGE_CURVE ( 'NONE', #8232, #1385, #5247, .T. ) ;
#2396 = ORIENTED_EDGE ( 'NONE', *, *, #5431, .T. ) ;
#2397 = DIRECTION ( 'NONE',  ( -1.000000000000000000, 0.000000000000000000, 0.000000000000000000 ) ) ;
#2398 = EDGE_LOOP ( 'NONE', ( #2337, #3673, #1429, #6819 ) ) ;
#2399 = ADVANCED_FACE ( 'NONE', ( #9902 ), #2329, .T. ) ;
#2400 = ORIENTED_EDGE ( 'NONE', *, *, #4102, .F. ) ;
#2401 = VECTOR ( 'NONE', #5146, 1000.000000000000114 ) ;
#2402 = ORIENTED_EDGE ( 'NONE', *, *, #12003, .T. ) ;
#2403 = EDGE_CURVE ( 'NONE', #3879, #5581, #5303, .T. ) ;
#2404 = ADVANCED_FACE ( 'NONE', ( #5066 ), #10915, .T. ) ;
#2405 = DIRECTION ( 'NONE',  ( 0.8660254037844394848, 0.4999999999999984457, 0.000000000000000000 ) ) ;
#2406 = LINE ( 'NONE', #10987, #12457 ) ;
#2407 = EDGE_CURVE ( 'NONE', #9736, #4024, #11861, .T. ) ;
#2408 = DIRECTION ( 'NONE',  ( 0.000000000000000000, 0.000000000000000000, -1.000000000000000000 ) ) ;
#2409 = CARTESIAN_POINT ( 'NONE',  ( -18.19999999999999574, 23.27239199200323938, 0.4500000000000000111 ) ) ;
#2410 = DIRECTION ( 'NONE',  ( -0.8660254037844393737, -0.4999999999999985012, 0.000000000000000000 ) ) ;
#2411 = EDGE_LOOP ( 'NONE', ( #3611, #6398, #10973, #7816 ) ) ;
#2412 = VECTOR ( 'NONE', #10526, 1000.000000000000000 ) ;
#2413 = DIRECTION ( 'NONE',  ( 0.000000000000000000, 0.000000000000000000, -1.000000000000000000 ) ) ;
#2414 = ORIENTED_EDGE ( 'NONE', *, *, #7900, .F. ) ;
#2415 = CARTESIAN_POINT ( 'NONE',  ( -18.59999999999998010, 22.57957166897570289, 0.000000000000000000 ) ) ;
#2416 = ORIENTED_EDGE ( 'NONE', *, *, #12393, .F. ) ;
#2417 = EDGE_LOOP ( 'NONE', ( #10919, #4926, #1736, #11603 ) ) ;
#2418 = EDGE_CURVE ( 'NONE', #6065, #10365, #9005, .T. ) ;
#2419 = CARTESIAN_POINT ( 'NONE',  ( 11.20000000000001883, 22.57957166897568513, 0.4500000000000000111 ) ) ;
#2420 = CARTESIAN_POINT ( 'NONE',  ( 28.49999999999997158, 22.57957166897570644, 0.000000000000000000 ) ) ;
#2421 = EDGE_CURVE ( 'NONE', #8790, #12242, #619, .T. ) ;
#2422 = VECTOR ( 'NONE', #7911, 1000.000000000000000 ) ;
#2423 = CARTESIAN_POINT ( 'NONE',  ( 36.34999999999998010, 23.30125950546274538, 0.000000000000000000 ) ) ;
#2424 = DIRECTION ( 'NONE',  ( -0.8660254037844387076, 0.4999999999999997224, 0.000000000000000000 ) ) ;
#2425 = ORIENTED_EDGE ( 'NONE', *, *, #4239, .F. ) ;
#2426 = ADVANCED_FACE ( 'NONE', ( #805 ), #9383, .T. ) ;
#2427 = CARTESIAN_POINT ( 'NONE',  ( -30.99999999999999289, 21.13619599600162502, 0.4500000000000000111 ) ) ;
#2428 = EDGE_CURVE ( 'NONE', #4363, #7848, #1505, .T. ) ;
#2429 = DIRECTION ( 'NONE',  ( 9.614813431917789401E-15, 1.000000000000000000, 0.000000000000000000 ) ) ;
#2430 = ORIENTED_EDGE ( 'NONE', *, *, #9678, .F. ) ;
#2431 = CARTESIAN_POINT ( 'NONE',  ( 35.09999999999998010, 22.57957166897571000, 0.4500000000000000111 ) ) ;
#2432 = CARTESIAN_POINT ( 'NONE',  ( 19.45000000000001705, 25.43745550146433843, 0.4500000000000000111 ) ) ;
#2433 = AXIS2_PLACEMENT_3D ( 'NONE', #838, #5658, #5713 ) ;
#2434 = VERTEX_POINT ( 'NONE', #3405 ) ;
#2435 = DIRECTION ( 'NONE',  ( -9.614813431917789401E-15, -1.000000000000000000, 0.000000000000000000 ) ) ;
#2436 = CARTESIAN_POINT ( 'NONE',  ( -10.34999999999998721, 19.72168783648705315, 0.000000000000000000 ) ) ;
#2437 = DIRECTION ( 'NONE',  ( -0.8660254037844393737, 0.4999999999999985012, 0.000000000000000000 ) ) ;
#2438 = LINE ( 'NONE', #6311, #4946 ) ;
#2439 = CARTESIAN_POINT ( 'NONE',  ( 30.14999999999997371, 19.72168783648705670, 0.4500000000000000111 ) ) ;
#2440 = ADVANCED_FACE ( 'NONE', ( #12234 ), #9446, .T. ) ;
#2441 = CARTESIAN_POINT ( 'NONE',  ( 33.44999999999998153, 19.72168783648705670, 0.4500000000000000111 ) ) ;
#2442 = VECTOR ( 'NONE', #8306, 1000.000000000000000 ) ;
#2443 = FACE_OUTER_BOUND ( 'NONE', #11069, .T. ) ;
#2444 = DIRECTION ( 'NONE',  ( 0.000000000000000000, 0.000000000000000000, -1.000000000000000000 ) ) ;
#2445 = ORIENTED_EDGE ( 'NONE', *, *, #2403, .T. ) ;
#2446 = DIRECTION ( 'NONE',  ( -0.4999999999999985567, 0.8660254037844394848, 0.000000000000000000 ) ) ;
#2447 = VERTEX_POINT ( 'NONE', #10330 ) ;
#2448 = DIRECTION ( 'NONE',  ( -9.614813431917789401E-15, 1.000000000000000000, 0.000000000000000000 ) ) ;
#2449 = VERTEX_POINT ( 'NONE', #11404 ) ;
#2450 = VECTOR ( 'NONE', #4969, 1000.000000000000000 ) ;
#2451 = CARTESIAN_POINT ( 'NONE',  ( 26.44999999999998153, 23.30125950546274183, 0.000000000000000000 ) ) ;
#2452 = VERTEX_POINT ( 'NONE', #5370 ) ;
#2453 = EDGE_CURVE ( 'NONE', #4691, #11525, #6392, .T. ) ;
#2454 = ADVANCED_FACE ( 'NONE', ( #8364 ), #1696, .T. ) ;
#2455 = CARTESIAN_POINT ( 'NONE',  ( 35.00000000000000000, 15.29999999999998295, 0.000000000000000000 ) ) ;
#2456 = ORIENTED_EDGE ( 'NONE', *, *, #6033, .F. ) ;
#2457 = CARTESIAN_POINT ( 'NONE',  ( 15.29999999999998295, 22.57957166897569934, 0.000000000000000000 ) ) ;
#2458 = CARTESIAN_POINT ( 'NONE',  ( 9.550000000000007816, 18.27831216351296462, 0.4500000000000000111 ) ) ;
#2459 = EDGE_LOOP ( 'NONE', ( #3743, #12470, #9968, #11855, #6654, #5859, #6493 ) ) ;
#2460 = ORIENTED_EDGE ( 'NONE', *, *, #1074, .F. ) ;
#2461 = CARTESIAN_POINT ( 'NONE',  ( 12.36794919243113000, 18.00000000000000355, 0.000000000000000000 ) ) ;
#2462 = ORIENTED_EDGE ( 'NONE', *, *, #11147, .F. ) ;
#2463 = LINE ( 'NONE', #10149, #3483 ) ;
#2464 = ORIENTED_EDGE ( 'NONE', *, *, #3613, .T. ) ;
#2465 = EDGE_CURVE ( 'NONE', #4908, #3759, #7278, .T. ) ;
#2466 = VERTEX_POINT ( 'NONE', #2455 ) ;
#2467 = DIRECTION ( 'NONE',  ( 9.614813431917789401E-15, 1.000000000000000000, 0.000000000000000000 ) ) ;
#2468 = LINE ( 'NONE', #11047, #6988 ) ;
#2469 = LINE ( 'NONE', #1396, #11823 ) ;
#2470 = DIRECTION ( 'NONE',  ( 0.000000000000000000, 0.000000000000000000, -1.000000000000000000 ) ) ;
#2471 = CARTESIAN_POINT ( 'NONE',  ( -6.650000000000004796, 20.41450815951458253, 0.000000000000000000 ) ) ;
#2472 = VECTOR ( 'NONE', #4010, 1000.000000000000000 ) ;
#2473 = DIRECTION ( 'NONE',  ( 0.8660254037844393737, 0.4999999999999985012, 0.000000000000000000 ) ) ;
#2474 = ORIENTED_EDGE ( 'NONE', *, *, #6895, .F. ) ;
#2475 = ADVANCED_FACE ( 'NONE', ( #6325 ), #5557, .T. ) ;
#2476 = CARTESIAN_POINT ( 'NONE',  ( 13.64999999999998082, 23.99407982849027121, 0.4500000000000000111 ) ) ;
#2477 = VERTEX_POINT ( 'NONE', #9260 ) ;
#2478 = ADVANCED_FACE ( 'NONE', ( #4544 ), #2701, .T. ) ;
#2479 = FACE_OUTER_BOUND ( 'NONE', #2505, .T. ) ;
#2480 = ORIENTED_EDGE ( 'NONE', *, *, #5806, .F. ) ;
#2481 = ORIENTED_EDGE ( 'NONE', *, *, #5499, .F. ) ;
#2482 = AXIS2_PLACEMENT_3D ( 'NONE', #12307, #12370, #10206 ) ;
#2483 = EDGE_CURVE ( 'NONE', #4144, #9163, #4605, .T. ) ;
#2484 = CARTESIAN_POINT ( 'NONE',  ( -9.999999999999996447, 22.00000000000000355, 0.4500000000000000111 ) ) ;
#2485 = CARTESIAN_POINT ( 'NONE',  ( 26.44999999999998153, 23.30125950546274183, 0.4500000000000000111 ) ) ;
#2486 = DIRECTION ( 'NONE',  ( -0.8660254037844383745, -0.5000000000000003331, 0.000000000000000000 ) ) ;
#2487 = DIRECTION ( 'NONE',  ( 0.8660254037844394848, -0.4999999999999985012, 0.000000000000000000 ) ) ;
#2488 = VERTEX_POINT ( 'NONE', #8490 ) ;
#2489 = CARTESIAN_POINT ( 'NONE',  ( -6.000000000000000000, 22.00000000000000355, 0.4500000000000000111 ) ) ;
#2490 = CARTESIAN_POINT ( 'NONE',  ( -26.44999999999998153, 23.30125950546274183, 0.4500000000000000111 ) ) ;
#2491 = VECTOR ( 'NONE', #7729, 1000.000000000000000 ) ;
#2492 = EDGE_CURVE ( 'NONE', #4538, #6882, #3593, .T. ) ;
#2493 = VERTEX_POINT ( 'NONE', #4421 ) ;
#2494 = FACE_OUTER_BOUND ( 'NONE', #2115, .T. ) ;
#2495 = LINE ( 'NONE', #2559, #1133 ) ;
#2496 = ORIENTED_EDGE ( 'NONE', *, *, #11768, .T. ) ;
#2497 = LINE ( 'NONE', #1556, #2924 ) ;
#2498 = CARTESIAN_POINT ( 'NONE',  ( -23.54999999999997584, 18.27831216351298238, 0.000000000000000000 ) ) ;
#2499 = DIRECTION ( 'NONE',  ( 0.8660254037844394848, -0.4999999999999985012, 0.000000000000000000 ) ) ;
#2500 = LINE ( 'NONE', #6022, #3130 ) ;
#2501 = PLANE ( 'NONE',  #5366 ) ;
#2502 = DIRECTION ( 'NONE',  ( 0.8660254037844387076, 0.4999999999999997224, 0.000000000000000000 ) ) ;
#2503 = CARTESIAN_POINT ( 'NONE',  ( 28.09999999999999076, 17.55662432702594344, 0.4500000000000000111 ) ) ;
#2504 = CARTESIAN_POINT ( 'NONE',  ( -8.699999999999986855, 22.57957166897569579, 0.4500000000000000111 ) ) ;
#2505 = EDGE_LOOP ( 'NONE', ( #881, #3184, #7902, #11773 ) ) ;
#2506 = DIRECTION ( 'NONE',  ( 1.000000000000000000, 0.000000000000000000, 0.000000000000000000 ) ) ;
#2507 = EDGE_LOOP ( 'NONE', ( #11727, #235, #3244, #9937, #6418, #2191, #7865 ) ) ;
#2508 = LINE ( 'NONE', #548, #5832 ) ;
#2509 = ORIENTED_EDGE ( 'NONE', *, *, #11949, .F. ) ;
#2510 = VECTOR ( 'NONE', #513, 1000.000000000000000 ) ;
#2511 = CARTESIAN_POINT ( 'NONE',  ( 32.16794919243110229, 18.00000000000000355, 0.4500000000000000111 ) ) ;
#2512 = ORIENTED_EDGE ( 'NONE', *, *, #6486, .F. ) ;
#2513 = CARTESIAN_POINT ( 'NONE',  ( 7.049999999999986500, 24.70138853184800709, 0.000000000000000000 ) ) ;
#2514 = ORIENTED_EDGE ( 'NONE', *, *, #570, .T. ) ;
#2515 = DIRECTION ( 'NONE',  ( 0.000000000000000000, 0.000000000000000000, -1.000000000000000000 ) ) ;
#2516 = LINE ( 'NONE', #6395, #11894 ) ;
#2517 = VERTEX_POINT ( 'NONE', #8304 ) ;
#2518 = VECTOR ( 'NONE', #6738, 1000.000000000000000 ) ;
#2519 = ORIENTED_EDGE ( 'NONE', *, *, #1530, .T. ) ;
#2520 = CARTESIAN_POINT ( 'NONE',  ( -14.50000000000000178, 21.13619599600161791, 0.4500000000000000111 ) ) ;
#2521 = VECTOR ( 'NONE', #9782, 1000.000000000000000 ) ;
#2522 = ORIENTED_EDGE ( 'NONE', *, *, #2009, .F. ) ;
#2523 = EDGE_CURVE ( 'NONE', #2466, #6489, #2644, .T. ) ;
#2524 = LINE ( 'NONE', #7352, #1868 ) ;
#2525 = ORIENTED_EDGE ( 'NONE', *, *, #5608, .F. ) ;
#2526 = ORIENTED_EDGE ( 'NONE', *, *, #6742, .F. ) ;
#2527 = VECTOR ( 'NONE', #6441, 1000.000000000000000 ) ;
#2528 = LINE ( 'NONE', #4435, #9865 ) ;
#2529 = DIRECTION ( 'NONE',  ( 0.000000000000000000, 0.000000000000000000, -1.000000000000000000 ) ) ;
#2530 = DIRECTION ( 'NONE',  ( 0.8660254037844383745, 0.5000000000000003331, 0.000000000000000000 ) ) ;
#2531 = DIRECTION ( 'NONE',  ( 0.000000000000000000, 0.000000000000000000, 1.000000000000000000 ) ) ;
#2532 = EDGE_CURVE ( 'NONE', #6109, #3104, #12170, .T. ) ;
#2533 = DIRECTION ( 'NONE',  ( 1.000000000000000000, 9.614813431917789401E-15, 0.000000000000000000 ) ) ;
#2534 = LINE ( 'NONE', #5579, #1141 ) ;
#2535 = ORIENTED_EDGE ( 'NONE', *, *, #8839, .T. ) ;
#2536 = PLANE ( 'NONE',  #7105 ) ;
#2537 = VERTEX_POINT ( 'NONE', #2513 ) ;
#2538 = CC_DESIGN_PERSON_AND_ORGANIZATION_ASSIGNMENT ( #9735, #790, ( #9147 ) ) ;
#2539 = CARTESIAN_POINT ( 'NONE',  ( -25.19999999999997442, 21.13619599600163212, 0.4500000000000000111 ) ) ;
#2540 = ORIENTED_EDGE ( 'NONE', *, *, #2782, .T. ) ;
#2541 = AXIS2_PLACEMENT_3D ( 'NONE', #7300, #8065, #10038 ) ;
#2542 = ORIENTED_EDGE ( 'NONE', *, *, #8900, .T. ) ;
#2543 = ADVANCED_FACE ( 'NONE', ( #10269 ), #1574, .T. ) ;
#2544 = DIRECTION ( 'NONE',  ( 0.000000000000000000, 0.000000000000000000, -1.000000000000000000 ) ) ;
#2545 = CARTESIAN_POINT ( 'NONE',  ( -8.699999999999986855, 22.57957166897569579, 0.000000000000000000 ) ) ;
#2546 = PLANE ( 'NONE',  #2332 ) ;
#2547 = AXIS2_PLACEMENT_3D ( 'NONE', #5851, #8914, #1229 ) ;
#2548 = DIRECTION ( 'NONE',  ( 0.8660254037844387076, 0.4999999999999997224, 0.000000000000000000 ) ) ;
#2549 = VECTOR ( 'NONE', #742, 1000.000000000000114 ) ;
#2550 = ORIENTED_EDGE ( 'NONE', *, *, #12037, .T. ) ;
#2551 = CARTESIAN_POINT ( 'NONE',  ( -7.900000000000007461, 21.13619599600161436, 0.4500000000000000111 ) ) ;
#2552 = EDGE_CURVE ( 'NONE', #10661, #11595, #1878, .T. ) ;
#2553 = FACE_BOUND ( 'NONE', #8295, .T. ) ;
#2554 = AXIS2_PLACEMENT_3D ( 'NONE', #7575, #11752, #10438 ) ;
#2555 = EDGE_CURVE ( 'NONE', #5503, #35, #6826, .T. ) ;
#2556 = ORIENTED_EDGE ( 'NONE', *, *, #4566, .F. ) ;
#2557 = DIRECTION ( 'NONE',  ( 0.8660254037844394848, -0.4999999999999985012, 0.000000000000000000 ) ) ;
#2558 = VECTOR ( 'NONE', #2557, 1000.000000000000000 ) ;
#2559 = CARTESIAN_POINT ( 'NONE',  ( 23.54999999999997584, 25.43745550146435264, 0.000000000000000000 ) ) ;
#2560 = VECTOR ( 'NONE', #3467, 1000.000000000000000 ) ;
#2561 = VERTEX_POINT ( 'NONE', #2955 ) ;
#2562 = DIRECTION ( 'NONE',  ( 0.000000000000000000, -1.000000000000000000, 0.000000000000000000 ) ) ;
#2563 = DIRECTION ( 'NONE',  ( 0.000000000000000000, 0.000000000000000000, -1.000000000000000000 ) ) ;
#2564 = CARTESIAN_POINT ( 'NONE',  ( 28.49999999999997158, 21.13619599600163212, 0.4500000000000000111 ) ) ;
#2565 = ADVANCED_FACE ( 'NONE', ( #9751 ), #4791, .T. ) ;
#2566 = DIRECTION ( 'NONE',  ( 0.000000000000000000, 0.000000000000000000, 1.000000000000000000 ) ) ;
#2567 = FACE_OUTER_BOUND ( 'NONE', #8357, .T. ) ;
#2568 = EDGE_CURVE ( 'NONE', #1884, #2605, #10763, .T. ) ;
#2569 = FACE_OUTER_BOUND ( 'NONE', #11396, .T. ) ;
#2570 = DIRECTION ( 'NONE',  ( 0.000000000000000000, -0.000000000000000000, -1.000000000000000000 ) ) ;
#2571 = CARTESIAN_POINT ( 'NONE',  ( 18.59999999999998010, 21.13619599600162857, 0.4500000000000000111 ) ) ;
#2572 = ORIENTED_EDGE ( 'NONE', *, *, #5449, .F. ) ;
#2573 = DIRECTION ( 'NONE',  ( 0.000000000000000000, 0.000000000000000000, -1.000000000000000000 ) ) ;
#2574 = ORIENTED_EDGE ( 'NONE', *, *, #9740, .F. ) ;
#2575 = CARTESIAN_POINT ( 'NONE',  ( -31.67564434701789722, 25.99999999999999645, 0.4500000000000000111 ) ) ;
#2576 = EDGE_LOOP ( 'NONE', ( #4395, #7415, #5510, #10968 ) ) ;
#2577 = DIRECTION ( 'NONE',  ( 0.000000000000000000, 0.000000000000000000, -1.000000000000000000 ) ) ;
#2578 = ORIENTED_EDGE ( 'NONE', *, *, #1731, .F. ) ;
#2579 = DIRECTION ( 'NONE',  ( -0.4999999999999985012, 0.8660254037844395958, 0.000000000000000000 ) ) ;
#2580 = ORIENTED_EDGE ( 'NONE', *, *, #12042, .T. ) ;
#2581 = LINE ( 'NONE', #4670, #4469 ) ;
#2582 = DIRECTION ( 'NONE',  ( 0.000000000000000000, -1.000000000000000000, 0.000000000000000000 ) ) ;
#2583 = ORIENTED_EDGE ( 'NONE', *, *, #10310, .F. ) ;
#2584 = VECTOR ( 'NONE', #9107, 1000.000000000000000 ) ;
#2585 = EDGE_CURVE ( 'NONE', #5581, #11994, #1046, .T. ) ;
#2586 = EDGE_LOOP ( 'NONE', ( #3626, #6582, #5950, #3527 ) ) ;
#2587 = AXIS2_PLACEMENT_3D ( 'NONE', #11722, #9624, #10519 ) ;
#2588 = CARTESIAN_POINT ( 'NONE',  ( 23.54999999999997584, 25.43745550146435264, 0.4500000000000000111 ) ) ;
#2589 = EDGE_LOOP ( 'NONE', ( #3720, #3824, #5715, #699 ) ) ;
#2590 = DIRECTION ( 'NONE',  ( 0.8660254037844394848, -0.4999999999999985012, 0.000000000000000000 ) ) ;
#2591 = ORIENTED_EDGE ( 'NONE', *, *, #12379, .T. ) ;
#2592 = ORIENTED_EDGE ( 'NONE', *, *, #9045, .T. ) ;
#2593 = VECTOR ( 'NONE', #2763, 1000.000000000000000 ) ;
#2594 = CARTESIAN_POINT ( 'NONE',  ( -34.69999999999998153, 20.44337567297409208, 0.4500000000000000111 ) ) ;
#2595 = DIRECTION ( 'NONE',  ( 0.000000000000000000, -1.000000000000000000, 0.000000000000000000 ) ) ;
#2596 = FACE_BOUND ( 'NONE', #9410, .T. ) ;
#2597 = DIRECTION ( 'NONE',  ( -0.8660254037844387076, 0.4999999999999997224, 0.000000000000000000 ) ) ;
#2598 = PLANE ( 'NONE',  #10634 ) ;
#2599 = EDGE_CURVE ( 'NONE', #8368, #3753, #6700, .T. ) ;
#2600 = CARTESIAN_POINT ( 'NONE',  ( 32.99999999999999289, 22.00000000000000355, 0.4500000000000000111 ) ) ;
#2601 = VERTEX_POINT ( 'NONE', #9685 ) ;
#2602 = ORIENTED_EDGE ( 'NONE', *, *, #8998, .F. ) ;
#2603 = FACE_OUTER_BOUND ( 'NONE', #2586, .T. ) ;
#2604 = VECTOR ( 'NONE', #8840, 1000.000000000000000 ) ;
#2605 = VERTEX_POINT ( 'NONE', #11657 ) ;
#2606 = ORIENTED_EDGE ( 'NONE', *, *, #4109, .F. ) ;
#2607 = ORIENTED_EDGE ( 'NONE', *, *, #248, .F. ) ;
#2608 = CARTESIAN_POINT ( 'NONE',  ( 27.82435565298205660, 25.99999999999999645, 0.4500000000000000111 ) ) ;
#2609 = LINE ( 'NONE', #4802, #3972 ) ;
#2610 = CARTESIAN_POINT ( 'NONE',  ( -5.399999999999989697, 21.13619599600162147, 0.000000000000000000 ) ) ;
#2611 = CARTESIAN_POINT ( 'NONE',  ( 11.20000000000001883, 22.57957166897568513, 0.000000000000000000 ) ) ;
#2612 = VECTOR ( 'NONE', #1513, 1000.000000000000114 ) ;
#2613 = EDGE_CURVE ( 'NONE', #8895, #704, #6887, .T. ) ;
#2614 = VERTEX_POINT ( 'NONE', #3905 ) ;
#2615 = CARTESIAN_POINT ( 'NONE',  ( 14.50000000000001599, 22.57957166897568868, 0.4500000000000000111 ) ) ;
#2616 = FACE_BOUND ( 'NONE', #5381, .T. ) ;
#2617 = EDGE_LOOP ( 'NONE', ( #10084, #12293, #7739, #1813, #1628, #8526, #6848 ) ) ;
#2618 = ORIENTED_EDGE ( 'NONE', *, *, #8363, .F. ) ;
#2619 = DIRECTION ( 'NONE',  ( 0.5000000000000004441, -0.8660254037844384856, 0.000000000000000000 ) ) ;
#2620 = EDGE_LOOP ( 'NONE', ( #4055, #6316, #8390, #5371 ) ) ;
#2621 = VECTOR ( 'NONE', #11428, 1000.000000000000000 ) ;
#2622 = CARTESIAN_POINT ( 'NONE',  ( 5.399999999999989697, 21.13619599600162147, 0.4500000000000000111 ) ) ;
#2623 = DIRECTION ( 'NONE',  ( -0.8660254037844394848, -0.4999999999999985012, 0.000000000000000000 ) ) ;
#2624 = ADVANCED_FACE ( 'NONE', ( #8610 ), #1941, .T. ) ;
#2625 = DIRECTION ( 'NONE',  ( -0.4999999999999985012, 0.8660254037844395958, 0.000000000000000000 ) ) ;
#2626 = ADVANCED_FACE ( 'NONE', ( #3785 ), #94, .T. ) ;
#2627 = PLANE ( 'NONE',  #10429 ) ;
#2628 = PLANE ( 'NONE',  #2740 ) ;
#2629 = DIRECTION ( 'NONE',  ( -0.000000000000000000, -0.000000000000000000, -1.000000000000000000 ) ) ;
#2630 = VECTOR ( 'NONE', #4410, 1000.000000000000114 ) ;
#2631 = DIRECTION ( 'NONE',  ( 0.8660254037844393737, 0.4999999999999985012, 0.000000000000000000 ) ) ;
#2632 = EDGE_CURVE ( 'NONE', #4313, #8715, #8676, .T. ) ;
#2633 = CARTESIAN_POINT ( 'NONE',  ( 32.99999999999999289, 25.99999999999999645, 0.000000000000000000 ) ) ;
#2634 = VERTEX_POINT ( 'NONE', #7590 ) ;
#2635 = VECTOR ( 'NONE', #8416, 1000.000000000000114 ) ;
#2636 = FACE_OUTER_BOUND ( 'NONE', #8260, .T. ) ;
#2637 = ORIENTED_EDGE ( 'NONE', *, *, #9057, .T. ) ;
#2638 = EDGE_CURVE ( 'NONE', #11941, #8997, #7774, .T. ) ;
#2639 = EDGE_CURVE ( 'NONE', #9877, #5497, #4727, .T. ) ;
#2640 = CARTESIAN_POINT ( 'NONE',  ( 23.54999999999997584, 23.99407982849027832, 0.000000000000000000 ) ) ;
#2641 = ORIENTED_EDGE ( 'NONE', *, *, #4615, .T. ) ;
#2642 = CARTESIAN_POINT ( 'NONE',  ( 18.96794919243111721, 18.00000000000000355, 0.4500000000000000111 ) ) ;
#2643 = VECTOR ( 'NONE', #8917, 1000.000000000000000 ) ;
#2644 = LINE ( 'NONE', #6518, #8276 ) ;
#2645 = CARTESIAN_POINT ( 'NONE',  ( 28.09999999999999076, 23.27239199200324293, 0.4500000000000000111 ) ) ;
#2646 = LINE ( 'NONE', #622, #4783 ) ;
#2647 = ORIENTED_EDGE ( 'NONE', *, *, #5246, .T. ) ;
#2648 = ORIENTED_EDGE ( 'NONE', *, *, #8478, .T. ) ;
#2649 = DIRECTION ( 'NONE',  ( -0.8660254037844394848, -0.4999999999999985012, 0.000000000000000000 ) ) ;
#2650 = ADVANCED_FACE ( 'NONE', ( #11468 ), #4851, .T. ) ;
#2651 = VECTOR ( 'NONE', #10454, 1000.000000000000114 ) ;
#2652 = ORIENTED_EDGE ( 'NONE', *, *, #3882, .T. ) ;
#2653 = LINE ( 'NONE', #3602, #1276 ) ;
#2654 = ORIENTED_EDGE ( 'NONE', *, *, #7968, .T. ) ;
#2655 = ORIENTED_EDGE ( 'NONE', *, *, #7162, .F. ) ;
#2656 = ADVANCED_FACE ( 'NONE', ( #2767 ), #7713, .T. ) ;
#2657 = DIRECTION ( 'NONE',  ( -9.614813431917789401E-15, 1.000000000000000000, 0.000000000000000000 ) ) ;
#2658 = LINE ( 'NONE', #6596, #7611 ) ;
#2659 = FACE_BOUND ( 'NONE', #10465, .T. ) ;
#2660 = DIRECTION ( 'NONE',  ( -0.5000000000000004441, -0.8660254037844384856, 0.000000000000000000 ) ) ;
#2661 = VECTOR ( 'NONE', #21, 1000.000000000000000 ) ;
#2662 = CARTESIAN_POINT ( 'NONE',  ( -27.69999999999999574, 21.13619599600162502, 0.000000000000000000 ) ) ;
#2663 = EDGE_CURVE ( 'NONE', #4219, #3798, #5681, .T. ) ;
#2664 = CARTESIAN_POINT ( 'NONE',  ( 25.07564434701789935, 25.99999999999999645, 0.000000000000000000 ) ) ;
#2665 = VERTEX_POINT ( 'NONE', #10576 ) ;
#2666 = ORIENTED_EDGE ( 'NONE', *, *, #727, .F. ) ;
#2667 = DIRECTION ( 'NONE',  ( -0.8660254037844383745, 0.5000000000000003331, 0.000000000000000000 ) ) ;
#2668 = ORIENTED_EDGE ( 'NONE', *, *, #11155, .T. ) ;
#2669 = ORIENTED_EDGE ( 'NONE', *, *, #4633, .T. ) ;
#2670 = ORIENTED_EDGE ( 'NONE', *, *, #6976, .T. ) ;
#2671 = LINE ( 'NONE', #6544, #2112 ) ;
#2672 = LINE ( 'NONE', #9657, #6183 ) ;
#2673 = CARTESIAN_POINT ( 'NONE',  ( -32.65000000000000568, 25.43745550146434198, 0.4500000000000000111 ) ) ;
#2674 = ORIENTED_EDGE ( 'NONE', *, *, #6953, .F. ) ;
#2675 = DIRECTION ( 'NONE',  ( -0.8660254037844394848, -0.4999999999999985012, 0.000000000000000000 ) ) ;
#2676 = LINE ( 'NONE', #6302, #787 ) ;
#2677 = VERTEX_POINT ( 'NONE', #5740 ) ;
#2678 = CARTESIAN_POINT ( 'NONE',  ( -13.24999999999998757, 23.30125950546273117, 0.4500000000000000111 ) ) ;
#2679 = VECTOR ( 'NONE', #4832, 1000.000000000000000 ) ;
#2680 = CARTESIAN_POINT ( 'NONE',  ( -7.049999999999990052, 19.72168783648704959, 0.4500000000000000111 ) ) ;
#2681 = ORIENTED_EDGE ( 'NONE', *, *, #7456, .F. ) ;
#2682 = PLANE ( 'NONE',  #11653 ) ;
#2683 = ADVANCED_FACE ( 'NONE', ( #8157 ), #10127, .T. ) ;
#2684 = DIRECTION ( 'NONE',  ( -1.000000000000000000, 0.000000000000000000, 0.000000000000000000 ) ) ;
#2685 = CARTESIAN_POINT ( 'NONE',  ( 34.29999999999999005, 21.13619599600162502, 0.4500000000000000111 ) ) ;
#2686 = DIRECTION ( 'NONE',  ( 0.8660254037844388186, -0.4999999999999997224, 0.000000000000000000 ) ) ;
#2687 = CARTESIAN_POINT ( 'NONE',  ( -32.16794919243110229, 18.00000000000000355, 0.4500000000000000111 ) ) ;
#2688 = VECTOR ( 'NONE', #8948, 1000.000000000000000 ) ;
#2689 = CARTESIAN_POINT ( 'NONE',  ( -18.19999999999998863, 26.15914333795138802, 0.4500000000000000111 ) ) ;
#2690 = LINE ( 'NONE', #9436, #11380 ) ;
#2691 = CARTESIAN_POINT ( 'NONE',  ( -27.33205080756889060, 18.00000000000000000, 0.4500000000000000111 ) ) ;
#2692 = ORIENTED_EDGE ( 'NONE', *, *, #3614, .T. ) ;
#2693 = FACE_OUTER_BOUND ( 'NONE', #3789, .T. ) ;
#2694 = EDGE_LOOP ( 'NONE', ( #3872, #4820, #7400, #11586 ) ) ;
#2695 = EDGE_CURVE ( 'NONE', #6449, #11354, #5233, .T. ) ;
#2696 = CARTESIAN_POINT ( 'NONE',  ( -36.34999999999998010, 23.30125950546274538, 0.000000000000000000 ) ) ;
#2697 = ORIENTED_EDGE ( 'NONE', *, *, #10027, .T. ) ;
#2698 = CARTESIAN_POINT ( 'NONE',  ( 32.99999999999999289, 18.00000000000000355, 0.4500000000000000111 ) ) ;
#2699 = ADVANCED_FACE ( 'NONE', ( #7082 ), #6251, .T. ) ;
#2700 = EDGE_CURVE ( 'NONE', #1517, #12122, #4031, .T. ) ;
#2701 = PLANE ( 'NONE',  #10295 ) ;
#2702 = CARTESIAN_POINT ( 'NONE',  ( 30.14999999999997371, 23.99407982849028187, 0.4500000000000000111 ) ) ;
#2703 = LINE ( 'NONE', #7471, #2349 ) ;
#2704 = ORIENTED_EDGE ( 'NONE', *, *, #4428, .T. ) ;
#2705 = ORIENTED_EDGE ( 'NONE', *, *, #3404, .F. ) ;
#2706 = VECTOR ( 'NONE', #6358, 1000.000000000000000 ) ;
#2707 = PLANE ( 'NONE',  #3018 ) ;
#2708 = EDGE_CURVE ( 'NONE', #8250, #5296, #10067, .T. ) ;
#2709 = VERTEX_POINT ( 'NONE', #285 ) ;
#2710 = AXIS2_PLACEMENT_3D ( 'NONE', #5771, #7684, #7741 ) ;
#2711 = CARTESIAN_POINT ( 'NONE',  ( -21.10000000000000142, 21.13619599600162147, 0.4500000000000000111 ) ) ;
#2712 = ORIENTED_EDGE ( 'NONE', *, *, #9827, .T. ) ;
#2713 = ORIENTED_EDGE ( 'NONE', *, *, #1310, .T. ) ;
#2714 = AXIS2_PLACEMENT_3D ( 'NONE', #5576, #4370, #2531 ) ;
#2715 = DIRECTION ( 'NONE',  ( 0.000000000000000000, 0.000000000000000000, -1.000000000000000000 ) ) ;
#2716 = CARTESIAN_POINT ( 'NONE',  ( -27.33205080756887639, 18.00000000000000355, 0.4500000000000000111 ) ) ;
#2717 = AXIS2_PLACEMENT_3D ( 'NONE', #12263, #4634, #10488 ) ;
#2718 = EDGE_CURVE ( 'NONE', #3104, #1701, #10008, .T. ) ;
#2719 = FACE_BOUND ( 'NONE', #10790, .T. ) ;
#2720 = FACE_OUTER_BOUND ( 'NONE', #3349, .T. ) ;
#2721 = DIRECTION ( 'NONE',  ( 0.8660254037844387076, 0.4999999999999997224, 0.000000000000000000 ) ) ;
#2722 = AXIS2_PLACEMENT_3D ( 'NONE', #7639, #4527, #4774 ) ;
#2723 = DIRECTION ( 'NONE',  ( -1.000000000000000000, 0.000000000000000000, 0.000000000000000000 ) ) ;
#2724 = ORIENTED_EDGE ( 'NONE', *, *, #6121, .F. ) ;
#2725 = ORIENTED_EDGE ( 'NONE', *, *, #6858, .T. ) ;
#2726 = DIRECTION ( 'NONE',  ( 0.8660254037844393737, -0.4999999999999985012, 0.000000000000000000 ) ) ;
#2727 = VERTEX_POINT ( 'NONE', #3325 ) ;
#2728 = ORIENTED_EDGE ( 'NONE', *, *, #6272, .T. ) ;
#2729 = VECTOR ( 'NONE', #10181, 1000.000000000000000 ) ;
#2730 = ORIENTED_EDGE ( 'NONE', *, *, #12173, .F. ) ;
#2731 = CARTESIAN_POINT ( 'NONE',  ( 6.649999999999992362, 23.30125950546273117, 0.4500000000000000111 ) ) ;
#2732 = VECTOR ( 'NONE', #4697, 1000.000000000000000 ) ;
#2733 = DIRECTION ( 'NONE',  ( 0.000000000000000000, 0.000000000000000000, -1.000000000000000000 ) ) ;
#2734 = CARTESIAN_POINT ( 'NONE',  ( 32.99999999999999289, 18.00000000000000355, 0.4500000000000000111 ) ) ;
#2735 = ORIENTED_EDGE ( 'NONE', *, *, #6588, .F. ) ;
#2736 = VECTOR ( 'NONE', #4189, 1000.000000000000000 ) ;
#2737 = LINE ( 'NONE', #10492, #6287 ) ;
#2738 = VECTOR ( 'NONE', #6355, 1000.000000000000000 ) ;
#2739 = DIRECTION ( 'NONE',  ( 1.000000000000000000, 0.000000000000000000, 0.000000000000000000 ) ) ;
#2740 = AXIS2_PLACEMENT_3D ( 'NONE', #1683, #1259, #662 ) ;
#2741 = ORIENTED_EDGE ( 'NONE', *, *, #9396, .F. ) ;
#2742 = DIRECTION ( 'NONE',  ( -9.614813431917789401E-15, 1.000000000000000000, 0.000000000000000000 ) ) ;
#2743 = ORIENTED_EDGE ( 'NONE', *, *, #6330, .T. ) ;
#2744 = DIRECTION ( 'NONE',  ( 0.000000000000000000, 0.000000000000000000, -1.000000000000000000 ) ) ;
#2745 = CARTESIAN_POINT ( 'NONE',  ( -23.14999999999999503, 20.41450815951458608, 0.4500000000000000111 ) ) ;
#2746 = VECTOR ( 'NONE', #9256, 1000.000000000000114 ) ;
#2747 = CARTESIAN_POINT ( 'NONE',  ( -10.34999999999998366, 25.43745550146434553, 0.4500000000000000111 ) ) ;
#2748 = FACE_OUTER_BOUND ( 'NONE', #12176, .T. ) ;
#2749 = CARTESIAN_POINT ( 'NONE',  ( 19.45000000000001705, 25.43745550146433843, 0.4500000000000000111 ) ) ;
#2750 = AXIS2_PLACEMENT_3D ( 'NONE', #1020, #4950, #10863 ) ;
#2751 = DIRECTION ( 'NONE',  ( 0.8660254037844394848, -0.4999999999999985012, 0.000000000000000000 ) ) ;
#2752 = DIRECTION ( 'NONE',  ( 0.000000000000000000, -1.000000000000000000, 0.000000000000000000 ) ) ;
#2753 = FACE_OUTER_BOUND ( 'NONE', #12261, .T. ) ;
#2754 = ORIENTED_EDGE ( 'NONE', *, *, #4493, .F. ) ;
#2755 = EDGE_CURVE ( 'NONE', #3583, #11039, #2200, .T. ) ;
#2756 = VECTOR ( 'NONE', #12111, 1000.000000000000114 ) ;
#2757 = DIRECTION ( 'NONE',  ( 0.000000000000000000, 0.000000000000000000, 1.000000000000000000 ) ) ;
#2758 = VECTOR ( 'NONE', #8123, 1000.000000000000000 ) ;
#2759 = VECTOR ( 'NONE', #297, 1000.000000000000114 ) ;
#2760 = EDGE_LOOP ( 'NONE', ( #12150, #3521, #11791, #1843 ) ) ;
#2761 = EDGE_CURVE ( 'NONE', #11288, #9163, #11909, .T. ) ;
#2762 = EDGE_CURVE ( 'NONE', #10371, #2976, #164, .T. ) ;
#2763 = DIRECTION ( 'NONE',  ( 0.000000000000000000, 0.000000000000000000, -1.000000000000000000 ) ) ;
#2764 = ORIENTED_EDGE ( 'NONE', *, *, #9235, .T. ) ;
#2765 = CARTESIAN_POINT ( 'NONE',  ( 14.89999999999998792, 20.44337567297408498, 0.4500000000000000111 ) ) ;
#2766 = VECTOR ( 'NONE', #5295, 1000.000000000000000 ) ;
#2767 = FACE_OUTER_BOUND ( 'NONE', #4920, .T. ) ;
#2768 = DIRECTION ( 'NONE',  ( 0.000000000000000000, 0.000000000000000000, -1.000000000000000000 ) ) ;
#2769 = FACE_OUTER_BOUND ( 'NONE', #9645, .T. ) ;
#2770 = VERTEX_POINT ( 'NONE', #10899 ) ;
#2771 = CARTESIAN_POINT ( 'NONE',  ( 22.75000000000000000, 18.27831216351297172, 0.4500000000000000111 ) ) ;
#2772 = EDGE_LOOP ( 'NONE', ( #4572, #767, #6857, #341 ) ) ;
#2773 = EDGE_CURVE ( 'NONE', #7321, #1730, #6951, .T. ) ;
#2774 = FACE_OUTER_BOUND ( 'NONE', #9135, .T. ) ;
#2775 = CARTESIAN_POINT ( 'NONE',  ( 36.34999999999999432, 20.41450815951459674, 0.4500000000000000111 ) ) ;
#2776 = VERTEX_POINT ( 'NONE', #11781 ) ;
#2777 = ORIENTED_EDGE ( 'NONE', *, *, #6073, .T. ) ;
#2778 = DIRECTION ( 'NONE',  ( 0.4999999999999985567, 0.8660254037844394848, 0.000000000000000000 ) ) ;
#2779 = FACE_OUTER_BOUND ( 'NONE', #6695, .T. ) ;
#2780 = EDGE_CURVE ( 'NONE', #2221, #12136, #3075, .T. ) ;
#2781 = AXIS2_PLACEMENT_3D ( 'NONE', #5847, #8012, #4133 ) ;
#2782 = EDGE_CURVE ( 'NONE', #6393, #11671, #1303, .T. ) ;
#2783 = FACE_BOUND ( 'NONE', #6569, .T. ) ;
#2784 = DIRECTION ( 'NONE',  ( 0.000000000000000000, 0.000000000000000000, -1.000000000000000000 ) ) ;
#2785 = VECTOR ( 'NONE', #6968, 1000.000000000000000 ) ;
#2786 = DIRECTION ( 'NONE',  ( 0.4999999999999985567, 0.8660254037844394848, 0.000000000000000000 ) ) ;
#2787 = CARTESIAN_POINT ( 'NONE',  ( -31.39999999999997726, 20.44337567297409208, 0.4500000000000000111 ) ) ;
#2788 = ORIENTED_EDGE ( 'NONE', *, *, #5923, .T. ) ;
#2789 = ORIENTED_EDGE ( 'NONE', *, *, #2951, .F. ) ;
#2790 = EDGE_CURVE ( 'NONE', #3819, #5004, #11971, .T. ) ;
#2791 = LINE ( 'NONE', #4817, #979 ) ;
#2792 = ORIENTED_EDGE ( 'NONE', *, *, #10261, .T. ) ;
#2793 = AXIS2_PLACEMENT_3D ( 'NONE', #9746, #7583, #3651 ) ;
#2794 = ORIENTED_EDGE ( 'NONE', *, *, #11268, .F. ) ;
#2795 = EDGE_CURVE ( 'NONE', #639, #2123, #3267, .T. ) ;
#2796 = ADVANCED_FACE ( 'NONE', ( #4216 ), #228, .T. ) ;
#2797 = EDGE_CURVE ( 'NONE', #4280, #1881, #6074, .T. ) ;
#2798 = EDGE_LOOP ( 'NONE', ( #10726, #9966, #4876, #8593 ) ) ;
#2799 = VECTOR ( 'NONE', #7906, 1000.000000000000114 ) ;
#2800 = FACE_OUTER_BOUND ( 'NONE', #3115, .T. ) ;
#2801 = CARTESIAN_POINT ( 'NONE',  ( -28.09999999999999076, 23.27239199200324293, 0.4500000000000000111 ) ) ;
#2802 = DIRECTION ( 'NONE',  ( 0.000000000000000000, 0.000000000000000000, -1.000000000000000000 ) ) ;
#2803 = ORIENTED_EDGE ( 'NONE', *, *, #8136, .F. ) ;
#2804 = CARTESIAN_POINT ( 'NONE',  ( -29.74999999999997868, 23.30125950546274183, 0.4500000000000000111 ) ) ;
#2805 = FACE_BOUND ( 'NONE', #6080, .T. ) ;
#2806 = ORIENTED_EDGE ( 'NONE', *, *, #3478, .T. ) ;
#2807 = DIRECTION ( 'NONE',  ( 0.000000000000000000, -1.000000000000000000, 0.000000000000000000 ) ) ;
#2808 = ORIENTED_EDGE ( 'NONE', *, *, #9477, .T. ) ;
#2809 = EDGE_CURVE ( 'NONE', #5706, #1839, #8096, .T. ) ;
#2810 = CARTESIAN_POINT ( 'NONE',  ( -22.75000000000001421, 19.72168783648704249, 0.000000000000000000 ) ) ;
#2811 = LINE ( 'NONE', #12342, #5219 ) ;
#2812 = VECTOR ( 'NONE', #8700, 1000.000000000000000 ) ;
#2813 = DIRECTION ( 'NONE',  ( -0.8660254037844383745, 0.5000000000000003331, 0.000000000000000000 ) ) ;
#2814 = EDGE_CURVE ( 'NONE', #1473, #667, #1187, .T. ) ;
#2815 = CARTESIAN_POINT ( 'NONE',  ( -11.99999999999998401, 22.57957166897569934, 0.4500000000000000111 ) ) ;
#2816 = EDGE_CURVE ( 'NONE', #12523, #12356, #6377, .T. ) ;
#2817 = VERTEX_POINT ( 'NONE', #11141 ) ;
#2818 = CARTESIAN_POINT ( 'NONE',  ( -18.59999999999998010, 22.57957166897570289, 0.4500000000000000111 ) ) ;
#2819 = DIRECTION ( 'NONE',  ( -0.8660254037844394848, 0.4999999999999984457, 0.000000000000000000 ) ) ;
#2820 = ORIENTED_EDGE ( 'NONE', *, *, #2142, .F. ) ;
#2821 = CARTESIAN_POINT ( 'NONE',  ( 13.24999999999998757, 23.30125950546273117, 0.000000000000000000 ) ) ;
#2822 = VECTOR ( 'NONE', #1644, 1000.000000000000000 ) ;
#2823 = EDGE_LOOP ( 'NONE', ( #8329, #1069, #2838, #6541 ) ) ;
#2824 = DIRECTION ( 'NONE',  ( 0.8660254037844393737, 0.4999999999999985012, 0.000000000000000000 ) ) ;
#2825 = VERTEX_POINT ( 'NONE', #4596 ) ;
#2826 = LINE ( 'NONE', #6755, #5396 ) ;
#2827 = VECTOR ( 'NONE', #855, 1000.000000000000000 ) ;
#2828 = ADVANCED_FACE ( 'NONE', ( #2569 ), #469, .T. ) ;
#2829 = CARTESIAN_POINT ( 'NONE',  ( -11.59999999999999076, 20.44337567297408498, 0.4500000000000000111 ) ) ;
#2830 = DIRECTION ( 'NONE',  ( 0.8660254037844383745, -0.5000000000000003331, 0.000000000000000000 ) ) ;
#2831 = CARTESIAN_POINT ( 'NONE',  ( -32.99999999999999289, 25.99999999999999645, 0.4500000000000000111 ) ) ;
#2832 = ORIENTED_EDGE ( 'NONE', *, *, #10694, .F. ) ;
#2833 = DIRECTION ( 'NONE',  ( 0.8660254037844394848, -0.4999999999999985012, 0.000000000000000000 ) ) ;
#2834 = ORIENTED_EDGE ( 'NONE', *, *, #1164, .T. ) ;
#2835 = DIRECTION ( 'NONE',  ( 0.000000000000000000, 0.000000000000000000, -1.000000000000000000 ) ) ;
#2836 = DIRECTION ( 'NONE',  ( 9.614813431917789401E-15, -1.000000000000000000, 0.000000000000000000 ) ) ;
#2837 = AXIS2_PLACEMENT_3D ( 'NONE', #1342, #3052, #5019 ) ;
#2838 = ORIENTED_EDGE ( 'NONE', *, *, #3929, .F. ) ;
#2839 = EDGE_CURVE ( 'NONE', #7191, #12422, #9173, .T. ) ;
#2840 = EDGE_CURVE ( 'NONE', #11167, #6232, #9244, .T. ) ;
#2841 = FACE_OUTER_BOUND ( 'NONE', #4209, .T. ) ;
#2842 = ORIENTED_EDGE ( 'NONE', *, *, #2017, .T. ) ;
#2843 = DIRECTION ( 'NONE',  ( -0.8660254037844388186, -0.4999999999999997224, 0.000000000000000000 ) ) ;
#2844 = CARTESIAN_POINT ( 'NONE',  ( 29.34999999999999432, 18.27831216351297527, 0.000000000000000000 ) ) ;
#2845 = CARTESIAN_POINT ( 'NONE',  ( -35.94999999999998863, 23.99407982849027832, 0.4500000000000000111 ) ) ;
#2846 = CARTESIAN_POINT ( 'NONE',  ( -9.550000000000007816, 18.27831216351296462, 0.000000000000000000 ) ) ;
#2847 = LINE ( 'NONE', #2973, #3865 ) ;
#2848 = DIRECTION ( 'NONE',  ( 1.000000000000000000, -0.000000000000000000, -0.000000000000000000 ) ) ;
#2849 = EDGE_CURVE ( 'NONE', #7796, #9918, #10253, .T. ) ;
#2850 = ORIENTED_EDGE ( 'NONE', *, *, #11560, .T. ) ;
#2851 = VECTOR ( 'NONE', #4984, 1000.000000000000000 ) ;
#2852 = ORIENTED_EDGE ( 'NONE', *, *, #927, .F. ) ;
#2853 = ORIENTED_EDGE ( 'NONE', *, *, #1691, .F. ) ;
#2854 = DIRECTION ( 'NONE',  ( 0.000000000000000000, -1.000000000000000000, 0.000000000000000000 ) ) ;
#2855 = VERTEX_POINT ( 'NONE', #3514 ) ;
#2856 = EDGE_CURVE ( 'NONE', #7954, #11167, #6446, .T. ) ;
#2857 = EDGE_LOOP ( 'NONE', ( #10319, #8211, #3406, #4381 ) ) ;
#2858 = VERTEX_POINT ( 'NONE', #7518 ) ;
#2859 = AXIS2_PLACEMENT_3D ( 'NONE', #8038, #7145, #5234 ) ;
#2860 = CARTESIAN_POINT ( 'NONE',  ( -26.44999999999998153, 23.30125950546274183, 0.000000000000000000 ) ) ;
#2861 = CARTESIAN_POINT ( 'NONE',  ( -9.949999999999990408, 23.30125950546273117, 0.4500000000000000111 ) ) ;
#2862 = EDGE_CURVE ( 'NONE', #9130, #6403, #538, .T. ) ;
#2863 = ADVANCED_FACE ( 'NONE', ( #11267 ), #4337, .T. ) ;
#2864 = LINE ( 'NONE', #6729, #4733 ) ;
#2865 = ORIENTED_EDGE ( 'NONE', *, *, #4735, .F. ) ;
#2866 = PLANE ( 'NONE',  #814 ) ;
#2867 = FACE_BOUND ( 'NONE', #6730, .T. ) ;
#2868 = EDGE_LOOP ( 'NONE', ( #2670, #10279, #8731, #858 ) ) ;
#2869 = LINE ( 'NONE', #6735, #3123 ) ;
#2870 = ORIENTED_EDGE ( 'NONE', *, *, #10869, .T. ) ;
#2871 = CARTESIAN_POINT ( 'NONE',  ( -21.89999999999997726, 22.57957166897569934, 0.4500000000000000111 ) ) ;
#2872 = CARTESIAN_POINT ( 'NONE',  ( -16.14999999999999858, 23.99407982849026411, 0.4500000000000000111 ) ) ;
#2873 = CARTESIAN_POINT ( 'NONE',  ( -32.65000000000000568, 19.72168783648704604, 0.000000000000000000 ) ) ;
#2874 = DIRECTION ( 'NONE',  ( -9.614813431917789401E-15, 1.000000000000000000, 0.000000000000000000 ) ) ;
#2875 = ORIENTED_EDGE ( 'NONE', *, *, #11797, .T. ) ;
#2876 = EDGE_CURVE ( 'NONE', #5041, #8281, #8349, .T. ) ;
#2877 = DIRECTION ( 'NONE',  ( 0.000000000000000000, 0.000000000000000000, -1.000000000000000000 ) ) ;
#2878 = VECTOR ( 'NONE', #10812, 1000.000000000000114 ) ;
#2879 = CARTESIAN_POINT ( 'NONE',  ( -19.45000000000000284, 23.99407982849027121, 0.4500000000000000111 ) ) ;
#2880 = EDGE_LOOP ( 'NONE', ( #9572, #1073, #1150, #138, #7005, #9487 ) ) ;
#2881 = AXIS2_PLACEMENT_3D ( 'NONE', #12093, #5420, #7389 ) ;
#2882 = CARTESIAN_POINT ( 'NONE',  ( 26.44999999999999218, 20.41450815951459319, 0.4500000000000000111 ) ) ;
#2883 = ORIENTED_EDGE ( 'NONE', *, *, #6512, .T. ) ;
#2884 = DIRECTION ( 'NONE',  ( 0.000000000000000000, 0.000000000000000000, -1.000000000000000000 ) ) ;
#2885 = VERTEX_POINT ( 'NONE', #6505 ) ;
#2886 = AXIS2_PLACEMENT_3D ( 'NONE', #237, #8043, #9062 ) ;
#2887 = LINE ( 'NONE', #28, #1753 ) ;
#2888 = CARTESIAN_POINT ( 'NONE',  ( 22.75000000000001421, 19.72168783648704249, 0.4500000000000000111 ) ) ;
#2889 = DIRECTION ( 'NONE',  ( 0.000000000000000000, 0.000000000000000000, -1.000000000000000000 ) ) ;
#2890 = CARTESIAN_POINT ( 'NONE',  ( -36.76723304979909557, 20.65539777313091818, 0.4500000000000000111 ) ) ;
#2891 = EDGE_LOOP ( 'NONE', ( #3899, #4923, #624, #3044 ) ) ;
#2892 = CARTESIAN_POINT ( 'NONE',  ( -35.94999999999999574, 18.27831216351297527, 0.4500000000000000111 ) ) ;
#2893 = ORIENTED_EDGE ( 'NONE', *, *, #5174, .F. ) ;
#2894 = CARTESIAN_POINT ( 'NONE',  ( -18.59999999999998010, 21.13619599600162857, 0.000000000000000000 ) ) ;
#2895 = VECTOR ( 'NONE', #300, 1000.000000000000000 ) ;
#2896 = FACE_OUTER_BOUND ( 'NONE', #2857, .T. ) ;
#2897 = ORIENTED_EDGE ( 'NONE', *, *, #2840, .F. ) ;
#2898 = DIRECTION ( 'NONE',  ( 0.8660254037844393737, -0.4999999999999985012, 0.000000000000000000 ) ) ;
#2899 = ORIENTED_EDGE ( 'NONE', *, *, #6976, .F. ) ;
#2900 = CARTESIAN_POINT ( 'NONE',  ( 28.09999999999999076, 17.55662432702594344, 0.4500000000000000111 ) ) ;
#2901 = DIRECTION ( 'NONE',  ( 0.000000000000000000, 0.000000000000000000, -1.000000000000000000 ) ) ;
#2902 = DIRECTION ( 'NONE',  ( 0.000000000000000000, 0.000000000000000000, -1.000000000000000000 ) ) ;
#2903 = CARTESIAN_POINT ( 'NONE',  ( -26.05000000000001137, 25.43745550146433843, 0.000000000000000000 ) ) ;
#2904 = PLANE ( 'NONE',  #1236 ) ;
#2905 = CARTESIAN_POINT ( 'NONE',  ( -34.30000000000000426, 22.57957166897569223, 0.4500000000000000111 ) ) ;
#2906 = VERTEX_POINT ( 'NONE', #12096 ) ;
#2907 = EDGE_LOOP ( 'NONE', ( #10090, #3014, #7793, #5761, #4679, #11835, #12121 ) ) ;
#2908 = ORIENTED_EDGE ( 'NONE', *, *, #8746, .F. ) ;
#2909 = EDGE_CURVE ( 'NONE', #10430, #3663, #10379, .T. ) ;
#2910 = VECTOR ( 'NONE', #301, 1000.000000000000000 ) ;
#2911 = CARTESIAN_POINT ( 'NONE',  ( 30.14999999999997371, 19.72168783648705670, 0.000000000000000000 ) ) ;
#2912 = ORIENTED_EDGE ( 'NONE', *, *, #10096, .T. ) ;
#2913 = EDGE_LOOP ( 'NONE', ( #2725, #5845, #5200, #5435 ) ) ;
#2914 = ORIENTED_EDGE ( 'NONE', *, *, #2797, .T. ) ;
#2915 = EDGE_CURVE ( 'NONE', #9497, #10740, #10185, .T. ) ;
#2916 = VECTOR ( 'NONE', #7435, 1000.000000000000114 ) ;
#2917 = CARTESIAN_POINT ( 'NONE',  ( 28.09999999999998010, 20.44337567297409208, 0.4500000000000000111 ) ) ;
#2918 = CARTESIAN_POINT ( 'NONE',  ( -9.999999999999996447, 22.00000000000000355, 0.4500000000000000111 ) ) ;
#2919 = DIRECTION ( 'NONE',  ( 0.8660254037844387076, 0.4999999999999997224, 0.000000000000000000 ) ) ;
#2920 = ADVANCED_FACE ( 'NONE', ( #5485 ), #664, .T. ) ;
#2921 = ORIENTED_EDGE ( 'NONE', *, *, #5046, .F. ) ;
#2922 = CARTESIAN_POINT ( 'NONE',  ( 18.47564434701790503, 25.99999999999999645, 0.4500000000000000111 ) ) ;
#2923 = FACE_BOUND ( 'NONE', #8251, .T. ) ;
#2924 = VECTOR ( 'NONE', #4463, 1000.000000000000000 ) ;
#2925 = VERTEX_POINT ( 'NONE', #12157 ) ;
#2926 = CARTESIAN_POINT ( 'NONE',  ( 26.04999999999999716, 18.27831216351297527, 0.000000000000000000 ) ) ;
#2927 = EDGE_CURVE ( 'NONE', #6538, #9130, #12285, .T. ) ;
#2928 = EDGE_LOOP ( 'NONE', ( #5287, #12175, #1157, #4422 ) ) ;
#2929 = VECTOR ( 'NONE', #2162, 1000.000000000000000 ) ;
#2930 = CARTESIAN_POINT ( 'NONE',  ( -32.65000000000000568, 19.72168783648704604, 0.4500000000000000111 ) ) ;
#2931 = DIRECTION ( 'NONE',  ( 0.000000000000000000, 0.000000000000000000, 1.000000000000000000 ) ) ;
#2932 = FACE_OUTER_BOUND ( 'NONE', #2222, .T. ) ;
#2933 = DIRECTION ( 'NONE',  ( 0.000000000000000000, 0.000000000000000000, -1.000000000000000000 ) ) ;
#2934 = CARTESIAN_POINT ( 'NONE',  ( -30.14999999999997371, 19.72168783648705670, 0.4500000000000000111 ) ) ;
#2935 =( NAMED_UNIT ( * ) SI_UNIT ( $, .STERADIAN. ) SOLID_ANGLE_UNIT ( ) );
#2936 = VECTOR ( 'NONE', #3559, 1000.000000000000000 ) ;
#2937 = ADVANCED_FACE ( 'NONE', ( #3449 ), #5544, .T. ) ;
#2938 = EDGE_LOOP ( 'NONE', ( #6071, #12047, #3867, #6767, #352, #1661, #5726 ) ) ;
#2939 = ADVANCED_FACE ( 'NONE', ( #3579 ), #9434, .T. ) ;
#2940 = VECTOR ( 'NONE', #2016, 1000.000000000000000 ) ;
#2941 = FACE_OUTER_BOUND ( 'NONE', #10849, .T. ) ;
#2942 = CARTESIAN_POINT ( 'NONE',  ( 12.85000000000000497, 18.27831216351296817, 0.4500000000000000111 ) ) ;
#2943 = ORIENTED_EDGE ( 'NONE', *, *, #6872, .T. ) ;
#2944 = DIRECTION ( 'NONE',  ( -0.8660254037844393737, -0.4999999999999985012, 0.000000000000000000 ) ) ;
#2945 = EDGE_LOOP ( 'NONE', ( #6165, #12381, #6737, #5308 ) ) ;
#2946 = ORIENTED_EDGE ( 'NONE', *, *, #4875, .T. ) ;
#2947 = CARTESIAN_POINT ( 'NONE',  ( 23.14999999999999503, 20.41450815951458608, 0.4500000000000000111 ) ) ;
#2948 = VECTOR ( 'NONE', #4521, 1000.000000000000114 ) ;
#2949 = CARTESIAN_POINT ( 'NONE',  ( 32.64999999999999147, 23.99407982849027476, 0.000000000000000000 ) ) ;
#2950 = VERTEX_POINT ( 'NONE', #1489 ) ;
#2951 = EDGE_CURVE ( 'NONE', #487, #5801, #9308, .T. ) ;
#2952 = EDGE_CURVE ( 'NONE', #10727, #9059, #2986, .T. ) ;
#2953 = PLANE ( 'NONE',  #11484 ) ;
#2954 = VECTOR ( 'NONE', #2723, 1000.000000000000000 ) ;
#2955 = CARTESIAN_POINT ( 'NONE',  ( 11.87564434701789118, 25.99999999999999645, 0.000000000000000000 ) ) ;
#2956 = CARTESIAN_POINT ( 'NONE',  ( 26.05000000000001137, 25.43745550146433843, 0.4500000000000000111 ) ) ;
#2957 = AXIS2_PLACEMENT_3D ( 'NONE', #5301, #7402, #3590 ) ;
#2958 = FACE_OUTER_BOUND ( 'NONE', #5368, .T. ) ;
#2959 = ORIENTED_EDGE ( 'NONE', *, *, #9174, .T. ) ;
#2960 = CARTESIAN_POINT ( 'NONE',  ( -30.14999999999997371, 25.43745550146435619, 0.4500000000000000111 ) ) ;
#2961 = EDGE_LOOP ( 'NONE', ( #3313, #11784, #7616, #10574 ) ) ;
#2962 = DIRECTION ( 'NONE',  ( 0.000000000000000000, -1.000000000000000000, 0.000000000000000000 ) ) ;
#2963 = VECTOR ( 'NONE', #349, 1000.000000000000000 ) ;
#2964 = FACE_OUTER_BOUND ( 'NONE', #11589, .T. ) ;
#2965 = ORIENTED_EDGE ( 'NONE', *, *, #2316, .F. ) ;
#2966 = DIRECTION ( 'NONE',  ( -1.000000000000000000, 9.614813431917789401E-15, 0.000000000000000000 ) ) ;
#2967 = VERTEX_POINT ( 'NONE', #4887 ) ;
#2968 = CARTESIAN_POINT ( 'NONE',  ( -18.47564434701790503, 25.99999999999999645, 0.4500000000000000111 ) ) ;
#2969 = CARTESIAN_POINT ( 'NONE',  ( 14.50000000000000178, 21.13619599600161791, 0.4500000000000000111 ) ) ;
#2970 = EDGE_CURVE ( 'NONE', #7994, #8938, #6856, .T. ) ;
#2971 = FACE_OUTER_BOUND ( 'NONE', #4821, .T. ) ;
#2972 = CARTESIAN_POINT ( 'NONE',  ( -16.54999999999999005, 23.30125950546273828, 0.000000000000000000 ) ) ;
#2973 = CARTESIAN_POINT ( 'NONE',  ( -30.14999999999997371, 25.43745550146435619, 0.4500000000000000111 ) ) ;
#2974 = CARTESIAN_POINT ( 'NONE',  ( 35.00000000000000000, 15.29999999999998295, 0.4500000000000000111 ) ) ;
#2975 = ORIENTED_EDGE ( 'NONE', *, *, #5246, .F. ) ;
#2976 = VERTEX_POINT ( 'NONE', #5839 ) ;
#2977 = ORIENTED_EDGE ( 'NONE', *, *, #6524, .F. ) ;
#2978 = LINE ( 'NONE', #10724, #2812 ) ;
#2979 = ORIENTED_EDGE ( 'NONE', *, *, #7764, .F. ) ;
#2980 = ORIENTED_EDGE ( 'NONE', *, *, #5652, .F. ) ;
#2981 = EDGE_LOOP ( 'NONE', ( #9569, #12442, #2090, #10992 ) ) ;
#2982 = FACE_OUTER_BOUND ( 'NONE', #8494, .T. ) ;
#2983 = LINE ( 'NONE', #11690, #710 ) ;
#2984 = ADVANCED_FACE ( 'NONE', ( #3111 ), #4657, .T. ) ;
#2985 = LINE ( 'NONE', #9719, #7574 ) ;
#2986 = LINE ( 'NONE', #2036, #9282 ) ;
#2987 = ORIENTED_EDGE ( 'NONE', *, *, #850, .F. ) ;
#2988 = CARTESIAN_POINT ( 'NONE',  ( -35.09999999999998010, 22.57957166897571000, 0.4500000000000000111 ) ) ;
#2989 = VECTOR ( 'NONE', #3013, 1000.000000000000000 ) ;
#2990 = FACE_BOUND ( 'NONE', #5952, .T. ) ;
#2991 = ORIENTED_EDGE ( 'NONE', *, *, #11461, .T. ) ;
#2992 = VECTOR ( 'NONE', #863, 1000.000000000000000 ) ;
#2993 = ORIENTED_EDGE ( 'NONE', *, *, #4171, .F. ) ;
#2994 = EDGE_CURVE ( 'NONE', #11325, #3943, #11881, .T. ) ;
#2995 = CARTESIAN_POINT ( 'NONE',  ( -16.15000000000001990, 19.72168783648704249, 0.4500000000000000111 ) ) ;
#2996 = CARTESIAN_POINT ( 'NONE',  ( 8.699999999999986855, 22.57957166897569579, 0.4500000000000000111 ) ) ;
#2997 = DIRECTION ( 'NONE',  ( -0.8660254037844393737, 0.4999999999999985012, 0.000000000000000000 ) ) ;
#2998 = EDGE_CURVE ( 'NONE', #1993, #4993, #8835, .T. ) ;
#2999 = CARTESIAN_POINT ( 'NONE',  ( -7.900000000000007461, 21.13619599600161436, 0.000000000000000000 ) ) ;
#3000 = EDGE_CURVE ( 'NONE', #10175, #2369, #7809, .T. ) ;
#3001 = LINE ( 'NONE', #11766, #7416 ) ;
#3002 = PERSON_AND_ORGANIZATION ( #730, #5577 ) ;
#3003 = EDGE_LOOP ( 'NONE', ( #4226, #670, #2993, #5266 ) ) ;
#3004 = CARTESIAN_POINT ( 'NONE',  ( -32.64999999999999147, 18.27831216351297527, 0.4500000000000000111 ) ) ;
#3005 = PLANE ( 'NONE',  #3283 ) ;
#3006 = EDGE_LOOP ( 'NONE', ( #2111, #5676, #1090, #2056 ) ) ;
#3007 = DIRECTION ( 'NONE',  ( 0.000000000000000000, 0.000000000000000000, -1.000000000000000000 ) ) ;
#3008 = ORIENTED_EDGE ( 'NONE', *, *, #11561, .T. ) ;
#3009 = ORIENTED_EDGE ( 'NONE', *, *, #3396, .F. ) ;
#3010 = AXIS2_PLACEMENT_3D ( 'NONE', #1608, #7563, #9358 ) ;
#3011 = CARTESIAN_POINT ( 'NONE',  ( 34.13803623537167908, 25.83469340716843377, 0.4500000000000000111 ) ) ;
#3012 = ADVANCED_FACE ( 'NONE', ( #9785 ), #132, .T. ) ;
#3013 = DIRECTION ( 'NONE',  ( -0.8660254037844394848, -0.4999999999999985012, 0.000000000000000000 ) ) ;
#3014 = ORIENTED_EDGE ( 'NONE', *, *, #8762, .F. ) ;
#3015 = LINE ( 'NONE', #4029, #6191 ) ;
#3016 = EDGE_CURVE ( 'NONE', #4144, #8148, #9917, .T. ) ;
#3017 = DIRECTION ( 'NONE',  ( 0.000000000000000000, -1.000000000000000000, 0.000000000000000000 ) ) ;
#3018 = AXIS2_PLACEMENT_3D ( 'NONE', #811, #10582, #3723 ) ;
#3019 = FACE_OUTER_BOUND ( 'NONE', #3112, .T. ) ;
#3020 = EDGE_CURVE ( 'NONE', #3485, #2906, #6924, .T. ) ;
#3021 = DIRECTION ( 'NONE',  ( 0.000000000000000000, -1.000000000000000000, 0.000000000000000000 ) ) ;
#3022 = ORIENTED_EDGE ( 'NONE', *, *, #1245, .F. ) ;
#3023 = DIRECTION ( 'NONE',  ( -0.8660254037844394848, 0.4999999999999984457, 0.000000000000000000 ) ) ;
#3024 = ORIENTED_EDGE ( 'NONE', *, *, #7973, .F. ) ;
#3025 = LINE ( 'NONE', #7849, #1207 ) ;
#3026 = DIRECTION ( 'NONE',  ( 0.8660254037844393737, 0.4999999999999985012, 0.000000000000000000 ) ) ;
#3027 = ORIENTED_EDGE ( 'NONE', *, *, #6438, .F. ) ;
#3028 = VECTOR ( 'NONE', #2833, 1000.000000000000000 ) ;
#3029 = CARTESIAN_POINT ( 'NONE',  ( -11.99999999999998401, 22.57957166897569934, 0.4500000000000000111 ) ) ;
#3030 = ORIENTED_EDGE ( 'NONE', *, *, #4511, .F. ) ;
#3031 = CARTESIAN_POINT ( 'NONE',  ( -22.75000000000000000, 18.27831216351297172, 0.4500000000000000111 ) ) ;
#3032 = FACE_OUTER_BOUND ( 'NONE', #11118, .T. ) ;
#3033 = CARTESIAN_POINT ( 'NONE',  ( -20.24999999999998224, 18.27831216351297883, 0.4500000000000000111 ) ) ;
#3034 = CARTESIAN_POINT ( 'NONE',  ( 25.19999999999997442, 22.57957166897570644, 0.4500000000000000111 ) ) ;
#3035 = CARTESIAN_POINT ( 'NONE',  ( -22.74999999999999289, 23.99407982849026766, 0.4500000000000000111 ) ) ;
#3036 = DIRECTION ( 'NONE',  ( -1.000000000000000000, 0.000000000000000000, 0.000000000000000000 ) ) ;
#3037 = ORIENTED_EDGE ( 'NONE', *, *, #1629, .F. ) ;
#3038 = EDGE_CURVE ( 'NONE', #5547, #4425, #4065, .T. ) ;
#3039 = ORIENTED_EDGE ( 'NONE', *, *, #5610, .T. ) ;
#3040 = ORIENTED_EDGE ( 'NONE', *, *, #9021, .T. ) ;
#3042 = AXIS2_PLACEMENT_3D ( 'NONE', #11237, #9570, #4444 ) ;
#3041 = CARTESIAN_POINT ( 'NONE',  ( -34.69999999999998153, 23.27239199200324649, 0.4500000000000000111 ) ) ;
#3043 = EDGE_LOOP ( 'NONE', ( #2074, #11337, #8501, #4028 ) ) ;
#3044 = ORIENTED_EDGE ( 'NONE', *, *, #10433, .T. ) ;
#3045 = ADVANCED_FACE ( 'NONE', ( #7875 ), #1081, .T. ) ;
#3046 = ORIENTED_EDGE ( 'NONE', *, *, #9222, .T. ) ;
#3047 = LINE ( 'NONE', #5901, #6166 ) ;
#3048 = CARTESIAN_POINT ( 'NONE',  ( 34.13803623537167908, 25.83469340716843377, 0.000000000000000000 ) ) ;
#3049 = PLANE ( 'NONE',  #1122 ) ;
#3050 = DIRECTION ( 'NONE',  ( 0.000000000000000000, -1.000000000000000000, 0.000000000000000000 ) ) ;
#3051 = ORIENTED_EDGE ( 'NONE', *, *, #6818, .F. ) ;
#3052 = DIRECTION ( 'NONE',  ( -0.5000000000000004441, -0.8660254037844384856, 0.000000000000000000 ) ) ;
#3053 = FACE_OUTER_BOUND ( 'NONE', #472, .T. ) ;
#3054 = ORIENTED_EDGE ( 'NONE', *, *, #7668, .F. ) ;
#3055 = ORIENTED_EDGE ( 'NONE', *, *, #4263, .T. ) ;
#3056 = FACE_OUTER_BOUND ( 'NONE', #1265, .T. ) ;
#3057 = AXIS2_PLACEMENT_3D ( 'NONE', #1896, #9643, #4810 ) ;
#3058 = CARTESIAN_POINT ( 'NONE',  ( 25.07564434701789935, 25.99999999999999645, 0.4500000000000000111 ) ) ;
#3059 = CARTESIAN_POINT ( 'NONE',  ( 7.900000000000021672, 22.57957166897568513, 0.4500000000000000111 ) ) ;
#3060 = CARTESIAN_POINT ( 'NONE',  ( -17.80000000000000426, 21.13619599600161791, 0.4500000000000000111 ) ) ;
#3061 = LINE ( 'NONE', #4015, #6805 ) ;
#3062 = ORIENTED_EDGE ( 'NONE', *, *, #2638, .F. ) ;
#3063 = FACE_OUTER_BOUND ( 'NONE', #2891, .T. ) ;
#3064 = CARTESIAN_POINT ( 'NONE',  ( 24.79999999999999361, 17.55662432702594344, 0.4500000000000000111 ) ) ;
#3065 = ORIENTED_EDGE ( 'NONE', *, *, #7959, .F. ) ;
#3066 = CARTESIAN_POINT ( 'NONE',  ( 26.04999999999999716, 23.99407982849027121, 0.000000000000000000 ) ) ;
#3067 = VERTEX_POINT ( 'NONE', #8539 ) ;
#3068 = EDGE_CURVE ( 'NONE', #2167, #3774, #9721, .T. ) ;
#3069 = EDGE_CURVE ( 'NONE', #10890, #4627, #11694, .T. ) ;
#3070 = ORIENTED_EDGE ( 'NONE', *, *, #2695, .T. ) ;
#3071 = CARTESIAN_POINT ( 'NONE',  ( 13.64999999999998082, 23.99407982849027121, 0.000000000000000000 ) ) ;
#3072 = LINE ( 'NONE', #10759, #10292 ) ;
#3073 = VERTEX_POINT ( 'NONE', #6793 ) ;
#3074 = DIRECTION ( 'NONE',  ( 0.000000000000000000, 0.000000000000000000, -1.000000000000000000 ) ) ;
#3075 = LINE ( 'NONE', #2127, #8675 ) ;
#3076 = DIRECTION ( 'NONE',  ( 0.000000000000000000, -1.000000000000000000, 0.000000000000000000 ) ) ;
#3077 = EDGE_CURVE ( 'NONE', #6366, #79, #10797, .T. ) ;
#3078 = DIRECTION ( 'NONE',  ( -1.000000000000000000, 0.000000000000000000, 0.000000000000000000 ) ) ;
#3079 = ORIENTED_EDGE ( 'NONE', *, *, #7886, .T. ) ;
#3080 = CARTESIAN_POINT ( 'NONE',  ( -33.44999999999998153, 18.27831216351298238, 0.000000000000000000 ) ) ;
#3081 = ORIENTED_EDGE ( 'NONE', *, *, #11529, .F. ) ;
#3082 = DIRECTION ( 'NONE',  ( 0.8660254037844394848, -0.4999999999999985012, 0.000000000000000000 ) ) ;
#3083 = VECTOR ( 'NONE', #1026, 1000.000000000000000 ) ;
#3084 = EDGE_CURVE ( 'NONE', #8373, #8622, #5967, .T. ) ;
#3085 = PLANE ( 'NONE',  #10301 ) ;
#3086 = ORIENTED_EDGE ( 'NONE', *, *, #456, .F. ) ;
#3087 = LINE ( 'NONE', #6962, #9866 ) ;
#3088 = VERTEX_POINT ( 'NONE', #9851 ) ;
#3089 = EDGE_CURVE ( 'NONE', #3612, #9715, #8964, .T. ) ;
#3090 = EDGE_CURVE ( 'NONE', #1657, #951, #3701, .T. ) ;
#3091 = CARTESIAN_POINT ( 'NONE',  ( -10.34999999999998721, 19.72168783648705315, 0.000000000000000000 ) ) ;
#3092 = DIRECTION ( 'NONE',  ( 0.8660254037844394848, -0.4999999999999985012, 0.000000000000000000 ) ) ;
#3093 = CARTESIAN_POINT ( 'NONE',  ( 22.75000000000000711, 25.43745550146433487, 0.4500000000000000111 ) ) ;
#3094 = PLANE ( 'NONE',  #9286 ) ;
#3095 = LINE ( 'NONE', #6843, #2246 ) ;
#3096 = DIRECTION ( 'NONE',  ( 0.000000000000000000, 0.000000000000000000, -1.000000000000000000 ) ) ;
#3097 = ORIENTED_EDGE ( 'NONE', *, *, #5133, .F. ) ;
#3098 = EDGE_CURVE ( 'NONE', #10000, #7910, #2347, .T. ) ;
#3099 = AXIS2_PLACEMENT_3D ( 'NONE', #572, #8382, #4438 ) ;
#3100 = ORIENTED_EDGE ( 'NONE', *, *, #371, .F. ) ;
#3101 = ORIENTED_EDGE ( 'NONE', *, *, #4102, .T. ) ;
#3102 = DIRECTION ( 'NONE',  ( -1.000000000000000000, 9.614813431917789401E-15, 0.000000000000000000 ) ) ;
#3103 = ORIENTED_EDGE ( 'NONE', *, *, #11172, .F. ) ;
#3104 = VERTEX_POINT ( 'NONE', #6104 ) ;
#3105 = ORIENTED_EDGE ( 'NONE', *, *, #8998, .T. ) ;
#3106 = EDGE_CURVE ( 'NONE', #5875, #200, #10215, .T. ) ;
#3107 = DIRECTION ( 'NONE',  ( 0.8660254037844387076, 0.4999999999999997224, 0.000000000000000000 ) ) ;
#3108 = DIRECTION ( 'NONE',  ( 0.000000000000000000, 1.000000000000000000, 0.000000000000000000 ) ) ;
#3109 = EDGE_CURVE ( 'NONE', #7915, #10422, #1458, .T. ) ;
#3110 = LINE ( 'NONE', #954, #9200 ) ;
#3111 = FACE_OUTER_BOUND ( 'NONE', #2092, .T. ) ;
#3112 = EDGE_LOOP ( 'NONE', ( #8791, #2852, #10645, #6526 ) ) ;
#3113 = DIRECTION ( 'NONE',  ( 0.8660254037844394848, 0.4999999999999984457, 0.000000000000000000 ) ) ;
#3114 = DIRECTION ( 'NONE',  ( 0.000000000000000000, 0.000000000000000000, -1.000000000000000000 ) ) ;
#3115 = EDGE_LOOP ( 'NONE', ( #5470, #10288, #6279, #11955 ) ) ;
#3116 = VECTOR ( 'NONE', #4513, 1000.000000000000000 ) ;
#3117 = ADVANCED_FACE ( 'NONE', ( #9142 ), #4372, .T. ) ;
#3118 = VERTEX_POINT ( 'NONE', #12061 ) ;
#3119 = CARTESIAN_POINT ( 'NONE',  ( 11.99999999999998401, 21.13619599600162502, 0.000000000000000000 ) ) ;
#3120 = CARTESIAN_POINT ( 'NONE',  ( 18.19999999999999574, 17.55662432702593989, 0.4500000000000000111 ) ) ;
#3121 = DIRECTION ( 'NONE',  ( -0.4999999999999985012, 0.8660254037844395958, 0.000000000000000000 ) ) ;
#3122 = DIRECTION ( 'NONE',  ( -0.5000000000000004441, -0.8660254037844384856, 0.000000000000000000 ) ) ;
#3123 = VECTOR ( 'NONE', #12454, 1000.000000000000000 ) ;
#3124 = CARTESIAN_POINT ( 'NONE',  ( 26.04999999999999716, 18.27831216351297527, 0.4500000000000000111 ) ) ;
#3125 = ORIENTED_EDGE ( 'NONE', *, *, #6611, .T. ) ;
#3126 = AXIS2_PLACEMENT_3D ( 'NONE', #9880, #342, #4975 ) ;
#3127 = LINE ( 'NONE', #272, #9556 ) ;
#3128 = LINE ( 'NONE', #4132, #852 ) ;
#3129 = VERTEX_POINT ( 'NONE', #12131 ) ;
#3130 = VECTOR ( 'NONE', #5351, 1000.000000000000000 ) ;
#3131 = LINE ( 'NONE', #6064, #2024 ) ;
#3132 = VECTOR ( 'NONE', #2733, 1000.000000000000000 ) ;
#3133 = ORIENTED_EDGE ( 'NONE', *, *, #1052, .T. ) ;
#3134 = ORIENTED_EDGE ( 'NONE', *, *, #6455, .F. ) ;
#3135 = VERTEX_POINT ( 'NONE', #9205 ) ;
#3136 = CARTESIAN_POINT ( 'NONE',  ( 22.75000000000001421, 19.72168783648704249, 0.000000000000000000 ) ) ;
#3137 = PLANE ( 'NONE',  #9284 ) ;
#3138 = ORIENTED_EDGE ( 'NONE', *, *, #6904, .F. ) ;
#3139 = VECTOR ( 'NONE', #10682, 1000.000000000000000 ) ;
#3140 = CARTESIAN_POINT ( 'NONE',  ( -24.79999999999999361, 23.27239199200323938, 0.000000000000000000 ) ) ;
#3141 = VECTOR ( 'NONE', #6376, 1000.000000000000000 ) ;
#3142 = EDGE_CURVE ( 'NONE', #247, #1944, #3359, .T. ) ;
#3143 = DIRECTION ( 'NONE',  ( 0.000000000000000000, 0.000000000000000000, -1.000000000000000000 ) ) ;
#3144 = FACE_OUTER_BOUND ( 'NONE', #5225, .T. ) ;
#3145 = LINE ( 'NONE', #7025, #10887 ) ;
#3146 = ORIENTED_EDGE ( 'NONE', *, *, #5492, .F. ) ;
#3147 = FACE_OUTER_BOUND ( 'NONE', #9467, .T. ) ;
#3148 = VECTOR ( 'NONE', #10108, 1000.000000000000000 ) ;
#3149 = ORIENTED_EDGE ( 'NONE', *, *, #4621, .T. ) ;
#3150 = PRODUCT_DEFINITION_FORMATION_WITH_SPECIFIED_SOURCE ( 'ANY', '', #9147, .NOT_KNOWN. ) ;
#3151 = LINE ( 'NONE', #8163, #7753 ) ;
#3152 = ORIENTED_EDGE ( 'NONE', *, *, #209, .F. ) ;
#3153 = CARTESIAN_POINT ( 'NONE',  ( 9.550000000000018474, 25.43745550146433132, 0.000000000000000000 ) ) ;
#3154 = ORIENTED_EDGE ( 'NONE', *, *, #11426, .F. ) ;
#3155 = VECTOR ( 'NONE', #6176, 1000.000000000000000 ) ;
#3156 = VECTOR ( 'NONE', #5816, 1000.000000000000000 ) ;
#3157 = CARTESIAN_POINT ( 'NONE',  ( -23.54999999999997584, 25.43745550146435264, 0.4500000000000000111 ) ) ;
#3158 = FACE_OUTER_BOUND ( 'NONE', #2620, .T. ) ;
#3159 = CARTESIAN_POINT ( 'NONE',  ( -19.45000000000001705, 25.43745550146433843, 0.000000000000000000 ) ) ;
#3160 = CARTESIAN_POINT ( 'NONE',  ( 7.900000000000007461, 21.13619599600161436, 0.4500000000000000111 ) ) ;
#3161 = DIRECTION ( 'NONE',  ( -0.8660254037844393737, -0.4999999999999985012, 0.000000000000000000 ) ) ;
#3162 = EDGE_LOOP ( 'NONE', ( #2425, #5538, #3054, #8423, #9756, #10776 ) ) ;
#3163 = ADVANCED_FACE ( 'NONE', ( #1279 ), #7236, .T. ) ;
#3164 = VECTOR ( 'NONE', #10735, 1000.000000000000000 ) ;
#3165 = ORIENTED_EDGE ( 'NONE', *, *, #7888, .T. ) ;
#3166 = VECTOR ( 'NONE', #460, 1000.000000000000000 ) ;
#3167 = VECTOR ( 'NONE', #12174, 1000.000000000000000 ) ;
#3168 = DIRECTION ( 'NONE',  ( 1.000000000000000000, 9.614813431917789401E-15, 0.000000000000000000 ) ) ;
#3169 = ORIENTED_EDGE ( 'NONE', *, *, #4460, .T. ) ;
#3170 = ORIENTED_EDGE ( 'NONE', *, *, #9774, .T. ) ;
#3171 = EDGE_CURVE ( 'NONE', #8997, #8617, #8067, .T. ) ;
#3172 = ORIENTED_EDGE ( 'NONE', *, *, #10219, .T. ) ;
#3173 = PLANE ( 'NONE',  #12086 ) ;
#3174 = LINE ( 'NONE', #10928, #4551 ) ;
#3175 = LINE ( 'NONE', #5141, #6153 ) ;
#3176 = ADVANCED_FACE ( 'NONE', ( #7053 ), #1526, .T. ) ;
#3177 = CARTESIAN_POINT ( 'NONE',  ( -24.79999999999999361, 17.55662432702594344, 0.000000000000000000 ) ) ;
#3178 = ORIENTED_EDGE ( 'NONE', *, *, #6054, .T. ) ;
#3179 = FACE_OUTER_BOUND ( 'NONE', #11310, .T. ) ;
#3180 = CARTESIAN_POINT ( 'NONE',  ( 32.99999999999999289, 25.99999999999999645, 0.4500000000000000111 ) ) ;
#3181 = EDGE_CURVE ( 'NONE', #12242, #1708, #4441, .T. ) ;
#3182 = EDGE_LOOP ( 'NONE', ( #4058, #8300, #8167, #2808 ) ) ;
#3183 = EDGE_CURVE ( 'NONE', #9739, #5149, #10039, .T. ) ;
#3184 = ORIENTED_EDGE ( 'NONE', *, *, #11326, .F. ) ;
#3185 = LINE ( 'NONE', #11759, #7944 ) ;
#3186 = DIRECTION ( 'NONE',  ( 0.000000000000000000, 0.000000000000000000, 1.000000000000000000 ) ) ;
#3187 = CARTESIAN_POINT ( 'NONE',  ( 25.19999999999997442, 21.13619599600163212, 0.4500000000000000111 ) ) ;
#3188 = LINE ( 'NONE', #9989, #1926 ) ;
#3189 = DIRECTION ( 'NONE',  ( 0.8660254037844387076, 0.4999999999999997224, 0.000000000000000000 ) ) ;
#3190 = VECTOR ( 'NONE', #259, 1000.000000000000000 ) ;
#3191 = VERTEX_POINT ( 'NONE', #5207 ) ;
#3192 = VECTOR ( 'NONE', #4911, 1000.000000000000000 ) ;
#3193 = CARTESIAN_POINT ( 'NONE',  ( -23.14999999999999503, 20.41450815951458608, 0.000000000000000000 ) ) ;
#3194 = FACE_OUTER_BOUND ( 'NONE', #5566, .T. ) ;
#3195 = CARTESIAN_POINT ( 'NONE',  ( -26.84999999999997300, 19.72168783648705670, 0.4500000000000000111 ) ) ;
#3196 = ADVANCED_FACE ( 'NONE', ( #3237 ), #320, .T. ) ;
#3197 = EDGE_LOOP ( 'NONE', ( #3738, #1606, #327, #8687, #2474, #7963, #12246 ) ) ;
#3198 = ORIENTED_EDGE ( 'NONE', *, *, #6132, .F. ) ;
#3199 = VERTEX_POINT ( 'NONE', #10932 ) ;
#3200 = DIRECTION ( 'NONE',  ( -0.8660254037844393737, -0.4999999999999985012, 0.000000000000000000 ) ) ;
#3201 = VECTOR ( 'NONE', #10191, 1000.000000000000000 ) ;
#3202 = LINE ( 'NONE', #10958, #7048 ) ;
#3203 = ORIENTED_EDGE ( 'NONE', *, *, #5608, .T. ) ;
#3204 = EDGE_CURVE ( 'NONE', #12509, #4538, #6164, .T. ) ;
#3205 = DIRECTION ( 'NONE',  ( 0.8660254037844393737, 0.4999999999999985012, 0.000000000000000000 ) ) ;
#3206 = DIRECTION ( 'NONE',  ( 0.000000000000000000, 0.000000000000000000, -1.000000000000000000 ) ) ;
#3207 = DIRECTION ( 'NONE',  ( 0.000000000000000000, 0.000000000000000000, -1.000000000000000000 ) ) ;
#3208 = CARTESIAN_POINT ( 'NONE',  ( 6.649999999999992362, 23.30125950546273117, 0.000000000000000000 ) ) ;
#3209 = VERTEX_POINT ( 'NONE', #4191 ) ;
#3210 = LINE ( 'NONE', #3271, #11346 ) ;
#3211 = EDGE_LOOP ( 'NONE', ( #1902, #11037, #3097, #6648, #1866, #7108 ) ) ;
#3212 = CARTESIAN_POINT ( 'NONE',  ( 9.999999999999996447, 22.00000000000000355, 0.4500000000000000111 ) ) ;
#3213 = ORIENTED_EDGE ( 'NONE', *, *, #8548, .F. ) ;
#3214 = ADVANCED_FACE ( 'NONE', ( #1398 ), #11940, .T. ) ;
#3215 = CARTESIAN_POINT ( 'NONE',  ( -22.75000000000000711, 25.43745550146433487, 0.4500000000000000111 ) ) ;
#3216 = EDGE_LOOP ( 'NONE', ( #8842, #10216, #3055, #5942, #6574, #10162 ) ) ;
#3217 = VECTOR ( 'NONE', #7057, 1000.000000000000000 ) ;
#3218 = CARTESIAN_POINT ( 'NONE',  ( -33.44999999999998153, 19.72168783648705670, 0.000000000000000000 ) ) ;
#3219 = PLANE ( 'NONE',  #8381 ) ;
#3220 = LINE ( 'NONE', #2081, #5549 ) ;
#3221 = LINE ( 'NONE', #4423, #8333 ) ;
#3222 = LINE ( 'NONE', #9010, #6206 ) ;
#3223 = ORIENTED_EDGE ( 'NONE', *, *, #9296, .F. ) ;
#3224 = VERTEX_POINT ( 'NONE', #379 ) ;
#3225 = CARTESIAN_POINT ( 'NONE',  ( 29.74999999999998934, 20.41450815951459319, 0.4500000000000000111 ) ) ;
#3226 = AXIS2_PLACEMENT_3D ( 'NONE', #2219, #1144, #7042 ) ;
#3227 = ORIENTED_EDGE ( 'NONE', *, *, #5929, .T. ) ;
#3228 = EDGE_CURVE ( 'NONE', #8082, #9837, #8128, .T. ) ;
#3229 = ADVANCED_FACE ( 'NONE', ( #11051 ), #5265, .T. ) ;
#3230 = ORIENTED_EDGE ( 'NONE', *, *, #9547, .T. ) ;
#3231 = ORIENTED_EDGE ( 'NONE', *, *, #12393, .T. ) ;
#3232 = FACE_OUTER_BOUND ( 'NONE', #7384, .T. ) ;
#3233 = CARTESIAN_POINT ( 'NONE',  ( -11.87564434701789118, 25.99999999999999645, 0.4500000000000000111 ) ) ;
#3234 = FACE_BOUND ( 'NONE', #11219, .T. ) ;
#3235 = VECTOR ( 'NONE', #1106, 1000.000000000000114 ) ;
#3236 = LINE ( 'NONE', #574, #11672 ) ;
#3237 = FACE_OUTER_BOUND ( 'NONE', #6464, .T. ) ;
#3238 = ORIENTED_EDGE ( 'NONE', *, *, #7162, .T. ) ;
#3239 = VECTOR ( 'NONE', #3581, 1000.000000000000000 ) ;
#3240 = CARTESIAN_POINT ( 'NONE',  ( -6.649999999999992362, 23.30125950546273117, 0.4500000000000000111 ) ) ;
#3241 = EDGE_CURVE ( 'NONE', #7580, #12356, #2534, .T. ) ;
#3242 = LINE ( 'NONE', #7118, #7469 ) ;
#3243 = ORIENTED_EDGE ( 'NONE', *, *, #5923, .F. ) ;
#3244 = ORIENTED_EDGE ( 'NONE', *, *, #12255, .F. ) ;
#3245 = EDGE_CURVE ( 'NONE', #6292, #4583, #6536, .T. ) ;
#3246 = LINE ( 'NONE', #2419, #11644 ) ;
#3247 = VECTOR ( 'NONE', #5406, 1000.000000000000000 ) ;
#3248 = DIRECTION ( 'NONE',  ( 0.000000000000000000, 0.000000000000000000, 1.000000000000000000 ) ) ;
#3249 = EDGE_CURVE ( 'NONE', #6679, #8986, #6601, .T. ) ;
#3250 = CARTESIAN_POINT ( 'NONE',  ( -26.05000000000001137, 19.72168783648704604, 0.4500000000000000111 ) ) ;
#3251 = CARTESIAN_POINT ( 'NONE',  ( -21.49999999999998579, 20.44337567297409208, 0.4500000000000000111 ) ) ;
#3252 = ORIENTED_EDGE ( 'NONE', *, *, #11710, .T. ) ;
#3253 = DIRECTION ( 'NONE',  ( -0.8660254037844387076, 0.4999999999999997224, 0.000000000000000000 ) ) ;
#3254 = DIRECTION ( 'NONE',  ( -1.000000000000000000, 0.000000000000000000, 0.000000000000000000 ) ) ;
#3255 = EDGE_CURVE ( 'NONE', #4829, #11427, #3610, .T. ) ;
#3256 = DIRECTION ( 'NONE',  ( 0.000000000000000000, 0.000000000000000000, -1.000000000000000000 ) ) ;
#3257 = VECTOR ( 'NONE', #2515, 1000.000000000000000 ) ;
#3258 = ORIENTED_EDGE ( 'NONE', *, *, #1979, .F. ) ;
#3259 = ORIENTED_EDGE ( 'NONE', *, *, #3038, .T. ) ;
#3260 = EDGE_LOOP ( 'NONE', ( #291, #3983, #4359, #6750 ) ) ;
#3261 = CARTESIAN_POINT ( 'NONE',  ( -33.04999999999998295, 20.41450815951459319, 0.4500000000000000111 ) ) ;
#3262 = CARTESIAN_POINT ( 'NONE',  ( 31.79999999999996874, 21.13619599600163212, 0.4500000000000000111 ) ) ;
#3263 = EDGE_LOOP ( 'NONE', ( #5238, #9775, #4314, #2788, #2697, #11240 ) ) ;
#3264 = CARTESIAN_POINT ( 'NONE',  ( 23.14999999999998437, 23.30125950546273828, 0.4500000000000000111 ) ) ;
#3265 = EDGE_CURVE ( 'NONE', #4908, #9247, #1656, .T. ) ;
#3266 = AXIS2_PLACEMENT_3D ( 'NONE', #1867, #10627, #6630 ) ;
#3267 = LINE ( 'NONE', #1365, #10508 ) ;
#3268 = CARTESIAN_POINT ( 'NONE',  ( 35.95000000000000995, 19.72168783648704604, 0.000000000000000000 ) ) ;
#3269 = DIRECTION ( 'NONE',  ( 0.8660254037844394848, -0.4999999999999985012, 0.000000000000000000 ) ) ;
#3270 = ORIENTED_EDGE ( 'NONE', *, *, #8217, .T. ) ;
#3271 = CARTESIAN_POINT ( 'NONE',  ( -7.900000000000021672, 22.57957166897568513, 0.4500000000000000111 ) ) ;
#3272 = EDGE_LOOP ( 'NONE', ( #673, #6261, #5456, #12014 ) ) ;
#3273 = DIRECTION ( 'NONE',  ( -9.614813431917789401E-15, 1.000000000000000000, 0.000000000000000000 ) ) ;
#3274 = ORIENTED_EDGE ( 'NONE', *, *, #944, .T. ) ;
#3275 = LINE ( 'NONE', #7093, #11686 ) ;
#3276 = ORIENTED_EDGE ( 'NONE', *, *, #346, .F. ) ;
#3277 = CARTESIAN_POINT ( 'NONE',  ( -8.699999999999986855, 21.13619599600162147, 0.4500000000000000111 ) ) ;
#3278 = FACE_OUTER_BOUND ( 'NONE', #1450, .T. ) ;
#3279 = DIRECTION ( 'NONE',  ( 0.000000000000000000, 0.000000000000000000, -1.000000000000000000 ) ) ;
#3280 = LINE ( 'NONE', #5130, #1341 ) ;
#3281 = ORIENTED_EDGE ( 'NONE', *, *, #756, .F. ) ;
#3282 = VERTEX_POINT ( 'NONE', #2664 ) ;
#3283 = AXIS2_PLACEMENT_3D ( 'NONE', #83, #9738, #9612 ) ;
#3284 = CARTESIAN_POINT ( 'NONE',  ( 35.00000000000000000, 15.29999999999998295, 0.4500000000000000111 ) ) ;
#3285 = VECTOR ( 'NONE', #2467, 1000.000000000000000 ) ;
#3286 = ORIENTED_EDGE ( 'NONE', *, *, #2492, .F. ) ;
#3287 = ORIENTED_EDGE ( 'NONE', *, *, #8190, .T. ) ;
#3288 = EDGE_LOOP ( 'NONE', ( #1051, #10300, #7629, #4037 ) ) ;
#3289 = DIRECTION ( 'NONE',  ( 0.000000000000000000, 0.000000000000000000, -1.000000000000000000 ) ) ;
#3290 = CARTESIAN_POINT ( 'NONE',  ( -26.05000000000001137, 25.43745550146433843, 0.4500000000000000111 ) ) ;
#3291 = CIRCLE ( 'NONE', #8370, 3.999999999999996447 ) ;
#3292 = FACE_BOUND ( 'NONE', #7767, .T. ) ;
#3293 = LINE ( 'NONE', #8322, #9038 ) ;
#3294 = EDGE_CURVE ( 'NONE', #2321, #963, #1717, .T. ) ;
#3295 = CARTESIAN_POINT ( 'NONE',  ( 35.94999999999998863, 23.99407982849027832, 0.4500000000000000111 ) ) ;
#3296 = ORIENTED_EDGE ( 'NONE', *, *, #5174, .T. ) ;
#3297 = DIRECTION ( 'NONE',  ( 0.4999999999999985567, 0.8660254037844394848, 0.000000000000000000 ) ) ;
#3298 = CARTESIAN_POINT ( 'NONE',  ( -6.649999999999992362, 23.30125950546273117, 0.4500000000000000111 ) ) ;
#3299 = ORIENTED_EDGE ( 'NONE', *, *, #4239, .T. ) ;
#3300 = EDGE_CURVE ( 'NONE', #11354, #3519, #12437, .T. ) ;
#3301 = VERTEX_POINT ( 'NONE', #4747 ) ;
#3302 = CARTESIAN_POINT ( 'NONE',  ( -26.44999999999999218, 20.41450815951459319, 0.4500000000000000111 ) ) ;
#3303 = CARTESIAN_POINT ( 'NONE',  ( -33.04999999999997584, 23.30125950546274183, 0.000000000000000000 ) ) ;
#3304 = ADVANCED_FACE ( 'NONE', ( #11492 ), #822, .T. ) ;
#3305 = CARTESIAN_POINT ( 'NONE',  ( -8.699999999999986855, 21.13619599600162147, 0.4500000000000000111 ) ) ;
#3306 = LINE ( 'NONE', #6298, #8592 ) ;
#3307 = ORIENTED_EDGE ( 'NONE', *, *, #7537, .T. ) ;
#3308 = CARTESIAN_POINT ( 'NONE',  ( 15.29999999999998295, 22.57957166897569934, 0.4500000000000000111 ) ) ;
#3309 = VECTOR ( 'NONE', #2802, 1000.000000000000000 ) ;
#3310 = EDGE_CURVE ( 'NONE', #11746, #3992, #7614, .T. ) ;
#3311 = CARTESIAN_POINT ( 'NONE',  ( -7.049999999999986500, 23.99407982849027121, 0.4500000000000000111 ) ) ;
#3312 = VERTEX_POINT ( 'NONE', #3672 ) ;
#3313 = ORIENTED_EDGE ( 'NONE', *, *, #9767, .F. ) ;
#3314 = CARTESIAN_POINT ( 'NONE',  ( -8.300000000000002487, 23.27239199200323228, 0.000000000000000000 ) ) ;
#3315 = VECTOR ( 'NONE', #1261, 1000.000000000000000 ) ;
#3316 = EDGE_LOOP ( 'NONE', ( #12087, #6511, #12288, #5345, #829, #1399, #2637 ) ) ;
#3317 = CARTESIAN_POINT ( 'NONE',  ( -26.44999999999998153, 23.30125950546274183, 0.4500000000000000111 ) ) ;
#3318 = LINE ( 'NONE', #6248, #558 ) ;
#3319 = ORIENTED_EDGE ( 'NONE', *, *, #231, .F. ) ;
#3320 = EDGE_CURVE ( 'NONE', #4486, #12062, #1780, .T. ) ;
#3321 = CARTESIAN_POINT ( 'NONE',  ( 14.62435565298207329, 25.99999999999999645, 0.000000000000000000 ) ) ;
#3322 = EDGE_CURVE ( 'NONE', #2203, #1554, #7549, .T. ) ;
#3323 = VECTOR ( 'NONE', #12199, 1000.000000000000000 ) ;
#3324 = FACE_OUTER_BOUND ( 'NONE', #4704, .T. ) ;
#3325 = CARTESIAN_POINT ( 'NONE',  ( 24.79999999999999361, 23.27239199200323938, 0.4500000000000000111 ) ) ;
#3326 = LINE ( 'NONE', #7206, #6110 ) ;
#3327 = CARTESIAN_POINT ( 'NONE',  ( -11.59999999999999964, 23.27239199200323228, 0.4500000000000000111 ) ) ;
#3328 = VERTEX_POINT ( 'NONE', #5697 ) ;
#3329 = DIRECTION ( 'NONE',  ( -0.000000000000000000, -0.000000000000000000, -1.000000000000000000 ) ) ;
#3330 = ORIENTED_EDGE ( 'NONE', *, *, #1676, .F. ) ;
#3331 = VECTOR ( 'NONE', #4648, 1000.000000000000000 ) ;
#3332 = EDGE_CURVE ( 'NONE', #8234, #4448, #5642, .T. ) ;
#3333 = EDGE_CURVE ( 'NONE', #9527, #6393, #638, .T. ) ;
#3334 = EDGE_CURVE ( 'NONE', #11107, #11786, #11424, .T. ) ;
#3335 = LINE ( 'NONE', #10134, #7658 ) ;
#3336 = ORIENTED_EDGE ( 'NONE', *, *, #11155, .F. ) ;
#3337 = VECTOR ( 'NONE', #515, 1000.000000000000000 ) ;
#3338 = CARTESIAN_POINT ( 'NONE',  ( 20.24999999999998224, 18.27831216351297883, 0.4500000000000000111 ) ) ;
#3339 = EDGE_LOOP ( 'NONE', ( #10846, #5409, #4825, #5491 ) ) ;
#3340 = DIRECTION ( 'NONE',  ( 1.000000000000000000, -0.000000000000000000, -0.000000000000000000 ) ) ;
#3341 = ORIENTED_EDGE ( 'NONE', *, *, #1853, .F. ) ;
#3342 = CARTESIAN_POINT ( 'NONE',  ( -31.79999999999996874, 21.13619599600163212, 0.4500000000000000111 ) ) ;
#3343 = VECTOR ( 'NONE', #2933, 1000.000000000000000 ) ;
#3344 = CARTESIAN_POINT ( 'NONE',  ( -19.45000000000000284, 18.27831216351297172, 0.4500000000000000111 ) ) ;
#3345 = ORIENTED_EDGE ( 'NONE', *, *, #3684, .F. ) ;
#3346 = EDGE_LOOP ( 'NONE', ( #8178, #2618, #3198, #5255 ) ) ;
#3347 = LINE ( 'NONE', #11352, #797 ) ;
#3348 = EDGE_CURVE ( 'NONE', #1975, #7769, #10538, .T. ) ;
#3349 = EDGE_LOOP ( 'NONE', ( #10468, #11209, #1548, #7799 ) ) ;
#3350 = VERTEX_POINT ( 'NONE', #880 ) ;
#3351 = AXIS2_PLACEMENT_3D ( 'NONE', #7113, #6102, #9976 ) ;
#3352 = ORIENTED_EDGE ( 'NONE', *, *, #3912, .F. ) ;
#3353 = ADVANCED_FACE ( 'NONE', ( #10286 ), #1593, .T. ) ;
#3354 = DIRECTION ( 'NONE',  ( 1.000000000000000000, 9.614813431917789401E-15, 0.000000000000000000 ) ) ;
#3355 = ADVANCED_FACE ( 'NONE', ( #8385 ), #7425, .F. ) ;
#3356 = CARTESIAN_POINT ( 'NONE',  ( 32.64999999999999147, 23.99407982849027476, 0.4500000000000000111 ) ) ;
#3357 = CARTESIAN_POINT ( 'NONE',  ( -21.49999999999998579, 20.44337567297409208, 0.4500000000000000111 ) ) ;
#3358 = LINE ( 'NONE', #11176, #8838 ) ;
#3359 = LINE ( 'NONE', #11999, #12081 ) ;
#3360 = EDGE_LOOP ( 'NONE', ( #5199, #8599, #10712, #3458 ) ) ;
#3361 = VECTOR ( 'NONE', #10332, 1000.000000000000114 ) ;
#3362 = VECTOR ( 'NONE', #7356, 1000.000000000000000 ) ;
#3363 = CARTESIAN_POINT ( 'NONE',  ( -14.89999999999998437, 26.15914333795138447, 0.000000000000000000 ) ) ;
#3364 = VECTOR ( 'NONE', #10587, 1000.000000000000000 ) ;
#3365 = VERTEX_POINT ( 'NONE', #4564 ) ;
#3366 = DIRECTION ( 'NONE',  ( 0.8660254037844387076, 0.4999999999999997224, 0.000000000000000000 ) ) ;
#3367 = ORIENTED_EDGE ( 'NONE', *, *, #8674, .F. ) ;
#3368 = ORIENTED_EDGE ( 'NONE', *, *, #8227, .T. ) ;
#3369 = EDGE_CURVE ( 'NONE', #8056, #2677, #1897, .T. ) ;
#3370 = DIRECTION ( 'NONE',  ( -0.000000000000000000, -0.000000000000000000, 1.000000000000000000 ) ) ;
#3371 = VECTOR ( 'NONE', #8869, 1000.000000000000114 ) ;
#3372 = DIRECTION ( 'NONE',  ( 0.000000000000000000, 0.000000000000000000, -1.000000000000000000 ) ) ;
#3373 = LINE ( 'NONE', #1539, #8207 ) ;
#3374 = LINE ( 'NONE', #7248, #5369 ) ;
#3375 = ORIENTED_EDGE ( 'NONE', *, *, #10252, .F. ) ;
#3376 = LINE ( 'NONE', #7440, #5267 ) ;
#3377 = LINE ( 'NONE', #8921, #6885 ) ;
#3378 = ORIENTED_EDGE ( 'NONE', *, *, #11802, .F. ) ;
#3379 = CARTESIAN_POINT ( 'NONE',  ( 13.64999999999998082, 23.99407982849027121, 0.4500000000000000111 ) ) ;
#3380 = CARTESIAN_POINT ( 'NONE',  ( 35.09999999999998010, 22.57957166897571000, 0.4500000000000000111 ) ) ;
#3381 = VERTEX_POINT ( 'NONE', #10845 ) ;
#3382 = FACE_OUTER_BOUND ( 'NONE', #2798, .T. ) ;
#3383 = EDGE_CURVE ( 'NONE', #868, #7994, #1203, .T. ) ;
#3384 = EDGE_CURVE ( 'NONE', #7777, #7733, #11678, .T. ) ;
#3385 = DIRECTION ( 'NONE',  ( 0.000000000000000000, 0.000000000000000000, -1.000000000000000000 ) ) ;
#3386 = LINE ( 'NONE', #7262, #1733 ) ;
#3387 = AXIS2_PLACEMENT_3D ( 'NONE', #8076, #2045, #8909 ) ;
#3388 = VECTOR ( 'NONE', #2784, 1000.000000000000000 ) ;
#3389 = CARTESIAN_POINT ( 'NONE',  ( 11.59999999999999076, 20.44337567297408498, 0.4500000000000000111 ) ) ;
#3390 = DIRECTION ( 'NONE',  ( 0.000000000000000000, 0.000000000000000000, -1.000000000000000000 ) ) ;
#3391 = LINE ( 'NONE', #2128, #7320 ) ;
#3392 = CARTESIAN_POINT ( 'NONE',  ( -22.74999999999999289, 23.99407982849026766, 0.4500000000000000111 ) ) ;
#3393 = ORIENTED_EDGE ( 'NONE', *, *, #2970, .T. ) ;
#3394 = CARTESIAN_POINT ( 'NONE',  ( -18.19999999999998863, 20.44337567297408498, 0.4500000000000000111 ) ) ;
#3395 = VERTEX_POINT ( 'NONE', #5889 ) ;
#3396 = EDGE_CURVE ( 'NONE', #12324, #4918, #51, .T. ) ;
#3397 = AXIS2_PLACEMENT_3D ( 'NONE', #7336, #6319, #9315 ) ;
#3398 = VECTOR ( 'NONE', #7204, 1000.000000000000114 ) ;
#3399 = LINE ( 'NONE', #11150, #567 ) ;
#3400 = VERTEX_POINT ( 'NONE', #12505 ) ;
#3401 = EDGE_CURVE ( 'NONE', #5097, #11685, #8754, .T. ) ;
#3402 = CARTESIAN_POINT ( 'NONE',  ( 14.62435565298207329, 25.99999999999999645, 0.4500000000000000111 ) ) ;
#3403 = ORIENTED_EDGE ( 'NONE', *, *, #4668, .F. ) ;
#3404 = EDGE_CURVE ( 'NONE', #3088, #1451, #7862, .T. ) ;
#3405 = CARTESIAN_POINT ( 'NONE',  ( 26.04999999999999716, 23.99407982849027121, 0.4500000000000000111 ) ) ;
#3406 = ORIENTED_EDGE ( 'NONE', *, *, #6324, .F. ) ;
#3407 = CARTESIAN_POINT ( 'NONE',  ( -6.650000000000004796, 20.41450815951458253, 0.4500000000000000111 ) ) ;
#3408 = DIRECTION ( 'NONE',  ( 9.614813431917789401E-15, 1.000000000000000000, 0.000000000000000000 ) ) ;
#3409 = ORIENTED_EDGE ( 'NONE', *, *, #9532, .T. ) ;
#3410 = ORIENTED_EDGE ( 'NONE', *, *, #1865, .F. ) ;
#3411 = CARTESIAN_POINT ( 'NONE',  ( -26.84999999999997300, 18.27831216351298238, 0.000000000000000000 ) ) ;
#3412 = VERTEX_POINT ( 'NONE', #2974 ) ;
#3413 = CARTESIAN_POINT ( 'NONE',  ( -12.85000000000001918, 19.72168783648703894, 0.4500000000000000111 ) ) ;
#3414 = VERTEX_POINT ( 'NONE', #11612 ) ;
#3415 = AXIS2_PLACEMENT_3D ( 'NONE', #11181, #12196, #701 ) ;
#3416 = ORIENTED_EDGE ( 'NONE', *, *, #10093, .T. ) ;
#3417 = LINE ( 'NONE', #3476, #6614 ) ;
#3418 = CARTESIAN_POINT ( 'NONE',  ( 10.34999999999998366, 25.43745550146434553, 0.4500000000000000111 ) ) ;
#3419 = ADVANCED_FACE ( 'NONE', ( #4933 ), #8887, .T. ) ;
#3420 = CARTESIAN_POINT ( 'NONE',  ( -35.94999999999998863, 23.99407982849027832, 0.000000000000000000 ) ) ;
#3421 = DIRECTION ( 'NONE',  ( 1.000000000000000000, 0.000000000000000000, 0.000000000000000000 ) ) ;
#3422 = CARTESIAN_POINT ( 'NONE',  ( 7.900000000000007461, 21.13619599600161436, 0.4500000000000000111 ) ) ;
#3423 = CARTESIAN_POINT ( 'NONE',  ( -32.99999999999999289, 18.00000000000000355, 0.4500000000000000111 ) ) ;
#3424 = ORIENTED_EDGE ( 'NONE', *, *, #8609, .T. ) ;
#3425 = VECTOR ( 'NONE', #9103, 1000.000000000000114 ) ;
#3426 = PLANE ( 'NONE',  #1419 ) ;
#3427 = EDGE_LOOP ( 'NONE', ( #6697, #152, #702, #7977 ) ) ;
#3428 = FACE_OUTER_BOUND ( 'NONE', #4249, .T. ) ;
#3429 = ORIENTED_EDGE ( 'NONE', *, *, #5860, .F. ) ;
#3430 = EDGE_LOOP ( 'NONE', ( #233, #11962, #1370, #9838 ) ) ;
#3431 = CARTESIAN_POINT ( 'NONE',  ( 26.04999999999999716, 18.27831216351297527, 0.4500000000000000111 ) ) ;
#3432 = CARTESIAN_POINT ( 'NONE',  ( -25.07564434701789935, 25.99999999999999645, 0.4500000000000000111 ) ) ;
#3433 = VECTOR ( 'NONE', #6876, 1000.000000000000114 ) ;
#3434 = DIRECTION ( 'NONE',  ( -9.614813431917789401E-15, 1.000000000000000000, 0.000000000000000000 ) ) ;
#3435 = LINE ( 'NONE', #1541, #2706 ) ;
#3436 = EDGE_LOOP ( 'NONE', ( #2480, #2735, #6138, #3548 ) ) ;
#3437 = CARTESIAN_POINT ( 'NONE',  ( 13.64999999999998437, 18.27831216351297883, 0.4500000000000000111 ) ) ;
#3438 = FACE_BOUND ( 'NONE', #11132, .T. ) ;
#3439 = ORIENTED_EDGE ( 'NONE', *, *, #7746, .T. ) ;
#3440 = LINE ( 'NONE', #10118, #5390 ) ;
#3441 = CARTESIAN_POINT ( 'NONE',  ( 8.699999999999986855, 22.57957166897569579, 0.4500000000000000111 ) ) ;
#3442 = AXIS2_PLACEMENT_3D ( 'NONE', #2290, #9854, #11053 ) ;
#3443 = VERTEX_POINT ( 'NONE', #4812 ) ;
#3444 = DIRECTION ( 'NONE',  ( 0.8660254037844388186, -0.4999999999999997224, 0.000000000000000000 ) ) ;
#3445 = PLANE ( 'NONE',  #10695 ) ;
#3446 = LINE ( 'NONE', #11139, #8829 ) ;
#3447 = DIRECTION ( 'NONE',  ( 0.000000000000000000, 0.000000000000000000, -1.000000000000000000 ) ) ;
#3448 = CARTESIAN_POINT ( 'NONE',  ( -25.19999999999997442, 21.13619599600163212, 0.000000000000000000 ) ) ;
#3449 = FACE_OUTER_BOUND ( 'NONE', #9392, .T. ) ;
#3450 = VECTOR ( 'NONE', #1507, 1000.000000000000114 ) ;
#3451 = CARTESIAN_POINT ( 'NONE',  ( 11.99999999999998401, 21.13619599600162502, 0.4500000000000000111 ) ) ;
#3452 = DIRECTION ( 'NONE',  ( 0.000000000000000000, 0.000000000000000000, -1.000000000000000000 ) ) ;
#3453 = ORIENTED_EDGE ( 'NONE', *, *, #8427, .F. ) ;
#3454 = EDGE_CURVE ( 'NONE', #3992, #1993, #185, .T. ) ;
#3455 = CARTESIAN_POINT ( 'NONE',  ( 28.09999999999999076, 23.27239199200324293, 0.4500000000000000111 ) ) ;
#3456 = ORIENTED_EDGE ( 'NONE', *, *, #3142, .F. ) ;
#3457 = CARTESIAN_POINT ( 'NONE',  ( 26.84999999999997300, 23.99407982849028187, 0.4500000000000000111 ) ) ;
#3458 = ORIENTED_EDGE ( 'NONE', *, *, #6301, .T. ) ;
#3459 = VECTOR ( 'NONE', #11831, 1000.000000000000000 ) ;
#3460 = EDGE_CURVE ( 'NONE', #2250, #3914, #114, .T. ) ;
#3461 = DIRECTION ( 'NONE',  ( -9.614813431917789401E-15, 1.000000000000000000, 0.000000000000000000 ) ) ;
#3462 = ORIENTED_EDGE ( 'NONE', *, *, #3481, .F. ) ;
#3463 = EDGE_CURVE ( 'NONE', #3583, #1266, #6776, .T. ) ;
#3464 = CARTESIAN_POINT ( 'NONE',  ( 14.89999999999998437, 26.15914333795138447, 0.4500000000000000111 ) ) ;
#3465 = ORIENTED_EDGE ( 'NONE', *, *, #7723, .T. ) ;
#3466 = DIRECTION ( 'NONE',  ( 0.000000000000000000, 0.000000000000000000, -1.000000000000000000 ) ) ;
#3467 = DIRECTION ( 'NONE',  ( 0.000000000000000000, 0.000000000000000000, 1.000000000000000000 ) ) ;
#3468 = VERTEX_POINT ( 'NONE', #4052 ) ;
#3469 = VERTEX_POINT ( 'NONE', #6910 ) ;
#3470 = EDGE_CURVE ( 'NONE', #2614, #1609, #11550, .T. ) ;
#3471 = FACE_OUTER_BOUND ( 'NONE', #9589, .T. ) ;
#3472 = ORIENTED_EDGE ( 'NONE', *, *, #1992, .F. ) ;
#3473 = CARTESIAN_POINT ( 'NONE',  ( 16.15000000000001990, 19.72168783648704249, 0.4500000000000000111 ) ) ;
#3474 = ORIENTED_EDGE ( 'NONE', *, *, #6815, .T. ) ;
#3475 = EDGE_LOOP ( 'NONE', ( #5856, #9065, #8248, #1014 ) ) ;
#3476 = CARTESIAN_POINT ( 'NONE',  ( 32.65000000000000568, 19.72168783648704604, 0.000000000000000000 ) ) ;
#3477 = CARTESIAN_POINT ( 'NONE',  ( -6.650000000000004796, 20.41450815951458253, 0.000000000000000000 ) ) ;
#3478 = EDGE_CURVE ( 'NONE', #3774, #2517, #8235, .T. ) ;
#3479 = FACE_OUTER_BOUND ( 'NONE', #7208, .T. ) ;
#3480 = CARTESIAN_POINT ( 'NONE',  ( 22.75000000000000000, 18.27831216351297172, 0.4500000000000000111 ) ) ;
#3481 = EDGE_CURVE ( 'NONE', #11903, #11817, #4871, .T. ) ;
#3482 = LINE ( 'NONE', #10931, #11263 ) ;
#3483 = VECTOR ( 'NONE', #4616, 1000.000000000000000 ) ;
#3484 = CARTESIAN_POINT ( 'NONE',  ( -27.70000000000000995, 22.57957166897569223, 0.4500000000000000111 ) ) ;
#3485 = VERTEX_POINT ( 'NONE', #5824 ) ;
#3486 = AXIS2_PLACEMENT_3D ( 'NONE', #2900, #10589, #5884 ) ;
#3487 = CARTESIAN_POINT ( 'NONE',  ( 16.15000000000000568, 18.27831216351297172, 0.000000000000000000 ) ) ;
#3488 = ORIENTED_EDGE ( 'NONE', *, *, #12094, .T. ) ;
#3489 = CARTESIAN_POINT ( 'NONE',  ( -17.80000000000000426, 21.13619599600161791, 0.4500000000000000111 ) ) ;
#3490 = ORIENTED_EDGE ( 'NONE', *, *, #6591, .F. ) ;
#3491 = EDGE_LOOP ( 'NONE', ( #4880, #5462, #5084, #8420 ) ) ;
#3492 = EDGE_CURVE ( 'NONE', #7258, #9627, #6027, .T. ) ;
#3493 = VECTOR ( 'NONE', #3725, 1000.000000000000000 ) ;
#3494 = ADVANCED_FACE ( 'NONE', ( #3806 ), #6718, .T. ) ;
#3495 = DIRECTION ( 'NONE',  ( -0.8660254037844383745, 0.5000000000000003331, 0.000000000000000000 ) ) ;
#3496 = CARTESIAN_POINT ( 'NONE',  ( 6.649999999999992362, 23.30125950546273117, 0.4500000000000000111 ) ) ;
#3497 = CARTESIAN_POINT ( 'NONE',  ( 34.69999999999998153, 20.44337567297409208, 0.4500000000000000111 ) ) ;
#3498 = FACE_OUTER_BOUND ( 'NONE', #11747, .T. ) ;
#3499 = VERTEX_POINT ( 'NONE', #2905 ) ;
#3500 = DIRECTION ( 'NONE',  ( 1.000000000000000000, 9.614813431917789401E-15, 0.000000000000000000 ) ) ;
#3501 = EDGE_CURVE ( 'NONE', #8825, #4280, #10659, .T. ) ;
#3502 = CARTESIAN_POINT ( 'NONE',  ( 31.39999999999997726, 20.44337567297409208, 0.000000000000000000 ) ) ;
#3503 = AXIS2_PLACEMENT_3D ( 'NONE', #7669, #11547, #9067 ) ;
#3504 = EDGE_LOOP ( 'NONE', ( #5176, #6278, #254, #12331, #9356, #7552 ) ) ;
#3505 = CARTESIAN_POINT ( 'NONE',  ( 30.99999999999999289, 21.13619599600162502, 0.4500000000000000111 ) ) ;
#3506 = DIRECTION ( 'NONE',  ( 0.4999999999999985012, 0.8660254037844395958, 0.000000000000000000 ) ) ;
#3507 = ORIENTED_EDGE ( 'NONE', *, *, #11802, .T. ) ;
#3508 = PLANE ( 'NONE',  #8410 ) ;
#3509 = DIRECTION ( 'NONE',  ( 0.000000000000000000, -1.000000000000000000, 0.000000000000000000 ) ) ;
#3510 = CARTESIAN_POINT ( 'NONE',  ( -17.80000000000001847, 22.57957166897568868, 0.4500000000000000111 ) ) ;
#3511 = EDGE_CURVE ( 'NONE', #9072, #10371, #1004, .T. ) ;
#3512 = LINE ( 'NONE', #1487, #6985 ) ;
#3513 = CARTESIAN_POINT ( 'NONE',  ( -18.59999999999998010, 21.13619599600162857, 0.4500000000000000111 ) ) ;
#3514 = CARTESIAN_POINT ( 'NONE',  ( -33.04999999999998295, 20.41450815951459319, 0.4500000000000000111 ) ) ;
#3515 = CARTESIAN_POINT ( 'NONE',  ( 12.85000000000001563, 25.43745550146433132, 0.4500000000000000111 ) ) ;
#3516 = CARTESIAN_POINT ( 'NONE',  ( 12.85000000000000497, 18.27831216351296817, 0.4500000000000000111 ) ) ;
#3517 = EDGE_LOOP ( 'NONE', ( #6267, #8530, #10240, #5562, #505, #1766, #86 ) ) ;
#3518 = DIRECTION ( 'NONE',  ( -1.000000000000000000, 0.000000000000000000, 0.000000000000000000 ) ) ;
#3519 = VERTEX_POINT ( 'NONE', #8953 ) ;
#3520 = CARTESIAN_POINT ( 'NONE',  ( -21.10000000000000142, 21.13619599600162147, 0.4500000000000000111 ) ) ;
#3521 = ORIENTED_EDGE ( 'NONE', *, *, #4967, .F. ) ;
#3522 = AXIS2_PLACEMENT_3D ( 'NONE', #3317, #8151, #12023 ) ;
#3523 = DIRECTION ( 'NONE',  ( 0.000000000000000000, 0.000000000000000000, -1.000000000000000000 ) ) ;
#3524 = ORIENTED_EDGE ( 'NONE', *, *, #8850, .T. ) ;
#3525 = EDGE_CURVE ( 'NONE', #4638, #6403, #1443, .T. ) ;
#3526 = CARTESIAN_POINT ( 'NONE',  ( 18.59999999999998010, 21.13619599600162857, 0.4500000000000000111 ) ) ;
#3527 = ORIENTED_EDGE ( 'NONE', *, *, #4227, .T. ) ;
#3528 = LINE ( 'NONE', #6579, #1840 ) ;
#3529 = DIRECTION ( 'NONE',  ( 0.5000000000000004441, -0.8660254037844384856, 0.000000000000000000 ) ) ;
#3530 = VERTEX_POINT ( 'NONE', #10978 ) ;
#3531 = AXIS2_PLACEMENT_3D ( 'NONE', #8384, #3545, #7424 ) ;
#3532 = VERTEX_POINT ( 'NONE', #4112 ) ;
#3533 = CARTESIAN_POINT ( 'NONE',  ( -26.84999999999997300, 23.99407982849028187, 0.000000000000000000 ) ) ;
#3534 = VECTOR ( 'NONE', #7437, 1000.000000000000114 ) ;
#3535 = EDGE_LOOP ( 'NONE', ( #11482, #415, #1306, #10784 ) ) ;
#3536 = DIRECTION ( 'NONE',  ( 0.8660254037844383745, -0.5000000000000003331, 0.000000000000000000 ) ) ;
#3537 = VERTEX_POINT ( 'NONE', #6269 ) ;
#3538 = ORIENTED_EDGE ( 'NONE', *, *, #373, .F. ) ;
#3539 = AXIS2_PLACEMENT_3D ( 'NONE', #4526, #2625, #5541 ) ;
#3540 = CARTESIAN_POINT ( 'NONE',  ( 30.63205080756887355, 18.00000000000000355, 0.4500000000000000111 ) ) ;
#3541 = DIRECTION ( 'NONE',  ( -9.614813431917789401E-15, 1.000000000000000000, 0.000000000000000000 ) ) ;
#3542 = FACE_BOUND ( 'NONE', #2907, .T. ) ;
#3543 = CARTESIAN_POINT ( 'NONE',  ( 23.14999999999998437, 23.30125950546273828, 0.000000000000000000 ) ) ;
#3544 = AXIS2_PLACEMENT_3D ( 'NONE', #1834, #6714, #8626 ) ;
#3545 = DIRECTION ( 'NONE',  ( 0.4999999999999985567, 0.8660254037844394848, 0.000000000000000000 ) ) ;
#3546 = CARTESIAN_POINT ( 'NONE',  ( -32.99999999999999289, 18.00000000000000355, 0.4500000000000000111 ) ) ;
#3547 = VERTEX_POINT ( 'NONE', #10144 ) ;
#3548 = ORIENTED_EDGE ( 'NONE', *, *, #8358, .T. ) ;
#3549 = DIRECTION ( 'NONE',  ( 0.4999999999999985012, 0.8660254037844395958, 0.000000000000000000 ) ) ;
#3550 = ORIENTED_EDGE ( 'NONE', *, *, #1662, .T. ) ;
#3551 = AXIS2_PLACEMENT_3D ( 'NONE', #6284, #5389, #10157 ) ;
#3552 = ADVANCED_FACE ( 'NONE', ( #5306 ), #4175, .T. ) ;
#3553 = ADVANCED_FACE ( 'NONE', ( #7160 ), #364, .T. ) ;
#3554 = VERTEX_POINT ( 'NONE', #9070 ) ;
#3555 = ORIENTED_EDGE ( 'NONE', *, *, #10236, .T. ) ;
#3556 = DIRECTION ( 'NONE',  ( 0.000000000000000000, 0.000000000000000000, -1.000000000000000000 ) ) ;
#3557 = CARTESIAN_POINT ( 'NONE',  ( -11.59999999999999964, 23.27239199200323228, 0.4500000000000000111 ) ) ;
#3558 = EDGE_CURVE ( 'NONE', #10479, #5644, #10199, .T. ) ;
#3559 = DIRECTION ( 'NONE',  ( 0.000000000000000000, -1.000000000000000000, 0.000000000000000000 ) ) ;
#3560 = VECTOR ( 'NONE', #4899, 1000.000000000000114 ) ;
#3561 = LINE ( 'NONE', #7438, #12034 ) ;
#3562 = VECTOR ( 'NONE', #1408, 1000.000000000000114 ) ;
#3563 = EDGE_CURVE ( 'NONE', #1326, #707, #11036, .T. ) ;
#3564 = EDGE_LOOP ( 'NONE', ( #8464, #3724, #5521, #7676 ) ) ;
#3565 = EDGE_CURVE ( 'NONE', #10333, #1059, #3280, .T. ) ;
#3566 = CARTESIAN_POINT ( 'NONE',  ( 31.39999999999998437, 23.27239199200324293, 0.4500000000000000111 ) ) ;
#3567 = ADVANCED_FACE ( 'NONE', ( #4356 ), #12046, .T. ) ;
#3568 = CARTESIAN_POINT ( 'NONE',  ( -19.45000000000000284, 23.99407982849027121, 0.000000000000000000 ) ) ;
#3569 = ORIENTED_EDGE ( 'NONE', *, *, #8296, .F. ) ;
#3570 = DIRECTION ( 'NONE',  ( 0.5000000000000004441, -0.8660254037844384856, 0.000000000000000000 ) ) ;
#3571 = PLANE ( 'NONE',  #8430 ) ;
#3572 = VECTOR ( 'NONE', #7672, 1000.000000000000000 ) ;
#3573 = ORIENTED_EDGE ( 'NONE', *, *, #6282, .F. ) ;
#3574 = DIRECTION ( 'NONE',  ( 0.4999999999999997224, -0.8660254037844388186, -0.000000000000000000 ) ) ;
#3575 = CARTESIAN_POINT ( 'NONE',  ( 18.59999999999998010, 22.57957166897570289, 0.4500000000000000111 ) ) ;
#3576 = CARTESIAN_POINT ( 'NONE',  ( 16.94999999999998153, 25.43745550146435264, 0.4500000000000000111 ) ) ;
#3577 = CARTESIAN_POINT ( 'NONE',  ( 11.59999999999999964, 23.27239199200323228, 0.000000000000000000 ) ) ;
#3578 = LINE ( 'NONE', #11922, #4562 ) ;
#3579 = FACE_OUTER_BOUND ( 'NONE', #7740, .T. ) ;
#3580 = EDGE_CURVE ( 'NONE', #704, #8923, #6151, .T. ) ;
#3581 = DIRECTION ( 'NONE',  ( -9.614813431917789401E-15, 1.000000000000000000, 0.000000000000000000 ) ) ;
#3582 = PLANE ( 'NONE',  #9469 ) ;
#3583 = VERTEX_POINT ( 'NONE', #7985 ) ;
#3584 = FACE_OUTER_BOUND ( 'NONE', #7707, .T. ) ;
#3585 = ORIENTED_EDGE ( 'NONE', *, *, #7203, .F. ) ;
#3586 = EDGE_CURVE ( 'NONE', #508, #6781, #1383, .T. ) ;
#3587 = DIRECTION ( 'NONE',  ( 0.000000000000000000, 0.000000000000000000, -1.000000000000000000 ) ) ;
#3588 = ORIENTED_EDGE ( 'NONE', *, *, #2428, .T. ) ;
#3589 = ADVANCED_FACE ( 'NONE', ( #8113 ), #11986, .T. ) ;
#3590 = DIRECTION ( 'NONE',  ( 0.8660254037844383745, 0.5000000000000003331, 0.000000000000000000 ) ) ;
#3591 = ORIENTED_EDGE ( 'NONE', *, *, #8371, .T. ) ;
#3592 = CC_DESIGN_PERSON_AND_ORGANIZATION_ASSIGNMENT ( #7003, #6177, ( #1536 ) ) ;
#3593 = LINE ( 'NONE', #11347, #1790 ) ;
#3594 = DIRECTION ( 'NONE',  ( 0.000000000000000000, 0.000000000000000000, -1.000000000000000000 ) ) ;
#3595 = CARTESIAN_POINT ( 'NONE',  ( 8.699999999999986855, 22.57957166897569579, 0.000000000000000000 ) ) ;
#3596 = ORIENTED_EDGE ( 'NONE', *, *, #1321, .F. ) ;
#3597 = VECTOR ( 'NONE', #11761, 1000.000000000000000 ) ;
#3598 = ORIENTED_EDGE ( 'NONE', *, *, #7502, .T. ) ;
#3599 = AXIS2_PLACEMENT_3D ( 'NONE', #6642, #11592, #30 ) ;
#3600 = DIRECTION ( 'NONE',  ( 0.5000000000000004441, -0.8660254037844384856, 0.000000000000000000 ) ) ;
#3601 = ORIENTED_EDGE ( 'NONE', *, *, #5312, .T. ) ;
#3602 = CARTESIAN_POINT ( 'NONE',  ( -9.550000000000007816, 18.27831216351296462, 0.4500000000000000111 ) ) ;
#3603 = ORIENTED_EDGE ( 'NONE', *, *, #1015, .T. ) ;
#3604 = ORIENTED_EDGE ( 'NONE', *, *, #211, .F. ) ;
#3605 = LINE ( 'NONE', #5943, #4503 ) ;
#3606 = CARTESIAN_POINT ( 'NONE',  ( -12.85000000000000142, 23.99407982849026411, 0.4500000000000000111 ) ) ;
#3607 = FACE_BOUND ( 'NONE', #7041, .T. ) ;
#3608 = CARTESIAN_POINT ( 'NONE',  ( 17.80000000000000426, 21.13619599600161791, 0.4500000000000000111 ) ) ;
#3609 = CARTESIAN_POINT ( 'NONE',  ( -15.29999999999998295, 21.13619599600162502, 0.4500000000000000111 ) ) ;
#3610 = LINE ( 'NONE', #763, #6004 ) ;
#3611 = ORIENTED_EDGE ( 'NONE', *, *, #7318, .T. ) ;
#3612 = VERTEX_POINT ( 'NONE', #7038 ) ;
#3613 = EDGE_CURVE ( 'NONE', #8426, #2950, #5192, .T. ) ;
#3614 = EDGE_CURVE ( 'NONE', #7418, #11874, #3222, .T. ) ;
#3615 = CARTESIAN_POINT ( 'NONE',  ( 15.29999999999998295, 21.13619599600162502, 0.4500000000000000111 ) ) ;
#3616 = AXIS2_PLACEMENT_3D ( 'NONE', #12271, #11320, #7319 ) ;
#3617 = ORIENTED_EDGE ( 'NONE', *, *, #61, .T. ) ;
#3618 = ORIENTED_EDGE ( 'NONE', *, *, #2368, .F. ) ;
#3619 = VERTEX_POINT ( 'NONE', #424 ) ;
#3620 = DIRECTION ( 'NONE',  ( 0.000000000000000000, 0.000000000000000000, -1.000000000000000000 ) ) ;
#3621 = DIRECTION ( 'NONE',  ( 0.000000000000000000, 0.000000000000000000, -1.000000000000000000 ) ) ;
#3622 = DIRECTION ( 'NONE',  ( -0.5000000000000004441, -0.8660254037844384856, 0.000000000000000000 ) ) ;
#3623 = DIRECTION ( 'NONE',  ( -0.000000000000000000, -0.000000000000000000, 1.000000000000000000 ) ) ;
#3624 = VECTOR ( 'NONE', #2649, 1000.000000000000000 ) ;
#3625 = EDGE_CURVE ( 'NONE', #11368, #825, #8241, .T. ) ;
#3626 = ORIENTED_EDGE ( 'NONE', *, *, #7297, .T. ) ;
#3627 = DIRECTION ( 'NONE',  ( -0.8660254037844394848, 0.4999999999999984457, 0.000000000000000000 ) ) ;
#3628 = ORIENTED_EDGE ( 'NONE', *, *, #5989, .F. ) ;
#3629 = DIRECTION ( 'NONE',  ( 0.000000000000000000, 0.000000000000000000, -1.000000000000000000 ) ) ;
#3630 = ORIENTED_EDGE ( 'NONE', *, *, #9923, .T. ) ;
#3631 = CARTESIAN_POINT ( 'NONE',  ( 24.79999999999998295, 20.44337567297409208, 0.4500000000000000111 ) ) ;
#3632 = LINE ( 'NONE', #8405, #108 ) ;
#3633 = ADVANCED_FACE ( 'NONE', ( #7223 ), #6328, .T. ) ;
#3634 = ORIENTED_EDGE ( 'NONE', *, *, #9083, .T. ) ;
#3635 = EDGE_CURVE ( 'NONE', #2263, #7091, #11159, .T. ) ;
#3636 = VECTOR ( 'NONE', #2320, 1000.000000000000000 ) ;
#3637 = CARTESIAN_POINT ( 'NONE',  ( -33.44999999999998153, 18.27831216351298238, 0.4500000000000000111 ) ) ;
#3638 = DIRECTION ( 'NONE',  ( -0.000000000000000000, -0.000000000000000000, -1.000000000000000000 ) ) ;
#3639 = FACE_OUTER_BOUND ( 'NONE', #9268, .T. ) ;
#3640 = CARTESIAN_POINT ( 'NONE',  ( 10.34999999999998721, 18.27831216351297527, 0.4500000000000000111 ) ) ;
#3641 = CARTESIAN_POINT ( 'NONE',  ( 8.300000000000002487, 23.27239199200323228, 0.000000000000000000 ) ) ;
#3642 = EDGE_CURVE ( 'NONE', #1392, #12562, #2703, .T. ) ;
#3643 = DIRECTION ( 'NONE',  ( 0.4999999999999985567, 0.8660254037844394848, 0.000000000000000000 ) ) ;
#3644 = VECTOR ( 'NONE', #7131, 1000.000000000000000 ) ;
#3645 = CARTESIAN_POINT ( 'NONE',  ( 32.65000000000000568, 25.43745550146434198, 0.4500000000000000111 ) ) ;
#3646 = CARTESIAN_POINT ( 'NONE',  ( 16.15000000000001990, 19.72168783648704249, 0.000000000000000000 ) ) ;
#3647 = ORIENTED_EDGE ( 'NONE', *, *, #7441, .F. ) ;
#3648 = VECTOR ( 'NONE', #3253, 1000.000000000000114 ) ;
#3649 = CARTESIAN_POINT ( 'NONE',  ( -33.44999999999996732, 25.43745550146435974, 0.4500000000000000111 ) ) ;
#3650 = EDGE_LOOP ( 'NONE', ( #445, #1953, #7445, #10188 ) ) ;
#3651 = DIRECTION ( 'NONE',  ( 0.000000000000000000, 0.000000000000000000, -1.000000000000000000 ) ) ;
#3652 = ORIENTED_EDGE ( 'NONE', *, *, #7156, .T. ) ;
#3653 = EDGE_CURVE ( 'NONE', #10892, #12082, #6644, .T. ) ;
#3654 = CARTESIAN_POINT ( 'NONE',  ( 16.94999999999998153, 18.27831216351297883, 0.000000000000000000 ) ) ;
#3655 = VECTOR ( 'NONE', #10217, 1000.000000000000000 ) ;
#3656 = CARTESIAN_POINT ( 'NONE',  ( -10.34999999999998366, 23.99407982849027121, 0.000000000000000000 ) ) ;
#3657 = CARTESIAN_POINT ( 'NONE',  ( 13.25000000000000000, 20.41450815951458608, 0.000000000000000000 ) ) ;
#3658 = DIRECTION ( 'NONE',  ( 0.000000000000000000, -1.000000000000000000, 0.000000000000000000 ) ) ;
#3659 = ORIENTED_EDGE ( 'NONE', *, *, #545, .F. ) ;
#3660 = ORIENTED_EDGE ( 'NONE', *, *, #11485, .T. ) ;
#3661 = CARTESIAN_POINT ( 'NONE',  ( -17.80000000000001847, 22.57957166897568868, 0.000000000000000000 ) ) ;
#3662 = VECTOR ( 'NONE', #2889, 1000.000000000000000 ) ;
#3663 = VERTEX_POINT ( 'NONE', #12301 ) ;
#3664 = LINE ( 'NONE', #7539, #10594 ) ;
#3665 = EDGE_LOOP ( 'NONE', ( #3330, #9773, #9128, #4522 ) ) ;
#3666 = ORIENTED_EDGE ( 'NONE', *, *, #4330, .T. ) ;
#3667 = CARTESIAN_POINT ( 'NONE',  ( 13.64999999999998437, 18.27831216351297883, 0.000000000000000000 ) ) ;
#3668 = CARTESIAN_POINT ( 'NONE',  ( 36.34999999999999432, 20.41450815951459674, 0.000000000000000000 ) ) ;
#3669 = FACE_BOUND ( 'NONE', #3778, .T. ) ;
#3670 = LINE ( 'NONE', #5388, #10827 ) ;
#3671 = PLANE ( 'NONE',  #7388 ) ;
#3672 = CARTESIAN_POINT ( 'NONE',  ( -26.84999999999997300, 25.43745550146435619, 0.4500000000000000111 ) ) ;
#3673 = ORIENTED_EDGE ( 'NONE', *, *, #5861, .F. ) ;
#3674 = ORIENTED_EDGE ( 'NONE', *, *, #3787, .F. ) ;
#3675 = CARTESIAN_POINT ( 'NONE',  ( 14.50000000000000178, 21.13619599600161791, 0.000000000000000000 ) ) ;
#3676 = EDGE_CURVE ( 'NONE', #454, #5547, #2646, .T. ) ;
#3677 = ORIENTED_EDGE ( 'NONE', *, *, #9158, .T. ) ;
#3678 = ORIENTED_EDGE ( 'NONE', *, *, #378, .T. ) ;
#3679 = VERTEX_POINT ( 'NONE', #3595 ) ;
#3680 = CARTESIAN_POINT ( 'NONE',  ( -26.44999999999998153, 23.30125950546274183, 0.4500000000000000111 ) ) ;
#3681 = LINE ( 'NONE', #11436, #4749 ) ;
#3682 = EDGE_CURVE ( 'NONE', #9257, #9177, #7592, .T. ) ;
#3683 = DIRECTION ( 'NONE',  ( -9.614813431917789401E-15, -1.000000000000000000, 0.000000000000000000 ) ) ;
#3684 = EDGE_CURVE ( 'NONE', #4767, #1579, #6520, .T. ) ;
#3685 = ORIENTED_EDGE ( 'NONE', *, *, #4798, .T. ) ;
#3686 = CARTESIAN_POINT ( 'NONE',  ( -34.69999999999998153, 20.44337567297409208, 0.4500000000000000111 ) ) ;
#3687 = ADVANCED_FACE ( 'NONE', ( #3715 ), #1578, .T. ) ;
#3688 = CARTESIAN_POINT ( 'NONE',  ( 34.30000000000000426, 22.57957166897569223, 0.4500000000000000111 ) ) ;
#3689 = ORIENTED_EDGE ( 'NONE', *, *, #4283, .T. ) ;
#3690 = CARTESIAN_POINT ( 'NONE',  ( -30.99999999999999289, 21.13619599600162502, 0.000000000000000000 ) ) ;
#3691 = VECTOR ( 'NONE', #72, 1000.000000000000114 ) ;
#3692 = LINE ( 'NONE', #6495, #10051 ) ;
#3693 = ORIENTED_EDGE ( 'NONE', *, *, #2639, .F. ) ;
#3694 = LINE ( 'NONE', #6625, #1311 ) ;
#3695 = DIRECTION ( 'NONE',  ( -0.8660254037844383745, 0.5000000000000003331, 0.000000000000000000 ) ) ;
#3696 = CARTESIAN_POINT ( 'NONE',  ( -27.70000000000000995, 22.57957166897569223, 0.000000000000000000 ) ) ;
#3697 = LINE ( 'NONE', #9552, #3736 ) ;
#3698 = DIRECTION ( 'NONE',  ( -0.4999999999999997224, -0.8660254037844388186, 0.000000000000000000 ) ) ;
#3699 = EDGE_CURVE ( 'NONE', #3312, #2614, #6581, .T. ) ;
#3700 = AXIS2_PLACEMENT_3D ( 'NONE', #1380, #2270, #8168 ) ;
#3701 = LINE ( 'NONE', #11453, #9859 ) ;
#3702 = FACE_OUTER_BOUND ( 'NONE', #4682, .T. ) ;
#3703 = LINE ( 'NONE', #10688, #9171 ) ;
#3704 = ORIENTED_EDGE ( 'NONE', *, *, #8177, .T. ) ;
#3705 = DIRECTION ( 'NONE',  ( -0.000000000000000000, 0.000000000000000000, 1.000000000000000000 ) ) ;
#3706 = ORIENTED_EDGE ( 'NONE', *, *, #10857, .F. ) ;
#3707 = EDGE_CURVE ( 'NONE', #3532, #11427, #9325, .T. ) ;
#3708 = CARTESIAN_POINT ( 'NONE',  ( -9.550000000000022027, 19.72168783648703538, 0.4500000000000000111 ) ) ;
#3709 = ADVANCED_FACE ( 'NONE', ( #10456 ), #4608, .T. ) ;
#3710 = ORIENTED_EDGE ( 'NONE', *, *, #8534, .F. ) ;
#3711 = PLANE ( 'NONE',  #7024 ) ;
#3712 = ADVANCED_FACE ( 'NONE', ( #2769 ), #12363, .T. ) ;
#3713 = DIRECTION ( 'NONE',  ( -0.4999999999999997224, -0.8660254037844388186, 0.000000000000000000 ) ) ;
#3714 = CARTESIAN_POINT ( 'NONE',  ( -23.14999999999998437, 23.30125950546273828, 0.4500000000000000111 ) ) ;
#3715 = FACE_OUTER_BOUND ( 'NONE', #216, .T. ) ;
#3716 = ORIENTED_EDGE ( 'NONE', *, *, #9009, .F. ) ;
#3717 = CARTESIAN_POINT ( 'NONE',  ( -24.79999999999998295, 26.15914333795138447, 0.4500000000000000111 ) ) ;
#3718 = EDGE_CURVE ( 'NONE', #4909, #6109, #9263, .T. ) ;
#3719 = EDGE_CURVE ( 'NONE', #2300, #9992, #4424, .T. ) ;
#3720 = ORIENTED_EDGE ( 'NONE', *, *, #3109, .F. ) ;
#3721 = VECTOR ( 'NONE', #12515, 1000.000000000000000 ) ;
#3722 = EDGE_CURVE ( 'NONE', #2885, #3856, #11406, .T. ) ;
#3723 = DIRECTION ( 'NONE',  ( 0.000000000000000000, 0.000000000000000000, -1.000000000000000000 ) ) ;
#3724 = ORIENTED_EDGE ( 'NONE', *, *, #7421, .T. ) ;
#3725 = DIRECTION ( 'NONE',  ( -0.8660254037844394848, -0.4999999999999985012, 0.000000000000000000 ) ) ;
#3726 = ORIENTED_EDGE ( 'NONE', *, *, #2142, .T. ) ;
#3727 = ORIENTED_EDGE ( 'NONE', *, *, #317, .F. ) ;
#3728 = AXIS2_PLACEMENT_3D ( 'NONE', #498, #11361, #6411 ) ;
#3729 = DIRECTION ( 'NONE',  ( 0.000000000000000000, 0.000000000000000000, -1.000000000000000000 ) ) ;
#3730 = FACE_OUTER_BOUND ( 'NONE', #9779, .T. ) ;
#3731 = VECTOR ( 'NONE', #1614, 1000.000000000000114 ) ;
#3732 = FACE_BOUND ( 'NONE', #2507, .T. ) ;
#3733 = LINE ( 'NONE', #11490, #3388 ) ;
#3734 = PLANE ( 'NONE',  #3531 ) ;
#3735 = EDGE_CURVE ( 'NONE', #8916, #6292, #4671, .T. ) ;
#3736 = VECTOR ( 'NONE', #11451, 1000.000000000000000 ) ;
#3737 = DIRECTION ( 'NONE',  ( 0.000000000000000000, 0.000000000000000000, -1.000000000000000000 ) ) ;
#3738 = ORIENTED_EDGE ( 'NONE', *, *, #4346, .F. ) ;
#3739 = ADVANCED_FACE ( 'NONE', ( #680 ), #11287, .T. ) ;
#3740 = AXIS2_PLACEMENT_3D ( 'NONE', #8124, #5203, #6408 ) ;
#3741 = ORIENTED_EDGE ( 'NONE', *, *, #5443, .F. ) ;
#3742 = PLANE ( 'NONE',  #8090 ) ;
#3743 = ORIENTED_EDGE ( 'NONE', *, *, #1698, .T. ) ;
#3744 = ORIENTED_EDGE ( 'NONE', *, *, #9551, .T. ) ;
#3745 = EDGE_CURVE ( 'NONE', #9101, #6754, #2516, .T. ) ;
#3746 = AXIS2_PLACEMENT_3D ( 'NONE', #465, #600, #6501 ) ;
#3747 = EDGE_CURVE ( 'NONE', #200, #798, #10272, .T. ) ;
#3748 = ORIENTED_EDGE ( 'NONE', *, *, #6745, .T. ) ;
#3749 = DIRECTION ( 'NONE',  ( 0.8660254037844383745, -0.5000000000000003331, 0.000000000000000000 ) ) ;
#3750 = AXIS2_PLACEMENT_3D ( 'NONE', #1984, #10621, #11641 ) ;
#3751 = DIRECTION ( 'NONE',  ( 0.000000000000000000, 0.000000000000000000, -1.000000000000000000 ) ) ;
#3752 = CARTESIAN_POINT ( 'NONE',  ( 24.39999999999999858, 21.13619599600161791, 0.4500000000000000111 ) ) ;
#3753 = VERTEX_POINT ( 'NONE', #1639 ) ;
#3754 = VECTOR ( 'NONE', #3623, 1000.000000000000000 ) ;
#3755 = DIRECTION ( 'NONE',  ( -1.000000000000000000, 0.000000000000000000, 0.000000000000000000 ) ) ;
#3756 = VECTOR ( 'NONE', #500, 1000.000000000000000 ) ;
#3757 = FACE_BOUND ( 'NONE', #12385, .T. ) ;
#3758 = VECTOR ( 'NONE', #5638, 1000.000000000000114 ) ;
#3759 = VERTEX_POINT ( 'NONE', #4546 ) ;
#3760 = LINE ( 'NONE', #11512, #8192 ) ;
#3761 = ADVANCED_FACE ( 'NONE', ( #3973 ), #10704, .T. ) ;
#3762 = ORIENTED_EDGE ( 'NONE', *, *, #7958, .F. ) ;
#3763 = CARTESIAN_POINT ( 'NONE',  ( 33.44999999999996732, 25.43745550146435974, 0.000000000000000000 ) ) ;
#3764 = DIRECTION ( 'NONE',  ( -0.8660254037844387076, 0.4999999999999997224, 0.000000000000000000 ) ) ;
#3765 = VECTOR ( 'NONE', #6483, 1000.000000000000000 ) ;
#3766 = CARTESIAN_POINT ( 'NONE',  ( -14.62435565298207329, 25.99999999999999645, 0.4500000000000000111 ) ) ;
#3767 = LINE ( 'NONE', #4654, #9216 ) ;
#3768 = DATE_AND_TIME ( #4900, #7202 ) ;
#3769 = EDGE_LOOP ( 'NONE', ( #11309, #11566, #1724, #5167 ) ) ;
#3770 = VECTOR ( 'NONE', #8447, 1000.000000000000000 ) ;
#3771 = LINE ( 'NONE', #7765, #5090 ) ;
#3772 = VECTOR ( 'NONE', #841, 1000.000000000000114 ) ;
#3773 = CARTESIAN_POINT ( 'NONE',  ( 21.89999999999997726, 22.57957166897569934, 0.000000000000000000 ) ) ;
#3774 = VERTEX_POINT ( 'NONE', #2890 ) ;
#3775 = VECTOR ( 'NONE', #12559, 1000.000000000000000 ) ;
#3776 = PLANE ( 'NONE',  #4237 ) ;
#3777 = AXIS2_PLACEMENT_3D ( 'NONE', #1301, #4275, #7018 ) ;
#3778 = EDGE_LOOP ( 'NONE', ( #5062, #2754, #960, #5504, #8448, #6454 ) ) ;
#3779 = EDGE_CURVE ( 'NONE', #5503, #8895, #6759, .T. ) ;
#3780 = EDGE_CURVE ( 'NONE', #12416, #9516, #6955, .T. ) ;
#3781 = CARTESIAN_POINT ( 'NONE',  ( 20.24999999999997513, 23.99407982849027476, 0.4500000000000000111 ) ) ;
#3782 = VERTEX_POINT ( 'NONE', #12543 ) ;
#3783 = DIRECTION ( 'NONE',  ( 0.000000000000000000, -1.000000000000000000, 0.000000000000000000 ) ) ;
#3784 = VECTOR ( 'NONE', #4218, 1000.000000000000000 ) ;
#3785 = FACE_OUTER_BOUND ( 'NONE', #12544, .T. ) ;
#3786 = CARTESIAN_POINT ( 'NONE',  ( 21.50000000000000000, 17.55662432702593989, 0.4500000000000000111 ) ) ;
#3787 = EDGE_CURVE ( 'NONE', #3994, #10150, #10641, .T. ) ;
#3788 = LINE ( 'NONE', #6828, #8858 ) ;
#3789 = EDGE_LOOP ( 'NONE', ( #12274, #1378, #5705, #11931 ) ) ;
#3790 = DIRECTION ( 'NONE',  ( 0.000000000000000000, 0.000000000000000000, -1.000000000000000000 ) ) ;
#3791 = ORIENTED_EDGE ( 'NONE', *, *, #5899, .F. ) ;
#3792 = DIRECTION ( 'NONE',  ( 0.8660254037844393737, 0.4999999999999985012, 0.000000000000000000 ) ) ;
#3793 = ADVANCED_FACE ( 'NONE', ( #11594 ), #4034, .T. ) ;
#3794 = PLANE ( 'NONE',  #12219 ) ;
#3795 = ORIENTED_EDGE ( 'NONE', *, *, #335, .T. ) ;
#3796 = EDGE_CURVE ( 'NONE', #2209, #1412, #8737, .T. ) ;
#3797 = EDGE_CURVE ( 'NONE', #2776, #7534, #11659, .T. ) ;
#3798 = VERTEX_POINT ( 'NONE', #11783 ) ;
#3799 = AXIS2_PLACEMENT_3D ( 'NONE', #2689, #8220, #7265 ) ;
#3800 = LINE ( 'NONE', #7666, #1269 ) ;
#3801 = LINE ( 'NONE', #11297, #4358 ) ;
#3802 = PLANE ( 'NONE',  #3503 ) ;
#3803 = CARTESIAN_POINT ( 'NONE',  ( 9.550000000000022027, 19.72168783648703538, 0.000000000000000000 ) ) ;
#3804 = VECTOR ( 'NONE', #5640, 1000.000000000000000 ) ;
#3805 = DIRECTION ( 'NONE',  ( 0.000000000000000000, -1.000000000000000000, 0.000000000000000000 ) ) ;
#3806 = FACE_OUTER_BOUND ( 'NONE', #1037, .T. ) ;
#3807 = ORIENTED_EDGE ( 'NONE', *, *, #11627, .T. ) ;
#3808 = EDGE_CURVE ( 'NONE', #11376, #7463, #3907, .T. ) ;
#3809 = ORIENTED_EDGE ( 'NONE', *, *, #8618, .T. ) ;
#3810 = CARTESIAN_POINT ( 'NONE',  ( 29.35000000000000853, 25.43745550146434198, 0.4500000000000000111 ) ) ;
#3811 = ORIENTED_EDGE ( 'NONE', *, *, #11, .F. ) ;
#3812 = VECTOR ( 'NONE', #7464, 1000.000000000000000 ) ;
#3813 = ORIENTED_EDGE ( 'NONE', *, *, #7364, .T. ) ;
#3814 = ORIENTED_EDGE ( 'NONE', *, *, #8534, .T. ) ;
#3815 = EDGE_CURVE ( 'NONE', #2167, #4892, #1823, .T. ) ;
#3816 = CARTESIAN_POINT ( 'NONE',  ( -23.54999999999997584, 19.72168783648705670, 0.000000000000000000 ) ) ;
#3817 = DIRECTION ( 'NONE',  ( -0.000000000000000000, -0.000000000000000000, -1.000000000000000000 ) ) ;
#3818 = CARTESIAN_POINT ( 'NONE',  ( 35.00000000000000000, 28.50000000000000355, 0.4500000000000000111 ) ) ;
#3819 = VERTEX_POINT ( 'NONE', #9814 ) ;
#3820 = DIRECTION ( 'NONE',  ( 0.000000000000000000, -1.000000000000000000, 0.000000000000000000 ) ) ;
#3821 = FACE_BOUND ( 'NONE', #1723, .T. ) ;
#3822 = ORIENTED_EDGE ( 'NONE', *, *, #7140, .F. ) ;
#3823 = DIRECTION ( 'NONE',  ( -1.000000000000000000, 9.614813431917789401E-15, 0.000000000000000000 ) ) ;
#3824 = ORIENTED_EDGE ( 'NONE', *, *, #6670, .F. ) ;
#3825 = DIRECTION ( 'NONE',  ( 0.000000000000000000, -1.000000000000000000, 0.000000000000000000 ) ) ;
#3826 = LINE ( 'NONE', #9668, #7242 ) ;
#3827 = VECTOR ( 'NONE', #9028, 1000.000000000000000 ) ;
#3828 = FACE_OUTER_BOUND ( 'NONE', #10105, .T. ) ;
#3829 = DIRECTION ( 'NONE',  ( 0.000000000000000000, -1.000000000000000000, 0.000000000000000000 ) ) ;
#3830 = PLANE ( 'NONE',  #3750 ) ;
#3831 = ORIENTED_EDGE ( 'NONE', *, *, #534, .F. ) ;
#3832 = CARTESIAN_POINT ( 'NONE',  ( -32.65000000000000568, 25.43745550146434198, 0.000000000000000000 ) ) ;
#3833 = DIRECTION ( 'NONE',  ( 0.000000000000000000, 1.000000000000000000, 0.000000000000000000 ) ) ;
#3834 = ORIENTED_EDGE ( 'NONE', *, *, #5718, .T. ) ;
#3835 = FACE_OUTER_BOUND ( 'NONE', #3430, .T. ) ;
#3836 = VECTOR ( 'NONE', #6333, 1000.000000000000000 ) ;
#3837 = ORIENTED_EDGE ( 'NONE', *, *, #3322, .T. ) ;
#3838 = CARTESIAN_POINT ( 'NONE',  ( 31.12435565298205375, 25.99999999999999645, 0.4500000000000000111 ) ) ;
#3839 = ORIENTED_EDGE ( 'NONE', *, *, #5871, .T. ) ;
#3840 = LINE ( 'NONE', #8549, #7628 ) ;
#3841 = AXIS2_PLACEMENT_3D ( 'NONE', #12545, #5055, #3023 ) ;
#3842 = EDGE_CURVE ( 'NONE', #2950, #5894, #865, .T. ) ;
#3843 = AXIS2_PLACEMENT_3D ( 'NONE', #5612, #6447, #10186 ) ;
#3844 = DIRECTION ( 'NONE',  ( 0.8660254037844388186, -0.4999999999999997224, 0.000000000000000000 ) ) ;
#3845 = DIRECTION ( 'NONE',  ( 0.8660254037844388186, -0.4999999999999997224, 0.000000000000000000 ) ) ;
#3846 = DIRECTION ( 'NONE',  ( 0.000000000000000000, 0.000000000000000000, -1.000000000000000000 ) ) ;
#3847 = VERTEX_POINT ( 'NONE', #4986 ) ;
#3848 = DIRECTION ( 'NONE',  ( 0.8660254037844387076, 0.4999999999999997224, 0.000000000000000000 ) ) ;
#3849 = ORIENTED_EDGE ( 'NONE', *, *, #2862, .T. ) ;
#3850 = LINE ( 'NONE', #6585, #8911 ) ;
#3851 = DIRECTION ( 'NONE',  ( -0.8660254037844393737, -0.4999999999999985012, 0.000000000000000000 ) ) ;
#3852 = VECTOR ( 'NONE', #12206, 1000.000000000000000 ) ;
#3853 = VERTEX_POINT ( 'NONE', #7845 ) ;
#3854 = ADVANCED_FACE ( 'NONE', ( #2958 ), #8612, .T. ) ;
#3855 = DIRECTION ( 'NONE',  ( 0.4999999999999985567, 0.8660254037844394848, 0.000000000000000000 ) ) ;
#3856 = VERTEX_POINT ( 'NONE', #7715 ) ;
#3857 = CARTESIAN_POINT ( 'NONE',  ( -22.74999999999999289, 23.99407982849026766, 0.4500000000000000111 ) ) ;
#3858 = DIRECTION ( 'NONE',  ( 0.4999999999999997224, -0.8660254037844388186, -0.000000000000000000 ) ) ;
#3859 = CARTESIAN_POINT ( 'NONE',  ( 31.39999999999997726, 20.44337567297409208, 0.4500000000000000111 ) ) ;
#3860 = DIRECTION ( 'NONE',  ( 0.000000000000000000, 0.000000000000000000, -1.000000000000000000 ) ) ;
#3861 = LINE ( 'NONE', #11610, #11780 ) ;
#3862 = DIRECTION ( 'NONE',  ( -0.000000000000000000, -0.000000000000000000, -1.000000000000000000 ) ) ;
#3863 = ORIENTED_EDGE ( 'NONE', *, *, #9956, .T. ) ;
#3864 = EDGE_CURVE ( 'NONE', #7258, #5569, #3788, .T. ) ;
#3865 = VECTOR ( 'NONE', #3805, 1000.000000000000000 ) ;
#3866 = ORIENTED_EDGE ( 'NONE', *, *, #1490, .T. ) ;
#3867 = ORIENTED_EDGE ( 'NONE', *, *, #4653, .T. ) ;
#3868 = CARTESIAN_POINT ( 'NONE',  ( -12.85000000000000497, 18.27831216351296817, 0.000000000000000000 ) ) ;
#3869 = ORIENTED_EDGE ( 'NONE', *, *, #4881, .F. ) ;
#3870 = VERTEX_POINT ( 'NONE', #1048 ) ;
#3871 = ADVANCED_FACE ( 'NONE', ( #4917 ), #8801, .T. ) ;
#3872 = ORIENTED_EDGE ( 'NONE', *, *, #11423, .T. ) ;
#3873 = EDGE_CURVE ( 'NONE', #439, #12476, #6889, .T. ) ;
#3874 = EDGE_CURVE ( 'NONE', #8755, #4481, #1120, .T. ) ;
#3875 = VECTOR ( 'NONE', #9309, 1000.000000000000114 ) ;
#3876 = DIRECTION ( 'NONE',  ( 0.000000000000000000, 0.000000000000000000, -1.000000000000000000 ) ) ;
#3877 = LINE ( 'NONE', #8707, #3132 ) ;
#3878 = CARTESIAN_POINT ( 'NONE',  ( -10.34999999999998366, 23.99407982849027121, 0.4500000000000000111 ) ) ;
#3879 = VERTEX_POINT ( 'NONE', #1880 ) ;
#3880 = CARTESIAN_POINT ( 'NONE',  ( 9.550000000000007816, 18.27831216351296462, 0.4500000000000000111 ) ) ;
#3881 = FACE_BOUND ( 'NONE', #8836, .T. ) ;
#3882 = EDGE_CURVE ( 'NONE', #8715, #9511, #5742, .T. ) ;
#3883 = ORIENTED_EDGE ( 'NONE', *, *, #7699, .F. ) ;
#3884 = CARTESIAN_POINT ( 'NONE',  ( 6.649999999999992362, 23.30125950546273117, 0.000000000000000000 ) ) ;
#3885 = ADVANCED_FACE ( 'NONE', ( #2129 ), #412, .T. ) ;
#3886 = VERTEX_POINT ( 'NONE', #3208 ) ;
#3887 = CARTESIAN_POINT ( 'NONE',  ( 31.79999999999996874, 22.57957166897570644, 0.000000000000000000 ) ) ;
#3888 = LINE ( 'NONE', #5665, #7250 ) ;
#3889 = CARTESIAN_POINT ( 'NONE',  ( -18.19999999999998863, 20.44337567297408498, 0.000000000000000000 ) ) ;
#3890 = LINE ( 'NONE', #2179, #10258 ) ;
#3891 = CARTESIAN_POINT ( 'NONE',  ( 0.000000000000000000, 0.000000000000000000, 0.000000000000000000 ) ) ;
#3892 = ORIENTED_EDGE ( 'NONE', *, *, #9154, .T. ) ;
#3893 = PLANE ( 'NONE',  #9760 ) ;
#3894 = VECTOR ( 'NONE', #9558, 1000.000000000000114 ) ;
#3895 = CARTESIAN_POINT ( 'NONE',  ( 17.43205080756887781, 18.00000000000000355, 0.000000000000000000 ) ) ;
#3896 = ORIENTED_EDGE ( 'NONE', *, *, #10486, .T. ) ;
#3897 = AXIS2_PLACEMENT_3D ( 'NONE', #12498, #2778, #1954 ) ;
#3898 = LINE ( 'NONE', #12535, #11353 ) ;
#3899 = ORIENTED_EDGE ( 'NONE', *, *, #4515, .F. ) ;
#3900 = CARTESIAN_POINT ( 'NONE',  ( 32.65000000000000568, 19.72168783648704604, 0.000000000000000000 ) ) ;
#3901 = ORIENTED_EDGE ( 'NONE', *, *, #12180, .T. ) ;
#3902 = EDGE_CURVE ( 'NONE', #4060, #11074, #7085, .T. ) ;
#3903 = VECTOR ( 'NONE', #2010, 1000.000000000000114 ) ;
#3904 = CARTESIAN_POINT ( 'NONE',  ( -14.50000000000000178, 21.13619599600161791, 0.4500000000000000111 ) ) ;
#3905 = CARTESIAN_POINT ( 'NONE',  ( -26.84999999999997300, 23.99407982849028187, 0.4500000000000000111 ) ) ;
#3906 = CARTESIAN_POINT ( 'NONE',  ( 17.92435565298208999, 26.00000000000000355, 0.000000000000000000 ) ) ;
#3907 = LINE ( 'NONE', #9626, #8449 ) ;
#3908 = ORIENTED_EDGE ( 'NONE', *, *, #5391, .F. ) ;
#3909 = LINE ( 'NONE', #3975, #11751 ) ;
#3910 = VERTEX_POINT ( 'NONE', #1428 ) ;
#3911 = CARTESIAN_POINT ( 'NONE',  ( -12.85000000000000142, 23.99407982849026411, 0.000000000000000000 ) ) ;
#3912 = EDGE_CURVE ( 'NONE', #10057, #7942, #232, .T. ) ;
#3913 = CARTESIAN_POINT ( 'NONE',  ( -9.550000000000018474, 25.43745550146433132, 0.000000000000000000 ) ) ;
#3914 = VERTEX_POINT ( 'NONE', #8223 ) ;
#3915 = LINE ( 'NONE', #7784, #517 ) ;
#3916 = ORIENTED_EDGE ( 'NONE', *, *, #7260, .T. ) ;
#3917 = PLANE ( 'NONE',  #6134 ) ;
#3918 = DIRECTION ( 'NONE',  ( -0.4999999999999985012, 0.8660254037844395958, 0.000000000000000000 ) ) ;
#3919 = DIRECTION ( 'NONE',  ( -1.000000000000000000, 0.000000000000000000, 0.000000000000000000 ) ) ;
#3920 = DIRECTION ( 'NONE',  ( 0.8660254037844393737, 0.4999999999999985012, 0.000000000000000000 ) ) ;
#3921 = DIRECTION ( 'NONE',  ( 0.8660254037844394848, -0.4999999999999985012, 0.000000000000000000 ) ) ;
#3922 = CARTESIAN_POINT ( 'NONE',  ( 34.69999999999997442, 26.15914333795139513, 0.000000000000000000 ) ) ;
#3923 = ORIENTED_EDGE ( 'NONE', *, *, #9684, .T. ) ;
#3924 = EDGE_LOOP ( 'NONE', ( #4361, #2130, #1217, #9087, #1965, #7564, #1786 ) ) ;
#3925 = ORIENTED_EDGE ( 'NONE', *, *, #11560, .F. ) ;
#3926 = VECTOR ( 'NONE', #3876, 1000.000000000000000 ) ;
#3927 = LINE ( 'NONE', #5765, #8491 ) ;
#3928 = EDGE_LOOP ( 'NONE', ( #1466, #2037, #8623, #8561, #2339, #10028, #5599 ) ) ;
#3929 = EDGE_CURVE ( 'NONE', #11005, #4297, #10825, .T. ) ;
#3930 = VERTEX_POINT ( 'NONE', #11911 ) ;
#3931 = ORIENTED_EDGE ( 'NONE', *, *, #11251, .F. ) ;
#3932 = VECTOR ( 'NONE', #4509, 1000.000000000000000 ) ;
#3933 = CARTESIAN_POINT ( 'NONE',  ( -16.14999999999999858, 23.99407982849026411, 0.4500000000000000111 ) ) ;
#3934 = CARTESIAN_POINT ( 'NONE',  ( -29.34999999999999432, 23.99407982849027476, 0.4500000000000000111 ) ) ;
#3935 = CARTESIAN_POINT ( 'NONE',  ( -22.74999999999999289, 23.99407982849026766, 0.000000000000000000 ) ) ;
#3936 = CARTESIAN_POINT ( 'NONE',  ( 31.00000000000000711, 22.57957166897569223, 0.000000000000000000 ) ) ;
#3937 = ORIENTED_EDGE ( 'NONE', *, *, #6352, .T. ) ;
#3938 = CARTESIAN_POINT ( 'NONE',  ( -21.10000000000001563, 22.57957166897569223, 0.4500000000000000111 ) ) ;
#3939 = EDGE_CURVE ( 'NONE', #5162, #3443, #5175, .T. ) ;
#3940 = CARTESIAN_POINT ( 'NONE',  ( 0.000000000000000000, 0.000000000000000000, 0.4500000000000000111 ) ) ;
#3941 = VECTOR ( 'NONE', #9604, 1000.000000000000000 ) ;
#3942 = ORIENTED_EDGE ( 'NONE', *, *, #6143, .T. ) ;
#3943 = VERTEX_POINT ( 'NONE', #6137 ) ;
#3944 = VECTOR ( 'NONE', #1849, 1000.000000000000114 ) ;
#3945 = CARTESIAN_POINT ( 'NONE',  ( -24.40000000000001279, 22.57957166897568868, 0.4500000000000000111 ) ) ;
#3946 = EDGE_CURVE ( 'NONE', #6403, #11023, #10011, .T. ) ;
#3947 = CARTESIAN_POINT ( 'NONE',  ( 0.000000000000000000, 28.50000000000000355, 0.4500000000000000111 ) ) ;
#3948 = DIRECTION ( 'NONE',  ( 0.8660254037844394848, 0.4999999999999984457, 0.000000000000000000 ) ) ;
#3949 = EDGE_CURVE ( 'NONE', #1404, #1799, #6011, .T. ) ;
#3950 = DIRECTION ( 'NONE',  ( -0.4999999999999985567, 0.8660254037844394848, 0.000000000000000000 ) ) ;
#3951 = CARTESIAN_POINT ( 'NONE',  ( -10.34999999999998721, 18.27831216351297527, 0.4500000000000000111 ) ) ;
#3952 = DIRECTION ( 'NONE',  ( 0.8660254037844394848, -0.4999999999999985012, 0.000000000000000000 ) ) ;
#3953 = VECTOR ( 'NONE', #5482, 1000.000000000000114 ) ;
#3954 = ORIENTED_EDGE ( 'NONE', *, *, #2761, .T. ) ;
#3955 = VECTOR ( 'NONE', #7787, 1000.000000000000000 ) ;
#3956 = CARTESIAN_POINT ( 'NONE',  ( -24.03205080756887924, 18.00000000000000355, 0.4500000000000000111 ) ) ;
#3957 = DIRECTION ( 'NONE',  ( -1.000000000000000000, 9.614813431917789401E-15, 0.000000000000000000 ) ) ;
#3958 = VERTEX_POINT ( 'NONE', #5053 ) ;
#3959 = DIRECTION ( 'NONE',  ( -0.8660254037844383745, -0.5000000000000003331, 0.000000000000000000 ) ) ;
#3960 = ORIENTED_EDGE ( 'NONE', *, *, #7059, .T. ) ;
#3961 = ORIENTED_EDGE ( 'NONE', *, *, #9154, .F. ) ;
#3962 = LINE ( 'NONE', #279, #11038 ) ;
#3963 = VECTOR ( 'NONE', #2962, 1000.000000000000000 ) ;
#3964 = FACE_OUTER_BOUND ( 'NONE', #5324, .T. ) ;
#3965 = EDGE_LOOP ( 'NONE', ( #5315, #4196, #3617, #5690 ) ) ;
#3966 = CARTESIAN_POINT ( 'NONE',  ( 33.44999999999998153, 18.27831216351298238, 0.4500000000000000111 ) ) ;
#3967 = EDGE_CURVE ( 'NONE', #7657, #2817, #1305, .T. ) ;
#3968 = VECTOR ( 'NONE', #5001, 1000.000000000000000 ) ;
#3969 = VECTOR ( 'NONE', #7109, 1000.000000000000000 ) ;
#3970 = DIRECTION ( 'NONE',  ( -0.4999999999999997224, -0.8660254037844388186, 0.000000000000000000 ) ) ;
#3971 = PLANE ( 'NONE',  #11575 ) ;
#3972 = VECTOR ( 'NONE', #8810, 1000.000000000000000 ) ;
#3973 = FACE_OUTER_BOUND ( 'NONE', #3272, .T. ) ;
#3974 = ORIENTED_EDGE ( 'NONE', *, *, #5799, .F. ) ;
#3975 = CARTESIAN_POINT ( 'NONE',  ( 15.29999999999998295, 22.57957166897569934, 0.4500000000000000111 ) ) ;
#3976 = EDGE_CURVE ( 'NONE', #936, #6528, #11022, .T. ) ;
#3977 = EDGE_LOOP ( 'NONE', ( #5252, #8186, #5955, #11643 ) ) ;
#3978 = LINE ( 'NONE', #101, #4443 ) ;
#3979 = AXIS2_PLACEMENT_3D ( 'NONE', #8994, #4158, #7207 ) ;
#3980 = CARTESIAN_POINT ( 'NONE',  ( -22.75000000000001421, 19.72168783648704249, 0.4500000000000000111 ) ) ;
#3981 = VERTEX_POINT ( 'NONE', #1369 ) ;
#3982 = CARTESIAN_POINT ( 'NONE',  ( 16.14999999999999858, 23.99407982849026411, 0.4500000000000000111 ) ) ;
#3983 = ORIENTED_EDGE ( 'NONE', *, *, #4811, .T. ) ;
#3984 = DIRECTION ( 'NONE',  ( 0.000000000000000000, 0.000000000000000000, -1.000000000000000000 ) ) ;
#3985 = DIRECTION ( 'NONE',  ( -0.8660254037844394848, -0.4999999999999985012, 0.000000000000000000 ) ) ;
#3986 = DIRECTION ( 'NONE',  ( -0.8660254037844394848, -0.4999999999999985012, 0.000000000000000000 ) ) ;
#3987 = CARTESIAN_POINT ( 'NONE',  ( -13.25000000000000000, 20.41450815951458608, 0.000000000000000000 ) ) ;
#3988 = CARTESIAN_POINT ( 'NONE',  ( 29.34999999999999432, 18.27831216351297527, 0.4500000000000000111 ) ) ;
#3989 = CARTESIAN_POINT ( 'NONE',  ( 14.50000000000000178, 21.13619599600161791, 0.4500000000000000111 ) ) ;
#3990 = EDGE_LOOP ( 'NONE', ( #12571, #4752, #2372, #11407, #8902, #1480 ) ) ;
#3991 = ORIENTED_EDGE ( 'NONE', *, *, #1067, .F. ) ;
#3992 = VERTEX_POINT ( 'NONE', #11973 ) ;
#3993 = CARTESIAN_POINT ( 'NONE',  ( 12.85000000000001563, 25.43745550146433132, 0.000000000000000000 ) ) ;
#3994 = VERTEX_POINT ( 'NONE', #7969 ) ;
#3995 = ORIENTED_EDGE ( 'NONE', *, *, #9956, .F. ) ;
#3996 = EDGE_LOOP ( 'NONE', ( #5890, #5412, #8433, #3507 ) ) ;
#3997 = DIRECTION ( 'NONE',  ( -0.8660254037844388186, -0.4999999999999997224, 0.000000000000000000 ) ) ;
#3998 = CARTESIAN_POINT ( 'NONE',  ( -18.19999999999999574, 23.27239199200323938, 0.000000000000000000 ) ) ;
#3999 = DIRECTION ( 'NONE',  ( -0.8660254037844394848, -0.4999999999999985012, 0.000000000000000000 ) ) ;
#4000 = EDGE_CURVE ( 'NONE', #8895, #1317, #9176, .T. ) ;
#4001 = EDGE_CURVE ( 'NONE', #11057, #4479, #3145, .T. ) ;
#4002 = CARTESIAN_POINT ( 'NONE',  ( 13.64999999999998082, 25.43745550146434553, 0.4500000000000000111 ) ) ;
#4003 = ORIENTED_EDGE ( 'NONE', *, *, #11637, .F. ) ;
#4004 = CARTESIAN_POINT ( 'NONE',  ( -7.900000000000021672, 22.57957166897568513, 0.4500000000000000111 ) ) ;
#4005 = AXIS2_PLACEMENT_3D ( 'NONE', #7326, #2563, #6309 ) ;
#4006 = FACE_OUTER_BOUND ( 'NONE', #7523, .T. ) ;
#4007 = EDGE_LOOP ( 'NONE', ( #5673, #6331, #11753, #9601 ) ) ;
#4008 = VECTOR ( 'NONE', #8550, 1000.000000000000000 ) ;
#4009 = ORIENTED_EDGE ( 'NONE', *, *, #3949, .F. ) ;
#4010 = DIRECTION ( 'NONE',  ( 0.000000000000000000, 0.000000000000000000, -1.000000000000000000 ) ) ;
#4011 = DIRECTION ( 'NONE',  ( -0.8660254037844383745, -0.5000000000000003331, 0.000000000000000000 ) ) ;
#4012 = CYLINDRICAL_SURFACE ( 'NONE', #12280, 3.999999999999996447 ) ;
#4013 = EDGE_CURVE ( 'NONE', #7119, #10415, #2318, .T. ) ;
#4014 = CARTESIAN_POINT ( 'NONE',  ( -34.29999999999999005, 21.13619599600162502, 0.4500000000000000111 ) ) ;
#4015 = CARTESIAN_POINT ( 'NONE',  ( 13.25000000000000000, 20.41450815951458608, 0.4500000000000000111 ) ) ;
#4016 = ORIENTED_EDGE ( 'NONE', *, *, #8899, .T. ) ;
#4017 = CARTESIAN_POINT ( 'NONE',  ( 15.66794919243112005, 18.00000000000000355, 0.4500000000000000111 ) ) ;
#4018 = CARTESIAN_POINT ( 'NONE',  ( 11.59999999999999964, 23.27239199200323228, 0.000000000000000000 ) ) ;
#4019 = ORIENTED_EDGE ( 'NONE', *, *, #10531, .T. ) ;
#4020 = EDGE_CURVE ( 'NONE', #5596, #4891, #471, .T. ) ;
#4021 = DIRECTION ( 'NONE',  ( -0.8660254037844394848, -0.4999999999999985012, 0.000000000000000000 ) ) ;
#4022 = EDGE_LOOP ( 'NONE', ( #7480, #9473, #9697, #9747 ) ) ;
#4023 = EDGE_CURVE ( 'NONE', #2466, #10705, #4991, .T. ) ;
#4024 = VERTEX_POINT ( 'NONE', #9950 ) ;
#4025 = VECTOR ( 'NONE', #4379, 1000.000000000000114 ) ;
#4026 = CARTESIAN_POINT ( 'NONE',  ( 10.34999999999998366, 23.99407982849027121, 0.000000000000000000 ) ) ;
#4027 = FACE_OUTER_BOUND ( 'NONE', #10195, .T. ) ;
#4028 = ORIENTED_EDGE ( 'NONE', *, *, #10622, .T. ) ;
#4029 = CARTESIAN_POINT ( 'NONE',  ( -34.69999999999997442, 26.15914333795139513, 0.4500000000000000111 ) ) ;
#4030 = EDGE_CURVE ( 'NONE', #6637, #12239, #1249, .T. ) ;
#4031 = LINE ( 'NONE', #12028, #163 ) ;
#4032 = VECTOR ( 'NONE', #9648, 1000.000000000000000 ) ;
#4033 = LINE ( 'NONE', #10702, #6101 ) ;
#4034 = PLANE ( 'NONE',  #130 ) ;
#4035 = ORIENTED_EDGE ( 'NONE', *, *, #10310, .T. ) ;
#4036 = PLANE ( 'NONE',  #12561 ) ;
#4037 = ORIENTED_EDGE ( 'NONE', *, *, #11538, .T. ) ;
#4038 = LINE ( 'NONE', #6959, #3963 ) ;
#4039 = ADVANCED_FACE ( 'NONE', ( #5117 ), #12030, .F. ) ;
#4040 = EDGE_CURVE ( 'NONE', #1451, #4345, #10130, .T. ) ;
#4041 = DIRECTION ( 'NONE',  ( 0.8660254037844393737, 0.4999999999999985012, 0.000000000000000000 ) ) ;
#4042 = EDGE_LOOP ( 'NONE', ( #7561, #9953, #511, #1142 ) ) ;
#4043 = VECTOR ( 'NONE', #669, 1000.000000000000000 ) ;
#4044 = DIRECTION ( 'NONE',  ( -0.8660254037844387076, 0.4999999999999997224, 0.000000000000000000 ) ) ;
#4045 = ORIENTED_EDGE ( 'NONE', *, *, #4786, .T. ) ;
#4046 = DIRECTION ( 'NONE',  ( 0.000000000000000000, 0.000000000000000000, -1.000000000000000000 ) ) ;
#4047 = DIRECTION ( 'NONE',  ( 0.000000000000000000, 0.000000000000000000, -1.000000000000000000 ) ) ;
#4048 = DIRECTION ( 'NONE',  ( 0.000000000000000000, 0.000000000000000000, -1.000000000000000000 ) ) ;
#4049 = CARTESIAN_POINT ( 'NONE',  ( 21.49999999999999289, 23.27239199200323583, 0.4500000000000000111 ) ) ;
#4050 = LINE ( 'NONE', #3988, #4678 ) ;
#4051 = EDGE_CURVE ( 'NONE', #7054, #4363, #4659, .T. ) ;
#4052 = CARTESIAN_POINT ( 'NONE',  ( -31.67564434701789722, 25.99999999999999645, 0.4500000000000000111 ) ) ;
#4053 = ORIENTED_EDGE ( 'NONE', *, *, #4013, .T. ) ;
#4054 = ORIENTED_EDGE ( 'NONE', *, *, #10373, .F. ) ;
#4055 = ORIENTED_EDGE ( 'NONE', *, *, #3369, .T. ) ;
#4057 = CIRCLE ( 'NONE', #207, 3.999999999999996447 ) ;
#4056 = CARTESIAN_POINT ( 'NONE',  ( 24.39999999999999858, 21.13619599600161791, 0.4500000000000000111 ) ) ;
#4058 = ORIENTED_EDGE ( 'NONE', *, *, #11860, .F. ) ;
#4059 = VERTEX_POINT ( 'NONE', #4598 ) ;
#4060 = VERTEX_POINT ( 'NONE', #10187 ) ;
#4061 = CARTESIAN_POINT ( 'NONE',  ( -10.34999999999998721, 18.27831216351297527, 0.4500000000000000111 ) ) ;
#4062 = CARTESIAN_POINT ( 'NONE',  ( 18.19999999999998863, 26.15914333795138802, 0.000000000000000000 ) ) ;
#4063 = PLANE ( 'NONE',  #2102 ) ;
#4064 = VECTOR ( 'NONE', #679, 1000.000000000000000 ) ;
#4065 = LINE ( 'NONE', #3177, #10290 ) ;
#4066 = VERTEX_POINT ( 'NONE', #8480 ) ;
#4067 = PLANE ( 'NONE',  #9947 ) ;
#4068 = CARTESIAN_POINT ( 'NONE',  ( 21.49999999999999289, 23.27239199200323583, 0.4500000000000000111 ) ) ;
#4069 = VERTEX_POINT ( 'NONE', #1687 ) ;
#4070 = ORIENTED_EDGE ( 'NONE', *, *, #11471, .T. ) ;
#4071 = LINE ( 'NONE', #3945, #10184 ) ;
#4072 = AXIS2_PLACEMENT_3D ( 'NONE', #3308, #7188, #6060 ) ;
#4073 = EDGE_CURVE ( 'NONE', #8148, #5032, #12410, .T. ) ;
#4074 = LINE ( 'NONE', #10876, #8670 ) ;
#4075 = CARTESIAN_POINT ( 'NONE',  ( 6.126808886538224641, 22.99919497526796164, 0.4500000000000000111 ) ) ;
#4076 = DIRECTION ( 'NONE',  ( -0.8660254037844388186, -0.4999999999999997224, 0.000000000000000000 ) ) ;
#4077 = DIRECTION ( 'NONE',  ( 0.000000000000000000, 0.000000000000000000, -1.000000000000000000 ) ) ;
#4078 = ORIENTED_EDGE ( 'NONE', *, *, #6780, .F. ) ;
#4079 = DIRECTION ( 'NONE',  ( 9.614813431917789401E-15, 1.000000000000000000, 0.000000000000000000 ) ) ;
#4080 = LINE ( 'NONE', #8084, #8567 ) ;
#4081 = ORIENTED_EDGE ( 'NONE', *, *, #5951, .F. ) ;
#4082 = LINE ( 'NONE', #9876, #1415 ) ;
#4083 = ORIENTED_EDGE ( 'NONE', *, *, #9540, .F. ) ;
#4084 = ORIENTED_EDGE ( 'NONE', *, *, #3842, .T. ) ;
#4085 = EDGE_LOOP ( 'NONE', ( #402, #7088, #4631, #12171, #9297, #1328 ) ) ;
#4086 = CARTESIAN_POINT ( 'NONE',  ( 34.69999999999997442, 26.15914333795139513, 0.4500000000000000111 ) ) ;
#4087 = CARTESIAN_POINT ( 'NONE',  ( -7.900000000000007461, 21.13619599600161436, 0.4500000000000000111 ) ) ;
#4088 = ORIENTED_EDGE ( 'NONE', *, *, #160, .F. ) ;
#4089 = CARTESIAN_POINT ( 'NONE',  ( -23.54999999999997584, 25.43745550146435264, 0.000000000000000000 ) ) ;
#4090 = EDGE_CURVE ( 'NONE', #9091, #868, #11208, .T. ) ;
#4091 = VECTOR ( 'NONE', #2590, 1000.000000000000000 ) ;
#4092 = DIRECTION ( 'NONE',  ( -0.5000000000000004441, -0.8660254037844384856, 0.000000000000000000 ) ) ;
#4093 = CARTESIAN_POINT ( 'NONE',  ( 33.04999999999997584, 23.30125950546274183, 0.000000000000000000 ) ) ;
#4094 = DIRECTION ( 'NONE',  ( 0.8660254037844394848, -0.4999999999999985012, 0.000000000000000000 ) ) ;
#4095 = VERTEX_POINT ( 'NONE', #2504 ) ;
#4096 = DIRECTION ( 'NONE',  ( 0.000000000000000000, 0.000000000000000000, -1.000000000000000000 ) ) ;
#4097 = ORIENTED_EDGE ( 'NONE', *, *, #9754, .T. ) ;
#4098 = ADVANCED_FACE ( 'NONE', ( #8351 ), #3582, .T. ) ;
#4099 = VECTOR ( 'NONE', #8808, 1000.000000000000114 ) ;
#4100 = CARTESIAN_POINT ( 'NONE',  ( -15.29999999999998295, 22.57957166897569934, 0.4500000000000000111 ) ) ;
#4101 = VERTEX_POINT ( 'NONE', #2691 ) ;
#4102 = EDGE_CURVE ( 'NONE', #4691, #1300, #12352, .T. ) ;
#4103 = PLANE ( 'NONE',  #9049 ) ;
#4104 = ORIENTED_EDGE ( 'NONE', *, *, #10507, .F. ) ;
#4105 = CARTESIAN_POINT ( 'NONE',  ( -21.49999999999998579, 20.44337567297409208, 0.4500000000000000111 ) ) ;
#4106 = DIRECTION ( 'NONE',  ( -0.8660254037844393737, 0.4999999999999985012, 0.000000000000000000 ) ) ;
#4107 = LINE ( 'NONE', #3093, #8165 ) ;
#4108 = CARTESIAN_POINT ( 'NONE',  ( 16.94999999999998153, 25.43745550146435264, 0.000000000000000000 ) ) ;
#4109 = EDGE_CURVE ( 'NONE', #7191, #7493, #794, .T. ) ;
#4110 = DIRECTION ( 'NONE',  ( 0.000000000000000000, 0.000000000000000000, -1.000000000000000000 ) ) ;
#4111 = EDGE_CURVE ( 'NONE', #8399, #1473, #7460, .T. ) ;
#4112 = CARTESIAN_POINT ( 'NONE',  ( -11.20000000000000462, 21.13619599600161436, 0.4500000000000000111 ) ) ;
#4113 = VERTEX_POINT ( 'NONE', #8291 ) ;
#4114 = VECTOR ( 'NONE', #3986, 1000.000000000000000 ) ;
#4115 = ORIENTED_EDGE ( 'NONE', *, *, #3719, .T. ) ;
#4116 = CARTESIAN_POINT ( 'NONE',  ( 23.14999999999998437, 23.30125950546273828, 0.4500000000000000111 ) ) ;
#4117 = VERTEX_POINT ( 'NONE', #5425 ) ;
#4118 = EDGE_LOOP ( 'NONE', ( #7231, #4794, #12166, #12213 ) ) ;
#4119 = ORIENTED_EDGE ( 'NONE', *, *, #396, .T. ) ;
#4120 = CARTESIAN_POINT ( 'NONE',  ( 35.09999999999998010, 21.13619599600163568, 0.4500000000000000111 ) ) ;
#4121 = CARTESIAN_POINT ( 'NONE',  ( 10.34999999999998366, 23.99407982849027121, 0.000000000000000000 ) ) ;
#4122 = EDGE_CURVE ( 'NONE', #1509, #10588, #6728, .T. ) ;
#4123 = FACE_OUTER_BOUND ( 'NONE', #4694, .T. ) ;
#4124 = CARTESIAN_POINT ( 'NONE',  ( -9.550000000000018474, 25.43745550146433132, 0.4500000000000000111 ) ) ;
#4125 = ORIENTED_EDGE ( 'NONE', *, *, #11860, .T. ) ;
#4126 = PLANE ( 'NONE',  #8932 ) ;
#4127 = CARTESIAN_POINT ( 'NONE',  ( 11.32435565298208324, 25.99999999999999645, 0.4500000000000000111 ) ) ;
#4128 = ADVANCED_FACE ( 'NONE', ( #6565 ), #10318, .T. ) ;
#4129 = EDGE_LOOP ( 'NONE', ( #1405, #6169, #6299, #5054 ) ) ;
#4130 = VECTOR ( 'NONE', #10296, 1000.000000000000114 ) ;
#4131 = EDGE_LOOP ( 'NONE', ( #7216, #8133, #7045, #5077 ) ) ;
#4132 = CARTESIAN_POINT ( 'NONE',  ( 24.79999999999998295, 26.15914333795138447, 0.000000000000000000 ) ) ;
#4133 = DIRECTION ( 'NONE',  ( -0.8660254037844394848, 0.4999999999999984457, 0.000000000000000000 ) ) ;
#4134 = DIRECTION ( 'NONE',  ( -9.614813431917789401E-15, 1.000000000000000000, 0.000000000000000000 ) ) ;
#4135 = DIRECTION ( 'NONE',  ( 1.000000000000000000, 0.000000000000000000, 0.000000000000000000 ) ) ;
#4136 = PLANE ( 'NONE',  #9046 ) ;
#4137 = CALENDAR_DATE ( 2026, 4, 4 ) ;
#4138 = ORIENTED_EDGE ( 'NONE', *, *, #7542, .T. ) ;
#4139 = VECTOR ( 'NONE', #9523, 1000.000000000000000 ) ;
#4140 = LINE ( 'NONE', #5280, #10567 ) ;
#4141 = CARTESIAN_POINT ( 'NONE',  ( 9.950000000000002842, 20.41450815951458253, 0.000000000000000000 ) ) ;
#4142 = CARTESIAN_POINT ( 'NONE',  ( 10.34999999999998366, 23.99407982849027121, 0.4500000000000000111 ) ) ;
#4143 = VECTOR ( 'NONE', #12329, 1000.000000000000000 ) ;
#4144 = VERTEX_POINT ( 'NONE', #733 ) ;
#4145 = VERTEX_POINT ( 'NONE', #11393 ) ;
#4146 = EDGE_CURVE ( 'NONE', #4891, #936, #1624, .T. ) ;
#4147 = ORIENTED_EDGE ( 'NONE', *, *, #9029, .T. ) ;
#4148 = DIRECTION ( 'NONE',  ( -0.4999999999999985567, 0.8660254037844394848, 0.000000000000000000 ) ) ;
#4149 = LINE ( 'NONE', #5166, #8059 ) ;
#4150 = ORIENTED_EDGE ( 'NONE', *, *, #5431, .F. ) ;
#4151 = VECTOR ( 'NONE', #903, 1000.000000000000000 ) ;
#4152 = LINE ( 'NONE', #5927, #6386 ) ;
#4153 = AXIS2_PLACEMENT_3D ( 'NONE', #6531, #1712, #5512 ) ;
#4154 = CARTESIAN_POINT ( 'NONE',  ( -29.34999999999999432, 18.27831216351297527, 0.4500000000000000111 ) ) ;
#4155 = CARTESIAN_POINT ( 'NONE',  ( 36.34999999999998010, 23.30125950546274538, 0.4500000000000000111 ) ) ;
#4156 = EDGE_CURVE ( 'NONE', #8122, #9896, #12160, .T. ) ;
#4157 = EDGE_CURVE ( 'NONE', #4995, #6720, #6315, .T. ) ;
#4158 = DIRECTION ( 'NONE',  ( 0.000000000000000000, 0.000000000000000000, -1.000000000000000000 ) ) ;
#4159 = ORIENTED_EDGE ( 'NONE', *, *, #705, .T. ) ;
#4160 = DIRECTION ( 'NONE',  ( 0.4999999999999985567, 0.8660254037844394848, 0.000000000000000000 ) ) ;
#4161 = VECTOR ( 'NONE', #9276, 1000.000000000000000 ) ;
#4162 = VERTEX_POINT ( 'NONE', #5488 ) ;
#4163 = EDGE_CURVE ( 'NONE', #10307, #10457, #4532, .T. ) ;
#4164 = CARTESIAN_POINT ( 'NONE',  ( 10.34999999999998366, 25.43745550146434553, 0.4500000000000000111 ) ) ;
#4165 = ORIENTED_EDGE ( 'NONE', *, *, #10655, .F. ) ;
#4166 = CARTESIAN_POINT ( 'NONE',  ( 35.00000000000000000, 28.50000000000000355, 0.000000000000000000 ) ) ;
#4167 = VERTEX_POINT ( 'NONE', #4408 ) ;
#4168 = VECTOR ( 'NONE', #8474, 1000.000000000000000 ) ;
#4169 = VECTOR ( 'NONE', #9380, 1000.000000000000000 ) ;
#4170 = DIRECTION ( 'NONE',  ( 0.000000000000000000, 0.000000000000000000, -1.000000000000000000 ) ) ;
#4171 = EDGE_CURVE ( 'NONE', #2488, #11584, #8417, .T. ) ;
#4172 = LINE ( 'NONE', #7157, #9184 ) ;
#4173 = DIRECTION ( 'NONE',  ( 0.8660254037844393737, 0.4999999999999985012, 0.000000000000000000 ) ) ;
#4174 = DIRECTION ( 'NONE',  ( -9.614813431917789401E-15, 1.000000000000000000, 0.000000000000000000 ) ) ;
#4175 = PLANE ( 'NONE',  #4374 ) ;
#4176 = ORIENTED_EDGE ( 'NONE', *, *, #12389, .F. ) ;
#4177 = VECTOR ( 'NONE', #11816, 1000.000000000000114 ) ;
#4178 = EDGE_LOOP ( 'NONE', ( #2274, #3677, #12208, #8352 ) ) ;
#4179 = VECTOR ( 'NONE', #1481, 1000.000000000000114 ) ;
#4180 = EDGE_CURVE ( 'NONE', #3282, #4541, #12287, .T. ) ;
#4181 = VECTOR ( 'NONE', #7656, 1000.000000000000000 ) ;
#4182 = FACE_OUTER_BOUND ( 'NONE', #3006, .T. ) ;
#4183 = ADVANCED_FACE ( 'NONE', ( #6508 ), #4781, .T. ) ;
#4184 = ORIENTED_EDGE ( 'NONE', *, *, #12013, .F. ) ;
#4185 = ORIENTED_EDGE ( 'NONE', *, *, #10941, .F. ) ;
#4186 = VERTEX_POINT ( 'NONE', #11522 ) ;
#4187 = PLANE ( 'NONE',  #4375 ) ;
#4188 = FACE_OUTER_BOUND ( 'NONE', #1178, .T. ) ;
#4189 = DIRECTION ( 'NONE',  ( 0.000000000000000000, 0.000000000000000000, -1.000000000000000000 ) ) ;
#4190 = DIRECTION ( 'NONE',  ( 1.000000000000000000, 0.000000000000000000, 0.000000000000000000 ) ) ;
#4191 = CARTESIAN_POINT ( 'NONE',  ( -12.85000000000001918, 19.72168783648703894, 0.000000000000000000 ) ) ;
#4192 = ORIENTED_EDGE ( 'NONE', *, *, #1910, .F. ) ;
#4193 = DIRECTION ( 'NONE',  ( -1.000000000000000000, 0.000000000000000000, 0.000000000000000000 ) ) ;
#4194 = DIRECTION ( 'NONE',  ( 0.000000000000000000, 0.000000000000000000, -1.000000000000000000 ) ) ;
#4195 = ORIENTED_EDGE ( 'NONE', *, *, #10236, .F. ) ;
#4196 = ORIENTED_EDGE ( 'NONE', *, *, #6807, .F. ) ;
#4197 = EDGE_CURVE ( 'NONE', #8056, #4269, #22, .T. ) ;
#4198 = CARTESIAN_POINT ( 'NONE',  ( 28.09999999999998010, 26.15914333795139157, 0.4500000000000000111 ) ) ;
#4199 = LINE ( 'NONE', #11124, #7822 ) ;
#4200 = DIRECTION ( 'NONE',  ( 0.8660254037844383745, -0.5000000000000003331, 0.000000000000000000 ) ) ;
#4201 = DIRECTION ( 'NONE',  ( -1.000000000000000000, 0.000000000000000000, 0.000000000000000000 ) ) ;
#4202 = ORIENTED_EDGE ( 'NONE', *, *, #8379, .T. ) ;
#4203 = VECTOR ( 'NONE', #2059, 1000.000000000000000 ) ;
#4204 = LINE ( 'NONE', #1355, #7905 ) ;
#4205 = DIRECTION ( 'NONE',  ( 0.4999999999999985012, 0.8660254037844395958, 0.000000000000000000 ) ) ;
#4206 = VECTOR ( 'NONE', #4529, 1000.000000000000000 ) ;
#4207 = LINE ( 'NONE', #11901, #11329 ) ;
#4208 = ORIENTED_EDGE ( 'NONE', *, *, #6002, .F. ) ;
#4209 = EDGE_LOOP ( 'NONE', ( #7405, #4292, #6433, #4392 ) ) ;
#4210 = ORIENTED_EDGE ( 'NONE', *, *, #7537, .F. ) ;
#4211 = LINE ( 'NONE', #6821, #10026 ) ;
#4212 = AXIS2_PLACEMENT_3D ( 'NONE', #5432, #8422, #4415 ) ;
#4213 = LINE ( 'NONE', #2122, #9689 ) ;
#4214 = VERTEX_POINT ( 'NONE', #1103 ) ;
#4215 = LINE ( 'NONE', #9811, #4557 ) ;
#4216 = FACE_OUTER_BOUND ( 'NONE', #11989, .T. ) ;
#4217 = CARTESIAN_POINT ( 'NONE',  ( 26.04999999999999716, 18.27831216351297527, 0.000000000000000000 ) ) ;
#4218 = DIRECTION ( 'NONE',  ( 0.8660254037844394848, -0.4999999999999985012, 0.000000000000000000 ) ) ;
#4219 = VERTEX_POINT ( 'NONE', #3895 ) ;
#4220 = DIRECTION ( 'NONE',  ( -1.000000000000000000, 0.000000000000000000, 0.000000000000000000 ) ) ;
#4221 = AXIS2_PLACEMENT_3D ( 'NONE', #3180, #5970, #384 ) ;
#4222 = ORIENTED_EDGE ( 'NONE', *, *, #9684, .F. ) ;
#4223 = CARTESIAN_POINT ( 'NONE',  ( 12.85000000000001563, 25.43745550146433132, 0.4500000000000000111 ) ) ;
#4224 = VERTEX_POINT ( 'NONE', #5731 ) ;
#4225 = DIRECTION ( 'NONE',  ( 1.000000000000000000, 0.000000000000000000, 0.000000000000000000 ) ) ;
#4226 = ORIENTED_EDGE ( 'NONE', *, *, #7442, .T. ) ;
#4227 = EDGE_CURVE ( 'NONE', #11570, #5004, #10750, .T. ) ;
#4228 = VECTOR ( 'NONE', #8619, 1000.000000000000000 ) ;
#4229 = PLANE ( 'NONE',  #3700 ) ;
#4230 = CARTESIAN_POINT ( 'NONE',  ( -24.79999999999998295, 20.44337567297409208, 0.4500000000000000111 ) ) ;
#4231 = CARTESIAN_POINT ( 'NONE',  ( 24.79999999999999361, 23.27239199200323938, 0.000000000000000000 ) ) ;
#4232 = CARTESIAN_POINT ( 'NONE',  ( 32.99999999999999289, 18.00000000000000355, 0.4500000000000000111 ) ) ;
#4233 = ORIENTED_EDGE ( 'NONE', *, *, #11946, .T. ) ;
#4234 = ADVANCED_FACE ( 'NONE', ( #11646 ), #3005, .T. ) ;
#4235 = ORIENTED_EDGE ( 'NONE', *, *, #2585, .T. ) ;
#4236 = CARTESIAN_POINT ( 'NONE',  ( -16.94999999999998153, 23.99407982849027832, 0.4500000000000000111 ) ) ;
#4237 = AXIS2_PLACEMENT_3D ( 'NONE', #5920, #4972, #975 ) ;
#4238 = ORIENTED_EDGE ( 'NONE', *, *, #7453, .F. ) ;
#4239 = EDGE_CURVE ( 'NONE', #10113, #4971, #7577, .T. ) ;
#4240 = EDGE_LOOP ( 'NONE', ( #11400, #2248, #10052, #6263 ) ) ;
#4241 = VERTEX_POINT ( 'NONE', #6874 ) ;
#4242 = PLANE ( 'NONE',  #1706 ) ;
#4243 = CARTESIAN_POINT ( 'NONE',  ( 7.049999999999986500, 23.99407982849027121, 0.000000000000000000 ) ) ;
#4244 = ADVANCED_FACE ( 'NONE', ( #2052 ), #6631, .T. ) ;
#4245 = DIRECTION ( 'NONE',  ( -0.5000000000000004441, -0.8660254037844384856, 0.000000000000000000 ) ) ;
#4246 = AXIS2_PLACEMENT_3D ( 'NONE', #2117, #8665, #2944 ) ;
#4247 = CARTESIAN_POINT ( 'NONE',  ( 13.24999999999998757, 23.30125950546273117, 0.4500000000000000111 ) ) ;
#4248 = CARTESIAN_POINT ( 'NONE',  ( -31.39999999999998437, 23.27239199200324293, 0.4500000000000000111 ) ) ;
#4249 = EDGE_LOOP ( 'NONE', ( #3550, #12448, #10120, #608 ) ) ;
#4250 = AXIS2_PLACEMENT_3D ( 'NONE', #6731, #4889, #7630 ) ;
#4251 = CARTESIAN_POINT ( 'NONE',  ( 14.50000000000000178, 21.13619599600161791, 0.4500000000000000111 ) ) ;
#4252 = DIRECTION ( 'NONE',  ( 0.000000000000000000, 0.000000000000000000, -1.000000000000000000 ) ) ;
#4253 = ORIENTED_EDGE ( 'NONE', *, *, #386, .T. ) ;
#4254 = EDGE_CURVE ( 'NONE', #10751, #1632, #7830, .T. ) ;
#4255 = ADVANCED_FACE ( 'NONE', ( #2753 ), #6691, .T. ) ;
#4256 = ORIENTED_EDGE ( 'NONE', *, *, #2175, .F. ) ;
#4257 = CARTESIAN_POINT ( 'NONE',  ( 26.84999999999997300, 23.99407982849028187, 0.4500000000000000111 ) ) ;
#4258 = VECTOR ( 'NONE', #7377, 1000.000000000000000 ) ;
#4259 = CARTESIAN_POINT ( 'NONE',  ( -26.44999999999999218, 20.41450815951459319, 0.4500000000000000111 ) ) ;
#4260 = PLANE ( 'NONE',  #7801 ) ;
#4261 = DIRECTION ( 'NONE',  ( 0.000000000000000000, 0.000000000000000000, -1.000000000000000000 ) ) ;
#4262 = VERTEX_POINT ( 'NONE', #7703 ) ;
#4263 = EDGE_CURVE ( 'NONE', #1944, #7618, #10569, .T. ) ;
#4264 = LINE ( 'NONE', #7892, #2643 ) ;
#4265 = ADVANCED_FACE ( 'NONE', ( #1930 ), #11583, .T. ) ;
#4266 = LINE ( 'NONE', #5223, #8701 ) ;
#4267 = AXIS2_PLACEMENT_3D ( 'NONE', #12542, #5741, #5870 ) ;
#4268 = ORIENTED_EDGE ( 'NONE', *, *, #11712, .T. ) ;
#4269 = VERTEX_POINT ( 'NONE', #1812 ) ;
#4270 = LINE ( 'NONE', #4990, #725 ) ;
#4271 = ORIENTED_EDGE ( 'NONE', *, *, #12563, .F. ) ;
#4272 = LINE ( 'NONE', #10122, #5748 ) ;
#4273 = CARTESIAN_POINT ( 'NONE',  ( -33.44999999999998153, 19.72168783648705670, 0.000000000000000000 ) ) ;
#4274 = VERTEX_POINT ( 'NONE', #8856 ) ;
#4275 = DIRECTION ( 'NONE',  ( -1.000000000000000000, 0.000000000000000000, 0.000000000000000000 ) ) ;
#4276 = AXIS2_PLACEMENT_3D ( 'NONE', #10380, #6564, #2570 ) ;
#4277 = DIRECTION ( 'NONE',  ( -0.8660254037844393737, 0.4999999999999985012, 0.000000000000000000 ) ) ;
#4278 = CARTESIAN_POINT ( 'NONE',  ( -30.14999999999997371, 23.99407982849028187, 0.4500000000000000111 ) ) ;
#4279 = CARTESIAN_POINT ( 'NONE',  ( 13.64999999999998437, 19.72168783648705315, 0.4500000000000000111 ) ) ;
#4280 = VERTEX_POINT ( 'NONE', #9674 ) ;
#4281 = DIRECTION ( 'NONE',  ( 0.4999999999999985012, 0.8660254037844395958, 0.000000000000000000 ) ) ;
#4282 = ORIENTED_EDGE ( 'NONE', *, *, #6966, .F. ) ;
#4283 = EDGE_CURVE ( 'NONE', #1899, #459, #6321, .T. ) ;
#4284 = CARTESIAN_POINT ( 'NONE',  ( -25.19999999999997442, 22.57957166897570644, 0.000000000000000000 ) ) ;
#4285 = ORIENTED_EDGE ( 'NONE', *, *, #11932, .T. ) ;
#4286 = CARTESIAN_POINT ( 'NONE',  ( 22.74999999999999289, 23.99407982849026766, 0.4500000000000000111 ) ) ;
#4287 = ORIENTED_EDGE ( 'NONE', *, *, #4111, .F. ) ;
#4288 = CARTESIAN_POINT ( 'NONE',  ( -7.049999999999990052, 19.72168783648704959, 0.4500000000000000111 ) ) ;
#4289 = DIRECTION ( 'NONE',  ( -0.5000000000000004441, -0.8660254037844384856, 0.000000000000000000 ) ) ;
#4290 = CARTESIAN_POINT ( 'NONE',  ( -8.299999999999993605, 20.44337567297408143, 0.000000000000000000 ) ) ;
#4291 = DIRECTION ( 'NONE',  ( 0.000000000000000000, 0.000000000000000000, -1.000000000000000000 ) ) ;
#4292 = ORIENTED_EDGE ( 'NONE', *, *, #1439, .F. ) ;
#4293 = VERTEX_POINT ( 'NONE', #10628 ) ;
#4294 = AXIS2_PLACEMENT_3D ( 'NONE', #6381, #11145, #666 ) ;
#4295 = EDGE_CURVE ( 'NONE', #630, #6219, #4840, .T. ) ;
#4296 = LINE ( 'NONE', #8174, #3624 ) ;
#4297 = VERTEX_POINT ( 'NONE', #7766 ) ;
#4298 = ORIENTED_EDGE ( 'NONE', *, *, #5220, .F. ) ;
#4299 = VERTEX_POINT ( 'NONE', #6813 ) ;
#4300 = CARTESIAN_POINT ( 'NONE',  ( -11.99999999999998401, 22.57957166897569934, 0.4500000000000000111 ) ) ;
#4301 = CARTESIAN_POINT ( 'NONE',  ( -16.15000000000001990, 19.72168783648704249, 0.4500000000000000111 ) ) ;
#4302 = VECTOR ( 'NONE', #3340, 1000.000000000000000 ) ;
#4303 = LINE ( 'NONE', #1213, #2736 ) ;
#4304 = EDGE_CURVE ( 'NONE', #3381, #9198, #3703, .T. ) ;
#4305 = DIRECTION ( 'NONE',  ( 0.8660254037844383745, -0.5000000000000003331, 0.000000000000000000 ) ) ;
#4306 = DIRECTION ( 'NONE',  ( 0.000000000000000000, 0.000000000000000000, 1.000000000000000000 ) ) ;
#4307 = ORIENTED_EDGE ( 'NONE', *, *, #7184, .F. ) ;
#4308 = DIRECTION ( 'NONE',  ( 0.8660254037844383745, -0.5000000000000003331, 0.000000000000000000 ) ) ;
#4309 = ORIENTED_EDGE ( 'NONE', *, *, #9477, .F. ) ;
#4310 = EDGE_CURVE ( 'NONE', #1658, #849, #5855, .T. ) ;
#4311 = EDGE_CURVE ( 'NONE', #1993, #5865, #4717, .T. ) ;
#4312 = CARTESIAN_POINT ( 'NONE',  ( -11.99999999999998401, 22.57957166897569934, 0.000000000000000000 ) ) ;
#4313 = VERTEX_POINT ( 'NONE', #6181 ) ;
#4314 = ORIENTED_EDGE ( 'NONE', *, *, #6681, .T. ) ;
#4315 = DIRECTION ( 'NONE',  ( 0.000000000000000000, 0.000000000000000000, -1.000000000000000000 ) ) ;
#4316 = FACE_OUTER_BOUND ( 'NONE', #3288, .T. ) ;
#4317 = DIRECTION ( 'NONE',  ( 0.000000000000000000, 0.000000000000000000, -1.000000000000000000 ) ) ;
#4318 = CARTESIAN_POINT ( 'NONE',  ( -23.14999999999998437, 23.30125950546273828, 0.000000000000000000 ) ) ;
#4319 = ADVANCED_FACE ( 'NONE', ( #6940 ), #273, .T. ) ;
#4320 = ORIENTED_EDGE ( 'NONE', *, *, #8252, .F. ) ;
#4321 = LINE ( 'NONE', #3566, #3247 ) ;
#4322 = VECTOR ( 'NONE', #9036, 1000.000000000000114 ) ;
#4323 = LINE ( 'NONE', #12080, #3644 ) ;
#4324 = ORIENTED_EDGE ( 'NONE', *, *, #9413, .F. ) ;
#4325 = CARTESIAN_POINT ( 'NONE',  ( 9.550000000000004263, 23.99407982849026411, 0.000000000000000000 ) ) ;
#4326 = EDGE_CURVE ( 'NONE', #11513, #6901, #9041, .T. ) ;
#4327 = CARTESIAN_POINT ( 'NONE',  ( -19.45000000000001705, 25.43745550146433843, 0.4500000000000000111 ) ) ;
#4328 = ORIENTED_EDGE ( 'NONE', *, *, #2017, .F. ) ;
#4329 = LINE ( 'NONE', #4396, #10625 ) ;
#4330 = EDGE_CURVE ( 'NONE', #5383, #6366, #7007, .T. ) ;
#4331 = CARTESIAN_POINT ( 'NONE',  ( 23.54999999999997584, 19.72168783648705670, 0.4500000000000000111 ) ) ;
#4332 = VECTOR ( 'NONE', #9464, 1000.000000000000114 ) ;
#4333 = LINE ( 'NONE', #2564, #99 ) ;
#4334 = VECTOR ( 'NONE', #10680, 1000.000000000000114 ) ;
#4335 = CARTESIAN_POINT ( 'NONE',  ( 22.75000000000000711, 25.43745550146433487, 0.4500000000000000111 ) ) ;
#4336 = VECTOR ( 'NONE', #8347, 1000.000000000000114 ) ;
#4337 = PLANE ( 'NONE',  #3799 ) ;
#4338 = DIRECTION ( 'NONE',  ( -0.8660254037844394848, -0.4999999999999985012, 0.000000000000000000 ) ) ;
#4339 = DIRECTION ( 'NONE',  ( 0.000000000000000000, 0.000000000000000000, -1.000000000000000000 ) ) ;
#4340 = VERTEX_POINT ( 'NONE', #5158 ) ;
#4341 = CARTESIAN_POINT ( 'NONE',  ( -30.14999999999997371, 19.72168783648705670, 0.000000000000000000 ) ) ;
#4342 = ORIENTED_EDGE ( 'NONE', *, *, #12504, .T. ) ;
#4343 = VECTOR ( 'NONE', #533, 1000.000000000000000 ) ;
#4344 = LINE ( 'NONE', #1569, #11517 ) ;
#4345 = VERTEX_POINT ( 'NONE', #10885 ) ;
#4346 = EDGE_CURVE ( 'NONE', #1730, #5162, #11008, .T. ) ;
#4347 = AXIS2_PLACEMENT_3D ( 'NONE', #3356, #5451, #10154 ) ;
#4348 = CARTESIAN_POINT ( 'NONE',  ( 31.00000000000000711, 22.57957166897569223, 0.000000000000000000 ) ) ;
#4349 = ORIENTED_EDGE ( 'NONE', *, *, #466, .F. ) ;
#4350 = VECTOR ( 'NONE', #2096, 1000.000000000000000 ) ;
#4351 = EDGE_CURVE ( 'NONE', #4601, #90, #9995, .T. ) ;
#4352 = CARTESIAN_POINT ( 'NONE',  ( 32.99999999999999289, 25.99999999999999645, 0.000000000000000000 ) ) ;
#4353 = ORIENTED_EDGE ( 'NONE', *, *, #6103, .F. ) ;
#4354 = CARTESIAN_POINT ( 'NONE',  ( 21.49999999999998579, 20.44337567297409208, 0.000000000000000000 ) ) ;
#4355 = AXIS2_PLACEMENT_3D ( 'NONE', #2485, #8332, #12200 ) ;
#4356 = FACE_OUTER_BOUND ( 'NONE', #2928, .T. ) ;
#4357 = EDGE_LOOP ( 'NONE', ( #8243, #6784, #3831, #9665 ) ) ;
#4358 = VECTOR ( 'NONE', #7420, 1000.000000000000114 ) ;
#4359 = ORIENTED_EDGE ( 'NONE', *, *, #7613, .T. ) ;
#4360 = LINE ( 'NONE', #3411, #8709 ) ;
#4361 = ORIENTED_EDGE ( 'NONE', *, *, #7429, .F. ) ;
#4362 = FACE_OUTER_BOUND ( 'NONE', #2589, .T. ) ;
#4363 = VERTEX_POINT ( 'NONE', #4141 ) ;
#4364 = VECTOR ( 'NONE', #7275, 1000.000000000000000 ) ;
#4365 = ORIENTED_EDGE ( 'NONE', *, *, #9327, .F. ) ;
#4366 = CARTESIAN_POINT ( 'NONE',  ( 28.37564434701790361, 25.99999999999999645, 0.4500000000000000111 ) ) ;
#4367 = FACE_OUTER_BOUND ( 'NONE', #11366, .T. ) ;
#4368 = VECTOR ( 'NONE', #4406, 1000.000000000000114 ) ;
#4369 = DIRECTION ( 'NONE',  ( -1.000000000000000000, 0.000000000000000000, 0.000000000000000000 ) ) ;
#4370 = DIRECTION ( 'NONE',  ( 0.000000000000000000, 1.000000000000000000, 0.000000000000000000 ) ) ;
#4371 = PLANE ( 'NONE',  #5985 ) ;
#4372 = PLANE ( 'NONE',  #7046 ) ;
#4373 = ORIENTED_EDGE ( 'NONE', *, *, #5806, .T. ) ;
#4374 = AXIS2_PLACEMENT_3D ( 'NONE', #1508, #9190, #10024 ) ;
#4375 = AXIS2_PLACEMENT_3D ( 'NONE', #6160, #8061, #2405 ) ;
#4376 = CARTESIAN_POINT ( 'NONE',  ( 16.15000000000001990, 19.72168783648704249, 0.000000000000000000 ) ) ;
#4377 = VECTOR ( 'NONE', #5739, 1000.000000000000114 ) ;
#4378 = ORIENTED_EDGE ( 'NONE', *, *, #7588, .F. ) ;
#4379 = DIRECTION ( 'NONE',  ( 0.8660254037844393737, 0.4999999999999985012, 0.000000000000000000 ) ) ;
#4380 = ORIENTED_EDGE ( 'NONE', *, *, #8487, .F. ) ;
#4381 = ORIENTED_EDGE ( 'NONE', *, *, #10670, .F. ) ;
#4382 = CARTESIAN_POINT ( 'NONE',  ( -10.34999999999998721, 19.72168783648705315, 0.4500000000000000111 ) ) ;
#4383 = AXIS2_PLACEMENT_3D ( 'NONE', #7146, #6077, #9887 ) ;
#4384 = CARTESIAN_POINT ( 'NONE',  ( -13.24999999999998757, 23.30125950546273117, 0.000000000000000000 ) ) ;
#4385 = DIRECTION ( 'NONE',  ( -0.8660254037844394848, -0.4999999999999985012, 0.000000000000000000 ) ) ;
#4386 = EDGE_CURVE ( 'NONE', #10751, #2634, #2302, .T. ) ;
#4387 = EDGE_CURVE ( 'NONE', #1434, #11994, #149, .T. ) ;
#4388 = CARTESIAN_POINT ( 'NONE',  ( -33.44999999999996732, 25.43745550146435974, 0.4500000000000000111 ) ) ;
#4389 = EDGE_LOOP ( 'NONE', ( #6185, #7241, #271, #9443 ) ) ;
#4390 = DIRECTION ( 'NONE',  ( 9.614813431917789401E-15, -1.000000000000000000, 0.000000000000000000 ) ) ;
#4391 = FACE_BOUND ( 'NONE', #3990, .T. ) ;
#4392 = ORIENTED_EDGE ( 'NONE', *, *, #4489, .T. ) ;
#4393 = LINE ( 'NONE', #5410, #4179 ) ;
#4394 = CARTESIAN_POINT ( 'NONE',  ( -16.54999999999999005, 23.30125950546273828, 0.4500000000000000111 ) ) ;
#4395 = ORIENTED_EDGE ( 'NONE', *, *, #826, .T. ) ;
#4396 = CARTESIAN_POINT ( 'NONE',  ( -16.15000000000001279, 25.43745550146433132, 0.4500000000000000111 ) ) ;
#4397 = EDGE_CURVE ( 'NONE', #8121, #6669, #7893, .T. ) ;
#4398 = CARTESIAN_POINT ( 'NONE',  ( 32.99999999999999289, 25.99999999999999645, 0.4500000000000000111 ) ) ;
#4399 = VECTOR ( 'NONE', #7173, 1000.000000000000000 ) ;
#4400 = PLANE ( 'NONE',  #3746 ) ;
#4401 = VECTOR ( 'NONE', #3186, 1000.000000000000000 ) ;
#4402 = VECTOR ( 'NONE', #1777, 1000.000000000000000 ) ;
#4403 = LINE ( 'NONE', #3389, #9987 ) ;
#4404 = LINE ( 'NONE', #2439, #1524 ) ;
#4405 = EDGE_CURVE ( 'NONE', #7058, #3485, #11806, .T. ) ;
#4406 = DIRECTION ( 'NONE',  ( -0.8660254037844383745, -0.5000000000000003331, 0.000000000000000000 ) ) ;
#4407 = DIRECTION ( 'NONE',  ( 0.000000000000000000, -1.000000000000000000, 0.000000000000000000 ) ) ;
#4408 = CARTESIAN_POINT ( 'NONE',  ( 18.19999999999999574, 23.27239199200323938, 0.000000000000000000 ) ) ;
#4409 = ORIENTED_EDGE ( 'NONE', *, *, #6363, .T. ) ;
#4410 = DIRECTION ( 'NONE',  ( 0.8660254037844387076, 0.4999999999999997224, 0.000000000000000000 ) ) ;
#4411 = EDGE_CURVE ( 'NONE', #6972, #8327, #9873, .T. ) ;
#4412 = VERTEX_POINT ( 'NONE', #337 ) ;
#4413 = AXIS2_PLACEMENT_3D ( 'NONE', #10818, #6189, #343 ) ;
#4414 = VECTOR ( 'NONE', #7144, 1000.000000000000000 ) ;
#4415 = DIRECTION ( 'NONE',  ( 0.8660254037844383745, 0.5000000000000003331, 0.000000000000000000 ) ) ;
#4416 = ADVANCED_FACE ( 'NONE', ( #3194 ), #1293, .T. ) ;
#4417 = EDGE_LOOP ( 'NONE', ( #4285, #7351, #12193, #3603 ) ) ;
#4418 = EDGE_CURVE ( 'NONE', #6800, #1884, #4080, .T. ) ;
#4419 = CARTESIAN_POINT ( 'NONE',  ( -16.94999999999998153, 19.72168783648705315, 0.000000000000000000 ) ) ;
#4420 = ORIENTED_EDGE ( 'NONE', *, *, #184, .F. ) ;
#4421 = CARTESIAN_POINT ( 'NONE',  ( -30.14999999999997371, 25.43745550146435619, 0.4500000000000000111 ) ) ;
#4422 = ORIENTED_EDGE ( 'NONE', *, *, #10374, .F. ) ;
#4423 = CARTESIAN_POINT ( 'NONE',  ( -16.94999999999998153, 25.43745550146435264, 0.4500000000000000111 ) ) ;
#4424 = LINE ( 'NONE', #5502, #3167 ) ;
#4425 = VERTEX_POINT ( 'NONE', #11832 ) ;
#4426 = EDGE_CURVE ( 'NONE', #4541, #11849, #3128, .T. ) ;
#4427 = EDGE_LOOP ( 'NONE', ( #9183, #7993, #8788, #10623 ) ) ;
#4428 = EDGE_CURVE ( 'NONE', #594, #10629, #8717, .T. ) ;
#4429 = CARTESIAN_POINT ( 'NONE',  ( -29.74999999999997868, 23.30125950546274183, 0.4500000000000000111 ) ) ;
#4430 = ORIENTED_EDGE ( 'NONE', *, *, #5116, .F. ) ;
#4431 = LINE ( 'NONE', #12120, #250 ) ;
#4432 = ORIENTED_EDGE ( 'NONE', *, *, #1846, .T. ) ;
#4433 = VECTOR ( 'NONE', #1010, 1000.000000000000000 ) ;
#4434 = ORIENTED_EDGE ( 'NONE', *, *, #7429, .T. ) ;
#4435 = CARTESIAN_POINT ( 'NONE',  ( -32.64999999999999147, 18.27831216351297527, 0.000000000000000000 ) ) ;
#4436 = DIRECTION ( 'NONE',  ( -1.000000000000000000, 0.000000000000000000, 0.000000000000000000 ) ) ;
#4437 = EDGE_CURVE ( 'NONE', #9320, #11340, #6998, .T. ) ;
#4438 = DIRECTION ( 'NONE',  ( 1.000000000000000000, 0.000000000000000000, 0.000000000000000000 ) ) ;
#4439 = LINE ( 'NONE', #10408, #12449 ) ;
#4440 = LINE ( 'NONE', #5206, #10246 ) ;
#4441 = LINE ( 'NONE', #11177, #7623 ) ;
#4442 = ORIENTED_EDGE ( 'NONE', *, *, #4023, .T. ) ;
#4443 = VECTOR ( 'NONE', #3082, 1000.000000000000000 ) ;
#4444 = DIRECTION ( 'NONE',  ( 0.000000000000000000, 0.000000000000000000, -1.000000000000000000 ) ) ;
#4445 = VERTEX_POINT ( 'NONE', #11891 ) ;
#4446 = LINE ( 'NONE', #5582, #6859 ) ;
#4447 = ORIENTED_EDGE ( 'NONE', *, *, #5634, .T. ) ;
#4448 = VERTEX_POINT ( 'NONE', #8011 ) ;
#4449 = LINE ( 'NONE', #6294, #3932 ) ;
#4450 = LINE ( 'NONE', #10048, #9844 ) ;
#4451 = VECTOR ( 'NONE', #10643, 1000.000000000000000 ) ;
#4452 = DIRECTION ( 'NONE',  ( 1.000000000000000000, 0.000000000000000000, 0.000000000000000000 ) ) ;
#4453 = CARTESIAN_POINT ( 'NONE',  ( 7.049999999999986500, 25.43745550146434553, 0.000000000000000000 ) ) ;
#4454 = ORIENTED_EDGE ( 'NONE', *, *, #8229, .F. ) ;
#4455 = CARTESIAN_POINT ( 'NONE',  ( 36.87319111346176470, 22.99919497526796519, 0.000000000000000000 ) ) ;
#4456 = PLANE ( 'NONE',  #3616 ) ;
#4457 = EDGE_LOOP ( 'NONE', ( #9908, #643, #1109, #7132 ) ) ;
#4458 = LINE ( 'NONE', #4520, #1550 ) ;
#4459 = CARTESIAN_POINT ( 'NONE',  ( -31.39999999999997726, 26.15914333795139157, 0.4500000000000000111 ) ) ;
#4460 = EDGE_CURVE ( 'NONE', #8828, #7709, #3185, .T. ) ;
#4461 = VECTOR ( 'NONE', #5906, 1000.000000000000000 ) ;
#4462 = ORIENTED_EDGE ( 'NONE', *, *, #5335, .F. ) ;
#4463 = DIRECTION ( 'NONE',  ( 0.000000000000000000, 0.000000000000000000, -1.000000000000000000 ) ) ;
#4464 = DIRECTION ( 'NONE',  ( -0.8660254037844383745, -0.5000000000000003331, 0.000000000000000000 ) ) ;
#4465 = CARTESIAN_POINT ( 'NONE',  ( -14.89999999999999680, 23.27239199200323228, 0.000000000000000000 ) ) ;
#4466 = FACE_OUTER_BOUND ( 'NONE', #11055, .T. ) ;
#4467 = CARTESIAN_POINT ( 'NONE',  ( 15.17564434701788834, 25.99999999999999645, 0.4500000000000000111 ) ) ;
#4468 = CARTESIAN_POINT ( 'NONE',  ( 35.00000000000000000, 21.89999999999999147, 0.4500000000000000111 ) ) ;
#4469 = VECTOR ( 'NONE', #12300, 1000.000000000000000 ) ;
#4470 = DIRECTION ( 'NONE',  ( -9.614813431917789401E-15, 1.000000000000000000, 0.000000000000000000 ) ) ;
#4471 = DIRECTION ( 'NONE',  ( 0.8660254037844394848, -0.4999999999999985012, 0.000000000000000000 ) ) ;
#4472 = ORIENTED_EDGE ( 'NONE', *, *, #3967, .T. ) ;
#4473 = LINE ( 'NONE', #5490, #4043 ) ;
#4474 = VERTEX_POINT ( 'NONE', #1091 ) ;
#4475 = FACE_OUTER_BOUND ( 'NONE', #8508, .T. ) ;
#4476 = EDGE_LOOP ( 'NONE', ( #7525, #1495, #3051, #4632 ) ) ;
#4477 = VECTOR ( 'NONE', #8934, 1000.000000000000000 ) ;
#4478 = LINE ( 'NONE', #11215, #6405 ) ;
#4479 = VERTEX_POINT ( 'NONE', #1163 ) ;
#4480 = DIRECTION ( 'NONE',  ( 0.000000000000000000, 0.000000000000000000, -1.000000000000000000 ) ) ;
#4481 = VERTEX_POINT ( 'NONE', #4959 ) ;
#4482 = FACE_OUTER_BOUND ( 'NONE', #3427, .T. ) ;
#4483 = EDGE_CURVE ( 'NONE', #7810, #4995, #7061, .T. ) ;
#4484 = DIRECTION ( 'NONE',  ( 0.000000000000000000, 0.000000000000000000, -1.000000000000000000 ) ) ;
#4485 = ORIENTED_EDGE ( 'NONE', *, *, #1045, .F. ) ;
#4486 = VERTEX_POINT ( 'NONE', #10940 ) ;
#4487 = DIRECTION ( 'NONE',  ( 0.8660254037844383745, 0.5000000000000003331, 0.000000000000000000 ) ) ;
#4488 = ORIENTED_EDGE ( 'NONE', *, *, #10109, .T. ) ;
#4489 = EDGE_CURVE ( 'NONE', #6760, #9896, #8843, .T. ) ;
#4490 = PLANE ( 'NONE',  #10583 ) ;
#4491 = ORIENTED_EDGE ( 'NONE', *, *, #7900, .T. ) ;
#4492 = EDGE_LOOP ( 'NONE', ( #5161, #1585, #6779, #5922 ) ) ;
#4493 = EDGE_CURVE ( 'NONE', #9529, #3554, #10742, .T. ) ;
#4494 = PLANE ( 'NONE',  #4982 ) ;
#4495 = DIRECTION ( 'NONE',  ( -0.8660254037844383745, -0.5000000000000003331, 0.000000000000000000 ) ) ;
#4496 = ADVANCED_FACE ( 'NONE', ( #2105 ), #2235, .T. ) ;
#4497 = FACE_BOUND ( 'NONE', #3517, .T. ) ;
#4498 = PLANE ( 'NONE',  #3728 ) ;
#4499 = CARTESIAN_POINT ( 'NONE',  ( -35.00000000000000000, 15.29999999999998295, 0.000000000000000000 ) ) ;
#4500 = AXIS2_PLACEMENT_3D ( 'NONE', #1233, #11770, #2244 ) ;
#4501 = DIRECTION ( 'NONE',  ( 0.8660254037844394848, 0.4999999999999984457, 0.000000000000000000 ) ) ;
#4502 = ORIENTED_EDGE ( 'NONE', *, *, #8060, .T. ) ;
#4503 = VECTOR ( 'NONE', #8812, 1000.000000000000000 ) ;
#4504 = ORIENTED_EDGE ( 'NONE', *, *, #2755, .T. ) ;
#4505 = CARTESIAN_POINT ( 'NONE',  ( -24.39999999999999858, 21.13619599600161791, 0.4500000000000000111 ) ) ;
#4506 = VERTEX_POINT ( 'NONE', #964 ) ;
#4507 = ORIENTED_EDGE ( 'NONE', *, *, #9243, .F. ) ;
#4508 = ORIENTED_EDGE ( 'NONE', *, *, #8139, .T. ) ;
#4509 = DIRECTION ( 'NONE',  ( 0.000000000000000000, 0.000000000000000000, 1.000000000000000000 ) ) ;
#4510 = LINE ( 'NONE', #1952, #5595 ) ;
#4511 = EDGE_CURVE ( 'NONE', #10371, #1070, #6050, .T. ) ;
#4512 = CARTESIAN_POINT ( 'NONE',  ( 32.99999999999999289, 22.00000000000000355, 0.4500000000000000111 ) ) ;
#4513 = DIRECTION ( 'NONE',  ( 9.614813431917789401E-15, 1.000000000000000000, 0.000000000000000000 ) ) ;
#4514 = ORIENTED_EDGE ( 'NONE', *, *, #11324, .F. ) ;
#4515 = EDGE_CURVE ( 'NONE', #1432, #3088, #6864, .T. ) ;
#4516 = LINE ( 'NONE', #8400, #10138 ) ;
#4517 = FACE_OUTER_BOUND ( 'NONE', #1544, .T. ) ;
#4518 = AXIS2_PLACEMENT_3D ( 'NONE', #2845, #10591, #2018 ) ;
#4519 = ORIENTED_EDGE ( 'NONE', *, *, #12306, .T. ) ;
#4520 = CARTESIAN_POINT ( 'NONE',  ( 26.04999999999999716, 23.99407982849027121, 0.4500000000000000111 ) ) ;
#4521 = DIRECTION ( 'NONE',  ( -0.8660254037844383745, -0.5000000000000003331, 0.000000000000000000 ) ) ;
#4522 = ORIENTED_EDGE ( 'NONE', *, *, #11409, .T. ) ;
#4523 = LINE ( 'NONE', #3763, #7788 ) ;
#4524 = CC_DESIGN_PERSON_AND_ORGANIZATION_ASSIGNMENT ( #7949, #4964, ( #3150 ) ) ;
#4525 = FACE_OUTER_BOUND ( 'NONE', #7472, .T. ) ;
#4526 = CARTESIAN_POINT ( 'NONE',  ( -23.54999999999997584, 23.99407982849027832, 0.4500000000000000111 ) ) ;
#4527 = DIRECTION ( 'NONE',  ( 1.000000000000000000, 0.000000000000000000, 0.000000000000000000 ) ) ;
#4528 = LINE ( 'NONE', #7390, #5770 ) ;
#4529 = DIRECTION ( 'NONE',  ( 1.000000000000000000, 0.000000000000000000, 0.000000000000000000 ) ) ;
#4530 = CARTESIAN_POINT ( 'NONE',  ( 21.10000000000001563, 22.57957166897569223, 0.4500000000000000111 ) ) ;
#4531 = ADVANCED_FACE ( 'NONE', ( #6801 ), #11825, .T. ) ;
#4532 = LINE ( 'NONE', #5358, #8767 ) ;
#4533 = ORIENTED_EDGE ( 'NONE', *, *, #9066, .F. ) ;
#4534 = VECTOR ( 'NONE', #1016, 1000.000000000000114 ) ;
#4535 = CARTESIAN_POINT ( 'NONE',  ( -29.35000000000000853, 19.72168783648704604, 0.4500000000000000111 ) ) ;
#4536 = ORIENTED_EDGE ( 'NONE', *, *, #9129, .T. ) ;
#4537 = FACE_OUTER_BOUND ( 'NONE', #326, .T. ) ;
#4538 = VERTEX_POINT ( 'NONE', #5846 ) ;
#4539 = VECTOR ( 'NONE', #9745, 1000.000000000000114 ) ;
#4540 = LINE ( 'NONE', #8425, #4364 ) ;
#4541 = VERTEX_POINT ( 'NONE', #7817 ) ;
#4542 = EDGE_CURVE ( 'NONE', #11874, #5817, #5978, .T. ) ;
#4543 = ADVANCED_FACE ( 'NONE', ( #5026 ), #8908, .T. ) ;
#4544 = FACE_OUTER_BOUND ( 'NONE', #10691, .T. ) ;
#4545 = DIRECTION ( 'NONE',  ( 0.000000000000000000, -1.000000000000000000, 0.000000000000000000 ) ) ;
#4546 = CARTESIAN_POINT ( 'NONE',  ( -12.85000000000001563, 25.43745550146433132, 0.000000000000000000 ) ) ;
#4547 = ORIENTED_EDGE ( 'NONE', *, *, #11019, .F. ) ;
#4548 = AXIS2_PLACEMENT_3D ( 'NONE', #8212, #12152, #3444 ) ;
#4549 = VERTEX_POINT ( 'NONE', #205 ) ;
#4550 = DIRECTION ( 'NONE',  ( 9.614813431917789401E-15, 1.000000000000000000, 0.000000000000000000 ) ) ;
#4551 = VECTOR ( 'NONE', #5837, 1000.000000000000000 ) ;
#4552 = VERTEX_POINT ( 'NONE', #8779 ) ;
#4553 = DIRECTION ( 'NONE',  ( 0.000000000000000000, 0.000000000000000000, -1.000000000000000000 ) ) ;
#4554 = ORIENTED_EDGE ( 'NONE', *, *, #1979, .T. ) ;
#4555 = EDGE_CURVE ( 'NONE', #3930, #10113, #4071, .T. ) ;
#4556 = ORIENTED_EDGE ( 'NONE', *, *, #12481, .T. ) ;
#4557 = VECTOR ( 'NONE', #1116, 1000.000000000000000 ) ;
#4558 = CARTESIAN_POINT ( 'NONE',  ( -29.35000000000000853, 19.72168783648704604, 0.4500000000000000111 ) ) ;
#4559 = CARTESIAN_POINT ( 'NONE',  ( -30.14999999999997371, 19.72168783648705670, 0.4500000000000000111 ) ) ;
#4560 = FACE_BOUND ( 'NONE', #3216, .T. ) ;
#4561 = CARTESIAN_POINT ( 'NONE',  ( -35.00000000000000000, 15.29999999999998295, 0.4500000000000000111 ) ) ;
#4562 = VECTOR ( 'NONE', #12283, 1000.000000000000000 ) ;
#4563 = DIRECTION ( 'NONE',  ( -1.000000000000000000, 0.000000000000000000, 0.000000000000000000 ) ) ;
#4564 = CARTESIAN_POINT ( 'NONE',  ( -33.04999999999997584, 23.30125950546274183, 0.4500000000000000111 ) ) ;
#4565 = ORIENTED_EDGE ( 'NONE', *, *, #7926, .T. ) ;
#4566 = EDGE_CURVE ( 'NONE', #6065, #11534, #11700, .T. ) ;
#4567 = ADVANCED_FACE ( 'NONE', ( #3056 ), #7943, .T. ) ;
#4568 = ORIENTED_EDGE ( 'NONE', *, *, #6666, .T. ) ;
#4569 = CARTESIAN_POINT ( 'NONE',  ( -11.87564434701788763, 25.99999999999999645, 0.4500000000000000111 ) ) ;
#4570 = ORIENTED_EDGE ( 'NONE', *, *, #2392, .F. ) ;
#4571 = VECTOR ( 'NONE', #5848, 1000.000000000000000 ) ;
#4572 = ORIENTED_EDGE ( 'NONE', *, *, #7263, .F. ) ;
#4573 = ORIENTED_EDGE ( 'NONE', *, *, #12075, .T. ) ;
#4574 = DIRECTION ( 'NONE',  ( -1.000000000000000000, 0.000000000000000000, 0.000000000000000000 ) ) ;
#4575 = DIRECTION ( 'NONE',  ( 0.000000000000000000, -1.000000000000000000, 0.000000000000000000 ) ) ;
#4576 = EDGE_CURVE ( 'NONE', #7769, #4145, #4431, .T. ) ;
#4577 = CARTESIAN_POINT ( 'NONE',  ( 33.44999999999998153, 18.27831216351298238, 0.000000000000000000 ) ) ;
#4578 = VECTOR ( 'NONE', #8631, 1000.000000000000000 ) ;
#4579 = CARTESIAN_POINT ( 'NONE',  ( -33.79413748140514429, 18.07962429598546805, 0.4500000000000000111 ) ) ;
#4580 = AXIS2_PLACEMENT_3D ( 'NONE', #12418, #7653, #12477 ) ;
#4581 = ORIENTED_EDGE ( 'NONE', *, *, #7682, .F. ) ;
#4582 = CARTESIAN_POINT ( 'NONE',  ( -24.40000000000001279, 22.57957166897568868, 0.4500000000000000111 ) ) ;
#4583 = VERTEX_POINT ( 'NONE', #1707 ) ;
#4584 = FACE_BOUND ( 'NONE', #3211, .T. ) ;
#4585 = EDGE_CURVE ( 'NONE', #11671, #11534, #11415, .T. ) ;
#4586 = ORIENTED_EDGE ( 'NONE', *, *, #11185, .T. ) ;
#4587 = CARTESIAN_POINT ( 'NONE',  ( -14.90000000000000036, 17.55662432702593989, 0.000000000000000000 ) ) ;
#4588 = CARTESIAN_POINT ( 'NONE',  ( -24.40000000000001279, 22.57957166897568868, 0.000000000000000000 ) ) ;
#4589 = VECTOR ( 'NONE', #4339, 1000.000000000000000 ) ;
#4590 = ORIENTED_EDGE ( 'NONE', *, *, #3912, .T. ) ;
#4591 = LINE ( 'NONE', #7567, #2518 ) ;
#4592 = FACE_OUTER_BOUND ( 'NONE', #8469, .T. ) ;
#4593 = CARTESIAN_POINT ( 'NONE',  ( 25.19999999999997442, 22.57957166897570644, 0.4500000000000000111 ) ) ;
#4594 = CARTESIAN_POINT ( 'NONE',  ( 16.15000000000001990, 19.72168783648704249, 0.4500000000000000111 ) ) ;
#4595 = FACE_OUTER_BOUND ( 'NONE', #298, .T. ) ;
#4596 = CARTESIAN_POINT ( 'NONE',  ( -9.205862518594861044, 18.07962429598546450, 0.000000000000000000 ) ) ;
#4597 = LINE ( 'NONE', #6314, #636 ) ;
#4598 = CARTESIAN_POINT ( 'NONE',  ( -30.63205080756887355, 18.00000000000000355, 0.4500000000000000111 ) ) ;
#4599 = VERTEX_POINT ( 'NONE', #3473 ) ;
#4600 = LINE ( 'NONE', #8544, #9331 ) ;
#4601 = VERTEX_POINT ( 'NONE', #8374 ) ;
#4602 = LINE ( 'NONE', #11091, #3812 ) ;
#4603 = ORIENTED_EDGE ( 'NONE', *, *, #6580, .T. ) ;
#4604 = DIRECTION ( 'NONE',  ( 0.000000000000000000, 0.000000000000000000, -1.000000000000000000 ) ) ;
#4605 = LINE ( 'NONE', #12299, #4612 ) ;
#4606 = EDGE_CURVE ( 'NONE', #9835, #3209, #7414, .T. ) ;
#4607 = CARTESIAN_POINT ( 'NONE',  ( 30.99999999999999289, 21.13619599600162502, 0.4500000000000000111 ) ) ;
#4608 = PLANE ( 'NONE',  #1553 ) ;
#4609 = VERTEX_POINT ( 'NONE', #1449 ) ;
#4610 = AXIS2_PLACEMENT_3D ( 'NONE', #12461, #5783, #7757 ) ;
#4611 = ORIENTED_EDGE ( 'NONE', *, *, #7071, .T. ) ;
#4612 = VECTOR ( 'NONE', #10453, 1000.000000000000000 ) ;
#4613 = LINE ( 'NONE', #7597, #1400 ) ;
#4614 = ORIENTED_EDGE ( 'NONE', *, *, #6032, .F. ) ;
#4615 = EDGE_CURVE ( 'NONE', #4765, #8368, #11293, .T. ) ;
#4616 = DIRECTION ( 'NONE',  ( 1.000000000000000000, -0.000000000000000000, -0.000000000000000000 ) ) ;
#4617 = ORIENTED_EDGE ( 'NONE', *, *, #12489, .F. ) ;
#4618 = VERTEX_POINT ( 'NONE', #11355 ) ;
#4619 = DIRECTION ( 'NONE',  ( 1.000000000000000000, -0.000000000000000000, -0.000000000000000000 ) ) ;
#4620 = CARTESIAN_POINT ( 'NONE',  ( -30.14999999999997371, 19.72168783648705670, 0.4500000000000000111 ) ) ;
#4621 = EDGE_CURVE ( 'NONE', #5893, #3073, #491, .T. ) ;
#4622 = FACE_BOUND ( 'NONE', #65, .T. ) ;
#4623 = DIRECTION ( 'NONE',  ( 0.8660254037844387076, 0.4999999999999997224, 0.000000000000000000 ) ) ;
#4624 = LINE ( 'NONE', #12252, #1914 ) ;
#4625 = DIRECTION ( 'NONE',  ( -0.8660254037844393737, -0.4999999999999985012, 0.000000000000000000 ) ) ;
#4626 = ORIENTED_EDGE ( 'NONE', *, *, #9872, .F. ) ;
#4627 = VERTEX_POINT ( 'NONE', #6402 ) ;
#4628 = CARTESIAN_POINT ( 'NONE',  ( 18.19999999999998863, 26.15914333795138802, 0.4500000000000000111 ) ) ;
#4629 = VECTOR ( 'NONE', #9346, 1000.000000000000000 ) ;
#4630 = VERTEX_POINT ( 'NONE', #2711 ) ;
#4631 = ORIENTED_EDGE ( 'NONE', *, *, #5331, .T. ) ;
#4632 = ORIENTED_EDGE ( 'NONE', *, *, #9073, .T. ) ;
#4633 = EDGE_CURVE ( 'NONE', #7704, #9423, #2524, .T. ) ;
#4634 = DIRECTION ( 'NONE',  ( 0.000000000000000000, 0.000000000000000000, -1.000000000000000000 ) ) ;
#4635 = CARTESIAN_POINT ( 'NONE',  ( -20.24999999999997513, 25.43745550146434908, 0.4500000000000000111 ) ) ;
#4636 = DIRECTION ( 'NONE',  ( -1.000000000000000000, 9.614813431917789401E-15, 0.000000000000000000 ) ) ;
#4637 = VECTOR ( 'NONE', #9194, 1000.000000000000000 ) ;
#4638 = VERTEX_POINT ( 'NONE', #6465 ) ;
#4639 = LINE ( 'NONE', #8524, #6693 ) ;
#4640 = EDGE_CURVE ( 'NONE', #9408, #2381, #10277, .T. ) ;
#4641 = EDGE_CURVE ( 'NONE', #7555, #5781, #2463, .T. ) ;
#4642 = CARTESIAN_POINT ( 'NONE',  ( 9.950000000000002842, 20.41450815951458253, 0.4500000000000000111 ) ) ;
#4643 = EDGE_LOOP ( 'NONE', ( #8555, #6095, #10243, #2328 ) ) ;
#4644 = CARTESIAN_POINT ( 'NONE',  ( 35.94999999999999574, 18.27831216351297527, 0.4500000000000000111 ) ) ;
#4645 = DIRECTION ( 'NONE',  ( 1.000000000000000000, 0.000000000000000000, 0.000000000000000000 ) ) ;
#4646 = EDGE_LOOP ( 'NONE', ( #4611, #5477, #310, #9530 ) ) ;
#4647 = VECTOR ( 'NONE', #6317, 1000.000000000000114 ) ;
#4648 = DIRECTION ( 'NONE',  ( 0.000000000000000000, 0.000000000000000000, -1.000000000000000000 ) ) ;
#4649 = ADVANCED_FACE ( 'NONE', ( #4362 ), #4490, .T. ) ;
#4650 = CARTESIAN_POINT ( 'NONE',  ( 32.99999999999999289, 22.00000000000000355, 0.4500000000000000111 ) ) ;
#4651 = DIRECTION ( 'NONE',  ( -9.614813431917789401E-15, 1.000000000000000000, 0.000000000000000000 ) ) ;
#4652 = EDGE_CURVE ( 'NONE', #11570, #3499, #5445, .T. ) ;
#4653 = EDGE_CURVE ( 'NONE', #4993, #193, #9196, .T. ) ;
#4654 = CARTESIAN_POINT ( 'NONE',  ( 29.35000000000000853, 25.43745550146434198, 0.000000000000000000 ) ) ;
#4655 = DATE_TIME_ROLE ( 'creation_date' ) ;
#4656 = EDGE_CURVE ( 'NONE', #3879, #1434, #9394, .T. ) ;
#4657 = PLANE ( 'NONE',  #2750 ) ;
#4658 = LINE ( 'NONE', #12351, #12566 ) ;
#4659 = LINE ( 'NONE', #8542, #744 ) ;
#4660 = ORIENTED_EDGE ( 'NONE', *, *, #4676, .T. ) ;
#4661 = VECTOR ( 'NONE', #6490, 1000.000000000000114 ) ;
#4662 = DIRECTION ( 'NONE',  ( -0.8660254037844394848, -0.4999999999999985012, 0.000000000000000000 ) ) ;
#4663 = ORIENTED_EDGE ( 'NONE', *, *, #9230, .F. ) ;
#4664 = CARTESIAN_POINT ( 'NONE',  ( -32.65000000000000568, 19.72168783648704604, 0.4500000000000000111 ) ) ;
#4665 = EDGE_LOOP ( 'NONE', ( #12069, #5519, #2464, #7127 ) ) ;
#4666 = ADVANCED_FACE ( 'NONE', ( #8498 ), #6335, .T. ) ;
#4667 = DIRECTION ( 'NONE',  ( 0.000000000000000000, 0.000000000000000000, -1.000000000000000000 ) ) ;
#4668 = EDGE_CURVE ( 'NONE', #4274, #2233, #2653, .T. ) ;
#4669 = CARTESIAN_POINT ( 'NONE',  ( 9.950000000000002842, 20.41450815951458253, 0.000000000000000000 ) ) ;
#4670 = CARTESIAN_POINT ( 'NONE',  ( 7.049999999999986500, 23.99407982849027121, 0.4500000000000000111 ) ) ;
#4671 = LINE ( 'NONE', #9506, #2560 ) ;
#4672 = VERTEX_POINT ( 'NONE', #5567 ) ;
#4673 = CARTESIAN_POINT ( 'NONE',  ( -18.96794919243111721, 18.00000000000000355, 0.000000000000000000 ) ) ;
#4674 = EDGE_CURVE ( 'NONE', #3853, #12303, #5380, .T. ) ;
#4675 = EDGE_LOOP ( 'NONE', ( #11178, #8586, #11597, #4253 ) ) ;
#4676 = EDGE_CURVE ( 'NONE', #11500, #5905, #3664, .T. ) ;
#4677 = DIRECTION ( 'NONE',  ( 0.000000000000000000, -1.000000000000000000, 0.000000000000000000 ) ) ;
#4678 = VECTOR ( 'NONE', #10718, 1000.000000000000000 ) ;
#4679 = ORIENTED_EDGE ( 'NONE', *, *, #4720, .F. ) ;
#4680 = LINE ( 'NONE', #1055, #5121 ) ;
#4681 = ORIENTED_EDGE ( 'NONE', *, *, #3779, .F. ) ;
#4682 = EDGE_LOOP ( 'NONE', ( #12411, #1132, #3065, #3748 ) ) ;
#4683 = DIRECTION ( 'NONE',  ( 0.8660254037844387076, 0.4999999999999997224, 0.000000000000000000 ) ) ;
#4684 = LINE ( 'NONE', #8443, #11466 ) ;
#4685 = FACE_BOUND ( 'NONE', #2617, .T. ) ;
#4686 = LINE ( 'NONE', #8694, #6638 ) ;
#4687 = DIRECTION ( 'NONE',  ( -0.8660254037844393737, -0.4999999999999985012, 0.000000000000000000 ) ) ;
#4688 = EDGE_CURVE ( 'NONE', #8052, #4069, #9269, .T. ) ;
#4689 = DIRECTION ( 'NONE',  ( 9.614813431917789401E-15, 1.000000000000000000, 0.000000000000000000 ) ) ;
#4690 = EDGE_LOOP ( 'NONE', ( #3716, #2292, #10171, #7474 ) ) ;
#4691 = VERTEX_POINT ( 'NONE', #8559 ) ;
#4692 = DIRECTION ( 'NONE',  ( -0.8660254037844383745, -0.5000000000000003331, 0.000000000000000000 ) ) ;
#4693 = EDGE_LOOP ( 'NONE', ( #9982, #8906, #11629, #2348 ) ) ;
#4694 = EDGE_LOOP ( 'NONE', ( #4603, #6243, #6603, #2542 ) ) ;
#4695 = ORIENTED_EDGE ( 'NONE', *, *, #4875, .F. ) ;
#4696 = DIRECTION ( 'NONE',  ( 0.5000000000000004441, -0.8660254037844384856, 0.000000000000000000 ) ) ;
#4697 = DIRECTION ( 'NONE',  ( -9.614813431917789401E-15, 1.000000000000000000, 0.000000000000000000 ) ) ;
#4698 = DIRECTION ( 'NONE',  ( 0.000000000000000000, -0.000000000000000000, -1.000000000000000000 ) ) ;
#4699 = EDGE_CURVE ( 'NONE', #6199, #12000, #8744, .T. ) ;
#4700 = ADVANCED_FACE ( 'NONE', ( #4800 ), #10709, .T. ) ;
#4701 = ORIENTED_EDGE ( 'NONE', *, *, #7089, .F. ) ;
#4702 = DIRECTION ( 'NONE',  ( -1.000000000000000000, 0.000000000000000000, 0.000000000000000000 ) ) ;
#4703 = FACE_BOUND ( 'NONE', #1008, .T. ) ;
#4704 = EDGE_LOOP ( 'NONE', ( #4554, #1210, #2655, #734 ) ) ;
#4705 = DIRECTION ( 'NONE',  ( 0.8660254037844383745, -0.5000000000000003331, 0.000000000000000000 ) ) ;
#4706 = AXIS2_PLACEMENT_3D ( 'NONE', #973, #12469, #7643 ) ;
#4707 = EDGE_LOOP ( 'NONE', ( #10791, #3103, #8432, #8642 ) ) ;
#4708 = DIRECTION ( 'NONE',  ( 0.000000000000000000, 0.000000000000000000, 1.000000000000000000 ) ) ;
#4709 = CARTESIAN_POINT ( 'NONE',  ( -13.25000000000000000, 20.41450815951458608, 0.000000000000000000 ) ) ;
#4710 = EDGE_CURVE ( 'NONE', #9016, #9335, #11668, .T. ) ;
#4711 = CARTESIAN_POINT ( 'NONE',  ( 27.70000000000000995, 22.57957166897569223, 0.4500000000000000111 ) ) ;
#4712 = FACE_OUTER_BOUND ( 'NONE', #8761, .T. ) ;
#4713 = CARTESIAN_POINT ( 'NONE',  ( 13.64999999999998437, 18.27831216351297883, 0.4500000000000000111 ) ) ;
#4714 = ORIENTED_EDGE ( 'NONE', *, *, #3625, .F. ) ;
#4715 = VECTOR ( 'NONE', #9641, 1000.000000000000000 ) ;
#4716 = LINE ( 'NONE', #1101, #2450 ) ;
#4717 = LINE ( 'NONE', #3064, #1267 ) ;
#4718 = VERTEX_POINT ( 'NONE', #11539 ) ;
#4719 = DIRECTION ( 'NONE',  ( 0.000000000000000000, 0.000000000000000000, -1.000000000000000000 ) ) ;
#4720 = EDGE_CURVE ( 'NONE', #2976, #4552, #10464, .T. ) ;
#4721 = ORIENTED_EDGE ( 'NONE', *, *, #9181, .T. ) ;
#4722 = ADVANCED_FACE ( 'NONE', ( #10584 ), #8686, .T. ) ;
#4723 = FACE_OUTER_BOUND ( 'NONE', #4042, .T. ) ;
#4724 = EDGE_LOOP ( 'NONE', ( #9039, #551, #6993, #11191 ) ) ;
#4725 = DIRECTION ( 'NONE',  ( 0.4999999999999985012, 0.8660254037844395958, 0.000000000000000000 ) ) ;
#4726 = EDGE_CURVE ( 'NONE', #1266, #9098, #7663, .T. ) ;
#4727 = LINE ( 'NONE', #12419, #7252 ) ;
#4728 = CARTESIAN_POINT ( 'NONE',  ( 8.699999999999986855, 21.13619599600162147, 0.000000000000000000 ) ) ;
#4729 = CARTESIAN_POINT ( 'NONE',  ( 9.550000000000022027, 19.72168783648703538, 0.4500000000000000111 ) ) ;
#4730 = ORIENTED_EDGE ( 'NONE', *, *, #5065, .F. ) ;
#4731 = CARTESIAN_POINT ( 'NONE',  ( -14.62435565298207329, 25.99999999999999645, 0.4500000000000000111 ) ) ;
#4732 = ORIENTED_EDGE ( 'NONE', *, *, #7613, .F. ) ;
#4733 = VECTOR ( 'NONE', #131, 1000.000000000000000 ) ;
#4734 = LINE ( 'NONE', #7780, #2412 ) ;
#4735 = EDGE_CURVE ( 'NONE', #10415, #1818, #3291, .T. ) ;
#4736 = LINE ( 'NONE', #8621, #860 ) ;
#4737 = VERTEX_POINT ( 'NONE', #5878 ) ;
#4738 = ORIENTED_EDGE ( 'NONE', *, *, #8254, .F. ) ;
#4739 = VECTOR ( 'NONE', #11421, 1000.000000000000000 ) ;
#4740 = DIRECTION ( 'NONE',  ( 1.000000000000000000, 9.614813431917789401E-15, 0.000000000000000000 ) ) ;
#4741 = LINE ( 'NONE', #12499, #6997 ) ;
#4742 = VECTOR ( 'NONE', #6866, 1000.000000000000000 ) ;
#4743 = CARTESIAN_POINT ( 'NONE',  ( 31.79999999999996874, 21.13619599600163212, 0.4500000000000000111 ) ) ;
#4744 = CARTESIAN_POINT ( 'NONE',  ( 8.699999999999986855, 22.57957166897569579, 0.4500000000000000111 ) ) ;
#4745 = CARTESIAN_POINT ( 'NONE',  ( -21.10000000000000142, 21.13619599600162147, 0.4500000000000000111 ) ) ;
#4746 = CIRCLE ( 'NONE', #1512, 6.600000000000008527 ) ;
#4747 = CARTESIAN_POINT ( 'NONE',  ( 23.54999999999997584, 25.43745550146435264, 0.4500000000000000111 ) ) ;
#4748 = ORIENTED_EDGE ( 'NONE', *, *, #11642, .F. ) ;
#4749 = VECTOR ( 'NONE', #12514, 1000.000000000000000 ) ;
#4750 = ORIENTED_EDGE ( 'NONE', *, *, #2187, .T. ) ;
#4751 = CARTESIAN_POINT ( 'NONE',  ( -32.65000000000000568, 19.72168783648704604, 0.4500000000000000111 ) ) ;
#4752 = ORIENTED_EDGE ( 'NONE', *, *, #6514, .F. ) ;
#4753 = ORIENTED_EDGE ( 'NONE', *, *, #3204, .F. ) ;
#4754 = VECTOR ( 'NONE', #11953, 1000.000000000000114 ) ;
#4755 = ORIENTED_EDGE ( 'NONE', *, *, #456, .T. ) ;
#4756 = VECTOR ( 'NONE', #3092, 1000.000000000000000 ) ;
#4757 = CARTESIAN_POINT ( 'NONE',  ( -21.50000000000000000, 17.55662432702593989, 0.4500000000000000111 ) ) ;
#4758 = CARTESIAN_POINT ( 'NONE',  ( -33.44999999999998153, 18.27831216351298238, 0.4500000000000000111 ) ) ;
#4759 = DIRECTION ( 'NONE',  ( 0.8660254037844383745, -0.5000000000000003331, 0.000000000000000000 ) ) ;
#4760 = ORIENTED_EDGE ( 'NONE', *, *, #2184, .F. ) ;
#4761 = FACE_OUTER_BOUND ( 'NONE', #11933, .T. ) ;
#4762 = AXIS2_PLACEMENT_3D ( 'NONE', #5333, #7373, #6295 ) ;
#4763 = CARTESIAN_POINT ( 'NONE',  ( 30.14999999999997371, 18.27831216351298238, 0.4500000000000000111 ) ) ;
#4764 = LOCAL_TIME ( 19, 35, 56.00000000000000000, #2181 ) ;
#4765 = VERTEX_POINT ( 'NONE', #9761 ) ;
#4766 = CARTESIAN_POINT ( 'NONE',  ( -24.79999999999998295, 26.15914333795138447, 0.4500000000000000111 ) ) ;
#4767 = VERTEX_POINT ( 'NONE', #3980 ) ;
#4768 = CARTESIAN_POINT ( 'NONE',  ( 9.949999999999990408, 23.30125950546273117, 0.4500000000000000111 ) ) ;
#4769 = EDGE_CURVE ( 'NONE', #79, #11345, #5749, .T. ) ;
#4770 = CYLINDRICAL_SURFACE ( 'NONE', #5626, 3.999999999999996447 ) ;
#4771 = VECTOR ( 'NONE', #516, 1000.000000000000000 ) ;
#4772 = VECTOR ( 'NONE', #2577, 1000.000000000000000 ) ;
#4773 = LINE ( 'NONE', #12405, #10644 ) ;
#4774 = DIRECTION ( 'NONE',  ( 0.000000000000000000, 0.000000000000000000, -1.000000000000000000 ) ) ;
#4775 = APPROVAL_ROLE ( '' ) ;
#4776 = ORIENTED_EDGE ( 'NONE', *, *, #8283, .F. ) ;
#4777 = VECTOR ( 'NONE', #5611, 1000.000000000000000 ) ;
#4778 = ADVANCED_FACE ( 'NONE', ( #2896 ), #3794, .T. ) ;
#4779 = LINE ( 'NONE', #12531, #10955 ) ;
#4780 = AXIS2_PLACEMENT_3D ( 'NONE', #8209, #5343, #9229 ) ;
#4781 = PLANE ( 'NONE',  #9984 ) ;
#4782 = ORIENTED_EDGE ( 'NONE', *, *, #545, .T. ) ;
#4783 = VECTOR ( 'NONE', #4484, 1000.000000000000000 ) ;
#4784 = DIRECTION ( 'NONE',  ( -0.4999999999999985567, 0.8660254037844394848, 0.000000000000000000 ) ) ;
#4785 = ORIENTED_EDGE ( 'NONE', *, *, #10151, .F. ) ;
#4786 = EDGE_CURVE ( 'NONE', #9345, #2776, #933, .T. ) ;
#4787 = DIRECTION ( 'NONE',  ( -0.8660254037844394848, 0.4999999999999984457, 0.000000000000000000 ) ) ;
#4788 = ORIENTED_EDGE ( 'NONE', *, *, #11326, .T. ) ;
#4789 = DIRECTION ( 'NONE',  ( 0.8660254037844393737, -0.4999999999999985012, 0.000000000000000000 ) ) ;
#4790 = EDGE_CURVE ( 'NONE', #4024, #9030, #10527, .T. ) ;
#4791 = PLANE ( 'NONE',  #2587 ) ;
#4792 = CARTESIAN_POINT ( 'NONE',  ( 6.000000000000000000, 22.00000000000000355, 0.4500000000000000111 ) ) ;
#4793 = CARTESIAN_POINT ( 'NONE',  ( 20.24999999999998224, 18.27831216351297883, 0.000000000000000000 ) ) ;
#4794 = ORIENTED_EDGE ( 'NONE', *, *, #2849, .F. ) ;
#4795 = DIRECTION ( 'NONE',  ( 0.000000000000000000, 0.000000000000000000, -1.000000000000000000 ) ) ;
#4796 = EDGE_LOOP ( 'NONE', ( #1642, #2522, #10264, #1594 ) ) ;
#4797 = DIRECTION ( 'NONE',  ( -0.4999999999999997224, -0.8660254037844388186, 0.000000000000000000 ) ) ;
#4798 = EDGE_CURVE ( 'NONE', #8082, #8058, #4680, .T. ) ;
#4799 = EDGE_CURVE ( 'NONE', #8134, #6781, #4736, .T. ) ;
#4800 = FACE_OUTER_BOUND ( 'NONE', #11052, .T. ) ;
#4801 = VERTEX_POINT ( 'NONE', #1950 ) ;
#4802 = CARTESIAN_POINT ( 'NONE',  ( -16.94999999999998153, 23.99407982849027832, 0.4500000000000000111 ) ) ;
#4803 = ORIENTED_EDGE ( 'NONE', *, *, #11792, .F. ) ;
#4804 = LINE ( 'NONE', #2968, #5520 ) ;
#4805 = LINE ( 'NONE', #7920, #3955 ) ;
#4806 = VECTOR ( 'NONE', #4464, 1000.000000000000114 ) ;
#4807 = ADVANCED_FACE ( 'NONE', ( #12494 ), #5814, .T. ) ;
#4808 = DIRECTION ( 'NONE',  ( 0.8660254037844388186, -0.4999999999999997224, 0.000000000000000000 ) ) ;
#4809 = DIRECTION ( 'NONE',  ( 0.000000000000000000, 0.000000000000000000, -1.000000000000000000 ) ) ;
#4810 = DIRECTION ( 'NONE',  ( 0.8660254037844393737, -0.4999999999999985012, 0.000000000000000000 ) ) ;
#4811 = EDGE_CURVE ( 'NONE', #3199, #9837, #4859, .T. ) ;
#4812 = CARTESIAN_POINT ( 'NONE',  ( 30.14999999999997371, 25.43745550146435619, 0.4500000000000000111 ) ) ;
#4814 = EDGE_LOOP ( 'NONE', ( #5750, #4282, #770, #6326 ) ) ;
#4813 = VECTOR ( 'NONE', #1821, 1000.000000000000000 ) ;
#4815 = ORIENTED_EDGE ( 'NONE', *, *, #5353, .T. ) ;
#4816 = VERTEX_POINT ( 'NONE', #7782 ) ;
#4817 = CARTESIAN_POINT ( 'NONE',  ( -21.89999999999997726, 21.13619599600162502, 0.4500000000000000111 ) ) ;
#4818 = EDGE_LOOP ( 'NONE', ( #8811, #7271, #11499, #854, #5075, #8880, #9186 ) ) ;
#4819 = VECTOR ( 'NONE', #12357, 1000.000000000000114 ) ;
#4820 = ORIENTED_EDGE ( 'NONE', *, *, #1496, .F. ) ;
#4821 = EDGE_LOOP ( 'NONE', ( #3227, #12444, #5650, #7115 ) ) ;
#4822 = LINE ( 'NONE', #8706, #3926 ) ;
#4823 = FACE_OUTER_BOUND ( 'NONE', #7556, .T. ) ;
#4824 = CARTESIAN_POINT ( 'NONE',  ( 11.20000000000000462, 21.13619599600161436, 0.4500000000000000111 ) ) ;
#4825 = ORIENTED_EDGE ( 'NONE', *, *, #6978, .T. ) ;
#4826 = CARTESIAN_POINT ( 'NONE',  ( -22.75000000000000711, 25.43745550146433487, 0.4500000000000000111 ) ) ;
#4827 = FACE_BOUND ( 'NONE', #8809, .T. ) ;
#4828 = ADVANCED_FACE ( 'NONE', ( #2964 ), #6834, .T. ) ;
#4829 = VERTEX_POINT ( 'NONE', #10908 ) ;
#4830 = LINE ( 'NONE', #7752, #8600 ) ;
#4831 = EDGE_LOOP ( 'NONE', ( #11369, #11907, #1056, #4776 ) ) ;
#4832 = DIRECTION ( 'NONE',  ( -9.614813431917789401E-15, 1.000000000000000000, 0.000000000000000000 ) ) ;
#4833 = DIRECTION ( 'NONE',  ( -0.8660254037844383745, -0.5000000000000003331, 0.000000000000000000 ) ) ;
#4834 = VECTOR ( 'NONE', #9600, 1000.000000000000114 ) ;
#4835 = CARTESIAN_POINT ( 'NONE',  ( -11.20000000000000462, 21.13619599600161436, 0.000000000000000000 ) ) ;
#4836 = LINE ( 'NONE', #17, #322 ) ;
#4837 =( NAMED_UNIT ( * ) PLANE_ANGLE_UNIT ( ) SI_UNIT ( $, .RADIAN. ) );
#4838 = ORIENTED_EDGE ( 'NONE', *, *, #1530, .F. ) ;
#4839 = LINE ( 'NONE', #1035, #4850 ) ;
#4840 = LINE ( 'NONE', #1869, #12210 ) ;
#4841 = ORIENTED_EDGE ( 'NONE', *, *, #3779, .T. ) ;
#4842 = ADVANCED_FACE ( 'NONE', ( #1255 ), #5122, .T. ) ;
#4843 = CARTESIAN_POINT ( 'NONE',  ( 21.49999999999998579, 20.44337567297409208, 0.4500000000000000111 ) ) ;
#4844 = AXIS2_PLACEMENT_3D ( 'NONE', #12304, #3600, #4487 ) ;
#4845 = VERTEX_POINT ( 'NONE', #4284 ) ;
#4846 = CARTESIAN_POINT ( 'NONE',  ( 32.99999999999999289, 25.99999999999999645, 0.000000000000000000 ) ) ;
#4847 = ORIENTED_EDGE ( 'NONE', *, *, #2296, .F. ) ;
#4848 = CARTESIAN_POINT ( 'NONE',  ( 20.73205080756889984, 17.99999999999999645, 0.4500000000000000111 ) ) ;
#4849 = VECTOR ( 'NONE', #98, 1000.000000000000000 ) ;
#4850 = VECTOR ( 'NONE', #2752, 1000.000000000000000 ) ;
#4851 = PLANE ( 'NONE',  #2383 ) ;
#4852 = CARTESIAN_POINT ( 'NONE',  ( 32.99999999999999289, 18.00000000000000355, 0.000000000000000000 ) ) ;
#4853 = EDGE_CURVE ( 'NONE', #11685, #5893, #8999, .T. ) ;
#4854 = DIRECTION ( 'NONE',  ( 0.4999999999999985012, 0.8660254037844395958, 0.000000000000000000 ) ) ;
#4855 = ORIENTED_EDGE ( 'NONE', *, *, #171, .F. ) ;
#4856 = DIRECTION ( 'NONE',  ( 9.614813431917789401E-15, 1.000000000000000000, 0.000000000000000000 ) ) ;
#4857 = VERTEX_POINT ( 'NONE', #6081 ) ;
#4858 = LINE ( 'NONE', #1885, #4228 ) ;
#4859 = LINE ( 'NONE', #4922, #5525 ) ;
#4860 = VECTOR ( 'NONE', #3820, 1000.000000000000000 ) ;
#4861 = ORIENTED_EDGE ( 'NONE', *, *, #10317, .F. ) ;
#4862 = LINE ( 'NONE', #6711, #3364 ) ;
#4863 = ORIENTED_EDGE ( 'NONE', *, *, #5588, .F. ) ;
#4864 = DIRECTION ( 'NONE',  ( 0.8660254037844394848, -0.4999999999999985012, 0.000000000000000000 ) ) ;
#4865 = LINE ( 'NONE', #1135, #10451 ) ;
#4866 = ADVANCED_FACE ( 'NONE', ( #2323 ), #6896, .T. ) ;
#4867 = ADVANCED_FACE ( 'NONE', ( #416 ), #7151, .F. ) ;
#4868 = CARTESIAN_POINT ( 'NONE',  ( 20.24999999999998224, 19.72168783648705315, 0.4500000000000000111 ) ) ;
#4869 = LINE ( 'NONE', #4230, #5619 ) ;
#4870 = CARTESIAN_POINT ( 'NONE',  ( 26.84999999999997300, 18.27831216351298238, 0.000000000000000000 ) ) ;
#4871 = LINE ( 'NONE', #3922, #9053 ) ;
#4872 = ORIENTED_EDGE ( 'NONE', *, *, #3000, .T. ) ;
#4873 = AXIS2_PLACEMENT_3D ( 'NONE', #9686, #10640, #3845 ) ;
#4874 = ORIENTED_EDGE ( 'NONE', *, *, #7260, .F. ) ;
#4875 = EDGE_CURVE ( 'NONE', #2855, #11570, #3151, .T. ) ;
#4876 = ORIENTED_EDGE ( 'NONE', *, *, #7456, .T. ) ;
#4877 = DIRECTION ( 'NONE',  ( -0.8660254037844383745, -0.5000000000000003331, 0.000000000000000000 ) ) ;
#4878 = ORIENTED_EDGE ( 'NONE', *, *, #3747, .F. ) ;
#4879 = EDGE_CURVE ( 'NONE', #7307, #523, #2206, .T. ) ;
#4880 = ORIENTED_EDGE ( 'NONE', *, *, #9517, .T. ) ;
#4881 = EDGE_CURVE ( 'NONE', #2709, #3943, #5939, .T. ) ;
#4882 = ORIENTED_EDGE ( 'NONE', *, *, #5702, .T. ) ;
#4883 = VECTOR ( 'NONE', #8290, 1000.000000000000000 ) ;
#4884 = PLANE ( 'NONE',  #8397 ) ;
#4885 = CARTESIAN_POINT ( 'NONE',  ( 28.49999999999997158, 21.13619599600163212, 0.4500000000000000111 ) ) ;
#4886 = CARTESIAN_POINT ( 'NONE',  ( -19.45000000000001705, 25.43745550146433843, 0.000000000000000000 ) ) ;
#4887 = CARTESIAN_POINT ( 'NONE',  ( 29.74999999999998934, 20.41450815951459319, 0.4500000000000000111 ) ) ;
#4888 = ORIENTED_EDGE ( 'NONE', *, *, #8522, .T. ) ;
#4889 = DIRECTION ( 'NONE',  ( 0.000000000000000000, 1.000000000000000000, 0.000000000000000000 ) ) ;
#4890 = FACE_BOUND ( 'NONE', #3263, .T. ) ;
#4891 = VERTEX_POINT ( 'NONE', #7090 ) ;
#4892 = VERTEX_POINT ( 'NONE', #8941 ) ;
#4893 = ADVANCED_FACE ( 'NONE', ( #172 ), #10075, .T. ) ;
#4894 = DIRECTION ( 'NONE',  ( -9.614813431917789401E-15, -1.000000000000000000, 0.000000000000000000 ) ) ;
#4895 = DIRECTION ( 'NONE',  ( 0.8660254037844393737, 0.4999999999999985012, 0.000000000000000000 ) ) ;
#4896 = CARTESIAN_POINT ( 'NONE',  ( 19.45000000000001705, 19.72168783648704249, 0.000000000000000000 ) ) ;
#4897 = LINE ( 'NONE', #2178, #1114 ) ;
#4898 = EDGE_CURVE ( 'NONE', #10333, #3612, #11978, .T. ) ;
#4899 = DIRECTION ( 'NONE',  ( 0.8660254037844383745, -0.5000000000000003331, 0.000000000000000000 ) ) ;
#4900 = CALENDAR_DATE ( 2026, 4, 4 ) ;
#4901 = VERTEX_POINT ( 'NONE', #2073 ) ;
#4902 = LINE ( 'NONE', #9611, #8135 ) ;
#4903 = EDGE_CURVE ( 'NONE', #3530, #11580, #2264, .T. ) ;
#4904 = VECTOR ( 'NONE', #10874, 1000.000000000000000 ) ;
#4905 = CARTESIAN_POINT ( 'NONE',  ( -34.29999999999999005, 21.13619599600162502, 0.4500000000000000111 ) ) ;
#4906 = ORIENTED_EDGE ( 'NONE', *, *, #568, .T. ) ;
#4907 = CARTESIAN_POINT ( 'NONE',  ( 12.85000000000001918, 19.72168783648703894, 0.000000000000000000 ) ) ;
#4908 = VERTEX_POINT ( 'NONE', #1129 ) ;
#4909 = VERTEX_POINT ( 'NONE', #4992 ) ;
#4910 = FACE_OUTER_BOUND ( 'NONE', #11070, .T. ) ;
#4911 = DIRECTION ( 'NONE',  ( 0.000000000000000000, 0.000000000000000000, -1.000000000000000000 ) ) ;
#4912 = ORIENTED_EDGE ( 'NONE', *, *, #11390, .F. ) ;
#4913 = VECTOR ( 'NONE', #11601, 1000.000000000000114 ) ;
#4914 = CYLINDRICAL_SURFACE ( 'NONE', #4580, 3.999999999999996447 ) ;
#4915 = DIRECTION ( 'NONE',  ( 0.000000000000000000, 0.000000000000000000, -1.000000000000000000 ) ) ;
#4916 = LINE ( 'NONE', #8800, #12390 ) ;
#4917 = FACE_OUTER_BOUND ( 'NONE', #6336, .T. ) ;
#4918 = VERTEX_POINT ( 'NONE', #9117 ) ;
#4919 = FACE_OUTER_BOUND ( 'NONE', #3003, .T. ) ;
#4920 = EDGE_LOOP ( 'NONE', ( #12533, #557, #5660, #8785 ) ) ;
#4921 = DIRECTION ( 'NONE',  ( 0.000000000000000000, 0.000000000000000000, -1.000000000000000000 ) ) ;
#4922 = CARTESIAN_POINT ( 'NONE',  ( 35.94999999999999574, 24.70138853184801775, 0.4500000000000000111 ) ) ;
#4923 = ORIENTED_EDGE ( 'NONE', *, *, #1102, .F. ) ;
#4924 = EDGE_CURVE ( 'NONE', #9627, #2665, #5239, .T. ) ;
#4925 = CARTESIAN_POINT ( 'NONE',  ( 29.34999999999999432, 23.99407982849027476, 0.4500000000000000111 ) ) ;
#4926 = ORIENTED_EDGE ( 'NONE', *, *, #891, .F. ) ;
#4927 = CARTESIAN_POINT ( 'NONE',  ( 16.15000000000001279, 25.43745550146433132, 0.4500000000000000111 ) ) ;
#4928 = FACE_OUTER_BOUND ( 'NONE', #3977, .T. ) ;
#4929 = CARTESIAN_POINT ( 'NONE',  ( 34.30000000000000426, 22.57957166897569223, 0.4500000000000000111 ) ) ;
#4930 = DIRECTION ( 'NONE',  ( -0.8660254037844387076, 0.4999999999999997224, 0.000000000000000000 ) ) ;
#4931 = CARTESIAN_POINT ( 'NONE',  ( -20.24999999999997513, 23.99407982849027476, 0.000000000000000000 ) ) ;
#4932 = CIRCLE ( 'NONE', #12443, 3.999999999999996447 ) ;
#4933 = FACE_OUTER_BOUND ( 'NONE', #3360, .T. ) ;
#4934 = ORIENTED_EDGE ( 'NONE', *, *, #8190, .F. ) ;
#4935 = ORIENTED_EDGE ( 'NONE', *, *, #8086, .T. ) ;
#4936 = ORIENTED_EDGE ( 'NONE', *, *, #4769, .T. ) ;
#4937 = VECTOR ( 'NONE', #6906, 1000.000000000000000 ) ;
#4938 = LINE ( 'NONE', #3041, #10529 ) ;
#4939 = VERTEX_POINT ( 'NONE', #11790 ) ;
#4940 = ADVANCED_FACE ( 'NONE', ( #9895 ), #3085, .T. ) ;
#4941 = VERTEX_POINT ( 'NONE', #7974 ) ;
#4942 = ORIENTED_EDGE ( 'NONE', *, *, #2700, .T. ) ;
#4943 = VECTOR ( 'NONE', #7078, 1000.000000000000000 ) ;
#4944 = DIRECTION ( 'NONE',  ( 0.000000000000000000, 0.000000000000000000, 1.000000000000000000 ) ) ;
#4945 = PLANE ( 'NONE',  #11656 ) ;
#4946 = VECTOR ( 'NONE', #11082, 1000.000000000000000 ) ;
#4947 = EDGE_CURVE ( 'NONE', #1881, #4816, #1193, .T. ) ;
#4948 = EDGE_CURVE ( 'NONE', #4765, #11260, #1312, .T. ) ;
#4949 = DIRECTION ( 'NONE',  ( 0.4999999999999997224, -0.8660254037844388186, -0.000000000000000000 ) ) ;
#4950 = DIRECTION ( 'NONE',  ( -0.4999999999999985567, 0.8660254037844394848, 0.000000000000000000 ) ) ;
#4951 = ORIENTED_EDGE ( 'NONE', *, *, #9909, .F. ) ;
#4952 = FACE_OUTER_BOUND ( 'NONE', #6400, .T. ) ;
#4953 = PLANE ( 'NONE',  #1994 ) ;
#4954 = VECTOR ( 'NONE', #8446, 1000.000000000000114 ) ;
#4955 = ORIENTED_EDGE ( 'NONE', *, *, #4956, .F. ) ;
#4956 = EDGE_CURVE ( 'NONE', #12509, #9345, #4602, .T. ) ;
#4957 = VERTEX_POINT ( 'NONE', #6513 ) ;
#4958 = VECTOR ( 'NONE', #1907, 1000.000000000000000 ) ;
#4959 = CARTESIAN_POINT ( 'NONE',  ( 24.79999999999998295, 20.44337567297409208, 0.4500000000000000111 ) ) ;
#4960 = CARTESIAN_POINT ( 'NONE',  ( -27.33205080756887639, 18.00000000000000355, 0.000000000000000000 ) ) ;
#4961 = CARTESIAN_POINT ( 'NONE',  ( -29.34999999999999432, 18.27831216351297527, 0.4500000000000000111 ) ) ;
#4962 = CARTESIAN_POINT ( 'NONE',  ( -33.04999999999997584, 23.30125950546274183, 0.000000000000000000 ) ) ;
#4963 = DIRECTION ( 'NONE',  ( -0.8660254037844393737, 0.4999999999999985012, 0.000000000000000000 ) ) ;
#4964 = PERSON_AND_ORGANIZATION_ROLE ( 'creator' ) ;
#4965 = AXIS2_PLACEMENT_3D ( 'NONE', #2108, #3950, #6869 ) ;
#4966 = ORIENTED_EDGE ( 'NONE', *, *, #3171, .T. ) ;
#4967 = EDGE_CURVE ( 'NONE', #3328, #6346, #2508, .T. ) ;
#4968 =( GEOMETRIC_REPRESENTATION_CONTEXT ( 3 ) GLOBAL_UNCERTAINTY_ASSIGNED_CONTEXT ( ( #468 ) ) GLOBAL_UNIT_ASSIGNED_CONTEXT ( ( #6744, #4837, #2935 ) ) REPRESENTATION_CONTEXT ( 'NONE', 'WORKASPACE' ) );
#4969 = DIRECTION ( 'NONE',  ( 0.000000000000000000, 0.000000000000000000, -1.000000000000000000 ) ) ;
#4970 = DIRECTION ( 'NONE',  ( 0.8660254037844387076, 0.4999999999999997224, 0.000000000000000000 ) ) ;
#4971 = VERTEX_POINT ( 'NONE', #10386 ) ;
#4972 = DIRECTION ( 'NONE',  ( 0.5000000000000004441, -0.8660254037844384856, 0.000000000000000000 ) ) ;
#4973 = ORIENTED_EDGE ( 'NONE', *, *, #6385, .F. ) ;
#4974 = ORIENTED_EDGE ( 'NONE', *, *, #11667, .T. ) ;
#4975 = DIRECTION ( 'NONE',  ( 9.614813431917789401E-15, -1.000000000000000000, 0.000000000000000000 ) ) ;
#4976 = AXIS2_PLACEMENT_3D ( 'NONE', #3380, #9165, #4921 ) ;
#4977 = CARTESIAN_POINT ( 'NONE',  ( -16.54999999999999716, 20.41450815951458608, 0.4500000000000000111 ) ) ;
#4978 = ORIENTED_EDGE ( 'NONE', *, *, #11569, .T. ) ;
#4979 = DIRECTION ( 'NONE',  ( 0.5000000000000004441, -0.8660254037844384856, 0.000000000000000000 ) ) ;
#4980 = VECTOR ( 'NONE', #1746, 1000.000000000000000 ) ;
#4981 = VECTOR ( 'NONE', #10083, 1000.000000000000000 ) ;
#4982 = AXIS2_PLACEMENT_3D ( 'NONE', #7543, #11418, #7295 ) ;
#4983 = DIRECTION ( 'NONE',  ( 0.000000000000000000, -0.000000000000000000, 1.000000000000000000 ) ) ;
#4984 = DIRECTION ( 'NONE',  ( 0.000000000000000000, -1.000000000000000000, 0.000000000000000000 ) ) ;
#4985 = AXIS2_PLACEMENT_3D ( 'NONE', #2013, #11313, #5882 ) ;
#4986 = CARTESIAN_POINT ( 'NONE',  ( -20.24999999999997513, 23.99407982849027476, 0.4500000000000000111 ) ) ;
#4987 = ORIENTED_EDGE ( 'NONE', *, *, #9740, .T. ) ;
#4988 = DIRECTION ( 'NONE',  ( 0.000000000000000000, -1.000000000000000000, 0.000000000000000000 ) ) ;
#4989 = ORIENTED_EDGE ( 'NONE', *, *, #727, .T. ) ;
#4990 = CARTESIAN_POINT ( 'NONE',  ( 34.69999999999998153, 20.44337567297409208, 0.000000000000000000 ) ) ;
#4991 = CIRCLE ( 'NONE', #6017, 6.600000000000008527 ) ;
#4992 = CARTESIAN_POINT ( 'NONE',  ( -10.34999999999998366, 25.43745550146434553, 0.000000000000000000 ) ) ;
#4993 = VERTEX_POINT ( 'NONE', #1630 ) ;
#4994 = DIRECTION ( 'NONE',  ( 0.8660254037844394848, -0.4999999999999985012, 0.000000000000000000 ) ) ;
#4995 = VERTEX_POINT ( 'NONE', #2640 ) ;
#4996 = CARTESIAN_POINT ( 'NONE',  ( 10.34999999999998721, 19.72168783648705315, 0.4500000000000000111 ) ) ;
#4997 = DIRECTION ( 'NONE',  ( 0.8660254037844393737, -0.4999999999999985012, 0.000000000000000000 ) ) ;
#4998 = CARTESIAN_POINT ( 'NONE',  ( 33.44999999999998153, 19.72168783648705670, 0.000000000000000000 ) ) ;
#4999 = LINE ( 'NONE', #11799, #2785 ) ;
#5000 = LINE ( 'NONE', #10843, #9353 ) ;
#5001 = DIRECTION ( 'NONE',  ( 0.8660254037844394848, -0.4999999999999985012, 0.000000000000000000 ) ) ;
#5002 = ORIENTED_EDGE ( 'NONE', *, *, #3707, .T. ) ;
#5003 = ORIENTED_EDGE ( 'NONE', *, *, #8912, .T. ) ;
#5004 = VERTEX_POINT ( 'NONE', #7212 ) ;
#5005 = EDGE_CURVE ( 'NONE', #2906, #10175, #12103, .T. ) ;
#5006 = PLANE ( 'NONE',  #9720 ) ;
#5007 = VERTEX_POINT ( 'NONE', #10325 ) ;
#5008 = EDGE_CURVE ( 'NONE', #5875, #10870, #12035, .T. ) ;
#5009 = ORIENTED_EDGE ( 'NONE', *, *, #7839, .F. ) ;
#5010 = ORIENTED_EDGE ( 'NONE', *, *, #11569, .F. ) ;
#5011 = AXIS2_PLACEMENT_3D ( 'NONE', #1860, #3638, #2684 ) ;
#5012 = ADVANCED_FACE ( 'NONE', ( #4537 ), #6260, .T. ) ;
#5013 = VECTOR ( 'NONE', #9705, 1000.000000000000114 ) ;
#5014 = FACE_OUTER_BOUND ( 'NONE', #11833, .T. ) ;
#5015 = DIRECTION ( 'NONE',  ( 0.8660254037844393737, -0.4999999999999985012, 0.000000000000000000 ) ) ;
#5016 = PLANE ( 'NONE',  #5948 ) ;
#5017 = DIRECTION ( 'NONE',  ( 0.000000000000000000, 0.000000000000000000, -1.000000000000000000 ) ) ;
#5018 = ORIENTED_EDGE ( 'NONE', *, *, #12201, .F. ) ;
#5019 = DIRECTION ( 'NONE',  ( -0.8660254037844383745, 0.5000000000000003331, 0.000000000000000000 ) ) ;
#5020 = VECTOR ( 'NONE', #6453, 1000.000000000000000 ) ;
#5021 = CARTESIAN_POINT ( 'NONE',  ( -14.50000000000000178, 21.13619599600161791, 0.4500000000000000111 ) ) ;
#5022 = ORIENTED_EDGE ( 'NONE', *, *, #6928, .T. ) ;
#5023 = VECTOR ( 'NONE', #7966, 1000.000000000000000 ) ;
#5024 = ADVANCED_FACE ( 'NONE', ( #8230 ), #5299, .T. ) ;
#5025 = VERTEX_POINT ( 'NONE', #1499 ) ;
#5026 = FACE_OUTER_BOUND ( 'NONE', #4690, .T. ) ;
#5027 = DIRECTION ( 'NONE',  ( -1.000000000000000000, 0.000000000000000000, 0.000000000000000000 ) ) ;
#5028 = CARTESIAN_POINT ( 'NONE',  ( -32.99999999999999289, 25.99999999999999645, 0.4500000000000000111 ) ) ;
#5029 = FACE_OUTER_BOUND ( 'NONE', #1749, .T. ) ;
#5030 = CARTESIAN_POINT ( 'NONE',  ( 31.39999999999997726, 20.44337567297409208, 0.4500000000000000111 ) ) ;
#5031 = EDGE_CURVE ( 'NONE', #11714, #2265, #12227, .T. ) ;
#5032 = VERTEX_POINT ( 'NONE', #5364 ) ;
#5033 = ADVANCED_FACE ( 'NONE', ( #740 ), #12294, .T. ) ;
#5034 = CARTESIAN_POINT ( 'NONE',  ( -18.59999999999998010, 22.57957166897570289, 0.4500000000000000111 ) ) ;
#5035 = DIRECTION ( 'NONE',  ( 0.000000000000000000, -1.000000000000000000, 0.000000000000000000 ) ) ;
#5036 = ORIENTED_EDGE ( 'NONE', *, *, #4411, .T. ) ;
#5037 = CARTESIAN_POINT ( 'NONE',  ( 28.86794919243110158, 18.00000000000000355, 0.4500000000000000111 ) ) ;
#5038 = ORIENTED_EDGE ( 'NONE', *, *, #2453, .T. ) ;
#5039 = ORIENTED_EDGE ( 'NONE', *, *, #4023, .F. ) ;
#5040 = EDGE_CURVE ( 'NONE', #3365, #3067, #3335, .T. ) ;
#5041 = VERTEX_POINT ( 'NONE', #1433 ) ;
#5042 = AXIS2_PLACEMENT_3D ( 'NONE', #12440, #12508, #2726 ) ;
#5043 = CARTESIAN_POINT ( 'NONE',  ( -26.04999999999999716, 23.99407982849027121, 0.000000000000000000 ) ) ;
#5044 = LINE ( 'NONE', #3262, #4203 ) ;
#5045 = ORIENTED_EDGE ( 'NONE', *, *, #9824, .F. ) ;
#5046 = EDGE_CURVE ( 'NONE', #3914, #454, #11212, .T. ) ;
#5047 = EDGE_CURVE ( 'NONE', #441, #8637, #4344, .T. ) ;
#5048 = EDGE_CURVE ( 'NONE', #9177, #10113, #3399, .T. ) ;
#5049 = CARTESIAN_POINT ( 'NONE',  ( -28.49999999999997158, 21.13619599600163212, 0.000000000000000000 ) ) ;
#5050 = CARTESIAN_POINT ( 'NONE',  ( -28.09999999999998010, 20.44337567297409208, 0.000000000000000000 ) ) ;
#5051 = VECTOR ( 'NONE', #8892, 1000.000000000000000 ) ;
#5052 = LINE ( 'NONE', #3268, #8339 ) ;
#5053 = CARTESIAN_POINT ( 'NONE',  ( 8.861963764628281837, 25.83469340716842311, 0.4500000000000000111 ) ) ;
#5054 = ORIENTED_EDGE ( 'NONE', *, *, #2421, .T. ) ;
#5055 = DIRECTION ( 'NONE',  ( 0.4999999999999985012, 0.8660254037844395958, 0.000000000000000000 ) ) ;
#5056 = EDGE_LOOP ( 'NONE', ( #6689, #11116, #1962, #6214, #12112, #11228, #2011 ) ) ;
#5057 = CARTESIAN_POINT ( 'NONE',  ( 28.09999999999998010, 20.44337567297409208, 0.000000000000000000 ) ) ;
#5058 = EDGE_LOOP ( 'NONE', ( #1535, #12235, #1205, #2514, #12039, #3555, #8055 ) ) ;
#5059 = ADVANCED_FACE ( 'NONE', ( #4475 ), #12165, .T. ) ;
#5060 = AXIS2_PLACEMENT_3D ( 'NONE', #2262, #6197, #290 ) ;
#5061 = LINE ( 'NONE', #10837, #8237 ) ;
#5062 = ORIENTED_EDGE ( 'NONE', *, *, #585, .F. ) ;
#5063 = LINE ( 'NONE', #11858, #10225 ) ;
#5064 = CARTESIAN_POINT ( 'NONE',  ( 30.14999999999997371, 25.43745550146435619, 0.4500000000000000111 ) ) ;
#5065 = EDGE_CURVE ( 'NONE', #4630, #9529, #8356, .T. ) ;
#5066 = FACE_OUTER_BOUND ( 'NONE', #12516, .T. ) ;
#5067 = DIRECTION ( 'NONE',  ( -0.8660254037844393737, -0.4999999999999985012, 0.000000000000000000 ) ) ;
#5068 = LINE ( 'NONE', #113, #5156 ) ;
#5069 = EDGE_CURVE ( 'NONE', #4113, #3468, #11277, .T. ) ;
#5070 = CARTESIAN_POINT ( 'NONE',  ( 22.75000000000001421, 19.72168783648704249, 0.4500000000000000111 ) ) ;
#5071 = EDGE_LOOP ( 'NONE', ( #2159, #10030, #5036, #5603, #10064, #2806 ) ) ;
#5072 = ORIENTED_EDGE ( 'NONE', *, *, #10897, .T. ) ;
#5074 = AXIS2_PLACEMENT_3D ( 'NONE', #455, #8203, #12079 ) ;
#5073 = DIRECTION ( 'NONE',  ( -0.4999999999999997224, -0.8660254037844388186, 0.000000000000000000 ) ) ;
#5075 = ORIENTED_EDGE ( 'NONE', *, *, #3384, .F. ) ;
#5076 = ORIENTED_EDGE ( 'NONE', *, *, #3563, .T. ) ;
#5077 = ORIENTED_EDGE ( 'NONE', *, *, #10990, .T. ) ;
#5078 = DIRECTION ( 'NONE',  ( -0.8660254037844388186, -0.4999999999999997224, 0.000000000000000000 ) ) ;
#5079 = CARTESIAN_POINT ( 'NONE',  ( 31.39999999999997726, 20.44337567297409208, 0.4500000000000000111 ) ) ;
#5080 = CARTESIAN_POINT ( 'NONE',  ( -17.80000000000000426, 21.13619599600161791, 0.000000000000000000 ) ) ;
#5081 = VECTOR ( 'NONE', #2768, 1000.000000000000000 ) ;
#5082 = EDGE_CURVE ( 'NONE', #4448, #4060, #5735, .T. ) ;
#5083 = CARTESIAN_POINT ( 'NONE',  ( -11.99999999999998401, 21.13619599600162502, 0.4500000000000000111 ) ) ;
#5084 = ORIENTED_EDGE ( 'NONE', *, *, #8656, .F. ) ;
#5085 = FACE_OUTER_BOUND ( 'NONE', #2156, .T. ) ;
#5086 = LINE ( 'NONE', #4068, #5841 ) ;
#5087 = ORIENTED_EDGE ( 'NONE', *, *, #160, .T. ) ;
#5088 = ORIENTED_EDGE ( 'NONE', *, *, #2091, .F. ) ;
#5089 = DIRECTION ( 'NONE',  ( -0.8660254037844393737, 0.4999999999999985012, 0.000000000000000000 ) ) ;
#5090 = VECTOR ( 'NONE', #7642, 1000.000000000000000 ) ;
#5091 = LINE ( 'NONE', #329, #6365 ) ;
#5092 = CARTESIAN_POINT ( 'NONE',  ( -11.32435565298208324, 25.99999999999999645, 0.4500000000000000111 ) ) ;
#5093 = EDGE_CURVE ( 'NONE', #8438, #8250, #6696, .T. ) ;
#5094 = DIRECTION ( 'NONE',  ( -0.8660254037844393737, -0.4999999999999985012, 0.000000000000000000 ) ) ;
#5095 = EDGE_CURVE ( 'NONE', #9163, #5032, #6636, .T. ) ;
#5096 = LINE ( 'NONE', #270, #3560 ) ;
#5097 = VERTEX_POINT ( 'NONE', #5677 ) ;
#5098 = LINE ( 'NONE', #3193, #9123 ) ;
#5099 = DIRECTION ( 'NONE',  ( 0.4999999999999985012, 0.8660254037844395958, 0.000000000000000000 ) ) ;
#5100 = EDGE_CURVE ( 'NONE', #2023, #9743, #1873, .T. ) ;
#5101 = CARTESIAN_POINT ( 'NONE',  ( -10.34999999999998721, 19.72168783648705315, 0.4500000000000000111 ) ) ;
#5102 = VERTEX_POINT ( 'NONE', #3900 ) ;
#5103 = ORIENTED_EDGE ( 'NONE', *, *, #12180, .F. ) ;
#5104 = VERTEX_POINT ( 'NONE', #9562 ) ;
#5105 = LINE ( 'NONE', #1298, #6575 ) ;
#5106 = EDGE_CURVE ( 'NONE', #2152, #5441, #857, .T. ) ;
#5107 = DIRECTION ( 'NONE',  ( -0.8660254037844387076, 0.4999999999999997224, 0.000000000000000000 ) ) ;
#5108 = VERTEX_POINT ( 'NONE', #7527 ) ;
#5109 = PLANE ( 'NONE',  #11056 ) ;
#5110 = VECTOR ( 'NONE', #9934, 1000.000000000000114 ) ;
#5111 = ADVANCED_FACE ( 'NONE', ( #12475 ), #6753, .T. ) ;
#5112 = VECTOR ( 'NONE', #45, 1000.000000000000114 ) ;
#5113 = CARTESIAN_POINT ( 'NONE',  ( 26.04999999999999716, 18.27831216351297527, 0.4500000000000000111 ) ) ;
#5114 = ADVANCED_FACE ( 'NONE', ( #4723 ), #7650, .T. ) ;
#5115 = LINE ( 'NONE', #6194, #4477 ) ;
#5116 = EDGE_CURVE ( 'NONE', #10905, #11288, #801, .T. ) ;
#5117 = FACE_OUTER_BOUND ( 'NONE', #9531, .T. ) ;
#5118 = ORIENTED_EDGE ( 'NONE', *, *, #1080, .T. ) ;
#5119 = DIRECTION ( 'NONE',  ( 0.8660254037844393737, 0.4999999999999985012, 0.000000000000000000 ) ) ;
#5120 = ORIENTED_EDGE ( 'NONE', *, *, #11561, .F. ) ;
#5121 = VECTOR ( 'NONE', #813, 1000.000000000000000 ) ;
#5122 = PLANE ( 'NONE',  #2886 ) ;
#5123 = ORIENTED_EDGE ( 'NONE', *, *, #10624, .F. ) ;
#5124 = LINE ( 'NONE', #6146, #10467 ) ;
#5125 = ORIENTED_EDGE ( 'NONE', *, *, #11324, .T. ) ;
#5126 = CARTESIAN_POINT ( 'NONE',  ( 27.69999999999999574, 21.13619599600162502, 0.4500000000000000111 ) ) ;
#5127 = DIRECTION ( 'NONE',  ( 0.000000000000000000, 0.000000000000000000, -1.000000000000000000 ) ) ;
#5128 = LINE ( 'NONE', #10022, #2910 ) ;
#5129 = LINE ( 'NONE', #9008, #10156 ) ;
#5130 = CARTESIAN_POINT ( 'NONE',  ( -9.550000000000004263, 23.99407982849026411, 0.4500000000000000111 ) ) ;
#5131 = ORIENTED_EDGE ( 'NONE', *, *, #4967, .T. ) ;
#5132 = AXIS2_PLACEMENT_3D ( 'NONE', #7859, #7921, #4808 ) ;
#5133 = EDGE_CURVE ( 'NONE', #8790, #11866, #8602, .T. ) ;
#5134 = ORIENTED_EDGE ( 'NONE', *, *, #10448, .T. ) ;
#5135 = CARTESIAN_POINT ( 'NONE',  ( 18.19999999999999574, 23.27239199200323938, 0.4500000000000000111 ) ) ;
#5136 = ORIENTED_EDGE ( 'NONE', *, *, #7803, .T. ) ;
#5137 = ORIENTED_EDGE ( 'NONE', *, *, #12459, .F. ) ;
#5138 = VERTEX_POINT ( 'NONE', #12537 ) ;
#5139 = CARTESIAN_POINT ( 'NONE',  ( -27.69999999999999574, 21.13619599600162502, 0.4500000000000000111 ) ) ;
#5140 = FACE_OUTER_BOUND ( 'NONE', #899, .T. ) ;
#5141 = CARTESIAN_POINT ( 'NONE',  ( 17.80000000000000426, 21.13619599600161791, 0.4500000000000000111 ) ) ;
#5142 = FACE_OUTER_BOUND ( 'NONE', #2026, .T. ) ;
#5143 = DIRECTION ( 'NONE',  ( -0.4999999999999985567, 0.8660254037844394848, 0.000000000000000000 ) ) ;
#5144 = ORIENTED_EDGE ( 'NONE', *, *, #9597, .T. ) ;
#5145 = DIRECTION ( 'NONE',  ( -0.4999999999999985012, 0.8660254037844395958, 0.000000000000000000 ) ) ;
#5146 = DIRECTION ( 'NONE',  ( -0.8660254037844383745, -0.5000000000000003331, 0.000000000000000000 ) ) ;
#5147 = ORIENTED_EDGE ( 'NONE', *, *, #6360, .F. ) ;
#5148 = VECTOR ( 'NONE', #11123, 1000.000000000000000 ) ;
#5149 = VERTEX_POINT ( 'NONE', #2949 ) ;
#5150 = CARTESIAN_POINT ( 'NONE',  ( 30.14999999999997371, 25.43745550146435619, 0.4500000000000000111 ) ) ;
#5151 = LINE ( 'NONE', #3187, #1534 ) ;
#5152 = FACE_OUTER_BOUND ( 'NONE', #12424, .T. ) ;
#5153 = CARTESIAN_POINT ( 'NONE',  ( 20.24999999999998224, 18.27831216351297883, 0.4500000000000000111 ) ) ;
#5154 = COORDINATED_UNIVERSAL_TIME_OFFSET ( 1, 0, .AHEAD. ) ;
#5155 = ORIENTED_EDGE ( 'NONE', *, *, #10910, .T. ) ;
#5156 = VECTOR ( 'NONE', #9832, 1000.000000000000114 ) ;
#5157 = DIRECTION ( 'NONE',  ( 0.000000000000000000, -1.000000000000000000, 0.000000000000000000 ) ) ;
#5158 = CARTESIAN_POINT ( 'NONE',  ( -31.00000000000000711, 22.57957166897569223, 0.000000000000000000 ) ) ;
#5159 = DIRECTION ( 'NONE',  ( 0.000000000000000000, 0.000000000000000000, -1.000000000000000000 ) ) ;
#5160 = AXIS2_PLACEMENT_3D ( 'NONE', #4512, #10169, #7313 ) ;
#5161 = ORIENTED_EDGE ( 'NONE', *, *, #4386, .T. ) ;
#5162 = VERTEX_POINT ( 'NONE', #3838 ) ;
#5163 = EDGE_CURVE ( 'NONE', #10660, #2261, #7708, .T. ) ;
#5164 = EDGE_LOOP ( 'NONE', ( #9998, #566, #3009, #9474, #1595, #4874 ) ) ;
#5165 = FACE_OUTER_BOUND ( 'NONE', #808, .T. ) ;
#5166 = CARTESIAN_POINT ( 'NONE',  ( 19.45000000000000284, 18.27831216351297172, 0.4500000000000000111 ) ) ;
#5167 = ORIENTED_EDGE ( 'NONE', *, *, #10605, .T. ) ;
#5168 = VECTOR ( 'NONE', #4200, 1000.000000000000114 ) ;
#5169 = CARTESIAN_POINT ( 'NONE',  ( -14.89999999999998792, 20.44337567297408498, 0.4500000000000000111 ) ) ;
#5170 = EDGE_CURVE ( 'NONE', #10597, #12119, #5800, .T. ) ;
#5171 = AXIS2_PLACEMENT_3D ( 'NONE', #12311, #10470, #759 ) ;
#5172 = CARTESIAN_POINT ( 'NONE',  ( -11.59999999999999964, 23.27239199200323228, 0.000000000000000000 ) ) ;
#5173 = CARTESIAN_POINT ( 'NONE',  ( -28.86794919243110158, 18.00000000000000355, 0.4500000000000000111 ) ) ;
#5174 = EDGE_CURVE ( 'NONE', #5801, #10025, #9680, .T. ) ;
#5175 = LINE ( 'NONE', #1189, #11495 ) ;
#5176 = ORIENTED_EDGE ( 'NONE', *, *, #1629, .T. ) ;
#5177 = DIRECTION ( 'NONE',  ( 0.8660254037844383745, -0.5000000000000003331, 0.000000000000000000 ) ) ;
#5178 = AXIS2_PLACEMENT_3D ( 'NONE', #2286, #3121, #3948 ) ;
#5179 = ORIENTED_EDGE ( 'NONE', *, *, #9841, .F. ) ;
#5180 = EDGE_CURVE ( 'NONE', #9983, #11288, #6822, .T. ) ;
#5181 = CARTESIAN_POINT ( 'NONE',  ( -9.550000000000004263, 23.99407982849026411, 0.4500000000000000111 ) ) ;
#5182 = EDGE_LOOP ( 'NONE', ( #8087, #7101, #11613, #6879 ) ) ;
#5183 = DIRECTION ( 'NONE',  ( -1.000000000000000000, 9.614813431917789401E-15, 0.000000000000000000 ) ) ;
#5184 = VERTEX_POINT ( 'NONE', #10449 ) ;
#5185 = VECTOR ( 'NONE', #2848, 1000.000000000000000 ) ;
#5186 = VECTOR ( 'NONE', #4261, 1000.000000000000000 ) ;
#5187 = AXIS2_PLACEMENT_3D ( 'NONE', #12551, #709, #997 ) ;
#5188 = DIRECTION ( 'NONE',  ( -9.614813431917789401E-15, 1.000000000000000000, 0.000000000000000000 ) ) ;
#5189 = DIRECTION ( 'NONE',  ( 0.000000000000000000, -1.000000000000000000, -0.000000000000000000 ) ) ;
#5190 = CARTESIAN_POINT ( 'NONE',  ( -13.64999999999998437, 18.27831216351297883, 0.4500000000000000111 ) ) ;
#5191 = ADVANCED_FACE ( 'NONE', ( #10696 ), #1996, .T. ) ;
#5192 = LINE ( 'NONE', #2458, #5394 ) ;
#5193 = ORIENTED_EDGE ( 'NONE', *, *, #2254, .F. ) ;
#5194 = ADVANCED_FACE ( 'NONE', ( #8485 ), #5864, .T. ) ;
#5195 = EDGE_LOOP ( 'NONE', ( #7956, #10579, #3403, #11527 ) ) ;
#5196 = VECTOR ( 'NONE', #8818, 1000.000000000000114 ) ;
#5197 = DIRECTION ( 'NONE',  ( 0.8660254037844393737, 0.4999999999999985012, 0.000000000000000000 ) ) ;
#5198 = ORIENTED_EDGE ( 'NONE', *, *, #3098, .T. ) ;
#5199 = ORIENTED_EDGE ( 'NONE', *, *, #7521, .T. ) ;
#5200 = ORIENTED_EDGE ( 'NONE', *, *, #7886, .F. ) ;
#5201 = EDGE_CURVE ( 'NONE', #12324, #9408, #12415, .T. ) ;
#5202 = DIRECTION ( 'NONE',  ( -0.8660254037844394848, 0.4999999999999984457, 0.000000000000000000 ) ) ;
#5203 = DIRECTION ( 'NONE',  ( 0.4999999999999997224, -0.8660254037844388186, -0.000000000000000000 ) ) ;
#5204 = EDGE_CURVE ( 'NONE', #2665, #667, #4213, .T. ) ;
#5205 = FACE_BOUND ( 'NONE', #8355, .T. ) ;
#5206 = CARTESIAN_POINT ( 'NONE',  ( -22.26794919243111792, 18.00000000000000355, 0.4500000000000000111 ) ) ;
#5207 = CARTESIAN_POINT ( 'NONE',  ( -7.049999999999990941, 19.29861146815199291, 0.4500000000000000111 ) ) ;
#5208 = ORIENTED_EDGE ( 'NONE', *, *, #8222, .F. ) ;
#5209 = DIRECTION ( 'NONE',  ( -1.000000000000000000, 9.614813431917789401E-15, 0.000000000000000000 ) ) ;
#5210 = CARTESIAN_POINT ( 'NONE',  ( 32.64999999999999147, 18.27831216351297527, 0.4500000000000000111 ) ) ;
#5211 = ORIENTED_EDGE ( 'NONE', *, *, #3946, .T. ) ;
#5212 = ORIENTED_EDGE ( 'NONE', *, *, #9931, .T. ) ;
#5213 = FACE_OUTER_BOUND ( 'NONE', #11767, .T. ) ;
#5214 = CARTESIAN_POINT ( 'NONE',  ( -7.049999999999990052, 19.72168783648704959, 0.4500000000000000111 ) ) ;
#5215 = LINE ( 'NONE', #8271, #10439 ) ;
#5216 = LINE ( 'NONE', #10170, #4322 ) ;
#5217 = PERSON_AND_ORGANIZATION ( #730, #5577 ) ;
#5218 = VERTEX_POINT ( 'NONE', #5999 ) ;
#5219 = VECTOR ( 'NONE', #6626, 1000.000000000000114 ) ;
#5220 = EDGE_CURVE ( 'NONE', #3782, #1509, #9901, .T. ) ;
#5221 = LINE ( 'NONE', #6431, #4258 ) ;
#5222 = VECTOR ( 'NONE', #2376, 1000.000000000000114 ) ;
#5223 = CARTESIAN_POINT ( 'NONE',  ( 11.59999999999999076, 20.44337567297408498, 0.4500000000000000111 ) ) ;
#5224 = ORIENTED_EDGE ( 'NONE', *, *, #4947, .T. ) ;
#5225 = EDGE_LOOP ( 'NONE', ( #7838, #11679, #9888, #413 ) ) ;
#5226 = DIRECTION ( 'NONE',  ( -0.8660254037844393737, 0.4999999999999985012, 0.000000000000000000 ) ) ;
#5227 = ORIENTED_EDGE ( 'NONE', *, *, #4641, .T. ) ;
#5228 = LINE ( 'NONE', #11075, #9820 ) ;
#5229 = FACE_OUTER_BOUND ( 'NONE', #2189, .T. ) ;
#5230 = ORIENTED_EDGE ( 'NONE', *, *, #3478, .F. ) ;
#5231 = PLANE ( 'NONE',  #8007 ) ;
#5232 = EDGE_CURVE ( 'NONE', #4630, #10819, #10894, .T. ) ;
#5233 = LINE ( 'NONE', #8037, #8888 ) ;
#5234 = DIRECTION ( 'NONE',  ( 0.000000000000000000, 0.000000000000000000, 1.000000000000000000 ) ) ;
#5235 = DIRECTION ( 'NONE',  ( 1.000000000000000000, 0.000000000000000000, 0.000000000000000000 ) ) ;
#5236 = ORIENTED_EDGE ( 'NONE', *, *, #8228, .F. ) ;
#5237 = CARTESIAN_POINT ( 'NONE',  ( -23.54999999999997584, 19.72168783648705670, 0.000000000000000000 ) ) ;
#5238 = ORIENTED_EDGE ( 'NONE', *, *, #5989, .T. ) ;
#5239 = LINE ( 'NONE', #8877, #9584 ) ;
#5240 = EDGE_LOOP ( 'NONE', ( #490, #7504, #3628, #5976 ) ) ;
#5241 = EDGE_CURVE ( 'NONE', #6528, #2709, #3072, .T. ) ;
#5242 = LINE ( 'NONE', #7215, #12292 ) ;
#5243 = EDGE_LOOP ( 'NONE', ( #4721, #11688, #11868, #10499 ) ) ;
#5244 = VECTOR ( 'NONE', #2397, 1000.000000000000000 ) ;
#5245 = ADVANCED_FACE ( 'NONE', ( #3964 ), #7016, .T. ) ;
#5246 = EDGE_CURVE ( 'NONE', #2261, #3910, #5044, .T. ) ;
#5247 = LINE ( 'NONE', #1260, #2688 ) ;
#5248 = DIRECTION ( 'NONE',  ( 0.8660254037844387076, 0.4999999999999997224, 0.000000000000000000 ) ) ;
#5249 = CARTESIAN_POINT ( 'NONE',  ( 30.14999999999997371, 23.99407982849028187, 0.000000000000000000 ) ) ;
#5250 = DIRECTION ( 'NONE',  ( 0.000000000000000000, 0.000000000000000000, -1.000000000000000000 ) ) ;
#5251 = EDGE_LOOP ( 'NONE', ( #10909, #10294, #3125, #1441, #739, #1663, #9940 ) ) ;
#5252 = ORIENTED_EDGE ( 'NONE', *, *, #6986, .F. ) ;
#5253 = FACE_OUTER_BOUND ( 'NONE', #3043, .T. ) ;
#5254 = VECTOR ( 'NONE', #5427, 1000.000000000000000 ) ;
#5255 = ORIENTED_EDGE ( 'NONE', *, *, #5270, .T. ) ;
#5256 = ORIENTED_EDGE ( 'NONE', *, *, #4640, .T. ) ;
#5257 = EDGE_CURVE ( 'NONE', #12356, #594, #11967, .T. ) ;
#5258 = VERTEX_POINT ( 'NONE', #5925 ) ;
#5259 = CARTESIAN_POINT ( 'NONE',  ( -34.69999999999998153, 23.27239199200324649, 0.4500000000000000111 ) ) ;
#5260 = DIRECTION ( 'NONE',  ( -0.8660254037844394848, -0.4999999999999985012, 0.000000000000000000 ) ) ;
#5261 = DIRECTION ( 'NONE',  ( -0.4999999999999985567, 0.8660254037844394848, 0.000000000000000000 ) ) ;
#5262 = VECTOR ( 'NONE', #8023, 1000.000000000000000 ) ;
#5263 = DIRECTION ( 'NONE',  ( 0.000000000000000000, 0.000000000000000000, -1.000000000000000000 ) ) ;
#5264 = EDGE_CURVE ( 'NONE', #795, #1632, #6881, .T. ) ;
#5265 = PLANE ( 'NONE',  #7648 ) ;
#5266 = ORIENTED_EDGE ( 'NONE', *, *, #10312, .F. ) ;
#5267 = VECTOR ( 'NONE', #2675, 1000.000000000000000 ) ;
#5268 = DIRECTION ( 'NONE',  ( -0.5000000000000004441, -0.8660254037844384856, 0.000000000000000000 ) ) ;
#5269 = EDGE_LOOP ( 'NONE', ( #5996, #9857, #7490, #6540 ) ) ;
#5270 = EDGE_CURVE ( 'NONE', #3537, #11557, #10063, .T. ) ;
#5271 = LINE ( 'NONE', #11944, #10520 ) ;
#5272 = VERTEX_POINT ( 'NONE', #7837 ) ;
#5273 = ORIENTED_EDGE ( 'NONE', *, *, #9797, .T. ) ;
#5274 = LINE ( 'NONE', #12138, #6982 ) ;
#5275 = VECTOR ( 'NONE', #10161, 1000.000000000000000 ) ;
#5276 = LINE ( 'NONE', #5402, #11463 ) ;
#5277 = DIRECTION ( 'NONE',  ( -0.8660254037844394848, -0.4999999999999985012, 0.000000000000000000 ) ) ;
#5278 = CARTESIAN_POINT ( 'NONE',  ( -9.550000000000022027, 19.72168783648703538, 0.4500000000000000111 ) ) ;
#5279 = VERTEX_POINT ( 'NONE', #1299 ) ;
#5280 = CARTESIAN_POINT ( 'NONE',  ( -19.45000000000000284, 23.99407982849027121, 0.4500000000000000111 ) ) ;
#5281 = DIRECTION ( 'NONE',  ( 9.614813431917789401E-15, 1.000000000000000000, 0.000000000000000000 ) ) ;
#5282 = EDGE_CURVE ( 'NONE', #12228, #9030, #8793, .T. ) ;
#5283 = VECTOR ( 'NONE', #9384, 1000.000000000000000 ) ;
#5284 = ORIENTED_EDGE ( 'NONE', *, *, #8601, .T. ) ;
#5285 = DIRECTION ( 'NONE',  ( 9.614813431917789401E-15, -1.000000000000000000, 0.000000000000000000 ) ) ;
#5286 = PLANE ( 'NONE',  #4976 ) ;
#5287 = ORIENTED_EDGE ( 'NONE', *, *, #2249, .T. ) ;
#5288 = DIRECTION ( 'NONE',  ( 0.000000000000000000, 0.000000000000000000, -1.000000000000000000 ) ) ;
#5289 = CARTESIAN_POINT ( 'NONE',  ( 31.39999999999997726, 20.44337567297409208, 0.4500000000000000111 ) ) ;
#5290 = ADVANCED_FACE ( 'NONE', ( #89 ), #3137, .T. ) ;
#5291 = CARTESIAN_POINT ( 'NONE',  ( 16.94999999999998153, 23.99407982849027832, 0.000000000000000000 ) ) ;
#5292 = CARTESIAN_POINT ( 'NONE',  ( -30.14999999999997371, 23.99407982849028187, 0.4500000000000000111 ) ) ;
#5293 = DIRECTION ( 'NONE',  ( 0.000000000000000000, 0.000000000000000000, -1.000000000000000000 ) ) ;
#5294 = LINE ( 'NONE', #7967, #426 ) ;
#5295 = DIRECTION ( 'NONE',  ( 0.000000000000000000, -1.000000000000000000, 0.000000000000000000 ) ) ;
#5296 = VERTEX_POINT ( 'NONE', #7962 ) ;
#5297 = CARTESIAN_POINT ( 'NONE',  ( 9.550000000000007816, 18.27831216351296462, 0.4500000000000000111 ) ) ;
#5298 = ORIENTED_EDGE ( 'NONE', *, *, #10683, .T. ) ;
#5299 = PLANE ( 'NONE',  #360 ) ;
#5300 = ORIENTED_EDGE ( 'NONE', *, *, #1691, .T. ) ;
#5301 = CARTESIAN_POINT ( 'NONE',  ( 18.19999999999998863, 26.15914333795138802, 0.4500000000000000111 ) ) ;
#5302 = ORIENTED_EDGE ( 'NONE', *, *, #10771, .T. ) ;
#5303 = LINE ( 'NONE', #6967, #5928 ) ;
#5304 = VERTEX_POINT ( 'NONE', #7901 ) ;
#5305 = LINE ( 'NONE', #12110, #824 ) ;
#5306 = FACE_OUTER_BOUND ( 'NONE', #365, .T. ) ;
#5307 = ORIENTED_EDGE ( 'NONE', *, *, #10343, .F. ) ;
#5308 = ORIENTED_EDGE ( 'NONE', *, *, #11445, .T. ) ;
#5309 = AXIS2_PLACEMENT_3D ( 'NONE', #2879, #6749, #11708 ) ;
#5310 = CARTESIAN_POINT ( 'NONE',  ( -12.85000000000000142, 23.99407982849026411, 0.4500000000000000111 ) ) ;
#5311 = VERTEX_POINT ( 'NONE', #2196 ) ;
#5312 = EDGE_CURVE ( 'NONE', #7463, #6275, #7079, .T. ) ;
#5313 = EDGE_CURVE ( 'NONE', #3468, #5184, #1111, .T. ) ;
#5314 = DIRECTION ( 'NONE',  ( -1.000000000000000000, 9.614813431917789401E-15, 0.000000000000000000 ) ) ;
#5315 = ORIENTED_EDGE ( 'NONE', *, *, #8705, .F. ) ;
#5316 = ORIENTED_EDGE ( 'NONE', *, *, #5773, .F. ) ;
#5317 = LINE ( 'NONE', #10927, #2350 ) ;
#5318 = CARTESIAN_POINT ( 'NONE',  ( -32.99999999999999289, 18.00000000000000355, 0.000000000000000000 ) ) ;
#5319 = VECTOR ( 'NONE', #6087, 1000.000000000000000 ) ;
#5320 = CARTESIAN_POINT ( 'NONE',  ( -9.999999999999996447, 22.00000000000000355, 0.000000000000000000 ) ) ;
#5321 = DIRECTION ( 'NONE',  ( 0.000000000000000000, 1.000000000000000000, 0.000000000000000000 ) ) ;
#5322 = CARTESIAN_POINT ( 'NONE',  ( -32.65000000000000568, 25.43745550146434198, 0.4500000000000000111 ) ) ;
#5323 = DIRECTION ( 'NONE',  ( -0.4999999999999985567, 0.8660254037844394848, 0.000000000000000000 ) ) ;
#5324 = EDGE_LOOP ( 'NONE', ( #11631, #5147, #4256, #4159 ) ) ;
#5325 = CARTESIAN_POINT ( 'NONE',  ( -26.05000000000001137, 25.43745550146433843, 0.4500000000000000111 ) ) ;
#5326 = ORIENTED_EDGE ( 'NONE', *, *, #9172, .F. ) ;
#5327 = EDGE_CURVE ( 'NONE', #12119, #10462, #9942, .T. ) ;
#5328 = CARTESIAN_POINT ( 'NONE',  ( 16.94999999999998153, 18.27831216351297883, 0.4500000000000000111 ) ) ;
#5329 = ORIENTED_EDGE ( 'NONE', *, *, #768, .F. ) ;
#5330 = VERTEX_POINT ( 'NONE', #1241 ) ;
#5331 = EDGE_CURVE ( 'NONE', #4274, #10597, #8988, .T. ) ;
#5332 = LINE ( 'NONE', #6354, #2510 ) ;
#5333 = CARTESIAN_POINT ( 'NONE',  ( -12.85000000000001563, 25.43745550146433132, 0.4500000000000000111 ) ) ;
#5334 = LINE ( 'NONE', #2610, #11246 ) ;
#5335 = EDGE_CURVE ( 'NONE', #9898, #10938, #4149, .T. ) ;
#5336 = DIRECTION ( 'NONE',  ( -0.8660254037844383745, 0.5000000000000003331, 0.000000000000000000 ) ) ;
#5337 = ORIENTED_EDGE ( 'NONE', *, *, #8252, .T. ) ;
#5338 = CARTESIAN_POINT ( 'NONE',  ( 11.59999999999999076, 20.44337567297408498, 0.000000000000000000 ) ) ;
#5339 = CIRCLE ( 'NONE', #7984, 3.999999999999996447 ) ;
#5340 = EDGE_CURVE ( 'NONE', #12062, #8819, #3202, .T. ) ;
#5341 = FACE_BOUND ( 'NONE', #3924, .T. ) ;
#5342 = EDGE_LOOP ( 'NONE', ( #6152, #6156, #1033, #8278, #7802, #7535, #1891 ) ) ;
#5343 = DIRECTION ( 'NONE',  ( -0.4999999999999997224, -0.8660254037844388186, 0.000000000000000000 ) ) ;
#5344 = CARTESIAN_POINT ( 'NONE',  ( -28.09999999999999076, 17.55662432702594344, 0.000000000000000000 ) ) ;
#5345 = ORIENTED_EDGE ( 'NONE', *, *, #9210, .T. ) ;
#5346 = DIRECTION ( 'NONE',  ( 0.000000000000000000, 0.000000000000000000, -1.000000000000000000 ) ) ;
#5347 = CARTESIAN_POINT ( 'NONE',  ( 24.79999999999998295, 20.44337567297409208, 0.4500000000000000111 ) ) ;
#5348 = VECTOR ( 'NONE', #5453, 1000.000000000000000 ) ;
#5349 = DIRECTION ( 'NONE',  ( 0.000000000000000000, 0.000000000000000000, -1.000000000000000000 ) ) ;
#5350 = ADVANCED_FACE ( 'NONE', ( #4027 ), #1485, .T. ) ;
#5351 = DIRECTION ( 'NONE',  ( 0.000000000000000000, 0.000000000000000000, -1.000000000000000000 ) ) ;
#5352 = DIRECTION ( 'NONE',  ( 0.000000000000000000, -1.000000000000000000, 0.000000000000000000 ) ) ;
#5353 = EDGE_CURVE ( 'NONE', #1317, #11573, #12091, .T. ) ;
#5354 = VECTOR ( 'NONE', #1424, 1000.000000000000000 ) ;
#5355 = DIRECTION ( 'NONE',  ( 0.000000000000000000, 0.000000000000000000, -1.000000000000000000 ) ) ;
#5356 = AXIS2_PLACEMENT_3D ( 'NONE', #4635, #7742, #8519 ) ;
#5357 = DIRECTION ( 'NONE',  ( -0.8660254037844387076, 0.4999999999999997224, 0.000000000000000000 ) ) ;
#5358 = CARTESIAN_POINT ( 'NONE',  ( 7.900000000000021672, 22.57957166897568513, 0.4500000000000000111 ) ) ;
#5359 = ORIENTED_EDGE ( 'NONE', *, *, #1315, .F. ) ;
#5360 = LINE ( 'NONE', #3455, #9526 ) ;
#5361 = ORIENTED_EDGE ( 'NONE', *, *, #6653, .T. ) ;
#5362 = VECTOR ( 'NONE', #9549, 1000.000000000000000 ) ;
#5363 = ADVANCED_FACE ( 'NONE', ( #5229 ), #8152, .F. ) ;
#5364 = CARTESIAN_POINT ( 'NONE',  ( 13.64999999999998082, 23.99407982849027121, 0.000000000000000000 ) ) ;
#5365 = ORIENTED_EDGE ( 'NONE', *, *, #9161, .F. ) ;
#5366 = AXIS2_PLACEMENT_3D ( 'NONE', #1808, #6810, #5725 ) ;
#5367 = CARTESIAN_POINT ( 'NONE',  ( 9.550000000000004263, 23.99407982849026411, 0.4500000000000000111 ) ) ;
#5368 = EDGE_LOOP ( 'NONE', ( #5643, #7992, #4502, #6238 ) ) ;
#5369 = VECTOR ( 'NONE', #11127, 1000.000000000000114 ) ;
#5370 = CARTESIAN_POINT ( 'NONE',  ( 27.69999999999999574, 21.13619599600162502, 0.000000000000000000 ) ) ;
#5371 = ORIENTED_EDGE ( 'NONE', *, *, #4197, .F. ) ;
#5372 = LINE ( 'NONE', #7099, #3450 ) ;
#5373 = AXIS2_PLACEMENT_3D ( 'NONE', #593, #2619, #10428 ) ;
#5374 = DIRECTION ( 'NONE',  ( -0.8660254037844394848, 0.4999999999999984457, 0.000000000000000000 ) ) ;
#5375 = ORIENTED_EDGE ( 'NONE', *, *, #6282, .T. ) ;
#5376 = CC_DESIGN_SECURITY_CLASSIFICATION ( #1536, ( #3150 ) ) ;
#5377 = ORIENTED_EDGE ( 'NONE', *, *, #756, .T. ) ;
#5378 = CARTESIAN_POINT ( 'NONE',  ( -26.04999999999999716, 18.27831216351297527, 0.4500000000000000111 ) ) ;
#5379 = EDGE_LOOP ( 'NONE', ( #4973, #7074, #990, #8697 ) ) ;
#5380 = LINE ( 'NONE', #9455, #11611 ) ;
#5381 = EDGE_LOOP ( 'NONE', ( #7279, #462, #7603, #8802, #3375, #8907, #7276 ) ) ;
#5382 = AXIS2_PLACEMENT_3D ( 'NONE', #1131, #419, #2208 ) ;
#5383 = VERTEX_POINT ( 'NONE', #9168 ) ;
#5384 = DIRECTION ( 'NONE',  ( -0.8660254037844387076, 0.4999999999999997224, 0.000000000000000000 ) ) ;
#5385 = LINE ( 'NONE', #12057, #10836 ) ;
#5386 = VECTOR ( 'NONE', #7362, 1000.000000000000114 ) ;
#5387 = FACE_BOUND ( 'NONE', #893, .T. ) ;
#5388 = CARTESIAN_POINT ( 'NONE',  ( -16.15000000000000568, 18.27831216351297172, 0.4500000000000000111 ) ) ;
#5389 = DIRECTION ( 'NONE',  ( 0.000000000000000000, 0.000000000000000000, 1.000000000000000000 ) ) ;
#5390 = VECTOR ( 'NONE', #1549, 1000.000000000000000 ) ;
#5391 = EDGE_CURVE ( 'NONE', #757, #5007, #11328, .T. ) ;
#5392 = DIRECTION ( 'NONE',  ( 0.8660254037844393737, 0.4999999999999985012, 0.000000000000000000 ) ) ;
#5393 = ORIENTED_EDGE ( 'NONE', *, *, #12272, .T. ) ;
#5394 = VECTOR ( 'NONE', #3408, 1000.000000000000000 ) ;
#5395 = DIRECTION ( 'NONE',  ( -0.8660254037844383745, 0.5000000000000003331, 0.000000000000000000 ) ) ;
#5396 = VECTOR ( 'NONE', #7772, 1000.000000000000000 ) ;
#5397 = ORIENTED_EDGE ( 'NONE', *, *, #9606, .T. ) ;
#5398 = CARTESIAN_POINT ( 'NONE',  ( 32.99999999999999289, 18.00000000000000355, 0.4500000000000000111 ) ) ;
#5399 = ORIENTED_EDGE ( 'NONE', *, *, #1571, .F. ) ;
#5400 = VERTEX_POINT ( 'NONE', #4331 ) ;
#5401 = CARTESIAN_POINT ( 'NONE',  ( -14.50000000000001599, 22.57957166897568868, 0.4500000000000000111 ) ) ;
#5402 = CARTESIAN_POINT ( 'NONE',  ( -33.04999999999998295, 20.41450815951459319, 0.4500000000000000111 ) ) ;
#5403 = LINE ( 'NONE', #12140, #499 ) ;
#5404 = CARTESIAN_POINT ( 'NONE',  ( 22.75000000000000711, 25.43745550146433487, 0.000000000000000000 ) ) ;
#5405 = ORIENTED_EDGE ( 'NONE', *, *, #12205, .F. ) ;
#5406 = DIRECTION ( 'NONE',  ( 0.000000000000000000, 0.000000000000000000, -1.000000000000000000 ) ) ;
#5407 = EDGE_CURVE ( 'NONE', #4892, #8925, #531, .T. ) ;
#5408 = DIRECTION ( 'NONE',  ( 0.000000000000000000, -1.000000000000000000, 0.000000000000000000 ) ) ;
#5409 = ORIENTED_EDGE ( 'NONE', *, *, #2266, .F. ) ;
#5410 = CARTESIAN_POINT ( 'NONE',  ( -31.39999999999998437, 17.55662432702594344, 0.4500000000000000111 ) ) ;
#5411 = CARTESIAN_POINT ( 'NONE',  ( 25.19999999999997442, 22.57957166897570644, 0.000000000000000000 ) ) ;
#5412 = ORIENTED_EDGE ( 'NONE', *, *, #10552, .F. ) ;
#5413 = CARTESIAN_POINT ( 'NONE',  ( -6.232766950200896439, 20.65539777313090397, 0.4500000000000000111 ) ) ;
#5414 = CARTESIAN_POINT ( 'NONE',  ( 9.550000000000018474, 25.43745550146433132, 0.000000000000000000 ) ) ;
#5415 = VECTOR ( 'NONE', #3050, 1000.000000000000000 ) ;
#5416 = ADVANCED_FACE ( 'NONE', ( #4525 ), #3445, .T. ) ;
#5417 = CARTESIAN_POINT ( 'NONE',  ( 35.95000000000000995, 19.72168783648704604, 0.4500000000000000111 ) ) ;
#5418 = VECTOR ( 'NONE', #7063, 1000.000000000000000 ) ;
#5419 = AXIS2_PLACEMENT_3D ( 'NONE', #820, #10717, #11548 ) ;
#5420 = DIRECTION ( 'NONE',  ( 0.000000000000000000, 0.000000000000000000, -1.000000000000000000 ) ) ;
#5421 = CARTESIAN_POINT ( 'NONE',  ( -30.14999999999997371, 19.72168783648705670, 0.000000000000000000 ) ) ;
#5422 = CARTESIAN_POINT ( 'NONE',  ( 26.84999999999997300, 25.43745550146435619, 0.4500000000000000111 ) ) ;
#5423 = DIRECTION ( 'NONE',  ( 0.8660254037844393737, 0.4999999999999985012, 0.000000000000000000 ) ) ;
#5424 = EDGE_CURVE ( 'NONE', #479, #5304, #404, .T. ) ;
#5425 = CARTESIAN_POINT ( 'NONE',  ( 32.64999999999999147, 18.27831216351297527, 0.000000000000000000 ) ) ;
#5426 = ORIENTED_EDGE ( 'NONE', *, *, #986, .F. ) ;
#5427 = DIRECTION ( 'NONE',  ( 0.000000000000000000, 0.000000000000000000, -1.000000000000000000 ) ) ;
#5428 = ORIENTED_EDGE ( 'NONE', *, *, #11977, .T. ) ;
#5429 = VECTOR ( 'NONE', #1817, 1000.000000000000000 ) ;
#5430 = EDGE_CURVE ( 'NONE', #10787, #7161, #8408, .T. ) ;
#5431 = EDGE_CURVE ( 'NONE', #10649, #11536, #1558, .T. ) ;
#5432 = CARTESIAN_POINT ( 'NONE',  ( 14.89999999999998792, 20.44337567297408498, 0.4500000000000000111 ) ) ;
#5433 = ORIENTED_EDGE ( 'NONE', *, *, #9009, .T. ) ;
#5434 = CARTESIAN_POINT ( 'NONE',  ( 27.70000000000000995, 22.57957166897569223, 0.4500000000000000111 ) ) ;
#5435 = ORIENTED_EDGE ( 'NONE', *, *, #1571, .T. ) ;
#5436 = DIRECTION ( 'NONE',  ( 0.8660254037844394848, 0.4999999999999984457, 0.000000000000000000 ) ) ;
#5437 = ORIENTED_EDGE ( 'NONE', *, *, #1853, .T. ) ;
#5438 = DIRECTION ( 'NONE',  ( -1.000000000000000000, 0.000000000000000000, 0.000000000000000000 ) ) ;
#5439 = CARTESIAN_POINT ( 'NONE',  ( 31.00000000000000711, 22.57957166897569223, 0.4500000000000000111 ) ) ;
#5440 = ORIENTED_EDGE ( 'NONE', *, *, #6340, .F. ) ;
#5441 = VERTEX_POINT ( 'NONE', #10245 ) ;
#5442 = CARTESIAN_POINT ( 'NONE',  ( 21.89999999999997726, 21.13619599600162502, 0.000000000000000000 ) ) ;
#5443 = EDGE_CURVE ( 'NONE', #8873, #3679, #9303, .T. ) ;
#5444 = ORIENTED_EDGE ( 'NONE', *, *, #3454, .F. ) ;
#5445 = LINE ( 'NONE', #1647, #11205 ) ;
#5446 = ORIENTED_EDGE ( 'NONE', *, *, #11958, .T. ) ;
#5447 = VECTOR ( 'NONE', #3629, 1000.000000000000000 ) ;
#5448 = ORIENTED_EDGE ( 'NONE', *, *, #11655, .T. ) ;
#5449 = EDGE_CURVE ( 'NONE', #1270, #11105, #6440, .T. ) ;
#5450 = CARTESIAN_POINT ( 'NONE',  ( 32.99999999999999289, 18.00000000000000355, 0.4500000000000000111 ) ) ;
#5451 = DIRECTION ( 'NONE',  ( -1.000000000000000000, 9.614813431917789401E-15, 0.000000000000000000 ) ) ;
#5452 = FACE_BOUND ( 'NONE', #5853, .T. ) ;
#5453 = DIRECTION ( 'NONE',  ( -0.8660254037844394848, -0.4999999999999985012, 0.000000000000000000 ) ) ;
#5454 = LINE ( 'NONE', #12436, #9018 ) ;
#5455 = DIRECTION ( 'NONE',  ( -0.4999999999999985012, 0.8660254037844395958, 0.000000000000000000 ) ) ;
#5456 = ORIENTED_EDGE ( 'NONE', *, *, #11397, .F. ) ;
#5457 = VECTOR ( 'NONE', #2835, 1000.000000000000000 ) ;
#5458 = ORIENTED_EDGE ( 'NONE', *, *, #4798, .F. ) ;
#5459 = CARTESIAN_POINT ( 'NONE',  ( -35.95000000000000995, 19.72168783648704604, 0.000000000000000000 ) ) ;
#5460 = ORIENTED_EDGE ( 'NONE', *, *, #1234, .F. ) ;
#5461 = ORIENTED_EDGE ( 'NONE', *, *, #4346, .T. ) ;
#5462 = ORIENTED_EDGE ( 'NONE', *, *, #10868, .T. ) ;
#5463 = DIRECTION ( 'NONE',  ( 0.000000000000000000, 0.000000000000000000, -1.000000000000000000 ) ) ;
#5464 = LINE ( 'NONE', #8199, #3148 ) ;
#5465 = VECTOR ( 'NONE', #5119, 1000.000000000000114 ) ;
#5466 = CARTESIAN_POINT ( 'NONE',  ( 27.69999999999999574, 21.13619599600162502, 0.4500000000000000111 ) ) ;
#5467 = EDGE_CURVE ( 'NONE', #10287, #10727, #5481, .T. ) ;
#5468 = AXIS2_PLACEMENT_3D ( 'NONE', #10687, #1987, #7006 ) ;
#5469 = LINE ( 'NONE', #10362, #3116 ) ;
#5470 = ORIENTED_EDGE ( 'NONE', *, *, #540, .F. ) ;
#5471 = CARTESIAN_POINT ( 'NONE',  ( 11.20000000000001883, 22.57957166897568513, 0.4500000000000000111 ) ) ;
#5472 = CARTESIAN_POINT ( 'NONE',  ( -13.25000000000000000, 20.41450815951458608, 0.4500000000000000111 ) ) ;
#5473 = ORIENTED_EDGE ( 'NONE', *, *, #144, .F. ) ;
#5474 = FACE_OUTER_BOUND ( 'NONE', #12105, .T. ) ;
#5475 = LINE ( 'NONE', #9299, #6796 ) ;
#5476 = AXIS2_PLACEMENT_3D ( 'NONE', #3717, #5268, #5395 ) ;
#5477 = ORIENTED_EDGE ( 'NONE', *, *, #5960, .F. ) ;
#5478 = FACE_OUTER_BOUND ( 'NONE', #5240, .T. ) ;
#5479 = EDGE_CURVE ( 'NONE', #3782, #10355, #6500, .T. ) ;
#5480 = EDGE_CURVE ( 'NONE', #707, #306, #7386, .T. ) ;
#5481 = LINE ( 'NONE', #9366, #9079 ) ;
#5482 = DIRECTION ( 'NONE',  ( 0.8660254037844387076, 0.4999999999999997224, 0.000000000000000000 ) ) ;
#5483 = FACE_OUTER_BOUND ( 'NONE', #949, .T. ) ;
#5484 = FACE_OUTER_BOUND ( 'NONE', #2945, .T. ) ;
#5485 = FACE_OUTER_BOUND ( 'NONE', #5921, .T. ) ;
#5486 = VECTOR ( 'NONE', #1382, 1000.000000000000000 ) ;
#5487 = CARTESIAN_POINT ( 'NONE',  ( 22.75000000000000000, 18.27831216351297172, 0.4500000000000000111 ) ) ;
#5488 = CARTESIAN_POINT ( 'NONE',  ( 23.54999999999997584, 19.72168783648705670, 0.000000000000000000 ) ) ;
#5489 = ORIENTED_EDGE ( 'NONE', *, *, #5264, .F. ) ;
#5490 = CARTESIAN_POINT ( 'NONE',  ( 20.24999999999998224, 18.27831216351297883, 0.4500000000000000111 ) ) ;
#5491 = ORIENTED_EDGE ( 'NONE', *, *, #12319, .T. ) ;
#5492 = EDGE_CURVE ( 'NONE', #12456, #8324, #7197, .T. ) ;
#5493 = DIRECTION ( 'NONE',  ( -0.4999999999999985012, 0.8660254037844395958, 0.000000000000000000 ) ) ;
#5494 = ORIENTED_EDGE ( 'NONE', *, *, #6792, .T. ) ;
#5495 = VECTOR ( 'NONE', #4407, 1000.000000000000000 ) ;
#5496 = LINE ( 'NONE', #1634, #4169 ) ;
#5497 = VERTEX_POINT ( 'NONE', #2371 ) ;
#5498 = EDGE_CURVE ( 'NONE', #10727, #4691, #12025, .T. ) ;
#5499 = EDGE_CURVE ( 'NONE', #4801, #10660, #3318, .T. ) ;
#5500 = CARTESIAN_POINT ( 'NONE',  ( 36.34999999999999432, 20.41450815951459674, 0.4500000000000000111 ) ) ;
#5501 = DIRECTION ( 'NONE',  ( 0.8660254037844387076, 0.4999999999999997224, 0.000000000000000000 ) ) ;
#5502 = CARTESIAN_POINT ( 'NONE',  ( -35.00000000000000000, 28.50000000000000355, 0.4500000000000000111 ) ) ;
#5503 = VERTEX_POINT ( 'NONE', #7261 ) ;
#5504 = ORIENTED_EDGE ( 'NONE', *, *, #1932, .F. ) ;
#5505 = PLANE ( 'NONE',  #10725 ) ;
#5506 = EDGE_CURVE ( 'NONE', #1533, #7704, #1422, .T. ) ;
#5507 = EDGE_LOOP ( 'NONE', ( #3456, #2674, #9336, #6847 ) ) ;
#5508 = DIRECTION ( 'NONE',  ( -0.8660254037844387076, 0.4999999999999997224, 0.000000000000000000 ) ) ;
#5509 = ORIENTED_EDGE ( 'NONE', *, *, #4585, .F. ) ;
#5510 = ORIENTED_EDGE ( 'NONE', *, *, #3699, .F. ) ;
#5511 = DIRECTION ( 'NONE',  ( -9.614813431917789401E-15, 1.000000000000000000, 0.000000000000000000 ) ) ;
#5512 = DIRECTION ( 'NONE',  ( -0.8660254037844383745, 0.5000000000000003331, 0.000000000000000000 ) ) ;
#5513 = EDGE_CURVE ( 'NONE', #3135, #4059, #786, .T. ) ;
#5514 = FACE_BOUND ( 'NONE', #2279, .T. ) ;
#5515 = LINE ( 'NONE', #10283, #9816 ) ;
#5516 = CARTESIAN_POINT ( 'NONE',  ( 7.049999999999986500, 24.70138853184800709, 0.4500000000000000111 ) ) ;
#5517 = VECTOR ( 'NONE', #10511, 1000.000000000000000 ) ;
#5518 = DIRECTION ( 'NONE',  ( 0.000000000000000000, -1.000000000000000000, 0.000000000000000000 ) ) ;
#5519 = ORIENTED_EDGE ( 'NONE', *, *, #7968, .F. ) ;
#5520 = VECTOR ( 'NONE', #2375, 1000.000000000000000 ) ;
#5521 = ORIENTED_EDGE ( 'NONE', *, *, #10324, .T. ) ;
#5522 = LINE ( 'NONE', #5398, #1391 ) ;
#5523 = ORIENTED_EDGE ( 'NONE', *, *, #10093, .F. ) ;
#5524 = EDGE_LOOP ( 'NONE', ( #11459, #7931, #3762, #10677, #12143, #9845 ) ) ;
#5525 = VECTOR ( 'NONE', #6589, 1000.000000000000000 ) ;
#5526 = ORIENTED_EDGE ( 'NONE', *, *, #3864, .F. ) ;
#5527 = CARTESIAN_POINT ( 'NONE',  ( -11.20000000000000462, 21.13619599600161436, 0.000000000000000000 ) ) ;
#5528 = CARTESIAN_POINT ( 'NONE',  ( -20.73205080756887853, 18.00000000000000355, 0.000000000000000000 ) ) ;
#5529 = LINE ( 'NONE', #10607, #2732 ) ;
#5530 = CARTESIAN_POINT ( 'NONE',  ( 33.04999999999997584, 23.30125950546274183, 0.4500000000000000111 ) ) ;
#5531 = ORIENTED_EDGE ( 'NONE', *, *, #3038, .F. ) ;
#5532 = CARTESIAN_POINT ( 'NONE',  ( -21.22435565298206939, 25.99999999999999645, 0.4500000000000000111 ) ) ;
#5533 = ORIENTED_EDGE ( 'NONE', *, *, #5040, .T. ) ;
#5534 = FACE_BOUND ( 'NONE', #8031, .T. ) ;
#5535 = EDGE_LOOP ( 'NONE', ( #12107, #117, #1162, #7047 ) ) ;
#5536 = CARTESIAN_POINT ( 'NONE',  ( -9.949999999999990408, 23.30125950546273117, 0.000000000000000000 ) ) ;
#5537 = DIRECTION ( 'NONE',  ( 0.000000000000000000, -1.000000000000000000, 0.000000000000000000 ) ) ;
#5538 = ORIENTED_EDGE ( 'NONE', *, *, #5048, .F. ) ;
#5539 = LINE ( 'NONE', #9428, #4954 ) ;
#5540 = DIRECTION ( 'NONE',  ( 0.000000000000000000, 0.000000000000000000, -1.000000000000000000 ) ) ;
#5541 = DIRECTION ( 'NONE',  ( 0.8660254037844394848, 0.4999999999999984457, 0.000000000000000000 ) ) ;
#5542 = CARTESIAN_POINT ( 'NONE',  ( 33.44999999999998153, 18.27831216351298238, 0.000000000000000000 ) ) ;
#5543 = PLANE ( 'NONE',  #10858 ) ;
#5544 = PLANE ( 'NONE',  #10904 ) ;
#5545 = LINE ( 'NONE', #12408, #9967 ) ;
#5546 = DIRECTION ( 'NONE',  ( 0.8660254037844394848, -0.4999999999999985012, 0.000000000000000000 ) ) ;
#5547 = VERTEX_POINT ( 'NONE', #6685 ) ;
#5548 = ADVANCED_FACE ( 'NONE', ( #10562 ), #12525, .T. ) ;
#5549 = VECTOR ( 'NONE', #6088, 1000.000000000000000 ) ;
#5550 = CARTESIAN_POINT ( 'NONE',  ( -26.84999999999997300, 19.72168783648705670, 0.4500000000000000111 ) ) ;
#5551 = ORIENTED_EDGE ( 'NONE', *, *, #12184, .F. ) ;
#5552 = EDGE_CURVE ( 'NONE', #2362, #9823, #3888, .T. ) ;
#5553 = CARTESIAN_POINT ( 'NONE',  ( -16.94999999999998153, 23.99407982849027832, 0.4500000000000000111 ) ) ;
#5554 = ORIENTED_EDGE ( 'NONE', *, *, #4853, .T. ) ;
#5555 = CARTESIAN_POINT ( 'NONE',  ( 9.550000000000022027, 19.72168783648703538, 0.000000000000000000 ) ) ;
#5556 = ADVANCED_FACE ( 'NONE', ( #1921 ), #11635, .T. ) ;
#5557 = PLANE ( 'NONE',  #354 ) ;
#5558 = LINE ( 'NONE', #10331, #9546 ) ;
#5559 = DIRECTION ( 'NONE',  ( -0.4999999999999997224, -0.8660254037844388186, 0.000000000000000000 ) ) ;
#5560 = ORIENTED_EDGE ( 'NONE', *, *, #1932, .T. ) ;
#5561 = VECTOR ( 'NONE', #879, 1000.000000000000114 ) ;
#5562 = ORIENTED_EDGE ( 'NONE', *, *, #9614, .F. ) ;
#5563 = EDGE_CURVE ( 'NONE', #2477, #7735, #3826, .T. ) ;
#5564 = DIRECTION ( 'NONE',  ( 0.8660254037844383745, -0.5000000000000003331, 0.000000000000000000 ) ) ;
#5565 = CIRCLE ( 'NONE', #93, 3.999999999999996447 ) ;
#5566 = EDGE_LOOP ( 'NONE', ( #5526, #12549, #1140, #1795 ) ) ;
#5567 = CARTESIAN_POINT ( 'NONE',  ( 26.44999999999998153, 23.30125950546274183, 0.000000000000000000 ) ) ;
#5568 = EDGE_LOOP ( 'NONE', ( #6480, #6466, #7192, #6097 ) ) ;
#5569 = VERTEX_POINT ( 'NONE', #7513 ) ;
#5570 = VECTOR ( 'NONE', #3074, 1000.000000000000000 ) ;
#5571 = LINE ( 'NONE', #6530, #8848 ) ;
#5572 = DIRECTION ( 'NONE',  ( 0.000000000000000000, 0.000000000000000000, -1.000000000000000000 ) ) ;
#5573 = EDGE_CURVE ( 'NONE', #10457, #10355, #966, .T. ) ;
#5574 = EDGE_CURVE ( 'NONE', #4297, #1340, #7570, .T. ) ;
#5575 = CARTESIAN_POINT ( 'NONE',  ( -7.900000000000007461, 21.13619599600161436, 0.000000000000000000 ) ) ;
#5576 = CARTESIAN_POINT ( 'NONE',  ( -32.99999999999999289, 18.00000000000000355, 0.4500000000000000111 ) ) ;
#5577 = ORGANIZATION ( 'UNSPECIFIED', 'UNSPECIFIED', '' ) ;
#5578 = PLANE ( 'NONE',  #2322 ) ;
#5579 = CARTESIAN_POINT ( 'NONE',  ( 17.80000000000000426, 21.13619599600161791, 0.000000000000000000 ) ) ;
#5580 = ORIENTED_EDGE ( 'NONE', *, *, #3580, .T. ) ;
#5581 = VERTEX_POINT ( 'NONE', #724 ) ;
#5582 = CARTESIAN_POINT ( 'NONE',  ( -10.34999999999998366, 23.99407982849027121, 0.4500000000000000111 ) ) ;
#5583 = VERTEX_POINT ( 'NONE', #4709 ) ;
#5584 = VECTOR ( 'NONE', #2358, 1000.000000000000114 ) ;
#5585 = ORIENTED_EDGE ( 'NONE', *, *, #965, .T. ) ;
#5586 = EDGE_CURVE ( 'NONE', #6941, #8790, #7697, .T. ) ;
#5587 = EDGE_CURVE ( 'NONE', #1658, #1190, #10375, .T. ) ;
#5588 = EDGE_CURVE ( 'NONE', #4599, #6760, #7637, .T. ) ;
#5589 = EDGE_LOOP ( 'NONE', ( #7494, #11624, #9071, #5361 ) ) ;
#5590 = DIRECTION ( 'NONE',  ( 0.8660254037844383745, 0.5000000000000003331, 0.000000000000000000 ) ) ;
#5591 = DIRECTION ( 'NONE',  ( -0.8660254037844383745, 0.5000000000000003331, 0.000000000000000000 ) ) ;
#5592 = VECTOR ( 'NONE', #747, 1000.000000000000000 ) ;
#5593 = VECTOR ( 'NONE', #8377, 1000.000000000000000 ) ;
#5594 = CYLINDRICAL_SURFACE ( 'NONE', #9236, 6.600000000000008527 ) ;
#5595 = VECTOR ( 'NONE', #1058, 1000.000000000000114 ) ;
#5596 = VERTEX_POINT ( 'NONE', #845 ) ;
#5597 = FACE_OUTER_BOUND ( 'NONE', #2182, .T. ) ;
#5598 = CARTESIAN_POINT ( 'NONE',  ( 21.22435565298208360, 26.00000000000000000, 0.000000000000000000 ) ) ;
#5599 = ORIENTED_EDGE ( 'NONE', *, *, #7128, .F. ) ;
#5600 = CARTESIAN_POINT ( 'NONE',  ( 24.40000000000001279, 22.57957166897568868, 0.000000000000000000 ) ) ;
#5601 = FACE_OUTER_BOUND ( 'NONE', #3436, .T. ) ;
#5602 = VECTOR ( 'NONE', #9372, 1000.000000000000114 ) ;
#5603 = ORIENTED_EDGE ( 'NONE', *, *, #1992, .T. ) ;
#5604 = ADVANCED_FACE ( 'NONE', ( #4592 ), #10502, .T. ) ;
#5605 = CARTESIAN_POINT ( 'NONE',  ( -6.650000000000004796, 20.41450815951458253, 0.4500000000000000111 ) ) ;
#5606 = DIRECTION ( 'NONE',  ( 0.000000000000000000, 0.000000000000000000, -1.000000000000000000 ) ) ;
#5607 = CARTESIAN_POINT ( 'NONE',  ( 25.19999999999997442, 21.13619599600163212, 0.4500000000000000111 ) ) ;
#5608 = EDGE_CURVE ( 'NONE', #7735, #10613, #2811, .T. ) ;
#5609 = CARTESIAN_POINT ( 'NONE',  ( -34.13803623537167908, 25.83469340716843377, 0.000000000000000000 ) ) ;
#5610 = EDGE_CURVE ( 'NONE', #2605, #2825, #1775, .T. ) ;
#5611 = DIRECTION ( 'NONE',  ( 0.000000000000000000, 0.000000000000000000, -1.000000000000000000 ) ) ;
#5612 = CARTESIAN_POINT ( 'NONE',  ( 7.900000000000007461, 21.13619599600161436, 0.4500000000000000111 ) ) ;
#5613 = DIRECTION ( 'NONE',  ( -0.8660254037844387076, 0.4999999999999997224, 0.000000000000000000 ) ) ;
#5614 = ORIENTED_EDGE ( 'NONE', *, *, #11639, .T. ) ;
#5615 = FACE_OUTER_BOUND ( 'NONE', #4707, .T. ) ;
#5616 = EDGE_LOOP ( 'NONE', ( #10674, #8572, #12109, #6710, #10610, #3081, #3319 ) ) ;
#5617 = DIRECTION ( 'NONE',  ( 0.4999999999999985012, 0.8660254037844395958, 0.000000000000000000 ) ) ;
#5618 = ORIENTED_EDGE ( 'NONE', *, *, #7815, .F. ) ;
#5619 = VECTOR ( 'NONE', #8885, 1000.000000000000000 ) ;
#5620 = FACE_OUTER_BOUND ( 'NONE', #5243, .T. ) ;
#5621 = EDGE_CURVE ( 'NONE', #707, #4474, #6557, .T. ) ;
#5622 = CARTESIAN_POINT ( 'NONE',  ( -10.34999999999998366, 23.99407982849027121, 0.4500000000000000111 ) ) ;
#5623 = DIRECTION ( 'NONE',  ( 0.000000000000000000, 0.000000000000000000, -1.000000000000000000 ) ) ;
#5624 = DIRECTION ( 'NONE',  ( -0.8660254037844393737, 0.4999999999999985012, 0.000000000000000000 ) ) ;
#5625 = ORIENTED_EDGE ( 'NONE', *, *, #5443, .T. ) ;
#5626 = AXIS2_PLACEMENT_3D ( 'NONE', #4650, #5606, #8657 ) ;
#5627 = DIRECTION ( 'NONE',  ( 0.8660254037844383745, -0.5000000000000003331, 0.000000000000000000 ) ) ;
#5628 = EDGE_LOOP ( 'NONE', ( #5560, #2724, #563, #887 ) ) ;
#5629 = VECTOR ( 'NONE', #8867, 1000.000000000000000 ) ;
#5630 = CARTESIAN_POINT ( 'NONE',  ( 16.54999999999999005, 23.30125950546273828, 0.4500000000000000111 ) ) ;
#5631 = ORIENTED_EDGE ( 'NONE', *, *, #8319, .F. ) ;
#5632 = DIRECTION ( 'NONE',  ( -0.5000000000000004441, -0.8660254037844384856, 0.000000000000000000 ) ) ;
#5633 = ORIENTED_EDGE ( 'NONE', *, *, #1631, .F. ) ;
#5634 = EDGE_CURVE ( 'NONE', #405, #5893, #1741, .T. ) ;
#5635 = ADVANCED_FACE ( 'NONE', ( #11576 ), #4770, .F. ) ;
#5636 = ORIENTED_EDGE ( 'NONE', *, *, #9778, .F. ) ;
#5637 = LINE ( 'NONE', #12124, #11483 ) ;
#5638 = DIRECTION ( 'NONE',  ( -0.8660254037844383745, -0.5000000000000003331, 0.000000000000000000 ) ) ;
#5639 = FACE_BOUND ( 'NONE', #10556, .T. ) ;
#5640 = DIRECTION ( 'NONE',  ( -9.614813431917789401E-15, 1.000000000000000000, 0.000000000000000000 ) ) ;
#5641 = LINE ( 'NONE', #7612, #896 ) ;
#5642 = LINE ( 'NONE', #11235, #7626 ) ;
#5643 = ORIENTED_EDGE ( 'NONE', *, *, #12272, .F. ) ;
#5644 = VERTEX_POINT ( 'NONE', #8533 ) ;
#5645 = LINE ( 'NONE', #4628, #9515 ) ;
#5646 = VECTOR ( 'NONE', #8451, 1000.000000000000000 ) ;
#5647 = ORIENTED_EDGE ( 'NONE', *, *, #5810, .T. ) ;
#5648 = ADVANCED_FACE ( 'NONE', ( #1804 ), #10618, .T. ) ;
#5649 = VERTEX_POINT ( 'NONE', #4960 ) ;
#5650 = ORIENTED_EDGE ( 'NONE', *, *, #7117, .T. ) ;
#5651 = LINE ( 'NONE', #11312, #12452 ) ;
#5652 = EDGE_CURVE ( 'NONE', #4941, #9843, #7818, .T. ) ;
#5653 = CARTESIAN_POINT ( 'NONE',  ( 30.63205080756887355, 18.00000000000000355, 0.4500000000000000111 ) ) ;
#5654 = FACE_OUTER_BOUND ( 'NONE', #8273, .T. ) ;
#5655 = VECTOR ( 'NONE', #7475, 1000.000000000000114 ) ;
#5656 = EDGE_CURVE ( 'NONE', #5441, #5712, #8780, .T. ) ;
#5657 = EDGE_LOOP ( 'NONE', ( #7254, #10959, #4324, #11695, #9283, #2234 ) ) ;
#5658 = DIRECTION ( 'NONE',  ( -0.5000000000000004441, -0.8660254037844384856, 0.000000000000000000 ) ) ;
#5659 = DIRECTION ( 'NONE',  ( -0.5000000000000004441, -0.8660254037844384856, 0.000000000000000000 ) ) ;
#5660 = ORIENTED_EDGE ( 'NONE', *, *, #5031, .T. ) ;
#5661 = DIRECTION ( 'NONE',  ( -0.8660254037844394848, -0.4999999999999985012, 0.000000000000000000 ) ) ;
#5662 = EDGE_LOOP ( 'NONE', ( #6231, #6388, #5779, #340 ) ) ;
#5663 = VECTOR ( 'NONE', #4662, 1000.000000000000000 ) ;
#5664 = DIRECTION ( 'NONE',  ( 0.4999999999999985012, 0.8660254037844395958, 0.000000000000000000 ) ) ;
#5665 = CARTESIAN_POINT ( 'NONE',  ( 34.30000000000000426, 22.57957166897569223, 0.000000000000000000 ) ) ;
#5666 = LINE ( 'NONE', #11516, #7595 ) ;
#5667 = CARTESIAN_POINT ( 'NONE',  ( 31.79999999999996874, 22.57957166897570644, 0.000000000000000000 ) ) ;
#5668 = CARTESIAN_POINT ( 'NONE',  ( -30.63205080756887355, 18.00000000000000355, 0.000000000000000000 ) ) ;
#5669 = VERTEX_POINT ( 'NONE', #1165 ) ;
#5670 = EDGE_CURVE ( 'NONE', #10101, #2300, #1287, .T. ) ;
#5671 = CARTESIAN_POINT ( 'NONE',  ( -19.45000000000001705, 19.72168783648704249, 0.4500000000000000111 ) ) ;
#5672 = CARTESIAN_POINT ( 'NONE',  ( 32.99999999999999289, 18.00000000000000355, 0.4500000000000000111 ) ) ;
#5673 = ORIENTED_EDGE ( 'NONE', *, *, #12184, .T. ) ;
#5674 = VECTOR ( 'NONE', #650, 1000.000000000000114 ) ;
#5675 = DIRECTION ( 'NONE',  ( -1.000000000000000000, 9.614813431917789401E-15, 0.000000000000000000 ) ) ;
#5676 = ORIENTED_EDGE ( 'NONE', *, *, #229, .F. ) ;
#5677 = CARTESIAN_POINT ( 'NONE',  ( -16.54999999999999005, 23.30125950546273828, 0.4500000000000000111 ) ) ;
#5678 = ORIENTED_EDGE ( 'NONE', *, *, #6141, .F. ) ;
#5679 = DIRECTION ( 'NONE',  ( -0.4999999999999985012, 0.8660254037844395958, 0.000000000000000000 ) ) ;
#5680 = VECTOR ( 'NONE', #8050, 1000.000000000000000 ) ;
#5681 = LINE ( 'NONE', #9566, #1185 ) ;
#5682 = PLANE ( 'NONE',  #1027 ) ;
#5683 = DIRECTION ( 'NONE',  ( -9.614813431917789401E-15, 1.000000000000000000, 0.000000000000000000 ) ) ;
#5684 = ORIENTED_EDGE ( 'NONE', *, *, #3069, .T. ) ;
#5685 = LINE ( 'NONE', #3363, #3 ) ;
#5686 = ORIENTED_EDGE ( 'NONE', *, *, #4811, .F. ) ;
#5687 = DIRECTION ( 'NONE',  ( -1.000000000000000000, 0.000000000000000000, 0.000000000000000000 ) ) ;
#5688 = AXIS2_PLACEMENT_3D ( 'NONE', #11066, #394, #2363 ) ;
#5689 = CARTESIAN_POINT ( 'NONE',  ( -31.39999999999998437, 23.27239199200324293, 0.000000000000000000 ) ) ;
#5690 = ORIENTED_EDGE ( 'NONE', *, *, #4326, .T. ) ;
#5691 = EDGE_LOOP ( 'NONE', ( #5377, #7492, #6958, #2792 ) ) ;
#5692 = CARTESIAN_POINT ( 'NONE',  ( -32.64999999999999147, 23.99407982849027476, 0.4500000000000000111 ) ) ;
#5693 = LINE ( 'NONE', #2716, #8620 ) ;
#5694 = CARTESIAN_POINT ( 'NONE',  ( 14.89999999999999680, 23.27239199200323228, 0.4500000000000000111 ) ) ;
#5695 = CARTESIAN_POINT ( 'NONE',  ( -16.15000000000000568, 18.27831216351297172, 0.4500000000000000111 ) ) ;
#5696 = CARTESIAN_POINT ( 'NONE',  ( 22.75000000000000000, 18.27831216351297172, 0.000000000000000000 ) ) ;
#5697 = CARTESIAN_POINT ( 'NONE',  ( -29.35000000000000853, 25.43745550146434198, 0.4500000000000000111 ) ) ;
#5698 = ORIENTED_EDGE ( 'NONE', *, *, #12013, .T. ) ;
#5699 = MANIFOLD_SOLID_BREP ( 'Basisteil-Vent_Cover-1', #9656 ) ;
#5700 = ORIENTED_EDGE ( 'NONE', *, *, #12414, .T. ) ;
#5701 = ADVANCED_FACE ( 'NONE', ( #2176 ), #10806, .T. ) ;
#5702 = EDGE_CURVE ( 'NONE', #5940, #7796, #11701, .T. ) ;
#5703 = DIRECTION ( 'NONE',  ( -0.8660254037844383745, -0.5000000000000003331, 0.000000000000000000 ) ) ;
#5704 = EDGE_LOOP ( 'NONE', ( #8664, #2959, #6862, #10851 ) ) ;
#5705 = ORIENTED_EDGE ( 'NONE', *, *, #7502, .F. ) ;
#5706 = VERTEX_POINT ( 'NONE', #5911 ) ;
#5707 = CARTESIAN_POINT ( 'NONE',  ( 16.94999999999998153, 25.43745550146435264, 0.4500000000000000111 ) ) ;
#5708 = CARTESIAN_POINT ( 'NONE',  ( -31.12435565298205375, 25.99999999999999645, 0.000000000000000000 ) ) ;
#5709 = AXIS2_PLACEMENT_3D ( 'NONE', #2942, #3957, #853 ) ;
#5710 = CARTESIAN_POINT ( 'NONE',  ( -12.85000000000000142, 23.99407982849026411, 0.4500000000000000111 ) ) ;
#5711 = EDGE_CURVE ( 'NONE', #10553, #12416, #1980, .T. ) ;
#5712 = VERTEX_POINT ( 'NONE', #11893 ) ;
#5713 = DIRECTION ( 'NONE',  ( -0.8660254037844383745, 0.5000000000000003331, 0.000000000000000000 ) ) ;
#5714 = CARTESIAN_POINT ( 'NONE',  ( 7.900000000000021672, 22.57957166897568513, 0.000000000000000000 ) ) ;
#5715 = ORIENTED_EDGE ( 'NONE', *, *, #8205, .T. ) ;
#5716 = LINE ( 'NONE', #8585, #7582 ) ;
#5717 = VECTOR ( 'NONE', #8249, 1000.000000000000114 ) ;
#5718 = EDGE_CURVE ( 'NONE', #8406, #9527, #6933, .T. ) ;
#5719 = VERTEX_POINT ( 'NONE', #2996 ) ;
#5720 = FACE_OUTER_BOUND ( 'NONE', #1573, .T. ) ;
#5721 = CARTESIAN_POINT ( 'NONE',  ( -32.99999999999999289, 18.00000000000000355, 0.4500000000000000111 ) ) ;
#5722 = EDGE_CURVE ( 'NONE', #9030, #7135, #11950, .T. ) ;
#5723 = DIRECTION ( 'NONE',  ( -0.4999999999999985567, 0.8660254037844394848, 0.000000000000000000 ) ) ;
#5724 = DIRECTION ( 'NONE',  ( 0.000000000000000000, 0.000000000000000000, -1.000000000000000000 ) ) ;
#5725 = DIRECTION ( 'NONE',  ( 0.8660254037844394848, 0.4999999999999984457, 0.000000000000000000 ) ) ;
#5726 = ORIENTED_EDGE ( 'NONE', *, *, #8392, .T. ) ;
#5727 = ADVANCED_FACE ( 'NONE', ( #9862 ), #7883, .T. ) ;
#5728 = VECTOR ( 'NONE', #9187, 1000.000000000000000 ) ;
#5729 = EDGE_CURVE ( 'NONE', #3282, #479, #206, .T. ) ;
#5730 = DIRECTION ( 'NONE',  ( 1.000000000000000000, 0.000000000000000000, 0.000000000000000000 ) ) ;
#5731 = CARTESIAN_POINT ( 'NONE',  ( -16.15000000000001990, 19.72168783648704249, 0.000000000000000000 ) ) ;
#5732 = EDGE_LOOP ( 'NONE', ( #104, #5365, #9840, #192 ) ) ;
#5733 = CARTESIAN_POINT ( 'NONE',  ( -26.84999999999997300, 18.27831216351298238, 0.4500000000000000111 ) ) ;
#5734 = ORIENTED_EDGE ( 'NONE', *, *, #6420, .T. ) ;
#5735 = LINE ( 'NONE', #10573, #6646 ) ;
#5736 = ORIENTED_EDGE ( 'NONE', *, *, #5773, .T. ) ;
#5737 = EDGE_CURVE ( 'NONE', #7831, #11809, #4074, .T. ) ;
#5738 = EDGE_CURVE ( 'NONE', #10773, #9898, #11826, .T. ) ;
#5739 = DIRECTION ( 'NONE',  ( -0.8660254037844383745, -0.5000000000000003331, 0.000000000000000000 ) ) ;
#5740 = CARTESIAN_POINT ( 'NONE',  ( -12.36794919243113000, 18.00000000000000355, 0.000000000000000000 ) ) ;
#5741 = DIRECTION ( 'NONE',  ( 0.5000000000000004441, -0.8660254037844384856, 0.000000000000000000 ) ) ;
#5742 = LINE ( 'NONE', #4793, #8245 ) ;
#5743 = ORIENTED_EDGE ( 'NONE', *, *, #12201, .T. ) ;
#5744 = LINE ( 'NONE', #2005, #4451 ) ;
#5745 = EDGE_LOOP ( 'NONE', ( #6995, #9758, #10769, #8160 ) ) ;
#5746 = EDGE_CURVE ( 'NONE', #3443, #11121, #10942, .T. ) ;
#5747 = DIRECTION ( 'NONE',  ( -0.8660254037844383745, -0.5000000000000003331, 0.000000000000000000 ) ) ;
#5748 = VECTOR ( 'NONE', #5346, 1000.000000000000000 ) ;
#5749 = LINE ( 'NONE', #1769, #10397 ) ;
#5750 = ORIENTED_EDGE ( 'NONE', *, *, #5204, .F. ) ;
#5751 = FACE_OUTER_BOUND ( 'NONE', #10853, .T. ) ;
#5752 = ORIENTED_EDGE ( 'NONE', *, *, #9413, .T. ) ;
#5753 = CARTESIAN_POINT ( 'NONE',  ( 9.950000000000002842, 20.41450815951458253, 0.4500000000000000111 ) ) ;
#5754 = LINE ( 'NONE', #9640, #9633 ) ;
#5755 = AXIS2_PLACEMENT_3D ( 'NONE', #821, #12503, #4687 ) ;
#5756 = ADVANCED_FACE ( 'NONE', ( #9730 ), #6052, .T. ) ;
#5757 = DIRECTION ( 'NONE',  ( 1.000000000000000000, 0.000000000000000000, 0.000000000000000000 ) ) ;
#5758 = DIRECTION ( 'NONE',  ( -0.8660254037844394848, 0.4999999999999984457, 0.000000000000000000 ) ) ;
#5759 = DIRECTION ( 'NONE',  ( 0.000000000000000000, 1.000000000000000000, 0.000000000000000000 ) ) ;
#5760 = CARTESIAN_POINT ( 'NONE',  ( -23.54999999999997584, 25.43745550146435264, 0.4500000000000000111 ) ) ;
#5761 = ORIENTED_EDGE ( 'NONE', *, *, #8139, .F. ) ;
#5762 = VECTOR ( 'NONE', #6161, 1000.000000000000000 ) ;
#5763 = ORIENTED_EDGE ( 'NONE', *, *, #5424, .F. ) ;
#5764 = ORIENTED_EDGE ( 'NONE', *, *, #9883, .T. ) ;
#5765 = CARTESIAN_POINT ( 'NONE',  ( -11.60000000000000320, 17.55662432702593634, 0.000000000000000000 ) ) ;
#5766 = ORIENTED_EDGE ( 'NONE', *, *, #7441, .T. ) ;
#5767 = ORIENTED_EDGE ( 'NONE', *, *, #8668, .F. ) ;
#5768 = AXIS2_PLACEMENT_3D ( 'NONE', #1923, #6741, #10619 ) ;
#5769 = ORIENTED_EDGE ( 'NONE', *, *, #7675, .T. ) ;
#5770 = VECTOR ( 'NONE', #9242, 1000.000000000000114 ) ;
#5771 = CARTESIAN_POINT ( 'NONE',  ( 14.89999999999999680, 23.27239199200323228, 0.4500000000000000111 ) ) ;
#5772 = LINE ( 'NONE', #953, #7599 ) ;
#5773 = EDGE_CURVE ( 'NONE', #1300, #1270, #5091, .T. ) ;
#5774 = LINE ( 'NONE', #6041, #6593 ) ;
#5775 = ORIENTED_EDGE ( 'NONE', *, *, #5048, .T. ) ;
#5776 = FACE_OUTER_BOUND ( 'NONE', #10450, .T. ) ;
#5777 = VECTOR ( 'NONE', #1359, 1000.000000000000000 ) ;
#5778 = FACE_BOUND ( 'NONE', #7664, .T. ) ;
#5779 = ORIENTED_EDGE ( 'NONE', *, *, #5232, .F. ) ;
#5780 = LINE ( 'NONE', #4766, #328 ) ;
#5781 = VERTEX_POINT ( 'NONE', #267 ) ;
#5782 = DIRECTION ( 'NONE',  ( 0.4999999999999985567, 0.8660254037844394848, 0.000000000000000000 ) ) ;
#5783 = DIRECTION ( 'NONE',  ( -1.000000000000000000, 0.000000000000000000, 0.000000000000000000 ) ) ;
#5784 = AXIS2_PLACEMENT_3D ( 'NONE', #1169, #5914, #1924 ) ;
#5785 = VECTOR ( 'NONE', #935, 1000.000000000000114 ) ;
#5786 = LINE ( 'NONE', #3766, #8616 ) ;
#5787 = PLANE ( 'NONE',  #2547 ) ;
#5788 = COORDINATED_UNIVERSAL_TIME_OFFSET ( 1, 0, .AHEAD. ) ;
#5789 = ORIENTED_EDGE ( 'NONE', *, *, #7137, .T. ) ;
#5790 = AXIS2_PLACEMENT_3D ( 'NONE', #3423, #7301, #4306 ) ;
#5791 = FACE_OUTER_BOUND ( 'NONE', #6497, .T. ) ;
#5792 = VECTOR ( 'NONE', #2807, 1000.000000000000000 ) ;
#5793 = DIRECTION ( 'NONE',  ( 0.000000000000000000, 0.000000000000000000, -1.000000000000000000 ) ) ;
#5794 = VERTEX_POINT ( 'NONE', #2236 ) ;
#5795 = AXIS2_PLACEMENT_3D ( 'NONE', #6844, #3036, #10783 ) ;
#5796 = PLANE ( 'NONE',  #4246 ) ;
#5797 = EDGE_LOOP ( 'NONE', ( #5686, #3037, #5458, #2192 ) ) ;
#5798 = EDGE_CURVE ( 'NONE', #8699, #6972, #1028, .T. ) ;
#5799 = EDGE_CURVE ( 'NONE', #11307, #9047, #5274, .T. ) ;
#5800 = LINE ( 'NONE', #3708, #4819 ) ;
#5801 = VERTEX_POINT ( 'NONE', #7245 ) ;
#5802 = FACE_OUTER_BOUND ( 'NONE', #3491, .T. ) ;
#5803 = EDGE_CURVE ( 'NONE', #7994, #6271, #9287, .T. ) ;
#5804 = CARTESIAN_POINT ( 'NONE',  ( 29.35000000000000853, 19.72168783648704604, 0.4500000000000000111 ) ) ;
#5805 = FACE_OUTER_BOUND ( 'NONE', #358, .T. ) ;
#5806 = EDGE_CURVE ( 'NONE', #7555, #9044, #4449, .T. ) ;
#5807 = CARTESIAN_POINT ( 'NONE',  ( -11.59999999999999076, 20.44337567297408498, 0.4500000000000000111 ) ) ;
#5808 = ORIENTED_EDGE ( 'NONE', *, *, #5313, .F. ) ;
#5809 = CARTESIAN_POINT ( 'NONE',  ( 14.50000000000001599, 22.57957166897568868, 0.4500000000000000111 ) ) ;
#5810 = EDGE_CURVE ( 'NONE', #1975, #7848, #6425, .T. ) ;
#5811 = ORIENTED_EDGE ( 'NONE', *, *, #304, .F. ) ;
#5812 = ADVANCED_FACE ( 'NONE', ( #10047 ), #448, .T. ) ;
#5813 = LINE ( 'NONE', #7536, #12355 ) ;
#5814 = PLANE ( 'NONE',  #6736 ) ;
#5815 = ORIENTED_EDGE ( 'NONE', *, *, #8284, .T. ) ;
#5816 = DIRECTION ( 'NONE',  ( 0.000000000000000000, 0.000000000000000000, -1.000000000000000000 ) ) ;
#5817 = VERTEX_POINT ( 'NONE', #9093 ) ;
#5818 = DIRECTION ( 'NONE',  ( -0.4999999999999997224, -0.8660254037844388186, 0.000000000000000000 ) ) ;
#5819 = DIRECTION ( 'NONE',  ( 0.000000000000000000, 0.000000000000000000, -1.000000000000000000 ) ) ;
#5820 = VECTOR ( 'NONE', #6999, 1000.000000000000114 ) ;
#5821 = CARTESIAN_POINT ( 'NONE',  ( 24.40000000000001279, 22.57957166897568868, 0.000000000000000000 ) ) ;
#5822 = DIRECTION ( 'NONE',  ( -1.000000000000000000, 0.000000000000000000, 0.000000000000000000 ) ) ;
#5823 = CARTESIAN_POINT ( 'NONE',  ( 32.99999999999999289, 18.00000000000000355, 0.4500000000000000111 ) ) ;
#5824 = CARTESIAN_POINT ( 'NONE',  ( 6.232766950200896439, 20.65539777313090397, 0.4500000000000000111 ) ) ;
#5826 = VERTEX_POINT ( 'NONE', #2356 ) ;
#5825 = AXIS2_PLACEMENT_3D ( 'NONE', #9322, #983, #8735 ) ;
#5827 = ADVANCED_FACE ( 'NONE', ( #5213 ), #10107, .T. ) ;
#5828 = ORIENTED_EDGE ( 'NONE', *, *, #5506, .F. ) ;
#5829 = ORIENTED_EDGE ( 'NONE', *, *, #11184, .F. ) ;
#5830 = CARTESIAN_POINT ( 'NONE',  ( -32.99999999999999289, 25.99999999999999645, 0.4500000000000000111 ) ) ;
#5831 = ORIENTED_EDGE ( 'NONE', *, *, #11754, .F. ) ;
#5832 = VECTOR ( 'NONE', #3587, 1000.000000000000000 ) ;
#5833 = VERTEX_POINT ( 'NONE', #8394 ) ;
#5834 = EDGE_CURVE ( 'NONE', #1363, #10491, #1407, .T. ) ;
#5835 = ORIENTED_EDGE ( 'NONE', *, *, #10550, .T. ) ;
#5836 = PLANE ( 'NONE',  #10420 ) ;
#5837 = DIRECTION ( 'NONE',  ( -0.8660254037844394848, -0.4999999999999985012, 0.000000000000000000 ) ) ;
#5838 = CARTESIAN_POINT ( 'NONE',  ( 9.550000000000018474, 25.43745550146433132, 0.4500000000000000111 ) ) ;
#5839 = CARTESIAN_POINT ( 'NONE',  ( -29.34999999999999432, 18.27831216351297527, 0.000000000000000000 ) ) ;
#5840 = ORIENTED_EDGE ( 'NONE', *, *, #3492, .T. ) ;
#5841 = VECTOR ( 'NONE', #9981, 1000.000000000000114 ) ;
#5842 = PLANE ( 'NONE',  #2433 ) ;
#5843 = CARTESIAN_POINT ( 'NONE',  ( 12.85000000000000142, 23.99407982849026411, 0.000000000000000000 ) ) ;
#5844 = ORIENTED_EDGE ( 'NONE', *, *, #2552, .T. ) ;
#5845 = ORIENTED_EDGE ( 'NONE', *, *, #5871, .F. ) ;
#5846 = CARTESIAN_POINT ( 'NONE',  ( -32.64999999999999147, 23.99407982849027476, 0.4500000000000000111 ) ) ;
#5847 = CARTESIAN_POINT ( 'NONE',  ( 30.14999999999997371, 23.99407982849028187, 0.4500000000000000111 ) ) ;
#5848 = DIRECTION ( 'NONE',  ( 0.000000000000000000, 0.000000000000000000, -1.000000000000000000 ) ) ;
#5849 = VECTOR ( 'NONE', #4677, 1000.000000000000000 ) ;
#5850 = CARTESIAN_POINT ( 'NONE',  ( -35.09999999999998010, 22.57957166897571000, 0.4500000000000000111 ) ) ;
#5851 = CARTESIAN_POINT ( 'NONE',  ( -35.09999999999998010, 21.13619599600163568, 0.4500000000000000111 ) ) ;
#5852 = CARTESIAN_POINT ( 'NONE',  ( -13.25000000000000000, 20.41450815951458608, 0.4500000000000000111 ) ) ;
#5853 = EDGE_LOOP ( 'NONE', ( #2004, #2704, #7476, #4019, #6031, #9090 ) ) ;
#5854 = PLANE ( 'NONE',  #11964 ) ;
#5855 = LINE ( 'NONE', #1036, #3894 ) ;
#5856 = ORIENTED_EDGE ( 'NONE', *, *, #11390, .T. ) ;
#5857 = LINE ( 'NONE', #9742, #9111 ) ;
#5858 = AXIS2_PLACEMENT_3D ( 'NONE', #11024, #4281, #11148 ) ;
#5859 = ORIENTED_EDGE ( 'NONE', *, *, #5722, .T. ) ;
#5860 = EDGE_CURVE ( 'NONE', #9059, #11525, #7122, .T. ) ;
#5861 = EDGE_CURVE ( 'NONE', #9016, #4340, #8331, .T. ) ;
#5862 = ORIENTED_EDGE ( 'NONE', *, *, #11184, .T. ) ;
#5863 = LINE ( 'NONE', #3071, #9610 ) ;
#5864 = PLANE ( 'NONE',  #2793 ) ;
#5865 = VERTEX_POINT ( 'NONE', #3431 ) ;
#5866 = CARTESIAN_POINT ( 'NONE',  ( -28.49999999999997158, 22.57957166897570644, 0.000000000000000000 ) ) ;
#5867 = VECTOR ( 'NONE', #1294, 1000.000000000000000 ) ;
#5868 = VECTOR ( 'NONE', #7939, 1000.000000000000000 ) ;
#5869 = DIRECTION ( 'NONE',  ( -0.8660254037844387076, 0.4999999999999997224, 0.000000000000000000 ) ) ;
#5870 = DIRECTION ( 'NONE',  ( 0.8660254037844383745, 0.5000000000000003331, 0.000000000000000000 ) ) ;
#5871 = EDGE_CURVE ( 'NONE', #8196, #4829, #388, .T. ) ;
#5872 = CARTESIAN_POINT ( 'NONE',  ( 31.79999999999996874, 21.13619599600163212, 0.4500000000000000111 ) ) ;
#5873 = EDGE_LOOP ( 'NONE', ( #518, #3022, #6607, #6523 ) ) ;
#5874 = DIRECTION ( 'NONE',  ( 0.8660254037844383745, -0.5000000000000003331, 0.000000000000000000 ) ) ;
#5875 = VERTEX_POINT ( 'NONE', #5401 ) ;
#5876 = DIRECTION ( 'NONE',  ( -0.4999999999999985012, 0.8660254037844395958, 0.000000000000000000 ) ) ;
#5877 = EDGE_CURVE ( 'NONE', #688, #11725, #645, .T. ) ;
#5878 = CARTESIAN_POINT ( 'NONE',  ( -19.84999999999999787, 20.41450815951458964, 0.000000000000000000 ) ) ;
#5879 = VECTOR ( 'NONE', #3848, 1000.000000000000114 ) ;
#5880 = ORIENTED_EDGE ( 'NONE', *, *, #1076, .T. ) ;
#5881 = EDGE_CURVE ( 'NONE', #7769, #1855, #3246, .T. ) ;
#5882 = DIRECTION ( 'NONE',  ( -0.8660254037844394848, 0.4999999999999984457, 0.000000000000000000 ) ) ;
#5883 = EDGE_LOOP ( 'NONE', ( #3453, #11934, #11777, #350 ) ) ;
#5884 = DIRECTION ( 'NONE',  ( -0.8660254037844393737, -0.4999999999999985012, 0.000000000000000000 ) ) ;
#5885 = LINE ( 'NONE', #10840, #512 ) ;
#5886 = CARTESIAN_POINT ( 'NONE',  ( 10.34999999999998721, 19.72168783648705315, 0.4500000000000000111 ) ) ;
#5887 = CARTESIAN_POINT ( 'NONE',  ( 29.35000000000000853, 19.72168783648704604, 0.000000000000000000 ) ) ;
#5888 = DIRECTION ( 'NONE',  ( 0.000000000000000000, -0.000000000000000000, 1.000000000000000000 ) ) ;
#5889 = CARTESIAN_POINT ( 'NONE',  ( -28.49999999999997158, 21.13619599600163212, 0.4500000000000000111 ) ) ;
#5890 = ORIENTED_EDGE ( 'NONE', *, *, #11316, .T. ) ;
#5891 = EDGE_CURVE ( 'NONE', #2634, #795, #5332, .T. ) ;
#5892 = VECTOR ( 'NONE', #11926, 1000.000000000000000 ) ;
#5893 = VERTEX_POINT ( 'NONE', #11244 ) ;
#5894 = VERTEX_POINT ( 'NONE', #6173 ) ;
#5895 = LINE ( 'NONE', #828, #11531 ) ;
#5896 = ORIENTED_EDGE ( 'NONE', *, *, #1310, .F. ) ;
#5897 = ORIENTED_EDGE ( 'NONE', *, *, #1948, .T. ) ;
#5898 = ORIENTED_EDGE ( 'NONE', *, *, #1368, .T. ) ;
#5899 = EDGE_CURVE ( 'NONE', #11941, #1704, #8269, .T. ) ;
#5900 = VECTOR ( 'NONE', #7084, 1000.000000000000114 ) ;
#5901 = CARTESIAN_POINT ( 'NONE',  ( -7.049999999999986500, 23.99407982849027121, 0.000000000000000000 ) ) ;
#5902 = DIRECTION ( 'NONE',  ( -0.8660254037844387076, 0.4999999999999997224, 0.000000000000000000 ) ) ;
#5903 = DIRECTION ( 'NONE',  ( 0.000000000000000000, 0.000000000000000000, -1.000000000000000000 ) ) ;
#5904 = CARTESIAN_POINT ( 'NONE',  ( 5.399999999999989697, 21.13619599600162147, 0.4500000000000000111 ) ) ;
#5905 = VERTEX_POINT ( 'NONE', #8137 ) ;
#5906 = DIRECTION ( 'NONE',  ( 9.614813431917789401E-15, 1.000000000000000000, 0.000000000000000000 ) ) ;
#5907 = FACE_BOUND ( 'NONE', #2086, .T. ) ;
#5908 = ORIENTED_EDGE ( 'NONE', *, *, #12379, .F. ) ;
#5909 = ORIENTED_EDGE ( 'NONE', *, *, #3020, .T. ) ;
#5910 = CARTESIAN_POINT ( 'NONE',  ( -21.10000000000000142, 21.13619599600162147, 0.000000000000000000 ) ) ;
#5911 = CARTESIAN_POINT ( 'NONE',  ( -33.79413748140514429, 18.07962429598546805, 0.000000000000000000 ) ) ;
#5912 = LINE ( 'NONE', #9795, #10854 ) ;
#5913 = LINE ( 'NONE', #5981, #4754 ) ;
#5914 = DIRECTION ( 'NONE',  ( -0.4999999999999985012, 0.8660254037844395958, 0.000000000000000000 ) ) ;
#5915 = ORIENTED_EDGE ( 'NONE', *, *, #6103, .T. ) ;
#5916 = CARTESIAN_POINT ( 'NONE',  ( -9.550000000000022027, 19.72168783648703538, 0.000000000000000000 ) ) ;
#5917 = VECTOR ( 'NONE', #909, 1000.000000000000000 ) ;
#5918 = DIRECTION ( 'NONE',  ( -0.8660254037844393737, 0.4999999999999985012, 0.000000000000000000 ) ) ;
#5919 = EDGE_LOOP ( 'NONE', ( #11157, #7795, #8150, #2592 ) ) ;
#5920 = CARTESIAN_POINT ( 'NONE',  ( 16.54999999999999005, 23.30125950546273828, 0.4500000000000000111 ) ) ;
#5921 = EDGE_LOOP ( 'NONE', ( #10071, #9691, #5880, #9891 ) ) ;
#5922 = ORIENTED_EDGE ( 'NONE', *, *, #9618, .T. ) ;
#5923 = EDGE_CURVE ( 'NONE', #10479, #778, #12008, .T. ) ;
#5924 = FACE_OUTER_BOUND ( 'NONE', #6437, .T. ) ;
#5925 = CARTESIAN_POINT ( 'NONE',  ( -26.05000000000001137, 25.43745550146433843, 0.000000000000000000 ) ) ;
#5926 = ORIENTED_EDGE ( 'NONE', *, *, #9944, .T. ) ;
#5927 = CARTESIAN_POINT ( 'NONE',  ( 31.39999999999998437, 17.55662432702594344, 0.000000000000000000 ) ) ;
#5928 = VECTOR ( 'NONE', #1200, 1000.000000000000114 ) ;
#5929 = EDGE_CURVE ( 'NONE', #6551, #7716, #12071, .T. ) ;
#5930 = CARTESIAN_POINT ( 'NONE',  ( 26.84999999999997300, 23.99407982849028187, 0.4500000000000000111 ) ) ;
#5931 = DIRECTION ( 'NONE',  ( -0.8660254037844394848, -0.4999999999999985012, 0.000000000000000000 ) ) ;
#5932 = DIRECTION ( 'NONE',  ( 0.000000000000000000, 0.000000000000000000, -1.000000000000000000 ) ) ;
#5933 = ADVANCED_FACE ( 'NONE', ( #7309 ), #11187, .F. ) ;
#5934 = ORIENTED_EDGE ( 'NONE', *, *, #5958, .F. ) ;
#5935 = CARTESIAN_POINT ( 'NONE',  ( 22.26794919243111792, 18.00000000000000355, 0.000000000000000000 ) ) ;
#5936 = ORIENTED_EDGE ( 'NONE', *, *, #7059, .F. ) ;
#5937 = EDGE_CURVE ( 'NONE', #10462, #1884, #8575, .T. ) ;
#5938 = DIRECTION ( 'NONE',  ( 0.000000000000000000, -1.000000000000000000, 0.000000000000000000 ) ) ;
#5939 = LINE ( 'NONE', #9822, #7349 ) ;
#5940 = VERTEX_POINT ( 'NONE', #2608 ) ;
#5941 = LINE ( 'NONE', #9412, #10866 ) ;
#5942 = ORIENTED_EDGE ( 'NONE', *, *, #9694, .T. ) ;
#5943 = CARTESIAN_POINT ( 'NONE',  ( 16.94999999999998153, 19.72168783648705315, 0.4500000000000000111 ) ) ;
#5944 = DIRECTION ( 'NONE',  ( 0.4999999999999985567, 0.8660254037844394848, 0.000000000000000000 ) ) ;
#5945 = CARTESIAN_POINT ( 'NONE',  ( -21.77564434701789153, 25.99999999999999645, 0.4500000000000000111 ) ) ;
#5946 = CARTESIAN_POINT ( 'NONE',  ( 36.34999999999998010, 23.30125950546274538, 0.4500000000000000111 ) ) ;
#5947 = CARTESIAN_POINT ( 'NONE',  ( -27.70000000000000995, 22.57957166897569223, 0.4500000000000000111 ) ) ;
#5948 = AXIS2_PLACEMENT_3D ( 'NONE', #2165, #6790, #6987 ) ;
#5949 = DIRECTION ( 'NONE',  ( 1.000000000000000000, -0.000000000000000000, -0.000000000000000000 ) ) ;
#5950 = ORIENTED_EDGE ( 'NONE', *, *, #4652, .F. ) ;
#5951 = EDGE_CURVE ( 'NONE', #3619, #6721, #708, .T. ) ;
#5952 = EDGE_LOOP ( 'NONE', ( #12453, #10810, #1597, #9406, #5273, #642 ) ) ;
#5953 = ORIENTED_EDGE ( 'NONE', *, *, #11059, .F. ) ;
#5954 = PLANE ( 'NONE',  #8302 ) ;
#5955 = ORIENTED_EDGE ( 'NONE', *, *, #9393, .T. ) ;
#5956 = VECTOR ( 'NONE', #8321, 1000.000000000000000 ) ;
#5957 = ORIENTED_EDGE ( 'NONE', *, *, #4515, .T. ) ;
#5958 = EDGE_CURVE ( 'NONE', #3118, #8580, #9476, .T. ) ;
#5959 = EDGE_LOOP ( 'NONE', ( #8713, #4184, #369, #1280 ) ) ;
#5960 = EDGE_CURVE ( 'NONE', #10133, #716, #2671, .T. ) ;
#5961 = VECTOR ( 'NONE', #10758, 1000.000000000000000 ) ;
#5962 = DIRECTION ( 'NONE',  ( 0.4999999999999997224, -0.8660254037844388186, -0.000000000000000000 ) ) ;
#5963 = DIRECTION ( 'NONE',  ( 0.000000000000000000, 0.000000000000000000, -1.000000000000000000 ) ) ;
#5964 = VECTOR ( 'NONE', #789, 1000.000000000000000 ) ;
#5965 = LINE ( 'NONE', #5838, #11433 ) ;
#5966 = EDGE_CURVE ( 'NONE', #7147, #4274, #6482, .T. ) ;
#5967 = LINE ( 'NONE', #5083, #4980 ) ;
#5968 = ORIENTED_EDGE ( 'NONE', *, *, #8844, .T. ) ;
#5969 = CARTESIAN_POINT ( 'NONE',  ( 27.70000000000000995, 22.57957166897569223, 0.4500000000000000111 ) ) ;
#5970 = DIRECTION ( 'NONE',  ( 0.000000000000000000, -1.000000000000000000, -0.000000000000000000 ) ) ;
#5971 = EDGE_CURVE ( 'NONE', #1672, #7771, #10357, .T. ) ;
#5972 = ADVANCED_FACE ( 'NONE', ( #1664 ), #1725, .F. ) ;
#5973 = ORIENTED_EDGE ( 'NONE', *, *, #5232, .T. ) ;
#5974 = VECTOR ( 'NONE', #12027, 1000.000000000000000 ) ;
#5975 = ADVANCED_FACE ( 'NONE', ( #8517 ), #12388, .T. ) ;
#5976 = ORIENTED_EDGE ( 'NONE', *, *, #11112, .T. ) ;
#5977 = AXIS2_PLACEMENT_3D ( 'NONE', #3305, #6297, #6236 ) ;
#5978 = LINE ( 'NONE', #3119, #3083 ) ;
#5979 = CARTESIAN_POINT ( 'NONE',  ( 21.49999999999999289, 23.27239199200323583, 0.000000000000000000 ) ) ;
#5980 = CARTESIAN_POINT ( 'NONE',  ( -9.205862518594861044, 18.07962429598546450, 0.4500000000000000111 ) ) ;
#5981 = CARTESIAN_POINT ( 'NONE',  ( -14.89999999999998437, 26.15914333795138447, 0.4500000000000000111 ) ) ;
#5982 = VECTOR ( 'NONE', #11190, 1000.000000000000000 ) ;
#5983 = CARTESIAN_POINT ( 'NONE',  ( -13.64999999999998437, 18.27831216351297883, 0.4500000000000000111 ) ) ;
#5984 = PERSON_AND_ORGANIZATION ( #730, #5577 ) ;
#5985 = AXIS2_PLACEMENT_3D ( 'NONE', #8258, #4190, #5263 ) ;
#5986 = ORIENTED_EDGE ( 'NONE', *, *, #1115, .F. ) ;
#5987 = VECTOR ( 'NONE', #7517, 1000.000000000000000 ) ;
#5988 = DIRECTION ( 'NONE',  ( -0.8660254037844394848, -0.4999999999999985012, 0.000000000000000000 ) ) ;
#5989 = EDGE_CURVE ( 'NONE', #8986, #10400, #12327, .T. ) ;
#5990 = DIRECTION ( 'NONE',  ( 0.000000000000000000, -1.000000000000000000, 0.000000000000000000 ) ) ;
#5991 = ORIENTED_EDGE ( 'NONE', *, *, #598, .T. ) ;
#5992 = LINE ( 'NONE', #7706, #2827 ) ;
#5993 = EDGE_CURVE ( 'NONE', #11427, #9133, #10418, .T. ) ;
#5994 = EDGE_LOOP ( 'NONE', ( #5444, #2070, #6602, #4748, #6124, #12398, #1770 ) ) ;
#5995 = ORIENTED_EDGE ( 'NONE', *, *, #7040, .F. ) ;
#5996 = ORIENTED_EDGE ( 'NONE', *, *, #7744, .F. ) ;
#5997 = PLANE ( 'NONE',  #12048 ) ;
#5998 = VECTOR ( 'NONE', #6836, 1000.000000000000000 ) ;
#5999 = CARTESIAN_POINT ( 'NONE',  ( -16.94999999999998153, 19.72168783648705315, 0.000000000000000000 ) ) ;
#6000 = VERTEX_POINT ( 'NONE', #1791 ) ;
#6001 = EDGE_CURVE ( 'NONE', #11595, #5940, #5651, .T. ) ;
#6002 = EDGE_CURVE ( 'NONE', #4941, #4672, #9807, .T. ) ;
#6003 = CARTESIAN_POINT ( 'NONE',  ( -30.14999999999997371, 25.43745550146435619, 0.4500000000000000111 ) ) ;
#6004 = VECTOR ( 'NONE', #8568, 1000.000000000000114 ) ;
#6005 = VECTOR ( 'NONE', #898, 1000.000000000000114 ) ;
#6006 = VECTOR ( 'NONE', #9708, 1000.000000000000114 ) ;
#6007 = AXIS2_PLACEMENT_3D ( 'NONE', #9080, #3354, #6098 ) ;
#6008 = DIRECTION ( 'NONE',  ( -0.8660254037844393737, 0.4999999999999985012, 0.000000000000000000 ) ) ;
#6009 = DIRECTION ( 'NONE',  ( 9.614813431917789401E-15, 1.000000000000000000, 0.000000000000000000 ) ) ;
#6010 = AXIS2_PLACEMENT_3D ( 'NONE', #9622, #1819, #982 ) ;
#6011 = LINE ( 'NONE', #11848, #7634 ) ;
#6012 = EDGE_LOOP ( 'NONE', ( #3727, #8857, #10570, #6021 ) ) ;
#6013 = LINE ( 'NONE', #6761, #11142 ) ;
#6014 = ORIENTED_EDGE ( 'NONE', *, *, #6922, .T. ) ;
#6015 = LINE ( 'NONE', #9893, #7812 ) ;
#6016 = EDGE_CURVE ( 'NONE', #11350, #5258, #10001, .T. ) ;
#6017 = AXIS2_PLACEMENT_3D ( 'NONE', #8159, #10070, #5235 ) ;
#6018 = DIRECTION ( 'NONE',  ( 0.4999999999999985012, 0.8660254037844395958, 0.000000000000000000 ) ) ;
#6019 = EDGE_LOOP ( 'NONE', ( #265, #11478, #4570, #5002 ) ) ;
#6020 = DIRECTION ( 'NONE',  ( -0.8660254037844383745, -0.5000000000000003331, 0.000000000000000000 ) ) ;
#6021 = ORIENTED_EDGE ( 'NONE', *, *, #1245, .T. ) ;
#6022 = CARTESIAN_POINT ( 'NONE',  ( 33.44999999999998153, 19.72168783648705670, 0.4500000000000000111 ) ) ;
#6023 = LINE ( 'NONE', #242, #1327 ) ;
#6024 = DIRECTION ( 'NONE',  ( -1.000000000000000000, 0.000000000000000000, 0.000000000000000000 ) ) ;
#6025 = LINE ( 'NONE', #9903, #3315 ) ;
#6026 = CARTESIAN_POINT ( 'NONE',  ( -25.19999999999997442, 21.13619599600163212, 0.4500000000000000111 ) ) ;
#6027 = LINE ( 'NONE', #9905, #5185 ) ;
#6028 = ORIENTED_EDGE ( 'NONE', *, *, #9445, .T. ) ;
#6029 = VERTEX_POINT ( 'NONE', #1240 ) ;
#6030 = DIRECTION ( 'NONE',  ( -0.8660254037844383745, -0.5000000000000003331, 0.000000000000000000 ) ) ;
#6031 = ORIENTED_EDGE ( 'NONE', *, *, #540, .T. ) ;
#6032 = EDGE_CURVE ( 'NONE', #5032, #12136, #5863, .T. ) ;
#6033 = EDGE_CURVE ( 'NONE', #5865, #193, #2058, .T. ) ;
#6034 = ORIENTED_EDGE ( 'NONE', *, *, #4710, .F. ) ;
#6035 = VECTOR ( 'NONE', #2502, 1000.000000000000114 ) ;
#6036 = ORIENTED_EDGE ( 'NONE', *, *, #6111, .T. ) ;
#6037 = AXIS2_PLACEMENT_3D ( 'NONE', #10743, #5027, #9794 ) ;
#6038 = VECTOR ( 'NONE', #10916, 1000.000000000000000 ) ;
#6039 = LINE ( 'NONE', #11995, #1145 ) ;
#6040 = DIRECTION ( 'NONE',  ( 0.000000000000000000, -1.000000000000000000, 0.000000000000000000 ) ) ;
#6041 = CARTESIAN_POINT ( 'NONE',  ( 14.90000000000000036, 17.55662432702593989, 0.4500000000000000111 ) ) ;
#6042 = CARTESIAN_POINT ( 'NONE',  ( 32.99999999999999289, 25.99999999999999645, 0.4500000000000000111 ) ) ;
#6043 = ORIENTED_EDGE ( 'NONE', *, *, #6554, .T. ) ;
#6044 = CARTESIAN_POINT ( 'NONE',  ( -12.36794919243113000, 18.00000000000000355, 0.4500000000000000111 ) ) ;
#6045 = ADVANCED_FACE ( 'NONE', ( #5165 ), #10817, .T. ) ;
#6046 = VECTOR ( 'NONE', #11341, 1000.000000000000000 ) ;
#6047 = DIRECTION ( 'NONE',  ( 9.614813431917789401E-15, 1.000000000000000000, 0.000000000000000000 ) ) ;
#6048 = ORIENTED_EDGE ( 'NONE', *, *, #11820, .F. ) ;
#6049 = ORIENTED_EDGE ( 'NONE', *, *, #7196, .F. ) ;
#6050 = LINE ( 'NONE', #10805, #2679 ) ;
#6051 = EDGE_CURVE ( 'NONE', #6528, #4957, #1110, .T. ) ;
#6052 = PLANE ( 'NONE',  #11843 ) ;
#6053 = LINE ( 'NONE', #4896, #8214 ) ;
#6054 = EDGE_CURVE ( 'NONE', #11882, #1434, #6069, .T. ) ;
#6055 = ADVANCED_FACE ( 'NONE', ( #10957 ), #5997, .T. ) ;
#6056 = PLANE ( 'NONE',  #2124 ) ;
#6057 = CARTESIAN_POINT ( 'NONE',  ( 12.85000000000001918, 19.72168783648703894, 0.4500000000000000111 ) ) ;
#6058 = PERSON_AND_ORGANIZATION_ROLE ( 'design_supplier' ) ;
#6059 = VERTEX_POINT ( 'NONE', #1180 ) ;
#6060 = DIRECTION ( 'NONE',  ( 0.000000000000000000, 0.000000000000000000, -1.000000000000000000 ) ) ;
#6061 = CARTESIAN_POINT ( 'NONE',  ( 32.99999999999999289, 25.99999999999999645, 0.4500000000000000111 ) ) ;
#6062 = EDGE_LOOP ( 'NONE', ( #11706, #771, #6202, #6814 ) ) ;
#6063 = ADVANCED_FACE ( 'NONE', ( #5924 ), #11775, .T. ) ;
#6064 = CARTESIAN_POINT ( 'NONE',  ( -33.44999999999996732, 23.99407982849028542, 0.000000000000000000 ) ) ;
#6065 = VERTEX_POINT ( 'NONE', #222 ) ;
#6066 = EDGE_LOOP ( 'NONE', ( #5829, #7680, #12018, #2842 ) ) ;
#6067 = ORIENTED_EDGE ( 'NONE', *, *, #5891, .F. ) ;
#6068 = VECTOR ( 'NONE', #5703, 1000.000000000000114 ) ;
#6069 = LINE ( 'NONE', #4026, #8605 ) ;
#6070 = DIRECTION ( 'NONE',  ( 1.000000000000000000, 0.000000000000000000, 0.000000000000000000 ) ) ;
#6071 = ORIENTED_EDGE ( 'NONE', *, *, #3949, .T. ) ;
#6072 = CARTESIAN_POINT ( 'NONE',  ( -24.79999999999999361, 23.27239199200323938, 0.000000000000000000 ) ) ;
#6073 = EDGE_CURVE ( 'NONE', #1799, #3992, #11838, .T. ) ;
#6074 = LINE ( 'NONE', #9110, #5023 ) ;
#6075 = VECTOR ( 'NONE', #5938, 1000.000000000000000 ) ;
#6076 = FACE_OUTER_BOUND ( 'NONE', #4131, .T. ) ;
#6077 = DIRECTION ( 'NONE',  ( 1.000000000000000000, 9.614813431917789401E-15, 0.000000000000000000 ) ) ;
#6078 = ORIENTED_EDGE ( 'NONE', *, *, #5498, .F. ) ;
#6079 = PLANE ( 'NONE',  #5060 ) ;
#6080 = EDGE_LOOP ( 'NONE', ( #1816, #9223, #2870, #2305, #4782, #12116 ) ) ;
#6081 = CARTESIAN_POINT ( 'NONE',  ( -16.94999999999998153, 19.72168783648705315, 0.4500000000000000111 ) ) ;
#6082 = ORIENTED_EDGE ( 'NONE', *, *, #137, .F. ) ;
#6083 = AXIS2_PLACEMENT_3D ( 'NONE', #2882, #4784, #11772 ) ;
#6084 = CARTESIAN_POINT ( 'NONE',  ( 11.60000000000000320, 17.55662432702593634, 0.4500000000000000111 ) ) ;
#6085 = ORIENTED_EDGE ( 'NONE', *, *, #2266, .T. ) ;
#6086 = PLANE ( 'NONE',  #2336 ) ;
#6087 = DIRECTION ( 'NONE',  ( 0.000000000000000000, -1.000000000000000000, 0.000000000000000000 ) ) ;
#6088 = DIRECTION ( 'NONE',  ( 0.000000000000000000, 0.000000000000000000, -1.000000000000000000 ) ) ;
#6089 = CARTESIAN_POINT ( 'NONE',  ( -8.699999999999986855, 21.13619599600162147, 0.000000000000000000 ) ) ;
#6090 = CARTESIAN_POINT ( 'NONE',  ( 31.39999999999998437, 23.27239199200324293, 0.4500000000000000111 ) ) ;
#6091 = ORIENTED_EDGE ( 'NONE', *, *, #5340, .F. ) ;
#6092 = VERTEX_POINT ( 'NONE', #3136 ) ;
#6094 = AXIS2_PLACEMENT_3D ( 'NONE', #10799, #5145, #3113 ) ;
#6093 = DIRECTION ( 'NONE',  ( -9.614813431917789401E-15, -1.000000000000000000, 0.000000000000000000 ) ) ;
#6095 = ORIENTED_EDGE ( 'NONE', *, *, #5937, .F. ) ;
#6096 = EDGE_LOOP ( 'NONE', ( #5789, #976, #1690, #7448 ) ) ;
#6097 = ORIENTED_EDGE ( 'NONE', *, *, #8674, .T. ) ;
#6098 = DIRECTION ( 'NONE',  ( 9.614813431917789401E-15, -1.000000000000000000, 0.000000000000000000 ) ) ;
#6099 = DIRECTION ( 'NONE',  ( 1.000000000000000000, 9.614813431917789401E-15, 0.000000000000000000 ) ) ;
#6100 = FACE_OUTER_BOUND ( 'NONE', #1989, .T. ) ;
#6101 = VECTOR ( 'NONE', #7907, 1000.000000000000114 ) ;
#6102 = DIRECTION ( 'NONE',  ( 0.4999999999999985567, 0.8660254037844394848, 0.000000000000000000 ) ) ;
#6103 = EDGE_CURVE ( 'NONE', #2265, #4801, #4211, .T. ) ;
#6104 = CARTESIAN_POINT ( 'NONE',  ( -11.59999999999999964, 23.27239199200323228, 0.000000000000000000 ) ) ;
#6105 = EDGE_LOOP ( 'NONE', ( #11357, #7932, #10748, #4855 ) ) ;
#6106 = PLANE ( 'NONE',  #10962 ) ;
#6107 = DIRECTION ( 'NONE',  ( 0.000000000000000000, 0.000000000000000000, -1.000000000000000000 ) ) ;
#6108 = ORIENTED_EDGE ( 'NONE', *, *, #6792, .F. ) ;
#6109 = VERTEX_POINT ( 'NONE', #8862 ) ;
#6110 = VECTOR ( 'NONE', #11085, 1000.000000000000000 ) ;
#6111 = EDGE_CURVE ( 'NONE', #10276, #3853, #155, .T. ) ;
#6112 = DIRECTION ( 'NONE',  ( -0.8660254037844393737, 0.4999999999999985012, 0.000000000000000000 ) ) ;
#6113 = DIRECTION ( 'NONE',  ( 0.000000000000000000, 0.000000000000000000, -1.000000000000000000 ) ) ;
#6114 = CC_DESIGN_PERSON_AND_ORGANIZATION_ASSIGNMENT ( #10437, #7640, ( #287 ) ) ;
#6115 = CARTESIAN_POINT ( 'NONE',  ( 9.999999999999996447, 22.00000000000000355, 0.000000000000000000 ) ) ;
#6116 = DIRECTION ( 'NONE',  ( 0.8660254037844383745, -0.5000000000000003331, 0.000000000000000000 ) ) ;
#6117 = APPROVAL_DATE_TIME ( #8853, #1889 ) ;
#6118 = ORIENTED_EDGE ( 'NONE', *, *, #3586, .T. ) ;
#6119 = CARTESIAN_POINT ( 'NONE',  ( 8.299999999999993605, 20.44337567297408143, 0.4500000000000000111 ) ) ;
#6120 = CARTESIAN_POINT ( 'NONE',  ( 10.34999999999998721, 18.27831216351297527, 0.4500000000000000111 ) ) ;
#6121 = EDGE_CURVE ( 'NONE', #1911, #4737, #10693, .T. ) ;
#6122 = LINE ( 'NONE', #9997, #6665 ) ;
#6123 = ORIENTED_EDGE ( 'NONE', *, *, #7153, .T. ) ;
#6124 = ORIENTED_EDGE ( 'NONE', *, *, #3874, .F. ) ;
#6125 = ORIENTED_EDGE ( 'NONE', *, *, #1798, .T. ) ;
#6126 = DIRECTION ( 'NONE',  ( -0.4999999999999997224, -0.8660254037844388186, 0.000000000000000000 ) ) ;
#6127 = DIRECTION ( 'NONE',  ( 0.000000000000000000, -1.000000000000000000, 0.000000000000000000 ) ) ;
#6128 = ORIENTED_EDGE ( 'NONE', *, *, #7581, .F. ) ;
#6129 = EDGE_CURVE ( 'NONE', #6271, #12257, #5105, .T. ) ;
#6130 = LINE ( 'NONE', #10005, #9259 ) ;
#6131 = ADVANCED_FACE ( 'NONE', ( #4910 ), #88, .T. ) ;
#6132 = EDGE_CURVE ( 'NONE', #3537, #6538, #3962, .T. ) ;
#6133 = VECTOR ( 'NONE', #5035, 1000.000000000000000 ) ;
#6134 = AXIS2_PLACEMENT_3D ( 'NONE', #5692, #12432, #7727 ) ;
#6135 = DIRECTION ( 'NONE',  ( 0.8660254037844383745, -0.5000000000000003331, 0.000000000000000000 ) ) ;
#6136 = LINE ( 'NONE', #2317, #10980 ) ;
#6137 = CARTESIAN_POINT ( 'NONE',  ( 16.15000000000000568, 18.27831216351297172, 0.000000000000000000 ) ) ;
#6138 = ORIENTED_EDGE ( 'NONE', *, *, #9849, .F. ) ;
#6139 = DIRECTION ( 'NONE',  ( 0.8660254037844383745, -0.5000000000000003331, 0.000000000000000000 ) ) ;
#6140 = ORIENTED_EDGE ( 'NONE', *, *, #7497, .F. ) ;
#6141 = EDGE_CURVE ( 'NONE', #10276, #11903, #11715, .T. ) ;
#6142 = VECTOR ( 'NONE', #355, 1000.000000000000000 ) ;
#6143 = EDGE_CURVE ( 'NONE', #9499, #11447, #5228, .T. ) ;
#6144 = DIRECTION ( 'NONE',  ( 0.000000000000000000, 0.000000000000000000, -1.000000000000000000 ) ) ;
#6145 = ORIENTED_EDGE ( 'NONE', *, *, #1562, .T. ) ;
#6146 = CARTESIAN_POINT ( 'NONE',  ( -11.59999999999998721, 26.15914333795138091, 0.4500000000000000111 ) ) ;
#6147 = ORIENTED_EDGE ( 'NONE', *, *, #9944, .F. ) ;
#6148 = CARTESIAN_POINT ( 'NONE',  ( 20.24999999999998224, 19.72168783648705315, 0.4500000000000000111 ) ) ;
#6149 = CARTESIAN_POINT ( 'NONE',  ( 26.44999999999999218, 20.41450815951459319, 0.000000000000000000 ) ) ;
#6150 = LINE ( 'NONE', #5249, #5892 ) ;
#6151 = LINE ( 'NONE', #1325, #4981 ) ;
#6152 = ORIENTED_EDGE ( 'NONE', *, *, #3245, .T. ) ;
#6153 = VECTOR ( 'NONE', #7052, 1000.000000000000000 ) ;
#6154 = VERTEX_POINT ( 'NONE', #11014 ) ;
#6155 = CARTESIAN_POINT ( 'NONE',  ( -22.26794919243111792, 18.00000000000000355, 0.4500000000000000111 ) ) ;
#6156 = ORIENTED_EDGE ( 'NONE', *, *, #8283, .T. ) ;
#6157 = EDGE_LOOP ( 'NONE', ( #5808, #823, #8672, #2280 ) ) ;
#6158 = ORIENTED_EDGE ( 'NONE', *, *, #3181, .T. ) ;
#6159 = EDGE_CURVE ( 'NONE', #12560, #9438, #10308, .T. ) ;
#6160 = CARTESIAN_POINT ( 'NONE',  ( -33.44999999999998153, 18.27831216351298238, 0.4500000000000000111 ) ) ;
#6161 = DIRECTION ( 'NONE',  ( 0.000000000000000000, -1.000000000000000000, 0.000000000000000000 ) ) ;
#6162 = DIRECTION ( 'NONE',  ( 0.4999999999999985012, 0.8660254037844395958, 0.000000000000000000 ) ) ;
#6163 = DIRECTION ( 'NONE',  ( 0.000000000000000000, -1.000000000000000000, 0.000000000000000000 ) ) ;
#6164 = LINE ( 'NONE', #4248, #2151 ) ;
#6165 = ORIENTED_EDGE ( 'NONE', *, *, #4040, .F. ) ;
#6166 = VECTOR ( 'NONE', #9781, 1000.000000000000000 ) ;
#6167 = DIRECTION ( 'NONE',  ( -9.614813431917789401E-15, -1.000000000000000000, 0.000000000000000000 ) ) ;
#6168 = CARTESIAN_POINT ( 'NONE',  ( -28.86794919243110158, 18.00000000000000355, 0.4500000000000000111 ) ) ;
#6169 = ORIENTED_EDGE ( 'NONE', *, *, #7904, .F. ) ;
#6170 = VECTOR ( 'NONE', #9048, 1000.000000000000000 ) ;
#6171 = ORIENTED_EDGE ( 'NONE', *, *, #7364, .F. ) ;
#6172 = EDGE_CURVE ( 'NONE', #5304, #3301, #11966, .T. ) ;
#6173 = CARTESIAN_POINT ( 'NONE',  ( 8.299999999999993605, 20.44337567297408143, 0.4500000000000000111 ) ) ;
#6174 = LINE ( 'NONE', #12139, #3562 ) ;
#6175 = CARTESIAN_POINT ( 'NONE',  ( 6.649999999999992362, 23.30125950546273117, 0.4500000000000000111 ) ) ;
#6176 = DIRECTION ( 'NONE',  ( 0.000000000000000000, 0.000000000000000000, -1.000000000000000000 ) ) ;
#6177 = PERSON_AND_ORGANIZATION_ROLE ( 'classification_officer' ) ;
#6178 = EDGE_LOOP ( 'NONE', ( #3429, #10692, #11493, #5038 ) ) ;
#6179 = VECTOR ( 'NONE', #3825, 1000.000000000000000 ) ;
#6180 = LINE ( 'NONE', #5034, #6487 ) ;
#6181 = CARTESIAN_POINT ( 'NONE',  ( 20.24999999999998224, 19.72168783648705315, 0.000000000000000000 ) ) ;
#6182 = DIRECTION ( 'NONE',  ( 9.614813431917789401E-15, 1.000000000000000000, 0.000000000000000000 ) ) ;
#6183 = VECTOR ( 'NONE', #6672, 1000.000000000000000 ) ;
#6184 = ORIENTED_EDGE ( 'NONE', *, *, #3077, .T. ) ;
#6185 = ORIENTED_EDGE ( 'NONE', *, *, #6833, .F. ) ;
#6186 = ORIENTED_EDGE ( 'NONE', *, *, #9749, .T. ) ;
#6187 = DIRECTION ( 'NONE',  ( -0.4999999999999985567, 0.8660254037844394848, 0.000000000000000000 ) ) ;
#6188 = ADVANCED_FACE ( 'NONE', ( #11137 ), #11261, .T. ) ;
#6189 = DIRECTION ( 'NONE',  ( 0.000000000000000000, 0.000000000000000000, 1.000000000000000000 ) ) ;
#6190 = ORIENTED_EDGE ( 'NONE', *, *, #9159, .F. ) ;
#6191 = VECTOR ( 'NONE', #11778, 1000.000000000000114 ) ;
#6192 = DIRECTION ( 'NONE',  ( 0.8660254037844383745, 0.5000000000000003331, 0.000000000000000000 ) ) ;
#6193 = DIRECTION ( 'NONE',  ( 0.8660254037844393737, 0.4999999999999985012, 0.000000000000000000 ) ) ;
#6194 = CARTESIAN_POINT ( 'NONE',  ( -9.550000000000004263, 23.99407982849026411, 0.000000000000000000 ) ) ;
#6195 = CARTESIAN_POINT ( 'NONE',  ( 7.049999999999990052, 19.72168783648704959, 0.000000000000000000 ) ) ;
#6196 = EDGE_LOOP ( 'NONE', ( #8891, #5298, #11987, #12386 ) ) ;
#6197 = DIRECTION ( 'NONE',  ( 0.4999999999999997224, -0.8660254037844388186, -0.000000000000000000 ) ) ;
#6198 = VECTOR ( 'NONE', #7758, 1000.000000000000000 ) ;
#6199 = VERTEX_POINT ( 'NONE', #529 ) ;
#6200 = ADVANCED_FACE ( 'NONE', ( #3382 ), #658, .T. ) ;
#6201 = CARTESIAN_POINT ( 'NONE',  ( 16.94999999999998153, 23.99407982849027832, 0.4500000000000000111 ) ) ;
#6202 = ORIENTED_EDGE ( 'NONE', *, *, #9468, .F. ) ;
#6203 = EDGE_CURVE ( 'NONE', #10025, #8771, #8091, .T. ) ;
#6204 = LINE ( 'NONE', #10077, #2143 ) ;
#6205 = ORIENTED_EDGE ( 'NONE', *, *, #5499, .T. ) ;
#6206 = VECTOR ( 'NONE', #4291, 1000.000000000000000 ) ;
#6207 = VECTOR ( 'NONE', #5511, 1000.000000000000000 ) ;
#6208 = VECTOR ( 'NONE', #3783, 1000.000000000000000 ) ;
#6209 = ADVANCED_FACE ( 'NONE', ( #596 ), #7136, .T. ) ;
#6210 = CARTESIAN_POINT ( 'NONE',  ( 32.99999999999999289, 18.00000000000000355, 0.000000000000000000 ) ) ;
#6211 = FACE_OUTER_BOUND ( 'NONE', #7683, .T. ) ;
#6212 = LINE ( 'NONE', #10977, #5486 ) ;
#6213 = CARTESIAN_POINT ( 'NONE',  ( -7.900000000000021672, 22.57957166897568513, 0.000000000000000000 ) ) ;
#6214 = ORIENTED_EDGE ( 'NONE', *, *, #6739, .T. ) ;
#6215 = VERTEX_POINT ( 'NONE', #9301 ) ;
#6216 = VECTOR ( 'NONE', #7394, 1000.000000000000114 ) ;
#6217 = CARTESIAN_POINT ( 'NONE',  ( 32.99999999999999289, 18.00000000000000355, 0.4500000000000000111 ) ) ;
#6218 = ORIENTED_EDGE ( 'NONE', *, *, #1676, .T. ) ;
#6219 = VERTEX_POINT ( 'NONE', #6308 ) ;
#6220 = ORIENTED_EDGE ( 'NONE', *, *, #8380, .F. ) ;
#6221 = FACE_OUTER_BOUND ( 'NONE', #11443, .T. ) ;
#6222 = LINE ( 'NONE', #5318, #9219 ) ;
#6223 = EDGE_CURVE ( 'NONE', #1672, #154, #4272, .T. ) ;
#6224 = CARTESIAN_POINT ( 'NONE',  ( 11.60000000000000320, 17.55662432702593634, 0.4500000000000000111 ) ) ;
#6225 = CARTESIAN_POINT ( 'NONE',  ( -11.32435565298209568, 26.00000000000000000, 0.000000000000000000 ) ) ;
#6226 = DIRECTION ( 'NONE',  ( 9.614813431917789401E-15, 1.000000000000000000, 0.000000000000000000 ) ) ;
#6227 = ORIENTED_EDGE ( 'NONE', *, *, #5737, .F. ) ;
#6228 = CARTESIAN_POINT ( 'NONE',  ( -29.35000000000000853, 19.72168783648704604, 0.000000000000000000 ) ) ;
#6229 = PLANE ( 'NONE',  #9504 ) ;
#6230 = EDGE_CURVE ( 'NONE', #994, #5712, #10179, .T. ) ;
#6231 = ORIENTED_EDGE ( 'NONE', *, *, #4493, .T. ) ;
#6232 = VERTEX_POINT ( 'NONE', #6370 ) ;
#6233 = ADVANCED_FACE ( 'NONE', ( #463 ), #1361, .T. ) ;
#6234 = CARTESIAN_POINT ( 'NONE',  ( -11.59999999999999076, 20.44337567297408498, 0.4500000000000000111 ) ) ;
#6235 = DIRECTION ( 'NONE',  ( -0.8660254037844394848, 0.4999999999999984457, 0.000000000000000000 ) ) ;
#6236 = DIRECTION ( 'NONE',  ( 0.8660254037844394848, 0.4999999999999984457, 0.000000000000000000 ) ) ;
#6237 = DIRECTION ( 'NONE',  ( -9.614813431917789401E-15, 1.000000000000000000, 0.000000000000000000 ) ) ;
#6238 = ORIENTED_EDGE ( 'NONE', *, *, #12459, .T. ) ;
#6239 = VECTOR ( 'NONE', #14, 1000.000000000000114 ) ;
#6240 = LINE ( 'NONE', #6119, #3459 ) ;
#6241 = VECTOR ( 'NONE', #3017, 1000.000000000000000 ) ;
#6242 = CARTESIAN_POINT ( 'NONE',  ( 29.35000000000000853, 19.72168783648704604, 0.4500000000000000111 ) ) ;
#6243 = ORIENTED_EDGE ( 'NONE', *, *, #11333, .F. ) ;
#6244 = DIRECTION ( 'NONE',  ( 1.000000000000000000, 9.614813431917789401E-15, 0.000000000000000000 ) ) ;
#6245 = FACE_OUTER_BOUND ( 'NONE', #7880, .T. ) ;
#6246 = EDGE_LOOP ( 'NONE', ( #7243, #10720, #5212, #5700 ) ) ;
#6247 = CARTESIAN_POINT ( 'NONE',  ( 7.049999999999986500, 25.43745550146434553, 0.4500000000000000111 ) ) ;
#6248 = CARTESIAN_POINT ( 'NONE',  ( 33.04999999999997584, 23.30125950546274183, 0.4500000000000000111 ) ) ;
#6249 = CARTESIAN_POINT ( 'NONE',  ( -6.000000000000000000, 22.00000000000000355, 0.4500000000000000111 ) ) ;
#6250 = LINE ( 'NONE', #1560, #488 ) ;
#6251 = PLANE ( 'NONE',  #9493 ) ;
#6252 = CARTESIAN_POINT ( 'NONE',  ( -29.35000000000000853, 25.43745550146434198, 0.4500000000000000111 ) ) ;
#6253 = ADVANCED_FACE ( 'NONE', ( #5478 ), #9106, .T. ) ;
#6254 = CARTESIAN_POINT ( 'NONE',  ( -6.649999999999992362, 23.30125950546273117, 0.000000000000000000 ) ) ;
#6255 = ORIENTED_EDGE ( 'NONE', *, *, #7828, .F. ) ;
#6256 = EDGE_CURVE ( 'NONE', #4474, #10545, #4329, .T. ) ;
#6257 = LINE ( 'NONE', #351, #1622 ) ;
#6258 = VECTOR ( 'NONE', #4252, 1000.000000000000000 ) ;
#6259 = ORIENTED_EDGE ( 'NONE', *, *, #5722, .F. ) ;
#6260 = PLANE ( 'NONE',  #4212 ) ;
#6261 = ORIENTED_EDGE ( 'NONE', *, *, #3808, .F. ) ;
#6262 = CARTESIAN_POINT ( 'NONE',  ( -18.19999999999998863, 20.44337567297408498, 0.4500000000000000111 ) ) ;
#6263 = ORIENTED_EDGE ( 'NONE', *, *, #9849, .T. ) ;
#6264 = VECTOR ( 'NONE', #1268, 1000.000000000000000 ) ;
#6265 = ADVANCED_FACE ( 'NONE', ( #8282 ), #8344, .T. ) ;
#6266 = PLANE ( 'NONE',  #8991 ) ;
#6267 = ORIENTED_EDGE ( 'NONE', *, *, #10485, .F. ) ;
#6268 = CARTESIAN_POINT ( 'NONE',  ( 14.89999999999998792, 20.44337567297408498, 0.4500000000000000111 ) ) ;
#6269 = CARTESIAN_POINT ( 'NONE',  ( -7.900000000000007461, 21.13619599600161436, 0.4500000000000000111 ) ) ;
#6270 = VERTEX_POINT ( 'NONE', #7325 ) ;
#6271 = VERTEX_POINT ( 'NONE', #11200 ) ;
#6272 = EDGE_CURVE ( 'NONE', #7493, #126, #2497, .T. ) ;
#6273 = FACE_OUTER_BOUND ( 'NONE', #6917, .T. ) ;
#6274 = AXIS2_PLACEMENT_3D ( 'NONE', #1751, #5675, #12354 ) ;
#6275 = VERTEX_POINT ( 'NONE', #6439 ) ;
#6276 = DIRECTION ( 'NONE',  ( 0.000000000000000000, -0.000000000000000000, 1.000000000000000000 ) ) ;
#6277 = ADVANCED_FACE ( 'NONE', ( #12214 ), #3508, .T. ) ;
#6278 = ORIENTED_EDGE ( 'NONE', *, *, #8247, .T. ) ;
#6279 = ORIENTED_EDGE ( 'NONE', *, *, #5971, .T. ) ;
#6280 = CARTESIAN_POINT ( 'NONE',  ( -18.47564434701790503, 25.99999999999999645, 0.000000000000000000 ) ) ;
#6281 = FACE_OUTER_BOUND ( 'NONE', #9591, .T. ) ;
#6282 = EDGE_CURVE ( 'NONE', #11745, #8324, #6684, .T. ) ;
#6283 = DIRECTION ( 'NONE',  ( 0.8660254037844383745, -0.5000000000000003331, 0.000000000000000000 ) ) ;
#6284 = CARTESIAN_POINT ( 'NONE',  ( 9.999999999999996447, 22.00000000000000355, 0.4500000000000000111 ) ) ;
#6285 = CARTESIAN_POINT ( 'NONE',  ( 31.39999999999998437, 23.27239199200324293, 0.000000000000000000 ) ) ;
#6286 = ORIENTED_EDGE ( 'NONE', *, *, #7225, .F. ) ;
#6287 = VECTOR ( 'NONE', #1852, 1000.000000000000000 ) ;
#6288 = PLANE ( 'NONE',  #3042 ) ;
#6289 = ORIENTED_EDGE ( 'NONE', *, *, #9316, .T. ) ;
#6290 = CARTESIAN_POINT ( 'NONE',  ( -30.14999999999997371, 23.99407982849028187, 0.4500000000000000111 ) ) ;
#6291 = ORIENTED_EDGE ( 'NONE', *, *, #4606, .F. ) ;
#6292 = VERTEX_POINT ( 'NONE', #9488 ) ;
#6293 = ADVANCED_FACE ( 'NONE', ( #5720 ), #785, .T. ) ;
#6294 = CARTESIAN_POINT ( 'NONE',  ( 27.33205080756887639, 18.00000000000000355, 0.4500000000000000111 ) ) ;
#6295 = DIRECTION ( 'NONE',  ( -0.8660254037844388186, -0.4999999999999997224, 0.000000000000000000 ) ) ;
#6296 = VECTOR ( 'NONE', #9126, 1000.000000000000000 ) ;
#6297 = DIRECTION ( 'NONE',  ( -0.4999999999999985012, 0.8660254037844395958, 0.000000000000000000 ) ) ;
#6298 = CARTESIAN_POINT ( 'NONE',  ( -16.14999999999999858, 23.99407982849026411, 0.000000000000000000 ) ) ;
#6299 = ORIENTED_EDGE ( 'NONE', *, *, #5586, .T. ) ;
#6300 = DIRECTION ( 'NONE',  ( -1.000000000000000000, 0.000000000000000000, 0.000000000000000000 ) ) ;
#6301 = EDGE_CURVE ( 'NONE', #4299, #3547, #9666, .T. ) ;
#6302 = CARTESIAN_POINT ( 'NONE',  ( -29.74999999999998934, 20.41450815951459319, 0.4500000000000000111 ) ) ;
#6303 = VECTOR ( 'NONE', #10593, 1000.000000000000000 ) ;
#6304 = ORIENTED_EDGE ( 'NONE', *, *, #12114, .T. ) ;
#6305 = CARTESIAN_POINT ( 'NONE',  ( -11.59999999999999076, 20.44337567297408498, 0.000000000000000000 ) ) ;
#6306 = DIRECTION ( 'NONE',  ( 0.000000000000000000, 0.000000000000000000, -1.000000000000000000 ) ) ;
#6307 = VERTEX_POINT ( 'NONE', #7512 ) ;
#6308 = CARTESIAN_POINT ( 'NONE',  ( 35.09999999999998010, 22.57957166897571000, 0.4500000000000000111 ) ) ;
#6309 = DIRECTION ( 'NONE',  ( 1.000000000000000000, 0.000000000000000000, 0.000000000000000000 ) ) ;
#6310 = CARTESIAN_POINT ( 'NONE',  ( 25.19999999999997442, 21.13619599600163212, 0.000000000000000000 ) ) ;
#6311 = CARTESIAN_POINT ( 'NONE',  ( -8.699999999999986855, 22.57957166897569579, 0.4500000000000000111 ) ) ;
#6312 = DIRECTION ( 'NONE',  ( -0.8660254037844394848, -0.4999999999999985012, 0.000000000000000000 ) ) ;
#6313 = CARTESIAN_POINT ( 'NONE',  ( 22.26794919243111792, 18.00000000000000355, 0.4500000000000000111 ) ) ;
#6314 = CARTESIAN_POINT ( 'NONE',  ( 17.80000000000001847, 22.57957166897568868, 0.4500000000000000111 ) ) ;
#6315 = LINE ( 'NONE', #1492, #1674 ) ;
#6316 = ORIENTED_EDGE ( 'NONE', *, *, #9376, .T. ) ;
#6317 = DIRECTION ( 'NONE',  ( 0.8660254037844387076, 0.4999999999999997224, 0.000000000000000000 ) ) ;
#6318 = ORIENTED_EDGE ( 'NONE', *, *, #10755, .F. ) ;
#6319 = DIRECTION ( 'NONE',  ( -1.000000000000000000, 0.000000000000000000, 0.000000000000000000 ) ) ;
#6320 = ORIENTED_EDGE ( 'NONE', *, *, #9977, .T. ) ;
#6321 = CIRCLE ( 'NONE', #4706, 3.999999999999996447 ) ;
#6322 = CARTESIAN_POINT ( 'NONE',  ( -11.20000000000001883, 22.57957166897568513, 0.000000000000000000 ) ) ;
#6323 = ORIENTED_EDGE ( 'NONE', *, *, #7514, .F. ) ;
#6324 = EDGE_CURVE ( 'NONE', #11368, #4909, #4591, .T. ) ;
#6325 = FACE_OUTER_BOUND ( 'NONE', #1459, .T. ) ;
#6326 = ORIENTED_EDGE ( 'NONE', *, *, #2814, .T. ) ;
#6327 = LINE ( 'NONE', #7983, #9957 ) ;
#6328 = PLANE ( 'NONE',  #7819 ) ;
#6329 = ORIENTED_EDGE ( 'NONE', *, *, #9695, .T. ) ;
#6330 = EDGE_CURVE ( 'NONE', #1888, #90, #10431, .T. ) ;
#6331 = ORIENTED_EDGE ( 'NONE', *, *, #8640, .F. ) ;
#6332 = VECTOR ( 'NONE', #3452, 1000.000000000000000 ) ;
#6333 = DIRECTION ( 'NONE',  ( 0.000000000000000000, 0.000000000000000000, -1.000000000000000000 ) ) ;
#6334 = ORIENTED_EDGE ( 'NONE', *, *, #304, .T. ) ;
#6335 = PLANE ( 'NONE',  #2482 ) ;
#6336 = EDGE_LOOP ( 'NONE', ( #11664, #9727, #8632, #11165 ) ) ;
#6337 = ORIENTED_EDGE ( 'NONE', *, *, #180, .T. ) ;
#6338 = CARTESIAN_POINT ( 'NONE',  ( -9.550000000000004263, 23.99407982849026411, 0.000000000000000000 ) ) ;
#6339 = CARTESIAN_POINT ( 'NONE',  ( -22.75000000000001421, 19.72168783648704249, 0.4500000000000000111 ) ) ;
#6340 = EDGE_CURVE ( 'NONE', #10135, #4909, #7696, .T. ) ;
#6341 = VECTOR ( 'NONE', #1001, 1000.000000000000000 ) ;
#6342 = CARTESIAN_POINT ( 'NONE',  ( -31.39999999999997726, 20.44337567297409208, 0.000000000000000000 ) ) ;
#6343 = DIRECTION ( 'NONE',  ( -9.614813431917789401E-15, -1.000000000000000000, 0.000000000000000000 ) ) ;
#6344 = CARTESIAN_POINT ( 'NONE',  ( -33.44999999999998153, 19.72168783648705670, 0.4500000000000000111 ) ) ;
#6345 = DIRECTION ( 'NONE',  ( 0.000000000000000000, 0.000000000000000000, -1.000000000000000000 ) ) ;
#6346 = VERTEX_POINT ( 'NONE', #12458 ) ;
#6347 = LINE ( 'NONE', #3487, #8117 ) ;
#6348 = ORIENTED_EDGE ( 'NONE', *, *, #452, .T. ) ;
#6349 = LINE ( 'NONE', #8388, #10934 ) ;
#6350 = ORIENTED_EDGE ( 'NONE', *, *, #9021, .F. ) ;
#6351 = EDGE_CURVE ( 'NONE', #4145, #8873, #9545, .T. ) ;
#6352 = EDGE_CURVE ( 'NONE', #1473, #12507, #11574, .T. ) ;
#6353 = EDGE_LOOP ( 'NONE', ( #167, #2713, #6220, #5039 ) ) ;
#6354 = CARTESIAN_POINT ( 'NONE',  ( -32.99999999999999289, 18.00000000000000355, 0.4500000000000000111 ) ) ;
#6355 = DIRECTION ( 'NONE',  ( 0.000000000000000000, -1.000000000000000000, 0.000000000000000000 ) ) ;
#6356 = EDGE_CURVE ( 'NONE', #11544, #11350, #3694, .T. ) ;
#6357 = CARTESIAN_POINT ( 'NONE',  ( -29.35000000000000853, 19.72168783648704604, 0.4500000000000000111 ) ) ;
#6358 = DIRECTION ( 'NONE',  ( 9.614813431917789401E-15, 1.000000000000000000, 0.000000000000000000 ) ) ;
#6359 = ORIENTED_EDGE ( 'NONE', *, *, #11254, .F. ) ;
#6360 = EDGE_CURVE ( 'NONE', #1826, #57, #12278, .T. ) ;
#6361 = PLANE ( 'NONE',  #9535 ) ;
#6362 = VECTOR ( 'NONE', #6116, 1000.000000000000114 ) ;
#6363 = EDGE_CURVE ( 'NONE', #9983, #12487, #1679, .T. ) ;
#6364 = FACE_BOUND ( 'NONE', #158, .T. ) ;
#6365 = VECTOR ( 'NONE', #8973, 1000.000000000000114 ) ;
#6366 = VERTEX_POINT ( 'NONE', #2871 ) ;
#6367 = LINE ( 'NONE', #3631, #932 ) ;
#6368 = LINE ( 'NONE', #2680, #7605 ) ;
#6369 = ORIENTED_EDGE ( 'NONE', *, *, #12389, .T. ) ;
#6370 = CARTESIAN_POINT ( 'NONE',  ( -24.52435565298208431, 25.99999999999999645, 0.000000000000000000 ) ) ;
#6371 = DIRECTION ( 'NONE',  ( -0.8660254037844387076, 0.4999999999999997224, 0.000000000000000000 ) ) ;
#6372 = VECTOR ( 'NONE', #2470, 1000.000000000000000 ) ;
#6373 = DIRECTION ( 'NONE',  ( 0.8660254037844383745, 0.5000000000000003331, 0.000000000000000000 ) ) ;
#6374 = AXIS2_PLACEMENT_3D ( 'NONE', #2947, #4148, #3200 ) ;
#6375 = CARTESIAN_POINT ( 'NONE',  ( -34.69999999999998153, 23.27239199200324649, 0.000000000000000000 ) ) ;
#6376 = DIRECTION ( 'NONE',  ( 0.000000000000000000, 0.000000000000000000, -1.000000000000000000 ) ) ;
#6377 = LINE ( 'NONE', #1685, #6649 ) ;
#6378 = ADVANCED_FACE ( 'NONE', ( #10617 ), #11385, .T. ) ;
#6379 = VECTOR ( 'NONE', #60, 1000.000000000000114 ) ;
#6380 = CARTESIAN_POINT ( 'NONE',  ( 9.550000000000004263, 23.99407982849026411, 0.4500000000000000111 ) ) ;
#6381 = CARTESIAN_POINT ( 'NONE',  ( 9.999999999999996447, 22.00000000000000355, 0.000000000000000000 ) ) ;
#6382 = ORIENTED_EDGE ( 'NONE', *, *, #1273, .T. ) ;
#6383 = CARTESIAN_POINT ( 'NONE',  ( -35.00000000000000000, 21.89999999999999147, 0.4500000000000000111 ) ) ;
#6384 = ORIENTED_EDGE ( 'NONE', *, *, #10485, .T. ) ;
#6385 = EDGE_CURVE ( 'NONE', #11817, #11554, #4523, .T. ) ;
#6386 = VECTOR ( 'NONE', #3205, 1000.000000000000114 ) ;
#6387 = CARTESIAN_POINT ( 'NONE',  ( 6.650000000000004796, 20.41450815951458253, 0.4500000000000000111 ) ) ;
#6388 = ORIENTED_EDGE ( 'NONE', *, *, #6745, .F. ) ;
#6389 = AXIS2_PLACEMENT_3D ( 'NONE', #7980, #5944, #4997 ) ;
#6390 = LINE ( 'NONE', #3654, #1343 ) ;
#6391 = ORIENTED_EDGE ( 'NONE', *, *, #6256, .T. ) ;
#6392 = LINE ( 'NONE', #3526, #11311 ) ;
#6393 = VERTEX_POINT ( 'NONE', #2810 ) ;
#6394 = LINE ( 'NONE', #3657, #6912 ) ;
#6395 = CARTESIAN_POINT ( 'NONE',  ( -11.99999999999998401, 22.57957166897569934, 0.000000000000000000 ) ) ;
#6396 = ORIENTED_EDGE ( 'NONE', *, *, #8284, .F. ) ;
#6397 = APPROVAL_PERSON_ORGANIZATION ( #5984, #1503, #7067 ) ;
#6398 = ORIENTED_EDGE ( 'NONE', *, *, #7542, .F. ) ;
#6399 = LINE ( 'NONE', #2588, #10945 ) ;
#6400 = EDGE_LOOP ( 'NONE', ( #7691, #2030, #10754, #9677 ) ) ;
#6401 = ADVANCED_FACE ( 'NONE', ( #7636 ), #10560, .T. ) ;
#6402 = CARTESIAN_POINT ( 'NONE',  ( 29.74999999999997868, 23.30125950546274183, 0.000000000000000000 ) ) ;
#6403 = VERTEX_POINT ( 'NONE', #901 ) ;
#6404 = VECTOR ( 'NONE', #8783, 1000.000000000000114 ) ;
#6405 = VECTOR ( 'NONE', #10136, 1000.000000000000114 ) ;
#6406 = ORIENTED_EDGE ( 'NONE', *, *, #4483, .T. ) ;
#6407 = LINE ( 'NONE', #10469, #5593 ) ;
#6408 = DIRECTION ( 'NONE',  ( -0.8660254037844388186, -0.4999999999999997224, 0.000000000000000000 ) ) ;
#6409 = VECTOR ( 'NONE', #12220, 1000.000000000000000 ) ;
#6410 = FACE_BOUND ( 'NONE', #12441, .T. ) ;
#6411 = DIRECTION ( 'NONE',  ( -0.8660254037844388186, -0.4999999999999997224, 0.000000000000000000 ) ) ;
#6412 = DIRECTION ( 'NONE',  ( 0.000000000000000000, 0.000000000000000000, -1.000000000000000000 ) ) ;
#6413 = VECTOR ( 'NONE', #7322, 1000.000000000000114 ) ;
#6414 = DIRECTION ( 'NONE',  ( 9.614813431917789401E-15, 1.000000000000000000, 0.000000000000000000 ) ) ;
#6415 = EDGE_LOOP ( 'NONE', ( #7229, #2764, #5494, #3336 ) ) ;
#6416 = VECTOR ( 'NONE', #5949, 1000.000000000000000 ) ;
#6417 = LINE ( 'NONE', #12486, #6897 ) ;
#6418 = ORIENTED_EDGE ( 'NONE', *, *, #12094, .F. ) ;
#6419 = ADVANCED_FACE ( 'NONE', ( #11327 ), #2682, .T. ) ;
#6420 = EDGE_CURVE ( 'NONE', #4737, #9529, #5539, .T. ) ;
#6421 = DIRECTION ( 'NONE',  ( 1.000000000000000000, 9.614813431917789401E-15, 0.000000000000000000 ) ) ;
#6422 = ORIENTED_EDGE ( 'NONE', *, *, #1006, .T. ) ;
#6423 = EDGE_LOOP ( 'NONE', ( #5120, #11741, #1694, #8208 ) ) ;
#6424 = ORIENTED_EDGE ( 'NONE', *, *, #10910, .F. ) ;
#6425 = LINE ( 'NONE', #7372, #3323 ) ;
#6426 = PLANE ( 'NONE',  #4355 ) ;
#6427 = CARTESIAN_POINT ( 'NONE',  ( 9.999999999999996447, 22.00000000000000355, 0.4500000000000000111 ) ) ;
#6428 = CARTESIAN_POINT ( 'NONE',  ( -9.999999999999996447, 22.00000000000000355, 0.000000000000000000 ) ) ;
#6429 = EDGE_CURVE ( 'NONE', #12303, #11554, #7485, .T. ) ;
#6430 = VERTEX_POINT ( 'NONE', #6473 ) ;
#6431 = CARTESIAN_POINT ( 'NONE',  ( 32.99999999999999289, 18.00000000000000355, 0.4500000000000000111 ) ) ;
#6432 = FACE_BOUND ( 'NONE', #11948, .T. ) ;
#6433 = ORIENTED_EDGE ( 'NONE', *, *, #5588, .T. ) ;
#6434 = CARTESIAN_POINT ( 'NONE',  ( 32.99999999999999289, 18.00000000000000355, 0.000000000000000000 ) ) ;
#6435 = CARTESIAN_POINT ( 'NONE',  ( 35.00000000000000000, 28.50000000000000355, 0.4500000000000000111 ) ) ;
#6436 = EDGE_CURVE ( 'NONE', #8969, #4486, #10409, .T. ) ;
#6437 = EDGE_LOOP ( 'NONE', ( #6348, #12369, #7898, #8450 ) ) ;
#6438 = EDGE_CURVE ( 'NONE', #2321, #12487, #4624, .T. ) ;
#6439 = CARTESIAN_POINT ( 'NONE',  ( -17.43205080756887781, 18.00000000000000355, 0.000000000000000000 ) ) ;
#6440 = LINE ( 'NONE', #12279, #156 ) ;
#6441 = DIRECTION ( 'NONE',  ( 0.000000000000000000, 0.000000000000000000, -1.000000000000000000 ) ) ;
#6442 = VECTOR ( 'NONE', #9881, 1000.000000000000000 ) ;
#6443 = CARTESIAN_POINT ( 'NONE',  ( 18.59999999999998010, 22.57957166897570289, 0.4500000000000000111 ) ) ;
#6444 = CARTESIAN_POINT ( 'NONE',  ( -32.99999999999999289, 25.99999999999999645, 0.4500000000000000111 ) ) ;
#6445 = VECTOR ( 'NONE', #6562, 1000.000000000000000 ) ;
#6446 = LINE ( 'NONE', #9370, #4206 ) ;
#6447 = DIRECTION ( 'NONE',  ( -1.000000000000000000, 9.614813431917789401E-15, 0.000000000000000000 ) ) ;
#6448 = CARTESIAN_POINT ( 'NONE',  ( 8.300000000000002487, 23.27239199200323228, 0.4500000000000000111 ) ) ;
#6449 = VERTEX_POINT ( 'NONE', #2662 ) ;
#6450 = CARTESIAN_POINT ( 'NONE',  ( 19.45000000000000284, 18.27831216351297172, 0.000000000000000000 ) ) ;
#6451 = EDGE_LOOP ( 'NONE', ( #2540, #9544, #3345, #5698 ) ) ;
#6452 = VECTOR ( 'NONE', #8671, 1000.000000000000000 ) ;
#6453 = DIRECTION ( 'NONE',  ( 0.000000000000000000, 0.000000000000000000, 1.000000000000000000 ) ) ;
#6454 = ORIENTED_EDGE ( 'NONE', *, *, #4304, .F. ) ;
#6455 = EDGE_CURVE ( 'NONE', #136, #6592, #12315, .T. ) ;
#6456 = DIRECTION ( 'NONE',  ( 9.614813431917789401E-15, 1.000000000000000000, 0.000000000000000000 ) ) ;
#6457 = VERTEX_POINT ( 'NONE', #11362 ) ;
#6458 = CARTESIAN_POINT ( 'NONE',  ( -12.85000000000001563, 25.43745550146433132, 0.4500000000000000111 ) ) ;
#6459 = CARTESIAN_POINT ( 'NONE',  ( 35.09999999999998010, 21.13619599600163568, 0.4500000000000000111 ) ) ;
#6460 = CARTESIAN_POINT ( 'NONE',  ( -13.24999999999998757, 23.30125950546273117, 0.4500000000000000111 ) ) ;
#6461 = ORIENTED_EDGE ( 'NONE', *, *, #6978, .F. ) ;
#6462 = ORIENTED_EDGE ( 'NONE', *, *, #8640, .T. ) ;
#6463 = LINE ( 'NONE', #4429, #4637 ) ;
#6464 = EDGE_LOOP ( 'NONE', ( #1021, #6396, #10131, #10543 ) ) ;
#6465 = CARTESIAN_POINT ( 'NONE',  ( -7.900000000000021672, 22.57957166897568513, 0.000000000000000000 ) ) ;
#6466 = ORIENTED_EDGE ( 'NONE', *, *, #2816, .F. ) ;
#6467 = VECTOR ( 'NONE', #10413, 1000.000000000000114 ) ;
#6468 = ORIENTED_EDGE ( 'NONE', *, *, #8939, .T. ) ;
#6469 = CARTESIAN_POINT ( 'NONE',  ( -37.60000000000000853, 22.57957166897569579, 0.4500000000000000111 ) ) ;
#6470 = CARTESIAN_POINT ( 'NONE',  ( 26.84999999999997300, 19.72168783648705670, 0.4500000000000000111 ) ) ;
#6471 = DIRECTION ( 'NONE',  ( -0.8660254037844393737, 0.4999999999999985012, 0.000000000000000000 ) ) ;
#6472 = LINE ( 'NONE', #3480, #5956 ) ;
#6473 = CARTESIAN_POINT ( 'NONE',  ( 29.35000000000000853, 25.43745550146434198, 0.000000000000000000 ) ) ;
#6474 = DIRECTION ( 'NONE',  ( 0.8660254037844387076, 0.4999999999999997224, 0.000000000000000000 ) ) ;
#6475 = EDGE_LOOP ( 'NONE', ( #12036, #9911, #10689, #5198 ) ) ;
#6476 = AXIS2_PLACEMENT_3D ( 'NONE', #11743, #3168, #10029 ) ;
#6477 = ORIENTED_EDGE ( 'NONE', *, *, #944, .F. ) ;
#6478 = DIRECTION ( 'NONE',  ( 0.000000000000000000, 0.000000000000000000, 1.000000000000000000 ) ) ;
#6479 = ORIENTED_EDGE ( 'NONE', *, *, #3348, .F. ) ;
#6480 = ORIENTED_EDGE ( 'NONE', *, *, #5257, .F. ) ;
#6481 = ORIENTED_EDGE ( 'NONE', *, *, #10082, .F. ) ;
#6482 = LINE ( 'NONE', #8456, #8402 ) ;
#6483 = DIRECTION ( 'NONE',  ( 0.8660254037844394848, -0.4999999999999985012, 0.000000000000000000 ) ) ;
#6484 = AXIS2_PLACEMENT_3D ( 'NONE', #7209, #4160, #11088 ) ;
#6485 = DIRECTION ( 'NONE',  ( -0.4999999999999985012, 0.8660254037844395958, 0.000000000000000000 ) ) ;
#6486 = EDGE_CURVE ( 'NONE', #11725, #8058, #5641, .T. ) ;
#6487 = VECTOR ( 'NONE', #5157, 1000.000000000000000 ) ;
#6488 = FACE_OUTER_BOUND ( 'NONE', #5269, .T. ) ;
#6489 = VERTEX_POINT ( 'NONE', #4499 ) ;
#6490 = DIRECTION ( 'NONE',  ( -0.8660254037844387076, 0.4999999999999997224, 0.000000000000000000 ) ) ;
#6491 = ADVANCED_FACE ( 'NONE', ( #1655 ), #5578, .T. ) ;
#6492 = FACE_BOUND ( 'NONE', #1238, .T. ) ;
#6493 = ORIENTED_EDGE ( 'NONE', *, *, #1057, .T. ) ;
#6494 = LINE ( 'NONE', #2431, #2153 ) ;
#6495 = CARTESIAN_POINT ( 'NONE',  ( -29.34999999999999432, 23.99407982849027476, 0.4500000000000000111 ) ) ;
#6496 = VECTOR ( 'NONE', #10524, 1000.000000000000114 ) ;
#6497 = EDGE_LOOP ( 'NONE', ( #5769, #7783, #220, #5022 ) ) ;
#6498 = CARTESIAN_POINT ( 'NONE',  ( 9.550000000000018474, 25.43745550146433132, 0.4500000000000000111 ) ) ;
#6499 = EDGE_CURVE ( 'NONE', #9516, #3469, #11234, .T. ) ;
#6500 = LINE ( 'NONE', #8345, #10091 ) ;
#6501 = DIRECTION ( 'NONE',  ( -9.614813431917789401E-15, -1.000000000000000000, 0.000000000000000000 ) ) ;
#6502 = DIRECTION ( 'NONE',  ( -0.8660254037844388186, -0.4999999999999997224, 0.000000000000000000 ) ) ;
#6503 = DIRECTION ( 'NONE',  ( 0.000000000000000000, -1.000000000000000000, 0.000000000000000000 ) ) ;
#6504 = ADVANCED_FACE ( 'NONE', ( #9583 ), #3671, .T. ) ;
#6505 = CARTESIAN_POINT ( 'NONE',  ( -32.16794919243110229, 18.00000000000000355, 0.000000000000000000 ) ) ;
#6506 = AXIS2_PLACEMENT_3D ( 'NONE', #1138, #2082, #941 ) ;
#6507 = DIRECTION ( 'NONE',  ( -9.614813431917789401E-15, -1.000000000000000000, 0.000000000000000000 ) ) ;
#6508 = FACE_OUTER_BOUND ( 'NONE', #7596, .T. ) ;
#6509 = ORIENTED_EDGE ( 'NONE', *, *, #8538, .T. ) ;
#6510 = CARTESIAN_POINT ( 'NONE',  ( -16.15000000000000568, 18.27831216351297172, 0.000000000000000000 ) ) ;
#6511 = ORIENTED_EDGE ( 'NONE', *, *, #5220, .T. ) ;
#6512 = EDGE_CURVE ( 'NONE', #7831, #2537, #7547, .T. ) ;
#6513 = CARTESIAN_POINT ( 'NONE',  ( 14.13205080756888066, 18.00000000000000355, 0.4500000000000000111 ) ) ;
#6514 = EDGE_CURVE ( 'NONE', #3414, #11498, #10284, .T. ) ;
#6515 = EDGE_LOOP ( 'NONE', ( #8129, #5986, #5208, #682 ) ) ;
#6516 = VECTOR ( 'NONE', #7576, 1000.000000000000114 ) ;
#6517 = DIRECTION ( 'NONE',  ( 0.000000000000000000, 0.000000000000000000, -1.000000000000000000 ) ) ;
#6518 = CARTESIAN_POINT ( 'NONE',  ( 0.000000000000000000, 15.29999999999998295, 0.000000000000000000 ) ) ;
#6519 = DIRECTION ( 'NONE',  ( 0.000000000000000000, -1.000000000000000000, 0.000000000000000000 ) ) ;
#6520 = LINE ( 'NONE', #10394, #9454 ) ;
#6521 = ORIENTED_EDGE ( 'NONE', *, *, #8229, .T. ) ;
#6522 = EDGE_CURVE ( 'NONE', #6852, #10350, #637, .T. ) ;
#6523 = ORIENTED_EDGE ( 'NONE', *, *, #10694, .T. ) ;
#6524 = EDGE_CURVE ( 'NONE', #11057, #1851, #6659, .T. ) ;
#6525 = DIRECTION ( 'NONE',  ( 0.000000000000000000, 0.000000000000000000, -1.000000000000000000 ) ) ;
#6526 = ORIENTED_EDGE ( 'NONE', *, *, #7069, .T. ) ;
#6527 = DIRECTION ( 'NONE',  ( 0.000000000000000000, 0.000000000000000000, -1.000000000000000000 ) ) ;
#6528 = VERTEX_POINT ( 'NONE', #6600 ) ;
#6529 = VERTEX_POINT ( 'NONE', #5696 ) ;
#6530 = CARTESIAN_POINT ( 'NONE',  ( 28.09999999999999076, 17.55662432702594344, 0.000000000000000000 ) ) ;
#6531 = CARTESIAN_POINT ( 'NONE',  ( -28.09999999999998010, 26.15914333795139157, 0.4500000000000000111 ) ) ;
#6532 = CARTESIAN_POINT ( 'NONE',  ( -7.049999999999986500, 25.43745550146434553, 0.000000000000000000 ) ) ;
#6533 = CARTESIAN_POINT ( 'NONE',  ( -16.14999999999999858, 23.99407982849026411, 0.000000000000000000 ) ) ;
#6534 = DIRECTION ( 'NONE',  ( -0.8660254037844394848, -0.4999999999999985012, 0.000000000000000000 ) ) ;
#6535 = VECTOR ( 'NONE', #139, 1000.000000000000000 ) ;
#6536 = LINE ( 'NONE', #9466, #554 ) ;
#6537 = ORIENTED_EDGE ( 'NONE', *, *, #8827, .T. ) ;
#6538 = VERTEX_POINT ( 'NONE', #10475 ) ;
#6539 = FACE_OUTER_BOUND ( 'NONE', #5745, .T. ) ;
#6540 = ORIENTED_EDGE ( 'NONE', *, *, #2009, .T. ) ;
#6541 = ORIENTED_EDGE ( 'NONE', *, *, #9327, .T. ) ;
#6542 = ADVANCED_FACE ( 'NONE', ( #1779 ), #7361, .T. ) ;
#6543 = ORIENTED_EDGE ( 'NONE', *, *, #520, .T. ) ;
#6544 = CARTESIAN_POINT ( 'NONE',  ( -18.19999999999999574, 23.27239199200323938, 0.4500000000000000111 ) ) ;
#6545 = AXIS2_PLACEMENT_3D ( 'NONE', #10155, #11880, #8963 ) ;
#6546 = CARTESIAN_POINT ( 'NONE',  ( -27.69999999999999574, 21.13619599600162502, 0.4500000000000000111 ) ) ;
#6547 = DIRECTION ( 'NONE',  ( -0.000000000000000000, -0.000000000000000000, -1.000000000000000000 ) ) ;
#6548 = ORIENTED_EDGE ( 'NONE', *, *, #12002, .F. ) ;
#6549 = CARTESIAN_POINT ( 'NONE',  ( -9.999999999999996447, 22.00000000000000355, 0.000000000000000000 ) ) ;
#6550 = DIRECTION ( 'NONE',  ( -0.8660254037844393737, 0.4999999999999985012, 0.000000000000000000 ) ) ;
#6551 = VERTEX_POINT ( 'NONE', #8566 ) ;
#6552 = LINE ( 'NONE', #5600, #11850 ) ;
#6553 = FACE_OUTER_BOUND ( 'NONE', #6105, .T. ) ;
#6554 = EDGE_CURVE ( 'NONE', #10403, #7119, #5454, .T. ) ;
#6555 = EDGE_LOOP ( 'NONE', ( #1971, #5840, #1194, #11647, #7283, #3465, #8760 ) ) ;
#6556 = DIRECTION ( 'NONE',  ( 0.8660254037844393737, -0.4999999999999985012, 0.000000000000000000 ) ) ;
#6557 = LINE ( 'NONE', #2872, #2382 ) ;
#6558 = DIRECTION ( 'NONE',  ( 1.000000000000000000, 0.000000000000000000, 0.000000000000000000 ) ) ;
#6559 = LINE ( 'NONE', #12406, #1105 ) ;
#6560 = CARTESIAN_POINT ( 'NONE',  ( -13.64999999999998082, 23.99407982849027121, 0.4500000000000000111 ) ) ;
#6561 = VECTOR ( 'NONE', #10796, 1000.000000000000000 ) ;
#6562 = DIRECTION ( 'NONE',  ( 0.000000000000000000, 0.000000000000000000, -1.000000000000000000 ) ) ;
#6563 = ADVANCED_FACE ( 'NONE', ( #1837 ), #3734, .T. ) ;
#6564 = DIRECTION ( 'NONE',  ( 0.000000000000000000, -1.000000000000000000, 0.000000000000000000 ) ) ;
#6565 = FACE_OUTER_BOUND ( 'NONE', #11898, .T. ) ;
#6566 = ORIENTED_EDGE ( 'NONE', *, *, #4310, .F. ) ;
#6567 = VECTOR ( 'NONE', #9963, 1000.000000000000114 ) ;
#6568 = CARTESIAN_POINT ( 'NONE',  ( -23.14999999999999503, 20.41450815951458608, 0.4500000000000000111 ) ) ;
#6569 = EDGE_LOOP ( 'NONE', ( #7412, #1874, #5509, #1108, #8995, #9586, #10341 ) ) ;
#6570 = ADVANCED_FACE ( 'NONE', ( #11300 ), #2598, .T. ) ;
#6571 = EDGE_CURVE ( 'NONE', #1250, #10953, #5068, .T. ) ;
#6572 = AXIS2_PLACEMENT_3D ( 'NONE', #8257, #2660, #9275 ) ;
#6573 = CARTESIAN_POINT ( 'NONE',  ( -32.65000000000000568, 25.43745550146434198, 0.4500000000000000111 ) ) ;
#6574 = ORIENTED_EDGE ( 'NONE', *, *, #9483, .T. ) ;
#6575 = VECTOR ( 'NONE', #1041, 1000.000000000000000 ) ;
#6576 = PLANE ( 'NONE',  #6010 ) ;
#6577 = AXIS2_PLACEMENT_3D ( 'NONE', #1863, #12528, #9608 ) ;
#6578 = CARTESIAN_POINT ( 'NONE',  ( -24.39999999999999858, 21.13619599600161791, 0.4500000000000000111 ) ) ;
#6579 = CARTESIAN_POINT ( 'NONE',  ( -29.74999999999998934, 20.41450815951459319, 0.4500000000000000111 ) ) ;
#6580 = EDGE_CURVE ( 'NONE', #8545, #9347, #11549, .T. ) ;
#6581 = LINE ( 'NONE', #9449, #5592 ) ;
#6582 = ORIENTED_EDGE ( 'NONE', *, *, #9753, .F. ) ;
#6583 = AXIS2_PLACEMENT_3D ( 'NONE', #11387, #5723, #6627 ) ;
#6584 = ORIENTED_EDGE ( 'NONE', *, *, #11408, .T. ) ;
#6585 = CARTESIAN_POINT ( 'NONE',  ( -29.74999999999997868, 23.30125950546274183, 0.4500000000000000111 ) ) ;
#6586 = VECTOR ( 'NONE', #5902, 1000.000000000000114 ) ;
#6587 = ORIENTED_EDGE ( 'NONE', *, *, #2175, .T. ) ;
#6588 = EDGE_CURVE ( 'NONE', #11551, #7555, #1958, .T. ) ;
#6589 = DIRECTION ( 'NONE',  ( -0.000000000000000000, -0.000000000000000000, 1.000000000000000000 ) ) ;
#6590 = VERTEX_POINT ( 'NONE', #11677 ) ;
#6591 = EDGE_CURVE ( 'NONE', #2906, #3350, #9770, .T. ) ;
#6592 = VERTEX_POINT ( 'NONE', #1064 ) ;
#6593 = VECTOR ( 'NONE', #11815, 1000.000000000000114 ) ;
#6594 = AXIS2_PLACEMENT_3D ( 'NONE', #11638, #10503, #2813 ) ;
#6595 = CARTESIAN_POINT ( 'NONE',  ( 16.94999999999998153, 18.27831216351297883, 0.4500000000000000111 ) ) ;
#6596 = CARTESIAN_POINT ( 'NONE',  ( -13.64999999999998082, 23.99407982849027121, 0.000000000000000000 ) ) ;
#6597 = PLANE ( 'NONE',  #3099 ) ;
#6598 = PLANE ( 'NONE',  #6979 ) ;
#6599 = LOCAL_TIME ( 19, 35, 56.00000000000000000, #5788 ) ;
#6600 = CARTESIAN_POINT ( 'NONE',  ( 14.13205080756888066, 18.00000000000000355, 0.000000000000000000 ) ) ;
#6601 = LINE ( 'NONE', #3484, #8231 ) ;
#6602 = ORIENTED_EDGE ( 'NONE', *, *, #11626, .F. ) ;
#6603 = ORIENTED_EDGE ( 'NONE', *, *, #10505, .F. ) ;
#6604 = PLANE ( 'NONE',  #12142 ) ;
#6605 = ORIENTED_EDGE ( 'NONE', *, *, #2169, .T. ) ;
#6606 = VECTOR ( 'NONE', #6934, 1000.000000000000000 ) ;
#6607 = ORIENTED_EDGE ( 'NONE', *, *, #2309, .T. ) ;
#6608 = ORIENTED_EDGE ( 'NONE', *, *, #4405, .T. ) ;
#6609 = DIRECTION ( 'NONE',  ( -9.614813431917789401E-15, 1.000000000000000000, 0.000000000000000000 ) ) ;
#6610 = VECTOR ( 'NONE', #2473, 1000.000000000000114 ) ;
#6611 = EDGE_CURVE ( 'NONE', #2493, #1272, #2847, .T. ) ;
#6612 = CARTESIAN_POINT ( 'NONE',  ( 17.92435565298207223, 25.99999999999999645, 0.4500000000000000111 ) ) ;
#6613 = AXIS2_PLACEMENT_3D ( 'NONE', #9644, #942, #8696 ) ;
#6614 = VECTOR ( 'NONE', #5384, 1000.000000000000114 ) ;
#6615 = LINE ( 'NONE', #1079, #6561 ) ;
#6616 = AXIS2_PLACEMENT_3D ( 'NONE', #3557, #3855, #2898 ) ;
#6617 = ORIENTED_EDGE ( 'NONE', *, *, #8807, .T. ) ;
#6618 = EDGE_CURVE ( 'NONE', #8570, #4425, #3095, .T. ) ;
#6619 = DIRECTION ( 'NONE',  ( -0.5000000000000004441, -0.8660254037844384856, 0.000000000000000000 ) ) ;
#6620 = DIRECTION ( 'NONE',  ( 0.000000000000000000, 0.000000000000000000, 1.000000000000000000 ) ) ;
#6621 = ORIENTED_EDGE ( 'NONE', *, *, #3404, .T. ) ;
#6622 = CARTESIAN_POINT ( 'NONE',  ( -11.99999999999998401, 21.13619599600162502, 0.000000000000000000 ) ) ;
#6623 = VECTOR ( 'NONE', #5932, 1000.000000000000000 ) ;
#6624 = ORIENTED_EDGE ( 'NONE', *, *, #3946, .F. ) ;
#6625 = CARTESIAN_POINT ( 'NONE',  ( -26.04999999999999716, 23.99407982849027121, 0.4500000000000000111 ) ) ;
#6626 = DIRECTION ( 'NONE',  ( -0.8660254037844387076, 0.4999999999999997224, 0.000000000000000000 ) ) ;
#6627 = DIRECTION ( 'NONE',  ( -0.8660254037844393737, -0.4999999999999985012, 0.000000000000000000 ) ) ;
#6628 = CARTESIAN_POINT ( 'NONE',  ( 18.59999999999998010, 21.13619599600162857, 0.4500000000000000111 ) ) ;
#6629 = ORIENTED_EDGE ( 'NONE', *, *, #10232, .F. ) ;
#6630 = DIRECTION ( 'NONE',  ( -0.8660254037844394848, 0.4999999999999984457, 0.000000000000000000 ) ) ;
#6631 = PLANE ( 'NONE',  #5709 ) ;
#6632 = ORIENTED_EDGE ( 'NONE', *, *, #10626, .F. ) ;
#6633 = DIRECTION ( 'NONE',  ( 0.000000000000000000, 0.000000000000000000, -1.000000000000000000 ) ) ;
#6634 = VERTEX_POINT ( 'NONE', #4931 ) ;
#6635 = VECTOR ( 'NONE', #11138, 1000.000000000000114 ) ;
#6636 = LINE ( 'NONE', #1755, #5429 ) ;
#6637 = VERTEX_POINT ( 'NONE', #7923 ) ;
#6638 = VECTOR ( 'NONE', #3920, 1000.000000000000114 ) ;
#6639 = LINE ( 'NONE', #2765, #4377 ) ;
#6640 = EDGE_CURVE ( 'NONE', #4425, #11580, #12558, .T. ) ;
#6641 = EDGE_CURVE ( 'NONE', #1295, #8825, #4050, .T. ) ;
#6642 = CARTESIAN_POINT ( 'NONE',  ( 34.29999999999999005, 21.13619599600162502, 0.4500000000000000111 ) ) ;
#6643 = CARTESIAN_POINT ( 'NONE',  ( -32.99999999999999289, 18.00000000000000355, 0.000000000000000000 ) ) ;
#6644 = LINE ( 'NONE', #8307, #11072 ) ;
#6645 = ORIENTED_EDGE ( 'NONE', *, *, #11093, .F. ) ;
#6646 = VECTOR ( 'NONE', #11526, 1000.000000000000000 ) ;
#6647 = CARTESIAN_POINT ( 'NONE',  ( -28.09999999999998010, 20.44337567297409208, 0.4500000000000000111 ) ) ;
#6648 = ORIENTED_EDGE ( 'NONE', *, *, #5586, .F. ) ;
#6649 = VECTOR ( 'NONE', #5293, 1000.000000000000000 ) ;
#6650 = CARTESIAN_POINT ( 'NONE',  ( -13.64999999999998082, 25.43745550146434553, 0.4500000000000000111 ) ) ;
#6651 = DIRECTION ( 'NONE',  ( -0.4999999999999985567, 0.8660254037844394848, 0.000000000000000000 ) ) ;
#6652 = EDGE_LOOP ( 'NONE', ( #12364, #620, #4307, #6973 ) ) ;
#6653 = EDGE_CURVE ( 'NONE', #7660, #2709, #7861, .T. ) ;
#6654 = ORIENTED_EDGE ( 'NONE', *, *, #4790, .T. ) ;
#6655 = DIRECTION ( 'NONE',  ( 0.8660254037844388186, -0.4999999999999997224, 0.000000000000000000 ) ) ;
#6656 = CARTESIAN_POINT ( 'NONE',  ( -13.25000000000000000, 20.41450815951458608, 0.4500000000000000111 ) ) ;
#6657 = FACE_OUTER_BOUND ( 'NONE', #7478, .T. ) ;
#6658 = CARTESIAN_POINT ( 'NONE',  ( -36.87319111346176470, 22.99919497526796519, 0.000000000000000000 ) ) ;
#6659 = LINE ( 'NONE', #1592, #4139 ) ;
#6660 = CARTESIAN_POINT ( 'NONE',  ( -22.75000000000000000, 18.27831216351297172, 0.000000000000000000 ) ) ;
#6661 = ORIENTED_EDGE ( 'NONE', *, *, #7486, .T. ) ;
#6662 = ADVANCED_FACE ( 'NONE', ( #11739 ), #2904, .T. ) ;
#6663 = ORIENTED_EDGE ( 'NONE', *, *, #4073, .F. ) ;
#6664 = DIRECTION ( 'NONE',  ( 0.8660254037844388186, -0.4999999999999997224, 0.000000000000000000 ) ) ;
#6665 = VECTOR ( 'NONE', #5159, 1000.000000000000000 ) ;
#6666 = EDGE_CURVE ( 'NONE', #7960, #1250, #5000, .T. ) ;
#6667 = ORIENTED_EDGE ( 'NONE', *, *, #450, .F. ) ;
#6668 = ORIENTED_EDGE ( 'NONE', *, *, #9468, .T. ) ;
#6669 = VERTEX_POINT ( 'NONE', #1003 ) ;
#6670 = EDGE_CURVE ( 'NONE', #3753, #7915, #9706, .T. ) ;
#6671 = CARTESIAN_POINT ( 'NONE',  ( -18.19999999999999574, 23.27239199200323938, 0.000000000000000000 ) ) ;
#6672 = DIRECTION ( 'NONE',  ( 0.000000000000000000, 0.000000000000000000, -1.000000000000000000 ) ) ;
#6673 = DIRECTION ( 'NONE',  ( 0.4999999999999985567, 0.8660254037844394848, 0.000000000000000000 ) ) ;
#6674 = CIRCLE ( 'NONE', #2001, 3.999999999999996447 ) ;
#6675 = ORIENTED_EDGE ( 'NONE', *, *, #6641, .F. ) ;
#6676 = LINE ( 'NONE', #12396, #7303 ) ;
#6677 = PLANE ( 'NONE',  #7678 ) ;
#6678 = ADVANCED_FACE ( 'NONE', ( #6908 ), #10782, .T. ) ;
#6679 = VERTEX_POINT ( 'NONE', #5947 ) ;
#6680 = CARTESIAN_POINT ( 'NONE',  ( 26.84999999999997300, 25.43745550146435619, 0.000000000000000000 ) ) ;
#6681 = EDGE_CURVE ( 'NONE', #9280, #10479, #8886, .T. ) ;
#6682 = EDGE_LOOP ( 'NONE', ( #580, #8661, #6820, #7370 ) ) ;
#6683 = VECTOR ( 'NONE', #7895, 1000.000000000000000 ) ;
#6684 = LINE ( 'NONE', #3637, #3331 ) ;
#6685 = CARTESIAN_POINT ( 'NONE',  ( -25.56794919243110442, 18.00000000000000355, 0.000000000000000000 ) ) ;
#6686 = LINE ( 'NONE', #4711, #3343 ) ;
#6687 = CARTESIAN_POINT ( 'NONE',  ( -19.84999999999998721, 23.30125950546273828, 0.4500000000000000111 ) ) ;
#6688 = ADVANCED_FACE ( 'NONE', ( #9904 ), #1202, .T. ) ;
#6689 = ORIENTED_EDGE ( 'NONE', *, *, #62, .T. ) ;
#6690 = FACE_OUTER_BOUND ( 'NONE', #9148, .T. ) ;
#6691 = PLANE ( 'NONE',  #7548 ) ;
#6692 = VERTEX_POINT ( 'NONE', #8695 ) ;
#6693 = VECTOR ( 'NONE', #2038, 1000.000000000000114 ) ;
#6694 = LINE ( 'NONE', #7833, #12360 ) ;
#6695 = EDGE_LOOP ( 'NONE', ( #3070, #4349, #9292, #9772 ) ) ;
#6696 = LINE ( 'NONE', #10515, #11318 ) ;
#6697 = ORIENTED_EDGE ( 'NONE', *, *, #11077, .T. ) ;
#6698 = PLANE ( 'NONE',  #12496 ) ;
#6699 = VECTOR ( 'NONE', #8753, 1000.000000000000000 ) ;
#6700 = LINE ( 'NONE', #12540, #7457 ) ;
#6701 = CARTESIAN_POINT ( 'NONE',  ( 10.34999999999998721, 18.27831216351297527, 0.4500000000000000111 ) ) ;
#6702 = CARTESIAN_POINT ( 'NONE',  ( 26.05000000000001137, 19.72168783648704604, 0.4500000000000000111 ) ) ;
#6703 = ORIENTED_EDGE ( 'NONE', *, *, #2335, .F. ) ;
#6704 = PLANE ( 'NONE',  #409 ) ;
#6705 = ORIENTED_EDGE ( 'NONE', *, *, #6203, .T. ) ;
#6706 = DIRECTION ( 'NONE',  ( -9.614813431917789401E-15, 1.000000000000000000, 0.000000000000000000 ) ) ;
#6707 = VECTOR ( 'NONE', #5988, 1000.000000000000000 ) ;
#6708 = EDGE_CURVE ( 'NONE', #126, #10649, #3861, .T. ) ;
#6709 = DIRECTION ( 'NONE',  ( 0.8660254037844387076, 0.4999999999999997224, 0.000000000000000000 ) ) ;
#6710 = ORIENTED_EDGE ( 'NONE', *, *, #8633, .F. ) ;
#6711 = CARTESIAN_POINT ( 'NONE',  ( -12.85000000000000142, 23.99407982849026411, 0.4500000000000000111 ) ) ;
#6712 = EDGE_LOOP ( 'NONE', ( #7120, #12031, #1040, #5828, #9943, #4533, #9480 ) ) ;
#6713 = DIRECTION ( 'NONE',  ( 0.8660254037844393737, 0.4999999999999985012, 0.000000000000000000 ) ) ;
#6714 = DIRECTION ( 'NONE',  ( 1.000000000000000000, 9.614813431917789401E-15, 0.000000000000000000 ) ) ;
#6715 = DIRECTION ( 'NONE',  ( 0.000000000000000000, 0.000000000000000000, -1.000000000000000000 ) ) ;
#6716 = CARTESIAN_POINT ( 'NONE',  ( 25.07564434701789580, 25.99999999999999645, 0.4500000000000000111 ) ) ;
#6717 = DIRECTION ( 'NONE',  ( 0.000000000000000000, 0.000000000000000000, -1.000000000000000000 ) ) ;
#6718 = PLANE ( 'NONE',  #6613 ) ;
#6719 = ORIENTED_EDGE ( 'NONE', *, *, #9138, .T. ) ;
#6720 = VERTEX_POINT ( 'NONE', #4231 ) ;
#6721 = VERTEX_POINT ( 'NONE', #7159 ) ;
#6722 = DIRECTION ( 'NONE',  ( 9.614813431917789401E-15, 1.000000000000000000, 0.000000000000000000 ) ) ;
#6723 = VERTEX_POINT ( 'NONE', #5190 ) ;
#6724 = ORIENTED_EDGE ( 'NONE', *, *, #1321, .T. ) ;
#6725 = ORIENTED_EDGE ( 'NONE', *, *, #1186, .T. ) ;
#6726 = DIRECTION ( 'NONE',  ( -0.4999999999999985567, 0.8660254037844394848, 0.000000000000000000 ) ) ;
#6727 = DIRECTION ( 'NONE',  ( -1.000000000000000000, 0.000000000000000000, 0.000000000000000000 ) ) ;
#6728 = CIRCLE ( 'NONE', #4294, 3.999999999999996447 ) ;
#6729 = CARTESIAN_POINT ( 'NONE',  ( -35.09999999999998010, 21.13619599600163568, 0.4500000000000000111 ) ) ;
#6730 = EDGE_LOOP ( 'NONE', ( #11384, #12262, #781, #2141, #874, #5072, #9326 ) ) ;
#6731 = CARTESIAN_POINT ( 'NONE',  ( 32.99999999999999289, 18.00000000000000355, 0.4500000000000000111 ) ) ;
#6732 = EDGE_CURVE ( 'NONE', #2517, #8699, #11035, .T. ) ;
#6733 = FACE_BOUND ( 'NONE', #689, .T. ) ;
#6734 = ORIENTED_EDGE ( 'NONE', *, *, #6032, .T. ) ;
#6735 = CARTESIAN_POINT ( 'NONE',  ( 29.74999999999997868, 23.30125950546274183, 0.4500000000000000111 ) ) ;
#6736 = AXIS2_PLACEMENT_3D ( 'NONE', #9696, #7850, #993 ) ;
#6737 = ORIENTED_EDGE ( 'NONE', *, *, #7316, .T. ) ;
#6738 = DIRECTION ( 'NONE',  ( 0.000000000000000000, 0.000000000000000000, -1.000000000000000000 ) ) ;
#6739 = EDGE_CURVE ( 'NONE', #10892, #3537, #8112, .T. ) ;
#6740 = DIRECTION ( 'NONE',  ( 0.000000000000000000, 0.000000000000000000, -1.000000000000000000 ) ) ;
#6741 = DIRECTION ( 'NONE',  ( -0.4999999999999985012, 0.8660254037844395958, 0.000000000000000000 ) ) ;
#6742 = EDGE_CURVE ( 'NONE', #8441, #9497, #5372, .T. ) ;
#6743 = PLANE ( 'NONE',  #12479 ) ;
#6744 =( LENGTH_UNIT ( ) NAMED_UNIT ( * ) SI_UNIT ( .MILLI., .METRE. ) );
#6745 = EDGE_CURVE ( 'NONE', #10819, #3554, #6212, .T. ) ;
#6746 = ORIENTED_EDGE ( 'NONE', *, *, #3586, .F. ) ;
#6747 = AXIS2_PLACEMENT_3D ( 'NONE', #5622, #2579, #5436 ) ;
#6748 = CARTESIAN_POINT ( 'NONE',  ( -16.94999999999998153, 18.27831216351297883, 0.000000000000000000 ) ) ;
#6749 = DIRECTION ( 'NONE',  ( 1.000000000000000000, 9.614813431917789401E-15, 0.000000000000000000 ) ) ;
#6750 = ORIENTED_EDGE ( 'NONE', *, *, #6141, .T. ) ;
#6751 = LINE ( 'NONE', #11585, #605 ) ;
#6752 = ORIENTED_EDGE ( 'NONE', *, *, #5492, .T. ) ;
#6753 = PLANE ( 'NONE',  #12527 ) ;
#6754 = VERTEX_POINT ( 'NONE', #9069 ) ;
#6755 = CARTESIAN_POINT ( 'NONE',  ( 35.09999999999998010, 22.57957166897571000, 0.4500000000000000111 ) ) ;
#6756 = EDGE_CURVE ( 'NONE', #8375, #9739, #6150, .T. ) ;
#6757 = CARTESIAN_POINT ( 'NONE',  ( -10.34999999999998721, 19.72168783648705315, 0.4500000000000000111 ) ) ;
#6758 = CARTESIAN_POINT ( 'NONE',  ( 7.049999999999990052, 19.72168783648704959, 0.000000000000000000 ) ) ;
#6759 = LINE ( 'NONE', #5807, #8036 ) ;
#6760 = VERTEX_POINT ( 'NONE', #6268 ) ;
#6761 = CARTESIAN_POINT ( 'NONE',  ( -28.09999999999998010, 26.15914333795139157, 0.4500000000000000111 ) ) ;
#6762 = EDGE_CURVE ( 'NONE', #10629, #4214, #11099, .T. ) ;
#6763 = ORIENTED_EDGE ( 'NONE', *, *, #8807, .F. ) ;
#6764 = DIRECTION ( 'NONE',  ( -1.000000000000000000, 0.000000000000000000, 0.000000000000000000 ) ) ;
#6765 = VECTOR ( 'NONE', #10227, 1000.000000000000000 ) ;
#6766 = DIRECTION ( 'NONE',  ( 0.8660254037844394848, -0.4999999999999985012, 0.000000000000000000 ) ) ;
#6767 = ORIENTED_EDGE ( 'NONE', *, *, #7196, .T. ) ;
#6768 = LINE ( 'NONE', #43, #5998 ) ;
#6769 = VERTEX_POINT ( 'NONE', #4354 ) ;
#6770 = FACE_OUTER_BOUND ( 'NONE', #5959, .T. ) ;
#6771 = CARTESIAN_POINT ( 'NONE',  ( 29.34999999999999432, 23.99407982849027476, 0.000000000000000000 ) ) ;
#6772 = AXIS2_PLACEMENT_3D ( 'NONE', #2622, #5664, #8655 ) ;
#6773 = FACE_OUTER_BOUND ( 'NONE', #10152, .T. ) ;
#6774 = DIRECTION ( 'NONE',  ( 0.000000000000000000, 0.000000000000000000, -1.000000000000000000 ) ) ;
#6775 = CARTESIAN_POINT ( 'NONE',  ( 6.650000000000004796, 20.41450815951458253, 0.4500000000000000111 ) ) ;
#6776 = LINE ( 'NONE', #5760, #11682 ) ;
#6777 = VERTEX_POINT ( 'NONE', #9964 ) ;
#6778 = AXIS2_PLACEMENT_3D ( 'NONE', #12391, #6485, #7559 ) ;
#6779 = ORIENTED_EDGE ( 'NONE', *, *, #11333, .T. ) ;
#6780 = EDGE_CURVE ( 'NONE', #10175, #10307, #245, .T. ) ;
#6781 = VERTEX_POINT ( 'NONE', #11985 ) ;
#6782 = FACE_OUTER_BOUND ( 'NONE', #2694, .T. ) ;
#6783 = VERTEX_POINT ( 'NONE', #423 ) ;
#6784 = ORIENTED_EDGE ( 'NONE', *, *, #1431, .F. ) ;
#6785 = VECTOR ( 'NONE', #8851, 1000.000000000000114 ) ;
#6786 = ORIENTED_EDGE ( 'NONE', *, *, #8461, .F. ) ;
#6787 = VECTOR ( 'NONE', #9580, 1000.000000000000114 ) ;
#6788 = LINE ( 'NONE', #889, #8187 ) ;
#6789 = DIRECTION ( 'NONE',  ( -0.000000000000000000, -0.000000000000000000, -1.000000000000000000 ) ) ;
#6790 = DIRECTION ( 'NONE',  ( -1.000000000000000000, 9.614813431917789401E-15, 0.000000000000000000 ) ) ;
#6791 = ADVANCED_FACE ( 'NONE', ( #10143 ), #11158, .T. ) ;
#6792 = EDGE_CURVE ( 'NONE', #1700, #4117, #363, .T. ) ;
#6793 = CARTESIAN_POINT ( 'NONE',  ( -15.29999999999998295, 21.13619599600162502, 0.000000000000000000 ) ) ;
#6794 = ORIENTED_EDGE ( 'NONE', *, *, #5506, .T. ) ;
#6795 = LINE ( 'NONE', #11567, #10351 ) ;
#6796 = VECTOR ( 'NONE', #10306, 1000.000000000000114 ) ;
#6797 = DIRECTION ( 'NONE',  ( 9.614813431917789401E-15, 1.000000000000000000, 0.000000000000000000 ) ) ;
#6798 = ORIENTED_EDGE ( 'NONE', *, *, #10730, .F. ) ;
#6799 = LINE ( 'NONE', #6622, #12041 ) ;
#6800 = VERTEX_POINT ( 'NONE', #4290 ) ;
#6801 = FACE_OUTER_BOUND ( 'NONE', #7348, .T. ) ;
#6802 = CARTESIAN_POINT ( 'NONE',  ( -36.34999999999998010, 23.30125950546274538, 0.4500000000000000111 ) ) ;
#6803 = VECTOR ( 'NONE', #1264, 1000.000000000000114 ) ;
#6804 = PLANE ( 'NONE',  #8624 ) ;
#6805 = VECTOR ( 'NONE', #7002, 1000.000000000000114 ) ;
#6806 = VECTOR ( 'NONE', #6900, 1000.000000000000000 ) ;
#6807 = EDGE_CURVE ( 'NONE', #2434, #5025, #6327, .T. ) ;
#6808 = LINE ( 'NONE', #3889, #7398 ) ;
#6809 = DIRECTION ( 'NONE',  ( 9.614813431917789401E-15, 1.000000000000000000, 0.000000000000000000 ) ) ;
#6810 = DIRECTION ( 'NONE',  ( -0.4999999999999985012, 0.8660254037844395958, 0.000000000000000000 ) ) ;
#6811 = EDGE_LOOP ( 'NONE', ( #6705, #4626, #27, #6584 ) ) ;
#6812 = DIRECTION ( 'NONE',  ( 1.000000000000000000, 0.000000000000000000, 0.000000000000000000 ) ) ;
#6813 = CARTESIAN_POINT ( 'NONE',  ( -16.94999999999998153, 25.43745550146435264, 0.4500000000000000111 ) ) ;
#6814 = ORIENTED_EDGE ( 'NONE', *, *, #8074, .T. ) ;
#6815 = EDGE_CURVE ( 'NONE', #10060, #10838, #5305, .T. ) ;
#6816 = VECTOR ( 'NONE', #2378, 1000.000000000000000 ) ;
#6817 = FACE_OUTER_BOUND ( 'NONE', #553, .T. ) ;
#6818 = EDGE_CURVE ( 'NONE', #10, #2855, #12045, .T. ) ;
#6819 = ORIENTED_EDGE ( 'NONE', *, *, #7808, .T. ) ;
#6820 = ORIENTED_EDGE ( 'NONE', *, *, #10700, .T. ) ;
#6821 = CARTESIAN_POINT ( 'NONE',  ( 34.30000000000000426, 22.57957166897569223, 0.4500000000000000111 ) ) ;
#6822 = LINE ( 'NONE', #4846, #968 ) ;
#6823 = EDGE_LOOP ( 'NONE', ( #10601, #11731, #12146, #7152 ) ) ;
#6824 = CARTESIAN_POINT ( 'NONE',  ( 24.79999999999999361, 17.55662432702594344, 0.4500000000000000111 ) ) ;
#6825 = ADVANCED_FACE ( 'NONE', ( #302 ), #7222, .T. ) ;
#6826 = LINE ( 'NONE', #2829, #4813 ) ;
#6827 = DIRECTION ( 'NONE',  ( -0.4999999999999985567, 0.8660254037844394848, 0.000000000000000000 ) ) ;
#6828 = CARTESIAN_POINT ( 'NONE',  ( 10.83205080756887639, 18.00000000000000355, 0.4500000000000000111 ) ) ;
#6829 = ORIENTED_EDGE ( 'NONE', *, *, #3171, .F. ) ;
#6830 = DIRECTION ( 'NONE',  ( 1.000000000000000000, 0.000000000000000000, 0.000000000000000000 ) ) ;
#6831 = ORIENTED_EDGE ( 'NONE', *, *, #10792, .F. ) ;
#6832 = FACE_OUTER_BOUND ( 'NONE', #8239, .T. ) ;
#6833 = EDGE_CURVE ( 'NONE', #1708, #11866, #483, .T. ) ;
#6834 = PLANE ( 'NONE',  #7952 ) ;
#6835 = ORIENTED_EDGE ( 'NONE', *, *, #5282, .T. ) ;
#6836 = DIRECTION ( 'NONE',  ( 0.000000000000000000, -1.000000000000000000, 0.000000000000000000 ) ) ;
#6837 = ORIENTED_EDGE ( 'NONE', *, *, #5116, .T. ) ;
#6838 = CARTESIAN_POINT ( 'NONE',  ( 31.79999999999996874, 22.57957166897570644, 0.4500000000000000111 ) ) ;
#6839 = FACE_OUTER_BOUND ( 'NONE', #10523, .T. ) ;
#6840 = VECTOR ( 'NONE', #9489, 1000.000000000000000 ) ;
#6841 = PLANE ( 'NONE',  #4518 ) ;
#6842 = LINE ( 'NONE', #5887, #2185 ) ;
#6843 = CARTESIAN_POINT ( 'NONE',  ( -26.04999999999999716, 18.27831216351297527, 0.4500000000000000111 ) ) ;
#6844 = CARTESIAN_POINT ( 'NONE',  ( -16.94999999999998153, 25.43745550146435264, 0.4500000000000000111 ) ) ;
#6846 = ORIENTED_EDGE ( 'NONE', *, *, #10822, .T. ) ;
#6845 = AXIS2_PLACEMENT_3D ( 'NONE', #347, #4092, #1247 ) ;
#6847 = ORIENTED_EDGE ( 'NONE', *, *, #8685, .T. ) ;
#6848 = ORIENTED_EDGE ( 'NONE', *, *, #8379, .F. ) ;
#6849 = CARTESIAN_POINT ( 'NONE',  ( -24.79999999999998295, 20.44337567297409208, 0.4500000000000000111 ) ) ;
#6850 = ORIENTED_EDGE ( 'NONE', *, *, #8952, .F. ) ;
#6851 = ORIENTED_EDGE ( 'NONE', *, *, #3265, .T. ) ;
#6852 = VERTEX_POINT ( 'NONE', #10917 ) ;
#6853 = PLANE ( 'NONE',  #10020 ) ;
#6854 = LINE ( 'NONE', #10794, #10037 ) ;
#6855 = DIRECTION ( 'NONE',  ( 0.8660254037844393737, -0.4999999999999985012, 0.000000000000000000 ) ) ;
#6856 = LINE ( 'NONE', #1216, #8033 ) ;
#6857 = ORIENTED_EDGE ( 'NONE', *, *, #3348, .T. ) ;
#6858 = EDGE_CURVE ( 'NONE', #3663, #4829, #2214, .T. ) ;
#6859 = VECTOR ( 'NONE', #11119, 1000.000000000000000 ) ;
#6860 = CARTESIAN_POINT ( 'NONE',  ( -32.99999999999999289, 18.00000000000000355, 0.4500000000000000111 ) ) ;
#6861 = FACE_BOUND ( 'NONE', #11381, .T. ) ;
#6862 = ORIENTED_EDGE ( 'NONE', *, *, #3492, .F. ) ;
#6863 = ORIENTED_EDGE ( 'NONE', *, *, #430, .F. ) ;
#6864 = LINE ( 'NONE', #3887, #4904 ) ;
#6865 = EDGE_CURVE ( 'NONE', #9328, #11584, #5129, .T. ) ;
#6866 = DIRECTION ( 'NONE',  ( 0.000000000000000000, 0.000000000000000000, -1.000000000000000000 ) ) ;
#6867 = CARTESIAN_POINT ( 'NONE',  ( 29.34999999999999432, 18.27831216351297527, 0.4500000000000000111 ) ) ;
#6868 = VECTOR ( 'NONE', #5747, 1000.000000000000114 ) ;
#6869 = DIRECTION ( 'NONE',  ( -0.8660254037844393737, -0.4999999999999985012, 0.000000000000000000 ) ) ;
#6870 = FACE_OUTER_BOUND ( 'NONE', #8, .T. ) ;
#6871 = ORIENTED_EDGE ( 'NONE', *, *, #6732, .F. ) ;
#6872 = EDGE_CURVE ( 'NONE', #4299, #9514, #3221, .T. ) ;
#6873 = CARTESIAN_POINT ( 'NONE',  ( -32.99999999999999289, 25.99999999999999645, 0.4500000000000000111 ) ) ;
#6874 = CARTESIAN_POINT ( 'NONE',  ( -20.24999999999998224, 18.27831216351297883, 0.000000000000000000 ) ) ;
#6875 = EDGE_LOOP ( 'NONE', ( #11417, #1568, #10722, #8093 ) ) ;
#6876 = DIRECTION ( 'NONE',  ( -0.8660254037844393737, 0.4999999999999985012, 0.000000000000000000 ) ) ;
#6877 = VECTOR ( 'NONE', #24, 1000.000000000000000 ) ;
#6878 = ORIENTED_EDGE ( 'NONE', *, *, #5391, .T. ) ;
#6879 = ORIENTED_EDGE ( 'NONE', *, *, #11374, .T. ) ;
#6880 = DIRECTION ( 'NONE',  ( 0.000000000000000000, 0.000000000000000000, -1.000000000000000000 ) ) ;
#6881 = LINE ( 'NONE', #11015, #353 ) ;
#6882 = VERTEX_POINT ( 'NONE', #1638 ) ;
#6883 = FACE_OUTER_BOUND ( 'NONE', #9228, .T. ) ;
#6884 = EDGE_CURVE ( 'NONE', #4939, #9250, #8366, .T. ) ;
#6885 = VECTOR ( 'NONE', #6182, 1000.000000000000000 ) ;
#6886 = VECTOR ( 'NONE', #3790, 1000.000000000000000 ) ;
#6887 = LINE ( 'NONE', #6757, #2992 ) ;
#6888 = LINE ( 'NONE', #11782, #11980 ) ;
#6889 = LINE ( 'NONE', #2067, #6623 ) ;
#6890 = EDGE_LOOP ( 'NONE', ( #7779, #685, #3352, #5118 ) ) ;
#6891 = DIRECTION ( 'NONE',  ( -0.4999999999999985012, 0.8660254037844395958, 0.000000000000000000 ) ) ;
#6892 = ORIENTED_EDGE ( 'NONE', *, *, #9547, .F. ) ;
#6893 = EDGE_CURVE ( 'NONE', #1704, #8617, #1762, .T. ) ;
#6894 = LINE ( 'NONE', #10177, #7885 ) ;
#6895 = EDGE_CURVE ( 'NONE', #3870, #1517, #8429, .T. ) ;
#6896 = PLANE ( 'NONE',  #257 ) ;
#6897 = VECTOR ( 'NONE', #11474, 1000.000000000000000 ) ;
#6898 = EDGE_LOOP ( 'NONE', ( #6846, #3726, #8075, #6914 ) ) ;
#6899 = EDGE_CURVE ( 'NONE', #7534, #4113, #5558, .T. ) ;
#6900 = DIRECTION ( 'NONE',  ( 0.000000000000000000, 0.000000000000000000, -1.000000000000000000 ) ) ;
#6901 = VERTEX_POINT ( 'NONE', #1822 ) ;
#6902 = FACE_OUTER_BOUND ( 'NONE', #3564, .T. ) ;
#6903 = CARTESIAN_POINT ( 'NONE',  ( 17.80000000000001847, 22.57957166897568868, 0.000000000000000000 ) ) ;
#6904 = EDGE_CURVE ( 'NONE', #5383, #4971, #12236, .T. ) ;
#6905 = LINE ( 'NONE', #10780, #10006 ) ;
#6906 = DIRECTION ( 'NONE',  ( 0.000000000000000000, 0.000000000000000000, -1.000000000000000000 ) ) ;
#6907 = EDGE_CURVE ( 'NONE', #6781, #6852, #12172, .T. ) ;
#6908 = FACE_OUTER_BOUND ( 'NONE', #1330, .T. ) ;
#6909 = EDGE_CURVE ( 'NONE', #11809, #7191, #2581, .T. ) ;
#6910 = CARTESIAN_POINT ( 'NONE',  ( -22.75000000000000000, 18.27831216351297172, 0.4500000000000000111 ) ) ;
#6911 = ORIENTED_EDGE ( 'NONE', *, *, #6159, .T. ) ;
#6912 = VECTOR ( 'NONE', #11405, 1000.000000000000114 ) ;
#6913 = EDGE_LOOP ( 'NONE', ( #10040, #560, #1802, #12546 ) ) ;
#6914 = ORIENTED_EDGE ( 'NONE', *, *, #3332, .F. ) ;
#6915 = LINE ( 'NONE', #2338, #11744 ) ;
#6916 = ORIENTED_EDGE ( 'NONE', *, *, #10765, .T. ) ;
#6917 = EDGE_LOOP ( 'NONE', ( #11065, #9561, #9157, #7376 ) ) ;
#6918 = VERTEX_POINT ( 'NONE', #1577 ) ;
#6919 = CARTESIAN_POINT ( 'NONE',  ( 30.63205080756887355, 18.00000000000000355, 0.000000000000000000 ) ) ;
#6920 = LINE ( 'NONE', #4885, #1919 ) ;
#6921 = EDGE_CURVE ( 'NONE', #4412, #8426, #7532, .T. ) ;
#6922 = EDGE_CURVE ( 'NONE', #7161, #5547, #555, .T. ) ;
#6923 = DIRECTION ( 'NONE',  ( -1.000000000000000000, 0.000000000000000000, 0.000000000000000000 ) ) ;
#6924 = LINE ( 'NONE', #5904, #3190 ) ;
#6925 = EDGE_LOOP ( 'NONE', ( #910, #4409, #2712, #6837 ) ) ;
#6926 = FACE_OUTER_BOUND ( 'NONE', #11289, .T. ) ;
#6927 = CYLINDRICAL_SURFACE ( 'NONE', #9700, 3.999999999999996447 ) ;
#6928 = EDGE_CURVE ( 'NONE', #10400, #4845, #10393, .T. ) ;
#6929 = ORIENTED_EDGE ( 'NONE', *, *, #3460, .F. ) ;
#6930 = ADVANCED_FACE ( 'NONE', ( #4482 ), #10271, .T. ) ;
#6931 = ORIENTED_EDGE ( 'NONE', *, *, #774, .T. ) ;
#6932 = DIRECTION ( 'NONE',  ( 0.000000000000000000, 0.000000000000000000, -1.000000000000000000 ) ) ;
#6933 = LINE ( 'NONE', #8845, #11508 ) ;
#6934 = DIRECTION ( 'NONE',  ( 0.000000000000000000, 0.000000000000000000, -1.000000000000000000 ) ) ;
#6935 = DIRECTION ( 'NONE',  ( 0.000000000000000000, 0.000000000000000000, -1.000000000000000000 ) ) ;
#6936 = DIRECTION ( 'NONE',  ( 1.000000000000000000, 9.614813431917789401E-15, 0.000000000000000000 ) ) ;
#6937 = ORIENTED_EDGE ( 'NONE', *, *, #2403, .F. ) ;
#6938 = FACE_OUTER_BOUND ( 'NONE', #311, .T. ) ;
#6939 = AXIS2_PLACEMENT_3D ( 'NONE', #266, #9925, #6276 ) ;
#6940 = FACE_OUTER_BOUND ( 'NONE', #12297, .T. ) ;
#6941 = VERTEX_POINT ( 'NONE', #6459 ) ;
#6942 = EDGE_CURVE ( 'NONE', #7226, #8828, #3528, .T. ) ;
#6943 = CARTESIAN_POINT ( 'NONE',  ( -14.89999999999998792, 20.44337567297408498, 0.4500000000000000111 ) ) ;
#6944 = ORIENTED_EDGE ( 'NONE', *, *, #8764, .T. ) ;
#6945 = ORIENTED_EDGE ( 'NONE', *, *, #9193, .T. ) ;
#6946 = DIRECTION ( 'NONE',  ( 0.8660254037844394848, -0.4999999999999985012, 0.000000000000000000 ) ) ;
#6947 = DIRECTION ( 'NONE',  ( 9.614813431917789401E-15, 1.000000000000000000, 0.000000000000000000 ) ) ;
#6948 = VERTEX_POINT ( 'NONE', #11469 ) ;
#6949 = CARTESIAN_POINT ( 'NONE',  ( -24.52435565298207365, 25.99999999999999645, 0.4500000000000000111 ) ) ;
#6950 = AXIS2_PLACEMENT_3D ( 'NONE', #1455, #4369, #8000 ) ;
#6951 = LINE ( 'NONE', #2258, #2799 ) ;
#6952 = LINE ( 'NONE', #165, #7519 ) ;
#6953 = EDGE_CURVE ( 'NONE', #9497, #247, #11220, .T. ) ;
#6954 = EDGE_CURVE ( 'NONE', #100, #11447, #8551, .T. ) ;
#6955 = LINE ( 'NONE', #8679, #9658 ) ;
#6956 = ORIENTED_EDGE ( 'NONE', *, *, #7294, .F. ) ;
#6957 = CARTESIAN_POINT ( 'NONE',  ( -35.09999999999998010, 21.13619599600163568, 0.4500000000000000111 ) ) ;
#6958 = ORIENTED_EDGE ( 'NONE', *, *, #5082, .F. ) ;
#6959 = CARTESIAN_POINT ( 'NONE',  ( 28.49999999999997158, 22.57957166897570644, 0.000000000000000000 ) ) ;
#6960 = CARTESIAN_POINT ( 'NONE',  ( 19.84999999999998721, 23.30125950546273828, 0.4500000000000000111 ) ) ;
#6961 = ORIENTED_EDGE ( 'NONE', *, *, #7712, .F. ) ;
#6962 = CARTESIAN_POINT ( 'NONE',  ( 21.49999999999997868, 26.15914333795138447, 0.000000000000000000 ) ) ;
#6963 = ORIENTED_EDGE ( 'NONE', *, *, #6436, .T. ) ;
#6964 = LINE ( 'NONE', #8287, #39 ) ;
#6965 = LINE ( 'NONE', #6771, #8831 ) ;
#6966 = EDGE_CURVE ( 'NONE', #8399, #2665, #7345, .T. ) ;
#6967 = CARTESIAN_POINT ( 'NONE',  ( 11.59999999999999964, 23.27239199200323228, 0.4500000000000000111 ) ) ;
#6968 = DIRECTION ( 'NONE',  ( -1.000000000000000000, 0.000000000000000000, 0.000000000000000000 ) ) ;
#6969 = CARTESIAN_POINT ( 'NONE',  ( 15.66794919243112005, 18.00000000000000355, 0.4500000000000000111 ) ) ;
#6970 = VECTOR ( 'NONE', #2548, 1000.000000000000114 ) ;
#6971 = DIRECTION ( 'NONE',  ( -1.000000000000000000, 0.000000000000000000, 0.000000000000000000 ) ) ;
#6972 = VERTEX_POINT ( 'NONE', #12362 ) ;
#6973 = ORIENTED_EDGE ( 'NONE', *, *, #8529, .T. ) ;
#6974 = EDGE_CURVE ( 'NONE', #5817, #9408, #6394, .T. ) ;
#6975 = LINE ( 'NONE', #8824, #381 ) ;
#6976 = EDGE_CURVE ( 'NONE', #2605, #3191, #9324, .T. ) ;
#6977 = EDGE_LOOP ( 'NONE', ( #6911, #9922, #9537, #8040 ) ) ;
#6978 = EDGE_CURVE ( 'NONE', #10365, #4241, #806, .T. ) ;
#6979 = AXIS2_PLACEMENT_3D ( 'NONE', #1456, #5321, #10474 ) ;
#6980 = VERTEX_POINT ( 'NONE', #922 ) ;
#6981 = ORIENTED_EDGE ( 'NONE', *, *, #2218, .F. ) ;
#6982 = VECTOR ( 'NONE', #2544, 1000.000000000000000 ) ;
#6983 = CARTESIAN_POINT ( 'NONE',  ( 24.79999999999999361, 23.27239199200323938, 0.4500000000000000111 ) ) ;
#6984 = DIRECTION ( 'NONE',  ( 0.000000000000000000, 0.000000000000000000, 1.000000000000000000 ) ) ;
#6985 = VECTOR ( 'NONE', #7979, 1000.000000000000114 ) ;
#6986 = EDGE_CURVE ( 'NONE', #11121, #8375, #7714, .T. ) ;
#6987 = DIRECTION ( 'NONE',  ( -9.614813431917789401E-15, -1.000000000000000000, 0.000000000000000000 ) ) ;
#6988 = VECTOR ( 'NONE', #2344, 1000.000000000000000 ) ;
#6989 = DIRECTION ( 'NONE',  ( 0.000000000000000000, 0.000000000000000000, -1.000000000000000000 ) ) ;
#6990 = ORIENTED_EDGE ( 'NONE', *, *, #2718, .F. ) ;
#6991 = CARTESIAN_POINT ( 'NONE',  ( -19.84999999999998721, 23.30125950546273828, 0.4500000000000000111 ) ) ;
#6992 = LINE ( 'NONE', #10937, #8080 ) ;
#6993 = ORIENTED_EDGE ( 'NONE', *, *, #6780, .T. ) ;
#6994 = VECTOR ( 'NONE', #11896, 1000.000000000000000 ) ;
#6995 = ORIENTED_EDGE ( 'NONE', *, *, #2663, .F. ) ;
#6996 = EDGE_CURVE ( 'NONE', #1326, #6777, #8868, .T. ) ;
#6997 = VECTOR ( 'NONE', #11419, 1000.000000000000114 ) ;
#6998 = LINE ( 'NONE', #2930, #7743 ) ;
#6999 = DIRECTION ( 'NONE',  ( -0.8660254037844383745, -0.5000000000000003331, 0.000000000000000000 ) ) ;
#7000 = CARTESIAN_POINT ( 'NONE',  ( -9.550000000000004263, 23.99407982849026411, 0.4500000000000000111 ) ) ;
#7001 = CARTESIAN_POINT ( 'NONE',  ( -21.49999999999997868, 26.15914333795138447, 0.000000000000000000 ) ) ;
#7002 = DIRECTION ( 'NONE',  ( 0.8660254037844393737, 0.4999999999999985012, 0.000000000000000000 ) ) ;
#7003 = PERSON_AND_ORGANIZATION ( #730, #5577 ) ;
#7004 = VECTOR ( 'NONE', #1288, 1000.000000000000000 ) ;
#7005 = ORIENTED_EDGE ( 'NONE', *, *, #2909, .F. ) ;
#7006 = DIRECTION ( 'NONE',  ( 9.614813431917789401E-15, -1.000000000000000000, 0.000000000000000000 ) ) ;
#7007 = LINE ( 'NONE', #2188, #2878 ) ;
#7008 = ORIENTED_EDGE ( 'NONE', *, *, #5951, .T. ) ;
#7009 = PLANE ( 'NONE',  #12368 ) ;
#7010 = ORIENTED_EDGE ( 'NONE', *, *, #7442, .F. ) ;
#7011 = ORIENTED_EDGE ( 'NONE', *, *, #12187, .F. ) ;
#7012 = VECTOR ( 'NONE', #4963, 1000.000000000000114 ) ;
#7013 = EDGE_LOOP ( 'NONE', ( #11968, #9762, #9440, #3393 ) ) ;
#7014 = DIRECTION ( 'NONE',  ( -0.8660254037844387076, 0.4999999999999997224, 0.000000000000000000 ) ) ;
#7015 = AXIS2_PLACEMENT_3D ( 'NONE', #4286, #5183, #9064 ) ;
#7016 = PLANE ( 'NONE',  #1373 ) ;
#7017 = ORIENTED_EDGE ( 'NONE', *, *, #8601, .F. ) ;
#7018 = DIRECTION ( 'NONE',  ( 0.000000000000000000, 0.000000000000000000, -1.000000000000000000 ) ) ;
#7019 = AXIS2_PLACEMENT_3D ( 'NONE', #1339, #5143, #2410 ) ;
#7020 = AXIS2_PLACEMENT_3D ( 'NONE', #9298, #720, #10369 ) ;
#7021 = VECTOR ( 'NONE', #12421, 1000.000000000000000 ) ;
#7022 = CARTESIAN_POINT ( 'NONE',  ( -33.79413748140514429, 18.07962429598547160, 0.4500000000000000111 ) ) ;
#7023 = CARTESIAN_POINT ( 'NONE',  ( 15.29999999999998295, 21.13619599600162502, 0.4500000000000000111 ) ) ;
#7024 = AXIS2_PLACEMENT_3D ( 'NONE', #2698, #10637, #10517 ) ;
#7025 = CARTESIAN_POINT ( 'NONE',  ( -14.89999999999998792, 20.44337567297408498, 0.4500000000000000111 ) ) ;
#7026 = VERTEX_POINT ( 'NONE', #3906 ) ;
#7027 = CARTESIAN_POINT ( 'NONE',  ( -11.99999999999998401, 21.13619599600162502, 0.4500000000000000111 ) ) ;
#7028 = ORIENTED_EDGE ( 'NONE', *, *, #3873, .T. ) ;
#7029 = DIRECTION ( 'NONE',  ( -0.8660254037844393737, 0.4999999999999985012, 0.000000000000000000 ) ) ;
#7030 = ORIENTED_EDGE ( 'NONE', *, *, #4699, .F. ) ;
#7031 = CARTESIAN_POINT ( 'NONE',  ( -23.54999999999997584, 23.99407982849027832, 0.000000000000000000 ) ) ;
#7032 = ORIENTED_EDGE ( 'NONE', *, *, #11247, .F. ) ;
#7033 = ADVANCED_FACE ( 'NONE', ( #5805 ), #3971, .T. ) ;
#7034 = DIRECTION ( 'NONE',  ( -0.8660254037844383745, -0.5000000000000003331, 0.000000000000000000 ) ) ;
#7035 = DIRECTION ( 'NONE',  ( 0.000000000000000000, 0.000000000000000000, -1.000000000000000000 ) ) ;
#7036 = DIRECTION ( 'NONE',  ( -0.8660254037844393737, -0.4999999999999985012, 0.000000000000000000 ) ) ;
#7037 = DIRECTION ( 'NONE',  ( -0.4999999999999997224, -0.8660254037844388186, 0.000000000000000000 ) ) ;
#7038 = CARTESIAN_POINT ( 'NONE',  ( -9.550000000000018474, 25.43745550146433132, 0.4500000000000000111 ) ) ;
#7039 = ORIENTED_EDGE ( 'NONE', *, *, #2374, .T. ) ;
#7040 = EDGE_CURVE ( 'NONE', #7620, #9188, #6952, .T. ) ;
#7041 = EDGE_LOOP ( 'NONE', ( #5898, #25, #3524, #10883, #4966, #10274, #5393 ) ) ;
#7042 = DIRECTION ( 'NONE',  ( 0.000000000000000000, 0.000000000000000000, -1.000000000000000000 ) ) ;
#7043 = ORIENTED_EDGE ( 'NONE', *, *, #1620, .T. ) ;
#7044 = EDGE_CURVE ( 'NONE', #11786, #508, #4033, .T. ) ;
#7045 = ORIENTED_EDGE ( 'NONE', *, *, #4295, .T. ) ;
#7046 = AXIS2_PLACEMENT_3D ( 'NONE', #10100, #575, #438 ) ;
#7047 = ORIENTED_EDGE ( 'NONE', *, *, #2218, .T. ) ;
#7048 = VECTOR ( 'NONE', #6127, 1000.000000000000000 ) ;
#7049 = PLANE ( 'NONE',  #6007 ) ;
#7050 = DIRECTION ( 'NONE',  ( -1.000000000000000000, 0.000000000000000000, 0.000000000000000000 ) ) ;
#7051 = ADVANCED_FACE ( 'NONE', ( #3019 ), #7655, .T. ) ;
#7052 = DIRECTION ( 'NONE',  ( 0.000000000000000000, 0.000000000000000000, -1.000000000000000000 ) ) ;
#7053 = FACE_OUTER_BOUND ( 'NONE', #11291, .T. ) ;
#7054 = VERTEX_POINT ( 'NONE', #4728 ) ;
#7055 = CARTESIAN_POINT ( 'NONE',  ( -8.300000000000006040, 17.55662432702593279, 0.4500000000000000111 ) ) ;
#7056 = VECTOR ( 'NONE', #2824, 1000.000000000000114 ) ;
#7057 = DIRECTION ( 'NONE',  ( 0.000000000000000000, 0.000000000000000000, -1.000000000000000000 ) ) ;
#7058 = VERTEX_POINT ( 'NONE', #4792 ) ;
#7059 = EDGE_CURVE ( 'NONE', #11685, #136, #6888, .T. ) ;
#7060 = ORIENTED_EDGE ( 'NONE', *, *, #6363, .F. ) ;
#7061 = LINE ( 'NONE', #7882, #10998 ) ;
#7062 = ADVANCED_FACE ( 'NONE', ( #10824 ), #5682, .T. ) ;
#7063 = DIRECTION ( 'NONE',  ( 0.000000000000000000, 0.000000000000000000, 1.000000000000000000 ) ) ;
#7064 = CARTESIAN_POINT ( 'NONE',  ( 34.13803623537167908, 25.83469340716843377, 0.4500000000000000111 ) ) ;
#7065 = PLANE ( 'NONE',  #9833 ) ;
#7066 = CARTESIAN_POINT ( 'NONE',  ( -26.84999999999997300, 23.99407982849028187, 0.000000000000000000 ) ) ;
#7067 = APPROVAL_ROLE ( '' ) ;
#7068 = VERTEX_POINT ( 'NONE', #1879 ) ;
#7069 = EDGE_CURVE ( 'NONE', #11513, #479, #8611, .T. ) ;
#7070 = CARTESIAN_POINT ( 'NONE',  ( 27.70000000000000995, 22.57957166897569223, 0.4500000000000000111 ) ) ;
#7071 = EDGE_CURVE ( 'NONE', #9675, #716, #985, .T. ) ;
#7072 = DIRECTION ( 'NONE',  ( 0.000000000000000000, 0.000000000000000000, -1.000000000000000000 ) ) ;
#7073 = LINE ( 'NONE', #1235, #10713 ) ;
#7074 = ORIENTED_EDGE ( 'NONE', *, *, #8217, .F. ) ;
#7075 = ORIENTED_EDGE ( 'NONE', *, *, #5005, .T. ) ;
#7076 = ORIENTED_EDGE ( 'NONE', *, *, #10074, .T. ) ;
#7077 = VECTOR ( 'NONE', #7369, 1000.000000000000000 ) ;
#7078 = DIRECTION ( 'NONE',  ( 0.000000000000000000, 0.000000000000000000, 1.000000000000000000 ) ) ;
#7079 = LINE ( 'NONE', #2252, #2989 ) ;
#7080 = EDGE_LOOP ( 'NONE', ( #10933, #1764, #1313, #4888, #3165, #4590, #974 ) ) ;
#7081 = PLANE ( 'NONE',  #2157 ) ;
#7082 = FACE_OUTER_BOUND ( 'NONE', #5, .T. ) ;
#7083 = VECTOR ( 'NONE', #12367, 1000.000000000000000 ) ;
#7084 = DIRECTION ( 'NONE',  ( -0.8660254037844383745, -0.5000000000000003331, 0.000000000000000000 ) ) ;
#7085 = LINE ( 'NONE', #2260, #9266 ) ;
#7086 = VERTEX_POINT ( 'NONE', #11532 ) ;
#7087 = FACE_OUTER_BOUND ( 'NONE', #840, .T. ) ;
#7088 = ORIENTED_EDGE ( 'NONE', *, *, #5966, .T. ) ;
#7089 = EDGE_CURVE ( 'NONE', #3129, #12456, #4916, .T. ) ;
#7090 = CARTESIAN_POINT ( 'NONE',  ( 13.64999999999998437, 18.27831216351297883, 0.4500000000000000111 ) ) ;
#7091 = VERTEX_POINT ( 'NONE', #6701 ) ;
#7092 = CIRCLE ( 'NONE', #10734, 3.999999999999996447 ) ;
#7093 = CARTESIAN_POINT ( 'NONE',  ( 21.89999999999997726, 21.13619599600162502, 0.4500000000000000111 ) ) ;
#7094 = ORIENTED_EDGE ( 'NONE', *, *, #2395, .T. ) ;
#7095 = VECTOR ( 'NONE', #2051, 1000.000000000000000 ) ;
#7096 = DIRECTION ( 'NONE',  ( 0.000000000000000000, -1.000000000000000000, 0.000000000000000000 ) ) ;
#7097 = CARTESIAN_POINT ( 'NONE',  ( 10.34999999999998366, 23.99407982849027121, 0.4500000000000000111 ) ) ;
#7098 = CARTESIAN_POINT ( 'NONE',  ( 32.99999999999999289, 25.99999999999999645, 0.4500000000000000111 ) ) ;
#7099 = CARTESIAN_POINT ( 'NONE',  ( 24.40000000000001279, 22.57957166897568868, 0.4500000000000000111 ) ) ;
#7100 = CARTESIAN_POINT ( 'NONE',  ( -10.34999999999998366, 25.43745550146434553, 0.4500000000000000111 ) ) ;
#7101 = ORIENTED_EDGE ( 'NONE', *, *, #11431, .F. ) ;
#7102 = ORIENTED_EDGE ( 'NONE', *, *, #196, .T. ) ;
#7103 = ADVANCED_FACE ( 'NONE', ( #10577 ), #7844, .T. ) ;
#7105 = AXIS2_PLACEMENT_3D ( 'NONE', #2771, #9279, #12133 ) ;
#7104 = DIRECTION ( 'NONE',  ( 0.8660254037844388186, -0.4999999999999997224, 0.000000000000000000 ) ) ;
#7106 = ORIENTED_EDGE ( 'NONE', *, *, #11397, .T. ) ;
#7107 = EDGE_LOOP ( 'NONE', ( #10723, #4934, #11615, #7540 ) ) ;
#7108 = ORIENTED_EDGE ( 'NONE', *, *, #4295, .F. ) ;
#7109 = DIRECTION ( 'NONE',  ( -9.614813431917789401E-15, 1.000000000000000000, 0.000000000000000000 ) ) ;
#7110 = LINE ( 'NONE', #10281, #1514 ) ;
#7111 = PLANE ( 'NONE',  #871 ) ;
#7112 = VECTOR ( 'NONE', #9189, 1000.000000000000000 ) ;
#7113 = CARTESIAN_POINT ( 'NONE',  ( -18.19999999999999574, 23.27239199200323938, 0.4500000000000000111 ) ) ;
#7114 = CARTESIAN_POINT ( 'NONE',  ( 19.45000000000000284, 23.99407982849027121, 0.000000000000000000 ) ) ;
#7115 = ORIENTED_EDGE ( 'NONE', *, *, #2091, .T. ) ;
#7116 = DIRECTION ( 'NONE',  ( 0.8660254037844383745, -0.5000000000000003331, 0.000000000000000000 ) ) ;
#7117 = EDGE_CURVE ( 'NONE', #4293, #9924, #9625, .T. ) ;
#7118 = CARTESIAN_POINT ( 'NONE',  ( 28.09999999999999076, 23.27239199200324293, 0.000000000000000000 ) ) ;
#7119 = VERTEX_POINT ( 'NONE', #6758 ) ;
#7120 = ORIENTED_EDGE ( 'NONE', *, *, #9209, .F. ) ;
#7121 = VECTOR ( 'NONE', #9112, 1000.000000000000114 ) ;
#7122 = LINE ( 'NONE', #1349, #283 ) ;
#7123 = DIRECTION ( 'NONE',  ( -0.4999999999999997224, -0.8660254037844388186, 0.000000000000000000 ) ) ;
#7124 = CARTESIAN_POINT ( 'NONE',  ( 21.89999999999997726, 21.13619599600162502, 0.4500000000000000111 ) ) ;
#7125 = LINE ( 'NONE', #4388, #11883 ) ;
#7126 = EDGE_CURVE ( 'NONE', #9511, #8281, #1942, .T. ) ;
#7127 = ORIENTED_EDGE ( 'NONE', *, *, #8319, .T. ) ;
#7128 = EDGE_CURVE ( 'NONE', #9043, #4618, #31, .T. ) ;
#7129 = LINE ( 'NONE', #11006, #9741 ) ;
#7130 = DIRECTION ( 'NONE',  ( -0.8660254037844394848, 0.4999999999999984457, 0.000000000000000000 ) ) ;
#7131 = DIRECTION ( 'NONE',  ( 0.000000000000000000, 0.000000000000000000, -1.000000000000000000 ) ) ;
#7132 = ORIENTED_EDGE ( 'NONE', *, *, #9753, .T. ) ;
#7133 = EDGE_LOOP ( 'NONE', ( #2512, #7897, #3901, #3685 ) ) ;
#7134 = EDGE_CURVE ( 'NONE', #4059, #9145, #9752, .T. ) ;
#7135 = VERTEX_POINT ( 'NONE', #10129 ) ;
#7136 = PLANE ( 'NONE',  #11231 ) ;
#7137 = EDGE_CURVE ( 'NONE', #9072, #5138, #2201, .T. ) ;
#7138 = CARTESIAN_POINT ( 'NONE',  ( 17.80000000000001847, 22.57957166897568868, 0.000000000000000000 ) ) ;
#7139 = EDGE_LOOP ( 'NONE', ( #7008, #5155, #4488, #1845, #11129, #1151, #11758 ) ) ;
#7140 = EDGE_CURVE ( 'NONE', #1272, #12509, #11972, .T. ) ;
#7141 = LINE ( 'NONE', #6072, #10044 ) ;
#7142 = AXIS2_PLACEMENT_3D ( 'NONE', #1978, #7756, #11632 ) ;
#7143 = VECTOR ( 'NONE', #9272, 1000.000000000000000 ) ;
#7144 = DIRECTION ( 'NONE',  ( -0.000000000000000000, -0.000000000000000000, 1.000000000000000000 ) ) ;
#7145 = DIRECTION ( 'NONE',  ( 0.000000000000000000, 1.000000000000000000, 0.000000000000000000 ) ) ;
#7146 = CARTESIAN_POINT ( 'NONE',  ( -19.45000000000000284, 18.27831216351297172, 0.4500000000000000111 ) ) ;
#7147 = VERTEX_POINT ( 'NONE', #470 ) ;
#7148 = DIRECTION ( 'NONE',  ( -1.000000000000000000, 0.000000000000000000, 0.000000000000000000 ) ) ;
#7149 = ORIENTED_EDGE ( 'NONE', *, *, #2054, .T. ) ;
#7150 = VECTOR ( 'NONE', #6709, 1000.000000000000114 ) ;
#7151 = CYLINDRICAL_SURFACE ( 'NONE', #663, 3.999999999999996447 ) ;
#7152 = ORIENTED_EDGE ( 'NONE', *, *, #1045, .T. ) ;
#7153 = EDGE_CURVE ( 'NONE', #263, #8455, #8098, .T. ) ;
#7154 = LINE ( 'NONE', #1195, #8638 ) ;
#7155 = EDGE_LOOP ( 'NONE', ( #11430, #3341, #5018, #10757 ) ) ;
#7156 = EDGE_CURVE ( 'NONE', #9823, #1432, #12029, .T. ) ;
#7157 = CARTESIAN_POINT ( 'NONE',  ( -11.20000000000000462, 21.13619599600161436, 0.4500000000000000111 ) ) ;
#7158 = CARTESIAN_POINT ( 'NONE',  ( -28.09999999999998010, 20.44337567297409208, 0.4500000000000000111 ) ) ;
#7159 = CARTESIAN_POINT ( 'NONE',  ( 31.67564434701789722, 25.99999999999999645, 0.000000000000000000 ) ) ;
#7160 = FACE_OUTER_BOUND ( 'NONE', #719, .T. ) ;
#7161 = VERTEX_POINT ( 'NONE', #1427 ) ;
#7162 = EDGE_CURVE ( 'NONE', #7716, #8232, #227, .T. ) ;
#7163 = ORIENTED_EDGE ( 'NONE', *, *, #5353, .F. ) ;
#7164 = DIRECTION ( 'NONE',  ( -0.8660254037844393737, 0.4999999999999985012, 0.000000000000000000 ) ) ;
#7165 = ORIENTED_EDGE ( 'NONE', *, *, #6954, .T. ) ;
#7166 = ORIENTED_EDGE ( 'NONE', *, *, #8254, .T. ) ;
#7167 = ORIENTED_EDGE ( 'NONE', *, *, #10944, .T. ) ;
#7168 = LINE ( 'NONE', #11046, #9457 ) ;
#7169 = VECTOR ( 'NONE', #3189, 1000.000000000000114 ) ;
#7170 = LINE ( 'NONE', #3233, #9623 ) ;
#7171 = FACE_BOUND ( 'NONE', #1175, .T. ) ;
#7172 = DIRECTION ( 'NONE',  ( 9.614813431917789401E-15, 1.000000000000000000, 0.000000000000000000 ) ) ;
#7173 = DIRECTION ( 'NONE',  ( 9.614813431917789401E-15, 1.000000000000000000, 0.000000000000000000 ) ) ;
#7174 = ORIENTED_EDGE ( 'NONE', *, *, #603, .T. ) ;
#7175 = VECTOR ( 'NONE', #4944, 1000.000000000000000 ) ;
#7176 = LINE ( 'NONE', #2231, #4461 ) ;
#7177 = PLANE ( 'NONE',  #4221 ) ;
#7178 = ORIENTED_EDGE ( 'NONE', *, *, #4652, .T. ) ;
#7179 = AXIS2_PLACEMENT_3D ( 'NONE', #4382, #582, #5463 ) ;
#7180 = VERTEX_POINT ( 'NONE', #2259 ) ;
#7181 = CARTESIAN_POINT ( 'NONE',  ( -35.94999999999999574, 24.70138853184801775, 0.4500000000000000111 ) ) ;
#7182 = DIRECTION ( 'NONE',  ( 0.000000000000000000, 0.000000000000000000, -1.000000000000000000 ) ) ;
#7183 = FACE_OUTER_BOUND ( 'NONE', #2913, .T. ) ;
#7184 = EDGE_CURVE ( 'NONE', #3412, #238, #6136, .T. ) ;
#7185 = LINE ( 'NONE', #4453, #4771 ) ;
#7186 = EDGE_LOOP ( 'NONE', ( #12472, #9959, #9800, #2509 ) ) ;
#7187 = VECTOR ( 'NONE', #4708, 1000.000000000000000 ) ;
#7188 = DIRECTION ( 'NONE',  ( 1.000000000000000000, 0.000000000000000000, 0.000000000000000000 ) ) ;
#7189 = CARTESIAN_POINT ( 'NONE',  ( -35.09999999999998010, 21.13619599600163568, 0.000000000000000000 ) ) ;
#7190 = VECTOR ( 'NONE', #4317, 1000.000000000000000 ) ;
#7191 = VERTEX_POINT ( 'NONE', #8221 ) ;
#7192 = ORIENTED_EDGE ( 'NONE', *, *, #7380, .T. ) ;
#7193 = DIRECTION ( 'NONE',  ( 0.8660254037844394848, 0.4999999999999984457, 0.000000000000000000 ) ) ;
#7194 = ORIENTED_EDGE ( 'NONE', *, *, #3525, .F. ) ;
#7195 = DIRECTION ( 'NONE',  ( 0.000000000000000000, 0.000000000000000000, -1.000000000000000000 ) ) ;
#7196 = EDGE_CURVE ( 'NONE', #193, #4609, #9055, .T. ) ;
#7197 = LINE ( 'NONE', #4273, #10906 ) ;
#7198 = ORIENTED_EDGE ( 'NONE', *, *, #11411, .F. ) ;
#7199 = VECTOR ( 'NONE', #2312, 1000.000000000000000 ) ;
#7200 = LINE ( 'NONE', #4465, #9441 ) ;
#7201 = DIRECTION ( 'NONE',  ( 0.8660254037844388186, -0.4999999999999997224, 0.000000000000000000 ) ) ;
#7202 = LOCAL_TIME ( 19, 35, 56.00000000000000000, #12464 ) ;
#7203 = EDGE_CURVE ( 'NONE', #9047, #313, #5052, .T. ) ;
#7204 = DIRECTION ( 'NONE',  ( 0.8660254037844387076, 0.4999999999999997224, 0.000000000000000000 ) ) ;
#7205 = ADVANCED_FACE ( 'NONE', ( #10010 ), #10964, .T. ) ;
#7206 = CARTESIAN_POINT ( 'NONE',  ( 11.99999999999998401, 22.57957166897569934, 0.4500000000000000111 ) ) ;
#7207 = DIRECTION ( 'NONE',  ( 1.000000000000000000, 0.000000000000000000, 0.000000000000000000 ) ) ;
#7208 = EDGE_LOOP ( 'NONE', ( #7335, #1831, #956, #10142 ) ) ;
#7209 = CARTESIAN_POINT ( 'NONE',  ( -29.74999999999998934, 20.41450815951459319, 0.4500000000000000111 ) ) ;
#7210 = AXIS2_PLACEMENT_3D ( 'NONE', #2008, #5876, #7193 ) ;
#7211 = ORIENTED_EDGE ( 'NONE', *, *, #8177, .F. ) ;
#7212 = CARTESIAN_POINT ( 'NONE',  ( -34.29999999999999005, 21.13619599600162502, 0.000000000000000000 ) ) ;
#7213 = ADVANCED_FACE ( 'NONE', ( #3144 ), #8993, .T. ) ;
#7214 = VERTEX_POINT ( 'NONE', #1248 ) ;
#7215 = CARTESIAN_POINT ( 'NONE',  ( 14.50000000000001599, 22.57957166897568868, 0.000000000000000000 ) ) ;
#7216 = ORIENTED_EDGE ( 'NONE', *, *, #11627, .F. ) ;
#7217 = AXIS2_PLACEMENT_3D ( 'NONE', #5439, #5559, #807 ) ;
#7218 = VECTOR ( 'NONE', #7232, 1000.000000000000114 ) ;
#7219 = VECTOR ( 'NONE', #6517, 1000.000000000000000 ) ;
#7220 = CARTESIAN_POINT ( 'NONE',  ( 7.900000000000007461, 21.13619599600161436, 0.000000000000000000 ) ) ;
#7221 = ORIENTED_EDGE ( 'NONE', *, *, #4656, .F. ) ;
#7222 = PLANE ( 'NONE',  #1645 ) ;
#7223 = FACE_OUTER_BOUND ( 'NONE', #3182, .T. ) ;
#7224 = ORIENTED_EDGE ( 'NONE', *, *, #6708, .T. ) ;
#7225 = EDGE_CURVE ( 'NONE', #1059, #6199, #5115, .T. ) ;
#7226 = VERTEX_POINT ( 'NONE', #1366 ) ;
#7227 = VECTOR ( 'NONE', #5683, 1000.000000000000000 ) ;
#7228 = LINE ( 'NONE', #8372, #5655 ) ;
#7229 = ORIENTED_EDGE ( 'NONE', *, *, #10855, .F. ) ;
#7230 = ORIENTED_EDGE ( 'NONE', *, *, #6223, .T. ) ;
#7231 = ORIENTED_EDGE ( 'NONE', *, *, #153, .F. ) ;
#7232 = DIRECTION ( 'NONE',  ( 0.8660254037844383745, -0.5000000000000003331, 0.000000000000000000 ) ) ;
#7233 = DIRECTION ( 'NONE',  ( 0.8660254037844383745, 0.5000000000000003331, 0.000000000000000000 ) ) ;
#7234 = DIRECTION ( 'NONE',  ( -0.000000000000000000, -0.000000000000000000, -1.000000000000000000 ) ) ;
#7235 = CARTESIAN_POINT ( 'NONE',  ( -20.24999999999997513, 25.43745550146434908, 0.000000000000000000 ) ) ;
#7236 = PLANE ( 'NONE',  #7019 ) ;
#7237 = EDGE_LOOP ( 'NONE', ( #9630, #7166, #4070, #9999, #3863, #9647 ) ) ;
#7238 = LINE ( 'NONE', #6228, #6496 ) ;
#7239 = ORIENTED_EDGE ( 'NONE', *, *, #3090, .T. ) ;
#7240 = CARTESIAN_POINT ( 'NONE',  ( 21.10000000000000142, 21.13619599600162147, 0.000000000000000000 ) ) ;
#7241 = ORIENTED_EDGE ( 'NONE', *, *, #3181, .F. ) ;
#7242 = VECTOR ( 'NONE', #6740, 1000.000000000000000 ) ;
#7243 = ORIENTED_EDGE ( 'NONE', *, *, #4157, .F. ) ;
#7244 = VECTOR ( 'NONE', #10657, 1000.000000000000000 ) ;
#7245 = CARTESIAN_POINT ( 'NONE',  ( -36.34999999999998010, 23.30125950546274538, 0.000000000000000000 ) ) ;
#7246 = LINE ( 'NONE', #3432, #9249 ) ;
#7247 = CARTESIAN_POINT ( 'NONE',  ( -21.49999999999998579, 20.44337567297409208, 0.000000000000000000 ) ) ;
#7248 = CARTESIAN_POINT ( 'NONE',  ( 13.24999999999998757, 23.30125950546273117, 0.4500000000000000111 ) ) ;
#7249 = ORIENTED_EDGE ( 'NONE', *, *, #7134, .T. ) ;
#7250 = VECTOR ( 'NONE', #3764, 1000.000000000000114 ) ;
#7251 = PLANE ( 'NONE',  #5074 ) ;
#7252 = VECTOR ( 'NONE', #10639, 1000.000000000000114 ) ;
#7253 = DIRECTION ( 'NONE',  ( 1.000000000000000000, 0.000000000000000000, 0.000000000000000000 ) ) ;
#7254 = ORIENTED_EDGE ( 'NONE', *, *, #7661, .F. ) ;
#7255 = DIRECTION ( 'NONE',  ( 0.8660254037844383745, 0.5000000000000003331, 0.000000000000000000 ) ) ;
#7256 = PLANE ( 'NONE',  #7210 ) ;
#7257 = EDGE_CURVE ( 'NONE', #3328, #6292, #2377, .T. ) ;
#7258 = VERTEX_POINT ( 'NONE', #411 ) ;
#7259 = CARTESIAN_POINT ( 'NONE',  ( -35.09999999999998010, 22.57957166897571000, 0.000000000000000000 ) ) ;
#7260 = EDGE_CURVE ( 'NONE', #7657, #7418, #3326, .T. ) ;
#7261 = CARTESIAN_POINT ( 'NONE',  ( -11.59999999999999076, 20.44337567297408498, 0.4500000000000000111 ) ) ;
#7262 = CARTESIAN_POINT ( 'NONE',  ( 16.94999999999998153, 18.27831216351297883, 0.4500000000000000111 ) ) ;
#7263 = EDGE_CURVE ( 'NONE', #7848, #1855, #5294, .T. ) ;
#7264 = LINE ( 'NONE', #10125, #9821 ) ;
#7265 = DIRECTION ( 'NONE',  ( -0.8660254037844383745, 0.5000000000000003331, 0.000000000000000000 ) ) ;
#7266 = CARTESIAN_POINT ( 'NONE',  ( 7.049999999999990052, 19.72168783648704959, 0.4500000000000000111 ) ) ;
#7267 = DIRECTION ( 'NONE',  ( 0.000000000000000000, 0.000000000000000000, 1.000000000000000000 ) ) ;
#7268 = ORIENTED_EDGE ( 'NONE', *, *, #1603, .F. ) ;
#7269 = CARTESIAN_POINT ( 'NONE',  ( -32.65000000000000568, 19.72168783648704604, 0.000000000000000000 ) ) ;
#7270 = AXIS2_PLACEMENT_3D ( 'NONE', #3489, #6421, #7430 ) ;
#7271 = ORIENTED_EDGE ( 'NONE', *, *, #8609, .F. ) ;
#7272 = EDGE_CURVE ( 'NONE', #12163, #10354, #3391, .T. ) ;
#7273 = DIRECTION ( 'NONE',  ( 0.000000000000000000, 0.000000000000000000, -1.000000000000000000 ) ) ;
#7274 = ORIENTED_EDGE ( 'NONE', *, *, #2384, .T. ) ;
#7275 = DIRECTION ( 'NONE',  ( -1.000000000000000000, 0.000000000000000000, 0.000000000000000000 ) ) ;
#7276 = ORIENTED_EDGE ( 'NONE', *, *, #5803, .F. ) ;
#7277 = VECTOR ( 'NONE', #11728, 1000.000000000000000 ) ;
#7278 = LINE ( 'NONE', #6458, #9082 ) ;
#7279 = ORIENTED_EDGE ( 'NONE', *, *, #3383, .F. ) ;
#7280 = DIRECTION ( 'NONE',  ( 9.614813431917789401E-15, 1.000000000000000000, 0.000000000000000000 ) ) ;
#7281 = EDGE_CURVE ( 'NONE', #4445, #1672, #230, .T. ) ;
#7282 = DIRECTION ( 'NONE',  ( -0.8660254037844394848, 0.4999999999999984457, 0.000000000000000000 ) ) ;
#7283 = ORIENTED_EDGE ( 'NONE', *, *, #8668, .T. ) ;
#7284 = ADVANCED_FACE ( 'NONE', ( #6076 ), #11910, .T. ) ;
#7285 = ORIENTED_EDGE ( 'NONE', *, *, #10700, .F. ) ;
#7286 = LINE ( 'NONE', #10335, #1815 ) ;
#7287 = AXIS2_PLACEMENT_3D ( 'NONE', #6383, #10257, #7524 ) ;
#7288 = ORIENTED_EDGE ( 'NONE', *, *, #1552, .T. ) ;
#7289 = ADVANCED_FACE ( 'NONE', ( #665 ), #1623, .T. ) ;
#7290 = CARTESIAN_POINT ( 'NONE',  ( -15.29999999999998295, 22.57957166897569934, 0.000000000000000000 ) ) ;
#7291 = VERTEX_POINT ( 'NONE', #5487 ) ;
#7292 = ORIENTED_EDGE ( 'NONE', *, *, #1643, .T. ) ;
#7293 = EDGE_CURVE ( 'NONE', #2614, #6457, #606, .T. ) ;
#7294 = EDGE_CURVE ( 'NONE', #11105, #10287, #7393, .T. ) ;
#7295 = DIRECTION ( 'NONE',  ( 0.000000000000000000, 0.000000000000000000, -1.000000000000000000 ) ) ;
#7296 = DIRECTION ( 'NONE',  ( 0.000000000000000000, 0.000000000000000000, 1.000000000000000000 ) ) ;
#7297 = EDGE_CURVE ( 'NONE', #5004, #7688, #12286, .T. ) ;
#7298 = DIRECTION ( 'NONE',  ( -9.614813431917789401E-15, 1.000000000000000000, 0.000000000000000000 ) ) ;
#7299 = LINE ( 'NONE', #1523, #1096 ) ;
#7300 = CARTESIAN_POINT ( 'NONE',  ( 32.99999999999999289, 25.99999999999999645, 0.4500000000000000111 ) ) ;
#7301 = DIRECTION ( 'NONE',  ( 0.000000000000000000, 1.000000000000000000, 0.000000000000000000 ) ) ;
#7302 = ORIENTED_EDGE ( 'NONE', *, *, #8756, .T. ) ;
#7303 = VECTOR ( 'NONE', #9661, 1000.000000000000000 ) ;
#7304 = FACE_OUTER_BOUND ( 'NONE', #420, .T. ) ;
#7305 = ORIENTED_EDGE ( 'NONE', *, *, #3625, .T. ) ;
#7306 = DIRECTION ( 'NONE',  ( 0.000000000000000000, 0.000000000000000000, -1.000000000000000000 ) ) ;
#7307 = VERTEX_POINT ( 'NONE', #3515 ) ;
#7308 = ORIENTED_EDGE ( 'NONE', *, *, #12491, .F. ) ;
#7309 = FACE_OUTER_BOUND ( 'NONE', #10541, .T. ) ;
#7310 = LINE ( 'NONE', #7436, #9458 ) ;
#7311 = ADVANCED_FACE ( 'NONE', ( #2443 ), #7459, .T. ) ;
#7312 = AXIS2_PLACEMENT_3D ( 'NONE', #7591, #9447, #9505 ) ;
#7313 = DIRECTION ( 'NONE',  ( 1.000000000000000000, 0.000000000000000000, 0.000000000000000000 ) ) ;
#7314 = DIRECTION ( 'NONE',  ( 0.000000000000000000, -1.000000000000000000, 0.000000000000000000 ) ) ;
#7315 = ORIENTED_EDGE ( 'NONE', *, *, #2927, .F. ) ;
#7316 = EDGE_CURVE ( 'NONE', #3910, #11714, #10440, .T. ) ;
#7317 = DIRECTION ( 'NONE',  ( 0.4999999999999985012, 0.8660254037844395958, 0.000000000000000000 ) ) ;
#7318 = EDGE_CURVE ( 'NONE', #8929, #544, #11392, .T. ) ;
#7319 = DIRECTION ( 'NONE',  ( 0.8660254037844388186, -0.4999999999999997224, 0.000000000000000000 ) ) ;
#7320 = VECTOR ( 'NONE', #9886, 1000.000000000000114 ) ;
#7321 = VERTEX_POINT ( 'NONE', #3645 ) ;
#7322 = DIRECTION ( 'NONE',  ( -0.8660254037844393737, 0.4999999999999985012, 0.000000000000000000 ) ) ;
#7323 = DIRECTION ( 'NONE',  ( -9.614813431917789401E-15, 1.000000000000000000, 0.000000000000000000 ) ) ;
#7324 = ORIENTED_EDGE ( 'NONE', *, *, #10936, .F. ) ;
#7325 = CARTESIAN_POINT ( 'NONE',  ( -22.75000000000000711, 25.43745550146433487, 0.000000000000000000 ) ) ;
#7326 = CARTESIAN_POINT ( 'NONE',  ( -9.999999999999996447, 22.00000000000000355, 0.4500000000000000111 ) ) ;
#7327 = CARTESIAN_POINT ( 'NONE',  ( 16.94999999999998153, 25.43745550146435264, 0.4500000000000000111 ) ) ;
#7328 = DIRECTION ( 'NONE',  ( -0.000000000000000000, -0.000000000000000000, -1.000000000000000000 ) ) ;
#7329 = CARTESIAN_POINT ( 'NONE',  ( 17.80000000000001847, 22.57957166897568868, 0.4500000000000000111 ) ) ;
#7330 = DIRECTION ( 'NONE',  ( 1.000000000000000000, 0.000000000000000000, 0.000000000000000000 ) ) ;
#7331 = LINE ( 'NONE', #2503, #20 ) ;
#7332 = CARTESIAN_POINT ( 'NONE',  ( 33.04999999999998295, 20.41450815951459319, 0.000000000000000000 ) ) ;
#7333 = ORIENTED_EDGE ( 'NONE', *, *, #6330, .F. ) ;
#7334 = CARTESIAN_POINT ( 'NONE',  ( 35.00000000000000000, 21.89999999999999147, 0.4500000000000000111 ) ) ;
#7335 = ORIENTED_EDGE ( 'NONE', *, *, #7723, .F. ) ;
#7336 = CARTESIAN_POINT ( 'NONE',  ( -21.89999999999997726, 22.57957166897569934, 0.4500000000000000111 ) ) ;
#7337 = ORIENTED_EDGE ( 'NONE', *, *, #10390, .T. ) ;
#7338 = VECTOR ( 'NONE', #10441, 1000.000000000000000 ) ;
#7339 = LINE ( 'NONE', #5555, #2746 ) ;
#7340 = ORIENTED_EDGE ( 'NONE', *, *, #7128, .T. ) ;
#7341 = ADVANCED_FACE ( 'NONE', ( #1564 ), #1686, .T. ) ;
#7342 = EDGE_CURVE ( 'NONE', #1911, #4630, #7520, .T. ) ;
#7343 = DIRECTION ( 'NONE',  ( 0.8660254037844393737, -0.4999999999999985012, 0.000000000000000000 ) ) ;
#7344 = ORIENTED_EDGE ( 'NONE', *, *, #11077, .F. ) ;
#7345 = LINE ( 'NONE', #8492, #3257 ) ;
#7346 = DIRECTION ( 'NONE',  ( 0.8660254037844383745, 0.5000000000000003331, 0.000000000000000000 ) ) ;
#7347 = ORIENTED_EDGE ( 'NONE', *, *, #1883, .T. ) ;
#7348 = EDGE_LOOP ( 'NONE', ( #4847, #1646, #2654, #6477 ) ) ;
#7349 = VECTOR ( 'NONE', #3026, 1000.000000000000114 ) ;
#7350 = CARTESIAN_POINT ( 'NONE',  ( -16.94999999999998153, 23.99407982849027832, 0.000000000000000000 ) ) ;
#7351 = ORIENTED_EDGE ( 'NONE', *, *, #3558, .F. ) ;
#7352 = CARTESIAN_POINT ( 'NONE',  ( 30.14999999999997371, 19.72168783648705670, 0.4500000000000000111 ) ) ;
#7353 = ORIENTED_EDGE ( 'NONE', *, *, #11431, .T. ) ;
#7354 = ADVANCED_FACE ( 'NONE', ( #3702 ), #11269, .T. ) ;
#7355 = ORIENTED_EDGE ( 'NONE', *, *, #9158, .F. ) ;
#7356 = DIRECTION ( 'NONE',  ( 0.000000000000000000, 0.000000000000000000, 1.000000000000000000 ) ) ;
#7357 = LINE ( 'NONE', #4301, #2118 ) ;
#7358 = VECTOR ( 'NONE', #2902, 1000.000000000000000 ) ;
#7359 = CARTESIAN_POINT ( 'NONE',  ( 11.59999999999999076, 20.44337567297408498, 0.4500000000000000111 ) ) ;
#7360 = CARTESIAN_POINT ( 'NONE',  ( 13.64999999999998437, 19.72168783648705315, 0.000000000000000000 ) ) ;
#7361 = PLANE ( 'NONE',  #5755 ) ;
#7362 = DIRECTION ( 'NONE',  ( 0.8660254037844387076, 0.4999999999999997224, 0.000000000000000000 ) ) ;
#7363 = ORIENTED_EDGE ( 'NONE', *, *, #5891, .T. ) ;
#7364 = EDGE_CURVE ( 'NONE', #12136, #4718, #4658, .T. ) ;
#7365 = EDGE_CURVE ( 'NONE', #12163, #10890, #5545, .T. ) ;
#7366 = FACE_OUTER_BOUND ( 'NONE', #4178, .T. ) ;
#7367 = ORIENTED_EDGE ( 'NONE', *, *, #6438, .T. ) ;
#7368 = EDGE_CURVE ( 'NONE', #8324, #5706, #2690, .T. ) ;
#7369 = DIRECTION ( 'NONE',  ( 0.8660254037844394848, -0.4999999999999985012, 0.000000000000000000 ) ) ;
#7370 = ORIENTED_EDGE ( 'NONE', *, *, #9243, .T. ) ;
#7371 = ORIENTED_EDGE ( 'NONE', *, *, #520, .F. ) ;
#7372 = CARTESIAN_POINT ( 'NONE',  ( 11.20000000000000462, 21.13619599600161436, 0.4500000000000000111 ) ) ;
#7373 = DIRECTION ( 'NONE',  ( 0.4999999999999997224, -0.8660254037844388186, -0.000000000000000000 ) ) ;
#7374 = DIRECTION ( 'NONE',  ( -0.8660254037844383745, -0.5000000000000003331, 0.000000000000000000 ) ) ;
#7375 = CARTESIAN_POINT ( 'NONE',  ( 33.79413748140514429, 18.07962429598547160, 0.4500000000000000111 ) ) ;
#7376 = ORIENTED_EDGE ( 'NONE', *, *, #6618, .T. ) ;
#7377 = DIRECTION ( 'NONE',  ( 1.000000000000000000, -0.000000000000000000, -0.000000000000000000 ) ) ;
#7378 = DIRECTION ( 'NONE',  ( 0.000000000000000000, 0.000000000000000000, -1.000000000000000000 ) ) ;
#7379 = VECTOR ( 'NONE', #2562, 1000.000000000000000 ) ;
#7380 = EDGE_CURVE ( 'NONE', #12523, #9805, #4597, .T. ) ;
#7381 = ORIENTED_EDGE ( 'NONE', *, *, #11411, .T. ) ;
#7382 = CARTESIAN_POINT ( 'NONE',  ( -30.99999999999999289, 21.13619599600162502, 0.4500000000000000111 ) ) ;
#7383 = CARTESIAN_POINT ( 'NONE',  ( 26.84999999999997300, 18.27831216351298238, 0.4500000000000000111 ) ) ;
#7384 = EDGE_LOOP ( 'NONE', ( #8173, #11211, #5375, #10395 ) ) ;
#7385 = DIRECTION ( 'NONE',  ( 0.4999999999999985567, 0.8660254037844394848, 0.000000000000000000 ) ) ;
#7386 = LINE ( 'NONE', #10309, #2584 ) ;
#7387 = CARTESIAN_POINT ( 'NONE',  ( -13.64999999999998437, 18.27831216351297883, 0.4500000000000000111 ) ) ;
#7388 = AXIS2_PLACEMENT_3D ( 'NONE', #4745, #2533, #762 ) ;
#7389 = DIRECTION ( 'NONE',  ( 1.000000000000000000, 0.000000000000000000, 0.000000000000000000 ) ) ;
#7390 = CARTESIAN_POINT ( 'NONE',  ( 35.95000000000000995, 19.72168783648704604, 0.4500000000000000111 ) ) ;
#7391 = DIRECTION ( 'NONE',  ( 0.000000000000000000, 0.000000000000000000, -1.000000000000000000 ) ) ;
#7392 = VECTOR ( 'NONE', #8318, 1000.000000000000000 ) ;
#7393 = LINE ( 'NONE', #4530, #2635 ) ;
#7394 = DIRECTION ( 'NONE',  ( 0.8660254037844393737, 0.4999999999999985012, 0.000000000000000000 ) ) ;
#7395 = EDGE_LOOP ( 'NONE', ( #6624, #7194, #8702, #8044, #10651, #9314, #4328 ) ) ;
#7396 = PLANE ( 'NONE',  #390 ) ;
#7397 = ORIENTED_EDGE ( 'NONE', *, *, #10082, .T. ) ;
#7398 = VECTOR ( 'NONE', #9733, 1000.000000000000114 ) ;
#7399 = DIRECTION ( 'NONE',  ( 0.000000000000000000, 0.000000000000000000, -1.000000000000000000 ) ) ;
#7400 = ORIENTED_EDGE ( 'NONE', *, *, #8478, .F. ) ;
#7401 = VECTOR ( 'NONE', #3952, 1000.000000000000000 ) ;
#7402 = DIRECTION ( 'NONE',  ( 0.5000000000000004441, -0.8660254037844384856, 0.000000000000000000 ) ) ;
#7403 = EDGE_LOOP ( 'NONE', ( #8547, #3367, #1220, #8604 ) ) ;
#7404 = DIRECTION ( 'NONE',  ( 0.000000000000000000, 0.000000000000000000, -1.000000000000000000 ) ) ;
#7405 = ORIENTED_EDGE ( 'NONE', *, *, #4156, .F. ) ;
#7406 = CARTESIAN_POINT ( 'NONE',  ( 10.34999999999998721, 19.72168783648705315, 0.000000000000000000 ) ) ;
#7407 = VECTOR ( 'NONE', #7509, 1000.000000000000114 ) ;
#7408 = DIRECTION ( 'NONE',  ( 0.4999999999999985012, 0.8660254037844395958, 0.000000000000000000 ) ) ;
#7409 = ORIENTED_EDGE ( 'NONE', *, *, #869, .F. ) ;
#7410 = VERTEX_POINT ( 'NONE', #8479 ) ;
#7411 = CARTESIAN_POINT ( 'NONE',  ( -13.64999999999998437, 18.27831216351297883, 0.000000000000000000 ) ) ;
#7412 = ORIENTED_EDGE ( 'NONE', *, *, #12319, .F. ) ;
#7413 = EDGE_CURVE ( 'NONE', #11534, #4241, #9245, .T. ) ;
#7414 = LINE ( 'NONE', #3413, #9575 ) ;
#7415 = ORIENTED_EDGE ( 'NONE', *, *, #3470, .F. ) ;
#7416 = VECTOR ( 'NONE', #4077, 1000.000000000000000 ) ;
#7417 = AXIS2_PLACEMENT_3D ( 'NONE', #3966, #4725, #8606 ) ;
#7418 = VERTEX_POINT ( 'NONE', #3451 ) ;
#7419 = CARTESIAN_POINT ( 'NONE',  ( 8.300000000000006040, 17.55662432702593279, 0.000000000000000000 ) ) ;
#7420 = DIRECTION ( 'NONE',  ( 0.8660254037844393737, 0.4999999999999985012, 0.000000000000000000 ) ) ;
#7421 = EDGE_CURVE ( 'NONE', #5669, #1295, #7331, .T. ) ;
#7422 = LINE ( 'NONE', #6532, #1068 ) ;
#7423 = PLANE ( 'NONE',  #2714 ) ;
#7424 = DIRECTION ( 'NONE',  ( 0.8660254037844393737, -0.4999999999999985012, 0.000000000000000000 ) ) ;
#7425 = CYLINDRICAL_SURFACE ( 'NONE', #2154, 3.999999999999996447 ) ;
#7426 = ORIENTED_EDGE ( 'NONE', *, *, #8850, .F. ) ;
#7427 = VECTOR ( 'NONE', #1139, 1000.000000000000000 ) ;
#7428 = ORIENTED_EDGE ( 'NONE', *, *, #8820, .F. ) ;
#7429 = EDGE_CURVE ( 'NONE', #7910, #12005, #8350, .T. ) ;
#7430 = DIRECTION ( 'NONE',  ( 9.614813431917789401E-15, -1.000000000000000000, 0.000000000000000000 ) ) ;
#7431 = EDGE_LOOP ( 'NONE', ( #9381, #9955, #6746, #10496 ) ) ;
#7432 = VERTEX_POINT ( 'NONE', #2818 ) ;
#7433 = ORIENTED_EDGE ( 'NONE', *, *, #5746, .T. ) ;
#7434 = ADVANCED_FACE ( 'NONE', ( #7702 ), #5854, .T. ) ;
#7435 = DIRECTION ( 'NONE',  ( 0.8660254037844393737, 0.4999999999999985012, 0.000000000000000000 ) ) ;
#7436 = CARTESIAN_POINT ( 'NONE',  ( -13.64999999999998437, 19.72168783648705315, 0.4500000000000000111 ) ) ;
#7437 = DIRECTION ( 'NONE',  ( -0.8660254037844383745, -0.5000000000000003331, 0.000000000000000000 ) ) ;
#7438 = CARTESIAN_POINT ( 'NONE',  ( -30.14999999999997371, 18.27831216351298238, 0.4500000000000000111 ) ) ;
#7439 = ORIENTED_EDGE ( 'NONE', *, *, #12473, .F. ) ;
#7440 = CARTESIAN_POINT ( 'NONE',  ( -30.14999999999997371, 18.27831216351298238, 0.000000000000000000 ) ) ;
#7441 = EDGE_CURVE ( 'NONE', #12183, #3856, #8855, .T. ) ;
#7442 = EDGE_CURVE ( 'NONE', #11810, #9328, #4716, .T. ) ;
#7443 = PLANE ( 'NONE',  #7877 ) ;
#7444 = ADVANCED_FACE ( 'NONE', ( #6690 ), #1811, .T. ) ;
#7445 = ORIENTED_EDGE ( 'NONE', *, *, #1475, .F. ) ;
#7446 = DIRECTION ( 'NONE',  ( 9.614813431917789401E-15, 1.000000000000000000, 0.000000000000000000 ) ) ;
#7447 = CARTESIAN_POINT ( 'NONE',  ( -32.99999999999999289, 25.99999999999999645, 0.000000000000000000 ) ) ;
#7448 = ORIENTED_EDGE ( 'NONE', *, *, #3511, .F. ) ;
#7449 = DIRECTION ( 'NONE',  ( 0.8660254037844388186, -0.4999999999999997224, 0.000000000000000000 ) ) ;
#7450 = DIRECTION ( 'NONE',  ( 0.5000000000000004441, -0.8660254037844384856, 0.000000000000000000 ) ) ;
#7451 = PLANE ( 'NONE',  #3539 ) ;
#7452 = VECTOR ( 'NONE', #5107, 1000.000000000000114 ) ;
#7453 = EDGE_CURVE ( 'NONE', #1708, #7735, #10367, .T. ) ;
#7454 = FACE_OUTER_BOUND ( 'NONE', #925, .T. ) ;
#7455 = PLANE ( 'NONE',  #10046 ) ;
#7456 = EDGE_CURVE ( 'NONE', #5581, #7307, #9801, .T. ) ;
#7457 = VECTOR ( 'NONE', #12480, 1000.000000000000114 ) ;
#7458 = DIRECTION ( 'NONE',  ( 0.000000000000000000, 0.000000000000000000, -1.000000000000000000 ) ) ;
#7459 = PLANE ( 'NONE',  #9359 ) ;
#7460 = LINE ( 'NONE', #3516, #7338 ) ;
#7461 = EDGE_LOOP ( 'NONE', ( #7363, #8894, #6334, #676, #8108, #11511, #1231 ) ) ;
#7462 = DIRECTION ( 'NONE',  ( 0.000000000000000000, 0.000000000000000000, -1.000000000000000000 ) ) ;
#7463 = VERTEX_POINT ( 'NONE', #6748 ) ;
#7464 = DIRECTION ( 'NONE',  ( 0.000000000000000000, 0.000000000000000000, -1.000000000000000000 ) ) ;
#7465 = ORIENTED_EDGE ( 'NONE', *, *, #3787, .T. ) ;
#7466 = CARTESIAN_POINT ( 'NONE',  ( 16.14999999999999858, 23.99407982849026411, 0.4500000000000000111 ) ) ;
#7467 = EDGE_LOOP ( 'NONE', ( #6049, #2456, #3866, #281 ) ) ;
#7468 = DIRECTION ( 'NONE',  ( 0.4999999999999997224, -0.8660254037844388186, -0.000000000000000000 ) ) ;
#7469 = VECTOR ( 'NONE', #10994, 1000.000000000000114 ) ;
#7470 = CARTESIAN_POINT ( 'NONE',  ( 8.300000000000006040, 17.55662432702593279, 0.4500000000000000111 ) ) ;
#7471 = CARTESIAN_POINT ( 'NONE',  ( -28.09999999999998010, 26.15914333795139157, 0.000000000000000000 ) ) ;
#7472 = EDGE_LOOP ( 'NONE', ( #9395, #1668, #11852, #3839 ) ) ;
#7473 = EDGE_CURVE ( 'NONE', #2289, #11914, #7829, .T. ) ;
#7474 = ORIENTED_EDGE ( 'NONE', *, *, #7365, .T. ) ;
#7475 = DIRECTION ( 'NONE',  ( 0.8660254037844387076, 0.4999999999999997224, 0.000000000000000000 ) ) ;
#7476 = ORIENTED_EDGE ( 'NONE', *, *, #6762, .T. ) ;
#7477 = DIRECTION ( 'NONE',  ( -0.8660254037844388186, -0.4999999999999997224, 0.000000000000000000 ) ) ;
#7478 = EDGE_LOOP ( 'NONE', ( #652, #260, #7397, #2897 ) ) ;
#7479 = VECTOR ( 'NONE', #5197, 1000.000000000000114 ) ;
#7480 = ORIENTED_EDGE ( 'NONE', *, *, #7987, .F. ) ;
#7481 = LINE ( 'NONE', #4366, #3362 ) ;
#7482 = PLANE ( 'NONE',  #4153 ) ;
#7483 = FACE_OUTER_BOUND ( 'NONE', #6353, .T. ) ;
#7484 = DIRECTION ( 'NONE',  ( -1.000000000000000000, 9.614813431917789401E-15, 0.000000000000000000 ) ) ;
#7485 = LINE ( 'NONE', #1716, #1722 ) ;
#7486 = EDGE_CURVE ( 'NONE', #1826, #4095, #11582, .T. ) ;
#7487 = DIRECTION ( 'NONE',  ( 0.8660254037844387076, 0.4999999999999997224, 0.000000000000000000 ) ) ;
#7488 = ORIENTED_EDGE ( 'NONE', *, *, #10174, .T. ) ;
#7489 = VECTOR ( 'NONE', #2757, 1000.000000000000000 ) ;
#7490 = ORIENTED_EDGE ( 'NONE', *, *, #5449, .T. ) ;
#7491 = DIRECTION ( 'NONE',  ( 1.000000000000000000, 9.614813431917789401E-15, 0.000000000000000000 ) ) ;
#7492 = ORIENTED_EDGE ( 'NONE', *, *, #3902, .F. ) ;
#7493 = VERTEX_POINT ( 'NONE', #9737 ) ;
#7494 = ORIENTED_EDGE ( 'NONE', *, *, #5241, .F. ) ;
#7495 = DIRECTION ( 'NONE',  ( 1.000000000000000000, 0.000000000000000000, 0.000000000000000000 ) ) ;
#7496 = CARTESIAN_POINT ( 'NONE',  ( -9.550000000000022027, 19.72168783648703538, 0.4500000000000000111 ) ) ;
#7497 = EDGE_CURVE ( 'NONE', #7161, #3914, #11455, .T. ) ;
#7498 = VECTOR ( 'NONE', #11834, 1000.000000000000114 ) ;
#7499 = CARTESIAN_POINT ( 'NONE',  ( 23.54999999999997584, 18.27831216351298238, 0.4500000000000000111 ) ) ;
#7500 = VECTOR ( 'NONE', #1218, 1000.000000000000000 ) ;
#7501 = CARTESIAN_POINT ( 'NONE',  ( 24.03205080756887924, 18.00000000000000355, 0.000000000000000000 ) ) ;
#7502 = EDGE_CURVE ( 'NONE', #8822, #5311, #4839, .T. ) ;
#7503 = EDGE_CURVE ( 'NONE', #5108, #7432, #4779, .T. ) ;
#7504 = ORIENTED_EDGE ( 'NONE', *, *, #6928, .F. ) ;
#7505 = CARTESIAN_POINT ( 'NONE',  ( 23.54999999999997584, 23.99407982849027832, 0.4500000000000000111 ) ) ;
#7506 = FACE_BOUND ( 'NONE', #5164, .T. ) ;
#7507 = ORIENTED_EDGE ( 'NONE', *, *, #1562, .F. ) ;
#7508 = CARTESIAN_POINT ( 'NONE',  ( -21.89999999999997726, 22.57957166897569934, 0.000000000000000000 ) ) ;
#7509 = DIRECTION ( 'NONE',  ( -0.8660254037844387076, 0.4999999999999997224, 0.000000000000000000 ) ) ;
#7510 = CIRCLE ( 'NONE', #2034, 3.999999999999996447 ) ;
#7511 = ORIENTED_EDGE ( 'NONE', *, *, #616, .F. ) ;
#7512 = CARTESIAN_POINT ( 'NONE',  ( 13.25000000000000000, 20.41450815951458608, 0.4500000000000000111 ) ) ;
#7513 = CARTESIAN_POINT ( 'NONE',  ( 10.83205080756887639, 18.00000000000000355, 0.4500000000000000111 ) ) ;
#7514 = EDGE_CURVE ( 'NONE', #3994, #3847, #4902, .T. ) ;
#7515 = CARTESIAN_POINT ( 'NONE',  ( -32.99999999999999289, 25.99999999999999645, 0.000000000000000000 ) ) ;
#7516 = DIRECTION ( 'NONE',  ( 0.000000000000000000, 0.000000000000000000, -1.000000000000000000 ) ) ;
#7517 = DIRECTION ( 'NONE',  ( 0.000000000000000000, 0.000000000000000000, -1.000000000000000000 ) ) ;
#7518 = CARTESIAN_POINT ( 'NONE',  ( 33.44999999999998153, 18.27831216351298238, 0.4500000000000000111 ) ) ;
#7519 = VECTOR ( 'NONE', #10764, 1000.000000000000114 ) ;
#7520 = LINE ( 'NONE', #793, #1011 ) ;
#7521 = EDGE_CURVE ( 'NONE', #3547, #9675, #8662, .T. ) ;
#7522 = CARTESIAN_POINT ( 'NONE',  ( 21.77564434701789153, 25.99999999999999645, 0.4500000000000000111 ) ) ;
#7523 = EDGE_LOOP ( 'NONE', ( #4978, #6128, #9722, #40 ) ) ;
#7524 = DIRECTION ( 'NONE',  ( -1.000000000000000000, 0.000000000000000000, 0.000000000000000000 ) ) ;
#7525 = ORIENTED_EDGE ( 'NONE', *, *, #7645, .T. ) ;
#7526 = ADVANCED_FACE ( 'NONE', ( #5791 ), #3893, .T. ) ;
#7527 = CARTESIAN_POINT ( 'NONE',  ( -19.84999999999998721, 23.30125950546273828, 0.4500000000000000111 ) ) ;
#7528 = ORIENTED_EDGE ( 'NONE', *, *, #6159, .F. ) ;
#7529 = VECTOR ( 'NONE', #12468, 1000.000000000000114 ) ;
#7530 = LINE ( 'NONE', #12230, #123 ) ;
#7531 = DIRECTION ( 'NONE',  ( -0.8660254037844394848, -0.4999999999999985012, 0.000000000000000000 ) ) ;
#7532 = LINE ( 'NONE', #7470, #2651 ) ;
#7533 = CARTESIAN_POINT ( 'NONE',  ( -24.39999999999999858, 21.13619599600161791, 0.4500000000000000111 ) ) ;
#7534 = VERTEX_POINT ( 'NONE', #3832 ) ;
#7535 = ORIENTED_EDGE ( 'NONE', *, *, #10092, .T. ) ;
#7536 = CARTESIAN_POINT ( 'NONE',  ( 14.89999999999999680, 23.27239199200323228, 0.4500000000000000111 ) ) ;
#7537 = EDGE_CURVE ( 'NONE', #11370, #6800, #8786, .T. ) ;
#7538 = ORIENTED_EDGE ( 'NONE', *, *, #10822, .F. ) ;
#7539 = CARTESIAN_POINT ( 'NONE',  ( 8.699999999999986855, 21.13619599600162147, 0.4500000000000000111 ) ) ;
#7540 = ORIENTED_EDGE ( 'NONE', *, *, #2254, .T. ) ;
#7541 = ORIENTED_EDGE ( 'NONE', *, *, #4051, .F. ) ;
#7542 = EDGE_CURVE ( 'NONE', #9877, #544, #3771, .T. ) ;
#7543 = CARTESIAN_POINT ( 'NONE',  ( 32.99999999999999289, 25.99999999999999645, 0.4500000000000000111 ) ) ;
#7544 = CARTESIAN_POINT ( 'NONE',  ( 14.89999999999998437, 26.15914333795138447, 0.4500000000000000111 ) ) ;
#7545 = FACE_BOUND ( 'NONE', #12497, .T. ) ;
#7546 = LINE ( 'NONE', #7360, #4739 ) ;
#7547 = LINE ( 'NONE', #5516, #91 ) ;
#7548 = AXIS2_PLACEMENT_3D ( 'NONE', #5672, #3833, #12532 ) ;
#7549 = LINE ( 'NONE', #2787, #9863 ) ;
#7550 = EDGE_LOOP ( 'NONE', ( #1258, #4309, #4755, #7165 ) ) ;
#7551 = CC_DESIGN_DATE_AND_TIME_ASSIGNMENT ( #970, #4655, ( #287 ) ) ;
#7552 = ORIENTED_EDGE ( 'NONE', *, *, #6486, .T. ) ;
#7553 = PLANE ( 'NONE',  #5042 ) ;
#7554 = EDGE_LOOP ( 'NONE', ( #6961, #5636, #2275, #11101, #9609, #4287, #7644 ) ) ;
#7555 = VERTEX_POINT ( 'NONE', #11645 ) ;
#7556 = EDGE_LOOP ( 'NONE', ( #3591, #9818, #429, #8984 ) ) ;
#7557 = CARTESIAN_POINT ( 'NONE',  ( 32.65000000000000568, 25.43745550146434198, 0.000000000000000000 ) ) ;
#7558 = VECTOR ( 'NONE', #8751, 1000.000000000000114 ) ;
#7559 = DIRECTION ( 'NONE',  ( 0.8660254037844394848, 0.4999999999999984457, 0.000000000000000000 ) ) ;
#7560 = LINE ( 'NONE', #2673, #6970 ) ;
#7561 = ORIENTED_EDGE ( 'NONE', *, *, #5069, .T. ) ;
#7562 = DIRECTION ( 'NONE',  ( -0.8660254037844393737, 0.4999999999999985012, 0.000000000000000000 ) ) ;
#7563 = DIRECTION ( 'NONE',  ( -0.4999999999999997224, -0.8660254037844388186, 0.000000000000000000 ) ) ;
#7564 = ORIENTED_EDGE ( 'NONE', *, *, #751, .F. ) ;
#7565 = DIRECTION ( 'NONE',  ( -0.8660254037844383745, -0.5000000000000003331, 0.000000000000000000 ) ) ;
#7566 = ORIENTED_EDGE ( 'NONE', *, *, #8872, .T. ) ;
#7567 = CARTESIAN_POINT ( 'NONE',  ( -10.34999999999998366, 25.43745550146434553, 0.4500000000000000111 ) ) ;
#7568 = ADVANCED_FACE ( 'NONE', ( #2941 ), #11521, .T. ) ;
#7569 = EDGE_CURVE ( 'NONE', #7432, #8639, #6180, .T. ) ;
#7570 = LINE ( 'NONE', #2745, #11716 ) ;
#7571 = DIRECTION ( 'NONE',  ( 0.000000000000000000, 0.000000000000000000, -1.000000000000000000 ) ) ;
#7572 = DIRECTION ( 'NONE',  ( 1.000000000000000000, -0.000000000000000000, -0.000000000000000000 ) ) ;
#7573 = DIRECTION ( 'NONE',  ( 0.8660254037844393737, -0.4999999999999985012, 0.000000000000000000 ) ) ;
#7574 = VECTOR ( 'NONE', #10672, 1000.000000000000114 ) ;
#7575 = CARTESIAN_POINT ( 'NONE',  ( 23.54999999999997584, 25.43745550146435264, 0.4500000000000000111 ) ) ;
#7576 = DIRECTION ( 'NONE',  ( 0.8660254037844383745, -0.5000000000000003331, 0.000000000000000000 ) ) ;
#7577 = LINE ( 'NONE', #8787, #11599 ) ;
#7578 = ORIENTED_EDGE ( 'NONE', *, *, #6301, .F. ) ;
#7579 = CARTESIAN_POINT ( 'NONE',  ( -20.24999999999997513, 23.99407982849027476, 0.4500000000000000111 ) ) ;
#7580 = VERTEX_POINT ( 'NONE', #9933 ) ;
#7581 = EDGE_CURVE ( 'NONE', #3067, #10922, #8980, .T. ) ;
#7582 = VECTOR ( 'NONE', #1800, 1000.000000000000000 ) ;
#7583 = DIRECTION ( 'NONE',  ( 1.000000000000000000, 0.000000000000000000, 0.000000000000000000 ) ) ;
#7584 = EDGE_LOOP ( 'NONE', ( #6829, #3062, #8666, #8006 ) ) ;
#7585 = VECTOR ( 'NONE', #1468, 1000.000000000000000 ) ;
#7586 = LINE ( 'NONE', #5866, #6208 ) ;
#7587 = AXIS2_PLACEMENT_3D ( 'NONE', #10436, #1618, #2686 ) ;
#7588 = EDGE_CURVE ( 'NONE', #5894, #10403, #6240, .T. ) ;
#7589 = EDGE_CURVE ( 'NONE', #2369, #4186, #2186, .T. ) ;
#7590 = CARTESIAN_POINT ( 'NONE',  ( -14.13205080756888066, 18.00000000000000355, 0.4500000000000000111 ) ) ;
#7591 = CARTESIAN_POINT ( 'NONE',  ( -24.79999999999999361, 23.27239199200323938, 0.4500000000000000111 ) ) ;
#7592 = LINE ( 'NONE', #7533, #7021 ) ;
#7593 = ORIENTED_EDGE ( 'NONE', *, *, #2316, .T. ) ;
#7594 = DIRECTION ( 'NONE',  ( -9.614813431917789401E-15, -1.000000000000000000, 0.000000000000000000 ) ) ;
#7595 = VECTOR ( 'NONE', #4651, 1000.000000000000000 ) ;
#7596 = EDGE_LOOP ( 'NONE', ( #5831, #2578, #10891, #7239 ) ) ;
#7597 = CARTESIAN_POINT ( 'NONE',  ( -20.24999999999997513, 23.99407982849027476, 0.4500000000000000111 ) ) ;
#7598 = EDGE_CURVE ( 'NONE', #5097, #405, #3127, .T. ) ;
#7599 = VECTOR ( 'NONE', #2, 1000.000000000000000 ) ;
#7600 = VERTEX_POINT ( 'NONE', #10115 ) ;
#7601 = DIRECTION ( 'NONE',  ( 0.000000000000000000, -1.000000000000000000, 0.000000000000000000 ) ) ;
#7602 = ORIENTED_EDGE ( 'NONE', *, *, #9073, .F. ) ;
#7603 = ORIENTED_EDGE ( 'NONE', *, *, #9075, .F. ) ;
#7604 = VECTOR ( 'NONE', #1850, 1000.000000000000000 ) ;
#7605 = VECTOR ( 'NONE', #783, 1000.000000000000000 ) ;
#7606 = FACE_OUTER_BOUND ( 'NONE', #2207, .T. ) ;
#7607 = FACE_OUTER_BOUND ( 'NONE', #7155, .T. ) ;
#7608 = ADVANCED_FACE ( 'NONE', ( #6938 ), #1413, .T. ) ;
#7609 = FACE_BOUND ( 'NONE', #9076, .T. ) ;
#7610 = LINE ( 'NONE', #48, #7244 ) ;
#7611 = VECTOR ( 'NONE', #876, 1000.000000000000000 ) ;
#7612 = CARTESIAN_POINT ( 'NONE',  ( 34.69999999999998153, 23.27239199200324649, 0.000000000000000000 ) ) ;
#7613 = EDGE_CURVE ( 'NONE', #9837, #10276, #11175, .T. ) ;
#7614 = LINE ( 'NONE', #11363, #1143 ) ;
#7615 = ORIENTED_EDGE ( 'NONE', *, *, #9774, .F. ) ;
#7616 = ORIENTED_EDGE ( 'NONE', *, *, #5467, .T. ) ;
#7617 = CARTESIAN_POINT ( 'NONE',  ( -29.74999999999997868, 23.30125950546274183, 0.4500000000000000111 ) ) ;
#7618 = VERTEX_POINT ( 'NONE', #11769 ) ;
#7619 = AXIS2_PLACEMENT_3D ( 'NONE', #1601, #11061, #6235 ) ;
#7620 = VERTEX_POINT ( 'NONE', #9099 ) ;
#7621 = EDGE_CURVE ( 'NONE', #4901, #9877, #4140, .T. ) ;
#7622 = ORIENTED_EDGE ( 'NONE', *, *, #9883, .F. ) ;
#7623 = VECTOR ( 'NONE', #5392, 1000.000000000000114 ) ;
#7624 = VECTOR ( 'NONE', #9425, 1000.000000000000000 ) ;
#7625 = LINE ( 'NONE', #6612, #4958 ) ;
#7626 = VECTOR ( 'NONE', #5518, 1000.000000000000000 ) ;
#7627 = CARTESIAN_POINT ( 'NONE',  ( -31.39999999999998437, 23.27239199200324293, 0.4500000000000000111 ) ) ;
#7628 = VECTOR ( 'NONE', #11467, 1000.000000000000000 ) ;
#7629 = ORIENTED_EDGE ( 'NONE', *, *, #4163, .T. ) ;
#7630 = DIRECTION ( 'NONE',  ( 0.000000000000000000, -0.000000000000000000, 1.000000000000000000 ) ) ;
#7631 = CARTESIAN_POINT ( 'NONE',  ( 27.33205080756889060, 18.00000000000000000, 0.4500000000000000111 ) ) ;
#7632 = VERTEX_POINT ( 'NONE', #7070 ) ;
#7633 = LINE ( 'NONE', #3690, #10875 ) ;
#7634 = VECTOR ( 'NONE', #4094, 1000.000000000000000 ) ;
#7635 = EDGE_LOOP ( 'NONE', ( #11122, #12052, #615, #4568 ) ) ;
#7636 = FACE_OUTER_BOUND ( 'NONE', #1125, .T. ) ;
#7637 = LINE ( 'NONE', #8718, #6239 ) ;
#7638 = LINE ( 'NONE', #7515, #9031 ) ;
#7639 = CARTESIAN_POINT ( 'NONE',  ( 13.64999999999998082, 25.43745550146434553, 0.4500000000000000111 ) ) ;
#7640 = PERSON_AND_ORGANIZATION_ROLE ( 'creator' ) ;
#7641 = ORIENTED_EDGE ( 'NONE', *, *, #8512, .F. ) ;
#7642 = DIRECTION ( 'NONE',  ( 0.000000000000000000, 0.000000000000000000, -1.000000000000000000 ) ) ;
#7643 = DIRECTION ( 'NONE',  ( 1.000000000000000000, 0.000000000000000000, 0.000000000000000000 ) ) ;
#7644 = ORIENTED_EDGE ( 'NONE', *, *, #10683, .F. ) ;
#7645 = EDGE_CURVE ( 'NONE', #9699, #3819, #9160, .T. ) ;
#7646 = DIRECTION ( 'NONE',  ( -0.8660254037844383745, 0.5000000000000003331, 0.000000000000000000 ) ) ;
#7647 = ORIENTED_EDGE ( 'NONE', *, *, #683, .T. ) ;
#7648 = AXIS2_PLACEMENT_3D ( 'NONE', #11115, #5323, #4625 ) ;
#7649 = VECTOR ( 'NONE', #6371, 1000.000000000000114 ) ;
#7650 = PLANE ( 'NONE',  #12123 ) ;
#7651 = EDGE_LOOP ( 'NONE', ( #6289, #10956, #4298, #9213 ) ) ;
#7652 = AXIS2_PLACEMENT_3D ( 'NONE', #4049, #2271, #7036 ) ;
#7653 = DIRECTION ( 'NONE',  ( 0.000000000000000000, 0.000000000000000000, -1.000000000000000000 ) ) ;
#7654 = DIRECTION ( 'NONE',  ( 0.000000000000000000, 0.000000000000000000, 1.000000000000000000 ) ) ;
#7655 = PLANE ( 'NONE',  #4873 ) ;
#7656 = DIRECTION ( 'NONE',  ( 0.000000000000000000, 0.000000000000000000, -1.000000000000000000 ) ) ;
#7657 = VERTEX_POINT ( 'NONE', #11899 ) ;
#7658 = VECTOR ( 'NONE', #9251, 1000.000000000000114 ) ;
#7659 = DIRECTION ( 'NONE',  ( -9.614813431917789401E-15, -1.000000000000000000, 0.000000000000000000 ) ) ;
#7660 = VERTEX_POINT ( 'NONE', #4017 ) ;
#7661 = EDGE_CURVE ( 'NONE', #9805, #417, #4204, .T. ) ;
#7662 = CARTESIAN_POINT ( 'NONE',  ( 26.84999999999997300, 18.27831216351298238, 0.4500000000000000111 ) ) ;
#7663 = LINE ( 'NONE', #9513, #3493 ) ;
#7664 = EDGE_LOOP ( 'NONE', ( #8924, #10767, #7288, #2268, #8164, #4565, #1857 ) ) ;
#7665 = ORIENTED_EDGE ( 'NONE', *, *, #406, .T. ) ;
#7666 = CARTESIAN_POINT ( 'NONE',  ( 35.09999999999998010, 21.13619599600163568, 0.000000000000000000 ) ) ;
#7667 = LINE ( 'NONE', #7544, #3758 ) ;
#7668 = EDGE_CURVE ( 'NONE', #1340, #9177, #5098, .T. ) ;
#7669 = CARTESIAN_POINT ( 'NONE',  ( -32.99999999999999289, 25.99999999999999645, 0.4500000000000000111 ) ) ;
#7670 = CARTESIAN_POINT ( 'NONE',  ( -19.45000000000000284, 18.27831216351297172, 0.4500000000000000111 ) ) ;
#7671 = DIRECTION ( 'NONE',  ( 0.000000000000000000, 0.000000000000000000, -1.000000000000000000 ) ) ;
#7672 = DIRECTION ( 'NONE',  ( 0.000000000000000000, 0.000000000000000000, -1.000000000000000000 ) ) ;
#7673 = ORIENTED_EDGE ( 'NONE', *, *, #5264, .T. ) ;
#7674 = ORIENTED_EDGE ( 'NONE', *, *, #10500, .T. ) ;
#7675 = EDGE_CURVE ( 'NONE', #4845, #12438, #4264, .T. ) ;
#7676 = ORIENTED_EDGE ( 'NONE', *, *, #965, .F. ) ;
#7677 = CARTESIAN_POINT ( 'NONE',  ( 14.89999999999998792, 20.44337567297408498, 0.000000000000000000 ) ) ;
#7678 = AXIS2_PLACEMENT_3D ( 'NONE', #1797, #5659, #9541 ) ;
#7679 = EDGE_LOOP ( 'NONE', ( #11976, #6831, #115, #9151, #12564, #8336, #4581 ) ) ;
#7680 = ORIENTED_EDGE ( 'NONE', *, *, #62, .F. ) ;
#7681 = ADVANCED_FACE ( 'NONE', ( #3063 ), #10949, .T. ) ;
#7682 = EDGE_CURVE ( 'NONE', #6275, #8134, #8144, .T. ) ;
#7683 = EDGE_LOOP ( 'NONE', ( #6259, #591, #4536, #1566 ) ) ;
#7684 = DIRECTION ( 'NONE',  ( -0.4999999999999985567, 0.8660254037844394848, 0.000000000000000000 ) ) ;
#7685 = CARTESIAN_POINT ( 'NONE',  ( -35.95000000000000284, 19.29861146815199646, 0.4500000000000000111 ) ) ;
#7686 = CARTESIAN_POINT ( 'NONE',  ( -7.049999999999990052, 19.72168783648704959, 0.000000000000000000 ) ) ;
#7687 = VECTOR ( 'NONE', #7867, 1000.000000000000114 ) ;
#7688 = VERTEX_POINT ( 'NONE', #8083 ) ;
#7689 = CARTESIAN_POINT ( 'NONE',  ( -25.07564434701789580, 25.99999999999999645, 0.4500000000000000111 ) ) ;
#7690 = FACE_BOUND ( 'NONE', #7080, .T. ) ;
#7691 = ORIENTED_EDGE ( 'NONE', *, *, #4640, .F. ) ;
#7692 = CARTESIAN_POINT ( 'NONE',  ( 22.75000000000001421, 19.72168783648704249, 0.000000000000000000 ) ) ;
#7693 = ORIENTED_EDGE ( 'NONE', *, *, #5513, .T. ) ;
#7694 = EDGE_CURVE ( 'NONE', #2477, #630, #2113, .T. ) ;
#7695 = AXIS2_PLACEMENT_3D ( 'NONE', #6943, #10814, #7646 ) ;
#7696 = LINE ( 'NONE', #8532, #11044 ) ;
#7697 = LINE ( 'NONE', #11386, #11108 ) ;
#7698 = PLANE ( 'NONE',  #4965 ) ;
#7699 = EDGE_CURVE ( 'NONE', #2858, #1412, #7129, .T. ) ;
#7700 = CARTESIAN_POINT ( 'NONE',  ( -27.82435565298205660, 25.99999999999999645, 0.000000000000000000 ) ) ;
#7701 = ORIENTED_EDGE ( 'NONE', *, *, #10391, .F. ) ;
#7702 = FACE_OUTER_BOUND ( 'NONE', #4693, .T. ) ;
#7703 = CARTESIAN_POINT ( 'NONE',  ( 11.32435565298209568, 26.00000000000000000, 0.000000000000000000 ) ) ;
#7704 = VERTEX_POINT ( 'NONE', #2301 ) ;
#7705 = VECTOR ( 'NONE', #9294, 1000.000000000000000 ) ;
#7706 = CARTESIAN_POINT ( 'NONE',  ( 33.44999999999996732, 23.99407982849028542, 0.000000000000000000 ) ) ;
#7707 = EDGE_LOOP ( 'NONE', ( #2743, #7785, #5123, #7043 ) ) ;
#7708 = LINE ( 'NONE', #1937, #8274 ) ;
#7709 = VERTEX_POINT ( 'NONE', #10053 ) ;
#7710 = FACE_OUTER_BOUND ( 'NONE', #2823, .T. ) ;
#7711 = AXIS2_PLACEMENT_3D ( 'NONE', #10198, #7037, #10023 ) ;
#7712 = EDGE_CURVE ( 'NONE', #5569, #3400, #5221, .T. ) ;
#7713 = PLANE ( 'NONE',  #3599 ) ;
#7714 = LINE ( 'NONE', #2002, #2851 ) ;
#7715 = CARTESIAN_POINT ( 'NONE',  ( -32.64999999999999147, 18.27831216351297527, 0.000000000000000000 ) ) ;
#7716 = VERTEX_POINT ( 'NONE', #589 ) ;
#7717 = CARTESIAN_POINT ( 'NONE',  ( -7.049999999999986500, 24.70138853184800709, 0.4500000000000000111 ) ) ;
#7718 = ORIENTED_EDGE ( 'NONE', *, *, #9988, .F. ) ;
#7719 = DIRECTION ( 'NONE',  ( 9.614813431917789401E-15, -1.000000000000000000, 0.000000000000000000 ) ) ;
#7720 = VECTOR ( 'NONE', #6009, 1000.000000000000000 ) ;
#7721 = CARTESIAN_POINT ( 'NONE',  ( -9.550000000000004263, 23.99407982849026411, 0.4500000000000000111 ) ) ;
#7722 = EDGE_LOOP ( 'NONE', ( #5523, #7439, #3923, #6406 ) ) ;
#7723 = EDGE_CURVE ( 'NONE', #10165, #4939, #9419, .T. ) ;
#7724 = EDGE_CURVE ( 'NONE', #3930, #5383, #10302, .T. ) ;
#7725 = LINE ( 'NONE', #2075, #3765 ) ;
#7726 = ORIENTED_EDGE ( 'NONE', *, *, #7724, .F. ) ;
#7727 = DIRECTION ( 'NONE',  ( 9.614813431917789401E-15, -1.000000000000000000, 0.000000000000000000 ) ) ;
#7728 = DIRECTION ( 'NONE',  ( -0.8660254037844388186, -0.4999999999999997224, 0.000000000000000000 ) ) ;
#7729 = DIRECTION ( 'NONE',  ( -0.8660254037844394848, -0.4999999999999985012, 0.000000000000000000 ) ) ;
#7730 = LINE ( 'NONE', #2903, #5013 ) ;
#7731 = DIRECTION ( 'NONE',  ( 9.614813431917789401E-15, 1.000000000000000000, 0.000000000000000000 ) ) ;
#7732 = DIRECTION ( 'NONE',  ( -0.8660254037844383745, -0.5000000000000003331, 0.000000000000000000 ) ) ;
#7733 = VERTEX_POINT ( 'NONE', #519 ) ;
#7734 = ORIENTED_EDGE ( 'NONE', *, *, #3635, .T. ) ;
#7735 = VERTEX_POINT ( 'NONE', #4455 ) ;
#7736 = DIRECTION ( 'NONE',  ( -9.614813431917789401E-15, 1.000000000000000000, 0.000000000000000000 ) ) ;
#7737 = ORIENTED_EDGE ( 'NONE', *, *, #8120, .F. ) ;
#7738 = ADVANCED_FACE ( 'NONE', ( #12144 ), #10172, .T. ) ;
#7739 = ORIENTED_EDGE ( 'NONE', *, *, #11873, .F. ) ;
#7740 = EDGE_LOOP ( 'NONE', ( #565, #3259, #11303, #1718 ) ) ;
#7741 = DIRECTION ( 'NONE',  ( -0.8660254037844393737, -0.4999999999999985012, 0.000000000000000000 ) ) ;
#7742 = DIRECTION ( 'NONE',  ( -1.000000000000000000, 0.000000000000000000, 0.000000000000000000 ) ) ;
#7743 = VECTOR ( 'NONE', #9861, 1000.000000000000000 ) ;
#7744 = EDGE_CURVE ( 'NONE', #9188, #7180, #1476, .T. ) ;
#7745 = AXIS2_PLACEMENT_3D ( 'NONE', #3031, #4740, #11487 ) ;
#7746 = EDGE_CURVE ( 'NONE', #3485, #10588, #8337, .T. ) ;
#7747 = FACE_OUTER_BOUND ( 'NONE', #7431, .T. ) ;
#7748 = ORIENTED_EDGE ( 'NONE', *, *, #4489, .F. ) ;
#7749 = FACE_OUTER_BOUND ( 'NONE', #5589, .T. ) ;
#7750 = LINE ( 'NONE', #7813, #10321 ) ;
#7751 = ORIENTED_EDGE ( 'NONE', *, *, #4948, .F. ) ;
#7752 = CARTESIAN_POINT ( 'NONE',  ( -20.24999999999997513, 25.43745550146434908, 0.000000000000000000 ) ) ;
#7753 = VECTOR ( 'NONE', #7029, 1000.000000000000114 ) ;
#7754 = ADVANCED_FACE ( 'NONE', ( #8275 ), #6361, .T. ) ;
#7755 = EDGE_LOOP ( 'NONE', ( #8729, #12510, #3883, #5300 ) ) ;
#7756 = DIRECTION ( 'NONE',  ( -0.4999999999999985567, 0.8660254037844394848, 0.000000000000000000 ) ) ;
#7757 = DIRECTION ( 'NONE',  ( 0.000000000000000000, 0.000000000000000000, -1.000000000000000000 ) ) ;
#7758 = DIRECTION ( 'NONE',  ( 0.000000000000000000, 0.000000000000000000, -1.000000000000000000 ) ) ;
#7759 = LINE ( 'NONE', #5607, #9629 ) ;
#7760 = CARTESIAN_POINT ( 'NONE',  ( -28.09999999999999076, 23.27239199200324293, 0.4500000000000000111 ) ) ;
#7761 = DIRECTION ( 'NONE',  ( 1.000000000000000000, 0.000000000000000000, 0.000000000000000000 ) ) ;
#7762 = EDGE_LOOP ( 'NONE', ( #943, #1049, #12078, #11012 ) ) ;
#7763 = AXIS2_PLACEMENT_3D ( 'NONE', #7359, #11232, #2530 ) ;
#7764 = EDGE_CURVE ( 'NONE', #11039, #10707, #9357, .T. ) ;
#7765 = CARTESIAN_POINT ( 'NONE',  ( -19.45000000000001705, 25.43745550146433843, 0.4500000000000000111 ) ) ;
#7766 = CARTESIAN_POINT ( 'NONE',  ( -23.14999999999999503, 20.41450815951458608, 0.4500000000000000111 ) ) ;
#7767 = EDGE_LOOP ( 'NONE', ( #2652, #2319, #10073, #5764, #12195, #649, #372 ) ) ;
#7768 = DIRECTION ( 'NONE',  ( -0.8660254037844387076, 0.4999999999999997224, 0.000000000000000000 ) ) ;
#7769 = VERTEX_POINT ( 'NONE', #5471 ) ;
#7770 = CARTESIAN_POINT ( 'NONE',  ( 36.34999999999999432, 20.41450815951459674, 0.4500000000000000111 ) ) ;
#7771 = VERTEX_POINT ( 'NONE', #11377 ) ;
#7772 = DIRECTION ( 'NONE',  ( 0.000000000000000000, 0.000000000000000000, -1.000000000000000000 ) ) ;
#7773 = VECTOR ( 'NONE', #11502, 1000.000000000000000 ) ;
#7774 = LINE ( 'NONE', #5930, #4008 ) ;
#7775 = CARTESIAN_POINT ( 'NONE',  ( -32.99999999999999289, 25.99999999999999645, 0.000000000000000000 ) ) ;
#7776 = DIRECTION ( 'NONE',  ( -1.000000000000000000, 9.614813431917789401E-15, 0.000000000000000000 ) ) ;
#7777 = VERTEX_POINT ( 'NONE', #12332 ) ;
#7778 = CARTESIAN_POINT ( 'NONE',  ( 9.550000000000022027, 19.72168783648703538, 0.4500000000000000111 ) ) ;
#7779 = ORIENTED_EDGE ( 'NONE', *, *, #1934, .T. ) ;
#7780 = CARTESIAN_POINT ( 'NONE',  ( -35.00000000000000000, 15.29999999999998295, 0.4500000000000000111 ) ) ;
#7781 = VECTOR ( 'NONE', #10167, 1000.000000000000000 ) ;
#7782 = CARTESIAN_POINT ( 'NONE',  ( 26.84999999999997300, 19.72168783648705670, 0.000000000000000000 ) ) ;
#7783 = ORIENTED_EDGE ( 'NONE', *, *, #1015, .F. ) ;
#7784 = CARTESIAN_POINT ( 'NONE',  ( 31.12435565298205375, 25.99999999999999645, 0.4500000000000000111 ) ) ;
#7785 = ORIENTED_EDGE ( 'NONE', *, *, #4351, .F. ) ;
#7786 = PLANE ( 'NONE',  #3897 ) ;
#7787 = DIRECTION ( 'NONE',  ( 1.000000000000000000, 0.000000000000000000, 0.000000000000000000 ) ) ;
#7788 = VECTOR ( 'NONE', #8407, 1000.000000000000000 ) ;
#7789 = DIRECTION ( 'NONE',  ( 0.000000000000000000, 0.000000000000000000, -1.000000000000000000 ) ) ;
#7790 = FACE_OUTER_BOUND ( 'NONE', #10203, .T. ) ;
#7791 = DIRECTION ( 'NONE',  ( 9.614813431917789401E-15, -1.000000000000000000, 0.000000000000000000 ) ) ;
#7792 = CARTESIAN_POINT ( 'NONE',  ( -28.09999999999999076, 17.55662432702594344, 0.4500000000000000111 ) ) ;
#7793 = ORIENTED_EDGE ( 'NONE', *, *, #2708, .F. ) ;
#7794 = VECTOR ( 'NONE', #12446, 1000.000000000000000 ) ;
#7795 = ORIENTED_EDGE ( 'NONE', *, *, #4633, .F. ) ;
#7796 = VERTEX_POINT ( 'NONE', #1545 ) ;
#7797 = EDGE_CURVE ( 'NONE', #11457, #8176, #4516, .T. ) ;
#7798 = DIRECTION ( 'NONE',  ( -0.8660254037844383745, 0.5000000000000003331, 0.000000000000000000 ) ) ;
#7799 = ORIENTED_EDGE ( 'NONE', *, *, #597, .F. ) ;
#7800 = ORIENTED_EDGE ( 'NONE', *, *, #9445, .F. ) ;
#7801 = AXIS2_PLACEMENT_3D ( 'NONE', #3497, #9354, #8334 ) ;
#7802 = ORIENTED_EDGE ( 'NONE', *, *, #1464, .T. ) ;
#7803 = EDGE_CURVE ( 'NONE', #1517, #9739, #4321, .T. ) ;
#7804 = VECTOR ( 'NONE', #12433, 1000.000000000000114 ) ;
#7805 = CARTESIAN_POINT ( 'NONE',  ( 27.69999999999999574, 21.13619599600162502, 0.4500000000000000111 ) ) ;
#7806 = CARTESIAN_POINT ( 'NONE',  ( 26.84999999999997300, 18.27831216351298238, 0.4500000000000000111 ) ) ;
#7807 = DIRECTION ( 'NONE',  ( -9.614813431917789401E-15, 1.000000000000000000, 0.000000000000000000 ) ) ;
#7808 = EDGE_CURVE ( 'NONE', #2031, #7709, #10364, .T. ) ;
#7809 = LINE ( 'NONE', #8770, #9654 ) ;
#7810 = VERTEX_POINT ( 'NONE', #7505 ) ;
#7811 = DIRECTION ( 'NONE',  ( 0.8660254037844387076, 0.4999999999999997224, 0.000000000000000000 ) ) ;
#7812 = VECTOR ( 'NONE', #12021, 1000.000000000000000 ) ;
#7813 = CARTESIAN_POINT ( 'NONE',  ( 30.99999999999999289, 21.13619599600162502, 0.000000000000000000 ) ) ;
#7814 = EDGE_LOOP ( 'NONE', ( #7665, #1788, #5405, #1964 ) ) ;
#7815 = EDGE_CURVE ( 'NONE', #10088, #12567, #3376, .T. ) ;
#7816 = ORIENTED_EDGE ( 'NONE', *, *, #1431, .T. ) ;
#7817 = CARTESIAN_POINT ( 'NONE',  ( 24.52435565298208431, 25.99999999999999645, 0.000000000000000000 ) ) ;
#7818 = LINE ( 'NONE', #9985, #5820 ) ;
#7819 = AXIS2_PLACEMENT_3D ( 'NONE', #11100, #2393, #7282 ) ;
#7820 = DIRECTION ( 'NONE',  ( 0.000000000000000000, 0.000000000000000000, -1.000000000000000000 ) ) ;
#7821 = VECTOR ( 'NONE', #4619, 1000.000000000000000 ) ;
#7822 = VECTOR ( 'NONE', #9288, 1000.000000000000000 ) ;
#7823 = CARTESIAN_POINT ( 'NONE',  ( -33.44999999999998153, 19.72168783648705670, 0.4500000000000000111 ) ) ;
#7824 = CARTESIAN_POINT ( 'NONE',  ( 15.29999999999998295, 22.57957166897569934, 0.4500000000000000111 ) ) ;
#7825 = DIRECTION ( 'NONE',  ( 0.4999999999999985567, 0.8660254037844394848, 0.000000000000000000 ) ) ;
#7826 = EDGE_CURVE ( 'NONE', #4918, #10233, #10234, .T. ) ;
#7827 = VERTEX_POINT ( 'NONE', #2489 ) ;
#7828 = EDGE_CURVE ( 'NONE', #12000, #8841, #4057, .T. ) ;
#7829 = LINE ( 'NONE', #6873, #11988 ) ;
#7830 = LINE ( 'NONE', #9802, #5917 ) ;
#7831 = VERTEX_POINT ( 'NONE', #11192 ) ;
#7832 = VECTOR ( 'NONE', #1565, 1000.000000000000000 ) ;
#7833 = CARTESIAN_POINT ( 'NONE',  ( -26.84999999999997300, 19.72168783648705670, 0.000000000000000000 ) ) ;
#7834 = EDGE_LOOP ( 'NONE', ( #6878, #1087, #7578, #4192 ) ) ;
#7835 = ORIENTED_EDGE ( 'NONE', *, *, #7569, .T. ) ;
#7836 = DIRECTION ( 'NONE',  ( -9.614813431917789401E-15, 1.000000000000000000, 0.000000000000000000 ) ) ;
#7837 = CARTESIAN_POINT ( 'NONE',  ( 28.49999999999997158, 21.13619599600163212, 0.000000000000000000 ) ) ;
#7838 = ORIENTED_EDGE ( 'NONE', *, *, #8844, .F. ) ;
#7839 = EDGE_CURVE ( 'NONE', #11914, #7912, #1732, .T. ) ;
#7840 = ADVANCED_FACE ( 'NONE', ( #5597 ), #7251, .T. ) ;
#7841 = EDGE_CURVE ( 'NONE', #8923, #8056, #11130, .T. ) ;
#7842 = CARTESIAN_POINT ( 'NONE',  ( 19.45000000000001705, 19.72168783648704249, 0.4500000000000000111 ) ) ;
#7843 = DIRECTION ( 'NONE',  ( 0.8660254037844388186, -0.4999999999999997224, 0.000000000000000000 ) ) ;
#7844 = PLANE ( 'NONE',  #4267 ) ;
#7845 = CARTESIAN_POINT ( 'NONE',  ( 33.44999999999996732, 25.43745550146435974, 0.4500000000000000111 ) ) ;
#7846 = ORIENTED_EDGE ( 'NONE', *, *, #3249, .F. ) ;
#7847 = FACE_OUTER_BOUND ( 'NONE', #4007, .T. ) ;
#7848 = VERTEX_POINT ( 'NONE', #779 ) ;
#7849 = CARTESIAN_POINT ( 'NONE',  ( -35.09999999999998010, 21.13619599600163568, 0.4500000000000000111 ) ) ;
#7850 = DIRECTION ( 'NONE',  ( -0.4999999999999997224, -0.8660254037844388186, 0.000000000000000000 ) ) ;
#7851 = ORIENTED_EDGE ( 'NONE', *, *, #9512, .F. ) ;
#7852 = ADVANCED_FACE ( 'NONE', ( #5776 ), #10611, .F. ) ;
#7853 = LINE ( 'NONE', #3029, #6806 ) ;
#7854 = ORIENTED_EDGE ( 'NONE', *, *, #1475, .T. ) ;
#7855 = CARTESIAN_POINT ( 'NONE',  ( 34.69999999999998153, 20.44337567297409208, 0.4500000000000000111 ) ) ;
#7856 = LINE ( 'NONE', #11859, #11256 ) ;
#7857 = VECTOR ( 'NONE', #8285, 1000.000000000000000 ) ;
#7858 = ADVANCED_FACE ( 'NONE', ( #7749 ), #9538, .T. ) ;
#7859 = CARTESIAN_POINT ( 'NONE',  ( 12.85000000000001918, 19.72168783648703894, 0.4500000000000000111 ) ) ;
#7860 = DIRECTION ( 'NONE',  ( 0.4999999999999985012, 0.8660254037844395958, 0.000000000000000000 ) ) ;
#7861 = LINE ( 'NONE', #6969, #13 ) ;
#7862 = LINE ( 'NONE', #1065, #3968 ) ;
#7864 = ORIENTED_EDGE ( 'NONE', *, *, #8667, .F. ) ;
#7863 = AXIS2_PLACEMENT_3D ( 'NONE', #5113, #8992, #11084 ) ;
#7865 = ORIENTED_EDGE ( 'NONE', *, *, #4254, .F. ) ;
#7866 = ORIENTED_EDGE ( 'NONE', *, *, #6272, .F. ) ;
#7867 = DIRECTION ( 'NONE',  ( -0.8660254037844387076, 0.4999999999999997224, 0.000000000000000000 ) ) ;
#7868 = ORIENTED_EDGE ( 'NONE', *, *, #8194, .F. ) ;
#7869 = ORIENTED_EDGE ( 'NONE', *, *, #1603, .T. ) ;
#7870 = ORIENTED_EDGE ( 'NONE', *, *, #1948, .F. ) ;
#7871 = LINE ( 'NONE', #1077, #7175 ) ;
#7872 = DIRECTION ( 'NONE',  ( 9.614813431917789401E-15, -1.000000000000000000, 0.000000000000000000 ) ) ;
#7873 = ADVANCED_FACE ( 'NONE', ( #4761 ), #10554, .T. ) ;
#7874 = FACE_OUTER_BOUND ( 'NONE', #6196, .T. ) ;
#7875 = FACE_OUTER_BOUND ( 'NONE', #7722, .T. ) ;
#7876 = ORIENTED_EDGE ( 'NONE', *, *, #11958, .F. ) ;
#7877 = AXIS2_PLACEMENT_3D ( 'NONE', #780, #12397, #651 ) ;
#7878 = DIRECTION ( 'NONE',  ( 0.000000000000000000, 0.000000000000000000, -1.000000000000000000 ) ) ;
#7879 = FACE_BOUND ( 'NONE', #2057, .T. ) ;
#7880 = EDGE_LOOP ( 'NONE', ( #4320, #1237, #1402, #1824 ) ) ;
#7881 = ORIENTED_EDGE ( 'NONE', *, *, #4397, .T. ) ;
#7882 = CARTESIAN_POINT ( 'NONE',  ( 23.54999999999997584, 23.99407982849027832, 0.4500000000000000111 ) ) ;
#7883 = PLANE ( 'NONE',  #6037 ) ;
#7884 = DIRECTION ( 'NONE',  ( -1.000000000000000000, 0.000000000000000000, 0.000000000000000000 ) ) ;
#7885 = VECTOR ( 'NONE', #1418, 1000.000000000000000 ) ;
#7886 = EDGE_CURVE ( 'NONE', #2390, #8196, #8581, .T. ) ;
#7887 = LINE ( 'NONE', #3060, #8421 ) ;
#7888 = EDGE_CURVE ( 'NONE', #7960, #10057, #4639, .T. ) ;
#7889 = DIRECTION ( 'NONE',  ( -0.4999999999999985012, 0.8660254037844395958, 0.000000000000000000 ) ) ;
#7890 = APPROVAL_ROLE ( '' ) ;
#7891 = ORIENTED_EDGE ( 'NONE', *, *, #161, .F. ) ;
#7892 = CARTESIAN_POINT ( 'NONE',  ( -25.19999999999997442, 22.57957166897570644, 0.000000000000000000 ) ) ;
#7893 = LINE ( 'NONE', #2114, #12417 ) ;
#7894 = ORIENTED_EDGE ( 'NONE', *, *, #10109, .F. ) ;
#7895 = DIRECTION ( 'NONE',  ( 1.000000000000000000, -0.000000000000000000, -0.000000000000000000 ) ) ;
#7896 = VECTOR ( 'NONE', #1251, 1000.000000000000000 ) ;
#7897 = ORIENTED_EDGE ( 'NONE', *, *, #5877, .F. ) ;
#7898 = ORIENTED_EDGE ( 'NONE', *, *, #5331, .F. ) ;
#7899 = DIRECTION ( 'NONE',  ( 0.000000000000000000, 0.000000000000000000, -1.000000000000000000 ) ) ;
#7900 = EDGE_CURVE ( 'NONE', #8825, #613, #6676, .T. ) ;
#7901 = CARTESIAN_POINT ( 'NONE',  ( 24.52435565298207365, 25.99999999999999645, 0.4500000000000000111 ) ) ;
#7902 = ORIENTED_EDGE ( 'NONE', *, *, #11572, .F. ) ;
#7903 = CARTESIAN_POINT ( 'NONE',  ( 8.299999999999993605, 20.44337567297408143, 0.4500000000000000111 ) ) ;
#7904 = EDGE_CURVE ( 'NONE', #6941, #12495, #2737, .T. ) ;
#7905 = VECTOR ( 'NONE', #12015, 1000.000000000000114 ) ;
#7906 = DIRECTION ( 'NONE',  ( -0.8660254037844387076, 0.4999999999999997224, 0.000000000000000000 ) ) ;
#7907 = DIRECTION ( 'NONE',  ( -0.8660254037844393737, 0.4999999999999985012, 0.000000000000000000 ) ) ;
#7908 = ADVANCED_FACE ( 'NONE', ( #957 ), #5842, .T. ) ;
#7909 = DIRECTION ( 'NONE',  ( -0.8660254037844394848, 0.4999999999999984457, 0.000000000000000000 ) ) ;
#7910 = VERTEX_POINT ( 'NONE', #2922 ) ;
#7911 = DIRECTION ( 'NONE',  ( 0.000000000000000000, -1.000000000000000000, 0.000000000000000000 ) ) ;
#7912 = VERTEX_POINT ( 'NONE', #8772 ) ;
#7913 = CARTESIAN_POINT ( 'NONE',  ( 19.45000000000000284, 18.27831216351297172, 0.4500000000000000111 ) ) ;
#7914 = DIRECTION ( 'NONE',  ( 1.000000000000000000, 0.000000000000000000, 0.000000000000000000 ) ) ;
#7915 = VERTEX_POINT ( 'NONE', #12450 ) ;
#7916 = VECTOR ( 'NONE', #3279, 1000.000000000000000 ) ;
#7917 = CARTESIAN_POINT ( 'NONE',  ( 32.64999999999999147, 23.99407982849027476, 0.000000000000000000 ) ) ;
#7918 = ORIENTED_EDGE ( 'NONE', *, *, #10433, .F. ) ;
#7919 = CARTESIAN_POINT ( 'NONE',  ( -35.00000000000000000, 21.89999999999999147, 0.000000000000000000 ) ) ;
#7920 = CARTESIAN_POINT ( 'NONE',  ( -32.99999999999999289, 25.99999999999999645, 0.000000000000000000 ) ) ;
#7921 = DIRECTION ( 'NONE',  ( -0.4999999999999997224, -0.8660254037844388186, 0.000000000000000000 ) ) ;
#7922 = FACE_OUTER_BOUND ( 'NONE', #6515, .T. ) ;
#7923 = CARTESIAN_POINT ( 'NONE',  ( -11.59999999999999964, 23.27239199200323228, 0.4500000000000000111 ) ) ;
#7924 = CARTESIAN_POINT ( 'NONE',  ( -26.84999999999997300, 23.99407982849028187, 0.4500000000000000111 ) ) ;
#7925 = ORIENTED_EDGE ( 'NONE', *, *, #10446, .T. ) ;
#7926 = EDGE_CURVE ( 'NONE', #263, #2250, #9599, .T. ) ;
#7927 = VECTOR ( 'NONE', #4470, 1000.000000000000000 ) ;
#7928 = ORIENTED_EDGE ( 'NONE', *, *, #8301, .F. ) ;
#7929 = ORIENTED_EDGE ( 'NONE', *, *, #4437, .T. ) ;
#7930 = LINE ( 'NONE', #3284, #6264 ) ;
#7931 = ORIENTED_EDGE ( 'NONE', *, *, #5100, .F. ) ;
#7932 = ORIENTED_EDGE ( 'NONE', *, *, #10205, .T. ) ;
#7933 = ORIENTED_EDGE ( 'NONE', *, *, #8060, .F. ) ;
#7934 = CARTESIAN_POINT ( 'NONE',  ( -34.69999999999998153, 20.44337567297409208, 0.4500000000000000111 ) ) ;
#7935 = CARTESIAN_POINT ( 'NONE',  ( 16.15000000000001279, 25.43745550146433132, 0.000000000000000000 ) ) ;
#7936 = FACE_OUTER_BOUND ( 'NONE', #4457, .T. ) ;
#7937 = DIRECTION ( 'NONE',  ( -0.8660254037844393737, 0.4999999999999985012, 0.000000000000000000 ) ) ;
#7938 = ORIENTED_EDGE ( 'NONE', *, *, #1557, .F. ) ;
#7939 = DIRECTION ( 'NONE',  ( 0.000000000000000000, 0.000000000000000000, 1.000000000000000000 ) ) ;
#7940 = DIRECTION ( 'NONE',  ( 9.614813431917789401E-15, 1.000000000000000000, 0.000000000000000000 ) ) ;
#7941 = EDGE_LOOP ( 'NONE', ( #765, #6350, #11025, #11681 ) ) ;
#7942 = VERTEX_POINT ( 'NONE', #4826 ) ;
#7943 = PLANE ( 'NONE',  #8156 ) ;
#7944 = VECTOR ( 'NONE', #5089, 1000.000000000000114 ) ;
#7945 = DIRECTION ( 'NONE',  ( 0.000000000000000000, -1.000000000000000000, 0.000000000000000000 ) ) ;
#7946 = CARTESIAN_POINT ( 'NONE',  ( -13.64999999999998082, 23.99407982849027121, 0.4500000000000000111 ) ) ;
#7947 = DIRECTION ( 'NONE',  ( 0.000000000000000000, 0.000000000000000000, -1.000000000000000000 ) ) ;
#7948 = FACE_OUTER_BOUND ( 'NONE', #8945, .T. ) ;
#7949 = PERSON_AND_ORGANIZATION ( #730, #5577 ) ;
#7950 = ORIENTED_EDGE ( 'NONE', *, *, #1215, .T. ) ;
#7951 = DIRECTION ( 'NONE',  ( 0.000000000000000000, 0.000000000000000000, -1.000000000000000000 ) ) ;
#7952 = AXIS2_PLACEMENT_3D ( 'NONE', #4164, #7914, #11854 ) ;
#7953 = DIRECTION ( 'NONE',  ( 0.8660254037844383745, -0.5000000000000003331, 0.000000000000000000 ) ) ;
#7954 = VERTEX_POINT ( 'NONE', #7689 ) ;
#7955 = LINE ( 'NONE', #9042, #7498 ) ;
#7956 = ORIENTED_EDGE ( 'NONE', *, *, #10373, .T. ) ;
#7957 = ORIENTED_EDGE ( 'NONE', *, *, #7958, .T. ) ;
#7958 = EDGE_CURVE ( 'NONE', #8597, #2023, #66, .T. ) ;
#7959 = EDGE_CURVE ( 'NONE', #10819, #5108, #1796, .T. ) ;
#7960 = VERTEX_POINT ( 'NONE', #6 ) ;
#7961 = CARTESIAN_POINT ( 'NONE',  ( 14.13205080756888066, 18.00000000000000355, 0.4500000000000000111 ) ) ;
#7962 = CARTESIAN_POINT ( 'NONE',  ( -26.84999999999997300, 19.72168783648705670, 0.000000000000000000 ) ) ;
#7963 = ORIENTED_EDGE ( 'NONE', *, *, #9393, .F. ) ;
#7964 = CARTESIAN_POINT ( 'NONE',  ( -17.43205080756887781, 18.00000000000000355, 0.4500000000000000111 ) ) ;
#7965 = AXIS2_PLACEMENT_3D ( 'NONE', #3357, #4245, #258 ) ;
#7966 = DIRECTION ( 'NONE',  ( 0.000000000000000000, 0.000000000000000000, -1.000000000000000000 ) ) ;
#7967 = CARTESIAN_POINT ( 'NONE',  ( 11.20000000000000462, 21.13619599600161436, 0.000000000000000000 ) ) ;
#7968 = EDGE_CURVE ( 'NONE', #8426, #6000, #9481, .T. ) ;
#7969 = CARTESIAN_POINT ( 'NONE',  ( -20.24999999999997513, 25.43745550146434908, 0.4500000000000000111 ) ) ;
#7970 = VERTEX_POINT ( 'NONE', #3686 ) ;
#7971 = LINE ( 'NONE', #8041, #12158 ) ;
#7972 = ORIENTED_EDGE ( 'NONE', *, *, #11639, .F. ) ;
#7973 = EDGE_CURVE ( 'NONE', #7942, #2289, #6795, .T. ) ;
#7974 = CARTESIAN_POINT ( 'NONE',  ( 26.44999999999998153, 23.30125950546274183, 0.4500000000000000111 ) ) ;
#7975 = ORIENTED_EDGE ( 'NONE', *, *, #611, .T. ) ;
#7976 = CARTESIAN_POINT ( 'NONE',  ( -16.15000000000001990, 19.72168783648704249, 0.4500000000000000111 ) ) ;
#7977 = ORIENTED_EDGE ( 'NONE', *, *, #12256, .T. ) ;
#7978 = ADVANCED_FACE ( 'NONE', ( #11440 ), #2866, .T. ) ;
#7979 = DIRECTION ( 'NONE',  ( -0.8660254037844387076, 0.4999999999999997224, 0.000000000000000000 ) ) ;
#7980 = CARTESIAN_POINT ( 'NONE',  ( -28.09999999999999076, 17.55662432702594344, 0.4500000000000000111 ) ) ;
#7981 = DIRECTION ( 'NONE',  ( 0.000000000000000000, -1.000000000000000000, -0.000000000000000000 ) ) ;
#7982 = LINE ( 'NONE', #10842, #6038 ) ;
#7983 = CARTESIAN_POINT ( 'NONE',  ( 26.04999999999999716, 23.99407982849027121, 0.4500000000000000111 ) ) ;
#7984 = AXIS2_PLACEMENT_3D ( 'NONE', #11692, #197, #6923 ) ;
#7985 = CARTESIAN_POINT ( 'NONE',  ( -23.54999999999997584, 25.43745550146435264, 0.4500000000000000111 ) ) ;
#7986 = ORIENTED_EDGE ( 'NONE', *, *, #9678, .T. ) ;
#7987 = EDGE_CURVE ( 'NONE', #7068, #2242, #1972, .T. ) ;
#7988 = AXIS2_PLACEMENT_3D ( 'NONE', #2484, #3620, #7495 ) ;
#7989 = ADVANCED_FACE ( 'NONE', ( #9787 ), #4126, .T. ) ;
#7990 = ORIENTED_EDGE ( 'NONE', *, *, #10830, .F. ) ;
#7991 = CARTESIAN_POINT ( 'NONE',  ( 9.550000000000007816, 18.27831216351296462, 0.000000000000000000 ) ) ;
#7992 = ORIENTED_EDGE ( 'NONE', *, *, #11768, .F. ) ;
#7993 = ORIENTED_EDGE ( 'NONE', *, *, #11485, .F. ) ;
#7994 = VERTEX_POINT ( 'NONE', #10041 ) ;
#7995 = VECTOR ( 'NONE', #6534, 1000.000000000000000 ) ;
#7996 = ADVANCED_FACE ( 'NONE', ( #8966 ), #10865, .T. ) ;
#7997 = DIRECTION ( 'NONE',  ( 0.4999999999999985012, 0.8660254037844395958, 0.000000000000000000 ) ) ;
#7998 = DIRECTION ( 'NONE',  ( -0.8660254037844383745, -0.5000000000000003331, 0.000000000000000000 ) ) ;
#7999 = ADVANCED_FACE ( 'NONE', ( #3179 ), #2168, .T. ) ;
#8000 = DIRECTION ( 'NONE',  ( 0.000000000000000000, 0.000000000000000000, -1.000000000000000000 ) ) ;
#8001 = VECTOR ( 'NONE', #2529, 1000.000000000000000 ) ;
#8002 = DIRECTION ( 'NONE',  ( 0.000000000000000000, -1.000000000000000000, -0.000000000000000000 ) ) ;
#8003 = ORIENTED_EDGE ( 'NONE', *, *, #2849, .T. ) ;
#8004 = DIRECTION ( 'NONE',  ( -0.5000000000000004441, -0.8660254037844384856, 0.000000000000000000 ) ) ;
#8005 = CARTESIAN_POINT ( 'NONE',  ( 24.52435565298207365, 25.99999999999999645, 0.4500000000000000111 ) ) ;
#8006 = ORIENTED_EDGE ( 'NONE', *, *, #6893, .T. ) ;
#8007 = AXIS2_PLACEMENT_3D ( 'NONE', #282, #9109, #407 ) ;
#8008 = ADVANCED_FACE ( 'NONE', ( #4952 ), #261, .T. ) ;
#8009 = ORIENTED_EDGE ( 'NONE', *, *, #11800, .F. ) ;
#8010 = VECTOR ( 'NONE', #6312, 1000.000000000000000 ) ;
#8011 = CARTESIAN_POINT ( 'NONE',  ( -7.049999999999986500, 23.99407982849027121, 0.4500000000000000111 ) ) ;
#8012 = DIRECTION ( 'NONE',  ( 0.4999999999999985012, 0.8660254037844395958, 0.000000000000000000 ) ) ;
#8013 = CARTESIAN_POINT ( 'NONE',  ( 30.14999999999997371, 23.99407982849028187, 0.4500000000000000111 ) ) ;
#8014 = LINE ( 'NONE', #142, #6994 ) ;
#8015 = CARTESIAN_POINT ( 'NONE',  ( -26.04999999999999716, 18.27831216351297527, 0.4500000000000000111 ) ) ;
#8016 = APPROVAL_DATE_TIME ( #1230, #1503 ) ;
#8017 = VECTOR ( 'NONE', #5226, 1000.000000000000114 ) ;
#8018 = ORIENTED_EDGE ( 'NONE', *, *, #4699, .T. ) ;
#8019 = ADVANCED_FACE ( 'NONE', ( #8130 ), #9920, .T. ) ;
#8020 = LOCAL_TIME ( 19, 35, 56.00000000000000000, #5154 ) ;
#8021 = CARTESIAN_POINT ( 'NONE',  ( -31.79999999999996874, 22.57957166897570644, 0.4500000000000000111 ) ) ;
#8022 = CARTESIAN_POINT ( 'NONE',  ( -14.13205080756888066, 18.00000000000000355, 0.4500000000000000111 ) ) ;
#8023 = DIRECTION ( 'NONE',  ( 0.000000000000000000, -1.000000000000000000, 0.000000000000000000 ) ) ;
#8024 = ORIENTED_EDGE ( 'NONE', *, *, #1263, .F. ) ;
#8025 = ORIENTED_EDGE ( 'NONE', *, *, #8511, .T. ) ;
#8026 = CIRCLE ( 'NONE', #920, 3.999999999999996447 ) ;
#8027 = ORIENTED_EDGE ( 'NONE', *, *, #4898, .F. ) ;
#8028 = DIRECTION ( 'NONE',  ( 0.8660254037844388186, -0.4999999999999997224, 0.000000000000000000 ) ) ;
#8029 = VECTOR ( 'NONE', #10266, 1000.000000000000114 ) ;
#8030 = DIRECTION ( 'NONE',  ( 9.614813431917789401E-15, 1.000000000000000000, 0.000000000000000000 ) ) ;
#8031 = EDGE_LOOP ( 'NONE', ( #187, #11505, #4951, #4088, #11183, #6675, #11555 ) ) ;
#8032 = CARTESIAN_POINT ( 'NONE',  ( -26.44999999999998153, 23.30125950546274183, 0.4500000000000000111 ) ) ;
#8033 = VECTOR ( 'NONE', #1970, 1000.000000000000000 ) ;
#8034 = VECTOR ( 'NONE', #10614, 1000.000000000000000 ) ;
#8035 = ADVANCED_FACE ( 'NONE', ( #5085 ), #4067, .T. ) ;
#8036 = VECTOR ( 'NONE', #96, 1000.000000000000114 ) ;
#8037 = CARTESIAN_POINT ( 'NONE',  ( -27.69999999999999574, 21.13619599600162502, 0.000000000000000000 ) ) ;
#8038 = CARTESIAN_POINT ( 'NONE',  ( -32.99999999999999289, 18.00000000000000355, 0.4500000000000000111 ) ) ;
#8039 = DIRECTION ( 'NONE',  ( -0.8660254037844383745, -0.5000000000000003331, 0.000000000000000000 ) ) ;
#8040 = ORIENTED_EDGE ( 'NONE', *, *, #11090, .F. ) ;
#8041 = CARTESIAN_POINT ( 'NONE',  ( 23.54999999999997584, 19.72168783648705670, 0.000000000000000000 ) ) ;
#8042 = ORIENTED_EDGE ( 'NONE', *, *, #4001, .F. ) ;
#8043 = DIRECTION ( 'NONE',  ( 1.000000000000000000, 0.000000000000000000, 0.000000000000000000 ) ) ;
#8044 = ORIENTED_EDGE ( 'NONE', *, *, #10174, .F. ) ;
#8045 = LINE ( 'NONE', #3215, #1542 ) ;
#8046 = EDGE_LOOP ( 'NONE', ( #3296, #2293, #10886, #2591 ) ) ;
#8047 = DIRECTION ( 'NONE',  ( 1.000000000000000000, 9.614813431917789401E-15, 0.000000000000000000 ) ) ;
#8048 = CARTESIAN_POINT ( 'NONE',  ( 16.15000000000001279, 25.43745550146433132, 0.4500000000000000111 ) ) ;
#8049 = CARTESIAN_POINT ( 'NONE',  ( -26.84999999999997300, 18.27831216351298238, 0.000000000000000000 ) ) ;
#8050 = DIRECTION ( 'NONE',  ( -0.8660254037844394848, -0.4999999999999985012, 0.000000000000000000 ) ) ;
#8051 = DIRECTION ( 'NONE',  ( 0.000000000000000000, 0.000000000000000000, 1.000000000000000000 ) ) ;
#8052 = VERTEX_POINT ( 'NONE', #11884 ) ;
#8053 = ORIENTED_EDGE ( 'NONE', *, *, #4405, .F. ) ;
#8054 = LINE ( 'NONE', #251, #7479 ) ;
#8055 = ORIENTED_EDGE ( 'NONE', *, *, #3109, .T. ) ;
#8056 = VERTEX_POINT ( 'NONE', #6044 ) ;
#8057 = ADVANCED_FACE ( 'NONE', ( #8837 ), #6106, .T. ) ;
#8058 = VERTEX_POINT ( 'NONE', #10935 ) ;
#8059 = VECTOR ( 'NONE', #8030, 1000.000000000000000 ) ;
#8060 = EDGE_CURVE ( 'NONE', #10532, #10661, #7176, .T. ) ;
#8061 = DIRECTION ( 'NONE',  ( -0.4999999999999985012, 0.8660254037844395958, 0.000000000000000000 ) ) ;
#8062 = CARTESIAN_POINT ( 'NONE',  ( -13.64999999999998082, 25.43745550146434553, 0.4500000000000000111 ) ) ;
#8063 = VECTOR ( 'NONE', #731, 1000.000000000000000 ) ;
#8064 = FACE_BOUND ( 'NONE', #10270, .T. ) ;
#8065 = DIRECTION ( 'NONE',  ( 0.000000000000000000, -1.000000000000000000, -0.000000000000000000 ) ) ;
#8066 = ADVANCED_FACE ( 'NONE', ( #134 ), #9980, .T. ) ;
#8067 = LINE ( 'NONE', #2229, #2180 ) ;
#8068 = ORIENTED_EDGE ( 'NONE', *, *, #7699, .T. ) ;
#8069 = LINE ( 'NONE', #3240, #11970 ) ;
#8070 = AXIS2_PLACEMENT_3D ( 'NONE', #4664, #8730, #26 ) ;
#8071 = DIRECTION ( 'NONE',  ( 0.000000000000000000, 0.000000000000000000, -1.000000000000000000 ) ) ;
#8072 = ADVANCED_FACE ( 'NONE', ( #6926 ), #1281, .T. ) ;
#8073 = ORIENTED_EDGE ( 'NONE', *, *, #1167, .T. ) ;
#8074 = EDGE_CURVE ( 'NONE', #810, #5826, #2099, .T. ) ;
#8075 = ORIENTED_EDGE ( 'NONE', *, *, #10261, .F. ) ;
#8076 = CARTESIAN_POINT ( 'NONE',  ( -28.49999999999997158, 21.13619599600163212, 0.4500000000000000111 ) ) ;
#8077 = CARTESIAN_POINT ( 'NONE',  ( -25.19999999999997442, 22.57957166897570644, 0.4500000000000000111 ) ) ;
#8078 = CARTESIAN_POINT ( 'NONE',  ( -26.04999999999999716, 23.99407982849027121, 0.4500000000000000111 ) ) ;
#8079 = LINE ( 'NONE', #11954, #3155 ) ;
#8080 = VECTOR ( 'NONE', #443, 1000.000000000000000 ) ;
#8081 = CALENDAR_DATE ( 2026, 4, 4 ) ;
#8082 = VERTEX_POINT ( 'NONE', #8904 ) ;
#8083 = CARTESIAN_POINT ( 'NONE',  ( -34.30000000000000426, 22.57957166897569223, 0.000000000000000000 ) ) ;
#8084 = CARTESIAN_POINT ( 'NONE',  ( -8.299999999999993605, 20.44337567297408143, 0.000000000000000000 ) ) ;
#8085 = DIRECTION ( 'NONE',  ( -0.8660254037844393737, 0.4999999999999985012, 0.000000000000000000 ) ) ;
#8086 = EDGE_CURVE ( 'NONE', #6721, #1730, #323, .T. ) ;
#8087 = ORIENTED_EDGE ( 'NONE', *, *, #10471, .F. ) ;
#8088 = ORIENTED_EDGE ( 'NONE', *, *, #5430, .F. ) ;
#8089 = ORIENTED_EDGE ( 'NONE', *, *, #12504, .F. ) ;
#8090 = AXIS2_PLACEMENT_3D ( 'NONE', #6849, #11556, #7798 ) ;
#8091 = LINE ( 'NONE', #7259, #7379 ) ;
#8092 = CARTESIAN_POINT ( 'NONE',  ( -11.20000000000001883, 22.57957166897568513, 0.4500000000000000111 ) ) ;
#8093 = ORIENTED_EDGE ( 'NONE', *, *, #4656, .T. ) ;
#8094 = EDGE_CURVE ( 'NONE', #9130, #2449, #8069, .T. ) ;
#8095 = DIRECTION ( 'NONE',  ( -0.8660254037844383745, -0.5000000000000003331, 0.000000000000000000 ) ) ;
#8096 = LINE ( 'NONE', #7022, #4414 ) ;
#8097 = VECTOR ( 'NONE', #1071, 1000.000000000000114 ) ;
#8098 = LINE ( 'NONE', #10068, #11581 ) ;
#8099 = CARTESIAN_POINT ( 'NONE',  ( -21.89999999999997726, 21.13619599600162502, 0.4500000000000000111 ) ) ;
#8100 = ORIENTED_EDGE ( 'NONE', *, *, #3322, .F. ) ;
#8101 = LINE ( 'NONE', #543, #804 ) ;
#8102 = EDGE_LOOP ( 'NONE', ( #4238, #485, #10983, #9860 ) ) ;
#8103 = CARTESIAN_POINT ( 'NONE',  ( -18.59999999999998010, 21.13619599600162857, 0.4500000000000000111 ) ) ;
#8104 = ORIENTED_EDGE ( 'NONE', *, *, #2951, .T. ) ;
#8105 = VECTOR ( 'NONE', #736, 1000.000000000000114 ) ;
#8106 = EDGE_CURVE ( 'NONE', #5311, #576, #10993, .T. ) ;
#8107 = LINE ( 'NONE', #3338, #11076 ) ;
#8108 = ORIENTED_EDGE ( 'NONE', *, *, #4001, .T. ) ;
#8109 = VECTOR ( 'NONE', #7951, 1000.000000000000000 ) ;
#8110 = CARTESIAN_POINT ( 'NONE',  ( -35.00000000000000000, 28.50000000000000355, 0.4500000000000000111 ) ) ;
#8111 = LINE ( 'NONE', #11984, #1778 ) ;
#8112 = LINE ( 'NONE', #3407, #11372 ) ;
#8113 = FACE_OUTER_BOUND ( 'NONE', #12295, .T. ) ;
#8114 = ORIENTED_EDGE ( 'NONE', *, *, #3682, .F. ) ;
#8115 = ORIENTED_EDGE ( 'NONE', *, *, #3332, .T. ) ;
#8117 = VECTOR ( 'NONE', #11117, 1000.000000000000000 ) ;
#8116 = FACE_OUTER_BOUND ( 'NONE', #11295, .T. ) ;
#8118 = ORIENTED_EDGE ( 'NONE', *, *, #1102, .T. ) ;
#8119 = ADVANCED_FACE ( 'NONE', ( #7304 ), #1765, .T. ) ;
#8120 = EDGE_CURVE ( 'NONE', #2517, #487, #809, .T. ) ;
#8121 = VERTEX_POINT ( 'NONE', #504 ) ;
#8122 = VERTEX_POINT ( 'NONE', #4376 ) ;
#8123 = DIRECTION ( 'NONE',  ( 0.000000000000000000, 0.000000000000000000, -1.000000000000000000 ) ) ;
#8124 = CARTESIAN_POINT ( 'NONE',  ( -29.35000000000000853, 25.43745550146434198, 0.4500000000000000111 ) ) ;
#8125 = FACE_BOUND ( 'NONE', #5058, .T. ) ;
#8126 = VECTOR ( 'NONE', #864, 1000.000000000000114 ) ;
#8127 = DIRECTION ( 'NONE',  ( 0.8660254037844393737, 0.4999999999999985012, 0.000000000000000000 ) ) ;
#8128 = LINE ( 'NONE', #3295, #4399 ) ;
#8129 = ORIENTED_EDGE ( 'NONE', *, *, #2708, .T. ) ;
#8130 = FACE_OUTER_BOUND ( 'NONE', #3475, .T. ) ;
#8131 = ADVANCED_FACE ( 'NONE', ( #8261 ), #3426, .T. ) ;
#8132 = LINE ( 'NONE', #8005, #1605 ) ;
#8133 = ORIENTED_EDGE ( 'NONE', *, *, #10871, .F. ) ;
#8134 = VERTEX_POINT ( 'NONE', #4673 ) ;
#8135 = VECTOR ( 'NONE', #9557, 1000.000000000000000 ) ;
#8136 = EDGE_CURVE ( 'NONE', #12303, #688, #1825, .T. ) ;
#8137 = CARTESIAN_POINT ( 'NONE',  ( 9.950000000000002842, 20.41450815951458253, 0.4500000000000000111 ) ) ;
#8138 = FACE_OUTER_BOUND ( 'NONE', #6246, .T. ) ;
#8139 = EDGE_CURVE ( 'NONE', #4552, #8250, #7238, .T. ) ;
#8140 = LINE ( 'NONE', #10230, #2936 ) ;
#8141 = LINE ( 'NONE', #9291, #10852 ) ;
#8142 = SECURITY_CLASSIFICATION_LEVEL ( 'unclassified' ) ;
#8143 = EDGE_LOOP ( 'NONE', ( #10664, #11742, #5437, #11965 ) ) ;
#8144 = LINE ( 'NONE', #9871, #2237 ) ;
#8145 = EDGE_CURVE ( 'NONE', #4618, #441, #5685, .T. ) ;
#8146 = LINE ( 'NONE', #274, #8518 ) ;
#8147 = ORIENTED_EDGE ( 'NONE', *, *, #10868, .F. ) ;
#8148 = VERTEX_POINT ( 'NONE', #2476 ) ;
#8149 = PLANE ( 'NONE',  #913 ) ;
#8150 = ORIENTED_EDGE ( 'NONE', *, *, #12478, .T. ) ;
#8151 = DIRECTION ( 'NONE',  ( -0.5000000000000004441, -0.8660254037844384856, 0.000000000000000000 ) ) ;
#8152 = CYLINDRICAL_SURFACE ( 'NONE', #4005, 3.999999999999996447 ) ;
#8153 = ORIENTED_EDGE ( 'NONE', *, *, #11254, .T. ) ;
#8154 = CARTESIAN_POINT ( 'NONE',  ( -26.05000000000001137, 19.72168783648704604, 0.4500000000000000111 ) ) ;
#8155 = ADVANCED_FACE ( 'NONE', ( #440 ), #2536, .T. ) ;
#8156 = AXIS2_PLACEMENT_3D ( 'NONE', #2995, #11226, #7477 ) ;
#8157 = FACE_OUTER_BOUND ( 'NONE', #7467, .T. ) ;
#8158 = DIRECTION ( 'NONE',  ( -1.000000000000000000, 0.000000000000000000, 0.000000000000000000 ) ) ;
#8159 = CARTESIAN_POINT ( 'NONE',  ( 35.00000000000000000, 21.89999999999999147, 0.000000000000000000 ) ) ;
#8160 = ORIENTED_EDGE ( 'NONE', *, *, #11305, .T. ) ;
#8161 = DIRECTION ( 'NONE',  ( 0.000000000000000000, -1.000000000000000000, 0.000000000000000000 ) ) ;
#8162 = ORIENTED_EDGE ( 'NONE', *, *, #4283, .F. ) ;
#8163 = CARTESIAN_POINT ( 'NONE',  ( -33.04999999999998295, 20.41450815951459319, 0.4500000000000000111 ) ) ;
#8164 = ORIENTED_EDGE ( 'NONE', *, *, #1922, .T. ) ;
#8165 = VECTOR ( 'NONE', #10141, 1000.000000000000114 ) ;
#8166 = DIRECTION ( 'NONE',  ( -0.8660254037844394848, -0.4999999999999985012, 0.000000000000000000 ) ) ;
#8167 = ORIENTED_EDGE ( 'NONE', *, *, #11304, .T. ) ;
#8168 = DIRECTION ( 'NONE',  ( 0.8660254037844393737, -0.4999999999999985012, 0.000000000000000000 ) ) ;
#8169 = CARTESIAN_POINT ( 'NONE',  ( 16.54999999999999005, 23.30125950546273828, 0.000000000000000000 ) ) ;
#8170 = DIRECTION ( 'NONE',  ( 0.000000000000000000, 0.000000000000000000, -1.000000000000000000 ) ) ;
#8171 = DIRECTION ( 'NONE',  ( 0.000000000000000000, -1.000000000000000000, 0.000000000000000000 ) ) ;
#8172 = ORIENTED_EDGE ( 'NONE', *, *, #10151, .T. ) ;
#8173 = ORIENTED_EDGE ( 'NONE', *, *, #2809, .T. ) ;
#8174 = CARTESIAN_POINT ( 'NONE',  ( -21.89999999999997726, 21.13619599600162502, 0.000000000000000000 ) ) ;
#8175 = ORIENTED_EDGE ( 'NONE', *, *, #6356, .T. ) ;
#8176 = VERTEX_POINT ( 'NONE', #4731 ) ;
#8177 = EDGE_CURVE ( 'NONE', #3943, #8122, #6347, .T. ) ;
#8178 = ORIENTED_EDGE ( 'NONE', *, *, #2163, .T. ) ;
#8179 = CARTESIAN_POINT ( 'NONE',  ( 19.45000000000001705, 25.43745550146433843, 0.000000000000000000 ) ) ;
#8180 = AXIS2_PLACEMENT_3D ( 'NONE', #8769, #1908, #6855 ) ;
#8181 = DIRECTION ( 'NONE',  ( 0.8660254037844393737, -0.4999999999999985012, 0.000000000000000000 ) ) ;
#8182 = LINE ( 'NONE', #6342, #12426 ) ;
#8183 = FACE_OUTER_BOUND ( 'NONE', #1756, .T. ) ;
#8184 = ADVANCED_FACE ( 'NONE', ( #7366 ), #6288, .T. ) ;
#8185 = DIRECTION ( 'NONE',  ( -0.8660254037844388186, -0.4999999999999997224, 0.000000000000000000 ) ) ;
#8186 = ORIENTED_EDGE ( 'NONE', *, *, #5746, .F. ) ;
#8187 = VECTOR ( 'NONE', #10793, 1000.000000000000000 ) ;
#8188 = CARTESIAN_POINT ( 'NONE',  ( -9.950000000000002842, 20.41450815951458253, 0.4500000000000000111 ) ) ;
#8189 = ORIENTED_EDGE ( 'NONE', *, *, #8529, .F. ) ;
#8190 = EDGE_CURVE ( 'NONE', #2447, #5102, #867, .T. ) ;
#8191 = CARTESIAN_POINT ( 'NONE',  ( 31.39999999999998437, 17.55662432702594344, 0.4500000000000000111 ) ) ;
#8192 = VECTOR ( 'NONE', #3421, 1000.000000000000000 ) ;
#8193 = ORIENTED_EDGE ( 'NONE', *, *, #5163, .F. ) ;
#8194 = EDGE_CURVE ( 'NONE', #10739, #7954, #577, .T. ) ;
#8195 = AXIS2_PLACEMENT_3D ( 'NONE', #2731, #4696, #5590 ) ;
#8196 = VERTEX_POINT ( 'NONE', #8188 ) ;
#8197 = CIRCLE ( 'NONE', #8607, 3.999999999999996447 ) ;
#8198 = DIRECTION ( 'NONE',  ( -0.8660254037844393737, 0.4999999999999985012, 0.000000000000000000 ) ) ;
#8199 = CARTESIAN_POINT ( 'NONE',  ( 18.47564434701790503, 25.99999999999999645, 0.4500000000000000111 ) ) ;
#8200 = CARTESIAN_POINT ( 'NONE',  ( -10.34999999999998721, 18.27831216351297527, 0.000000000000000000 ) ) ;
#8201 = CARTESIAN_POINT ( 'NONE',  ( 27.69999999999999574, 21.13619599600162502, 0.000000000000000000 ) ) ;
#8202 = EDGE_LOOP ( 'NONE', ( #8878, #10368, #9646, #11837 ) ) ;
#8203 = DIRECTION ( 'NONE',  ( 0.4999999999999997224, -0.8660254037844388186, -0.000000000000000000 ) ) ;
#8204 = VECTOR ( 'NONE', #10376, 1000.000000000000000 ) ;
#8205 = EDGE_CURVE ( 'NONE', #3753, #10000, #11179, .T. ) ;
#8206 = LINE ( 'NONE', #10055, #397 ) ;
#8207 = VECTOR ( 'NONE', #5277, 1000.000000000000000 ) ;
#8208 = ORIENTED_EDGE ( 'NONE', *, *, #6002, .T. ) ;
#8209 = CARTESIAN_POINT ( 'NONE',  ( 26.05000000000001137, 19.72168783648704604, 0.4500000000000000111 ) ) ;
#8210 = CARTESIAN_POINT ( 'NONE',  ( 32.65000000000000568, 19.72168783648704604, 0.4500000000000000111 ) ) ;
#8211 = ORIENTED_EDGE ( 'NONE', *, *, #6340, .T. ) ;
#8212 = CARTESIAN_POINT ( 'NONE',  ( 34.30000000000000426, 22.57957166897569223, 0.4500000000000000111 ) ) ;
#8213 = DIRECTION ( 'NONE',  ( 0.8660254037844383745, 0.5000000000000003331, 0.000000000000000000 ) ) ;
#8214 = VECTOR ( 'NONE', #8781, 1000.000000000000114 ) ;
#8215 = ADVANCED_FACE ( 'NONE', ( #12423 ), #1528, .T. ) ;
#8216 = DIRECTION ( 'NONE',  ( 0.8660254037844394848, -0.4999999999999985012, 0.000000000000000000 ) ) ;
#8217 = EDGE_CURVE ( 'NONE', #3853, #11817, #6417, .T. ) ;
#8218 = LINE ( 'NONE', #535, #12455 ) ;
#8219 = AXIS2_PLACEMENT_3D ( 'NONE', #4559, #8503, #9462 ) ;
#8220 = DIRECTION ( 'NONE',  ( -0.5000000000000004441, -0.8660254037844384856, 0.000000000000000000 ) ) ;
#8221 = CARTESIAN_POINT ( 'NONE',  ( 8.300000000000002487, 23.27239199200323228, 0.4500000000000000111 ) ) ;
#8222 = EDGE_CURVE ( 'NONE', #8438, #8822, #10458, .T. ) ;
#8223 = CARTESIAN_POINT ( 'NONE',  ( -24.03205080756889345, 18.00000000000000000, 0.4500000000000000111 ) ) ;
#8224 = ORIENTED_EDGE ( 'NONE', *, *, #1633, .F. ) ;
#8225 = CARTESIAN_POINT ( 'NONE',  ( 30.14999999999997371, 23.99407982849028187, 0.000000000000000000 ) ) ;
#8226 = ORIENTED_EDGE ( 'NONE', *, *, #5095, .T. ) ;
#8227 = EDGE_CURVE ( 'NONE', #3499, #3365, #9508, .T. ) ;
#8228 = EDGE_CURVE ( 'NONE', #8580, #7214, #11661, .T. ) ;
#8229 = EDGE_CURVE ( 'NONE', #6029, #5097, #10580, .T. ) ;
#8230 = FACE_OUTER_BOUND ( 'NONE', #7584, .T. ) ;
#8232 = VERTEX_POINT ( 'NONE', #168 ) ;
#8231 = VECTOR ( 'NONE', #6474, 1000.000000000000114 ) ;
#8233 = LINE ( 'NONE', #675, #11274 ) ;
#8234 = VERTEX_POINT ( 'NONE', #7717 ) ;
#8235 = CIRCLE ( 'NONE', #12493, 3.999999999999996447 ) ;
#8236 = VECTOR ( 'NONE', #11358, 1000.000000000000114 ) ;
#8237 = VECTOR ( 'NONE', #8879, 1000.000000000000114 ) ;
#8238 = FACE_OUTER_BOUND ( 'NONE', #6875, .T. ) ;
#8239 = EDGE_LOOP ( 'NONE', ( #4447, #8553, #9270, #11106 ) ) ;
#8240 = DIRECTION ( 'NONE',  ( -0.8660254037844394848, -0.4999999999999985012, 0.000000000000000000 ) ) ;
#8241 = LINE ( 'NONE', #7100, #735 ) ;
#8242 = ORIENTED_EDGE ( 'NONE', *, *, #12333, .F. ) ;
#8243 = ORIENTED_EDGE ( 'NONE', *, *, #11873, .T. ) ;
#8244 = ADVANCED_FACE ( 'NONE', ( #1050 ), #6704, .T. ) ;
#8245 = VECTOR ( 'NONE', #3269, 1000.000000000000000 ) ;
#8246 = CARTESIAN_POINT ( 'NONE',  ( 26.05000000000001137, 19.72168783648704604, 0.000000000000000000 ) ) ;
#8247 = EDGE_CURVE ( 'NONE', #3199, #11903, #7510, .T. ) ;
#8248 = ORIENTED_EDGE ( 'NONE', *, *, #11655, .F. ) ;
#8249 = DIRECTION ( 'NONE',  ( 0.8660254037844393737, 0.4999999999999985012, 0.000000000000000000 ) ) ;
#8250 = VERTEX_POINT ( 'NONE', #10706 ) ;
#8251 = EDGE_LOOP ( 'NONE', ( #12321, #10004, #6479, #9635, #2134, #1768 ) ) ;
#8252 = EDGE_CURVE ( 'NONE', #6590, #12495, #1191, .T. ) ;
#8253 = DIRECTION ( 'NONE',  ( 0.4999999999999997224, -0.8660254037844388186, -0.000000000000000000 ) ) ;
#8254 = EDGE_CURVE ( 'NONE', #6059, #1966, #1409, .T. ) ;
#8255 = DIRECTION ( 'NONE',  ( -1.000000000000000000, 0.000000000000000000, 0.000000000000000000 ) ) ;
#8256 = DIRECTION ( 'NONE',  ( -0.8660254037844394848, 0.4999999999999984457, 0.000000000000000000 ) ) ;
#8257 = CARTESIAN_POINT ( 'NONE',  ( -13.24999999999998757, 23.30125950546273117, 0.4500000000000000111 ) ) ;
#8258 = CARTESIAN_POINT ( 'NONE',  ( 21.89999999999997726, 22.57957166897569934, 0.4500000000000000111 ) ) ;
#8259 = DIRECTION ( 'NONE',  ( -0.8660254037844387076, 0.4999999999999997224, 0.000000000000000000 ) ) ;
#8260 = EDGE_LOOP ( 'NONE', ( #5236, #3925, #2304, #10363 ) ) ;
#8261 = FACE_OUTER_BOUND ( 'NONE', #2772, .T. ) ;
#8262 = ORIENTED_EDGE ( 'NONE', *, *, #4460, .F. ) ;
#8263 = DIRECTION ( 'NONE',  ( -0.5000000000000004441, -0.8660254037844384856, 0.000000000000000000 ) ) ;
#8264 = EDGE_LOOP ( 'NONE', ( #11351, #12372, #722, #4078, #10920, #8726, #8053 ) ) ;
#8265 = VECTOR ( 'NONE', #2623, 1000.000000000000000 ) ;
#8266 = ORIENTED_EDGE ( 'NONE', *, *, #6653, .F. ) ;
#8267 = VECTOR ( 'NONE', #6774, 1000.000000000000000 ) ;
#8268 = ADVANCED_FACE ( 'NONE', ( #4919 ), #989, .T. ) ;
#8269 = LINE ( 'NONE', #4257, #6765 ) ;
#8270 = DIRECTION ( 'NONE',  ( 0.8660254037844383745, -0.5000000000000003331, 0.000000000000000000 ) ) ;
#8271 = CARTESIAN_POINT ( 'NONE',  ( -9.950000000000002842, 20.41450815951458253, 0.4500000000000000111 ) ) ;
#8272 = CARTESIAN_POINT ( 'NONE',  ( 8.699999999999986855, 22.57957166897569579, 0.000000000000000000 ) ) ;
#8273 = EDGE_LOOP ( 'NONE', ( #7864, #1673, #11356, #1515 ) ) ;
#8274 = VECTOR ( 'NONE', #10632, 1000.000000000000000 ) ;
#8275 = FACE_OUTER_BOUND ( 'NONE', #8202, .T. ) ;
#8276 = VECTOR ( 'NONE', #11218, 1000.000000000000000 ) ;
#8277 = FACE_BOUND ( 'NONE', #11718, .T. ) ;
#8278 = ORIENTED_EDGE ( 'NONE', *, *, #7293, .T. ) ;
#8279 = PLANE ( 'NONE',  #8645 ) ;
#8280 = CARTESIAN_POINT ( 'NONE',  ( 26.84999999999997300, 19.72168783648705670, 0.4500000000000000111 ) ) ;
#8281 = VERTEX_POINT ( 'NONE', #5935 ) ;
#8282 = FACE_OUTER_BOUND ( 'NONE', #2386, .T. ) ;
#8283 = EDGE_CURVE ( 'NONE', #4583, #3312, #6013, .T. ) ;
#8284 = EDGE_CURVE ( 'NONE', #5596, #5279, #8803, .T. ) ;
#8285 = DIRECTION ( 'NONE',  ( -1.000000000000000000, 0.000000000000000000, 0.000000000000000000 ) ) ;
#8286 = LINE ( 'NONE', #8409, #494 ) ;
#8287 = CARTESIAN_POINT ( 'NONE',  ( 11.87564434701789118, 25.99999999999999645, 0.4500000000000000111 ) ) ;
#8288 = CARTESIAN_POINT ( 'NONE',  ( 11.59999999999999076, 20.44337567297408498, 0.4500000000000000111 ) ) ;
#8289 = DIRECTION ( 'NONE',  ( 0.000000000000000000, 0.000000000000000000, -1.000000000000000000 ) ) ;
#8290 = DIRECTION ( 'NONE',  ( -0.8660254037844394848, -0.4999999999999985012, 0.000000000000000000 ) ) ;
#8291 = CARTESIAN_POINT ( 'NONE',  ( -31.67564434701789722, 25.99999999999999645, 0.000000000000000000 ) ) ;
#8292 = ORIENTED_EDGE ( 'NONE', *, *, #2994, .T. ) ;
#8293 = LINE ( 'NONE', #10320, #9728 ) ;
#8294 = AXIS2_PLACEMENT_3D ( 'NONE', #5328, #3549, #12320 ) ;
#8295 = EDGE_LOOP ( 'NONE', ( #4732, #12506, #5103, #2803, #10525, #11475 ) ) ;
#8296 = EDGE_CURVE ( 'NONE', #100, #12163, #5744, .T. ) ;
#8297 = DIRECTION ( 'NONE',  ( 0.4999999999999985012, 0.8660254037844395958, 0.000000000000000000 ) ) ;
#8298 = EDGE_LOOP ( 'NONE', ( #7060, #988, #8968, #7367 ) ) ;
#8299 = DIRECTION ( 'NONE',  ( 0.8660254037844394848, -0.4999999999999985012, 0.000000000000000000 ) ) ;
#8300 = ORIENTED_EDGE ( 'NONE', *, *, #11921, .F. ) ;
#8301 = EDGE_CURVE ( 'NONE', #4918, #2381, #11785, .T. ) ;
#8302 = AXIS2_PLACEMENT_3D ( 'NONE', #2155, #5073, #7104 ) ;
#8303 = ADVANCED_FACE ( 'NONE', ( #926 ), #9757, .T. ) ;
#8304 = CARTESIAN_POINT ( 'NONE',  ( -36.87319111346176470, 22.99919497526796519, 0.4500000000000000111 ) ) ;
#8305 = ORIENTED_EDGE ( 'NONE', *, *, #9376, .F. ) ;
#8306 = DIRECTION ( 'NONE',  ( 0.8660254037844394848, -0.4999999999999985012, 0.000000000000000000 ) ) ;
#8307 = CARTESIAN_POINT ( 'NONE',  ( -6.650000000000004796, 20.41450815951458253, 0.4500000000000000111 ) ) ;
#8308 = ORIENTED_EDGE ( 'NONE', *, *, #10163, .F. ) ;
#8309 = ORIENTED_EDGE ( 'NONE', *, *, #10558, .F. ) ;
#8310 = EDGE_CURVE ( 'NONE', #417, #4445, #3909, .T. ) ;
#8311 = DIRECTION ( 'NONE',  ( 0.000000000000000000, 0.000000000000000000, -1.000000000000000000 ) ) ;
#8312 = VECTOR ( 'NONE', #4021, 1000.000000000000000 ) ;
#8313 = ORIENTED_EDGE ( 'NONE', *, *, #61, .F. ) ;
#8314 = CARTESIAN_POINT ( 'NONE',  ( 24.79999999999999361, 17.55662432702594344, 0.000000000000000000 ) ) ;
#8315 = ORIENTED_EDGE ( 'NONE', *, *, #1759, .F. ) ;
#8316 = ORIENTED_EDGE ( 'NONE', *, *, #6865, .F. ) ;
#8317 = PLANE ( 'NONE',  #121 ) ;
#8318 = DIRECTION ( 'NONE',  ( 0.000000000000000000, 0.000000000000000000, -1.000000000000000000 ) ) ;
#8319 = EDGE_CURVE ( 'NONE', #2950, #503, #8871, .T. ) ;
#8320 = CARTESIAN_POINT ( 'NONE',  ( -28.49999999999997158, 22.57957166897570644, 0.000000000000000000 ) ) ;
#8321 = DIRECTION ( 'NONE',  ( 0.000000000000000000, 0.000000000000000000, -1.000000000000000000 ) ) ;
#8322 = CARTESIAN_POINT ( 'NONE',  ( 11.99999999999998401, 22.57957166897569934, 0.000000000000000000 ) ) ;
#8323 = DIRECTION ( 'NONE',  ( 0.4999999999999997224, -0.8660254037844388186, -0.000000000000000000 ) ) ;
#8324 = VERTEX_POINT ( 'NONE', #3080 ) ;
#8325 = AXIS2_PLACEMENT_3D ( 'NONE', #4251, #5209, #6167 ) ;
#8326 = DIRECTION ( 'NONE',  ( -1.000000000000000000, 9.614813431917789401E-15, 0.000000000000000000 ) ) ;
#8327 = VERTEX_POINT ( 'NONE', #6957 ) ;
#8328 = PLANE ( 'NONE',  #7270 ) ;
#8329 = ORIENTED_EDGE ( 'NONE', *, *, #9616, .T. ) ;
#8330 = ORIENTED_EDGE ( 'NONE', *, *, #7797, .F. ) ;
#8331 = LINE ( 'NONE', #10999, #5148 ) ;
#8332 = DIRECTION ( 'NONE',  ( 0.5000000000000004441, -0.8660254037844384856, 0.000000000000000000 ) ) ;
#8333 = VECTOR ( 'NONE', #4545, 1000.000000000000000 ) ;
#8334 = DIRECTION ( 'NONE',  ( 0.8660254037844383745, 0.5000000000000003331, 0.000000000000000000 ) ) ;
#8335 = DIRECTION ( 'NONE',  ( 0.4999999999999985012, 0.8660254037844395958, 0.000000000000000000 ) ) ;
#8336 = ORIENTED_EDGE ( 'NONE', *, *, #4799, .F. ) ;
#8337 = LINE ( 'NONE', #9224, #401 ) ;
#8338 = FACE_BOUND ( 'NONE', #7554, .T. ) ;
#8339 = VECTOR ( 'NONE', #9175, 1000.000000000000114 ) ;
#8340 = ORIENTED_EDGE ( 'NONE', *, *, #5574, .T. ) ;
#8341 = DIRECTION ( 'NONE',  ( 0.4999999999999985567, 0.8660254037844394848, 0.000000000000000000 ) ) ;
#8342 = FACE_OUTER_BOUND ( 'NONE', #10352, .T. ) ;
#8343 = ORIENTED_EDGE ( 'NONE', *, *, #7797, .T. ) ;
#8344 = PLANE ( 'NONE',  #4548 ) ;
#8345 = CARTESIAN_POINT ( 'NONE',  ( 6.126808886538226417, 22.99919497526796164, 0.4500000000000000111 ) ) ;
#8346 = LINE ( 'NONE', #6310, #2729 ) ;
#8347 = DIRECTION ( 'NONE',  ( -0.8660254037844393737, 0.4999999999999985012, 0.000000000000000000 ) ) ;
#8348 = DIRECTION ( 'NONE',  ( 0.000000000000000000, 0.000000000000000000, -1.000000000000000000 ) ) ;
#8349 = LINE ( 'NONE', #6313, #11506 ) ;
#8350 = LINE ( 'NONE', #12221, #1654 ) ;
#8351 = FACE_OUTER_BOUND ( 'NONE', #4665, .T. ) ;
#8352 = ORIENTED_EDGE ( 'NONE', *, *, #5729, .T. ) ;
#8353 = ADVANCED_FACE ( 'NONE', ( #7847 ), #4036, .T. ) ;
#8354 = PLANE ( 'NONE',  #10128 ) ;
#8355 = EDGE_LOOP ( 'NONE', ( #4053, #1506, #3274, #9427, #44, #6043 ) ) ;
#8356 = LINE ( 'NONE', #3520, #10914 ) ;
#8357 = EDGE_LOOP ( 'NONE', ( #7340, #4912, #8330, #3213 ) ) ;
#8358 = EDGE_CURVE ( 'NONE', #11887, #9044, #2069, .T. ) ;
#8359 = VECTOR ( 'NONE', #5918, 1000.000000000000114 ) ;
#8360 = CARTESIAN_POINT ( 'NONE',  ( -35.95000000000000995, 19.72168783648704604, 0.4500000000000000111 ) ) ;
#8361 = ORIENTED_EDGE ( 'NONE', *, *, #11078, .T. ) ;
#8362 = AXIS2_PLACEMENT_3D ( 'NONE', #4335, #10249, #7201 ) ;
#8363 = EDGE_CURVE ( 'NONE', #6538, #4638, #3210, .T. ) ;
#8364 = FACE_OUTER_BOUND ( 'NONE', #6451, .T. ) ;
#8365 = EDGE_LOOP ( 'NONE', ( #5684, #971, #6320, #4125, #3942, #5433 ) ) ;
#8366 = LINE ( 'NONE', #7406, #218 ) ;
#8367 = DIRECTION ( 'NONE',  ( 0.000000000000000000, 0.000000000000000000, -1.000000000000000000 ) ) ;
#8368 = VERTEX_POINT ( 'NONE', #9952 ) ;
#8369 = EDGE_LOOP ( 'NONE', ( #1991, #1104, #6798, #10925 ) ) ;
#8370 = AXIS2_PLACEMENT_3D ( 'NONE', #38, #11730, #1887 ) ;
#8371 = EDGE_CURVE ( 'NONE', #57, #10430, #8101, .T. ) ;
#8372 = CARTESIAN_POINT ( 'NONE',  ( -16.15000000000001279, 25.43745550146433132, 0.000000000000000000 ) ) ;
#8373 = VERTEX_POINT ( 'NONE', #7027 ) ;
#8374 = CARTESIAN_POINT ( 'NONE',  ( -33.44999999999996732, 23.99407982849028542, 0.4500000000000000111 ) ) ;
#8375 = VERTEX_POINT ( 'NONE', #8225 ) ;
#8376 = ORIENTED_EDGE ( 'NONE', *, *, #3106, .F. ) ;
#8377 = DIRECTION ( 'NONE',  ( 0.000000000000000000, -1.000000000000000000, 0.000000000000000000 ) ) ;
#8378 = LINE ( 'NONE', #6656, #6787 ) ;
#8379 = EDGE_CURVE ( 'NONE', #837, #5007, #6257, .T. ) ;
#8380 = EDGE_CURVE ( 'NONE', #10705, #9992, #9060, .T. ) ;
#8381 = AXIS2_PLACEMENT_3D ( 'NONE', #7097, #481, #9962 ) ;
#8382 = DIRECTION ( 'NONE',  ( -0.000000000000000000, 0.000000000000000000, 1.000000000000000000 ) ) ;
#8383 = DIRECTION ( 'NONE',  ( 0.000000000000000000, -1.000000000000000000, 0.000000000000000000 ) ) ;
#8384 = CARTESIAN_POINT ( 'NONE',  ( -28.09999999999999076, 23.27239199200324293, 0.4500000000000000111 ) ) ;
#8385 = FACE_OUTER_BOUND ( 'NONE', #3260, .T. ) ;
#8386 = ORIENTED_EDGE ( 'NONE', *, *, #2780, .F. ) ;
#8387 = ORIENTED_EDGE ( 'NONE', *, *, #1254, .F. ) ;
#8388 = CARTESIAN_POINT ( 'NONE',  ( -16.94999999999998153, 18.27831216351297883, 0.4500000000000000111 ) ) ;
#8389 = VERTEX_POINT ( 'NONE', #4341 ) ;
#8390 = ORIENTED_EDGE ( 'NONE', *, *, #611, .F. ) ;
#8391 = ADVANCED_FACE ( 'NONE', ( #10072 ), #1494, .T. ) ;
#8392 = EDGE_CURVE ( 'NONE', #4162, #1404, #7971, .T. ) ;
#8393 = EDGE_LOOP ( 'NONE', ( #11080, #6461, #133, #366 ) ) ;
#8394 = CARTESIAN_POINT ( 'NONE',  ( 30.14999999999997371, 18.27831216351298238, 0.000000000000000000 ) ) ;
#8395 = PLANE ( 'NONE',  #6616 ) ;
#8396 = LINE ( 'NONE', #9220, #3337 ) ;
#8397 = AXIS2_PLACEMENT_3D ( 'NONE', #10668, #5962, #3997 ) ;
#8398 = CARTESIAN_POINT ( 'NONE',  ( 33.44999999999996732, 23.99407982849028542, 0.4500000000000000111 ) ) ;
#8399 = VERTEX_POINT ( 'NONE', #1430 ) ;
#8400 = CARTESIAN_POINT ( 'NONE',  ( -32.99999999999999289, 25.99999999999999645, 0.4500000000000000111 ) ) ;
#8401 = CARTESIAN_POINT ( 'NONE',  ( -8.699999999999986855, 22.57957166897569579, 0.4500000000000000111 ) ) ;
#8402 = VECTOR ( 'NONE', #773, 1000.000000000000114 ) ;
#8403 = ORIENTED_EDGE ( 'NONE', *, *, #4418, .F. ) ;
#8404 = CARTESIAN_POINT ( 'NONE',  ( -31.79999999999996874, 21.13619599600163212, 0.4500000000000000111 ) ) ;
#8405 = CARTESIAN_POINT ( 'NONE',  ( -27.69999999999999574, 21.13619599600162502, 0.4500000000000000111 ) ) ;
#8406 = VERTEX_POINT ( 'NONE', #11975 ) ;
#8407 = DIRECTION ( 'NONE',  ( 0.000000000000000000, -1.000000000000000000, 0.000000000000000000 ) ) ;
#8408 = LINE ( 'NONE', #2498, #8265 ) ;
#8409 = CARTESIAN_POINT ( 'NONE',  ( 10.34999999999998366, 23.99407982849027121, 0.4500000000000000111 ) ) ;
#8410 = AXIS2_PLACEMENT_3D ( 'NONE', #5605, #5782, #6556 ) ;
#8411 = ADVANCED_FACE ( 'NONE', ( #11851 ), #2204, .T. ) ;
#8412 = CARTESIAN_POINT ( 'NONE',  ( 23.54999999999997584, 18.27831216351298238, 0.000000000000000000 ) ) ;
#8413 = FACE_OUTER_BOUND ( 'NONE', #5883, .T. ) ;
#8414 = DIRECTION ( 'NONE',  ( 1.000000000000000000, 0.000000000000000000, 0.000000000000000000 ) ) ;
#8415 = AXIS2_PLACEMENT_3D ( 'NONE', #775, #5963, #7050 ) ;
#8416 = DIRECTION ( 'NONE',  ( -0.8660254037844387076, 0.4999999999999997224, 0.000000000000000000 ) ) ;
#8417 = LINE ( 'NONE', #607, #6332 ) ;
#8418 = ORIENTED_EDGE ( 'NONE', *, *, #4688, .T. ) ;
#8419 = LINE ( 'NONE', #9374, #5254 ) ;
#8420 = ORIENTED_EDGE ( 'NONE', *, *, #2663, .T. ) ;
#8421 = VECTOR ( 'NONE', #11314, 1000.000000000000000 ) ;
#8422 = DIRECTION ( 'NONE',  ( 0.5000000000000004441, -0.8660254037844384856, 0.000000000000000000 ) ) ;
#8423 = ORIENTED_EDGE ( 'NONE', *, *, #9616, .F. ) ;
#8424 = AXIS2_PLACEMENT_3D ( 'NONE', #3157, #10913, #2211 ) ;
#8425 = CARTESIAN_POINT ( 'NONE',  ( 32.99999999999999289, 25.99999999999999645, 0.000000000000000000 ) ) ;
#8426 = VERTEX_POINT ( 'NONE', #5297 ) ;
#8427 = EDGE_CURVE ( 'NONE', #6720, #5025, #1371, .T. ) ;
#8428 = DIRECTION ( 'NONE',  ( 9.614813431917789401E-15, -1.000000000000000000, 0.000000000000000000 ) ) ;
#8429 = LINE ( 'NONE', #2702, #2442 ) ;
#8430 = AXIS2_PLACEMENT_3D ( 'NONE', #4459, #8528, #12339 ) ;
#8431 = DIRECTION ( 'NONE',  ( 0.8660254037844383745, -0.5000000000000003331, 0.000000000000000000 ) ) ;
#8432 = ORIENTED_EDGE ( 'NONE', *, *, #751, .T. ) ;
#8433 = ORIENTED_EDGE ( 'NONE', *, *, #1464, .F. ) ;
#8434 = DIRECTION ( 'NONE',  ( -0.8660254037844394848, -0.4999999999999985012, 0.000000000000000000 ) ) ;
#8435 = ORIENTED_EDGE ( 'NONE', *, *, #12037, .F. ) ;
#8436 = VECTOR ( 'NONE', #9342, 1000.000000000000114 ) ;
#8437 = DIRECTION ( 'NONE',  ( -9.614813431917789401E-15, 1.000000000000000000, 0.000000000000000000 ) ) ;
#8438 = VERTEX_POINT ( 'NONE', #1307 ) ;
#8439 = VECTOR ( 'NONE', #9319, 1000.000000000000000 ) ;
#8440 = EDGE_CURVE ( 'NONE', #10287, #5104, #8996, .T. ) ;
#8441 = VERTEX_POINT ( 'NONE', #10967 ) ;
#8442 = LINE ( 'NONE', #569, #656 ) ;
#8443 = CARTESIAN_POINT ( 'NONE',  ( -24.39999999999999858, 21.13619599600161791, 0.4500000000000000111 ) ) ;
#8444 = FACE_BOUND ( 'NONE', #1772, .T. ) ;
#8445 = CARTESIAN_POINT ( 'NONE',  ( -16.15000000000001990, 19.72168783648704249, 0.000000000000000000 ) ) ;
#8446 = DIRECTION ( 'NONE',  ( -0.8660254037844393737, 0.4999999999999985012, 0.000000000000000000 ) ) ;
#8447 = DIRECTION ( 'NONE',  ( 0.000000000000000000, 0.000000000000000000, -1.000000000000000000 ) ) ;
#8448 = ORIENTED_EDGE ( 'NONE', *, *, #8826, .F. ) ;
#8449 = VECTOR ( 'NONE', #10766, 1000.000000000000000 ) ;
#8450 = ORIENTED_EDGE ( 'NONE', *, *, #4668, .T. ) ;
#8451 = DIRECTION ( 'NONE',  ( 0.000000000000000000, 0.000000000000000000, -1.000000000000000000 ) ) ;
#8452 = ORIENTED_EDGE ( 'NONE', *, *, #6524, .T. ) ;
#8453 = EDGE_CURVE ( 'NONE', #8745, #7026, #12032, .T. ) ;
#8454 = ORIENTED_EDGE ( 'NONE', *, *, #1336, .F. ) ;
#8455 = VERTEX_POINT ( 'NONE', #5237 ) ;
#8456 = CARTESIAN_POINT ( 'NONE',  ( -8.300000000000006040, 17.55662432702593279, 0.4500000000000000111 ) ) ;
#8457 = CARTESIAN_POINT ( 'NONE',  ( 6.232766950200893774, 20.65539777313090397, 0.000000000000000000 ) ) ;
#8458 = ADVANCED_FACE ( 'NONE', ( #7087 ), #6079, .T. ) ;
#8459 = FACE_OUTER_BOUND ( 'NONE', #8102, .T. ) ;
#8460 = CARTESIAN_POINT ( 'NONE',  ( -17.80000000000000426, 21.13619599600161791, 0.4500000000000000111 ) ) ;
#8461 = EDGE_CURVE ( 'NONE', #1839, #11810, #7092, .T. ) ;
#8462 = ORIENTED_EDGE ( 'NONE', *, *, #1057, .F. ) ;
#8463 = CARTESIAN_POINT ( 'NONE',  ( -23.54999999999997584, 25.43745550146435264, 0.000000000000000000 ) ) ;
#8464 = ORIENTED_EDGE ( 'NONE', *, *, #8764, .F. ) ;
#8465 = FACE_BOUND ( 'NONE', #5657, .T. ) ;
#8466 = EDGE_LOOP ( 'NONE', ( #10190, #23, #8989, #3704, #9450, #11195, #3678 ) ) ;
#8467 = DIRECTION ( 'NONE',  ( 0.000000000000000000, -1.000000000000000000, 0.000000000000000000 ) ) ;
#8468 = CARTESIAN_POINT ( 'NONE',  ( 9.949999999999990408, 23.30125950546273117, 0.4500000000000000111 ) ) ;
#8469 = EDGE_LOOP ( 'NONE', ( #7149, #6318, #8100, #4750 ) ) ;
#8470 = DIRECTION ( 'NONE',  ( 0.000000000000000000, 0.000000000000000000, -1.000000000000000000 ) ) ;
#8471 = CARTESIAN_POINT ( 'NONE',  ( -31.39999999999997726, 20.44337567297409208, 0.4500000000000000111 ) ) ;
#8472 = CARTESIAN_POINT ( 'NONE',  ( -16.94999999999998153, 18.27831216351297883, 0.4500000000000000111 ) ) ;
#8473 = VECTOR ( 'NONE', #10003, 1000.000000000000000 ) ;
#8474 = DIRECTION ( 'NONE',  ( 0.000000000000000000, 0.000000000000000000, -1.000000000000000000 ) ) ;
#8475 = CARTESIAN_POINT ( 'NONE',  ( -20.73205080756889984, 17.99999999999999645, 0.4500000000000000111 ) ) ;
#8476 = VECTOR ( 'NONE', #10823, 1000.000000000000000 ) ;
#8477 = CARTESIAN_POINT ( 'NONE',  ( 16.94999999999998153, 19.72168783648705315, 0.4500000000000000111 ) ) ;
#8478 = EDGE_CURVE ( 'NONE', #10838, #4857, #473, .T. ) ;
#8479 = CARTESIAN_POINT ( 'NONE',  ( 23.14999999999999503, 20.41450815951458608, 0.000000000000000000 ) ) ;
#8480 = CARTESIAN_POINT ( 'NONE',  ( 28.37564434701790361, 25.99999999999999645, 0.000000000000000000 ) ) ;
#8481 = EDGE_LOOP ( 'NONE', ( #1183, #4208, #399, #7353 ) ) ;
#8482 = PLANE ( 'NONE',  #6274 ) ;
#8483 = ORIENTED_EDGE ( 'NONE', *, *, #3089, .T. ) ;
#8484 = ADVANCED_FACE ( 'NONE', ( #3147 ), #10013, .T. ) ;
#8485 = FACE_OUTER_BOUND ( 'NONE', #1625, .T. ) ;
#8486 = ORIENTED_EDGE ( 'NONE', *, *, #8900, .F. ) ;
#8487 = EDGE_CURVE ( 'NONE', #11340, #10598, #2380, .T. ) ;
#8488 = DIRECTION ( 'NONE',  ( 0.8660254037844387076, 0.4999999999999997224, 0.000000000000000000 ) ) ;
#8489 = CC_DESIGN_DATE_AND_TIME_ASSIGNMENT ( #1098, #8915, ( #1536 ) ) ;
#8490 = CARTESIAN_POINT ( 'NONE',  ( -35.95000000000000995, 19.72168783648704604, 0.4500000000000000111 ) ) ;
#8491 = VECTOR ( 'NONE', #2027, 1000.000000000000114 ) ;
#8492 = CARTESIAN_POINT ( 'NONE',  ( 12.85000000000000497, 18.27831216351296817, 0.4500000000000000111 ) ) ;
#8493 = DIRECTION ( 'NONE',  ( 1.000000000000000000, 9.614813431917789401E-15, 0.000000000000000000 ) ) ;
#8494 = EDGE_LOOP ( 'NONE', ( #9323, #3834, #1529, #9143 ) ) ;
#8495 = ORIENTED_EDGE ( 'NONE', *, *, #3300, .T. ) ;
#8496 = CARTESIAN_POINT ( 'NONE',  ( 33.04999999999997584, 23.30125950546274183, 0.000000000000000000 ) ) ;
#8497 = ORIENTED_EDGE ( 'NONE', *, *, #9075, .T. ) ;
#8498 = FACE_OUTER_BOUND ( 'NONE', #2150, .T. ) ;
#8499 = ORIENTED_EDGE ( 'NONE', *, *, #10140, .T. ) ;
#8500 = VECTOR ( 'NONE', #5687, 1000.000000000000000 ) ;
#8501 = ORIENTED_EDGE ( 'NONE', *, *, #1726, .F. ) ;
#8502 = PLANE ( 'NONE',  #10466 ) ;
#8503 = DIRECTION ( 'NONE',  ( -1.000000000000000000, 0.000000000000000000, 0.000000000000000000 ) ) ;
#8504 = CARTESIAN_POINT ( 'NONE',  ( -33.44999999999996732, 23.99407982849028542, 0.4500000000000000111 ) ) ;
#8505 = DIRECTION ( 'NONE',  ( -0.8660254037844393737, 0.4999999999999985012, 0.000000000000000000 ) ) ;
#8506 = CARTESIAN_POINT ( 'NONE',  ( -14.90000000000000036, 17.55662432702593989, 0.4500000000000000111 ) ) ;
#8507 = CARTESIAN_POINT ( 'NONE',  ( -27.70000000000000995, 22.57957166897569223, 0.000000000000000000 ) ) ;
#8508 = EDGE_LOOP ( 'NONE', ( #4936, #4365, #5473, #6184 ) ) ;
#8509 = VECTOR ( 'NONE', #5177, 1000.000000000000114 ) ;
#8510 = ORIENTED_EDGE ( 'NONE', *, *, #986, .T. ) ;
#8511 = EDGE_CURVE ( 'NONE', #1704, #10532, #5360, .T. ) ;
#8512 = EDGE_CURVE ( 'NONE', #11536, #3958, #10383, .T. ) ;
#8513 = CARTESIAN_POINT ( 'NONE',  ( 17.80000000000000426, 21.13619599600161791, 0.4500000000000000111 ) ) ;
#8514 = EDGE_LOOP ( 'NONE', ( #4738, #6125, #3689, #11089 ) ) ;
#8515 = VERTEX_POINT ( 'NONE', #11338 ) ;
#8516 = ORIENTED_EDGE ( 'NONE', *, *, #5180, .T. ) ;
#8517 = FACE_OUTER_BOUND ( 'NONE', #8860, .T. ) ;
#8518 = VECTOR ( 'NONE', #2429, 1000.000000000000000 ) ;
#8519 = DIRECTION ( 'NONE',  ( 0.000000000000000000, 0.000000000000000000, -1.000000000000000000 ) ) ;
#8520 = VECTOR ( 'NONE', #12194, 1000.000000000000000 ) ;
#8521 = DIRECTION ( 'NONE',  ( 0.8660254037844383745, 0.5000000000000003331, 0.000000000000000000 ) ) ;
#8522 = EDGE_CURVE ( 'NONE', #3847, #7960, #1567, .T. ) ;
#8523 = ORIENTED_EDGE ( 'NONE', *, *, #396, .F. ) ;
#8524 = CARTESIAN_POINT ( 'NONE',  ( -21.49999999999999289, 23.27239199200323583, 0.4500000000000000111 ) ) ;
#8525 = CARTESIAN_POINT ( 'NONE',  ( -10.83205080756887639, 18.00000000000000355, 0.4500000000000000111 ) ) ;
#8526 = ORIENTED_EDGE ( 'NONE', *, *, #10566, .F. ) ;
#8527 = DIRECTION ( 'NONE',  ( -9.614813431917789401E-15, -1.000000000000000000, 0.000000000000000000 ) ) ;
#8528 = DIRECTION ( 'NONE',  ( -0.5000000000000004441, -0.8660254037844384856, 0.000000000000000000 ) ) ;
#8529 = EDGE_CURVE ( 'NONE', #3412, #10101, #8716, .T. ) ;
#8530 = ORIENTED_EDGE ( 'NONE', *, *, #11787, .F. ) ;
#8531 = ADVANCED_FACE ( 'NONE', ( #2693 ), #7396, .T. ) ;
#8532 = CARTESIAN_POINT ( 'NONE',  ( -11.59999999999998721, 26.15914333795138091, 0.000000000000000000 ) ) ;
#8533 = CARTESIAN_POINT ( 'NONE',  ( -26.44999999999999218, 20.41450815951459319, 0.000000000000000000 ) ) ;
#8534 = EDGE_CURVE ( 'NONE', #1710, #6918, #4600, .T. ) ;
#8535 = DIRECTION ( 'NONE',  ( 0.000000000000000000, 0.000000000000000000, -1.000000000000000000 ) ) ;
#8536 = LINE ( 'NONE', #6687, #5964 ) ;
#8537 = FACE_OUTER_BOUND ( 'NONE', #7814, .T. ) ;
#8538 = EDGE_CURVE ( 'NONE', #11500, #7054, #8419, .T. ) ;
#8539 = CARTESIAN_POINT ( 'NONE',  ( -31.79999999999996874, 22.57957166897570644, 0.4500000000000000111 ) ) ;
#8540 = VECTOR ( 'NONE', #8240, 1000.000000000000000 ) ;
#8541 = DIRECTION ( 'NONE',  ( -1.000000000000000000, 9.614813431917789401E-15, 0.000000000000000000 ) ) ;
#8542 = CARTESIAN_POINT ( 'NONE',  ( 8.699999999999986855, 21.13619599600162147, 0.000000000000000000 ) ) ;
#8543 = EDGE_LOOP ( 'NONE', ( #3896, #7868, #4573, #6543 ) ) ;
#8544 = CARTESIAN_POINT ( 'NONE',  ( 18.19999999999998863, 20.44337567297408498, 0.4500000000000000111 ) ) ;
#8545 = VERTEX_POINT ( 'NONE', #9312 ) ;
#8546 = DIRECTION ( 'NONE',  ( 0.8660254037844383745, -0.5000000000000003331, 0.000000000000000000 ) ) ;
#8547 = ORIENTED_EDGE ( 'NONE', *, *, #4428, .F. ) ;
#8548 = EDGE_CURVE ( 'NONE', #9043, #11457, #11210, .T. ) ;
#8549 = CARTESIAN_POINT ( 'NONE',  ( 32.99999999999999289, 25.99999999999999645, 0.000000000000000000 ) ) ;
#8550 = DIRECTION ( 'NONE',  ( 0.000000000000000000, 0.000000000000000000, -1.000000000000000000 ) ) ;
#8551 = LINE ( 'NONE', #4607, #8943 ) ;
#8552 = DIRECTION ( 'NONE',  ( 0.000000000000000000, 0.000000000000000000, -1.000000000000000000 ) ) ;
#8553 = ORIENTED_EDGE ( 'NONE', *, *, #4853, .F. ) ;
#8554 = CARTESIAN_POINT ( 'NONE',  ( 32.65000000000000568, 19.72168783648704604, 0.4500000000000000111 ) ) ;
#8555 = ORIENTED_EDGE ( 'NONE', *, *, #4418, .T. ) ;
#8556 = EDGE_CURVE ( 'NONE', #1070, #8438, #12412, .T. ) ;
#8557 = CARTESIAN_POINT ( 'NONE',  ( -34.30000000000000426, 22.57957166897569223, 0.4500000000000000111 ) ) ;
#8558 = ORIENTED_EDGE ( 'NONE', *, *, #9181, .F. ) ;
#8559 = CARTESIAN_POINT ( 'NONE',  ( 18.59999999999998010, 21.13619599600162857, 0.4500000000000000111 ) ) ;
#8560 = ORIENTED_EDGE ( 'NONE', *, *, #6203, .F. ) ;
#8561 = ORIENTED_EDGE ( 'NONE', *, *, #12232, .F. ) ;
#8562 = CARTESIAN_POINT ( 'NONE',  ( -24.79999999999998295, 20.44337567297409208, 0.4500000000000000111 ) ) ;
#8563 = DIRECTION ( 'NONE',  ( 0.8660254037844383745, 0.5000000000000003331, 0.000000000000000000 ) ) ;
#8564 = FACE_BOUND ( 'NONE', #5616, .T. ) ;
#8565 = CARTESIAN_POINT ( 'NONE',  ( 23.54999999999997584, 18.27831216351298238, 0.4500000000000000111 ) ) ;
#8566 = CARTESIAN_POINT ( 'NONE',  ( -35.94999999999999574, 24.70138853184801775, 0.000000000000000000 ) ) ;
#8567 = VECTOR ( 'NONE', #7953, 1000.000000000000114 ) ;
#8568 = DIRECTION ( 'NONE',  ( -0.8660254037844393737, 0.4999999999999985012, 0.000000000000000000 ) ) ;
#8569 = ORIENTED_EDGE ( 'NONE', *, *, #10862, .T. ) ;
#8570 = VERTEX_POINT ( 'NONE', #10513 ) ;
#8571 = FACE_OUTER_BOUND ( 'NONE', #2041, .T. ) ;
#8572 = ORIENTED_EDGE ( 'NONE', *, *, #1934, .F. ) ;
#8573 = ORIENTED_EDGE ( 'NONE', *, *, #6974, .T. ) ;
#8574 = ORIENTED_EDGE ( 'NONE', *, *, #9424, .F. ) ;
#8575 = LINE ( 'NONE', #9411, #80 ) ;
#8576 = VECTOR ( 'NONE', #7298, 1000.000000000000000 ) ;
#8577 = LINE ( 'NONE', #6546, #7794 ) ;
#8578 = ADVANCED_FACE ( 'NONE', ( #5615 ), #8354, .T. ) ;
#8579 = LINE ( 'NONE', #3752, #886 ) ;
#8580 = VERTEX_POINT ( 'NONE', #6450 ) ;
#8581 = LINE ( 'NONE', #11507, #12371 ) ;
#8582 = EDGE_CURVE ( 'NONE', #9320, #2203, #9439, .T. ) ;
#8583 = DIRECTION ( 'NONE',  ( -0.000000000000000000, 0.000000000000000000, 1.000000000000000000 ) ) ;
#8584 = EDGE_LOOP ( 'NONE', ( #11618, #8104, #5908, #6871 ) ) ;
#8585 = CARTESIAN_POINT ( 'NONE',  ( 26.84999999999997300, 25.43745550146435619, 0.4500000000000000111 ) ) ;
#8586 = ORIENTED_EDGE ( 'NONE', *, *, #12256, .F. ) ;
#8587 = CARTESIAN_POINT ( 'NONE',  ( -12.85000000000001918, 19.72168783648703894, 0.4500000000000000111 ) ) ;
#8588 = DIRECTION ( 'NONE',  ( -0.5000000000000004441, -0.8660254037844384856, 0.000000000000000000 ) ) ;
#8589 = DIRECTION ( 'NONE',  ( 0.000000000000000000, 0.000000000000000000, -1.000000000000000000 ) ) ;
#8590 = LINE ( 'NONE', #3640, #1940 ) ;
#8591 = PLANE ( 'NONE',  #12467 ) ;
#8592 = VECTOR ( 'NONE', #6237, 1000.000000000000000 ) ;
#8593 = ORIENTED_EDGE ( 'NONE', *, *, #4879, .T. ) ;
#8594 = ADVANCED_FACE ( 'NONE', ( #2636 ), #8482, .T. ) ;
#8595 = DIRECTION ( 'NONE',  ( -1.000000000000000000, 0.000000000000000000, 0.000000000000000000 ) ) ;
#8596 = DIRECTION ( 'NONE',  ( 0.4999999999999985012, 0.8660254037844395958, 0.000000000000000000 ) ) ;
#8597 = VERTEX_POINT ( 'NONE', #9498 ) ;
#8598 = PLANE ( 'NONE',  #6083 ) ;
#8599 = ORIENTED_EDGE ( 'NONE', *, *, #10530, .F. ) ;
#8600 = VECTOR ( 'NONE', #9602, 1000.000000000000000 ) ;
#8601 = EDGE_CURVE ( 'NONE', #35, #1317, #8293, .T. ) ;
#8602 = LINE ( 'NONE', #7770, #7056 ) ;
#8603 = ADVANCED_FACE ( 'NONE', ( #3584 ), #12162, .T. ) ;
#8604 = ORIENTED_EDGE ( 'NONE', *, *, #1470, .T. ) ;
#8605 = VECTOR ( 'NONE', #8792, 1000.000000000000000 ) ;
#8606 = DIRECTION ( 'NONE',  ( -0.8660254037844394848, 0.4999999999999984457, 0.000000000000000000 ) ) ;
#8607 = AXIS2_PLACEMENT_3D ( 'NONE', #11203, #11795, #10839 ) ;
#8608 = AXIS2_PLACEMENT_3D ( 'NONE', #11622, #3817, #6727 ) ;
#8609 = EDGE_CURVE ( 'NONE', #1635, #11016, #4473, .T. ) ;
#8610 = FACE_OUTER_BOUND ( 'NONE', #8958, .T. ) ;
#8611 = LINE ( 'NONE', #2956, #8126 ) ;
#8612 = PLANE ( 'NONE',  #1758 ) ;
#8613 = VERTEX_POINT ( 'NONE', #6510 ) ;
#8614 = DIRECTION ( 'NONE',  ( -1.000000000000000000, 9.614813431917789401E-15, 0.000000000000000000 ) ) ;
#8615 = EDGE_CURVE ( 'NONE', #238, #2300, #1214, .T. ) ;
#8616 = VECTOR ( 'NONE', #9490, 1000.000000000000000 ) ;
#8617 = VERTEX_POINT ( 'NONE', #12225 ) ;
#8618 = EDGE_CURVE ( 'NONE', #4297, #9257, #11395, .T. ) ;
#8619 = DIRECTION ( 'NONE',  ( -0.000000000000000000, -0.000000000000000000, 1.000000000000000000 ) ) ;
#8620 = VECTOR ( 'NONE', #12248, 1000.000000000000000 ) ;
#8621 = CARTESIAN_POINT ( 'NONE',  ( -18.19999999999999574, 17.55662432702593989, 0.000000000000000000 ) ) ;
#8622 = VERTEX_POINT ( 'NONE', #8728 ) ;
#8623 = ORIENTED_EDGE ( 'NONE', *, *, #11292, .F. ) ;
#8624 = AXIS2_PLACEMENT_3D ( 'NONE', #5028, #2177, #10681 ) ;
#8625 = CARTESIAN_POINT ( 'NONE',  ( -22.75000000000000711, 25.43745550146433487, 0.000000000000000000 ) ) ;
#8626 = DIRECTION ( 'NONE',  ( 9.614813431917789401E-15, -1.000000000000000000, 0.000000000000000000 ) ) ;
#8627 = LINE ( 'NONE', #3033, #4114 ) ;
#8628 = LINE ( 'NONE', #3987, #10495 ) ;
#8629 = CC_DESIGN_APPROVAL ( #1889, ( #3150 ) ) ;
#8630 = CARTESIAN_POINT ( 'NONE',  ( -19.45000000000001705, 19.72168783648704249, 0.000000000000000000 ) ) ;
#8631 = DIRECTION ( 'NONE',  ( -9.614813431917789401E-15, 1.000000000000000000, 0.000000000000000000 ) ) ;
#8632 = ORIENTED_EDGE ( 'NONE', *, *, #124, .T. ) ;
#8633 = EDGE_CURVE ( 'NONE', #6634, #1250, #1990, .T. ) ;
#8634 = ORIENTED_EDGE ( 'NONE', *, *, #9483, .F. ) ;
#8635 = CARTESIAN_POINT ( 'NONE',  ( -31.39999999999998437, 23.27239199200324293, 0.000000000000000000 ) ) ;
#8636 = VECTOR ( 'NONE', #143, 1000.000000000000000 ) ;
#8637 = VERTEX_POINT ( 'NONE', #1871 ) ;
#8638 = VECTOR ( 'NONE', #8166, 1000.000000000000000 ) ;
#8639 = VERTEX_POINT ( 'NONE', #10571 ) ;
#8640 = EDGE_CURVE ( 'NONE', #5311, #4101, #911, .T. ) ;
#8641 = ADVANCED_FACE ( 'NONE', ( #151 ), #5796, .T. ) ;
#8642 = ORIENTED_EDGE ( 'NONE', *, *, #4948, .T. ) ;
#8643 = VECTOR ( 'NONE', #6989, 1000.000000000000000 ) ;
#8644 = CARTESIAN_POINT ( 'NONE',  ( -17.92435565298207223, 25.99999999999999645, 0.4500000000000000111 ) ) ;
#8645 = AXIS2_PLACEMENT_3D ( 'NONE', #7382, #6244, #5285 ) ;
#8646 = LINE ( 'NONE', #5653, #4143 ) ;
#8647 = VECTOR ( 'NONE', #246, 1000.000000000000114 ) ;
#8648 = FACE_OUTER_BOUND ( 'NONE', #5797, .T. ) ;
#8649 = ORIENTED_EDGE ( 'NONE', *, *, #5082, .T. ) ;
#8650 = CARTESIAN_POINT ( 'NONE',  ( -23.54999999999997584, 19.72168783648705670, 0.4500000000000000111 ) ) ;
#8651 = CARTESIAN_POINT ( 'NONE',  ( -15.17564434701788834, 25.99999999999999645, 0.000000000000000000 ) ) ;
#8652 = ORIENTED_EDGE ( 'NONE', *, *, #1395, .T. ) ;
#8653 = CARTESIAN_POINT ( 'NONE',  ( -34.69999999999997442, 26.15914333795139513, 0.000000000000000000 ) ) ;
#8654 = ORIENTED_EDGE ( 'NONE', *, *, #56, .T. ) ;
#8655 = DIRECTION ( 'NONE',  ( -0.8660254037844394848, 0.4999999999999984457, 0.000000000000000000 ) ) ;
#8656 = EDGE_CURVE ( 'NONE', #4219, #3118, #2055, .T. ) ;
#8657 = DIRECTION ( 'NONE',  ( -1.000000000000000000, 0.000000000000000000, 0.000000000000000000 ) ) ;
#8658 = CARTESIAN_POINT ( 'NONE',  ( 30.99999999999999289, 21.13619599600162502, 0.000000000000000000 ) ) ;
#8659 = CARTESIAN_POINT ( 'NONE',  ( -19.45000000000001705, 25.43745550146433843, 0.4500000000000000111 ) ) ;
#8660 = APPROVAL_DATE_TIME ( #3768, #10609 ) ;
#8661 = ORIENTED_EDGE ( 'NONE', *, *, #11814, .F. ) ;
#8662 = LINE ( 'NONE', #851, #2661 ) ;
#8663 = CARTESIAN_POINT ( 'NONE',  ( -11.60000000000000320, 17.55662432702593634, 0.4500000000000000111 ) ) ;
#8664 = ORIENTED_EDGE ( 'NONE', *, *, #7712, .T. ) ;
#8665 = DIRECTION ( 'NONE',  ( -0.4999999999999985567, 0.8660254037844394848, 0.000000000000000000 ) ) ;
#8666 = ORIENTED_EDGE ( 'NONE', *, *, #5899, .T. ) ;
#8667 = EDGE_CURVE ( 'NONE', #11554, #11725, #5992, .T. ) ;
#8668 = EDGE_CURVE ( 'NONE', #667, #10165, #1038, .T. ) ;
#8669 = AXIS2_PLACEMENT_3D ( 'NONE', #12350, #3643, #11391 ) ;
#8670 = VECTOR ( 'NONE', #7945, 1000.000000000000000 ) ;
#8671 = DIRECTION ( 'NONE',  ( 0.000000000000000000, 0.000000000000000000, -1.000000000000000000 ) ) ;
#8672 = ORIENTED_EDGE ( 'NONE', *, *, #11399, .T. ) ;
#8673 = CARTESIAN_POINT ( 'NONE',  ( -6.126808886538224641, 22.99919497526796164, 0.000000000000000000 ) ) ;
#8674 = EDGE_CURVE ( 'NONE', #9805, #594, #3898, .T. ) ;
#8675 = VECTOR ( 'NONE', #3206, 1000.000000000000000 ) ;
#8676 = LINE ( 'NONE', #1118, #1374 ) ;
#8677 = CARTESIAN_POINT ( 'NONE',  ( 37.60000000000000853, 22.57957166897569579, 0.4500000000000000111 ) ) ;
#8678 = ADVANCED_FACE ( 'NONE', ( #3835 ), #8598, .T. ) ;
#8679 = CARTESIAN_POINT ( 'NONE',  ( -32.99999999999999289, 18.00000000000000355, 0.4500000000000000111 ) ) ;
#8680 = ORIENTED_EDGE ( 'NONE', *, *, #9138, .F. ) ;
#8681 = VECTOR ( 'NONE', #8546, 1000.000000000000114 ) ;
#8682 = DIRECTION ( 'NONE',  ( 0.000000000000000000, 0.000000000000000000, 1.000000000000000000 ) ) ;
#8683 = VERTEX_POINT ( 'NONE', #9615 ) ;
#8684 = DIRECTION ( 'NONE',  ( 0.8660254037844388186, -0.4999999999999997224, 0.000000000000000000 ) ) ;
#8685 = EDGE_CURVE ( 'NONE', #10740, #1944, #6751, .T. ) ;
#8686 = PLANE ( 'NONE',  #8776 ) ;
#8687 = ORIENTED_EDGE ( 'NONE', *, *, #2700, .F. ) ;
#8688 = ADVANCED_FACE ( 'NONE', ( #12471 ), #3776, .T. ) ;
#8689 = PLANE ( 'NONE',  #5187 ) ;
#8690 = ORIENTED_EDGE ( 'NONE', *, *, #11059, .T. ) ;
#8691 = CARTESIAN_POINT ( 'NONE',  ( -26.84999999999997300, 19.72168783648705670, 0.4500000000000000111 ) ) ;
#8692 = PLANE ( 'NONE',  #11058 ) ;
#8693 = LINE ( 'NONE', #8884, #11214 ) ;
#8694 = CARTESIAN_POINT ( 'NONE',  ( 29.74999999999998934, 20.41450815951459319, 0.4500000000000000111 ) ) ;
#8695 = CARTESIAN_POINT ( 'NONE',  ( 16.94999999999998153, 25.43745550146435264, 0.000000000000000000 ) ) ;
#8696 = DIRECTION ( 'NONE',  ( 0.000000000000000000, 0.000000000000000000, -1.000000000000000000 ) ) ;
#8697 = ORIENTED_EDGE ( 'NONE', *, *, #6429, .T. ) ;
#8698 = ORIENTED_EDGE ( 'NONE', *, *, #430, .T. ) ;
#8699 = VERTEX_POINT ( 'NONE', #10630 ) ;
#8700 = DIRECTION ( 'NONE',  ( 0.000000000000000000, 0.000000000000000000, -1.000000000000000000 ) ) ;
#8701 = VECTOR ( 'NONE', #9100, 1000.000000000000000 ) ;
#8702 = ORIENTED_EDGE ( 'NONE', *, *, #2163, .F. ) ;
#8703 = ORIENTED_EDGE ( 'NONE', *, *, #118, .F. ) ;
#8704 = EDGE_LOOP ( 'NONE', ( #1688, #10710, #2120, #7929 ) ) ;
#8705 = EDGE_CURVE ( 'NONE', #5025, #6901, #1933, .T. ) ;
#8706 = CARTESIAN_POINT ( 'NONE',  ( 23.54999999999997584, 18.27831216351298238, 0.4500000000000000111 ) ) ;
#8707 = CARTESIAN_POINT ( 'NONE',  ( 13.24999999999998757, 23.30125950546273117, 0.4500000000000000111 ) ) ;
#8708 = CARTESIAN_POINT ( 'NONE',  ( 25.56794919243110442, 18.00000000000000355, 0.4500000000000000111 ) ) ;
#8709 = VECTOR ( 'NONE', #9391, 1000.000000000000000 ) ;
#8710 = ORIENTED_EDGE ( 'NONE', *, *, #4197, .T. ) ;
#8711 = DIRECTION ( 'NONE',  ( 1.000000000000000000, 0.000000000000000000, 0.000000000000000000 ) ) ;
#8712 = FACE_BOUND ( 'NONE', #10208, .T. ) ;
#8713 = ORIENTED_EDGE ( 'NONE', *, *, #3333, .T. ) ;
#8714 = DIRECTION ( 'NONE',  ( -0.8660254037844387076, 0.4999999999999997224, 0.000000000000000000 ) ) ;
#8715 = VERTEX_POINT ( 'NONE', #11648 ) ;
#8716 = CIRCLE ( 'NONE', #10337, 6.600000000000008527 ) ;
#8717 = LINE ( 'NONE', #10679, #3691 ) ;
#8718 = CARTESIAN_POINT ( 'NONE',  ( 16.15000000000001990, 19.72168783648704249, 0.4500000000000000111 ) ) ;
#8719 = AXIS2_PLACEMENT_3D ( 'NONE', #11845, #1188, #8158 ) ;
#8720 = LINE ( 'NONE', #4593, #10447 ) ;
#8721 = PLANE ( 'NONE',  #11273 ) ;
#8722 = LINE ( 'NONE', #4713, #7401 ) ;
#8723 = EDGE_LOOP ( 'NONE', ( #7674, #9932, #4878, #2253 ) ) ;
#8724 = DIRECTION ( 'NONE',  ( 0.4999999999999997224, -0.8660254037844388186, -0.000000000000000000 ) ) ;
#8725 = DIRECTION ( 'NONE',  ( -0.8660254037844383745, -0.5000000000000003331, 0.000000000000000000 ) ) ;
#8726 = ORIENTED_EDGE ( 'NONE', *, *, #3020, .F. ) ;
#8727 = VECTOR ( 'NONE', #11625, 1000.000000000000000 ) ;
#8728 = CARTESIAN_POINT ( 'NONE',  ( -13.25000000000000000, 20.41450815951458608, 0.4500000000000000111 ) ) ;
#8729 = ORIENTED_EDGE ( 'NONE', *, *, #1798, .F. ) ;
#8730 = DIRECTION ( 'NONE',  ( 0.4999999999999997224, -0.8660254037844388186, -0.000000000000000000 ) ) ;
#8731 = ORIENTED_EDGE ( 'NONE', *, *, #5937, .T. ) ;
#8732 = FACE_OUTER_BOUND ( 'NONE', #7755, .T. ) ;
#8733 = VECTOR ( 'NONE', #5623, 1000.000000000000000 ) ;
#8734 = ADVANCED_FACE ( 'NONE', ( #6817 ), #9804, .T. ) ;
#8735 = DIRECTION ( 'NONE',  ( 0.8660254037844394848, 0.4999999999999984457, 0.000000000000000000 ) ) ;
#8736 = DIRECTION ( 'NONE',  ( 1.000000000000000000, -0.000000000000000000, -0.000000000000000000 ) ) ;
#8737 = LINE ( 'NONE', #166, #9875 ) ;
#8738 = ORIENTED_EDGE ( 'NONE', *, *, #4542, .T. ) ;
#8739 = CARTESIAN_POINT ( 'NONE',  ( 32.99999999999999289, 22.00000000000000355, 0.000000000000000000 ) ) ;
#8740 = ORIENTED_EDGE ( 'NONE', *, *, #11374, .F. ) ;
#8741 = EDGE_CURVE ( 'NONE', #7733, #6154, #9676, .T. ) ;
#8742 = CARTESIAN_POINT ( 'NONE',  ( -12.85000000000001918, 19.72168783648703894, 0.4500000000000000111 ) ) ;
#8743 = AXIS2_PLACEMENT_3D ( 'NONE', #10316, #11143, #11335 ) ;
#8744 = LINE ( 'NONE', #3913, #3903 ) ;
#8745 = VERTEX_POINT ( 'NONE', #10690 ) ;
#8746 = EDGE_CURVE ( 'NONE', #200, #4549, #5857, .T. ) ;
#8747 = CARTESIAN_POINT ( 'NONE',  ( 36.34999999999998010, 23.30125950546274538, 0.000000000000000000 ) ) ;
#8748 = ORIENTED_EDGE ( 'NONE', *, *, #3902, .T. ) ;
#8749 = DIRECTION ( 'NONE',  ( 0.000000000000000000, 0.000000000000000000, -1.000000000000000000 ) ) ;
#8750 = LINE ( 'NONE', #1061, #2940 ) ;
#8751 = DIRECTION ( 'NONE',  ( 0.8660254037844387076, 0.4999999999999997224, 0.000000000000000000 ) ) ;
#8752 = LINE ( 'NONE', #4744, #10907 ) ;
#8753 = DIRECTION ( 'NONE',  ( 0.000000000000000000, 0.000000000000000000, -1.000000000000000000 ) ) ;
#8754 = LINE ( 'NONE', #10595, #5196 ) ;
#8755 = VERTEX_POINT ( 'NONE', #11524 ) ;
#8756 = EDGE_CURVE ( 'NONE', #10970, #2817, #85, .T. ) ;
#8757 = ORIENTED_EDGE ( 'NONE', *, *, #8538, .F. ) ;
#8758 = ORIENTED_EDGE ( 'NONE', *, *, #3294, .T. ) ;
#8759 = DIRECTION ( 'NONE',  ( -0.5000000000000004441, -0.8660254037844384856, 0.000000000000000000 ) ) ;
#8760 = ORIENTED_EDGE ( 'NONE', *, *, #6884, .T. ) ;
#8761 = EDGE_LOOP ( 'NONE', ( #6028, #6291, #2987, #7975 ) ) ;
#8762 = EDGE_CURVE ( 'NONE', #5296, #576, #6694, .T. ) ;
#8763 = EDGE_LOOP ( 'NONE', ( #9806, #4083, #581, #6835 ) ) ;
#8764 = EDGE_CURVE ( 'NONE', #5669, #5781, #10951, .T. ) ;
#8765 = CARTESIAN_POINT ( 'NONE',  ( -14.89999999999999680, 23.27239199200323228, 0.4500000000000000111 ) ) ;
#8766 = FACE_OUTER_BOUND ( 'NONE', #2760, .T. ) ;
#8767 = VECTOR ( 'NONE', #541, 1000.000000000000114 ) ;
#8768 = VECTOR ( 'NONE', #875, 1000.000000000000000 ) ;
#8769 = CARTESIAN_POINT ( 'NONE',  ( -18.19999999999999574, 17.55662432702593989, 0.4500000000000000111 ) ) ;
#8770 = CARTESIAN_POINT ( 'NONE',  ( 7.900000000000007461, 21.13619599600161436, 0.4500000000000000111 ) ) ;
#8771 = VERTEX_POINT ( 'NONE', #7189 ) ;
#8772 = CARTESIAN_POINT ( 'NONE',  ( -21.22435565298208360, 26.00000000000000000, 0.000000000000000000 ) ) ;
#8773 = FACE_BOUND ( 'NONE', #474, .T. ) ;
#8774 = EDGE_CURVE ( 'NONE', #6637, #3104, #4323, .T. ) ;
#8775 = ORIENTED_EDGE ( 'NONE', *, *, #5861, .T. ) ;
#8776 = AXIS2_PLACEMENT_3D ( 'NONE', #2775, #6651, #3851 ) ;
#8777 = ADVANCED_FACE ( 'NONE', ( #10116 ), #7009, .T. ) ;
#8778 = ORIENTED_EDGE ( 'NONE', *, *, #11399, .F. ) ;
#8779 = CARTESIAN_POINT ( 'NONE',  ( -29.35000000000000853, 19.72168783648704604, 0.000000000000000000 ) ) ;
#8780 = LINE ( 'NONE', #9033, #3597 ) ;
#8781 = DIRECTION ( 'NONE',  ( -0.8660254037844387076, 0.4999999999999997224, 0.000000000000000000 ) ) ;
#8782 = DIRECTION ( 'NONE',  ( -0.8660254037844387076, 0.4999999999999997224, 0.000000000000000000 ) ) ;
#8783 = DIRECTION ( 'NONE',  ( 0.8660254037844387076, 0.4999999999999997224, 0.000000000000000000 ) ) ;
#8784 = PERSON_AND_ORGANIZATION ( #730, #5577 ) ;
#8785 = ORIENTED_EDGE ( 'NONE', *, *, #8927, .T. ) ;
#8786 = LINE ( 'NONE', #5916, #7529 ) ;
#8787 = CARTESIAN_POINT ( 'NONE',  ( -24.40000000000001279, 22.57957166897568868, 0.000000000000000000 ) ) ;
#8788 = ORIENTED_EDGE ( 'NONE', *, *, #861, .F. ) ;
#8789 = DIRECTION ( 'NONE',  ( 0.000000000000000000, 0.000000000000000000, -1.000000000000000000 ) ) ;
#8790 = VERTEX_POINT ( 'NONE', #12016 ) ;
#8791 = ORIENTED_EDGE ( 'NONE', *, *, #5729, .F. ) ;
#8792 = DIRECTION ( 'NONE',  ( 0.8660254037844394848, -0.4999999999999985012, 0.000000000000000000 ) ) ;
#8793 = LINE ( 'NONE', #9050, #8473 ) ;
#8794 = ORIENTED_EDGE ( 'NONE', *, *, #846, .T. ) ;
#8795 = ADVANCED_FACE ( 'NONE', ( #11131 ), #217, .T. ) ;
#8796 = AXIS2_PLACEMENT_3D ( 'NONE', #11004, #2299, #5336 ) ;
#8797 = FACE_OUTER_BOUND ( 'NONE', #7635, .T. ) ;
#8798 = VECTOR ( 'NONE', #8961, 1000.000000000000000 ) ;
#8799 = CARTESIAN_POINT ( 'NONE',  ( -29.35000000000000853, 19.72168783648704604, 0.4500000000000000111 ) ) ;
#8800 = CARTESIAN_POINT ( 'NONE',  ( -34.69999999999998153, 20.44337567297409208, 0.000000000000000000 ) ) ;
#8801 = PLANE ( 'NONE',  #1350 ) ;
#8802 = ORIENTED_EDGE ( 'NONE', *, *, #9129, .F. ) ;
#8803 = LINE ( 'NONE', #9889, #4849 ) ;
#8804 = ORIENTED_EDGE ( 'NONE', *, *, #6739, .F. ) ;
#8805 = CARTESIAN_POINT ( 'NONE',  ( 26.84999999999997300, 25.43745550146435619, 0.000000000000000000 ) ) ;
#8806 = VECTOR ( 'NONE', #3370, 1000.000000000000000 ) ;
#8807 = EDGE_CURVE ( 'NONE', #4117, #5102, #8146, .T. ) ;
#8808 = DIRECTION ( 'NONE',  ( 0.8660254037844393737, 0.4999999999999985012, 0.000000000000000000 ) ) ;
#8809 = EDGE_LOOP ( 'NONE', ( #3666, #11652, #11225, #3809, #1416, #2173 ) ) ;
#8810 = DIRECTION ( 'NONE',  ( 0.000000000000000000, 0.000000000000000000, -1.000000000000000000 ) ) ;
#8811 = ORIENTED_EDGE ( 'NONE', *, *, #1792, .F. ) ;
#8812 = DIRECTION ( 'NONE',  ( 0.000000000000000000, -1.000000000000000000, 0.000000000000000000 ) ) ;
#8813 = PLANE ( 'NONE',  #8424 ) ;
#8814 = VECTOR ( 'NONE', #9403, 1000.000000000000000 ) ;
#8815 = LINE ( 'NONE', #1894, #4715 ) ;
#8816 = FACE_OUTER_BOUND ( 'NONE', #10926, .T. ) ;
#8817 = DIRECTION ( 'NONE',  ( -9.614813431917789401E-15, 1.000000000000000000, 0.000000000000000000 ) ) ;
#8818 = DIRECTION ( 'NONE',  ( 0.8660254037844383745, -0.5000000000000003331, 0.000000000000000000 ) ) ;
#8819 = VERTEX_POINT ( 'NONE', #4142 ) ;
#8820 = EDGE_CURVE ( 'NONE', #8755, #4609, #2364, .T. ) ;
#8821 = VECTOR ( 'NONE', #3751, 1000.000000000000000 ) ;
#8822 = VERTEX_POINT ( 'NONE', #3195 ) ;
#8823 = EDGE_LOOP ( 'NONE', ( #10326, #3960, #10019, #11523, #191, #6521 ) ) ;
#8824 = CARTESIAN_POINT ( 'NONE',  ( 20.24999999999997513, 23.99407982849027476, 0.4500000000000000111 ) ) ;
#8825 = VERTEX_POINT ( 'NONE', #6242 ) ;
#8826 = EDGE_CURVE ( 'NONE', #9198, #9777, #338, .T. ) ;
#8827 = EDGE_CURVE ( 'NONE', #4345, #2362, #3377, .T. ) ;
#8828 = VERTEX_POINT ( 'NONE', #2190 ) ;
#8829 = VECTOR ( 'NONE', #2437, 1000.000000000000114 ) ;
#8830 = ORIENTED_EDGE ( 'NONE', *, *, #10941, .T. ) ;
#8831 = VECTOR ( 'NONE', #10654, 1000.000000000000000 ) ;
#8832 = LINE ( 'NONE', #2860, #4534 ) ;
#8833 = DIRECTION ( 'NONE',  ( 0.4999999999999985567, 0.8660254037844394848, 0.000000000000000000 ) ) ;
#8834 = CARTESIAN_POINT ( 'NONE',  ( -18.59999999999998010, 21.13619599600162857, 0.000000000000000000 ) ) ;
#8835 = LINE ( 'NONE', #1156, #3164 ) ;
#8836 = EDGE_LOOP ( 'NONE', ( #4987, #5926, #10954, #10305, #3133, #10586 ) ) ;
#8837 = FACE_OUTER_BOUND ( 'NONE', #5195, .T. ) ;
#8838 = VECTOR ( 'NONE', #7172, 1000.000000000000000 ) ;
#8839 = EDGE_CURVE ( 'NONE', #9743, #405, #4082, .T. ) ;
#8840 = DIRECTION ( 'NONE',  ( 9.614813431917789401E-15, 1.000000000000000000, 0.000000000000000000 ) ) ;
#8841 = VERTEX_POINT ( 'NONE', #2303 ) ;
#8842 = ORIENTED_EDGE ( 'NONE', *, *, #209, .T. ) ;
#8843 = LINE ( 'NONE', #9729, #2472 ) ;
#8844 = EDGE_CURVE ( 'NONE', #10415, #11498, #8206, .T. ) ;
#8845 = CARTESIAN_POINT ( 'NONE',  ( -21.50000000000000000, 17.55662432702593989, 0.000000000000000000 ) ) ;
#8846 = VECTOR ( 'NONE', #5624, 1000.000000000000114 ) ;
#8847 = LINE ( 'NONE', #5092, #6606 ) ;
#8848 = VECTOR ( 'NONE', #10404, 1000.000000000000114 ) ;
#8849 = VECTOR ( 'NONE', #4604, 1000.000000000000000 ) ;
#8850 = EDGE_CURVE ( 'NONE', #6980, #9918, #7955, .T. ) ;
#8851 = DIRECTION ( 'NONE',  ( 0.8660254037844383745, -0.5000000000000003331, 0.000000000000000000 ) ) ;
#8852 = LINE ( 'NONE', #5983, #8636 ) ;
#8853 = DATE_AND_TIME ( #4137, #11877 ) ;
#8854 = ORIENTED_EDGE ( 'NONE', *, *, #5047, .T. ) ;
#8855 = LINE ( 'NONE', #3004, #9334 ) ;
#8856 = CARTESIAN_POINT ( 'NONE',  ( -9.550000000000007816, 18.27831216351296462, 0.4500000000000000111 ) ) ;
#8857 = ORIENTED_EDGE ( 'NONE', *, *, #9597, .F. ) ;
#8858 = VECTOR ( 'NONE', #9755, 1000.000000000000000 ) ;
#8859 = CARTESIAN_POINT ( 'NONE',  ( 32.99999999999999289, 18.00000000000000355, 0.000000000000000000 ) ) ;
#8860 = EDGE_LOOP ( 'NONE', ( #10106, #2388, #1192, #11889 ) ) ;
#8861 = ORIENTED_EDGE ( 'NONE', *, *, #6640, .F. ) ;
#8862 = CARTESIAN_POINT ( 'NONE',  ( -10.34999999999998366, 23.99407982849027121, 0.000000000000000000 ) ) ;
#8863 = CARTESIAN_POINT ( 'NONE',  ( -8.299999999999993605, 20.44337567297408143, 0.4500000000000000111 ) ) ;
#8864 = ORIENTED_EDGE ( 'NONE', *, *, #3722, .T. ) ;
#8865 = FACE_OUTER_BOUND ( 'NONE', #10616, .T. ) ;
#8866 = EDGE_CURVE ( 'NONE', #90, #5826, #3131, .T. ) ;
#8867 = DIRECTION ( 'NONE',  ( 0.000000000000000000, 0.000000000000000000, -1.000000000000000000 ) ) ;
#8868 = LINE ( 'NONE', #9813, #10359 ) ;
#8869 = DIRECTION ( 'NONE',  ( -0.8660254037844387076, 0.4999999999999997224, 0.000000000000000000 ) ) ;
#8870 = EDGE_LOOP ( 'NONE', ( #2741, #11271, #3569, #3086, #9015, #7876 ) ) ;
#8871 = LINE ( 'NONE', #7778, #1820 ) ;
#8872 = EDGE_CURVE ( 'NONE', #7291, #7777, #7073, .T. ) ;
#8873 = VERTEX_POINT ( 'NONE', #9935 ) ;
#8874 = VECTOR ( 'NONE', #9237, 1000.000000000000000 ) ;
#8875 = DIRECTION ( 'NONE',  ( -0.8660254037844383745, 0.5000000000000003331, 0.000000000000000000 ) ) ;
#8876 = VECTOR ( 'NONE', #10976, 1000.000000000000114 ) ;
#8877 = CARTESIAN_POINT ( 'NONE',  ( 11.60000000000000320, 17.55662432702593634, 0.000000000000000000 ) ) ;
#8878 = ORIENTED_EDGE ( 'NONE', *, *, #6051, .F. ) ;
#8879 = DIRECTION ( 'NONE',  ( 0.8660254037844387076, 0.4999999999999997224, 0.000000000000000000 ) ) ;
#8880 = ORIENTED_EDGE ( 'NONE', *, *, #8872, .F. ) ;
#8881 = CARTESIAN_POINT ( 'NONE',  ( 29.34999999999999432, 18.27831216351297527, 0.4500000000000000111 ) ) ;
#8882 = CARTESIAN_POINT ( 'NONE',  ( 19.84999999999999787, 20.41450815951458964, 0.4500000000000000111 ) ) ;
#8883 = VECTOR ( 'NONE', #476, 1000.000000000000000 ) ;
#8884 = CARTESIAN_POINT ( 'NONE',  ( 9.205862518594861044, 18.07962429598546450, 0.4500000000000000111 ) ) ;
#8885 = DIRECTION ( 'NONE',  ( 0.000000000000000000, 0.000000000000000000, -1.000000000000000000 ) ) ;
#8886 = LINE ( 'NONE', #6026, #418 ) ;
#8887 = PLANE ( 'NONE',  #5795 ) ;
#8889 = ORIENTED_EDGE ( 'NONE', *, *, #2761, .F. ) ;
#8888 = VECTOR ( 'NONE', #11020, 1000.000000000000000 ) ;
#8890 = ORIENTED_EDGE ( 'NONE', *, *, #2532, .T. ) ;
#8891 = ORIENTED_EDGE ( 'NONE', *, *, #9174, .F. ) ;
#8892 = DIRECTION ( 'NONE',  ( 1.000000000000000000, -0.000000000000000000, -0.000000000000000000 ) ) ;
#8893 = EDGE_LOOP ( 'NONE', ( #4989, #3024, #2366, #275 ) ) ;
#8894 = ORIENTED_EDGE ( 'NONE', *, *, #9988, .T. ) ;
#8895 = VERTEX_POINT ( 'NONE', #5101 ) ;
#8896 = PLANE ( 'NONE',  #2710 ) ;
#8897 = CARTESIAN_POINT ( 'NONE',  ( 11.99999999999998401, 21.13619599600162502, 0.000000000000000000 ) ) ;
#8898 = CARTESIAN_POINT ( 'NONE',  ( 35.95000000000000284, 19.29861146815199646, 0.000000000000000000 ) ) ;
#8899 = EDGE_CURVE ( 'NONE', #4060, #10333, #4207, .T. ) ;
#8900 = EDGE_CURVE ( 'NONE', #4479, #8545, #6122, .T. ) ;
#8901 = DIRECTION ( 'NONE',  ( 0.000000000000000000, 0.000000000000000000, -1.000000000000000000 ) ) ;
#8902 = ORIENTED_EDGE ( 'NONE', *, *, #3613, .F. ) ;
#8903 = VECTOR ( 'NONE', #1546, 1000.000000000000000 ) ;
#8904 = CARTESIAN_POINT ( 'NONE',  ( 35.94999999999998863, 23.99407982849027832, 0.4500000000000000111 ) ) ;
#8905 = CARTESIAN_POINT ( 'NONE',  ( -11.20000000000001883, 22.57957166897568513, 0.000000000000000000 ) ) ;
#8906 = ORIENTED_EDGE ( 'NONE', *, *, #1253, .F. ) ;
#8907 = ORIENTED_EDGE ( 'NONE', *, *, #6129, .F. ) ;
#8908 = PLANE ( 'NONE',  #12007 ) ;
#8909 = DIRECTION ( 'NONE',  ( 0.8660254037844394848, 0.4999999999999984457, 0.000000000000000000 ) ) ;
#8910 = LINE ( 'NONE', #7946, #7004 ) ;
#8911 = VECTOR ( 'NONE', #5564, 1000.000000000000114 ) ;
#8912 = EDGE_CURVE ( 'NONE', #12507, #10165, #4266, .T. ) ;
#8913 = LINE ( 'NONE', #7001, #5168 ) ;
#8914 = DIRECTION ( 'NONE',  ( -0.4999999999999985012, 0.8660254037844395958, 0.000000000000000000 ) ) ;
#8915 = DATE_TIME_ROLE ( 'classification_date' ) ;
#8916 = VERTEX_POINT ( 'NONE', #9162 ) ;
#8917 = DIRECTION ( 'NONE',  ( 0.000000000000000000, -1.000000000000000000, 0.000000000000000000 ) ) ;
#8918 = CARTESIAN_POINT ( 'NONE',  ( 13.64999999999998082, 23.99407982849027121, 0.4500000000000000111 ) ) ;
#8919 = ORIENTED_EDGE ( 'NONE', *, *, #9571, .T. ) ;
#8920 = ADVANCED_FACE ( 'NONE', ( #395 ), #9226, .T. ) ;
#8921 = CARTESIAN_POINT ( 'NONE',  ( 34.29999999999999005, 21.13619599600162502, 0.000000000000000000 ) ) ;
#8922 = AXIS2_PLACEMENT_3D ( 'NONE', #10132, #2446, #9115 ) ;
#8923 = VERTEX_POINT ( 'NONE', #8525 ) ;
#8924 = ORIENTED_EDGE ( 'NONE', *, *, #5046, .T. ) ;
#8925 = VERTEX_POINT ( 'NONE', #11379 ) ;
#8926 = CARTESIAN_POINT ( 'NONE',  ( 26.44999999999998153, 23.30125950546274183, 0.4500000000000000111 ) ) ;
#8927 = EDGE_CURVE ( 'NONE', #2265, #2362, #11255, .T. ) ;
#8928 = CARTESIAN_POINT ( 'NONE',  ( -21.10000000000000142, 21.13619599600162147, 0.4500000000000000111 ) ) ;
#8929 = VERTEX_POINT ( 'NONE', #3568 ) ;
#8930 = LINE ( 'NONE', #6003, #5570 ) ;
#8931 = EDGE_CURVE ( 'NONE', #7226, #2031, #2676, .T. ) ;
#8932 = AXIS2_PLACEMENT_3D ( 'NONE', #5969, #1083, #9088 ) ;
#8933 = CARTESIAN_POINT ( 'NONE',  ( -23.54999999999997584, 25.43745550146435264, 0.4500000000000000111 ) ) ;
#8934 = DIRECTION ( 'NONE',  ( -9.614813431917789401E-15, 1.000000000000000000, 0.000000000000000000 ) ) ;
#8935 = CARTESIAN_POINT ( 'NONE',  ( 13.64999999999998437, 18.27831216351297883, 0.000000000000000000 ) ) ;
#8936 = ORIENTED_EDGE ( 'NONE', *, *, #12074, .T. ) ;
#8937 = CARTESIAN_POINT ( 'NONE',  ( -34.30000000000000426, 22.57957166897569223, 0.4500000000000000111 ) ) ;
#8938 = VERTEX_POINT ( 'NONE', #5598 ) ;
#8939 = EDGE_CURVE ( 'NONE', #5905, #4363, #1734, .T. ) ;
#8940 = ADVANCED_FACE ( 'NONE', ( #10424 ), #11441, .T. ) ;
#8941 = CARTESIAN_POINT ( 'NONE',  ( -36.34999999999999432, 20.41450815951459674, 0.000000000000000000 ) ) ;
#8942 = ORIENTED_EDGE ( 'NONE', *, *, #4426, .T. ) ;
#8943 = VECTOR ( 'NONE', #3466, 1000.000000000000000 ) ;
#8944 = FACE_OUTER_BOUND ( 'NONE', #5919, .T. ) ;
#8945 = EDGE_LOOP ( 'NONE', ( #3231, #1121, #3472, #1221 ) ) ;
#8946 = LINE ( 'NONE', #4105, #12050 ) ;
#8947 = CARTESIAN_POINT ( 'NONE',  ( 11.59999999999998721, 26.15914333795138091, 0.000000000000000000 ) ) ;
#8948 = DIRECTION ( 'NONE',  ( 0.000000000000000000, 0.000000000000000000, -1.000000000000000000 ) ) ;
#8949 = CARTESIAN_POINT ( 'NONE',  ( 9.950000000000002842, 20.41450815951458253, 0.4500000000000000111 ) ) ;
#8950 = PRODUCT_DEFINITION_SHAPE ( 'NONE', 'NONE',  #287 ) ;
#8951 = DIRECTION ( 'NONE',  ( 0.000000000000000000, -1.000000000000000000, 0.000000000000000000 ) ) ;
#8952 = EDGE_CURVE ( 'NONE', #8622, #5583, #521, .T. ) ;
#8953 = CARTESIAN_POINT ( 'NONE',  ( -26.44999999999998153, 23.30125950546274183, 0.000000000000000000 ) ) ;
#8954 = ORIENTED_EDGE ( 'NONE', *, *, #12074, .F. ) ;
#8955 = VECTOR ( 'NONE', #10568, 1000.000000000000000 ) ;
#8956 = ORIENTED_EDGE ( 'NONE', *, *, #6907, .T. ) ;
#8957 = LINE ( 'NONE', #3225, #10329 ) ;
#8958 = EDGE_LOOP ( 'NONE', ( #4508, #9003, #10686, #213 ) ) ;
#8959 = ORIENTED_EDGE ( 'NONE', *, *, #9066, .T. ) ;
#8960 = ORIENTED_EDGE ( 'NONE', *, *, #7746, .F. ) ;
#8961 = DIRECTION ( 'NONE',  ( 0.000000000000000000, -1.000000000000000000, 0.000000000000000000 ) ) ;
#8962 = DIRECTION ( 'NONE',  ( 0.000000000000000000, 0.000000000000000000, -1.000000000000000000 ) ) ;
#8963 = DIRECTION ( 'NONE',  ( 0.8660254037844394848, 0.4999999999999984457, 0.000000000000000000 ) ) ;
#8964 = LINE ( 'NONE', #4124, #11477 ) ;
#8965 = VERTEX_POINT ( 'NONE', #3502 ) ;
#8966 = FACE_OUTER_BOUND ( 'NONE', #6019, .T. ) ;
#8967 = LINE ( 'NONE', #1403, #2401 ) ;
#8968 = ORIENTED_EDGE ( 'NONE', *, *, #3294, .F. ) ;
#8969 = VERTEX_POINT ( 'NONE', #10237 ) ;
#8970 = DIRECTION ( 'NONE',  ( 0.000000000000000000, 0.000000000000000000, -1.000000000000000000 ) ) ;
#8971 = VECTOR ( 'NONE', #628, 1000.000000000000000 ) ;
#8972 = ADVANCED_FACE ( 'NONE', ( #4517 ), #7443, .T. ) ;
#8973 = DIRECTION ( 'NONE',  ( 0.8660254037844393737, 0.4999999999999985012, 0.000000000000000000 ) ) ;
#8974 = LINE ( 'NONE', #1226, #12077 ) ;
#8975 = VECTOR ( 'NONE', #3729, 1000.000000000000000 ) ;
#8976 = CARTESIAN_POINT ( 'NONE',  ( 26.84999999999997300, 18.27831216351298238, 0.000000000000000000 ) ) ;
#8977 = LINE ( 'NONE', #10620, #6404 ) ;
#8978 = APPROVAL_STATUS ( 'not_yet_approved' ) ;
#8979 = ORIENTED_EDGE ( 'NONE', *, *, #8866, .F. ) ;
#8980 = LINE ( 'NONE', #8021, #8109 ) ;
#8981 = VECTOR ( 'NONE', #6766, 1000.000000000000000 ) ;
#8982 = CARTESIAN_POINT ( 'NONE',  ( -33.44999999999996732, 23.99407982849028542, 0.4500000000000000111 ) ) ;
#8983 = CARTESIAN_POINT ( 'NONE',  ( 23.54999999999997584, 19.72168783648705670, 0.4500000000000000111 ) ) ;
#8984 = ORIENTED_EDGE ( 'NONE', *, *, #6360, .T. ) ;
#8985 = ORIENTED_EDGE ( 'NONE', *, *, #7497, .T. ) ;
#8986 = VERTEX_POINT ( 'NONE', #2490 ) ;
#8987 = DIRECTION ( 'NONE',  ( 0.000000000000000000, 0.000000000000000000, -1.000000000000000000 ) ) ;
#8988 = LINE ( 'NONE', #280, #1973 ) ;
#8989 = ORIENTED_EDGE ( 'NONE', *, *, #4881, .T. ) ;
#8990 = CARTESIAN_POINT ( 'NONE',  ( -5.399999999999989697, 21.13619599600162147, 0.4500000000000000111 ) ) ;
#8991 = AXIS2_PLACEMENT_3D ( 'NONE', #4288, #6024, #2389 ) ;
#8992 = DIRECTION ( 'NONE',  ( -1.000000000000000000, 9.614813431917789401E-15, 0.000000000000000000 ) ) ;
#8993 = PLANE ( 'NONE',  #12190 ) ;
#8994 = CARTESIAN_POINT ( 'NONE',  ( -32.99999999999999289, 22.00000000000000355, 0.4500000000000000111 ) ) ;
#8995 = ORIENTED_EDGE ( 'NONE', *, *, #3333, .F. ) ;
#8996 = LINE ( 'NONE', #9178, #3636 ) ;
#8997 = VERTEX_POINT ( 'NONE', #12336 ) ;
#8998 = EDGE_CURVE ( 'NONE', #4095, #2390, #10173, .T. ) ;
#8999 = LINE ( 'NONE', #4100, #6142 ) ;
#9000 = ORIENTED_EDGE ( 'NONE', *, *, #4555, .F. ) ;
#9001 = ADVANCED_FACE ( 'NONE', ( #590 ), #4456, .T. ) ;
#9002 = DIRECTION ( 'NONE',  ( 0.8660254037844394848, -0.4999999999999985012, 0.000000000000000000 ) ) ;
#9003 = ORIENTED_EDGE ( 'NONE', *, *, #5093, .F. ) ;
#9004 = CARTESIAN_POINT ( 'NONE',  ( -26.04999999999999716, 23.99407982849027121, 0.4500000000000000111 ) ) ;
#9005 = LINE ( 'NONE', #10392, #264 ) ;
#9006 = FACE_OUTER_BOUND ( 'NONE', #816, .T. ) ;
#9007 = ADVANCED_FACE ( 'NONE', ( #2553, #1478, #6492, #6432, #2616, #5341, #9295, #10366, #6364, #1671, #4391, #8338, #8277, #3438, #12207, #11194, #5534, #9421, #717, #4584, #8465, #7506, #10612, #2923, #959, #67, #10555, #6861, #10738, #12451, #1023, #12520, #2867, #7690, #5907, #1913, #7, #4703, #11628, #839, #3821, #9788, #8773, #3757, #5778, #8712, #2039, #2805, #11568, #1084, #2990, #7879, #6733, #9662, #4827, #3881, #4890 ), #4953, .T. ) ;
#9008 = CARTESIAN_POINT ( 'NONE',  ( -35.94999999999999574, 18.27831216351297527, 0.000000000000000000 ) ) ;
#9009 = EDGE_CURVE ( 'NONE', #11447, #10890, #7750, .T. ) ;
#9010 = CARTESIAN_POINT ( 'NONE',  ( 11.99999999999998401, 21.13619599600162502, 0.4500000000000000111 ) ) ;
#9011 = ORIENTED_EDGE ( 'NONE', *, *, #3967, .F. ) ;
#9012 = AXIS2_PLACEMENT_3D ( 'NONE', #9234, #6187, #1421 ) ;
#9013 = ORIENTED_EDGE ( 'NONE', *, *, #1445, .T. ) ;
#9014 = DIRECTION ( 'NONE',  ( 0.000000000000000000, 0.000000000000000000, -1.000000000000000000 ) ) ;
#9015 = ORIENTED_EDGE ( 'NONE', *, *, #11304, .F. ) ;
#9016 = VERTEX_POINT ( 'NONE', #10676 ) ;
#9017 = ORIENTED_EDGE ( 'NONE', *, *, #2998, .F. ) ;
#9018 = VECTOR ( 'NONE', #10537, 1000.000000000000114 ) ;
#9019 = FACE_OUTER_BOUND ( 'NONE', #9192, .T. ) ;
#9020 = CARTESIAN_POINT ( 'NONE',  ( -21.22435565298206939, 25.99999999999999645, 0.4500000000000000111 ) ) ;
#9021 = EDGE_CURVE ( 'NONE', #3981, #8923, #10494, .T. ) ;
#9022 = FACE_BOUND ( 'NONE', #11103, .T. ) ;
#9023 = VECTOR ( 'NONE', #2486, 1000.000000000000114 ) ;
#9024 = FACE_OUTER_BOUND ( 'NONE', #11146, .T. ) ;
#9025 = DIRECTION ( 'NONE',  ( 1.000000000000000000, 0.000000000000000000, 0.000000000000000000 ) ) ;
#9026 = ORIENTED_EDGE ( 'NONE', *, *, #10390, .F. ) ;
#9027 = CARTESIAN_POINT ( 'NONE',  ( -34.69999999999998153, 23.27239199200324649, 0.4500000000000000111 ) ) ;
#9028 = DIRECTION ( 'NONE',  ( 0.000000000000000000, 0.000000000000000000, -1.000000000000000000 ) ) ;
#9029 = EDGE_CURVE ( 'NONE', #11994, #523, #895, .T. ) ;
#9030 = VERTEX_POINT ( 'NONE', #1854 ) ;
#9031 = VECTOR ( 'NONE', #6558, 1000.000000000000000 ) ;
#9032 = EDGE_LOOP ( 'NONE', ( #2481, #4353, #1179, #9681, #2975, #8193 ) ) ;
#9033 = CARTESIAN_POINT ( 'NONE',  ( 16.94999999999998153, 19.72168783648705315, 0.000000000000000000 ) ) ;
#9034 = CARTESIAN_POINT ( 'NONE',  ( -18.19999999999998863, 20.44337567297408498, 0.000000000000000000 ) ) ;
#9035 = CARTESIAN_POINT ( 'NONE',  ( -21.49999999999997868, 26.15914333795138447, 0.4500000000000000111 ) ) ;
#9036 = DIRECTION ( 'NONE',  ( -0.8660254037844383745, -0.5000000000000003331, 0.000000000000000000 ) ) ;
#9037 = APPROVAL_STATUS ( 'not_yet_approved' ) ;
#9038 = VECTOR ( 'NONE', #6163, 1000.000000000000000 ) ;
#9039 = ORIENTED_EDGE ( 'NONE', *, *, #7589, .F. ) ;
#9040 = DIRECTION ( 'NONE',  ( 0.000000000000000000, 0.000000000000000000, -1.000000000000000000 ) ) ;
#9041 = LINE ( 'NONE', #11959, #11813 ) ;
#9042 = CARTESIAN_POINT ( 'NONE',  ( 28.09999999999998010, 26.15914333795139157, 0.000000000000000000 ) ) ;
#9043 = VERTEX_POINT ( 'NONE', #8651 ) ;
#9044 = VERTEX_POINT ( 'NONE', #7631 ) ;
#9045 = EDGE_CURVE ( 'NONE', #1657, #5833, #9724, .T. ) ;
#9046 = AXIS2_PLACEMENT_3D ( 'NONE', #3951, #7889, #10809 ) ;
#9047 = VERTEX_POINT ( 'NONE', #135 ) ;
#9048 = DIRECTION ( 'NONE',  ( 0.000000000000000000, 0.000000000000000000, -1.000000000000000000 ) ) ;
#9049 = AXIS2_PLACEMENT_3D ( 'NONE', #11856, #4225, #2387 ) ;
#9050 = CARTESIAN_POINT ( 'NONE',  ( 21.49999999999999289, 23.27239199200323583, 0.4500000000000000111 ) ) ;
#9051 = ORIENTED_EDGE ( 'NONE', *, *, #10923, .T. ) ;
#9052 = DIRECTION ( 'NONE',  ( 0.8660254037844394848, 0.4999999999999984457, 0.000000000000000000 ) ) ;
#9053 = VECTOR ( 'NONE', #7732, 1000.000000000000114 ) ;
#9054 = CARTESIAN_POINT ( 'NONE',  ( -22.75000000000001421, 19.72168783648704249, 0.000000000000000000 ) ) ;
#9055 = LINE ( 'NONE', #4217, #7720 ) ;
#9056 = ADVANCED_FACE ( 'NONE', ( #4006 ), #6677, .T. ) ;
#9057 = EDGE_CURVE ( 'NONE', #4186, #3886, #11509, .T. ) ;
#9058 = CARTESIAN_POINT ( 'NONE',  ( 11.99999999999998401, 22.57957166897569934, 0.4500000000000000111 ) ) ;
#9059 = VERTEX_POINT ( 'NONE', #10800 ) ;
#9060 = LINE ( 'NONE', #10903, #7896 ) ;
#9061 = ORIENTED_EDGE ( 'NONE', *, *, #3565, .T. ) ;
#9062 = DIRECTION ( 'NONE',  ( 0.000000000000000000, 0.000000000000000000, -1.000000000000000000 ) ) ;
#9063 = ORIENTED_EDGE ( 'NONE', *, *, #7828, .T. ) ;
#9064 = DIRECTION ( 'NONE',  ( -9.614813431917789401E-15, -1.000000000000000000, 0.000000000000000000 ) ) ;
#9065 = ORIENTED_EDGE ( 'NONE', *, *, #8145, .T. ) ;
#9066 = EDGE_CURVE ( 'NONE', #1700, #2447, #2353, .T. ) ;
#9067 = DIRECTION ( 'NONE',  ( 0.000000000000000000, 0.000000000000000000, -1.000000000000000000 ) ) ;
#9068 = DIRECTION ( 'NONE',  ( 0.000000000000000000, 0.000000000000000000, -1.000000000000000000 ) ) ;
#9069 = CARTESIAN_POINT ( 'NONE',  ( -11.99999999999998401, 21.13619599600162502, 0.000000000000000000 ) ) ;
#9070 = CARTESIAN_POINT ( 'NONE',  ( -21.10000000000001563, 22.57957166897569223, 0.000000000000000000 ) ) ;
#9071 = ORIENTED_EDGE ( 'NONE', *, *, #978, .T. ) ;
#9072 = VERTEX_POINT ( 'NONE', #6168 ) ;
#9073 = EDGE_CURVE ( 'NONE', #10, #9699, #2100, .T. ) ;
#9074 = LINE ( 'NONE', #189, #8097 ) ;
#9075 = EDGE_CURVE ( 'NONE', #2205, #439, #11756, .T. ) ;
#9076 = EDGE_LOOP ( 'NONE', ( #188, #2416, #8560, #2893, #2789, #11216 ) ) ;
#9077 = ORIENTED_EDGE ( 'NONE', *, *, #692, .F. ) ;
#9078 = ORIENTED_EDGE ( 'NONE', *, *, #5587, .T. ) ;
#9079 = VECTOR ( 'NONE', #11262, 1000.000000000000114 ) ;
#9080 = CARTESIAN_POINT ( 'NONE',  ( -29.34999999999999432, 18.27831216351297527, 0.4500000000000000111 ) ) ;
#9081 = FACE_OUTER_BOUND ( 'NONE', #1640, .T. ) ;
#9082 = VECTOR ( 'NONE', #11156, 1000.000000000000000 ) ;
#9083 = EDGE_CURVE ( 'NONE', #11525, #7620, #6992, .T. ) ;
#9084 = FACE_BOUND ( 'NONE', #681, .T. ) ;
#9085 = LINE ( 'NONE', #377, #3756 ) ;
#9086 = DIRECTION ( 'NONE',  ( -0.8660254037844393737, 0.4999999999999985012, 0.000000000000000000 ) ) ;
#9087 = ORIENTED_EDGE ( 'NONE', *, *, #2599, .F. ) ;
#9088 = DIRECTION ( 'NONE',  ( 0.8660254037844388186, -0.4999999999999997224, 0.000000000000000000 ) ) ;
#9089 = DIRECTION ( 'NONE',  ( 0.000000000000000000, 0.000000000000000000, -1.000000000000000000 ) ) ;
#9090 = ORIENTED_EDGE ( 'NONE', *, *, #3241, .T. ) ;
#9091 = VERTEX_POINT ( 'NONE', #11819 ) ;
#9092 = ADVANCED_FACE ( 'NONE', ( #3053 ), #7177, .T. ) ;
#9093 = CARTESIAN_POINT ( 'NONE',  ( 13.25000000000000000, 20.41450815951458608, 0.000000000000000000 ) ) ;
#9094 = PLANE ( 'NONE',  #4762 ) ;
#9095 = FACE_OUTER_BOUND ( 'NONE', #3665, .T. ) ;
#9096 = CARTESIAN_POINT ( 'NONE',  ( 28.09999999999999076, 23.27239199200324293, 0.4500000000000000111 ) ) ;
#9097 = VECTOR ( 'NONE', #9482, 1000.000000000000000 ) ;
#9098 = VERTEX_POINT ( 'NONE', #1282 ) ;
#9099 = CARTESIAN_POINT ( 'NONE',  ( 19.84999999999999787, 20.41450815951458964, 0.000000000000000000 ) ) ;
#9100 = DIRECTION ( 'NONE',  ( 0.000000000000000000, 0.000000000000000000, -1.000000000000000000 ) ) ;
#9101 = VERTEX_POINT ( 'NONE', #4312 ) ;
#9102 = EDGE_LOOP ( 'NONE', ( #9653, #2076, #5137, #5844 ) ) ;
#9103 = DIRECTION ( 'NONE',  ( -0.8660254037844393737, 0.4999999999999985012, 0.000000000000000000 ) ) ;
#9104 = ORIENTED_EDGE ( 'NONE', *, *, #5008, .T. ) ;
#9105 = VECTOR ( 'NONE', #625, 1000.000000000000000 ) ;
#9106 = PLANE ( 'NONE',  #3522 ) ;
#9107 = DIRECTION ( 'NONE',  ( 0.000000000000000000, 0.000000000000000000, -1.000000000000000000 ) ) ;
#9108 = ORIENTED_EDGE ( 'NONE', *, *, #5737, .T. ) ;
#9109 = DIRECTION ( 'NONE',  ( 0.4999999999999997224, -0.8660254037844388186, -0.000000000000000000 ) ) ;
#9110 = CARTESIAN_POINT ( 'NONE',  ( 28.09999999999998010, 20.44337567297409208, 0.4500000000000000111 ) ) ;
#9111 = VECTOR ( 'NONE', #8789, 1000.000000000000000 ) ;
#9112 = DIRECTION ( 'NONE',  ( 0.8660254037844387076, 0.4999999999999997224, 0.000000000000000000 ) ) ;
#9113 = DIRECTION ( 'NONE',  ( -0.8660254037844393737, 0.4999999999999985012, 0.000000000000000000 ) ) ;
#9114 = ORIENTED_EDGE ( 'NONE', *, *, #2909, .T. ) ;
#9115 = DIRECTION ( 'NONE',  ( -0.8660254037844393737, -0.4999999999999985012, 0.000000000000000000 ) ) ;
#9116 = ORIENTED_EDGE ( 'NONE', *, *, #1846, .F. ) ;
#9117 = CARTESIAN_POINT ( 'NONE',  ( 14.50000000000001599, 22.57957166897568868, 0.4500000000000000111 ) ) ;
#9118 = ORIENTED_EDGE ( 'NONE', *, *, #8392, .F. ) ;
#9119 = VECTOR ( 'NONE', #3256, 1000.000000000000000 ) ;
#9120 = DIRECTION ( 'NONE',  ( 0.8660254037844383745, -0.5000000000000003331, 0.000000000000000000 ) ) ;
#9121 = ORIENTED_EDGE ( 'NONE', *, *, #7744, .T. ) ;
#9122 = ADVANCED_FACE ( 'NONE', ( #11886 ), #6229, .T. ) ;
#9123 = VECTOR ( 'NONE', #1292, 1000.000000000000114 ) ;
#9124 = DIRECTION ( 'NONE',  ( 1.000000000000000000, 0.000000000000000000, 0.000000000000000000 ) ) ;
#9125 = CARTESIAN_POINT ( 'NONE',  ( 16.54999999999999716, 20.41450815951458608, 0.000000000000000000 ) ) ;
#9126 = DIRECTION ( 'NONE',  ( 0.000000000000000000, -1.000000000000000000, 0.000000000000000000 ) ) ;
#9127 = DIRECTION ( 'NONE',  ( -0.4999999999999985567, 0.8660254037844394848, 0.000000000000000000 ) ) ;
#9128 = ORIENTED_EDGE ( 'NONE', *, *, #12491, .T. ) ;
#9129 = EDGE_CURVE ( 'NONE', #12228, #2205, #5086, .T. ) ;
#9130 = VERTEX_POINT ( 'NONE', #3298 ) ;
#9132 = VECTOR ( 'NONE', #1401, 1000.000000000000114 ) ;
#9131 = DIRECTION ( 'NONE',  ( 1.000000000000000000, 9.614813431917789401E-15, 0.000000000000000000 ) ) ;
#9133 = VERTEX_POINT ( 'NONE', #8905 ) ;
#9134 = ORIENTED_EDGE ( 'NONE', *, *, #3384, .T. ) ;
#9135 = EDGE_LOOP ( 'NONE', ( #3585, #3974, #4342, #253 ) ) ;
#9136 = CARTESIAN_POINT ( 'NONE',  ( -26.84999999999997300, 25.43745550146435619, 0.000000000000000000 ) ) ;
#9137 = PLANE ( 'NONE',  #1127 ) ;
#9138 = EDGE_CURVE ( 'NONE', #6918, #5441, #8967, .T. ) ;
#9139 = DIRECTION ( 'NONE',  ( 0.8660254037844383745, 0.5000000000000003331, 0.000000000000000000 ) ) ;
#9140 = VECTOR ( 'NONE', #11658, 1000.000000000000000 ) ;
#9141 = PLANE ( 'NONE',  #1936 ) ;
#9142 = FACE_OUTER_BOUND ( 'NONE', #5182, .T. ) ;
#9143 = ORIENTED_EDGE ( 'NONE', *, *, #6499, .F. ) ;
#9144 = CARTESIAN_POINT ( 'NONE',  ( -26.84999999999997300, 18.27831216351298238, 0.4500000000000000111 ) ) ;
#9145 = VERTEX_POINT ( 'NONE', #10042 ) ;
#9146 = CARTESIAN_POINT ( 'NONE',  ( -18.59999999999998010, 21.13619599600162857, 0.4500000000000000111 ) ) ;
#9147 = PRODUCT ( 'Backside Vent Cover REF2014', 'Backside Vent Cover REF2014', '', ( #9553 ) ) ;
#9148 = EDGE_LOOP ( 'NONE', ( #948, #1927, #6916, #84 ) ) ;
#9149 = ADVANCED_FACE ( 'NONE', ( #262 ), #6927, .F. ) ;
#9150 = EDGE_CURVE ( 'NONE', #10939, #1570, #1160, .T. ) ;
#9151 = ORIENTED_EDGE ( 'NONE', *, *, #6522, .F. ) ;
#9152 = DIRECTION ( 'NONE',  ( 0.000000000000000000, -1.000000000000000000, 0.000000000000000000 ) ) ;
#9153 = CARTESIAN_POINT ( 'NONE',  ( 21.50000000000000000, 17.55662432702593989, 0.000000000000000000 ) ) ;
#9154 = EDGE_CURVE ( 'NONE', #4486, #4262, #10867, .T. ) ;
#9155 = CARTESIAN_POINT ( 'NONE',  ( 25.19999999999997442, 21.13619599600163212, 0.000000000000000000 ) ) ;
#9156 = CARTESIAN_POINT ( 'NONE',  ( 33.44999999999998153, 19.72168783648705670, 0.4500000000000000111 ) ) ;
#9157 = ORIENTED_EDGE ( 'NONE', *, *, #1552, .F. ) ;
#9158 = EDGE_CURVE ( 'NONE', #5304, #4541, #8132, .T. ) ;
#9159 = EDGE_CURVE ( 'NONE', #7432, #9198, #5271, .T. ) ;
#9160 = LINE ( 'NONE', #1173, #6707 ) ;
#9161 = EDGE_CURVE ( 'NONE', #8639, #9777, #11054, .T. ) ;
#9162 = CARTESIAN_POINT ( 'NONE',  ( -28.37564434701790361, 25.99999999999999645, 0.000000000000000000 ) ) ;
#9163 = VERTEX_POINT ( 'NONE', #202 ) ;
#9164 = CARTESIAN_POINT ( 'NONE',  ( -32.99999999999999289, 25.99999999999999645, 0.000000000000000000 ) ) ;
#9165 = DIRECTION ( 'NONE',  ( 1.000000000000000000, 0.000000000000000000, 0.000000000000000000 ) ) ;
#9166 = ORIENTED_EDGE ( 'NONE', *, *, #8756, .F. ) ;
#9167 = DIRECTION ( 'NONE',  ( 0.000000000000000000, 0.000000000000000000, -1.000000000000000000 ) ) ;
#9168 = CARTESIAN_POINT ( 'NONE',  ( -23.14999999999998437, 23.30125950546273828, 0.4500000000000000111 ) ) ;
#9169 = DIRECTION ( 'NONE',  ( -0.8660254037844393737, 0.4999999999999985012, 0.000000000000000000 ) ) ;
#9170 = CARTESIAN_POINT ( 'NONE',  ( -21.49999999999999289, 23.27239199200323583, 0.000000000000000000 ) ) ;
#9171 = VECTOR ( 'NONE', #1988, 1000.000000000000114 ) ;
#9172 = EDGE_CURVE ( 'NONE', #8617, #308, #3242, .T. ) ;
#9173 = LINE ( 'NONE', #604, #6445 ) ;
#9174 = EDGE_CURVE ( 'NONE', #3400, #9627, #2170, .T. ) ;
#9175 = DIRECTION ( 'NONE',  ( -0.8660254037844387076, 0.4999999999999997224, 0.000000000000000000 ) ) ;
#9176 = LINE ( 'NONE', #11086, #4589 ) ;
#9177 = VERTEX_POINT ( 'NONE', #12004 ) ;
#9178 = CARTESIAN_POINT ( 'NONE',  ( 19.84999999999998721, 23.30125950546273828, 0.4500000000000000111 ) ) ;
#9179 = ORIENTED_EDGE ( 'NONE', *, *, #2392, .T. ) ;
#9180 = EDGE_CURVE ( 'NONE', #825, #6109, #4446, .T. ) ;
#9181 = EDGE_CURVE ( 'NONE', #11584, #3129, #10164, .T. ) ;
#9182 = CARTESIAN_POINT ( 'NONE',  ( -32.99999999999999289, 18.00000000000000355, 0.4500000000000000111 ) ) ;
#9183 = ORIENTED_EDGE ( 'NONE', *, *, #7089, .T. ) ;
#9184 = VECTOR ( 'NONE', #5188, 1000.000000000000000 ) ;
#9185 = CARTESIAN_POINT ( 'NONE',  ( -21.10000000000001563, 22.57957166897569223, 0.4500000000000000111 ) ) ;
#9186 = ORIENTED_EDGE ( 'NONE', *, *, #1186, .F. ) ;
#9187 = DIRECTION ( 'NONE',  ( 0.000000000000000000, -1.000000000000000000, 0.000000000000000000 ) ) ;
#9188 = VERTEX_POINT ( 'NONE', #7240 ) ;
#9189 = DIRECTION ( 'NONE',  ( -0.000000000000000000, -0.000000000000000000, 1.000000000000000000 ) ) ;
#9190 = DIRECTION ( 'NONE',  ( 0.5000000000000004441, -0.8660254037844384856, 0.000000000000000000 ) ) ;
#9191 = ORIENTED_EDGE ( 'NONE', *, *, #1074, .T. ) ;
#9192 = EDGE_LOOP ( 'NONE', ( #6304, #7602, #5426, #1870 ) ) ;
#9193 = EDGE_CURVE ( 'NONE', #4445, #4214, #1659, .T. ) ;
#9194 = DIRECTION ( 'NONE',  ( 0.000000000000000000, 0.000000000000000000, -1.000000000000000000 ) ) ;
#9195 = ORIENTED_EDGE ( 'NONE', *, *, #10923, .F. ) ;
#9196 = LINE ( 'NONE', #8314, #5717 ) ;
#9197 = EDGE_LOOP ( 'NONE', ( #9979, #4432, #928, #11414 ) ) ;
#9198 = VERTEX_POINT ( 'NONE', #2415 ) ;
#9199 = DIRECTION ( 'NONE',  ( 9.614813431917789401E-15, 1.000000000000000000, 0.000000000000000000 ) ) ;
#9200 = VECTOR ( 'NONE', #4759, 1000.000000000000114 ) ;
#9201 = LINE ( 'NONE', #2283, #5762 ) ;
#9202 = PLANE ( 'NONE',  #6950 ) ;
#9203 = FACE_OUTER_BOUND ( 'NONE', #8723, .T. ) ;
#9204 = DIRECTION ( 'NONE',  ( -0.8660254037844393737, 0.4999999999999985012, 0.000000000000000000 ) ) ;
#9205 = CARTESIAN_POINT ( 'NONE',  ( -30.14999999999997371, 18.27831216351298238, 0.4500000000000000111 ) ) ;
#9206 = ORIENTED_EDGE ( 'NONE', *, *, #12173, .T. ) ;
#9207 = CARTESIAN_POINT ( 'NONE',  ( 19.45000000000000284, 23.99407982849027121, 0.4500000000000000111 ) ) ;
#9208 = ORIENTED_EDGE ( 'NONE', *, *, #1620, .F. ) ;
#9209 = EDGE_CURVE ( 'NONE', #951, #11904, #5522, .T. ) ;
#9210 = EDGE_CURVE ( 'NONE', #10588, #3350, #10289, .T. ) ;
#9211 = CARTESIAN_POINT ( 'NONE',  ( -24.79999999999998295, 26.15914333795138447, 0.000000000000000000 ) ) ;
#9212 = VECTOR ( 'NONE', #8505, 1000.000000000000114 ) ;
#9213 = ORIENTED_EDGE ( 'NONE', *, *, #5479, .T. ) ;
#9214 = VECTOR ( 'NONE', #2121, 1000.000000000000000 ) ;
#9215 = ORIENTED_EDGE ( 'NONE', *, *, #8615, .T. ) ;
#9216 = VECTOR ( 'NONE', #12463, 1000.000000000000114 ) ;
#9217 = CARTESIAN_POINT ( 'NONE',  ( 34.69999999999998153, 23.27239199200324649, 0.4500000000000000111 ) ) ;
#9218 = CARTESIAN_POINT ( 'NONE',  ( 7.900000000000021672, 22.57957166897568513, 0.4500000000000000111 ) ) ;
#9219 = VECTOR ( 'NONE', #4436, 1000.000000000000000 ) ;
#9220 = CARTESIAN_POINT ( 'NONE',  ( 10.34999999999998366, 25.43745550146434553, 0.000000000000000000 ) ) ;
#9221 = CARTESIAN_POINT ( 'NONE',  ( 18.19999999999998863, 20.44337567297408498, 0.4500000000000000111 ) ) ;
#9222 = EDGE_CURVE ( 'NONE', #11376, #11107, #6349, .T. ) ;
#9223 = ORIENTED_EDGE ( 'NONE', *, *, #10312, .T. ) ;
#9224 = CARTESIAN_POINT ( 'NONE',  ( 6.232766950200896439, 20.65539777313090397, 0.4500000000000000111 ) ) ;
#9225 = VECTOR ( 'NONE', #660, 1000.000000000000000 ) ;
#9226 = PLANE ( 'NONE',  #10112 ) ;
#9227 = AXIS2_PLACEMENT_3D ( 'NONE', #1275, #8833, #5015 ) ;
#9228 = EDGE_LOOP ( 'NONE', ( #3149, #10012, #5936, #5554 ) ) ;
#9229 = DIRECTION ( 'NONE',  ( 0.8660254037844388186, -0.4999999999999997224, 0.000000000000000000 ) ) ;
#9230 = EDGE_CURVE ( 'NONE', #1272, #6669, #766, .T. ) ;
#9231 = LINE ( 'NONE', #8280, #7277 ) ;
#9232 = ORIENTED_EDGE ( 'NONE', *, *, #1865, .T. ) ;
#9233 = ADVANCED_FACE ( 'NONE', ( #2603 ), #11367, .T. ) ;
#9234 = CARTESIAN_POINT ( 'NONE',  ( 11.59999999999999964, 23.27239199200323228, 0.4500000000000000111 ) ) ;
#9235 = EDGE_CURVE ( 'NONE', #11904, #1700, #1720, .T. ) ;
#9236 = AXIS2_PLACEMENT_3D ( 'NONE', #712, #4698, #12392 ) ;
#9237 = DIRECTION ( 'NONE',  ( 0.000000000000000000, -1.000000000000000000, 0.000000000000000000 ) ) ;
#9238 = AXIS2_PLACEMENT_3D ( 'NONE', #1525, #12060, #11114 ) ;
#9239 = LINE ( 'NONE', #7387, #10235 ) ;
#9240 = LINE ( 'NONE', #6375, #4336 ) ;
#9241 = VECTOR ( 'NONE', #7034, 1000.000000000000114 ) ;
#9242 = DIRECTION ( 'NONE',  ( -0.8660254037844387076, 0.4999999999999997224, 0.000000000000000000 ) ) ;
#9243 = EDGE_CURVE ( 'NONE', #8052, #7410, #641, .T. ) ;
#9244 = LINE ( 'NONE', #10315, #8063 ) ;
#9245 = LINE ( 'NONE', #539, #5495 ) ;
#9246 = DIRECTION ( 'NONE',  ( 0.8660254037844388186, -0.4999999999999997224, 0.000000000000000000 ) ) ;
#9247 = VERTEX_POINT ( 'NONE', #4569 ) ;
#9248 = DIRECTION ( 'NONE',  ( 0.000000000000000000, 0.000000000000000000, -1.000000000000000000 ) ) ;
#9249 = VECTOR ( 'NONE', #3248, 1000.000000000000000 ) ;
#9250 = VERTEX_POINT ( 'NONE', #12066 ) ;
#9251 = DIRECTION ( 'NONE',  ( 0.8660254037844383745, -0.5000000000000003331, 0.000000000000000000 ) ) ;
#9253 = EDGE_LOOP ( 'NONE', ( #5302, #10642, #3931, #9744 ) ) ;
#9252 = VECTOR ( 'NONE', #7487, 1000.000000000000114 ) ;
#9254 = ADVANCED_FACE ( 'NONE', ( #3428 ), #1462, .T. ) ;
#9255 = AXIS2_PLACEMENT_3D ( 'NONE', #12338, #8341, #11133 ) ;
#9256 = DIRECTION ( 'NONE',  ( -0.8660254037844387076, 0.4999999999999997224, 0.000000000000000000 ) ) ;
#9257 = VERTEX_POINT ( 'NONE', #4505 ) ;
#9258 = VECTOR ( 'NONE', #2149, 1000.000000000000114 ) ;
#9259 = VECTOR ( 'NONE', #10898, 1000.000000000000114 ) ;
#9260 = CARTESIAN_POINT ( 'NONE',  ( 36.87319111346176470, 22.99919497526796519, 0.4500000000000000111 ) ) ;
#9261 = EDGE_LOOP ( 'NONE', ( #1960, #2526, #2088, #12244, #7285, #3154 ) ) ;
#9262 = CARTESIAN_POINT ( 'NONE',  ( -25.19999999999997442, 22.57957166897570644, 0.4500000000000000111 ) ) ;
#9263 = LINE ( 'NONE', #11221, #1750 ) ;
#9264 = ORIENTED_EDGE ( 'NONE', *, *, #3454, .T. ) ;
#9265 = ORIENTED_EDGE ( 'NONE', *, *, #1067, .T. ) ;
#9266 = VECTOR ( 'NONE', #2202, 1000.000000000000000 ) ;
#9267 = DIRECTION ( 'NONE',  ( 9.614813431917789401E-15, -1.000000000000000000, 0.000000000000000000 ) ) ;
#9268 = EDGE_LOOP ( 'NONE', ( #8266, #9232, #8292, #3869 ) ) ;
#9269 = LINE ( 'NONE', #9576, #4099 ) ;
#9270 = ORIENTED_EDGE ( 'NONE', *, *, #3401, .F. ) ;
#9271 = ORIENTED_EDGE ( 'NONE', *, *, #2368, .T. ) ;
#9272 = DIRECTION ( 'NONE',  ( -9.614813431917789401E-15, 1.000000000000000000, 0.000000000000000000 ) ) ;
#9273 = PLANE ( 'NONE',  #11454 ) ;
#9274 = FACE_BOUND ( 'NONE', #1678, .T. ) ;
#9275 = DIRECTION ( 'NONE',  ( -0.8660254037844383745, 0.5000000000000003331, 0.000000000000000000 ) ) ;
#9276 = DIRECTION ( 'NONE',  ( 0.000000000000000000, 0.000000000000000000, -1.000000000000000000 ) ) ;
#9277 = DIRECTION ( 'NONE',  ( -0.8660254037844383745, -0.5000000000000003331, 0.000000000000000000 ) ) ;
#9278 = ORIENTED_EDGE ( 'NONE', *, *, #5430, .T. ) ;
#9279 = DIRECTION ( 'NONE',  ( -1.000000000000000000, 9.614813431917789401E-15, 0.000000000000000000 ) ) ;
#9280 = VERTEX_POINT ( 'NONE', #2539 ) ;
#9281 = DIRECTION ( 'NONE',  ( 1.000000000000000000, -0.000000000000000000, -0.000000000000000000 ) ) ;
#9282 = VECTOR ( 'NONE', #8901, 1000.000000000000000 ) ;
#9283 = ORIENTED_EDGE ( 'NONE', *, *, #7281, .F. ) ;
#9284 = AXIS2_PLACEMENT_3D ( 'NONE', #4977, #11839, #11717 ) ;
#9285 = ORIENTED_EDGE ( 'NONE', *, *, #4122, .F. ) ;
#9286 = AXIS2_PLACEMENT_3D ( 'NONE', #8949, #11862, #5067 ) ;
#9287 = LINE ( 'NONE', #11060, #4130 ) ;
#9288 = DIRECTION ( 'NONE',  ( 0.000000000000000000, 0.000000000000000000, -1.000000000000000000 ) ) ;
#9289 = DIRECTION ( 'NONE',  ( 0.000000000000000000, 0.000000000000000000, -1.000000000000000000 ) ) ;
#9290 = ADVANCED_FACE ( 'NONE', ( #6539 ), #1532, .T. ) ;
#9291 = CARTESIAN_POINT ( 'NONE',  ( 33.44999999999998153, 18.27831216351298238, 0.4500000000000000111 ) ) ;
#9292 = ORIENTED_EDGE ( 'NONE', *, *, #10027, .F. ) ;
#9293 = VECTOR ( 'NONE', #7273, 1000.000000000000000 ) ;
#9294 = DIRECTION ( 'NONE',  ( 0.000000000000000000, 0.000000000000000000, -1.000000000000000000 ) ) ;
#9295 = FACE_BOUND ( 'NONE', #11805, .T. ) ;
#9296 = EDGE_CURVE ( 'NONE', #6232, #11039, #507, .T. ) ;
#9297 = ORIENTED_EDGE ( 'NONE', *, *, #5327, .T. ) ;
#9298 = CARTESIAN_POINT ( 'NONE',  ( -9.999999999999996447, 22.00000000000000355, 0.4500000000000000111 ) ) ;
#9299 = CARTESIAN_POINT ( 'NONE',  ( 32.65000000000000568, 19.72168783648704604, 0.4500000000000000111 ) ) ;
#9300 = ORIENTED_EDGE ( 'NONE', *, *, #7156, .F. ) ;
#9301 = CARTESIAN_POINT ( 'NONE',  ( 31.12435565298205375, 25.99999999999999645, 0.000000000000000000 ) ) ;
#9302 = ADVANCED_FACE ( 'NONE', ( #9407 ), #12135, .T. ) ;
#9303 = LINE ( 'NONE', #599, #4806 ) ;
#9304 = LINE ( 'NONE', #11330, #905 ) ;
#9305 = CARTESIAN_POINT ( 'NONE',  ( -23.54999999999997584, 23.99407982849027832, 0.4500000000000000111 ) ) ;
#9306 = DIRECTION ( 'NONE',  ( 9.614813431917789401E-15, 1.000000000000000000, 0.000000000000000000 ) ) ;
#9307 = ADVANCED_FACE ( 'NONE', ( #2479 ), #8328, .T. ) ;
#9308 = LINE ( 'NONE', #791, #931 ) ;
#9309 = DIRECTION ( 'NONE',  ( 0.8660254037844393737, 0.4999999999999985012, 0.000000000000000000 ) ) ;
#9310 = DIRECTION ( 'NONE',  ( 0.8660254037844394848, -0.4999999999999985012, 0.000000000000000000 ) ) ;
#9311 = ORIENTED_EDGE ( 'NONE', *, *, #431, .T. ) ;
#9312 = CARTESIAN_POINT ( 'NONE',  ( -13.64999999999998437, 19.72168783648705315, 0.000000000000000000 ) ) ;
#9313 = AXIS2_PLACEMENT_3D ( 'NONE', #11306, #6478, #10353 ) ;
#9314 = ORIENTED_EDGE ( 'NONE', *, *, #1828, .F. ) ;
#9315 = DIRECTION ( 'NONE',  ( 0.000000000000000000, 0.000000000000000000, -1.000000000000000000 ) ) ;
#9316 = EDGE_CURVE ( 'NONE', #10355, #7058, #984, .T. ) ;
#9317 = EDGE_LOOP ( 'NONE', ( #8088, #5329, #8387, #225, #8861, #5531, #10895 ) ) ;
#9318 = ADVANCED_FACE ( 'NONE', ( #8571 ), #3742, .T. ) ;
#9319 = DIRECTION ( 'NONE',  ( 0.000000000000000000, 0.000000000000000000, -1.000000000000000000 ) ) ;
#9320 = VERTEX_POINT ( 'NONE', #4751 ) ;
#9321 = VECTOR ( 'NONE', #8434, 1000.000000000000000 ) ;
#9322 = CARTESIAN_POINT ( 'NONE',  ( -20.24999999999998224, 18.27831216351297883, 0.4500000000000000111 ) ) ;
#9323 = ORIENTED_EDGE ( 'NONE', *, *, #10232, .T. ) ;
#9324 = LINE ( 'NONE', #621, #10561 ) ;
#9325 = LINE ( 'NONE', #10522, #11480 ) ;
#9326 = ORIENTED_EDGE ( 'NONE', *, *, #8194, .T. ) ;
#9327 = EDGE_CURVE ( 'NONE', #11005, #11345, #2791, .T. ) ;
#9328 = VERTEX_POINT ( 'NONE', #11683 ) ;
#9329 = EDGE_CURVE ( 'NONE', #3365, #10426, #2978, .T. ) ;
#9330 = CARTESIAN_POINT ( 'NONE',  ( 32.99999999999999289, 25.99999999999999645, 0.000000000000000000 ) ) ;
#9331 = VECTOR ( 'NONE', #11272, 1000.000000000000000 ) ;
#9332 = ORIENTED_EDGE ( 'NONE', *, *, #70, .F. ) ;
#9333 = DIRECTION ( 'NONE',  ( 0.000000000000000000, 0.000000000000000000, -1.000000000000000000 ) ) ;
#9334 = VECTOR ( 'NONE', #82, 1000.000000000000000 ) ;
#9335 = VERTEX_POINT ( 'NONE', #7617 ) ;
#9336 = ORIENTED_EDGE ( 'NONE', *, *, #2915, .T. ) ;
#9337 = DIRECTION ( 'NONE',  ( -0.8660254037844387076, 0.4999999999999997224, 0.000000000000000000 ) ) ;
#9338 = CARTESIAN_POINT ( 'NONE',  ( -8.861963764628281837, 25.83469340716842311, 0.000000000000000000 ) ) ;
#9339 = LINE ( 'NONE', #11298, #11413 ) ;
#9340 = CARTESIAN_POINT ( 'NONE',  ( 34.69999999999998153, 20.44337567297409208, 0.000000000000000000 ) ) ;
#9341 = CARTESIAN_POINT ( 'NONE',  ( -21.50000000000000000, 17.55662432702593989, 0.4500000000000000111 ) ) ;
#9342 = DIRECTION ( 'NONE',  ( -0.8660254037844383745, -0.5000000000000003331, 0.000000000000000000 ) ) ;
#9343 = EDGE_LOOP ( 'NONE', ( #6763, #6108, #8959, #3287 ) ) ;
#9344 = AXIS2_PLACEMENT_3D ( 'NONE', #2551, #3500, #4390 ) ;
#9345 = VERTEX_POINT ( 'NONE', #8635 ) ;
#9346 = DIRECTION ( 'NONE',  ( 0.000000000000000000, 0.000000000000000000, -1.000000000000000000 ) ) ;
#9347 = VERTEX_POINT ( 'NONE', #9588 ) ;
#9348 = ORIENTED_EDGE ( 'NONE', *, *, #6172, .T. ) ;
#9349 = EDGE_CURVE ( 'NONE', #9896, #5279, #12384, .T. ) ;
#9350 = ORIENTED_EDGE ( 'NONE', *, *, #307, .F. ) ;
#9351 = DIRECTION ( 'NONE',  ( -0.5000000000000004441, -0.8660254037844384856, 0.000000000000000000 ) ) ;
#9352 = FACE_OUTER_BOUND ( 'NONE', #8481, .T. ) ;
#9353 = VECTOR ( 'NONE', #2148, 1000.000000000000000 ) ;
#9354 = DIRECTION ( 'NONE',  ( 0.5000000000000004441, -0.8660254037844384856, 0.000000000000000000 ) ) ;
#9355 = FACE_OUTER_BOUND ( 'NONE', #1781, .T. ) ;
#9356 = ORIENTED_EDGE ( 'NONE', *, *, #8667, .T. ) ;
#9357 = LINE ( 'NONE', #8463, #3852 ) ;
#9358 = DIRECTION ( 'NONE',  ( 0.8660254037844388186, -0.4999999999999997224, 0.000000000000000000 ) ) ;
#9359 = AXIS2_PLACEMENT_3D ( 'NONE', #6380, #8541, #6507 ) ;
#9360 = ORIENTED_EDGE ( 'NONE', *, *, #2465, .T. ) ;
#9361 = PLANE ( 'NONE',  #4780 ) ;
#9362 = PLANE ( 'NONE',  #5373 ) ;
#9363 = ADVANCED_FACE ( 'NONE', ( #10542 ), #7553, .T. ) ;
#9364 = ORIENTED_EDGE ( 'NONE', *, *, #5201, .T. ) ;
#9365 = DIRECTION ( 'NONE',  ( -1.000000000000000000, 9.614813431917789401E-15, 0.000000000000000000 ) ) ;
#9366 = CARTESIAN_POINT ( 'NONE',  ( 19.84999999999998721, 23.30125950546273828, 0.4500000000000000111 ) ) ;
#9367 = LINE ( 'NONE', #12092, #9225 ) ;
#9368 = FACE_OUTER_BOUND ( 'NONE', #9710, .T. ) ;
#9369 = PLANE ( 'NONE',  #1928 ) ;
#9370 = CARTESIAN_POINT ( 'NONE',  ( -32.99999999999999289, 25.99999999999999645, 0.4500000000000000111 ) ) ;
#9371 = DIRECTION ( 'NONE',  ( 0.8660254037844383745, 0.5000000000000003331, 0.000000000000000000 ) ) ;
#9372 = DIRECTION ( 'NONE',  ( 0.8660254037844393737, 0.4999999999999985012, 0.000000000000000000 ) ) ;
#9373 = ORIENTED_EDGE ( 'NONE', *, *, #3580, .F. ) ;
#9374 = CARTESIAN_POINT ( 'NONE',  ( 8.699999999999986855, 21.13619599600162147, 0.4500000000000000111 ) ) ;
#9375 = ORIENTED_EDGE ( 'NONE', *, *, #4387, .T. ) ;
#9376 = EDGE_CURVE ( 'NONE', #2677, #12231, #3927, .T. ) ;
#9377 = CARTESIAN_POINT ( 'NONE',  ( 34.29999999999999005, 21.13619599600162502, 0.4500000000000000111 ) ) ;
#9378 = ORIENTED_EDGE ( 'NONE', *, *, #9230, .T. ) ;
#9379 = VECTOR ( 'NONE', #2444, 1000.000000000000000 ) ;
#9380 = DIRECTION ( 'NONE',  ( 0.000000000000000000, 0.000000000000000000, -1.000000000000000000 ) ) ;
#9381 = ORIENTED_EDGE ( 'NONE', *, *, #597, .T. ) ;
#9382 = VECTOR ( 'NONE', #817, 1000.000000000000000 ) ;
#9383 = PLANE ( 'NONE',  #6747 ) ;
#9384 = DIRECTION ( 'NONE',  ( 0.000000000000000000, 0.000000000000000000, -1.000000000000000000 ) ) ;
#9385 = ADVANCED_FACE ( 'NONE', ( #1963 ), #6604, .T. ) ;
#9386 = CARTESIAN_POINT ( 'NONE',  ( 34.69999999999997442, 26.15914333795139513, 0.4500000000000000111 ) ) ;
#9387 = ORIENTED_EDGE ( 'NONE', *, *, #9977, .F. ) ;
#9388 = EDGE_CURVE ( 'NONE', #3395, #11043, #10481, .T. ) ;
#9389 = ORIENTED_EDGE ( 'NONE', *, *, #2198, .T. ) ;
#9390 = AXIS2_PLACEMENT_3D ( 'NONE', #8103, #10772, #10969 ) ;
#9391 = DIRECTION ( 'NONE',  ( -0.8660254037844394848, -0.4999999999999985012, 0.000000000000000000 ) ) ;
#9392 = EDGE_LOOP ( 'NONE', ( #831, #3596, #11979, #8068 ) ) ;
#9393 = EDGE_CURVE ( 'NONE', #3443, #3870, #5895, .T. ) ;
#9394 = LINE ( 'NONE', #687, #1875 ) ;
#9395 = ORIENTED_EDGE ( 'NONE', *, *, #3255, .T. ) ;
#9396 = EDGE_CURVE ( 'NONE', #10354, #1363, #1784, .T. ) ;
#9397 = ORIENTED_EDGE ( 'NONE', *, *, #2613, .F. ) ;
#9398 = LINE ( 'NONE', #10209, #7143 ) ;
#9399 = LINE ( 'NONE', #1893, #7804 ) ;
#9400 = EDGE_CURVE ( 'NONE', #12005, #11199, #5645, .T. ) ;
#9401 = PLANE ( 'NONE',  #7763 ) ;
#9402 = PLANE ( 'NONE',  #2109 ) ;
#9403 = DIRECTION ( 'NONE',  ( 0.000000000000000000, -1.000000000000000000, 0.000000000000000000 ) ) ;
#9404 = DIRECTION ( 'NONE',  ( 0.000000000000000000, 0.000000000000000000, -1.000000000000000000 ) ) ;
#9405 = ORIENTED_EDGE ( 'NONE', *, *, #2795, .F. ) ;
#9406 = ORIENTED_EDGE ( 'NONE', *, *, #12205, .T. ) ;
#9407 = FACE_OUTER_BOUND ( 'NONE', #6157, .T. ) ;
#9408 = VERTEX_POINT ( 'NONE', #3675 ) ;
#9409 = ORIENTED_EDGE ( 'NONE', *, *, #10756, .F. ) ;
#9410 = EDGE_LOOP ( 'NONE', ( #3008, #9451, #11699, #5125, #5991, #6218 ) ) ;
#9411 = CARTESIAN_POINT ( 'NONE',  ( -7.049999999999990052, 19.72168783648704959, 0.4500000000000000111 ) ) ;
#9412 = CARTESIAN_POINT ( 'NONE',  ( 32.64999999999999147, 23.99407982849027476, 0.4500000000000000111 ) ) ;
#9413 = EDGE_CURVE ( 'NONE', #7771, #12523, #9528, .T. ) ;
#9414 = PLANE ( 'NONE',  #5356 ) ;
#9415 = VECTOR ( 'NONE', #9655, 1000.000000000000000 ) ;
#9416 = LINE ( 'NONE', #5710, #69 ) ;
#9417 = ORIENTED_EDGE ( 'NONE', *, *, #6666, .F. ) ;
#9418 = EDGE_CURVE ( 'NONE', #4718, #963, #11497, .T. ) ;
#9419 = LINE ( 'NONE', #5338, #11154 ) ;
#9420 = ORIENTED_EDGE ( 'NONE', *, *, #7668, .T. ) ;
#9421 = FACE_BOUND ( 'NONE', #6712, .T. ) ;
#9422 = VECTOR ( 'NONE', #3749, 1000.000000000000114 ) ;
#9423 = VERTEX_POINT ( 'NONE', #2911 ) ;
#9424 = EDGE_CURVE ( 'NONE', #9247, #2601, #1842, .T. ) ;
#9425 = DIRECTION ( 'NONE',  ( 1.000000000000000000, -0.000000000000000000, -0.000000000000000000 ) ) ;
#9426 = DIRECTION ( 'NONE',  ( 0.000000000000000000, -1.000000000000000000, 0.000000000000000000 ) ) ;
#9427 = ORIENTED_EDGE ( 'NONE', *, *, #9520, .T. ) ;
#9428 = CARTESIAN_POINT ( 'NONE',  ( -19.84999999999999787, 20.41450815951458964, 0.000000000000000000 ) ) ;
#9429 = CARTESIAN_POINT ( 'NONE',  ( -30.14999999999997371, 18.27831216351298238, 0.4500000000000000111 ) ) ;
#9430 = FACE_OUTER_BOUND ( 'NONE', #3965, .T. ) ;
#9431 = VECTOR ( 'NONE', #2744, 1000.000000000000000 ) ;
#9432 = PLANE ( 'NONE',  #9649 ) ;
#9433 = CARTESIAN_POINT ( 'NONE',  ( -29.34999999999999432, 23.99407982849027476, 0.000000000000000000 ) ) ;
#9434 = PLANE ( 'NONE',  #8669 ) ;
#9435 = CIRCLE ( 'NONE', #5160, 3.999999999999996447 ) ;
#9436 = CARTESIAN_POINT ( 'NONE',  ( -33.44999999999998153, 18.27831216351298238, 0.000000000000000000 ) ) ;
#9437 = DIRECTION ( 'NONE',  ( -0.4999999999999997224, -0.8660254037844388186, 0.000000000000000000 ) ) ;
#9438 = VERTEX_POINT ( 'NONE', #947 ) ;
#9439 = LINE ( 'NONE', #1814, #8105 ) ;
#9440 = ORIENTED_EDGE ( 'NONE', *, *, #3383, .T. ) ;
#9441 = VECTOR ( 'NONE', #9169, 1000.000000000000114 ) ;
#9442 = CARTESIAN_POINT ( 'NONE',  ( -14.50000000000001599, 22.57957166897568868, 0.4500000000000000111 ) ) ;
#9443 = ORIENTED_EDGE ( 'NONE', *, *, #5133, .T. ) ;
#9444 = LINE ( 'NONE', #2451, #9651 ) ;
#9445 = EDGE_CURVE ( 'NONE', #12231, #3209, #12565, .T. ) ;
#9446 = PLANE ( 'NONE',  #11620 ) ;
#9447 = DIRECTION ( 'NONE',  ( 0.4999999999999985567, 0.8660254037844394848, 0.000000000000000000 ) ) ;
#9448 = VECTOR ( 'NONE', #11636, 1000.000000000000000 ) ;
#9449 = CARTESIAN_POINT ( 'NONE',  ( -26.84999999999997300, 25.43745550146435619, 0.4500000000000000111 ) ) ;
#9450 = ORIENTED_EDGE ( 'NONE', *, *, #4156, .T. ) ;
#9451 = ORIENTED_EDGE ( 'NONE', *, *, #10802, .T. ) ;
#9452 = CARTESIAN_POINT ( 'NONE',  ( 20.24999999999997513, 25.43745550146434908, 0.000000000000000000 ) ) ;
#9453 = ORIENTED_EDGE ( 'NONE', *, *, #1705, .T. ) ;
#9454 = VECTOR ( 'NONE', #1699, 1000.000000000000114 ) ;
#9455 = CARTESIAN_POINT ( 'NONE',  ( 33.44999999999996732, 25.43745550146435974, 0.4500000000000000111 ) ) ;
#9456 = EDGE_LOOP ( 'NONE', ( #9938, #204, #1783, #12268 ) ) ;
#9457 = VECTOR ( 'NONE', #1211, 1000.000000000000000 ) ;
#9458 = VECTOR ( 'NONE', #4575, 1000.000000000000000 ) ;
#9459 = ADVANCED_FACE ( 'NONE', ( #6782 ), #10662, .T. ) ;
#9460 = ORIENTED_EDGE ( 'NONE', *, *, #9418, .F. ) ;
#9461 = CARTESIAN_POINT ( 'NONE',  ( 26.05000000000001137, 25.43745550146433843, 0.000000000000000000 ) ) ;
#9462 = DIRECTION ( 'NONE',  ( 0.000000000000000000, 0.000000000000000000, -1.000000000000000000 ) ) ;
#9463 = LINE ( 'NONE', #8504, #2491 ) ;
#9464 = DIRECTION ( 'NONE',  ( 0.8660254037844387076, 0.4999999999999997224, 0.000000000000000000 ) ) ;
#9465 = DIRECTION ( 'NONE',  ( 0.8660254037844393737, 0.4999999999999985012, 0.000000000000000000 ) ) ;
#9466 = CARTESIAN_POINT ( 'NONE',  ( -32.99999999999999289, 25.99999999999999645, 0.4500000000000000111 ) ) ;
#9467 = EDGE_LOOP ( 'NONE', ( #3169, #11473, #1256, #10483 ) ) ;
#9468 = EDGE_CURVE ( 'NONE', #810, #4293, #4938, .T. ) ;
#9469 = AXIS2_PLACEMENT_3D ( 'NONE', #11270, #9496, #12223 ) ;
#9470 = ADVANCED_FACE ( 'NONE', ( #2277 ), #5954, .T. ) ;
#9471 = ORIENTED_EDGE ( 'NONE', *, *, #5621, .F. ) ;
#9472 = CARTESIAN_POINT ( 'NONE',  ( 5.399999999999989697, 21.13619599600162147, 0.000000000000000000 ) ) ;
#9473 = ORIENTED_EDGE ( 'NONE', *, *, #1785, .F. ) ;
#9474 = ORIENTED_EDGE ( 'NONE', *, *, #1465, .F. ) ;
#9475 = ORIENTED_EDGE ( 'NONE', *, *, #4180, .T. ) ;
#9476 = LINE ( 'NONE', #11435, #1510 ) ;
#9477 = EDGE_CURVE ( 'NONE', #2967, #9499, #8957, .T. ) ;
#9478 = CYLINDRICAL_SURFACE ( 'NONE', #8415, 3.999999999999996447 ) ;
#9479 = DIRECTION ( 'NONE',  ( -0.8660254037844394848, 0.4999999999999984457, 0.000000000000000000 ) ) ;
#9480 = ORIENTED_EDGE ( 'NONE', *, *, #9235, .F. ) ;
#9481 = LINE ( 'NONE', #3880, #8727 ) ;
#9482 = DIRECTION ( 'NONE',  ( 0.000000000000000000, 0.000000000000000000, -1.000000000000000000 ) ) ;
#9483 = EDGE_CURVE ( 'NONE', #7410, #7068, #8054, .T. ) ;
#9484 = ORIENTED_EDGE ( 'NONE', *, *, #6708, .F. ) ;
#9485 = CARTESIAN_POINT ( 'NONE',  ( -31.39999999999997726, 26.15914333795139157, 0.4500000000000000111 ) ) ;
#9486 = LINE ( 'NONE', #11198, #7407 ) ;
#9487 = ORIENTED_EDGE ( 'NONE', *, *, #8371, .F. ) ;
#9488 = CARTESIAN_POINT ( 'NONE',  ( -28.37564434701790361, 25.99999999999999645, 0.4500000000000000111 ) ) ;
#9489 = DIRECTION ( 'NONE',  ( -0.8660254037844394848, -0.4999999999999985012, 0.000000000000000000 ) ) ;
#9490 = DIRECTION ( 'NONE',  ( 0.000000000000000000, 0.000000000000000000, -1.000000000000000000 ) ) ;
#9491 = FACE_OUTER_BOUND ( 'NONE', #9456, .T. ) ;
#9492 = CALENDAR_DATE ( 2026, 4, 4 ) ;
#9493 = AXIS2_PLACEMENT_3D ( 'NONE', #410, #2315, #4983 ) ;
#9494 = DIRECTION ( 'NONE',  ( 0.8660254037844387076, 0.4999999999999997224, 0.000000000000000000 ) ) ;
#9495 = CARTESIAN_POINT ( 'NONE',  ( -26.84999999999997300, 23.99407982849028187, 0.4500000000000000111 ) ) ;
#9496 = DIRECTION ( 'NONE',  ( -1.000000000000000000, 9.614813431917789401E-15, 0.000000000000000000 ) ) ;
#9497 = VERTEX_POINT ( 'NONE', #4116 ) ;
#9498 = CARTESIAN_POINT ( 'NONE',  ( -16.54999999999999716, 20.41450815951458608, 0.000000000000000000 ) ) ;
#9499 = VERTEX_POINT ( 'NONE', #11040 ) ;
#9500 = DIRECTION ( 'NONE',  ( 0.4999999999999997224, -0.8660254037844388186, -0.000000000000000000 ) ) ;
#9501 = ORIENTED_EDGE ( 'NONE', *, *, #8633, .T. ) ;
#9502 = CARTESIAN_POINT ( 'NONE',  ( -21.89999999999997726, 21.13619599600162502, 0.4500000000000000111 ) ) ;
#9503 = DIRECTION ( 'NONE',  ( 0.000000000000000000, -1.000000000000000000, 0.000000000000000000 ) ) ;
#9504 = AXIS2_PLACEMENT_3D ( 'NONE', #325, #1219, #6107 ) ;
#9505 = DIRECTION ( 'NONE',  ( 0.8660254037844393737, -0.4999999999999985012, 0.000000000000000000 ) ) ;
#9506 = CARTESIAN_POINT ( 'NONE',  ( -28.37564434701790361, 25.99999999999999645, 0.4500000000000000111 ) ) ;
#9507 = EDGE_LOOP ( 'NONE', ( #3995, #4104, #5614, #6724 ) ) ;
#9508 = LINE ( 'NONE', #8937, #11365 ) ;
#9509 = EDGE_LOOP ( 'NONE', ( #4233, #8516, #3954, #8226, #6734, #3813, #1789 ) ) ;
#9510 = CARTESIAN_POINT ( 'NONE',  ( 35.94999999999999574, 24.70138853184801775, 0.4500000000000000111 ) ) ;
#9511 = VERTEX_POINT ( 'NONE', #367 ) ;
#9512 = EDGE_CURVE ( 'NONE', #1710, #2152, #6915, .T. ) ;
#9513 = CARTESIAN_POINT ( 'NONE',  ( -23.54999999999997584, 23.99407982849027832, 0.4500000000000000111 ) ) ;
#9514 = VERTEX_POINT ( 'NONE', #4236 ) ;
#9515 = VECTOR ( 'NONE', #4877, 1000.000000000000114 ) ;
#9516 = VERTEX_POINT ( 'NONE', #6155 ) ;
#9517 = EDGE_CURVE ( 'NONE', #3798, #10773, #9910, .T. ) ;
#9518 = CARTESIAN_POINT ( 'NONE',  ( 20.73205080756887853, 18.00000000000000355, 0.4500000000000000111 ) ) ;
#9519 = DIRECTION ( 'NONE',  ( 0.5000000000000004441, -0.8660254037844384856, 0.000000000000000000 ) ) ;
#9520 = EDGE_CURVE ( 'NONE', #6000, #503, #10982, .T. ) ;
#9521 = FACE_BOUND ( 'NONE', #7395, .T. ) ;
#9522 = CARTESIAN_POINT ( 'NONE',  ( -25.56794919243110442, 18.00000000000000355, 0.4500000000000000111 ) ) ;
#9523 = DIRECTION ( 'NONE',  ( 0.000000000000000000, 0.000000000000000000, -1.000000000000000000 ) ) ;
#9524 = CARTESIAN_POINT ( 'NONE',  ( -11.99999999999998401, 22.57957166897569934, 0.4500000000000000111 ) ) ;
#9525 = ORIENTED_EDGE ( 'NONE', *, *, #70, .T. ) ;
#9526 = VECTOR ( 'NONE', #1689, 1000.000000000000114 ) ;
#9527 = VERTEX_POINT ( 'NONE', #1206 ) ;
#9528 = LINE ( 'NONE', #8513, #595 ) ;
#9529 = VERTEX_POINT ( 'NONE', #11870 ) ;
#9530 = ORIENTED_EDGE ( 'NONE', *, *, #10530, .T. ) ;
#9531 = EDGE_LOOP ( 'NONE', ( #2223, #7010, #6786, #9878 ) ) ;
#9532 = EDGE_CURVE ( 'NONE', #3412, #2466, #7930, .T. ) ;
#9533 = CARTESIAN_POINT ( 'NONE',  ( 16.54999999999999716, 20.41450815951458608, 0.4500000000000000111 ) ) ;
#9534 = PLANE ( 'NONE',  #1314 ) ;
#9535 = AXIS2_PLACEMENT_3D ( 'NONE', #3437, #7317, #3627 ) ;
#9536 = LINE ( 'NONE', #7375, #3754 ) ;
#9537 = ORIENTED_EDGE ( 'NONE', *, *, #3653, .F. ) ;
#9538 = PLANE ( 'NONE',  #4250 ) ;
#9539 = ADVANCED_FACE ( 'NONE', ( #8116 ), #11930, .T. ) ;
#9540 = EDGE_CURVE ( 'NONE', #12257, #4024, #6975, .T. ) ;
#9541 = DIRECTION ( 'NONE',  ( -0.8660254037844383745, 0.5000000000000003331, 0.000000000000000000 ) ) ;
#9542 = ORIENTED_EDGE ( 'NONE', *, *, #11276, .F. ) ;
#9543 = LINE ( 'NONE', #11571, #8034 ) ;
#9544 = ORIENTED_EDGE ( 'NONE', *, *, #1309, .F. ) ;
#9545 = LINE ( 'NONE', #4768, #9431 ) ;
#9546 = VECTOR ( 'NONE', #5501, 1000.000000000000114 ) ;
#9547 = EDGE_CURVE ( 'NONE', #1855, #8873, #9074, .T. ) ;
#9548 = CARTESIAN_POINT ( 'NONE',  ( 6.649999999999992362, 23.30125950546273117, 0.4500000000000000111 ) ) ;
#9549 = DIRECTION ( 'NONE',  ( 0.000000000000000000, 0.000000000000000000, -1.000000000000000000 ) ) ;
#9550 = EDGE_CURVE ( 'NONE', #523, #2561, #120, .T. ) ;
#9551 = EDGE_CURVE ( 'NONE', #8925, #487, #6674, .T. ) ;
#9552 = CARTESIAN_POINT ( 'NONE',  ( -19.45000000000000284, 23.99407982849027121, 0.4500000000000000111 ) ) ;
#9553 = MECHANICAL_CONTEXT ( 'NONE', #11587, 'mechanical' ) ;
#9554 = ADVANCED_FACE ( 'NONE', ( #10921 ), #10788, .T. ) ;
#9555 = ORIENTED_EDGE ( 'NONE', *, *, #10219, .F. ) ;
#9556 = VECTOR ( 'NONE', #10884, 1000.000000000000000 ) ;
#9557 = DIRECTION ( 'NONE',  ( 0.000000000000000000, -1.000000000000000000, 0.000000000000000000 ) ) ;
#9558 = DIRECTION ( 'NONE',  ( 0.8660254037844393737, 0.4999999999999985012, 0.000000000000000000 ) ) ;
#9559 = ORIENTED_EDGE ( 'NONE', *, *, #3797, .T. ) ;
#9560 = CARTESIAN_POINT ( 'NONE',  ( 8.861963764628281837, 25.83469340716842311, 0.4500000000000000111 ) ) ;
#9561 = ORIENTED_EDGE ( 'NONE', *, *, #4903, .F. ) ;
#9562 = CARTESIAN_POINT ( 'NONE',  ( 19.84999999999998721, 23.30125950546273828, 0.000000000000000000 ) ) ;
#9563 = ORIENTED_EDGE ( 'NONE', *, *, #10897, .F. ) ;
#9564 = DIRECTION ( 'NONE',  ( -0.4999999999999985567, 0.8660254037844394848, 0.000000000000000000 ) ) ;
#9565 = ADVANCED_FACE ( 'NONE', ( #2089 ), #5006, .T. ) ;
#9566 = CARTESIAN_POINT ( 'NONE',  ( 17.43205080756887781, 18.00000000000000355, 0.4500000000000000111 ) ) ;
#9567 = DIRECTION ( 'NONE',  ( 0.8660254037844388186, -0.4999999999999997224, 0.000000000000000000 ) ) ;
#9568 = CARTESIAN_POINT ( 'NONE',  ( -36.34999999999999432, 20.41450815951459674, 0.4500000000000000111 ) ) ;
#9569 = ORIENTED_EDGE ( 'NONE', *, *, #8866, .T. ) ;
#9570 = DIRECTION ( 'NONE',  ( 0.000000000000000000, -1.000000000000000000, -0.000000000000000000 ) ) ;
#9571 = EDGE_CURVE ( 'NONE', #8368, #4167, #10850, .T. ) ;
#9572 = ORIENTED_EDGE ( 'NONE', *, *, #10847, .F. ) ;
#9573 = ADVANCED_FACE ( 'NONE', ( #4182 ), #684, .T. ) ;
#9574 = CARTESIAN_POINT ( 'NONE',  ( 25.19999999999997442, 22.57957166897570644, 0.4500000000000000111 ) ) ;
#9575 = VECTOR ( 'NONE', #11166, 1000.000000000000000 ) ;
#9576 = CARTESIAN_POINT ( 'NONE',  ( 23.14999999999999503, 20.41450815951458608, 0.4500000000000000111 ) ) ;
#9577 = EDGE_LOOP ( 'NONE', ( #12302, #12277, #2865, #5968 ) ) ;
#9578 = ORIENTED_EDGE ( 'NONE', *, *, #10774, .F. ) ;
#9579 = LINE ( 'NONE', #3857, #8768 ) ;
#9580 = DIRECTION ( 'NONE',  ( -0.8660254037844393737, 0.4999999999999985012, 0.000000000000000000 ) ) ;
#9581 = LINE ( 'NONE', #9704, #1886 ) ;
#9582 = CARTESIAN_POINT ( 'NONE',  ( 15.29999999999998295, 22.57957166897569934, 0.4500000000000000111 ) ) ;
#9583 = FACE_OUTER_BOUND ( 'NONE', #5662, .T. ) ;
#9584 = VECTOR ( 'NONE', #4041, 1000.000000000000114 ) ;
#9585 = CARTESIAN_POINT ( 'NONE',  ( -12.85000000000001563, 25.43745550146433132, 0.4500000000000000111 ) ) ;
#9586 = ORIENTED_EDGE ( 'NONE', *, *, #5718, .F. ) ;
#9587 = ORIENTED_EDGE ( 'NONE', *, *, #11637, .T. ) ;
#9588 = CARTESIAN_POINT ( 'NONE',  ( -13.64999999999998437, 18.27831216351297883, 0.000000000000000000 ) ) ;
#9589 = EDGE_LOOP ( 'NONE', ( #4268, #425, #998, #12132 ) ) ;
#9590 = ORIENTED_EDGE ( 'NONE', *, *, #1379, .T. ) ;
#9591 = EDGE_LOOP ( 'NONE', ( #4165, #1354, #9389, #10338 ) ) ;
#9592 = VECTOR ( 'NONE', #4048, 1000.000000000000000 ) ;
#9593 = CARTESIAN_POINT ( 'NONE',  ( 16.54999999999999716, 20.41450815951458608, 0.4500000000000000111 ) ) ;
#9594 = LINE ( 'NONE', #4577, #10229 ) ;
#9595 = DIRECTION ( 'NONE',  ( 0.8660254037844394848, -0.4999999999999985012, 0.000000000000000000 ) ) ;
#9596 = EDGE_CURVE ( 'NONE', #4066, #6980, #12051, .T. ) ;
#9597 = EDGE_CURVE ( 'NONE', #7733, #6769, #3347, .T. ) ;
#9598 = ORIENTED_EDGE ( 'NONE', *, *, #3682, .T. ) ;
#9599 = LINE ( 'NONE', #8650, #4860 ) ;
#9600 = DIRECTION ( 'NONE',  ( -0.8660254037844387076, 0.4999999999999997224, 0.000000000000000000 ) ) ;
#9601 = ORIENTED_EDGE ( 'NONE', *, *, #9703, .T. ) ;
#9602 = DIRECTION ( 'NONE',  ( 0.000000000000000000, -1.000000000000000000, 0.000000000000000000 ) ) ;
#9603 = EDGE_LOOP ( 'NONE', ( #8309, #3490, #7075, #4872 ) ) ;
#9604 = DIRECTION ( 'NONE',  ( 0.000000000000000000, 0.000000000000000000, -1.000000000000000000 ) ) ;
#9605 = CARTESIAN_POINT ( 'NONE',  ( -16.54999999999999005, 23.30125950546273828, 0.000000000000000000 ) ) ;
#9606 = EDGE_CURVE ( 'NONE', #10545, #9043, #7228, .T. ) ;
#9607 = LINE ( 'NONE', #2685, #4151 ) ;
#9608 = DIRECTION ( 'NONE',  ( -9.614813431917789401E-15, -1.000000000000000000, 0.000000000000000000 ) ) ;
#9609 = ORIENTED_EDGE ( 'NONE', *, *, #6352, .F. ) ;
#9610 = VECTOR ( 'NONE', #6946, 1000.000000000000000 ) ;
#9611 = CARTESIAN_POINT ( 'NONE',  ( -20.24999999999997513, 25.43745550146434908, 0.4500000000000000111 ) ) ;
#9612 = DIRECTION ( 'NONE',  ( 0.8660254037844394848, 0.4999999999999984457, 0.000000000000000000 ) ) ;
#9613 = ORIENTED_EDGE ( 'NONE', *, *, #4720, .T. ) ;
#9614 = EDGE_CURVE ( 'NONE', #1609, #1296, #428, .T. ) ;
#9615 = CARTESIAN_POINT ( 'NONE',  ( -13.64999999999998082, 23.99407982849027121, 0.4500000000000000111 ) ) ;
#9616 = EDGE_CURVE ( 'NONE', #11345, #1340, #4296, .T. ) ;
#9617 = EDGE_LOOP ( 'NONE', ( #9114, #5399, #2602, #1066 ) ) ;
#9618 = EDGE_CURVE ( 'NONE', #9347, #10751, #11290, .T. ) ;
#9619 = DIRECTION ( 'NONE',  ( 0.000000000000000000, 0.000000000000000000, -1.000000000000000000 ) ) ;
#9620 = ORIENTED_EDGE ( 'NONE', *, *, #6818, .T. ) ;
#9621 = VECTOR ( 'NONE', #2721, 1000.000000000000114 ) ;
#9622 = CARTESIAN_POINT ( 'NONE',  ( -35.95000000000000995, 19.72168783648704604, 0.4500000000000000111 ) ) ;
#9623 = VECTOR ( 'NONE', #7296, 1000.000000000000000 ) ;
#9624 = DIRECTION ( 'NONE',  ( 0.5000000000000004441, -0.8660254037844384856, 0.000000000000000000 ) ) ;
#9625 = LINE ( 'NONE', #11593, #3662 ) ;
#9626 = CARTESIAN_POINT ( 'NONE',  ( -16.94999999999998153, 18.27831216351297883, 0.4500000000000000111 ) ) ;
#9627 = VERTEX_POINT ( 'NONE', #2461 ) ;
#9628 = CARTESIAN_POINT ( 'NONE',  ( 35.09999999999998010, 22.57957166897571000, 0.000000000000000000 ) ) ;
#9629 = VECTOR ( 'NONE', #8589, 1000.000000000000000 ) ;
#9630 = ORIENTED_EDGE ( 'NONE', *, *, #11846, .T. ) ;
#9631 = CARTESIAN_POINT ( 'NONE',  ( 35.95000000000000995, 19.72168783648704604, 0.4500000000000000111 ) ) ;
#9632 = EDGE_CURVE ( 'NONE', #10000, #10422, #12241, .T. ) ;
#9633 = VECTOR ( 'NONE', #5572, 1000.000000000000000 ) ;
#9634 = CARTESIAN_POINT ( 'NONE',  ( -11.59999999999998721, 26.15914333795138091, 0.4500000000000000111 ) ) ;
#9635 = ORIENTED_EDGE ( 'NONE', *, *, #1085, .F. ) ;
#9636 = CARTESIAN_POINT ( 'NONE',  ( -18.19999999999998863, 26.15914333795138802, 0.000000000000000000 ) ) ;
#9637 = ORIENTED_EDGE ( 'NONE', *, *, #4254, .T. ) ;
#9638 = CIRCLE ( 'NONE', #3551, 3.999999999999996447 ) ;
#9639 = CARTESIAN_POINT ( 'NONE',  ( 21.50000000000000000, 17.55662432702593989, 0.4500000000000000111 ) ) ;
#9640 = CARTESIAN_POINT ( 'NONE',  ( 22.75000000000001421, 19.72168783648704249, 0.4500000000000000111 ) ) ;
#9641 = DIRECTION ( 'NONE',  ( 0.000000000000000000, 0.000000000000000000, -1.000000000000000000 ) ) ;
#9642 = FACE_OUTER_BOUND ( 'NONE', #5732, .T. ) ;
#9643 = DIRECTION ( 'NONE',  ( 0.4999999999999985567, 0.8660254037844394848, 0.000000000000000000 ) ) ;
#9644 = CARTESIAN_POINT ( 'NONE',  ( -32.99999999999999289, 25.99999999999999645, 0.4500000000000000111 ) ) ;
#9645 = EDGE_LOOP ( 'NONE', ( #7541, #8757, #4660, #6468 ) ) ;
#9646 = ORIENTED_EDGE ( 'NONE', *, *, #4146, .F. ) ;
#9647 = ORIENTED_EDGE ( 'NONE', *, *, #3796, .T. ) ;
#9648 = DIRECTION ( 'NONE',  ( 1.000000000000000000, 0.000000000000000000, 0.000000000000000000 ) ) ;
#9649 = AXIS2_PLACEMENT_3D ( 'NONE', #6628, #10506, #728 ) ;
#9650 = ORIENTED_EDGE ( 'NONE', *, *, #2790, .T. ) ;
#9651 = VECTOR ( 'NONE', #614, 1000.000000000000114 ) ;
#9652 = EDGE_LOOP ( 'NONE', ( #9688, #12383, #5087, #9972 ) ) ;
#9653 = ORIENTED_EDGE ( 'NONE', *, *, #950, .F. ) ;
#9654 = VECTOR ( 'NONE', #199, 1000.000000000000000 ) ;
#9655 = DIRECTION ( 'NONE',  ( 0.000000000000000000, -1.000000000000000000, 0.000000000000000000 ) ) ;
#9656 = CLOSED_SHELL ( 'NONE', ( #10114, #4867, #9007, #2104, #8940, #3552, #2920, #9290, #8641, #8594, #1149, #2440, #1386, #4319, #677, #8215, #6791, #8688, #7608, #10518, #706, #359, #10599, #5012, #3196, #7754, #11432, #447, #4128, #11168, #4828, #2314, #6233, #6200, #9001, #12024, #9554, #7444, #11460, #8008, #2650, #2565, #2172, #10204, #7033, #8155, #12569, #10889, #8578, #4866, #3229, #4649, #9470, #4940, #1406, #1438, #12349, #1859, #6055, #11045, #7213, #4531, #4098, #10498, #5975, #6293, #8411, #7341, #1348, #10058, #6131, #3712, #546, #8131, #6401, #6209, #2087, #11542, #7311, #2241, #2139, #10996, #4416, #2007, #4244, #6265, #1760, #7681, #3793, #12511, #2656, #4807, #7103, #12335, #5701, #3589, #12020, #9870, #11590, #2937, #10924, #223, #3739, #4842, #1809, #3163, #1909, #7062, #7284, #10007, #800, #4722, #127, #5350, #8777, #408, #10961, #2683, #1227, #12126, #6825, #5111, #547, #10728, #8972, #11096, #10158, #8391, #6045, #9565, #9990, #11871, #10636, #4183, #6542, #10544, #9385, #81, #9122, #5024, #2984, #3854, #3687, #9573, #5194, #3633, #6419, #4543, #2626, #671, #2399, #10016, #1107, #1367, #7051, #2021, #3045, #10472, #12427, #11241, #7989, #10443, #3117, #8303, #8678, #11600, #5635, #3355, #3012, #2404, #10139, #9092, #995, #8184, #10336, #10929, #4255, #2699, #4496, #7858, #11017, #3553, #7289, #2828, #1555, #11847, #633, #9149, #6662, #7434, #9459, #3761, #4666, #1877, #3885, #777, #8019, #9858, #12404, #668, #9539, #1159, #9939, #11068, #10248, #5290, #9307, #4567, #8734, #2066, #11729, #6491, #7568, #10460, #4778, #7999, #2426, #10615, #9692, #3214, #314, #3304, #12534, #12570, #9725, #2454, #2062, #9853, #2543, #755, #1089, #1345, #2863, #3419, #5033, #10239, #4265, #7354, #8035, #510, #4893, #1148, #6504, #12394, #7908, #2324, #8057, #6063, #8066, #2796, #11343, #6277, #7738, #5245, #11765, #5727, #11633, #5416, #7996, #7840, #8920, #8795, #12117, #4700, #6378, #5827, #5812, #1497, #2361, #1454, #1917, #9056, #827, #3353, #6188, #9233, #5114, #10085, #8244, #12555, #1782, #1086, #11026, #929, #11501, #836, #8268, #1641, #8603, #10002, #6688, #2255, #992, #11378, #7978, #1543, #9363, #11479, #9318, #6678, #12365, #2939, #9672, #11144, #11494, #11760, #8072, #11009, #6570, #5756, #9254, #5059, #11027, #11937, #2478, #5191, #5604, #12233, #2065, #2475, #3709, #12090, #12149, #5548, #1531, #6563, #11869, #236, #7873, #12240, #5648, #8484, #107, #2624, #562, #8531, #8353, #12326, #842, #693, #8119, #12346, #11217, #6930, #12409, #8458, #6253, #7526, #4234, #41, #12164, #4039, #1223, #3494, #3871, #9302, #10385, #12500, #2298, #5972, #5933, #3567, #7205, #277, #3176, #383, #11956, #1771, #7852, #10635, #5363, #5556 ) ) ;
#9657 = CARTESIAN_POINT ( 'NONE',  ( 26.84999999999997300, 19.72168783648705670, 0.4500000000000000111 ) ) ;
#9658 = VECTOR ( 'NONE', #3078, 1000.000000000000000 ) ;
#9659 = LINE ( 'NONE', #3818, #4350 ) ;
#9660 = ORIENTED_EDGE ( 'NONE', *, *, #8228, .T. ) ;
#9661 = DIRECTION ( 'NONE',  ( 0.000000000000000000, 0.000000000000000000, -1.000000000000000000 ) ) ;
#9662 = FACE_BOUND ( 'NONE', #1670, .T. ) ;
#9663 = ORIENTED_EDGE ( 'NONE', *, *, #1465, .T. ) ;
#9664 = LINE ( 'NONE', #6680, #5792 ) ;
#9665 = ORIENTED_EDGE ( 'NONE', *, *, #5960, .T. ) ;
#9666 = LINE ( 'NONE', #12524, #3941 ) ;
#9667 = EDGE_CURVE ( 'NONE', #4609, #7086, #11104, .T. ) ;
#9668 = CARTESIAN_POINT ( 'NONE',  ( 36.87319111346176470, 22.99919497526796519, 0.4500000000000000111 ) ) ;
#9669 = LINE ( 'NONE', #11450, #3139 ) ;
#9670 = CARTESIAN_POINT ( 'NONE',  ( 0.000000000000000000, 28.50000000000000355, 0.4500000000000000111 ) ) ;
#9671 = ORIENTED_EDGE ( 'NONE', *, *, #8086, .F. ) ;
#9672 = ADVANCED_FACE ( 'NONE', ( #6273 ), #10202, .T. ) ;
#9673 = CARTESIAN_POINT ( 'NONE',  ( 12.85000000000000142, 23.99407982849026411, 0.4500000000000000111 ) ) ;
#9674 = CARTESIAN_POINT ( 'NONE',  ( 28.09999999999998010, 20.44337567297409208, 0.4500000000000000111 ) ) ;
#9675 = VERTEX_POINT ( 'NONE', #7350 ) ;
#9676 = LINE ( 'NONE', #4843, #3235 ) ;
#9677 = ORIENTED_EDGE ( 'NONE', *, *, #8301, .T. ) ;
#9678 = EDGE_CURVE ( 'NONE', #11325, #4599, #10147, .T. ) ;
#9679 = AXIS2_PLACEMENT_3D ( 'NONE', #5721, #12403, #2931 ) ;
#9680 = LINE ( 'NONE', #2696, #8681 ) ;
#9681 = ORIENTED_EDGE ( 'NONE', *, *, #7316, .F. ) ;
#9682 = CARTESIAN_POINT ( 'NONE',  ( 32.65000000000000568, 25.43745550146434198, 0.4500000000000000111 ) ) ;
#9683 = VECTOR ( 'NONE', #5355, 1000.000000000000000 ) ;
#9684 = EDGE_CURVE ( 'NONE', #3301, #7810, #6399, .T. ) ;
#9685 = CARTESIAN_POINT ( 'NONE',  ( -11.32435565298208324, 25.99999999999999645, 0.4500000000000000111 ) ) ;
#9686 = CARTESIAN_POINT ( 'NONE',  ( 26.05000000000001137, 25.43745550146433843, 0.4500000000000000111 ) ) ;
#9687 = CARTESIAN_POINT ( 'NONE',  ( -20.24999999999997513, 25.43745550146434908, 0.4500000000000000111 ) ) ;
#9688 = ORIENTED_EDGE ( 'NONE', *, *, #4947, .F. ) ;
#9689 = VECTOR ( 'NONE', #6947, 1000.000000000000000 ) ;
#9690 = CARTESIAN_POINT ( 'NONE',  ( -17.80000000000001847, 22.57957166897568868, 0.4500000000000000111 ) ) ;
#9691 = ORIENTED_EDGE ( 'NONE', *, *, #5106, .F. ) ;
#9692 = ADVANCED_FACE ( 'NONE', ( #5253 ), #5505, .T. ) ;
#9693 = DIRECTION ( 'NONE',  ( 0.8660254037844394848, -0.4999999999999985012, 0.000000000000000000 ) ) ;
#9694 = EDGE_CURVE ( 'NONE', #7618, #7410, #12118, .T. ) ;
#9695 = EDGE_CURVE ( 'NONE', #9335, #639, #6463, .T. ) ;
#9696 = CARTESIAN_POINT ( 'NONE',  ( 32.65000000000000568, 25.43745550146434198, 0.4500000000000000111 ) ) ;
#9697 = ORIENTED_EDGE ( 'NONE', *, *, #2287, .T. ) ;
#9698 = LINE ( 'NONE', #9636, #5785 ) ;
#9699 = VERTEX_POINT ( 'NONE', #489 ) ;
#9700 = AXIS2_PLACEMENT_3D ( 'NONE', #9856, #4194, #1344 ) ;
#9701 = FACE_OUTER_BOUND ( 'NONE', #2334, .T. ) ;
#9702 = CARTESIAN_POINT ( 'NONE',  ( -24.79999999999999361, 23.27239199200323938, 0.4500000000000000111 ) ) ;
#9703 = EDGE_CURVE ( 'NONE', #576, #5649, #4360, .T. ) ;
#9704 = CARTESIAN_POINT ( 'NONE',  ( -32.99999999999999289, 18.00000000000000355, 0.000000000000000000 ) ) ;
#9705 = DIRECTION ( 'NONE',  ( 0.8660254037844387076, 0.4999999999999997224, 0.000000000000000000 ) ) ;
#9706 = LINE ( 'NONE', #2020, #6303 ) ;
#9707 = EDGE_CURVE ( 'NONE', #10307, #4186, #7286, .T. ) ;
#9708 = DIRECTION ( 'NONE',  ( -0.8660254037844387076, 0.4999999999999997224, 0.000000000000000000 ) ) ;
#9709 = ORIENTED_EDGE ( 'NONE', *, *, #5480, .F. ) ;
#9710 = EDGE_LOOP ( 'NONE', ( #10581, #1660, #627, #4491 ) ) ;
#9711 = ORIENTED_EDGE ( 'NONE', *, *, #792, .F. ) ;
#9712 = CARTESIAN_POINT ( 'NONE',  ( -18.19999999999998863, 20.44337567297408498, 0.4500000000000000111 ) ) ;
#9713 = VECTOR ( 'NONE', #11476, 1000.000000000000000 ) ;
#9714 = ORIENTED_EDGE ( 'NONE', *, *, #10480, .F. ) ;
#9715 = VERTEX_POINT ( 'NONE', #12177 ) ;
#9716 = ORIENTED_EDGE ( 'NONE', *, *, #2613, .T. ) ;
#9717 = FACE_OUTER_BOUND ( 'NONE', #11520, .T. ) ;
#9718 = LINE ( 'NONE', #3998, #6379 ) ;
#9719 = CARTESIAN_POINT ( 'NONE',  ( -18.19999999999998863, 26.15914333795138802, 0.4500000000000000111 ) ) ;
#9720 = AXIS2_PLACEMENT_3D ( 'NONE', #4056, #3102, #6093 ) ;
#9721 = LINE ( 'NONE', #64, #10263 ) ;
#9722 = ORIENTED_EDGE ( 'NONE', *, *, #5040, .F. ) ;
#9723 = DIRECTION ( 'NONE',  ( 0.8660254037844387076, 0.4999999999999997224, 0.000000000000000000 ) ) ;
#9724 = LINE ( 'NONE', #4763, #12343 ) ;
#9725 = ADVANCED_FACE ( 'NONE', ( #3471 ), #11224, .T. ) ;
#9726 = ORIENTED_EDGE ( 'NONE', *, *, #6893, .F. ) ;
#9727 = ORIENTED_EDGE ( 'NONE', *, *, #3735, .F. ) ;
#9728 = VECTOR ( 'NONE', #609, 1000.000000000000114 ) ;
#9729 = CARTESIAN_POINT ( 'NONE',  ( 14.89999999999998792, 20.44337567297408498, 0.4500000000000000111 ) ) ;
#9730 = FACE_OUTER_BOUND ( 'NONE', #866, .T. ) ;
#9731 = AXIS2_PLACEMENT_3D ( 'NONE', #2243, #9993, #9040 ) ;
#9732 = LINE ( 'NONE', #5980, #6198 ) ;
#9733 = DIRECTION ( 'NONE',  ( 0.8660254037844383745, -0.5000000000000003331, 0.000000000000000000 ) ) ;
#9734 = DIRECTION ( 'NONE',  ( 0.000000000000000000, -1.000000000000000000, 0.000000000000000000 ) ) ;
#9735 = PERSON_AND_ORGANIZATION ( #730, #5577 ) ;
#9736 = VERTEX_POINT ( 'NONE', #9452 ) ;
#9737 = CARTESIAN_POINT ( 'NONE',  ( 9.550000000000004263, 23.99407982849026411, 0.4500000000000000111 ) ) ;
#9738 = DIRECTION ( 'NONE',  ( -0.4999999999999985012, 0.8660254037844395958, 0.000000000000000000 ) ) ;
#9739 = VERTEX_POINT ( 'NONE', #12425 ) ;
#9740 = EDGE_CURVE ( 'NONE', #9335, #1357, #3850, .T. ) ;
#9741 = VECTOR ( 'NONE', #214, 1000.000000000000000 ) ;
#9742 = CARTESIAN_POINT ( 'NONE',  ( -13.24999999999998757, 23.30125950546273117, 0.4500000000000000111 ) ) ;
#9743 = VERTEX_POINT ( 'NONE', #3661 ) ;
#9744 = ORIENTED_EDGE ( 'NONE', *, *, #4903, .T. ) ;
#9745 = DIRECTION ( 'NONE',  ( -0.8660254037844383745, -0.5000000000000003331, 0.000000000000000000 ) ) ;
#9746 = CARTESIAN_POINT ( 'NONE',  ( 28.49999999999997158, 22.57957166897570644, 0.4500000000000000111 ) ) ;
#9747 = ORIENTED_EDGE ( 'NONE', *, *, #2184, .T. ) ;
#9748 = FACE_OUTER_BOUND ( 'NONE', #2354, .T. ) ;
#9749 = EDGE_CURVE ( 'NONE', #11982, #8683, #12547, .T. ) ;
#9750 = VECTOR ( 'NONE', #5931, 1000.000000000000000 ) ;
#9751 = FACE_OUTER_BOUND ( 'NONE', #6012, .T. ) ;
#9752 = LINE ( 'NONE', #1047, #2050 ) ;
#9753 = EDGE_CURVE ( 'NONE', #3499, #7688, #870, .T. ) ;
#9754 = EDGE_CURVE ( 'NONE', #2221, #10603, #5813, .T. ) ;
#9755 = DIRECTION ( 'NONE',  ( 0.000000000000000000, 0.000000000000000000, 1.000000000000000000 ) ) ;
#9756 = ORIENTED_EDGE ( 'NONE', *, *, #4769, .F. ) ;
#9757 = PLANE ( 'NONE',  #3841 ) ;
#9758 = ORIENTED_EDGE ( 'NONE', *, *, #10862, .F. ) ;
#9759 = CARTESIAN_POINT ( 'NONE',  ( 14.89999999999998792, 20.44337567297408498, 0.000000000000000000 ) ) ;
#9760 = AXIS2_PLACEMENT_3D ( 'NONE', #908, #8595, #2877 ) ;
#9761 = CARTESIAN_POINT ( 'NONE',  ( 16.94999999999998153, 23.99407982849027832, 0.4500000000000000111 ) ) ;
#9762 = ORIENTED_EDGE ( 'NONE', *, *, #4090, .T. ) ;
#9763 = CARTESIAN_POINT ( 'NONE',  ( -16.15000000000001279, 25.43745550146433132, 0.000000000000000000 ) ) ;
#9764 = EDGE_LOOP ( 'NONE', ( #9350, #7163, #7017, #3100, #7800, #8305, #10382 ) ) ;
#9765 = FACE_OUTER_BOUND ( 'NONE', #8298, .T. ) ;
#9766 = LINE ( 'NONE', #1199, #4756 ) ;
#9767 = EDGE_CURVE ( 'NONE', #5104, #9059, #750, .T. ) ;
#9768 = CARTESIAN_POINT ( 'NONE',  ( 22.74999999999999289, 23.99407982849026766, 0.4500000000000000111 ) ) ;
#9769 = LINE ( 'NONE', #5695, #8267 ) ;
#9770 = LINE ( 'NONE', #6775, #6699 ) ;
#9771 = CARTESIAN_POINT ( 'NONE',  ( -12.36794919243113000, 18.00000000000000355, 0.4500000000000000111 ) ) ;
#9772 = ORIENTED_EDGE ( 'NONE', *, *, #11800, .T. ) ;
#9773 = ORIENTED_EDGE ( 'NONE', *, *, #743, .F. ) ;
#9774 = EDGE_CURVE ( 'NONE', #3847, #6634, #4613, .T. ) ;
#9775 = ORIENTED_EDGE ( 'NONE', *, *, #10406, .T. ) ;
#9776 = CARTESIAN_POINT ( 'NONE',  ( 29.74999999999997868, 23.30125950546274183, 0.4500000000000000111 ) ) ;
#9777 = VERTEX_POINT ( 'NONE', #2894 ) ;
#9778 = EDGE_CURVE ( 'NONE', #7091, #5569, #10646, .T. ) ;
#9779 = EDGE_LOOP ( 'NONE', ( #8830, #11928, #6147, #7337 ) ) ;
#9780 = ORIENTED_EDGE ( 'NONE', *, *, #6611, .F. ) ;
#9781 = DIRECTION ( 'NONE',  ( -0.8660254037844394848, -0.4999999999999985012, 0.000000000000000000 ) ) ;
#9782 = DIRECTION ( 'NONE',  ( 0.8660254037844394848, -0.4999999999999985012, 0.000000000000000000 ) ) ;
#9783 = VECTOR ( 'NONE', #3536, 1000.000000000000114 ) ;
#9784 = CARTESIAN_POINT ( 'NONE',  ( 33.79413748140514429, 18.07962429598546805, 0.4500000000000000111 ) ) ;
#9785 = FACE_OUTER_BOUND ( 'NONE', #7013, .T. ) ;
#9786 = ORIENTED_EDGE ( 'NONE', *, *, #2407, .F. ) ;
#9787 = FACE_OUTER_BOUND ( 'NONE', #6423, .T. ) ;
#9788 = FACE_BOUND ( 'NONE', #7461, .T. ) ;
#9789 = ORIENTED_EDGE ( 'NONE', *, *, #9517, .F. ) ;
#9790 = VECTOR ( 'NONE', #7789, 1000.000000000000000 ) ;
#9791 = EDGE_LOOP ( 'NONE', ( #8574, #8954, #6369, #4861 ) ) ;
#9792 = EDGE_CURVE ( 'NONE', #238, #6489, #4734, .T. ) ;
#9793 = DIRECTION ( 'NONE',  ( -1.000000000000000000, 9.614813431917789401E-15, 0.000000000000000000 ) ) ;
#9794 = DIRECTION ( 'NONE',  ( 0.000000000000000000, 0.000000000000000000, -1.000000000000000000 ) ) ;
#9795 = CARTESIAN_POINT ( 'NONE',  ( 20.24999999999997513, 23.99407982849027476, 0.4500000000000000111 ) ) ;
#9796 = LINE ( 'NONE', #6175, #1323 ) ;
#9797 = EDGE_CURVE ( 'NONE', #10939, #5875, #991, .T. ) ;
#9798 = LINE ( 'NONE', #7760, #7012 ) ;
#9799 = COORDINATED_UNIVERSAL_TIME_OFFSET ( 1, 0, .AHEAD. ) ;
#9800 = ORIENTED_EDGE ( 'NONE', *, *, #11172, .T. ) ;
#9801 = LINE ( 'NONE', #9673, #8955 ) ;
#9802 = CARTESIAN_POINT ( 'NONE',  ( -32.99999999999999289, 18.00000000000000355, 0.000000000000000000 ) ) ;
#9803 = ORIENTED_EDGE ( 'NONE', *, *, #10670, .T. ) ;
#9804 = PLANE ( 'NONE',  #7695 ) ;
#9805 = VERTEX_POINT ( 'NONE', #5630 ) ;
#9806 = ORIENTED_EDGE ( 'NONE', *, *, #4790, .F. ) ;
#9807 = LINE ( 'NONE', #8926, #5961 ) ;
#9808 = DIRECTION ( 'NONE',  ( 0.8660254037844383745, -0.5000000000000003331, 0.000000000000000000 ) ) ;
#9809 = ORIENTED_EDGE ( 'NONE', *, *, #12345, .T. ) ;
#9810 = VECTOR ( 'NONE', #2919, 1000.000000000000114 ) ;
#9811 = CARTESIAN_POINT ( 'NONE',  ( 7.049999999999990052, 19.72168783648704959, 0.4500000000000000111 ) ) ;
#9812 = DIRECTION ( 'NONE',  ( -0.8660254037844388186, -0.4999999999999997224, 0.000000000000000000 ) ) ;
#9813 = CARTESIAN_POINT ( 'NONE',  ( -14.89999999999999680, 23.27239199200323228, 0.4500000000000000111 ) ) ;
#9814 = CARTESIAN_POINT ( 'NONE',  ( -33.04999999999998295, 20.41450815951459319, 0.000000000000000000 ) ) ;
#9815 = ORIENTED_EDGE ( 'NONE', *, *, #12460, .T. ) ;
#9816 = VECTOR ( 'NONE', #8383, 1000.000000000000000 ) ;
#9817 = DIRECTION ( 'NONE',  ( -1.000000000000000000, 0.000000000000000000, 0.000000000000000000 ) ) ;
#9818 = ORIENTED_EDGE ( 'NONE', *, *, #1286, .F. ) ;
#9819 = CARTESIAN_POINT ( 'NONE',  ( -33.44999999999998153, 18.27831216351298238, 0.4500000000000000111 ) ) ;
#9820 = VECTOR ( 'NONE', #10244, 1000.000000000000114 ) ;
#9821 = VECTOR ( 'NONE', #12217, 1000.000000000000114 ) ;
#9822 = CARTESIAN_POINT ( 'NONE',  ( 14.90000000000000036, 17.55662432702593989, 0.000000000000000000 ) ) ;
#9823 = VERTEX_POINT ( 'NONE', #8496 ) ;
#9824 = EDGE_CURVE ( 'NONE', #8925, #3774, #4858, .T. ) ;
#9825 = CARTESIAN_POINT ( 'NONE',  ( 11.99999999999998401, 21.13619599600162502, 0.4500000000000000111 ) ) ;
#9826 = ORIENTED_EDGE ( 'NONE', *, *, #11268, .T. ) ;
#9827 = EDGE_CURVE ( 'NONE', #12487, #10905, #10461, .T. ) ;
#9828 = LINE ( 'NONE', #178, #10833 ) ;
#9829 = DIRECTION ( 'NONE',  ( -0.8660254037844393737, -0.4999999999999985012, 0.000000000000000000 ) ) ;
#9830 = DIRECTION ( 'NONE',  ( 9.614813431917789401E-15, 1.000000000000000000, 0.000000000000000000 ) ) ;
#9831 = DIRECTION ( 'NONE',  ( 0.000000000000000000, -1.000000000000000000, 0.000000000000000000 ) ) ;
#9832 = DIRECTION ( 'NONE',  ( -0.8660254037844393737, 0.4999999999999985012, 0.000000000000000000 ) ) ;
#9833 = AXIS2_PLACEMENT_3D ( 'NONE', #3250, #1289, #4076 ) ;
#9834 = CARTESIAN_POINT ( 'NONE',  ( -23.54999999999997584, 18.27831216351298238, 0.4500000000000000111 ) ) ;
#9835 = VERTEX_POINT ( 'NONE', #8742 ) ;
#9836 = VECTOR ( 'NONE', #4495, 1000.000000000000114 ) ;
#9837 = VERTEX_POINT ( 'NONE', #9510 ) ;
#9838 = ORIENTED_EDGE ( 'NONE', *, *, #743, .T. ) ;
#9839 = DIRECTION ( 'NONE',  ( -0.000000000000000000, -0.000000000000000000, -1.000000000000000000 ) ) ;
#9840 = ORIENTED_EDGE ( 'NONE', *, *, #7569, .F. ) ;
#9841 = EDGE_CURVE ( 'NONE', #1701, #3759, #36, .T. ) ;
#9842 = CIRCLE ( 'NONE', #11462, 3.999999999999996447 ) ;
#9843 = VERTEX_POINT ( 'NONE', #9574 ) ;
#9844 = VECTOR ( 'NONE', #7182, 1000.000000000000000 ) ;
#9845 = ORIENTED_EDGE ( 'NONE', *, *, #5634, .F. ) ;
#9846 = VECTOR ( 'NONE', #7096, 1000.000000000000000 ) ;
#9847 = LINE ( 'NONE', #11562, #7773 ) ;
#9848 = CARTESIAN_POINT ( 'NONE',  ( 26.84999999999997300, 23.99407982849028187, 0.4500000000000000111 ) ) ;
#9849 = EDGE_CURVE ( 'NONE', #11887, #11551, #10398, .T. ) ;
#9850 = CARTESIAN_POINT ( 'NONE',  ( 28.09999999999998010, 20.44337567297409208, 0.000000000000000000 ) ) ;
#9851 = CARTESIAN_POINT ( 'NONE',  ( 31.79999999999996874, 21.13619599600163212, 0.000000000000000000 ) ) ;
#9852 = EDGE_LOOP ( 'NONE', ( #7938, #6608, #3439, #9285 ) ) ;
#9853 = ADVANCED_FACE ( 'NONE', ( #11537 ), #11665, .T. ) ;
#9854 = DIRECTION ( 'NONE',  ( 1.000000000000000000, 9.614813431917789401E-15, 0.000000000000000000 ) ) ;
#9855 = VECTOR ( 'NONE', #8270, 1000.000000000000114 ) ;
#9856 = CARTESIAN_POINT ( 'NONE',  ( 9.999999999999996447, 22.00000000000000355, 0.4500000000000000111 ) ) ;
#9857 = ORIENTED_EDGE ( 'NONE', *, *, #10896, .F. ) ;
#9858 = ADVANCED_FACE ( 'NONE', ( #1703 ), #2707, .T. ) ;
#9859 = VECTOR ( 'NONE', #2751, 1000.000000000000000 ) ;
#9860 = ORIENTED_EDGE ( 'NONE', *, *, #5563, .T. ) ;
#9861 = DIRECTION ( 'NONE',  ( 0.000000000000000000, 0.000000000000000000, -1.000000000000000000 ) ) ;
#9862 = FACE_OUTER_BOUND ( 'NONE', #9617, .T. ) ;
#9863 = VECTOR ( 'NONE', #12316, 1000.000000000000114 ) ;
#9864 = LINE ( 'NONE', #1166, #9448 ) ;
#9865 = VECTOR ( 'NONE', #2657, 1000.000000000000000 ) ;
#9866 = VECTOR ( 'NONE', #6020, 1000.000000000000114 ) ;
#9867 = DIRECTION ( 'NONE',  ( 9.614813431917789401E-15, 1.000000000000000000, 0.000000000000000000 ) ) ;
#9868 = DIRECTION ( 'NONE',  ( 9.614813431917789401E-15, -1.000000000000000000, 0.000000000000000000 ) ) ;
#9869 = EDGE_LOOP ( 'NONE', ( #8985, #6929, #10984, #9278 ) ) ;
#9870 = ADVANCED_FACE ( 'NONE', ( #2774 ), #1767, .T. ) ;
#9871 = CARTESIAN_POINT ( 'NONE',  ( -32.99999999999999289, 18.00000000000000355, 0.000000000000000000 ) ) ;
#9872 = EDGE_CURVE ( 'NONE', #8327, #8771, #3025, .T. ) ;
#9873 = LINE ( 'NONE', #11900, #6133 ) ;
#9874 = EDGE_LOOP ( 'NONE', ( #7622, #3276, #7566, #9206 ) ) ;
#9875 = VECTOR ( 'NONE', #32, 1000.000000000000000 ) ;
#9876 = CARTESIAN_POINT ( 'NONE',  ( -17.80000000000001847, 22.57957166897568868, 0.000000000000000000 ) ) ;
#9877 = VERTEX_POINT ( 'NONE', #4327 ) ;
#9878 = ORIENTED_EDGE ( 'NONE', *, *, #2809, .F. ) ;
#9879 = ORIENTED_EDGE ( 'NONE', *, *, #4000, .T. ) ;
#9880 = CARTESIAN_POINT ( 'NONE',  ( -9.550000000000007816, 18.27831216351296462, 0.4500000000000000111 ) ) ;
#9881 = DIRECTION ( 'NONE',  ( -9.614813431917789401E-15, 1.000000000000000000, 0.000000000000000000 ) ) ;
#9882 = ORIENTED_EDGE ( 'NONE', *, *, #2970, .F. ) ;
#9883 = EDGE_CURVE ( 'NONE', #6529, #6092, #6894, .T. ) ;
#9884 = LINE ( 'NONE', #8990, #11663 ) ;
#9885 = CARTESIAN_POINT ( 'NONE',  ( 14.89999999999998437, 26.15914333795138447, 0.000000000000000000 ) ) ;
#9886 = DIRECTION ( 'NONE',  ( -0.8660254037844387076, 0.4999999999999997224, 0.000000000000000000 ) ) ;
#9887 = DIRECTION ( 'NONE',  ( 9.614813431917789401E-15, -1.000000000000000000, 0.000000000000000000 ) ) ;
#9888 = ORIENTED_EDGE ( 'NONE', *, *, #11078, .F. ) ;
#9889 = CARTESIAN_POINT ( 'NONE',  ( 13.64999999999998437, 19.72168783648705315, 0.4500000000000000111 ) ) ;
#9890 = AXIS2_PLACEMENT_3D ( 'NONE', #10991, #8323, #8185 ) ;
#9891 = ORIENTED_EDGE ( 'NONE', *, *, #6230, .T. ) ;
#9892 = VECTOR ( 'NONE', #4011, 1000.000000000000114 ) ;
#9893 = CARTESIAN_POINT ( 'NONE',  ( 7.049999999999986500, 23.99407982849027121, 0.000000000000000000 ) ) ;
#9894 = VECTOR ( 'NONE', #10080, 1000.000000000000000 ) ;
#9895 = FACE_OUTER_BOUND ( 'NONE', #2961, .T. ) ;
#9896 = VERTEX_POINT ( 'NONE', #9759 ) ;
#9897 = PLANE ( 'NONE',  #5382 ) ;
#9898 = VERTEX_POINT ( 'NONE', #7913 ) ;
#9899 = CARTESIAN_POINT ( 'NONE',  ( 21.10000000000000142, 21.13619599600162147, 0.4500000000000000111 ) ) ;
#9900 = CARTESIAN_POINT ( 'NONE',  ( 33.44999999999996732, 23.99407982849028542, 0.4500000000000000111 ) ) ;
#9901 = CIRCLE ( 'NONE', #4413, 3.999999999999996447 ) ;
#9902 = FACE_OUTER_BOUND ( 'NONE', #4240, .T. ) ;
#9903 = CARTESIAN_POINT ( 'NONE',  ( -22.75000000000000000, 18.27831216351297172, 0.4500000000000000111 ) ) ;
#9904 = FACE_OUTER_BOUND ( 'NONE', #6062, .T. ) ;
#9905 = CARTESIAN_POINT ( 'NONE',  ( 32.99999999999999289, 18.00000000000000355, 0.000000000000000000 ) ) ;
#9907 = EDGE_LOOP ( 'NONE', ( #12373, #6956, #2572, #5316, #2400, #6078 ) ) ;
#9906 = VECTOR ( 'NONE', #6008, 1000.000000000000114 ) ;
#9908 = ORIENTED_EDGE ( 'NONE', *, *, #12187, .T. ) ;
#9909 = EDGE_CURVE ( 'NONE', #12224, #11887, #9231, .T. ) ;
#9910 = LINE ( 'NONE', #6217, #5051 ) ;
#9911 = ORIENTED_EDGE ( 'NONE', *, *, #859, .F. ) ;
#9912 = EDGE_LOOP ( 'NONE', ( #3961, #11918, #11149, #830 ) ) ;
#9913 = ORIENTED_EDGE ( 'NONE', *, *, #9931, .F. ) ;
#9914 = CARTESIAN_POINT ( 'NONE',  ( -16.15000000000001279, 25.43745550146433132, 0.4500000000000000111 ) ) ;
#9915 = CARTESIAN_POINT ( 'NONE',  ( 28.49999999999997158, 22.57957166897570644, 0.4500000000000000111 ) ) ;
#9916 = CARTESIAN_POINT ( 'NONE',  ( -34.30000000000000426, 22.57957166897569223, 0.4500000000000000111 ) ) ;
#9917 = LINE ( 'NONE', #4002, #5415 ) ;
#9918 = VERTEX_POINT ( 'NONE', #8805 ) ;
#9919 = VECTOR ( 'NONE', #4692, 1000.000000000000114 ) ;
#9920 = PLANE ( 'NONE',  #2837 ) ;
#9921 = CARTESIAN_POINT ( 'NONE',  ( 22.74999999999999289, 23.99407982849026766, 0.4500000000000000111 ) ) ;
#9922 = ORIENTED_EDGE ( 'NONE', *, *, #11703, .T. ) ;
#9923 = EDGE_CURVE ( 'NONE', #11074, #1059, #1126, .T. ) ;
#9924 = VERTEX_POINT ( 'NONE', #11788 ) ;
#9925 = DIRECTION ( 'NONE',  ( 0.000000000000000000, 1.000000000000000000, 0.000000000000000000 ) ) ;
#9926 = CARTESIAN_POINT ( 'NONE',  ( -24.40000000000001279, 22.57957166897568868, 0.4500000000000000111 ) ) ;
#9927 = DIRECTION ( 'NONE',  ( 0.8660254037844394848, -0.4999999999999985012, 0.000000000000000000 ) ) ;
#9928 = VECTOR ( 'NONE', #6706, 1000.000000000000000 ) ;
#9929 = DIRECTION ( 'NONE',  ( -0.8660254037844383745, 0.5000000000000003331, 0.000000000000000000 ) ) ;
#9930 = LINE ( 'NONE', #3124, #12291 ) ;
#9931 = EDGE_CURVE ( 'NONE', #7810, #2727, #3978, .T. ) ;
#9932 = ORIENTED_EDGE ( 'NONE', *, *, #10605, .F. ) ;
#9933 = CARTESIAN_POINT ( 'NONE',  ( 17.80000000000000426, 21.13619599600161791, 0.000000000000000000 ) ) ;
#9934 = DIRECTION ( 'NONE',  ( 0.8660254037844393737, 0.4999999999999985012, 0.000000000000000000 ) ) ;
#9935 = CARTESIAN_POINT ( 'NONE',  ( 9.949999999999990408, 23.30125950546273117, 0.000000000000000000 ) ) ;
#9936 = AXIS2_PLACEMENT_3D ( 'NONE', #2892, #10828, #1123 ) ;
#9937 = ORIENTED_EDGE ( 'NONE', *, *, #335, .F. ) ;
#9938 = ORIENTED_EDGE ( 'NONE', *, *, #5095, .F. ) ;
#9939 = ADVANCED_FACE ( 'NONE', ( #6832 ), #10770, .T. ) ;
#9940 = ORIENTED_EDGE ( 'NONE', *, *, #1801, .T. ) ;
#9941 = CARTESIAN_POINT ( 'NONE',  ( 26.04999999999999716, 18.27831216351297527, 0.4500000000000000111 ) ) ;
#9942 = LINE ( 'NONE', #8863, #958 ) ;
#9943 = ORIENTED_EDGE ( 'NONE', *, *, #10009, .F. ) ;
#9944 = EDGE_CURVE ( 'NONE', #1357, #3395, #2071, .T. ) ;
#9945 = EDGE_CURVE ( 'NONE', #11745, #1839, #461, .T. ) ;
#9946 = CARTESIAN_POINT ( 'NONE',  ( 21.10000000000001563, 22.57957166897569223, 0.4500000000000000111 ) ) ;
#9947 = AXIS2_PLACEMENT_3D ( 'NONE', #6991, #8004, #12001 ) ;
#9948 = CARTESIAN_POINT ( 'NONE',  ( -33.04999999999998295, 20.41450815951459319, 0.000000000000000000 ) ) ;
#9949 = DIRECTION ( 'NONE',  ( 0.5000000000000004441, -0.8660254037844384856, 0.000000000000000000 ) ) ;
#9950 = CARTESIAN_POINT ( 'NONE',  ( 20.24999999999997513, 23.99407982849027476, 0.000000000000000000 ) ) ;
#9951 = ORIENTED_EDGE ( 'NONE', *, *, #3470, .T. ) ;
#9952 = CARTESIAN_POINT ( 'NONE',  ( 18.19999999999999574, 23.27239199200323938, 0.4500000000000000111 ) ) ;
#9953 = ORIENTED_EDGE ( 'NONE', *, *, #1801, .F. ) ;
#9954 = DIRECTION ( 'NONE',  ( 0.000000000000000000, 0.000000000000000000, -1.000000000000000000 ) ) ;
#9955 = ORIENTED_EDGE ( 'NONE', *, *, #4799, .T. ) ;
#9956 = EDGE_CURVE ( 'NONE', #313, #2209, #4270, .T. ) ;
#9957 = VECTOR ( 'NONE', #8170, 1000.000000000000000 ) ;
#9958 = DIRECTION ( 'NONE',  ( 0.8660254037844393737, 0.4999999999999985012, 0.000000000000000000 ) ) ;
#9959 = ORIENTED_EDGE ( 'NONE', *, *, #9400, .T. ) ;
#9960 = CARTESIAN_POINT ( 'NONE',  ( -23.54999999999997584, 18.27831216351298238, 0.4500000000000000111 ) ) ;
#9961 = EDGE_CURVE ( 'NONE', #5138, #2976, #170, .T. ) ;
#9962 = DIRECTION ( 'NONE',  ( -0.8660254037844394848, 0.4999999999999984457, 0.000000000000000000 ) ) ;
#9963 = DIRECTION ( 'NONE',  ( 0.8660254037844393737, 0.4999999999999985012, 0.000000000000000000 ) ) ;
#9964 = CARTESIAN_POINT ( 'NONE',  ( -14.89999999999999680, 23.27239199200323228, 0.000000000000000000 ) ) ;
#9965 = CARTESIAN_POINT ( 'NONE',  ( -26.44999999999999218, 20.41450815951459319, 0.4500000000000000111 ) ) ;
#9966 = ORIENTED_EDGE ( 'NONE', *, *, #2585, .F. ) ;
#9967 = VECTOR ( 'NONE', #11207, 1000.000000000000000 ) ;
#9968 = ORIENTED_EDGE ( 'NONE', *, *, #10774, .T. ) ;
#9969 = DIRECTION ( 'NONE',  ( -1.000000000000000000, 0.000000000000000000, 0.000000000000000000 ) ) ;
#9970 = EDGE_LOOP ( 'NONE', ( #7094, #12337, #9208, #2462 ) ) ;
#9971 = ORIENTED_EDGE ( 'NONE', *, *, #6591, .T. ) ;
#9972 = ORIENTED_EDGE ( 'NONE', *, *, #11789, .T. ) ;
#9973 = LINE ( 'NONE', #7934, #7218 ) ;
#9974 = DIRECTION ( 'NONE',  ( 0.000000000000000000, 0.000000000000000000, -1.000000000000000000 ) ) ;
#9975 = FACE_BOUND ( 'NONE', #12568, .T. ) ;
#9976 = DIRECTION ( 'NONE',  ( 0.8660254037844393737, -0.4999999999999985012, 0.000000000000000000 ) ) ;
#9977 = EDGE_CURVE ( 'NONE', #10491, #5272, #4038, .T. ) ;
#9978 = DIRECTION ( 'NONE',  ( 0.8660254037844387076, 0.4999999999999997224, 0.000000000000000000 ) ) ;
#9979 = ORIENTED_EDGE ( 'NONE', *, *, #11120, .F. ) ;
#9980 = PLANE ( 'NONE',  #11564 ) ;
#9981 = DIRECTION ( 'NONE',  ( 0.8660254037844393737, 0.4999999999999985012, 0.000000000000000000 ) ) ;
#9982 = ORIENTED_EDGE ( 'NONE', *, *, #6522, .T. ) ;
#9983 = VERTEX_POINT ( 'NONE', #11071 ) ;
#9984 = AXIS2_PLACEMENT_3D ( 'NONE', #11456, #8596, #2819 ) ;
#9985 = CARTESIAN_POINT ( 'NONE',  ( 26.44999999999998153, 23.30125950546274183, 0.4500000000000000111 ) ) ;
#9986 = DIRECTION ( 'NONE',  ( 0.000000000000000000, 0.000000000000000000, -1.000000000000000000 ) ) ;
#9987 = VECTOR ( 'NONE', #11265, 1000.000000000000114 ) ;
#9988 = EDGE_CURVE ( 'NONE', #795, #2925, #10119, .T. ) ;
#9989 = CARTESIAN_POINT ( 'NONE',  ( 27.70000000000000995, 22.57957166897569223, 0.000000000000000000 ) ) ;
#9990 = ADVANCED_FACE ( 'NONE', ( #400 ), #8149, .T. ) ;
#9991 = LINE ( 'NONE', #8201, #5982 ) ;
#9992 = VERTEX_POINT ( 'NONE', #2367 ) ;
#9993 = DIRECTION ( 'NONE',  ( 1.000000000000000000, 0.000000000000000000, 0.000000000000000000 ) ) ;
#9994 = VECTOR ( 'NONE', #103, 1000.000000000000000 ) ;
#9995 = LINE ( 'NONE', #8982, #1467 ) ;
#9996 = EDGE_CURVE ( 'NONE', #12083, #12422, #6015, .T. ) ;
#9997 = CARTESIAN_POINT ( 'NONE',  ( -13.64999999999998437, 19.72168783648705315, 0.4500000000000000111 ) ) ;
#9998 = ORIENTED_EDGE ( 'NONE', *, *, #1709, .F. ) ;
#9999 = ORIENTED_EDGE ( 'NONE', *, *, #7203, .T. ) ;
#10000 = VERTEX_POINT ( 'NONE', #2432 ) ;
#10001 = LINE ( 'NONE', #5043, #9214 ) ;
#10002 = ADVANCED_FACE ( 'NONE', ( #12084 ), #7256, .T. ) ;
#10003 = DIRECTION ( 'NONE',  ( 0.000000000000000000, 0.000000000000000000, -1.000000000000000000 ) ) ;
#10004 = ORIENTED_EDGE ( 'NONE', *, *, #4576, .F. ) ;
#10005 = CARTESIAN_POINT ( 'NONE',  ( 8.300000000000002487, 23.27239199200323228, 0.000000000000000000 ) ) ;
#10006 = VECTOR ( 'NONE', #2080, 1000.000000000000000 ) ;
#10007 = ADVANCED_FACE ( 'NONE', ( #6245 ), #5286, .T. ) ;
#10008 = LINE ( 'NONE', #5172, #11111 ) ;
#10009 = EDGE_CURVE ( 'NONE', #2447, #1533, #5475, .T. ) ;
#10010 = FACE_OUTER_BOUND ( 'NONE', #10278, .T. ) ;
#10011 = LINE ( 'NONE', #6254, #10478 ) ;
#10012 = ORIENTED_EDGE ( 'NONE', *, *, #10361, .F. ) ;
#10013 = PLANE ( 'NONE',  #6484 ) ;
#10014 = ORIENTED_EDGE ( 'NONE', *, *, #4109, .T. ) ;
#10015 = DIRECTION ( 'NONE',  ( -0.8660254037844383745, -0.5000000000000003331, 0.000000000000000000 ) ) ;
#10016 = ADVANCED_FACE ( 'NONE', ( #5601 ), #1611, .T. ) ;
#10017 = EDGE_LOOP ( 'NONE', ( #7701, #11771, #368, #3814 ) ) ;
#10018 = LINE ( 'NONE', #6084, #324 ) ;
#10019 = ORIENTED_EDGE ( 'NONE', *, *, #6455, .T. ) ;
#10020 = AXIS2_PLACEMENT_3D ( 'NONE', #4757, #10731, #1906 ) ;
#10021 = CARTESIAN_POINT ( 'NONE',  ( 34.30000000000000426, 22.57957166897569223, 0.000000000000000000 ) ) ;
#10022 = CARTESIAN_POINT ( 'NONE',  ( -22.75000000000000000, 18.27831216351297172, 0.4500000000000000111 ) ) ;
#10023 = DIRECTION ( 'NONE',  ( 0.8660254037844388186, -0.4999999999999997224, 0.000000000000000000 ) ) ;
#10024 = DIRECTION ( 'NONE',  ( 0.8660254037844383745, 0.5000000000000003331, 0.000000000000000000 ) ) ;
#10025 = VERTEX_POINT ( 'NONE', #12276 ) ;
#10026 = VECTOR ( 'NONE', #7014, 1000.000000000000114 ) ;
#10027 = EDGE_CURVE ( 'NONE', #778, #6679, #3632, .T. ) ;
#10028 = ORIENTED_EDGE ( 'NONE', *, *, #8145, .F. ) ;
#10029 = DIRECTION ( 'NONE',  ( 9.614813431917789401E-15, -1.000000000000000000, 0.000000000000000000 ) ) ;
#10030 = ORIENTED_EDGE ( 'NONE', *, *, #5798, .T. ) ;
#10031 = EDGE_LOOP ( 'NONE', ( #9559, #764, #3286, #2519 ) ) ;
#10032 = ORIENTED_EDGE ( 'NONE', *, *, #6033, .T. ) ;
#10033 = VECTOR ( 'NONE', #12402, 1000.000000000000114 ) ;
#10034 = PLANE ( 'NONE',  #73 ) ;
#10035 = LINE ( 'NONE', #6339, #7392 ) ;
#10036 = FACE_BOUND ( 'NONE', #8466, .T. ) ;
#10037 = VECTOR ( 'NONE', #1078, 1000.000000000000000 ) ;
#10038 = DIRECTION ( 'NONE',  ( 0.000000000000000000, 0.000000000000000000, -1.000000000000000000 ) ) ;
#10039 = LINE ( 'NONE', #6285, #6610 ) ;
#10040 = ORIENTED_EDGE ( 'NONE', *, *, #2523, .F. ) ;
#10041 = CARTESIAN_POINT ( 'NONE',  ( 21.22435565298206939, 25.99999999999999645, 0.4500000000000000111 ) ) ;
#10042 = CARTESIAN_POINT ( 'NONE',  ( -32.16794919243110229, 18.00000000000000355, 0.4500000000000000111 ) ) ;
#10043 = ORIENTED_EDGE ( 'NONE', *, *, #3463, .F. ) ;
#10044 = VECTOR ( 'NONE', #345, 1000.000000000000114 ) ;
#10045 = ORIENTED_EDGE ( 'NONE', *, *, #10343, .T. ) ;
#10046 = AXIS2_PLACEMENT_3D ( 'NONE', #6560, #12156, #11266 ) ;
#10047 = FACE_OUTER_BOUND ( 'NONE', #1013, .T. ) ;
#10048 = CARTESIAN_POINT ( 'NONE',  ( 31.79999999999996874, 21.13619599600163212, 0.4500000000000000111 ) ) ;
#10049 = DIRECTION ( 'NONE',  ( -0.8660254037844393737, 0.4999999999999985012, 0.000000000000000000 ) ) ;
#10050 = CARTESIAN_POINT ( 'NONE',  ( 16.54999999999999716, 20.41450815951458608, 0.4500000000000000111 ) ) ;
#10051 = VECTOR ( 'NONE', #10370, 1000.000000000000000 ) ;
#10052 = ORIENTED_EDGE ( 'NONE', *, *, #9909, .T. ) ;
#10053 = CARTESIAN_POINT ( 'NONE',  ( -30.99999999999999289, 21.13619599600162502, 0.000000000000000000 ) ) ;
#10054 = DIRECTION ( 'NONE',  ( 0.000000000000000000, 0.000000000000000000, 1.000000000000000000 ) ) ;
#10055 = CARTESIAN_POINT ( 'NONE',  ( 7.049999999999990052, 19.29861146815199291, 0.4500000000000000111 ) ) ;
#10056 = ORIENTED_EDGE ( 'NONE', *, *, #10785, .F. ) ;
#10057 = VERTEX_POINT ( 'NONE', #11259 ) ;
#10058 = ADVANCED_FACE ( 'NONE', ( #12400 ), #9362, .T. ) ;
#10059 = VECTOR ( 'NONE', #5250, 1000.000000000000000 ) ;
#10060 = VERTEX_POINT ( 'NONE', #1738 ) ;
#10061 = CARTESIAN_POINT ( 'NONE',  ( 24.79999999999998295, 26.15914333795138447, 0.4500000000000000111 ) ) ;
#10062 = VECTOR ( 'NONE', #11654, 1000.000000000000000 ) ;
#10063 = LINE ( 'NONE', #4087, #3192 ) ;
#10064 = ORIENTED_EDGE ( 'NONE', *, *, #3068, .T. ) ;
#10065 = LINE ( 'NONE', #11719, #11864 ) ;
#10066 = EDGE_CURVE ( 'NONE', #10462, #3191, #6368, .T. ) ;
#10067 = LINE ( 'NONE', #5050, #5222 ) ;
#10068 = CARTESIAN_POINT ( 'NONE',  ( -23.54999999999997584, 19.72168783648705670, 0.4500000000000000111 ) ) ;
#10069 = EDGE_CURVE ( 'NONE', #7180, #5104, #9486, .T. ) ;
#10070 = DIRECTION ( 'NONE',  ( -0.000000000000000000, 0.000000000000000000, 1.000000000000000000 ) ) ;
#10071 = ORIENTED_EDGE ( 'NONE', *, *, #5656, .F. ) ;
#10072 = FACE_OUTER_BOUND ( 'NONE', #6682, .T. ) ;
#10073 = ORIENTED_EDGE ( 'NONE', *, *, #10399, .T. ) ;
#10074 = EDGE_CURVE ( 'NONE', #4145, #5719, #11383, .T. ) ;
#10075 = PLANE ( 'NONE',  #9390 ) ;
#10076 = VERTEX_POINT ( 'NONE', #5411 ) ;
#10077 = CARTESIAN_POINT ( 'NONE',  ( -30.14999999999997371, 19.72168783648705670, 0.4500000000000000111 ) ) ;
#10078 = ORIENTED_EDGE ( 'NONE', *, *, #5738, .F. ) ;
#10079 = CARTESIAN_POINT ( 'NONE',  ( 26.84999999999997300, 19.72168783648705670, 0.4500000000000000111 ) ) ;
#10080 = DIRECTION ( 'NONE',  ( 0.000000000000000000, -1.000000000000000000, 0.000000000000000000 ) ) ;
#10081 = DIRECTION ( 'NONE',  ( 0.8660254037844387076, 0.4999999999999997224, 0.000000000000000000 ) ) ;
#10082 = EDGE_CURVE ( 'NONE', #2340, #6232, #655, .T. ) ;
#10083 = DIRECTION ( 'NONE',  ( -0.8660254037844394848, -0.4999999999999985012, 0.000000000000000000 ) ) ;
#10084 = ORIENTED_EDGE ( 'NONE', *, *, #1883, .F. ) ;
#10085 = ADVANCED_FACE ( 'NONE', ( #6553 ), #3571, .T. ) ;
#10086 = ORIENTED_EDGE ( 'NONE', *, *, #11921, .T. ) ;
#10087 = CARTESIAN_POINT ( 'NONE',  ( 19.45000000000001705, 25.43745550146433843, 0.4500000000000000111 ) ) ;
#10088 = VERTEX_POINT ( 'NONE', #11323 ) ;
#10089 = ORIENTED_EDGE ( 'NONE', *, *, #5834, .F. ) ;
#10090 = ORIENTED_EDGE ( 'NONE', *, *, #9703, .F. ) ;
#10091 = VECTOR ( 'NONE', #464, 1000.000000000000000 ) ;
#10092 = EDGE_CURVE ( 'NONE', #2770, #3328, #3692, .T. ) ;
#10093 = EDGE_CURVE ( 'NONE', #11849, #4995, #2495, .T. ) ;
#10094 = CARTESIAN_POINT ( 'NONE',  ( -15.66794919243112005, 18.00000000000000355, 0.4500000000000000111 ) ) ;
#10095 = DIRECTION ( 'NONE',  ( 0.000000000000000000, 0.000000000000000000, -1.000000000000000000 ) ) ;
#10096 = EDGE_CURVE ( 'NONE', #5719, #11500, #12148, .T. ) ;
#10097 = AXIS2_PLACEMENT_3D ( 'NONE', #678, #7468, #11284 ) ;
#10098 = DIRECTION ( 'NONE',  ( 0.5000000000000004441, -0.8660254037844384856, 0.000000000000000000 ) ) ;
#10099 = LINE ( 'NONE', #1278, #10652 ) ;
#10100 = CARTESIAN_POINT ( 'NONE',  ( 25.19999999999997442, 22.57957166897570644, 0.4500000000000000111 ) ) ;
#10101 = VERTEX_POINT ( 'NONE', #6435 ) ;
#10102 = CARTESIAN_POINT ( 'NONE',  ( 11.20000000000000462, 21.13619599600161436, 0.4500000000000000111 ) ) ;
#10103 = ORIENTED_EDGE ( 'NONE', *, *, #8548, .T. ) ;
#10104 = DIRECTION ( 'NONE',  ( 0.000000000000000000, 0.000000000000000000, -1.000000000000000000 ) ) ;
#10105 = EDGE_LOOP ( 'NONE', ( #2042, #1502, #9663, #9364 ) ) ;
#10106 = ORIENTED_EDGE ( 'NONE', *, *, #5479, .F. ) ;
#10107 = PLANE ( 'NONE',  #10425 ) ;
#10108 = DIRECTION ( 'NONE',  ( 0.000000000000000000, 0.000000000000000000, 1.000000000000000000 ) ) ;
#10109 = EDGE_CURVE ( 'NONE', #6215, #11121, #10242, .T. ) ;
#10110 = LINE ( 'NONE', #11248, #3534 ) ;
#10111 = DIRECTION ( 'NONE',  ( 0.000000000000000000, 0.000000000000000000, -1.000000000000000000 ) ) ;
#10112 = AXIS2_PLACEMENT_3D ( 'NONE', #12145, #10303, #7378 ) ;
#10113 = VERTEX_POINT ( 'NONE', #4588 ) ;
#10114 = ADVANCED_FACE ( 'NONE', ( #8342 ), #721, .F. ) ;
#10115 = CARTESIAN_POINT ( 'NONE',  ( -33.44999999999996732, 25.43745550146435974, 0.4500000000000000111 ) ) ;
#10116 = FACE_OUTER_BOUND ( 'NONE', #10328, .T. ) ;
#10117 = ORIENTED_EDGE ( 'NONE', *, *, #6256, .F. ) ;
#10118 = CARTESIAN_POINT ( 'NONE',  ( -32.99999999999999289, 18.00000000000000355, 0.000000000000000000 ) ) ;
#10119 = LINE ( 'NONE', #10708, #2341 ) ;
#10120 = ORIENTED_EDGE ( 'NONE', *, *, #4330, .F. ) ;
#10121 = AXIS2_PLACEMENT_3D ( 'NONE', #9631, #4797, #8684 ) ;
#10122 = CARTESIAN_POINT ( 'NONE',  ( 16.54999999999999716, 20.41450815951458608, 0.4500000000000000111 ) ) ;
#10123 = DIRECTION ( 'NONE',  ( -0.8660254037844383745, -0.5000000000000003331, 0.000000000000000000 ) ) ;
#10124 = CARTESIAN_POINT ( 'NONE',  ( -30.14999999999997371, 23.99407982849028187, 0.000000000000000000 ) ) ;
#10125 = CARTESIAN_POINT ( 'NONE',  ( -24.79999999999998295, 20.44337567297409208, 0.000000000000000000 ) ) ;
#10126 = EDGE_CURVE ( 'NONE', #2817, #11874, #3293, .T. ) ;
#10127 = PLANE ( 'NONE',  #7863 ) ;
#10128 = AXIS2_PLACEMENT_3D ( 'NONE', #10444, #2506, #2573 ) ;
#10129 = CARTESIAN_POINT ( 'NONE',  ( 22.74999999999999289, 23.99407982849026766, 0.000000000000000000 ) ) ;
#10130 = LINE ( 'NONE', #7332, #6216 ) ;
#10131 = ORIENTED_EDGE ( 'NONE', *, *, #4020, .T. ) ;
#10132 = CARTESIAN_POINT ( 'NONE',  ( 6.650000000000004796, 20.41450815951458253, 0.4500000000000000111 ) ) ;
#10133 = VERTEX_POINT ( 'NONE', #2409 ) ;
#10134 = CARTESIAN_POINT ( 'NONE',  ( -33.04999999999997584, 23.30125950546274183, 0.4500000000000000111 ) ) ;
#10135 = VERTEX_POINT ( 'NONE', #6225 ) ;
#10136 = DIRECTION ( 'NONE',  ( 0.8660254037844387076, 0.4999999999999997224, 0.000000000000000000 ) ) ;
#10137 = ORIENTED_EDGE ( 'NONE', *, *, #8427, .T. ) ;
#10138 = VECTOR ( 'NONE', #12269, 1000.000000000000000 ) ;
#10139 = ADVANCED_FACE ( 'NONE', ( #9024 ), #2346, .T. ) ;
#10140 = EDGE_CURVE ( 'NONE', #8373, #6754, #9085, .T. ) ;
#10141 = DIRECTION ( 'NONE',  ( -0.8660254037844387076, 0.4999999999999997224, 0.000000000000000000 ) ) ;
#10142 = ORIENTED_EDGE ( 'NONE', *, *, #1263, .T. ) ;
#10143 = FACE_OUTER_BOUND ( 'NONE', #5568, .T. ) ;
#10144 = CARTESIAN_POINT ( 'NONE',  ( -16.94999999999998153, 25.43745550146435264, 0.000000000000000000 ) ) ;
#10145 = ORIENTED_EDGE ( 'NONE', *, *, #4386, .F. ) ;
#10146 = ORIENTED_EDGE ( 'NONE', *, *, #9792, .F. ) ;
#10147 = LINE ( 'NONE', #561, #11339 ) ;
#10148 = EDGE_LOOP ( 'NONE', ( #10056, #5631, #4084, #754 ) ) ;
#10149 = CARTESIAN_POINT ( 'NONE',  ( 32.99999999999999289, 18.00000000000000355, 0.000000000000000000 ) ) ;
#10150 = VERTEX_POINT ( 'NONE', #7235 ) ;
#10151 = EDGE_CURVE ( 'NONE', #10293, #3958, #10099, .T. ) ;
#10152 = EDGE_LOOP ( 'NONE', ( #5767, #1130, #3937, #5003 ) ) ;
#10153 = LINE ( 'NONE', #9136, #8798 ) ;
#10154 = DIRECTION ( 'NONE',  ( -9.614813431917789401E-15, -1.000000000000000000, 0.000000000000000000 ) ) ;
#10155 = CARTESIAN_POINT ( 'NONE',  ( -30.14999999999997371, 18.27831216351298238, 0.4500000000000000111 ) ) ;
#10156 = VECTOR ( 'NONE', #4174, 1000.000000000000000 ) ;
#10157 = DIRECTION ( 'NONE',  ( 1.000000000000000000, 0.000000000000000000, 0.000000000000000000 ) ) ;
#10158 = ADVANCED_FACE ( 'NONE', ( #1397 ), #4371, .T. ) ;
#10159 = CARTESIAN_POINT ( 'NONE',  ( -14.50000000000001599, 22.57957166897568868, 0.4500000000000000111 ) ) ;
#10160 = ORIENTED_EDGE ( 'NONE', *, *, #248, .T. ) ;
#10161 = DIRECTION ( 'NONE',  ( 0.000000000000000000, 0.000000000000000000, -1.000000000000000000 ) ) ;
#10162 = ORIENTED_EDGE ( 'NONE', *, *, #7987, .T. ) ;
#10163 = EDGE_CURVE ( 'NONE', #10603, #2321, #3358, .T. ) ;
#10164 = LINE ( 'NONE', #5459, #11942 ) ;
#10165 = VERTEX_POINT ( 'NONE', #12130 ) ;
#10166 = ORIENTED_EDGE ( 'NONE', *, *, #3718, .F. ) ;
#10167 = DIRECTION ( 'NONE',  ( 0.000000000000000000, 0.000000000000000000, -1.000000000000000000 ) ) ;
#10168 = FACE_OUTER_BOUND ( 'NONE', #176, .T. ) ;
#10169 = DIRECTION ( 'NONE',  ( 0.000000000000000000, 0.000000000000000000, 1.000000000000000000 ) ) ;
#10170 = CARTESIAN_POINT ( 'NONE',  ( 31.39999999999997726, 20.44337567297409208, 0.000000000000000000 ) ) ;
#10171 = ORIENTED_EDGE ( 'NONE', *, *, #8296, .T. ) ;
#10172 = PLANE ( 'NONE',  #9344 ) ;
#10173 = LINE ( 'NONE', #8401, #11734 ) ;
#10174 = EDGE_CURVE ( 'NONE', #12082, #11557, #11050, .T. ) ;
#10175 = VERTEX_POINT ( 'NONE', #3422 ) ;
#10176 = LINE ( 'NONE', #4587, #6413 ) ;
#10177 = CARTESIAN_POINT ( 'NONE',  ( 22.75000000000000000, 18.27831216351297172, 0.000000000000000000 ) ) ;
#10178 = ORIENTED_EDGE ( 'NONE', *, *, #2428, .F. ) ;
#10179 = LINE ( 'NONE', #2308, #1905 ) ;
#10180 = CARTESIAN_POINT ( 'NONE',  ( -17.92435565298207223, 25.99999999999999645, 0.4500000000000000111 ) ) ;
#10181 = DIRECTION ( 'NONE',  ( 0.8660254037844394848, -0.4999999999999985012, 0.000000000000000000 ) ) ;
#10182 = CARTESIAN_POINT ( 'NONE',  ( -28.09999999999999076, 23.27239199200324293, 0.000000000000000000 ) ) ;
#10183 = CARTESIAN_POINT ( 'NONE',  ( 35.09999999999998010, 21.13619599600163568, 0.000000000000000000 ) ) ;
#10184 = VECTOR ( 'NONE', #8970, 1000.000000000000000 ) ;
#10185 = LINE ( 'NONE', #1426, #4368 ) ;
#10186 = DIRECTION ( 'NONE',  ( -9.614813431917789401E-15, -1.000000000000000000, 0.000000000000000000 ) ) ;
#10187 = CARTESIAN_POINT ( 'NONE',  ( -8.300000000000002487, 23.27239199200323228, 0.4500000000000000111 ) ) ;
#10188 = ORIENTED_EDGE ( 'NONE', *, *, #4606, .T. ) ;
#10189 = CARTESIAN_POINT ( 'NONE',  ( -32.99999999999999289, 22.00000000000000355, 0.4500000000000000111 ) ) ;
#10190 = ORIENTED_EDGE ( 'NONE', *, *, #3976, .T. ) ;
#10191 = DIRECTION ( 'NONE',  ( 0.000000000000000000, 0.000000000000000000, -1.000000000000000000 ) ) ;
#10192 = VERTEX_POINT ( 'NONE', #6344 ) ;
#10193 = VECTOR ( 'NONE', #10407, 1000.000000000000000 ) ;
#10194 = CARTESIAN_POINT ( 'NONE',  ( -14.50000000000001599, 22.57957166897568868, 0.000000000000000000 ) ) ;
#10195 = EDGE_LOOP ( 'NONE', ( #6645, #9332, #1946, #1938 ) ) ;
#10196 = DIRECTION ( 'NONE',  ( 0.4999999999999985567, 0.8660254037844394848, 0.000000000000000000 ) ) ;
#10197 = ORIENTED_EDGE ( 'NONE', *, *, #11754, .T. ) ;
#10198 = CARTESIAN_POINT ( 'NONE',  ( 17.80000000000001847, 22.57957166897568868, 0.4500000000000000111 ) ) ;
#10199 = LINE ( 'NONE', #9965, #1949 ) ;
#10200 = EDGE_LOOP ( 'NONE', ( #9826, #4955, #3822, #9378 ) ) ;
#10201 = EDGE_LOOP ( 'NONE', ( #8462, #10482, #8497, #7028 ) ) ;
#10202 = PLANE ( 'NONE',  #190 ) ;
#10203 = EDGE_LOOP ( 'NONE', ( #11821, #4009, #11425, #1511 ) ) ;
#10204 = ADVANCED_FACE ( 'NONE', ( #8183 ), #9141, .T. ) ;
#10205 = EDGE_CURVE ( 'NONE', #11836, #8121, #3236, .T. ) ;
#10206 = DIRECTION ( 'NONE',  ( 0.8660254037844394848, 0.4999999999999984457, 0.000000000000000000 ) ) ;
#10207 = ORIENTED_EDGE ( 'NONE', *, *, #8511, .F. ) ;
#10208 = EDGE_LOOP ( 'NONE', ( #7274, #380, #1739, #802, #1271, #3598, #6462 ) ) ;
#10209 = CARTESIAN_POINT ( 'NONE',  ( -32.64999999999999147, 18.27831216351297527, 0.4500000000000000111 ) ) ;
#10210 = VECTOR ( 'NONE', #5903, 1000.000000000000000 ) ;
#10211 = CARTESIAN_POINT ( 'NONE',  ( -24.79999999999998295, 20.44337567297409208, 0.000000000000000000 ) ) ;
#10212 = FACE_BOUND ( 'NONE', #10356, .T. ) ;
#10213 = CARTESIAN_POINT ( 'NONE',  ( 29.34999999999999432, 23.99407982849027476, 0.000000000000000000 ) ) ;
#10214 = CARTESIAN_POINT ( 'NONE',  ( 20.24999999999998224, 18.27831216351297883, 0.4500000000000000111 ) ) ;
#10215 = LINE ( 'NONE', #10159, #11278 ) ;
#10216 = ORIENTED_EDGE ( 'NONE', *, *, #3142, .T. ) ;
#10217 = DIRECTION ( 'NONE',  ( 9.614813431917789401E-15, 1.000000000000000000, 0.000000000000000000 ) ) ;
#10218 = ORIENTED_EDGE ( 'NONE', *, *, #4956, .T. ) ;
#10219 = EDGE_CURVE ( 'NONE', #3958, #7831, #9638, .T. ) ;
#10220 = CARTESIAN_POINT ( 'NONE',  ( -23.14999999999998437, 23.30125950546273828, 0.4500000000000000111 ) ) ;
#10221 = VECTOR ( 'NONE', #4809, 1000.000000000000000 ) ;
#10222 = VERTEX_POINT ( 'NONE', #1338 ) ;
#10223 = VECTOR ( 'NONE', #6880, 1000.000000000000000 ) ;
#10224 = ORIENTED_EDGE ( 'NONE', *, *, #8618, .F. ) ;
#10225 = VECTOR ( 'NONE', #5724, 1000.000000000000000 ) ;
#10226 = EDGE_CURVE ( 'NONE', #6882, #7534, #12191, .T. ) ;
#10227 = DIRECTION ( 'NONE',  ( 0.8660254037844394848, -0.4999999999999985012, 0.000000000000000000 ) ) ;
#10228 = CARTESIAN_POINT ( 'NONE',  ( 7.049999999999990941, 19.29861146815199291, 0.000000000000000000 ) ) ;
#10229 = VECTOR ( 'NONE', #1728, 1000.000000000000000 ) ;
#10230 = CARTESIAN_POINT ( 'NONE',  ( 23.54999999999997584, 19.72168783648705670, 0.4500000000000000111 ) ) ;
#10231 = CARTESIAN_POINT ( 'NONE',  ( -31.00000000000000711, 22.57957166897569223, 0.000000000000000000 ) ) ;
#10232 = EDGE_CURVE ( 'NONE', #9516, #8406, #4440, .T. ) ;
#10233 = VERTEX_POINT ( 'NONE', #4247 ) ;
#10234 = LINE ( 'NONE', #2615, #4661 ) ;
#10235 = VECTOR ( 'NONE', #11264, 1000.000000000000000 ) ;
#10236 = EDGE_CURVE ( 'NONE', #4167, #7915, #3482, .T. ) ;
#10237 = CARTESIAN_POINT ( 'NONE',  ( 11.87564434701788763, 25.99999999999999645, 0.4500000000000000111 ) ) ;
#10238 = VECTOR ( 'NONE', #4170, 1000.000000000000000 ) ;
#10239 = ADVANCED_FACE ( 'NONE', ( #11998 ), #2228, .T. ) ;
#10240 = ORIENTED_EDGE ( 'NONE', *, *, #11316, .F. ) ;
#10241 = FACE_OUTER_BOUND ( 'NONE', #2398, .T. ) ;
#10242 = LINE ( 'NONE', #1551, #11875 ) ;
#10243 = ORIENTED_EDGE ( 'NONE', *, *, #5327, .F. ) ;
#10244 = DIRECTION ( 'NONE',  ( 0.8660254037844393737, 0.4999999999999985012, 0.000000000000000000 ) ) ;
#10245 = CARTESIAN_POINT ( 'NONE',  ( 16.94999999999998153, 19.72168783648705315, 0.000000000000000000 ) ) ;
#10246 = VECTOR ( 'NONE', #1457, 1000.000000000000000 ) ;
#10247 = CARTESIAN_POINT ( 'NONE',  ( 33.04999999999997584, 23.30125950546274183, 0.4500000000000000111 ) ) ;
#10248 = ADVANCED_FACE ( 'NONE', ( #5142 ), #10989, .T. ) ;
#10249 = DIRECTION ( 'NONE',  ( -0.4999999999999997224, -0.8660254037844388186, 0.000000000000000000 ) ) ;
#10250 = APPROVAL_PERSON_ORGANIZATION ( #8784, #1889, #7890 ) ;
#10251 = LINE ( 'NONE', #3513, #8010 ) ;
#10252 = EDGE_CURVE ( 'NONE', #12257, #12228, #5912, .T. ) ;
#10253 = LINE ( 'NONE', #5422, #9683 ) ;
#10254 = CARTESIAN_POINT ( 'NONE',  ( -19.45000000000000284, 23.99407982849027121, 0.000000000000000000 ) ) ;
#10255 = CARTESIAN_POINT ( 'NONE',  ( 13.64999999999998437, 18.27831216351297883, 0.4500000000000000111 ) ) ;
#10256 = ORIENTED_EDGE ( 'NONE', *, *, #12104, .F. ) ;
#10257 = DIRECTION ( 'NONE',  ( -0.000000000000000000, -0.000000000000000000, -1.000000000000000000 ) ) ;
#10258 = VECTOR ( 'NONE', #212, 1000.000000000000000 ) ;
#10259 = VECTOR ( 'NONE', #6456, 1000.000000000000000 ) ;
#10260 = ORIENTED_EDGE ( 'NONE', *, *, #3265, .F. ) ;
#10261 = EDGE_CURVE ( 'NONE', #4448, #5330, #8974, .T. ) ;
#10262 = DIRECTION ( 'NONE',  ( 0.8660254037844394848, 0.4999999999999984457, 0.000000000000000000 ) ) ;
#10264 = ORIENTED_EDGE ( 'NONE', *, *, #7294, .T. ) ;
#10263 = VECTOR ( 'NONE', #10673, 1000.000000000000114 ) ;
#10265 = AXIS2_PLACEMENT_3D ( 'NONE', #11382, #3570, #7255 ) ;
#10266 = DIRECTION ( 'NONE',  ( 0.8660254037844387076, 0.4999999999999997224, 0.000000000000000000 ) ) ;
#10267 = ORIENTED_EDGE ( 'NONE', *, *, #3241, .F. ) ;
#10268 = AXIS2_PLACEMENT_3D ( 'NONE', #9386, #3529, #7346 ) ;
#10269 = FACE_OUTER_BOUND ( 'NONE', #3339, .T. ) ;
#10270 = EDGE_LOOP ( 'NONE', ( #10528, #9271, #2668, #6617, #6422, #7292, #6382 ) ) ;
#10271 = PLANE ( 'NONE',  #7312 ) ;
#10272 = LINE ( 'NONE', #6460, #3361 ) ;
#10273 = ORIENTED_EDGE ( 'NONE', *, *, #8927, .F. ) ;
#10274 = ORIENTED_EDGE ( 'NONE', *, *, #9172, .T. ) ;
#10275 = DIRECTION ( 'NONE',  ( 9.614813431917789401E-15, -1.000000000000000000, 0.000000000000000000 ) ) ;
#10276 = VERTEX_POINT ( 'NONE', #7064 ) ;
#10277 = LINE ( 'NONE', #1584, #8971 ) ;
#10278 = EDGE_LOOP ( 'NONE', ( #2921, #6140, #6014, #884 ) ) ;
#10279 = ORIENTED_EDGE ( 'NONE', *, *, #10066, .F. ) ;
#10280 = DIRECTION ( 'NONE',  ( -0.5000000000000004441, -0.8660254037844384856, 0.000000000000000000 ) ) ;
#10281 = CARTESIAN_POINT ( 'NONE',  ( -23.54999999999997584, 23.99407982849027832, 0.000000000000000000 ) ) ;
#10282 = CARTESIAN_POINT ( 'NONE',  ( 16.94999999999998153, 19.72168783648705315, 0.4500000000000000111 ) ) ;
#10283 = CARTESIAN_POINT ( 'NONE',  ( 26.84999999999997300, 19.72168783648705670, 0.000000000000000000 ) ) ;
#10284 = LINE ( 'NONE', #11422, #8814 ) ;
#10285 = EDGE_CURVE ( 'NONE', #8683, #1326, #8910, .T. ) ;
#10286 = FACE_OUTER_BOUND ( 'NONE', #4476, .T. ) ;
#10287 = VERTEX_POINT ( 'NONE', #11763 ) ;
#10288 = ORIENTED_EDGE ( 'NONE', *, *, #6223, .F. ) ;
#10289 = LINE ( 'NONE', #9472, #7077 ) ;
#10290 = VECTOR ( 'NONE', #7937, 1000.000000000000114 ) ;
#10291 = ORIENTED_EDGE ( 'NONE', *, *, #7281, .T. ) ;
#10292 = VECTOR ( 'NONE', #1182, 1000.000000000000000 ) ;
#10293 = VERTEX_POINT ( 'NONE', #2046 ) ;
#10294 = ORIENTED_EDGE ( 'NONE', *, *, #171, .T. ) ;
#10295 = AXIS2_PLACEMENT_3D ( 'NONE', #6578, #745, #8428 ) ;
#10296 = DIRECTION ( 'NONE',  ( -0.8660254037844383745, -0.5000000000000003331, 0.000000000000000000 ) ) ;
#10297 = CARTESIAN_POINT ( 'NONE',  ( 25.19999999999997442, 22.57957166897570644, 0.000000000000000000 ) ) ;
#10298 = LINE ( 'NONE', #1410, #7190 ) ;
#10299 = LINE ( 'NONE', #892, #506 ) ;
#10300 = ORIENTED_EDGE ( 'NONE', *, *, #9707, .F. ) ;
#10301 = AXIS2_PLACEMENT_3D ( 'NONE', #6960, #10834, #2137 ) ;
#10302 = LINE ( 'NONE', #4582, #5674 ) ;
#10303 = DIRECTION ( 'NONE',  ( -1.000000000000000000, 0.000000000000000000, 0.000000000000000000 ) ) ;
#10304 = EDGE_LOOP ( 'NONE', ( #10864, #1389, #1581, #2794, #1904, #11095, #8778 ) ) ;
#10305 = ORIENTED_EDGE ( 'NONE', *, *, #8931, .T. ) ;
#10306 = DIRECTION ( 'NONE',  ( -0.8660254037844387076, 0.4999999999999997224, 0.000000000000000000 ) ) ;
#10307 = VERTEX_POINT ( 'NONE', #3059 ) ;
#10308 = LINE ( 'NONE', #5413, #486 ) ;
#10309 = CARTESIAN_POINT ( 'NONE',  ( -16.14999999999999858, 23.99407982849026411, 0.4500000000000000111 ) ) ;
#10310 = EDGE_CURVE ( 'NONE', #5644, #6449, #11702, .T. ) ;
#10311 = LINE ( 'NONE', #7327, #1519 ) ;
#10312 = EDGE_CURVE ( 'NONE', #11810, #2488, #2238, .T. ) ;
#10313 = DIRECTION ( 'NONE',  ( 0.000000000000000000, 0.000000000000000000, -1.000000000000000000 ) ) ;
#10314 = LINE ( 'NONE', #1488, #5987 ) ;
#10315 = CARTESIAN_POINT ( 'NONE',  ( -24.52435565298207365, 25.99999999999999645, 0.4500000000000000111 ) ) ;
#10316 = CARTESIAN_POINT ( 'NONE',  ( -21.10000000000001563, 22.57957166897569223, 0.4500000000000000111 ) ) ;
#10317 = EDGE_CURVE ( 'NONE', #2601, #10135, #8847, .T. ) ;
#10318 = PLANE ( 'NONE',  #2276 ) ;
#10319 = ORIENTED_EDGE ( 'NONE', *, *, #10317, .T. ) ;
#10320 = CARTESIAN_POINT ( 'NONE',  ( -11.59999999999999076, 20.44337567297408498, 0.000000000000000000 ) ) ;
#10321 = VECTOR ( 'NONE', #6797, 1000.000000000000000 ) ;
#10322 = EDGE_LOOP ( 'NONE', ( #3630, #882, #10602, #8748 ) ) ;
#10323 = EDGE_CURVE ( 'NONE', #3870, #8375, #10807, .T. ) ;
#10324 = EDGE_CURVE ( 'NONE', #1295, #12161, #208, .T. ) ;
#10325 = CARTESIAN_POINT ( 'NONE',  ( -17.92435565298208999, 26.00000000000000355, 0.000000000000000000 ) ) ;
#10326 = ORIENTED_EDGE ( 'NONE', *, *, #3401, .T. ) ;
#10327 = CARTESIAN_POINT ( 'NONE',  ( -6.650000000000004796, 20.41450815951458253, 0.4500000000000000111 ) ) ;
#10328 = EDGE_LOOP ( 'NONE', ( #9118, #6548, #12318, #6931 ) ) ;
#10329 = VECTOR ( 'NONE', #11991, 1000.000000000000000 ) ;
#10330 = CARTESIAN_POINT ( 'NONE',  ( 32.65000000000000568, 19.72168783648704604, 0.4500000000000000111 ) ) ;
#10331 = CARTESIAN_POINT ( 'NONE',  ( -32.65000000000000568, 25.43745550146434198, 0.000000000000000000 ) ) ;
#10332 = DIRECTION ( 'NONE',  ( 0.8660254037844383745, -0.5000000000000003331, 0.000000000000000000 ) ) ;
#10333 = VERTEX_POINT ( 'NONE', #7000 ) ;
#10334 = ORIENTED_EDGE ( 'NONE', *, *, #11162, .T. ) ;
#10335 = CARTESIAN_POINT ( 'NONE',  ( 7.900000000000021672, 22.57957166897568513, 0.4500000000000000111 ) ) ;
#10336 = ADVANCED_FACE ( 'NONE', ( #11895 ), #4012, .F. ) ;
#10337 = AXIS2_PLACEMENT_3D ( 'NONE', #7334, #3705, #11458 ) ;
#10338 = ORIENTED_EDGE ( 'NONE', *, *, #10936, .T. ) ;
#10339 = DIRECTION ( 'NONE',  ( -9.614813431917789401E-15, -1.000000000000000000, 0.000000000000000000 ) ) ;
#10340 = VECTOR ( 'NONE', #4338, 1000.000000000000000 ) ;
#10341 = ORIENTED_EDGE ( 'NONE', *, *, #568, .F. ) ;
#10342 = ORIENTED_EDGE ( 'NONE', *, *, #10622, .F. ) ;
#10343 = EDGE_CURVE ( 'NONE', #1420, #1658, #5151, .T. ) ;
#10344 = DIRECTION ( 'NONE',  ( -0.8660254037844388186, -0.4999999999999997224, 0.000000000000000000 ) ) ;
#10345 = CARTESIAN_POINT ( 'NONE',  ( 21.49999999999999289, 23.27239199200323583, 0.4500000000000000111 ) ) ;
#10346 = LINE ( 'NONE', #5575, #10193 ) ;
#10347 = LINE ( 'NONE', #696, #6372 ) ;
#10348 = DIRECTION ( 'NONE',  ( -0.8660254037844387076, 0.4999999999999997224, 0.000000000000000000 ) ) ;
#10349 = CARTESIAN_POINT ( 'NONE',  ( 11.59999999999998721, 26.15914333795138091, 0.4500000000000000111 ) ) ;
#10350 = VERTEX_POINT ( 'NONE', #9034 ) ;
#10351 = VECTOR ( 'NONE', #7811, 1000.000000000000114 ) ;
#10352 = EDGE_LOOP ( 'NONE', ( #10387, #5862, #640, #7528 ) ) ;
#10353 = DIRECTION ( 'NONE',  ( 1.000000000000000000, 0.000000000000000000, 0.000000000000000000 ) ) ;
#10354 = VERTEX_POINT ( 'NONE', #331 ) ;
#10355 = VERTEX_POINT ( 'NONE', #4075 ) ;
#10356 = EDGE_LOOP ( 'NONE', ( #5088, #1961, #8979, #7333, #3604, #3258 ) ) ;
#10357 = LINE ( 'NONE', #9533, #2916 ) ;
#10358 = FACE_OUTER_BOUND ( 'NONE', #9343, .T. ) ;
#10359 = VECTOR ( 'NONE', #2064, 1000.000000000000000 ) ;
#10360 = LINE ( 'NONE', #711, #3944 ) ;
#10361 = EDGE_CURVE ( 'NONE', #136, #3073, #75, .T. ) ;
#10362 = CARTESIAN_POINT ( 'NONE',  ( 35.94999999999999574, 18.27831216351297527, 0.4500000000000000111 ) ) ;
#10363 = ORIENTED_EDGE ( 'NONE', *, *, #2269, .T. ) ;
#10364 = LINE ( 'NONE', #2427, #7705 ) ;
#10365 = VERTEX_POINT ( 'NONE', #1094 ) ;
#10366 = FACE_BOUND ( 'NONE', #873, .T. ) ;
#10367 = CIRCLE ( 'NONE', #1246, 3.999999999999996447 ) ;
#10368 = ORIENTED_EDGE ( 'NONE', *, *, #3976, .F. ) ;
#10369 = DIRECTION ( 'NONE',  ( -1.000000000000000000, 0.000000000000000000, 0.000000000000000000 ) ) ;
#10370 = DIRECTION ( 'NONE',  ( -9.614813431917789401E-15, 1.000000000000000000, 0.000000000000000000 ) ) ;
#10371 = VERTEX_POINT ( 'NONE', #4961 ) ;
#10372 = DIRECTION ( 'NONE',  ( -0.4999999999999985567, 0.8660254037844394848, 0.000000000000000000 ) ) ;
#10373 = EDGE_CURVE ( 'NONE', #7147, #2825, #9732, .T. ) ;
#10374 = EDGE_CURVE ( 'NONE', #12567, #4059, #9864, .T. ) ;
#10375 = LINE ( 'NONE', #1680, #2183 ) ;
#10376 = DIRECTION ( 'NONE',  ( -0.8660254037844394848, -0.4999999999999985012, 0.000000000000000000 ) ) ;
#10377 = FACE_OUTER_BOUND ( 'NONE', #6178, .T. ) ;
#10378 = CARTESIAN_POINT ( 'NONE',  ( 33.04999999999998295, 20.41450815951459319, 0.4500000000000000111 ) ) ;
#10379 = LINE ( 'NONE', #1621, #6409 ) ;
#10380 = CARTESIAN_POINT ( 'NONE',  ( 0.000000000000000000, 15.29999999999998295, 0.4500000000000000111 ) ) ;
#10381 = CARTESIAN_POINT ( 'NONE',  ( 13.64999999999998082, 23.99407982849027121, 0.4500000000000000111 ) ) ;
#10382 = ORIENTED_EDGE ( 'NONE', *, *, #16, .F. ) ;
#10383 = LINE ( 'NONE', #9560, #10540 ) ;
#10384 = ORIENTED_EDGE ( 'NONE', *, *, #1862, .T. ) ;
#10385 = ADVANCED_FACE ( 'NONE', ( #2932 ), #6804, .T. ) ;
#10386 = CARTESIAN_POINT ( 'NONE',  ( -23.14999999999998437, 23.30125950546273828, 0.000000000000000000 ) ) ;
#10387 = ORIENTED_EDGE ( 'NONE', *, *, #11990, .F. ) ;
#10388 = VECTOR ( 'NONE', #3254, 1000.000000000000000 ) ;
#10389 = CARTESIAN_POINT ( 'NONE',  ( -23.54999999999997584, 18.27831216351298238, 0.000000000000000000 ) ) ;
#10390 = EDGE_CURVE ( 'NONE', #1357, #2123, #1029, .T. ) ;
#10391 = EDGE_CURVE ( 'NONE', #7214, #6918, #6053, .T. ) ;
#10392 = CARTESIAN_POINT ( 'NONE',  ( -20.24999999999998224, 19.72168783648705315, 0.4500000000000000111 ) ) ;
#10393 = LINE ( 'NONE', #9262, #8733 ) ;
#10394 = CARTESIAN_POINT ( 'NONE',  ( -22.75000000000001421, 19.72168783648704249, 0.4500000000000000111 ) ) ;
#10395 = ORIENTED_EDGE ( 'NONE', *, *, #7368, .T. ) ;
#10396 = ORIENTED_EDGE ( 'NONE', *, *, #7272, .T. ) ;
#10397 = VECTOR ( 'NONE', #7601, 1000.000000000000000 ) ;
#10398 = LINE ( 'NONE', #7662, #9713 ) ;
#10399 = EDGE_CURVE ( 'NONE', #8281, #6529, #1351, .T. ) ;
#10400 = VERTEX_POINT ( 'NONE', #8077 ) ;
#10401 = DIRECTION ( 'NONE',  ( 0.000000000000000000, -1.000000000000000000, 0.000000000000000000 ) ) ;
#10402 = ORIENTED_EDGE ( 'NONE', *, *, #7503, .T. ) ;
#10403 = VERTEX_POINT ( 'NONE', #583 ) ;
#10404 = DIRECTION ( 'NONE',  ( 0.8660254037844393737, 0.4999999999999985012, 0.000000000000000000 ) ) ;
#10405 = CARTESIAN_POINT ( 'NONE',  ( -32.64999999999999147, 18.27831216351297527, 0.4500000000000000111 ) ) ;
#10406 = EDGE_CURVE ( 'NONE', #10400, #9280, #1538, .T. ) ;
#10407 = DIRECTION ( 'NONE',  ( -9.614813431917789401E-15, 1.000000000000000000, 0.000000000000000000 ) ) ;
#10408 = CARTESIAN_POINT ( 'NONE',  ( -12.85000000000001918, 19.72168783648703894, 0.000000000000000000 ) ) ;
#10409 = LINE ( 'NONE', #697, #11242 ) ;
#10410 = DIRECTION ( 'NONE',  ( -1.000000000000000000, 0.000000000000000000, 0.000000000000000000 ) ) ;
#10411 = ORIENTED_EDGE ( 'NONE', *, *, #6172, .F. ) ;
#10412 = EDGE_LOOP ( 'NONE', ( #1518, #7221, #2445, #4235 ) ) ;
#10413 = DIRECTION ( 'NONE',  ( 0.8660254037844383745, -0.5000000000000003331, 0.000000000000000000 ) ) ;
#10414 = ORIENTED_EDGE ( 'NONE', *, *, #3722, .F. ) ;
#10415 = VERTEX_POINT ( 'NONE', #10228 ) ;
#10416 = AXIS2_PLACEMENT_3D ( 'NONE', #7627, #6673, #10490 ) ;
#10417 = ORIENTED_EDGE ( 'NONE', *, *, #3300, .F. ) ;
#10418 = LINE ( 'NONE', #5527, #11442 ) ;
#10419 = CARTESIAN_POINT ( 'NONE',  ( -18.96794919243111721, 18.00000000000000355, 0.4500000000000000111 ) ) ;
#10420 = AXIS2_PLACEMENT_3D ( 'NONE', #2917, #2094, #128 ) ;
#10421 = FACE_OUTER_BOUND ( 'NONE', #10912, .T. ) ;
#10422 = VERTEX_POINT ( 'NONE', #2295 ) ;
#10423 = DIRECTION ( 'NONE',  ( -0.8660254037844383745, -0.5000000000000003331, 0.000000000000000000 ) ) ;
#10424 = FACE_OUTER_BOUND ( 'NONE', #10017, .T. ) ;
#10425 = AXIS2_PLACEMENT_3D ( 'NONE', #6234, #9351, #3495 ) ;
#10426 = VERTEX_POINT ( 'NONE', #3303 ) ;
#10427 = DIRECTION ( 'NONE',  ( -0.8660254037844387076, 0.4999999999999997224, 0.000000000000000000 ) ) ;
#10428 = DIRECTION ( 'NONE',  ( 0.8660254037844383745, 0.5000000000000003331, 0.000000000000000000 ) ) ;
#10429 = AXIS2_PLACEMENT_3D ( 'NONE', #8659, #10564, #6502 ) ;
#10430 = VERTEX_POINT ( 'NONE', #2545 ) ;
#10431 = LINE ( 'NONE', #844, #6179 ) ;
#10432 = DIRECTION ( 'NONE',  ( -9.614813431917789401E-15, 1.000000000000000000, 0.000000000000000000 ) ) ;
#10433 = EDGE_CURVE ( 'NONE', #2261, #3088, #4450, .T. ) ;
#10434 = PLANE ( 'NONE',  #6594 ) ;
#10435 = AXIS2_PLACEMENT_3D ( 'NONE', #6498, #11514, #7449 ) ;
#10436 = CARTESIAN_POINT ( 'NONE',  ( 11.20000000000001883, 22.57957166897568513, 0.4500000000000000111 ) ) ;
#10437 = PERSON_AND_ORGANIZATION ( #730, #5577 ) ;
#10438 = DIRECTION ( 'NONE',  ( 0.000000000000000000, 0.000000000000000000, -1.000000000000000000 ) ) ;
#10439 = VECTOR ( 'NONE', #10049, 1000.000000000000114 ) ;
#10440 = LINE ( 'NONE', #1491, #3875 ) ;
#10441 = DIRECTION ( 'NONE',  ( 9.614813431917789401E-15, 1.000000000000000000, 0.000000000000000000 ) ) ;
#10442 = ORIENTED_EDGE ( 'NONE', *, *, #5552, .T. ) ;
#10443 = ADVANCED_FACE ( 'NONE', ( #9352 ), #6426, .T. ) ;
#10444 = CARTESIAN_POINT ( 'NONE',  ( 16.94999999999998153, 25.43745550146435264, 0.4500000000000000111 ) ) ;
#10445 = ORIENTED_EDGE ( 'NONE', *, *, #1318, .F. ) ;
#10446 = EDGE_CURVE ( 'NONE', #2855, #3819, #5276, .T. ) ;
#10447 = VECTOR ( 'NONE', #8535, 1000.000000000000000 ) ;
#10448 = EDGE_CURVE ( 'NONE', #8745, #7910, #5464, .T. ) ;
#10449 = CARTESIAN_POINT ( 'NONE',  ( -31.12435565298205375, 25.99999999999999645, 0.4500000000000000111 ) ) ;
#10450 = EDGE_LOOP ( 'NONE', ( #3744, #7737, #5230, #5045 ) ) ;
#10451 = VECTOR ( 'NONE', #4047, 1000.000000000000000 ) ;
#10452 = PLANE ( 'NONE',  #530 ) ;
#10453 = DIRECTION ( 'NONE',  ( 0.000000000000000000, 0.000000000000000000, -1.000000000000000000 ) ) ;
#10454 = DIRECTION ( 'NONE',  ( 0.8660254037844393737, 0.4999999999999985012, 0.000000000000000000 ) ) ;
#10455 = VECTOR ( 'NONE', #9426, 1000.000000000000000 ) ;
#10456 = FACE_OUTER_BOUND ( 'NONE', #12536, .T. ) ;
#10457 = VERTEX_POINT ( 'NONE', #3496 ) ;
#10458 = LINE ( 'NONE', #6647, #12382 ) ;
#10459 = ORIENTED_EDGE ( 'NONE', *, *, #5670, .F. ) ;
#10460 = ADVANCED_FACE ( 'NONE', ( #10168 ), #9094, .T. ) ;
#10461 = LINE ( 'NONE', #12488, #8500 ) ;
#10462 = VERTEX_POINT ( 'NONE', #5214 ) ;
#10463 = AXIS2_PLACEMENT_3D ( 'NONE', #2003, #987, #1943 ) ;
#10464 = LINE ( 'NONE', #12429, #9994 ) ;
#10465 = EDGE_LOOP ( 'NONE', ( #752, #3146, #4701, #8558, #8316, #6048 ) ) ;
#10466 = AXIS2_PLACEMENT_3D ( 'NONE', #6469, #8253, #10344 ) ;
#10467 = VECTOR ( 'NONE', #9120, 1000.000000000000114 ) ;
#10468 = ORIENTED_EDGE ( 'NONE', *, *, #3334, .F. ) ;
#10469 = CARTESIAN_POINT ( 'NONE',  ( -31.79999999999996874, 22.57957166897570644, 0.4500000000000000111 ) ) ;
#10470 = DIRECTION ( 'NONE',  ( -1.000000000000000000, 0.000000000000000000, 0.000000000000000000 ) ) ;
#10471 = EDGE_CURVE ( 'NONE', #10076, #11698, #389, .T. ) ;
#10472 = ADVANCED_FACE ( 'NONE', ( #8138 ), #11245, .T. ) ;
#10473 = FACE_BOUND ( 'NONE', #9317, .T. ) ;
#10474 = DIRECTION ( 'NONE',  ( 0.000000000000000000, 0.000000000000000000, 1.000000000000000000 ) ) ;
#10475 = CARTESIAN_POINT ( 'NONE',  ( -7.900000000000021672, 22.57957166897568513, 0.4500000000000000111 ) ) ;
#10476 = CARTESIAN_POINT ( 'NONE',  ( 16.15000000000001279, 25.43745550146433132, 0.4500000000000000111 ) ) ;
#10477 = ORIENTED_EDGE ( 'NONE', *, *, #7365, .F. ) ;
#10478 = VECTOR ( 'NONE', #288, 1000.000000000000114 ) ;
#10479 = VERTEX_POINT ( 'NONE', #4259 ) ;
#10480 = EDGE_CURVE ( 'NONE', #3612, #6199, #4199, .T. ) ;
#10481 = LINE ( 'NONE', #11616, #4433 ) ;
#10482 = ORIENTED_EDGE ( 'NONE', *, *, #501, .F. ) ;
#10483 = ORIENTED_EDGE ( 'NONE', *, *, #6942, .T. ) ;
#10484 = EDGE_CURVE ( 'NONE', #4627, #10491, #6174, .T. ) ;
#10485 = EDGE_CURVE ( 'NONE', #6346, #8916, #11951, .T. ) ;
#10486 = EDGE_CURVE ( 'NONE', #2340, #7954, #7246, .T. ) ;
#10487 = ORIENTED_EDGE ( 'NONE', *, *, #4437, .F. ) ;
#10488 = DIRECTION ( 'NONE',  ( 1.000000000000000000, 0.000000000000000000, 0.000000000000000000 ) ) ;
#10489 = FACE_OUTER_BOUND ( 'NONE', #4492, .T. ) ;
#10490 = DIRECTION ( 'NONE',  ( 0.8660254037844393737, -0.4999999999999985012, 0.000000000000000000 ) ) ;
#10491 = VERTEX_POINT ( 'NONE', #2420 ) ;
#10492 = CARTESIAN_POINT ( 'NONE',  ( 35.09999999999998010, 21.13619599600163568, 0.4500000000000000111 ) ) ;
#10493 = VECTOR ( 'NONE', #3385, 1000.000000000000000 ) ;
#10494 = LINE ( 'NONE', #1974, #11128 ) ;
#10495 = VECTOR ( 'NONE', #1895, 1000.000000000000114 ) ;
#10496 = ORIENTED_EDGE ( 'NONE', *, *, #7044, .F. ) ;
#10497 = LINE ( 'NONE', #8653, #1504 ) ;
#10498 = ADVANCED_FACE ( 'NONE', ( #4316 ), #1469, .T. ) ;
#10499 = ORIENTED_EDGE ( 'NONE', *, *, #4171, .T. ) ;
#10500 = EDGE_CURVE ( 'NONE', #4549, #9101, #11000, .T. ) ;
#10501 = CARTESIAN_POINT ( 'NONE',  ( -9.949999999999990408, 23.30125950546273117, 0.4500000000000000111 ) ) ;
#10502 = PLANE ( 'NONE',  #11915 ) ;
#10503 = DIRECTION ( 'NONE',  ( -0.5000000000000004441, -0.8660254037844384856, 0.000000000000000000 ) ) ;
#10504 = VECTOR ( 'NONE', #1693, 1000.000000000000114 ) ;
#10505 = EDGE_CURVE ( 'NONE', #4479, #6723, #7310, .T. ) ;
#10506 = DIRECTION ( 'NONE',  ( 0.4999999999999985012, 0.8660254037844395958, 0.000000000000000000 ) ) ;
#10507 = EDGE_CURVE ( 'NONE', #1170, #313, #1890, .T. ) ;
#10508 = VECTOR ( 'NONE', #6135, 1000.000000000000114 ) ;
#10509 = ORIENTED_EDGE ( 'NONE', *, *, #6001, .T. ) ;
#10510 = DIRECTION ( 'NONE',  ( 0.8660254037844383745, -0.5000000000000003331, 0.000000000000000000 ) ) ;
#10511 = DIRECTION ( 'NONE',  ( 0.000000000000000000, -1.000000000000000000, 0.000000000000000000 ) ) ;
#10512 = EDGE_LOOP ( 'NONE', ( #1333, #12182, #7315, #10815 ) ) ;
#10513 = CARTESIAN_POINT ( 'NONE',  ( -26.04999999999999716, 18.27831216351297527, 0.4500000000000000111 ) ) ;
#10514 = ORIENTED_EDGE ( 'NONE', *, *, #2695, .F. ) ;
#10515 = CARTESIAN_POINT ( 'NONE',  ( -28.09999999999998010, 20.44337567297409208, 0.4500000000000000111 ) ) ;
#10516 = ORIENTED_EDGE ( 'NONE', *, *, #7839, .T. ) ;
#10517 = DIRECTION ( 'NONE',  ( 0.000000000000000000, -0.000000000000000000, 1.000000000000000000 ) ) ;
#10518 = ADVANCED_FACE ( 'NONE', ( #5751 ), #12264, .T. ) ;
#10519 = DIRECTION ( 'NONE',  ( 0.8660254037844383745, 0.5000000000000003331, 0.000000000000000000 ) ) ;
#10520 = VECTOR ( 'NONE', #10104, 1000.000000000000000 ) ;
#10521 = DIRECTION ( 'NONE',  ( -0.000000000000000000, -0.000000000000000000, 1.000000000000000000 ) ) ;
#10522 = CARTESIAN_POINT ( 'NONE',  ( -11.20000000000000462, 21.13619599600161436, 0.4500000000000000111 ) ) ;
#10523 = EDGE_LOOP ( 'NONE', ( #5995, #8315, #5736, #2342 ) ) ;
#10524 = DIRECTION ( 'NONE',  ( 0.8660254037844387076, 0.4999999999999997224, 0.000000000000000000 ) ) ;
#10525 = ORIENTED_EDGE ( 'NONE', *, *, #4674, .F. ) ;
#10526 = DIRECTION ( 'NONE',  ( 0.000000000000000000, -0.000000000000000000, -1.000000000000000000 ) ) ;
#10527 = LINE ( 'NONE', #872, #8981 ) ;
#10528 = ORIENTED_EDGE ( 'NONE', *, *, #1731, .T. ) ;
#10529 = VECTOR ( 'NONE', #7164, 1000.000000000000114 ) ;
#10530 = EDGE_CURVE ( 'NONE', #9514, #9675, #2609, .T. ) ;
#10531 = EDGE_CURVE ( 'NONE', #4214, #154, #7725, .T. ) ;
#10532 = VERTEX_POINT ( 'NONE', #4925 ) ;
#10533 = PLANE ( 'NONE',  #11001 ) ;
#10534 = PLANE ( 'NONE',  #11867 ) ;
#10535 = PLANE ( 'NONE',  #5132 ) ;
#10536 = LINE ( 'NONE', #1836, #11102 ) ;
#10537 = DIRECTION ( 'NONE',  ( -0.8660254037844383745, -0.5000000000000003331, 0.000000000000000000 ) ) ;
#10538 = LINE ( 'NONE', #11301, #12298 ) ;
#10539 = ORIENTED_EDGE ( 'NONE', *, *, #3563, .F. ) ;
#10540 = VECTOR ( 'NONE', #796, 1000.000000000000000 ) ;
#10541 = EDGE_LOOP ( 'NONE', ( #5359, #2899, #3039, #4054 ) ) ;
#10542 = FACE_OUTER_BOUND ( 'NONE', #7762, .T. ) ;
#10543 = ORIENTED_EDGE ( 'NONE', *, *, #4146, .T. ) ;
#10544 = ADVANCED_FACE ( 'NONE', ( #10358 ), #11543, .T. ) ;
#10545 = VERTEX_POINT ( 'NONE', #9763 ) ;
#10546 = ORIENTED_EDGE ( 'NONE', *, *, #8512, .T. ) ;
#10547 = LINE ( 'NONE', #7805, #2306 ) ;
#10548 = CARTESIAN_POINT ( 'NONE',  ( 33.44999999999996732, 25.43745550146435974, 0.000000000000000000 ) ) ;
#10549 = VECTOR ( 'NONE', #714, 1000.000000000000000 ) ;
#10550 = EDGE_CURVE ( 'NONE', #12122, #5149, #5941, .T. ) ;
#10551 = PLANE ( 'NONE',  #1702 ) ;
#10552 = EDGE_CURVE ( 'NONE', #2770, #12428, #1665, .T. ) ;
#10553 = VERTEX_POINT ( 'NONE', #5528 ) ;
#10554 = PLANE ( 'NONE',  #11762 ) ;
#10555 = FACE_BOUND ( 'NONE', #8870, .T. ) ;
#10556 = EDGE_LOOP ( 'NONE', ( #2119, #12366, #11223, #3634, #122, #9121 ) ) ;
#10557 = LINE ( 'NONE', #3884, #11280 ) ;
#10558 = EDGE_CURVE ( 'NONE', #3350, #2369, #4510, .T. ) ;
#10559 = EDGE_LOOP ( 'NONE', ( #9420, #8114, #10224, #8340 ) ) ;
#10560 = PLANE ( 'NONE',  #10435 ) ;
#10561 = VECTOR ( 'NONE', #10521, 1000.000000000000000 ) ;
#10562 = FACE_OUTER_BOUND ( 'NONE', #2576, .T. ) ;
#10563 = PLANE ( 'NONE',  #6583 ) ;
#10564 = DIRECTION ( 'NONE',  ( 0.4999999999999997224, -0.8660254037844388186, -0.000000000000000000 ) ) ;
#10565 = ORIENTED_EDGE ( 'NONE', *, *, #10855, .T. ) ;
#10566 = EDGE_CURVE ( 'NONE', #5007, #3547, #9698, .T. ) ;
#10567 = VECTOR ( 'NONE', #1232, 1000.000000000000000 ) ;
#10568 = DIRECTION ( 'NONE',  ( 9.614813431917789401E-15, 1.000000000000000000, 0.000000000000000000 ) ) ;
#10569 = LINE ( 'NONE', #3773, #5517 ) ;
#10570 = ORIENTED_EDGE ( 'NONE', *, *, #8741, .T. ) ;
#10571 = CARTESIAN_POINT ( 'NONE',  ( -18.59999999999998010, 21.13619599600162857, 0.4500000000000000111 ) ) ;
#10572 = ORIENTED_EDGE ( 'NONE', *, *, #231, .T. ) ;
#10573 = CARTESIAN_POINT ( 'NONE',  ( -7.049999999999986500, 23.99407982849027121, 0.4500000000000000111 ) ) ;
#10574 = ORIENTED_EDGE ( 'NONE', *, *, #2952, .T. ) ;
#10575 = CARTESIAN_POINT ( 'NONE',  ( -21.89999999999997726, 21.13619599600162502, 0.4500000000000000111 ) ) ;
#10576 = CARTESIAN_POINT ( 'NONE',  ( 12.85000000000000497, 18.27831216351296817, 0.000000000000000000 ) ) ;
#10577 = FACE_OUTER_BOUND ( 'NONE', #749, .T. ) ;
#10578 = DIRECTION ( 'NONE',  ( -0.8660254037844387076, 0.4999999999999997224, 0.000000000000000000 ) ) ;
#10579 = ORIENTED_EDGE ( 'NONE', *, *, #373, .T. ) ;
#10580 = LINE ( 'NONE', #9690, #5879 ) ;
#10581 = ORIENTED_EDGE ( 'NONE', *, *, #846, .F. ) ;
#10582 = DIRECTION ( 'NONE',  ( -1.000000000000000000, 0.000000000000000000, 0.000000000000000000 ) ) ;
#10583 = AXIS2_PLACEMENT_3D ( 'NONE', #12181, #5314, #10339 ) ;
#10584 = FACE_OUTER_BOUND ( 'NONE', #4389, .T. ) ;
#10585 = AXIS2_PLACEMENT_3D ( 'NONE', #4927, #5818, #6655 ) ;
#10586 = ORIENTED_EDGE ( 'NONE', *, *, #4710, .T. ) ;
#10587 = DIRECTION ( 'NONE',  ( 0.000000000000000000, 0.000000000000000000, -1.000000000000000000 ) ) ;
#10588 = VERTEX_POINT ( 'NONE', #8457 ) ;
#10589 = DIRECTION ( 'NONE',  ( -0.4999999999999985567, 0.8660254037844394848, 0.000000000000000000 ) ) ;
#10590 = CARTESIAN_POINT ( 'NONE',  ( 31.00000000000000711, 22.57957166897569223, 0.4500000000000000111 ) ) ;
#10591 = DIRECTION ( 'NONE',  ( 1.000000000000000000, 9.614813431917789401E-15, 0.000000000000000000 ) ) ;
#10592 = CARTESIAN_POINT ( 'NONE',  ( 35.95000000000000284, 19.29861146815199646, 0.4500000000000000111 ) ) ;
#10593 = DIRECTION ( 'NONE',  ( 0.000000000000000000, 0.000000000000000000, -1.000000000000000000 ) ) ;
#10594 = VECTOR ( 'NONE', #1516, 1000.000000000000000 ) ;
#10595 = CARTESIAN_POINT ( 'NONE',  ( -16.54999999999999005, 23.30125950546273828, 0.4500000000000000111 ) ) ;
#10596 = ORIENTED_EDGE ( 'NONE', *, *, #12245, .T. ) ;
#10597 = VERTEX_POINT ( 'NONE', #7496 ) ;
#10598 = VERTEX_POINT ( 'NONE', #11732 ) ;
#10599 = ADVANCED_FACE ( 'NONE', ( #2841 ), #8689, .T. ) ;
#10600 = DIRECTION ( 'NONE',  ( 0.000000000000000000, 0.000000000000000000, -1.000000000000000000 ) ) ;
#10601 = ORIENTED_EDGE ( 'NONE', *, *, #1792, .T. ) ;
#10602 = ORIENTED_EDGE ( 'NONE', *, *, #8899, .F. ) ;
#10603 = VERTEX_POINT ( 'NONE', #3982 ) ;
#10604 = VECTOR ( 'NONE', #9830, 1000.000000000000000 ) ;
#10605 = EDGE_CURVE ( 'NONE', #798, #9101, #7853, .T. ) ;
#10606 = DIRECTION ( 'NONE',  ( 0.000000000000000000, -1.000000000000000000, 0.000000000000000000 ) ) ;
#10607 = CARTESIAN_POINT ( 'NONE',  ( -29.34999999999999432, 23.99407982849027476, 0.000000000000000000 ) ) ;
#10608 = LINE ( 'NONE', #8834, #3721 ) ;
#10609 = APPROVAL ( #1032, 'UNSPECIFIED' ) ;
#10610 = ORIENTED_EDGE ( 'NONE', *, *, #180, .F. ) ;
#10611 = CYLINDRICAL_SURFACE ( 'NONE', #1636, 3.999999999999996447 ) ;
#10612 = FACE_BOUND ( 'NONE', #9907, .T. ) ;
#10613 = VERTEX_POINT ( 'NONE', #8747 ) ;
#10614 = DIRECTION ( 'NONE',  ( 0.000000000000000000, -1.000000000000000000, 0.000000000000000000 ) ) ;
#10615 = ADVANCED_FACE ( 'NONE', ( #11604 ), #8395, .T. ) ;
#10616 = EDGE_LOOP ( 'NONE', ( #1898, #4378, #2402, #8361 ) ) ;
#10617 = FACE_OUTER_BOUND ( 'NONE', #3650, .T. ) ;
#10618 = PLANE ( 'NONE',  #3387 ) ;
#10619 = DIRECTION ( 'NONE',  ( 0.8660254037844394848, 0.4999999999999984457, 0.000000000000000000 ) ) ;
#10620 = CARTESIAN_POINT ( 'NONE',  ( -12.85000000000001918, 19.72168783648703894, 0.4500000000000000111 ) ) ;
#10621 = DIRECTION ( 'NONE',  ( -0.4999999999999985012, 0.8660254037844395958, 0.000000000000000000 ) ) ;
#10622 = EDGE_CURVE ( 'NONE', #12239, #1701, #4862, .T. ) ;
#10623 = ORIENTED_EDGE ( 'NONE', *, *, #919, .T. ) ;
#10624 = EDGE_CURVE ( 'NONE', #7600, #4601, #6768, .T. ) ;
#10625 = VECTOR ( 'NONE', #9167, 1000.000000000000000 ) ;
#10626 = EDGE_CURVE ( 'NONE', #5162, #6215, #3915, .T. ) ;
#10627 = DIRECTION ( 'NONE',  ( 0.4999999999999985012, 0.8660254037844395958, 0.000000000000000000 ) ) ;
#10628 = CARTESIAN_POINT ( 'NONE',  ( -35.94999999999998863, 23.99407982849027832, 0.4500000000000000111 ) ) ;
#10629 = VERTEX_POINT ( 'NONE', #10711 ) ;
#10630 = CARTESIAN_POINT ( 'NONE',  ( -36.34999999999998010, 23.30125950546274538, 0.4500000000000000111 ) ) ;
#10631 = ORIENTED_EDGE ( 'NONE', *, *, #11185, .F. ) ;
#10632 = DIRECTION ( 'NONE',  ( 0.000000000000000000, -1.000000000000000000, 0.000000000000000000 ) ) ;
#10633 = ORIENTED_EDGE ( 'NONE', *, *, #11822, .T. ) ;
#10634 = AXIS2_PLACEMENT_3D ( 'NONE', #3035, #11801, #7791 ) ;
#10635 = ADVANCED_FACE ( 'NONE', ( #2327 ), #9897, .T. ) ;
#10636 = ADVANCED_FACE ( 'NONE', ( #8944 ), #4103, .T. ) ;
#10637 = DIRECTION ( 'NONE',  ( 0.000000000000000000, 1.000000000000000000, 0.000000000000000000 ) ) ;
#10638 = CIRCLE ( 'NONE', #2326, 3.999999999999996447 ) ;
#10639 = DIRECTION ( 'NONE',  ( 0.8660254037844387076, 0.4999999999999997224, 0.000000000000000000 ) ) ;
#10640 = DIRECTION ( 'NONE',  ( -0.4999999999999997224, -0.8660254037844388186, 0.000000000000000000 ) ) ;
#10641 = LINE ( 'NONE', #9687, #4181 ) ;
#10642 = ORIENTED_EDGE ( 'NONE', *, *, #532, .F. ) ;
#10643 = DIRECTION ( 'NONE',  ( 9.614813431917789401E-15, 1.000000000000000000, 0.000000000000000000 ) ) ;
#10644 = VECTOR ( 'NONE', #7571, 1000.000000000000000 ) ;
#10645 = ORIENTED_EDGE ( 'NONE', *, *, #4326, .F. ) ;
#10646 = LINE ( 'NONE', #1947, #996 ) ;
#10647 = VECTOR ( 'NONE', #2595, 1000.000000000000000 ) ;
#10648 = DIRECTION ( 'NONE',  ( -0.8660254037844393737, 0.4999999999999985012, 0.000000000000000000 ) ) ;
#10649 = VERTEX_POINT ( 'NONE', #3153 ) ;
#10650 = CARTESIAN_POINT ( 'NONE',  ( 32.64999999999999147, 18.27831216351297527, 0.4500000000000000111 ) ) ;
#10651 = ORIENTED_EDGE ( 'NONE', *, *, #11703, .F. ) ;
#10652 = VECTOR ( 'NONE', #319, 1000.000000000000114 ) ;
#10653 = LINE ( 'NONE', #10714, #2278 ) ;
#10654 = DIRECTION ( 'NONE',  ( 9.614813431917789401E-15, 1.000000000000000000, 0.000000000000000000 ) ) ;
#10655 = EDGE_CURVE ( 'NONE', #5149, #3619, #239, .T. ) ;
#10656 = PLANE ( 'NONE',  #458 ) ;
#10657 = DIRECTION ( 'NONE',  ( 0.000000000000000000, 0.000000000000000000, -1.000000000000000000 ) ) ;
#10658 = CARTESIAN_POINT ( 'NONE',  ( -26.04999999999999716, 18.27831216351297527, 0.000000000000000000 ) ) ;
#10659 = LINE ( 'NONE', #1959, #6006 ) ;
#10660 = VERTEX_POINT ( 'NONE', #11919 ) ;
#10661 = VERTEX_POINT ( 'NONE', #12038 ) ;
#10662 = PLANE ( 'NONE',  #12550 ) ;
#10663 = VECTOR ( 'NONE', #2874, 1000.000000000000000 ) ;
#10664 = ORIENTED_EDGE ( 'NONE', *, *, #10374, .T. ) ;
#10665 = VECTOR ( 'NONE', #449, 1000.000000000000114 ) ;
#10666 = ORIENTED_EDGE ( 'NONE', *, *, #2418, .T. ) ;
#10667 = ORIENTED_EDGE ( 'NONE', *, *, #7342, .F. ) ;
#10668 = CARTESIAN_POINT ( 'NONE',  ( -26.05000000000001137, 25.43745550146433843, 0.4500000000000000111 ) ) ;
#10669 = CARTESIAN_POINT ( 'NONE',  ( 36.76723304979909557, 20.65539777313091818, 0.4500000000000000111 ) ) ;
#10670 = EDGE_CURVE ( 'NONE', #2601, #11368, #5124, .T. ) ;
#10671 = VECTOR ( 'NONE', #11349, 1000.000000000000000 ) ;
#10672 = DIRECTION ( 'NONE',  ( 0.8660254037844383745, -0.5000000000000003331, 0.000000000000000000 ) ) ;
#10673 = DIRECTION ( 'NONE',  ( -0.8660254037844393737, 0.4999999999999985012, 0.000000000000000000 ) ) ;
#10674 = ORIENTED_EDGE ( 'NONE', *, *, #1128, .F. ) ;
#10675 = DIRECTION ( 'NONE',  ( 0.000000000000000000, 0.000000000000000000, -1.000000000000000000 ) ) ;
#10676 = CARTESIAN_POINT ( 'NONE',  ( -31.00000000000000711, 22.57957166897569223, 0.4500000000000000111 ) ) ;
#10677 = ORIENTED_EDGE ( 'NONE', *, *, #11667, .F. ) ;
#10678 = ORIENTED_EDGE ( 'NONE', *, *, #1922, .F. ) ;
#10679 = CARTESIAN_POINT ( 'NONE',  ( 16.54999999999999005, 23.30125950546273828, 0.000000000000000000 ) ) ;
#10680 = DIRECTION ( 'NONE',  ( 0.8660254037844383745, -0.5000000000000003331, 0.000000000000000000 ) ) ;
#10681 = DIRECTION ( 'NONE',  ( 0.000000000000000000, 0.000000000000000000, -1.000000000000000000 ) ) ;
#10682 = DIRECTION ( 'NONE',  ( 0.000000000000000000, -1.000000000000000000, 0.000000000000000000 ) ) ;
#10683 = EDGE_CURVE ( 'NONE', #3400, #8399, #10018, .T. ) ;
#10684 = FACE_OUTER_BOUND ( 'NONE', #10786, .T. ) ;
#10685 = APPLICATION_PROTOCOL_DEFINITION ( 'international standard', 'config_control_design', 1994, #799 ) ;
#10686 = ORIENTED_EDGE ( 'NONE', *, *, #8556, .F. ) ;
#10687 = CARTESIAN_POINT ( 'NONE',  ( -16.15000000000000568, 18.27831216351297172, 0.4500000000000000111 ) ) ;
#10688 = CARTESIAN_POINT ( 'NONE',  ( -19.84999999999998721, 23.30125950546273828, 0.000000000000000000 ) ) ;
#10689 = ORIENTED_EDGE ( 'NONE', *, *, #9632, .F. ) ;
#10690 = CARTESIAN_POINT ( 'NONE',  ( 18.47564434701790503, 25.99999999999999645, 0.000000000000000000 ) ) ;
#10691 = EDGE_LOOP ( 'NONE', ( #5775, #9000, #588, #9598 ) ) ;
#10692 = ORIENTED_EDGE ( 'NONE', *, *, #2952, .F. ) ;
#10693 = LINE ( 'NONE', #1995, #1100 ) ;
#10694 = EDGE_CURVE ( 'NONE', #1635, #8715, #8107, .T. ) ;
#10695 = AXIS2_PLACEMENT_3D ( 'NONE', #1362, #11201, #12215 ) ;
#10696 = FACE_OUTER_BOUND ( 'NONE', #8704, .T. ) ;
#10697 = ORIENTED_EDGE ( 'NONE', *, *, #4898, .T. ) ;
#10698 = DIRECTION ( 'NONE',  ( 1.000000000000000000, 0.000000000000000000, 0.000000000000000000 ) ) ;
#10699 = VECTOR ( 'NONE', #7531, 1000.000000000000000 ) ;
#10700 = EDGE_CURVE ( 'NONE', #11486, #8052, #3275, .T. ) ;
#10701 = CARTESIAN_POINT ( 'NONE',  ( -7.049999999999990052, 19.72168783648704959, 0.000000000000000000 ) ) ;
#10702 = CARTESIAN_POINT ( 'NONE',  ( -18.19999999999999574, 17.55662432702593989, 0.4500000000000000111 ) ) ;
#10703 = EDGE_CURVE ( 'NONE', #33, #11057, #175, .T. ) ;
#10704 = PLANE ( 'NONE',  #10463 ) ;
#10705 = VERTEX_POINT ( 'NONE', #4166 ) ;
#10706 = CARTESIAN_POINT ( 'NONE',  ( -28.09999999999998010, 20.44337567297409208, 0.000000000000000000 ) ) ;
#10707 = VERTEX_POINT ( 'NONE', #7031 ) ;
#10708 = CARTESIAN_POINT ( 'NONE',  ( -14.90000000000000036, 17.55662432702593989, 0.4500000000000000111 ) ) ;
#10709 = PLANE ( 'NONE',  #1684 ) ;
#10710 = ORIENTED_EDGE ( 'NONE', *, *, #2187, .F. ) ;
#10711 = CARTESIAN_POINT ( 'NONE',  ( 15.29999999999998295, 22.57957166897569934, 0.000000000000000000 ) ) ;
#10712 = ORIENTED_EDGE ( 'NONE', *, *, #6872, .F. ) ;
#10713 = VECTOR ( 'NONE', #5281, 1000.000000000000000 ) ;
#10714 = CARTESIAN_POINT ( 'NONE',  ( -31.12435565298205375, 25.99999999999999645, 0.4500000000000000111 ) ) ;
#10715 = FACE_OUTER_BOUND ( 'NONE', #6096, .T. ) ;
#10716 = CARTESIAN_POINT ( 'NONE',  ( -23.54999999999997584, 18.27831216351298238, 0.4500000000000000111 ) ) ;
#10717 = DIRECTION ( 'NONE',  ( -1.000000000000000000, 9.614813431917789401E-15, 0.000000000000000000 ) ) ;
#10718 = DIRECTION ( 'NONE',  ( 9.614813431917789401E-15, 1.000000000000000000, 0.000000000000000000 ) ) ;
#10719 = CARTESIAN_POINT ( 'NONE',  ( 32.99999999999999289, 18.00000000000000355, 0.4500000000000000111 ) ) ;
#10720 = ORIENTED_EDGE ( 'NONE', *, *, #4483, .F. ) ;
#10721 = EDGE_CURVE ( 'NONE', #7942, #6270, #8045, .T. ) ;
#10722 = ORIENTED_EDGE ( 'NONE', *, *, #11276, .T. ) ;
#10723 = ORIENTED_EDGE ( 'NONE', *, *, #1006, .F. ) ;
#10724 = CARTESIAN_POINT ( 'NONE',  ( -33.04999999999997584, 23.30125950546274183, 0.4500000000000000111 ) ) ;
#10725 = AXIS2_PLACEMENT_3D ( 'NONE', #5310, #9131, #10275 ) ;
#10726 = ORIENTED_EDGE ( 'NONE', *, *, #9029, .F. ) ;
#10727 = VERTEX_POINT ( 'NONE', #1316 ) ;
#10728 = ADVANCED_FACE ( 'NONE', ( #2267 ), #11981, .T. ) ;
#10729 = EDGE_LOOP ( 'NONE', ( #1612, #9475, #8942, #3416, #2379, #10137, #169 ) ) ;
#10730 = EDGE_CURVE ( 'NONE', #3395, #7226, #7154, .T. ) ;
#10731 = DIRECTION ( 'NONE',  ( 0.4999999999999985567, 0.8660254037844394848, 0.000000000000000000 ) ) ;
#10732 = PLANE ( 'NONE',  #9227 ) ;
#10733 = CARTESIAN_POINT ( 'NONE',  ( 21.89999999999997726, 22.57957166897569934, 0.000000000000000000 ) ) ;
#10734 = AXIS2_PLACEMENT_3D ( 'NONE', #10189, #3329, #7148 ) ;
#10735 = DIRECTION ( 'NONE',  ( 0.000000000000000000, 0.000000000000000000, -1.000000000000000000 ) ) ;
#10736 = ORIENTED_EDGE ( 'NONE', *, *, #6909, .F. ) ;
#10737 = CARTESIAN_POINT ( 'NONE',  ( 24.39999999999999858, 21.13619599600161791, 0.000000000000000000 ) ) ;
#10738 = FACE_OUTER_BOUND ( 'NONE', #6652, .T. ) ;
#10739 = VERTEX_POINT ( 'NONE', #11030 ) ;
#10740 = VERTEX_POINT ( 'NONE', #2140 ) ;
#10741 = AXIS2_PLACEMENT_3D ( 'NONE', #3311, #457, #11010 ) ;
#10742 = LINE ( 'NONE', #5910, #10795 ) ;
#10743 = CARTESIAN_POINT ( 'NONE',  ( -8.699999999999986855, 22.57957166897569579, 0.4500000000000000111 ) ) ;
#10744 = VECTOR ( 'NONE', #11252, 1000.000000000000000 ) ;
#10745 = CARTESIAN_POINT ( 'NONE',  ( -15.29999999999998295, 21.13619599600162502, 0.4500000000000000111 ) ) ;
#10746 = CARTESIAN_POINT ( 'NONE',  ( 18.59999999999998010, 21.13619599600162857, 0.000000000000000000 ) ) ;
#10747 = LINE ( 'NONE', #8015, #10663 ) ;
#10748 = ORIENTED_EDGE ( 'NONE', *, *, #11162, .F. ) ;
#10749 = CARTESIAN_POINT ( 'NONE',  ( -9.949999999999990408, 23.30125950546273117, 0.4500000000000000111 ) ) ;
#10750 = LINE ( 'NONE', #4905, #446 ) ;
#10751 = VERTEX_POINT ( 'NONE', #357 ) ;
#10752 = AXIS2_PLACEMENT_3D ( 'NONE', #2351, #8614, #7594 ) ;
#10753 = DIRECTION ( 'NONE',  ( 9.614813431917789401E-15, 1.000000000000000000, 0.000000000000000000 ) ) ;
#10754 = ORIENTED_EDGE ( 'NONE', *, *, #3396, .T. ) ;
#10755 = EDGE_CURVE ( 'NONE', #1554, #8389, #6204, .T. ) ;
#10756 = EDGE_CURVE ( 'NONE', #2381, #10970, #5242, .T. ) ;
#10757 = ORIENTED_EDGE ( 'NONE', *, *, #10755, .T. ) ;
#10758 = DIRECTION ( 'NONE',  ( 0.000000000000000000, 0.000000000000000000, -1.000000000000000000 ) ) ;
#10759 = CARTESIAN_POINT ( 'NONE',  ( 32.99999999999999289, 18.00000000000000355, 0.000000000000000000 ) ) ;
#10760 = EDGE_LOOP ( 'NONE', ( #8854, #6981, #10816, #5448 ) ) ;
#10761 = LINE ( 'NONE', #11018, #715 ) ;
#10762 = VECTOR ( 'NONE', #10081, 1000.000000000000114 ) ;
#10763 = LINE ( 'NONE', #10701, #6241 ) ;
#10764 = DIRECTION ( 'NONE',  ( 0.8660254037844393737, 0.4999999999999985012, 0.000000000000000000 ) ) ;
#10765 = EDGE_CURVE ( 'NONE', #7418, #6307, #11094, .T. ) ;
#10766 = DIRECTION ( 'NONE',  ( 0.000000000000000000, 0.000000000000000000, -1.000000000000000000 ) ) ;
#10767 = ORIENTED_EDGE ( 'NONE', *, *, #2158, .T. ) ;
#10768 = DIRECTION ( 'NONE',  ( 0.8660254037844394848, 0.4999999999999984457, 0.000000000000000000 ) ) ;
#10769 = ORIENTED_EDGE ( 'NONE', *, *, #6230, .F. ) ;
#10770 = PLANE ( 'NONE',  #11541 ) ;
#10771 = EDGE_CURVE ( 'NONE', #11580, #12019, #5061, .T. ) ;
#10772 = DIRECTION ( 'NONE',  ( -0.4999999999999985012, 0.8660254037844395958, 0.000000000000000000 ) ) ;
#10773 = VERTEX_POINT ( 'NONE', #11793 ) ;
#10774 = EDGE_CURVE ( 'NONE', #8938, #9736, #3087, .T. ) ;
#10775 = CARTESIAN_POINT ( 'NONE',  ( -29.34999999999999432, 23.99407982849027476, 0.4500000000000000111 ) ) ;
#10776 = ORIENTED_EDGE ( 'NONE', *, *, #1662, .F. ) ;
#10777 = EDGE_CURVE ( 'NONE', #7493, #10293, #11281, .T. ) ;
#10778 = PLANE ( 'NONE',  #3486 ) ;
#10779 = FACE_OUTER_BOUND ( 'NONE', #9869, .T. ) ;
#10780 = CARTESIAN_POINT ( 'NONE',  ( 24.39999999999999858, 21.13619599600161791, 0.4500000000000000111 ) ) ;
#10781 = CARTESIAN_POINT ( 'NONE',  ( -21.10000000000001563, 22.57957166897569223, 0.000000000000000000 ) ) ;
#10782 = PLANE ( 'NONE',  #6506 ) ;
#10783 = DIRECTION ( 'NONE',  ( 0.000000000000000000, 0.000000000000000000, -1.000000000000000000 ) ) ;
#10784 = ORIENTED_EDGE ( 'NONE', *, *, #11814, .T. ) ;
#10785 = EDGE_CURVE ( 'NONE', #503, #10403, #7339, .T. ) ;
#10786 = EDGE_LOOP ( 'NONE', ( #1209, #1390, #10459, #5897 ) ) ;
#10787 = VERTEX_POINT ( 'NONE', #10389 ) ;
#10788 = PLANE ( 'NONE',  #3226 ) ;
#10789 = ORIENTED_EDGE ( 'NONE', *, *, #534, .T. ) ;
#10790 = EDGE_LOOP ( 'NONE', ( #7371, #2014, #7344, #10256, #2979, #3223, #6481 ) ) ;
#10791 = ORIENTED_EDGE ( 'NONE', *, *, #570, .F. ) ;
#10792 = EDGE_CURVE ( 'NONE', #5218, #7463, #550, .T. ) ;
#10793 = DIRECTION ( 'NONE',  ( 0.000000000000000000, 0.000000000000000000, 1.000000000000000000 ) ) ;
#10794 = CARTESIAN_POINT ( 'NONE',  ( -25.19999999999997442, 21.13619599600163212, 0.000000000000000000 ) ) ;
#10795 = VECTOR ( 'NONE', #12, 1000.000000000000000 ) ;
#10796 = DIRECTION ( 'NONE',  ( 0.000000000000000000, 0.000000000000000000, -1.000000000000000000 ) ) ;
#10797 = LINE ( 'NONE', #2097, #4777 ) ;
#10798 = ORIENTED_EDGE ( 'NONE', *, *, #2384, .F. ) ;
#10799 = CARTESIAN_POINT ( 'NONE',  ( -20.24999999999997513, 23.99407982849027476, 0.4500000000000000111 ) ) ;
#10800 = CARTESIAN_POINT ( 'NONE',  ( 18.59999999999998010, 22.57957166897570289, 0.000000000000000000 ) ) ;
#10801 = ORIENTED_EDGE ( 'NONE', *, *, #7044, .T. ) ;
#10802 = EDGE_CURVE ( 'NONE', #4672, #10076, #9444, .T. ) ;
#10803 = AXIS2_PLACEMENT_3D ( 'NONE', #243, #7981, #5127 ) ;
#10804 = ORIENTED_EDGE ( 'NONE', *, *, #5881, .F. ) ;
#10805 = CARTESIAN_POINT ( 'NONE',  ( -29.34999999999999432, 18.27831216351297527, 0.4500000000000000111 ) ) ;
#10806 = PLANE ( 'NONE',  #2781 ) ;
#10807 = LINE ( 'NONE', #8013, #1124 ) ;
#10808 = PLANE ( 'NONE',  #12465 ) ;
#10809 = DIRECTION ( 'NONE',  ( 0.8660254037844394848, 0.4999999999999984457, 0.000000000000000000 ) ) ;
#10810 = ORIENTED_EDGE ( 'NONE', *, *, #1388, .T. ) ;
#10811 = CARTESIAN_POINT ( 'NONE',  ( 7.900000000000007461, 21.13619599600161436, 0.000000000000000000 ) ) ;
#10812 = DIRECTION ( 'NONE',  ( 0.8660254037844383745, -0.5000000000000003331, 0.000000000000000000 ) ) ;
#10813 = ORIENTED_EDGE ( 'NONE', *, *, #3334, .T. ) ;
#10814 = DIRECTION ( 'NONE',  ( -0.5000000000000004441, -0.8660254037844384856, 0.000000000000000000 ) ) ;
#10815 = ORIENTED_EDGE ( 'NONE', *, *, #8363, .T. ) ;
#10816 = ORIENTED_EDGE ( 'NONE', *, *, #9749, .F. ) ;
#10817 = PLANE ( 'NONE',  #6374 ) ;
#10818 = CARTESIAN_POINT ( 'NONE',  ( 9.999999999999996447, 22.00000000000000355, 0.000000000000000000 ) ) ;
#10819 = VERTEX_POINT ( 'NONE', #9185 ) ;
#10820 = VECTOR ( 'NONE', #7807, 1000.000000000000000 ) ;
#10821 = DIRECTION ( 'NONE',  ( -0.8660254037844394848, -0.4999999999999985012, 0.000000000000000000 ) ) ;
#10822 = EDGE_CURVE ( 'NONE', #8234, #8841, #1501, .T. ) ;
#10823 = DIRECTION ( 'NONE',  ( 0.000000000000000000, 0.000000000000000000, -1.000000000000000000 ) ) ;
#10824 = FACE_OUTER_BOUND ( 'NONE', #12317, .T. ) ;
#10825 = LINE ( 'NONE', #8099, #537 ) ;
#10826 = ORIENTED_EDGE ( 'NONE', *, *, #5480, .T. ) ;
#10827 = VECTOR ( 'NONE', #1591, 1000.000000000000000 ) ;
#10828 = DIRECTION ( 'NONE',  ( 1.000000000000000000, 9.614813431917789401E-15, 0.000000000000000000 ) ) ;
#10829 = ORIENTED_EDGE ( 'NONE', *, *, #3735, .T. ) ;
#10830 = EDGE_CURVE ( 'NONE', #3759, #3224, #4478, .T. ) ;
#10831 = DIRECTION ( 'NONE',  ( -0.8660254037844393737, 0.4999999999999985012, 0.000000000000000000 ) ) ;
#10832 = AXIS2_PLACEMENT_3D ( 'NONE', #3261, #7385, #2370 ) ;
#10833 = VECTOR ( 'NONE', #1134, 1000.000000000000000 ) ;
#10834 = DIRECTION ( 'NONE',  ( 0.5000000000000004441, -0.8660254037844384856, 0.000000000000000000 ) ) ;
#10835 = ORIENTED_EDGE ( 'NONE', *, *, #11932, .F. ) ;
#10836 = VECTOR ( 'NONE', #10095, 1000.000000000000000 ) ;
#10837 = CARTESIAN_POINT ( 'NONE',  ( -26.05000000000001137, 19.72168783648704604, 0.000000000000000000 ) ) ;
#10838 = VERTEX_POINT ( 'NONE', #6262 ) ;
#10839 = DIRECTION ( 'NONE',  ( -1.000000000000000000, 0.000000000000000000, 0.000000000000000000 ) ) ;
#10840 = CARTESIAN_POINT ( 'NONE',  ( -20.24999999999998224, 18.27831216351297883, 0.000000000000000000 ) ) ;
#10841 = LINE ( 'NONE', #6148, #5728 ) ;
#10842 = CARTESIAN_POINT ( 'NONE',  ( -18.96794919243111721, 18.00000000000000355, 0.4500000000000000111 ) ) ;
#10843 = CARTESIAN_POINT ( 'NONE',  ( -21.49999999999999289, 23.27239199200323583, 0.4500000000000000111 ) ) ;
#10844 = VECTOR ( 'NONE', #5349, 1000.000000000000000 ) ;
#10845 = CARTESIAN_POINT ( 'NONE',  ( -19.84999999999998721, 23.30125950546273828, 0.000000000000000000 ) ) ;
#10846 = ORIENTED_EDGE ( 'NONE', *, *, #5711, .T. ) ;
#10847 = EDGE_CURVE ( 'NONE', #9133, #57, #11402, .T. ) ;
#10848 = AXIS2_PLACEMENT_3D ( 'NONE', #10378, #536, #729 ) ;
#10849 = EDGE_LOOP ( 'NONE', ( #3488, #8435, #5811, #4119 ) ) ;
#10850 = LINE ( 'NONE', #5135, #2220 ) ;
#10851 = ORIENTED_EDGE ( 'NONE', *, *, #3864, .T. ) ;
#10852 = VECTOR ( 'NONE', #2487, 1000.000000000000000 ) ;
#10853 = EDGE_LOOP ( 'NONE', ( #11963, #12358, #10291, #7230 ) ) ;
#10854 = VECTOR ( 'NONE', #9927, 1000.000000000000000 ) ;
#10855 = EDGE_CURVE ( 'NONE', #11904, #6948, #1572, .T. ) ;
#10856 = ORIENTED_EDGE ( 'NONE', *, *, #1470, .F. ) ;
#10857 = EDGE_CURVE ( 'NONE', #7632, #4941, #12106, .T. ) ;
#10858 = AXIS2_PLACEMENT_3D ( 'NONE', #6444, #5352, #8348 ) ;
#10859 = LINE ( 'NONE', #374, #2758 ) ;
#10860 = LINE ( 'NONE', #195, #2521 ) ;
#10861 = LINE ( 'NONE', #11565, #10210 ) ;
#10862 = EDGE_CURVE ( 'NONE', #5712, #4219, #6390, .T. ) ;
#10863 = DIRECTION ( 'NONE',  ( -0.8660254037844393737, -0.4999999999999985012, 0.000000000000000000 ) ) ;
#10864 = ORIENTED_EDGE ( 'NONE', *, *, #6899, .F. ) ;
#10865 = PLANE ( 'NONE',  #3442 ) ;
#10866 = VECTOR ( 'NONE', #646, 1000.000000000000000 ) ;
#10867 = LINE ( 'NONE', #4127, #370 ) ;
#10868 = EDGE_CURVE ( 'NONE', #10773, #3118, #12167, .T. ) ;
#10869 = EDGE_CURVE ( 'NONE', #2488, #7970, #478, .T. ) ;
#10870 = VERTEX_POINT ( 'NONE', #10194 ) ;
#10871 = EDGE_CURVE ( 'NONE', #630, #10613, #7530, .T. ) ;
#10872 = AXIS2_PLACEMENT_3D ( 'NONE', #2288, #9025, #6345 ) ;
#10873 = EDGE_LOOP ( 'NONE', ( #9166, #4803, #657, #4472 ) ) ;
#10874 = DIRECTION ( 'NONE',  ( 0.000000000000000000, -1.000000000000000000, 0.000000000000000000 ) ) ;
#10875 = VECTOR ( 'NONE', #2742, 1000.000000000000000 ) ;
#10876 = CARTESIAN_POINT ( 'NONE',  ( 7.049999999999986500, 25.43745550146434553, 0.4500000000000000111 ) ) ;
#10877 = VECTOR ( 'NONE', #3096, 1000.000000000000000 ) ;
#10878 = CARTESIAN_POINT ( 'NONE',  ( -28.49999999999997158, 22.57957166897570644, 0.4500000000000000111 ) ) ;
#10879 = AXIS2_PLACEMENT_3D ( 'NONE', #1876, #1044, #4789 ) ;
#10880 = DIRECTION ( 'NONE',  ( -1.000000000000000000, 0.000000000000000000, 0.000000000000000000 ) ) ;
#10881 = CARTESIAN_POINT ( 'NONE',  ( 31.39999999999998437, 23.27239199200324293, 0.4500000000000000111 ) ) ;
#10882 = CALENDAR_DATE ( 2026, 4, 4 ) ;
#10883 = ORIENTED_EDGE ( 'NONE', *, *, #153, .T. ) ;
#10884 = DIRECTION ( 'NONE',  ( 0.000000000000000000, 0.000000000000000000, -1.000000000000000000 ) ) ;
#10885 = CARTESIAN_POINT ( 'NONE',  ( 34.29999999999999005, 21.13619599600162502, 0.000000000000000000 ) ) ;
#10886 = ORIENTED_EDGE ( 'NONE', *, *, #5798, .F. ) ;
#10887 = VECTOR ( 'NONE', #10901, 1000.000000000000114 ) ;
#10888 = CARTESIAN_POINT ( 'NONE',  ( -18.59999999999998010, 22.57957166897570289, 0.000000000000000000 ) ) ;
#10889 = ADVANCED_FACE ( 'NONE', ( #1436 ), #11344, .T. ) ;
#10890 = VERTEX_POINT ( 'NONE', #4348 ) ;
#10891 = ORIENTED_EDGE ( 'NONE', *, *, #9045, .F. ) ;
#10892 = VERTEX_POINT ( 'NONE', #10327 ) ;
#10893 = CARTESIAN_POINT ( 'NONE',  ( 8.699999999999986855, 22.57957166897569579, 0.4500000000000000111 ) ) ;
#10894 = LINE ( 'NONE', #8928, #6442 ) ;
#10895 = ORIENTED_EDGE ( 'NONE', *, *, #6922, .F. ) ;
#10896 = EDGE_CURVE ( 'NONE', #1270, #9188, #5496, .T. ) ;
#10897 = EDGE_CURVE ( 'NONE', #11544, #10739, #8233, .T. ) ;
#10898 = DIRECTION ( 'NONE',  ( 0.8660254037844393737, 0.4999999999999985012, 0.000000000000000000 ) ) ;
#10899 = CARTESIAN_POINT ( 'NONE',  ( -29.34999999999999432, 23.99407982849027476, 0.4500000000000000111 ) ) ;
#10900 = DIRECTION ( 'NONE',  ( 0.8660254037844394848, -0.4999999999999985012, 0.000000000000000000 ) ) ;
#10901 = DIRECTION ( 'NONE',  ( 0.8660254037844383745, -0.5000000000000003331, 0.000000000000000000 ) ) ;
#10902 = ORIENTED_EDGE ( 'NONE', *, *, #5270, .F. ) ;
#10903 = CARTESIAN_POINT ( 'NONE',  ( 0.000000000000000000, 28.50000000000000355, 0.000000000000000000 ) ) ;
#10904 = AXIS2_PLACEMENT_3D ( 'NONE', #2441, #7330, #3390 ) ;
#10905 = VERTEX_POINT ( 'NONE', #3402 ) ;
#10906 = VECTOR ( 'NONE', #3509, 1000.000000000000000 ) ;
#10907 = VECTOR ( 'NONE', #11738, 1000.000000000000000 ) ;
#10908 = CARTESIAN_POINT ( 'NONE',  ( -9.950000000000002842, 20.41450815951458253, 0.000000000000000000 ) ) ;
#10909 = ORIENTED_EDGE ( 'NONE', *, *, #5313, .T. ) ;
#10910 = EDGE_CURVE ( 'NONE', #6721, #6215, #4540, .T. ) ;
#10911 = DIRECTION ( 'NONE',  ( 9.614813431917789401E-15, 1.000000000000000000, 0.000000000000000000 ) ) ;
#10912 = EDGE_LOOP ( 'NONE', ( #9300, #10631, #6205, #8118 ) ) ;
#10913 = DIRECTION ( 'NONE',  ( -1.000000000000000000, 0.000000000000000000, 0.000000000000000000 ) ) ;
#10914 = VECTOR ( 'NONE', #7399, 1000.000000000000000 ) ;
#10915 = PLANE ( 'NONE',  #10803 ) ;
#10916 = DIRECTION ( 'NONE',  ( 0.000000000000000000, 0.000000000000000000, -1.000000000000000000 ) ) ;
#10917 = CARTESIAN_POINT ( 'NONE',  ( -19.45000000000001705, 19.72168783648704249, 0.000000000000000000 ) ) ;
#10918 = CARTESIAN_POINT ( 'NONE',  ( -14.89999999999999680, 23.27239199200323228, 0.4500000000000000111 ) ) ;
#10919 = ORIENTED_EDGE ( 'NONE', *, *, #9996, .F. ) ;
#10920 = ORIENTED_EDGE ( 'NONE', *, *, #5005, .F. ) ;
#10921 = FACE_OUTER_BOUND ( 'NONE', #2171, .T. ) ;
#10922 = VERTEX_POINT ( 'NONE', #11152 ) ;
#10923 = EDGE_CURVE ( 'NONE', #10603, #4718, #12296, .T. ) ;
#10924 = ADVANCED_FACE ( 'NONE', ( #8732 ), #862, .T. ) ;
#10925 = ORIENTED_EDGE ( 'NONE', *, *, #9388, .T. ) ;
#10926 = EDGE_LOOP ( 'NONE', ( #7211, #1997, #7986, #1308 ) ) ;
#10927 = CARTESIAN_POINT ( 'NONE',  ( 29.34999999999999432, 18.27831216351297527, 0.000000000000000000 ) ) ;
#10928 = CARTESIAN_POINT ( 'NONE',  ( -16.94999999999998153, 23.99407982849027832, 0.4500000000000000111 ) ) ;
#10929 = ADVANCED_FACE ( 'NONE', ( #11591 ), #4914, .F. ) ;
#10930 = FACE_OUTER_BOUND ( 'NONE', #2417, .T. ) ;
#10931 = CARTESIAN_POINT ( 'NONE',  ( 18.19999999999999574, 23.27239199200323938, 0.000000000000000000 ) ) ;
#10932 = CARTESIAN_POINT ( 'NONE',  ( 35.94999999999999574, 24.70138853184801775, 0.000000000000000000 ) ) ;
#10933 = ORIENTED_EDGE ( 'NONE', *, *, #7473, .T. ) ;
#10934 = VECTOR ( 'NONE', #1596, 1000.000000000000000 ) ;
#10935 = CARTESIAN_POINT ( 'NONE',  ( 35.94999999999998863, 23.99407982849027832, 0.000000000000000000 ) ) ;
#10936 = EDGE_CURVE ( 'NONE', #7321, #3619, #803, .T. ) ;
#10937 = CARTESIAN_POINT ( 'NONE',  ( 18.59999999999998010, 21.13619599600162857, 0.000000000000000000 ) ) ;
#10938 = VERTEX_POINT ( 'NONE', #7842 ) ;
#10939 = VERTEX_POINT ( 'NONE', #3904 ) ;
#10940 = CARTESIAN_POINT ( 'NONE',  ( 11.32435565298208324, 25.99999999999999645, 0.4500000000000000111 ) ) ;
#10941 = EDGE_CURVE ( 'NONE', #2123, #11043, #7586, .T. ) ;
#10942 = LINE ( 'NONE', #5150, #4742 ) ;
#10943 = DIRECTION ( 'NONE',  ( 0.8660254037844394848, -0.4999999999999985012, 0.000000000000000000 ) ) ;
#10944 = EDGE_CURVE ( 'NONE', #11023, #2449, #2887, .T. ) ;
#10945 = VECTOR ( 'NONE', #1447, 1000.000000000000000 ) ;
#10946 = CARTESIAN_POINT ( 'NONE',  ( 33.44999999999996732, 23.99407982849028542, 0.000000000000000000 ) ) ;
#10947 = DIRECTION ( 'NONE',  ( 0.000000000000000000, -1.000000000000000000, 0.000000000000000000 ) ) ;
#10948 = EDGE_LOOP ( 'NONE', ( #8147, #339, #2850, #5934 ) ) ;
#10949 = PLANE ( 'NONE',  #9731 ) ;
#10950 = DIRECTION ( 'NONE',  ( 0.000000000000000000, 0.000000000000000000, -1.000000000000000000 ) ) ;
#10951 = LINE ( 'NONE', #5037, #9119 ) ;
#10952 = VECTOR ( 'NONE', #4096, 1000.000000000000000 ) ;
#10953 = VERTEX_POINT ( 'NONE', #918 ) ;
#10954 = ORIENTED_EDGE ( 'NONE', *, *, #10730, .T. ) ;
#10955 = VECTOR ( 'NONE', #10510, 1000.000000000000114 ) ;
#10956 = ORIENTED_EDGE ( 'NONE', *, *, #1557, .T. ) ;
#10957 = FACE_OUTER_BOUND ( 'NONE', #10148, .T. ) ;
#10958 = CARTESIAN_POINT ( 'NONE',  ( 10.34999999999998366, 25.43745550146434553, 0.4500000000000000111 ) ) ;
#10959 = ORIENTED_EDGE ( 'NONE', *, *, #7380, .F. ) ;
#10960 = FACE_OUTER_BOUND ( 'NONE', #9912, .T. ) ;
#10961 = ADVANCED_FACE ( 'NONE', ( #12539 ), #2953, .T. ) ;
#10962 = AXIS2_PLACEMENT_3D ( 'NONE', #7055, #3297, #11818 ) ;
#10963 = DIRECTION ( 'NONE',  ( -0.8660254037844383745, -0.5000000000000003331, 0.000000000000000000 ) ) ;
#10964 = PLANE ( 'NONE',  #2859 ) ;
#10965 = DIRECTION ( 'NONE',  ( -0.8660254037844394848, -0.4999999999999985012, 0.000000000000000000 ) ) ;
#10966 = ORIENTED_EDGE ( 'NONE', *, *, #4653, .F. ) ;
#10967 = CARTESIAN_POINT ( 'NONE',  ( 24.40000000000001279, 22.57957166897568868, 0.4500000000000000111 ) ) ;
#10968 = ORIENTED_EDGE ( 'NONE', *, *, #1986, .T. ) ;
#10969 = DIRECTION ( 'NONE',  ( 0.8660254037844394848, 0.4999999999999984457, 0.000000000000000000 ) ) ;
#10970 = VERTEX_POINT ( 'NONE', #1939 ) ;
#10971 = VECTOR ( 'NONE', #3594, 1000.000000000000000 ) ;
#10972 = DIRECTION ( 'NONE',  ( 0.000000000000000000, 0.000000000000000000, -1.000000000000000000 ) ) ;
#10973 = ORIENTED_EDGE ( 'NONE', *, *, #7621, .F. ) ;
#10974 = LINE ( 'NONE', #5126, #1735 ) ;
#10975 = FACE_OUTER_BOUND ( 'NONE', #2868, .T. ) ;
#10976 = DIRECTION ( 'NONE',  ( -0.8660254037844393737, 0.4999999999999985012, 0.000000000000000000 ) ) ;
#10977 = CARTESIAN_POINT ( 'NONE',  ( -21.10000000000001563, 22.57957166897569223, 0.4500000000000000111 ) ) ;
#10978 = CARTESIAN_POINT ( 'NONE',  ( -26.05000000000001137, 19.72168783648704604, 0.4500000000000000111 ) ) ;
#10979 = EDGE_LOOP ( 'NONE', ( #4514, #8740, #10045, #9078 ) ) ;
#10980 = VECTOR ( 'NONE', #286, 1000.000000000000000 ) ;
#10981 = ORIENTED_EDGE ( 'NONE', *, *, #6324, .T. ) ;
#10982 = LINE ( 'NONE', #7991, #11136 ) ;
#10983 = ORIENTED_EDGE ( 'NONE', *, *, #11693, .T. ) ;
#10984 = ORIENTED_EDGE ( 'NONE', *, *, #12100, .T. ) ;
#10985 = ORIENTED_EDGE ( 'NONE', *, *, #6499, .T. ) ;
#10986 = CARTESIAN_POINT ( 'NONE',  ( -14.50000000000001599, 22.57957166897568868, 0.000000000000000000 ) ) ;
#10987 = CARTESIAN_POINT ( 'NONE',  ( -16.15000000000000568, 18.27831216351297172, 0.000000000000000000 ) ) ;
#10988 = PLANE ( 'NONE',  #6545 ) ;
#10989 = PLANE ( 'NONE',  #5178 ) ;
#10990 = EDGE_CURVE ( 'NONE', #6219, #6590, #2826, .T. ) ;
#10991 = CARTESIAN_POINT ( 'NONE',  ( -14.50000000000001599, 22.57957166897568868, 0.4500000000000000111 ) ) ;
#10992 = ORIENTED_EDGE ( 'NONE', *, *, #4351, .T. ) ;
#10993 = LINE ( 'NONE', #9144, #617 ) ;
#10994 = DIRECTION ( 'NONE',  ( 0.8660254037844393737, 0.4999999999999985012, 0.000000000000000000 ) ) ;
#10995 = ORIENTED_EDGE ( 'NONE', *, *, #532, .T. ) ;
#10996 = ADVANCED_FACE ( 'NONE', ( #9748 ), #6698, .T. ) ;
#10997 = ORIENTED_EDGE ( 'NONE', *, *, #7694, .T. ) ;
#10998 = VECTOR ( 'NONE', #6932, 1000.000000000000000 ) ;
#10999 = CARTESIAN_POINT ( 'NONE',  ( -31.00000000000000711, 22.57957166897569223, 0.4500000000000000111 ) ) ;
#11000 = LINE ( 'NONE', #4384, #9855 ) ;
#11001 = AXIS2_PLACEMENT_3D ( 'NONE', #999, #1833, #2843 ) ;
#11002 = EDGE_CURVE ( 'NONE', #9091, #8938, #3840, .T. ) ;
#11003 = CARTESIAN_POINT ( 'NONE',  ( 7.049999999999990941, 19.29861146815199291, 0.4500000000000000111 ) ) ;
#11004 = CARTESIAN_POINT ( 'NONE',  ( -34.69999999999997442, 26.15914333795139513, 0.4500000000000000111 ) ) ;
#11005 = VERTEX_POINT ( 'NONE', #10575 ) ;
#11006 = CARTESIAN_POINT ( 'NONE',  ( 33.44999999999998153, 18.27831216351298238, 0.4500000000000000111 ) ) ;
#11007 = VECTOR ( 'NONE', #3273, 1000.000000000000000 ) ;
#11008 = LINE ( 'NONE', #6061, #10388 ) ;
#11009 = ADVANCED_FACE ( 'NONE', ( #8797 ), #1998, .T. ) ;
#11010 = DIRECTION ( 'NONE',  ( 0.8660254037844394848, 0.4999999999999984457, 0.000000000000000000 ) ) ;
#11011 = EDGE_LOOP ( 'NONE', ( #7355, #9348, #916, #713 ) ) ;
#11012 = ORIENTED_EDGE ( 'NONE', *, *, #5407, .T. ) ;
#11013 = ORIENTED_EDGE ( 'NONE', *, *, #307, .T. ) ;
#11014 = CARTESIAN_POINT ( 'NONE',  ( 20.24999999999998224, 19.72168783648705315, 0.4500000000000000111 ) ) ;
#11015 = CARTESIAN_POINT ( 'NONE',  ( -15.66794919243112005, 18.00000000000000355, 0.4500000000000000111 ) ) ;
#11016 = VERTEX_POINT ( 'NONE', #4848 ) ;
#11017 = ADVANCED_FACE ( 'NONE', ( #5802 ), #3711, .T. ) ;
#11018 = CARTESIAN_POINT ( 'NONE',  ( 24.79999999999998295, 20.44337567297409208, 0.000000000000000000 ) ) ;
#11019 = EDGE_CURVE ( 'NONE', #6760, #5596, #6639, .T. ) ;
#11020 = DIRECTION ( 'NONE',  ( -9.614813431917789401E-15, 1.000000000000000000, 0.000000000000000000 ) ) ;
#11021 = DIRECTION ( 'NONE',  ( 0.000000000000000000, 0.000000000000000000, -1.000000000000000000 ) ) ;
#11022 = LINE ( 'NONE', #8935, #3784 ) ;
#11023 = VERTEX_POINT ( 'NONE', #8673 ) ;
#11024 = CARTESIAN_POINT ( 'NONE',  ( 21.89999999999997726, 21.13619599600162502, 0.4500000000000000111 ) ) ;
#11025 = ORIENTED_EDGE ( 'NONE', *, *, #16, .T. ) ;
#11026 = ADVANCED_FACE ( 'NONE', ( #5620 ), #6576, .T. ) ;
#11027 = ADVANCED_FACE ( 'NONE', ( #7710 ), #10452, .T. ) ;
#11028 = DIRECTION ( 'NONE',  ( -1.000000000000000000, 0.000000000000000000, 0.000000000000000000 ) ) ;
#11029 = ORIENTED_EDGE ( 'NONE', *, *, #452, .F. ) ;
#11030 = CARTESIAN_POINT ( 'NONE',  ( -26.05000000000001137, 25.43745550146433843, 0.4500000000000000111 ) ) ;
#11031 = VERTEX_POINT ( 'NONE', #3140 ) ;
#11032 = VECTOR ( 'NONE', #255, 1000.000000000000114 ) ;
#11033 = LINE ( 'NONE', #4352, #2895 ) ;
#11034 = CARTESIAN_POINT ( 'NONE',  ( -18.19999999999999574, 23.27239199200323938, 0.4500000000000000111 ) ) ;
#11035 = LINE ( 'NONE', #2272, #10762 ) ;
#11036 = LINE ( 'NONE', #10918, #6803 ) ;
#11037 = ORIENTED_EDGE ( 'NONE', *, *, #11693, .F. ) ;
#11038 = VECTOR ( 'NONE', #7836, 1000.000000000000000 ) ;
#11039 = VERTEX_POINT ( 'NONE', #4089 ) ;
#11040 = CARTESIAN_POINT ( 'NONE',  ( 29.74999999999998934, 20.41450815951459319, 0.000000000000000000 ) ) ;
#11041 = ORIENTED_EDGE ( 'NONE', *, *, #6895, .T. ) ;
#11042 = ORIENTED_EDGE ( 'NONE', *, *, #5563, .F. ) ;
#11043 = VERTEX_POINT ( 'NONE', #5049 ) ;
#11044 = VECTOR ( 'NONE', #11448, 1000.000000000000114 ) ;
#11045 = ADVANCED_FACE ( 'NONE', ( #8865 ), #7081, .T. ) ;
#11046 = CARTESIAN_POINT ( 'NONE',  ( -34.69999999999998153, 20.44337567297409208, 0.4500000000000000111 ) ) ;
#11047 = CARTESIAN_POINT ( 'NONE',  ( -23.54999999999997584, 18.27831216351298238, 0.4500000000000000111 ) ) ;
#11048 = FACE_BOUND ( 'NONE', #7237, .T. ) ;
#11049 = VECTOR ( 'NONE', #7998, 1000.000000000000114 ) ;
#11050 = LINE ( 'NONE', #2471, #2133 ) ;
#11051 = FACE_OUTER_BOUND ( 'NONE', #11876, .T. ) ;
#11052 = EDGE_LOOP ( 'NONE', ( #1204, #9714, #8027, #9061 ) ) ;
#11053 = DIRECTION ( 'NONE',  ( 9.614813431917789401E-15, -1.000000000000000000, 0.000000000000000000 ) ) ;
#11054 = LINE ( 'NONE', #9146, #1197 ) ;
#11055 = EDGE_LOOP ( 'NONE', ( #12006, #289, #11169, #7039 ) ) ;
#11056 = AXIS2_PLACEMENT_3D ( 'NONE', #3264, #11908, #11969 ) ;
#11057 = VERTEX_POINT ( 'NONE', #5169 ) ;
#11058 = AXIS2_PLACEMENT_3D ( 'NONE', #12554, #3858, #7728 ) ;
#11059 = EDGE_CURVE ( 'NONE', #12422, #126, #6130, .T. ) ;
#11060 = CARTESIAN_POINT ( 'NONE',  ( 21.49999999999997868, 26.15914333795138447, 0.4500000000000000111 ) ) ;
#11061 = DIRECTION ( 'NONE',  ( 0.4999999999999985012, 0.8660254037844395958, 0.000000000000000000 ) ) ;
#11062 = CARTESIAN_POINT ( 'NONE',  ( 34.69999999999998153, 20.44337567297409208, 0.4500000000000000111 ) ) ;
#11063 = CARTESIAN_POINT ( 'NONE',  ( 26.44999999999999218, 20.41450815951459319, 0.4500000000000000111 ) ) ;
#11064 = VECTOR ( 'NONE', #1981, 1000.000000000000000 ) ;
#11065 = ORIENTED_EDGE ( 'NONE', *, *, #6640, .T. ) ;
#11066 = CARTESIAN_POINT ( 'NONE',  ( 32.99999999999999289, 22.00000000000000355, 0.4500000000000000111 ) ) ;
#11067 = CARTESIAN_POINT ( 'NONE',  ( 26.05000000000001137, 19.72168783648704604, 0.4500000000000000111 ) ) ;
#11068 = ADVANCED_FACE ( 'NONE', ( #6883 ), #1184, .T. ) ;
#11069 = EDGE_LOOP ( 'NONE', ( #9484, #7866, #344, #55 ) ) ;
#11070 = EDGE_LOOP ( 'NONE', ( #8224, #11680, #2912, #6509 ) ) ;
#11071 = CARTESIAN_POINT ( 'NONE',  ( 15.17564434701788834, 25.99999999999999645, 0.000000000000000000 ) ) ;
#11072 = VECTOR ( 'NONE', #8552, 1000.000000000000000 ) ;
#11073 = VECTOR ( 'NONE', #9337, 1000.000000000000114 ) ;
#11074 = VERTEX_POINT ( 'NONE', #162 ) ;
#11075 = CARTESIAN_POINT ( 'NONE',  ( 29.74999999999998934, 20.41450815951459319, 0.000000000000000000 ) ) ;
#11076 = VECTOR ( 'NONE', #1257, 1000.000000000000000 ) ;
#11077 = EDGE_CURVE ( 'NONE', #11031, #11350, #7141, .T. ) ;
#11078 = EDGE_CURVE ( 'NONE', #3414, #7119, #4215, .T. ) ;
#11079 = DIRECTION ( 'NONE',  ( 9.614813431917789401E-15, 1.000000000000000000, 0.000000000000000000 ) ) ;
#11080 = ORIENTED_EDGE ( 'NONE', *, *, #7413, .T. ) ;
#11081 = LINE ( 'NONE', #12154, #8204 ) ;
#11082 = DIRECTION ( 'NONE',  ( 0.000000000000000000, 0.000000000000000000, -1.000000000000000000 ) ) ;
#11083 = VECTOR ( 'NONE', #5546, 1000.000000000000000 ) ;
#11084 = DIRECTION ( 'NONE',  ( -9.614813431917789401E-15, -1.000000000000000000, 0.000000000000000000 ) ) ;
#11085 = DIRECTION ( 'NONE',  ( 0.000000000000000000, -1.000000000000000000, 0.000000000000000000 ) ) ;
#11086 = CARTESIAN_POINT ( 'NONE',  ( -10.34999999999998721, 19.72168783648705315, 0.4500000000000000111 ) ) ;
#11087 = ORIENTED_EDGE ( 'NONE', *, *, #10777, .F. ) ;
#11088 = DIRECTION ( 'NONE',  ( 0.8660254037844393737, -0.4999999999999985012, 0.000000000000000000 ) ) ;
#11089 = ORIENTED_EDGE ( 'NONE', *, *, #11120, .T. ) ;
#11090 = EDGE_CURVE ( 'NONE', #12560, #10892, #9884, .T. ) ;
#11091 = CARTESIAN_POINT ( 'NONE',  ( -31.39999999999998437, 23.27239199200324293, 0.4500000000000000111 ) ) ;
#11092 = EDGE_LOOP ( 'NONE', ( #6082, #2730, #9134, #5144 ) ) ;
#11093 = EDGE_CURVE ( 'NONE', #7086, #4162, #10761, .T. ) ;
#11094 = LINE ( 'NONE', #9825, #1147 ) ;
#11095 = ORIENTED_EDGE ( 'NONE', *, *, #10205, .F. ) ;
#11096 = ADVANCED_FACE ( 'NONE', ( #2199 ), #5109, .T. ) ;
#11097 = CARTESIAN_POINT ( 'NONE',  ( -32.99999999999999289, 18.00000000000000355, 0.4500000000000000111 ) ) ;
#11098 = ORIENTED_EDGE ( 'NONE', *, *, #9596, .F. ) ;
#11099 = LINE ( 'NONE', #2457, #6296 ) ;
#11100 = CARTESIAN_POINT ( 'NONE',  ( 28.49999999999997158, 21.13619599600163212, 0.4500000000000000111 ) ) ;
#11101 = ORIENTED_EDGE ( 'NONE', *, *, #1244, .F. ) ;
#11102 = VECTOR ( 'NONE', #12502, 1000.000000000000000 ) ;
#11103 = EDGE_LOOP ( 'NONE', ( #2029, #5227, #5585, #8794, #8698, #5224, #11614 ) ) ;
#11104 = LINE ( 'NONE', #8246, #2612 ) ;
#11105 = VERTEX_POINT ( 'NONE', #9946 ) ;
#11106 = ORIENTED_EDGE ( 'NONE', *, *, #7598, .T. ) ;
#11107 = VERTEX_POINT ( 'NONE', #7964 ) ;
#11108 = VECTOR ( 'NONE', #11515, 1000.000000000000000 ) ;
#11109 = CARTESIAN_POINT ( 'NONE',  ( -10.34999999999998366, 23.99407982849027121, 0.4500000000000000111 ) ) ;
#11110 = CARTESIAN_POINT ( 'NONE',  ( -8.299999999999993605, 20.44337567297408143, 0.4500000000000000111 ) ) ;
#11111 = VECTOR ( 'NONE', #4277, 1000.000000000000114 ) ;
#11112 = EDGE_CURVE ( 'NONE', #8986, #3519, #1243, .T. ) ;
#11113 = CARTESIAN_POINT ( 'NONE',  ( 24.79999999999998295, 26.15914333795138447, 0.4500000000000000111 ) ) ;
#11114 = DIRECTION ( 'NONE',  ( 1.000000000000000000, 0.000000000000000000, 0.000000000000000000 ) ) ;
#11115 = CARTESIAN_POINT ( 'NONE',  ( 18.19999999999999574, 23.27239199200323938, 0.4500000000000000111 ) ) ;
#11116 = ORIENTED_EDGE ( 'NONE', *, *, #11990, .T. ) ;
#11117 = DIRECTION ( 'NONE',  ( 9.614813431917789401E-15, 1.000000000000000000, 0.000000000000000000 ) ) ;
#11118 = EDGE_LOOP ( 'NONE', ( #11222, #12168, #10043, #4504 ) ) ;
#11119 = DIRECTION ( 'NONE',  ( 0.000000000000000000, 0.000000000000000000, -1.000000000000000000 ) ) ;
#11120 = EDGE_CURVE ( 'NONE', #459, #1966, #10065, .T. ) ;
#11121 = VERTEX_POINT ( 'NONE', #2061 ) ;
#11122 = ORIENTED_EDGE ( 'NONE', *, *, #6571, .T. ) ;
#11123 = DIRECTION ( 'NONE',  ( 0.000000000000000000, 0.000000000000000000, -1.000000000000000000 ) ) ;
#11124 = CARTESIAN_POINT ( 'NONE',  ( -9.550000000000018474, 25.43745550146433132, 0.4500000000000000111 ) ) ;
#11125 = CC_DESIGN_PERSON_AND_ORGANIZATION_ASSIGNMENT ( #5217, #6058, ( #3150 ) ) ;
#11126 = CARTESIAN_POINT ( 'NONE',  ( 28.37564434701790361, 25.99999999999999645, 0.4500000000000000111 ) ) ;
#11127 = DIRECTION ( 'NONE',  ( -0.8660254037844383745, -0.5000000000000003331, 0.000000000000000000 ) ) ;
#11128 = VECTOR ( 'NONE', #6620, 1000.000000000000000 ) ;
#11129 = ORIENTED_EDGE ( 'NONE', *, *, #6756, .T. ) ;
#11130 = LINE ( 'NONE', #6860, #12169 ) ;
#11131 = FACE_OUTER_BOUND ( 'NONE', #5691, .T. ) ;
#11132 = EDGE_LOOP ( 'NONE', ( #9789, #843, #125, #7851, #10445, #4462, #10078 ) ) ;
#11133 = DIRECTION ( 'NONE',  ( 0.8660254037844393737, -0.4999999999999985012, 0.000000000000000000 ) ) ;
#11134 = DIRECTION ( 'NONE',  ( -0.4999999999999997224, -0.8660254037844388186, 0.000000000000000000 ) ) ;
#11135 = EDGE_LOOP ( 'NONE', ( #7957, #12204, #1721, #8073 ) ) ;
#11136 = VECTOR ( 'NONE', #11807, 1000.000000000000000 ) ;
#11137 = FACE_OUTER_BOUND ( 'NONE', #2230, .T. ) ;
#11138 = DIRECTION ( 'NONE',  ( -0.8660254037844383745, -0.5000000000000003331, 0.000000000000000000 ) ) ;
#11139 = CARTESIAN_POINT ( 'NONE',  ( -28.09999999999999076, 23.27239199200324293, 0.000000000000000000 ) ) ;
#11140 = DIRECTION ( 'NONE',  ( 0.000000000000000000, -1.000000000000000000, 0.000000000000000000 ) ) ;
#11141 = CARTESIAN_POINT ( 'NONE',  ( 11.99999999999998401, 22.57957166897569934, 0.000000000000000000 ) ) ;
#11142 = VECTOR ( 'NONE', #5874, 1000.000000000000114 ) ;
#11143 = DIRECTION ( 'NONE',  ( 0.4999999999999997224, -0.8660254037844388186, -0.000000000000000000 ) ) ;
#11144 = ADVANCED_FACE ( 'NONE', ( #2125 ), #5231, .T. ) ;
#11145 = DIRECTION ( 'NONE',  ( 0.000000000000000000, 0.000000000000000000, 1.000000000000000000 ) ) ;
#11146 = EDGE_LOOP ( 'NONE', ( #5461, #815, #6424, #4935 ) ) ;
#11147 = EDGE_CURVE ( 'NONE', #8232, #7600, #3015, .T. ) ;
#11148 = DIRECTION ( 'NONE',  ( -0.8660254037844394848, 0.4999999999999984457, 0.000000000000000000 ) ) ;
#11149 = ORIENTED_EDGE ( 'NONE', *, *, #1336, .T. ) ;
#11150 = CARTESIAN_POINT ( 'NONE',  ( -24.39999999999999858, 21.13619599600161791, 0.000000000000000000 ) ) ;
#11151 = ORIENTED_EDGE ( 'NONE', *, *, #5170, .F. ) ;
#11152 = CARTESIAN_POINT ( 'NONE',  ( -31.79999999999996874, 22.57957166897570644, 0.000000000000000000 ) ) ;
#11153 = EDGE_LOOP ( 'NONE', ( #11243, #12022, #4906, #6629 ) ) ;
#11154 = VECTOR ( 'NONE', #10423, 1000.000000000000114 ) ;
#11155 = EDGE_CURVE ( 'NONE', #6948, #4117, #4152, .T. ) ;
#11156 = DIRECTION ( 'NONE',  ( 0.000000000000000000, 0.000000000000000000, -1.000000000000000000 ) ) ;
#11157 = ORIENTED_EDGE ( 'NONE', *, *, #1273, .F. ) ;
#11158 = PLANE ( 'NONE',  #7711 ) ;
#11159 = LINE ( 'NONE', #305, #10671 ) ;
#11160 = ORIENTED_EDGE ( 'NONE', *, *, #6121, .T. ) ;
#11161 = ORIENTED_EDGE ( 'NONE', *, *, #346, .T. ) ;
#11162 = EDGE_CURVE ( 'NONE', #2493, #8121, #8930, .T. ) ;
#11163 = DIRECTION ( 'NONE',  ( 0.000000000000000000, 0.000000000000000000, -1.000000000000000000 ) ) ;
#11164 = VECTOR ( 'NONE', #5438, 1000.000000000000000 ) ;
#11165 = ORIENTED_EDGE ( 'NONE', *, *, #284, .F. ) ;
#11166 = DIRECTION ( 'NONE',  ( 0.000000000000000000, 0.000000000000000000, -1.000000000000000000 ) ) ;
#11167 = VERTEX_POINT ( 'NONE', #6949 ) ;
#11168 = ADVANCED_FACE ( 'NONE', ( #10960 ), #226, .T. ) ;
#11169 = ORIENTED_EDGE ( 'NONE', *, *, #3873, .F. ) ;
#11170 = CARTESIAN_POINT ( 'NONE',  ( 22.74999999999999289, 23.99407982849026766, 0.000000000000000000 ) ) ;
#11171 = PLANE ( 'NONE',  #3740 ) ;
#11172 = EDGE_CURVE ( 'NONE', #11199, #6692, #10311, .T. ) ;
#11173 = FACE_OUTER_BOUND ( 'NONE', #8143, .T. ) ;
#11174 = FACE_OUTER_BOUND ( 'NONE', #11794, .T. ) ;
#11175 = CIRCLE ( 'NONE', #5688, 3.999999999999996447 ) ;
#11176 = CARTESIAN_POINT ( 'NONE',  ( 16.14999999999999858, 23.99407982849026411, 0.4500000000000000111 ) ) ;
#11177 = CARTESIAN_POINT ( 'NONE',  ( 36.34999999999999432, 20.41450815951459674, 0.000000000000000000 ) ) ;
#11178 = ORIENTED_EDGE ( 'NONE', *, *, #12104, .T. ) ;
#11179 = LINE ( 'NONE', #9207, #3655 ) ;
#11180 = ORIENTED_EDGE ( 'NONE', *, *, #2790, .F. ) ;
#11181 = CARTESIAN_POINT ( 'NONE',  ( -32.99999999999999289, 25.99999999999999645, 0.4500000000000000111 ) ) ;
#11182 = EDGE_LOOP ( 'NONE', ( #3238, #1754, #12099, #6605, #6668, #11687 ) ) ;
#11183 = ORIENTED_EDGE ( 'NONE', *, *, #3501, .F. ) ;
#11184 = EDGE_CURVE ( 'NONE', #7827, #11416, #1617, .T. ) ;
#11185 = EDGE_CURVE ( 'NONE', #4801, #9823, #11202, .T. ) ;
#11186 = ADVANCED_BREP_SHAPE_REPRESENTATION ( 'Backside Vent Cover REF2014', ( #5699, #718 ), #4968 ) ;
#11187 = CYLINDRICAL_SURFACE ( 'NONE', #7988, 3.999999999999996447 ) ;
#11188 = CARTESIAN_POINT ( 'NONE',  ( -25.19999999999997442, 22.57957166897570644, 0.4500000000000000111 ) ) ;
#11189 = LINE ( 'NONE', #6357, #1727 ) ;
#11190 = DIRECTION ( 'NONE',  ( 9.614813431917789401E-15, 1.000000000000000000, 0.000000000000000000 ) ) ;
#11191 = ORIENTED_EDGE ( 'NONE', *, *, #9707, .T. ) ;
#11192 = CARTESIAN_POINT ( 'NONE',  ( 7.049999999999986500, 24.70138853184800709, 0.4500000000000000111 ) ) ;
#11193 = EDGE_CURVE ( 'NONE', #9098, #11544, #9304, .T. ) ;
#11194 = FACE_BOUND ( 'NONE', #5994, .T. ) ;
#11195 = ORIENTED_EDGE ( 'NONE', *, *, #9349, .T. ) ;
#11196 = CARTESIAN_POINT ( 'NONE',  ( -16.15000000000001990, 19.72168783648704249, 0.4500000000000000111 ) ) ;
#11197 = VECTOR ( 'NONE', #10401, 1000.000000000000000 ) ;
#11198 = CARTESIAN_POINT ( 'NONE',  ( 21.10000000000001563, 22.57957166897569223, 0.000000000000000000 ) ) ;
#11199 = VERTEX_POINT ( 'NONE', #3576 ) ;
#11200 = CARTESIAN_POINT ( 'NONE',  ( 20.24999999999997513, 25.43745550146434908, 0.4500000000000000111 ) ) ;
#11201 = DIRECTION ( 'NONE',  ( 0.4999999999999985567, 0.8660254037844394848, 0.000000000000000000 ) ) ;
#11202 = LINE ( 'NONE', #10247, #4343 ) ;
#11203 = CARTESIAN_POINT ( 'NONE',  ( -9.999999999999996447, 22.00000000000000355, 0.4500000000000000111 ) ) ;
#11204 = FACE_OUTER_BOUND ( 'NONE', #2311, .T. ) ;
#11205 = VECTOR ( 'NONE', #8437, 1000.000000000000000 ) ;
#11206 = CARTESIAN_POINT ( 'NONE',  ( -6.649999999999992362, 23.30125950546273117, 0.4500000000000000111 ) ) ;
#11207 = DIRECTION ( 'NONE',  ( 0.000000000000000000, 0.000000000000000000, -1.000000000000000000 ) ) ;
#11208 = LINE ( 'NONE', #7522, #2357 ) ;
#11209 = ORIENTED_EDGE ( 'NONE', *, *, #683, .F. ) ;
#11210 = LINE ( 'NONE', #12290, #7489 ) ;
#11211 = ORIENTED_EDGE ( 'NONE', *, *, #9945, .F. ) ;
#11212 = LINE ( 'NONE', #9182, #8883 ) ;
#11213 = ORIENTED_EDGE ( 'NONE', *, *, #2040, .T. ) ;
#11214 = VECTOR ( 'NONE', #181, 1000.000000000000000 ) ;
#11215 = CARTESIAN_POINT ( 'NONE',  ( -12.85000000000001563, 25.43745550146433132, 0.000000000000000000 ) ) ;
#11216 = ORIENTED_EDGE ( 'NONE', *, *, #9551, .F. ) ;
#11217 = ADVANCED_FACE ( 'NONE', ( #726 ), #7451, .T. ) ;
#11218 = DIRECTION ( 'NONE',  ( -1.000000000000000000, 0.000000000000000000, 0.000000000000000000 ) ) ;
#11219 = EDGE_LOOP ( 'NONE', ( #934, #11257, #4519, #9587, #3178, #9375, #4147 ) ) ;
#11220 = LINE ( 'NONE', #1697, #626 ) ;
#11221 = CARTESIAN_POINT ( 'NONE',  ( -10.34999999999998366, 25.43745550146434553, 0.000000000000000000 ) ) ;
#11222 = ORIENTED_EDGE ( 'NONE', *, *, #7764, .T. ) ;
#11223 = ORIENTED_EDGE ( 'NONE', *, *, #5860, .T. ) ;
#11224 = PLANE ( 'NONE',  #11952 ) ;
#11225 = ORIENTED_EDGE ( 'NONE', *, *, #3929, .T. ) ;
#11226 = DIRECTION ( 'NONE',  ( 0.4999999999999997224, -0.8660254037844388186, -0.000000000000000000 ) ) ;
#11227 = ORIENTED_EDGE ( 'NONE', *, *, #1254, .T. ) ;
#11228 = ORIENTED_EDGE ( 'NONE', *, *, #2927, .T. ) ;
#11229 = FACE_OUTER_BOUND ( 'NONE', #4427, .T. ) ;
#11230 = DIRECTION ( 'NONE',  ( -9.614813431917789401E-15, 1.000000000000000000, 0.000000000000000000 ) ) ;
#11231 = AXIS2_PLACEMENT_3D ( 'NONE', #6247, #403, #7195 ) ;
#11232 = DIRECTION ( 'NONE',  ( 0.5000000000000004441, -0.8660254037844384856, 0.000000000000000000 ) ) ;
#11233 = CARTESIAN_POINT ( 'NONE',  ( 12.85000000000001563, 25.43745550146433132, 0.4500000000000000111 ) ) ;
#11234 = LINE ( 'NONE', #9341, #5561 ) ;
#11235 = CARTESIAN_POINT ( 'NONE',  ( -7.049999999999986500, 25.43745550146434553, 0.4500000000000000111 ) ) ;
#11236 = EDGE_LOOP ( 'NONE', ( #2705, #7918, #2647, #11213 ) ) ;
#11237 = CARTESIAN_POINT ( 'NONE',  ( 32.99999999999999289, 25.99999999999999645, 0.4500000000000000111 ) ) ;
#11238 = EDGE_LOOP ( 'NONE', ( #12226, #9108, #1586, #7268 ) ) ;
#11239 = DIRECTION ( 'NONE',  ( 9.614813431917789401E-15, -1.000000000000000000, 0.000000000000000000 ) ) ;
#11240 = ORIENTED_EDGE ( 'NONE', *, *, #3249, .T. ) ;
#11241 = ADVANCED_FACE ( 'NONE', ( #9430 ), #4400, .T. ) ;
#11242 = VECTOR ( 'NONE', #4563, 1000.000000000000000 ) ;
#11243 = ORIENTED_EDGE ( 'NONE', *, *, #3780, .F. ) ;
#11244 = CARTESIAN_POINT ( 'NONE',  ( -15.29999999999998295, 22.57957166897569934, 0.000000000000000000 ) ) ;
#11245 = PLANE ( 'NONE',  #7619 ) ;
#11246 = VECTOR ( 'NONE', #4385, 1000.000000000000000 ) ;
#11247 = EDGE_CURVE ( 'NONE', #11043, #8828, #11081, .T. ) ;
#11248 = CARTESIAN_POINT ( 'NONE',  ( 24.79999999999998295, 20.44337567297409208, 0.4500000000000000111 ) ) ;
#11249 = PLANE ( 'NONE',  #10416 ) ;
#11250 = ORIENTED_EDGE ( 'NONE', *, *, #7342, .T. ) ;
#11251 = EDGE_CURVE ( 'NONE', #3530, #1146, #1681, .T. ) ;
#11252 = DIRECTION ( 'NONE',  ( 9.614813431917789401E-15, 1.000000000000000000, 0.000000000000000000 ) ) ;
#11253 = AXIS2_PLACEMENT_3D ( 'NONE', #7823, #10880, #269 ) ;
#11254 = EDGE_CURVE ( 'NONE', #5497, #757, #9367, .T. ) ;
#11255 = LINE ( 'NONE', #3688, #8903 ) ;
#11256 = VECTOR ( 'NONE', #1000, 1000.000000000000000 ) ;
#11257 = ORIENTED_EDGE ( 'NONE', *, *, #2335, .T. ) ;
#11258 = LINE ( 'NONE', #3379, #2558 ) ;
#11259 = CARTESIAN_POINT ( 'NONE',  ( -22.74999999999999289, 23.99407982849026766, 0.4500000000000000111 ) ) ;
#11260 = VERTEX_POINT ( 'NONE', #5291 ) ;
#11261 = PLANE ( 'NONE',  #10832 ) ;
#11262 = DIRECTION ( 'NONE',  ( -0.8660254037844383745, -0.5000000000000003331, 0.000000000000000000 ) ) ;
#11263 = VECTOR ( 'NONE', #8127, 1000.000000000000114 ) ;
#11264 = DIRECTION ( 'NONE',  ( 0.000000000000000000, 0.000000000000000000, -1.000000000000000000 ) ) ;
#11265 = DIRECTION ( 'NONE',  ( -0.8660254037844383745, -0.5000000000000003331, 0.000000000000000000 ) ) ;
#11266 = DIRECTION ( 'NONE',  ( 0.8660254037844394848, 0.4999999999999984457, 0.000000000000000000 ) ) ;
#11267 = FACE_OUTER_BOUND ( 'NONE', #7834, .T. ) ;
#11268 = EDGE_CURVE ( 'NONE', #6669, #9345, #2373, .T. ) ;
#11269 = PLANE ( 'NONE',  #8743 ) ;
#11270 = CARTESIAN_POINT ( 'NONE',  ( 9.550000000000007816, 18.27831216351296462, 0.4500000000000000111 ) ) ;
#11271 = ORIENTED_EDGE ( 'NONE', *, *, #7272, .F. ) ;
#11272 = DIRECTION ( 'NONE',  ( 0.000000000000000000, 0.000000000000000000, -1.000000000000000000 ) ) ;
#11273 = AXIS2_PLACEMENT_3D ( 'NONE', #11829, #6936, #9868 ) ;
#11274 = VECTOR ( 'NONE', #3461, 1000.000000000000000 ) ;
#11275 = ORIENTED_EDGE ( 'NONE', *, *, #7137, .F. ) ;
#11276 = EDGE_CURVE ( 'NONE', #8819, #3879, #8286, .T. ) ;
#11277 = LINE ( 'NONE', #2575, #5020 ) ;
#11279 = ORIENTED_EDGE ( 'NONE', *, *, #174, .F. ) ;
#11278 = VECTOR ( 'NONE', #9978, 1000.000000000000114 ) ;
#11280 = VECTOR ( 'NONE', #7565, 1000.000000000000114 ) ;
#11281 = LINE ( 'NONE', #5367, #10259 ) ;
#11282 = ORIENTED_EDGE ( 'NONE', *, *, #12114, .F. ) ;
#11283 = AXIS2_PLACEMENT_3D ( 'NONE', #4232, #2273, #484 ) ;
#11284 = DIRECTION ( 'NONE',  ( -0.8660254037844388186, -0.4999999999999997224, 0.000000000000000000 ) ) ;
#11285 = ORIENTED_EDGE ( 'NONE', *, *, #11779, .F. ) ;
#11286 = CARTESIAN_POINT ( 'NONE',  ( -19.45000000000000284, 18.27831216351297172, 0.000000000000000000 ) ) ;
#11287 = PLANE ( 'NONE',  #10268 ) ;
#11288 = VERTEX_POINT ( 'NONE', #3321 ) ;
#11289 = EDGE_LOOP ( 'NONE', ( #9501, #9417, #71, #3170 ) ) ;
#11290 = LINE ( 'NONE', #7411, #9321 ) ;
#11291 = EDGE_LOOP ( 'NONE', ( #9637, #5489, #6067, #10145 ) ) ;
#11292 = EDGE_CURVE ( 'NONE', #6777, #306, #7200, .T. ) ;
#11293 = LINE ( 'NONE', #753, #4091 ) ;
#11294 = ORIENTED_EDGE ( 'NONE', *, *, #5106, .T. ) ;
#11295 = EDGE_LOOP ( 'NONE', ( #9453, #10117, #9471, #10826 ) ) ;
#11296 = LINE ( 'NONE', #1650, #6207 ) ;
#11297 = CARTESIAN_POINT ( 'NONE',  ( 34.69999999999998153, 23.27239199200324649, 0.4500000000000000111 ) ) ;
#11298 = CARTESIAN_POINT ( 'NONE',  ( -24.79999999999999361, 17.55662432702594344, 0.4500000000000000111 ) ) ;
#11299 = CARTESIAN_POINT ( 'NONE',  ( -10.34999999999998721, 18.27831216351297527, 0.000000000000000000 ) ) ;
#11300 = FACE_OUTER_BOUND ( 'NONE', #6890, .T. ) ;
#11301 = CARTESIAN_POINT ( 'NONE',  ( 11.20000000000000462, 21.13619599600161436, 0.4500000000000000111 ) ) ;
#11302 = EDGE_LOOP ( 'NONE', ( #8242, #7751, #2641, #8919 ) ) ;
#11303 = ORIENTED_EDGE ( 'NONE', *, *, #6618, .F. ) ;
#11304 = EDGE_CURVE ( 'NONE', #4506, #2967, #4333, .T. ) ;
#11305 = EDGE_CURVE ( 'NONE', #994, #3798, #3386, .T. ) ;
#11306 = CARTESIAN_POINT ( 'NONE',  ( 9.999999999999996447, 22.00000000000000355, 0.4500000000000000111 ) ) ;
#11307 = VERTEX_POINT ( 'NONE', #5417 ) ;
#11308 = VECTOR ( 'NONE', #902, 1000.000000000000114 ) ;
#11309 = ORIENTED_EDGE ( 'NONE', *, *, #3745, .T. ) ;
#11310 = EDGE_LOOP ( 'NONE', ( #1372, #1252, #4714, #10981 ) ) ;
#11311 = VECTOR ( 'NONE', #7404, 1000.000000000000000 ) ;
#11312 = CARTESIAN_POINT ( 'NONE',  ( 32.99999999999999289, 25.99999999999999645, 0.4500000000000000111 ) ) ;
#11313 = DIRECTION ( 'NONE',  ( 0.4999999999999985012, 0.8660254037844395958, 0.000000000000000000 ) ) ;
#11314 = DIRECTION ( 'NONE',  ( -9.614813431917789401E-15, 1.000000000000000000, 0.000000000000000000 ) ) ;
#11315 = DIRECTION ( 'NONE',  ( 0.000000000000000000, 0.000000000000000000, -1.000000000000000000 ) ) ;
#11316 = EDGE_CURVE ( 'NONE', #1296, #12428, #3446, .T. ) ;
#11317 = EDGE_LOOP ( 'NONE', ( #8343, #2991, #6186, #2138, #5076, #1196, #10633 ) ) ;
#11318 = VECTOR ( 'NONE', #9619, 1000.000000000000000 ) ;
#11319 = CARTESIAN_POINT ( 'NONE',  ( 21.10000000000000142, 21.13619599600162147, 0.000000000000000000 ) ) ;
#11320 = DIRECTION ( 'NONE',  ( -0.4999999999999997224, -0.8660254037844388186, 0.000000000000000000 ) ) ;
#11321 = ORIENTED_EDGE ( 'NONE', *, *, #2755, .F. ) ;
#11322 = LINE ( 'NONE', #9164, #3166 ) ;
#11323 = CARTESIAN_POINT ( 'NONE',  ( -30.14999999999997371, 18.27831216351298238, 0.000000000000000000 ) ) ;
#11324 = EDGE_CURVE ( 'NONE', #11698, #1190, #8346, .T. ) ;
#11325 = VERTEX_POINT ( 'NONE', #12216 ) ;
#11326 = EDGE_CURVE ( 'NONE', #6029, #9743, #1486, .T. ) ;
#11327 = FACE_OUTER_BOUND ( 'NONE', #7550, .T. ) ;
#11328 = LINE ( 'NONE', #10180, #10493 ) ;
#11329 = VECTOR ( 'NONE', #8085, 1000.000000000000114 ) ;
#11330 = CARTESIAN_POINT ( 'NONE',  ( -24.79999999999999361, 23.27239199200323938, 0.4500000000000000111 ) ) ;
#11331 = CARTESIAN_POINT ( 'NONE',  ( -23.14999999999999503, 20.41450815951458608, 0.000000000000000000 ) ) ;
#11332 = DIRECTION ( 'NONE',  ( 9.614813431917789401E-15, -1.000000000000000000, 0.000000000000000000 ) ) ;
#11333 = EDGE_CURVE ( 'NONE', #6723, #9347, #9239, .T. ) ;
#11334 = DIRECTION ( 'NONE',  ( -1.000000000000000000, 0.000000000000000000, 0.000000000000000000 ) ) ;
#11335 = DIRECTION ( 'NONE',  ( -0.8660254037844388186, -0.4999999999999997224, 0.000000000000000000 ) ) ;
#11336 = DIRECTION ( 'NONE',  ( -1.000000000000000000, 0.000000000000000000, 0.000000000000000000 ) ) ;
#11337 = ORIENTED_EDGE ( 'NONE', *, *, #2465, .F. ) ;
#11338 = CARTESIAN_POINT ( 'NONE',  ( -21.77564434701789153, 25.99999999999999645, 0.000000000000000000 ) ) ;
#11339 = VECTOR ( 'NONE', #4550, 1000.000000000000000 ) ;
#11340 = VERTEX_POINT ( 'NONE', #2873 ) ;
#11341 = DIRECTION ( 'NONE',  ( 9.614813431917789401E-15, 1.000000000000000000, 0.000000000000000000 ) ) ;
#11342 = ORIENTED_EDGE ( 'NONE', *, *, #11552, .F. ) ;
#11343 = ADVANCED_FACE ( 'NONE', ( #788 ), #15, .T. ) ;
#11344 = PLANE ( 'NONE',  #2957 ) ;
#11345 = VERTEX_POINT ( 'NONE', #12344 ) ;
#11346 = VECTOR ( 'NONE', #9248, 1000.000000000000000 ) ;
#11347 = CARTESIAN_POINT ( 'NONE',  ( -32.64999999999999147, 23.99407982849027476, 0.4500000000000000111 ) ) ;
#11348 = DIRECTION ( 'NONE',  ( 0.000000000000000000, 0.000000000000000000, -1.000000000000000000 ) ) ;
#11349 = DIRECTION ( 'NONE',  ( 0.000000000000000000, -1.000000000000000000, 0.000000000000000000 ) ) ;
#11350 = VERTEX_POINT ( 'NONE', #1743 ) ;
#11351 = ORIENTED_EDGE ( 'NONE', *, *, #9316, .F. ) ;
#11352 = CARTESIAN_POINT ( 'NONE',  ( 21.49999999999998579, 20.44337567297409208, 0.4500000000000000111 ) ) ;
#11353 = VECTOR ( 'NONE', #4719, 1000.000000000000000 ) ;
#11354 = VERTEX_POINT ( 'NONE', #3696 ) ;
#11355 = CARTESIAN_POINT ( 'NONE',  ( -14.62435565298207329, 25.99999999999999645, 0.000000000000000000 ) ) ;
#11356 = ORIENTED_EDGE ( 'NONE', *, *, #8136, .T. ) ;
#11357 = ORIENTED_EDGE ( 'NONE', *, *, #1113, .T. ) ;
#11358 = DIRECTION ( 'NONE',  ( 0.8660254037844393737, 0.4999999999999985012, 0.000000000000000000 ) ) ;
#11359 = PLANE ( 'NONE',  #5171 ) ;
#11360 = FACE_BOUND ( 'NONE', #9764, .T. ) ;
#11361 = DIRECTION ( 'NONE',  ( 0.4999999999999997224, -0.8660254037844388186, -0.000000000000000000 ) ) ;
#11362 = CARTESIAN_POINT ( 'NONE',  ( -28.09999999999999076, 23.27239199200324293, 0.4500000000000000111 ) ) ;
#11363 = CARTESIAN_POINT ( 'NONE',  ( 23.54999999999997584, 18.27831216351298238, 0.4500000000000000111 ) ) ;
#11364 = EDGE_LOOP ( 'NONE', ( #9017, #12305, #10032, #10966 ) ) ;
#11365 = VECTOR ( 'NONE', #1882, 1000.000000000000114 ) ;
#11366 = EDGE_LOOP ( 'NONE', ( #9882, #278, #7381, #9578 ) ) ;
#11367 = PLANE ( 'NONE',  #587 ) ;
#11368 = VERTEX_POINT ( 'NONE', #2747 ) ;
#11369 = ORIENTED_EDGE ( 'NONE', *, *, #284, .T. ) ;
#11370 = VERTEX_POINT ( 'NONE', #11577 ) ;
#11371 = DIRECTION ( 'NONE',  ( 0.000000000000000000, 0.000000000000000000, -1.000000000000000000 ) ) ;
#11372 = VECTOR ( 'NONE', #2331, 1000.000000000000114 ) ;
#11373 = LINE ( 'NONE', #834, #8821 ) ;
#11374 = EDGE_CURVE ( 'NONE', #1420, #11698, #7759, .T. ) ;
#11375 = CARTESIAN_POINT ( 'NONE',  ( 9.205862518594861044, 18.07962429598546450, 0.000000000000000000 ) ) ;
#11376 = VERTEX_POINT ( 'NONE', #8472 ) ;
#11377 = CARTESIAN_POINT ( 'NONE',  ( 17.80000000000000426, 21.13619599600161791, 0.4500000000000000111 ) ) ;
#11378 = ADVANCED_FACE ( 'NONE', ( #12462 ), #10434, .T. ) ;
#11379 = CARTESIAN_POINT ( 'NONE',  ( -36.76723304979909557, 20.65539777313091818, 0.000000000000000000 ) ) ;
#11380 = VECTOR ( 'NONE', #732, 1000.000000000000000 ) ;
#11381 = EDGE_LOOP ( 'NONE', ( #2980, #3706, #7308, #6566, #5307, #6667 ) ) ;
#11382 = CARTESIAN_POINT ( 'NONE',  ( 28.09999999999998010, 26.15914333795139157, 0.4500000000000000111 ) ) ;
#11383 = LINE ( 'NONE', #8468, #2948 ) ;
#11384 = ORIENTED_EDGE ( 'NONE', *, *, #2856, .T. ) ;
#11385 = PLANE ( 'NONE',  #292 ) ;
#11386 = CARTESIAN_POINT ( 'NONE',  ( 35.09999999999998010, 21.13619599600163568, 0.4500000000000000111 ) ) ;
#11387 = CARTESIAN_POINT ( 'NONE',  ( 14.90000000000000036, 17.55662432702593989, 0.4500000000000000111 ) ) ;
#11388 = PLANE ( 'NONE',  #7587 ) ;
#11389 = CARTESIAN_POINT ( 'NONE',  ( 22.75000000000000711, 25.43745550146433487, 0.000000000000000000 ) ) ;
#11390 = EDGE_CURVE ( 'NONE', #8176, #4618, #5786, .T. ) ;
#11391 = DIRECTION ( 'NONE',  ( 0.8660254037844393737, -0.4999999999999985012, 0.000000000000000000 ) ) ;
#11392 = LINE ( 'NONE', #10254, #7927 ) ;
#11393 = CARTESIAN_POINT ( 'NONE',  ( 9.949999999999990408, 23.30125950546273117, 0.4500000000000000111 ) ) ;
#11394 = ORIENTED_EDGE ( 'NONE', *, *, #3069, .F. ) ;
#11395 = LINE ( 'NONE', #6568, #3433 ) ;
#11396 = EDGE_LOOP ( 'NONE', ( #4442, #7870, #8189, #3409 ) ) ;
#11397 = EDGE_CURVE ( 'NONE', #4857, #11376, #847, .T. ) ;
#11398 = DIRECTION ( 'NONE',  ( -0.8660254037844388186, -0.4999999999999997224, 0.000000000000000000 ) ) ;
#11399 = EDGE_CURVE ( 'NONE', #4113, #11836, #7638, .T. ) ;
#11400 = ORIENTED_EDGE ( 'NONE', *, *, #293, .F. ) ;
#11401 = VECTOR ( 'NONE', #5613, 1000.000000000000114 ) ;
#11402 = LINE ( 'NONE', #6322, #8029 ) ;
#11403 = EDGE_CURVE ( 'NONE', #4293, #7716, #5666, .T. ) ;
#11404 = CARTESIAN_POINT ( 'NONE',  ( -6.126808886538224641, 22.99919497526796164, 0.4500000000000000111 ) ) ;
#11405 = DIRECTION ( 'NONE',  ( 0.8660254037844393737, 0.4999999999999985012, 0.000000000000000000 ) ) ;
#11406 = LINE ( 'NONE', #1763, #8846 ) ;
#11407 = ORIENTED_EDGE ( 'NONE', *, *, #3842, .F. ) ;
#11408 = EDGE_CURVE ( 'NONE', #6972, #10025, #1982, .T. ) ;
#11409 = EDGE_CURVE ( 'NONE', #7632, #812, #6686, .T. ) ;
#11410 = ORIENTED_EDGE ( 'NONE', *, *, #229, .T. ) ;
#11411 = EDGE_CURVE ( 'NONE', #6271, #9736, #4773, .T. ) ;
#11412 = DIRECTION ( 'NONE',  ( 0.000000000000000000, 0.000000000000000000, -1.000000000000000000 ) ) ;
#11413 = VECTOR ( 'NONE', #6471, 1000.000000000000114 ) ;
#11414 = ORIENTED_EDGE ( 'NONE', *, *, #11471, .F. ) ;
#11415 = LINE ( 'NONE', #12243, #9783 ) ;
#11416 = VERTEX_POINT ( 'NONE', #967 ) ;
#11417 = ORIENTED_EDGE ( 'NONE', *, *, #6054, .F. ) ;
#11418 = DIRECTION ( 'NONE',  ( 0.000000000000000000, -1.000000000000000000, -0.000000000000000000 ) ) ;
#11419 = DIRECTION ( 'NONE',  ( 0.8660254037844383745, -0.5000000000000003331, 0.000000000000000000 ) ) ;
#11420 = FACE_BOUND ( 'NONE', #784, .T. ) ;
#11421 = DIRECTION ( 'NONE',  ( 0.000000000000000000, -1.000000000000000000, 0.000000000000000000 ) ) ;
#11422 = CARTESIAN_POINT ( 'NONE',  ( 7.049999999999990052, 19.72168783648704959, 0.4500000000000000111 ) ) ;
#11423 = EDGE_CURVE ( 'NONE', #10350, #5218, #6808, .T. ) ;
#11424 = LINE ( 'NONE', #3546, #2954 ) ;
#11425 = ORIENTED_EDGE ( 'NONE', *, *, #774, .F. ) ;
#11426 = EDGE_CURVE ( 'NONE', #10740, #11486, #9669, .T. ) ;
#11427 = VERTEX_POINT ( 'NONE', #4835 ) ;
#11428 = DIRECTION ( 'NONE',  ( 9.614813431917789401E-15, 1.000000000000000000, 0.000000000000000000 ) ) ;
#11429 = ORIENTED_EDGE ( 'NONE', *, *, #978, .F. ) ;
#11430 = ORIENTED_EDGE ( 'NONE', *, *, #12489, .T. ) ;
#11431 = EDGE_CURVE ( 'NONE', #9843, #10076, #8720, .T. ) ;
#11432 = ADVANCED_FACE ( 'NONE', ( #3639 ), #10563, .T. ) ;
#11433 = VECTOR ( 'NONE', #11623, 1000.000000000000000 ) ;
#11434 = ORIENTED_EDGE ( 'NONE', *, *, #9754, .F. ) ;
#11435 = CARTESIAN_POINT ( 'NONE',  ( 18.19999999999999574, 17.55662432702593989, 0.000000000000000000 ) ) ;
#11436 = CARTESIAN_POINT ( 'NONE',  ( 29.34999999999999432, 23.99407982849027476, 0.4500000000000000111 ) ) ;
#11437 = LINE ( 'NONE', #12330, #3309 ) ;
#11438 = ORIENTED_EDGE ( 'NONE', *, *, #1085, .T. ) ;
#11439 = AXIS2_PLACEMENT_3D ( 'NONE', #4644, #3823, #8527 ) ;
#11440 = FACE_OUTER_BOUND ( 'NONE', #6811, .T. ) ;
#11441 = PLANE ( 'NONE',  #3010 ) ;
#11442 = VECTOR ( 'NONE', #6609, 1000.000000000000000 ) ;
#11443 = EDGE_LOOP ( 'NONE', ( #9613, #11558, #3030, #1072 ) ) ;
#11444 = CARTESIAN_POINT ( 'NONE',  ( 16.54999999999999716, 20.41450815951458608, 0.000000000000000000 ) ) ;
#11445 = EDGE_CURVE ( 'NONE', #11714, #4345, #9607, .T. ) ;
#11446 = VECTOR ( 'NONE', #3829, 1000.000000000000000 ) ;
#11447 = VERTEX_POINT ( 'NONE', #8658 ) ;
#11448 = DIRECTION ( 'NONE',  ( 0.8660254037844383745, -0.5000000000000003331, 0.000000000000000000 ) ) ;
#11449 = DIRECTION ( 'NONE',  ( 0.000000000000000000, 0.000000000000000000, -1.000000000000000000 ) ) ;
#11450 = CARTESIAN_POINT ( 'NONE',  ( 21.89999999999997726, 22.57957166897569934, 0.4500000000000000111 ) ) ;
#11451 = DIRECTION ( 'NONE',  ( 0.000000000000000000, 0.000000000000000000, -1.000000000000000000 ) ) ;
#11452 = VECTOR ( 'NONE', #7947, 1000.000000000000000 ) ;
#11453 = CARTESIAN_POINT ( 'NONE',  ( 30.14999999999997371, 18.27831216351298238, 0.4500000000000000111 ) ) ;
#11454 = AXIS2_PLACEMENT_3D ( 'NONE', #571, #1521, #7233 ) ;
#11455 = LINE ( 'NONE', #3956, #7095 ) ;
#11456 = CARTESIAN_POINT ( 'NONE',  ( 30.14999999999997371, 18.27831216351298238, 0.4500000000000000111 ) ) ;
#11457 = VERTEX_POINT ( 'NONE', #12526 ) ;
#11458 = DIRECTION ( 'NONE',  ( 1.000000000000000000, 0.000000000000000000, 0.000000000000000000 ) ) ;
#11459 = ORIENTED_EDGE ( 'NONE', *, *, #8839, .F. ) ;
#11460 = ADVANCED_FACE ( 'NONE', ( #3828 ), #7698, .T. ) ;
#11461 = EDGE_CURVE ( 'NONE', #8176, #11982, #5913, .T. ) ;
#11462 = AXIS2_PLACEMENT_3D ( 'NONE', #5320, #7234, #497 ) ;
#11463 = VECTOR ( 'NONE', #3372, 1000.000000000000000 ) ;
#11464 = CARTESIAN_POINT ( 'NONE',  ( 14.50000000000000178, 21.13619599600161791, 0.4500000000000000111 ) ) ;
#11465 = EDGE_LOOP ( 'NONE', ( #9786, #7198, #12137, #1384 ) ) ;
#11466 = VECTOR ( 'NONE', #3541, 1000.000000000000000 ) ;
#11467 = DIRECTION ( 'NONE',  ( -1.000000000000000000, 0.000000000000000000, 0.000000000000000000 ) ) ;
#11468 = FACE_OUTER_BOUND ( 'NONE', #11092, .T. ) ;
#11469 = CARTESIAN_POINT ( 'NONE',  ( 32.16794919243110229, 18.00000000000000355, 0.000000000000000000 ) ) ;
#11470 = VECTOR ( 'NONE', #8488, 1000.000000000000114 ) ;
#11471 = EDGE_CURVE ( 'NONE', #1966, #9047, #4897, .T. ) ;
#11472 = CARTESIAN_POINT ( 'NONE',  ( -32.64999999999999147, 18.27831216351297527, 0.4500000000000000111 ) ) ;
#11473 = ORIENTED_EDGE ( 'NONE', *, *, #7808, .F. ) ;
#11474 = DIRECTION ( 'NONE',  ( 0.000000000000000000, 0.000000000000000000, -1.000000000000000000 ) ) ;
#11475 = ORIENTED_EDGE ( 'NONE', *, *, #6111, .F. ) ;
#11476 = DIRECTION ( 'NONE',  ( 0.000000000000000000, 0.000000000000000000, -1.000000000000000000 ) ) ;
#11477 = VECTOR ( 'NONE', #12407, 1000.000000000000114 ) ;
#11478 = ORIENTED_EDGE ( 'NONE', *, *, #705, .F. ) ;
#11479 = ADVANCED_FACE ( 'NONE', ( #2239 ), #7065, .T. ) ;
#11480 = VECTOR ( 'NONE', #8367, 1000.000000000000000 ) ;
#11481 = DIRECTION ( 'NONE',  ( 1.000000000000000000, 9.614813431917789401E-15, 0.000000000000000000 ) ) ;
#11482 = ORIENTED_EDGE ( 'NONE', *, *, #4263, .F. ) ;
#11483 = VECTOR ( 'NONE', #2715, 1000.000000000000000 ) ;
#11484 = AXIS2_PLACEMENT_3D ( 'NONE', #6824, #9564, #11528 ) ;
#11485 = EDGE_CURVE ( 'NONE', #10192, #12456, #11764, .T. ) ;
#11486 = VERTEX_POINT ( 'NONE', #7124 ) ;
#11487 = DIRECTION ( 'NONE',  ( 9.614813431917789401E-15, -1.000000000000000000, 0.000000000000000000 ) ) ;
#11488 = LINE ( 'NONE', #9702, #12273 ) ;
#11489 = FACE_BOUND ( 'NONE', #5524, .T. ) ;
#11490 = CARTESIAN_POINT ( 'NONE',  ( -27.70000000000000995, 22.57957166897569223, 0.4500000000000000111 ) ) ;
#11491 = DIRECTION ( 'NONE',  ( 0.000000000000000000, 0.000000000000000000, -1.000000000000000000 ) ) ;
#11492 = FACE_OUTER_BOUND ( 'NONE', #3769, .T. ) ;
#11493 = ORIENTED_EDGE ( 'NONE', *, *, #5498, .T. ) ;
#11494 = ADVANCED_FACE ( 'NONE', ( #5152 ), #6056, .T. ) ;
#11495 = VECTOR ( 'NONE', #8039, 1000.000000000000114 ) ;
#11496 = ORIENTED_EDGE ( 'NONE', *, *, #10703, .F. ) ;
#11497 = LINE ( 'NONE', #1901, #2621 ) ;
#11498 = VERTEX_POINT ( 'NONE', #11003 ) ;
#11499 = ORIENTED_EDGE ( 'NONE', *, *, #2309, .F. ) ;
#11500 = VERTEX_POINT ( 'NONE', #332 ) ;
#11501 = ADVANCED_FACE ( 'NONE', ( #5029 ), #2047, .T. ) ;
#11502 = DIRECTION ( 'NONE',  ( 0.000000000000000000, 0.000000000000000000, -1.000000000000000000 ) ) ;
#11503 = LINE ( 'NONE', #2801, #296 ) ;
#11504 = CARTESIAN_POINT ( 'NONE',  ( 31.67564434701789722, 25.99999999999999645, 0.4500000000000000111 ) ) ;
#11505 = ORIENTED_EDGE ( 'NONE', *, *, #8358, .F. ) ;
#11506 = VECTOR ( 'NONE', #7391, 1000.000000000000000 ) ;
#11507 = CARTESIAN_POINT ( 'NONE',  ( -8.699999999999986855, 21.13619599600162147, 0.4500000000000000111 ) ) ;
#11508 = VECTOR ( 'NONE', #6112, 1000.000000000000114 ) ;
#11509 = LINE ( 'NONE', #5714, #4834 ) ;
#11510 = VECTOR ( 'NONE', #5248, 1000.000000000000114 ) ;
#11511 = ORIENTED_EDGE ( 'NONE', *, *, #10505, .T. ) ;
#11512 = CARTESIAN_POINT ( 'NONE',  ( -32.99999999999999289, 25.99999999999999645, 0.000000000000000000 ) ) ;
#11513 = VERTEX_POINT ( 'NONE', #2297 ) ;
#11514 = DIRECTION ( 'NONE',  ( -0.4999999999999997224, -0.8660254037844388186, 0.000000000000000000 ) ) ;
#11515 = DIRECTION ( 'NONE',  ( 0.8660254037844394848, -0.4999999999999985012, 0.000000000000000000 ) ) ;
#11516 = CARTESIAN_POINT ( 'NONE',  ( -35.94999999999998863, 23.99407982849027832, 0.4500000000000000111 ) ) ;
#11517 = VECTOR ( 'NONE', #612, 1000.000000000000000 ) ;
#11518 = LINE ( 'NONE', #2815, #11446 ) ;
#11519 = PLANE ( 'NONE',  #11666 ) ;
#11520 = EDGE_LOOP ( 'NONE', ( #219, #9709, #10539, #11974 ) ) ;
#11521 = PLANE ( 'NONE',  #5468 ) ;
#11522 = CARTESIAN_POINT ( 'NONE',  ( 7.900000000000021672, 22.57957166897568513, 0.000000000000000000 ) ) ;
#11523 = ORIENTED_EDGE ( 'NONE', *, *, #12312, .T. ) ;
#11524 = CARTESIAN_POINT ( 'NONE',  ( 26.05000000000001137, 19.72168783648704604, 0.4500000000000000111 ) ) ;
#11525 = VERTEX_POINT ( 'NONE', #10746 ) ;
#11526 = DIRECTION ( 'NONE',  ( -0.8660254037844394848, -0.4999999999999985012, 0.000000000000000000 ) ) ;
#11527 = ORIENTED_EDGE ( 'NONE', *, *, #5966, .F. ) ;
#11528 = DIRECTION ( 'NONE',  ( -0.8660254037844393737, -0.4999999999999985012, 0.000000000000000000 ) ) ;
#11529 = EDGE_CURVE ( 'NONE', #7912, #10150, #8913, .T. ) ;
#11530 = DIRECTION ( 'NONE',  ( 0.000000000000000000, -1.000000000000000000, 0.000000000000000000 ) ) ;
#11531 = VECTOR ( 'NONE', #2854, 1000.000000000000000 ) ;
#11532 = CARTESIAN_POINT ( 'NONE',  ( 24.79999999999998295, 20.44337567297409208, 0.000000000000000000 ) ) ;
#11533 = CARTESIAN_POINT ( 'NONE',  ( -32.64999999999999147, 23.99407982849027476, 0.000000000000000000 ) ) ;
#11534 = VERTEX_POINT ( 'NONE', #210 ) ;
#11535 = CARTESIAN_POINT ( 'NONE',  ( 26.84999999999997300, 18.27831216351298238, 0.4500000000000000111 ) ) ;
#11536 = VERTEX_POINT ( 'NONE', #76 ) ;
#11537 = FACE_OUTER_BOUND ( 'NONE', #8393, .T. ) ;
#11538 = EDGE_CURVE ( 'NONE', #10457, #3886, #9796, .T. ) ;
#11539 = CARTESIAN_POINT ( 'NONE',  ( 16.14999999999999858, 23.99407982849026411, 0.000000000000000000 ) ) ;
#11540 = ORIENTED_EDGE ( 'NONE', *, *, #8774, .T. ) ;
#11541 = AXIS2_PLACEMENT_3D ( 'NONE', #4394, #1482, #8875 ) ;
#11542 = ADVANCED_FACE ( 'NONE', ( #11828 ), #10808, .T. ) ;
#11543 = PLANE ( 'NONE',  #11885 ) ;
#11544 = VERTEX_POINT ( 'NONE', #8078 ) ;
#11545 = LINE ( 'NONE', #109, #1677 ) ;
#11546 = CARTESIAN_POINT ( 'NONE',  ( 21.49999999999997868, 26.15914333795138447, 0.4500000000000000111 ) ) ;
#11547 = DIRECTION ( 'NONE',  ( 0.000000000000000000, -1.000000000000000000, 0.000000000000000000 ) ) ;
#11548 = DIRECTION ( 'NONE',  ( -9.614813431917789401E-15, -1.000000000000000000, 0.000000000000000000 ) ) ;
#11549 = LINE ( 'NONE', #49, #12260 ) ;
#11550 = LINE ( 'NONE', #7924, #10877 ) ;
#11551 = VERTEX_POINT ( 'NONE', #8976 ) ;
#11552 = EDGE_CURVE ( 'NONE', #11536, #2537, #12270, .T. ) ;
#11553 = VECTOR ( 'NONE', #7768, 1000.000000000000114 ) ;
#11554 = VERTEX_POINT ( 'NONE', #10946 ) ;
#11555 = ORIENTED_EDGE ( 'NONE', *, *, #7421, .F. ) ;
#11556 = DIRECTION ( 'NONE',  ( -0.5000000000000004441, -0.8660254037844384856, 0.000000000000000000 ) ) ;
#11557 = VERTEX_POINT ( 'NONE', #2999 ) ;
#11558 = ORIENTED_EDGE ( 'NONE', *, *, #11721, .F. ) ;
#11559 = ORIENTED_EDGE ( 'NONE', *, *, #3780, .T. ) ;
#11560 = EDGE_CURVE ( 'NONE', #9898, #8580, #8014, .T. ) ;
#11561 = EDGE_CURVE ( 'NONE', #812, #4672, #3188, .T. ) ;
#11562 = CARTESIAN_POINT ( 'NONE',  ( -11.20000000000001883, 22.57957166897568513, 0.4500000000000000111 ) ) ;
#11563 = CARTESIAN_POINT ( 'NONE',  ( 7.049999999999986500, 23.99407982849027121, 0.4500000000000000111 ) ) ;
#11564 = AXIS2_PLACEMENT_3D ( 'NONE', #4004, #11755, #11943 ) ;
#11565 = CARTESIAN_POINT ( 'NONE',  ( -26.84999999999997300, 25.43745550146435619, 0.4500000000000000111 ) ) ;
#11566 = ORIENTED_EDGE ( 'NONE', *, *, #10140, .F. ) ;
#11567 = CARTESIAN_POINT ( 'NONE',  ( -22.75000000000000711, 25.43745550146433487, 0.4500000000000000111 ) ) ;
#11568 = FACE_BOUND ( 'NONE', #5071, .T. ) ;
#11569 = EDGE_CURVE ( 'NONE', #10426, #10922, #1095, .T. ) ;
#11570 = VERTEX_POINT ( 'NONE', #4014 ) ;
#11571 = CARTESIAN_POINT ( 'NONE',  ( -21.89999999999997726, 22.57957166897569934, 0.4500000000000000111 ) ) ;
#11572 = EDGE_CURVE ( 'NONE', #1810, #6029, #7887, .T. ) ;
#11573 = VERTEX_POINT ( 'NONE', #8200 ) ;
#11574 = LINE ( 'NONE', #1740, #10033 ) ;
#11575 = AXIS2_PLACEMENT_3D ( 'NONE', #3786, #6827, #1119 ) ;
#11576 = FACE_OUTER_BOUND ( 'NONE', #8514, .T. ) ;
#11577 = CARTESIAN_POINT ( 'NONE',  ( -9.550000000000022027, 19.72168783648703538, 0.000000000000000000 ) ) ;
#11578 = PLANE ( 'NONE',  #2116 ) ;
#11579 = APPLICATION_PROTOCOL_DEFINITION ( 'international standard', 'config_control_design', 1994, #11587 ) ;
#11580 = VERTEX_POINT ( 'NONE', #12073 ) ;
#11581 = VECTOR ( 'NONE', #11021, 1000.000000000000000 ) ;
#11582 = LINE ( 'NONE', #10749, #6516 ) ;
#11583 = PLANE ( 'NONE',  #5309 ) ;
#11584 = VERTEX_POINT ( 'NONE', #1352 ) ;
#11585 = CARTESIAN_POINT ( 'NONE',  ( 21.89999999999997726, 22.57957166897569934, 0.4500000000000000111 ) ) ;
#11586 = ORIENTED_EDGE ( 'NONE', *, *, #1253, .T. ) ;
#11587 = APPLICATION_CONTEXT ( 'configuration controlled 3d designs of mechanical parts and assemblies' ) ;
#11588 = CARTESIAN_POINT ( 'NONE',  ( -17.80000000000000426, 21.13619599600161791, 0.000000000000000000 ) ) ;
#11589 = EDGE_LOOP ( 'NONE', ( #4003, #8454, #1844, #10384 ) ) ;
#11590 = ADVANCED_FACE ( 'NONE', ( #12266 ), #4260, .T. ) ;
#11591 = FACE_OUTER_BOUND ( 'NONE', #9577, .T. ) ;
#11592 = DIRECTION ( 'NONE',  ( -1.000000000000000000, 9.614813431917789401E-15, 0.000000000000000000 ) ) ;
#11593 = CARTESIAN_POINT ( 'NONE',  ( -35.94999999999998863, 23.99407982849027832, 0.4500000000000000111 ) ) ;
#11594 = FACE_OUTER_BOUND ( 'NONE', #11236, .T. ) ;
#11595 = VERTEX_POINT ( 'NONE', #11126 ) ;
#11596 = DIRECTION ( 'NONE',  ( 0.000000000000000000, 0.000000000000000000, -1.000000000000000000 ) ) ;
#11597 = ORIENTED_EDGE ( 'NONE', *, *, #4726, .F. ) ;
#11598 = CARTESIAN_POINT ( 'NONE',  ( 19.84999999999998721, 23.30125950546273828, 0.000000000000000000 ) ) ;
#11599 = VECTOR ( 'NONE', #4970, 1000.000000000000114 ) ;
#11600 = ADVANCED_FACE ( 'NONE', ( #9095 ), #2546, .T. ) ;
#11601 = DIRECTION ( 'NONE',  ( -0.8660254037844393737, 0.4999999999999985012, 0.000000000000000000 ) ) ;
#11602 = VECTOR ( 'NONE', #6713, 1000.000000000000114 ) ;
#11603 = ORIENTED_EDGE ( 'NONE', *, *, #2839, .T. ) ;
#11604 = FACE_OUTER_BOUND ( 'NONE', #12238, .T. ) ;
#11605 = ORIENTED_EDGE ( 'NONE', *, *, #9695, .F. ) ;
#11606 = LINE ( 'NONE', #5753, #11602 ) ;
#11607 = FACE_OUTER_BOUND ( 'NONE', #5535, .T. ) ;
#11608 = CARTESIAN_POINT ( 'NONE',  ( -31.39999999999997726, 20.44337567297409208, 0.4500000000000000111 ) ) ;
#11609 = LINE ( 'NONE', #878, #10221 ) ;
#11610 = CARTESIAN_POINT ( 'NONE',  ( 9.550000000000004263, 23.99407982849026411, 0.000000000000000000 ) ) ;
#11611 = VECTOR ( 'NONE', #564, 1000.000000000000000 ) ;
#11612 = CARTESIAN_POINT ( 'NONE',  ( 7.049999999999990052, 19.72168783648704959, 0.4500000000000000111 ) ) ;
#11613 = ORIENTED_EDGE ( 'NONE', *, *, #450, .T. ) ;
#11614 = ORIENTED_EDGE ( 'NONE', *, *, #293, .T. ) ;
#11615 = ORIENTED_EDGE ( 'NONE', *, *, #10009, .T. ) ;
#11616 = CARTESIAN_POINT ( 'NONE',  ( -28.49999999999997158, 21.13619599600163212, 0.4500000000000000111 ) ) ;
#11617 = ORIENTED_EDGE ( 'NONE', *, *, #4030, .F. ) ;
#11618 = ORIENTED_EDGE ( 'NONE', *, *, #8120, .T. ) ;
#11619 = EDGE_LOOP ( 'NONE', ( #10267, #1951, #5752, #12430 ) ) ;
#11620 = AXIS2_PLACEMENT_3D ( 'NONE', #3464, #552, #1761 ) ;
#11621 = CARTESIAN_POINT ( 'NONE',  ( 12.85000000000001918, 19.72168783648703894, 0.000000000000000000 ) ) ;
#11622 = CARTESIAN_POINT ( 'NONE',  ( -32.99999999999999289, 22.00000000000000355, 0.000000000000000000 ) ) ;
#11623 = DIRECTION ( 'NONE',  ( 0.000000000000000000, 0.000000000000000000, -1.000000000000000000 ) ) ;
#11624 = ORIENTED_EDGE ( 'NONE', *, *, #6051, .T. ) ;
#11625 = DIRECTION ( 'NONE',  ( 0.000000000000000000, 0.000000000000000000, -1.000000000000000000 ) ) ;
#11626 = EDGE_CURVE ( 'NONE', #5400, #11746, #8140, .T. ) ;
#11627 = EDGE_CURVE ( 'NONE', #10613, #6590, #12010, .T. ) ;
#11628 = FACE_BOUND ( 'NONE', #5056, .T. ) ;
#11629 = ORIENTED_EDGE ( 'NONE', *, *, #6815, .F. ) ;
#11630 = DIRECTION ( 'NONE',  ( 0.000000000000000000, 0.000000000000000000, -1.000000000000000000 ) ) ;
#11631 = ORIENTED_EDGE ( 'NONE', *, *, #10847, .T. ) ;
#11632 = DIRECTION ( 'NONE',  ( -0.8660254037844393737, -0.4999999999999985012, 0.000000000000000000 ) ) ;
#11633 = ADVANCED_FACE ( 'NONE', ( #7183 ), #12202, .T. ) ;
#11634 = VECTOR ( 'NONE', #10606, 1000.000000000000000 ) ;
#11635 = PLANE ( 'NONE',  #9679 ) ;
#11636 = DIRECTION ( 'NONE',  ( 0.000000000000000000, 0.000000000000000000, 1.000000000000000000 ) ) ;
#11637 = EDGE_CURVE ( 'NONE', #5794, #11882, #8396, .T. ) ;
#11638 = CARTESIAN_POINT ( 'NONE',  ( -36.34999999999998010, 23.30125950546274538, 0.4500000000000000111 ) ) ;
#11639 = EDGE_CURVE ( 'NONE', #1170, #6783, #2359, .T. ) ;
#11640 = FACE_OUTER_BOUND ( 'NONE', #145, .T. ) ;
#11641 = DIRECTION ( 'NONE',  ( 0.8660254037844394848, 0.4999999999999984457, 0.000000000000000000 ) ) ;
#11642 = EDGE_CURVE ( 'NONE', #4481, #5400, #10110, .T. ) ;
#11643 = ORIENTED_EDGE ( 'NONE', *, *, #10323, .T. ) ;
#11644 = VECTOR ( 'NONE', #4315, 1000.000000000000000 ) ;
#11645 = CARTESIAN_POINT ( 'NONE',  ( 27.33205080756887639, 18.00000000000000355, 0.000000000000000000 ) ) ;
#11646 = FACE_OUTER_BOUND ( 'NONE', #4417, .T. ) ;
#11647 = ORIENTED_EDGE ( 'NONE', *, *, #5204, .T. ) ;
#11648 = CARTESIAN_POINT ( 'NONE',  ( 20.24999999999998224, 18.27831216351297883, 0.000000000000000000 ) ) ;
#11649 = ORIENTED_EDGE ( 'NONE', *, *, #12245, .F. ) ;
#11650 = DIRECTION ( 'NONE',  ( 0.000000000000000000, 0.000000000000000000, 1.000000000000000000 ) ) ;
#11651 = CARTESIAN_POINT ( 'NONE',  ( 14.62435565298207329, 25.99999999999999645, 0.4500000000000000111 ) ) ;
#11652 = ORIENTED_EDGE ( 'NONE', *, *, #144, .T. ) ;
#11653 = AXIS2_PLACEMENT_3D ( 'NONE', #723, #10372, #12341 ) ;
#11654 = DIRECTION ( 'NONE',  ( 0.000000000000000000, 0.000000000000000000, -1.000000000000000000 ) ) ;
#11655 = EDGE_CURVE ( 'NONE', #11982, #441, #10298, .T. ) ;
#11656 = AXIS2_PLACEMENT_3D ( 'NONE', #129, #3108, #6984 ) ;
#11657 = CARTESIAN_POINT ( 'NONE',  ( -7.049999999999990941, 19.29861146815199291, 0.000000000000000000 ) ) ;
#11658 = DIRECTION ( 'NONE',  ( 1.000000000000000000, 0.000000000000000000, 0.000000000000000000 ) ) ;
#11659 = LINE ( 'NONE', #11533, #7227 ) ;
#11660 = ORIENTED_EDGE ( 'NONE', *, *, #1759, .T. ) ;
#11661 = LINE ( 'NONE', #11726, #1425 ) ;
#11662 = EDGE_CURVE ( 'NONE', #11498, #4412, #10638, .T. ) ;
#11663 = VECTOR ( 'NONE', #10821, 1000.000000000000000 ) ;
#11664 = ORIENTED_EDGE ( 'NONE', *, *, #3245, .F. ) ;
#11665 = PLANE ( 'NONE',  #1613 ) ;
#11666 = AXIS2_PLACEMENT_3D ( 'NONE', #2749, #3698, #18 ) ;
#11667 = EDGE_CURVE ( 'NONE', #3073, #8597, #3373, .T. ) ;
#11668 = LINE ( 'NONE', #12548, #7150 ) ;
#11669 = ORIENTED_EDGE ( 'NONE', *, *, #9923, .F. ) ;
#11670 = DIRECTION ( 'NONE',  ( 0.000000000000000000, 0.000000000000000000, -1.000000000000000000 ) ) ;
#11671 = VERTEX_POINT ( 'NONE', #7247 ) ;
#11672 = VECTOR ( 'NONE', #4305, 1000.000000000000114 ) ;
#11673 = PLANE ( 'NONE',  #10585 ) ;
#11674 = LINE ( 'NONE', #8947, #9241 ) ;
#11675 = CARTESIAN_POINT ( 'NONE',  ( 24.40000000000001279, 22.57957166897568868, 0.4500000000000000111 ) ) ;
#11676 = CARTESIAN_POINT ( 'NONE',  ( -13.64999999999998082, 25.43745550146434553, 0.000000000000000000 ) ) ;
#11677 = CARTESIAN_POINT ( 'NONE',  ( 35.09999999999998010, 22.57957166897571000, 0.000000000000000000 ) ) ;
#11678 = LINE ( 'NONE', #5070, #9258 ) ;
#11679 = ORIENTED_EDGE ( 'NONE', *, *, #4013, .F. ) ;
#11680 = ORIENTED_EDGE ( 'NONE', *, *, #431, .F. ) ;
#11681 = ORIENTED_EDGE ( 'NONE', *, *, #3369, .F. ) ;
#11682 = VECTOR ( 'NONE', #11740, 1000.000000000000000 ) ;
#11683 = CARTESIAN_POINT ( 'NONE',  ( -35.95000000000000284, 19.29861146815199646, 0.000000000000000000 ) ) ;
#11684 = VECTOR ( 'NONE', #12247, 1000.000000000000000 ) ;
#11685 = VERTEX_POINT ( 'NONE', #647 ) ;
#11686 = VECTOR ( 'NONE', #9002, 1000.000000000000000 ) ;
#11687 = ORIENTED_EDGE ( 'NONE', *, *, #11403, .T. ) ;
#11688 = ORIENTED_EDGE ( 'NONE', *, *, #919, .F. ) ;
#11689 = LINE ( 'NONE', #5707, #11634 ) ;
#11690 = CARTESIAN_POINT ( 'NONE',  ( 13.25000000000000000, 20.41450815951458608, 0.4500000000000000111 ) ) ;
#11691 = VECTOR ( 'NONE', #12098, 1000.000000000000000 ) ;
#11692 = CARTESIAN_POINT ( 'NONE',  ( -32.99999999999999289, 22.00000000000000355, 0.000000000000000000 ) ) ;
#11693 = EDGE_CURVE ( 'NONE', #11866, #2477, #9435, .T. ) ;
#11694 = LINE ( 'NONE', #3936, #4177 ) ;
#11695 = ORIENTED_EDGE ( 'NONE', *, *, #5971, .F. ) ;
#11696 = CARTESIAN_POINT ( 'NONE',  ( -16.54999999999999716, 20.41450815951458608, 0.000000000000000000 ) ) ;
#11697 = DIRECTION ( 'NONE',  ( 0.000000000000000000, 0.000000000000000000, -1.000000000000000000 ) ) ;
#11698 = VERTEX_POINT ( 'NONE', #9155 ) ;
#11699 = ORIENTED_EDGE ( 'NONE', *, *, #10471, .T. ) ;
#11700 = LINE ( 'NONE', #1222, #6535 ) ;
#11701 = LINE ( 'NONE', #4198, #9892 ) ;
#11702 = LINE ( 'NONE', #141, #312 ) ;
#11703 = EDGE_CURVE ( 'NONE', #9438, #12082, #5334, .T. ) ;
#11704 = DIRECTION ( 'NONE',  ( -0.4999999999999985567, 0.8660254037844394848, 0.000000000000000000 ) ) ;
#11705 = DIRECTION ( 'NONE',  ( -0.000000000000000000, -0.000000000000000000, -1.000000000000000000 ) ) ;
#11706 = ORIENTED_EDGE ( 'NONE', *, *, #1324, .T. ) ;
#11707 = DIRECTION ( 'NONE',  ( -0.8660254037844388186, -0.4999999999999997224, 0.000000000000000000 ) ) ;
#11708 = DIRECTION ( 'NONE',  ( 9.614813431917789401E-15, -1.000000000000000000, 0.000000000000000000 ) ) ;
#11709 = ORIENTED_EDGE ( 'NONE', *, *, #3558, .T. ) ;
#11710 = EDGE_CURVE ( 'NONE', #8196, #3532, #5215, .T. ) ;
#11711 = CARTESIAN_POINT ( 'NONE',  ( -20.24999999999997513, 23.99407982849027476, 0.000000000000000000 ) ) ;
#11712 = EDGE_CURVE ( 'NONE', #1570, #10870, #5403, .T. ) ;
#11713 = ORIENTED_EDGE ( 'NONE', *, *, #3882, .F. ) ;
#11714 = VERTEX_POINT ( 'NONE', #451 ) ;
#11715 = LINE ( 'NONE', #3011, #10223 ) ;
#11716 = VECTOR ( 'NONE', #5540, 1000.000000000000000 ) ;
#11717 = DIRECTION ( 'NONE',  ( 0.8660254037844393737, -0.4999999999999985012, 0.000000000000000000 ) ) ;
#11718 = EDGE_LOOP ( 'NONE', ( #11429, #4271, #11872, #4547, #4863, #2430, #3410 ) ) ;
#11719 = CARTESIAN_POINT ( 'NONE',  ( 35.95000000000000284, 19.29861146815200001, 0.4500000000000000111 ) ) ;
#11720 = VECTOR ( 'NONE', #5869, 1000.000000000000114 ) ;
#11721 = EDGE_CURVE ( 'NONE', #1070, #4552, #11189, .T. ) ;
#11722 = CARTESIAN_POINT ( 'NONE',  ( 21.49999999999998579, 20.44337567297409208, 0.4500000000000000111 ) ) ;
#11723 = DIRECTION ( 'NONE',  ( -0.4999999999999997224, -0.8660254037844388186, 0.000000000000000000 ) ) ;
#11724 = DIRECTION ( 'NONE',  ( 0.000000000000000000, 0.000000000000000000, -1.000000000000000000 ) ) ;
#11725 = VERTEX_POINT ( 'NONE', #584 ) ;
#11726 = CARTESIAN_POINT ( 'NONE',  ( 19.45000000000000284, 18.27831216351297172, 0.000000000000000000 ) ) ;
#11727 = ORIENTED_EDGE ( 'NONE', *, *, #9618, .F. ) ;
#11728 = DIRECTION ( 'NONE',  ( 0.000000000000000000, -1.000000000000000000, 0.000000000000000000 ) ) ;
#11729 = ADVANCED_FACE ( 'NONE', ( #10489 ), #890, .T. ) ;
#11730 = DIRECTION ( 'NONE',  ( 0.000000000000000000, 0.000000000000000000, 1.000000000000000000 ) ) ;
#11731 = ORIENTED_EDGE ( 'NONE', *, *, #2876, .T. ) ;
#11732 = CARTESIAN_POINT ( 'NONE',  ( -31.39999999999997726, 20.44337567297409208, 0.000000000000000000 ) ) ;
#11733 = ORIENTED_EDGE ( 'NONE', *, *, #1910, .T. ) ;
#11734 = VECTOR ( 'NONE', #5408, 1000.000000000000000 ) ;
#11735 = PLANE ( 'NONE',  #7745 ) ;
#11736 = CARTESIAN_POINT ( 'NONE',  ( 20.24999999999997513, 23.99407982849027476, 0.4500000000000000111 ) ) ;
#11737 = CARTESIAN_POINT ( 'NONE',  ( -13.64999999999998082, 23.99407982849027121, 0.4500000000000000111 ) ) ;
#11738 = DIRECTION ( 'NONE',  ( 0.000000000000000000, 0.000000000000000000, -1.000000000000000000 ) ) ;
#11739 = FACE_OUTER_BOUND ( 'NONE', #5704, .T. ) ;
#11740 = DIRECTION ( 'NONE',  ( 0.000000000000000000, -1.000000000000000000, 0.000000000000000000 ) ) ;
#11741 = ORIENTED_EDGE ( 'NONE', *, *, #11409, .F. ) ;
#11742 = ORIENTED_EDGE ( 'NONE', *, *, #5513, .F. ) ;
#11743 = CARTESIAN_POINT ( 'NONE',  ( -16.14999999999999858, 23.99407982849026411, 0.4500000000000000111 ) ) ;
#11744 = VECTOR ( 'NONE', #6030, 1000.000000000000114 ) ;
#11745 = VERTEX_POINT ( 'NONE', #4758 ) ;
#11746 = VERTEX_POINT ( 'NONE', #7499 ) ;
#11747 = EDGE_LOOP ( 'NONE', ( #4045, #4838, #4753, #10218 ) ) ;
#11748 = DIRECTION ( 'NONE',  ( 0.000000000000000000, 0.000000000000000000, -1.000000000000000000 ) ) ;
#11749 = DIRECTION ( 'NONE',  ( 0.8660254037844383745, 0.5000000000000003331, 0.000000000000000000 ) ) ;
#11750 = PLANE ( 'NONE',  #8180 ) ;
#11751 = VECTOR ( 'NONE', #4988, 1000.000000000000000 ) ;
#11752 = DIRECTION ( 'NONE',  ( 1.000000000000000000, 0.000000000000000000, 0.000000000000000000 ) ) ;
#11753 = ORIENTED_EDGE ( 'NONE', *, *, #8106, .T. ) ;
#11754 = EDGE_CURVE ( 'NONE', #700, #951, #8646, .T. ) ;
#11755 = DIRECTION ( 'NONE',  ( 0.4999999999999997224, -0.8660254037844388186, -0.000000000000000000 ) ) ;
#11756 = LINE ( 'NONE', #9921, #1805 ) ;
#11757 = ORIENTED_EDGE ( 'NONE', *, *, #5656, .T. ) ;
#11758 = ORIENTED_EDGE ( 'NONE', *, *, #10655, .T. ) ;
#11759 = CARTESIAN_POINT ( 'NONE',  ( -29.74999999999998934, 20.41450815951459319, 0.000000000000000000 ) ) ;
#11760 = ADVANCED_FACE ( 'NONE', ( #1793 ), #9414, .T. ) ;
#11761 = DIRECTION ( 'NONE',  ( 0.000000000000000000, -1.000000000000000000, 0.000000000000000000 ) ) ;
#11762 = AXIS2_PLACEMENT_3D ( 'NONE', #2804, #6619, #894 ) ;
#11763 = CARTESIAN_POINT ( 'NONE',  ( 19.84999999999998721, 23.30125950546273828, 0.4500000000000000111 ) ) ;
#11764 = LINE ( 'NONE', #1168, #11452 ) ;
#11765 = ADVANCED_FACE ( 'NONE', ( #4823 ), #9534, .T. ) ;
#11766 = CARTESIAN_POINT ( 'NONE',  ( -32.64999999999999147, 23.99407982849027476, 0.4500000000000000111 ) ) ;
#11767 = EDGE_LOOP ( 'NONE', ( #5284, #1112, #4681, #116 ) ) ;
#11768 = EDGE_CURVE ( 'NONE', #10532, #308, #3681, .T. ) ;
#11769 = CARTESIAN_POINT ( 'NONE',  ( 21.89999999999997726, 21.13619599600162502, 0.000000000000000000 ) ) ;
#11770 = DIRECTION ( 'NONE',  ( 0.000000000000000000, 0.000000000000000000, 1.000000000000000000 ) ) ;
#11771 = ORIENTED_EDGE ( 'NONE', *, *, #2269, .F. ) ;
#11772 = DIRECTION ( 'NONE',  ( -0.8660254037844393737, -0.4999999999999985012, 0.000000000000000000 ) ) ;
#11773 = ORIENTED_EDGE ( 'NONE', *, *, #914, .T. ) ;
#11774 = ORIENTED_EDGE ( 'NONE', *, *, #118, .T. ) ;
#11775 = PLANE ( 'NONE',  #3126 ) ;
#11776 = CARTESIAN_POINT ( 'NONE',  ( -32.99999999999999289, 25.99999999999999645, 0.4500000000000000111 ) ) ;
#11777 = ORIENTED_EDGE ( 'NONE', *, *, #792, .T. ) ;
#11778 = DIRECTION ( 'NONE',  ( 0.8660254037844383745, -0.5000000000000003331, 0.000000000000000000 ) ) ;
#11779 = EDGE_CURVE ( 'NONE', #704, #11573, #11373, .T. ) ;
#11780 = VECTOR ( 'NONE', #7731, 1000.000000000000000 ) ;
#11781 = CARTESIAN_POINT ( 'NONE',  ( -32.64999999999999147, 23.99407982849027476, 0.000000000000000000 ) ) ;
#11782 = CARTESIAN_POINT ( 'NONE',  ( -15.29999999999998295, 22.57957166897569934, 0.4500000000000000111 ) ) ;
#11783 = CARTESIAN_POINT ( 'NONE',  ( 17.43205080756887781, 18.00000000000000355, 0.4500000000000000111 ) ) ;
#11784 = ORIENTED_EDGE ( 'NONE', *, *, #8440, .F. ) ;
#11785 = LINE ( 'NONE', #5809, #10952 ) ;
#11786 = VERTEX_POINT ( 'NONE', #10419 ) ;
#11787 = EDGE_CURVE ( 'NONE', #12428, #6346, #5529, .T. ) ;
#11788 = CARTESIAN_POINT ( 'NONE',  ( -35.94999999999998863, 23.99407982849027832, 0.000000000000000000 ) ) ;
#11789 = EDGE_CURVE ( 'NONE', #12224, #4816, #2672, .T. ) ;
#11790 = CARTESIAN_POINT ( 'NONE',  ( 10.34999999999998721, 19.72168783648705315, 0.000000000000000000 ) ) ;
#11791 = ORIENTED_EDGE ( 'NONE', *, *, #10092, .F. ) ;
#11792 = EDGE_CURVE ( 'NONE', #10233, #10970, #3877, .T. ) ;
#11793 = CARTESIAN_POINT ( 'NONE',  ( 18.96794919243111721, 18.00000000000000355, 0.4500000000000000111 ) ) ;
#11794 = EDGE_LOOP ( 'NONE', ( #249, #11605, #6034, #8775 ) ) ;
#11795 = DIRECTION ( 'NONE',  ( -0.000000000000000000, -0.000000000000000000, -1.000000000000000000 ) ) ;
#11796 = FACE_OUTER_BOUND ( 'NONE', #1832, .T. ) ;
#11797 = EDGE_CURVE ( 'NONE', #12005, #7026, #7625, .T. ) ;
#11798 = LINE ( 'NONE', #939, #7558 ) ;
#11799 = CARTESIAN_POINT ( 'NONE',  ( -32.99999999999999289, 18.00000000000000355, 0.000000000000000000 ) ) ;
#11800 = EDGE_CURVE ( 'NONE', #778, #6449, #8577, .T. ) ;
#11801 = DIRECTION ( 'NONE',  ( 1.000000000000000000, 9.614813431917789401E-15, 0.000000000000000000 ) ) ;
#11802 = EDGE_CURVE ( 'NONE', #6457, #1296, #11503, .T. ) ;
#11803 = CARTESIAN_POINT ( 'NONE',  ( 32.99999999999999289, 25.99999999999999645, 0.4500000000000000111 ) ) ;
#11804 = EDGE_LOOP ( 'NONE', ( #10442, #3652, #5957, #6621, #1075, #6537 ) ) ;
#11805 = EDGE_LOOP ( 'NONE', ( #1985, #3027, #8308, #11434, #8703, #610, #11649 ) ) ;
#11806 = CIRCLE ( 'NONE', #4500, 3.999999999999996447 ) ;
#11807 = DIRECTION ( 'NONE',  ( 9.614813431917789401E-15, 1.000000000000000000, 0.000000000000000000 ) ) ;
#11808 = ORIENTED_EDGE ( 'NONE', *, *, #11552, .T. ) ;
#11809 = VERTEX_POINT ( 'NONE', #11563 ) ;
#11810 = VERTEX_POINT ( 'NONE', #7685 ) ;
#11811 = CARTESIAN_POINT ( 'NONE',  ( 21.77564434701789153, 25.99999999999999645, 0.4500000000000000111 ) ) ;
#11812 = CARTESIAN_POINT ( 'NONE',  ( 28.49999999999997158, 21.13619599600163212, 0.000000000000000000 ) ) ;
#11813 = VECTOR ( 'NONE', #10950, 1000.000000000000000 ) ;
#11814 = EDGE_CURVE ( 'NONE', #11486, #7618, #5772, .T. ) ;
#11815 = DIRECTION ( 'NONE',  ( 0.8660254037844393737, 0.4999999999999985012, 0.000000000000000000 ) ) ;
#11816 = DIRECTION ( 'NONE',  ( -0.8660254037844387076, 0.4999999999999997224, 0.000000000000000000 ) ) ;
#11817 = VERTEX_POINT ( 'NONE', #10548 ) ;
#11818 = DIRECTION ( 'NONE',  ( 0.8660254037844393737, -0.4999999999999985012, 0.000000000000000000 ) ) ;
#11819 = CARTESIAN_POINT ( 'NONE',  ( 21.77564434701789153, 25.99999999999999645, 0.000000000000000000 ) ) ;
#11820 = EDGE_CURVE ( 'NONE', #5706, #9328, #12059, .T. ) ;
#11821 = ORIENTED_EDGE ( 'NONE', *, *, #6073, .F. ) ;
#11822 = EDGE_CURVE ( 'NONE', #4474, #11457, #10360, .T. ) ;
#11823 = VECTOR ( 'NONE', #2408, 1000.000000000000000 ) ;
#11824 = ORIENTED_EDGE ( 'NONE', *, *, #10361, .T. ) ;
#11825 = PLANE ( 'NONE',  #7142 ) ;
#11826 = LINE ( 'NONE', #3120, #888 ) ;
#11827 = DIRECTION ( 'NONE',  ( 0.000000000000000000, 0.000000000000000000, -1.000000000000000000 ) ) ;
#11828 = FACE_OUTER_BOUND ( 'NONE', #1719, .T. ) ;
#11829 = CARTESIAN_POINT ( 'NONE',  ( -12.85000000000000497, 18.27831216351296817, 0.4500000000000000111 ) ) ;
#11830 = ORIENTED_EDGE ( 'NONE', *, *, #2876, .F. ) ;
#11831 = DIRECTION ( 'NONE',  ( 0.000000000000000000, 0.000000000000000000, -1.000000000000000000 ) ) ;
#11832 = CARTESIAN_POINT ( 'NONE',  ( -26.04999999999999716, 18.27831216351297527, 0.000000000000000000 ) ) ;
#11833 = EDGE_LOOP ( 'NONE', ( #6171, #8386, #4097, #9051 ) ) ;
#11834 = DIRECTION ( 'NONE',  ( -0.8660254037844383745, -0.5000000000000003331, 0.000000000000000000 ) ) ;
#11835 = ORIENTED_EDGE ( 'NONE', *, *, #9961, .F. ) ;
#11836 = VERTEX_POINT ( 'NONE', #5708 ) ;
#11837 = ORIENTED_EDGE ( 'NONE', *, *, #12563, .T. ) ;
#11838 = LINE ( 'NONE', #11905, #1713 ) ;
#11839 = DIRECTION ( 'NONE',  ( 0.4999999999999985567, 0.8660254037844394848, 0.000000000000000000 ) ) ;
#11840 = EDGE_LOOP ( 'NONE', ( #8162, #2853, #5633, #7972, #8089, #9116 ) ) ;
#11841 = VECTOR ( 'NONE', #10947, 1000.000000000000000 ) ;
#11842 = CARTESIAN_POINT ( 'NONE',  ( 11.59999999999998721, 26.15914333795138091, 0.4500000000000000111 ) ) ;
#11843 = AXIS2_PLACEMENT_3D ( 'NONE', #9926, #1224, #1093 ) ;
#11844 = CARTESIAN_POINT ( 'NONE',  ( 12.85000000000001918, 19.72168783648703894, 0.4500000000000000111 ) ) ;
#11845 = CARTESIAN_POINT ( 'NONE',  ( -32.99999999999999289, 22.00000000000000355, 0.4500000000000000111 ) ) ;
#11846 = EDGE_CURVE ( 'NONE', #1412, #6059, #9594, .T. ) ;
#11847 = ADVANCED_FACE ( 'NONE', ( #8459 ), #9478, .F. ) ;
#11848 = CARTESIAN_POINT ( 'NONE',  ( 23.54999999999997584, 18.27831216351298238, 0.000000000000000000 ) ) ;
#11849 = VERTEX_POINT ( 'NONE', #1153 ) ;
#11850 = VECTOR ( 'NONE', #10427, 1000.000000000000114 ) ;
#11851 = FACE_OUTER_BOUND ( 'NONE', #9603, .T. ) ;
#11852 = ORIENTED_EDGE ( 'NONE', *, *, #11710, .F. ) ;
#11853 = AXIS2_PLACEMENT_3D ( 'NONE', #12088, #9365, #2435 ) ;
#11854 = DIRECTION ( 'NONE',  ( 0.000000000000000000, 0.000000000000000000, -1.000000000000000000 ) ) ;
#11855 = ORIENTED_EDGE ( 'NONE', *, *, #2407, .T. ) ;
#11856 = CARTESIAN_POINT ( 'NONE',  ( 30.14999999999997371, 19.72168783648705670, 0.4500000000000000111 ) ) ;
#11857 = ORIENTED_EDGE ( 'NONE', *, *, #3939, .T. ) ;
#11858 = CARTESIAN_POINT ( 'NONE',  ( 10.34999999999998366, 25.43745550146434553, 0.4500000000000000111 ) ) ;
#11859 = CARTESIAN_POINT ( 'NONE',  ( -8.861963764628281837, 25.83469340716842311, 0.4500000000000000111 ) ) ;
#11860 = EDGE_CURVE ( 'NONE', #5272, #9499, #1212, .T. ) ;
#11861 = LINE ( 'NONE', #2212, #5319 ) ;
#11862 = DIRECTION ( 'NONE',  ( -0.4999999999999985567, 0.8660254037844394848, 0.000000000000000000 ) ) ;
#11863 = CARTESIAN_POINT ( 'NONE',  ( 36.76723304979909557, 20.65539777313091818, 0.4500000000000000111 ) ) ;
#11864 = VECTOR ( 'NONE', #1364, 1000.000000000000000 ) ;
#11865 = CARTESIAN_POINT ( 'NONE',  ( -32.99999999999999289, 18.00000000000000355, 0.4500000000000000111 ) ) ;
#11866 = VERTEX_POINT ( 'NONE', #10669 ) ;
#11867 = AXIS2_PLACEMENT_3D ( 'NONE', #11546, #9519, #8563 ) ;
#11868 = ORIENTED_EDGE ( 'NONE', *, *, #10869, .F. ) ;
#11869 = ADVANCED_FACE ( 'NONE', ( #8766 ), #256, .T. ) ;
#11870 = CARTESIAN_POINT ( 'NONE',  ( -21.10000000000000142, 21.13619599600162147, 0.000000000000000000 ) ) ;
#11871 = ADVANCED_FACE ( 'NONE', ( #5140 ), #2225, .T. ) ;
#11872 = ORIENTED_EDGE ( 'NONE', *, *, #4020, .F. ) ;
#11873 = EDGE_CURVE ( 'NONE', #716, #8929, #9718, .T. ) ;
#11874 = VERTEX_POINT ( 'NONE', #8897 ) ;
#11875 = VECTOR ( 'NONE', #12211, 1000.000000000000114 ) ;
#11876 = EDGE_LOOP ( 'NONE', ( #4195, #2217, #1331, #12530 ) ) ;
#11877 = LOCAL_TIME ( 19, 35, 56.00000000000000000, #9799 ) ;
#11878 = DIRECTION ( 'NONE',  ( -1.000000000000000000, 0.000000000000000000, 0.000000000000000000 ) ) ;
#11879 = LINE ( 'NONE', #9915, #1117 ) ;
#11880 = DIRECTION ( 'NONE',  ( -0.4999999999999985012, 0.8660254037844395958, 0.000000000000000000 ) ) ;
#11881 = LINE ( 'NONE', #2166, #8643 ) ;
#11882 = VERTEX_POINT ( 'NONE', #4121 ) ;
#11883 = VECTOR ( 'NONE', #10111, 1000.000000000000000 ) ;
#11884 = CARTESIAN_POINT ( 'NONE',  ( 23.14999999999999503, 20.41450815951458608, 0.4500000000000000111 ) ) ;
#11885 = AXIS2_PLACEMENT_3D ( 'NONE', #10650, #2966, #12328 ) ;
#11886 = FACE_OUTER_BOUND ( 'NONE', #4118, .T. ) ;
#11887 = VERTEX_POINT ( 'NONE', #7806 ) ;
#11888 = VECTOR ( 'NONE', #8259, 1000.000000000000114 ) ;
#11889 = ORIENTED_EDGE ( 'NONE', *, *, #5573, .T. ) ;
#11890 = EDGE_CURVE ( 'NONE', #6307, #5817, #2983, .T. ) ;
#11891 = CARTESIAN_POINT ( 'NONE',  ( 15.29999999999998295, 21.13619599600162502, 0.4500000000000000111 ) ) ;
#11892 = VECTOR ( 'NONE', #8714, 1000.000000000000114 ) ;
#11893 = CARTESIAN_POINT ( 'NONE',  ( 16.94999999999998153, 18.27831216351297883, 0.000000000000000000 ) ) ;
#11894 = VECTOR ( 'NONE', #2582, 1000.000000000000000 ) ;
#11895 = FACE_OUTER_BOUND ( 'NONE', #9852, .T. ) ;
#11896 = DIRECTION ( 'NONE',  ( 0.000000000000000000, 0.000000000000000000, -1.000000000000000000 ) ) ;
#11897 = CARTESIAN_POINT ( 'NONE',  ( -12.85000000000000142, 23.99407982849026411, 0.000000000000000000 ) ) ;
#11898 = EDGE_LOOP ( 'NONE', ( #5460, #1009, #1599, #10160 ) ) ;
#11899 = CARTESIAN_POINT ( 'NONE',  ( 11.99999999999998401, 22.57957166897569934, 0.4500000000000000111 ) ) ;
#11900 = CARTESIAN_POINT ( 'NONE',  ( -35.09999999999998010, 22.57957166897571000, 0.4500000000000000111 ) ) ;
#11901 = CARTESIAN_POINT ( 'NONE',  ( -8.300000000000002487, 23.27239199200323228, 0.4500000000000000111 ) ) ;
#11902 = ORIENTED_EDGE ( 'NONE', *, *, #6742, .T. ) ;
#11903 = VERTEX_POINT ( 'NONE', #3048 ) ;
#11904 = VERTEX_POINT ( 'NONE', #1968 ) ;
#11905 = CARTESIAN_POINT ( 'NONE',  ( 24.03205080756887924, 18.00000000000000355, 0.4500000000000000111 ) ) ;
#11906 = DIRECTION ( 'NONE',  ( -0.8660254037844388186, -0.4999999999999997224, 0.000000000000000000 ) ) ;
#11907 = ORIENTED_EDGE ( 'NONE', *, *, #3642, .T. ) ;
#11908 = DIRECTION ( 'NONE',  ( 0.5000000000000004441, -0.8660254037844384856, 0.000000000000000000 ) ) ;
#11909 = LINE ( 'NONE', #9885, #11916 ) ;
#11910 = PLANE ( 'NONE',  #2257 ) ;
#11911 = CARTESIAN_POINT ( 'NONE',  ( -24.40000000000001279, 22.57957166897568868, 0.4500000000000000111 ) ) ;
#11912 = ORIENTED_EDGE ( 'NONE', *, *, #2054, .F. ) ;
#11913 = DIRECTION ( 'NONE',  ( 1.000000000000000000, 0.000000000000000000, 0.000000000000000000 ) ) ;
#11914 = VERTEX_POINT ( 'NONE', #9020 ) ;
#11915 = AXIS2_PLACEMENT_3D ( 'NONE', #8471, #8588, #3695 ) ;
#11916 = VECTOR ( 'NONE', #10963, 1000.000000000000114 ) ;
#11917 = DIRECTION ( 'NONE',  ( 0.000000000000000000, 0.000000000000000000, -1.000000000000000000 ) ) ;
#11918 = ORIENTED_EDGE ( 'NONE', *, *, #3320, .T. ) ;
#11919 = CARTESIAN_POINT ( 'NONE',  ( 31.79999999999996874, 22.57957166897570644, 0.4500000000000000111 ) ) ;
#11920 = ORIENTED_EDGE ( 'NONE', *, *, #1234, .T. ) ;
#11921 = EDGE_CURVE ( 'NONE', #4506, #5272, #6920, .T. ) ;
#11922 = CARTESIAN_POINT ( 'NONE',  ( 24.79999999999999361, 23.27239199200323938, 0.4500000000000000111 ) ) ;
#11923 = AXIS2_PLACEMENT_3D ( 'NONE', #5553, #5493, #10262 ) ;
#11924 = DIRECTION ( 'NONE',  ( 0.8660254037844383745, -0.5000000000000003331, 0.000000000000000000 ) ) ;
#11925 = PLANE ( 'NONE',  #1092 ) ;
#11926 = DIRECTION ( 'NONE',  ( 0.8660254037844394848, -0.4999999999999985012, 0.000000000000000000 ) ) ;
#11927 = DIRECTION ( 'NONE',  ( 0.000000000000000000, 1.000000000000000000, 0.000000000000000000 ) ) ;
#11928 = ORIENTED_EDGE ( 'NONE', *, *, #9388, .F. ) ;
#11929 = ORIENTED_EDGE ( 'NONE', *, *, #9209, .T. ) ;
#11930 = PLANE ( 'NONE',  #6476 ) ;
#11931 = ORIENTED_EDGE ( 'NONE', *, *, #1115, .T. ) ;
#11932 = EDGE_CURVE ( 'NONE', #12438, #5644, #6854, .T. ) ;
#11933 = EDGE_LOOP ( 'NONE', ( #1575, #9026, #2574, #6329 ) ) ;
#11934 = ORIENTED_EDGE ( 'NONE', *, *, #12414, .F. ) ;
#11935 = DIRECTION ( 'NONE',  ( 0.000000000000000000, 0.000000000000000000, -1.000000000000000000 ) ) ;
#11936 = CARTESIAN_POINT ( 'NONE',  ( 17.92435565298207223, 25.99999999999999645, 0.4500000000000000111 ) ) ;
#11937 = ADVANCED_FACE ( 'NONE', ( #2095 ), #10732, .T. ) ;
#11938 = FACE_BOUND ( 'NONE', #6555, .T. ) ;
#11939 = DIRECTION ( 'NONE',  ( -0.8660254037844394848, 0.4999999999999984457, 0.000000000000000000 ) ) ;
#11940 = PLANE ( 'NONE',  #9890 ) ;
#11941 = VERTEX_POINT ( 'NONE', #9848 ) ;
#11942 = VECTOR ( 'NONE', #3366, 1000.000000000000114 ) ;
#11943 = DIRECTION ( 'NONE',  ( -0.8660254037844388186, -0.4999999999999997224, 0.000000000000000000 ) ) ;
#11944 = CARTESIAN_POINT ( 'NONE',  ( -18.59999999999998010, 22.57957166897570289, 0.4500000000000000111 ) ) ;
#11945 = ORIENTED_EDGE ( 'NONE', *, *, #3874, .T. ) ;
#11946 = EDGE_CURVE ( 'NONE', #963, #9983, #2033, .T. ) ;
#11947 = EDGE_CURVE ( 'NONE', #9250, #7258, #10860, .T. ) ;
#11948 = EDGE_LOOP ( 'NONE', ( #5763, #2394, #8313, #9711, #9913, #4222, #10411 ) ) ;
#11949 = EDGE_CURVE ( 'NONE', #7026, #6692, #316, .T. ) ;
#11950 = LINE ( 'NONE', #5979, #1580 ) ;
#11951 = LINE ( 'NONE', #12009, #10665 ) ;
#11952 = AXIS2_PLACEMENT_3D ( 'NONE', #2520, #1582, #7719 ) ;
#11953 = DIRECTION ( 'NONE',  ( 0.8660254037844383745, -0.5000000000000003331, 0.000000000000000000 ) ) ;
#11954 = CARTESIAN_POINT ( 'NONE',  ( -8.699999999999986855, 21.13619599600162147, 0.4500000000000000111 ) ) ;
#11955 = ORIENTED_EDGE ( 'NONE', *, *, #2079, .T. ) ;
#11956 = ADVANCED_FACE ( 'NONE', ( #4188 ), #4945, .T. ) ;
#11957 = CARTESIAN_POINT ( 'NONE',  ( 37.60000000000000853, 22.57957166897569579, 0.4500000000000000111 ) ) ;
#11958 = EDGE_CURVE ( 'NONE', #1363, #4506, #11879, .T. ) ;
#11959 = CARTESIAN_POINT ( 'NONE',  ( 26.05000000000001137, 25.43745550146433843, 0.4500000000000000111 ) ) ;
#11960 = DIRECTION ( 'NONE',  ( 0.000000000000000000, 0.000000000000000000, -1.000000000000000000 ) ) ;
#11961 = VECTOR ( 'NONE', #4220, 1000.000000000000000 ) ;
#11962 = ORIENTED_EDGE ( 'NONE', *, *, #5587, .F. ) ;
#11963 = ORIENTED_EDGE ( 'NONE', *, *, #10531, .F. ) ;
#11964 = AXIS2_PLACEMENT_3D ( 'NONE', #5671, #8724, #11707 ) ;
#11965 = ORIENTED_EDGE ( 'NONE', *, *, #7815, .T. ) ;
#11966 = LINE ( 'NONE', #10061, #3731 ) ;
#11967 = LINE ( 'NONE', #7138, #7452 ) ;
#11968 = ORIENTED_EDGE ( 'NONE', *, *, #11002, .F. ) ;
#11969 = DIRECTION ( 'NONE',  ( 0.8660254037844383745, 0.5000000000000003331, 0.000000000000000000 ) ) ;
#11970 = VECTOR ( 'NONE', #7116, 1000.000000000000114 ) ;
#11971 = LINE ( 'NONE', #9948, #9906 ) ;
#11972 = LINE ( 'NONE', #4278, #10340 ) ;
#11973 = CARTESIAN_POINT ( 'NONE',  ( 24.03205080756889345, 18.00000000000000000, 0.4500000000000000111 ) ) ;
#11974 = ORIENTED_EDGE ( 'NONE', *, *, #6996, .T. ) ;
#11975 = CARTESIAN_POINT ( 'NONE',  ( -22.26794919243111792, 18.00000000000000355, 0.000000000000000000 ) ) ;
#11976 = ORIENTED_EDGE ( 'NONE', *, *, #5312, .F. ) ;
#11977 = EDGE_CURVE ( 'NONE', #9514, #10133, #3174, .T. ) ;
#11978 = LINE ( 'NONE', #5181, #11007 ) ;
#11979 = ORIENTED_EDGE ( 'NONE', *, *, #1631, .T. ) ;
#11980 = VECTOR ( 'NONE', #3076, 1000.000000000000000 ) ;
#11981 = PLANE ( 'NONE',  #7015 ) ;
#11982 = VERTEX_POINT ( 'NONE', #8062 ) ;
#11983 = LINE ( 'NONE', #11097, #674 ) ;
#11984 = CARTESIAN_POINT ( 'NONE',  ( -33.44999999999998153, 19.72168783648705670, 0.4500000000000000111 ) ) ;
#11985 = CARTESIAN_POINT ( 'NONE',  ( -19.45000000000000284, 18.27831216351297172, 0.000000000000000000 ) ) ;
#11986 = PLANE ( 'NONE',  #330 ) ;
#11987 = ORIENTED_EDGE ( 'NONE', *, *, #6966, .T. ) ;
#11988 = VECTOR ( 'NONE', #6812, 1000.000000000000000 ) ;
#11989 = EDGE_LOOP ( 'NONE', ( #7167, #12053, #3849, #5211 ) ) ;
#11990 = EDGE_CURVE ( 'NONE', #7827, #12560, #5565, .T. ) ;
#11991 = DIRECTION ( 'NONE',  ( 0.000000000000000000, 0.000000000000000000, -1.000000000000000000 ) ) ;
#11992 = ORIENTED_EDGE ( 'NONE', *, *, #8453, .F. ) ;
#11993 = ORIENTED_EDGE ( 'NONE', *, *, #4051, .T. ) ;
#11994 = VERTEX_POINT ( 'NONE', #632 ) ;
#11995 = CARTESIAN_POINT ( 'NONE',  ( -17.80000000000000426, 21.13619599600161791, 0.4500000000000000111 ) ) ;
#11996 = CARTESIAN_POINT ( 'NONE',  ( -8.300000000000002487, 23.27239199200323228, 0.4500000000000000111 ) ) ;
#11997 = PLANE ( 'NONE',  #1479 ) ;
#11998 = FACE_OUTER_BOUND ( 'NONE', #4357, .T. ) ;
#11999 = CARTESIAN_POINT ( 'NONE',  ( 23.14999999999998437, 23.30125950546273828, 0.000000000000000000 ) ) ;
#12000 = VERTEX_POINT ( 'NONE', #9338 ) ;
#12001 = DIRECTION ( 'NONE',  ( -0.8660254037844383745, 0.5000000000000003331, 0.000000000000000000 ) ) ;
#12002 = EDGE_CURVE ( 'NONE', #5400, #4162, #5385, .T. ) ;
#12003 = EDGE_CURVE ( 'NONE', #5894, #3414, #1394, .T. ) ;
#12004 = CARTESIAN_POINT ( 'NONE',  ( -24.39999999999999858, 21.13619599600161791, 0.000000000000000000 ) ) ;
#12005 = VERTEX_POINT ( 'NONE', #11936 ) ;
#12006 = ORIENTED_EDGE ( 'NONE', *, *, #4090, .F. ) ;
#12007 = AXIS2_PLACEMENT_3D ( 'NONE', #2174, #9793, #4894 ) ;
#12008 = LINE ( 'NONE', #3302, #1302 ) ;
#12009 = CARTESIAN_POINT ( 'NONE',  ( -29.35000000000000853, 25.43745550146434198, 0.000000000000000000 ) ) ;
#12010 = LINE ( 'NONE', #2423, #9023 ) ;
#12011 = LINE ( 'NONE', #10231, #7169 ) ;
#12012 = SHAPE_DEFINITION_REPRESENTATION ( #8950, #11186 ) ;
#12013 = EDGE_CURVE ( 'NONE', #4767, #6393, #10035, .T. ) ;
#12014 = ORIENTED_EDGE ( 'NONE', *, *, #1496, .T. ) ;
#12015 = DIRECTION ( 'NONE',  ( -0.8660254037844383745, -0.5000000000000003331, 0.000000000000000000 ) ) ;
#12016 = CARTESIAN_POINT ( 'NONE',  ( 36.34999999999999432, 20.41450815951459674, 0.4500000000000000111 ) ) ;
#12017 = AXIS2_PLACEMENT_3D ( 'NONE', #10079, #9124, #7035 ) ;
#12018 = ORIENTED_EDGE ( 'NONE', *, *, #10944, .F. ) ;
#12019 = VERTEX_POINT ( 'NONE', #10211 ) ;
#12020 = ADVANCED_FACE ( 'NONE', ( #6281 ), #1335, .T. ) ;
#12021 = DIRECTION ( 'NONE',  ( 0.8660254037844394848, -0.4999999999999985012, 0.000000000000000000 ) ) ;
#12022 = ORIENTED_EDGE ( 'NONE', *, *, #5711, .F. ) ;
#12023 = DIRECTION ( 'NONE',  ( -0.8660254037844383745, 0.5000000000000003331, 0.000000000000000000 ) ) ;
#12024 = ADVANCED_FACE ( 'NONE', ( #1453 ), #9273, .T. ) ;
#12025 = LINE ( 'NONE', #3575, #12519 ) ;
#12026 = ORIENTED_EDGE ( 'NONE', *, *, #6436, .F. ) ;
#12027 = DIRECTION ( 'NONE',  ( -0.8660254037844394848, -0.4999999999999985012, 0.000000000000000000 ) ) ;
#12028 = CARTESIAN_POINT ( 'NONE',  ( 31.39999999999998437, 23.27239199200324293, 0.4500000000000000111 ) ) ;
#12029 = LINE ( 'NONE', #4093, #5900 ) ;
#12030 = CYLINDRICAL_SURFACE ( 'NONE', #3979, 3.999999999999996447 ) ;
#12031 = ORIENTED_EDGE ( 'NONE', *, *, #3090, .F. ) ;
#12032 = LINE ( 'NONE', #12101, #11961 ) ;
#12033 = EDGE_LOOP ( 'NONE', ( #8956, #7511, #2460, #6118 ) ) ;
#12034 = VECTOR ( 'NONE', #11315, 1000.000000000000000 ) ;
#12035 = LINE ( 'NONE', #9442, #3201 ) ;
#12036 = ORIENTED_EDGE ( 'NONE', *, *, #10448, .F. ) ;
#12037 = EDGE_CURVE ( 'NONE', #33, #4224, #7357, .T. ) ;
#12038 = CARTESIAN_POINT ( 'NONE',  ( 29.35000000000000853, 25.43745550146434198, 0.4500000000000000111 ) ) ;
#12039 = ORIENTED_EDGE ( 'NONE', *, *, #12333, .T. ) ;
#12040 = AXIS2_PLACEMENT_3D ( 'NONE', #8765, #2032, #1848 ) ;
#12041 = VECTOR ( 'NONE', #5661, 1000.000000000000000 ) ;
#12042 = EDGE_CURVE ( 'NONE', #5649, #5138, #6222, .T. ) ;
#12043 = LINE ( 'NONE', #421, #2085 ) ;
#12044 = LINE ( 'NONE', #1201, #4937 ) ;
#12045 = LINE ( 'NONE', #3342, #8540 ) ;
#12046 = PLANE ( 'NONE',  #12289 ) ;
#12047 = ORIENTED_EDGE ( 'NONE', *, *, #11, .T. ) ;
#12048 = AXIS2_PLACEMENT_3D ( 'NONE', #2251, #6126, #8028 ) ;
#12049 = EDGE_LOOP ( 'NONE', ( #5618, #4617, #11912, #4380, #387, #10414, #12198 ) ) ;
#12050 = VECTOR ( 'NONE', #3447, 1000.000000000000000 ) ;
#12051 = LINE ( 'NONE', #9330, #5244 ) ;
#12052 = ORIENTED_EDGE ( 'NONE', *, *, #1080, .F. ) ;
#12053 = ORIENTED_EDGE ( 'NONE', *, *, #8094, .F. ) ;
#12054 = ORIENTED_EDGE ( 'NONE', *, *, #10163, .T. ) ;
#12055 = VECTOR ( 'NONE', #1861, 1000.000000000000000 ) ;
#12056 = LINE ( 'NONE', #10986, #737 ) ;
#12057 = CARTESIAN_POINT ( 'NONE',  ( 23.54999999999997584, 19.72168783648705670, 0.4500000000000000111 ) ) ;
#12058 = CARTESIAN_POINT ( 'NONE',  ( -30.99999999999999289, 21.13619599600162502, 0.4500000000000000111 ) ) ;
#12059 = CIRCLE ( 'NONE', #8608, 3.999999999999996447 ) ;
#12060 = DIRECTION ( 'NONE',  ( 0.000000000000000000, 0.000000000000000000, -1.000000000000000000 ) ) ;
#12061 = CARTESIAN_POINT ( 'NONE',  ( 18.96794919243111721, 18.00000000000000355, 0.000000000000000000 ) ) ;
#12062 = VERTEX_POINT ( 'NONE', #3418 ) ;
#12063 = CARTESIAN_POINT ( 'NONE',  ( 33.44999999999996732, 23.99407982849028542, 0.4500000000000000111 ) ) ;
#12064 = ORIENTED_EDGE ( 'NONE', *, *, #8582, .T. ) ;
#12065 = VECTOR ( 'NONE', #3999, 1000.000000000000000 ) ;
#12066 = CARTESIAN_POINT ( 'NONE',  ( 10.34999999999998721, 18.27831216351297527, 0.000000000000000000 ) ) ;
#12067 = ORIENTED_EDGE ( 'NONE', *, *, #2483, .T. ) ;
#12068 = AXIS2_PLACEMENT_3D ( 'NONE', #11842, #2256, #6373 ) ;
#12069 = ORIENTED_EDGE ( 'NONE', *, *, #9520, .F. ) ;
#12070 = CC_DESIGN_APPROVAL ( #10609, ( #287 ) ) ;
#12071 = LINE ( 'NONE', #7181, #8806 ) ;
#12072 = DIRECTION ( 'NONE',  ( 0.000000000000000000, -1.000000000000000000, 0.000000000000000000 ) ) ;
#12073 = CARTESIAN_POINT ( 'NONE',  ( -26.05000000000001137, 19.72168783648704604, 0.000000000000000000 ) ) ;
#12074 = EDGE_CURVE ( 'NONE', #3224, #9247, #7170, .T. ) ;
#12075 = EDGE_CURVE ( 'NONE', #10739, #5258, #12186, .T. ) ;
#12076 = CARTESIAN_POINT ( 'NONE',  ( 36.76723304979909557, 20.65539777313091818, 0.000000000000000000 ) ) ;
#12077 = VECTOR ( 'NONE', #7820, 1000.000000000000000 ) ;
#12078 = ORIENTED_EDGE ( 'NONE', *, *, #3815, .T. ) ;
#12079 = DIRECTION ( 'NONE',  ( -0.8660254037844388186, -0.4999999999999997224, 0.000000000000000000 ) ) ;
#12080 = CARTESIAN_POINT ( 'NONE',  ( -11.59999999999999964, 23.27239199200323228, 0.4500000000000000111 ) ) ;
#12081 = VECTOR ( 'NONE', #9277, 1000.000000000000114 ) ;
#12082 = VERTEX_POINT ( 'NONE', #3477 ) ;
#12083 = VERTEX_POINT ( 'NONE', #4243 ) ;
#12084 = FACE_OUTER_BOUND ( 'NONE', #2981, .T. ) ;
#12085 = VECTOR ( 'NONE', #2022, 1000.000000000000000 ) ;
#12086 = AXIS2_PLACEMENT_3D ( 'NONE', #1393, #11878, #11935 ) ;
#12087 = ORIENTED_EDGE ( 'NONE', *, *, #146, .T. ) ;
#12088 = CARTESIAN_POINT ( 'NONE',  ( 12.85000000000000142, 23.99407982849026411, 0.4500000000000000111 ) ) ;
#12089 = VECTOR ( 'NONE', #3621, 1000.000000000000000 ) ;
#12090 = ADVANCED_FACE ( 'NONE', ( #9081 ), #11171, .T. ) ;
#12091 = LINE ( 'NONE', #2436, #8874 ) ;
#12092 = CARTESIAN_POINT ( 'NONE',  ( -32.99999999999999289, 25.99999999999999645, 0.4500000000000000111 ) ) ;
#12093 = CARTESIAN_POINT ( 'NONE',  ( -32.99999999999999289, 22.00000000000000355, 0.4500000000000000111 ) ) ;
#12094 = EDGE_CURVE ( 'NONE', #8613, #4224, #2406, .T. ) ;
#12095 = VECTOR ( 'NONE', #9113, 1000.000000000000114 ) ;
#12096 = CARTESIAN_POINT ( 'NONE',  ( 6.650000000000004796, 20.41450815951458253, 0.4500000000000000111 ) ) ;
#12097 = DIRECTION ( 'NONE',  ( 9.614813431917789401E-15, 1.000000000000000000, 0.000000000000000000 ) ) ;
#12098 = DIRECTION ( 'NONE',  ( -9.614813431917789401E-15, 1.000000000000000000, 0.000000000000000000 ) ) ;
#12099 = ORIENTED_EDGE ( 'NONE', *, *, #10624, .T. ) ;
#12100 = EDGE_CURVE ( 'NONE', #2250, #10787, #2468, .T. ) ;
#12101 = CARTESIAN_POINT ( 'NONE',  ( 32.99999999999999289, 25.99999999999999645, 0.000000000000000000 ) ) ;
#12102 = ORIENTED_EDGE ( 'NONE', *, *, #9180, .T. ) ;
#12103 = LINE ( 'NONE', #6387, #10504 ) ;
#12104 = EDGE_CURVE ( 'NONE', #10707, #11031, #7110, .T. ) ;
#12105 = EDGE_LOOP ( 'NONE', ( #58, #7428, #11945, #9525 ) ) ;
#12106 = LINE ( 'NONE', #5434, #2549 ) ;
#12107 = ORIENTED_EDGE ( 'NONE', *, *, #12232, .T. ) ;
#12108 = DIRECTION ( 'NONE',  ( 0.8660254037844393737, 0.4999999999999985012, 0.000000000000000000 ) ) ;
#12109 = ORIENTED_EDGE ( 'NONE', *, *, #6571, .F. ) ;
#12110 = CARTESIAN_POINT ( 'NONE',  ( -19.45000000000001705, 19.72168783648704249, 0.4500000000000000111 ) ) ;
#12111 = DIRECTION ( 'NONE',  ( -0.8660254037844393737, 0.4999999999999985012, 0.000000000000000000 ) ) ;
#12112 = ORIENTED_EDGE ( 'NONE', *, *, #6132, .T. ) ;
#12113 = VECTOR ( 'NONE', #659, 1000.000000000000114 ) ;
#12114 = EDGE_CURVE ( 'NONE', #10922, #9699, #9201, .T. ) ;
#12115 = VECTOR ( 'NONE', #4173, 1000.000000000000114 ) ;
#12116 = ORIENTED_EDGE ( 'NONE', *, *, #9945, .T. ) ;
#12117 = ADVANCED_FACE ( 'NONE', ( #375 ), #9137, .T. ) ;
#12118 = LINE ( 'NONE', #5442, #2822 ) ;
#12119 = VERTEX_POINT ( 'NONE', #11110 ) ;
#12120 = CARTESIAN_POINT ( 'NONE',  ( 11.20000000000001883, 22.57957166897568513, 0.4500000000000000111 ) ) ;
#12121 = ORIENTED_EDGE ( 'NONE', *, *, #12042, .F. ) ;
#12122 = VERTEX_POINT ( 'NONE', #496 ) ;
#12123 = AXIS2_PLACEMENT_3D ( 'NONE', #6573, #9500, #11398 ) ;
#12124 = CARTESIAN_POINT ( 'NONE',  ( -25.19999999999997442, 21.13619599600163212, 0.4500000000000000111 ) ) ;
#12125 = DIRECTION ( 'NONE',  ( 0.000000000000000000, 0.000000000000000000, -1.000000000000000000 ) ) ;
#12126 = ADVANCED_FACE ( 'NONE', ( #4367 ), #10534, .T. ) ;
#12127 = VECTOR ( 'NONE', #3143, 1000.000000000000000 ) ;
#12128 = LINE ( 'NONE', #3420, #8576 ) ;
#12129 = PLANE ( 'NONE',  #6572 ) ;
#12130 = CARTESIAN_POINT ( 'NONE',  ( 11.59999999999999076, 20.44337567297408498, 0.000000000000000000 ) ) ;
#12131 = CARTESIAN_POINT ( 'NONE',  ( -34.69999999999998153, 20.44337567297409208, 0.000000000000000000 ) ) ;
#12132 = ORIENTED_EDGE ( 'NONE', *, *, #9150, .T. ) ;
#12133 = DIRECTION ( 'NONE',  ( -9.614813431917789401E-15, -1.000000000000000000, 0.000000000000000000 ) ) ;
#12134 = EDGE_LOOP ( 'NONE', ( #12401, #1977, #11041, #5136 ) ) ;
#12135 = PLANE ( 'NONE',  #3415 ) ;
#12136 = VERTEX_POINT ( 'NONE', #1774 ) ;
#12137 = ORIENTED_EDGE ( 'NONE', *, *, #6129, .T. ) ;
#12138 = CARTESIAN_POINT ( 'NONE',  ( 35.95000000000000995, 19.72168783648704604, 0.4500000000000000111 ) ) ;
#12139 = CARTESIAN_POINT ( 'NONE',  ( 29.74999999999997868, 23.30125950546274183, 0.000000000000000000 ) ) ;
#12140 = CARTESIAN_POINT ( 'NONE',  ( -14.50000000000000178, 21.13619599600161791, 0.000000000000000000 ) ) ;
#12141 = FACE_OUTER_BOUND ( 'NONE', #9970, .T. ) ;
#12142 = AXIS2_PLACEMENT_3D ( 'NONE', #3810, #883, #6664 ) ;
#12143 = ORIENTED_EDGE ( 'NONE', *, *, #4621, .F. ) ;
#12144 = FACE_OUTER_BOUND ( 'NONE', #3346, .T. ) ;
#12145 = CARTESIAN_POINT ( 'NONE',  ( -7.049999999999986500, 25.43745550146434553, 0.4500000000000000111 ) ) ;
#12146 = ORIENTED_EDGE ( 'NONE', *, *, #7126, .F. ) ;
#12147 = CARTESIAN_POINT ( 'NONE',  ( -15.29999999999998295, 21.13619599600162502, 0.4500000000000000111 ) ) ;
#12148 = LINE ( 'NONE', #3441, #10455 ) ;
#12149 = ADVANCED_FACE ( 'NONE', ( #1651 ), #7482, .T. ) ;
#12150 = ORIENTED_EDGE ( 'NONE', *, *, #11787, .T. ) ;
#12151 = VECTOR ( 'NONE', #7736, 1000.000000000000000 ) ;
#12152 = DIRECTION ( 'NONE',  ( -0.4999999999999997224, -0.8660254037844388186, 0.000000000000000000 ) ) ;
#12153 = CARTESIAN_POINT ( 'NONE',  ( -36.34999999999999432, 20.41450815951459674, 0.000000000000000000 ) ) ;
#12154 = CARTESIAN_POINT ( 'NONE',  ( -28.49999999999997158, 21.13619599600163212, 0.000000000000000000 ) ) ;
#12155 = CYLINDRICAL_SURFACE ( 'NONE', #2881, 3.999999999999996447 ) ;
#12156 = DIRECTION ( 'NONE',  ( -0.4999999999999985012, 0.8660254037844395958, 0.000000000000000000 ) ) ;
#12157 = CARTESIAN_POINT ( 'NONE',  ( -16.15000000000000568, 18.27831216351297172, 0.4500000000000000111 ) ) ;
#12158 = VECTOR ( 'NONE', #8161, 1000.000000000000000 ) ;
#12159 = DIRECTION ( 'NONE',  ( -0.8660254037844393737, 0.4999999999999985012, 0.000000000000000000 ) ) ;
#12160 = LINE ( 'NONE', #3646, #11401 ) ;
#12161 = VERTEX_POINT ( 'NONE', #2844 ) ;
#12162 = PLANE ( 'NONE',  #198 ) ;
#12163 = VERTEX_POINT ( 'NONE', #10590 ) ;
#12164 = ADVANCED_FACE ( 'NONE', ( #2779 ), #12375, .T. ) ;
#12165 = PLANE ( 'NONE',  #3397 ) ;
#12166 = ORIENTED_EDGE ( 'NONE', *, *, #184, .T. ) ;
#12167 = LINE ( 'NONE', #2642, #8439 ) ;
#12168 = ORIENTED_EDGE ( 'NONE', *, *, #386, .F. ) ;
#12169 = VECTOR ( 'NONE', #4702, 1000.000000000000000 ) ;
#12170 = LINE ( 'NONE', #3656, #10699 ) ;
#12171 = ORIENTED_EDGE ( 'NONE', *, *, #5170, .T. ) ;
#12172 = LINE ( 'NONE', #11286, #4064 ) ;
#12173 = EDGE_CURVE ( 'NONE', #7777, #6092, #5754, .T. ) ;
#12174 = DIRECTION ( 'NONE',  ( 0.000000000000000000, -0.000000000000000000, -1.000000000000000000 ) ) ;
#12175 = ORIENTED_EDGE ( 'NONE', *, *, #12481, .F. ) ;
#12176 = EDGE_LOOP ( 'NONE', ( #1649, #741, #3101, #11660 ) ) ;
#12177 = CARTESIAN_POINT ( 'NONE',  ( -8.861963764628281837, 25.83469340716842311, 0.4500000000000000111 ) ) ;
#12178 = VECTOR ( 'NONE', #7280, 1000.000000000000000 ) ;
#12179 = ORIENTED_EDGE ( 'NONE', *, *, #3501, .T. ) ;
#12180 = EDGE_CURVE ( 'NONE', #688, #8082, #3801, .T. ) ;
#12181 = CARTESIAN_POINT ( 'NONE',  ( 19.45000000000000284, 23.99407982849027121, 0.4500000000000000111 ) ) ;
#12182 = ORIENTED_EDGE ( 'NONE', *, *, #2862, .F. ) ;
#12183 = VERTEX_POINT ( 'NONE', #10405 ) ;
#12184 = EDGE_CURVE ( 'NONE', #5649, #4101, #5693, .T. ) ;
#12185 = CARTESIAN_POINT ( 'NONE',  ( 16.15000000000001279, 25.43745550146433132, 0.000000000000000000 ) ) ;
#12186 = LINE ( 'NONE', #3290, #8001 ) ;
#12187 = EDGE_CURVE ( 'NONE', #7688, #10426, #9399, .T. ) ;
#12188 = FACE_BOUND ( 'NONE', #3928, .T. ) ;
#12189 = CARTESIAN_POINT ( 'NONE',  ( -23.54999999999997584, 19.72168783648705670, 0.4500000000000000111 ) ) ;
#12190 = AXIS2_PLACEMENT_3D ( 'NONE', #7266, #1304, #348 ) ;
#12191 = LINE ( 'NONE', #5322, #4161 ) ;
#12192 = CARTESIAN_POINT ( 'NONE',  ( 19.45000000000001705, 25.43745550146433843, 0.4500000000000000111 ) ) ;
#12193 = ORIENTED_EDGE ( 'NONE', *, *, #6681, .F. ) ;
#12194 = DIRECTION ( 'NONE',  ( 0.8660254037844394848, -0.4999999999999985012, 0.000000000000000000 ) ) ;
#12195 = ORIENTED_EDGE ( 'NONE', *, *, #137, .T. ) ;
#12196 = DIRECTION ( 'NONE',  ( 0.000000000000000000, -1.000000000000000000, 0.000000000000000000 ) ) ;
#12197 = ORIENTED_EDGE ( 'NONE', *, *, #7293, .F. ) ;
#12198 = ORIENTED_EDGE ( 'NONE', *, *, #2249, .F. ) ;
#12199 = DIRECTION ( 'NONE',  ( 0.000000000000000000, 0.000000000000000000, -1.000000000000000000 ) ) ;
#12200 = DIRECTION ( 'NONE',  ( 0.8660254037844383745, 0.5000000000000003331, 0.000000000000000000 ) ) ;
#12201 = EDGE_CURVE ( 'NONE', #1554, #3135, #938, .T. ) ;
#12202 = PLANE ( 'NONE',  #5977 ) ;
#12203 = CARTESIAN_POINT ( 'NONE',  ( -9.949999999999990408, 23.30125950546273117, 0.4500000000000000111 ) ) ;
#12204 = ORIENTED_EDGE ( 'NONE', *, *, #914, .F. ) ;
#12205 = EDGE_CURVE ( 'NONE', #8622, #10939, #8378, .T. ) ;
#12206 = DIRECTION ( 'NONE',  ( 0.000000000000000000, -1.000000000000000000, 0.000000000000000000 ) ) ;
#12207 = FACE_BOUND ( 'NONE', #4818, .T. ) ;
#12208 = ORIENTED_EDGE ( 'NONE', *, *, #4180, .F. ) ;
#12209 = DIRECTION ( 'NONE',  ( 0.000000000000000000, 0.000000000000000000, -1.000000000000000000 ) ) ;
#12210 = VECTOR ( 'NONE', #8725, 1000.000000000000114 ) ;
#12211 = DIRECTION ( 'NONE',  ( -0.8660254037844383745, -0.5000000000000003331, 0.000000000000000000 ) ) ;
#12212 = VECTOR ( 'NONE', #4683, 1000.000000000000114 ) ;
#12213 = ORIENTED_EDGE ( 'NONE', *, *, #2638, .T. ) ;
#12214 = FACE_OUTER_BOUND ( 'NONE', #2049, .T. ) ;
#12215 = DIRECTION ( 'NONE',  ( 0.8660254037844393737, -0.4999999999999985012, 0.000000000000000000 ) ) ;
#12216 = CARTESIAN_POINT ( 'NONE',  ( 16.15000000000000568, 18.27831216351297172, 0.4500000000000000111 ) ) ;
#12217 = DIRECTION ( 'NONE',  ( 0.8660254037844383745, -0.5000000000000003331, 0.000000000000000000 ) ) ;
#12218 = CARTESIAN_POINT ( 'NONE',  ( 29.35000000000000853, 25.43745550146434198, 0.4500000000000000111 ) ) ;
#12219 = AXIS2_PLACEMENT_3D ( 'NONE', #9634, #5632, #1829 ) ;
#12220 = DIRECTION ( 'NONE',  ( 0.000000000000000000, -1.000000000000000000, 0.000000000000000000 ) ) ;
#12221 = CARTESIAN_POINT ( 'NONE',  ( 32.99999999999999289, 25.99999999999999645, 0.4500000000000000111 ) ) ;
#12222 = EDGE_CURVE ( 'NONE', #9257, #3930, #4684, .T. ) ;
#12223 = DIRECTION ( 'NONE',  ( -9.614813431917789401E-15, -1.000000000000000000, 0.000000000000000000 ) ) ;
#12224 = VERTEX_POINT ( 'NONE', #6470 ) ;
#12225 = CARTESIAN_POINT ( 'NONE',  ( 28.09999999999999076, 23.27239199200324293, 0.000000000000000000 ) ) ;
#12226 = ORIENTED_EDGE ( 'NONE', *, *, #6512, .F. ) ;
#12227 = LINE ( 'NONE', #9377, #6046 ) ;
#12228 = VERTEX_POINT ( 'NONE', #10345 ) ;
#12229 = VECTOR ( 'NONE', #4480, 1000.000000000000000 ) ;
#12230 = CARTESIAN_POINT ( 'NONE',  ( 36.34999999999998010, 23.30125950546274538, 0.4500000000000000111 ) ) ;
#12231 = VERTEX_POINT ( 'NONE', #691 ) ;
#12232 = EDGE_CURVE ( 'NONE', #8637, #6777, #2658, .T. ) ;
#12233 = ADVANCED_FACE ( 'NONE', ( #7607 ), #818, .T. ) ;
#12234 = FACE_OUTER_BOUND ( 'NONE', #276, .T. ) ;
#12235 = ORIENTED_EDGE ( 'NONE', *, *, #8453, .T. ) ;
#12236 = LINE ( 'NONE', #3714, #10971 ) ;
#12237 = DIRECTION ( 'NONE',  ( 9.614813431917789401E-15, -1.000000000000000000, 0.000000000000000000 ) ) ;
#12238 = EDGE_LOOP ( 'NONE', ( #2325, #10342, #11617, #11540 ) ) ;
#12239 = VERTEX_POINT ( 'NONE', #3606 ) ;
#12240 = ADVANCED_FACE ( 'NONE', ( #3730 ), #11359, .T. ) ;
#12241 = LINE ( 'NONE', #10087, #3836 ) ;
#12242 = VERTEX_POINT ( 'NONE', #3668 ) ;
#12243 = CARTESIAN_POINT ( 'NONE',  ( -21.49999999999998579, 20.44337567297409208, 0.000000000000000000 ) ) ;
#12244 = ORIENTED_EDGE ( 'NONE', *, *, #4688, .F. ) ;
#12245 = EDGE_CURVE ( 'NONE', #10905, #4144, #7667, .T. ) ;
#12246 = ORIENTED_EDGE ( 'NONE', *, *, #3939, .F. ) ;
#12247 = DIRECTION ( 'NONE',  ( 0.000000000000000000, 0.000000000000000000, 1.000000000000000000 ) ) ;
#12248 = DIRECTION ( 'NONE',  ( 0.000000000000000000, 0.000000000000000000, 1.000000000000000000 ) ) ;
#12249 = VECTOR ( 'NONE', #2294, 1000.000000000000000 ) ;
#12250 = FACE_BOUND ( 'NONE', #8365, .T. ) ;
#12251 = FACE_OUTER_BOUND ( 'NONE', #11153, .T. ) ;
#12252 = CARTESIAN_POINT ( 'NONE',  ( 16.15000000000001279, 25.43745550146433132, 0.4500000000000000111 ) ) ;
#12253 = DIRECTION ( 'NONE',  ( 1.000000000000000000, 0.000000000000000000, 0.000000000000000000 ) ) ;
#12254 = ORIENTED_EDGE ( 'NONE', *, *, #11712, .F. ) ;
#12255 = EDGE_CURVE ( 'NONE', #1851, #8545, #4741, .T. ) ;
#12256 = EDGE_CURVE ( 'NONE', #9098, #11031, #11488, .T. ) ;
#12257 = VERTEX_POINT ( 'NONE', #11736 ) ;
#12258 = CARTESIAN_POINT ( 'NONE',  ( 23.14999999999999503, 20.41450815951458608, 0.4500000000000000111 ) ) ;
#12259 = ORIENTED_EDGE ( 'NONE', *, *, #1900, .F. ) ;
#12260 = VECTOR ( 'NONE', #8951, 1000.000000000000000 ) ;
#12261 = EDGE_LOOP ( 'NONE', ( #3618, #10197, #11929, #10565 ) ) ;
#12262 = ORIENTED_EDGE ( 'NONE', *, *, #159, .T. ) ;
#12263 = CARTESIAN_POINT ( 'NONE',  ( -9.999999999999996447, 22.00000000000000355, 0.4500000000000000111 ) ) ;
#12264 = PLANE ( 'NONE',  #4985 ) ;
#12265 = VECTOR ( 'NONE', #7374, 1000.000000000000114 ) ;
#12266 = FACE_OUTER_BOUND ( 'NONE', #9507, .T. ) ;
#12267 = CARTESIAN_POINT ( 'NONE',  ( -14.89999999999998792, 20.44337567297408498, 0.000000000000000000 ) ) ;
#12268 = ORIENTED_EDGE ( 'NONE', *, *, #4073, .T. ) ;
#12269 = DIRECTION ( 'NONE',  ( 1.000000000000000000, 0.000000000000000000, 0.000000000000000000 ) ) ;
#12270 = CIRCLE ( 'NONE', #303, 3.999999999999996447 ) ;
#12271 = CARTESIAN_POINT ( 'NONE',  ( 14.50000000000001599, 22.57957166897568868, 0.4500000000000000111 ) ) ;
#12272 = EDGE_CURVE ( 'NONE', #308, #6430, #6965, .T. ) ;
#12273 = VECTOR ( 'NONE', #2901, 1000.000000000000000 ) ;
#12274 = ORIENTED_EDGE ( 'NONE', *, *, #8762, .T. ) ;
#12275 = CARTESIAN_POINT ( 'NONE',  ( -33.44999999999996732, 23.99407982849028542, 0.000000000000000000 ) ) ;
#12276 = CARTESIAN_POINT ( 'NONE',  ( -35.09999999999998010, 22.57957166897571000, 0.000000000000000000 ) ) ;
#12277 = ORIENTED_EDGE ( 'NONE', *, *, #2296, .T. ) ;
#12278 = LINE ( 'NONE', #10501, #703 ) ;
#12279 = CARTESIAN_POINT ( 'NONE',  ( 21.10000000000000142, 21.13619599600162147, 0.4500000000000000111 ) ) ;
#12280 = AXIS2_PLACEMENT_3D ( 'NONE', #2107, #9986, #7884 ) ;
#12281 = DIRECTION ( 'NONE',  ( 0.8660254037844394848, -0.4999999999999985012, 0.000000000000000000 ) ) ;
#12282 = CARTESIAN_POINT ( 'NONE',  ( 25.19999999999997442, 21.13619599600163212, 0.4500000000000000111 ) ) ;
#12283 = DIRECTION ( 'NONE',  ( 0.000000000000000000, 0.000000000000000000, -1.000000000000000000 ) ) ;
#12284 = DESIGN_CONTEXT ( 'detailed design', #799, 'design' ) ;
#12285 = LINE ( 'NONE', #1563, #6035 ) ;
#12286 = LINE ( 'NONE', #1747, #3239 ) ;
#12287 = LINE ( 'NONE', #2633, #37 ) ;
#12288 = ORIENTED_EDGE ( 'NONE', *, *, #4122, .T. ) ;
#12289 = AXIS2_PLACEMENT_3D ( 'NONE', #11865, #11927, #8051 ) ;
#12290 = CARTESIAN_POINT ( 'NONE',  ( -15.17564434701788834, 25.99999999999999645, 0.4500000000000000111 ) ) ;
#12291 = VECTOR ( 'NONE', #6809, 1000.000000000000000 ) ;
#12292 = VECTOR ( 'NONE', #4044, 1000.000000000000114 ) ;
#12293 = ORIENTED_EDGE ( 'NONE', *, *, #7318, .F. ) ;
#12294 = PLANE ( 'NONE',  #11923 ) ;
#12295 = EDGE_LOOP ( 'NONE', ( #12431, #1915, #4942, #5835 ) ) ;
#12296 = LINE ( 'NONE', #7466, #7219 ) ;
#12297 = EDGE_LOOP ( 'NONE', ( #4614, #6663, #11774, #629 ) ) ;
#12298 = VECTOR ( 'NONE', #6414, 1000.000000000000000 ) ;
#12299 = CARTESIAN_POINT ( 'NONE',  ( 13.64999999999998082, 25.43745550146434553, 0.4500000000000000111 ) ) ;
#12300 = DIRECTION ( 'NONE',  ( 0.8660254037844394848, -0.4999999999999985012, 0.000000000000000000 ) ) ;
#12301 = CARTESIAN_POINT ( 'NONE',  ( -8.699999999999986855, 21.13619599600162147, 0.000000000000000000 ) ) ;
#12302 = ORIENTED_EDGE ( 'NONE', *, *, #11662, .T. ) ;
#12303 = VERTEX_POINT ( 'NONE', #9900 ) ;
#12304 = CARTESIAN_POINT ( 'NONE',  ( 29.74999999999997868, 23.30125950546274183, 0.4500000000000000111 ) ) ;
#12305 = ORIENTED_EDGE ( 'NONE', *, *, #4311, .T. ) ;
#12306 = EDGE_CURVE ( 'NONE', #4262, #5794, #11674, .T. ) ;
#12307 = CARTESIAN_POINT ( 'NONE',  ( -16.94999999999998153, 18.27831216351297883, 0.4500000000000000111 ) ) ;
#12308 = EDGE_LOOP ( 'NONE', ( #3741, #398, #7076, #9311 ) ) ;
#12309 = ORIENTED_EDGE ( 'NONE', *, *, #4227, .F. ) ;
#12310 = DIRECTION ( 'NONE',  ( -9.614813431917789401E-15, 1.000000000000000000, 0.000000000000000000 ) ) ;
#12311 = CARTESIAN_POINT ( 'NONE',  ( -28.49999999999997158, 22.57957166897570644, 0.4500000000000000111 ) ) ;
#12312 = EDGE_CURVE ( 'NONE', #6592, #1810, #6023, .T. ) ;
#12313 = FACE_BOUND ( 'NONE', #7139, .T. ) ;
#12314 = LINE ( 'NONE', #11299, #5348 ) ;
#12315 = LINE ( 'NONE', #3609, #7995 ) ;
#12316 = DIRECTION ( 'NONE',  ( 0.8660254037844383745, -0.5000000000000003331, 0.000000000000000000 ) ) ;
#12317 = EDGE_LOOP ( 'NONE', ( #11042, #10997, #578, #2525 ) ) ;
#12318 = ORIENTED_EDGE ( 'NONE', *, *, #11626, .T. ) ;
#12319 = EDGE_CURVE ( 'NONE', #4241, #10553, #5885, .T. ) ;
#12320 = DIRECTION ( 'NONE',  ( -0.8660254037844394848, 0.4999999999999984457, 0.000000000000000000 ) ) ;
#12321 = ORIENTED_EDGE ( 'NONE', *, *, #10074, .F. ) ;
#12322 = VECTOR ( 'NONE', #74, 1000.000000000000000 ) ;
#12323 = ORIENTED_EDGE ( 'NONE', *, *, #1999, .F. ) ;
#12324 = VERTEX_POINT ( 'NONE', #2969 ) ;
#12325 = AXIS2_PLACEMENT_3D ( 'NONE', #5804, #3970, #7843 ) ;
#12326 = ADVANCED_FACE ( 'NONE', ( #10715 ), #2145, .T. ) ;
#12327 = LINE ( 'NONE', #3680, #9422 ) ;
#12328 = DIRECTION ( 'NONE',  ( -9.614813431917789401E-15, -1.000000000000000000, 0.000000000000000000 ) ) ;
#12329 = DIRECTION ( 'NONE',  ( 0.000000000000000000, 0.000000000000000000, 1.000000000000000000 ) ) ;
#12330 = CARTESIAN_POINT ( 'NONE',  ( 19.84999999999999787, 20.41450815951458964, 0.4500000000000000111 ) ) ;
#12331 = ORIENTED_EDGE ( 'NONE', *, *, #6385, .T. ) ;
#12332 = CARTESIAN_POINT ( 'NONE',  ( 22.75000000000001421, 19.72168783648704249, 0.4500000000000000111 ) ) ;
#12333 = EDGE_CURVE ( 'NONE', #11260, #4167, #9766, .T. ) ;
#12334 = ORIENTED_EDGE ( 'NONE', *, *, #10830, .T. ) ;
#12335 = ADVANCED_FACE ( 'NONE', ( #4928 ), #1955, .T. ) ;
#12336 = CARTESIAN_POINT ( 'NONE',  ( 26.84999999999997300, 23.99407982849028187, 0.000000000000000000 ) ) ;
#12337 = ORIENTED_EDGE ( 'NONE', *, *, #211, .T. ) ;
#12338 = CARTESIAN_POINT ( 'NONE',  ( -26.44999999999999218, 20.41450815951459319, 0.4500000000000000111 ) ) ;
#12339 = DIRECTION ( 'NONE',  ( -0.8660254037844383745, 0.5000000000000003331, 0.000000000000000000 ) ) ;
#12340 = ORIENTED_EDGE ( 'NONE', *, *, #10399, .F. ) ;
#12341 = DIRECTION ( 'NONE',  ( -0.8660254037844393737, -0.4999999999999985012, 0.000000000000000000 ) ) ;
#12342 = CARTESIAN_POINT ( 'NONE',  ( 37.60000000000000853, 22.57957166897569579, 0.000000000000000000 ) ) ;
#12343 = VECTOR ( 'NONE', #11697, 1000.000000000000000 ) ;
#12344 = CARTESIAN_POINT ( 'NONE',  ( -21.89999999999997726, 21.13619599600162502, 0.000000000000000000 ) ) ;
#12345 = EDGE_CURVE ( 'NONE', #12000, #9715, #7856, .T. ) ;
#12346 = ADVANCED_FACE ( 'NONE', ( #3032 ), #8813, .T. ) ;
#12347 = CARTESIAN_POINT ( 'NONE',  ( -28.49999999999997158, 22.57957166897570644, 0.4500000000000000111 ) ) ;
#12348 = LINE ( 'NONE', #5421, #9846 ) ;
#12349 = ADVANCED_FACE ( 'NONE', ( #6839 ), #6086, .T. ) ;
#12350 = CARTESIAN_POINT ( 'NONE',  ( -24.79999999999999361, 17.55662432702594344, 0.4500000000000000111 ) ) ;
#12351 = CARTESIAN_POINT ( 'NONE',  ( 14.89999999999999680, 23.27239199200323228, 0.000000000000000000 ) ) ;
#12352 = LINE ( 'NONE', #2571, #11083 ) ;
#12353 = ORIENTED_EDGE ( 'NONE', *, *, #4585, .T. ) ;
#12354 = DIRECTION ( 'NONE',  ( -9.614813431917789401E-15, -1.000000000000000000, 0.000000000000000000 ) ) ;
#12355 = VECTOR ( 'NONE', #3792, 1000.000000000000114 ) ;
#12356 = VERTEX_POINT ( 'NONE', #6903 ) ;
#12357 = DIRECTION ( 'NONE',  ( 0.8660254037844387076, 0.4999999999999997224, 0.000000000000000000 ) ) ;
#12358 = ORIENTED_EDGE ( 'NONE', *, *, #9193, .F. ) ;
#12359 = CARTESIAN_POINT ( 'NONE',  ( -7.049999999999986500, 24.70138853184800709, 0.4500000000000000111 ) ) ;
#12360 = VECTOR ( 'NONE', #1176, 1000.000000000000000 ) ;
#12361 = DIRECTION ( 'NONE',  ( -9.614813431917789401E-15, 1.000000000000000000, 0.000000000000000000 ) ) ;
#12362 = CARTESIAN_POINT ( 'NONE',  ( -35.09999999999998010, 22.57957166897571000, 0.4500000000000000111 ) ) ;
#12363 = PLANE ( 'NONE',  #119 ) ;
#12364 = ORIENTED_EDGE ( 'NONE', *, *, #5670, .T. ) ;
#12365 = ADVANCED_FACE ( 'NONE', ( #10779 ), #2078, .T. ) ;
#12366 = ORIENTED_EDGE ( 'NONE', *, *, #9767, .T. ) ;
#12367 = DIRECTION ( 'NONE',  ( -9.614813431917789401E-15, 1.000000000000000000, 0.000000000000000000 ) ) ;
#12368 = AXIS2_PLACEMENT_3D ( 'NONE', #8983, #7253, #11960 ) ;
#12369 = ORIENTED_EDGE ( 'NONE', *, *, #1615, .F. ) ;
#12370 = DIRECTION ( 'NONE',  ( -0.4999999999999985012, 0.8660254037844395958, 0.000000000000000000 ) ) ;
#12371 = VECTOR ( 'NONE', #1912, 1000.000000000000000 ) ;
#12372 = ORIENTED_EDGE ( 'NONE', *, *, #5573, .F. ) ;
#12373 = ORIENTED_EDGE ( 'NONE', *, *, #5467, .F. ) ;
#12374 = LINE ( 'NONE', #7419, #8236 ) ;
#12375 = PLANE ( 'NONE',  #3544 ) ;
#12376 = FACE_BOUND ( 'NONE', #2459, .T. ) ;
#12377 = LINE ( 'NONE', #11233, #480 ) ;
#12378 = DIRECTION ( 'NONE',  ( 0.8660254037844393737, -0.4999999999999985012, 0.000000000000000000 ) ) ;
#12379 = EDGE_CURVE ( 'NONE', #8699, #5801, #4865, .T. ) ;
#12380 = DIRECTION ( 'NONE',  ( 0.8660254037844394848, -0.4999999999999985012, 0.000000000000000000 ) ) ;
#12381 = ORIENTED_EDGE ( 'NONE', *, *, #2040, .F. ) ;
#12382 = VECTOR ( 'NONE', #5627, 1000.000000000000114 ) ;
#12383 = ORIENTED_EDGE ( 'NONE', *, *, #2797, .F. ) ;
#12384 = LINE ( 'NONE', #7677, #9919 ) ;
#12385 = EDGE_LOOP ( 'NONE', ( #11559, #10985, #7174, #385, #7593, #10666, #6085 ) ) ;
#12386 = ORIENTED_EDGE ( 'NONE', *, *, #4924, .F. ) ;
#12387 = ORIENTED_EDGE ( 'NONE', *, *, #10126, .F. ) ;
#12388 = PLANE ( 'NONE',  #8195 ) ;
#12389 = EDGE_CURVE ( 'NONE', #3224, #10135, #4805, .T. ) ;
#12390 = VECTOR ( 'NONE', #2830, 1000.000000000000114 ) ;
#12391 = CARTESIAN_POINT ( 'NONE',  ( -13.64999999999998437, 18.27831216351297883, 0.4500000000000000111 ) ) ;
#12392 = DIRECTION ( 'NONE',  ( 1.000000000000000000, 0.000000000000000000, 0.000000000000000000 ) ) ;
#12393 = EDGE_CURVE ( 'NONE', #8771, #4892, #8750, .T. ) ;
#12394 = ADVANCED_FACE ( 'NONE', ( #11796 ), #8692, .T. ) ;
#12395 = ORIENTED_EDGE ( 'NONE', *, *, #9512, .T. ) ;
#12396 = CARTESIAN_POINT ( 'NONE',  ( 29.35000000000000853, 19.72168783648704604, 0.4500000000000000111 ) ) ;
#12397 = DIRECTION ( 'NONE',  ( -0.4999999999999997224, -0.8660254037844388186, 0.000000000000000000 ) ) ;
#12398 = ORIENTED_EDGE ( 'NONE', *, *, #1490, .F. ) ;
#12399 = LINE ( 'NONE', #9485, #3772 ) ;
#12400 = FACE_OUTER_BOUND ( 'NONE', #12308, .T. ) ;
#12401 = ORIENTED_EDGE ( 'NONE', *, *, #6756, .F. ) ;
#12402 = DIRECTION ( 'NONE',  ( -0.8660254037844387076, 0.4999999999999997224, 0.000000000000000000 ) ) ;
#12403 = DIRECTION ( 'NONE',  ( 0.000000000000000000, 1.000000000000000000, 0.000000000000000000 ) ) ;
#12404 = ADVANCED_FACE ( 'NONE', ( #11607 ), #7455, .T. ) ;
#12405 = CARTESIAN_POINT ( 'NONE',  ( 20.24999999999997513, 25.43745550146434908, 0.4500000000000000111 ) ) ;
#12406 = CARTESIAN_POINT ( 'NONE',  ( 32.99999999999999289, 18.00000000000000355, 0.4500000000000000111 ) ) ;
#12407 = DIRECTION ( 'NONE',  ( 0.8660254037844387076, 0.4999999999999997224, 0.000000000000000000 ) ) ;
#12408 = CARTESIAN_POINT ( 'NONE',  ( 31.00000000000000711, 22.57957166897569223, 0.4500000000000000111 ) ) ;
#12409 = ADVANCED_FACE ( 'NONE', ( #4595 ), #9369, .T. ) ;
#12410 = LINE ( 'NONE', #10381, #7832 ) ;
#12411 = ORIENTED_EDGE ( 'NONE', *, *, #585, .T. ) ;
#12412 = LINE ( 'NONE', #4535, #2630 ) ;
#12413 = ORIENTED_EDGE ( 'NONE', *, *, #7263, .T. ) ;
#12414 = EDGE_CURVE ( 'NONE', #2727, #6720, #3578, .T. ) ;
#12415 = LINE ( 'NONE', #11464, #2593 ) ;
#12416 = VERTEX_POINT ( 'NONE', #8475 ) ;
#12417 = VECTOR ( 'NONE', #5990, 1000.000000000000000 ) ;
#12418 = CARTESIAN_POINT ( 'NONE',  ( 9.999999999999996447, 22.00000000000000355, 0.4500000000000000111 ) ) ;
#12419 = CARTESIAN_POINT ( 'NONE',  ( -19.45000000000001705, 25.43745550146433843, 0.4500000000000000111 ) ) ;
#12420 = CARTESIAN_POINT ( 'NONE',  ( -20.24999999999998224, 18.27831216351297883, 0.4500000000000000111 ) ) ;
#12421 = DIRECTION ( 'NONE',  ( 0.000000000000000000, 0.000000000000000000, -1.000000000000000000 ) ) ;
#12422 = VERTEX_POINT ( 'NONE', #3641 ) ;
#12423 = FACE_OUTER_BOUND ( 'NONE', #1527, .T. ) ;
#12424 = EDGE_LOOP ( 'NONE', ( #10516, #203, #3674, #221 ) ) ;
#12425 = CARTESIAN_POINT ( 'NONE',  ( 31.39999999999998437, 23.27239199200324293, 0.000000000000000000 ) ) ;
#12426 = VECTOR ( 'NONE', #6283, 1000.000000000000114 ) ;
#12427 = ADVANCED_FACE ( 'NONE', ( #8413 ), #2628, .T. ) ;
#12428 = VERTEX_POINT ( 'NONE', #9433 ) ;
#12429 = CARTESIAN_POINT ( 'NONE',  ( -29.34999999999999432, 18.27831216351297527, 0.000000000000000000 ) ) ;
#12430 = ORIENTED_EDGE ( 'NONE', *, *, #2816, .T. ) ;
#12431 = ORIENTED_EDGE ( 'NONE', *, *, #3183, .F. ) ;
#12432 = DIRECTION ( 'NONE',  ( 1.000000000000000000, 9.614813431917789401E-15, 0.000000000000000000 ) ) ;
#12433 = DIRECTION ( 'NONE',  ( 0.8660254037844387076, 0.4999999999999997224, 0.000000000000000000 ) ) ;
#12434 = FACE_BOUND ( 'NONE', #3162, .T. ) ;
#12435 = LINE ( 'NONE', #3034, #4402 ) ;
#12436 = CARTESIAN_POINT ( 'NONE',  ( 8.299999999999993605, 20.44337567297408143, 0.000000000000000000 ) ) ;
#12437 = LINE ( 'NONE', #8507, #5386 ) ;
#12438 = VERTEX_POINT ( 'NONE', #3448 ) ;
#12439 = ORIENTED_EDGE ( 'NONE', *, *, #3653, .T. ) ;
#12440 = CARTESIAN_POINT ( 'NONE',  ( -36.34999999999999432, 20.41450815951459674, 0.4500000000000000111 ) ) ;
#12441 = EDGE_LOOP ( 'NONE', ( #7409, #12254, #1935, #444, #477, #1099 ) ) ;
#12442 = ORIENTED_EDGE ( 'NONE', *, *, #8074, .F. ) ;
#12443 = AXIS2_PLACEMENT_3D ( 'NONE', #6428, #6547, #1604 ) ;
#12444 = ORIENTED_EDGE ( 'NONE', *, *, #11403, .F. ) ;
#12445 = DIRECTION ( 'NONE',  ( 0.8660254037844393737, 0.4999999999999985012, 0.000000000000000000 ) ) ;
#12446 = DIRECTION ( 'NONE',  ( 0.000000000000000000, 0.000000000000000000, -1.000000000000000000 ) ) ;
#12447 = DIRECTION ( 'NONE',  ( -9.614813431917789401E-15, 1.000000000000000000, 0.000000000000000000 ) ) ;
#12448 = ORIENTED_EDGE ( 'NONE', *, *, #3077, .F. ) ;
#12449 = VECTOR ( 'NONE', #4623, 1000.000000000000114 ) ;
#12450 = CARTESIAN_POINT ( 'NONE',  ( 19.45000000000000284, 23.99407982849027121, 0.000000000000000000 ) ) ;
#12451 = FACE_BOUND ( 'NONE', #11182, .T. ) ;
#12452 = VECTOR ( 'NONE', #4574, 1000.000000000000000 ) ;
#12453 = ORIENTED_EDGE ( 'NONE', *, *, #3747, .T. ) ;
#12454 = DIRECTION ( 'NONE',  ( 0.000000000000000000, 0.000000000000000000, -1.000000000000000000 ) ) ;
#12455 = VECTOR ( 'NONE', #11140, 1000.000000000000000 ) ;
#12456 = VERTEX_POINT ( 'NONE', #3218 ) ;
#12457 = VECTOR ( 'NONE', #11230, 1000.000000000000000 ) ;
#12458 = CARTESIAN_POINT ( 'NONE',  ( -29.35000000000000853, 25.43745550146434198, 0.000000000000000000 ) ) ;
#12459 = EDGE_CURVE ( 'NONE', #10661, #6430, #602, .T. ) ;
#12460 = EDGE_CURVE ( 'NONE', #8639, #1911, #10251, .T. ) ;
#12461 = CARTESIAN_POINT ( 'NONE',  ( -26.84999999999997300, 25.43745550146435619, 0.4500000000000000111 ) ) ;
#12462 = FACE_OUTER_BOUND ( 'NONE', #8046, .T. ) ;
#12463 = DIRECTION ( 'NONE',  ( -0.8660254037844387076, 0.4999999999999997224, 0.000000000000000000 ) ) ;
#12464 = COORDINATED_UNIVERSAL_TIME_OFFSET ( 1, 0, .AHEAD. ) ;
#12465 = AXIS2_PLACEMENT_3D ( 'NONE', #1228, #11704, #5094 ) ;
#12466 = EDGE_LOOP ( 'NONE', ( #10103, #1025, #6391, #5397 ) ) ;
#12467 = AXIS2_PLACEMENT_3D ( 'NONE', #5852, #7825, #7573 ) ;
#12468 = DIRECTION ( 'NONE',  ( 0.8660254037844387076, 0.4999999999999997224, 0.000000000000000000 ) ) ;
#12469 = DIRECTION ( 'NONE',  ( 0.000000000000000000, 0.000000000000000000, 1.000000000000000000 ) ) ;
#12470 = ORIENTED_EDGE ( 'NONE', *, *, #11002, .T. ) ;
#12471 = FACE_OUTER_BOUND ( 'NONE', #7403, .T. ) ;
#12472 = ORIENTED_EDGE ( 'NONE', *, *, #11797, .F. ) ;
#12473 = EDGE_CURVE ( 'NONE', #3301, #11849, #10314, .T. ) ;
#12474 = VECTOR ( 'NONE', #11827, 1000.000000000000000 ) ;
#12475 = FACE_OUTER_BOUND ( 'NONE', #8763, .T. ) ;
#12476 = VERTEX_POINT ( 'NONE', #11389 ) ;
#12477 = DIRECTION ( 'NONE',  ( -1.000000000000000000, 0.000000000000000000, 0.000000000000000000 ) ) ;
#12478 = EDGE_CURVE ( 'NONE', #7704, #1657, #4404, .T. ) ;
#12479 = AXIS2_PLACEMENT_3D ( 'NONE', #9670, #9734, #969 ) ;
#12480 = DIRECTION ( 'NONE',  ( 0.8660254037844393737, 0.4999999999999985012, 0.000000000000000000 ) ) ;
#12481 = EDGE_CURVE ( 'NONE', #9145, #2885, #1561, .T. ) ;
#12482 = CARTESIAN_POINT ( 'NONE',  ( -16.94999999999998153, 23.99407982849027832, 0.000000000000000000 ) ) ;
#12483 = VECTOR ( 'NONE', #10911, 1000.000000000000000 ) ;
#12484 = DIRECTION ( 'NONE',  ( -9.614813431917789401E-15, -1.000000000000000000, 0.000000000000000000 ) ) ;
#12485 = ORIENTED_EDGE ( 'NONE', *, *, #7503, .F. ) ;
#12486 = CARTESIAN_POINT ( 'NONE',  ( 33.44999999999996732, 25.43745550146435974, 0.4500000000000000111 ) ) ;
#12487 = VERTEX_POINT ( 'NONE', #4467 ) ;
#12488 = CARTESIAN_POINT ( 'NONE',  ( 32.99999999999999289, 25.99999999999999645, 0.4500000000000000111 ) ) ;
#12489 = EDGE_CURVE ( 'NONE', #8389, #10088, #12348, .T. ) ;
#12490 = AXIS2_PLACEMENT_3D ( 'NONE', #9524, #10410, #3737 ) ;
#12491 = EDGE_CURVE ( 'NONE', #849, #7632, #10974, .T. ) ;
#12492 = CIRCLE ( 'NONE', #7020, 3.999999999999996447 ) ;
#12493 = AXIS2_PLACEMENT_3D ( 'NONE', #2083, #3862, #6971 ) ;
#12494 = FACE_OUTER_BOUND ( 'NONE', #393, .T. ) ;
#12495 = VERTEX_POINT ( 'NONE', #10183 ) ;
#12496 = AXIS2_PLACEMENT_3D ( 'NONE', #1757, #10698, #4667 ) ;
#12497 = EDGE_LOOP ( 'NONE', ( #7030, #6286, #11669, #3281, #2820, #6255 ) ) ;
#12498 = CARTESIAN_POINT ( 'NONE',  ( -19.84999999999999787, 20.41450815951458964, 0.4500000000000000111 ) ) ;
#12499 = CARTESIAN_POINT ( 'NONE',  ( -14.89999999999998792, 20.44337567297408498, 0.000000000000000000 ) ) ;
#12500 = ADVANCED_FACE ( 'NONE', ( #2567 ), #5543, .T. ) ;
#12501 = FACE_OUTER_BOUND ( 'NONE', #5873, .T. ) ;
#12502 = DIRECTION ( 'NONE',  ( 0.000000000000000000, 0.000000000000000000, -1.000000000000000000 ) ) ;
#12503 = DIRECTION ( 'NONE',  ( -0.4999999999999985567, 0.8660254037844394848, 0.000000000000000000 ) ) ;
#12504 = EDGE_CURVE ( 'NONE', #11307, #1170, #4528, .T. ) ;
#12505 = CARTESIAN_POINT ( 'NONE',  ( 12.36794919243113000, 18.00000000000000355, 0.4500000000000000111 ) ) ;
#12506 = ORIENTED_EDGE ( 'NONE', *, *, #3228, .F. ) ;
#12507 = VERTEX_POINT ( 'NONE', #8288 ) ;
#12508 = DIRECTION ( 'NONE',  ( 0.4999999999999985567, 0.8660254037844394848, 0.000000000000000000 ) ) ;
#12509 = VERTEX_POINT ( 'NONE', #1619 ) ;
#12510 = ORIENTED_EDGE ( 'NONE', *, *, #11846, .F. ) ;
#12511 = ADVANCED_FACE ( 'NONE', ( #5484 ), #299, .T. ) ;
#12512 = ORIENTED_EDGE ( 'NONE', *, *, #8656, .T. ) ;
#12513 = LINE ( 'NONE', #3816, #9415 ) ;
#12514 = DIRECTION ( 'NONE',  ( 0.000000000000000000, 0.000000000000000000, -1.000000000000000000 ) ) ;
#12515 = DIRECTION ( 'NONE',  ( -0.8660254037844394848, -0.4999999999999985012, 0.000000000000000000 ) ) ;
#12516 = EDGE_LOOP ( 'NONE', ( #10509, #1012, #11098, #1360 ) ) ;
#12517 = VECTOR ( 'NONE', #6226, 1000.000000000000000 ) ;
#12518 = DIRECTION ( 'NONE',  ( 0.000000000000000000, 0.000000000000000000, -1.000000000000000000 ) ) ;
#12519 = VECTOR ( 'NONE', #1616, 1000.000000000000000 ) ;
#12520 = FACE_BOUND ( 'NONE', #5342, .T. ) ;
#12521 = EDGE_LOOP ( 'NONE', ( #5678, #6036, #3270, #3462 ) ) ;
#12522 = PLANE ( 'NONE',  #11439 ) ;
#12523 = VERTEX_POINT ( 'NONE', #7329 ) ;
#12524 = CARTESIAN_POINT ( 'NONE',  ( -16.94999999999998153, 25.43745550146435264, 0.4500000000000000111 ) ) ;
#12525 = PLANE ( 'NONE',  #4610 ) ;
#12526 = CARTESIAN_POINT ( 'NONE',  ( -15.17564434701788834, 25.99999999999999645, 0.4500000000000000111 ) ) ;
#12527 = AXIS2_PLACEMENT_3D ( 'NONE', #3781, #5617, #4787 ) ;
#12528 = DIRECTION ( 'NONE',  ( -1.000000000000000000, 9.614813431917789401E-15, 0.000000000000000000 ) ) ;
#12529 = CARTESIAN_POINT ( 'NONE',  ( -6.232766950200896439, 20.65539777313090397, 0.4500000000000000111 ) ) ;
#12530 = ORIENTED_EDGE ( 'NONE', *, *, #6670, .T. ) ;
#12531 = CARTESIAN_POINT ( 'NONE',  ( -19.84999999999998721, 23.30125950546273828, 0.4500000000000000111 ) ) ;
#12532 = DIRECTION ( 'NONE',  ( 0.000000000000000000, -0.000000000000000000, 1.000000000000000000 ) ) ;
#12533 = ORIENTED_EDGE ( 'NONE', *, *, #8827, .F. ) ;
#12534 = ADVANCED_FACE ( 'NONE', ( #11204 ), #2501, .T. ) ;
#12535 = CARTESIAN_POINT ( 'NONE',  ( 16.54999999999999005, 23.30125950546273828, 0.4500000000000000111 ) ) ;
#12536 = EDGE_LOOP ( 'NONE', ( #2084, #10487, #3991, #5766 ) ) ;
#12537 = CARTESIAN_POINT ( 'NONE',  ( -28.86794919243110158, 18.00000000000000355, 0.000000000000000000 ) ) ;
#12538 = ORIENTED_EDGE ( 'NONE', *, *, #442, .F. ) ;
#12539 = FACE_OUTER_BOUND ( 'NONE', #11364, .T. ) ;
#12540 = CARTESIAN_POINT ( 'NONE',  ( 18.19999999999999574, 23.27239199200323938, 0.4500000000000000111 ) ) ;
#12541 = VECTOR ( 'NONE', #7306, 1000.000000000000000 ) ;
#12542 = CARTESIAN_POINT ( 'NONE',  ( 31.39999999999997726, 26.15914333795139157, 0.4500000000000000111 ) ) ;
#12543 = CARTESIAN_POINT ( 'NONE',  ( 6.126808886538224641, 22.99919497526796164, 0.000000000000000000 ) ) ;
#12544 = EDGE_LOOP ( 'NONE', ( #6863, #2414, #12179, #2914 ) ) ;
#12545 = CARTESIAN_POINT ( 'NONE',  ( 25.19999999999997442, 21.13619599600163212, 0.4500000000000000111 ) ) ;
#12546 = ORIENTED_EDGE ( 'NONE', *, *, #9792, .T. ) ;
#12547 = LINE ( 'NONE', #6650, #5849 ) ;
#12548 = CARTESIAN_POINT ( 'NONE',  ( -31.00000000000000711, 22.57957166897569223, 0.4500000000000000111 ) ) ;
#12549 = ORIENTED_EDGE ( 'NONE', *, *, #11947, .F. ) ;
#12550 = AXIS2_PLACEMENT_3D ( 'NONE', #9712, #8759, #54 ) ;
#12551 = CARTESIAN_POINT ( 'NONE',  ( 16.15000000000001990, 19.72168783648704249, 0.4500000000000000111 ) ) ;
#12552 = EDGE_LOOP ( 'NONE', ( #3230, #5625, #1283, #11993, #3588, #12413 ) ) ;
#12553 = LINE ( 'NONE', #6838, #8975 ) ;
#12554 = CARTESIAN_POINT ( 'NONE',  ( -9.550000000000022027, 19.72168783648703538, 0.4500000000000000111 ) ) ;
#12555 = ADVANCED_FACE ( 'NONE', ( #1864 ), #3830, .T. ) ;
#12556 = CARTESIAN_POINT ( 'NONE',  ( -31.39999999999997726, 20.44337567297409208, 0.4500000000000000111 ) ) ;
#12557 = CARTESIAN_POINT ( 'NONE',  ( -18.59999999999998010, 22.57957166897570289, 0.4500000000000000111 ) ) ;
#12558 = LINE ( 'NONE', #10658, #833 ) ;
#12559 = DIRECTION ( 'NONE',  ( 9.614813431917789401E-15, 1.000000000000000000, 0.000000000000000000 ) ) ;
#12560 = VERTEX_POINT ( 'NONE', #12529 ) ;
#12561 = AXIS2_PLACEMENT_3D ( 'NONE', #234, #6891, #10768 ) ;
#12562 = VERTEX_POINT ( 'NONE', #78 ) ;
#12563 = EDGE_CURVE ( 'NONE', #4891, #4957, #8722, .T. ) ;
#12564 = ORIENTED_EDGE ( 'NONE', *, *, #6907, .F. ) ;
#12566 = VECTOR ( 'NONE', #2631, 1000.000000000000114 ) ;
#12565 = LINE ( 'NONE', #3868, #12151 ) ;
#12567 = VERTEX_POINT ( 'NONE', #5668 ) ;
#12568 = EDGE_LOOP ( 'NONE', ( #6158, #1005, #3203, #3807, #5337, #2834 ) ) ;
#12569 = ADVANCED_FACE ( 'NONE', ( #1745 ), #11519, .T. ) ;
#12570 = ADVANCED_FACE ( 'NONE', ( #8537 ), #8591, .T. ) ;
#12571 = ORIENTED_EDGE ( 'NONE', *, *, #11662, .F. ) ;
ENDSEC;
END-ISO-10303-21;
