ISO-10303-21;
HEADER;
FILE_DESCRIPTION (( 'STEP AP203' ),
    '1' );
FILE_NAME ('DPAD Sanding Tool.STEP',
    '2026-04-04T17:36:22',
    ( '' ),
    ( '' ),
    'SwSTEP 2.0',
    'SolidWorks 2026',
    '' );
FILE_SCHEMA (( 'CONFIG_CONTROL_DESIGN' ));
ENDSEC;

DATA;
#1 = CARTESIAN_POINT ( 'NONE',  ( -8.576604897467852595, 23.24058941924906563, 11.78117271146838263 ) ) ;
#2 = CARTESIAN_POINT ( 'NONE',  ( -8.929590161613193189, 25.69041001381466316, 7.058497184944558356 ) ) ;
#3 = VERTEX_POINT ( 'NONE', #266 ) ;
#4 = CARTESIAN_POINT ( 'NONE',  ( -11.40274719384635382, 23.13855660645186063, 7.057382055893498318 ) ) ;
#5 = CARTESIAN_POINT ( 'NONE',  ( -12.19528931452944320, 23.94936648379412247, 3.018551008334139141 ) ) ;
#6 = AXIS2_PLACEMENT_3D ( 'NONE', #634, #658, #1368 ) ;
#7 = EDGE_CURVE ( 'NONE', #821, #247, #1015, .T. ) ;
#8 = CARTESIAN_POINT ( 'NONE',  ( -10.81767865577803001, 22.17186618248594954, 8.387642356830397716 ) ) ;
#9 = EDGE_CURVE ( 'NONE', #2372, #2014, #1601, .T. ) ;
#10 = VECTOR ( 'NONE', #2223, 1000.000000000000000 ) ;
#11 = PLANE ( 'NONE',  #322 ) ;
#12 = EDGE_LOOP ( 'NONE', ( #916, #1007, #1283, #186 ) ) ;
#13 = CARTESIAN_POINT ( 'NONE',  ( -12.10709655821414366, 25.60810896669994108, 1.693012221215433266 ) ) ;
#14 = CARTESIAN_POINT ( 'NONE',  ( -9.459327167902461753, 24.92598965440669900, 6.118408169357022253 ) ) ;
#15 = CARTESIAN_POINT ( 'NONE',  ( -9.101467096147935365, 22.75702228694633433, 11.68360672111147203 ) ) ;
#16 = CARTESIAN_POINT ( 'NONE',  ( -10.47935327794795413, 23.74411658594801366, 6.335089633395409869 ) ) ;
#17 = ORIENTED_EDGE ( 'NONE', *, *, #1825, .F. ) ;
#18 = CARTESIAN_POINT ( 'NONE',  ( -9.460801352772907791, 22.93680845855978845, 9.454097221821454511 ) ) ;
#19 = DIRECTION ( 'NONE',  ( -0.6634139481689453888, 0.6427876096865345890, 0.3830222215594849544 ) ) ;
#20 = CARTESIAN_POINT ( 'NONE',  ( -11.09022572762801140, 22.50545234670822481, 8.661160215534946971 ) ) ;
#21 = CARTESIAN_POINT ( 'NONE',  ( 10.10250785503924753, 25.27476274248524390, -11.61126998988518899 ) ) ;
#22 = ORIENTED_EDGE ( 'NONE', *, *, #804, .F. ) ;
#23 = CARTESIAN_POINT ( 'NONE',  ( -11.51018810876730569, 24.91330069918860701, 2.587507415807589695 ) ) ;
#24 = CARTESIAN_POINT ( 'NONE',  ( -11.92214557570946276, 25.29298115644035860, 1.236796689216060008 ) ) ;
#25 = CARTESIAN_POINT ( 'NONE',  ( 2.081899558550500280E-15, 20.45584412271570685, 17.00000000000000000 ) ) ;
#26 = CARTESIAN_POINT ( 'NONE',  ( -9.401796769745446980, 24.07987425387552349, 8.943411272315158200 ) ) ;
#27 = DATE_AND_TIME ( #1961, #1918 ) ;
#28 = ORIENTED_EDGE ( 'NONE', *, *, #586, .F. ) ;
#29 = DIRECTION ( 'NONE',  ( 0.8682420167430348057, 0.000000000000000000, -0.4961409077691412706 ) ) ;
#30 = CARTESIAN_POINT ( 'NONE',  ( -13.07095994095915437, 23.92459888113142341, 2.848817254513324126 ) ) ;
#31 = EDGE_CURVE ( 'NONE', #730, #694, #144, .T. ) ;
#32 = CARTESIAN_POINT ( 'NONE',  ( -10.97654655195185569, 22.99849750064907639, 6.725223020585294975 ) ) ;
#33 = CARTESIAN_POINT ( 'NONE',  ( -9.618265839098912195, 23.50956873171976014, 9.525562152526333648 ) ) ;
#34 = ORIENTED_EDGE ( 'NONE', *, *, #1693, .T. ) ;
#35 = CARTESIAN_POINT ( 'NONE',  ( -11.48863323314837004, 24.99454141741616198, 2.488503442127723453 ) ) ;
#36 = ADVANCED_FACE ( 'NONE', ( #1577 ), #1415, .T. ) ;
#37 = CARTESIAN_POINT ( 'NONE',  ( -9.531100836374641005, 22.52148633503305319, 11.33473551515181299 ) ) ;
#38 = CARTESIAN_POINT ( 'NONE',  ( -9.070089795660972953, 23.75848044903225542, 8.751900161535415279 ) ) ;
#39 = PERSON_AND_ORGANIZATION_ROLE ( 'creator' ) ;
#40 = DIRECTION ( 'NONE',  ( -0.4960378829030374637, 0.005435024747669058715, -0.8682838701893895728 ) ) ;
#41 = ORIENTED_EDGE ( 'NONE', *, *, #553, .T. ) ;
#42 = DIRECTION ( 'NONE',  ( 0.6634139481689551587, -0.6427876096865200450, -0.3830222215594923929 ) ) ;
#43 = CARTESIAN_POINT ( 'NONE',  ( -7.065379016484923724, 20.67666942915359130, -15.46952839322044504 ) ) ;
#44 = CARTESIAN_POINT ( 'NONE',  ( -12.73925296687468212, 23.60320507628815534, 2.657306143733581205 ) ) ;
#45 = CARTESIAN_POINT ( 'NONE',  ( 10.24361992217199813, 20.45584412271570685, 13.56717549418747026 ) ) ;
#46 = CARTESIAN_POINT ( 'NONE',  ( 11.58142384029857297, 27.99831645537221547, -1.407740367566032491 ) ) ;
#47 = ORIENTED_EDGE ( 'NONE', *, *, #1854, .F. ) ;
#48 = CARTESIAN_POINT ( 'NONE',  ( -11.89605993154180474, 25.29236125298664462, 1.283018671781342324 ) ) ;
#49 = SPHERICAL_SURFACE ( 'NONE', #1963, 105.9999999999999858 ) ;
#50 = CARTESIAN_POINT ( 'NONE',  ( -8.630455275245648039, 24.40496367520660925, 8.428441814365578821 ) ) ;
#51 = CARTESIAN_POINT ( 'NONE',  ( -4.523778399728255017, 19.39431218175698035, -16.54555388654843995 ) ) ;
#52 = ORIENTED_EDGE ( 'NONE', *, *, #67, .T. ) ;
#53 = CARTESIAN_POINT ( 'NONE',  ( -9.976303328736454645, 22.77697127183000703, 10.13486754624948638 ) ) ;
#54 = CARTESIAN_POINT ( 'NONE',  ( -10.14503662098160852, 24.66748108591904298, -12.12083980393060756 ) ) ;
#55 = CARTESIAN_POINT ( 'NONE',  ( -12.56726328352774225, 23.68355817146835207, 2.820352508608855668 ) ) ;
#56 = CARTESIAN_POINT ( 'NONE',  ( -11.43831049465935834, 22.52680062129258687, 8.022433055035834926 ) ) ;
#57 = AXIS2_PLACEMENT_3D ( 'NONE', #799, #78, #620 ) ;
#58 = CARTESIAN_POINT ( 'NONE',  ( -9.421161464445891198, 24.95918528721677276, 6.128804220355140941 ) ) ;
#59 = ORIENTED_EDGE ( 'NONE', *, *, #67, .F. ) ;
#60 = CARTESIAN_POINT ( 'NONE',  ( -12.35066589861921926, 24.44561181685057250, 3.222039607834208841 ) ) ;
#61 = DIRECTION ( 'NONE',  ( -0.6634139481689453888, 0.6427876096865345890, 0.3830222215594849544 ) ) ;
#62 = CARTESIAN_POINT ( 'NONE',  ( -14.50694797680839088, 22.56441045532421796, 2.644280230214176353 ) ) ;
#63 = ORIENTED_EDGE ( 'NONE', *, *, #1894, .F. ) ;
#64 = PLANE ( 'NONE',  #2170 ) ;
#65 = CARTESIAN_POINT ( 'NONE',  ( 18.81109668243861677, 13.22623703565526121, 10.86059173335812922 ) ) ;
#66 = CARTESIAN_POINT ( 'NONE',  ( -13.69560737979078979, 22.23789197315144506, 3.292119153087159855 ) ) ;
#67 = EDGE_CURVE ( 'NONE', #1950, #1336, #890, .T. ) ;
#68 = CARTESIAN_POINT ( 'NONE',  ( -11.50836282051374226, 22.85258362886875716, 7.354370064465673984 ) ) ;
#69 = CARTESIAN_POINT ( 'NONE',  ( -9.196938141177648518, 23.96201058746972379, 9.496035543384072852 ) ) ;
#70 = AXIS2_PLACEMENT_3D ( 'NONE', #2195, #552, #2042 ) ;
#71 = ORIENTED_EDGE ( 'NONE', *, *, #1893, .F. ) ;
#72 = AXIS2_PLACEMENT_3D ( 'NONE', #1831, #172, #917 ) ;
#73 = CARTESIAN_POINT ( 'NONE',  ( -8.094253741772353905, 24.18977358456532301, 11.02370925415017666 ) ) ;
#74 = CARTESIAN_POINT ( 'NONE',  ( -18.16120573691008033, 30.09897322425006294, -16.32957755521044874 ) ) ;
#75 = ORIENTED_EDGE ( 'NONE', *, *, #545, .T. ) ;
#76 = CARTESIAN_POINT ( 'NONE',  ( -11.79452510121309494, 24.39956132774574016, 2.957178332618040972 ) ) ;
#77 = CARTESIAN_POINT ( 'NONE',  ( -7.257379247551547508, 27.92938774973440985, -9.383775125388460481 ) ) ;
#78 = DIRECTION ( 'NONE',  ( -0.000000000000000000, -1.000000000000000000, -0.000000000000000000 ) ) ;
#79 = ORIENTED_EDGE ( 'NONE', *, *, #31, .F. ) ;
#80 = CARTESIAN_POINT ( 'NONE',  ( -11.13531557497356772, 22.66376830362847272, 7.011969297572075099 ) ) ;
#81 = CARTESIAN_POINT ( 'NONE',  ( -8.865231167093176268, 23.64061678262645572, 9.304524432604328155 ) ) ;
#82 = CARTESIAN_POINT ( 'NONE',  ( -8.139468738760260891, 24.33528145581395918, 10.70120337990678117 ) ) ;
#83 = CARTESIAN_POINT ( 'NONE',  ( 10.34410536608037035, 28.43649928110637859, -6.333937763306645124E-16 ) ) ;
#84 = CARTESIAN_POINT ( 'NONE',  ( -8.962162249330120289, 24.72635748004987732, 8.619952925145321743 ) ) ;
#85 = VECTOR ( 'NONE', #1768, 1000.000000000000114 ) ;
#86 = CARTESIAN_POINT ( 'NONE',  ( -2.284715392018416225, 18.85272439341059325, -17.00000000000000355 ) ) ;
#87 = ORIENTED_EDGE ( 'NONE', *, *, #397, .T. ) ;
#88 = CARTESIAN_POINT ( 'NONE',  ( -8.625843458081076776, 25.36808569660933088, 6.820119050134374028 ) ) ;
#89 = AXIS2_PLACEMENT_3D ( 'NONE', #1630, #469, #494 ) ;
#90 = CARTESIAN_POINT ( 'NONE',  ( -9.166265677409624502, 26.89816088366223923, -10.24907720836970704 ) ) ;
#91 = DIRECTION ( 'NONE',  ( -0.6958540455435252570, -0.7181832268305279321, 0.000000000000000000 ) ) ;
#92 = VECTOR ( 'NONE', #683, 1000.000000000000114 ) ;
#93 = ORIENTED_EDGE ( 'NONE', *, *, #1932, .T. ) ;
#94 = CARTESIAN_POINT ( 'NONE',  ( -10.51458828218480690, 23.69541193680705149, 6.355796922113873926 ) ) ;
#95 = CARTESIAN_POINT ( 'NONE',  ( -8.399862458375343621, 24.85617777336794276, 8.070613122347062074 ) ) ;
#96 = CARTESIAN_POINT ( 'NONE',  ( -8.402621050174401418, 23.46543023845828202, 11.70519387773282105 ) ) ;
#97 = CARTESIAN_POINT ( 'NONE',  ( -8.676103146305834457, 22.50580142359824976, 11.53655007217271233 ) ) ;
#98 = CARTESIAN_POINT ( 'NONE',  ( -9.302664993544558669, 25.05655341225599031, 6.170643012856208642 ) ) ;
#99 = CARTESIAN_POINT ( 'NONE',  ( -10.81106025203242638, 24.06551039079128174, 6.526600744175152791 ) ) ;
#100 = ORIENTED_EDGE ( 'NONE', *, *, #553, .F. ) ;
#101 = CARTESIAN_POINT ( 'NONE',  ( -16.74217301634019961, 22.40805137630676924, -0.9648414135355939392 ) ) ;
#102 = CARTESIAN_POINT ( 'NONE',  ( -8.609774250460963785, 27.32006904636525491, -9.895054224654922237 ) ) ;
#103 = CARTESIAN_POINT ( 'NONE',  ( -9.752868438530363449, 25.28057909206003728, 6.320315331134881198 ) ) ;
#104 = VERTEX_POINT ( 'NONE', #134 ) ;
#105 = CARTESIAN_POINT ( 'NONE',  ( -5.424436874914836615, 24.66748108591904298, 14.84627933805876943 ) ) ;
#106 = LINE ( 'NONE', #1588, #2140 ) ;
#107 = CARTESIAN_POINT ( 'NONE',  ( -8.729984581633877028, 23.76941241702393981, 9.322633651529702803 ) ) ;
#108 = ADVANCED_BREP_SHAPE_REPRESENTATION ( 'DPAD Sanding Tool', ( #973, #89 ), #1332 ) ;
#109 = CARTESIAN_POINT ( 'NONE',  ( -8.192311634582875257, 23.81097431062565306, 11.48956866382521369 ) ) ;
#110 = CARTESIAN_POINT ( 'NONE',  ( -8.293063324521570578, 23.62865580987244840, 11.62102839138057675 ) ) ;
#111 = CARTESIAN_POINT ( 'NONE',  ( -8.878148787397181607, 25.68826877145360754, 7.151189690048679992 ) ) ;
#112 = EDGE_CURVE ( 'NONE', #1771, #651, #1036, .T. ) ;
#113 = EDGE_CURVE ( 'NONE', #1449, #257, #676, .T. ) ;
#114 = EDGE_CURVE ( 'NONE', #257, #348, #1023, .T. ) ;
#115 = ORIENTED_EDGE ( 'NONE', *, *, #1084, .F. ) ;
#116 = CARTESIAN_POINT ( 'NONE',  ( -16.87132859665405249, 20.45584412271570685, 2.087647332219502605 ) ) ;
#117 = CARTESIAN_POINT ( 'NONE',  ( -10.66434522603827695, 24.26365026595256325, 6.448200431092106832 ) ) ;
#118 = ORIENTED_EDGE ( 'NONE', *, *, #2249, .T. ) ;
#119 = CARTESIAN_POINT ( 'NONE',  ( -4.264481205145335352, 27.32006904636525491, 12.40381033407574130 ) ) ;
#120 = CARTESIAN_POINT ( 'NONE',  ( 4.245379198851487956, 27.20375858639244626, 12.63208810763341816 ) ) ;
#121 = ADVANCED_FACE ( 'NONE', ( #855 ), #1102, .T. ) ;
#122 = APPLICATION_CONTEXT ( 'configuration controlled 3d designs of mechanical parts and assemblies' ) ;
#123 = CARTESIAN_POINT ( 'NONE',  ( -11.87501748851798666, 25.54294737504016055, 2.204339096359797523 ) ) ;
#124 = CARTESIAN_POINT ( 'NONE',  ( -7.762546767687877214, 23.86837977972205138, 10.83219814337043196 ) ) ;
#125 = CARTESIAN_POINT ( 'NONE',  ( -9.421161464445891198, 24.95918528721677276, 6.128804220355140941 ) ) ;
#126 = CIRCLE ( 'NONE', #1476, 105.9999999999999858 ) ;
#127 = CARTESIAN_POINT ( 'NONE',  ( -9.846176185091135125, 22.81524028474865773, 8.990624051903548519 ) ) ;
#128 = ORIENTED_EDGE ( 'NONE', *, *, #143, .F. ) ;
#129 = CARTESIAN_POINT ( 'NONE',  ( -16.90307852178271375, 21.76457578779516666, -0.1636576661962584611 ) ) ;
#130 = CARTESIAN_POINT ( 'NONE',  ( -10.51916801873288598, 24.45226257370810075, 6.383125694499732106 ) ) ;
#131 = ORIENTED_EDGE ( 'NONE', *, *, #31, .T. ) ;
#132 = CARTESIAN_POINT ( 'NONE',  ( 0.000000000000000000, 0.000000000000000000, 0.000000000000000000 ) ) ;
#133 = CARTESIAN_POINT ( 'NONE',  ( 4.424484375197121899, 27.86070354686361128, 11.21938429423398631 ) ) ;
#134 = CARTESIAN_POINT ( 'NONE',  ( -7.357319372451557093, 25.69002519124066453, 9.782395883988780128 ) ) ;
#135 = DIRECTION ( 'NONE',  ( -0.4951302526543897020, 0.006675226180048184077, -0.8687931136132729382 ) ) ;
#136 = APPROVAL_DATE_TIME ( #1799, #185 ) ;
#137 = ORIENTED_EDGE ( 'NONE', *, *, #334, .F. ) ;
#138 = CARTESIAN_POINT ( 'NONE',  ( -9.531100836374641005, 22.52148633503305319, 11.33473551515181299 ) ) ;
#139 = CARTESIAN_POINT ( 'NONE',  ( -10.81106025203242638, 24.06551039079128174, 6.526600744175151902 ) ) ;
#140 = ORIENTED_EDGE ( 'NONE', *, *, #1005, .F. ) ;
#141 = CARTESIAN_POINT ( 'NONE',  ( -8.902553061019752079, 21.32587943982835910, 14.42987880664944633 ) ) ;
#142 = DIRECTION ( 'NONE',  ( 0.5601187884139234852, 0.7660260829852197917, -0.3153902076032791268 ) ) ;
#143 = EDGE_CURVE ( 'NONE', #1861, #1890, #573, .T. ) ;
#144 = B_SPLINE_CURVE_WITH_KNOTS ( 'NONE', 3,
 ( #1440, #2304, #843, #2316, #1392, #687, #320, #491, #123, #307, #1945, #1931, #479, #664, #1785, #333, #1217, #2354, #866, #294, #1046, #2330, #1970 ),
 .UNSPECIFIED., .F., .F.,
 ( 4, 1, 1, 1, 1, 1, 1, 1, 1, 1, 1, 1, 1, 1, 1, 1, 1, 1, 1, 1, 4 ),
 ( 0.000000000000000000, 0.07117888506649215630, 0.1370229169752085752, 0.1977419556530047584, 0.2533838968934614133, 0.3037353564719013077, 0.3492702334998925573, 0.3900158164286753881, 0.4259942457620604639, 0.4930344426952583126, 0.5594082549039500751, 0.6268605294358664537, 0.6969066277672496534, 0.7330274055471502903, 0.7690022689526422317, 0.8056449280386763778, 0.8426360417041637296, 0.8804147084132806222, 0.9191805508893591270, 0.9590283475261788260, 1.000000000000000000 ),
 .UNSPECIFIED. ) ;
#145 = CARTESIAN_POINT ( 'NONE',  ( -8.127330122827221004, 23.97653913863523201, 11.32426917150107393 ) ) ;
#146 = CARTESIAN_POINT ( 'NONE',  ( -9.386347010588092843, 22.16501799001897766, 10.87827412032715202 ) ) ;
#147 = EDGE_CURVE ( 'NONE', #1736, #1809, #1994, .T. ) ;
#148 = CARTESIAN_POINT ( 'NONE',  ( -10.37752591395366153, 22.36083918597593012, 8.832874913699216179 ) ) ;
#149 = CARTESIAN_POINT ( 'NONE',  ( -7.357319372451557093, 25.69002519124066453, 9.782395883988780128 ) ) ;
#150 = CARTESIAN_POINT ( 'NONE',  ( -7.775759074648854074, 23.73183954124207418, 11.03845548392767739 ) ) ;
#151 = VECTOR ( 'NONE', #1204, 1000.000000000000000 ) ;
#152 = VERTEX_POINT ( 'NONE', #1747 ) ;
#153 = CARTESIAN_POINT ( 'NONE',  ( -11.36017356233343811, 23.22505582739394470, 6.985958819957395427 ) ) ;
#154 = CARTESIAN_POINT ( 'NONE',  ( -12.52699628861391545, 24.27076028863739054, 3.210062119113882062 ) ) ;
#155 = CARTESIAN_POINT ( 'NONE',  ( -10.93026860631772657, 22.16419379540407419, 8.205506636415316635 ) ) ;
#156 = CARTESIAN_POINT ( 'NONE',  ( -9.360992990784840373, 23.08680610778720066, 9.375244431516684074 ) ) ;
#157 = CARTESIAN_POINT ( 'NONE',  ( 0.000000000000000000, 3.066687844136003704, 0.000000000000000000 ) ) ;
#158 = CARTESIAN_POINT ( 'NONE',  ( -10.90618530794801799, 22.57034387342723747, 8.871026660794079532 ) ) ;
#159 = CARTESIAN_POINT ( 'NONE',  ( -9.194500216102612811, 22.69292479333581269, 11.63003699705924809 ) ) ;
#160 = CARTESIAN_POINT ( 'NONE',  ( -8.397074102826270092, 25.30326759806276371, 7.325136881818566259 ) ) ;
#161 = ORIENTED_EDGE ( 'NONE', *, *, #804, .T. ) ;
#162 = LINE ( 'NONE', #1658, #2158 ) ;
#163 = CARTESIAN_POINT ( 'NONE',  ( -9.929172122043958382, 22.73350682533697764, 8.984035903573847293 ) ) ;
#164 = CARTESIAN_POINT ( 'NONE',  ( -9.466342680033756452, 22.74843009648379777, -13.73111478137609609 ) ) ;
#165 = DIRECTION ( 'NONE',  ( -1.000000000000000000, 0.000000000000000000, 0.000000000000000000 ) ) ;
#166 = B_SPLINE_SURFACE_WITH_KNOTS ( 'NONE', 3, 1, ( 
 ( #2201, #2190 ),
 ( #2224, #943 ),
 ( #2374, #1307 ),
 ( #1125, #341 ),
 ( #531, #1079 ),
 ( #1293, #1811 ),
 ( #2021, #1277 ),
 ( #931, #1671 ),
 ( #5, #154 ),
 ( #2034, #388 ),
 ( #1857, #199 ),
 ( #1685, #896 ),
 ( #1901, #438 ),
 ( #226, #1558 ),
 ( #55, #610 ),
 ( #1546, #1745 ),
 ( #994, #1697 ),
 ( #1913, #30 ),
 ( #1719, #1521 ) ),
 .UNSPECIFIED., .F., .F., .F.,
 ( 4, 1, 1, 1, 1, 1, 1, 1, 1, 1, 1, 1, 1, 1, 1, 1, 4 ),
 ( 2, 2 ),
 ( 0.000000000000000000, 0.06866362237938156143, 0.1350759207058815914, 0.1986928773541127013, 0.2605317416681074416, 0.3207390547206006581, 0.3800681830674348394, 0.4379418469756324872, 0.4958919828346449732, 0.5538081436257543677, 0.6125789527205515173, 0.6723487863132422415, 0.7339431432438573433, 0.7964468472212755668, 0.8617734484634731462, 0.9291542467425485397, 1.000000000000000000 ),
 ( 0.000000000000000000, 1.000000000000000000 ),
 .UNSPECIFIED. ) ;
#167 = CARTESIAN_POINT ( 'NONE',  ( -11.14938562986250226, 22.49325998732921761, 8.579153467610140638 ) ) ;
#168 = CIRCLE ( 'NONE', #57, 15.00000000000000000 ) ;
#169 = CARTESIAN_POINT ( 'NONE',  ( -8.119547074120474051, 23.07760995837790574, 11.54092480518349362 ) ) ;
#170 = CARTESIAN_POINT ( 'NONE',  ( -10.24361992217217043, 20.45584412271570685, 13.56717549418733704 ) ) ;
#171 = VERTEX_POINT ( 'NONE', #45 ) ;
#172 = DIRECTION ( 'NONE',  ( 0.000000000000000000, 1.000000000000000000, 0.000000000000000000 ) ) ;
#173 = CARTESIAN_POINT ( 'NONE',  ( -10.91180815253452785, 22.16444101617173956, 8.237066194588644308 ) ) ;
#174 = CARTESIAN_POINT ( 'NONE',  ( 0.000000000000000000, 3.066687844136003704, 17.00000000000000000 ) ) ;
#175 = CARTESIAN_POINT ( 'NONE',  ( -7.025612398367083955, 25.36863138639739645, 9.590884773209037206 ) ) ;
#176 = ORIENTED_EDGE ( 'NONE', *, *, #1763, .F. ) ;
#177 = CARTESIAN_POINT ( 'NONE',  ( -9.286558865014438169, 23.18817492687649207, 9.334051041746590727 ) ) ;
#178 = CARTESIAN_POINT ( 'NONE',  ( -10.77658027144806852, 22.63965346826305947, 8.979193858001240258 ) ) ;
#179 = B_SPLINE_CURVE_WITH_KNOTS ( 'NONE', 3,
 ( #2148, #133, #477, #120, #501, #2169, #1243, #1425, #1058, #628, #1362, #1980, #1611, #2340, #291, #696, #2161, #512, #332, #1070, #1804, #1034, #1267, #886 ),
 .UNSPECIFIED., .F., .F.,
 ( 4, 2, 2, 2, 2, 2, 2, 2, 2, 2, 2, 4 ),
 ( 7.568010096955686939E-07, 0.001562706728104565866, 0.003124656655199435900, 0.003905631618746867664, 0.004686606582294298995, 0.005467581545841730326, 0.006248556509389162524, 0.007029531472936593854, 0.007810506436484024317, 0.009372456363578880040, 0.01093440629067373576, 0.01249635621776859322 ),
 .UNSPECIFIED. ) ;
#180 = CARTESIAN_POINT ( 'NONE',  ( -8.657163509485890529, 23.15047813900411811, 11.79286578650274997 ) ) ;
#181 = ADVANCED_FACE ( 'NONE', ( #428 ), #2101, .T. ) ;
#182 = FACE_OUTER_BOUND ( 'NONE', #1837, .T. ) ;
#183 = EDGE_CURVE ( 'NONE', #1200, #730, #1189, .T. ) ;
#184 = VECTOR ( 'NONE', #1393, 1000.000000000000000 ) ;
#185 = APPROVAL ( #1063, 'Deckungsgleich' ) ;
#186 = ORIENTED_EDGE ( 'NONE', *, *, #1269, .T. ) ;
#187 = CARTESIAN_POINT ( 'NONE',  ( -11.52715788963415910, 22.69160790769573310, 7.591965386346926969 ) ) ;
#188 = SPHERICAL_SURFACE ( 'NONE', #794, 105.9999999999999858 ) ;
#189 = AXIS2_PLACEMENT_3D ( 'NONE', #415, #1904, #984 ) ;
#190 = CARTESIAN_POINT ( 'NONE',  ( -9.760647516570235993, 22.90430324648770366, 8.989298654591966198 ) ) ;
#191 = CARTESIAN_POINT ( 'NONE',  ( 9.206663682915088742, 22.40805137630677635, -14.01672643993722467 ) ) ;
#192 = ORIENTED_EDGE ( 'NONE', *, *, #366, .F. ) ;
#193 = CARTESIAN_POINT ( 'NONE',  ( -11.53490741718010781, 24.84286494105462495, 2.662897555052421872 ) ) ;
#194 = CARTESIAN_POINT ( 'NONE',  ( -10.47935327794795413, 23.74411658594801366, 6.335089633395409869 ) ) ;
#195 = CARTESIAN_POINT ( 'NONE',  ( -9.718053984672566870, 22.48641179486224573, 11.06978523110689494 ) ) ;
#196 = LINE ( 'NONE', #356, #1333 ) ;
#197 = VERTEX_POINT ( 'NONE', #2089 ) ;
#198 = DIRECTION ( 'NONE',  ( -1.000000000000000000, 0.000000000000000000, 1.224646799147353207E-16 ) ) ;
#199 = CARTESIAN_POINT ( 'NONE',  ( -12.64795683347704802, 24.17019869199998894, 3.169314706997791831 ) ) ;
#200 = VECTOR ( 'NONE', #574, 1000.000000000000000 ) ;
#201 = CARTESIAN_POINT ( 'NONE',  ( -9.816015025681284811, 23.54235202100895208, 9.128033622307553330 ) ) ;
#202 = AXIS2_PLACEMENT_3D ( 'NONE', #496, #1937, #283 ) ;
#203 = FACE_OUTER_BOUND ( 'NONE', #541, .T. ) ;
#204 = ORIENTED_EDGE ( 'NONE', *, *, #2002, .T. ) ;
#205 = CARTESIAN_POINT ( 'NONE',  ( -11.82034020723284584, 25.31593522225943360, 2.680014552907467262 ) ) ;
#206 = VECTOR ( 'NONE', #1567, 1000.000000000000000 ) ;
#207 = CARTESIAN_POINT ( 'NONE',  ( -9.438051204616535017, 24.03060868964977814, 8.963294182661870835 ) ) ;
#208 = CARTESIAN_POINT ( 'NONE',  ( -9.343820518339272851, 22.16642832290845888, 10.94956534595501196 ) ) ;
#209 = CARTESIAN_POINT ( 'NONE',  ( -8.356866057495640376, 24.99270410699059397, 7.915966680835768265 ) ) ;
#210 = ADVANCED_FACE ( 'NONE', ( #826 ), #2368, .T. ) ;
#211 = CALENDAR_DATE ( 2026, 4, 4 ) ;
#212 = ORIENTED_EDGE ( 'NONE', *, *, #113, .F. ) ;
#213 = CARTESIAN_POINT ( 'NONE',  ( -9.642481891556407447, 22.32851888453156164, 10.16024841233405418 ) ) ;
#214 = CARTESIAN_POINT ( 'NONE',  ( -10.50402290284446316, 25.29532825773225113, 3.689118306326943930 ) ) ;
#215 = CARTESIAN_POINT ( 'NONE',  ( -11.43831791485951754, 23.05885865679436719, 7.129520800163251515 ) ) ;
#216 = B_SPLINE_CURVE_WITH_KNOTS ( 'NONE', 3,
 ( #659, #473, #1096, #1641, #1435, #1817, #716, #735, #928, #1483, #150, #2031, #2008, #1808, #539, #915, #1121, #528, #2348 ),
 .UNSPECIFIED., .F., .F.,
 ( 4, 1, 1, 1, 1, 1, 1, 1, 1, 1, 1, 1, 1, 1, 1, 1, 4 ),
 ( 0.000000000000000000, 0.06342593545459833393, 0.1252312128006798086, 0.1857009230966487068, 0.2455394141066228053, 0.3055237297555803977, 0.3658278969795349944, 0.4279111838660738520, 0.4915394396361362217, 0.5555717301713224421, 0.6181254691545959856, 0.6802033433744377744, 0.7418616530116669550, 0.8042580712067339821, 0.8675089357849796734, 0.9324375552376595877, 1.000000000000000000 ),
 .UNSPECIFIED. ) ;
#217 = CARTESIAN_POINT ( 'NONE',  ( -6.886743279546581498, 25.11801159521431259, 10.25200309130337573 ) ) ;
#218 = ORIENTED_EDGE ( 'NONE', *, *, #546, .F. ) ;
#219 = CARTESIAN_POINT ( 'NONE',  ( -11.61997478692093289, 24.66654945399004717, 2.811449068928549622 ) ) ;
#220 = CARTESIAN_POINT ( 'NONE',  ( -9.370990077360065840, 22.58932101101831336, 11.49821538140297861 ) ) ;
#221 = ADVANCED_FACE ( 'NONE', ( #2114 ), #1057, .T. ) ;
#222 = CARTESIAN_POINT ( 'NONE',  ( -8.468612563868401111, 24.69706088552941381, 8.218564290406137118 ) ) ;
#223 = ORIENTED_EDGE ( 'NONE', *, *, #795, .T. ) ;
#224 = CARTESIAN_POINT ( 'NONE',  ( -9.855755820637588371, 22.50313147796972046, 10.80321969506217350 ) ) ;
#225 = CARTESIAN_POINT ( 'NONE',  ( -9.339228445064575723, 23.11736047350401790, 9.361665416500168035 ) ) ;
#226 = CARTESIAN_POINT ( 'NONE',  ( -12.50340817544212513, 23.72030234566837237, 2.869288754097627514 ) ) ;
#227 = CARTESIAN_POINT ( 'NONE',  ( -11.46789170652835033, 22.54975629757343825, 7.932672694127899327 ) ) ;
#228 = CARTESIAN_POINT ( 'NONE',  ( -9.066265633905169707, 23.44099558223320301, 9.291326673263757385 ) ) ;
#229 = ORIENTED_EDGE ( 'NONE', *, *, #1100, .F. ) ;
#230 = DIRECTION ( 'NONE',  ( -0.000000000000000000, -1.000000000000000000, -0.000000000000000000 ) ) ;
#231 = CARTESIAN_POINT ( 'NONE',  ( -8.494936193405235869, 22.65927782288962078, 11.59277645916938049 ) ) ;
#232 = CARTESIAN_POINT ( 'NONE',  ( -9.196938141177648518, 23.96201058746972379, 9.496035543384072852 ) ) ;
#233 = SECURITY_CLASSIFICATION_LEVEL ( 'unclassified' ) ;
#234 = ORIENTED_EDGE ( 'NONE', *, *, #2326, .F. ) ;
#235 = CARTESIAN_POINT ( 'NONE',  ( -14.55177789004410371, 22.24682238814153123, 1.794201313537332698 ) ) ;
#236 = CARTESIAN_POINT ( 'NONE',  ( -7.218450253631054636, 25.43940540005758066, 10.44351420208311865 ) ) ;
#237 = DIRECTION ( 'NONE',  ( -0.6634139481689453888, 0.6427876096865345890, 0.3830222215594849544 ) ) ;
#238 = CARTESIAN_POINT ( 'NONE',  ( -11.07098387519116756, 22.18778544594009716, 7.922189150798509161 ) ) ;
#239 = ADVANCED_FACE ( 'NONE', ( #1967 ), #304, .T. ) ;
#240 = VECTOR ( 'NONE', #249, 1000.000000000000000 ) ;
#241 = CARTESIAN_POINT ( 'NONE',  ( -8.546441813312709357, 25.36687496661033947, 6.959678579268937959 ) ) ;
#242 = ORIENTED_EDGE ( 'NONE', *, *, #653, .F. ) ;
#243 = CARTESIAN_POINT ( 'NONE',  ( -12.46763384707705491, 24.32604833684033707, 3.220096522205871281 ) ) ;
#244 = APPROVAL ( #2070, 'Deckungsgleich' ) ;
#245 = DIRECTION ( 'NONE',  ( 0.6958540455341940545, -0.7181832268395690333, 0.000000000000000000 ) ) ;
#246 = CARTESIAN_POINT ( 'NONE',  ( -9.653436221810796525, 23.46228201661263313, 9.544001793159660352 ) ) ;
#247 = VERTEX_POINT ( 'NONE', #1794 ) ;
#248 = CARTESIAN_POINT ( 'NONE',  ( -9.792508326857385370, 23.25820226340306007, 9.645608332601199209 ) ) ;
#249 = DIRECTION ( 'NONE',  ( 0.7244787611512237824, 0.6798079988472771618, 0.1139807411102790047 ) ) ;
#250 = CARTESIAN_POINT ( 'NONE',  ( -12.07681531221133753, 24.06247769790582325, 3.033930843638899866 ) ) ;
#251 = CARTESIAN_POINT ( 'NONE',  ( -11.52592081215676778, 22.74079956552463599, 7.511554663508157148 ) ) ;
#252 = VECTOR ( 'NONE', #806, 1000.000000000000000 ) ;
#253 = CARTESIAN_POINT ( 'NONE',  ( -8.337506906183971722, 25.10857816487173011, 7.755037956036859192 ) ) ;
#254 = ORIENTED_EDGE ( 'NONE', *, *, #363, .T. ) ;
#255 = CARTESIAN_POINT ( 'NONE',  ( -7.880982327098405626, 24.06815743513417871, 10.29179502310099892 ) ) ;
#256 = CARTESIAN_POINT ( 'NONE',  ( -10.27311817045167786, 25.61049289192676426, 4.865555267246159943 ) ) ;
#257 = VERTEX_POINT ( 'NONE', #276 ) ;
#258 = CARTESIAN_POINT ( 'NONE',  ( -9.075378139522559451, 25.21280343027628845, 6.302096726930247250 ) ) ;
#259 = CARTESIAN_POINT ( 'NONE',  ( -6.886743279546581498, 25.11801159521431259, 10.25200309130337573 ) ) ;
#260 = CARTESIAN_POINT ( 'NONE',  ( -11.26197558040219882, 22.48558760024734227, 8.397017747195059556 ) ) ;
#261 = ORIENTED_EDGE ( 'NONE', *, *, #1050, .T. ) ;
#262 = CARTESIAN_POINT ( 'NONE',  ( -11.10660352057488609, 22.20540681644931880, 7.830921944256091116 ) ) ;
#263 = APPROVAL_PERSON_ORGANIZATION ( #299, #1550, #859 ) ;
#264 = CARTESIAN_POINT ( 'NONE',  ( -10.71343594600114102, 24.74838256627758781, 4.244288131759146765 ) ) ;
#265 = VECTOR ( 'NONE', #1454, 1000.000000000000000 ) ;
#266 = CARTESIAN_POINT ( 'NONE',  ( -12.17188449604402756, 22.23867342685385751, 5.929973169365001517 ) ) ;
#267 = B_SPLINE_CURVE_WITH_KNOTS ( 'NONE', 3,
 ( #2136, #2160, #2302, #141, #2339, #316, #1803, #1390, #475, #684, #1214, #2313, #1772, #1941, #105, #511, #1424, #1201, #2291, #1402, #1227, #1254, #1979, #331, #119, #648, #864, #1599, #1413, #2147 ),
 .UNSPECIFIED., .F., .F.,
 ( 4, 2, 2, 2, 2, 2, 2, 2, 2, 2, 2, 2, 2, 2, 4 ),
 ( 4.692904465829089288E-07, 0.001554887194226788104, 0.002332096146116892539, 0.003109305098006997191, 0.004663723001787207362, 0.005440931953677316350, 0.006218140905567424472, 0.006995349857457532593, 0.007772558809347640714, 0.008549767761237747968, 0.009326976713127856089, 0.01010418566501796421, 0.01088139461690807233, 0.01165860356879818045, 0.01243581252068829031 ),
 .UNSPECIFIED. ) ;
#268 = AXIS2_PLACEMENT_3D ( 'NONE', #2171, #502, #1059 ) ;
#269 = DIRECTION ( 'NONE',  ( -0.000000000000000000, -1.000000000000000000, -0.000000000000000000 ) ) ;
#270 = FACE_OUTER_BOUND ( 'NONE', #963, .T. ) ;
#271 = VERTEX_POINT ( 'NONE', #1574 ) ;
#272 = CARTESIAN_POINT ( 'NONE',  ( -11.58142384029856053, 27.99831645537221192, -1.407740367566212125 ) ) ;
#273 = CARTESIAN_POINT ( 'NONE',  ( -10.00700533186552654, 23.87489491037279521, -12.78589857150766385 ) ) ;
#274 = CARTESIAN_POINT ( 'NONE',  ( -10.11411320552061888, 24.93106493168381377, 6.281175446865226775 ) ) ;
#275 = ORIENTED_EDGE ( 'NONE', *, *, #1575, .F. ) ;
#276 = CARTESIAN_POINT ( 'NONE',  ( -10.71343594600114102, 24.74838256627758781, 4.244288131759146765 ) ) ;
#277 = CARTESIAN_POINT ( 'NONE',  ( -8.344464293108792674, 25.05303215474047818, 7.836204681624148627 ) ) ;
#278 = CARTESIAN_POINT ( 'NONE',  ( 0.000000000000000000, 1.066687844135982610, 0.000000000000000000 ) ) ;
#279 = CARTESIAN_POINT ( 'NONE',  ( -8.238546514803074317, 23.72172271798622489, 11.55926945913338066 ) ) ;
#280 = PLANE ( 'NONE',  #288 ) ;
#281 = PERSON_AND_ORGANIZATION ( #18446744073709551615, #18446744073709551615 ) ;
#282 = ORIENTED_EDGE ( 'NONE', *, *, #183, .F. ) ;
#283 = DIRECTION ( 'NONE',  ( 0.000000000000000000, 0.000000000000000000, -1.000000000000000000 ) ) ;
#284 = AXIS2_PLACEMENT_3D ( 'NONE', #1341, #423, #1159 ) ;
#285 = CARTESIAN_POINT ( 'NONE',  ( 15.27129799330459292, 25.06872149824670615, -2.882345778062017416 ) ) ;
#286 = CARTESIAN_POINT ( 'NONE',  ( -9.792508326857380041, 23.25820226340305652, 9.645608332601197432 ) ) ;
#287 = EDGE_CURVE ( 'NONE', #171, #681, #2052, .T. ) ;
#288 = AXIS2_PLACEMENT_3D ( 'NONE', #74, #468, #1751 ) ;
#289 = ORIENTED_EDGE ( 'NONE', *, *, #1693, .F. ) ;
#290 = CARTESIAN_POINT ( 'NONE',  ( -10.91471425112838745, 23.92223151890324218, 6.587517248446738805 ) ) ;
#291 = CARTESIAN_POINT ( 'NONE',  ( 6.065027846538616707, 23.87987843651552211, 15.05849741359365446 ) ) ;
#292 = DIRECTION ( 'NONE',  ( -0.8072980116746933943, 0.5901439827246284242, 0.000000000000000000 ) ) ;
#293 = VECTOR ( 'NONE', #237, 1000.000000000000000 ) ;
#294 = CARTESIAN_POINT ( 'NONE',  ( -12.03068526153170836, 24.85861790804966276, 3.083155811109807409 ) ) ;
#295 = EDGE_CURVE ( 'NONE', #756, #197, #267, .T. ) ;
#296 = EDGE_CURVE ( 'NONE', #1830, #1423, #1740, .T. ) ;
#297 = CARTESIAN_POINT ( 'NONE',  ( -8.155810582164123801, 23.89574610645160746, 11.41052637592061103 ) ) ;
#298 = CARTESIAN_POINT ( 'NONE',  ( -8.898872714989051858, 24.83190559417375809, 8.552442846945821131 ) ) ;
#299 = PERSON_AND_ORGANIZATION ( #18446744073709551615, #18446744073709551615 ) ;
#300 = ORIENTED_EDGE ( 'NONE', *, *, #7, .F. ) ;
#301 = CARTESIAN_POINT ( 'NONE',  ( -15.26607013663071122, 25.07538290603780595, -2.884470034329709609 ) ) ;
#302 = LINE ( 'NONE', #328, #92 ) ;
#303 = ORIENTED_EDGE ( 'NONE', *, *, #801, .T. ) ;
#304 = PLANE ( 'NONE',  #2349 ) ;
#305 = LINE ( 'NONE', #1255, #605 ) ;
#306 = B_SPLINE_CURVE_WITH_KNOTS ( 'NONE', 3,
 ( #955, #2100, #1187, #1509, #596, #812, #250, #1330, #1533, #1150, #2088, #1879, #1887, #1163, #2262, #2288, #1708, #44, #2248 ),
 .UNSPECIFIED., .F., .F.,
 ( 4, 1, 1, 1, 1, 1, 1, 1, 1, 1, 1, 1, 1, 1, 1, 1, 4 ),
 ( 0.000000000000000000, 0.06866362237938156143, 0.1350759207058815914, 0.1986928773541127013, 0.2605317416681074416, 0.3207390547206006581, 0.3800681830674348394, 0.4379418469756324872, 0.4958919828346449732, 0.5538081436257543677, 0.6125789527205515173, 0.6723487863132422415, 0.7339431432438573433, 0.7964468472212755668, 0.8617734484634731462, 0.9291542467425485397, 1.000000000000000000 ),
 .UNSPECIFIED. ) ;
#307 = CARTESIAN_POINT ( 'NONE',  ( -11.84541150483176075, 25.51440964914351284, 2.303510154861383885 ) ) ;
#308 = VECTOR ( 'NONE', #409, 1000.000000000000000 ) ;
#309 = DIRECTION ( 'NONE',  ( -0.6634139481689453888, 0.6427876096865345890, 0.3830222215594849544 ) ) ;
#310 = CARTESIAN_POINT ( 'NONE',  ( -9.012095964165457218, 25.68766423676385102, 6.920200904025993083 ) ) ;
#311 = CARTESIAN_POINT ( 'NONE',  ( -10.93026860631772657, 22.16419379540407419, 8.205506636415316635 ) ) ;
#312 = EDGE_LOOP ( 'NONE', ( #1134, #137, #1311, #875 ) ) ;
#313 = CARTESIAN_POINT ( 'NONE',  ( -8.868068508821629337, 25.31543559423318968, 6.488930318356308291 ) ) ;
#314 = CARTESIAN_POINT ( 'NONE',  ( -9.782406231436146626, 24.60967112684054570, 6.089664336085484742 ) ) ;
#315 = VERTEX_POINT ( 'NONE', #2010 ) ;
#316 = CARTESIAN_POINT ( 'NONE',  ( -8.318677567417800844, 21.76447075340865212, 14.70513720793681323 ) ) ;
#317 = CARTESIAN_POINT ( 'NONE',  ( -7.025612398367083955, 25.36863138639739645, 9.590884773209037206 ) ) ;
#318 = CARTESIAN_POINT ( 'NONE',  ( -9.070089795660972953, 23.75848044903225542, 8.751900161535415279 ) ) ;
#319 = EDGE_CURVE ( 'NONE', #2388, #1354, #903, .T. ) ;
#320 = CARTESIAN_POINT ( 'NONE',  ( -11.94403847045049183, 25.57723859290630486, 2.027243752336190141 ) ) ;
#321 = CARTESIAN_POINT ( 'NONE',  ( -14.50694797680839088, 22.56441045532421796, 2.644280230214176353 ) ) ;
#322 = AXIS2_PLACEMENT_3D ( 'NONE', #175, #755, #362 ) ;
#323 = MECHANICAL_CONTEXT ( 'NONE', #122, 'mechanical' ) ;
#324 = ORIENTED_EDGE ( 'NONE', *, *, #1403, .T. ) ;
#325 = EDGE_CURVE ( 'NONE', #772, #152, #2001, .T. ) ;
#326 = DIRECTION ( 'NONE',  ( -0.6634139481689453888, 0.6427876096865345890, 0.3830222215594849544 ) ) ;
#327 = CARTESIAN_POINT ( 'NONE',  ( 12.30023365472713337, 27.66462930775985285, -2.092761962155178512 ) ) ;
#328 = CARTESIAN_POINT ( 'NONE',  ( -12.32130459036727643, 25.29724804837115570, 0.5382723006387551967 ) ) ;
#329 = AXIS2_PLACEMENT_3D ( 'NONE', #2047, #1519, #198 ) ;
#330 = ORIENTED_EDGE ( 'NONE', *, *, #367, .F. ) ;
#331 = CARTESIAN_POINT ( 'NONE',  ( -4.261981475198171943, 27.18851298158921992, 12.62891728421484849 ) ) ;
#332 = CARTESIAN_POINT ( 'NONE',  ( 7.535509333425053136, 22.40805137630675858, 14.98156785347270592 ) ) ;
#333 = CARTESIAN_POINT ( 'NONE',  ( -11.89093817715340506, 25.10764742604402500, 2.907283708060012017 ) ) ;
#334 = EDGE_CURVE ( 'NONE', #1449, #1555, #1124, .T. ) ;
#335 = CARTESIAN_POINT ( 'NONE',  ( -8.953085619315734434, 22.31543011398169440, 11.37628334748545633 ) ) ;
#336 = CARTESIAN_POINT ( 'NONE',  ( -14.17524100272391863, 22.24301665048094989, 2.452769119434434320 ) ) ;
#337 = FACE_OUTER_BOUND ( 'NONE', #607, .T. ) ;
#338 = B_SPLINE_CURVE_WITH_KNOTS ( 'NONE', 3,
 ( #2391, #207, #354, #1445, #913, #1481, #537, #2196, #2369, #2209, #1826, #566, #345, #949, #1085, #1815, #1302, #178, #554, #158, #1651, #726, #2043, #167, #2029, #901, #1288 ),
 .UNSPECIFIED., .F., .F.,
 ( 4, 1, 1, 1, 1, 1, 1, 1, 1, 1, 1, 1, 1, 1, 1, 1, 1, 1, 1, 1, 1, 1, 1, 1, 4 ),
 ( 0.000000000000000000, 0.06767598791693626992, 0.1314058836117490692, 0.1916331965490327693, 0.2479542983103588949, 0.3009512595610890906, 0.3504641882187810031, 0.3964782250785185980, 0.4395921636102749219, 0.4803145896744697163, 0.5191666765278275530, 0.5565483186661607240, 0.5923540554502068067, 0.6267371605845014626, 0.6601496280591095944, 0.6925940726125773272, 0.7245923051313789554, 0.7564023548164032773, 0.7881340805348324707, 0.8209693996596837406, 0.8543960500004998959, 0.8888067149055467464, 0.9241863098459973669, 0.9615341243503336965, 0.9999999999999998890 ),
 .UNSPECIFIED. ) ;
#339 = EDGE_LOOP ( 'NONE', ( #929, #115, #2194, #1594 ) ) ;
#340 = CARTESIAN_POINT ( 'NONE',  ( -10.11411320552062065, 24.93106493168381732, 6.281175446865228551 ) ) ;
#341 = CARTESIAN_POINT ( 'NONE',  ( -12.23677822177122287, 24.57758345476784001, 3.197824145086476388 ) ) ;
#342 = CARTESIAN_POINT ( 'NONE',  ( -11.03055589113361989, 22.17391748579087007, 8.015485673726598037 ) ) ;
#343 = CARTESIAN_POINT ( 'NONE',  ( -11.48863323314837181, 24.99454141741616553, 2.488503442127724785 ) ) ;
#344 = CARTESIAN_POINT ( 'NONE',  ( -9.039283103275593589, 22.26792720617504528, 11.30670427062323391 ) ) ;
#345 = CARTESIAN_POINT ( 'NONE',  ( -10.41902056757120043, 22.90780183605744824, 9.148499038821139351 ) ) ;
#346 = CARTESIAN_POINT ( 'NONE',  ( -8.915941811588126598, 22.90201243579348045, 11.76162357921377577 ) ) ;
#347 = CARTESIAN_POINT ( 'NONE',  ( -8.792489214729394931, 25.66637565885822170, 7.336297427472147525 ) ) ;
#348 = VERTEX_POINT ( 'NONE', #1078 ) ;
#349 = DIRECTION ( 'NONE',  ( -0.6634139481689453888, 0.6427876096865345890, 0.3830222215594849544 ) ) ;
#350 = DIRECTION ( 'NONE',  ( -0.6634139481689400597, -0.6427876096865347000, -0.3830222215594940582 ) ) ;
#351 = CARTESIAN_POINT ( 'NONE',  ( -11.07098387519116756, 22.18778544594009716, 7.922189150798509161 ) ) ;
#352 = CARTESIAN_POINT ( 'NONE',  ( -8.742108600883392810, 21.92099872135139194, -14.42541214307420283 ) ) ;
#353 = CARTESIAN_POINT ( 'NONE',  ( 0.000000000000000000, 0.000000000000000000, -17.00000000000000000 ) ) ;
#354 = CARTESIAN_POINT ( 'NONE',  ( -9.508446128957011467, 23.93495016735879233, 9.001900658655825893 ) ) ;
#355 = CARTESIAN_POINT ( 'NONE',  ( -10.24361992217217043, 20.45584412271570685, 13.56717549418733704 ) ) ;
#356 = CARTESIAN_POINT ( 'NONE',  ( -11.12056805730269637, 24.75255109144944399, 3.532119013723535428 ) ) ;
#357 = ORIENTED_EDGE ( 'NONE', *, *, #577, .F. ) ;
#358 = CARTESIAN_POINT ( 'NONE',  ( -10.37868806054280135, 24.62613283416434129, 6.334655176687043365 ) ) ;
#359 = CARTESIAN_POINT ( 'NONE',  ( -5.061226127425323185, 30.09897322425006294, 23.89285430912513419 ) ) ;
#360 = CARTESIAN_POINT ( 'NONE',  ( -9.911687318866498231, 23.42840256600744553, 9.153554240963355682 ) ) ;
#361 = CARTESIAN_POINT ( 'NONE',  ( -11.49018212552634566, 25.14799375175931573, 2.228297087532399523 ) ) ;
#362 = DIRECTION ( 'NONE',  ( 0.6864576752145766791, -0.7271697601928993615, 0.000000000000000000 ) ) ;
#363 = EDGE_CURVE ( 'NONE', #1507, #364, #162, .T. ) ;
#364 = VERTEX_POINT ( 'NONE', #559 ) ;
#365 = SPHERICAL_SURFACE ( 'NONE', #1540, 35.00000000000000000 ) ;
#366 = EDGE_CURVE ( 'NONE', #1872, #1950, #1541, .T. ) ;
#367 = EDGE_CURVE ( 'NONE', #1513, #2388, #1565, .T. ) ;
#368 = APPROVAL_PERSON_ORGANIZATION ( #281, #185, #1236 ) ;
#369 = PRODUCT ( 'DPAD Sanding Tool', 'DPAD Sanding Tool', '', ( #323 ) ) ;
#370 = CC_DESIGN_DATE_AND_TIME_ASSIGNMENT ( #1949, #2334, ( #626 ) ) ;
#371 = CARTESIAN_POINT ( 'NONE',  ( -10.42926655930084578, 23.81175912026056807, 6.308324723689487712 ) ) ;
#372 = AXIS2_PLACEMENT_3D ( 'NONE', #1795, #2092, #1783 ) ;
#373 = CARTESIAN_POINT ( 'NONE',  ( -9.007810120390306707, 22.82719522844151783, 11.72806118295245525 ) ) ;
#374 = CARTESIAN_POINT ( 'NONE',  ( -8.374086918930448320, 25.27418084071581106, 7.413765226972997446 ) ) ;
#375 = ADVANCED_FACE ( 'NONE', ( #1450 ), #2180, .T. ) ;
#376 = ORIENTED_EDGE ( 'NONE', *, *, #2082, .F. ) ;
#377 = DIRECTION ( 'NONE',  ( -0.6634139481689453888, 0.6427876096865345890, 0.3830222215594849544 ) ) ;
#378 = CARTESIAN_POINT ( 'NONE',  ( -11.19545091554968685, 22.37021410285246503, 7.400454275567184048 ) ) ;
#379 = CARTESIAN_POINT ( 'NONE',  ( 10.13105939449975246, 25.07538290603782016, -11.77856953711240529 ) ) ;
#380 = EDGE_LOOP ( 'NONE', ( #1633, #1088, #392, #229, #2000, #529, #1617 ) ) ;
#381 = CARTESIAN_POINT ( 'NONE',  ( -11.81179253964291576, 25.40038030741871111, 2.553103867835713636 ) ) ;
#382 = DIRECTION ( 'NONE',  ( -0.2613003858630724152, -0.6786814461618645433, 0.6863771579703461523 ) ) ;
#383 = CARTESIAN_POINT ( 'NONE',  ( -9.039283103275593589, 22.26792720617504528, 11.30670427062323391 ) ) ;
#384 = DIRECTION ( 'NONE',  ( -0.6634139481689453888, 0.6427876096865345890, 0.3830222215594849544 ) ) ;
#385 = AXIS2_PLACEMENT_3D ( 'NONE', #432, #1895, #245 ) ;
#386 = ORIENTED_EDGE ( 'NONE', *, *, #2249, .F. ) ;
#387 = CARTESIAN_POINT ( 'NONE',  ( -8.655564117993010953, 23.83918114416277234, 9.334447849258747709 ) ) ;
#388 = CARTESIAN_POINT ( 'NONE',  ( -12.58705925236840706, 24.21884777755425233, 3.193149552044676209 ) ) ;
#389 = AXIS2_PLACEMENT_3D ( 'NONE', #132, #463, #661 ) ;
#390 = CARTESIAN_POINT ( 'NONE',  ( -11.14938562986250403, 22.49325998732921761, 8.579153467610140638 ) ) ;
#391 = CARTESIAN_POINT ( 'NONE',  ( -9.339228445064575723, 23.11736047350401790, 9.361665416500168035 ) ) ;
#392 = ORIENTED_EDGE ( 'NONE', *, *, #2250, .F. ) ;
#393 = EDGE_CURVE ( 'NONE', #197, #521, #1119, .T. ) ;
#394 = CARTESIAN_POINT ( 'NONE',  ( 0.000000000000000000, 20.45584412271570685, 0.000000000000000000 ) ) ;
#395 = CARTESIAN_POINT ( 'NONE',  ( -9.401796769745445204, 24.07987425387552349, 8.943411272315158200 ) ) ;
#396 = CARTESIAN_POINT ( 'NONE',  ( -8.700525903413208084, 24.29159340233377407, 8.497333834569220201 ) ) ;
#397 = EDGE_CURVE ( 'NONE', #483, #986, #2382, .T. ) ;
#398 = ORIENTED_EDGE ( 'NONE', *, *, #2351, .F. ) ;
#399 = FACE_OUTER_BOUND ( 'NONE', #339, .T. ) ;
#400 = DIRECTION ( 'NONE',  ( 0.000000000000000000, 0.000000000000000000, 1.000000000000000000 ) ) ;
#401 = CARTESIAN_POINT ( 'NONE',  ( -11.07104021976188157, 22.81716280160859256, 6.865870945113756285 ) ) ;
#402 = VECTOR ( 'NONE', #1263, 1000.000000000000114 ) ;
#403 = CARTESIAN_POINT ( 'NONE',  ( 9.468501426684111877, 22.75119451551659466, -13.72879515838526210 ) ) ;
#404 = ADVANCED_FACE ( 'NONE', ( #785 ), #64, .T. ) ;
#405 = EDGE_LOOP ( 'NONE', ( #656, #1885, #1722, #767 ) ) ;
#406 = VECTOR ( 'NONE', #2090, 1000.000000000000114 ) ;
#407 = CARTESIAN_POINT ( 'NONE',  ( -9.407085113607031701, 25.53419723511955652, 6.493607837709989283 ) ) ;
#408 = VECTOR ( 'NONE', #384, 1000.000000000000000 ) ;
#409 = DIRECTION ( 'NONE',  ( -0.5600623446542830619, -0.7660266813745002512, 0.3154889752791957269 ) ) ;
#410 = CARTESIAN_POINT ( 'NONE',  ( -8.343982947585722343, 25.20193833027390085, 7.587144162585893525 ) ) ;
#411 = ORIENTED_EDGE ( 'NONE', *, *, #800, .F. ) ;
#412 = DIRECTION ( 'NONE',  ( 0.4961339297413609462, -0.005303679835593270303, 0.8682298052587205106 ) ) ;
#413 = CARTESIAN_POINT ( 'NONE',  ( -9.739584175534506727, 22.48569777556078364, 11.03369211330238286 ) ) ;
#414 = CARTESIAN_POINT ( 'NONE',  ( -12.54533129695176363, 22.24276403828313065, 5.276279475185558177 ) ) ;
#415 = CARTESIAN_POINT ( 'NONE',  ( -13.23064052842535609, 23.53499632641928940, 1.920665794636454704 ) ) ;
#416 = CARTESIAN_POINT ( 'NONE',  ( -9.113870242509491959, 23.39069064527158304, 9.293294780588382764 ) ) ;
#417 = ORIENTED_EDGE ( 'NONE', *, *, #319, .F. ) ;
#418 = CARTESIAN_POINT ( 'NONE',  ( -12.17755073475354699, 25.61256171264910364, 1.563509412876396443 ) ) ;
#419 = FACE_OUTER_BOUND ( 'NONE', #997, .T. ) ;
#420 = CARTESIAN_POINT ( 'NONE',  ( -8.962162249330122066, 24.72635748004987732, 8.619952925145321743 ) ) ;
#421 = APPROVAL_ROLE ( '' ) ;
#422 = ADVANCED_FACE ( 'NONE', ( #763 ), #1706, .T. ) ;
#423 = DIRECTION ( 'NONE',  ( 0.000000000000000000, -0.6427876096865343669, 0.7660444431189821213 ) ) ;
#424 = ORIENTED_EDGE ( 'NONE', *, *, #1727, .T. ) ;
#425 = CARTESIAN_POINT ( 'NONE',  ( -9.974188865640885027, 22.64991268937483326, 10.35175952311379888 ) ) ;
#426 = CARTESIAN_POINT ( 'NONE',  ( -11.55923120306893281, 24.78625362120075692, 2.715772597280269540 ) ) ;
#427 = FACE_OUTER_BOUND ( 'NONE', #312, .T. ) ;
#428 = FACE_OUTER_BOUND ( 'NONE', #749, .T. ) ;
#429 = CARTESIAN_POINT ( 'NONE',  ( -8.580605245354826494, 25.36829701625428157, 6.898119296547585044 ) ) ;
#430 = CARTESIAN_POINT ( 'NONE',  ( -8.212689301182880541, 24.38955123997745034, 10.48330613388074539 ) ) ;
#431 = CARTESIAN_POINT ( 'NONE',  ( -12.12623207529756719, 24.72095513258900823, 3.148689443397783450 ) ) ;
#432 = CARTESIAN_POINT ( 'NONE',  ( 18.81109668243861677, 13.22623703565526121, 10.86059173335812922 ) ) ;
#433 = CARTESIAN_POINT ( 'NONE',  ( -9.499824045453763688, 23.65193301766380785, 9.491793717202392955 ) ) ;
#434 = DIRECTION ( 'NONE',  ( -0.4960378829030374637, 0.005435024747669058715, -0.8682838701893895728 ) ) ;
#435 = ORIENTED_EDGE ( 'NONE', *, *, #1050, .F. ) ;
#436 = CARTESIAN_POINT ( 'NONE',  ( -9.945410004520841341, 22.92628793224042738, 9.937793244047584906 ) ) ;
#437 = CARTESIAN_POINT ( 'NONE',  ( -9.864960061049131923, 23.49033990477291667, -13.10857853487389235 ) ) ;
#438 = CARTESIAN_POINT ( 'NONE',  ( -12.77211650714401792, 24.08123108848635496, 3.103569210545510604 ) ) ;
#439 = CARTESIAN_POINT ( 'NONE',  ( -11.36226286521809392, 22.49531129063413815, 8.206996784506340958 ) ) ;
#440 = AXIS2_PLACEMENT_3D ( 'NONE', #1335, #2228, #2238 ) ;
#441 = CARTESIAN_POINT ( 'NONE',  ( -8.597883187528719162, 25.36901620897139509, 6.866986074164815435 ) ) ;
#442 = VERTEX_POINT ( 'NONE', #1318 ) ;
#443 = VECTOR ( 'NONE', #902, 1000.000000000000000 ) ;
#444 = EDGE_CURVE ( 'NONE', #564, #884, #942, .T. ) ;
#445 = CARTESIAN_POINT ( 'NONE',  ( -8.494936193405235869, 22.65927782288962078, 11.59277645916938049 ) ) ;
#446 = CARTESIAN_POINT ( 'NONE',  ( -8.399862458375343621, 24.85617777336794276, 8.070613122347062074 ) ) ;
#447 = ADVANCED_FACE ( 'NONE', ( #992 ), #1329, .F. ) ;
#448 = ORIENTED_EDGE ( 'NONE', *, *, #921, .T. ) ;
#449 = CARTESIAN_POINT ( 'NONE',  ( -12.32130459036727643, 25.29724804837115570, 0.5382723006387551967 ) ) ;
#450 = CARTESIAN_POINT ( 'NONE',  ( -7.009850840394358684, 27.99831645537221547, -9.325937073910246511 ) ) ;
#451 = DIRECTION ( 'NONE',  ( 0.000000000000000000, 1.000000000000000000, 0.000000000000000000 ) ) ;
#452 = ORIENTED_EDGE ( 'NONE', *, *, #1894, .T. ) ;
#453 = CARTESIAN_POINT ( 'NONE',  ( -11.40269084927563981, 22.50917925078336523, 8.113700261578252082 ) ) ;
#454 = CARTESIAN_POINT ( 'NONE',  ( -10.27311817045167786, 25.61049289192676426, 4.865555267246159943 ) ) ;
#455 = ORIENTED_EDGE ( 'NONE', *, *, #1825, .T. ) ;
#456 = CARTESIAN_POINT ( 'NONE',  ( -7.768827769735087152, 23.92558129235870013, 10.72532359238985578 ) ) ;
#457 = CARTESIAN_POINT ( 'NONE',  ( -9.200401101209481070, 24.36135872945254022, 8.819851763366202135 ) ) ;
#458 = ORIENTED_EDGE ( 'NONE', *, *, #2075, .T. ) ;
#459 = CARTESIAN_POINT ( 'NONE',  ( -12.32130459036727643, 25.29724804837115570, 0.5382723006387551967 ) ) ;
#460 = CARTESIAN_POINT ( 'NONE',  ( 16.07641563906957671, 23.87489491037279166, -2.273371547447954999 ) ) ;
#461 = CARTESIAN_POINT ( 'NONE',  ( -9.735874432814178192, 23.34758902278366577, 9.593692320857698519 ) ) ;
#462 = ORIENTED_EDGE ( 'NONE', *, *, #1012, .T. ) ;
#463 = DIRECTION ( 'NONE',  ( -0.000000000000000000, -1.000000000000000000, -0.000000000000000000 ) ) ;
#464 = CARTESIAN_POINT ( 'NONE',  ( -8.343982947585722343, 25.20193833027390085, 7.587144162585893525 ) ) ;
#465 = VERTEX_POINT ( 'NONE', #1343 ) ;
#466 = EDGE_CURVE ( 'NONE', #465, #1200, #797, .T. ) ;
#467 = DIRECTION ( 'NONE',  ( -0.4963437702670014939, 0.005016651071143618350, -0.8681115682498237174 ) ) ;
#468 = DIRECTION ( 'NONE',  ( 0.6634139481689456108, -0.6427876096865344779, -0.3830222215594848434 ) ) ;
#469 = DIRECTION ( 'NONE',  ( 0.000000000000000000, 0.000000000000000000, 1.000000000000000000 ) ) ;
#470 = VERTEX_POINT ( 'NONE', #1878 ) ;
#471 = CARTESIAN_POINT ( 'NONE',  ( -11.92851400122534677, 27.86070354686360062, -1.777976279549033256 ) ) ;
#472 = CARTESIAN_POINT ( 'NONE',  ( 16.95729683660511000, 20.92089913206175922, 1.158290999148371192 ) ) ;
#473 = CARTESIAN_POINT ( 'NONE',  ( -7.970506974013261470, 24.08368191651778645, 10.11068061290843545 ) ) ;
#474 = ORIENTED_EDGE ( 'NONE', *, *, #2022, .T. ) ;
#475 = CARTESIAN_POINT ( 'NONE',  ( -7.158322882934974984, 22.74843009648379777, 15.06365063252608394 ) ) ;
#476 = ADVANCED_FACE ( 'NONE', ( #399 ), #1488, .T. ) ;
#477 = CARTESIAN_POINT ( 'NONE',  ( 4.322374952680545057, 27.68120906041167117, 11.69747051672454319 ) ) ;
#478 = CARTESIAN_POINT ( 'NONE',  ( -8.567165740904579607, 24.51051178933049002, 8.360931736166078210 ) ) ;
#479 = CARTESIAN_POINT ( 'NONE',  ( -11.82034020723284407, 25.31593522225943360, 2.680014552907467262 ) ) ;
#480 = CARTESIAN_POINT ( 'NONE',  ( -8.127330122827222780, 23.97653913863523201, 11.32426917150107393 ) ) ;
#481 = CARTESIAN_POINT ( 'NONE',  ( -8.868068508821629337, 25.31543559423318968, 6.488930318356308291 ) ) ;
#482 = COORDINATED_UNIVERSAL_TIME_OFFSET ( 1, 0, .AHEAD. ) ;
#483 = VERTEX_POINT ( 'NONE', #1964 ) ;
#484 = LINE ( 'NONE', #822, #1259 ) ;
#485 = LINE ( 'NONE', #2087, #240 ) ;
#486 = CARTESIAN_POINT ( 'NONE',  ( -9.964129470307515390, 22.85025088137967231, 10.03297550088066714 ) ) ;
#487 = ORIENTED_EDGE ( 'NONE', *, *, #1927, .F. ) ;
#488 = CARTESIAN_POINT ( 'NONE',  ( -11.01188410370549775, 23.78454758471786690, 6.650275203607190377 ) ) ;
#489 = CARTESIAN_POINT ( 'NONE',  ( -12.83511514952659738, 24.04169615051164044, 3.060799864877369991 ) ) ;
#490 = VECTOR ( 'NONE', #1451, 1000.000000000000000 ) ;
#491 = CARTESIAN_POINT ( 'NONE',  ( -11.90640979898768137, 25.56052134777570828, 2.120473391577810673 ) ) ;
#492 = CARTESIAN_POINT ( 'NONE',  ( -8.212689301182882318, 24.38955123997745034, 10.48330613388074539 ) ) ;
#493 = CARTESIAN_POINT ( 'NONE',  ( -9.298074450672526581, 24.22332510225584912, 8.882324490892294477 ) ) ;
#494 = DIRECTION ( 'NONE',  ( 1.000000000000000000, 0.000000000000000000, 0.000000000000000000 ) ) ;
#495 = ORIENTED_EDGE ( 'NONE', *, *, #1854, .T. ) ;
#496 = CARTESIAN_POINT ( 'NONE',  ( 0.000000000000000000, 20.45584412271570685, 0.000000000000000000 ) ) ;
#497 = CARTESIAN_POINT ( 'NONE',  ( -9.979075231436924653, 22.71012400090292971, 10.24224951069886913 ) ) ;
#498 = EDGE_CURVE ( 'NONE', #2381, #1154, #1377, .T. ) ;
#499 = ORIENTED_EDGE ( 'NONE', *, *, #724, .F. ) ;
#500 = CARTESIAN_POINT ( 'NONE',  ( 0.000000000000000000, 27.99831645537221192, 0.000000000000000000 ) ) ;
#501 = CARTESIAN_POINT ( 'NONE',  ( 4.273049491860291482, 26.91695893408713758, 13.06546871922415853 ) ) ;
#502 = DIRECTION ( 'NONE',  ( -0.7011448079553170842, -0.3552683260144627320, -0.6182073881863456855 ) ) ;
#503 = AXIS2_PLACEMENT_3D ( 'NONE', #157, #2332, #899 ) ;
#504 = CARTESIAN_POINT ( 'NONE',  ( -8.729984581633877028, 23.76941241702393981, 9.322633651529702803 ) ) ;
#505 = CARTESIAN_POINT ( 'NONE',  ( -8.845874845281876730, 24.92889214628826977, 8.481475089754642482 ) ) ;
#506 = AXIS2_PLACEMENT_3D ( 'NONE', #571, #1459, #1485 ) ;
#507 = ORIENTED_EDGE ( 'NONE', *, *, #2077, .F. ) ;
#508 = CARTESIAN_POINT ( 'NONE',  ( -14.76692901825212800, 25.67056685456625331, -3.018769520536922712 ) ) ;
#509 = CARTESIAN_POINT ( 'NONE',  ( -9.958399771981843784, 22.59996555431680676, 10.46292828074788162 ) ) ;
#510 = VERTEX_POINT ( 'NONE', #644 ) ;
#511 = CARTESIAN_POINT ( 'NONE',  ( -5.139464330359837518, 25.06872149824670970, 14.66650489999508444 ) ) ;
#512 = CARTESIAN_POINT ( 'NONE',  ( 7.155234657172327317, 22.75119451551657335, 15.06436035047029520 ) ) ;
#513 = DIRECTION ( 'NONE',  ( -0.4951302526543897020, 0.006675226180048184077, -0.8687931136132729382 ) ) ;
#514 =( BOUNDED_CURVE ( )  B_SPLINE_CURVE ( 3, ( #1715, #86, #51, #1741 ),
 .UNSPECIFIED., .F., .F. ) 
 B_SPLINE_CURVE_WITH_KNOTS ( ( 4, 4 ),
 ( 0.000000000000000000, 0.4004852226946199467 ),
 .UNSPECIFIED. ) 
 CURVE ( )  GEOMETRIC_REPRESENTATION_ITEM ( )  RATIONAL_B_SPLINE_CURVE ( ( 1.000000000000000000, 0.9866788997094744218, 0.9866788997094744218, 1.000000000000000000 ) ) 
 REPRESENTATION_ITEM ( '' )  );
#515 = CARTESIAN_POINT ( 'NONE',  ( -9.199393862290168755, 22.20009253018978512, 11.14322440437206829 ) ) ;
#516 = B_SPLINE_CURVE_WITH_KNOTS ( 'NONE', 3,
 ( #441, #429, #241, #650, #985, #1178, #2116, #1203, #1905, #464, #1930, #253, #277, #842, #1761, #95, #2303, #1391, #663, #478, #1774, #1245, #2003, #909, #1957, #1969, #318 ),
 .UNSPECIFIED., .F., .F.,
 ( 4, 1, 1, 1, 1, 1, 1, 1, 1, 1, 1, 1, 1, 1, 1, 1, 1, 1, 1, 1, 1, 1, 1, 1, 4 ),
 ( 0.000000000000000000, 0.03728522525035812135, 0.07372355146206907572, 0.1088532683670321438, 0.1432025903602343331, 0.1771590215781743138, 0.2103970187636377276, 0.2437126062578505448, 0.2767380670011759802, 0.3099760641866381450, 0.3437152089979065295, 0.3779561642423574508, 0.4131214983841768884, 0.4491517145640357422, 0.4864830771263539133, 0.5251952224922444845, 0.5657000100041510438, 0.6085121136177179535, 0.6542018392145261263, 0.7031457666164827591, 0.7554377211893150701, 0.8112724503635131423, 0.8704679425969786832, 0.9334146361889560373, 1.000000000000000000 ),
 .UNSPECIFIED. ) ;
#517 =( NAMED_UNIT ( * ) PLANE_ANGLE_UNIT ( ) SI_UNIT ( $, .RADIAN. ) );
#518 = DIRECTION ( 'NONE',  ( -0.6634139481689453888, 0.6427876096865345890, 0.3830222215594849544 ) ) ;
#519 = DIRECTION ( 'NONE',  ( 0.7372369909294756996, 0.6490285454715589708, 0.1877326992516876736 ) ) ;
#520 = AXIS2_PLACEMENT_3D ( 'NONE', #746, #715, #1065 ) ;
#521 = VERTEX_POINT ( 'NONE', #2336 ) ;
#522 = CARTESIAN_POINT ( 'NONE',  ( -10.24379313529588131, 24.78573881657068512, 6.300449398956209812 ) ) ;
#523 = CARTESIAN_POINT ( 'NONE',  ( -14.88348486412857596, 22.56821619298479931, 1.985712424317075175 ) ) ;
#524 = CIRCLE ( 'NONE', #1138, 105.9999999999999858 ) ;
#525 = CARTESIAN_POINT ( 'NONE',  ( -10.63991133325943217, 22.73025119058748800, 9.063870371984576124 ) ) ;
#526 = DIRECTION ( 'NONE',  ( -0.000000000000000000, -0.000000000000000000, -1.000000000000000000 ) ) ;
#527 = FACE_OUTER_BOUND ( 'NONE', #717, .T. ) ;
#528 = CARTESIAN_POINT ( 'NONE',  ( -8.070914076089929168, 23.14403643361501395, 11.51368276695307813 ) ) ;
#529 = ORIENTED_EDGE ( 'NONE', *, *, #546, .T. ) ;
#530 = CARTESIAN_POINT ( 'NONE',  ( -9.791034141986934003, 25.24738345924996707, 6.309919280136764286 ) ) ;
#531 = CARTESIAN_POINT ( 'NONE',  ( -11.96116388946246545, 24.18837417362333753, 3.022965611125386420 ) ) ;
#532 = CARTESIAN_POINT ( 'NONE',  ( -10.30820435917495814, 22.40885738574421993, 8.872359261204833203 ) ) ;
#533 = CARTESIAN_POINT ( 'NONE',  ( -9.204546781660731369, 22.40526929116780153, -14.01906088655124982 ) ) ;
#534 = B_SPLINE_CURVE_WITH_KNOTS ( 'NONE', 3,
 ( #24, #2176, #712, #535, #2389, #1649, #1441, #1648, #1344, #898, #361, #2386, #343, #2376, #1279, #426, #2013, #2062, #1462, #1270, #1993, #2193, #1835 ),
 .UNSPECIFIED., .F., .F.,
 ( 4, 1, 1, 1, 1, 1, 1, 1, 1, 1, 1, 1, 1, 1, 1, 1, 1, 1, 1, 1, 4 ),
 ( 0.000000000000000000, 0.07117888506649215630, 0.1370229169752085752, 0.1977419556530047584, 0.2533838968934614133, 0.3037353564719013077, 0.3492702334998925573, 0.3900158164286753881, 0.4259942457620604639, 0.4930344426952583126, 0.5594082549039500751, 0.6268605294358664537, 0.6969066277672496534, 0.7330274055471502903, 0.7690022689526422317, 0.8056449280386763778, 0.8426360417041637296, 0.8804147084132806222, 0.9191805508893591270, 0.9590283475261788260, 1.000000000000000000 ),
 .UNSPECIFIED. ) ;
#535 = CARTESIAN_POINT ( 'NONE',  ( -11.77538958412966963, 25.28671516185667301, 1.501501110435690567 ) ) ;
#536 = LINE ( 'NONE', #1971, #1739 ) ;
#537 = CARTESIAN_POINT ( 'NONE',  ( -9.911687318866498231, 23.42840256600744553, 9.153554240963355682 ) ) ;
#538 = CARTESIAN_POINT ( 'NONE',  ( -8.451254048204944525, 23.39900376322117381, 11.73243591596323654 ) ) ;
#539 = CARTESIAN_POINT ( 'NONE',  ( -7.906839540718600290, 23.40032891314295682, 11.36775834835363774 ) ) ;
#540 = B_SPLINE_SURFACE_WITH_KNOTS ( 'NONE', 3, 1, ( 
 ( #2027, #768 ),
 ( #48, #1324 ),
 ( #924, #418 ),
 ( #2208, #13 ),
 ( #948, #970 ),
 ( #2240, #565 ),
 ( #791, #2390 ),
 ( #1155, #600 ),
 ( #1142, #1665 ),
 ( #1850, #1502 ),
 ( #1873, #1168 ),
 ( #1690, #381 ),
 ( #35, #205 ),
 ( #23, #1677 ),
 ( #193, #1116 ),
 ( #1525, #935 ),
 ( #590, #757 ),
 ( #219, #2080 ),
 ( #2230, #959 ),
 ( #1491, #743 ),
 ( #1701, #2218 ),
 ( #576, #778 ),
 ( #1130, #1312 ) ),
 .UNSPECIFIED., .F., .F., .F.,
 ( 4, 1, 1, 1, 1, 1, 1, 1, 1, 1, 1, 1, 1, 1, 1, 1, 1, 1, 1, 1, 4 ),
 ( 2, 2 ),
 ( 0.000000000000000000, 0.07117888506649215630, 0.1370229169752085752, 0.1977419556530047584, 0.2533838968934614133, 0.3037353564719013077, 0.3492702334998925573, 0.3900158164286753881, 0.4259942457620604639, 0.4930344426952583126, 0.5594082549039500751, 0.6268605294358664537, 0.6969066277672496534, 0.7330274055471502903, 0.7690022689526422317, 0.8056449280386763778, 0.8426360417041637296, 0.8804147084132806222, 0.9191805508893591270, 0.9590283475261788260, 1.000000000000000000 ),
 ( 0.000000000000000000, 1.000000000000000000 ),
 .UNSPECIFIED. ) ;
#541 = EDGE_LOOP ( 'NONE', ( #2312, #2146, #474, #1383 ) ) ;
#542 = DIRECTION ( 'NONE',  ( -0.8073192503235411266, 0.5901149278378198249, 0.000000000000000000 ) ) ;
#543 = FACE_OUTER_BOUND ( 'NONE', #934, .T. ) ;
#544 = B_SPLINE_CURVE_WITH_KNOTS ( 'NONE', 3,
 ( #1859, #1848, #1104, #1297, #2206, #946, #1881, #2025, #789, #21, #379, #766, #1321, #1523, #933, #1836, #2216, #403, #191, #2040, #1675, #2050, #1500, #1140 ),
 .UNSPECIFIED., .F., .F.,
 ( 4, 2, 2, 2, 2, 2, 2, 2, 2, 2, 2, 4 ),
 ( 7.568010097093708841E-07, 0.001562706728104567384, 0.003124656655199425492, 0.003905631618746856822, 0.004686606582294287719, 0.005467581545841719050, 0.006248556509389150380, 0.007029531472936580844, 0.007810506436484011307, 0.009372456363578866162, 0.01093440629067372188, 0.01249635621776857761 ),
 .UNSPECIFIED. ) ;
#545 = EDGE_CURVE ( 'NONE', #1423, #2245, #1903, .T. ) ;
#546 = EDGE_CURVE ( 'NONE', #2267, #681, #1678, .T. ) ;
#547 = ADVANCED_FACE ( 'NONE', ( #2309 ), #1780, .T. ) ;
#548 = CARTESIAN_POINT ( 'NONE',  ( -10.57447833386354574, 22.24895006858396940, 8.679515550014336611 ) ) ;
#549 = CARTESIAN_POINT ( 'NONE',  ( -9.632422496223043140, 22.52885707653640424, 9.841464390100922444 ) ) ;
#550 = CC_DESIGN_PERSON_AND_ORGANIZATION_ASSIGNMENT ( #1704, #952, ( #1195 ) ) ;
#551 = ORIENTED_EDGE ( 'NONE', *, *, #2329, .F. ) ;
#552 = DIRECTION ( 'NONE',  ( 0.5602038487014940893, 0.7660251623409400912, -0.3152413338389654651 ) ) ;
#553 = EDGE_CURVE ( 'NONE', #1689, #1555, #1410, .T. ) ;
#554 = CARTESIAN_POINT ( 'NONE',  ( -10.84189407227324509, 22.60287436789040072, 8.927789695652050384 ) ) ;
#555 = CARTESIAN_POINT ( 'NONE',  ( -8.576604897467854371, 23.24058941924906563, 11.78117271146838263 ) ) ;
#556 = VECTOR ( 'NONE', #1900, 1000.000000000000114 ) ;
#557 = LINE ( 'NONE', #1264, #1760 ) ;
#558 = ORIENTED_EDGE ( 'NONE', *, *, #1756, .F. ) ;
#559 = CARTESIAN_POINT ( 'NONE',  ( -14.02731435387526204, 22.55928577799471313, 3.483630263866901888 ) ) ;
#560 = CARTESIAN_POINT ( 'NONE',  ( -9.070089795660972953, 23.75848044903225542, 8.751900161535415279 ) ) ;
#561 = CARTESIAN_POINT ( 'NONE',  ( -11.17790669378974044, 22.28899009864160519, 7.567151822986778242 ) ) ;
#562 = CARTESIAN_POINT ( 'NONE',  ( -9.470836399175857068, 22.16760104040420032, 10.72759933334160287 ) ) ;
#563 = FACE_OUTER_BOUND ( 'NONE', #1598, .T. ) ;
#564 = VERTEX_POINT ( 'NONE', #1397 ) ;
#565 = CARTESIAN_POINT ( 'NONE',  ( -11.99068341339130761, 25.59000646467492146, 1.925025308262594992 ) ) ;
#566 = CARTESIAN_POINT ( 'NONE',  ( -10.34110735875882447, 22.97876875443319378, 9.164352044995148105 ) ) ;
#567 = CARTESIAN_POINT ( 'NONE',  ( -11.92214557570946276, 25.29298115644035860, 1.236796689216060008 ) ) ;
#568 = CARTESIAN_POINT ( 'NONE',  ( 11.58142384029857297, 27.99831645537221547, -1.407740367566032491 ) ) ;
#569 = ORIENTED_EDGE ( 'NONE', *, *, #2361, .T. ) ;
#570 = B_SPLINE_CURVE_WITH_KNOTS ( 'NONE', 3,
 ( #1777, #2107, #111, #1014, #869, #2296, #857, #2282, #845, #1934, #2153, #1592, #2129, #654, #820, #1385, #1738, #2119, #505, #298, #84, #2141, #642, #457, #493, #1765, #689 ),
 .UNSPECIFIED., .F., .F.,
 ( 4, 1, 1, 1, 1, 1, 1, 1, 1, 1, 1, 1, 1, 1, 1, 1, 1, 1, 1, 1, 1, 1, 1, 1, 4 ),
 ( 0.000000000000000000, 0.03728522525035812135, 0.07372355146206907572, 0.1088532683670321438, 0.1432025903602343331, 0.1771590215781743138, 0.2103970187636377276, 0.2437126062578505448, 0.2767380670011759802, 0.3099760641866381450, 0.3437152089979065295, 0.3779561642423574508, 0.4131214983841768884, 0.4491517145640357422, 0.4864830771263539133, 0.5251952224922444845, 0.5657000100041510438, 0.6085121136177179535, 0.6542018392145261263, 0.7031457666164827591, 0.7554377211893150701, 0.8112724503635131423, 0.8704679425969786832, 0.9334146361889560373, 1.000000000000000000 ),
 .UNSPECIFIED. ) ;
#571 = CARTESIAN_POINT ( 'NONE',  ( 0.000000000000000000, 1.066687844135982610, 0.000000000000000000 ) ) ;
#572 = FACE_OUTER_BOUND ( 'NONE', #1184, .T. ) ;
#573 = LINE ( 'NONE', #2204, #1427 ) ;
#574 = DIRECTION ( 'NONE',  ( 8.659560562354890950E-17, 0.7071067811865507924, -0.7071067811865441310 ) ) ;
#575 = VERTEX_POINT ( 'NONE', #1053 ) ;
#576 = CARTESIAN_POINT ( 'NONE',  ( -11.77753759126130717, 24.42297967621743737, 2.947300907817852700 ) ) ;
#577 = EDGE_CURVE ( 'NONE', #2293, #940, #818, .T. ) ;
#578 = CARTESIAN_POINT ( 'NONE',  ( 0.000000000000000000, -5.000000000000007994, 0.000000000000000000 ) ) ;
#579 = LOCAL_TIME ( 19, 36, 22.00000000000000000, #1876 ) ;
#580 = CARTESIAN_POINT ( 'NONE',  ( 0.000000000000000000, 1.066687844135982610, 0.000000000000000000 ) ) ;
#581 = CARTESIAN_POINT ( 'NONE',  ( -8.898872714989051858, 24.83190559417375809, 8.552442846945821131 ) ) ;
#582 = VERTEX_POINT ( 'NONE', #76 ) ;
#583 = DIRECTION ( 'NONE',  ( -0.5600623446542830619, -0.7660266813745002512, 0.3154889752791957269 ) ) ;
#584 = CARTESIAN_POINT ( 'NONE',  ( 0.000000000000000000, 20.45584412271570685, 0.000000000000000000 ) ) ;
#585 = VECTOR ( 'NONE', #879, 1000.000000000000000 ) ;
#586 = EDGE_CURVE ( 'NONE', #257, #2046, #484, .T. ) ;
#587 = CARTESIAN_POINT ( 'NONE',  ( -11.17665584642927001, 22.53118982402548909, 7.162858953685931951 ) ) ;
#588 = CARTESIAN_POINT ( 'NONE',  ( -9.670935419149047974, 23.43875427834728598, 9.553176527279910957 ) ) ;
#589 = ORIENTED_EDGE ( 'NONE', *, *, #1232, .T. ) ;
#590 = CARTESIAN_POINT ( 'NONE',  ( -11.58751522873015816, 24.72758440948688730, 2.765241855613585376 ) ) ;
#591 = LINE ( 'NONE', #1325, #751 ) ;
#592 = CARTESIAN_POINT ( 'NONE',  ( -9.112596799016239757, 24.49118049695249866, 8.754066481432001723 ) ) ;
#593 = APPROVAL_DATE_TIME ( #27, #1550 ) ;
#594 = ORIENTED_EDGE ( 'NONE', *, *, #9, .T. ) ;
#595 = CARTESIAN_POINT ( 'NONE',  ( -9.735874432814183521, 23.34758902278366932, 9.593692320857700295 ) ) ;
#596 = CARTESIAN_POINT ( 'NONE',  ( -11.96116388946246545, 24.18837417362333753, 3.022965611125386420 ) ) ;
#597 = CARTESIAN_POINT ( 'NONE',  ( -11.36017356233343811, 23.22505582739394470, 6.985958819957395427 ) ) ;
#598 = FACE_OUTER_BOUND ( 'NONE', #1458, .T. ) ;
#599 = CARTESIAN_POINT ( 'NONE',  ( -8.302213948097733720, 24.40507572136105452, 10.30219172368818015 ) ) ;
#600 = CARTESIAN_POINT ( 'NONE',  ( -11.90640979898768315, 25.56052134777570828, 2.120473391577811118 ) ) ;
#601 = VECTOR ( 'NONE', #1351, 1000.000000000000114 ) ;
#602 = CARTESIAN_POINT ( 'NONE',  ( -8.322046920064336106, 24.40621755620513511, 10.26592378218385981 ) ) ;
#603 = CARTESIAN_POINT ( 'NONE',  ( -8.707388014874487325, 25.24826145551342904, 8.185375977039116790 ) ) ;
#604 = DATE_AND_TIME ( #1327, #2225 ) ;
#605 = VECTOR ( 'NONE', #987, 1000.000000000000000 ) ;
#606 = PLANE ( 'NONE',  #284 ) ;
#607 = EDGE_LOOP ( 'NONE', ( #47, #860, #1746, #2284 ) ) ;
#608 = CARTESIAN_POINT ( 'NONE',  ( -9.429108060961715054, 22.16541579592887246, 10.80354221091048750 ) ) ;
#609 = CARTESIAN_POINT ( 'NONE',  ( -7.475538988065283164, 20.92089913206175211, -15.26459533958767345 ) ) ;
#610 = CARTESIAN_POINT ( 'NONE',  ( -12.89897025761221450, 24.00495197631162014, 3.011863619388598146 ) ) ;
#611 = CARTESIAN_POINT ( 'NONE',  ( -11.49098898758961518, 22.57819794407707903, 7.844936279630536191 ) ) ;
#612 = LINE ( 'NONE', #741, #200 ) ;
#613 = ORIENTED_EDGE ( 'NONE', *, *, #1756, .T. ) ;
#614 = CARTESIAN_POINT ( 'NONE',  ( -8.957550432165547249, 25.68947950145259895, 7.011630160914116949 ) ) ;
#615 = DIRECTION ( 'NONE',  ( 0.5610062087724916324, 0.7660153589771659943, -0.3138351534321786040 ) ) ;
#616 = CARTESIAN_POINT ( 'NONE',  ( -9.032232877497682111, 24.61298720717704214, 8.688844945348963122 ) ) ;
#617 = ORIENTED_EDGE ( 'NONE', *, *, #147, .F. ) ;
#618 = CARTESIAN_POINT ( 'NONE',  ( -9.898876126652771390, 22.52693629014242305, 10.68858391597729529 ) ) ;
#619 = CARTESIAN_POINT ( 'NONE',  ( -10.00173883445510192, 25.65859853924942513, -11.28919351438773155 ) ) ;
#620 = DIRECTION ( 'NONE',  ( 0.000000000000000000, 0.000000000000000000, -1.000000000000000000 ) ) ;
#621 = VECTOR ( 'NONE', #467, 1000.000000000000114 ) ;
#622 = CARTESIAN_POINT ( 'NONE',  ( -11.19545091554968685, 22.37021410285246503, 7.400454275567184048 ) ) ;
#623 = ADVANCED_FACE ( 'NONE', ( #1595 ), #837, .T. ) ;
#624 = EDGE_CURVE ( 'NONE', #104, #2014, #1029, .T. ) ;
#625 = CARTESIAN_POINT ( 'NONE',  ( -10.93026860631772657, 22.16419379540407419, 8.205506636415316635 ) ) ;
#626 = PRODUCT_DEFINITION ( 'Allgemein', '', #1195, #2264 ) ;
#627 = ORIENTED_EDGE ( 'NONE', *, *, #1575, .T. ) ;
#628 = CARTESIAN_POINT ( 'NONE',  ( 5.004400853920765613, 25.27476274248524746, 14.55466343933844620 ) ) ;
#629 = CARTESIAN_POINT ( 'NONE',  ( -7.783282324078338199, 23.97472097200269658, 10.61782139573567285 ) ) ;
#630 = CARTESIAN_POINT ( 'NONE',  ( -8.987271092077477874, 24.16057494900603331, 9.525958960038487078 ) ) ;
#631 = CARTESIAN_POINT ( 'NONE',  ( -9.176739154872539217, 23.61355636251552426, 8.810389547876082972 ) ) ;
#632 = EDGE_LOOP ( 'NONE', ( #1569, #947, #1683, #1705, #1669 ) ) ;
#633 = CARTESIAN_POINT ( 'NONE',  ( -9.842638447333120766, 23.17117523723802464, 9.704829108062813958 ) ) ;
#634 = CARTESIAN_POINT ( 'NONE',  ( -18.81109668243876598, 13.22623703565525055, 10.86059173335786099 ) ) ;
#635 = LINE ( 'NONE', #1369, #2366 ) ;
#636 = CARTESIAN_POINT ( 'NONE',  ( -11.10661094077504529, 22.73746485195109912, 6.938009689383509482 ) ) ;
#637 = AXIS2_PLACEMENT_3D ( 'NONE', #996, #675, #1372 ) ;
#638 = CARTESIAN_POINT ( 'NONE',  ( 0.000000000000000000, 106.0000000000000000, 0.000000000000000000 ) ) ;
#639 = ORIENTED_EDGE ( 'NONE', *, *, #1403, .F. ) ;
#640 = AXIS2_PLACEMENT_3D ( 'NONE', #2007, #1251, #2347 ) ;
#641 = CARTESIAN_POINT ( 'NONE',  ( -8.426892288764200600, 23.43167901726850744, 11.71979613383692609 ) ) ;
#642 = CARTESIAN_POINT ( 'NONE',  ( -9.112596799016237981, 24.49118049695249866, 8.754066481432001723 ) ) ;
#643 = EDGE_LOOP ( 'NONE', ( #282, #660, #627, #223 ) ) ;
#644 = CARTESIAN_POINT ( 'NONE',  ( -8.095185314679726574, 23.11028521242523937, 11.52828502305718139 ) ) ;
#645 = CARTESIAN_POINT ( 'NONE',  ( 16.62466556296859821, 22.74843009648379422, -1.332535851149964978 ) ) ;
#646 = CARTESIAN_POINT ( 'NONE',  ( -9.670935419149047974, 23.43875427834728598, 9.553176527279910957 ) ) ;
#647 = ORIENTED_EDGE ( 'NONE', *, *, #2323, .T. ) ;
#648 = CARTESIAN_POINT ( 'NONE',  ( -4.302218779463342635, 27.55830320062099759, 11.93864255606291103 ) ) ;
#649 = EDGE_CURVE ( 'NONE', #1605, #986, #1631, .T. ) ;
#650 = CARTESIAN_POINT ( 'NONE',  ( -8.500842423023216909, 25.35842771561348385, 7.052835210436404267 ) ) ;
#651 = VERTEX_POINT ( 'NONE', #1801 ) ;
#652 = CARTESIAN_POINT ( 'NONE',  ( 2.081899558550500280E-15, 0.000000000000000000, 17.00000000000000000 ) ) ;
#653 = EDGE_CURVE ( 'NONE', #1226, #821, #1086, .T. ) ;
#654 = CARTESIAN_POINT ( 'NONE',  ( -8.688573031580112627, 25.31409791183386204, 8.107477791615510299 ) ) ;
#655 = CARTESIAN_POINT ( 'NONE',  ( -9.070089795660972953, 23.75848044903225542, 8.751900161535415279 ) ) ;
#656 = ORIENTED_EDGE ( 'NONE', *, *, #1012, .F. ) ;
#657 = DIRECTION ( 'NONE',  ( -0.8071826545995754998, 0.5903017551334083235, 0.000000000000000000 ) ) ;
#658 = DIRECTION ( 'NONE',  ( 0.6634139481689456108, -0.6427876096865345890, -0.3830222215594848989 ) ) ;
#659 = CARTESIAN_POINT ( 'NONE',  ( -7.990339945979864744, 24.08482375136186704, 10.07441267140411512 ) ) ;
#660 = ORIENTED_EDGE ( 'NONE', *, *, #466, .F. ) ;
#661 = DIRECTION ( 'NONE',  ( 0.000000000000000000, 0.000000000000000000, -1.000000000000000000 ) ) ;
#662 = ADVANCED_FACE ( 'NONE', ( #1482 ), #2210, .T. ) ;
#663 = CARTESIAN_POINT ( 'NONE',  ( -8.514167871197406257, 24.60749834144500170, 8.289963978974897785 ) ) ;
#664 = CARTESIAN_POINT ( 'NONE',  ( -11.84189508285177972, 25.23469450403187864, 2.779018526587333504 ) ) ;
#665 = LINE ( 'NONE', #2139, #621 ) ;
#666 = CARTESIAN_POINT ( 'NONE',  ( -8.969647017424732027, 25.26975382108850710, 6.389654298493142370 ) ) ;
#667 = CARTESIAN_POINT ( 'NONE',  ( -10.91180815253452785, 22.16444101617173956, 8.237066194588644308 ) ) ;
#668 = ORIENTED_EDGE ( 'NONE', *, *, #2076, .T. ) ;
#669 = CARTESIAN_POINT ( 'NONE',  ( -15.56341669826520224, 24.67599097472190550, -2.729230142011846105 ) ) ;
#670 = CARTESIAN_POINT ( 'NONE',  ( 15.70883811642455719, 24.46513538631693407, -2.627249733847737190 ) ) ;
#671 = CARTESIAN_POINT ( 'NONE',  ( -9.912086161211407287, 24.46434501172741349, 6.108938288176466003 ) ) ;
#672 = ORIENTED_EDGE ( 'NONE', *, *, #2331, .T. ) ;
#673 = CARTESIAN_POINT ( 'NONE',  ( 13.96624241281356760, 18.28859201301507653, 10.75648509483361792 ) ) ;
#674 = CARTESIAN_POINT ( 'NONE',  ( -12.40852228629580978, 24.38387150274909132, 3.225441954418642343 ) ) ;
#675 = DIRECTION ( 'NONE',  ( -0.000000000000000000, -1.000000000000000000, -0.000000000000000000 ) ) ;
#676 = LINE ( 'NONE', #1246, #1009 ) ;
#677 = DIRECTION ( 'NONE',  ( -0.6958540455341039044, -0.7181832268396562968, 0.000000000000000000 ) ) ;
#678 = EDGE_CURVE ( 'NONE', #470, #442, #1618, .T. ) ;
#679 = CARTESIAN_POINT ( 'NONE',  ( -9.407085113607031701, 25.53419723511955652, 6.493607837709991060 ) ) ;
#680 = COORDINATED_UNIVERSAL_TIME_OFFSET ( 1, 0, .AHEAD. ) ;
#681 = VERTEX_POINT ( 'NONE', #1446 ) ;
#682 = CARTESIAN_POINT ( 'NONE',  ( -12.50359147012849981, 22.56006723169712558, 6.121484280144744439 ) ) ;
#683 = DIRECTION ( 'NONE',  ( 0.4961340419915620248, -0.005303526320661300711, 0.8682297420531509546 ) ) ;
#684 = CARTESIAN_POINT ( 'NONE',  ( -6.603126502473443793, 23.29956336460346122, 15.10036752764633228 ) ) ;
#685 = CARTESIAN_POINT ( 'NONE',  ( -12.87703827103623588, 22.56415784312639872, 5.467790585965301098 ) ) ;
#686 = AXIS2_PLACEMENT_3D ( 'NONE', #584, #2214, #752 ) ;
#687 = CARTESIAN_POINT ( 'NONE',  ( -11.99068341339130583, 25.59000646467492146, 1.925025308262594770 ) ) ;
#688 = LINE ( 'NONE', #1083, #1006 ) ;
#689 = CARTESIAN_POINT ( 'NONE',  ( -9.401796769745445204, 24.07987425387552349, 8.943411272315158200 ) ) ;
#690 = CARTESIAN_POINT ( 'NONE',  ( -9.929172122043958382, 22.73350682533697764, 8.984035903573847293 ) ) ;
#691 = ORIENTED_EDGE ( 'NONE', *, *, #971, .T. ) ;
#692 = CARTESIAN_POINT ( 'NONE',  ( -16.92973347258404004, 20.67681846559962011, 1.615648140471908523 ) ) ;
#693 = CARTESIAN_POINT ( 'NONE',  ( -10.24379313529587954, 24.78573881657068156, 6.300449398956208036 ) ) ;
#694 = VERTEX_POINT ( 'NONE', #705 ) ;
#695 = CARTESIAN_POINT ( 'NONE',  ( -10.47935327794795413, 23.74411658594801366, 6.335089633395409869 ) ) ;
#696 = CARTESIAN_POINT ( 'NONE',  ( 6.415311994906192083, 23.49518386861065622, 15.09738161162476722 ) ) ;
#697 = B_SPLINE_CURVE_WITH_KNOTS ( 'NONE', 3,
 ( #844, #1384, #1206, #1047, #1933, #1786, #445, #1764, #97, #2305, #1838, #335, #344, #889, #515, #1823, #2015, #146, #1280 ),
 .UNSPECIFIED., .F., .F.,
 ( 4, 1, 1, 1, 1, 1, 1, 1, 1, 1, 1, 1, 1, 1, 1, 1, 4 ),
 ( 0.000000000000000000, 0.06540035440720293192, 0.1284562177603073008, 0.1901782114137598456, 0.2513979924744739747, 0.3125958447152664132, 0.3740713389040765113, 0.4368685733423092743, 0.5011576365337122585, 0.5657941649819941965, 0.6283464549401776011, 0.6897741693561232346, 0.7503437128838068571, 0.8113025798480695272, 0.8727302942640139394, 0.9355662573953610339, 1.000000000000000000 ),
 .UNSPECIFIED. ) ;
#698 = APPROVAL_PERSON_ORGANIZATION ( #1146, #244, #421 ) ;
#699 = CARTESIAN_POINT ( 'NONE',  ( -8.293063324521568802, 23.62865580987244840, 11.62102839138057675 ) ) ;
#700 = AXIS2_PLACEMENT_3D ( 'NONE', #2256, #615, #1350 ) ;
#701 = CARTESIAN_POINT ( 'NONE',  ( -8.680947544674525673, 23.81538433770188234, 9.330418247625207329 ) ) ;
#702 = VECTOR ( 'NONE', #583, 1000.000000000000000 ) ;
#703 = CARTESIAN_POINT ( 'NONE',  ( -10.08731359348672818, 22.58640803121418017, 8.956987928041396430 ) ) ;
#704 = ORIENTED_EDGE ( 'NONE', *, *, #1897, .F. ) ;
#705 = CARTESIAN_POINT ( 'NONE',  ( -12.12623207529756719, 24.72095513258900823, 3.148689443397783450 ) ) ;
#706 = CARTESIAN_POINT ( 'NONE',  ( -8.546441813312709357, 25.36687496661033947, 6.959678579268937959 ) ) ;
#707 = VERTEX_POINT ( 'NONE', #2165 ) ;
#708 = CARTESIAN_POINT ( 'NONE',  ( -10.84629525626927915, 24.01680574165031956, 6.547308032893616847 ) ) ;
#709 = CARTESIAN_POINT ( 'NONE',  ( -12.14441127131735776, 24.69641789254799491, 3.158380530387785878 ) ) ;
#710 = DIRECTION ( 'NONE',  ( -0.000000000000000000, -1.000000000000000000, -0.000000000000000000 ) ) ;
#711 = CARTESIAN_POINT ( 'NONE',  ( -9.613703030436365538, 22.60489412739715576, 9.746282133267840209 ) ) ;
#712 = CARTESIAN_POINT ( 'NONE',  ( -11.84584376066907296, 25.29116790780583557, 1.371998302096653743 ) ) ;
#713 = CARTESIAN_POINT ( 'NONE',  ( -9.113870242509491959, 23.39069064527158304, 9.293294780588382764 ) ) ;
#714 = CARTESIAN_POINT ( 'NONE',  ( -10.63685308564842735, 22.22281294692030329, 8.615342609109399419 ) ) ;
#715 = DIRECTION ( 'NONE',  ( 0.1279201023300442774, -0.4069226412926129632, 0.9044613929976859090 ) ) ;
#716 = CARTESIAN_POINT ( 'NONE',  ( -7.783282324078340864, 23.97472097200270014, 10.61782139573567463 ) ) ;
#717 = EDGE_LOOP ( 'NONE', ( #499, #1898, #1437, #805 ) ) ;
#718 = VECTOR ( 'NONE', #40, 999.9999999999998863 ) ;
#719 = CARTESIAN_POINT ( 'NONE',  ( -10.81106025203242638, 24.06551039079128174, 6.526600744175152791 ) ) ;
#720 = CARTESIAN_POINT ( 'NONE',  ( 6.490628035480970741E-15, 1.387778780781445676E-14, 0.000000000000000000 ) ) ;
#721 = TOROIDAL_SURFACE ( 'NONE', #2289, 9.000000000000001776, 8.000000000000000000 ) ;
#722 = CARTESIAN_POINT ( 'NONE',  ( -9.484308051596812561, 23.22095821616568401, 8.936522511527810408 ) ) ;
#723 = CARTESIAN_POINT ( 'NONE',  ( -6.627708674481993079, 20.45584412271570685, -15.65482282640708078 ) ) ;
#724 = EDGE_CURVE ( 'NONE', #247, #1940, #2294, .T. ) ;
#725 = CARTESIAN_POINT ( 'NONE',  ( -13.52770376005342534, 23.85592307271507551, 2.172965444824884074 ) ) ;
#726 = CARTESIAN_POINT ( 'NONE',  ( -11.03066491994325560, 22.52136498268957965, 8.737617986618719357 ) ) ;
#727 = CARTESIAN_POINT ( 'NONE',  ( -13.23064052842535609, 23.53499632641928940, 1.920665794636454704 ) ) ;
#728 = CARTESIAN_POINT ( 'NONE',  ( 0.000000000000000000, 20.45584412271570685, 0.000000000000000000 ) ) ;
#729 = ADVANCED_FACE ( 'NONE', ( #2359 ), #2185, .T. ) ;
#730 = VERTEX_POINT ( 'NONE', #2177 ) ;
#731 = CARTESIAN_POINT ( 'NONE',  ( -11.49098898758961340, 22.57819794407707903, 7.844936279630536191 ) ) ;
#732 = CARTESIAN_POINT ( 'NONE',  ( -10.26087909612843241, 23.05490063018024571, 9.175547014353590214 ) ) ;
#733 = CARTESIAN_POINT ( 'NONE',  ( -9.066265633905169707, 23.44099558223320301, 9.291326673263757385 ) ) ;
#734 = CARTESIAN_POINT ( 'NONE',  ( -9.370990077360065840, 22.58932101101831336, 11.49821538140297861 ) ) ;
#735 = CARTESIAN_POINT ( 'NONE',  ( -7.768827769735089817, 23.92558129235870368, 10.72532359238985755 ) ) ;
#736 = ORIENTED_EDGE ( 'NONE', *, *, #894, .T. ) ;
#737 = CARTESIAN_POINT ( 'NONE',  ( -13.56234750250982835, 23.85639013126255747, 2.112176905416197403 ) ) ;
#738 = DIRECTION ( 'NONE',  ( -0.4960390375971985288, 0.005433445812439174384, -0.8682832204103959617 ) ) ;
#739 = CARTESIAN_POINT ( 'NONE',  ( -11.20713079636306198, 22.48632207675436590, 8.490779101748673341 ) ) ;
#740 = CARTESIAN_POINT ( 'NONE',  ( -9.647368257352452403, 22.38873019605966164, 10.05073839991912621 ) ) ;
#741 = CARTESIAN_POINT ( 'NONE',  ( 2.081899558550500280E-15, 3.066687844136003704, -17.00000000000000000 ) ) ;
#742 = ORIENTED_EDGE ( 'NONE', *, *, #2329, .T. ) ;
#743 = CARTESIAN_POINT ( 'NONE',  ( -12.03068526153171014, 24.85861790804966276, 3.083155811109807853 ) ) ;
#744 = CARTESIAN_POINT ( 'NONE',  ( -12.76108817653053151, 23.59451923719704070, 2.634063019971369712 ) ) ;
#745 = EDGE_CURVE ( 'NONE', #651, #483, #882, .T. ) ;
#746 = CARTESIAN_POINT ( 'NONE',  ( -11.12056805730269637, 24.75255109144944399, 3.532119013723535428 ) ) ;
#747 = VECTOR ( 'NONE', #1535, 1000.000000000000000 ) ;
#748 = CARTESIAN_POINT ( 'NONE',  ( -8.912312219439300520, 25.68969082109754964, 7.089630407327328854 ) ) ;
#749 = EDGE_LOOP ( 'NONE', ( #1077, #2085, #161, #1849 ) ) ;
#750 = CARTESIAN_POINT ( 'NONE',  ( -11.30825352603632794, 23.31989130549234446, 6.916734131365037008 ) ) ;
#751 = VECTOR ( 'NONE', #2241, 1000.000000000000000 ) ;
#752 = DIRECTION ( 'NONE',  ( 0.000000000000000000, 0.000000000000000000, -1.000000000000000000 ) ) ;
#753 = CARTESIAN_POINT ( 'NONE',  ( -10.93026860631772657, 22.16419379540407419, 8.205506636415316635 ) ) ;
#754 = EDGE_CURVE ( 'NONE', #2014, #821, #1827, .T. ) ;
#755 = DIRECTION ( 'NONE',  ( -0.7230055190381458052, -0.6825265776103986992, -0.1068666940436450857 ) ) ;
#756 = VERTEX_POINT ( 'NONE', #355 ) ;
#757 = CARTESIAN_POINT ( 'NONE',  ( -11.91922220281463396, 25.04897821433015892, 2.956752966393329629 ) ) ;
#758 = CARTESIAN_POINT ( 'NONE',  ( -10.04698108645833088, 24.30473902932107322, 6.143144065907301332 ) ) ;
#759 = CARTESIAN_POINT ( 'NONE',  ( -9.274007243742264706, 22.17830629499544770, 11.05055188060509153 ) ) ;
#760 = ADVANCED_FACE ( 'NONE', ( #527 ), #1642, .T. ) ;
#761 = FACE_BOUND ( 'NONE', #1530, .T. ) ;
#762 = ORIENTED_EDGE ( 'NONE', *, *, #2351, .T. ) ;
#763 = FACE_OUTER_BOUND ( 'NONE', #1752, .T. ) ;
#764 = FACE_OUTER_BOUND ( 'NONE', #881, .T. ) ;
#765 = CARTESIAN_POINT ( 'NONE',  ( -10.70923288803813556, 22.68223299081919819, 9.024386024478959101 ) ) ;
#766 = CARTESIAN_POINT ( 'NONE',  ( 10.14529098488896075, 24.67599097472190550, -12.11369915937476094 ) ) ;
#767 = ORIENTED_EDGE ( 'NONE', *, *, #745, .T. ) ;
#768 = CARTESIAN_POINT ( 'NONE',  ( -12.25385254979393856, 25.61437496128363023, 1.428307799995802929 ) ) ;
#769 = CARTESIAN_POINT ( 'NONE',  ( -9.007810120390306707, 22.82719522844151783, 11.72806118295245525 ) ) ;
#770 = DIRECTION ( 'NONE',  ( 0.4959964964638222118, -0.005491614877698785743, 0.8683071562884003836 ) ) ;
#771 = PERSON_AND_ORGANIZATION ( #18446744073709551615, #18446744073709551615 ) ;
#772 = VERTEX_POINT ( 'NONE', #1874 ) ;
#773 = CARTESIAN_POINT ( 'NONE',  ( -9.883996092587265636, 23.08715160354743290, 9.774203965281039075 ) ) ;
#774 = DIRECTION ( 'NONE',  ( 0.8071635910253183166, -0.5903278219117854553, 0.000000000000000000 ) ) ;
#775 = CARTESIAN_POINT ( 'NONE',  ( -10.94803051271375693, 22.16505905253671571, 8.173290038216348918 ) ) ;
#776 = CARTESIAN_POINT ( 'NONE',  ( -9.560346637794539859, 23.58054478834575818, 9.506769186044712328 ) ) ;
#777 = CARTESIAN_POINT ( 'NONE',  ( -8.100534743819562067, 24.24697509720197175, 10.91683470316960047 ) ) ;
#778 = CARTESIAN_POINT ( 'NONE',  ( -12.10924456534578297, 24.74437348106070900, 3.138812018597596509 ) ) ;
#779 = CC_DESIGN_DATE_AND_TIME_ASSIGNMENT ( #604, #1340, ( #2035 ) ) ;
#780 = DIRECTION ( 'NONE',  ( -0.6634139481689453888, 0.6427876096865345890, 0.3830222215594849544 ) ) ;
#781 = CARTESIAN_POINT ( 'NONE',  ( -10.83572987692893363, 25.61672206257551920, 3.880629417106685963 ) ) ;
#782 = PERSON_AND_ORGANIZATION_ROLE ( 'classification_officer' ) ;
#783 = CARTESIAN_POINT ( 'NONE',  ( -13.28513730146415561, 22.23339450408552054, 4.010621833004569758 ) ) ;
#784 = ORIENTED_EDGE ( 'NONE', *, *, #1258, .T. ) ;
#785 = FACE_OUTER_BOUND ( 'NONE', #1917, .T. ) ;
#786 = CARTESIAN_POINT ( 'NONE',  ( -8.597883187528719162, 25.36901620897139509, 6.866986074164815435 ) ) ;
#787 = CARTESIAN_POINT ( 'NONE',  ( -11.58142384029856053, 27.99831645537221192, -1.407740367566212125 ) ) ;
#788 = CARTESIAN_POINT ( 'NONE',  ( -11.26197558040219882, 22.48558760024734227, 8.397017747195059556 ) ) ;
#789 = CARTESIAN_POINT ( 'NONE',  ( 9.997795602081099631, 25.67056685456625686, -11.27915090541956999 ) ) ;
#790 = VERTEX_POINT ( 'NONE', #25 ) ;
#791 = CARTESIAN_POINT ( 'NONE',  ( -11.61233149636601780, 25.25584478806303323, 1.835732641556446332 ) ) ;
#792 = DIRECTION ( 'NONE',  ( 1.000000000000000000, 0.000000000000000000, 0.000000000000000000 ) ) ;
#793 = CARTESIAN_POINT ( 'NONE',  ( -8.337483836804086224, 25.15814677242866182, 7.671891912736977126 ) ) ;
#794 = AXIS2_PLACEMENT_3D ( 'NONE', #1112, #2364, #907 ) ;
#795 = EDGE_CURVE ( 'NONE', #1793, #730, #2054, .T. ) ;
#796 = ORIENTED_EDGE ( 'NONE', *, *, #1177, .F. ) ;
#797 = LINE ( 'NONE', #449, #10 ) ;
#798 = CARTESIAN_POINT ( 'NONE',  ( -7.497955540349400927, 27.84970084696165316, -9.450640376114739283 ) ) ;
#799 = CARTESIAN_POINT ( 'NONE',  ( 0.000000000000000000, 1.066687844135982610, 0.000000000000000000 ) ) ;
#800 = EDGE_CURVE ( 'NONE', #3, #1689, #591, .T. ) ;
#801 = EDGE_CURVE ( 'NONE', #1097, #1872, #1863, .T. ) ;
#802 = CARTESIAN_POINT ( 'NONE',  ( -10.76714983783883106, 23.33416021464342904, 6.524599849341763402 ) ) ;
#803 = CARTESIAN_POINT ( 'NONE',  ( 6.627708674481997519, 20.45584412271570685, -15.65482282640708078 ) ) ;
#804 = EDGE_CURVE ( 'NONE', #651, #1605, #1315, .T. ) ;
#805 = ORIENTED_EDGE ( 'NONE', *, *, #1084, .T. ) ;
#806 = DIRECTION ( 'NONE',  ( -0.6634139481689453888, 0.6427876096865345890, 0.3830222215594849544 ) ) ;
#807 = FACE_OUTER_BOUND ( 'NONE', #2239, .T. ) ;
#808 = CARTESIAN_POINT ( 'NONE',  ( -9.012654518758997924, 24.13677814254515042, 9.521929358404950250 ) ) ;
#809 = ORIENTED_EDGE ( 'NONE', *, *, #825, .F. ) ;
#810 = CARTESIAN_POINT ( 'NONE',  ( -9.524048846553110792, 22.18173767312644884, 10.61170858428242880 ) ) ;
#811 = CARTESIAN_POINT ( 'NONE',  ( -8.188058350520886819, 27.55830320062099403, -9.695152033685104698 ) ) ;
#812 = CARTESIAN_POINT ( 'NONE',  ( -12.01895892453474701, 24.12421801200730442, 3.030528497054466364 ) ) ;
#813 = AXIS2_PLACEMENT_3D ( 'NONE', #2152, #1798, #880 ) ;
#814 = CARTESIAN_POINT ( 'NONE',  ( -11.13618473244387630, 22.22836249273017017, 7.741161583348157293 ) ) ;
#815 = VECTOR ( 'NONE', #377, 1000.000000000000000 ) ;
#816 = CARTESIAN_POINT ( 'NONE',  ( -16.87132859665405249, 20.45584412271570685, 2.087647332219502605 ) ) ;
#817 = VERTEX_POINT ( 'NONE', #395 ) ;
#818 = B_SPLINE_CURVE_WITH_KNOTS ( 'NONE', 3,
 ( #1420, #2132, #872, #1924, #258, #1238, #313, #2156, #1753, #88, #861 ),
 .UNSPECIFIED., .F., .F.,
 ( 4, 1, 1, 1, 1, 1, 1, 1, 4 ),
 ( 0.000000000000000000, 0.1309859945199969289, 0.2562688963971114786, 0.3775828340229711033, 0.4974738552373556000, 0.6175823026789744041, 0.7405754599003923078, 0.8670178828007791827, 1.000000000000000000 ),
 .UNSPECIFIED. ) ;
#819 = CARTESIAN_POINT ( 'NONE',  ( -8.096816600277637832, 24.12446542193191590, 11.12887036336353219 ) ) ;
#820 = CARTESIAN_POINT ( 'NONE',  ( -8.707388014874485549, 25.24826145551342904, 8.185375977039116790 ) ) ;
#821 = VERTEX_POINT ( 'NONE', #602 ) ;
#822 = CARTESIAN_POINT ( 'NONE',  ( -10.71343594600114102, 24.74838256627758781, 4.244288131759146765 ) ) ;
#823 = CARTESIAN_POINT ( 'NONE',  ( 16.86382767640447256, 21.92099872135138483, -0.3581820594702697647 ) ) ;
#824 = FACE_OUTER_BOUND ( 'NONE', #2207, .T. ) ;
#825 = EDGE_CURVE ( 'NONE', #1560, #707, #2068, .T. ) ;
#826 = FACE_OUTER_BOUND ( 'NONE', #2179, .T. ) ;
#827 = CARTESIAN_POINT ( 'NONE',  ( 2.081899558550500280E-15, 3.066687844136003704, -17.00000000000000000 ) ) ;
#828 = ADVANCED_FACE ( 'NONE', ( #419 ), #49, .T. ) ;
#829 = ORIENTED_EDGE ( 'NONE', *, *, #624, .T. ) ;
#830 = AXIS2_PLACEMENT_3D ( 'NONE', #580, #1143, #1515 ) ;
#831 = VECTOR ( 'NONE', #936, 1000.000000000000114 ) ;
#832 = CARTESIAN_POINT ( 'NONE',  ( 0.000000000000000000, 20.45584412271570685, 0.000000000000000000 ) ) ;
#833 = CARTESIAN_POINT ( 'NONE',  ( -9.381080942670264378, 24.99211930817285676, 6.142955870789533535 ) ) ;
#834 = CARTESIAN_POINT ( 'NONE',  ( -13.61684427554862786, 22.55478830892878861, 4.202132943784311792 ) ) ;
#835 = ORIENTED_EDGE ( 'NONE', *, *, #1919, .F. ) ;
#836 = ADVANCED_FACE ( 'NONE', ( #1713 ), #1528, .T. ) ;
#837 = PLANE ( 'NONE',  #1480 ) ;
#838 = CARTESIAN_POINT ( 'NONE',  ( -7.962501850663762148, 27.66462930775985285, -9.605933836400375014 ) ) ;
#839 = DIRECTION ( 'NONE',  ( 0.000000000000000000, 0.000000000000000000, -1.000000000000000000 ) ) ;
#840 = ORIENTED_EDGE ( 'NONE', *, *, #1475, .F. ) ;
#841 = CARTESIAN_POINT ( 'NONE',  ( -10.58300727704391520, 23.60083771405997410, 6.396006137666996771 ) ) ;
#842 = CARTESIAN_POINT ( 'NONE',  ( -8.356866057495640376, 24.99270410699059397, 7.915966680835768265 ) ) ;
#843 = CARTESIAN_POINT ( 'NONE',  ( -12.17755073475354521, 25.61256171264910364, 1.563509412876396221 ) ) ;
#844 = CARTESIAN_POINT ( 'NONE',  ( -8.095185314679726574, 23.11028521242523937, 11.52828502305718139 ) ) ;
#845 = CARTESIAN_POINT ( 'NONE',  ( -8.688180714615553413, 25.56178683159775744, 7.692485942089676954 ) ) ;
#846 = EDGE_LOOP ( 'NONE', ( #2229, #2131, #1221, #1782, #796 ) ) ;
#847 = CARTESIAN_POINT ( 'NONE',  ( -9.339228445064575723, 23.11736047350401790, 9.361665416500168035 ) ) ;
#848 = CARTESIAN_POINT ( 'NONE',  ( 16.74313625578454889, 22.40526929116779442, -0.9618408999647809487 ) ) ;
#849 = CARTESIAN_POINT ( 'NONE',  ( -12.87703827103623588, 22.56415784312639872, 5.467790585965301098 ) ) ;
#850 = ORIENTED_EDGE ( 'NONE', *, *, #2271, .F. ) ;
#851 = DIRECTION ( 'NONE',  ( 0.1871161618238159075, -0.3531078780439977916, 0.9166800796611590529 ) ) ;
#852 = CARTESIAN_POINT ( 'NONE',  ( -12.96295024754543768, 23.97230629696862181, 2.955832981148973637 ) ) ;
#853 = DIRECTION ( 'NONE',  ( -0.5601187884139204876, -0.7660260829852215680, 0.3153902076032801816 ) ) ;
#854 = EDGE_CURVE ( 'NONE', #521, #884, #1244, .T. ) ;
#855 = FACE_OUTER_BOUND ( 'NONE', #991, .T. ) ;
#856 = CARTESIAN_POINT ( 'NONE',  ( -8.322046920064339659, 24.40621755620513866, 10.26592378218386159 ) ) ;
#857 = CARTESIAN_POINT ( 'NONE',  ( -8.728781076910742343, 25.62466140290603178, 7.516647992598308292 ) ) ;
#858 = B_SPLINE_CURVE_WITH_KNOTS ( 'NONE', 3,
 ( #723, #43, #609, #2355, #2183, #2172, #352, #533, #164, #1186, #437, #273, #2274, #1754, #54, #2133, #1532, #619, #1018, #1378, #1912, #1356, #90, #1174, #102, #811, #838, #798, #77, #450 ),
 .UNSPECIFIED., .F., .F.,
 ( 4, 2, 2, 2, 2, 2, 2, 2, 2, 2, 2, 2, 2, 2, 4 ),
 ( 4.692904466225049133E-07, 0.001554887194226831039, 0.002332096146116932871, 0.003109305098007034921, 0.004663723001787245526, 0.005440931953677354514, 0.006218140905567462635, 0.006995349857457571624, 0.007772558809347679745, 0.008549767761237787866, 0.009326976713127895988, 0.01010418566501800411, 0.01088139461690811223, 0.01165860356879822209, 0.01243581252068833368 ),
 .UNSPECIFIED. ) ;
#859 = APPROVAL_ROLE ( '' ) ;
#860 = ORIENTED_EDGE ( 'NONE', *, *, #1932, .F. ) ;
#861 = CARTESIAN_POINT ( 'NONE',  ( -8.597883187528719162, 25.36901620897139509, 6.866986074164815435 ) ) ;
#862 = CARTESIAN_POINT ( 'NONE',  ( -9.791034141986934003, 25.24738345924996352, 6.309919280136762509 ) ) ;
#863 = ORIENTED_EDGE ( 'NONE', *, *, #2076, .F. ) ;
#864 = CARTESIAN_POINT ( 'NONE',  ( -4.337731804063468921, 27.66462930775985285, 11.69869579855557262 ) ) ;
#865 = CARTESIAN_POINT ( 'NONE',  ( -13.02835744759816450, 23.94154574850967165, 2.894166717210289175 ) ) ;
#866 = CARTESIAN_POINT ( 'NONE',  ( -11.98873697237271685, 24.92450679944272096, 3.045237690290640842 ) ) ;
#867 = CIRCLE ( 'NONE', #6, 20.51814982705237256 ) ;
#868 = CARTESIAN_POINT ( 'NONE',  ( -8.100534743819563843, 24.24697509720197175, 10.91683470316960047 ) ) ;
#869 = CARTESIAN_POINT ( 'NONE',  ( -8.792489214729393154, 25.66637565885822170, 7.336297427472146637 ) ) ;
#870 = COORDINATED_UNIVERSAL_TIME_OFFSET ( 1, 0, .AHEAD. ) ;
#871 = ORIENTED_EDGE ( 'NONE', *, *, #1298, .F. ) ;
#872 = CARTESIAN_POINT ( 'NONE',  ( -9.302664993544558669, 25.05655341225599031, 6.170643012856208642 ) ) ;
#873 = CARTESIAN_POINT ( 'NONE',  ( -9.760815035046187305, 22.48680960077214053, 10.99505332169023042 ) ) ;
#874 = ADVANCED_FACE ( 'NONE', ( #807 ), #2030, .T. ) ;
#875 = ORIENTED_EDGE ( 'NONE', *, *, #586, .T. ) ;
#876 = CARTESIAN_POINT ( 'NONE',  ( -10.68017712962102550, 23.46315377987459883, 6.458764092827448344 ) ) ;
#877 = EDGE_CURVE ( 'NONE', #790, #1928, #1552, .T. ) ;
#878 = CARTESIAN_POINT ( 'NONE',  ( -12.18017360885467149, 24.64814793277499660, 3.177444955660642556 ) ) ;
#879 = DIRECTION ( 'NONE',  ( -0.4962963987027636525, 0.005081456297024243562, -0.8681382743760172049 ) ) ;
#880 = DIRECTION ( 'NONE',  ( 0.000000000000000000, 0.000000000000000000, -1.000000000000000000 ) ) ;
#881 = EDGE_LOOP ( 'NONE', ( #507, #218, #1767, #2324 ) ) ;
#882 = LINE ( 'NONE', #727, #2096 ) ;
#883 = CARTESIAN_POINT ( 'NONE',  ( -9.459327167902459976, 24.92598965440669545, 6.118408169357020476 ) ) ;
#884 = VERTEX_POINT ( 'NONE', #83 ) ;
#885 = CARTESIAN_POINT ( 'NONE',  ( -11.50961366787421269, 22.61038390348487326, 7.758662933766520275 ) ) ;
#886 = CARTESIAN_POINT ( 'NONE',  ( 10.24361992217199813, 20.45584412271570685, 13.56717549418747026 ) ) ;
#887 = LOCAL_TIME ( 19, 36, 22.00000000000000000, #870 ) ;
#888 = CARTESIAN_POINT ( 'NONE',  ( -8.107466048733327213, 24.05323334608534225, 11.22996659470742209 ) ) ;
#889 = CARTESIAN_POINT ( 'NONE',  ( -9.121580054909600221, 22.22923360934718318, 11.22909733473939653 ) ) ;
#890 = CIRCLE ( 'NONE', #1626, 15.00000000000000000 ) ;
#891 = DIRECTION ( 'NONE',  ( -0.6634139481689453888, 0.6427876096865345890, 0.3830222215594849544 ) ) ;
#892 = CARTESIAN_POINT ( 'NONE',  ( -13.96624241281372036, 18.28859201301507653, 10.75648509483342785 ) ) ;
#893 = ORIENTED_EDGE ( 'NONE', *, *, #114, .F. ) ;
#894 = EDGE_CURVE ( 'NONE', #1605, #470, #665, .T. ) ;
#895 = CARTESIAN_POINT ( 'NONE',  ( -11.17839031209701517, 23.53496590589516657, 6.780725780194897467 ) ) ;
#896 = CARTESIAN_POINT ( 'NONE',  ( -12.70960835520005716, 24.12369707863516055, 3.140570112256757085 ) ) ;
#897 = CARTESIAN_POINT ( 'NONE',  ( -10.09235449065471002, 23.22569705133097173, 9.180809765371709119 ) ) ;
#898 = CARTESIAN_POINT ( 'NONE',  ( -11.51370453074729028, 25.19301584430024477, 2.111999044081641852 ) ) ;
#899 = DIRECTION ( 'NONE',  ( 0.000000000000000000, 0.000000000000000000, 1.000000000000000000 ) ) ;
#900 = ADVANCED_FACE ( 'NONE', ( #1907 ), #1122, .T. ) ;
#901 = CARTESIAN_POINT ( 'NONE',  ( -11.24351512661900010, 22.48583482101500763, 8.428577305368389005 ) ) ;
#902 = DIRECTION ( 'NONE',  ( 0.1927302592103117274, -0.3478240355250177274, 0.9175366409554537306 ) ) ;
#903 = B_SPLINE_CURVE_WITH_KNOTS ( 'NONE', 3,
 ( #1292, #1089, #1306, #1469, #358, #522, #340, #1276, #2020, #530, #2033 ),
 .UNSPECIFIED., .F., .F.,
 ( 4, 1, 1, 1, 1, 1, 1, 1, 4 ),
 ( 0.000000000000000000, 0.1608970019354876158, 0.3104057397686574293, 0.4493147563263212851, 0.5773654380991076751, 0.6960117402747756365, 0.8053868608960021991, 0.9060533543798418021, 1.000000000000000000 ),
 .UNSPECIFIED. ) ;
#904 = CARTESIAN_POINT ( 'NONE',  ( -8.356473740531081162, 25.24039302675448937, 7.500974831309934920 ) ) ;
#905 = ORIENTED_EDGE ( 'NONE', *, *, #1298, .T. ) ;
#906 = CARTESIAN_POINT ( 'NONE',  ( -11.49105801744350863, 22.91601142694063142, 7.277898378661315171 ) ) ;
#907 = DIRECTION ( 'NONE',  ( 1.000000000000000000, 0.000000000000000000, 0.000000000000000000 ) ) ;
#908 = AXIS2_PLACEMENT_3D ( 'NONE', #578, #1131, #1691 ) ;
#909 = CARTESIAN_POINT ( 'NONE',  ( -8.868694127125008819, 24.03996492460927215, 8.628340652586459214 ) ) ;
#910 = CARTESIAN_POINT ( 'NONE',  ( -11.03066491994325560, 22.52136498268957965, 8.737617986618719357 ) ) ;
#911 = AXIS2_PLACEMENT_3D ( 'NONE', #394, #230, #1862 ) ;
#912 = CARTESIAN_POINT ( 'NONE',  ( -8.800498191914757129, 23.70258941074477121, 9.312642815744128555 ) ) ;
#913 = CARTESIAN_POINT ( 'NONE',  ( -9.716598203990653104, 23.66478436115918882, 9.094762745674302096 ) ) ;
#914 = CARTESIAN_POINT ( 'NONE',  ( -8.451254048204944525, 23.39900376322117381, 11.73243591596323654 ) ) ;
#915 = CARTESIAN_POINT ( 'NONE',  ( -7.961356350437097440, 23.30726200502918033, 11.42951728060083383 ) ) ;
#916 = ORIENTED_EDGE ( 'NONE', *, *, #1973, .F. ) ;
#917 = DIRECTION ( 'NONE',  ( 0.000000000000000000, 0.000000000000000000, -1.000000000000000000 ) ) ;
#918 = PLANE ( 'NONE',  #2252 ) ;
#919 = CARTESIAN_POINT ( 'NONE',  ( -11.24351512661900188, 22.48583482101500763, 8.428577305368389005 ) ) ;
#920 = CARTESIAN_POINT ( 'NONE',  ( -9.642481891556407447, 22.32851888453156164, 10.16024841233405418 ) ) ;
#921 = EDGE_CURVE ( 'NONE', #1809, #2388, #1591, .T. ) ;
#922 = CARTESIAN_POINT ( 'NONE',  ( -9.024690845830162900, 23.48366825926999368, 9.291723063397689941 ) ) ;
#923 = EDGE_LOOP ( 'NONE', ( #59, #1551, #1495, #1299, #2217 ) ) ;
#924 = CARTESIAN_POINT ( 'NONE',  ( -11.84584376066907119, 25.29116790780583202, 1.371998302096652633 ) ) ;
#925 = CIRCLE ( 'NONE', #2038, 17.00000000000000000 ) ;
#926 = CARTESIAN_POINT ( 'NONE',  ( -10.18746104464841373, 24.13086876886483623, 6.191614583719991849 ) ) ;
#927 = CARTESIAN_POINT ( 'NONE',  ( -8.408539752615869389, 22.74214710810641193, 11.60334831088700902 ) ) ;
#928 = CARTESIAN_POINT ( 'NONE',  ( -7.762546767687879878, 23.86837977972205493, 10.83219814337043374 ) ) ;
#929 = ORIENTED_EDGE ( 'NONE', *, *, #1580, .F. ) ;
#930 = CARTESIAN_POINT ( 'NONE',  ( -11.46702254905803997, 22.98516210847174079, 7.203480408351818021 ) ) ;
#931 = CARTESIAN_POINT ( 'NONE',  ( -12.13592687299258266, 24.00465453199706900, 3.028585411426128804 ) ) ;
#932 = CARTESIAN_POINT ( 'NONE',  ( -10.87542382227858972, 22.16492827191109782, 8.299267990968930420 ) ) ;
#933 = CARTESIAN_POINT ( 'NONE',  ( 10.00852737972500606, 23.87987843651553277, -12.78171689655933818 ) ) ;
#934 = EDGE_LOOP ( 'NONE', ( #2222, #2097, #1802, #2032 ) ) ;
#935 = CARTESIAN_POINT ( 'NONE',  ( -11.89093817715340684, 25.10764742604402500, 2.907283708060012017 ) ) ;
#936 = DIRECTION ( 'NONE',  ( 0.2615539561884034914, 0.6788098938840333441, -0.6861535221561878561 ) ) ;
#937 = CARTESIAN_POINT ( 'NONE',  ( -8.826643167489708119, 22.98067162773288885, 11.78428756994912341 ) ) ;
#938 = AXIS2_PLACEMENT_3D ( 'NONE', #1688, #1128, #1114 ) ;
#939 = CARTESIAN_POINT ( 'NONE',  ( -16.87132859665405249, 20.45584412271570685, 2.087647332219502605 ) ) ;
#940 = VERTEX_POINT ( 'NONE', #1025 ) ;
#941 = CARTESIAN_POINT ( 'NONE',  ( -9.760815035046192634, 22.48680960077214408, 10.99505332169023220 ) ) ;
#942 = CIRCLE ( 'NONE', #329, 35.00000000000000000 ) ;
#943 = CARTESIAN_POINT ( 'NONE',  ( -12.14441127131735776, 24.69641789254799491, 3.158380530387785878 ) ) ;
#944 = AXIS2_PLACEMENT_3D ( 'NONE', #2187, #2211, #2166 ) ;
#945 = CARTESIAN_POINT ( 'NONE',  ( -10.23684452062155792, 22.46280933944048286, 8.905415998303594094 ) ) ;
#946 = CARTESIAN_POINT ( 'NONE',  ( 9.606533647628335615, 26.41099027689965695, -10.65786188482458918 ) ) ;
#947 = ORIENTED_EDGE ( 'NONE', *, *, #287, .T. ) ;
#948 = CARTESIAN_POINT ( 'NONE',  ( -11.71386198141799539, 25.27819431463937150, 1.622369723914920625 ) ) ;
#949 = CARTESIAN_POINT ( 'NONE',  ( -10.49498531173471960, 22.84335445186205504, 9.125079794963335544 ) ) ;
#950 = CARTESIAN_POINT ( 'NONE',  ( -9.605714217826736956, 22.49970009983871577, 11.24206299138483445 ) ) ;
#951 = CARTESIAN_POINT ( 'NONE',  ( -8.375681040790013299, 24.92686765067016097, 7.993864866259372981 ) ) ;
#952 = PERSON_AND_ORGANIZATION_ROLE ( 'design_supplier' ) ;
#953 = ORIENTED_EDGE ( 'NONE', *, *, #366, .T. ) ;
#954 = CARTESIAN_POINT ( 'NONE',  ( -9.632422496223043140, 22.52885707653640424, 9.841464390100922444 ) ) ;
#955 = CARTESIAN_POINT ( 'NONE',  ( -11.79452510121309494, 24.39956132774574016, 2.957178332618040972 ) ) ;
#956 = CARTESIAN_POINT ( 'NONE',  ( -11.10661094077504529, 22.73746485195109912, 6.938009689383509482 ) ) ;
#957 = CARTESIAN_POINT ( 'NONE',  ( -9.321729247726324274, 23.14088821176936506, 9.352490682379917430 ) ) ;
#958 = ORIENTED_EDGE ( 'NONE', *, *, #2323, .F. ) ;
#959 = CARTESIAN_POINT ( 'NONE',  ( -11.98873697237271863, 24.92450679944272096, 3.045237690290641286 ) ) ;
#960 = CARTESIAN_POINT ( 'NONE',  ( -8.676103146305834457, 22.50580142359824976, 11.53655007217271233 ) ) ;
#961 = CARTESIAN_POINT ( 'NONE',  ( -8.669190810888560250, 25.47954057727192989, 7.863403023516719159 ) ) ;
#962 = DATE_AND_TIME ( #211, #579 ) ;
#963 = EDGE_LOOP ( 'NONE', ( #75, #34, #1328, #863, #1877 ) ) ;
#964 = CARTESIAN_POINT ( 'NONE',  ( -9.918650411990114435, 23.00534115445505634, 9.851475158693331124 ) ) ;
#965 = LINE ( 'NONE', #1637, #1554 ) ;
#966 = CARTESIAN_POINT ( 'NONE',  ( 0.000000000000000000, 3.066687844136003704, 0.000000000000000000 ) ) ;
#967 = CARTESIAN_POINT ( 'NONE',  ( -11.02846658824896586, 22.90366202255067662, 6.794447709177653394 ) ) ;
#968 = CARTESIAN_POINT ( 'NONE',  ( -9.397972607989641958, 23.76238938707647108, 9.482837784043500307 ) ) ;
#969 = ORIENTED_EDGE ( 'NONE', *, *, #1661, .T. ) ;
#970 = CARTESIAN_POINT ( 'NONE',  ( -12.04556895550246942, 25.59958811948264312, 1.813880834694664657 ) ) ;
#971 = EDGE_CURVE ( 'NONE', #2245, #1728, #925, .T. ) ;
#972 = EDGE_CURVE ( 'NONE', #510, #315, #697, .T. ) ;
#973 = MANIFOLD_SOLID_BREP ( 'Basisteil-dpad_sanding_tool-1', #2227 ) ;
#974 = ADVANCED_FACE ( 'NONE', ( #1260 ), #365, .T. ) ;
#975 = CARTESIAN_POINT ( 'NONE',  ( -9.121580054909600221, 22.22923360934718318, 11.22909733473939653 ) ) ;
#976 = CARTESIAN_POINT ( 'NONE',  ( -9.132205165999229379, 24.02398321558803929, 9.504153926523871476 ) ) ;
#977 = CC_DESIGN_PERSON_AND_ORGANIZATION_ASSIGNMENT ( #771, #39, ( #1195 ) ) ;
#978 = CARTESIAN_POINT ( 'NONE',  ( -9.106344230532062767, 23.70921488480651007, 8.771783071882126137 ) ) ;
#979 = ORIENTED_EDGE ( 'NONE', *, *, #2285, .T. ) ;
#980 = CARTESIAN_POINT ( 'NONE',  ( -9.647368257352452403, 22.38873019605966164, 10.05073839991912621 ) ) ;
#981 = CARTESIAN_POINT ( 'NONE',  ( 14.23067372050157076, 26.22550714569065633, -3.021248486220513563 ) ) ;
#982 = DIRECTION ( 'NONE',  ( 0.4962074227269083759, -0.005203163940673953027, 0.8681884131429800089 ) ) ;
#983 = ADVANCED_FACE ( 'NONE', ( #1106 ), #2155, .T. ) ;
#984 = DIRECTION ( 'NONE',  ( -0.8682057338878190755, 0.000000000000000000, 0.4962043970425025763 ) ) ;
#985 = CARTESIAN_POINT ( 'NONE',  ( -8.460782240644920904, 25.34498185401495363, 7.144786316692404604 ) ) ;
#986 = VERTEX_POINT ( 'NONE', #321 ) ;
#987 = DIRECTION ( 'NONE',  ( -0.6634139481689453888, 0.6427876096865345890, 0.3830222215594849544 ) ) ;
#988 = CARTESIAN_POINT ( 'NONE',  ( -8.740246726700341640, 23.06354091294968001, 11.79485942166675194 ) ) ;
#989 = CARTESIAN_POINT ( 'NONE',  ( -9.034874217625928239, 23.80718457164041979, 8.731160109275359460 ) ) ;
#990 = AXIS2_PLACEMENT_3D ( 'NONE', #966, #451, #400 ) ;
#991 = EDGE_LOOP ( 'NONE', ( #63, #1179, #2259, #647 ) ) ;
#992 = FACE_OUTER_BOUND ( 'NONE', #1040, .T. ) ;
#993 = CARTESIAN_POINT ( 'NONE',  ( -11.04514292008561327, 25.06977637112085588, 4.435799242538888798 ) ) ;
#994 = CARTESIAN_POINT ( 'NONE',  ( -12.69665047351369225, 23.62015194366640358, 2.702655606430546253 ) ) ;
#995 = CARTESIAN_POINT ( 'NONE',  ( -11.52073158139684317, 22.79359787101038393, 7.431936597516823895 ) ) ;
#996 = CARTESIAN_POINT ( 'NONE',  ( 0.000000000000000000, 3.066687844136003704, 0.000000000000000000 ) ) ;
#997 = EDGE_LOOP ( 'NONE', ( #2079, #303, #1043, #386 ) ) ;
#998 = CARTESIAN_POINT ( 'NONE',  ( -8.171174975755295833, 24.36732934040319165, 10.59250383023695008 ) ) ;
#999 = CARTESIAN_POINT ( 'NONE',  ( 0.000000000000000000, 106.0000000000000000, 0.000000000000000000 ) ) ;
#1000 = CC_DESIGN_APPROVAL ( #244, ( #2035 ) ) ;
#1001 = ORIENTED_EDGE ( 'NONE', *, *, #2082, .T. ) ;
#1002 = CARTESIAN_POINT ( 'NONE',  ( -15.95815229810457581, 24.07556968965583621, -2.405305698789969693 ) ) ;
#1003 = CARTESIAN_POINT ( 'NONE',  ( 16.92969408133602727, 20.67666942915358774, 1.615966480968854979 ) ) ;
#1004 = PLANE ( 'NONE',  #1024 ) ;
#1005 = EDGE_CURVE ( 'NONE', #2381, #772, #1673, .T. ) ;
#1006 = VECTOR ( 'NONE', #1629, 1000.000000000000000 ) ;
#1007 = ORIENTED_EDGE ( 'NONE', *, *, #1661, .F. ) ;
#1008 = CARTESIAN_POINT ( 'NONE',  ( -11.07104021976188157, 22.81716280160859256, 6.865870945113756285 ) ) ;
#1009 = VECTOR ( 'NONE', #1428, 1000.000000000000114 ) ;
#1010 = CARTESIAN_POINT ( 'NONE',  ( -14.55177789004410371, 22.24682238814153123, 1.794201313537332698 ) ) ;
#1011 = CARTESIAN_POINT ( 'NONE',  ( -8.263054775828249987, 24.40282122781171736, 10.37380088905273645 ) ) ;
#1012 = EDGE_CURVE ( 'NONE', #575, #483, #2342, .T. ) ;
#1013 = CARTESIAN_POINT ( 'NONE',  ( -7.765109626193161141, 23.80307161708864427, 10.93735925258378749 ) ) ;
#1014 = CARTESIAN_POINT ( 'NONE',  ( -8.832549397107689160, 25.67982152045675193, 7.244346321216146301 ) ) ;
#1015 = B_SPLINE_CURVE_WITH_KNOTS ( 'NONE', 3,
 ( #1348, #599, #1011, #430, #1749, #82, #1700, #777, #1797, #1762, #888, #145, #2138, #109, #2127, #699, #1627, #96, #1229 ),
 .UNSPECIFIED., .F., .F.,
 ( 4, 1, 1, 1, 1, 1, 1, 1, 1, 1, 1, 1, 1, 1, 1, 1, 4 ),
 ( 0.000000000000000000, 0.06342593545459833393, 0.1252312128006798086, 0.1857009230966487068, 0.2455394141066228053, 0.3055237297555803977, 0.3658278969795349944, 0.4279111838660738520, 0.4915394396361362217, 0.5555717301713224421, 0.6181254691545959856, 0.6802033433744377744, 0.7418616530116669550, 0.8042580712067339821, 0.8675089357849796734, 0.9324375552376595877, 1.000000000000000000 ),
 .UNSPECIFIED. ) ;
#1016 = EDGE_LOOP ( 'NONE', ( #1962, #1716, #1115, #2019 ) ) ;
#1017 = CARTESIAN_POINT ( 'NONE',  ( -16.28237200374818627, 23.49518386861065267, -1.992867645020673262 ) ) ;
#1018 = CARTESIAN_POINT ( 'NONE',  ( -9.926554590126624333, 25.85395122780031940, -11.12527314547518564 ) ) ;
#1019 = DIRECTION ( 'NONE',  ( 0.000000000000000000, 0.000000000000000000, -1.000000000000000000 ) ) ;
#1020 = ORIENTED_EDGE ( 'NONE', *, *, #1429, .T. ) ;
#1021 = CARTESIAN_POINT ( 'NONE',  ( -10.84629525626927915, 24.01680574165031956, 6.547308032893616847 ) ) ;
#1022 = DIRECTION ( 'NONE',  ( 0.000000000000000000, 0.000000000000000000, -1.000000000000000000 ) ) ;
#1023 = LINE ( 'NONE', #2162, #585 ) ;
#1024 = AXIS2_PLACEMENT_3D ( 'NONE', #1175, #982, #1731 ) ;
#1025 = CARTESIAN_POINT ( 'NONE',  ( -8.597883187528719162, 25.36901620897139509, 6.866986074164815435 ) ) ;
#1026 = DIRECTION ( 'NONE',  ( 1.000000000000000000, 0.000000000000000000, -1.224646799147353207E-16 ) ) ;
#1027 = CARTESIAN_POINT ( 'NONE',  ( -10.81767865577803001, 22.17186618248594954, 8.387642356830397716 ) ) ;
#1028 = ORIENTED_EDGE ( 'NONE', *, *, #2028, .T. ) ;
#1029 = LINE ( 'NONE', #149, #443 ) ;
#1030 = CARTESIAN_POINT ( 'NONE',  ( 15.11316222601944936, 25.26700676209455665, -2.941208778155475212 ) ) ;
#1031 = CARTESIAN_POINT ( 'NONE',  ( -9.692699964869312623, 23.40819991263046873, 9.566755542296428771 ) ) ;
#1032 = ORIENTED_EDGE ( 'NONE', *, *, #296, .F. ) ;
#1033 = CARTESIAN_POINT ( 'NONE',  ( 16.87132859665402762, 20.45584412271570685, 2.087647332219733087 ) ) ;
#1034 = CARTESIAN_POINT ( 'NONE',  ( 9.480679988266979663, 20.92154882809167304, 14.10708092979720263 ) ) ;
#1035 = LINE ( 'NONE', #1010, #406 ) ;
#1036 = LINE ( 'NONE', #1775, #2039 ) ;
#1037 = CARTESIAN_POINT ( 'NONE',  ( -8.095185314679723021, 23.11028521242523581, 11.52828502305717961 ) ) ;
#1038 = FACE_OUTER_BOUND ( 'NONE', #2059, .T. ) ;
#1039 = APPROVAL_STATUS ( 'not_yet_approved' ) ;
#1040 = EDGE_LOOP ( 'NONE', ( #1974, #893, #212, #639, #2272, #128 ) ) ;
#1041 = CARTESIAN_POINT ( 'NONE',  ( -16.37614223467179286, 23.30532186051273413, -1.836656167278746921 ) ) ;
#1042 = CARTESIAN_POINT ( 'NONE',  ( -10.47935327794795413, 23.74411658594801366, 6.335089633395408981 ) ) ;
#1043 = ORIENTED_EDGE ( 'NONE', *, *, #1846, .T. ) ;
#1044 = CARTESIAN_POINT ( 'NONE',  ( -8.655564117993010953, 23.83918114416277234, 9.334447849258747709 ) ) ;
#1045 = CARTESIAN_POINT ( 'NONE',  ( -13.07095994095915437, 23.92459888113142341, 2.848817254513324126 ) ) ;
#1046 = CARTESIAN_POINT ( 'NONE',  ( -12.07573551425387848, 24.79056781075664873, 3.119328107581484932 ) ) ;
#1047 = CARTESIAN_POINT ( 'NONE',  ( -8.244897923383380345, 22.91919561440579756, 11.58966160068863971 ) ) ;
#1048 = CARTESIAN_POINT ( 'NONE',  ( -8.625843458081076776, 25.36808569660933088, 6.820119050134374028 ) ) ;
#1049 = EDGE_CURVE ( 'NONE', #1213, #2372, #688, .T. ) ;
#1050 = EDGE_CURVE ( 'NONE', #1928, #2234, #2346, .T. ) ;
#1051 = CARTESIAN_POINT ( 'NONE',  ( -9.484308051596812561, 23.22095821616568401, 8.936522511527810408 ) ) ;
#1052 = ORIENTED_EDGE ( 'NONE', *, *, #1580, .T. ) ;
#1053 = CARTESIAN_POINT ( 'NONE',  ( -13.52770376005342534, 23.85592307271507551, 2.172965444824884074 ) ) ;
#1054 = CC_DESIGN_PERSON_AND_ORGANIZATION_ASSIGNMENT ( #2120, #1935, ( #369 ) ) ;
#1055 = CYLINDRICAL_SURFACE ( 'NONE', #1866, 17.00000000000000000 ) ;
#1056 = VERTEX_POINT ( 'NONE', #2367 ) ;
#1057 = CYLINDRICAL_SURFACE ( 'NONE', #389, 17.00000000000000000 ) ;
#1058 = CARTESIAN_POINT ( 'NONE',  ( 4.769133416170983075, 25.67056685456625686, 14.29792042595637191 ) ) ;
#1059 = DIRECTION ( 'NONE',  ( -0.6613510440485995678, 0.000000000000000000, 0.7500765271196181416 ) ) ;
#1060 = CIRCLE ( 'NONE', #637, 17.00000000000000000 ) ;
#1061 = AXIS2_PLACEMENT_3D ( 'NONE', #1717, #42, #2260 ) ;
#1062 = CARTESIAN_POINT ( 'NONE',  ( -9.228639663710065832, 23.25915098350249011, 9.315258075264969406 ) ) ;
#1063 = APPROVAL_STATUS ( 'not_yet_approved' ) ;
#1064 = VERTEX_POINT ( 'NONE', #1416 ) ;
#1065 = DIRECTION ( 'NONE',  ( 0.000000000000000000, -0.9119535691629466756, -0.4102934165825266044 ) ) ;
#1066 = CARTESIAN_POINT ( 'NONE',  ( -9.918650411990109106, 23.00534115445505279, 9.851475158693329348 ) ) ;
#1067 = B_SPLINE_CURVE_WITH_KNOTS ( 'NONE', 3,
 ( #2099, #1003, #472, #1388, #1744, #2123, #823, #848, #645, #1211, #2111, #460, #1925, #670, #1938, #285, #1030, #1769, #1584, #981, #2310, #1223, #1718, #2186, #1273, #1239, #327, #1619, #1489, #46 ),
 .UNSPECIFIED., .F., .F.,
 ( 4, 2, 2, 2, 2, 2, 2, 2, 2, 2, 2, 2, 2, 2, 4 ),
 ( 4.692904466226152393E-07, 0.001554887194226841447, 0.002332096146116951086, 0.003109305098007060075, 0.004663723001787278485, 0.005440931953677384005, 0.006218140905567488656, 0.006995349857457594175, 0.007772558809347699695, 0.008549767761237805214, 0.009326976713127909865, 0.01010418566501801625, 0.01088139461690812090, 0.01165860356879822556, 0.01243581252068833021 ),
 .UNSPECIFIED. ) ;
#1068 = ORIENTED_EDGE ( 'NONE', *, *, #1230, .T. ) ;
#1069 = CARTESIAN_POINT ( 'NONE',  ( -10.84668333801254292, 23.21357210105189850, 6.589214669415155434 ) ) ;
#1070 = CARTESIAN_POINT ( 'NONE',  ( 8.309807564441394234, 21.76457578779517377, 14.72032423512503385 ) ) ;
#1071 = CARTESIAN_POINT ( 'NONE',  ( -9.282887179505395991, 23.47422799668999716, 8.860356536842342479 ) ) ;
#1072 = LINE ( 'NONE', #1614, #265 ) ;
#1073 = EDGE_CURVE ( 'NONE', #772, #1213, #2184, .T. ) ;
#1074 =( NAMED_UNIT ( * ) SI_UNIT ( $, .STERADIAN. ) SOLID_ANGLE_UNIT ( ) );
#1075 = CARTESIAN_POINT ( 'NONE',  ( -8.657163509485888753, 23.15047813900411811, 11.79286578650274997 ) ) ;
#1076 = CARTESIAN_POINT ( 'NONE',  ( -8.500842423023216909, 25.35842771561348385, 7.052835210436404267 ) ) ;
#1077 = ORIENTED_EDGE ( 'NONE', *, *, #397, .F. ) ;
#1078 = CARTESIAN_POINT ( 'NONE',  ( -11.12056805730269637, 24.75255109144944399, 3.532119013723535428 ) ) ;
#1079 = CARTESIAN_POINT ( 'NONE',  ( -12.29287086354693770, 24.50976797846660560, 3.214476721905128898 ) ) ;
#1080 = EDGE_CURVE ( 'NONE', #1213, #104, #1072, .T. ) ;
#1081 = CARTESIAN_POINT ( 'NONE',  ( -10.63685308564842735, 22.22281294692030329, 8.615342609109399419 ) ) ;
#1082 = CARTESIAN_POINT ( 'NONE',  ( -9.524048846553110792, 22.18173767312644884, 10.61170858428242880 ) ) ;
#1083 = CARTESIAN_POINT ( 'NONE',  ( -7.025612398367083955, 25.36863138639739645, 9.590884773209037206 ) ) ;
#1084 = EDGE_CURVE ( 'NONE', #315, #1940, #536, .T. ) ;
#1085 = CARTESIAN_POINT ( 'NONE',  ( -10.56855149470603017, 22.78420314428375093, 9.096927109083337015 ) ) ;
#1086 = LINE ( 'NONE', #1281, #1442 ) ;
#1087 = CARTESIAN_POINT ( 'NONE',  ( -8.757518278159379221, 25.64841552183010265, 7.427009555112070061 ) ) ;
#1088 = ORIENTED_EDGE ( 'NONE', *, *, #877, .T. ) ;
#1089 = CARTESIAN_POINT ( 'NONE',  ( -10.76097353338531804, 24.13315292510383614, 6.499835834469229745 ) ) ;
#1090 = DIRECTION ( 'NONE',  ( 0.000000000000000000, 0.7071067811865507924, 0.7071067811865441310 ) ) ;
#1091 = CARTESIAN_POINT ( 'NONE',  ( -11.15928201350514115, 22.25680413923381096, 7.653425168850794158 ) ) ;
#1092 = CARTESIAN_POINT ( 'NONE',  ( -9.567169152568293811, 22.20554248529915142, 10.49707280519755059 ) ) ;
#1093 = CARTESIAN_POINT ( 'NONE',  ( -8.865231167093176268, 23.64061678262645572, 9.304524432604328155 ) ) ;
#1094 = CARTESIAN_POINT ( 'NONE',  ( -9.941411196367205605, 25.28909908708349619, 4.674044156466417910 ) ) ;
#1095 = CARTESIAN_POINT ( 'NONE',  ( -8.095185314679726574, 23.11028521242523937, 11.52828502305718139 ) ) ;
#1096 = CARTESIAN_POINT ( 'NONE',  ( -7.931347801743777737, 24.08142742296844929, 10.18228977827299353 ) ) ;
#1097 = VERTEX_POINT ( 'NONE', #2006 ) ;
#1098 = CARTESIAN_POINT ( 'NONE',  ( -11.27973748679822918, 22.48645285737998378, 8.364801148996091840 ) ) ;
#1099 = LINE ( 'NONE', #1645, #1608 ) ;
#1100 = EDGE_CURVE ( 'NONE', #1110, #2234, #2357, .T. ) ;
#1101 = CARTESIAN_POINT ( 'NONE',  ( -9.716598203990654881, 23.66478436115918882, 9.094762745674302096 ) ) ;
#1102 = B_SPLINE_SURFACE_WITH_KNOTS ( 'NONE', 3, 1, ( 
 ( #1590, #1406 ),
 ( #1613, #2341 ),
 ( #1256, #1982 ),
 ( #1071, #1805 ),
 ( #2365, #1101 ),
 ( #722, #201 ),
 ( #1452, #360 ),
 ( #1294, #2182 ),
 ( #190, #897 ),
 ( #1660, #1268 ),
 ( #163, #732 ),
 ( #1499, #1636 ),
 ( #2384, #2191 ),
 ( #2375, #1278 ),
 ( #945, #1834 ),
 ( #532, #525 ),
 ( #1672, #765 ),
 ( #2004, #2024 ),
 ( #1286, #1461 ),
 ( #548, #1858 ),
 ( #1081, #1992 ),
 ( #2012, #910 ),
 ( #1686, #20 ),
 ( #8, #390 ),
 ( #932, #739 ),
 ( #173, #919 ),
 ( #753, #1473 ) ),
 .UNSPECIFIED., .F., .F., .F.,
 ( 4, 1, 1, 1, 1, 1, 1, 1, 1, 1, 1, 1, 1, 1, 1, 1, 1, 1, 1, 1, 1, 1, 1, 1, 4 ),
 ( 2, 2 ),
 ( 0.000000000000000000, 0.06767598791693626992, 0.1314058836117490692, 0.1916331965490327693, 0.2479542983103588949, 0.3009512595610890906, 0.3504641882187810031, 0.3964782250785185980, 0.4395921636102749219, 0.4803145896744697163, 0.5191666765278275530, 0.5565483186661607240, 0.5923540554502068067, 0.6267371605845014626, 0.6601496280591095944, 0.6925940726125773272, 0.7245923051313789554, 0.7564023548164032773, 0.7881340805348324707, 0.8209693996596837406, 0.8543960500004998959, 0.8888067149055467464, 0.9241863098459973669, 0.9615341243503336965, 0.9999999999999998890 ),
 ( 0.000000000000000000, 1.000000000000000000 ),
 .UNSPECIFIED. ) ;
#1103 = CIRCLE ( 'NONE', #372, 20.51814982705237256 ) ;
#1104 = CARTESIAN_POINT ( 'NONE',  ( 7.969119151162636250, 27.68120906041167473, -9.592021772065228546 ) ) ;
#1105 = ORIENTED_EDGE ( 'NONE', *, *, #296, .T. ) ;
#1106 = FACE_OUTER_BOUND ( 'NONE', #1366, .T. ) ;
#1107 = CARTESIAN_POINT ( 'NONE',  ( -10.33263825195380470, 23.94225646110929873, 6.256689320312366576 ) ) ;
#1108 = CARTESIAN_POINT ( 'NONE',  ( -8.325456535401416502, 22.82908433416085003, 11.60135467572300705 ) ) ;
#1109 = CARTESIAN_POINT ( 'NONE',  ( -8.705793893014922347, 25.59557464555907913, 7.605276337752741256 ) ) ;
#1110 = VERTEX_POINT ( 'NONE', #1806 ) ;
#1111 = CARTESIAN_POINT ( 'NONE',  ( -11.43831049465935834, 22.52680062129258687, 8.022433055035834926 ) ) ;
#1112 = CARTESIAN_POINT ( 'NONE',  ( 0.000000000000000000, 106.0000000000000000, 0.000000000000000000 ) ) ;
#1113 = CARTESIAN_POINT ( 'NONE',  ( -11.15935104335903638, 22.59461762209736335, 7.086387267881573138 ) ) ;
#1114 = DIRECTION ( 'NONE',  ( 2.664535259100375303E-15, 0.000000000000000000, -1.000000000000000000 ) ) ;
#1115 = ORIENTED_EDGE ( 'NONE', *, *, #1073, .T. ) ;
#1116 = CARTESIAN_POINT ( 'NONE',  ( -11.86661439126458362, 25.16425874589789657, 2.854408665832166125 ) ) ;
#1117 = VECTOR ( 'NONE', #1984, 1000.000000000000000 ) ;
#1118 = CARTESIAN_POINT ( 'NONE',  ( -9.782406231436148403, 24.60967112684054925, 6.089664336085486518 ) ) ;
#1119 = CIRCLE ( 'NONE', #72, 11.66666666666666785 ) ;
#1120 = CARTESIAN_POINT ( 'NONE',  ( -8.968308651690062305, 25.26888833115053146, 6.393424880520174547 ) ) ;
#1121 = CARTESIAN_POINT ( 'NONE',  ( -8.023317778444241100, 23.21022313289329730, 11.48504750282108766 ) ) ;
#1122 = B_SPLINE_SURFACE_WITH_KNOTS ( 'NONE', 3, 1, ( 
 ( #1776, #856 ),
 ( #1374, #1407 ),
 ( #2317, #1920 ),
 ( #255, #492 ),
 ( #1363, #998 ),
 ( #1218, #1737 ),
 ( #629, #1578 ),
 ( #456, #868 ),
 ( #124, #73 ),
 ( #1013, #819 ),
 ( #2128, #1566 ),
 ( #1750, #480 ),
 ( #1946, #297 ),
 ( #2281, #2118 ),
 ( #1234, #279 ),
 ( #2269, #110 ),
 ( #1180, #2105 ),
 ( #2295, #1959 ),
 ( #1037, #641 ) ),
 .UNSPECIFIED., .F., .F., .F.,
 ( 4, 1, 1, 1, 1, 1, 1, 1, 1, 1, 1, 1, 1, 1, 1, 1, 4 ),
 ( 2, 2 ),
 ( 0.000000000000000000, 0.06342593545459833393, 0.1252312128006798086, 0.1857009230966487068, 0.2455394141066228053, 0.3055237297555803977, 0.3658278969795349944, 0.4279111838660738520, 0.4915394396361362217, 0.5555717301713224421, 0.6181254691545959856, 0.6802033433744377744, 0.7418616530116669550, 0.8042580712067339821, 0.8675089357849796734, 0.9324375552376595877, 1.000000000000000000 ),
 ( 0.000000000000000000, 1.000000000000000000 ),
 .UNSPECIFIED. ) ;
#1123 = EDGE_LOOP ( 'NONE', ( #704, #2320, #424, #1490 ) ) ;
#1124 = LINE ( 'NONE', #1856, #815 ) ;
#1125 = CARTESIAN_POINT ( 'NONE',  ( -11.90507124768675062, 24.25618964992457194, 3.006313034306733911 ) ) ;
#1126 = B_SPLINE_CURVE_WITH_KNOTS ( 'NONE', 3,
 ( #1883, #2067, #1891, #1337, #407, #1479, #1514, #1712, #2255, #614, #1349 ),
 .UNSPECIFIED., .F., .F.,
 ( 4, 1, 1, 1, 1, 1, 1, 1, 4 ),
 ( 0.000000000000000000, 0.1309859945199969289, 0.2562688963971114786, 0.3775828340229711033, 0.4974738552373556000, 0.6175823026789744041, 0.7405754599003923078, 0.8670178828007791827, 1.000000000000000000 ),
 .UNSPECIFIED. ) ;
#1127 = CARTESIAN_POINT ( 'NONE',  ( -11.19421383807229553, 22.41940576068136792, 7.320043552728415115 ) ) ;
#1128 = DIRECTION ( 'NONE',  ( 0.000000000000000000, 1.000000000000000000, 0.000000000000000000 ) ) ;
#1129 = ORIENTED_EDGE ( 'NONE', *, *, #1231, .T. ) ;
#1130 = CARTESIAN_POINT ( 'NONE',  ( -11.79452510121309317, 24.39956132774573661, 2.957178332618039640 ) ) ;
#1131 = DIRECTION ( 'NONE',  ( -0.000000000000000000, 0.000000000000000000, 1.000000000000000000 ) ) ;
#1132 = CARTESIAN_POINT ( 'NONE',  ( -9.739584175534506727, 22.48569777556078364, 11.03369211330238286 ) ) ;
#1133 = CARTESIAN_POINT ( 'NONE',  ( -8.344464293108792674, 25.05303215474047818, 7.836204681624148627 ) ) ;
#1134 = ORIENTED_EDGE ( 'NONE', *, *, #1230, .F. ) ;
#1135 = CARTESIAN_POINT ( 'NONE',  ( -9.941411196367205605, 25.28909908708349619, 4.674044156466417910 ) ) ;
#1136 = AXIS2_PLACEMENT_3D ( 'NONE', #235, #412, #29 ) ;
#1137 = LINE ( 'NONE', #2048, #1833 ) ;
#1138 = AXIS2_PLACEMENT_3D ( 'NONE', #999, #1417, #1026 ) ;
#1139 = CARTESIAN_POINT ( 'NONE',  ( -10.98281117724840605, 22.16675336492614079, 8.110204766319174752 ) ) ;
#1140 = CARTESIAN_POINT ( 'NONE',  ( 6.627708674481997519, 20.45584412271570685, -15.65482282640708078 ) ) ;
#1141 = ORIENTED_EDGE ( 'NONE', *, *, #147, .T. ) ;
#1142 = CARTESIAN_POINT ( 'NONE',  ( -11.54331051443351264, 25.22155357019688893, 2.012827985580053713 ) ) ;
#1143 = DIRECTION ( 'NONE',  ( -0.000000000000000000, -1.000000000000000000, -0.000000000000000000 ) ) ;
#1144 = CARTESIAN_POINT ( 'NONE',  ( -8.337506906183971722, 25.10857816487173011, 7.755037956036859192 ) ) ;
#1145 = ADVANCED_FACE ( 'NONE', ( #1650 ), #1463, .T. ) ;
#1146 = PERSON_AND_ORGANIZATION ( #18446744073709551615, #18446744073709551615 ) ;
#1147 = ORIENTED_EDGE ( 'NONE', *, *, #1510, .F. ) ;
#1148 = CARTESIAN_POINT ( 'NONE',  ( -9.339228445064575723, 23.11736047350401790, 9.361665416500168035 ) ) ;
#1149 = CARTESIAN_POINT ( 'NONE',  ( -9.460801352772907791, 22.93680845855978845, 9.454097221821454511 ) ) ;
#1150 = CARTESIAN_POINT ( 'NONE',  ( -12.25535227828393481, 23.89745397271098426, 3.001638441264933288 ) ) ;
#1151 = CARTESIAN_POINT ( 'NONE',  ( -11.30825352603632972, 23.31989130549234446, 6.916734131365037008 ) ) ;
#1152 = ADVANCED_FACE ( 'NONE', ( #1300 ), #540, .T. ) ;
#1153 = CARTESIAN_POINT ( 'NONE',  ( -9.445577216593965986, 23.71208445011485111, 9.484805891368125685 ) ) ;
#1154 = VERTEX_POINT ( 'NONE', #2053 ) ;
#1155 = CARTESIAN_POINT ( 'NONE',  ( -11.57470282490320734, 25.23912754293243665, 1.928962280798067086 ) ) ;
#1156 = CARTESIAN_POINT ( 'NONE',  ( -9.199393862290168755, 22.20009253018978512, 11.14322440437206829 ) ) ;
#1157 = CARTESIAN_POINT ( 'NONE',  ( -10.93026860631772657, 22.16419379540407419, 8.205506636415316635 ) ) ;
#1158 = SHAPE_DEFINITION_REPRESENTATION ( #1666, #108 ) ;
#1159 = DIRECTION ( 'NONE',  ( 0.000000000000000000, -0.7660444431189821213, -0.6427876096865343669 ) ) ;
#1160 = ORIENTED_EDGE ( 'NONE', *, *, #1080, .F. ) ;
#1161 = CARTESIAN_POINT ( 'NONE',  ( -9.586943437905636856, 22.68394734961178472, 9.659964047913586427 ) ) ;
#1162 = CARTESIAN_POINT ( 'NONE',  ( -9.407877201450034477, 22.16430397071751557, 10.84218100252263994 ) ) ;
#1163 = CARTESIAN_POINT ( 'NONE',  ( -12.50340817544212513, 23.72030234566837237, 2.869288754097627514 ) ) ;
#1164 = CARTESIAN_POINT ( 'NONE',  ( -10.84668333801254292, 23.21357210105189850, 6.589214669415155434 ) ) ;
#1165 =( BOUNDED_CURVE ( )  B_SPLINE_CURVE ( 3, ( #2084, #1568, #2258, #1517 ),
 .UNSPECIFIED., .F., .F. ) 
 B_SPLINE_CURVE_WITH_KNOTS ( ( 4, 4 ),
 ( 5.882700084484965508, 6.283185307179586232 ),
 .UNSPECIFIED. ) 
 CURVE ( )  GEOMETRIC_REPRESENTATION_ITEM ( )  RATIONAL_B_SPLINE_CURVE ( ( 1.000000000000000000, 0.9866788997094744218, 0.9866788997094744218, 1.000000000000000000 ) ) 
 REPRESENTATION_ITEM ( '' )  );
#1166 = LINE ( 'NONE', #625, #1759 ) ;
#1167 = EDGE_LOOP ( 'NONE', ( #79, #1954, #2066, #979 ) ) ;
#1168 = CARTESIAN_POINT ( 'NONE',  ( -11.82188909961081968, 25.46938755660258380, 2.419808198312142000 ) ) ;
#1169 = CARTESIAN_POINT ( 'NONE',  ( -8.584234837503654347, 22.58061863095021238, 11.57011246843403285 ) ) ;
#1170 = CARTESIAN_POINT ( 'NONE',  ( -9.309027582539354029, 23.85254536228349309, 9.485595396114632649 ) ) ;
#1171 = AXIS2_PLACEMENT_3D ( 'NONE', #217, #1477, #2253 ) ;
#1172 = ORIENTED_EDGE ( 'NONE', *, *, #1181, .T. ) ;
#1173 = CARTESIAN_POINT ( 'NONE',  ( -9.470836399175857068, 22.16760104040420032, 10.72759933334160287 ) ) ;
#1174 = CARTESIAN_POINT ( 'NONE',  ( -8.805972452823450425, 27.18851298158921992, -10.00544287008763256 ) ) ;
#1175 = CARTESIAN_POINT ( 'NONE',  ( -12.54533129695176363, 22.24276403828313065, 5.276279475185558177 ) ) ;
#1176 = CARTESIAN_POINT ( 'NONE',  ( -11.52715788963416088, 22.69160790769573310, 7.591965386346926969 ) ) ;
#1177 = EDGE_CURVE ( 'NONE', #171, #790, #1527, .T. ) ;
#1178 = CARTESIAN_POINT ( 'NONE',  ( -8.425811304074905195, 25.32702171698683458, 7.235498444332327139 ) ) ;
#1179 = ORIENTED_EDGE ( 'NONE', *, *, #1301, .F. ) ;
#1180 = CARTESIAN_POINT ( 'NONE',  ( -8.023317778444237547, 23.21022313289329375, 11.48504750282108589 ) ) ;
#1181 = EDGE_CURVE ( 'NONE', #1354, #1287, #1126, .T. ) ;
#1182 = CARTESIAN_POINT ( 'NONE',  ( -8.567165740904579607, 24.51051178933049002, 8.360931736166078210 ) ) ;
#1183 = CARTESIAN_POINT ( 'NONE',  ( -9.282887179505395991, 23.47422799668999716, 8.860356536842342479 ) ) ;
#1184 = EDGE_LOOP ( 'NONE', ( #2335, #140, #1484, #2167, #2297, #1582, #1524 ) ) ;
#1185 = CARTESIAN_POINT ( 'NONE',  ( -9.644596354651978842, 22.45557746698673540, 9.943356435469741683 ) ) ;
#1186 = CARTESIAN_POINT ( 'NONE',  ( -9.775738634186742715, 23.29956336460346122, -13.26865905936736745 ) ) ;
#1187 = CARTESIAN_POINT ( 'NONE',  ( -11.84846663477020101, 24.32675412793172853, 2.985933844880900079 ) ) ;
#1188 = EDGE_LOOP ( 'NONE', ( #2290, #1536, #668, #1676, #2154 ) ) ;
#1189 = LINE ( 'NONE', #1880, #1202 ) ;
#1190 = EDGE_CURVE ( 'NONE', #694, #1275, #1985, .T. ) ;
#1191 = LINE ( 'NONE', #1889, #1977 ) ;
#1192 = ORIENTED_EDGE ( 'NONE', *, *, #367, .T. ) ;
#1193 = DIRECTION ( 'NONE',  ( 0.000000000000000000, 0.000000000000000000, -1.000000000000000000 ) ) ;
#1194 = CARTESIAN_POINT ( 'NONE',  ( -9.752868438530367001, 25.28057909206004084, 6.320315331134884751 ) ) ;
#1195 = PRODUCT_DEFINITION_FORMATION_WITH_SPECIFIED_SOURCE ( 'Symmetrisch', '', #369, .NOT_KNOWN. ) ;
#1196 = EDGE_LOOP ( 'NONE', ( #2051, #28, #1818, #969 ) ) ;
#1197 = CARTESIAN_POINT ( 'NONE',  ( -16.94457428421593548, 21.46380872209313040, 0.2692166327722762542 ) ) ;
#1198 = LINE ( 'NONE', #993, #1597 ) ;
#1199 = CARTESIAN_POINT ( 'NONE',  ( -9.976303328736449316, 22.77697127183000347, 10.13486754624948460 ) ) ;
#1200 = VERTEX_POINT ( 'NONE', #1600 ) ;
#1201 = CARTESIAN_POINT ( 'NONE',  ( -4.775858954470885820, 25.65859853924942513, 14.30635666984930054 ) ) ;
#1202 = VECTOR ( 'NONE', #1534, 1000.000000000000114 ) ;
#1203 = CARTESIAN_POINT ( 'NONE',  ( -8.374086918930448320, 25.27418084071581106, 7.413765226972997446 ) ) ;
#1204 = DIRECTION ( 'NONE',  ( -0.6634139481689453888, 0.6427876096865345890, 0.3830222215594849544 ) ) ;
#1205 = B_SPLINE_CURVE_WITH_KNOTS ( 'NONE', 3,
 ( #194, #371, #1107, #926, #758, #1667, #1118, #1851, #1679, #14, #2219 ),
 .UNSPECIFIED., .F., .F.,
 ( 4, 1, 1, 1, 1, 1, 1, 1, 4 ),
 ( 0.000000000000000000, 0.1608970019354876158, 0.3104057397686574293, 0.4493147563263212851, 0.5773654380991076751, 0.6960117402747756365, 0.8053868608960021991, 0.9060533543798418021, 1.000000000000000000 ),
 .UNSPECIFIED. ) ;
#1206 = CARTESIAN_POINT ( 'NONE',  ( -8.167397265516383342, 23.01343080235771055, 11.56575125482550881 ) ) ;
#1207 = LINE ( 'NONE', #1553, #206 ) ;
#1208 = CARTESIAN_POINT ( 'NONE',  ( -9.760647516570235993, 22.90430324648770366, 8.989298654591966198 ) ) ;
#1209 = ORIENTED_EDGE ( 'NONE', *, *, #624, .F. ) ;
#1210 = CARTESIAN_POINT ( 'NONE',  ( -15.70260726375606630, 24.47447657198630466, -2.632133951351539825 ) ) ;
#1211 = CARTESIAN_POINT ( 'NONE',  ( 16.37886513666005328, 23.29956336460345412, -1.831708468278946622 ) ) ;
#1212 = CARTESIAN_POINT ( 'NONE',  ( -9.739584175534506727, 22.48569777556078364, 11.03369211330238286 ) ) ;
#1213 = VERTEX_POINT ( 'NONE', #317 ) ;
#1214 = CARTESIAN_POINT ( 'NONE',  ( -6.419881988179768406, 23.49033990477291667, 15.09759528762432268 ) ) ;
#1215 = CARTESIAN_POINT ( 'NONE',  ( -12.70960835520005716, 24.12369707863516055, 3.140570112256757085 ) ) ;
#1216 = CARTESIAN_POINT ( 'NONE',  ( -9.061691555718349278, 24.09080622186720788, 9.514144762309445724 ) ) ;
#1217 = CARTESIAN_POINT ( 'NONE',  ( -11.91922220281463218, 25.04897821433015892, 2.956752966393329629 ) ) ;
#1218 = CARTESIAN_POINT ( 'NONE',  ( -7.807761764675785976, 24.01388765097068756, 10.50969226912703647 ) ) ;
#1219 = CARTESIAN_POINT ( 'NONE',  ( -9.199775482906105140, 25.63682939907645775, 6.680441429136052101 ) ) ;
#1220 = CALENDAR_DATE ( 2026, 4, 4 ) ;
#1221 = ORIENTED_EDGE ( 'NONE', *, *, #295, .F. ) ;
#1222 = DIRECTION ( 'NONE',  ( -0.6634139481689453888, 0.6427876096865345890, 0.3830222215594849544 ) ) ;
#1223 = CARTESIAN_POINT ( 'NONE',  ( 13.65779222825906380, 26.73803702569635377, -2.889115901500860506 ) ) ;
#1224 = CARTESIAN_POINT ( 'NONE',  ( -9.538388504331921425, 24.85722396018666203, 6.096872455062233520 ) ) ;
#1225 = TOROIDAL_SURFACE ( 'NONE', #686, 9.000000000000001776, 8.000000000000000000 ) ;
#1226 = VERTEX_POINT ( 'NONE', #1228 ) ;
#1227 = CARTESIAN_POINT ( 'NONE',  ( -4.429912530372899226, 26.40233341917613785, 13.65741812620342799 ) ) ;
#1228 = CARTESIAN_POINT ( 'NONE',  ( -7.990339945979864744, 24.08482375136186704, 10.07441267140411512 ) ) ;
#1229 = CARTESIAN_POINT ( 'NONE',  ( -8.426892288764198824, 23.43167901726850744, 11.71979613383692609 ) ) ;
#1230 = EDGE_CURVE ( 'NONE', #1555, #2046, #2328, .T. ) ;
#1231 = EDGE_CURVE ( 'NONE', #442, #1200, #2353, .T. ) ;
#1232 = EDGE_CURVE ( 'NONE', #510, #247, #305, .T. ) ;
#1233 = CC_DESIGN_PERSON_AND_ORGANIZATION_ASSIGNMENT ( #2057, #782, ( #2035 ) ) ;
#1234 = CARTESIAN_POINT ( 'NONE',  ( -7.906839540718597625, 23.40032891314295682, 11.36775834835363597 ) ) ;
#1235 = CARTESIAN_POINT ( 'NONE',  ( -9.103520385116400604, 25.66875229898371558, 6.793587161918782868 ) ) ;
#1236 = APPROVAL_ROLE ( '' ) ;
#1237 = ORIENTED_EDGE ( 'NONE', *, *, #2327, .F. ) ;
#1238 = CARTESIAN_POINT ( 'NONE',  ( -8.969647017424732027, 25.26975382108850710, 6.389654298493142370 ) ) ;
#1239 = CARTESIAN_POINT ( 'NONE',  ( 12.49027712998412021, 27.55830320062099403, -2.243490522377784124 ) ) ;
#1240 = CARTESIAN_POINT ( 'NONE',  ( -9.883996092587260307, 23.08715160354742935, 9.774203965281037298 ) ) ;
#1241 = ORIENTED_EDGE ( 'NONE', *, *, #877, .F. ) ;
#1242 = CARTESIAN_POINT ( 'NONE',  ( -10.91519479448068530, 23.10193366423848360, 6.657900888222449076 ) ) ;
#1243 = CARTESIAN_POINT ( 'NONE',  ( 4.496494265584836114, 26.23131244691861141, 13.82910244744969752 ) ) ;
#1244 = CIRCLE ( 'NONE', #385, 20.51814982705234769 ) ;
#1245 = CARTESIAN_POINT ( 'NONE',  ( -8.700525903413208084, 24.29159340233377407, 8.497333834569220201 ) ) ;
#1246 = CARTESIAN_POINT ( 'NONE',  ( -12.54533129695176363, 22.24276403828313065, 5.276279475185558177 ) ) ;
#1247 = CARTESIAN_POINT ( 'NONE',  ( -8.655564117993010953, 23.83918114416277234, 9.334447849258747709 ) ) ;
#1248 = CARTESIAN_POINT ( 'NONE',  ( -9.712787916754738404, 25.31351311301612483, 6.334466981569277344 ) ) ;
#1249 = APPLICATION_PROTOCOL_DEFINITION ( 'international standard', 'config_control_design', 1994, #122 ) ;
#1250 = ORIENTED_EDGE ( 'NONE', *, *, #1902, .F. ) ;
#1251 = DIRECTION ( 'NONE',  ( 0.7010502559567932668, 0.3550228398267101237, 0.6184555940601498270 ) ) ;
#1252 = CARTESIAN_POINT ( 'NONE',  ( -9.870095478416395451, 25.17861776502993010, 6.288383565841975553 ) ) ;
#1253 = ORIENTED_EDGE ( 'NONE', *, *, #498, .F. ) ;
#1254 = CARTESIAN_POINT ( 'NONE',  ( -4.326848348952275991, 26.73803702569637508, 13.27255298003243489 ) ) ;
#1255 = CARTESIAN_POINT ( 'NONE',  ( -8.095185314679726574, 23.11028521242523937, 11.52828502305718139 ) ) ;
#1256 = CARTESIAN_POINT ( 'NONE',  ( -9.176739154872539217, 23.61355636251552426, 8.810389547876082972 ) ) ;
#1257 = AXIS2_PLACEMENT_3D ( 'NONE', #65, #2299, #2287 ) ;
#1258 = EDGE_CURVE ( 'NONE', #1423, #1882, #1103, .T. ) ;
#1259 = VECTOR ( 'NONE', #1222, 1000.000000000000000 ) ;
#1260 = FACE_OUTER_BOUND ( 'NONE', #1188, .T. ) ;
#1261 = CARTESIAN_POINT ( 'NONE',  ( -10.44487329736359627, 22.31825966341979139, 8.787682747221495561 ) ) ;
#1262 = EDGE_CURVE ( 'NONE', #521, #171, #179, .T. ) ;
#1263 = DIRECTION ( 'NONE',  ( -0.7250248381928129371, -0.6787686770864179708, -0.1166707633035772573 ) ) ;
#1264 = CARTESIAN_POINT ( 'NONE',  ( -13.69560737979078979, 22.23789197315144506, 3.292119153087159855 ) ) ;
#1265 = ORIENTED_EDGE ( 'NONE', *, *, #1784, .T. ) ;
#1266 = DIRECTION ( 'NONE',  ( -0.6634139481689453888, 0.6427876096865345890, 0.3830222215594849544 ) ) ;
#1267 = CARTESIAN_POINT ( 'NONE',  ( 9.864059069517855605, 20.67681846559963077, 13.85375519632152042 ) ) ;
#1268 = CARTESIAN_POINT ( 'NONE',  ( -10.17788315917560915, 23.13663408959192580, 9.182135162683291441 ) ) ;
#1269 = EDGE_CURVE ( 'NONE', #1861, #1064, #1723, .T. ) ;
#1270 = CARTESIAN_POINT ( 'NONE',  ( -11.69897828744723611, 24.53722410320639469, 2.891644700330065376 ) ) ;
#1271 = CARTESIAN_POINT ( 'NONE',  ( -8.977320608454881778, 23.53115155744022502, 9.294084285334887952 ) ) ;
#1272 = CARTESIAN_POINT ( 'NONE',  ( -9.718053984672565093, 22.48641179486224573, 11.06978523110689494 ) ) ;
#1273 = CARTESIAN_POINT ( 'NONE',  ( 12.87425545560619078, 27.32006904636526201, -2.508756109420797742 ) ) ;
#1274 = CARTESIAN_POINT ( 'NONE',  ( -8.460782240644920904, 25.34498185401495363, 7.144786316692404604 ) ) ;
#1275 = VERTEX_POINT ( 'NONE', #1537 ) ;
#1276 = CARTESIAN_POINT ( 'NONE',  ( -9.989156591253928852, 25.06132587977186432, 6.279002824521954018 ) ) ;
#1277 = CARTESIAN_POINT ( 'NONE',  ( -12.40852228629580978, 24.38387150274909132, 3.225441954418642343 ) ) ;
#1278 = CARTESIAN_POINT ( 'NONE',  ( -10.49498531173471960, 22.84335445186205504, 9.125079794963335544 ) ) ;
#1279 = CARTESIAN_POINT ( 'NONE',  ( -11.53490741718010959, 24.84286494105462850, 2.662897555052423204 ) ) ;
#1280 = CARTESIAN_POINT ( 'NONE',  ( -9.407877201450034477, 22.16430397071751557, 10.84218100252263994 ) ) ;
#1281 = CARTESIAN_POINT ( 'NONE',  ( -7.990339945979864744, 24.08482375136186704, 10.07441267140411512 ) ) ;
#1282 = CARTESIAN_POINT ( 'NONE',  ( -12.50359147012849981, 22.56006723169712558, 6.121484280144744439 ) ) ;
#1283 = ORIENTED_EDGE ( 'NONE', *, *, #1682, .T. ) ;
#1284 = CARTESIAN_POINT ( 'NONE',  ( -11.46789170652834855, 22.54975629757343825, 7.932672694127899327 ) ) ;
#1285 = LINE ( 'NONE', #560, #490 ) ;
#1286 = CARTESIAN_POINT ( 'NONE',  ( -10.51018709818877461, 22.28148056304713265, 8.736278584872307462 ) ) ;
#1287 = VERTEX_POINT ( 'NONE', #1773 ) ;
#1288 = CARTESIAN_POINT ( 'NONE',  ( -11.26197558040219882, 22.48558760024734227, 8.397017747195059556 ) ) ;
#1289 = CARTESIAN_POINT ( 'NONE',  ( -9.739584175534506727, 22.48569777556078364, 11.03369211330238286 ) ) ;
#1290 = DIRECTION ( 'NONE',  ( 0.2615539561884034914, 0.6788098938840333441, -0.6861535221561878561 ) ) ;
#1291 = ORIENTED_EDGE ( 'NONE', *, *, #1893, .T. ) ;
#1292 = CARTESIAN_POINT ( 'NONE',  ( -10.81106025203242638, 24.06551039079128174, 6.526600744175152791 ) ) ;
#1293 = CARTESIAN_POINT ( 'NONE',  ( -12.01895892453474701, 24.12421801200730442, 3.030528497054466364 ) ) ;
#1294 = CARTESIAN_POINT ( 'NONE',  ( -9.671699259937911464, 23.00124406758900264, 8.980675539859532819 ) ) ;
#1295 = CARTESIAN_POINT ( 'NONE',  ( -9.404167458729705942, 23.02619521794039770, 9.402181210077955598 ) ) ;
#1296 = AXIS2_PLACEMENT_3D ( 'NONE', #214, #2236, #774 ) ;
#1297 = CARTESIAN_POINT ( 'NONE',  ( 8.817019604628052676, 27.20375858639244981, -9.992650288720168916 ) ) ;
#1298 = EDGE_CURVE ( 'NONE', #1890, #1789, #106, .T. ) ;
#1299 = ORIENTED_EDGE ( 'NONE', *, *, #1400, .F. ) ;
#1300 = FACE_OUTER_BOUND ( 'NONE', #1167, .T. ) ;
#1301 = EDGE_CURVE ( 'NONE', #2104, #817, #1285, .T. ) ;
#1302 = CARTESIAN_POINT ( 'NONE',  ( -10.70923288803813378, 22.68223299081919819, 9.024386024478959101 ) ) ;
#1303 = DIRECTION ( 'NONE',  ( 0.000000000000000000, 0.000000000000000000, 1.000000000000000000 ) ) ;
#1304 = DIRECTION ( 'NONE',  ( 0.000000000000000000, 0.000000000000000000, -1.000000000000000000 ) ) ;
#1305 = EDGE_LOOP ( 'NONE', ( #551, #809, #762, #254 ) ) ;
#1306 = CARTESIAN_POINT ( 'NONE',  ( -10.66434522603827695, 24.26365026595256680, 6.448200431092108609 ) ) ;
#1307 = CARTESIAN_POINT ( 'NONE',  ( -12.18017360885467149, 24.64814793277499660, 3.177444955660643000 ) ) ;
#1308 = CARTESIAN_POINT ( 'NONE',  ( -10.94803051271375693, 22.16505905253671571, 8.173290038216348918 ) ) ;
#1309 = LOCAL_TIME ( 19, 36, 22.00000000000000000, #482 ) ;
#1310 = CARTESIAN_POINT ( 'NONE',  ( -9.070089795660972953, 23.75848044903225542, 8.751900161535415279 ) ) ;
#1311 = ORIENTED_EDGE ( 'NONE', *, *, #113, .T. ) ;
#1312 = CARTESIAN_POINT ( 'NONE',  ( -12.12623207529756897, 24.72095513258900823, 3.148689443397783894 ) ) ;
#1313 = VECTOR ( 'NONE', #135, 1000.000000000000000 ) ;
#1314 = AXIS2_PLACEMENT_3D ( 'NONE', #500, #1381, #1634 ) ;
#1315 = LINE ( 'NONE', #2044, #308 ) ;
#1316 = CARTESIAN_POINT ( 'NONE',  ( -13.19599678596895309, 23.53452926787180743, 1.981454334045141819 ) ) ;
#1317 = EDGE_LOOP ( 'NONE', ( #1643, #672, #569, #1564, #376 ) ) ;
#1318 = CARTESIAN_POINT ( 'NONE',  ( -14.88348486412857419, 22.56821619298479575, 1.985712424317080282 ) ) ;
#1319 = DIRECTION ( 'NONE',  ( -0.5601187884139204876, -0.7660260829852215680, 0.3153902076032801816 ) ) ;
#1320 = CARTESIAN_POINT ( 'NONE',  ( -11.40274719384635382, 23.13855660645186063, 7.057382055893498318 ) ) ;
#1321 = CARTESIAN_POINT ( 'NONE',  ( 10.13079849991186698, 24.47447657198630466, -12.28278982038711398 ) ) ;
#1322 = ORIENTED_EDGE ( 'NONE', *, *, #1181, .F. ) ;
#1323 = ADVANCED_FACE ( 'NONE', ( #1820 ), #918, .F. ) ;
#1324 = CARTESIAN_POINT ( 'NONE',  ( -12.22776690562628055, 25.61375505782991624, 1.474529782561086355 ) ) ;
#1325 = CARTESIAN_POINT ( 'NONE',  ( -12.17188449604402756, 22.23867342685385751, 5.929973169365001517 ) ) ;
#1326 = CARTESIAN_POINT ( 'NONE',  ( -8.514167871197406257, 24.60749834144500170, 8.289963978974897785 ) ) ;
#1327 = CALENDAR_DATE ( 2026, 4, 4 ) ;
#1328 = ORIENTED_EDGE ( 'NONE', *, *, #295, .T. ) ;
#1329 = PLANE ( 'NONE',  #1061 ) ;
#1330 = CARTESIAN_POINT ( 'NONE',  ( -12.13592687299258266, 24.00465453199706900, 3.028585411426128804 ) ) ;
#1331 = ADVANCED_FACE ( 'NONE', ( #764 ), #1225, .T. ) ;
#1332 =( GEOMETRIC_REPRESENTATION_CONTEXT ( 3 ) GLOBAL_UNCERTAINTY_ASSIGNED_CONTEXT ( ( #1359 ) ) GLOBAL_UNIT_ASSIGNED_CONTEXT ( ( #1395, #517, #1074 ) ) REPRESENTATION_CONTEXT ( 'NONE', 'WORKASPACE' ) );
#1333 = VECTOR ( 'NONE', #519, 1000.000000000000114 ) ;
#1334 = CARTESIAN_POINT ( 'NONE',  ( -11.49105801744351041, 22.91601142694063142, 7.277898378661315171 ) ) ;
#1335 = CARTESIAN_POINT ( 'NONE',  ( 0.000000000000000000, 13.22623703565524877, -21.72118346671607370 ) ) ;
#1336 = VERTEX_POINT ( 'NONE', #1635 ) ;
#1337 = CARTESIAN_POINT ( 'NONE',  ( -9.518336950571848476, 25.46206837806921897, 6.421960598347911109 ) ) ;
#1338 = CARTESIAN_POINT ( 'NONE',  ( -8.953085619315734434, 22.31543011398169440, 11.37628334748545633 ) ) ;
#1339 = CARTESIAN_POINT ( 'NONE',  ( -9.366581191710402265, 24.12857837648368786, 8.922671220055102381 ) ) ;
#1340 = DATE_TIME_ROLE ( 'classification_date' ) ;
#1341 = CARTESIAN_POINT ( 'NONE',  ( 17.00000000000000000, 30.09897322425006294, -7.563276753914808026 ) ) ;
#1342 = ORIENTED_EDGE ( 'NONE', *, *, #2197, .F. ) ;
#1343 = CARTESIAN_POINT ( 'NONE',  ( -12.32130459036727643, 25.29724804837115570, 0.5382723006387551967 ) ) ;
#1344 = CARTESIAN_POINT ( 'NONE',  ( -11.54331051443351441, 25.22155357019689248, 2.012827985580055046 ) ) ;
#1345 = LINE ( 'NONE', #2073, #293 ) ;
#1346 = CARTESIAN_POINT ( 'NONE',  ( -10.47935327794795413, 23.74411658594801366, 6.335089633395409869 ) ) ;
#1347 = CARTESIAN_POINT ( 'NONE',  ( -9.499824045453765464, 23.65193301766380785, 9.491793717202392955 ) ) ;
#1348 = CARTESIAN_POINT ( 'NONE',  ( -8.322046920064336106, 24.40621755620513511, 10.26592378218385981 ) ) ;
#1349 = CARTESIAN_POINT ( 'NONE',  ( -8.929590161613191412, 25.69041001381466316, 7.058497184944557468 ) ) ;
#1350 = DIRECTION ( 'NONE',  ( -0.8067756953177633861, 0.5908578318382006200, 0.000000000000000000 ) ) ;
#1351 = DIRECTION ( 'NONE',  ( -0.4963437702670014939, 0.005016651071143618350, -0.8681115682498237174 ) ) ;
#1352 = ADVANCED_FACE ( 'NONE', ( #1659 ), #188, .T. ) ;
#1353 = LINE ( 'NONE', #783, #2056 ) ;
#1354 = VERTEX_POINT ( 'NONE', #1460 ) ;
#1355 = CARTESIAN_POINT ( 'NONE',  ( -9.979075231436929982, 22.71012400090293326, 10.24224951069887091 ) ) ;
#1356 = CARTESIAN_POINT ( 'NONE',  ( -9.330943879306907718, 26.73803702569636087, -10.38343707853155173 ) ) ;
#1357 = FACE_OUTER_BOUND ( 'NONE', #923, .T. ) ;
#1358 = CARTESIAN_POINT ( 'NONE',  ( -10.51458828218480690, 23.69541193680705149, 6.355796922113873926 ) ) ;
#1359 = UNCERTAINTY_MEASURE_WITH_UNIT (LENGTH_MEASURE( 1.000000000000000082E-05 ), #1395, 'distance_accuracy_value', 'NONE');
#1360 = DIRECTION ( 'NONE',  ( -0.6634139481689453888, 0.6427876096865345890, 0.3830222215594849544 ) ) ;
#1361 = EDGE_LOOP ( 'NONE', ( #558, #1543, #1501, #905 ) ) ;
#1362 = CARTESIAN_POINT ( 'NONE',  ( 5.135010742130920569, 25.07538290603782016, 14.66303957144200254 ) ) ;
#1363 = CARTESIAN_POINT ( 'NONE',  ( -7.839468001670818254, 24.04593553555992003, 10.40099271945720538 ) ) ;
#1364 = CARTESIAN_POINT ( 'NONE',  ( -8.688573031580114403, 25.31409791183386204, 8.107477791615510299 ) ) ;
#1365 = CIRCLE ( 'NONE', #938, 11.66666666666666785 ) ;
#1366 = EDGE_LOOP ( 'NONE', ( #1409, #192, #2254, #2350, #261 ) ) ;
#1367 = CARTESIAN_POINT ( 'NONE',  ( -9.360992990784840373, 23.08680610778720066, 9.375244431516684074 ) ) ;
#1368 = DIRECTION ( 'NONE',  ( 0.6958540455341907238, 0.7181832268395721419, 0.000000000000000000 ) ) ;
#1369 = CARTESIAN_POINT ( 'NONE',  ( -13.09279515061500376, 23.91591304204030877, 2.825574130751112190 ) ) ;
#1370 = AXIS2_PLACEMENT_3D ( 'NONE', #459, #1790, #1743 ) ;
#1371 = CARTESIAN_POINT ( 'NONE',  ( -11.18902460731236914, 22.47220406616711585, 7.240425486737081862 ) ) ;
#1372 = DIRECTION ( 'NONE',  ( 0.000000000000000000, 0.000000000000000000, -1.000000000000000000 ) ) ;
#1373 = ORIENTED_EDGE ( 'NONE', *, *, #2197, .T. ) ;
#1374 = CARTESIAN_POINT ( 'NONE',  ( -7.970506974013257917, 24.08368191651778289, 10.11068061290843367 ) ) ;
#1375 = FACE_BOUND ( 'NONE', #2113, .T. ) ;
#1376 = ORIENTED_EDGE ( 'NONE', *, *, #1231, .F. ) ;
#1377 = LINE ( 'NONE', #847, #2283 ) ;
#1378 = CARTESIAN_POINT ( 'NONE',  ( -9.731814800463082449, 26.22550714569065278, -10.81350071181166861 ) ) ;
#1379 = CARTESIAN_POINT ( 'NONE',  ( -10.18746104464841196, 24.13086876886483267, 6.191614583719990073 ) ) ;
#1380 = ORIENTED_EDGE ( 'NONE', *, *, #724, .T. ) ;
#1381 = DIRECTION ( 'NONE',  ( 0.000000000000000000, 1.000000000000000000, 0.000000000000000000 ) ) ;
#1382 = CARTESIAN_POINT ( 'NONE',  ( -11.79452510121309494, 24.39956132774574016, 2.957178332618040972 ) ) ;
#1383 = ORIENTED_EDGE ( 'NONE', *, *, #653, .T. ) ;
#1384 = CARTESIAN_POINT ( 'NONE',  ( -8.119547074120474051, 23.07760995837790574, 11.54092480518349362 ) ) ;
#1385 = CARTESIAN_POINT ( 'NONE',  ( -8.731569432459815872, 25.17757157821121083, 8.262124233126804995 ) ) ;
#1386 = VERTEX_POINT ( 'NONE', #720 ) ;
#1387 = CARTESIAN_POINT ( 'NONE',  ( -16.07355522626367161, 23.87987843651550790, -2.276780517034433959 ) ) ;
#1388 = CARTESIAN_POINT ( 'NONE',  ( 16.94791815059898354, 21.32587943982834489, 0.4948977060572203879 ) ) ;
#1389 = CARTESIAN_POINT ( 'NONE',  ( 0.000000000000000000, 20.45584412271570685, 0.000000000000000000 ) ) ;
#1390 = CARTESIAN_POINT ( 'NONE',  ( -7.538589474123950751, 22.40526929116779087, 14.98090178651604099 ) ) ;
#1391 = CARTESIAN_POINT ( 'NONE',  ( -8.468612563868401111, 24.69706088552941381, 8.218564290406137118 ) ) ;
#1392 = CARTESIAN_POINT ( 'NONE',  ( -12.04556895550246765, 25.59958811948264312, 1.813880834694664435 ) ) ;
#1393 = DIRECTION ( 'NONE',  ( -0.000000000000000000, -1.000000000000000000, -0.000000000000000000 ) ) ;
#1394 = CARTESIAN_POINT ( 'NONE',  ( -9.301353991509206054, 25.59114762593177517, 6.581165409272886180 ) ) ;
#1395 =( LENGTH_UNIT ( ) NAMED_UNIT ( * ) SI_UNIT ( .MILLI., .METRE. ) );
#1396 = ORIENTED_EDGE ( 'NONE', *, *, #1049, .T. ) ;
#1397 = CARTESIAN_POINT ( 'NONE',  ( -2.143131898507868248E-15, 29.99999999999999645, 0.000000000000000000 ) ) ;
#1398 = CARTESIAN_POINT ( 'NONE',  ( 0.000000000000000000, 20.45584412271570685, 0.000000000000000000 ) ) ;
#1399 = CARTESIAN_POINT ( 'NONE',  ( -10.76097353338531804, 24.13315292510383259, 6.499835834469227969 ) ) ;
#1400 = EDGE_CURVE ( 'NONE', #1097, #1928, #1099, .T. ) ;
#1401 = VERTEX_POINT ( 'NONE', #1832 ) ;
#1402 = CARTESIAN_POINT ( 'NONE',  ( -4.498858920038610876, 26.22550714569066344, 13.83474919803220438 ) ) ;
#1403 = EDGE_CURVE ( 'NONE', #3, #1449, #2383, .T. ) ;
#1404 = ADVANCED_FACE ( 'NONE', ( #572 ), #1470, .T. ) ;
#1405 = CARTESIAN_POINT ( 'NONE',  ( -12.52699628861391545, 24.27076028863739054, 3.210062119113882062 ) ) ;
#1406 = CARTESIAN_POINT ( 'NONE',  ( -9.401796769745445204, 24.07987425387552349, 8.943411272315158200 ) ) ;
#1407 = CARTESIAN_POINT ( 'NONE',  ( -8.302213948097735496, 24.40507572136105452, 10.30219172368818015 ) ) ;
#1408 = CARTESIAN_POINT ( 'NONE',  ( -8.771813411031924801, 25.34735849414044750, 6.602076051139039059 ) ) ;
#1409 = ORIENTED_EDGE ( 'NONE', *, *, #2150, .F. ) ;
#1410 = LINE ( 'NONE', #682, #85 ) ;
#1411 = CARTESIAN_POINT ( 'NONE',  ( -9.802543373260329318, 22.48899484524746839, 10.91911044412134579 ) ) ;
#1412 = VECTOR ( 'NONE', #142, 1000.000000000000114 ) ;
#1413 = CARTESIAN_POINT ( 'NONE',  ( -4.497898018211244242, 27.92938774973439919, 10.97696235597181236 ) ) ;
#1414 = CARTESIAN_POINT ( 'NONE',  ( -12.23677822177122287, 24.57758345476784001, 3.197824145086476388 ) ) ;
#1415 = PLANE ( 'NONE',  #268 ) ;
#1416 = CARTESIAN_POINT ( 'NONE',  ( -10.83572987692893363, 25.61672206257551920, 3.880629417106685963 ) ) ;
#1417 = DIRECTION ( 'NONE',  ( 1.224646799147353207E-16, -0.000000000000000000, 1.000000000000000000 ) ) ;
#1418 = CARTESIAN_POINT ( 'NONE',  ( -10.87542382227858972, 22.16492827191109782, 8.299267990968930420 ) ) ;
#1419 = ORIENTED_EDGE ( 'NONE', *, *, #971, .F. ) ;
#1420 = CARTESIAN_POINT ( 'NONE',  ( -9.421161464445891198, 24.95918528721677276, 6.128804220355140941 ) ) ;
#1421 = CARTESIAN_POINT ( 'NONE',  ( -9.989156591253927076, 25.06132587977186077, 6.279002824521952242 ) ) ;
#1422 = ADVANCED_FACE ( 'NONE', ( #543 ), #166, .T. ) ;
#1423 = VERTEX_POINT ( 'NONE', #787 ) ;
#1424 = CARTESIAN_POINT ( 'NONE',  ( -5.009419593293359618, 25.26700676209456731, 14.55898680832593151 ) ) ;
#1425 = CARTESIAN_POINT ( 'NONE',  ( 4.667474154626791716, 25.86190880406062220, 14.15288951351191749 ) ) ;
#1426 = VECTOR ( 'NONE', #61, 1000.000000000000000 ) ;
#1427 = VECTOR ( 'NONE', #1844, 1000.000000000000227 ) ;
#1428 = DIRECTION ( 'NONE',  ( 0.5600536822534130099, 0.7660267723248863625, -0.3155041316304901811 ) ) ;
#1429 = EDGE_CURVE ( 'NONE', #1890, #3, #1137, .T. ) ;
#1430 = B_SPLINE_CURVE_WITH_KNOTS ( 'NONE', 3,
 ( #1162, #1822, #562, #1082, #1092, #1520, #1813, #920, #740, #1474, #549, #711, #1628, #2005, #1453, #1149, #1295, #156, #225 ),
 .UNSPECIFIED., .F., .F.,
 ( 4, 1, 1, 1, 1, 1, 1, 1, 1, 1, 1, 1, 1, 1, 1, 1, 4 ),
 ( 0.000000000000000000, 0.06755524436745850847, 0.1327769176539341511, 0.1961481378446163770, 0.2585386584775553609, 0.3204871272569400631, 0.3831670527084182765, 0.4465025644671281602, 0.5118320592189276041, 0.5768207949157011516, 0.6394993836089416517, 0.7005321865775669954, 0.7604944106491771105, 0.8197255664859572910, 0.8788009139570445161, 0.9389027085914612991, 1.000000000000000000 ),
 .UNSPECIFIED. ) ;
#1431 = DIRECTION ( 'NONE',  ( -0.6634139481689453888, 0.6427876096865345890, 0.3830222215594849544 ) ) ;
#1432 = CARTESIAN_POINT ( 'NONE',  ( -10.75851875354353915, 22.18405854186495674, 8.469649104755204050 ) ) ;
#1433 = ORIENTED_EDGE ( 'NONE', *, *, #7, .T. ) ;
#1434 = CARTESIAN_POINT ( 'NONE',  ( -8.740246726700341640, 23.06354091294968001, 11.79485942166675194 ) ) ;
#1435 = CARTESIAN_POINT ( 'NONE',  ( -7.839468001670821806, 24.04593553555992358, 10.40099271945720716 ) ) ;
#1436 = EDGE_CURVE ( 'NONE', #1336, #1097, #168, .T. ) ;
#1437 = ORIENTED_EDGE ( 'NONE', *, *, #972, .T. ) ;
#1438 = CARTESIAN_POINT ( 'NONE',  ( -14.17524100272391863, 22.24301665048094989, 2.452769119434434320 ) ) ;
#1439 = CARTESIAN_POINT ( 'NONE',  ( -12.58705925236840706, 24.21884777755425233, 3.193149552044675765 ) ) ;
#1440 = CARTESIAN_POINT ( 'NONE',  ( -12.25385254979393501, 25.61437496128362667, 1.428307799995802485 ) ) ;
#1441 = CARTESIAN_POINT ( 'NONE',  ( -11.61233149636601958, 25.25584478806303679, 1.835732641556447664 ) ) ;
#1442 = VECTOR ( 'NONE', #326, 1000.000000000000000 ) ;
#1443 = CARTESIAN_POINT ( 'NONE',  ( -9.339228445064575723, 23.11736047350401790, 9.361665416500168035 ) ) ;
#1444 = TOROIDAL_SURFACE ( 'NONE', #2174, 9.000000000000001776, 8.000000000000000000 ) ;
#1445 = CARTESIAN_POINT ( 'NONE',  ( -9.614594153589868242, 23.79562180153326523, 9.051867647622085400 ) ) ;
#1446 = CARTESIAN_POINT ( 'NONE',  ( 16.87132859665402762, 20.45584412271570685, 2.087647332219733087 ) ) ;
#1447 = LINE ( 'NONE', #1654, #408 ) ;
#1448 = APPLICATION_CONTEXT ( 'configuration controlled 3d designs of mechanical parts and assemblies' ) ;
#1449 = VERTEX_POINT ( 'NONE', #414 ) ;
#1450 = FACE_OUTER_BOUND ( 'NONE', #2091, .T. ) ;
#1451 = DIRECTION ( 'NONE',  ( -0.6634139481689453888, 0.6427876096865345890, 0.3830222215594849544 ) ) ;
#1452 = CARTESIAN_POINT ( 'NONE',  ( -9.579980344782025981, 23.10700876116417746, 8.962043130183612760 ) ) ;
#1453 = CARTESIAN_POINT ( 'NONE',  ( -9.510931473248643186, 22.84978143239475301, 9.513317997283069261 ) ) ;
#1454 = DIRECTION ( 'NONE',  ( -0.6634139481689453888, 0.6427876096865345890, 0.3830222215594849544 ) ) ;
#1455 = LINE ( 'NONE', #2016, #831 ) ;
#1456 = CARTESIAN_POINT ( 'NONE',  ( -7.218450253631054636, 25.43940540005758066, 10.44351420208311865 ) ) ;
#1457 = CARTESIAN_POINT ( 'NONE',  ( -8.688180714615555189, 25.56178683159775744, 7.692485942089677842 ) ) ;
#1458 = EDGE_LOOP ( 'NONE', ( #2135, #1253, #1573, #2143 ) ) ;
#1459 = DIRECTION ( 'NONE',  ( -0.000000000000000000, -1.000000000000000000, -0.000000000000000000 ) ) ;
#1460 = CARTESIAN_POINT ( 'NONE',  ( -9.752868438530343909, 25.28057909206001952, 6.320315331134872316 ) ) ;
#1461 = CARTESIAN_POINT ( 'NONE',  ( -10.84189407227324686, 22.60287436789040072, 8.927789695652050384 ) ) ;
#1462 = CARTESIAN_POINT ( 'NONE',  ( -11.65702999828824460, 24.60311299459945289, 2.853726579510898365 ) ) ;
#1463 = PLANE ( 'NONE',  #70 ) ;
#1464 = B_SPLINE_SURFACE_WITH_KNOTS ( 'NONE', 3, 1, ( 
 ( #391, #588 ),
 ( #957, #1699 ),
 ( #1710, #33 ),
 ( #2065, #776 ),
 ( #1512, #1347 ),
 ( #416, #1153 ),
 ( #228, #968 ),
 ( #922, #1663 ),
 ( #2387, #1549 ),
 ( #2126, #2277 ),
 ( #81, #69 ),
 ( #1563, #1576 ),
 ( #107, #1216 ),
 ( #2103, #2315 ),
 ( #1735, #1944 ) ),
 .UNSPECIFIED., .F., .F., .F.,
 ( 4, 1, 1, 1, 1, 1, 1, 1, 1, 1, 1, 1, 4 ),
 ( 2, 2 ),
 ( 0.000000000000000000, 0.09164590067254410610, 0.1841925282814811382, 0.2787470265449272233, 0.3744774049144619643, 0.4265455185461546339, 0.4855282730469401287, 0.5522813570846004660, 0.6268560604379543877, 0.7084948474999561707, 0.7980180121823478023, 0.8954464768536762875, 1.000000000000000000 ),
 ( 0.000000000000000000, 1.000000000000000000 ),
 .UNSPECIFIED. ) ;
#1465 = CARTESIAN_POINT ( 'NONE',  ( -10.50402290284446316, 25.29532825773225113, 3.689118306326943930 ) ) ;
#1466 = CARTESIAN_POINT ( 'NONE',  ( -8.244897923383380345, 22.91919561440579756, 11.58966160068863971 ) ) ;
#1467 = FACE_OUTER_BOUND ( 'NONE', #846, .T. ) ;
#1468 = ORIENTED_EDGE ( 'NONE', *, *, #1846, .F. ) ;
#1469 = CARTESIAN_POINT ( 'NONE',  ( -10.51916801873288598, 24.45226257370810430, 6.383125694499733882 ) ) ;
#1470 = PLANE ( 'NONE',  #1947 ) ;
#1471 = ADVANCED_FACE ( 'NONE', ( #1357 ), #2023, .T. ) ;
#1472 = ADVANCED_FACE ( 'NONE', ( #1869 ), #2063, .T. ) ;
#1473 = CARTESIAN_POINT ( 'NONE',  ( -11.26197558040219882, 22.48558760024734227, 8.397017747195059556 ) ) ;
#1474 = CARTESIAN_POINT ( 'NONE',  ( -9.644596354651978842, 22.45557746698673540, 9.943356435469741683 ) ) ;
#1475 = EDGE_CURVE ( 'NONE', #582, #271, #306, .T. ) ;
#1476 = AXIS2_PLACEMENT_3D ( 'NONE', #638, #1022, #1721 ) ;
#1477 = DIRECTION ( 'NONE',  ( -0.1849889655584225912, 0.3551016359295279812, -0.9163415906646372733 ) ) ;
#1478 = ORIENTED_EDGE ( 'NONE', *, *, #545, .F. ) ;
#1479 = CARTESIAN_POINT ( 'NONE',  ( -9.301353991509204278, 25.59114762593177517, 6.581165409272884403 ) ) ;
#1480 = AXIS2_PLACEMENT_3D ( 'NONE', #2321, #1556, #657 ) ;
#1481 = CARTESIAN_POINT ( 'NONE',  ( -9.816015025681284811, 23.54235202100895208, 9.128033622307553330 ) ) ;
#1482 = FACE_OUTER_BOUND ( 'NONE', #1123, .T. ) ;
#1483 = CARTESIAN_POINT ( 'NONE',  ( -7.765109626193163805, 23.80307161708864783, 10.93735925258378927 ) ) ;
#1484 = ORIENTED_EDGE ( 'NONE', *, *, #1953, .F. ) ;
#1485 = DIRECTION ( 'NONE',  ( 0.000000000000000000, 0.000000000000000000, -1.000000000000000000 ) ) ;
#1486 = CARTESIAN_POINT ( 'NONE',  ( -7.767403562874431344, 23.79307954431756400, 10.95015472685631863 ) ) ;
#1487 = CARTESIAN_POINT ( 'NONE',  ( -11.10660352057488609, 22.20540681644931880, 7.830921944256091116 ) ) ;
#1488 = B_SPLINE_SURFACE_WITH_KNOTS ( 'NONE', 3, 1, ( 
 ( #2246, #1729 ),
 ( #608, #941 ),
 ( #1173, #1496 ),
 ( #810, #224 ),
 ( #2235, #618 ),
 ( #1544, #2273 ),
 ( #1868, #2086 ),
 ( #213, #425 ),
 ( #980, #1355 ),
 ( #1185, #53 ),
 ( #954, #1696 ),
 ( #2072, #436 ),
 ( #1161, #964 ),
 ( #1684, #773 ),
 ( #1899, #633 ),
 ( #18, #248 ),
 ( #1508, #595 ),
 ( #1367, #2061 ),
 ( #1148, #2098 ) ),
 .UNSPECIFIED., .F., .F., .F.,
 ( 4, 1, 1, 1, 1, 1, 1, 1, 1, 1, 1, 1, 1, 1, 1, 1, 4 ),
 ( 2, 2 ),
 ( 0.000000000000000000, 0.06755524436745850847, 0.1327769176539341511, 0.1961481378446163770, 0.2585386584775553609, 0.3204871272569400631, 0.3831670527084182765, 0.4465025644671281602, 0.5118320592189276041, 0.5768207949157011516, 0.6394993836089416517, 0.7005321865775669954, 0.7604944106491771105, 0.8197255664859572910, 0.8788009139570445161, 0.9389027085914612991, 1.000000000000000000 ),
 ( 0.000000000000000000, 1.000000000000000000 ),
 .UNSPECIFIED. ) ;
#1489 = CARTESIAN_POINT ( 'NONE',  ( 11.75527726576269671, 27.92938774973440275, -1.593187230583345437 ) ) ;
#1490 = ORIENTED_EDGE ( 'NONE', *, *, #1498, .T. ) ;
#1491 = CARTESIAN_POINT ( 'NONE',  ( -11.69897828744723434, 24.53722410320639113, 2.891644700330064044 ) ) ;
#1492 = LINE ( 'NONE', #744, #1639 ) ;
#1493 = CARTESIAN_POINT ( 'NONE',  ( -9.284792593400206684, 22.63682391882496248, 11.56779445826519925 ) ) ;
#1494 = FACE_BOUND ( 'NONE', #2338, .T. ) ;
#1495 = ORIENTED_EDGE ( 'NONE', *, *, #2250, .T. ) ;
#1496 = CARTESIAN_POINT ( 'NONE',  ( -9.802543373260334647, 22.48899484524747194, 10.91911044412134757 ) ) ;
#1497 = CARTESIAN_POINT ( 'NONE',  ( -12.17188449604402756, 22.23867342685385751, 5.929973169365001517 ) ) ;
#1498 = EDGE_CURVE ( 'NONE', #1771, #575, #1345, .T. ) ;
#1499 = CARTESIAN_POINT ( 'NONE',  ( -10.00940038467435222, 22.65737494958992571, 8.972840934215405184 ) ) ;
#1500 = CARTESIAN_POINT ( 'NONE',  ( 7.065674403066125819, 20.67681846559962722, -15.46940333679352975 ) ) ;
#1501 = ORIENTED_EDGE ( 'NONE', *, *, #143, .T. ) ;
#1502 = CARTESIAN_POINT ( 'NONE',  ( -11.84541150483176253, 25.51440964914351284, 2.303510154861384329 ) ) ;
#1503 = ADVANCED_FACE ( 'NONE', ( #427 ), #1004, .T. ) ;
#1504 = CARTESIAN_POINT ( 'NONE',  ( -9.453287028994072472, 22.55062741419045125, 11.42060844551913945 ) ) ;
#1505 = CARTESIAN_POINT ( 'NONE',  ( -9.560346637794538083, 23.58054478834575818, 9.506769186044712328 ) ) ;
#1506 = APPROVAL_DATE_TIME ( #962, #244 ) ;
#1507 = VERTEX_POINT ( 'NONE', #66 ) ;
#1508 = CARTESIAN_POINT ( 'NONE',  ( -9.404167458729705942, 23.02619521794039770, 9.402181210077955598 ) ) ;
#1509 = CARTESIAN_POINT ( 'NONE',  ( -11.90507124768675062, 24.25618964992457194, 3.006313034306733911 ) ) ;
#1510 = EDGE_CURVE ( 'NONE', #1275, #707, #635, .T. ) ;
#1511 = CARTESIAN_POINT ( 'NONE',  ( -10.68017712962102550, 23.46315377987459883, 6.458764092827448344 ) ) ;
#1512 = CARTESIAN_POINT ( 'NONE',  ( -9.168117071369293214, 23.33053921282053977, 9.300282606422650034 ) ) ;
#1513 = VERTEX_POINT ( 'NONE', #260 ) ;
#1514 = CARTESIAN_POINT ( 'NONE',  ( -9.199775482906101587, 25.63682939907645775, 6.680441429136050324 ) ) ;
#1515 = DIRECTION ( 'NONE',  ( 0.000000000000000000, 0.000000000000000000, -1.000000000000000000 ) ) ;
#1516 = CARTESIAN_POINT ( 'NONE',  ( -9.445577216593964209, 23.71208445011485111, 9.484805891368125685 ) ) ;
#1517 = CARTESIAN_POINT ( 'NONE',  ( 0.000000000000000000, 18.85272439341059680, -17.00000000000000000 ) ) ;
#1518 = EDGE_LOOP ( 'NONE', ( #1241, #204, #289, #691, #1855, #2121, #435 ) ) ;
#1519 = DIRECTION ( 'NONE',  ( -1.224646799147353207E-16, 0.000000000000000000, -1.000000000000000000 ) ) ;
#1520 = CARTESIAN_POINT ( 'NONE',  ( -9.602259471290611970, 22.23686557448701251, 10.38372820514690531 ) ) ;
#1521 = CARTESIAN_POINT ( 'NONE',  ( -13.09279515061500376, 23.91591304204030877, 2.825574130751112634 ) ) ;
#1522 = CARTESIAN_POINT ( 'NONE',  ( -11.15928201350514115, 22.25680413923381096, 7.653425168850794158 ) ) ;
#1523 = CARTESIAN_POINT ( 'NONE',  ( 10.06213198807177100, 24.07556968965585042, -12.61751243822468105 ) ) ;
#1524 = ORIENTED_EDGE ( 'NONE', *, *, #1049, .F. ) ;
#1525 = CARTESIAN_POINT ( 'NONE',  ( -11.55923120306893104, 24.78625362120075692, 2.715772597280268208 ) ) ;
#1526 = ADVANCED_FACE ( 'NONE', ( #824 ), #721, .T. ) ;
#1527 = CIRCLE ( 'NONE', #911, 17.00000000000000000 ) ;
#1528 = PLANE ( 'NONE',  #700 ) ;
#1529 = CARTESIAN_POINT ( 'NONE',  ( -8.669213880268445749, 25.42997196971499818, 7.946549066816601226 ) ) ;
#1530 = EDGE_LOOP ( 'NONE', ( #1129, #1664, #131, #2188, #1609, #742, #1757, #462, #87, #2308 ) ) ;
#1531 = DIRECTION ( 'NONE',  ( -0.4961339297413623339, 0.005303679835591480936, -0.8682298052587199555 ) ) ;
#1532 = CARTESIAN_POINT ( 'NONE',  ( -10.10374263272621320, 25.26700676209455665, -11.61777803017042743 ) ) ;
#1533 = CARTESIAN_POINT ( 'NONE',  ( -12.19528931452944320, 23.94936648379412247, 3.018551008334139141 ) ) ;
#1534 = DIRECTION ( 'NONE',  ( 0.4961340419915620248, -0.005303526320661300711, 0.8682297420531509546 ) ) ;
#1535 = DIRECTION ( 'NONE',  ( -0.6634139481689453888, 0.6427876096865345890, 0.3830222215594849544 ) ) ;
#1536 = ORIENTED_EDGE ( 'NONE', *, *, #1919, .T. ) ;
#1537 = CARTESIAN_POINT ( 'NONE',  ( -13.09279515061500376, 23.91591304204030877, 2.825574130751112190 ) ) ;
#1538 = CARTESIAN_POINT ( 'NONE',  ( -8.769760122063461338, 22.43562848210306626, 11.49209561033172911 ) ) ;
#1539 = CARTESIAN_POINT ( 'NONE',  ( -8.780889824931765730, 24.16978669210923059, 8.562555370652258802 ) ) ;
#1540 = AXIS2_PLACEMENT_3D ( 'NONE', #1814, #526, #165 ) ;
#1541 = CIRCLE ( 'NONE', #506, 15.00000000000000000 ) ;
#1542 = CARTESIAN_POINT ( 'NONE',  ( -6.886743279546581498, 25.11801159521431259, 10.25200309130337573 ) ) ;
#1543 = ORIENTED_EDGE ( 'NONE', *, *, #1269, .F. ) ;
#1544 = CARTESIAN_POINT ( 'NONE',  ( -9.602259471290611970, 22.23686557448701251, 10.38372820514690531 ) ) ;
#1545 = DIRECTION ( 'NONE',  ( -0.4962963987027636525, 0.005081456297024243562, -0.8681382743760172049 ) ) ;
#1546 = CARTESIAN_POINT ( 'NONE',  ( -12.63124327346096543, 23.65091249212535374, 2.764321870369230716 ) ) ;
#1547 = B_SPLINE_CURVE_WITH_KNOTS ( 'NONE', 3,
 ( #2055, #246, #2083, #1505, #433, #1516, #2270, #1884, #1170, #2221, #232, #976, #1908, #808, #630 ),
 .UNSPECIFIED., .F., .F.,
 ( 4, 1, 1, 1, 1, 1, 1, 1, 1, 1, 1, 1, 4 ),
 ( 0.000000000000000000, 0.09164590067254410610, 0.1841925282814811382, 0.2787470265449272233, 0.3744774049144619643, 0.4265455185461546339, 0.4855282730469401287, 0.5522813570846004660, 0.6268560604379543877, 0.7084948474999561707, 0.7980180121823478023, 0.8954464768536762875, 1.000000000000000000 ),
 .UNSPECIFIED. ) ;
#1548 = CARTESIAN_POINT ( 'NONE',  ( -11.13531557497356772, 22.66376830362847272, 7.011969297572075099 ) ) ;
#1549 = CARTESIAN_POINT ( 'NONE',  ( -9.309027582539354029, 23.85254536228349309, 9.485595396114632649 ) ) ;
#1550 = APPROVAL ( #1039, 'Deckungsgleich' ) ;
#1551 = ORIENTED_EDGE ( 'NONE', *, *, #2150, .T. ) ;
#1552 = LINE ( 'NONE', #652, #184 ) ;
#1553 = CARTESIAN_POINT ( 'NONE',  ( -9.421161464445891198, 24.95918528721677276, 6.128804220355140941 ) ) ;
#1554 = VECTOR ( 'NONE', #1707, 1000.000000000000114 ) ;
#1555 = VERTEX_POINT ( 'NONE', #849 ) ;
#1556 = DIRECTION ( 'NONE',  ( 0.5602028262643283796, 0.7660251735420153807, -0.3152431235497200612 ) ) ;
#1557 = CARTESIAN_POINT ( 'NONE',  ( -11.04514292008561327, 25.06977637112085588, 4.435799242538888798 ) ) ;
#1558 = CARTESIAN_POINT ( 'NONE',  ( -12.83511514952659738, 24.04169615051164044, 3.060799864877369991 ) ) ;
#1559 = VECTOR ( 'NONE', #891, 1000.000000000000000 ) ;
#1560 = VERTEX_POINT ( 'NONE', #1965 ) ;
#1561 = CARTESIAN_POINT ( 'NONE',  ( 16.29851055396131088, 18.28859201301507653, 6.716878177491561352 ) ) ;
#1562 = VECTOR ( 'NONE', #770, 1000.000000000000227 ) ;
#1563 = CARTESIAN_POINT ( 'NONE',  ( -8.800498191914757129, 23.70258941074477121, 9.312642815744128555 ) ) ;
#1564 = ORIENTED_EDGE ( 'NONE', *, *, #1996, .T. ) ;
#1565 = B_SPLINE_CURVE_WITH_KNOTS ( 'NONE', 3,
 ( #2200, #1098, #1989, #1810, #1819, #1111, #1284, #731, #885, #1843, #187, #2168, #2363, #1670, #906, #930, #1644, #4, #153, #750, #2213, #895, #1623, #2352, #2373, #708, #719 ),
 .UNSPECIFIED., .F., .F.,
 ( 4, 1, 1, 1, 1, 1, 1, 1, 1, 1, 1, 1, 1, 1, 1, 1, 1, 1, 1, 1, 1, 1, 1, 1, 4 ),
 ( 0.000000000000000000, 0.03899313814642612480, 0.07635482514011263100, 0.1125301922201498855, 0.1476379382808191698, 0.1817773989787586364, 0.2154442856924516647, 0.2483202310988956718, 0.2811827719270807990, 0.3139721004093982692, 0.3470048390212343570, 0.3809466200606803077, 0.4152686209914276394, 0.4509714368002168405, 0.4877278611769078620, 0.5258042169672091370, 0.5656559013674377079, 0.6076224563202187179, 0.6528549499599066719, 0.7015575283810511209, 0.7536336538802944629, 0.8095070779948967399, 0.8691710895416577820, 0.9326245990050733292, 1.000000000000000000 ),
 .UNSPECIFIED. ) ;
#1566 = CARTESIAN_POINT ( 'NONE',  ( -8.107466048733328989, 24.05323334608534225, 11.22996659470742209 ) ) ;
#1567 = DIRECTION ( 'NONE',  ( -0.6634139481689453888, 0.6427876096865345890, 0.3830222215594849544 ) ) ;
#1568 = CARTESIAN_POINT ( 'NONE',  ( 4.523778399728267452, 19.39431218175698390, -16.54555388654843640 ) ) ;
#1569 = ORIENTED_EDGE ( 'NONE', *, *, #1262, .T. ) ;
#1570 = CARTESIAN_POINT ( 'NONE',  ( -13.45155256912919839, 26.91695893408712692, -2.832164948032947382 ) ) ;
#1571 = DIRECTION ( 'NONE',  ( -0.000000000000000000, -1.000000000000000000, -0.000000000000000000 ) ) ;
#1572 = CARTESIAN_POINT ( 'NONE',  ( -9.933966445375084220, 22.55825937933028058, 10.57523931592664823 ) ) ;
#1573 = ORIENTED_EDGE ( 'NONE', *, *, #1005, .T. ) ;
#1574 = CARTESIAN_POINT ( 'NONE',  ( -12.76108817653053151, 23.59451923719704070, 2.634063019971369712 ) ) ;
#1575 = EDGE_CURVE ( 'NONE', #465, #1793, #302, .T. ) ;
#1576 = CARTESIAN_POINT ( 'NONE',  ( -9.132205165999229379, 24.02398321558803929, 9.504153926523871476 ) ) ;
#1577 = FACE_OUTER_BOUND ( 'NONE', #2041, .T. ) ;
#1578 = CARTESIAN_POINT ( 'NONE',  ( -8.114989298162814890, 24.29611477684596821, 10.80933250651541755 ) ) ;
#1579 = CARTESIAN_POINT ( 'NONE',  ( -9.518336950571852029, 25.46206837806921897, 6.421960598347912885 ) ) ;
#1580 = EDGE_CURVE ( 'NONE', #1940, #1154, #2060, .T. ) ;
#1581 = CALENDAR_DATE ( 2026, 4, 4 ) ;
#1582 = ORIENTED_EDGE ( 'NONE', *, *, #2022, .F. ) ;
#1583 = CARTESIAN_POINT ( 'NONE',  ( -14.22460116382140427, 26.23131244691860786, -3.020472961757397545 ) ) ;
#1584 = CARTESIAN_POINT ( 'NONE',  ( 14.59804646308564813, 25.85395122780031940, -3.034011874365021733 ) ) ;
#1585 = DIRECTION ( 'NONE',  ( -0.000000000000000000, -1.000000000000000000, -0.000000000000000000 ) ) ;
#1586 = ORIENTED_EDGE ( 'NONE', *, *, #466, .T. ) ;
#1587 = CARTESIAN_POINT ( 'NONE',  ( -10.76714983783883106, 23.33416021464342904, 6.524599849341763402 ) ) ;
#1588 = CARTESIAN_POINT ( 'NONE',  ( -9.941411196367205605, 25.28909908708349619, 4.674044156466417910 ) ) ;
#1589 = DIRECTION ( 'NONE',  ( 0.5599748369431967188, 0.7660275893434730365, -0.3156420668337279190 ) ) ;
#1590 = CARTESIAN_POINT ( 'NONE',  ( -9.070089795660972953, 23.75848044903225542, 8.751900161535415279 ) ) ;
#1591 = LINE ( 'NONE', #2094, #2266 ) ;
#1592 = CARTESIAN_POINT ( 'NONE',  ( -8.669213880268443972, 25.42997196971499818, 7.946549066816601226 ) ) ;
#1593 = CARTESIAN_POINT ( 'NONE',  ( -9.671699259937911464, 23.00124406758900264, 8.980675539859532819 ) ) ;
#1594 = ORIENTED_EDGE ( 'NONE', *, *, #498, .T. ) ;
#1595 = FACE_OUTER_BOUND ( 'NONE', #2109, .T. ) ;
#1596 = FACE_OUTER_BOUND ( 'NONE', #1914, .T. ) ;
#1597 = VECTOR ( 'NONE', #1545, 1000.000000000000000 ) ;
#1598 = EDGE_LOOP ( 'NONE', ( #1209, #1160, #1396, #594 ) ) ;
#1599 = CARTESIAN_POINT ( 'NONE',  ( -4.435516877571693328, 27.84970084696164605, 11.21874016244618666 ) ) ;
#1600 = CARTESIAN_POINT ( 'NONE',  ( -12.65301156445174868, 25.61864185321442378, 0.7297834114184976739 ) ) ;
#1601 = LINE ( 'NONE', #1958, #151 ) ;
#1602 = CARTESIAN_POINT ( 'NONE',  ( -8.924157317544786139, 23.58345093952335247, 9.298397021855205224 ) ) ;
#1603 = CARTESIAN_POINT ( 'NONE',  ( -8.597883187528717386, 25.36901620897139153, 6.866986074164814546 ) ) ;
#1604 = CARTESIAN_POINT ( 'NONE',  ( -10.16327833765024735, 22.52196064701878697, 8.933568684183592623 ) ) ;
#1605 = VERTEX_POINT ( 'NONE', #2337 ) ;
#1606 = CARTESIAN_POINT ( 'NONE',  ( -16.62373608385648893, 22.75119451551658400, -1.335565192085151676 ) ) ;
#1607 = CARTESIAN_POINT ( 'NONE',  ( -9.421161464445889422, 24.95918528721676921, 6.128804220355139165 ) ) ;
#1608 = VECTOR ( 'NONE', #1090, 1000.000000000000000 ) ;
#1609 = ORIENTED_EDGE ( 'NONE', *, *, #1510, .T. ) ;
#1610 = CARTESIAN_POINT ( 'NONE',  ( 10.24361992217199813, 20.45584412271570685, 13.56717549418747026 ) ) ;
#1611 = CARTESIAN_POINT ( 'NONE',  ( 5.571808763844146917, 24.47447657198629756, 14.91492377173853967 ) ) ;
#1612 = ADVANCED_FACE ( 'NONE', ( #1770 ), #2192, .T. ) ;
#1613 = CARTESIAN_POINT ( 'NONE',  ( -9.106344230532062767, 23.70921488480651007, 8.771783071882126137 ) ) ;
#1614 = CARTESIAN_POINT ( 'NONE',  ( -7.025612398367083955, 25.36863138639739645, 9.590884773209037206 ) ) ;
#1615 = ADVANCED_FACE ( 'NONE', ( #1596 ), #1976, .T. ) ;
#1616 = CARTESIAN_POINT ( 'NONE',  ( -10.23684452062155792, 22.46280933944048286, 8.905415998303594094 ) ) ;
#1617 = ORIENTED_EDGE ( 'NONE', *, *, #287, .F. ) ;
#1618 = LINE ( 'NONE', #1987, #1981 ) ;
#1619 = CARTESIAN_POINT ( 'NONE',  ( 11.93347241792100100, 27.84970084696165671, -1.768099786331432277 ) ) ;
#1620 = CARTESIAN_POINT ( 'NONE',  ( -11.49119958112317619, 25.13874186648576625, 2.242061309785701617 ) ) ;
#1621 = CC_DESIGN_APPROVAL ( #1550, ( #1195 ) ) ;
#1622 = ORIENTED_EDGE ( 'NONE', *, *, #678, .T. ) ;
#1623 = CARTESIAN_POINT ( 'NONE',  ( -11.09885681192330331, 23.65555401948669711, 6.716110960121505435 ) ) ;
#1624 = CARTESIAN_POINT ( 'NONE',  ( -10.50402290284446316, 25.29532825773225113, 3.689118306326943930 ) ) ;
#1625 = VECTOR ( 'NONE', #2163, 1000.000000000000000 ) ;
#1626 = AXIS2_PLACEMENT_3D ( 'NONE', #278, #710, #2149 ) ;
#1627 = CARTESIAN_POINT ( 'NONE',  ( -8.355024752528713350, 23.53161693773656538, 11.67655861360083058 ) ) ;
#1628 = CARTESIAN_POINT ( 'NONE',  ( -9.586943437905636856, 22.68394734961178472, 9.659964047913586427 ) ) ;
#1629 = DIRECTION ( 'NONE',  ( 0.1927302592103117274, -0.3478240355250177274, 0.9175366409554537306 ) ) ;
#1630 = CARTESIAN_POINT ( 'NONE',  ( 0.000000000000000000, 0.000000000000000000, 0.000000000000000000 ) ) ;
#1631 = LINE ( 'NONE', #336, #1559 ) ;
#1632 = CARTESIAN_POINT ( 'NONE',  ( -6.627708674481993079, 20.45584412271570685, -15.65482282640708078 ) ) ;
#1633 = ORIENTED_EDGE ( 'NONE', *, *, #1177, .T. ) ;
#1634 = DIRECTION ( 'NONE',  ( 0.000000000000000000, 0.000000000000000000, -1.000000000000000000 ) ) ;
#1635 = CARTESIAN_POINT ( 'NONE',  ( 14.99999999999996270, 1.066687844135981278, 0.000000000000000000 ) ) ;
#1636 = CARTESIAN_POINT ( 'NONE',  ( -10.34110735875882625, 22.97876875443319378, 9.164352044995148105 ) ) ;
#1637 = CARTESIAN_POINT ( 'NONE',  ( -11.45227503138716862, 25.07394489629271206, 3.723630124503277905 ) ) ;
#1638 = CARTESIAN_POINT ( 'NONE',  ( -9.321729247726324274, 23.14088821176936506, 9.352490682379917430 ) ) ;
#1639 = VECTOR ( 'NONE', #382, 1000.000000000000114 ) ;
#1640 = CARTESIAN_POINT ( 'NONE',  ( -8.499104239600855593, 23.33482460720097862, 11.75726236560525173 ) ) ;
#1641 = CARTESIAN_POINT ( 'NONE',  ( -7.880982327098409179, 24.06815743513418226, 10.29179502310100069 ) ) ;
#1642 = B_SPLINE_SURFACE_WITH_KNOTS ( 'NONE', 3, 1, ( 
 ( #1095, #1998 ),
 ( #169, #914 ),
 ( #1652, #2379 ),
 ( #1466, #555 ),
 ( #1108, #180 ),
 ( #927, #988 ),
 ( #231, #937 ),
 ( #1169, #1680 ),
 ( #960, #769 ),
 ( #1538, #15 ),
 ( #1702, #2232 ),
 ( #1338, #1493 ),
 ( #383, #220 ),
 ( #975, #1504 ),
 ( #1156, #37 ),
 ( #759, #950 ),
 ( #208, #1725 ),
 ( #2220, #195 ),
 ( #1692, #1132 ) ),
 .UNSPECIFIED., .F., .F., .F.,
 ( 4, 1, 1, 1, 1, 1, 1, 1, 1, 1, 1, 1, 1, 1, 1, 1, 4 ),
 ( 2, 2 ),
 ( 0.000000000000000000, 0.06540035440720293192, 0.1284562177603073008, 0.1901782114137598456, 0.2513979924744739747, 0.3125958447152664132, 0.3740713389040765113, 0.4368685733423092743, 0.5011576365337122585, 0.5657941649819941965, 0.6283464549401776011, 0.6897741693561232346, 0.7503437128838068571, 0.8113025798480695272, 0.8727302942640139394, 0.9355662573953610339, 1.000000000000000000 ),
 ( 0.000000000000000000, 1.000000000000000000 ),
 .UNSPECIFIED. ) ;
#1643 = ORIENTED_EDGE ( 'NONE', *, *, #2115, .T. ) ;
#1644 = CARTESIAN_POINT ( 'NONE',  ( -11.43831791485951754, 23.05885865679436719, 7.129520800163251515 ) ) ;
#1645 = CARTESIAN_POINT ( 'NONE',  ( 0.000000000000000000, 3.066687844136003704, 17.00000000000000000 ) ) ;
#1646 = VECTOR ( 'NONE', #1942, 1000.000000000000114 ) ;
#1647 = CARTESIAN_POINT ( 'NONE',  ( -11.17665584642927001, 22.53118982402548909, 7.162858953685931951 ) ) ;
#1648 = CARTESIAN_POINT ( 'NONE',  ( -11.57470282490320912, 25.23912754293244021, 1.928962280798068418 ) ) ;
#1649 = CARTESIAN_POINT ( 'NONE',  ( -11.65897643930683358, 25.26861265983165339, 1.733514197482852293 ) ) ;
#1650 = FACE_OUTER_BOUND ( 'NONE', #1305, .T. ) ;
#1651 = CARTESIAN_POINT ( 'NONE',  ( -10.96856005973289960, 22.54420675176357136, 8.806853719889142340 ) ) ;
#1652 = CARTESIAN_POINT ( 'NONE',  ( -8.167397265516383342, 23.01343080235771055, 11.56575125482550881 ) ) ;
#1653 = ADVANCED_FACE ( 'NONE', ( #2134 ), #1055, .T. ) ;
#1654 = CARTESIAN_POINT ( 'NONE',  ( -11.12056805730269637, 24.75255109144944399, 3.532119013723535428 ) ) ;
#1655 = EDGE_CURVE ( 'NONE', #1226, #510, #216, .T. ) ;
#1656 = ADVANCED_FACE ( 'NONE', ( #1467 ), #1444, .T. ) ;
#1657 = ORIENTED_EDGE ( 'NONE', *, *, #1655, .T. ) ;
#1658 = CARTESIAN_POINT ( 'NONE',  ( -13.69560737979078979, 22.23789197315144506, 3.292119153087159855 ) ) ;
#1659 = FACE_OUTER_BOUND ( 'NONE', #2301, .T. ) ;
#1660 = CARTESIAN_POINT ( 'NONE',  ( -9.846176185091135125, 22.81524028474865773, 8.990624051903548519 ) ) ;
#1661 = EDGE_CURVE ( 'NONE', #348, #1056, #1447, .T. ) ;
#1662 = LINE ( 'NONE', #786, #2058 ) ;
#1663 = CARTESIAN_POINT ( 'NONE',  ( -9.356397819914635150, 23.80506206411326175, 9.483234174177432863 ) ) ;
#1664 = ORIENTED_EDGE ( 'NONE', *, *, #183, .T. ) ;
#1665 = CARTESIAN_POINT ( 'NONE',  ( -11.87501748851798844, 25.54294737504016055, 2.204339096359797967 ) ) ;
#1666 = PRODUCT_DEFINITION_SHAPE ( 'NONE', 'NONE',  #626 ) ;
#1667 = CARTESIAN_POINT ( 'NONE',  ( -9.912086161211409063, 24.46434501172741705, 6.108938288176467779 ) ) ;
#1668 = CARTESIAN_POINT ( 'NONE',  ( -8.426892288764198824, 23.43167901726850744, 11.71979613383692609 ) ) ;
#1669 = ORIENTED_EDGE ( 'NONE', *, *, #854, .F. ) ;
#1670 = CARTESIAN_POINT ( 'NONE',  ( -11.50836282051374226, 22.85258362886875716, 7.354370064465673984 ) ) ;
#1671 = CARTESIAN_POINT ( 'NONE',  ( -12.46763384707705491, 24.32604833684033707, 3.220096522205871281 ) ) ;
#1672 = CARTESIAN_POINT ( 'NONE',  ( -10.37752591395366153, 22.36083918597593012, 8.832874913699216179 ) ) ;
#1673 = B_SPLINE_CURVE_WITH_KNOTS ( 'NONE', 3,
 ( #1443, #1638, #177, #1062, #2175, #713, #733, #1995, #1271, #1602, #1093, #912, #504, #701, #2378 ),
 .UNSPECIFIED., .F., .F.,
 ( 4, 1, 1, 1, 1, 1, 1, 1, 1, 1, 1, 1, 4 ),
 ( 0.000000000000000000, 0.09164590067254410610, 0.1841925282814811382, 0.2787470265449272233, 0.3744774049144619643, 0.4265455185461546339, 0.4855282730469401287, 0.5522813570846004660, 0.6268560604379543877, 0.7084948474999561707, 0.7980180121823478023, 0.8954464768536762875, 1.000000000000000000 ),
 .UNSPECIFIED. ) ;
#1674 = VECTOR ( 'NONE', #853, 1000.000000000000000 ) ;
#1675 = CARTESIAN_POINT ( 'NONE',  ( 8.239138699005748023, 21.46380872209314106, -14.80904010282973537 ) ) ;
#1676 = ORIENTED_EDGE ( 'NONE', *, *, #393, .T. ) ;
#1677 = CARTESIAN_POINT ( 'NONE',  ( -11.84189508285178150, 25.23469450403187864, 2.779018526587333504 ) ) ;
#1678 = CIRCLE ( 'NONE', #202, 17.00000000000000000 ) ;
#1679 = CARTESIAN_POINT ( 'NONE',  ( -9.538388504331923201, 24.85722396018666558, 6.096872455062235296 ) ) ;
#1680 = CARTESIAN_POINT ( 'NONE',  ( -8.915941811588126598, 22.90201243579348045, 11.76162357921377577 ) ) ;
#1681 = CARTESIAN_POINT ( 'NONE',  ( -11.92214557570946276, 25.29298115644035860, 1.236796689216060008 ) ) ;
#1682 = EDGE_CURVE ( 'NONE', #348, #1861, #196, .T. ) ;
#1683 = ORIENTED_EDGE ( 'NONE', *, *, #2077, .T. ) ;
#1684 = CARTESIAN_POINT ( 'NONE',  ( -9.552289118502788057, 22.76575779870416127, 9.582692854501294377 ) ) ;
#1685 = CARTESIAN_POINT ( 'NONE',  ( -12.37790138111558491, 23.80230327379189248, 2.949059001477014164 ) ) ;
#1686 = CARTESIAN_POINT ( 'NONE',  ( -10.75851875354353915, 22.18405854186495674, 8.469649104755204050 ) ) ;
#1687 = ADVANCED_FACE ( 'NONE', ( #182 ), #1853, .T. ) ;
#1688 = CARTESIAN_POINT ( 'NONE',  ( 0.000000000000000000, 27.99831645537221192, 0.000000000000000000 ) ) ;
#1689 = VERTEX_POINT ( 'NONE', #1282 ) ;
#1690 = CARTESIAN_POINT ( 'NONE',  ( -11.48008556555843995, 25.07898650257543949, 2.361592757055969383 ) ) ;
#1691 = DIRECTION ( 'NONE',  ( 1.000000000000000000, 0.000000000000000000, 0.000000000000000000 ) ) ;
#1692 = CARTESIAN_POINT ( 'NONE',  ( -9.407877201450034477, 22.16430397071751557, 10.84218100252263994 ) ) ;
#1693 = EDGE_CURVE ( 'NONE', #2245, #756, #1991, .T. ) ;
#1694 = CARTESIAN_POINT ( 'NONE',  ( -8.800319537952873361, 25.01845469037268188, 8.410075401185880040 ) ) ;
#1695 = VERTEX_POINT ( 'NONE', #568 ) ;
#1696 = CARTESIAN_POINT ( 'NONE',  ( -9.964129470307520720, 22.85025088137967586, 10.03297550088066892 ) ) ;
#1697 = CARTESIAN_POINT ( 'NONE',  ( -13.02835744759816450, 23.94154574850967165, 2.894166717210289175 ) ) ;
#1698 = CARTESIAN_POINT ( 'NONE',  ( -11.17790669378974044, 22.28899009864160519, 7.567151822986778242 ) ) ;
#1699 = CARTESIAN_POINT ( 'NONE',  ( -9.653436221810796525, 23.46228201661263313, 9.544001793159660352 ) ) ;
#1700 = CARTESIAN_POINT ( 'NONE',  ( -8.114989298162813114, 24.29611477684596821, 10.80933250651541755 ) ) ;
#1701 = CARTESIAN_POINT ( 'NONE',  ( -11.74402854016940445, 24.46917400591337710, 2.927816996801741123 ) ) ;
#1702 = CARTESIAN_POINT ( 'NONE',  ( -8.862793242018140560, 22.37153098849254462, 11.43852588627950517 ) ) ;
#1703 = CARTESIAN_POINT ( 'NONE',  ( -8.966367476588054330, 23.90193129741258105, 8.690813380112551556 ) ) ;
#1704 = PERSON_AND_ORGANIZATION ( #18446744073709551615, #18446744073709551615 ) ;
#1705 = ORIENTED_EDGE ( 'NONE', *, *, #2036, .F. ) ;
#1706 = PLANE ( 'NONE',  #1136 ) ;
#1707 = DIRECTION ( 'NONE',  ( 0.7372369909294756996, 0.6490285454715589708, 0.1877326992516876736 ) ) ;
#1708 = CARTESIAN_POINT ( 'NONE',  ( -12.69665047351369225, 23.62015194366640358, 2.702655606430546253 ) ) ;
#1709 = CARTESIAN_POINT ( 'NONE',  ( -10.58300727704391520, 23.60083771405997410, 6.396006137666996771 ) ) ;
#1710 = CARTESIAN_POINT ( 'NONE',  ( -9.286558865014438169, 23.18817492687649207, 9.334051041746590727 ) ) ;
#1711 = ORIENTED_EDGE ( 'NONE', *, *, #649, .F. ) ;
#1712 = CARTESIAN_POINT ( 'NONE',  ( -9.103520385116397051, 25.66875229898371558, 6.793587161918781980 ) ) ;
#1713 = FACE_OUTER_BOUND ( 'NONE', #405, .T. ) ;
#1714 = CARTESIAN_POINT ( 'NONE',  ( -8.762951244808451889, 25.10085340275603016, 8.336517725163417936 ) ) ;
#1715 = CARTESIAN_POINT ( 'NONE',  ( 0.000000000000000000, 18.85272439341059680, -17.00000000000000000 ) ) ;
#1716 = ORIENTED_EDGE ( 'NONE', *, *, #325, .F. ) ;
#1717 = CARTESIAN_POINT ( 'NONE',  ( -16.34721837847327919, 15.83896367497884761, 9.438070931312990908 ) ) ;
#1718 = CARTESIAN_POINT ( 'NONE',  ( 13.45909406650108764, 26.89816088366224278, -2.813680330289191289 ) ) ;
#1719 = CARTESIAN_POINT ( 'NONE',  ( -12.76108817653053151, 23.59451923719704070, 2.634063019971369712 ) ) ;
#1720 = CARTESIAN_POINT ( 'NONE',  ( -10.91519479448068530, 23.10193366423848360, 6.657900888222449076 ) ) ;
#1721 = DIRECTION ( 'NONE',  ( -1.000000000000000000, 0.000000000000000000, 0.000000000000000000 ) ) ;
#1722 = ORIENTED_EDGE ( 'NONE', *, *, #112, .T. ) ;
#1723 = LINE ( 'NONE', #1624, #252 ) ;
#1724 = VECTOR ( 'NONE', #738, 1000.000000000000114 ) ;
#1725 = CARTESIAN_POINT ( 'NONE',  ( -9.675527492423746878, 22.48782212775172695, 11.14107645673475488 ) ) ;
#1726 = LINE ( 'NONE', #62, #601 ) ;
#1727 = EDGE_CURVE ( 'NONE', #1507, #1771, #557, .T. ) ;
#1728 = VERTEX_POINT ( 'NONE', #1632 ) ;
#1729 = CARTESIAN_POINT ( 'NONE',  ( -9.739584175534512056, 22.48569777556078719, 11.03369211330238464 ) ) ;
#1730 = DIRECTION ( 'NONE',  ( 0.000000000000000000, 0.000000000000000000, -1.000000000000000000 ) ) ;
#1731 = DIRECTION ( 'NONE',  ( 0.8682001655771637294, 0.000000000000000000, -0.4962141397539831522 ) ) ;
#1732 = ADVANCED_FACE ( 'NONE', ( #337 ), #1829, .T. ) ;
#1733 = CC_DESIGN_PERSON_AND_ORGANIZATION_ASSIGNMENT ( #2130, #1766, ( #626 ) ) ;
#1734 = CARTESIAN_POINT ( 'NONE',  ( -11.27973748679823096, 22.48645285737998378, 8.364801148996091840 ) ) ;
#1735 = CARTESIAN_POINT ( 'NONE',  ( -8.655564117993010953, 23.83918114416277234, 9.334447849258747709 ) ) ;
#1736 = VERTEX_POINT ( 'NONE', #1157 ) ;
#1737 = CARTESIAN_POINT ( 'NONE',  ( -8.139468738760262667, 24.33528145581395918, 10.70120337990678117 ) ) ;
#1738 = CARTESIAN_POINT ( 'NONE',  ( -8.762951244808451889, 25.10085340275603016, 8.336517725163417936 ) ) ;
#1739 = VECTOR ( 'NONE', #1431, 1000.000000000000000 ) ;
#1740 = CIRCLE ( 'NONE', #1314, 11.66666666666666785 ) ;
#1741 = CARTESIAN_POINT ( 'NONE',  ( -6.627708674481993079, 20.45584412271570685, -15.65482282640708078 ) ) ;
#1742 = ORIENTED_EDGE ( 'NONE', *, *, #1973, .T. ) ;
#1743 = DIRECTION ( 'NONE',  ( 0.8072252328278599620, -0.5902435289658050088, 0.000000000000000000 ) ) ;
#1744 = CARTESIAN_POINT ( 'NONE',  ( 16.93627902332119461, 21.46734951998727325, 0.2776422816901680801 ) ) ;
#1745 = CARTESIAN_POINT ( 'NONE',  ( -12.96295024754543768, 23.97230629696862181, 2.955832981148973637 ) ) ;
#1746 = ORIENTED_EDGE ( 'NONE', *, *, #2327, .T. ) ;
#1747 = CARTESIAN_POINT ( 'NONE',  ( -8.987271092077477874, 24.16057494900603331, 9.525958960038487078 ) ) ;
#1748 = FACE_OUTER_BOUND ( 'NONE', #1196, .T. ) ;
#1749 = CARTESIAN_POINT ( 'NONE',  ( -8.171174975755294057, 24.36732934040319165, 10.59250383023695008 ) ) ;
#1750 = CARTESIAN_POINT ( 'NONE',  ( -7.795623148742745201, 23.65514533379196038, 11.13275806072132923 ) ) ;
#1751 = DIRECTION ( 'NONE',  ( 0.6958540455341908348, 0.7181832268395721419, 0.000000000000000000 ) ) ;
#1752 = EDGE_LOOP ( 'NONE', ( #1376, #2199, #1867, #1586 ) ) ;
#1753 = CARTESIAN_POINT ( 'NONE',  ( -8.680388990080983191, 25.36627043192058295, 6.728689793246249273 ) ) ;
#1754 = CARTESIAN_POINT ( 'NONE',  ( -10.12968406981038605, 24.46513538631693407, -12.29062800583704274 ) ) ;
#1755 = CARTESIAN_POINT ( 'NONE',  ( -9.855755820637583042, 22.50313147796971691, 10.80321969506217172 ) ) ;
#1756 = EDGE_CURVE ( 'NONE', #1064, #1789, #1896, .T. ) ;
#1757 = ORIENTED_EDGE ( 'NONE', *, *, #1897, .T. ) ;
#1758 = CARTESIAN_POINT ( 'NONE',  ( -10.81106025203242638, 24.06551039079128174, 6.526600744175152791 ) ) ;
#1759 = VECTOR ( 'NONE', #1360, 1000.000000000000000 ) ;
#1760 = VECTOR ( 'NONE', #1290, 1000.000000000000114 ) ;
#1761 = CARTESIAN_POINT ( 'NONE',  ( -8.375681040790013299, 24.92686765067016097, 7.993864866259372981 ) ) ;
#1762 = CARTESIAN_POINT ( 'NONE',  ( -8.096816600277636056, 24.12446542193191590, 11.12887036336353219 ) ) ;
#1763 = EDGE_CURVE ( 'NONE', #986, #442, #1726, .T. ) ;
#1764 = CARTESIAN_POINT ( 'NONE',  ( -8.584234837503654347, 22.58061863095021238, 11.57011246843403285 ) ) ;
#1765 = CARTESIAN_POINT ( 'NONE',  ( -9.366581191710400489, 24.12857837648368786, 8.922671220055102381 ) ) ;
#1766 = PERSON_AND_ORGANIZATION_ROLE ( 'creator' ) ;
#1767 = ORIENTED_EDGE ( 'NONE', *, *, #2115, .F. ) ;
#1768 = DIRECTION ( 'NONE',  ( -0.4960390375971985288, 0.005433445812439174384, -0.8682832204103959617 ) ) ;
#1769 = CARTESIAN_POINT ( 'NONE',  ( 14.77759778892586162, 25.65859853924941447, -3.017163155461543234 ) ) ;
#1770 = FACE_OUTER_BOUND ( 'NONE', #2279, .T. ) ;
#1771 = VERTEX_POINT ( 'NONE', #1316 ) ;
#1772 = CARTESIAN_POINT ( 'NONE',  ( -5.901002686904880612, 24.06975490396197870, 15.02394677619204799 ) ) ;
#1773 = CARTESIAN_POINT ( 'NONE',  ( -8.929590161613191412, 25.69041001381466316, 7.058497184944557468 ) ) ;
#1774 = CARTESIAN_POINT ( 'NONE',  ( -8.630455275245648039, 24.40496367520660925, 8.428441814365578821 ) ) ;
#1775 = CARTESIAN_POINT ( 'NONE',  ( -13.19599678596895309, 23.53452926787180743, 1.981454334045141819 ) ) ;
#1776 = CARTESIAN_POINT ( 'NONE',  ( -7.990339945979862968, 24.08482375136186704, 10.07441267140411512 ) ) ;
#1777 = CARTESIAN_POINT ( 'NONE',  ( -8.929590161613191412, 25.69041001381466316, 7.058497184944557468 ) ) ;
#1778 = CARTESIAN_POINT ( 'NONE',  ( -10.30820435917495814, 22.40885738574421993, 8.872359261204833203 ) ) ;
#1779 = ORIENTED_EDGE ( 'NONE', *, *, #2036, .T. ) ;
#1780 = PLANE ( 'NONE',  #1370 ) ;
#1781 = CARTESIAN_POINT ( 'NONE',  ( -9.842638447333115437, 23.17117523723802108, 9.704829108062812182 ) ) ;
#1782 = ORIENTED_EDGE ( 'NONE', *, *, #2002, .F. ) ;
#1783 = DIRECTION ( 'NONE',  ( 0.6958540455341907238, 0.7181832268395721419, 0.000000000000000000 ) ) ;
#1784 = EDGE_CURVE ( 'NONE', #1154, #152, #1547, .T. ) ;
#1785 = CARTESIAN_POINT ( 'NONE',  ( -11.86661439126458184, 25.16425874589789657, 2.854408665832165681 ) ) ;
#1786 = CARTESIAN_POINT ( 'NONE',  ( -8.408539752615869389, 22.74214710810641193, 11.60334831088700902 ) ) ;
#1787 = CARTESIAN_POINT ( 'NONE',  ( -8.957550432165550802, 25.68947950145259895, 7.011630160914118726 ) ) ;
#1788 = CARTESIAN_POINT ( 'NONE',  ( -9.339228445064575723, 23.11736047350401790, 9.361665416500168035 ) ) ;
#1789 = VERTEX_POINT ( 'NONE', #256 ) ;
#1790 = DIRECTION ( 'NONE',  ( -0.5601186889865402696, -0.7660260840480808131, 0.3153903816002671112 ) ) ;
#1791 = CARTESIAN_POINT ( 'NONE',  ( -9.657449617169454825, 24.73993207492859270, 6.087491713742210209 ) ) ;
#1792 = AXIS2_PLACEMENT_3D ( 'NONE', #264, #1589, #292 ) ;
#1793 = VERTEX_POINT ( 'NONE', #1681 ) ;
#1794 = CARTESIAN_POINT ( 'NONE',  ( -8.426892288764198824, 23.43167901726850744, 11.71979613383692609 ) ) ;
#1795 = CARTESIAN_POINT ( 'NONE',  ( -18.81109668243876598, 13.22623703565525055, 10.86059173335786099 ) ) ;
#1796 = VECTOR ( 'NONE', #780, 1000.000000000000000 ) ;
#1797 = CARTESIAN_POINT ( 'NONE',  ( -8.094253741772352129, 24.18977358456532301, 11.02370925415017666 ) ) ;
#1798 = DIRECTION ( 'NONE',  ( -0.000000000000000000, -1.000000000000000000, -0.000000000000000000 ) ) ;
#1799 = DATE_AND_TIME ( #1581, #887 ) ;
#1800 = ORIENTED_EDGE ( 'NONE', *, *, #921, .F. ) ;
#1801 = CARTESIAN_POINT ( 'NONE',  ( -13.23064052842535609, 23.53499632641928940, 1.920665794636454704 ) ) ;
#1802 = ORIENTED_EDGE ( 'NONE', *, *, #1475, .T. ) ;
#1803 = CARTESIAN_POINT ( 'NONE',  ( -8.121719075521221853, 21.92099872135139194, 14.78359420254447265 ) ) ;
#1804 = CARTESIAN_POINT ( 'NONE',  ( 8.705435585210143046, 21.46380872209313395, 14.53982347005734965 ) ) ;
#1805 = CARTESIAN_POINT ( 'NONE',  ( -9.614594153589870018, 23.79562180153326523, 9.051867647622085400 ) ) ;
#1806 = CARTESIAN_POINT ( 'NONE',  ( 0.000000000000000000, 18.85272439341059680, -17.00000000000000000 ) ) ;
#1807 = CARTESIAN_POINT ( 'NONE',  ( -9.605714217826736956, 22.49970009983871577, 11.24206299138483445 ) ) ;
#1808 = CARTESIAN_POINT ( 'NONE',  ( -7.860604660498403007, 23.48958050578238499, 11.29805755304547077 ) ) ;
#1809 = VERTEX_POINT ( 'NONE', #16 ) ;
#1810 = CARTESIAN_POINT ( 'NONE',  ( -11.36226286521809214, 22.49531129063413815, 8.206996784506340958 ) ) ;
#1811 = CARTESIAN_POINT ( 'NONE',  ( -12.35066589861921926, 24.44561181685057250, 3.222039607834209285 ) ) ;
#1812 = CARTESIAN_POINT ( 'NONE',  ( -11.18878496994431337, 22.32777441184473233, 7.483222290179890379 ) ) ;
#1813 = CARTESIAN_POINT ( 'NONE',  ( -9.626692797897371534, 22.27857174947353869, 10.27141716996813869 ) ) ;
#1814 = CARTESIAN_POINT ( 'NONE',  ( 0.000000000000000000, -5.000000000000007994, 0.000000000000000000 ) ) ;
#1815 = CARTESIAN_POINT ( 'NONE',  ( -10.63991133325943039, 22.73025119058748800, 9.063870371984576124 ) ) ;
#1816 = CARTESIAN_POINT ( 'NONE',  ( -8.826643167489708119, 22.98067162773288885, 11.78428756994912341 ) ) ;
#1817 = CARTESIAN_POINT ( 'NONE',  ( -7.807761764675788640, 24.01388765097069111, 10.50969226912703824 ) ) ;
#1818 = ORIENTED_EDGE ( 'NONE', *, *, #114, .T. ) ;
#1819 = CARTESIAN_POINT ( 'NONE',  ( -11.40269084927563981, 22.50917925078336523, 8.113700261578252082 ) ) ;
#1820 = FACE_OUTER_BOUND ( 'NONE', #632, .T. ) ;
#1821 = CARTESIAN_POINT ( 'NONE',  ( -11.18902460731236914, 22.47220406616711585, 7.240425486737081862 ) ) ;
#1822 = CARTESIAN_POINT ( 'NONE',  ( -9.429108060961715054, 22.16541579592887246, 10.80354221091048750 ) ) ;
#1823 = CARTESIAN_POINT ( 'NONE',  ( -9.274007243742264706, 22.17830629499544770, 11.05055188060509153 ) ) ;
#1824 = ADVANCED_FACE ( 'NONE', ( #761, #1494, #270, #1921, #1375 ), #280, .F. ) ;
#1825 = EDGE_CURVE ( 'NONE', #2293, #1354, #1207, .T. ) ;
#1826 = CARTESIAN_POINT ( 'NONE',  ( -10.26087909612843063, 23.05490063018024571, 9.175547014353590214 ) ) ;
#1827 = LINE ( 'NONE', #1456, #402 ) ;
#1828 = CARTESIAN_POINT ( 'NONE',  ( -16.29851055396139969, 18.28859201301506943, 6.716878177491341972 ) ) ;
#1829 = B_SPLINE_SURFACE_WITH_KNOTS ( 'NONE', 3, 1, ( 
 ( #1841, #2 ),
 ( #2178, #748 ),
 ( #706, #1999 ),
 ( #1076, #2360 ),
 ( #1274, #347 ),
 ( #2018, #1087 ),
 ( #160, #2380 ),
 ( #374, #1109 ),
 ( #904, #1457 ),
 ( #410, #1865 ),
 ( #793, #961 ),
 ( #1144, #1529 ),
 ( #1133, #2242 ),
 ( #209, #1364 ),
 ( #951, #603 ),
 ( #446, #2233 ),
 ( #1875, #1714 ),
 ( #222, #1694 ),
 ( #1326, #2257 ),
 ( #1182, #581 ),
 ( #50, #420 ),
 ( #396, #616 ),
 ( #1539, #592 ),
 ( #2095, #2069 ),
 ( #1703, #2045 ),
 ( #989, #1339 ),
 ( #38, #26 ) ),
 .UNSPECIFIED., .F., .F., .F.,
 ( 4, 1, 1, 1, 1, 1, 1, 1, 1, 1, 1, 1, 1, 1, 1, 1, 1, 1, 1, 1, 1, 1, 1, 1, 4 ),
 ( 2, 2 ),
 ( 0.000000000000000000, 0.03728522525035812135, 0.07372355146206907572, 0.1088532683670321438, 0.1432025903602343331, 0.1771590215781743138, 0.2103970187636377276, 0.2437126062578505448, 0.2767380670011759802, 0.3099760641866381450, 0.3437152089979065295, 0.3779561642423574508, 0.4131214983841768884, 0.4491517145640357422, 0.4864830771263539133, 0.5251952224922444845, 0.5657000100041510438, 0.6085121136177179535, 0.6542018392145261263, 0.7031457666164827591, 0.7554377211893150701, 0.8112724503635131423, 0.8704679425969786832, 0.9334146361889560373, 1.000000000000000000 ),
 ( 0.000000000000000000, 1.000000000000000000 ),
 .UNSPECIFIED. ) ;
#1830 = VERTEX_POINT ( 'NONE', #1948 ) ;
#1831 = CARTESIAN_POINT ( 'NONE',  ( 0.000000000000000000, 27.99831645537221192, 0.000000000000000000 ) ) ;
#1832 = CARTESIAN_POINT ( 'NONE',  ( 7.009850840394378224, 27.99831645537221547, -9.325937073910237629 ) ) ;
#1833 = VECTOR ( 'NONE', #1319, 1000.000000000000000 ) ;
#1834 = CARTESIAN_POINT ( 'NONE',  ( -10.56855149470603195, 22.78420314428375093, 9.096927109083337015 ) ) ;
#1835 = CARTESIAN_POINT ( 'NONE',  ( -11.79452510121309494, 24.39956132774574016, 2.957178332618040972 ) ) ;
#1836 = CARTESIAN_POINT ( 'NONE',  ( 9.867060008841946228, 23.49518386861066688, -13.10451396660421075 ) ) ;
#1837 = EDGE_LOOP ( 'NONE', ( #835, #2212, #1779, #1936, #1001, #1105, #784 ) ) ;
#1838 = CARTESIAN_POINT ( 'NONE',  ( -8.862793242018140560, 22.37153098849254462, 11.43852588627950517 ) ) ;
#1839 = CARTESIAN_POINT ( 'NONE',  ( -10.34410536608023179, 28.43649928110642122, 0.000000000000000000 ) ) ;
#1840 = DIRECTION ( 'NONE',  ( -0.6634139481689453888, 0.6427876096865345890, 0.3830222215594849544 ) ) ;
#1841 = CARTESIAN_POINT ( 'NONE',  ( -8.597883187528719162, 25.36901620897139509, 6.866986074164815435 ) ) ;
#1842 = ORIENTED_EDGE ( 'NONE', *, *, #800, .T. ) ;
#1843 = CARTESIAN_POINT ( 'NONE',  ( -11.52049194402878385, 22.64916821668800040, 7.674733400959632412 ) ) ;
#1844 = DIRECTION ( 'NONE',  ( 0.4959964964638222118, -0.005491614877698785743, 0.8683071562884003836 ) ) ;
#1845 = AXIS2_PLACEMENT_3D ( 'NONE', #1120, #1852, #677 ) ;
#1846 = EDGE_CURVE ( 'NONE', #1872, #1386, #524, .T. ) ;
#1847 = AXIS2_PLACEMENT_3D ( 'NONE', #1438, #2189, #542 ) ;
#1848 = CARTESIAN_POINT ( 'NONE',  ( 7.504029626028193789, 27.86070354686360417, -9.441408014685059413 ) ) ;
#1849 = ORIENTED_EDGE ( 'NONE', *, *, #649, .T. ) ;
#1850 = CARTESIAN_POINT ( 'NONE',  ( -11.51370453074728850, 25.19301584430024121, 2.111999044081640520 ) ) ;
#1851 = CARTESIAN_POINT ( 'NONE',  ( -9.657449617169456602, 24.73993207492859625, 6.087491713742211985 ) ) ;
#1852 = DIRECTION ( 'NONE',  ( -0.6634139481689462770, 0.6427876096863796018, 0.3830222215597436364 ) ) ;
#1853 = SPHERICAL_SURFACE ( 'NONE', #944, 35.00000000000000000 ) ;
#1854 = EDGE_CURVE ( 'NONE', #1287, #817, #570, .T. ) ;
#1855 = ORIENTED_EDGE ( 'NONE', *, *, #2361, .F. ) ;
#1856 = CARTESIAN_POINT ( 'NONE',  ( -12.54533129695176363, 22.24276403828313065, 5.276279475185558177 ) ) ;
#1857 = CARTESIAN_POINT ( 'NONE',  ( -12.31624985939257577, 23.84880488715672087, 2.977803596218048909 ) ) ;
#1858 = CARTESIAN_POINT ( 'NONE',  ( -10.90618530794801977, 22.57034387342723747, 8.871026660794079532 ) ) ;
#1859 = CARTESIAN_POINT ( 'NONE',  ( 7.009850840394378224, 27.99831645537221547, -9.325937073910237629 ) ) ;
#1860 = ADVANCED_FACE ( 'NONE', ( #1038 ), #2385, .T. ) ;
#1861 = VERTEX_POINT ( 'NONE', #1465 ) ;
#1862 = DIRECTION ( 'NONE',  ( 0.000000000000000000, 0.000000000000000000, -1.000000000000000000 ) ) ;
#1863 = CIRCLE ( 'NONE', #830, 15.00000000000000000 ) ;
#1864 = CARTESIAN_POINT ( 'NONE',  ( -13.28513730146415561, 22.23339450408552054, 4.010621833004569758 ) ) ;
#1865 = CARTESIAN_POINT ( 'NONE',  ( -8.675689921670196370, 25.52333213511716892, 7.778655273365636447 ) ) ;
#1866 = AXIS2_PLACEMENT_3D ( 'NONE', #2322, #1952, #1019 ) ;
#1867 = ORIENTED_EDGE ( 'NONE', *, *, #2326, .T. ) ;
#1868 = CARTESIAN_POINT ( 'NONE',  ( -9.626692797897371534, 22.27857174947353869, 10.27141716996813869 ) ) ;
#1869 = FACE_OUTER_BOUND ( 'NONE', #1361, .T. ) ;
#1870 = CARTESIAN_POINT ( 'NONE',  ( -11.15935104335903638, 22.59461762209736335, 7.086387267881573138 ) ) ;
#1871 = PLANE ( 'NONE',  #1171 ) ;
#1872 = VERTEX_POINT ( 'NONE', #1997 ) ;
#1873 = CARTESIAN_POINT ( 'NONE',  ( -11.49018212552634388, 25.14799375175931218, 2.228297087532398191 ) ) ;
#1874 = CARTESIAN_POINT ( 'NONE',  ( -8.655564117993010953, 23.83918114416277234, 9.334447849258747709 ) ) ;
#1875 = CARTESIAN_POINT ( 'NONE',  ( -8.431244270723979639, 24.77945959791276209, 8.145006614383675014 ) ) ;
#1876 = COORDINATED_UNIVERSAL_TIME_OFFSET ( 1, 0, .AHEAD. ) ;
#1877 = ORIENTED_EDGE ( 'NONE', *, *, #1258, .F. ) ;
#1878 = CARTESIAN_POINT ( 'NONE',  ( -14.55177789004410371, 22.24682238814153123, 1.794201313537332698 ) ) ;
#1879 = CARTESIAN_POINT ( 'NONE',  ( -12.37790138111558491, 23.80230327379189248, 2.949059001477014164 ) ) ;
#1880 = CARTESIAN_POINT ( 'NONE',  ( -12.65301156445174868, 25.61864185321442378, 0.7297834114184976739 ) ) ;
#1881 = CARTESIAN_POINT ( 'NONE',  ( 9.728106898236530853, 26.23131244691861852, -10.80862948569241944 ) ) ;
#1882 = VERTEX_POINT ( 'NONE', #1839 ) ;
#1883 = CARTESIAN_POINT ( 'NONE',  ( -9.752868438530343909, 25.28057909206001952, 6.320315331134872316 ) ) ;
#1884 = CARTESIAN_POINT ( 'NONE',  ( -9.356397819914635150, 23.80506206411326175, 9.483234174177432863 ) ) ;
#1885 = ORIENTED_EDGE ( 'NONE', *, *, #1498, .F. ) ;
#1886 = DIRECTION ( 'NONE',  ( -0.8682420167430341396, 0.000000000000000000, 0.4961409077691426028 ) ) ;
#1887 = CARTESIAN_POINT ( 'NONE',  ( -12.44040953305954567, 23.75983728364308689, 2.912058099765768127 ) ) ;
#1888 = CARTESIAN_POINT ( 'NONE',  ( -11.18878496994431337, 22.32777441184473233, 7.483222290179890379 ) ) ;
#1889 = CARTESIAN_POINT ( 'NONE',  ( -12.76108817653053151, 23.59451923719704070, 2.634063019971369712 ) ) ;
#1890 = VERTEX_POINT ( 'NONE', #1094 ) ;
#1891 = CARTESIAN_POINT ( 'NONE',  ( -9.634371967629029143, 25.37794721709925838, 6.362154123635950675 ) ) ;
#1892 = CIRCLE ( 'NONE', #2093, 17.00000000000000000 ) ;
#1893 = EDGE_CURVE ( 'NONE', #271, #1560, #1492, .T. ) ;
#1894 = EDGE_CURVE ( 'NONE', #817, #1513, #338, .T. ) ;
#1895 = DIRECTION ( 'NONE',  ( -0.6634139481689400597, -0.6427876096865347000, -0.3830222215594941138 ) ) ;
#1896 = LINE ( 'NONE', #781, #1562 ) ;
#1897 = EDGE_CURVE ( 'NONE', #364, #575, #1455, .T. ) ;
#1898 = ORIENTED_EDGE ( 'NONE', *, *, #1232, .F. ) ;
#1899 = CARTESIAN_POINT ( 'NONE',  ( -9.510931473248643186, 22.84978143239475301, 9.513317997283069261 ) ) ;
#1900 = DIRECTION ( 'NONE',  ( -0.7250248381928129371, -0.6787686770864179708, -0.1166707633035772573 ) ) ;
#1901 = CARTESIAN_POINT ( 'NONE',  ( -12.44040953305954567, 23.75983728364308689, 2.912058099765768127 ) ) ;
#1902 = EDGE_CURVE ( 'NONE', #1809, #2293, #1205, .T. ) ;
#1903 = B_SPLINE_CURVE_WITH_KNOTS ( 'NONE', 3,
 ( #272, #471, #2110, #1951, #1570, #2298, #1583, #2144, #508, #2286, #301, #669, #1210, #1002, #1387, #1017, #1041, #1606, #101, #129, #1197, #2122, #692, #116 ),
 .UNSPECIFIED., .F., .F.,
 ( 4, 2, 2, 2, 2, 2, 2, 2, 2, 2, 2, 4 ),
 ( 7.568010097174063680E-07, 0.001562706728104576058, 0.003124656655199435033, 0.003905631618746863327, 0.004686606582294290321, 0.005467581545841719050, 0.006248556509389146044, 0.007029531472936574772, 0.007810506436484002633, 0.009372456363578866162, 0.01093440629067372882, 0.01249635621776859322 ),
 .UNSPECIFIED. ) ;
#1904 = DIRECTION ( 'NONE',  ( -0.4961976455760692128, 0.005216536767551358325, -0.8681939208891746862 ) ) ;
#1905 = CARTESIAN_POINT ( 'NONE',  ( -8.356473740531081162, 25.24039302675448937, 7.500974831309934920 ) ) ;
#1906 = EDGE_LOOP ( 'NONE', ( #1172, #495, #452, #1192, #1910 ) ) ;
#1907 = FACE_OUTER_BOUND ( 'NONE', #2159, .T. ) ;
#1908 = CARTESIAN_POINT ( 'NONE',  ( -9.061691555718349278, 24.09080622186720788, 9.514144762309445724 ) ) ;
#1909 = CARTESIAN_POINT ( 'NONE',  ( -9.384891229906180854, 23.34339055631592075, 8.903251634894559174 ) ) ;
#1910 = ORIENTED_EDGE ( 'NONE', *, *, #319, .T. ) ;
#1911 = DIRECTION ( 'NONE',  ( -0.6634139481689453888, 0.6427876096865345890, 0.3830222215594849544 ) ) ;
#1912 = CARTESIAN_POINT ( 'NONE',  ( -9.612714782211886799, 26.40233341917614140, -10.66512585094755217 ) ) ;
#1913 = CARTESIAN_POINT ( 'NONE',  ( -12.73925296687468212, 23.60320507628815534, 2.657306143733581205 ) ) ;
#1914 = EDGE_LOOP ( 'NONE', ( #234, #2026, #22, #2345, #1978, #398, #71, #840, #487, #275 ) ) ;
#1915 = CARTESIAN_POINT ( 'NONE',  ( -11.52049194402878562, 22.64916821668800040, 7.674733400959632412 ) ) ;
#1916 = DIRECTION ( 'NONE',  ( -0.6634139481689453888, 0.6427876096865345890, 0.3830222215594849544 ) ) ;
#1917 = EDGE_LOOP ( 'NONE', ( #1342, #871, #1020, #1842 ) ) ;
#1918 = LOCAL_TIME ( 19, 36, 22.00000000000000000, #680 ) ;
#1919 = EDGE_CURVE ( 'NONE', #564, #1882, #1943, .T. ) ;
#1920 = CARTESIAN_POINT ( 'NONE',  ( -8.263054775828251763, 24.40282122781171736, 10.37380088905273645 ) ) ;
#1921 = FACE_BOUND ( 'NONE', #1906, .T. ) ;
#1922 = VECTOR ( 'NONE', #1266, 1000.000000000000000 ) ;
#1923 = ORIENTED_EDGE ( 'NONE', *, *, #2377, .F. ) ;
#1924 = CARTESIAN_POINT ( 'NONE',  ( -9.186629976487376226, 25.14067457322595089, 6.230449487568169076 ) ) ;
#1925 = CARTESIAN_POINT ( 'NONE',  ( 15.96162091674006156, 24.06975490396197159, -2.401555153436241596 ) ) ;
#1926 = CARTESIAN_POINT ( 'NONE',  ( -10.04698108645832910, 24.30473902932106967, 6.143144065907299556 ) ) ;
#1927 = EDGE_CURVE ( 'NONE', #1793, #582, #534, .T. ) ;
#1928 = VERTEX_POINT ( 'NONE', #174 ) ;
#1929 = CARTESIAN_POINT ( 'NONE',  ( -11.09885681192330331, 23.65555401948669711, 6.716110960121505435 ) ) ;
#1930 = CARTESIAN_POINT ( 'NONE',  ( -8.337483836804086224, 25.15814677242866182, 7.671891912736977126 ) ) ;
#1931 = CARTESIAN_POINT ( 'NONE',  ( -11.81179253964291398, 25.40038030741871111, 2.553103867835713192 ) ) ;
#1932 = EDGE_CURVE ( 'NONE', #940, #1287, #1662, .T. ) ;
#1933 = CARTESIAN_POINT ( 'NONE',  ( -8.325456535401416502, 22.82908433416085003, 11.60135467572300705 ) ) ;
#1934 = CARTESIAN_POINT ( 'NONE',  ( -8.675689921670194593, 25.52333213511716892, 7.778655273365635558 ) ) ;
#1935 = PERSON_AND_ORGANIZATION_ROLE ( 'design_owner' ) ;
#1936 = ORIENTED_EDGE ( 'NONE', *, *, #2102, .T. ) ;
#1937 = DIRECTION ( 'NONE',  ( -0.000000000000000000, -1.000000000000000000, -0.000000000000000000 ) ) ;
#1938 = CARTESIAN_POINT ( 'NONE',  ( 15.56947349589632168, 24.66748108591904298, -2.725439534128139218 ) ) ;
#1939 = CARTESIAN_POINT ( 'NONE',  ( -9.974188865640879698, 22.64991268937482971, 10.35175952311379710 ) ) ;
#1940 = VERTEX_POINT ( 'NONE', #413 ) ;
#1941 = CARTESIAN_POINT ( 'NONE',  ( -5.579154046614304363, 24.46513538631693407, 14.91787773968480657 ) ) ;
#1942 = DIRECTION ( 'NONE',  ( 0.5600536822534130099, 0.7660267723248863625, -0.3155041316304901811 ) ) ;
#1943 = CIRCLE ( 'NONE', #908, 35.00000000000000000 ) ;
#1944 = CARTESIAN_POINT ( 'NONE',  ( -8.987271092077483203, 24.16057494900604041, 9.525958960038490630 ) ) ;
#1945 = CARTESIAN_POINT ( 'NONE',  ( -11.82188909961081791, 25.46938755660258380, 2.419808198312141556 ) ) ;
#1946 = CARTESIAN_POINT ( 'NONE',  ( -7.824103608079646222, 23.57435230160833584, 11.21901526514086633 ) ) ;
#1947 = AXIS2_PLACEMENT_3D ( 'NONE', #1486, #2011, #2181 ) ;
#1948 = CARTESIAN_POINT ( 'NONE',  ( -7.009850840394358684, 27.99831645537221547, -9.325937073910246511 ) ) ;
#1949 = DATE_AND_TIME ( #1220, #1309 ) ;
#1950 = VERTEX_POINT ( 'NONE', #2247 ) ;
#1951 = CARTESIAN_POINT ( 'NONE',  ( -13.06239880347957438, 27.20375858639243205, -2.639437818913357603 ) ) ;
#1952 = DIRECTION ( 'NONE',  ( -0.000000000000000000, -1.000000000000000000, -0.000000000000000000 ) ) ;
#1953 = EDGE_CURVE ( 'NONE', #315, #2381, #1430, .T. ) ;
#1954 = ORIENTED_EDGE ( 'NONE', *, *, #795, .F. ) ;
#1955 = CARTESIAN_POINT ( 'NONE',  ( -11.17839031209701517, 23.53496590589516657, 6.780725780194897467 ) ) ;
#1956 = CARTESIAN_POINT ( 'NONE',  ( -13.09279515061500376, 23.91591304204030877, 2.825574130751112190 ) ) ;
#1957 = CARTESIAN_POINT ( 'NONE',  ( -8.966367476588054330, 23.90193129741258105, 8.690813380112551556 ) ) ;
#1958 = CARTESIAN_POINT ( 'NONE',  ( -6.886743279546581498, 25.11801159521431259, 10.25200309130337573 ) ) ;
#1959 = CARTESIAN_POINT ( 'NONE',  ( -8.402621050174403194, 23.46543023845828202, 11.70519387773282105 ) ) ;
#1960 = CARTESIAN_POINT ( 'NONE',  ( -8.680388990080983191, 25.36627043192058295, 6.728689793246249273 ) ) ;
#1961 = CALENDAR_DATE ( 2026, 4, 4 ) ;
#1962 = ORIENTED_EDGE ( 'NONE', *, *, #2028, .F. ) ;
#1963 = AXIS2_PLACEMENT_3D ( 'NONE', #2081, #1303, #792 ) ;
#1964 = CARTESIAN_POINT ( 'NONE',  ( -13.56234750250982835, 23.85639013126255747, 2.112176905416197403 ) ) ;
#1965 = CARTESIAN_POINT ( 'NONE',  ( -13.28513730146415561, 22.23339450408552054, 4.010621833004569758 ) ) ;
#1966 = ORIENTED_EDGE ( 'NONE', *, *, #334, .T. ) ;
#1967 = FACE_OUTER_BOUND ( 'NONE', #1016, .T. ) ;
#1968 = CARTESIAN_POINT ( 'NONE',  ( -12.64795683347704802, 24.17019869199998894, 3.169314706997791831 ) ) ;
#1969 = CARTESIAN_POINT ( 'NONE',  ( -9.034874217625928239, 23.80718457164041979, 8.731160109275359460 ) ) ;
#1970 = CARTESIAN_POINT ( 'NONE',  ( -12.12623207529756719, 24.72095513258900823, 3.148689443397783450 ) ) ;
#1971 = CARTESIAN_POINT ( 'NONE',  ( -9.407877201450034477, 22.16430397071751557, 10.84218100252263994 ) ) ;
#1972 = CARTESIAN_POINT ( 'NONE',  ( -9.634371967629030920, 25.37794721709925838, 6.362154123635952452 ) ) ;
#1973 = EDGE_CURVE ( 'NONE', #1056, #1064, #965, .T. ) ;
#1974 = ORIENTED_EDGE ( 'NONE', *, *, #1682, .F. ) ;
#1975 = CARTESIAN_POINT ( 'NONE',  ( -9.284792593400204908, 22.63682391882496248, 11.56779445826519925 ) ) ;
#1976 = PLANE ( 'NONE',  #1983 ) ;
#1977 = VECTOR ( 'NONE', #1916, 1000.000000000000000 ) ;
#1978 = ORIENTED_EDGE ( 'NONE', *, *, #1727, .F. ) ;
#1979 = CARTESIAN_POINT ( 'NONE',  ( -4.292828389091581265, 26.89816088366224278, 13.06275753865891787 ) ) ;
#1980 = CARTESIAN_POINT ( 'NONE',  ( 5.418125713376195307, 24.67599097472189840, 14.84292930138648714 ) ) ;
#1981 = VECTOR ( 'NONE', #1840, 1000.000000000000000 ) ;
#1982 = CARTESIAN_POINT ( 'NONE',  ( -9.508446128957011467, 23.93495016735879233, 9.001900658655825893 ) ) ;
#1983 = AXIS2_PLACEMENT_3D ( 'NONE', #1620, #2112, #91 ) ;
#1984 = DIRECTION ( 'NONE',  ( 0.7244787611512237824, 0.6798079988472771618, 0.1139807411102790047 ) ) ;
#1985 = B_SPLINE_CURVE_WITH_KNOTS ( 'NONE', 3,
 ( #431, #709, #878, #1414, #2314, #60, #674, #243, #1405, #1439, #1968, #1215, #2268, #489, #2137, #852, #865, #1045, #1956 ),
 .UNSPECIFIED., .F., .F.,
 ( 4, 1, 1, 1, 1, 1, 1, 1, 1, 1, 1, 1, 1, 1, 1, 1, 4 ),
 ( 0.000000000000000000, 0.06866362237938156143, 0.1350759207058815914, 0.1986928773541127013, 0.2605317416681074416, 0.3207390547206006581, 0.3800681830674348394, 0.4379418469756324872, 0.4958919828346449732, 0.5538081436257543677, 0.6125789527205515173, 0.6723487863132422415, 0.7339431432438573433, 0.7964468472212755668, 0.8617734484634731462, 0.9291542467425485397, 1.000000000000000000 ),
 .UNSPECIFIED. ) ;
#1986 = CARTESIAN_POINT ( 'NONE',  ( -10.51018709818877461, 22.28148056304713265, 8.736278584872307462 ) ) ;
#1987 = CARTESIAN_POINT ( 'NONE',  ( -14.55177789004410371, 22.24682238814153123, 1.794201313537332698 ) ) ;
#1988 = ORIENTED_EDGE ( 'NONE', *, *, #577, .T. ) ;
#1989 = CARTESIAN_POINT ( 'NONE',  ( -11.31451815133287830, 22.48814716976940886, 8.301715877098917673 ) ) ;
#1990 = DIRECTION ( 'NONE',  ( 0.6958540455341939435, -0.7181832268395691443, 0.000000000000000000 ) ) ;
#1991 =( BOUNDED_CURVE ( )  B_SPLINE_CURVE ( 3, ( #939, #1828, #892, #170 ),
 .UNSPECIFIED., .F., .T. ) 
 B_SPLINE_CURVE_WITH_KNOTS ( ( 4, 4 ),
 ( 5.882700084484967284, 6.683670529874206068 ),
 .UNSPECIFIED. ) 
 CURVE ( )  GEOMETRIC_REPRESENTATION_ITEM ( )  RATIONAL_B_SPLINE_CURVE ( ( 1.000000000000000000, 0.9472479539767484358, 0.9472479539767484358, 1.000000000000000000 ) ) 
 REPRESENTATION_ITEM ( '' )  );
#1992 = CARTESIAN_POINT ( 'NONE',  ( -10.96856005973290138, 22.54420675176357136, 8.806853719889142340 ) ) ;
#1993 = CARTESIAN_POINT ( 'NONE',  ( -11.74402854016940623, 24.46917400591338065, 2.927816996801742455 ) ) ;
#1994 = B_SPLINE_CURVE_WITH_KNOTS ( 'NONE', 3,
 ( #155, #1308, #2037, #342, #351, #1487, #2215, #1091, #561, #1812, #378, #1127, #1821, #1647, #1113, #80, #956, #401, #967, #32, #1720, #1164, #802, #1511, #1709, #1358, #1346 ),
 .UNSPECIFIED., .F., .F.,
 ( 4, 1, 1, 1, 1, 1, 1, 1, 1, 1, 1, 1, 1, 1, 1, 1, 1, 1, 1, 1, 1, 1, 1, 1, 4 ),
 ( 0.000000000000000000, 0.03899313814642612480, 0.07635482514011263100, 0.1125301922201498855, 0.1476379382808191698, 0.1817773989787586364, 0.2154442856924516647, 0.2483202310988956718, 0.2811827719270807990, 0.3139721004093982692, 0.3470048390212343570, 0.3809466200606803077, 0.4152686209914276394, 0.4509714368002168405, 0.4877278611769078620, 0.5258042169672091370, 0.5656559013674377079, 0.6076224563202187179, 0.6528549499599066719, 0.7015575283810511209, 0.7536336538802944629, 0.8095070779948967399, 0.8691710895416577820, 0.9326245990050733292, 1.000000000000000000 ),
 .UNSPECIFIED. ) ;
#1995 = CARTESIAN_POINT ( 'NONE',  ( -9.024690845830162900, 23.48366825926999368, 9.291723063397689941 ) ) ;
#1996 = EDGE_CURVE ( 'NONE', #1728, #1830, #858, .T. ) ;
#1997 = CARTESIAN_POINT ( 'NONE',  ( -14.99999999999996270, 1.066687844135981278, 1.836970198721024856E-15 ) ) ;
#1998 = CARTESIAN_POINT ( 'NONE',  ( -8.426892288764198824, 23.43167901726850744, 11.71979613383692609 ) ) ;
#1999 = CARTESIAN_POINT ( 'NONE',  ( -8.878148787397183384, 25.68826877145360754, 7.151189690048680880 ) ) ;
#2000 = ORIENTED_EDGE ( 'NONE', *, *, #2331, .F. ) ;
#2001 = LINE ( 'NONE', #387, #1922 ) ;
#2002 = EDGE_CURVE ( 'NONE', #790, #756, #1892, .T. ) ;
#2003 = CARTESIAN_POINT ( 'NONE',  ( -8.780889824931765730, 24.16978669210923059, 8.562555370652258802 ) ) ;
#2004 = CARTESIAN_POINT ( 'NONE',  ( -10.44487329736359627, 22.31825966341979139, 8.787682747221495561 ) ) ;
#2005 = CARTESIAN_POINT ( 'NONE',  ( -9.552289118502788057, 22.76575779870416127, 9.582692854501294377 ) ) ;
#2006 = CARTESIAN_POINT ( 'NONE',  ( 0.000000000000000000, 1.066687844135982610, 15.00000000000000000 ) ) ;
#2007 = CARTESIAN_POINT ( 'NONE',  ( -13.69560737979078979, 22.23789197315144506, 3.292119153087159855 ) ) ;
#2008 = CARTESIAN_POINT ( 'NONE',  ( -7.824103608079649774, 23.57435230160833939, 11.21901526514086811 ) ) ;
#2009 = ORIENTED_EDGE ( 'NONE', *, *, #1902, .T. ) ;
#2010 = CARTESIAN_POINT ( 'NONE',  ( -9.407877201450034477, 22.16430397071751557, 10.84218100252263994 ) ) ;
#2011 = DIRECTION ( 'NONE',  ( -0.6634139481693247520, 0.6427876096860185573, 0.3830222215596936763 ) ) ;
#2012 = CARTESIAN_POINT ( 'NONE',  ( -10.69895794585878335, 22.19997117784631158, 8.546106875838974659 ) ) ;
#2013 = CARTESIAN_POINT ( 'NONE',  ( -11.58751522873015993, 24.72758440948689085, 2.765241855613586708 ) ) ;
#2014 = VERTEX_POINT ( 'NONE', #236 ) ;
#2015 = CARTESIAN_POINT ( 'NONE',  ( -9.343820518339272851, 22.16642832290845888, 10.94956534595501196 ) ) ;
#2016 = CARTESIAN_POINT ( 'NONE',  ( -14.02731435387526204, 22.55928577799471313, 3.483630263866901888 ) ) ;
#2017 = CARTESIAN_POINT ( 'NONE',  ( -9.675527492423745102, 22.48782212775172695, 11.14107645673475488 ) ) ;
#2018 = CARTESIAN_POINT ( 'NONE',  ( -8.425811304074905195, 25.32702171698683458, 7.235498444332327139 ) ) ;
#2019 = ORIENTED_EDGE ( 'NONE', *, *, #1080, .T. ) ;
#2020 = CARTESIAN_POINT ( 'NONE',  ( -9.870095478416395451, 25.17861776502993365, 6.288383565841977330 ) ) ;
#2021 = CARTESIAN_POINT ( 'NONE',  ( -12.07681531221133753, 24.06247769790582325, 3.033930843638899866 ) ) ;
#2022 = EDGE_CURVE ( 'NONE', #2372, #1226, #2261, .T. ) ;
#2023 = CONICAL_SURFACE ( 'NONE', #990, 17.00000000000000000, 0.7853981633974435050 ) ;
#2024 = CARTESIAN_POINT ( 'NONE',  ( -10.77658027144807029, 22.63965346826305947, 8.979193858001240258 ) ) ;
#2025 = CARTESIAN_POINT ( 'NONE',  ( 9.923024778342261598, 25.86190880406061510, -11.11859594617010316 ) ) ;
#2026 = ORIENTED_EDGE ( 'NONE', *, *, #894, .F. ) ;
#2027 = CARTESIAN_POINT ( 'NONE',  ( -11.92214557570946276, 25.29298115644035860, 1.236796689216058898 ) ) ;
#2028 = EDGE_CURVE ( 'NONE', #152, #104, #485, .T. ) ;
#2029 = CARTESIAN_POINT ( 'NONE',  ( -11.20713079636306198, 22.48632207675436590, 8.490779101748673341 ) ) ;
#2030 = PLANE ( 'NONE',  #1845 ) ;
#2031 = CARTESIAN_POINT ( 'NONE',  ( -7.795623148742747865, 23.65514533379196394, 11.13275806072133101 ) ) ;
#2032 = ORIENTED_EDGE ( 'NONE', *, *, #2271, .T. ) ;
#2033 = CARTESIAN_POINT ( 'NONE',  ( -9.752868438530343909, 25.28057909206001952, 6.320315331134872316 ) ) ;
#2034 = CARTESIAN_POINT ( 'NONE',  ( -12.25535227828393481, 23.89745397271098426, 3.001638441264933288 ) ) ;
#2035 = SECURITY_CLASSIFICATION ( '', '', #233 ) ;
#2036 = EDGE_CURVE ( 'NONE', #884, #1695, #2280, .T. ) ;
#2037 = CARTESIAN_POINT ( 'NONE',  ( -10.98281117724840605, 22.16675336492614079, 8.110204766319174752 ) ) ;
#2038 = AXIS2_PLACEMENT_3D ( 'NONE', #832, #269, #1193 ) ;
#2039 = VECTOR ( 'NONE', #513, 1000.000000000000000 ) ;
#2040 = CARTESIAN_POINT ( 'NONE',  ( 8.593270957341264449, 21.76457578779517021, -14.55666656892888611 ) ) ;
#2041 = EDGE_LOOP ( 'NONE', ( #1147, #850, #1291, #2071 ) ) ;
#2042 = DIRECTION ( 'NONE',  ( -0.8071821371394749534, 0.5903024627112356537, 0.000000000000000000 ) ) ;
#2043 = CARTESIAN_POINT ( 'NONE',  ( -11.09022572762801140, 22.50545234670822481, 8.661160215534946971 ) ) ;
#2044 = CARTESIAN_POINT ( 'NONE',  ( -13.23064052842535609, 23.53499632641928940, 1.920665794636454704 ) ) ;
#2045 = CARTESIAN_POINT ( 'NONE',  ( -9.298074450672528357, 24.22332510225584912, 8.882324490892294477 ) ) ;
#2046 = VERTEX_POINT ( 'NONE', #1557 ) ;
#2047 = CARTESIAN_POINT ( 'NONE',  ( 0.000000000000000000, -5.000000000000007994, 0.000000000000000000 ) ) ;
#2048 = CARTESIAN_POINT ( 'NONE',  ( -9.941411196367205605, 25.28909908708349619, 4.674044156466417910 ) ) ;
#2049 = CARTESIAN_POINT ( 'NONE',  ( -11.02846658824896586, 22.90366202255067662, 6.794447709177653394 ) ) ;
#2050 = CARTESIAN_POINT ( 'NONE',  ( 7.476750464313830946, 20.92154882809167304, -15.26405017988857971 ) ) ;
#2051 = ORIENTED_EDGE ( 'NONE', *, *, #2075, .F. ) ;
#2052 =( BOUNDED_CURVE ( )  B_SPLINE_CURVE ( 3, ( #1610, #673, #1561, #1033 ),
 .UNSPECIFIED., .F., .T. ) 
 B_SPLINE_CURVE_WITH_KNOTS ( ( 4, 4 ),
 ( 5.882700084484967284, 6.683670529874206068 ),
 .UNSPECIFIED. ) 
 CURVE ( )  GEOMETRIC_REPRESENTATION_ITEM ( )  RATIONAL_B_SPLINE_CURVE ( ( 1.000000000000000000, 0.9472479539767484358, 0.9472479539767484358, 1.000000000000000000 ) ) 
 REPRESENTATION_ITEM ( '' )  );
#2053 = CARTESIAN_POINT ( 'NONE',  ( -9.670935419149047974, 23.43875427834728598, 9.553176527279910957 ) ) ;
#2054 = LINE ( 'NONE', #567, #1796 ) ;
#2055 = CARTESIAN_POINT ( 'NONE',  ( -9.670935419149047974, 23.43875427834728598, 9.553176527279910957 ) ) ;
#2056 = VECTOR ( 'NONE', #434, 999.9999999999998863 ) ;
#2057 = PERSON_AND_ORGANIZATION ( #18446744073709551615, #18446744073709551615 ) ;
#2058 = VECTOR ( 'NONE', #2205, 1000.000000000000000 ) ;
#2059 = EDGE_LOOP ( 'NONE', ( #1322, #17, #1988, #93 ) ) ;
#2060 = B_SPLINE_CURVE_WITH_KNOTS ( 'NONE', 3,
 ( #1212, #873, #1411, #1755, #2145, #1572, #509, #1939, #497, #1199, #486, #2311, #1066, #1240, #1781, #286, #461, #1031, #646 ),
 .UNSPECIFIED., .F., .F.,
 ( 4, 1, 1, 1, 1, 1, 1, 1, 1, 1, 1, 1, 1, 1, 1, 1, 4 ),
 ( 0.000000000000000000, 0.06755524436745850847, 0.1327769176539341511, 0.1961481378446163770, 0.2585386584775553609, 0.3204871272569400631, 0.3831670527084182765, 0.4465025644671281602, 0.5118320592189276041, 0.5768207949157011516, 0.6394993836089416517, 0.7005321865775669954, 0.7604944106491771105, 0.8197255664859572910, 0.8788009139570445161, 0.9389027085914612991, 1.000000000000000000 ),
 .UNSPECIFIED. ) ;
#2061 = CARTESIAN_POINT ( 'NONE',  ( -9.692699964869317952, 23.40819991263047228, 9.566755542296430548 ) ) ;
#2062 = CARTESIAN_POINT ( 'NONE',  ( -11.61997478692093466, 24.66654945399005072, 2.811449068928550954 ) ) ;
#2063 = PLANE ( 'NONE',  #1296 ) ;
#2064 = CARTESIAN_POINT ( 'NONE',  ( -10.97654655195185569, 22.99849750064907639, 6.725223020585294975 ) ) ;
#2065 = CARTESIAN_POINT ( 'NONE',  ( -9.228639663710065832, 23.25915098350249011, 9.315258075264969406 ) ) ;
#2066 = ORIENTED_EDGE ( 'NONE', *, *, #1927, .T. ) ;
#2067 = CARTESIAN_POINT ( 'NONE',  ( -9.712787916754736628, 25.31351311301612483, 6.334466981569275568 ) ) ;
#2068 = LINE ( 'NONE', #1864, #1426 ) ;
#2069 = CARTESIAN_POINT ( 'NONE',  ( -9.200401101209482846, 24.36135872945254022, 8.819851763366202135 ) ) ;
#2070 = APPROVAL_STATUS ( 'not_yet_approved' ) ;
#2071 = ORIENTED_EDGE ( 'NONE', *, *, #825, .T. ) ;
#2072 = CARTESIAN_POINT ( 'NONE',  ( -9.613703030436365538, 22.60489412739715576, 9.746282133267840209 ) ) ;
#2073 = CARTESIAN_POINT ( 'NONE',  ( -13.19599678596895309, 23.53452926787180743, 1.981454334045141819 ) ) ;
#2074 = CARTESIAN_POINT ( 'NONE',  ( -11.50961366787421269, 22.61038390348487326, 7.758662933766520275 ) ) ;
#2075 = EDGE_CURVE ( 'NONE', #2046, #1056, #1198, .T. ) ;
#2076 = EDGE_CURVE ( 'NONE', #1882, #197, #867, .T. ) ;
#2077 = EDGE_CURVE ( 'NONE', #681, #1695, #1067, .T. ) ;
#2078 = LINE ( 'NONE', #454, #1674 ) ;
#2079 = ORIENTED_EDGE ( 'NONE', *, *, #1436, .T. ) ;
#2080 = CARTESIAN_POINT ( 'NONE',  ( -11.95168176100540869, 24.98794325883331879, 3.002960179708293431 ) ) ;
#2081 = CARTESIAN_POINT ( 'NONE',  ( 0.000000000000000000, 106.0000000000000000, 0.000000000000000000 ) ) ;
#2082 = EDGE_CURVE ( 'NONE', #1401, #1830, #2202, .T. ) ;
#2083 = CARTESIAN_POINT ( 'NONE',  ( -9.618265839098910419, 23.50956873171976014, 9.525562152526333648 ) ) ;
#2084 = CARTESIAN_POINT ( 'NONE',  ( 6.627708674481997519, 20.45584412271570685, -15.65482282640708078 ) ) ;
#2085 = ORIENTED_EDGE ( 'NONE', *, *, #745, .F. ) ;
#2086 = CARTESIAN_POINT ( 'NONE',  ( -9.958399771981849113, 22.59996555431681031, 10.46292828074788339 ) ) ;
#2087 = CARTESIAN_POINT ( 'NONE',  ( -8.987271092077483203, 24.16057494900604041, 9.525958960038490630 ) ) ;
#2088 = CARTESIAN_POINT ( 'NONE',  ( -12.31624985939257577, 23.84880488715672087, 2.977803596218048909 ) ) ;
#2089 = CARTESIAN_POINT ( 'NONE',  ( -4.571572999904312873, 27.99831645537221547, 10.73367744147629033 ) ) ;
#2090 = DIRECTION ( 'NONE',  ( 0.5601187884139234852, 0.7660260829852197917, -0.3153902076032791268 ) ) ;
#2091 = EDGE_LOOP ( 'NONE', ( #176, #1711, #736, #1622 ) ) ;
#2092 = DIRECTION ( 'NONE',  ( 0.6634139481689456108, -0.6427876096865345890, -0.3830222215594848989 ) ) ;
#2093 = AXIS2_PLACEMENT_3D ( 'NONE', #1398, #1571, #1730 ) ;
#2094 = CARTESIAN_POINT ( 'NONE',  ( -10.47935327794795413, 23.74411658594801366, 6.335089633395409869 ) ) ;
#2095 = CARTESIAN_POINT ( 'NONE',  ( -8.868694127125008819, 24.03996492460927215, 8.628340652586459214 ) ) ;
#2096 = VECTOR ( 'NONE', #518, 1000.000000000000000 ) ;
#2097 = ORIENTED_EDGE ( 'NONE', *, *, #2285, .F. ) ;
#2098 = CARTESIAN_POINT ( 'NONE',  ( -9.670935419149053303, 23.43875427834728953, 9.553176527279912733 ) ) ;
#2099 = CARTESIAN_POINT ( 'NONE',  ( 16.87132859665402762, 20.45584412271570685, 2.087647332219733087 ) ) ;
#2100 = CARTESIAN_POINT ( 'NONE',  ( -11.81270429723288551, 24.37502408770472684, 2.966869419608043401 ) ) ;
#2101 = PLANE ( 'NONE',  #189 ) ;
#2102 = EDGE_CURVE ( 'NONE', #1695, #1401, #1365, .T. ) ;
#2103 = CARTESIAN_POINT ( 'NONE',  ( -8.680947544674525673, 23.81538433770188234, 9.330418247625207329 ) ) ;
#2104 = VERTEX_POINT ( 'NONE', #1310 ) ;
#2105 = CARTESIAN_POINT ( 'NONE',  ( -8.355024752528715126, 23.53161693773656538, 11.67655861360083058 ) ) ;
#2106 = ADVANCED_FACE ( 'NONE', ( #563 ), #11, .T. ) ;
#2107 = CARTESIAN_POINT ( 'NONE',  ( -8.912312219439298744, 25.68969082109754964, 7.089630407327327966 ) ) ;
#2108 = FACE_OUTER_BOUND ( 'NONE', #1317, .T. ) ;
#2109 = EDGE_LOOP ( 'NONE', ( #100, #411, #324, #1966 ) ) ;
#2110 = CARTESIAN_POINT ( 'NONE',  ( -12.29149410384321683, 27.68120906041167117, -2.105448744659426108 ) ) ;
#2111 = CARTESIAN_POINT ( 'NONE',  ( 16.28484204922876799, 23.49033990477291667, -1.989016752750401240 ) ) ;
#2112 = DIRECTION ( 'NONE',  ( -0.6634139481617159495, 0.6427876096962470420, 0.3830222215557073095 ) ) ;
#2113 = EDGE_LOOP ( 'NONE', ( #1028, #829, #2362, #1433, #1380, #1052, #1265 ) ) ;
#2114 = FACE_OUTER_BOUND ( 'NONE', #1518, .T. ) ;
#2115 = EDGE_CURVE ( 'NONE', #1401, #2267, #544, .T. ) ;
#2116 = CARTESIAN_POINT ( 'NONE',  ( -8.397074102826270092, 25.30326759806276371, 7.325136881818566259 ) ) ;
#2117 = ORIENTED_EDGE ( 'NONE', *, *, #1996, .F. ) ;
#2118 = CARTESIAN_POINT ( 'NONE',  ( -8.192311634582877033, 23.81097431062565306, 11.48956866382521369 ) ) ;
#2119 = CARTESIAN_POINT ( 'NONE',  ( -8.800319537952871585, 25.01845469037268188, 8.410075401185880040 ) ) ;
#2120 = PERSON_AND_ORGANIZATION ( #18446744073709551615, #18446744073709551615 ) ;
#2121 = ORIENTED_EDGE ( 'NONE', *, *, #1100, .T. ) ;
#2122 = CARTESIAN_POINT ( 'NONE',  ( -16.95743045258086212, 20.92154882809166949, 1.156969250091271384 ) ) ;
#2123 = CARTESIAN_POINT ( 'NONE',  ( 16.89436117191796072, 21.76447075340865212, -0.1483825046929311275 ) ) ;
#2124 = CARTESIAN_POINT ( 'NONE',  ( -10.37868806054279958, 24.62613283416433774, 6.334655176687041589 ) ) ;
#2125 = CARTESIAN_POINT ( 'NONE',  ( -11.24690176856515933, 23.42332746908175167, 6.849411999002191109 ) ) ;
#2126 = CARTESIAN_POINT ( 'NONE',  ( -8.924157317544786139, 23.58345093952335247, 9.298397021855205224 ) ) ;
#2127 = CARTESIAN_POINT ( 'NONE',  ( -8.238546514803072540, 23.72172271798622489, 11.55926945913338066 ) ) ;
#2128 = CARTESIAN_POINT ( 'NONE',  ( -7.775759074648851410, 23.73183954124207062, 11.03845548392767739 ) ) ;
#2129 = CARTESIAN_POINT ( 'NONE',  ( -8.676171267193264924, 25.37442595958374625, 8.027715792403892436 ) ) ;
#2130 = PERSON_AND_ORGANIZATION ( #18446744073709551615, #18446744073709551615 ) ;
#2131 = ORIENTED_EDGE ( 'NONE', *, *, #393, .F. ) ;
#2132 = CARTESIAN_POINT ( 'NONE',  ( -9.381080942670264378, 24.99211930817285676, 6.142955870789533535 ) ) ;
#2133 = CARTESIAN_POINT ( 'NONE',  ( -10.13183366294488152, 25.06872149824671325, -11.78415912193304393 ) ) ;
#2134 = FACE_OUTER_BOUND ( 'NONE', #380, .T. ) ;
#2135 = ORIENTED_EDGE ( 'NONE', *, *, #1784, .F. ) ;
#2136 = CARTESIAN_POINT ( 'NONE',  ( -10.24361992217217043, 20.45584412271570685, 13.56717549418733704 ) ) ;
#2137 = CARTESIAN_POINT ( 'NONE',  ( -12.89897025761221450, 24.00495197631162014, 3.011863619388597701 ) ) ;
#2138 = CARTESIAN_POINT ( 'NONE',  ( -8.155810582164122025, 23.89574610645160746, 11.41052637592061103 ) ) ;
#2139 = CARTESIAN_POINT ( 'NONE',  ( -14.17524100272391863, 22.24301665048094989, 2.452769119434434320 ) ) ;
#2140 = VECTOR ( 'NONE', #19, 1000.000000000000000 ) ;
#2141 = CARTESIAN_POINT ( 'NONE',  ( -9.032232877497680334, 24.61298720717704214, 8.688844945348963122 ) ) ;
#2142 = CARTESIAN_POINT ( 'NONE',  ( -10.57447833386354574, 22.24895006858396940, 8.679515550014336611 ) ) ;
#2143 = ORIENTED_EDGE ( 'NONE', *, *, #325, .T. ) ;
#2144 = CARTESIAN_POINT ( 'NONE',  ( -14.59049893296909417, 25.86190880406061154, -3.034293567341927567 ) ) ;
#2145 = CARTESIAN_POINT ( 'NONE',  ( -9.898876126652766061, 22.52693629014241949, 10.68858391597729351 ) ) ;
#2146 = ORIENTED_EDGE ( 'NONE', *, *, #9, .F. ) ;
#2147 = CARTESIAN_POINT ( 'NONE',  ( -4.571572999904312873, 27.99831645537221547, 10.73367744147629033 ) ) ;
#2148 = CARTESIAN_POINT ( 'NONE',  ( 4.571572999904165435, 27.99831645537221192, 10.73367744147635250 ) ) ;
#2149 = DIRECTION ( 'NONE',  ( 0.000000000000000000, 0.000000000000000000, -1.000000000000000000 ) ) ;
#2150 = EDGE_CURVE ( 'NONE', #1950, #2234, #612, .T. ) ;
#2151 = ADVANCED_FACE ( 'NONE', ( #203 ), #1871, .T. ) ;
#2152 = CARTESIAN_POINT ( 'NONE',  ( 0.000000000000000000, 3.066687844136003704, 0.000000000000000000 ) ) ;
#2153 = CARTESIAN_POINT ( 'NONE',  ( -8.669190810888558474, 25.47954057727192989, 7.863403023516719159 ) ) ;
#2154 = ORIENTED_EDGE ( 'NONE', *, *, #854, .T. ) ;
#2155 = CONICAL_SURFACE ( 'NONE', #503, 17.00000000000000000, 0.7853981633974435050 ) ;
#2156 = CARTESIAN_POINT ( 'NONE',  ( -8.771813411031924801, 25.34735849414044750, 6.602076051139039059 ) ) ;
#2157 = CARTESIAN_POINT ( 'NONE',  ( -10.33263825195380292, 23.94225646110929517, 6.256689320312364799 ) ) ;
#2158 = VECTOR ( 'NONE', #349, 1000.000000000000000 ) ;
#2159 = EDGE_LOOP ( 'NONE', ( #300, #242, #1657, #589 ) ) ;
#2160 = CARTESIAN_POINT ( 'NONE',  ( -9.864315064851240322, 20.67666942915358774, 13.85356191225158007 ) ) ;
#2161 = CARTESIAN_POINT ( 'NONE',  ( 6.597480218455205936, 23.30532186051273769, 15.10048327485237785 ) ) ;
#2162 = CARTESIAN_POINT ( 'NONE',  ( -10.71343594600114102, 24.74838256627758781, 4.244288131759146765 ) ) ;
#2163 = DIRECTION ( 'NONE',  ( -0.000000000000000000, -1.000000000000000000, -0.000000000000000000 ) ) ;
#2164 = CARTESIAN_POINT ( 'NONE',  ( -9.579980344782025981, 23.10700876116417746, 8.962043130183612760 ) ) ;
#2165 = CARTESIAN_POINT ( 'NONE',  ( -13.61684427554862786, 22.55478830892878861, 4.202132943784311792 ) ) ;
#2166 = DIRECTION ( 'NONE',  ( -1.000000000000000000, 0.000000000000000000, 0.000000000000000000 ) ) ;
#2167 = ORIENTED_EDGE ( 'NONE', *, *, #972, .F. ) ;
#2168 = CARTESIAN_POINT ( 'NONE',  ( -11.52592081215676778, 22.74079956552463599, 7.511554663508157148 ) ) ;
#2169 = CARTESIAN_POINT ( 'NONE',  ( 4.426712318469766316, 26.41099027689966050, 13.64843312356843441 ) ) ;
#2170 = AXIS2_PLACEMENT_3D ( 'NONE', #1135, #1531, #1886 ) ;
#2171 = CARTESIAN_POINT ( 'NONE',  ( -12.76108817653053151, 23.59451923719704070, 2.634063019971369712 ) ) ;
#2172 = CARTESIAN_POINT ( 'NONE',  ( -8.575683604500296653, 21.76447075340865212, -14.55675470324388243 ) ) ;
#2173 = ADVANCED_FACE ( 'NONE', ( #598 ), #1464, .T. ) ;
#2174 = AXIS2_PLACEMENT_3D ( 'NONE', #728, #2371, #1304 ) ;
#2175 = CARTESIAN_POINT ( 'NONE',  ( -9.168117071369293214, 23.33053921282053977, 9.300282606422650034 ) ) ;
#2176 = CARTESIAN_POINT ( 'NONE',  ( -11.89605993154180652, 25.29236125298664817, 1.283018671781343656 ) ) ;
#2177 = CARTESIAN_POINT ( 'NONE',  ( -12.25385254979393501, 25.61437496128362667, 1.428307799995802485 ) ) ;
#2178 = CARTESIAN_POINT ( 'NONE',  ( -8.580605245354826494, 25.36829701625428157, 6.898119296547585044 ) ) ;
#2179 = EDGE_LOOP ( 'NONE', ( #330, #958, #1141, #448 ) ) ;
#2180 = PLANE ( 'NONE',  #1847 ) ;
#2181 = DIRECTION ( 'NONE',  ( -0.6958540455336975628, -0.7181832268400499819, 0.000000000000000000 ) ) ;
#2182 = CARTESIAN_POINT ( 'NONE',  ( -10.00340623402238371, 23.32263787243227071, 9.172186650639275740 ) ) ;
#2183 = CARTESIAN_POINT ( 'NONE',  ( -8.227694242552313852, 21.46734951998727681, -14.80606902062269370 ) ) ;
#2184 = LINE ( 'NONE', #1247, #1117 ) ;
#2185 = PLANE ( 'NONE',  #520 ) ;
#2186 = CARTESIAN_POINT ( 'NONE',  ( 13.06795392802150779, 27.18851298158921281, -2.623474414127197729 ) ) ;
#2187 = CARTESIAN_POINT ( 'NONE',  ( 0.000000000000000000, -5.000000000000007994, 0.000000000000000000 ) ) ;
#2188 = ORIENTED_EDGE ( 'NONE', *, *, #1190, .T. ) ;
#2189 = DIRECTION ( 'NONE',  ( 0.5599328487345912597, 0.7660280164886280607, -0.3157155093790350309 ) ) ;
#2190 = CARTESIAN_POINT ( 'NONE',  ( -12.12623207529756719, 24.72095513258900823, 3.148689443397783894 ) ) ;
#2191 = CARTESIAN_POINT ( 'NONE',  ( -10.41902056757120221, 22.90780183605744824, 9.148499038821139351 ) ) ;
#2192 = B_SPLINE_SURFACE_WITH_KNOTS ( 'NONE', 3, 1, ( 
 ( #1042, #139 ),
 ( #2300, #1399 ),
 ( #2157, #117 ),
 ( #1379, #130 ),
 ( #1926, #2124 ),
 ( #671, #693 ),
 ( #314, #274 ),
 ( #1791, #1421 ),
 ( #1224, #1252 ),
 ( #883, #862 ),
 ( #1607, #103 ) ),
 .UNSPECIFIED., .F., .F., .F.,
 ( 4, 1, 1, 1, 1, 1, 1, 1, 4 ),
 ( 2, 2 ),
 ( 0.000000000000000000, 0.1608970019354876158, 0.3104057397686574293, 0.4493147563263212851, 0.5773654380991076751, 0.6960117402747756365, 0.8053868608960021991, 0.9060533543798418021, 1.000000000000000000 ),
 ( 0.000000000000000000, 1.000000000000000000 ),
 .UNSPECIFIED. ) ;
#2193 = CARTESIAN_POINT ( 'NONE',  ( -11.77753759126130895, 24.42297967621744093, 2.947300907817853588 ) ) ;
#2194 = ORIENTED_EDGE ( 'NONE', *, *, #1953, .T. ) ;
#2195 = CARTESIAN_POINT ( 'NONE',  ( -13.28513730146415561, 22.23339450408552054, 4.010621833004569758 ) ) ;
#2196 = CARTESIAN_POINT ( 'NONE',  ( -10.00340623402238371, 23.32263787243227071, 9.172186650639275740 ) ) ;
#2197 = EDGE_CURVE ( 'NONE', #1789, #1689, #2078, .T. ) ;
#2198 = CARTESIAN_POINT ( 'NONE',  ( -9.453287028994072472, 22.55062741419045125, 11.42060844551913945 ) ) ;
#2199 = ORIENTED_EDGE ( 'NONE', *, *, #678, .F. ) ;
#2200 = CARTESIAN_POINT ( 'NONE',  ( -11.26197558040219882, 22.48558760024734227, 8.397017747195059556 ) ) ;
#2201 = CARTESIAN_POINT ( 'NONE',  ( -11.79452510121309494, 24.39956132774574016, 2.957178332618040972 ) ) ;
#2202 = CIRCLE ( 'NONE', #440, 20.51814982705237611 ) ;
#2203 = PRODUCT_RELATED_PRODUCT_CATEGORY ( 'detail', '', ( #369 ) ) ;
#2204 = CARTESIAN_POINT ( 'NONE',  ( -10.50402290284446316, 25.29532825773225113, 3.689118306326943930 ) ) ;
#2205 = DIRECTION ( 'NONE',  ( -0.6634139481689453888, 0.6427876096865345890, 0.3830222215594849544 ) ) ;
#2206 = CARTESIAN_POINT ( 'NONE',  ( 9.178503077268869603, 26.91695893408713047, -10.23330377119132351 ) ) ;
#2207 = EDGE_LOOP ( 'NONE', ( #1478, #1032, #2117, #1419 ) ) ;
#2208 = CARTESIAN_POINT ( 'NONE',  ( -11.77538958412966785, 25.28671516185666945, 1.501501110435689457 ) ) ;
#2209 = CARTESIAN_POINT ( 'NONE',  ( -10.17788315917560737, 23.13663408959192580, 9.182135162683291441 ) ) ;
#2210 = PLANE ( 'NONE',  #640 ) ;
#2211 = DIRECTION ( 'NONE',  ( -0.000000000000000000, -0.000000000000000000, -1.000000000000000000 ) ) ;
#2212 = ORIENTED_EDGE ( 'NONE', *, *, #444, .T. ) ;
#2213 = CARTESIAN_POINT ( 'NONE',  ( -11.24690176856515755, 23.42332746908175167, 6.849411999002191109 ) ) ;
#2214 = DIRECTION ( 'NONE',  ( -0.000000000000000000, -1.000000000000000000, -0.000000000000000000 ) ) ;
#2215 = CARTESIAN_POINT ( 'NONE',  ( -11.13618473244387630, 22.22836249273017017, 7.741161583348157293 ) ) ;
#2216 = CARTESIAN_POINT ( 'NONE',  ( 9.778662016216539854, 23.30532186051275190, -13.26382710757374639 ) ) ;
#2217 = ORIENTED_EDGE ( 'NONE', *, *, #1436, .F. ) ;
#2218 = CARTESIAN_POINT ( 'NONE',  ( -12.07573551425388025, 24.79056781075664873, 3.119328107581485376 ) ) ;
#2219 = CARTESIAN_POINT ( 'NONE',  ( -9.421161464445891198, 24.95918528721677276, 6.128804220355140941 ) ) ;
#2220 = CARTESIAN_POINT ( 'NONE',  ( -9.386347010588092843, 22.16501799001897766, 10.87827412032715202 ) ) ;
#2221 = CARTESIAN_POINT ( 'NONE',  ( -9.255864291629258389, 23.90484474436662055, 9.489908132634948146 ) ) ;
#2222 = ORIENTED_EDGE ( 'NONE', *, *, #1190, .F. ) ;
#2223 = DIRECTION ( 'NONE',  ( -0.6634139481689453888, 0.6427876096865345890, 0.3830222215594849544 ) ) ;
#2224 = CARTESIAN_POINT ( 'NONE',  ( -11.81270429723288551, 24.37502408770472684, 2.966869419608043401 ) ) ;
#2225 = LOCAL_TIME ( 19, 36, 22.00000000000000000, #2243 ) ;
#2226 = CARTESIAN_POINT ( 'NONE',  ( -10.93026860631772657, 22.16419379540407419, 8.205506636415316635 ) ) ;
#2227 = CLOSED_SHELL ( 'NONE', ( #1653, #1471, #828, #1687, #1824, #1656, #1526, #974, #1352, #983, #221, #1331, #2356, #1323, #729, #1472, #404, #623, #1503, #2278, #447, #1860, #1732, #121, #210, #1612, #874, #422, #547, #1152, #1422, #36, #1145, #662, #836, #181, #375, #1615, #239, #2106, #2151, #900, #760, #476, #2173, #1404 ) ) ;
#2228 = DIRECTION ( 'NONE',  ( 0.000000000000000000, -0.6427876096865345890, 0.7660444431189822323 ) ) ;
#2229 = ORIENTED_EDGE ( 'NONE', *, *, #1262, .F. ) ;
#2230 = CARTESIAN_POINT ( 'NONE',  ( -11.65702999828824282, 24.60311299459944934, 2.853726579510897032 ) ) ;
#2231 = B_SPLINE_CURVE_WITH_KNOTS ( 'NONE', 3,
 ( #655, #978, #631, #1183, #1909, #1051, #2164, #1593, #1208, #127, #690, #2358, #703, #1604, #1616, #1778, #148, #1261, #1986, #2142, #714, #2344, #1432, #1027, #1418, #667, #311 ),
 .UNSPECIFIED., .F., .F.,
 ( 4, 1, 1, 1, 1, 1, 1, 1, 1, 1, 1, 1, 1, 1, 1, 1, 1, 1, 1, 1, 1, 1, 1, 1, 4 ),
 ( 0.000000000000000000, 0.06767598791693626992, 0.1314058836117490692, 0.1916331965490327693, 0.2479542983103588949, 0.3009512595610890906, 0.3504641882187810031, 0.3964782250785185980, 0.4395921636102749219, 0.4803145896744697163, 0.5191666765278275530, 0.5565483186661607240, 0.5923540554502068067, 0.6267371605845014626, 0.6601496280591095944, 0.6925940726125773272, 0.7245923051313789554, 0.7564023548164032773, 0.7881340805348324707, 0.8209693996596837406, 0.8543960500004998959, 0.8888067149055467464, 0.9241863098459973669, 0.9615341243503336965, 0.9999999999999998890 ),
 .UNSPECIFIED. ) ;
#2232 = CARTESIAN_POINT ( 'NONE',  ( -9.194500216102612811, 22.69292479333581269, 11.63003699705924809 ) ) ;
#2233 = CARTESIAN_POINT ( 'NONE',  ( -8.731569432459817648, 25.17757157821121083, 8.262124233126804995 ) ) ;
#2234 = VERTEX_POINT ( 'NONE', #827 ) ;
#2235 = CARTESIAN_POINT ( 'NONE',  ( -9.567169152568293811, 22.20554248529915142, 10.49707280519755059 ) ) ;
#2236 = DIRECTION ( 'NONE',  ( -0.5602404919947383544, -0.7660247587379316325, 0.3151771884670385160 ) ) ;
#2237 = CARTESIAN_POINT ( 'NONE',  ( -11.19421383807229553, 22.41940576068136792, 7.320043552728415115 ) ) ;
#2238 = DIRECTION ( 'NONE',  ( 0.000000000000000000, -0.7660444431189820103, -0.6427876096865344779 ) ) ;
#2239 = EDGE_LOOP ( 'NONE', ( #357, #1250, #617, #1923, #1237 ) ) ;
#2240 = CARTESIAN_POINT ( 'NONE',  ( -11.65897643930683181, 25.26861265983164984, 1.733514197482850960 ) ) ;
#2241 = DIRECTION ( 'NONE',  ( -0.6634139481689453888, 0.6427876096865345890, 0.3830222215594849544 ) ) ;
#2242 = CARTESIAN_POINT ( 'NONE',  ( -8.676171267193266701, 25.37442595958374625, 8.027715792403892436 ) ) ;
#2243 = COORDINATED_UNIVERSAL_TIME_OFFSET ( 1, 0, .AHEAD. ) ;
#2244 = LINE ( 'NONE', #834, #718 ) ;
#2245 = VERTEX_POINT ( 'NONE', #816 ) ;
#2246 = CARTESIAN_POINT ( 'NONE',  ( -9.407877201450034477, 22.16430397071751557, 10.84218100252263994 ) ) ;
#2247 = CARTESIAN_POINT ( 'NONE',  ( 1.959434878635765131E-15, 1.066687844135982610, -15.00000000000000000 ) ) ;
#2248 = CARTESIAN_POINT ( 'NONE',  ( -12.76108817653053151, 23.59451923719704070, 2.634063019971369712 ) ) ;
#2249 = EDGE_CURVE ( 'NONE', #1336, #1386, #126, .T. ) ;
#2250 = EDGE_CURVE ( 'NONE', #2234, #1928, #1060, .T. ) ;
#2251 = CARTESIAN_POINT ( 'NONE',  ( -11.31451815133288008, 22.48814716976940886, 8.301715877098917673 ) ) ;
#2252 = AXIS2_PLACEMENT_3D ( 'NONE', #359, #350, #1990 ) ;
#2253 = DIRECTION ( 'NONE',  ( 0.000000000000000000, 0.9324348588923664360, 0.3613381157895922957 ) ) ;
#2254 = ORIENTED_EDGE ( 'NONE', *, *, #801, .F. ) ;
#2255 = CARTESIAN_POINT ( 'NONE',  ( -9.012095964165455442, 25.68766423676385102, 6.920200904025991306 ) ) ;
#2256 = CARTESIAN_POINT ( 'NONE',  ( -13.19599678596895309, 23.53452926787180743, 1.981454334045141819 ) ) ;
#2257 = CARTESIAN_POINT ( 'NONE',  ( -8.845874845281878507, 24.92889214628826977, 8.481475089754642482 ) ) ;
#2258 = CARTESIAN_POINT ( 'NONE',  ( 2.284715392018419777, 18.85272439341059325, -17.00000000000000355 ) ) ;
#2259 = ORIENTED_EDGE ( 'NONE', *, *, #2377, .T. ) ;
#2260 = DIRECTION ( 'NONE',  ( 0.6958540455341775122, 0.7181832268395849095, 0.000000000000000000 ) ) ;
#2261 = LINE ( 'NONE', #259, #556 ) ;
#2262 = CARTESIAN_POINT ( 'NONE',  ( -12.56726328352774225, 23.68355817146835207, 2.820352508608855668 ) ) ;
#2263 = CARTESIAN_POINT ( 'NONE',  ( -11.03055589113361989, 22.17391748579087007, 8.015485673726598037 ) ) ;
#2264 = DESIGN_CONTEXT ( 'detailed design', #1448, 'design' ) ;
#2265 = PLANE ( 'NONE',  #1792 ) ;
#2266 = VECTOR ( 'NONE', #309, 1000.000000000000000 ) ;
#2267 = VERTEX_POINT ( 'NONE', #803 ) ;
#2268 = CARTESIAN_POINT ( 'NONE',  ( -12.77211650714401792, 24.08123108848635496, 3.103569210545510604 ) ) ;
#2269 = CARTESIAN_POINT ( 'NONE',  ( -7.961356350437093887, 23.30726200502917678, 11.42951728060083205 ) ) ;
#2270 = CARTESIAN_POINT ( 'NONE',  ( -9.397972607989641958, 23.76238938707647108, 9.482837784043500307 ) ) ;
#2271 = EDGE_CURVE ( 'NONE', #271, #1275, #1191, .T. ) ;
#2272 = ORIENTED_EDGE ( 'NONE', *, *, #1429, .F. ) ;
#2273 = CARTESIAN_POINT ( 'NONE',  ( -9.933966445375089549, 22.55825937933028413, 10.57523931592665001 ) ) ;
#2274 = CARTESIAN_POINT ( 'NONE',  ( -10.06061822983531506, 24.06975490396197870, -12.62239162275578330 ) ) ;
#2275 = DIRECTION ( 'NONE',  ( -0.2613003858630724152, -0.6786814461618645433, 0.6863771579703461523 ) ) ;
#2276 = CARTESIAN_POINT ( 'NONE',  ( -11.46702254905804175, 22.98516210847174079, 7.203480408351818021 ) ) ;
#2277 = CARTESIAN_POINT ( 'NONE',  ( -9.255864291629258389, 23.90484474436662055, 9.489908132634948146 ) ) ;
#2278 = ADVANCED_FACE ( 'NONE', ( #1748 ), #2265, .T. ) ;
#2279 = EDGE_LOOP ( 'NONE', ( #417, #1800, #2009, #455 ) ) ;
#2280 = CIRCLE ( 'NONE', #1257, 20.51814982705234769 ) ;
#2281 = CARTESIAN_POINT ( 'NONE',  ( -7.860604660498399454, 23.48958050578238144, 11.29805755304546899 ) ) ;
#2282 = CARTESIAN_POINT ( 'NONE',  ( -8.705793893014920570, 25.59557464555907913, 7.605276337752740368 ) ) ;
#2283 = VECTOR ( 'NONE', #1911, 1000.000000000000000 ) ;
#2284 = ORIENTED_EDGE ( 'NONE', *, *, #1301, .T. ) ;
#2285 = EDGE_CURVE ( 'NONE', #582, #694, #2292, .T. ) ;
#2286 = CARTESIAN_POINT ( 'NONE',  ( -15.10690870896005933, 25.27476274248522969, -2.943393449453376221 ) ) ;
#2287 = DIRECTION ( 'NONE',  ( 0.6958540455341940545, -0.7181832268395690333, 0.000000000000000000 ) ) ;
#2288 = CARTESIAN_POINT ( 'NONE',  ( -12.63124327346096543, 23.65091249212535374, 2.764321870369230716 ) ) ;
#2289 = AXIS2_PLACEMENT_3D ( 'NONE', #1389, #1585, #839 ) ;
#2290 = ORIENTED_EDGE ( 'NONE', *, *, #444, .F. ) ;
#2291 = CARTESIAN_POINT ( 'NONE',  ( -4.671491872959143699, 25.85395122780032651, 14.15928501984022958 ) ) ;
#2292 = LINE ( 'NONE', #1382, #747 ) ;
#2293 = VERTEX_POINT ( 'NONE', #58 ) ;
#2294 = B_SPLINE_CURVE_WITH_KNOTS ( 'NONE', 3,
 ( #1668, #538, #1640, #1, #1075, #1434, #1816, #346, #373, #2370, #159, #1975, #734, #2198, #138, #1807, #2017, #1272, #1289 ),
 .UNSPECIFIED., .F., .F.,
 ( 4, 1, 1, 1, 1, 1, 1, 1, 1, 1, 1, 1, 1, 1, 1, 1, 4 ),
 ( 0.000000000000000000, 0.06540035440720293192, 0.1284562177603073008, 0.1901782114137598456, 0.2513979924744739747, 0.3125958447152664132, 0.3740713389040765113, 0.4368685733423092743, 0.5011576365337122585, 0.5657941649819941965, 0.6283464549401776011, 0.6897741693561232346, 0.7503437128838068571, 0.8113025798480695272, 0.8727302942640139394, 0.9355662573953610339, 1.000000000000000000 ),
 .UNSPECIFIED. ) ;
#2295 = CARTESIAN_POINT ( 'NONE',  ( -8.070914076089925615, 23.14403643361501040, 11.51368276695307635 ) ) ;
#2296 = CARTESIAN_POINT ( 'NONE',  ( -8.757518278159377445, 25.64841552183010265, 7.427009555112069172 ) ) ;
#2297 = ORIENTED_EDGE ( 'NONE', *, *, #1655, .F. ) ;
#2298 = CARTESIAN_POINT ( 'NONE',  ( -14.03324596609813746, 26.41099027689965340, -2.990571238743958915 ) ) ;
#2299 = DIRECTION ( 'NONE',  ( -0.6634139481689400597, -0.6427876096865347000, -0.3830222215594941138 ) ) ;
#2300 = CARTESIAN_POINT ( 'NONE',  ( -10.42926655930084401, 23.81175912026056452, 6.308324723689485936 ) ) ;
#2301 = EDGE_LOOP ( 'NONE', ( #1468, #953, #52, #118 ) ) ;
#2302 = CARTESIAN_POINT ( 'NONE',  ( -9.481757848539967171, 20.92089913206175567, 14.10630434043929604 ) ) ;
#2303 = CARTESIAN_POINT ( 'NONE',  ( -8.431244270723979639, 24.77945959791276209, 8.145006614383675014 ) ) ;
#2304 = CARTESIAN_POINT ( 'NONE',  ( -12.22776690562627877, 25.61375505782991624, 1.474529782561086133 ) ) ;
#2305 = CARTESIAN_POINT ( 'NONE',  ( -8.769760122063461338, 22.43562848210306626, 11.49209561033172911 ) ) ;
#2306 = CARTESIAN_POINT ( 'NONE',  ( -9.075378139522559451, 25.21280343027628845, 6.302096726930247250 ) ) ;
#2307 = APPLICATION_PROTOCOL_DEFINITION ( 'international standard', 'config_control_design', 1994, #1448 ) ;
#2308 = ORIENTED_EDGE ( 'NONE', *, *, #1763, .T. ) ;
#2309 = FACE_OUTER_BOUND ( 'NONE', #643, .T. ) ;
#2310 = CARTESIAN_POINT ( 'NONE',  ( 14.04262731258466346, 26.40233341917613785, -2.992292275255850065 ) ) ;
#2311 = CARTESIAN_POINT ( 'NONE',  ( -9.945410004520836011, 22.92628793224042383, 9.937793244047583130 ) ) ;
#2312 = ORIENTED_EDGE ( 'NONE', *, *, #754, .F. ) ;
#2313 = CARTESIAN_POINT ( 'NONE',  ( -6.069410307204185173, 23.87489491037279521, 15.05927011895564682 ) ) ;
#2314 = CARTESIAN_POINT ( 'NONE',  ( -12.29287086354693770, 24.50976797846660560, 3.214476721905128898 ) ) ;
#2315 = CARTESIAN_POINT ( 'NONE',  ( -9.012654518758999700, 24.13677814254515042, 9.521929358404950250 ) ) ;
#2316 = CARTESIAN_POINT ( 'NONE',  ( -12.10709655821414188, 25.60810896669994108, 1.693012221215433266 ) ) ;
#2317 = CARTESIAN_POINT ( 'NONE',  ( -7.931347801743774184, 24.08142742296844574, 10.18228977827299175 ) ) ;
#2318 = CC_DESIGN_SECURITY_CLASSIFICATION ( #2035, ( #1195 ) ) ;
#2319 = CARTESIAN_POINT ( 'NONE',  ( -9.186629976487376226, 25.14067457322595089, 6.230449487568169076 ) ) ;
#2320 = ORIENTED_EDGE ( 'NONE', *, *, #363, .F. ) ;
#2321 = CARTESIAN_POINT ( 'NONE',  ( -12.17188449604402756, 22.23867342685385751, 5.929973169365001517 ) ) ;
#2322 = CARTESIAN_POINT ( 'NONE',  ( 0.000000000000000000, 0.000000000000000000, 0.000000000000000000 ) ) ;
#2323 = EDGE_CURVE ( 'NONE', #1736, #1513, #1166, .T. ) ;
#2324 = ORIENTED_EDGE ( 'NONE', *, *, #2102, .F. ) ;
#2325 = DIRECTION ( 'NONE',  ( 0.000000000000000000, -0.9331617749413322338, -0.3594566758155179897 ) ) ;
#2326 = EDGE_CURVE ( 'NONE', #470, #465, #1035, .T. ) ;
#2327 = EDGE_CURVE ( 'NONE', #940, #2104, #516, .T. ) ;
#2328 = LINE ( 'NONE', #685, #1646 ) ;
#2329 = EDGE_CURVE ( 'NONE', #707, #364, #2244, .T. ) ;
#2330 = CARTESIAN_POINT ( 'NONE',  ( -12.10924456534578120, 24.74437348106070900, 3.138812018597596065 ) ) ;
#2331 = EDGE_CURVE ( 'NONE', #2267, #1110, #1165, .T. ) ;
#2332 = DIRECTION ( 'NONE',  ( 0.000000000000000000, 1.000000000000000000, 0.000000000000000000 ) ) ;
#2333 = CARTESIAN_POINT ( 'NONE',  ( -8.929590161613193189, 25.69041001381465961, 7.058497184944558356 ) ) ;
#2334 = DATE_TIME_ROLE ( 'creation_date' ) ;
#2335 = ORIENTED_EDGE ( 'NONE', *, *, #1073, .F. ) ;
#2336 = CARTESIAN_POINT ( 'NONE',  ( 4.571572999904165435, 27.99831645537221192, 10.73367744147635250 ) ) ;
#2337 = CARTESIAN_POINT ( 'NONE',  ( -14.17524100272391863, 22.24301665048094989, 2.452769119434434320 ) ) ;
#2338 = EDGE_LOOP ( 'NONE', ( #1742, #613, #1373, #41, #1068, #458 ) ) ;
#2339 = CARTESIAN_POINT ( 'NONE',  ( -8.708584780769022871, 21.46734951998727681, 14.52842673893252901 ) ) ;
#2340 = CARTESIAN_POINT ( 'NONE',  ( 5.896020310032758616, 24.07556968965584687, 15.02281813701453750 ) ) ;
#2341 = CARTESIAN_POINT ( 'NONE',  ( -9.438051204616535017, 24.03060868964977814, 8.963294182661870835 ) ) ;
#2342 = LINE ( 'NONE', #725, #1313 ) ;
#2343 = CC_DESIGN_APPROVAL ( #185, ( #626 ) ) ;
#2344 = CARTESIAN_POINT ( 'NONE',  ( -10.69895794585878335, 22.19997117784631158, 8.546106875838974659 ) ) ;
#2345 = ORIENTED_EDGE ( 'NONE', *, *, #112, .F. ) ;
#2346 = CIRCLE ( 'NONE', #813, 17.00000000000000000 ) ;
#2347 = DIRECTION ( 'NONE',  ( 0.6615505677465095546, 0.000000000000000000, -0.7499005576169888165 ) ) ;
#2348 = CARTESIAN_POINT ( 'NONE',  ( -8.095185314679726574, 23.11028521242523937, 11.52828502305718139 ) ) ;
#2349 = AXIS2_PLACEMENT_3D ( 'NONE', #1044, #851, #2325 ) ;
#2350 = ORIENTED_EDGE ( 'NONE', *, *, #1400, .T. ) ;
#2351 = EDGE_CURVE ( 'NONE', #1560, #1507, #1353, .T. ) ;
#2352 = CARTESIAN_POINT ( 'NONE',  ( -11.01188410370549775, 23.78454758471786690, 6.650275203607190377 ) ) ;
#2353 = LINE ( 'NONE', #523, #1412 ) ;
#2354 = CARTESIAN_POINT ( 'NONE',  ( -11.95168176100540691, 24.98794325883331879, 3.002960179708293431 ) ) ;
#2355 = CARTESIAN_POINT ( 'NONE',  ( -8.045365089579366469, 21.32587943982833778, -14.92477651270666428 ) ) ;
#2356 = ADVANCED_FACE ( 'NONE', ( #2108 ), #606, .F. ) ;
#2357 = LINE ( 'NONE', #353, #1625 ) ;
#2358 = CARTESIAN_POINT ( 'NONE',  ( -10.00940038467435222, 22.65737494958992571, 8.972840934215405184 ) ) ;
#2359 = FACE_OUTER_BOUND ( 'NONE', #12, .T. ) ;
#2360 = CARTESIAN_POINT ( 'NONE',  ( -8.832549397107690936, 25.67982152045675193, 7.244346321216147189 ) ) ;
#2361 = EDGE_CURVE ( 'NONE', #1110, #1728, #514, .T. ) ;
#2362 = ORIENTED_EDGE ( 'NONE', *, *, #754, .T. ) ;
#2363 = CARTESIAN_POINT ( 'NONE',  ( -11.52073158139684139, 22.79359787101038393, 7.431936597516823895 ) ) ;
#2364 = DIRECTION ( 'NONE',  ( 0.000000000000000000, 0.000000000000000000, 1.000000000000000000 ) ) ;
#2365 = CARTESIAN_POINT ( 'NONE',  ( -9.384891229906180854, 23.34339055631592075, 8.903251634894559174 ) ) ;
#2366 = VECTOR ( 'NONE', #2275, 1000.000000000000114 ) ;
#2367 = CARTESIAN_POINT ( 'NONE',  ( -11.45227503138716862, 25.07394489629269785, 3.723630124503251704 ) ) ;
#2368 = B_SPLINE_SURFACE_WITH_KNOTS ( 'NONE', 3, 1, ( 
 ( #2226, #788 ),
 ( #775, #1734 ),
 ( #1139, #2251 ),
 ( #2263, #439 ),
 ( #238, #453 ),
 ( #262, #56 ),
 ( #814, #227 ),
 ( #1522, #611 ),
 ( #1698, #2074 ),
 ( #1888, #1915 ),
 ( #622, #1176 ),
 ( #2237, #251 ),
 ( #1371, #995 ),
 ( #587, #68 ),
 ( #1870, #1334 ),
 ( #1548, #2276 ),
 ( #636, #215 ),
 ( #1008, #1320 ),
 ( #2049, #597 ),
 ( #2064, #1151 ),
 ( #1242, #2125 ),
 ( #1069, #1955 ),
 ( #1587, #1929 ),
 ( #876, #488 ),
 ( #841, #290 ),
 ( #94, #1021 ),
 ( #695, #1758 ) ),
 .UNSPECIFIED., .F., .F., .F.,
 ( 4, 1, 1, 1, 1, 1, 1, 1, 1, 1, 1, 1, 1, 1, 1, 1, 1, 1, 1, 1, 1, 1, 1, 1, 4 ),
 ( 2, 2 ),
 ( 0.000000000000000000, 0.03899313814642612480, 0.07635482514011263100, 0.1125301922201498855, 0.1476379382808191698, 0.1817773989787586364, 0.2154442856924516647, 0.2483202310988956718, 0.2811827719270807990, 0.3139721004093982692, 0.3470048390212343570, 0.3809466200606803077, 0.4152686209914276394, 0.4509714368002168405, 0.4877278611769078620, 0.5258042169672091370, 0.5656559013674377079, 0.6076224563202187179, 0.6528549499599066719, 0.7015575283810511209, 0.7536336538802944629, 0.8095070779948967399, 0.8691710895416577820, 0.9326245990050733292, 1.000000000000000000 ),
 ( 0.000000000000000000, 1.000000000000000000 ),
 .UNSPECIFIED. ) ;
#2369 = CARTESIAN_POINT ( 'NONE',  ( -10.09235449065470824, 23.22569705133097173, 9.180809765371709119 ) ) ;
#2370 = CARTESIAN_POINT ( 'NONE',  ( -9.101467096147933589, 22.75702228694633433, 11.68360672111147203 ) ) ;
#2371 = DIRECTION ( 'NONE',  ( -0.000000000000000000, -1.000000000000000000, -0.000000000000000000 ) ) ;
#2372 = VERTEX_POINT ( 'NONE', #1542 ) ;
#2373 = CARTESIAN_POINT ( 'NONE',  ( -10.91471425112838745, 23.92223151890324218, 6.587517248446738805 ) ) ;
#2374 = CARTESIAN_POINT ( 'NONE',  ( -11.84846663477020101, 24.32675412793172853, 2.985933844880900079 ) ) ;
#2375 = CARTESIAN_POINT ( 'NONE',  ( -10.16327833765024735, 22.52196064701878697, 8.933568684183592623 ) ) ;
#2376 = CARTESIAN_POINT ( 'NONE',  ( -11.51018810876730747, 24.91330069918861057, 2.587507415807590583 ) ) ;
#2377 = EDGE_CURVE ( 'NONE', #2104, #1736, #2231, .T. ) ;
#2378 = CARTESIAN_POINT ( 'NONE',  ( -8.655564117993010953, 23.83918114416277234, 9.334447849258747709 ) ) ;
#2379 = CARTESIAN_POINT ( 'NONE',  ( -8.499104239600857369, 23.33482460720097862, 11.75726236560525173 ) ) ;
#2380 = CARTESIAN_POINT ( 'NONE',  ( -8.728781076910744119, 25.62466140290603178, 7.516647992598309180 ) ) ;
#2381 = VERTEX_POINT ( 'NONE', #1788 ) ;
#2382 = LINE ( 'NONE', #737, #702 ) ;
#2383 = LINE ( 'NONE', #1497, #1724 ) ;
#2384 = CARTESIAN_POINT ( 'NONE',  ( -10.08731359348672818, 22.58640803121418017, 8.956987928041396430 ) ) ;
#2385 = B_SPLINE_SURFACE_WITH_KNOTS ( 'NONE', 3, 1, ( 
 ( #125, #1194 ),
 ( #833, #1248 ),
 ( #98, #1972 ),
 ( #2319, #1579 ),
 ( #2306, #679 ),
 ( #666, #1394 ),
 ( #481, #1219 ),
 ( #1408, #1235 ),
 ( #1960, #310 ),
 ( #1048, #1787 ),
 ( #1603, #2333 ) ),
 .UNSPECIFIED., .F., .F., .F.,
 ( 4, 1, 1, 1, 1, 1, 1, 1, 4 ),
 ( 2, 2 ),
 ( 0.000000000000000000, 0.1309859945199969289, 0.2562688963971114786, 0.3775828340229711033, 0.4974738552373556000, 0.6175823026789744041, 0.7405754599003923078, 0.8670178828007791827, 1.000000000000000000 ),
 ( 0.000000000000000000, 1.000000000000000000 ),
 .UNSPECIFIED. ) ;
#2386 = CARTESIAN_POINT ( 'NONE',  ( -11.48008556555844173, 25.07898650257544304, 2.361592757055970715 ) ) ;
#2387 = CARTESIAN_POINT ( 'NONE',  ( -8.977320608454881778, 23.53115155744022502, 9.294084285334887952 ) ) ;
#2388 = VERTEX_POINT ( 'NONE', #99 ) ;
#2389 = CARTESIAN_POINT ( 'NONE',  ( -11.71386198141799539, 25.27819431463937505, 1.622369723914921957 ) ) ;
#2390 = CARTESIAN_POINT ( 'NONE',  ( -11.94403847045049361, 25.57723859290630486, 2.027243752336190585 ) ) ;
#2391 = CARTESIAN_POINT ( 'NONE',  ( -9.401796769745445204, 24.07987425387552349, 8.943411272315158200 ) ) ;
ENDSEC;
END-ISO-10303-21;
