ISO-10303-21;
HEADER;
FILE_DESCRIPTION (( 'STEP AP203' ),
    '1' );
FILE_NAME ('Export.STEP',
    '2026-04-04T17:36:27',
    ( '' ),
    ( '' ),
    'SwSTEP 2.0',
    'SolidWorks 2026',
    '' );
FILE_SCHEMA (( 'CONFIG_CONTROL_DESIGN' ));
ENDSEC;

DATA;
#1 = COORDINATED_UNIVERSAL_TIME_OFFSET ( 1, 0, .AHEAD. ) ;
#2 = DATE_AND_TIME ( #3443, #2675 ) ;
#3 = PERSON_AND_ORGANIZATION ( #1548, #760 ) ;
#4 = CALENDAR_DATE ( 2026, 4, 4 ) ;
#5 = APPLICATION_PROTOCOL_DEFINITION ( 'international standard', 'config_control_design', 1994, #3024 ) ;
#6 = DOCUMENT_TYPE ( 'geometry' ) ;
#7 = LOCAL_TIME ( 19, 36, 27.00000000000000000, #2652 ) ;
#8 = DATE_AND_TIME ( #817, #2348 ) ;
#9 = LOCAL_TIME ( 19, 36, 27.00000000000000000, #1 ) ;
#10 = PROPERTY_DEFINITION ('document property','', #1134 ) ;
#11 = APPROVAL_PERSON_ORGANIZATION ( #1097, #1213, #3425 ) ;
#12 = PERSON_AND_ORGANIZATION ( #18446744073709551615, #18446744073709551615 ) ;
#13 = CALENDAR_DATE ( 2026, 4, 4 ) ;
#14 = APPROVAL ( #2377, 'UNKNOWN' ) ;
#15 = DATE_AND_TIME ( #1706, #1794 ) ;
#16 = CC_DESIGN_APPROVAL ( #1084, ( #2295 ) ) ;
#17 = APPROVAL_DATE_TIME ( #295, #97 ) ;
#18 = PERSON_AND_ORGANIZATION ( #18446744073709551615, #18446744073709551615 ) ;
#19 = CC_DESIGN_SECURITY_CLASSIFICATION ( #688, ( #3440 ) ) ;
#20 = CC_DESIGN_PERSON_AND_ORGANIZATION_ASSIGNMENT ( #296, #2924, ( #2848 ) ) ;
#21 = APPROVAL_ROLE ( '' ) ;
#22 = CALENDAR_DATE ( 2026, 4, 4 ) ;
#23 = PERSON_AND_ORGANIZATION ( #18446744073709551615, #18446744073709551615 ) ;
#24 = COORDINATED_UNIVERSAL_TIME_OFFSET ( 1, 0, .AHEAD. ) ;
#25 = PRODUCT_DEFINITION_SHAPE ( 'NONE', 'NONE',  #1049 ) ;
#26 = SECURITY_CLASSIFICATION_LEVEL ( 'unclassified' ) ;
#27 = APPROVAL_PERSON_ORGANIZATION ( #163, #3115, #1306 ) ;
#28 = COORDINATED_UNIVERSAL_TIME_OFFSET ( 1, 0, .AHEAD. ) ;
#29 = CALENDAR_DATE ( 2026, 4, 4 ) ;
#30 = COORDINATED_UNIVERSAL_TIME_OFFSET ( 1, 0, .AHEAD. ) ;
#31 = DATE_AND_TIME ( #2920, #1688 ) ;
#32 = APPROVAL_STATUS ( 'not_yet_approved' ) ;
#33 = PERSON_AND_ORGANIZATION ( #1067, #3228 ) ;
#34 = APPROVAL ( #292, 'UNKNOWN' ) ;
#35 = APPLICATION_PROTOCOL_DEFINITION ( 'international standard', 'config_control_design', 1994, #250 ) ;
#36 = CC_DESIGN_APPROVAL ( #1681, ( #1535 ) ) ;
#37 = PERSON_AND_ORGANIZATION_ROLE ( 'creator' ) ;
#38 = APPROVAL_STATUS ( 'not_yet_approved' ) ;
#39 = CC_DESIGN_APPROVAL ( #3442, ( #2514 ) ) ;
#40 = PROPERTY_DEFINITION ('external definition','', #1725 ) ;
#41 = ORGANIZATION ( 'NAUO-ORG4', 'UNSPECIFIED', 'UNSPECIFIED' ) ;
#42 = DATE_TIME_ROLE ( 'classification_date' ) ;
#43 = CC_DESIGN_APPROVAL ( #1185, ( #1664 ) ) ;
#44 = ITEM_DEFINED_TRANSFORMATION ( 'NONE', 'NONE', #256,  #703 ) ;
#45 = COORDINATED_UNIVERSAL_TIME_OFFSET ( 1, 0, .AHEAD. ) ;
#46 = APPROVAL_DATE_TIME ( #328, #3027 ) ;
#47 = MECHANICAL_CONTEXT ( 'NONE', #2896, 'mechanical' ) ;
#48 = SECURITY_CLASSIFICATION ( '', '', #694 ) ;
#49 = PRODUCT_DEFINITION_FORMATION_WITH_SPECIFIED_SOURCE ( 'Symmetrisch', '', #3548, .NOT_KNOWN. ) ;
#50 = PERSON_AND_ORGANIZATION ( #18446744073709551615, #18446744073709551615 ) ;
#51 = ORGANIZATION ( 'NAUO-ORG15', 'UNSPECIFIED', 'UNSPECIFIED' ) ;
#52 = APPROVAL_ROLE ( '' ) ;
#53 = PERSON_AND_ORGANIZATION_ROLE ( 'classification_officer' ) ;
#54 = ITEM_DEFINED_TRANSFORMATION ( 'NONE', 'NONE', #1697,  #3084 ) ;
#55 = CC_DESIGN_APPROVAL ( #2878, ( #3331 ) ) ;
#56 = EXTERNAL_SOURCE (IDENTIFIER('') ) ;
#57 = CALENDAR_DATE ( 2026, 4, 4 ) ;
#58 = DIRECTION ( 'NONE',  ( 0.000000000000000000, 0.000000000000000000, 1.000000000000000000 ) ) ;
#59 = DATE_AND_TIME ( #1184, #413 ) ;
#60 = DATE_TIME_ROLE ( 'classification_date' ) ;
#61 = APPROVAL_ROLE ( '' ) ;
#62 = PRODUCT ( 'Travel Case Latch Right REF2023', 'Travel Case Latch Right REF2023', '', ( #2033 ) ) ;
#63 = DIRECTION ( 'NONE',  ( 1.000000000000000000, 0.000000000000000000, 0.000000000000000000 ) ) ;
#64 = CALENDAR_DATE ( 2026, 4, 4 ) ;
#65 = PERSON_AND_ORGANIZATION ( #1731, #2870 ) ;
#66 = CC_DESIGN_PERSON_AND_ORGANIZATION_ASSIGNMENT ( #3321, #1622, ( #679 ) ) ;
#67 = PRODUCT_DEFINITION_FORMATION_WITH_SPECIFIED_SOURCE ( 'Symmetrisch', '', #2132, .NOT_KNOWN. ) ;
#68 = DATE_AND_TIME ( #1412, #1309 ) ;
#69 = APPLICATION_PROTOCOL_DEFINITION ( 'international standard', 'config_control_design', 1994, #819 ) ;
#70 = PERSON_AND_ORGANIZATION_ROLE ( 'creator' ) ;
#71 = PRODUCT_DEFINITION_FORMATION_WITH_SPECIFIED_SOURCE ( 'Symmetrisch', '', #3511, .NOT_KNOWN. ) ;
#72 = PROPERTY_DEFINITION ('document property','', #1394 ) ;
#73 = APPLICATION_PROTOCOL_DEFINITION ( 'international standard', 'config_control_design', 1994, #1273 ) ;
#74 = PERSON_AND_ORGANIZATION_ROLE ( 'classification_officer' ) ;
#75 = AXIS2_PLACEMENT_3D ( 'NONE', #1537, #2449, #3599 ) ;
#76 = COORDINATED_UNIVERSAL_TIME_OFFSET ( 1, 0, .AHEAD. ) ;
#77 = SHAPE_REPRESENTATION ( 'Travel Case Bot REF2021', ( #2727 ), #1329 ) ;
#78 = DATE_AND_TIME ( #3518, #1846 ) ;
#79 = IDENTIFICATION_ROLE ( 'external document id and location', $) ;
#80 = PROPERTY_DEFINITION_REPRESENTATION ( #1752, #3411 ) ;
#81 = COORDINATED_UNIVERSAL_TIME_OFFSET ( 1, 0, .AHEAD. ) ;
#82 = CC_DESIGN_APPROVAL ( #886, ( #1275 ) ) ;
#83 = APPROVAL_DATE_TIME ( #2398, #3581 ) ;
#84 = DATE_TIME_ROLE ( 'classification_date' ) ;
#85 = CC_DESIGN_PERSON_AND_ORGANIZATION_ASSIGNMENT ( #2663, #2607, ( #1166 ) ) ;
#86 = CC_DESIGN_DATE_AND_TIME_ASSIGNMENT ( #2394, #1164, ( #3093 ) ) ;
#87 = DATE_AND_TIME ( #2935, #2156 ) ;
#88 = APPROVAL_ROLE ( '' ) ;
#89 = CALENDAR_DATE ( 2026, 4, 4 ) ;
#90 = LOCAL_TIME ( 19, 36, 27.00000000000000000, #756 ) ;
#91 = PRODUCT ( 'Rumble Sleeve REF2015', 'Rumble Sleeve REF2015', '', ( #380 ) ) ;
#92 = SECURITY_CLASSIFICATION_LEVEL ( 'unclassified' ) ;
#93 = PERSON_AND_ORGANIZATION ( #18446744073709551615, #18446744073709551615 ) ;
#94 = PERSON_AND_ORGANIZATION_ROLE ( 'classification_officer' ) ;
#95 = COORDINATED_UNIVERSAL_TIME_OFFSET ( 1, 0, .AHEAD. ) ;
#96 = APPROVAL_ROLE ( '' ) ;
#97 = APPROVAL ( #1236, 'Deckungsgleich' ) ;
#98 = SECURITY_CLASSIFICATION ( '', '', #2595 ) ;
#99 = DIRECTION ( 'NONE',  ( 1.000000000000000000, 0.000000000000000000, 0.000000000000000000 ) ) ;
#100 = PERSON_AND_ORGANIZATION ( #18446744073709551615, #18446744073709551615 ) ;
#101 = LOCAL_TIME ( 19, 36, 27.00000000000000000, #1124 ) ;
#102 = DESIGN_CONTEXT ( 'detailed design', #2950, 'design' ) ;
#103 = APPROVAL_DATE_TIME ( #2339, #397 ) ;
#104 = PERSON_AND_ORGANIZATION_ROLE ( 'classification_officer' ) ;
#105 = CC_DESIGN_SECURITY_CLASSIFICATION ( #182, ( #3713 ) ) ;
#106 = CALENDAR_DATE ( 2026, 4, 4 ) ;
#107 = CC_DESIGN_DATE_AND_TIME_ASSIGNMENT ( #2801, #1346, ( #1803 ) ) ;
#108 = APPROVAL ( #1095, 'Deckungsgleich' ) ;
#109 = EXTERNAL_SOURCE (IDENTIFIER('') ) ;
#110 = PERSON_AND_ORGANIZATION ( #18446744073709551615, #18446744073709551615 ) ;
#111 = CALENDAR_DATE ( 2026, 4, 4 ) ;
#112 = LOCAL_TIME ( 19, 36, 27.00000000000000000, #209 ) ;
#113 = CARTESIAN_POINT ( 'NONE',  ( -250.0122740329099429, 104.4759716788158812, 13.09999999999999964 ) ) ;
#114 = PERSON_AND_ORGANIZATION ( #18446744073709551615, #18446744073709551615 ) ;
#115 = CALENDAR_DATE ( 2026, 4, 4 ) ;
#116 = DATE_AND_TIME ( #3520, #683 ) ;
#117 = CC_DESIGN_APPROVAL ( #2818, ( #3432 ) ) ;
#118 = CC_DESIGN_PERSON_AND_ORGANIZATION_ASSIGNMENT ( #163, #2460, ( #1291 ) ) ;
#119 =( LENGTH_UNIT ( ) NAMED_UNIT ( * ) SI_UNIT ( .MILLI., .METRE. ) );
#120 = PERSON_AND_ORGANIZATION_ROLE ( 'creator' ) ;
#121 = APPROVAL_STATUS ( 'not_yet_approved' ) ;
#122 = PRODUCT_DEFINITION_SHAPE ( 'NONE', 'NONE',  #2660 ) ;
#123 = CONTEXT_DEPENDENT_SHAPE_REPRESENTATION ( #916, #2047 ) ;
#124 = APPLICATION_CONTEXT ( 'configuration controlled 3d designs of mechanical parts and assemblies' ) ;
#125 = COORDINATED_UNIVERSAL_TIME_OFFSET ( 1, 0, .AHEAD. ) ;
#126 = DIRECTION ( 'NONE',  ( 0.000000000000000000, 0.000000000000000000, 1.000000000000000000 ) ) ;
#127 = DOCUMENT_TYPE ( 'geometry' ) ;
#128 = SHAPE_DEFINITION_REPRESENTATION ( #3239, #3137 ) ;
#129 = PERSON_AND_ORGANIZATION ( #18446744073709551615, #18446744073709551615 ) ;
#130 = PRODUCT_RELATED_PRODUCT_CATEGORY ( 'detail', '', ( #1839 ) ) ;
#131 = CC_DESIGN_APPROVAL ( #97, ( #1044 ) ) ;
#132 = CC_DESIGN_DATE_AND_TIME_ASSIGNMENT ( #1935, #3058, ( #2469 ) ) ;
#133 = PROPERTY_DEFINITION_REPRESENTATION ( #72, #3537 ) ;
#134 = CARTESIAN_POINT ( 'NONE',  ( -451.3054417407352616, -141.0672190216558022, -37.00000000000000000 ) ) ;
#135 = PERSON_AND_ORGANIZATION_ROLE ( 'design_supplier' ) ;
#136 = COORDINATED_UNIVERSAL_TIME_OFFSET ( 1, 0, .AHEAD. ) ;
#137 = DATE_AND_TIME ( #2453, #1219 ) ;
#138 = PROPERTY_DEFINITION ('document property','', #2088 ) ;
#139 = CC_DESIGN_DATE_AND_TIME_ASSIGNMENT ( #1283, #1342, ( #2906 ) ) ;
#140 =( NAMED_UNIT ( * ) PLANE_ANGLE_UNIT ( ) SI_UNIT ( $, .RADIAN. ) );
#141 = COORDINATED_UNIVERSAL_TIME_OFFSET ( 1, 0, .AHEAD. ) ;
#142 = DESIGN_CONTEXT ( 'detailed design', #1683, 'design' ) ;
#143 = APPROVAL_PERSON_ORGANIZATION ( #1727, #416, #3422 ) ;
#144 = SECURITY_CLASSIFICATION_LEVEL ( 'unclassified' ) ;
#145 = LOCAL_TIME ( 19, 36, 27.00000000000000000, #3575 ) ;
#146 = DOCUMENT_FILE ( 'Screen Lens Frame REF2008.STEP' , '', '', #3683, '' ,$ ) ;
#147 = PERSON_AND_ORGANIZATION_ROLE ( 'design_supplier' ) ;
#148 =( NAMED_UNIT ( * ) SI_UNIT ( $, .STERADIAN. ) SOLID_ANGLE_UNIT ( ) );
#149 = APPLICATION_CONTEXT ( 'configuration controlled 3d designs of mechanical parts and assemblies' ) ;
#150 = PERSON ( 'NAUO-PER9', 'UNSPECIFIED', 'UNSPECIFIED', ('UNSPECIFIED'), ('UNSPECIFIED'), ('UNSPECIFIED') ) ;
#151 = PERSON_AND_ORGANIZATION ( #18446744073709551615, #18446744073709551615 ) ;
#152 = CC_DESIGN_DATE_AND_TIME_ASSIGNMENT ( #2729, #2982, ( #1049 ) ) ;
#153 = COORDINATED_UNIVERSAL_TIME_OFFSET ( 1, 0, .AHEAD. ) ;
#154 =( REPRESENTATION_RELATIONSHIP ('NONE','NONE', #3664, #2386 ) REPRESENTATION_RELATIONSHIP_WITH_TRANSFORMATION ( #1811 )SHAPE_REPRESENTATION_RELATIONSHIP( ) );
#155 = DOCUMENT_FILE ( 'Speaker Plug REF2016.STEP' , '', '', #1414, '' ,$ ) ;
#156 = DIRECTION ( 'NONE',  ( -0.3535533905932778387, 0.7071067811865410224, -0.6123724356957997994 ) ) ;
#157 = CALENDAR_DATE ( 2026, 4, 4 ) ;
#158 = ROLE_ASSOCIATION ( #1862, #1830 ) ;
#159 = DATE_TIME_ROLE ( 'classification_date' ) ;
#160 = PRODUCT ( 'Button Cover Right REF2003', 'Button Cover Right REF2003', '', ( #1751 ) ) ;
#161 = MECHANICAL_CONTEXT ( 'NONE', #1454, 'mechanical' ) ;
#162 = PERSON_AND_ORGANIZATION ( #18446744073709551615, #18446744073709551615 ) ;
#163 = PERSON_AND_ORGANIZATION ( #878, #1772 ) ;
#164 = APPLIED_DOCUMENT_REFERENCE ( #1023,'',( #1049) ) ;
#165 = APPROVAL_DATE_TIME ( #2175, #1681 ) ;
#166 = LOCAL_TIME ( 19, 36, 27.00000000000000000, #2002 ) ;
#167 =( NAMED_UNIT ( * ) SI_UNIT ( $, .STERADIAN. ) SOLID_ANGLE_UNIT ( ) );
#168 = SECURITY_CLASSIFICATION ( '', '', #2716 ) ;
#169 = DATE_TIME_ROLE ( 'classification_date' ) ;
#170 = APPLIED_EXTERNAL_IDENTIFICATION_ASSIGNMENT ( 'PS2 Main Housing Top REF2000.STEP' , #1810, #714,( #1134) ) ;
#171 = DATE_TIME_ROLE ( 'classification_date' ) ;
#172 = SECURITY_CLASSIFICATION_LEVEL ( 'unclassified' ) ;
#173 = CARTESIAN_POINT ( 'NONE',  ( -524.2506921505117816, 12.26716840056237068, 73.89246401884359727 ) ) ;
#174 = APPROVAL_DATE_TIME ( #728, #1651 ) ;
#175 = PERSON_AND_ORGANIZATION ( #18446744073709551615, #18446744073709551615 ) ;
#176 = CC_DESIGN_APPROVAL ( #3696, ( #654 ) ) ;
#177 = LOCAL_TIME ( 19, 36, 27.00000000000000000, #2097 ) ;
#178 = PERSON_AND_ORGANIZATION ( #18446744073709551615, #18446744073709551615 ) ;
#179 = SECURITY_CLASSIFICATION ( '', '', #1071 ) ;
#180 = DATE_AND_TIME ( #800, #662 ) ;
#181 = UNCERTAINTY_MEASURE_WITH_UNIT (LENGTH_MEASURE( 1.000000000000000082E-05 ), #3053, 'distance_accuracy_value', 'NONE');
#182 = SECURITY_CLASSIFICATION ( '', '', #3016 ) ;
#183 = CC_DESIGN_DATE_AND_TIME_ASSIGNMENT ( #1822, #1546, ( #1065 ) ) ;
#184 = LOCAL_TIME ( 19, 36, 27.00000000000000000, #299 ) ;
#185 = CC_DESIGN_PERSON_AND_ORGANIZATION_ASSIGNMENT ( #1445, #594, ( #1475 ) ) ;
#186 = APPROVAL_DATE_TIME ( #1363, #899 ) ;
#187 = APPROVAL ( #2669, 'Deckungsgleich' ) ;
#188 = APPROVAL_DATE_TIME ( #2138, #257 ) ;
#189 = ITEM_DEFINED_TRANSFORMATION ( 'NONE', 'NONE', #2165,  #1792 ) ;
#190 = AXIS2_PLACEMENT_3D ( 'NONE', #1576, #3005, #1013 ) ;
#191 = APPROVAL_PERSON_ORGANIZATION ( #1406, #619, #1396 ) ;
#192 = PROPERTY_DEFINITION_REPRESENTATION ( #2112, #2117 ) ;
#193 = CALENDAR_DATE ( 2026, 4, 4 ) ;
#194 = DATE_AND_TIME ( #1850, #2891 ) ;
#195 = CC_DESIGN_SECURITY_CLASSIFICATION ( #2884, ( #71 ) ) ;
#196 = SECURITY_CLASSIFICATION ( '', '', #1915 ) ;
#197 =( NAMED_UNIT ( * ) SI_UNIT ( $, .STERADIAN. ) SOLID_ANGLE_UNIT ( ) );
#198 = APPLICATION_PROTOCOL_DEFINITION ( 'international standard', 'config_control_design', 1994, #309 ) ;
#199 = APPROVAL_STATUS ( 'not_yet_approved' ) ;
#200 = PROPERTY_DEFINITION ('document property','', #2151 ) ;
#201 = CC_DESIGN_APPROVAL ( #3471, ( #2793 ) ) ;
#202 = COORDINATED_UNIVERSAL_TIME_OFFSET ( 1, 0, .AHEAD. ) ;
#203 = SHAPE_REPRESENTATION ( 'Speaker Plug REF2016', ( #3378 ), #805 ) ;
#204 =( REPRESENTATION_RELATIONSHIP ('NONE','NONE', #3664, #1483 ) REPRESENTATION_RELATIONSHIP_WITH_TRANSFORMATION ( #54 )SHAPE_REPRESENTATION_RELATIONSHIP( ) );
#205 = CC_DESIGN_PERSON_AND_ORGANIZATION_ASSIGNMENT ( #18, #3166, ( #3440 ) ) ;
#206 = LOCAL_TIME ( 19, 36, 27.00000000000000000, #743 ) ;
#207 = APPROVAL ( #2102, 'Deckungsgleich' ) ;
#208 = PERSON_AND_ORGANIZATION_ROLE ( 'design_supplier' ) ;
#209 = COORDINATED_UNIVERSAL_TIME_OFFSET ( 1, 0, .AHEAD. ) ;
#210 = DIRECTION ( 'NONE',  ( 0.000000000000000000, 0.000000000000000000, 1.000000000000000000 ) ) ;
#211 = DATE_AND_TIME ( #2219, #1335 ) ;
#212 = PRODUCT_RELATED_PRODUCT_CATEGORY ( 'detail', '', ( #1559 ) ) ;
#213 = PERSON_AND_ORGANIZATION_ROLE ( 'design_supplier' ) ;
#214 = PERSON ( 'NAUO-PER24', 'UNSPECIFIED', 'UNSPECIFIED', ('UNSPECIFIED'), ('UNSPECIFIED'), ('UNSPECIFIED') ) ;
#215 = DIRECTION ( 'NONE',  ( 1.000000000000000000, 0.000000000000000000, 0.000000000000000000 ) ) ;
#216 = DATE_AND_TIME ( #499, #1367 ) ;
#217 = APPROVAL_STATUS ( 'not_yet_approved' ) ;
#218 = UNCERTAINTY_MEASURE_WITH_UNIT (LENGTH_MEASURE( 1.000000000000000082E-05 ), #3486, 'distance_accuracy_value', 'NONE');
#219 = AXIS2_PLACEMENT_3D ( 'NONE', #1972, #2237, #1123 ) ;
#220 = PERSON_AND_ORGANIZATION_ROLE ( 'design_owner' ) ;
#221 =( REPRESENTATION_RELATIONSHIP ('NONE','NONE', #3664, #1733 ) REPRESENTATION_RELATIONSHIP_WITH_TRANSFORMATION ( #2969 )SHAPE_REPRESENTATION_RELATIONSHIP( ) );
#222 = CC_DESIGN_APPROVAL ( #3009, ( #3684 ) ) ;
#223 = PERSON_AND_ORGANIZATION ( #18446744073709551615, #18446744073709551615 ) ;
#224 = CC_DESIGN_APPROVAL ( #1430, ( #2329 ) ) ;
#225 = APPROVAL ( #3242, 'Deckungsgleich' ) ;
#226 = CALENDAR_DATE ( 2026, 4, 4 ) ;
#227 = APPLIED_EXTERNAL_IDENTIFICATION_ASSIGNMENT ( 'R2 Button REF2012.STEP' , #784, #2466,( #1023) ) ;
#228 = APPROVAL_STATUS ( 'not_yet_approved' ) ;
#229 = PERSON_AND_ORGANIZATION ( #18446744073709551615, #18446744073709551615 ) ;
#230 = APPROVAL_DATE_TIME ( #442, #3571 ) ;
#231 = PROPERTY_DEFINITION ('document property','', #2474 ) ;
#232 = COORDINATED_UNIVERSAL_TIME_OFFSET ( 1, 0, .AHEAD. ) ;
#233 = LOCAL_TIME ( 19, 36, 27.00000000000000000, #2874 ) ;
#234 = MECHANICAL_CONTEXT ( 'NONE', #707, 'mechanical' ) ;
#235 = COORDINATED_UNIVERSAL_TIME_OFFSET ( 1, 0, .AHEAD. ) ;
#236 = CC_DESIGN_DATE_AND_TIME_ASSIGNMENT ( #271, #2279, ( #196 ) ) ;
#237 = APPROVAL_PERSON_ORGANIZATION ( #1365, #1703, #241 ) ;
#238 = APPROVAL_DATE_TIME ( #1717, #619 ) ;
#239 = ORGANIZATION ( 'NAUO-ORG19', 'UNSPECIFIED', 'UNSPECIFIED' ) ;
#240 = APPROVAL_PERSON_ORGANIZATION ( #2518, #388, #3064 ) ;
#241 = APPROVAL_ROLE ( '' ) ;
#242 = CALENDAR_DATE ( 2026, 4, 4 ) ;
#243 = CALENDAR_DATE ( 2026, 4, 4 ) ;
#244 = APPROVAL ( #643, 'Deckungsgleich' ) ;
#245 = COORDINATED_UNIVERSAL_TIME_OFFSET ( 1, 0, .AHEAD. ) ;
#246 = DATE_TIME_ROLE ( 'classification_date' ) ;
#247 = APPROVAL_PERSON_ORGANIZATION ( #691, #1115, #2893 ) ;
#248 = OBJECT_ROLE ('mandatory',$ ) ;
#249 =( NAMED_UNIT ( * ) SI_UNIT ( $, .STERADIAN. ) SOLID_ANGLE_UNIT ( ) );
#250 = APPLICATION_CONTEXT ( 'configuration controlled 3d designs of mechanical parts and assemblies' ) ;
#251 = COORDINATED_UNIVERSAL_TIME_OFFSET ( 1, 0, .AHEAD. ) ;
#252 = PROPERTY_DEFINITION ('external definition','', #146 ) ;
#253 = PERSON_AND_ORGANIZATION ( #18446744073709551615, #18446744073709551615 ) ;
#254 = PROPERTY_DEFINITION ('external definition','', #448 ) ;
#255 = ROLE_ASSOCIATION ( #3594, #2352 ) ;
#256 = AXIS2_PLACEMENT_3D ( 'NONE', #1073, #859, #1173 ) ;
#257 = APPROVAL ( #2177, 'Deckungsgleich' ) ;
#258 = PRODUCT_RELATED_PRODUCT_CATEGORY ( 'detail', '', ( #3511 ) ) ;
#259 = PRODUCT_DEFINITION_SHAPE ( 'NONE', 'NONE',  #3723 ) ;
#260 = PERSON_AND_ORGANIZATION ( #18446744073709551615, #18446744073709551615 ) ;
#261 = SECURITY_CLASSIFICATION ( '', '', #1436 ) ;
#262 = PERSON_AND_ORGANIZATION_ROLE ( 'classification_officer' ) ;
#263 = CC_DESIGN_PERSON_AND_ORGANIZATION_ASSIGNMENT ( #862, #2006, ( #1044 ) ) ;
#264 = DATE_TIME_ROLE ( 'creation_date' ) ;
#265 = PERSON_AND_ORGANIZATION_ROLE ( 'creator' ) ;
#266 = DIRECTION ( 'NONE',  ( 1.000000000000000000, 0.000000000000000000, 0.000000000000000000 ) ) ;
#267 = PERSON_AND_ORGANIZATION ( #18446744073709551615, #18446744073709551615 ) ;
#268 = CC_DESIGN_PERSON_AND_ORGANIZATION_ASSIGNMENT ( #1714, #1423, ( #730 ) ) ;
#269 = APPLIED_EXTERNAL_IDENTIFICATION_ASSIGNMENT ( 'DPAD Sanding Tool.STEP' , #1663, #826,( #3280) ) ;
#270 = OBJECT_ROLE ('mandatory',$ ) ;
#271 = DATE_AND_TIME ( #738, #3312 ) ;
#272 = CALENDAR_DATE ( 2026, 4, 4 ) ;
#273 = APPLICATION_PROTOCOL_DEFINITION ( 'international standard', 'config_control_design', 1994, #124 ) ;
#274 = PERSON_AND_ORGANIZATION ( #18446744073709551615, #18446744073709551615 ) ;
#275 = SECURITY_CLASSIFICATION_LEVEL ( 'unclassified' ) ;
#276 = PRODUCT_DEFINITION_SHAPE ( 'NONE', 'NONE',  #3702 ) ;
#277 = COORDINATED_UNIVERSAL_TIME_OFFSET ( 1, 0, .AHEAD. ) ;
#278 = PERSON_AND_ORGANIZATION_ROLE ( 'design_supplier' ) ;
#279 = ORGANIZATION ( 'NAUO-ORG5', 'UNSPECIFIED', 'UNSPECIFIED' ) ;
#280 = PERSON_AND_ORGANIZATION ( #18446744073709551615, #18446744073709551615 ) ;
#281 = PERSON_AND_ORGANIZATION ( #18446744073709551615, #18446744073709551615 ) ;
#282 = APPROVAL_ROLE ( '' ) ;
#283 = CC_DESIGN_PERSON_AND_ORGANIZATION_ASSIGNMENT ( #1775, #2574, ( #882 ) ) ;
#284 = SECURITY_CLASSIFICATION ( '', '', #2509 ) ;
#285 = DATE_AND_TIME ( #2880, #1851 ) ;
#286 = APPROVAL_STATUS ( 'not_yet_approved' ) ;
#287 = DATE_AND_TIME ( #329, #3543 ) ;
#288 = PRODUCT_DEFINITION_FORMATION_WITH_SPECIFIED_SOURCE ( 'Symmetrisch', '', #91, .NOT_KNOWN. ) ;
#289 =( NAMED_UNIT ( * ) PLANE_ANGLE_UNIT ( ) SI_UNIT ( $, .RADIAN. ) );
#290 = APPROVAL_PERSON_ORGANIZATION ( #1840, #2409, #391 ) ;
#291 = CC_DESIGN_DATE_AND_TIME_ASSIGNMENT ( #2970, #364, ( #1048 ) ) ;
#292 = APPROVAL_STATUS ( 'not_yet_approved' ) ;
#293 = CC_DESIGN_DATE_AND_TIME_ASSIGNMENT ( #2034, #3547, ( #48 ) ) ;
#294 = SHAPE_REPRESENTATION ( 'Button Cover Right REF2003', ( #2760 ), #2492 ) ;
#295 = DATE_AND_TIME ( #2368, #1658 ) ;
#296 = PERSON_AND_ORGANIZATION ( #18446744073709551615, #18446744073709551615 ) ;
#297 = DIRECTION ( 'NONE',  ( 1.000000000000000000, 0.000000000000000000, 0.000000000000000000 ) ) ;
#298 = PERSON_AND_ORGANIZATION ( #18446744073709551615, #18446744073709551615 ) ;
#299 = COORDINATED_UNIVERSAL_TIME_OFFSET ( 1, 0, .AHEAD. ) ;
#300 = OBJECT_ROLE ('mandatory',$ ) ;
#301 = LOCAL_TIME ( 19, 36, 27.00000000000000000, #2435 ) ;
#302 = DATE_AND_TIME ( #3156, #2541 ) ;
#303 = LOCAL_TIME ( 19, 36, 27.00000000000000000, #277 ) ;
#304 = PRODUCT_DEFINITION_SHAPE ( 'NONE', 'NONE',  #3699 ) ;
#305 = CALENDAR_DATE ( 2026, 4, 4 ) ;
#306 = PERSON_AND_ORGANIZATION_ROLE ( 'creator' ) ;
#307 = APPROVAL_STATUS ( 'not_yet_approved' ) ;
#308 = APPROVAL ( #3345, 'UNKNOWN' ) ;
#309 = APPLICATION_CONTEXT ( 'configuration controlled 3d designs of mechanical parts and assemblies' ) ;
#310 = PROPERTY_DEFINITION_REPRESENTATION ( #40, #3248 ) ;
#311 = LOCAL_TIME ( 19, 36, 27.00000000000000000, #1598 ) ;
#312 = DATE_TIME_ROLE ( 'creation_date' ) ;
#313 = COORDINATED_UNIVERSAL_TIME_OFFSET ( 1, 0, .AHEAD. ) ;
#314 =( REPRESENTATION_RELATIONSHIP ('NONE','NONE', #3664, #2515 ) REPRESENTATION_RELATIONSHIP_WITH_TRANSFORMATION ( #1339 )SHAPE_REPRESENTATION_RELATIONSHIP( ) );
#315 = APPLIED_DOCUMENT_REFERENCE ( #2839,'',( #1310) ) ;
#316 = COORDINATED_UNIVERSAL_TIME_OFFSET ( 1, 0, .AHEAD. ) ;
#317 = CC_DESIGN_APPROVAL ( #1813, ( #476 ) ) ;
#318 = CC_DESIGN_PERSON_AND_ORGANIZATION_ASSIGNMENT ( #1650, #1923, ( #376 ) ) ;
#319 =( LENGTH_UNIT ( ) NAMED_UNIT ( * ) SI_UNIT ( .MILLI., .METRE. ) );
#320 = PERSON_AND_ORGANIZATION_ROLE ( 'design_supplier' ) ;
#321 = PERSON_AND_ORGANIZATION_ROLE ( 'creator' ) ;
#322 = PERSON ( 'NAUO-PER8', 'UNSPECIFIED', 'UNSPECIFIED', ('UNSPECIFIED'), ('UNSPECIFIED'), ('UNSPECIFIED') ) ;
#323 =( NAMED_UNIT ( * ) PLANE_ANGLE_UNIT ( ) SI_UNIT ( $, .RADIAN. ) );
#324 = APPROVAL_DATE_TIME ( #1833, #1115 ) ;
#325 = ITEM_DEFINED_TRANSFORMATION ( 'NONE', 'NONE', #1570,  #219 ) ;
#326 = PRODUCT_DEFINITION_SHAPE ( 'NONE', 'NONE',  #366 ) ;
#327 = PROPERTY_DEFINITION_REPRESENTATION ( #2692, #2386 ) ;
#328 = DATE_AND_TIME ( #3241, #1657 ) ;
#329 = CALENDAR_DATE ( 2026, 4, 4 ) ;
#330 = DIRECTION ( 'NONE',  ( 0.000000000000000000, 0.000000000000000000, 1.000000000000000000 ) ) ;
#331 = AXIS2_PLACEMENT_3D ( 'NONE', #2966, #3249, #2182 ) ;
#332 = COORDINATED_UNIVERSAL_TIME_OFFSET ( 1, 0, .AHEAD. ) ;
#333 = APPLICATION_CONTEXT ( 'configuration controlled 3d designs of mechanical parts and assemblies' ) ;
#334 = DATE_AND_TIME ( #2641, #3569 ) ;
#335 = DATE_AND_TIME ( #1453, #1127 ) ;
#336 =( NAMED_UNIT ( * ) PLANE_ANGLE_UNIT ( ) SI_UNIT ( $, .RADIAN. ) );
#337 = LOCAL_TIME ( 19, 36, 27.00000000000000000, #677 ) ;
#338 = PERSON_AND_ORGANIZATION ( #18446744073709551615, #18446744073709551615 ) ;
#339 =( REPRESENTATION_RELATIONSHIP ('NONE','NONE', #3664, #739 ) REPRESENTATION_RELATIONSHIP_WITH_TRANSFORMATION ( #957 )SHAPE_REPRESENTATION_RELATIONSHIP( ) );
#340 = CC_DESIGN_DATE_AND_TIME_ASSIGNMENT ( #2800, #1045, ( #744 ) ) ;
#341 = COORDINATED_UNIVERSAL_TIME_OFFSET ( 1, 0, .AHEAD. ) ;
#342 = APPLICATION_PROTOCOL_DEFINITION ( 'international standard', 'config_control_design', 1994, #333 ) ;
#343 = APPROVAL_PERSON_ORGANIZATION ( #1223, #2197, #21 ) ;
#344 = LOCAL_TIME ( 19, 36, 27.00000000000000000, #2245 ) ;
#345 = DATE_AND_TIME ( #1754, #1144 ) ;
#346 = ORGANIZATION ( 'NAUO-ORG11', 'UNSPECIFIED', 'UNSPECIFIED' ) ;
#347 = ROLE_ASSOCIATION ( #1280, #1169 ) ;
#348 = CC_DESIGN_PERSON_AND_ORGANIZATION_ASSIGNMENT ( #1288, #1898, ( #1535 ) ) ;
#349 = AXIS2_PLACEMENT_3D ( 'NONE', #1416, #3086, #2285 ) ;
#350 = CONTEXT_DEPENDENT_SHAPE_REPRESENTATION ( #3029, #2633 ) ;
#351 = DATE_AND_TIME ( #106, #3214 ) ;
#352 = APPROVAL_ROLE ( '' ) ;
#353 =( NAMED_UNIT ( * ) PLANE_ANGLE_UNIT ( ) SI_UNIT ( $, .RADIAN. ) );
#354 = CC_DESIGN_APPROVAL ( #1859, ( #168 ) ) ;
#355 = SECURITY_CLASSIFICATION ( '', '', #172 ) ;
#356 = LOCAL_TIME ( 19, 36, 27.00000000000000000, #823 ) ;
#357 = PERSON_AND_ORGANIZATION ( #18446744073709551615, #18446744073709551615 ) ;
#358 = APPLIED_EXTERNAL_IDENTIFICATION_ASSIGNMENT ( 'Speaker Cover Left REF2006.STEP' , #538, #3666,( #1394) ) ;
#359 = DATE_TIME_ROLE ( 'creation_date' ) ;
#360 = CALENDAR_DATE ( 2026, 4, 4 ) ;
#361 = LOCAL_TIME ( 19, 36, 27.00000000000000000, #2678 ) ;
#362 = PERSON_AND_ORGANIZATION_ROLE ( 'creator' ) ;
#363 = PERSON_AND_ORGANIZATION_ROLE ( 'classification_officer' ) ;
#364 = DATE_TIME_ROLE ( 'classification_date' ) ;
#365 = CC_DESIGN_PERSON_AND_ORGANIZATION_ASSIGNMENT ( #1131, #3101, ( #654 ) ) ;
#366 = PRODUCT_DEFINITION ( 'Allgemein', '', #2320, #1524 ) ;
#367 =( GEOMETRIC_REPRESENTATION_CONTEXT ( 3 ) GLOBAL_UNCERTAINTY_ASSIGNED_CONTEXT ( ( #2207 ) ) GLOBAL_UNIT_ASSIGNED_CONTEXT ( ( #1793, #2627, #2107 ) ) REPRESENTATION_CONTEXT ( 'NONE', 'WORKASPACE' ) );
#368 = PERSON_AND_ORGANIZATION_ROLE ( 'design_supplier' ) ;
#369 = APPROVAL ( #286, 'Deckungsgleich' ) ;
#370 = DESIGN_CONTEXT ( 'detailed design', #2254, 'design' ) ;
#371 = DATE_AND_TIME ( #946, #1967 ) ;
#372 = PRODUCT_DEFINITION_FORMATION_WITH_SPECIFIED_SOURCE ( 'Symmetrisch', '', #1199, .NOT_KNOWN. ) ;
#373 = PERSON_AND_ORGANIZATION ( #1668, #2274 ) ;
#374 = SHAPE_DEFINITION_REPRESENTATION ( #1229, #3270 ) ;
#375 = APPROVAL_DATE_TIME ( #2224, #388 ) ;
#376 = SECURITY_CLASSIFICATION ( '', '', #2836 ) ;
#377 = CC_DESIGN_APPROVAL ( #1715, ( #2605 ) ) ;
#378 = APPROVAL ( #3127, 'Deckungsgleich' ) ;
#379 = PROPERTY_DEFINITION ('external definition','', #1159 ) ;
#380 = MECHANICAL_CONTEXT ( 'NONE', #3533, 'mechanical' ) ;
#381 = COORDINATED_UNIVERSAL_TIME_OFFSET ( 1, 0, .AHEAD. ) ;
#382 = PRODUCT_RELATED_PRODUCT_CATEGORY ( 'detail', '', ( #2096 ) ) ;
#383 = APPROVAL_DATE_TIME ( #2625, #2197 ) ;
#384 = PERSON_AND_ORGANIZATION ( #150, #3653 ) ;
#385 = COORDINATED_UNIVERSAL_TIME_OFFSET ( 1, 0, .AHEAD. ) ;
#386 = LOCAL_TIME ( 19, 36, 27.00000000000000000, #385 ) ;
#387 = SECURITY_CLASSIFICATION_LEVEL ( 'unclassified' ) ;
#388 = APPROVAL ( #1585, 'Deckungsgleich' ) ;
#389 = CC_DESIGN_DATE_AND_TIME_ASSIGNMENT ( #3096, #1389, ( #2329 ) ) ;
#390 = PROPERTY_DEFINITION_REPRESENTATION ( #3286, #585 ) ;
#391 = APPROVAL_ROLE ( '' ) ;
#392 = APPROVAL_STATUS ( 'not_yet_approved' ) ;
#393 = PERSON_AND_ORGANIZATION ( #18446744073709551615, #18446744073709551615 ) ;
#394 = DOCUMENT_TYPE ( 'geometry' ) ;
#395 = PRODUCT_DEFINITION_SHAPE ( 'NONE', 'NONE',  #2623 ) ;
#396 = CALENDAR_DATE ( 2026, 4, 4 ) ;
#397 = APPROVAL ( #2911, 'UNKNOWN' ) ;
#398 = PERSON_AND_ORGANIZATION_ROLE ( 'creator' ) ;
#399 = DIRECTION ( 'NONE',  ( 1.000000000000000000, 0.000000000000000000, 0.000000000000000000 ) ) ;
#400 = COORDINATED_UNIVERSAL_TIME_OFFSET ( 1, 0, .AHEAD. ) ;
#401 = DATE_AND_TIME ( #115, #2264 ) ;
#402 = PERSON_AND_ORGANIZATION ( #18446744073709551615, #18446744073709551615 ) ;
#403 = CC_DESIGN_APPROVAL ( #369, ( #3283 ) ) ;
#404 = SECURITY_CLASSIFICATION_LEVEL ( 'unclassified' ) ;
#405 = LOCAL_TIME ( 19, 36, 27.00000000000000000, #3658 ) ;
#406 = UNCERTAINTY_MEASURE_WITH_UNIT (LENGTH_MEASURE( 1.000000000000000082E-05 ), #611, 'distance_accuracy_value', 'NONE');
#407 = CALENDAR_DATE ( 2026, 4, 4 ) ;
#408 = CC_DESIGN_APPROVAL ( #2461, ( #3157 ) ) ;
#409 = SECURITY_CLASSIFICATION_LEVEL ( 'unclassified' ) ;
#410 = CC_DESIGN_PERSON_AND_ORGANIZATION_ASSIGNMENT ( #3238, #2909, ( #62 ) ) ;
#411 = CC_DESIGN_DATE_AND_TIME_ASSIGNMENT ( #1623, #84, ( #1078 ) ) ;
#412 = DOCUMENT_TYPE ( 'geometry' ) ;
#413 = LOCAL_TIME ( 19, 36, 27.00000000000000000, #637 ) ;
#414 = COORDINATED_UNIVERSAL_TIME_OFFSET ( 1, 0, .AHEAD. ) ;
#415 = PERSON_AND_ORGANIZATION ( #18446744073709551615, #18446744073709551615 ) ;
#416 = APPROVAL ( #1142, 'Deckungsgleich' ) ;
#417 = CC_DESIGN_APPROVAL ( #802, ( #284 ) ) ;
#418 = DIRECTION ( 'NONE',  ( -1.000000000000000000, -1.110223024625156540E-16, 0.000000000000000000 ) ) ;
#419 = PERSON_AND_ORGANIZATION ( #18446744073709551615, #18446744073709551615 ) ;
#420 = DATE_AND_TIME ( #2700, #1126 ) ;
#421 = CALENDAR_DATE ( 2026, 4, 4 ) ;
#422 = APPROVAL_PERSON_ORGANIZATION ( #3476, #1977, #2037 ) ;
#423 = DIRECTION ( 'NONE',  ( 1.000000000000000000, 0.000000000000000000, 0.000000000000000000 ) ) ;
#424 = PERSON_AND_ORGANIZATION ( #18446744073709551615, #18446744073709551615 ) ;
#425 = SHAPE_REPRESENTATION ( 'Button Cover Left REF2002', ( #3406 ), #3531 ) ;
#426 = CALENDAR_DATE ( 2026, 4, 4 ) ;
#427 = PRODUCT_DEFINITION_SHAPE ( 'NONE', 'NONE',  #1275 ) ;
#428 = CONTEXT_DEPENDENT_SHAPE_REPRESENTATION ( #1734, #910 ) ;
#429 = CC_DESIGN_PERSON_AND_ORGANIZATION_ASSIGNMENT ( #2490, #1382, ( #1319 ) ) ;
#430 = APPROVAL_STATUS ( 'not_yet_approved' ) ;
#431 = LOCAL_TIME ( 19, 36, 27.00000000000000000, #3135 ) ;
#432 = PERSON_AND_ORGANIZATION_ROLE ( 'design_owner' ) ;
#433 = DIRECTION ( 'NONE',  ( -0.7071067811865452413, 1.665334536937734811E-16, -0.7071067811865496822 ) ) ;
#434 = PERSON_AND_ORGANIZATION ( #18446744073709551615, #18446744073709551615 ) ;
#435 = PROPERTY_DEFINITION_REPRESENTATION ( #2858, #3493 ) ;
#436 = PERSON_AND_ORGANIZATION_ROLE ( 'creator' ) ;
#437 = AXIS2_PLACEMENT_3D ( 'NONE', #471, #764, #3292 ) ;
#438 = DATE_AND_TIME ( #983, #3649 ) ;
#439 = APPLICATION_PROTOCOL_DEFINITION ( 'international standard', 'config_control_design', 1994, #2327 ) ;
#440 = UNCERTAINTY_MEASURE_WITH_UNIT (LENGTH_MEASURE( 1.000000000000000082E-05 ), #2136, 'distance_accuracy_value', 'NONE');
#441 = PRODUCT_DEFINITION_FORMATION_WITH_SPECIFIED_SOURCE ( 'Symmetrisch', '', #3450, .NOT_KNOWN. ) ;
#442 = DATE_AND_TIME ( #426, #90 ) ;
#443 = IDENTIFICATION_ROLE ( 'external document id and location', $) ;
#444 = CC_DESIGN_SECURITY_CLASSIFICATION ( #1762, ( #3698 ) ) ;
#445 = APPROVAL_STATUS ( 'not_yet_approved' ) ;
#446 = PERSON_AND_ORGANIZATION ( #18446744073709551615, #18446744073709551615 ) ;
#447 = DATE_TIME_ROLE ( 'classification_date' ) ;
#448 = DOCUMENT_FILE ( 'Backside Vent Cover REF2014.STEP' , '', '', #1431, '' ,$ ) ;
#449 = DATE_TIME_ROLE ( 'classification_date' ) ;
#450 = CARTESIAN_POINT ( 'NONE',  ( -422.2125238505103084, 108.9772001217531567, -3.200000000000003286 ) ) ;
#451 = CALENDAR_DATE ( 2026, 4, 4 ) ;
#452 =( GEOMETRIC_REPRESENTATION_CONTEXT ( 3 ) GLOBAL_UNCERTAINTY_ASSIGNED_CONTEXT ( ( #1643 ) ) GLOBAL_UNIT_ASSIGNED_CONTEXT ( ( #578, #353, #3221 ) ) REPRESENTATION_CONTEXT ( 'NONE', 'WORKASPACE' ) );
#453 = CALENDAR_DATE ( 2026, 4, 4 ) ;
#454 = CC_DESIGN_DATE_AND_TIME_ASSIGNMENT ( #717, #1856, ( #1130 ) ) ;
#455 = APPROVAL ( #2187, 'Deckungsgleich' ) ;
#456 = CARTESIAN_POINT ( 'NONE',  ( 0.000000000000000000, 0.000000000000000000, 0.000000000000000000 ) ) ;
#457 = CALENDAR_DATE ( 2026, 4, 4 ) ;
#458 = PERSON_AND_ORGANIZATION ( #18446744073709551615, #18446744073709551615 ) ;
#459 = APPLIED_DOCUMENT_REFERENCE ( #3033,'',( #2570) ) ;
#460 = CC_DESIGN_PERSON_AND_ORGANIZATION_ASSIGNMENT ( #2717, #2798, ( #160 ) ) ;
#461 = DATE_AND_TIME ( #3588, #2318 ) ;
#462 = SHAPE_REPRESENTATION ( 'DPAD Sanding Tool', ( #2281 ), #1981 ) ;
#463 = CC_DESIGN_APPROVAL ( #3224, ( #1065 ) ) ;
#464 = IDENTIFICATION_ROLE ( 'external document id and location', $) ;
#465 = LOCAL_TIME ( 19, 36, 27.00000000000000000, #3601 ) ;
#466 = PROPERTY_DEFINITION ('external definition','', #2474 ) ;
#467 = DATE_AND_TIME ( #3309, #3360 ) ;
#468 = PERSON_AND_ORGANIZATION ( #18446744073709551615, #18446744073709551615 ) ;
#469 =( GEOMETRIC_REPRESENTATION_CONTEXT ( 3 ) GLOBAL_UNCERTAINTY_ASSIGNED_CONTEXT ( ( #3523 ) ) GLOBAL_UNIT_ASSIGNED_CONTEXT ( ( #3362, #2506, #2526 ) ) REPRESENTATION_CONTEXT ( 'NONE', 'WORKASPACE' ) );
#470 = DATE_AND_TIME ( #1321, #782 ) ;
#471 = CARTESIAN_POINT ( 'NONE',  ( -244.6076036031100500, -60.02198855468777339, 88.06058264956068626 ) ) ;
#472 = COORDINATED_UNIVERSAL_TIME_OFFSET ( 1, 0, .AHEAD. ) ;
#473 = DATE_AND_TIME ( #3045, #3503 ) ;
#474 = APPROVAL_PERSON_ORGANIZATION ( #794, #802, #2494 ) ;
#475 = APPROVAL_DATE_TIME ( #2757, #455 ) ;
#476 = PRODUCT_DEFINITION ( 'Allgemein', '', #982, #142 ) ;
#477 = CC_DESIGN_SECURITY_CLASSIFICATION ( #2528, ( #2155 ) ) ;
#478 = APPROVAL_ROLE ( '' ) ;
#479 = DESIGN_CONTEXT ( 'detailed design', #1366, 'design' ) ;
#480 = LOCAL_TIME ( 19, 36, 27.00000000000000000, #2731 ) ;
#481 = CC_DESIGN_PERSON_AND_ORGANIZATION_ASSIGNMENT ( #3188, #940, ( #2320 ) ) ;
#482 = APPROVAL_PERSON_ORGANIZATION ( #3464, #663, #3402 ) ;
#483 = PROPERTY_DEFINITION_REPRESENTATION ( #1470, #3537 ) ;
#484 = CC_DESIGN_PERSON_AND_ORGANIZATION_ASSIGNMENT ( #2645, #3178, ( #988 ) ) ;
#485 = PERSON_AND_ORGANIZATION ( #18446744073709551615, #18446744073709551615 ) ;
#486 =( GEOMETRIC_REPRESENTATION_CONTEXT ( 3 ) GLOBAL_UNCERTAINTY_ASSIGNED_CONTEXT ( ( #440 ) ) GLOBAL_UNIT_ASSIGNED_CONTEXT ( ( #2136, #3243, #3266 ) ) REPRESENTATION_CONTEXT ( 'NONE', 'WORKASPACE' ) );
#487 = CC_DESIGN_PERSON_AND_ORGANIZATION_ASSIGNMENT ( #1323, #1618, ( #3265 ) ) ;
#488 = PERSON_AND_ORGANIZATION ( #18446744073709551615, #18446744073709551615 ) ;
#489 = DIRECTION ( 'NONE',  ( 1.000000000000000000, 0.000000000000000000, 0.000000000000000000 ) ) ;
#490 = CC_DESIGN_SECURITY_CLASSIFICATION ( #196, ( #708 ) ) ;
#491 = ROLE_ASSOCIATION ( #3273, #2529 ) ;
#492 = DATE_TIME_ROLE ( 'classification_date' ) ;
#493 = CALENDAR_DATE ( 2026, 4, 4 ) ;
#494 =( REPRESENTATION_RELATIONSHIP ('NONE','NONE', #3664, #1887 ) REPRESENTATION_RELATIONSHIP_WITH_TRANSFORMATION ( #325 )SHAPE_REPRESENTATION_RELATIONSHIP( ) );
#495 = DOCUMENT_FILE ( 'PS2 Main Housing Bot REF2001.STEP' , '', '', #1997, '' ,$ ) ;
#496 = PERSON_AND_ORGANIZATION ( #18446744073709551615, #18446744073709551615 ) ;
#497 = APPROVAL_PERSON_ORGANIZATION ( #3043, #871, #2510 ) ;
#498 = LOCAL_TIME ( 19, 36, 27.00000000000000000, #854 ) ;
#499 = CALENDAR_DATE ( 2026, 4, 4 ) ;
#500 = SHAPE_DEFINITION_REPRESENTATION ( #736, #2386 ) ;
#501 =( REPRESENTATION_RELATIONSHIP ('NONE','NONE', #3664, #425 ) REPRESENTATION_RELATIONSHIP_WITH_TRANSFORMATION ( #528 )SHAPE_REPRESENTATION_RELATIONSHIP( ) );
#502 = CC_DESIGN_PERSON_AND_ORGANIZATION_ASSIGNMENT ( #2314, #1679, ( #2277 ) ) ;
#503 = CC_DESIGN_APPROVAL ( #1255, ( #3651 ) ) ;
#504 = APPROVAL_ROLE ( '' ) ;
#505 = CC_DESIGN_DATE_AND_TIME_ASSIGNMENT ( #3424, #3676, ( #1836 ) ) ;
#506 = SECURITY_CLASSIFICATION ( '', '', #1571 ) ;
#507 = DATE_AND_TIME ( #1917, #1551 ) ;
#508 = PERSON ( 'NAUO-PER11', 'UNSPECIFIED', 'UNSPECIFIED', ('UNSPECIFIED'), ('UNSPECIFIED'), ('UNSPECIFIED') ) ;
#509 = DATE_AND_TIME ( #1575, #112 ) ;
#510 = APPLICATION_CONTEXT ( 'configuration controlled 3d designs of mechanical parts and assemblies' ) ;
#511 = PERSON_AND_ORGANIZATION ( #18446744073709551615, #18446744073709551615 ) ;
#512 = PERSON_AND_ORGANIZATION_ROLE ( 'classification_officer' ) ;
#513 = SECURITY_CLASSIFICATION ( '', '', #1108 ) ;
#514 = EXTERNAL_SOURCE (IDENTIFIER('') ) ;
#515 = APPROVAL_STATUS ( 'not_yet_approved' ) ;
#516 = DATE_TIME_ROLE ( 'creation_date' ) ;
#517 = AXIS2_PLACEMENT_3D ( 'NONE', #3692, #1109, #215 ) ;
#518 = CALENDAR_DATE ( 2026, 4, 4 ) ;
#519 = CALENDAR_DATE ( 2026, 4, 4 ) ;
#520 = CC_DESIGN_DATE_AND_TIME_ASSIGNMENT ( #345, #3522, ( #1183 ) ) ;
#521 = APPROVAL_PERSON_ORGANIZATION ( #1056, #369, #2851 ) ;
#522 = CC_DESIGN_PERSON_AND_ORGANIZATION_ASSIGNMENT ( #1498, #990, ( #2650 ) ) ;
#523 = MECHANICAL_CONTEXT ( 'NONE', #650, 'mechanical' ) ;
#524 = APPROVAL_PERSON_ORGANIZATION ( #2167, #3048, #2256 ) ;
#525 = DIRECTION ( 'NONE',  ( 0.000000000000000000, 0.000000000000000000, 1.000000000000000000 ) ) ;
#526 = PRODUCT ( 'Backside Vent Cover REF2014', 'Backside Vent Cover REF2014', '', ( #1807 ) ) ;
#527 = LOCAL_TIME ( 19, 36, 27.00000000000000000, #2523 ) ;
#528 = ITEM_DEFINED_TRANSFORMATION ( 'NONE', 'NONE', #3116,  #3406 ) ;
#529 = LOCAL_TIME ( 19, 36, 27.00000000000000000, #2380 ) ;
#530 = PERSON_AND_ORGANIZATION ( #18446744073709551615, #18446744073709551615 ) ;
#531 = PERSON_AND_ORGANIZATION ( #18446744073709551615, #18446744073709551615 ) ;
#532 = CC_DESIGN_DATE_AND_TIME_ASSIGNMENT ( #1246, #2066, ( #807 ) ) ;
#533 = ITEM_DEFINED_TRANSFORMATION ( 'NONE', 'NONE', #1514,  #3311 ) ;
#534 = PROPERTY_DEFINITION ('external definition','', #155 ) ;
#535 = APPROVAL_DATE_TIME ( #589, #1430 ) ;
#536 = CALENDAR_DATE ( 2026, 4, 4 ) ;
#537 = LOCAL_TIME ( 19, 36, 27.00000000000000000, #3524 ) ;
#538 = IDENTIFICATION_ROLE ( 'external document id and location', $) ;
#539 = APPROVAL_PERSON_ORGANIZATION ( #3244, #257, #1552 ) ;
#540 = CALENDAR_DATE ( 2026, 4, 4 ) ;
#541 = LOCAL_TIME ( 19, 36, 27.00000000000000000, #76 ) ;
#542 = APPROVAL_ROLE ( '' ) ;
#543 = CC_DESIGN_APPROVAL ( #1330, ( #1803 ) ) ;
#544 = CC_DESIGN_DATE_AND_TIME_ASSIGNMENT ( #627, #2323, ( #2623 ) ) ;
#545 = PERSON_AND_ORGANIZATION_ROLE ( 'classification_officer' ) ;
#546 = PERSON_AND_ORGANIZATION ( #3012, #3409 ) ;
#547 = PRODUCT_RELATED_PRODUCT_CATEGORY ( 'detail', '', ( #3548 ) ) ;
#548 = PERSON_AND_ORGANIZATION_ROLE ( 'classification_officer' ) ;
#549 = CALENDAR_DATE ( 2026, 4, 4 ) ;
#550 = COORDINATED_UNIVERSAL_TIME_OFFSET ( 1, 0, .AHEAD. ) ;
#551 = CC_DESIGN_APPROVAL ( #1789, ( #3003 ) ) ;
#552 =( LENGTH_UNIT ( ) NAMED_UNIT ( * ) SI_UNIT ( .MILLI., .METRE. ) );
#553 = SHAPE_DEFINITION_REPRESENTATION ( #2407, #2515 ) ;
#554 = APPROVAL_PERSON_ORGANIZATION ( #3350, #2868, #2968 ) ;
#555 = APPROVAL_STATUS ( 'not_yet_approved' ) ;
#556 = PRODUCT_DEFINITION_SHAPE ( 'NONE', 'NONE',  #3700 ) ;
#557 = APPLICATION_PROTOCOL_DEFINITION ( 'international standard', 'config_control_design', 1994, #3136 ) ;
#558 = APPLIED_DOCUMENT_REFERENCE ( #2543,'',( #807) ) ;
#559 = AXIS2_PLACEMENT_3D ( 'NONE', #3556, #976, #3023 ) ;
#560 = COORDINATED_UNIVERSAL_TIME_OFFSET ( 1, 0, .AHEAD. ) ;
#561 = PERSON_AND_ORGANIZATION ( #18446744073709551615, #18446744073709551615 ) ;
#562 = DATE_AND_TIME ( #3343, #1486 ) ;
#563 =( NAMED_UNIT ( * ) SI_UNIT ( $, .STERADIAN. ) SOLID_ANGLE_UNIT ( ) );
#564 = LOCAL_TIME ( 19, 36, 27.00000000000000000, #3562 ) ;
#565 = COORDINATED_UNIVERSAL_TIME_OFFSET ( 1, 0, .AHEAD. ) ;
#566 = PERSON_AND_ORGANIZATION ( #18446744073709551615, #18446744073709551615 ) ;
#567 = PERSON_AND_ORGANIZATION ( #18446744073709551615, #18446744073709551615 ) ;
#568 = CC_DESIGN_PERSON_AND_ORGANIZATION_ASSIGNMENT ( #2688, #2977, ( #2570 ) ) ;
#569 =( NAMED_UNIT ( * ) PLANE_ANGLE_UNIT ( ) SI_UNIT ( $, .RADIAN. ) );
#570 = PERSON_AND_ORGANIZATION_ROLE ( 'creator' ) ;
#571 = CC_DESIGN_PERSON_AND_ORGANIZATION_ASSIGNMENT ( #1890, #2750, ( #355 ) ) ;
#572 = COORDINATED_UNIVERSAL_TIME_OFFSET ( 1, 0, .AHEAD. ) ;
#573 = PERSON_AND_ORGANIZATION ( #18446744073709551615, #18446744073709551615 ) ;
#574 = CC_DESIGN_PERSON_AND_ORGANIZATION_ASSIGNMENT ( #531, #1402, ( #441 ) ) ;
#575 = APPROVAL ( #1525, 'UNKNOWN' ) ;
#576 = COORDINATED_UNIVERSAL_TIME_OFFSET ( 1, 0, .AHEAD. ) ;
#577 = DATE_AND_TIME ( #3161, #596 ) ;
#578 =( LENGTH_UNIT ( ) NAMED_UNIT ( * ) SI_UNIT ( .MILLI., .METRE. ) );
#579 = APPLICATION_CONTEXT ( 'configuration controlled 3d designs of mechanical parts and assemblies' ) ;
#580 = LOCAL_TIME ( 19, 36, 27.00000000000000000, #3052 ) ;
#581 = APPROVAL_ROLE ( '' ) ;
#582 = LOCAL_TIME ( 19, 36, 27.00000000000000000, #852 ) ;
#583 = PROPERTY_DEFINITION ('external definition','', #495 ) ;
#584 = COORDINATED_UNIVERSAL_TIME_OFFSET ( 1, 0, .AHEAD. ) ;
#585 = SHAPE_REPRESENTATION ( 'uSD2PSX Frame REF2017', ( #703 ), #1653 ) ;
#586 = PERSON_AND_ORGANIZATION ( #18446744073709551615, #18446744073709551615 ) ;
#587 = OBJECT_ROLE ('mandatory',$ ) ;
#588 = APPLIED_EXTERNAL_IDENTIFICATION_ASSIGNMENT ( 'PS2 Heatsink REF3000.STEP' , #1770, #1336,( #667) ) ;
#589 = DATE_AND_TIME ( #3151, #2980 ) ;
#590 = DATE_AND_TIME ( #1656, #3304 ) ;
#591 = CC_DESIGN_PERSON_AND_ORGANIZATION_ASSIGNMENT ( #93, #3534, ( #3440 ) ) ;
#592 = APPLICATION_PROTOCOL_DEFINITION ( 'international standard', 'config_control_design', 1994, #1965 ) ;
#593 = CC_DESIGN_APPROVAL ( #14, ( #1078 ) ) ;
#594 = PERSON_AND_ORGANIZATION_ROLE ( 'classification_officer' ) ;
#595 = DATE_TIME_ROLE ( 'creation_date' ) ;
#596 = LOCAL_TIME ( 19, 36, 27.00000000000000000, #2022 ) ;
#597 = PRODUCT_RELATED_PRODUCT_CATEGORY ( 'detail', '', ( #2132 ) ) ;
#598 = PRODUCT_DEFINITION_SHAPE ( 'NONE', 'NONE',  #1289 ) ;
#599 = APPROVAL_DATE_TIME ( #630, #3427 ) ;
#600 = COORDINATED_UNIVERSAL_TIME_OFFSET ( 1, 0, .AHEAD. ) ;
#601 =( NAMED_UNIT ( * ) SI_UNIT ( $, .STERADIAN. ) SOLID_ANGLE_UNIT ( ) );
#602 = PERSON_AND_ORGANIZATION ( #18446744073709551615, #18446744073709551615 ) ;
#603 = APPLICATION_PROTOCOL_DEFINITION ( 'international standard', 'config_control_design', 1994, #2606 ) ;
#604 = DATE_TIME_ROLE ( 'creation_date' ) ;
#605 = LOCAL_TIME ( 19, 36, 27.00000000000000000, #472 ) ;
#606 = DATE_AND_TIME ( #1838, #3410 ) ;
#607 = CC_DESIGN_PERSON_AND_ORGANIZATION_ASSIGNMENT ( #281, #3133, ( #1275 ) ) ;
#608 = PRODUCT_DEFINITION_SHAPE ( 'NONE', 'NONE',  #3713 ) ;
#609 = DATE_AND_TIME ( #3177, #2149 ) ;
#610 = COORDINATED_UNIVERSAL_TIME_OFFSET ( 1, 0, .AHEAD. ) ;
#611 =( LENGTH_UNIT ( ) NAMED_UNIT ( * ) SI_UNIT ( .MILLI., .METRE. ) );
#612 = CC_DESIGN_PERSON_AND_ORGANIZATION_ASSIGNMENT ( #1817, #2953, ( #850 ) ) ;
#613 = APPROVAL_PERSON_ORGANIZATION ( #1541, #187, #1224 ) ;
#614 = APPLICATION_PROTOCOL_DEFINITION ( 'international standard', 'config_control_design', 1994, #3533 ) ;
#615 = PERSON_AND_ORGANIZATION ( #18446744073709551615, #18446744073709551615 ) ;
#616 = COORDINATED_UNIVERSAL_TIME_OFFSET ( 1, 0, .AHEAD. ) ;
#617 = APPLIED_EXTERNAL_IDENTIFICATION_ASSIGNMENT ( 'Backside Vent Cover REF2014.STEP' , #2459, #2655,( #448) ) ;
#618 = APPROVAL_ROLE ( '' ) ;
#619 = APPROVAL ( #2614, 'Deckungsgleich' ) ;
#620 = DATE_AND_TIME ( #3082, #344 ) ;
#621 = SECURITY_CLASSIFICATION_LEVEL ( 'unclassified' ) ;
#622 = APPROVAL_DATE_TIME ( #888, #244 ) ;
#623 = CALENDAR_DATE ( 2026, 4, 4 ) ;
#624 = DOCUMENT_FILE ( 'R1-L1 Bar REF2010.STEP' , '', '', #127, '' ,$ ) ;
#625 = APPLICATION_PROTOCOL_DEFINITION ( 'international standard', 'config_control_design', 1994, #3386 ) ;
#626 = OBJECT_ROLE ('mandatory',$ ) ;
#627 = DATE_AND_TIME ( #1723, #1614 ) ;
#628 = DOCUMENT_TYPE ( 'geometry' ) ;
#629 = CC_DESIGN_PERSON_AND_ORGANIZATION_ASSIGNMENT ( #546, #2618, ( #3497 ) ) ;
#630 = DATE_AND_TIME ( #2902, #2106 ) ;
#631 = APPLICATION_PROTOCOL_DEFINITION ( 'international standard', 'config_control_design', 1994, #1103 ) ;
#632 = PROPERTY_DEFINITION_REPRESENTATION ( #1039, #2515 ) ;
#633 = APPROVAL ( #2363, 'Deckungsgleich' ) ;
#634 = ITEM_DEFINED_TRANSFORMATION ( 'NONE', 'NONE', #2834,  #3378 ) ;
#635 =( NAMED_UNIT ( * ) SI_UNIT ( $, .STERADIAN. ) SOLID_ANGLE_UNIT ( ) );
#636 = APPROVAL_PERSON_ORGANIZATION ( #3160, #3027, #88 ) ;
#637 = COORDINATED_UNIVERSAL_TIME_OFFSET ( 1, 0, .AHEAD. ) ;
#638 = DATE_AND_TIME ( #519, #2635 ) ;
#639 = PERSON_AND_ORGANIZATION ( #18446744073709551615, #18446744073709551615 ) ;
#640 = PROPERTY_DEFINITION ('document property','', #1023 ) ;
#641 = ORGANIZATION ( 'NAUO-ORG8', 'UNSPECIFIED', 'UNSPECIFIED' ) ;
#642 = DIRECTION ( 'NONE',  ( 1.000000000000000000, 0.000000000000000000, 0.000000000000000000 ) ) ;
#643 = APPROVAL_STATUS ( 'not_yet_approved' ) ;
#644 = APPROVAL_STATUS ( 'not_yet_approved' ) ;
#645 = APPLIED_DOCUMENT_REFERENCE ( #2088,'',( #3680) ) ;
#646 = APPROVAL ( #1592, 'Deckungsgleich' ) ;
#647 = APPROVAL ( #3147, 'Deckungsgleich' ) ;
#648 =( GEOMETRIC_REPRESENTATION_CONTEXT ( 3 ) GLOBAL_UNCERTAINTY_ASSIGNED_CONTEXT ( ( #3644 ) ) GLOBAL_UNIT_ASSIGNED_CONTEXT ( ( #1633, #793, #563 ) ) REPRESENTATION_CONTEXT ( 'NONE', 'WORKASPACE' ) );
#649 = ITEM_DEFINED_TRANSFORMATION ( 'NONE', 'NONE', #75,  #1580 ) ;
#650 = APPLICATION_CONTEXT ( 'configuration controlled 3d designs of mechanical parts and assemblies' ) ;
#651 = DATE_AND_TIME ( #2072, #1718 ) ;
#652 = DATE_AND_TIME ( #1415, #2586 ) ;
#653 =( LENGTH_UNIT ( ) NAMED_UNIT ( * ) SI_UNIT ( .MILLI., .METRE. ) );
#654 = SECURITY_CLASSIFICATION ( '', '', #1087 ) ;
#655 = CC_DESIGN_PERSON_AND_ORGANIZATION_ASSIGNMENT ( #1088, #2852, ( #3432 ) ) ;
#656 = LOCAL_TIME ( 19, 36, 27.00000000000000000, #1295 ) ;
#657 = OBJECT_ROLE ('mandatory',$ ) ;
#658 = LOCAL_TIME ( 19, 36, 27.00000000000000000, #1531 ) ;
#659 = CALENDAR_DATE ( 2026, 4, 4 ) ;
#660 = LOCAL_TIME ( 19, 36, 27.00000000000000000, #2795 ) ;
#661 = APPLICATION_PROTOCOL_DEFINITION ( 'international standard', 'config_control_design', 1994, #1297 ) ;
#662 = LOCAL_TIME ( 19, 36, 27.00000000000000000, #753 ) ;
#663 = APPROVAL ( #2568, 'Deckungsgleich' ) ;
#664 = ROLE_ASSOCIATION ( #657, #3498 ) ;
#665 = PRODUCT_RELATED_PRODUCT_CATEGORY ( 'detail', '', ( #1771 ) ) ;
#666 = PERSON_AND_ORGANIZATION_ROLE ( 'design_owner' ) ;
#667 = DOCUMENT_FILE ( 'PS2 Heatsink REF3000.STEP' , '', '', #412, '' ,$ ) ;
#668 = CALENDAR_DATE ( 2026, 4, 4 ) ;
#669 = PRODUCT_DEFINITION_SHAPE ( 'NONE', 'NONE',  #2077 ) ;
#670 = AXIS2_PLACEMENT_3D ( 'NONE', #3284, #2997, #63 ) ;
#671 = CALENDAR_DATE ( 2026, 4, 4 ) ;
#672 = UNCERTAINTY_MEASURE_WITH_UNIT (LENGTH_MEASURE( 1.000000000000000082E-05 ), #3062, 'distance_accuracy_value', 'NONE');
#673 = AXIS2_PLACEMENT_3D ( 'NONE', #2142, #1828, #1035 ) ;
#674 = APPROVAL_ROLE ( '' ) ;
#675 = APPROVAL_PERSON_ORGANIZATION ( #2702, #3581, #1795 ) ;
#676 = ITEM_DEFINED_TRANSFORMATION ( 'NONE', 'NONE', #750,  #1625 ) ;
#677 = COORDINATED_UNIVERSAL_TIME_OFFSET ( 1, 0, .AHEAD. ) ;
#678 = LOCAL_TIME ( 19, 36, 27.00000000000000000, #332 ) ;
#679 = PRODUCT_DEFINITION_FORMATION_WITH_SPECIFIED_SOURCE ( 'Symmetrisch', '', #1771, .NOT_KNOWN. ) ;
#680 = PRODUCT_DEFINITION_SHAPE ( 'NONE', 'NONE',  #3705 ) ;
#681 = CALENDAR_DATE ( 2026, 4, 4 ) ;
#682 = APPROVAL_DATE_TIME ( #902, #1813 ) ;
#683 = LOCAL_TIME ( 19, 36, 27.00000000000000000, #2626 ) ;
#684 = DIRECTION ( 'NONE',  ( 1.000000000000000000, 0.000000000000000000, 0.000000000000000000 ) ) ;
#685 = PERSON_AND_ORGANIZATION ( #18446744073709551615, #18446744073709551615 ) ;
#686 = PERSON_AND_ORGANIZATION ( #322, #641 ) ;
#687 = CALENDAR_DATE ( 2026, 4, 4 ) ;
#688 = SECURITY_CLASSIFICATION ( '', '', #2622 ) ;
#689 = IDENTIFICATION_ROLE ( 'external document id and location', $) ;
#690 = APPROVAL ( #2035, 'UNKNOWN' ) ;
#691 = PERSON_AND_ORGANIZATION ( #18446744073709551615, #18446744073709551615 ) ;
#692 = SHAPE_REPRESENTATION ( 'L2 Button REF2011', ( #3515 ), #3645 ) ;
#693 = IDENTIFICATION_ROLE ( 'external document id and location', $) ;
#694 = SECURITY_CLASSIFICATION_LEVEL ( 'unclassified' ) ;
#695 = DATE_AND_TIME ( #2995, #529 ) ;
#696 = PERSON_AND_ORGANIZATION ( #18446744073709551615, #18446744073709551615 ) ;
#697 = APPROVAL ( #2007, 'Deckungsgleich' ) ;
#698 = EXTERNAL_SOURCE (IDENTIFIER('') ) ;
#699 = LOCAL_TIME ( 19, 36, 27.00000000000000000, #616 ) ;
#700 = PRODUCT ( 'PS2 Heatsink REF3000', 'PS2 Heatsink REF3000', '', ( #3011 ) ) ;
#701 = COORDINATED_UNIVERSAL_TIME_OFFSET ( 1, 0, .AHEAD. ) ;
#702 = APPROVAL_DATE_TIME ( #3020, #1926 ) ;
#703 = AXIS2_PLACEMENT_3D ( 'NONE', #3298, #1621, #3423 ) ;
#704 = DIRECTION ( 'NONE',  ( 8.326672684688674053E-17, -1.000000000000000000, -1.540743955509788682E-33 ) ) ;
#705 = DATE_AND_TIME ( #2162, #2228 ) ;
#706 = COORDINATED_UNIVERSAL_TIME_OFFSET ( 1, 0, .AHEAD. ) ;
#707 = APPLICATION_CONTEXT ( 'configuration controlled 3d designs of mechanical parts and assemblies' ) ;
#708 = PRODUCT_DEFINITION_FORMATION_WITH_SPECIFIED_SOURCE ( 'Symmetrisch', '', #2971, .NOT_KNOWN. ) ;
#709 = APPROVAL_STATUS ( 'not_yet_approved' ) ;
#710 = CC_DESIGN_APPROVAL ( #3557, ( #1836 ) ) ;
#711 = PERSON ( 'NAUO-PER19', 'UNSPECIFIED', 'UNSPECIFIED', ('UNSPECIFIED'), ('UNSPECIFIED'), ('UNSPECIFIED') ) ;
#712 = DESIGN_CONTEXT ( 'detailed design', #1532, 'design' ) ;
#713 = APPLIED_DOCUMENT_REFERENCE ( #2151,'',( #1289) ) ;
#714 = EXTERNAL_SOURCE (IDENTIFIER('') ) ;
#715 = APPROVAL ( #3090, 'Deckungsgleich' ) ;
#716 = PROPERTY_DEFINITION ('external definition','', #2088 ) ;
#717 = DATE_AND_TIME ( #3281, #1615 ) ;
#718 = LOCAL_TIME ( 19, 36, 27.00000000000000000, #560 ) ;
#719 = CALENDAR_DATE ( 2026, 4, 4 ) ;
#720 = DIRECTION ( 'NONE',  ( 0.000000000000000000, 0.000000000000000000, 1.000000000000000000 ) ) ;
#721 = CC_DESIGN_APPROVAL ( #2197, ( #3093 ) ) ;
#722 = PERSON_AND_ORGANIZATION ( #18446744073709551615, #18446744073709551615 ) ;
#723 = DATE_TIME_ROLE ( 'classification_date' ) ;
#724 = SECURITY_CLASSIFICATION ( '', '', #1030 ) ;
#725 = CC_DESIGN_SECURITY_CLASSIFICATION ( #48, ( #3721 ) ) ;
#726 = DATE_TIME_ROLE ( 'classification_date' ) ;
#727 = CARTESIAN_POINT ( 'NONE',  ( -271.7020435141290022, -7.093767455899138596, 17.00000000000000355 ) ) ;
#728 = DATE_AND_TIME ( #2753, #1568 ) ;
#729 = COORDINATED_UNIVERSAL_TIME_OFFSET ( 1, 0, .AHEAD. ) ;
#730 = PRODUCT_DEFINITION_FORMATION_WITH_SPECIFIED_SOURCE ( 'Symmetrisch', '', #3276, .NOT_KNOWN. ) ;
#731 =( LENGTH_UNIT ( ) NAMED_UNIT ( * ) SI_UNIT ( .MILLI., .METRE. ) );
#732 = PERSON_AND_ORGANIZATION_ROLE ( 'design_supplier' ) ;
#733 = PERSON_AND_ORGANIZATION ( #18446744073709551615, #18446744073709551615 ) ;
#734 = APPLICATION_CONTEXT ( 'configuration controlled 3d designs of mechanical parts and assemblies' ) ;
#735 = ITEM_DEFINED_TRANSFORMATION ( 'NONE', 'NONE', #914,  #1497 ) ;
#736 = PRODUCT_DEFINITION_SHAPE ( 'NONE', 'NONE',  #1053 ) ;
#737 = PERSON_AND_ORGANIZATION ( #992, #3262 ) ;
#738 = CALENDAR_DATE ( 2026, 4, 4 ) ;
#739 = SHAPE_REPRESENTATION ( 'Speaker Cover Right REF2007', ( #1640 ), #1939 ) ;
#740 = EXTERNAL_SOURCE (IDENTIFIER('') ) ;
#741 = APPROVAL_PERSON_ORGANIZATION ( #1562, #1789, #3642 ) ;
#742 = CALENDAR_DATE ( 2026, 4, 4 ) ;
#743 = COORDINATED_UNIVERSAL_TIME_OFFSET ( 1, 0, .AHEAD. ) ;
#744 = PRODUCT_DEFINITION ( 'Allgemein', '', #679, #1604 ) ;
#745 = APPROVAL_DATE_TIME ( #470, #1906 ) ;
#746 = DIRECTION ( 'NONE',  ( 1.665334536937734811E-16, -0.6092283555100960202, -0.7929948365799516230 ) ) ;
#747 = APPROVAL_STATUS ( 'not_yet_approved' ) ;
#748 = PROPERTY_DEFINITION_REPRESENTATION ( #2354, #3493 ) ;
#749 = PERSON_AND_ORGANIZATION ( #18446744073709551615, #18446744073709551615 ) ;
#750 = AXIS2_PLACEMENT_3D ( 'NONE', #958, #2411, #399 ) ;
#751 = APPROVAL ( #2996, 'Deckungsgleich' ) ;
#752 = CALENDAR_DATE ( 2026, 4, 4 ) ;
#753 = COORDINATED_UNIVERSAL_TIME_OFFSET ( 1, 0, .AHEAD. ) ;
#754 = UNCERTAINTY_MEASURE_WITH_UNIT (LENGTH_MEASURE( 1.000000000000000082E-05 ), #785, 'distance_accuracy_value', 'NONE');
#755 = APPROVAL_PERSON_ORGANIZATION ( #1937, #715, #2825 ) ;
#756 = COORDINATED_UNIVERSAL_TIME_OFFSET ( 1, 0, .AHEAD. ) ;
#757 = COORDINATED_UNIVERSAL_TIME_OFFSET ( 1, 0, .AHEAD. ) ;
#758 = DATE_AND_TIME ( #1610, #658 ) ;
#759 = APPROVAL_ROLE ( '' ) ;
#760 = ORGANIZATION ( 'NAUO-ORG28', 'UNSPECIFIED', 'UNSPECIFIED' ) ;
#761 = APPROVAL ( #939, 'Deckungsgleich' ) ;
#762 = PROPERTY_DEFINITION_REPRESENTATION ( #231, #77 ) ;
#763 = APPROVAL ( #2667, 'Deckungsgleich' ) ;
#764 = DIRECTION ( 'NONE',  ( -1.978634764256002918E-17, 0.9063077870366509359, -0.4226182617406976094 ) ) ;
#765 = PERSON_AND_ORGANIZATION ( #18446744073709551615, #18446744073709551615 ) ;
#766 = APPROVAL_ROLE ( '' ) ;
#767 = CC_DESIGN_PERSON_AND_ORGANIZATION_ASSIGNMENT ( #3140, #306, ( #3283 ) ) ;
#768 = APPROVAL_STATUS ( 'not_yet_approved' ) ;
#769 = PERSON_AND_ORGANIZATION ( #18446744073709551615, #18446744073709551615 ) ;
#770 = PERSON_AND_ORGANIZATION_ROLE ( 'creator' ) ;
#771 = CC_DESIGN_DATE_AND_TIME_ASSIGNMENT ( #2621, #1805, ( #3679 ) ) ;
#772 = APPROVAL_PERSON_ORGANIZATION ( #384, #1626, #2431 ) ;
#773 = PRODUCT_DEFINITION_SHAPE ( 'NONE', 'NONE',  #3724 ) ;
#774 = DATE_TIME_ROLE ( 'classification_date' ) ;
#775 = APPROVAL_STATUS ( 'not_yet_approved' ) ;
#776 = APPROVAL_DATE_TIME ( #3347, #1450 ) ;
#777 = PERSON_AND_ORGANIZATION ( #18446744073709551615, #18446744073709551615 ) ;
#778 = APPLICATION_CONTEXT ( 'configuration controlled 3d designs of mechanical parts and assemblies' ) ;
#779 = APPROVAL_STATUS ( 'not_yet_approved' ) ;
#780 = DATE_AND_TIME ( #453, #1153 ) ;
#781 = CC_DESIGN_DATE_AND_TIME_ASSIGNMENT ( #577, #595, ( #1053 ) ) ;
#782 = LOCAL_TIME ( 19, 36, 27.00000000000000000, #3313 ) ;
#783 = CC_DESIGN_PERSON_AND_ORGANIZATION_ASSIGNMENT ( #2842, #2008, ( #1836 ) ) ;
#784 = IDENTIFICATION_ROLE ( 'external document id and location', $) ;
#785 =( LENGTH_UNIT ( ) NAMED_UNIT ( * ) SI_UNIT ( .MILLI., .METRE. ) );
#786 = COORDINATED_UNIVERSAL_TIME_OFFSET ( 1, 0, .AHEAD. ) ;
#787 = APPROVAL_PERSON_ORGANIZATION ( #274, #1879, #3103 ) ;
#788 = CALENDAR_DATE ( 2026, 4, 4 ) ;
#789 = DESIGN_CONTEXT ( 'detailed design', #778, 'design' ) ;
#790 = CC_DESIGN_SECURITY_CLASSIFICATION ( #2650, ( #3714 ) ) ;
#791 = DATE_AND_TIME ( #3630, #2809 ) ;
#792 = DATE_AND_TIME ( #3686, #3667 ) ;
#793 =( NAMED_UNIT ( * ) PLANE_ANGLE_UNIT ( ) SI_UNIT ( $, .RADIAN. ) );
#794 = PERSON_AND_ORGANIZATION ( #711, #239 ) ;
#795 = CALENDAR_DATE ( 2026, 4, 4 ) ;
#796 = DATE_TIME_ROLE ( 'classification_date' ) ;
#797 = CC_DESIGN_APPROVAL ( #647, ( #3318 ) ) ;
#798 = APPLICATION_CONTEXT ( 'configuration controlled 3d designs of mechanical parts and assemblies' ) ;
#799 = DATE_AND_TIME ( #1955, #877 ) ;
#800 = CALENDAR_DATE ( 2026, 4, 4 ) ;
#801 = CC_DESIGN_PERSON_AND_ORGANIZATION_ASSIGNMENT ( #1426, #1099, ( #1502 ) ) ;
#802 = APPROVAL ( #2196, 'UNKNOWN' ) ;
#803 = LOCAL_TIME ( 19, 36, 27.00000000000000000, #2220 ) ;
#804 = CALENDAR_DATE ( 2026, 4, 4 ) ;
#805 =( GEOMETRIC_REPRESENTATION_CONTEXT ( 3 ) GLOBAL_UNCERTAINTY_ASSIGNED_CONTEXT ( ( #2358 ) ) GLOBAL_UNIT_ASSIGNED_CONTEXT ( ( #731, #2204, #2166 ) ) REPRESENTATION_CONTEXT ( 'NONE', 'WORKASPACE' ) );
#806 = CC_DESIGN_APPROVAL ( #864, ( #982 ) ) ;
#807 = PRODUCT_DEFINITION ( 'Allgemein', '', #2793, #1796 ) ;
#808 = DATE_AND_TIME ( #3668, #3415 ) ;
#809 = CALENDAR_DATE ( 2026, 4, 4 ) ;
#810 = PERSON_AND_ORGANIZATION ( #18446744073709551615, #18446744073709551615 ) ;
#811 = DOCUMENT_TYPE ( 'geometry' ) ;
#812 = APPLIED_DOCUMENT_REFERENCE ( #3280,'',( #3684) ) ;
#813 = PERSON_AND_ORGANIZATION_ROLE ( 'creator' ) ;
#814 = PERSON_AND_ORGANIZATION ( #18446744073709551615, #18446744073709551615 ) ;
#815 = DESIGN_CONTEXT ( 'detailed design', #2535, 'design' ) ;
#816 = CC_DESIGN_DATE_AND_TIME_ASSIGNMENT ( #3634, #774, ( #179 ) ) ;
#817 = CALENDAR_DATE ( 2026, 4, 4 ) ;
#818 = PERSON ( 'NAUO-PER1', 'UNSPECIFIED', 'UNSPECIFIED', ('UNSPECIFIED'), ('UNSPECIFIED'), ('UNSPECIFIED') ) ;
#819 = APPLICATION_CONTEXT ( 'configuration controlled 3d designs of mechanical parts and assemblies' ) ;
#820 = PROPERTY_DEFINITION ('external definition','', #3263 ) ;
#821 = LOCAL_TIME ( 19, 36, 27.00000000000000000, #3219 ) ;
#822 = CALENDAR_DATE ( 2026, 4, 4 ) ;
#823 = COORDINATED_UNIVERSAL_TIME_OFFSET ( 1, 0, .AHEAD. ) ;
#824 = APPROVAL_PERSON_ORGANIZATION ( #2646, #207, #924 ) ;
#825 = LOCAL_TIME ( 19, 36, 27.00000000000000000, #2558 ) ;
#826 = EXTERNAL_SOURCE (IDENTIFIER('') ) ;
#827 = APPROVAL_STATUS ( 'not_yet_approved' ) ;
#828 = APPROVAL_PERSON_ORGANIZATION ( #1775, #690, #2594 ) ;
#829 = PERSON_AND_ORGANIZATION_ROLE ( 'design_supplier' ) ;
#830 = APPLICATION_PROTOCOL_DEFINITION ( 'international standard', 'config_control_design', 1994, #2057 ) ;
#831 = CONTEXT_DEPENDENT_SHAPE_REPRESENTATION ( #1518, #2147 ) ;
#832 =( NAMED_UNIT ( * ) PLANE_ANGLE_UNIT ( ) SI_UNIT ( $, .RADIAN. ) );
#833 = DATE_TIME_ROLE ( 'creation_date' ) ;
#834 = APPROVAL_STATUS ( 'not_yet_approved' ) ;
#835 = APPROVAL_PERSON_ORGANIZATION ( #1131, #3696, #3501 ) ;
#836 = CC_DESIGN_SECURITY_CLASSIFICATION ( #1254, ( #3720 ) ) ;
#837 = LOCAL_TIME ( 19, 36, 27.00000000000000000, #2596 ) ;
#838 = PERSON_AND_ORGANIZATION_ROLE ( 'design_owner' ) ;
#839 = CC_DESIGN_SECURITY_CLASSIFICATION ( #2469, ( #3715 ) ) ;
#840 = CALENDAR_DATE ( 2026, 4, 4 ) ;
#841 = CC_DESIGN_APPROVAL ( #388, ( #2787 ) ) ;
#842 = CALENDAR_DATE ( 2026, 4, 4 ) ;
#843 = APPROVAL_DATE_TIME ( #3413, #2818 ) ;
#844 = CC_DESIGN_PERSON_AND_ORGANIZATION_ASSIGNMENT ( #2636, #1489, ( #1065 ) ) ;
#845 = CC_DESIGN_PERSON_AND_ORGANIZATION_ASSIGNMENT ( #373, #3099, ( #182 ) ) ;
#846 = COORDINATED_UNIVERSAL_TIME_OFFSET ( 1, 0, .AHEAD. ) ;
#847 = DATE_AND_TIME ( #809, #3554 ) ;
#848 = APPROVAL_DATE_TIME ( #3382, #3516 ) ;
#849 = OBJECT_ROLE ('mandatory',$ ) ;
#850 = PRODUCT_DEFINITION_FORMATION_WITH_SPECIFIED_SOURCE ( 'Symmetrisch', '', #62, .NOT_KNOWN. ) ;
#851 = CC_DESIGN_PERSON_AND_ORGANIZATION_ASSIGNMENT ( #2333, #321, ( #807 ) ) ;
#852 = COORDINATED_UNIVERSAL_TIME_OFFSET ( 1, 0, .AHEAD. ) ;
#853 = LOCAL_TIME ( 19, 36, 27.00000000000000000, #2807 ) ;
#854 = COORDINATED_UNIVERSAL_TIME_OFFSET ( 1, 0, .AHEAD. ) ;
#855 = PROPERTY_DEFINITION ('external definition','', #1418 ) ;
#856 = APPROVAL_PERSON_ORGANIZATION ( #2695, #308, #1533 ) ;
#857 = APPROVAL_STATUS ( 'not_yet_approved' ) ;
#858 = PROPERTY_DEFINITION_REPRESENTATION ( #3433, #692 ) ;
#859 = DIRECTION ( 'NONE',  ( -5.551115123125782702E-17, -1.386669559958809814E-32, -1.000000000000000000 ) ) ;
#860 = PERSON_AND_ORGANIZATION ( #18446744073709551615, #18446744073709551615 ) ;
#861 = LOCAL_TIME ( 19, 36, 27.00000000000000000, #3351 ) ;
#862 = PERSON_AND_ORGANIZATION ( #18446744073709551615, #18446744073709551615 ) ;
#863 = SHAPE_DEFINITION_REPRESENTATION ( #2876, #425 ) ;
#864 = APPROVAL ( #775, 'Deckungsgleich' ) ;
#865 = CC_DESIGN_PERSON_AND_ORGANIZATION_ASSIGNMENT ( #338, #666, ( #900 ) ) ;
#866 = APPROVAL_DATE_TIME ( #2567, #3557 ) ;
#867 = DATE_TIME_ROLE ( 'classification_date' ) ;
#868 = PRODUCT_DEFINITION_SHAPE ( 'NONE', 'NONE',  #2906 ) ;
#869 = PERSON_AND_ORGANIZATION_ROLE ( 'creator' ) ;
#870 =( REPRESENTATION_RELATIONSHIP ('NONE','NONE', #3664, #585 ) REPRESENTATION_RELATIONSHIP_WITH_TRANSFORMATION ( #44 )SHAPE_REPRESENTATION_RELATIONSHIP( ) );
#871 = APPROVAL ( #228, 'Deckungsgleich' ) ;
#872 = APPROVAL_ROLE ( '' ) ;
#873 = DATE_AND_TIME ( #3453, #1468 ) ;
#874 = PERSON_AND_ORGANIZATION_ROLE ( 'creator' ) ;
#875 = LOCAL_TIME ( 19, 36, 27.00000000000000000, #1641 ) ;
#876 = CONTEXT_DEPENDENT_SHAPE_REPRESENTATION ( #2212, #304 ) ;
#877 = LOCAL_TIME ( 19, 36, 27.00000000000000000, #2552 ) ;
#878 = PERSON ( 'NAUO-PER26', 'UNSPECIFIED', 'UNSPECIFIED', ('UNSPECIFIED'), ('UNSPECIFIED'), ('UNSPECIFIED') ) ;
#879 = PROPERTY_DEFINITION ('document property','', #2543 ) ;
#880 = CALENDAR_DATE ( 2026, 4, 4 ) ;
#881 = CALENDAR_DATE ( 2026, 4, 4 ) ;
#882 = SECURITY_CLASSIFICATION ( '', '', #911 ) ;
#883 = CARTESIAN_POINT ( 'NONE',  ( 0.000000000000000000, 0.000000000000000000, 0.000000000000000000 ) ) ;
#884 = CALENDAR_DATE ( 2026, 4, 4 ) ;
#885 = APPROVAL_DATE_TIME ( #1148, #886 ) ;
#886 = APPROVAL ( #217, 'Deckungsgleich' ) ;
#887 = LOCAL_TIME ( 19, 36, 27.00000000000000000, #2332 ) ;
#888 = DATE_AND_TIME ( #64, #1931 ) ;
#889 = APPLICATION_CONTEXT ( 'configuration controlled 3d designs of mechanical parts and assemblies' ) ;
#890 = PERSON_AND_ORGANIZATION ( #2890, #1861 ) ;
#891 = APPLIED_EXTERNAL_IDENTIFICATION_ASSIGNMENT ( 'Travel Case Latch Left REF2022.STEP' , #2838, #514,( #2359) ) ;
#892 = DATE_AND_TIME ( #2362, #1962 ) ;
#893 = CARTESIAN_POINT ( 'NONE',  ( -596.9816840589003277, -125.3139775565970666, 0.000000000000000000 ) ) ;
#894 = IDENTIFICATION_ROLE ( 'external document id and location', $) ;
#895 = APPROVAL_STATUS ( 'not_yet_approved' ) ;
#896 = LOCAL_TIME ( 19, 36, 27.00000000000000000, #1174 ) ;
#897 = DIRECTION ( 'NONE',  ( 0.000000000000000000, 0.000000000000000000, 1.000000000000000000 ) ) ;
#898 = CC_DESIGN_PERSON_AND_ORGANIZATION_ASSIGNMENT ( #3399, #3383, ( #1248 ) ) ;
#899 = APPROVAL ( #1646, 'Deckungsgleich' ) ;
#900 = PRODUCT ( 'Display Stand REF2019', 'Display Stand REF2019', '', ( #2681 ) ) ;
#901 = COORDINATED_UNIVERSAL_TIME_OFFSET ( 1, 0, .AHEAD. ) ;
#902 = DATE_AND_TIME ( #1180, #2119 ) ;
#903 = DOCUMENT_FILE ( 'Travel Case Top REF2020.STEP' , '', '', #6, '' ,$ ) ;
#904 = DATE_AND_TIME ( #3230, #887 ) ;
#905 = DATE_AND_TIME ( #2104, #3626 ) ;
#906 = APPROVAL_PERSON_ORGANIZATION ( #1544, #2737, #2376 ) ;
#907 = APPROVAL_ROLE ( '' ) ;
#908 = CC_DESIGN_DATE_AND_TIME_ASSIGNMENT ( #3195, #42, ( #1877 ) ) ;
#909 = PROPERTY_DEFINITION_REPRESENTATION ( #716, #1887 ) ;
#910 = PRODUCT_DEFINITION_SHAPE ( 'NONE', 'NONE',  #3712 ) ;
#911 = SECURITY_CLASSIFICATION_LEVEL ( 'unclassified' ) ;
#912 = DATE_TIME_ROLE ( 'creation_date' ) ;
#913 = PERSON_AND_ORGANIZATION_ROLE ( 'design_supplier' ) ;
#914 = AXIS2_PLACEMENT_3D ( 'NONE', #2198, #210, #1758 ) ;
#915 = PRODUCT_RELATED_PRODUCT_CATEGORY ( 'detail', '', ( #2439 ) ) ;
#916 =( REPRESENTATION_RELATIONSHIP ('NONE','NONE', #3664, #3137 ) REPRESENTATION_RELATIONSHIP_WITH_TRANSFORMATION ( #1566 )SHAPE_REPRESENTATION_RELATIONSHIP( ) );
#917 = APPROVAL_PERSON_ORGANIZATION ( #1371, #697, #3148 ) ;
#918 = PERSON_AND_ORGANIZATION ( #18446744073709551615, #18446744073709551615 ) ;
#919 = APPROVAL_ROLE ( '' ) ;
#920 = APPROVAL_STATUS ( 'not_yet_approved' ) ;
#921 = CC_DESIGN_APPROVAL ( #2075, ( #1762 ) ) ;
#922 = PROPERTY_DEFINITION_REPRESENTATION ( #1665, #739 ) ;
#923 =( NAMED_UNIT ( * ) PLANE_ANGLE_UNIT ( ) SI_UNIT ( $, .RADIAN. ) );
#924 = APPROVAL_ROLE ( '' ) ;
#925 = CC_DESIGN_PERSON_AND_ORGANIZATION_ASSIGNMENT ( #722, #3595, ( #3607 ) ) ;
#926 = APPROVAL_DATE_TIME ( #905, #1715 ) ;
#927 = APPROVAL ( #3381, 'Deckungsgleich' ) ;
#928 = DATE_AND_TIME ( #3504, #1437 ) ;
#929 = APPROVAL ( #2747, 'Deckungsgleich' ) ;
#930 = DESIGN_CONTEXT ( 'detailed design', #2327, 'design' ) ;
#931 = CONTEXT_DEPENDENT_SHAPE_REPRESENTATION ( #204, #3563 ) ;
#932 = PRODUCT_DEFINITION_SHAPE ( 'NONE', 'NONE',  #3265 ) ;
#933 = CONTEXT_DEPENDENT_SHAPE_REPRESENTATION ( #1155, #1690 ) ;
#934 = APPLICATION_PROTOCOL_DEFINITION ( 'international standard', 'config_control_design', 1994, #2950 ) ;
#935 = AXIS2_PLACEMENT_3D ( 'NONE', #3591, #720, #2443 ) ;
#936 = PERSON_AND_ORGANIZATION_ROLE ( 'classification_officer' ) ;
#937 = APPROVAL ( #307, 'Deckungsgleich' ) ;
#938 = PERSON_AND_ORGANIZATION_ROLE ( 'design_supplier' ) ;
#939 = APPROVAL_STATUS ( 'not_yet_approved' ) ;
#940 = PERSON_AND_ORGANIZATION_ROLE ( 'design_supplier' ) ;
#941 = PROPERTY_DEFINITION_REPRESENTATION ( #2290, #3411 ) ;
#942 = PERSON_AND_ORGANIZATION ( #18446744073709551615, #18446744073709551615 ) ;
#943 = LOCAL_TIME ( 19, 36, 27.00000000000000000, #2647 ) ;
#944 = CARTESIAN_POINT ( 'NONE',  ( 0.000000000000000000, 0.000000000000000000, 0.000000000000000000 ) ) ;
#945 = APPLICATION_PROTOCOL_DEFINITION ( 'international standard', 'config_control_design', 1994, #1806 ) ;
#946 = CALENDAR_DATE ( 2026, 4, 4 ) ;
#947 = COORDINATED_UNIVERSAL_TIME_OFFSET ( 1, 0, .AHEAD. ) ;
#948 = PERSON_AND_ORGANIZATION ( #18446744073709551615, #18446744073709551615 ) ;
#949 = APPROVAL_DATE_TIME ( #180, #225 ) ;
#950 = ORGANIZATION ( 'NAUO-ORG18', 'UNSPECIFIED', 'UNSPECIFIED' ) ;
#951 = CC_DESIGN_APPROVAL ( #2099, ( #1053 ) ) ;
#952 = SECURITY_CLASSIFICATION_LEVEL ( 'unclassified' ) ;
#953 = CC_DESIGN_APPROVAL ( #2011, ( #2650 ) ) ;
#954 = PERSON_AND_ORGANIZATION ( #18446744073709551615, #18446744073709551615 ) ;
#955 = CC_DESIGN_APPROVAL ( #663, ( #2277 ) ) ;
#956 = CC_DESIGN_DATE_AND_TIME_ASSIGNMENT ( #892, #3138, ( #2455 ) ) ;
#957 = ITEM_DEFINED_TRANSFORMATION ( 'NONE', 'NONE', #1391,  #1640 ) ;
#958 = CARTESIAN_POINT ( 'NONE',  ( 81.63475893497533775, -130.6443313570058535, -18.59999999999999787 ) ) ;
#959 = MECHANICAL_CONTEXT ( 'NONE', #889, 'mechanical' ) ;
#960 = CALENDAR_DATE ( 2026, 4, 4 ) ;
#961 = PERSON_AND_ORGANIZATION_ROLE ( 'classification_officer' ) ;
#962 = PRODUCT_DEFINITION_SHAPE ( 'NONE', 'NONE',  #3680 ) ;
#963 = CC_DESIGN_PERSON_AND_ORGANIZATION_ASSIGNMENT ( #2353, #3210, ( #1048 ) ) ;
#964 = APPROVAL_DATE_TIME ( #2685, #3174 ) ;
#965 = CC_DESIGN_DATE_AND_TIME_ASSIGNMENT ( #2762, #2742, ( #3389 ) ) ;
#966 = SHAPE_REPRESENTATION ( 'R2 Button REF2012', ( #2777 ), #367 ) ;
#967 = DOCUMENT_TYPE ( 'geometry' ) ;
#968 = CC_DESIGN_APPROVAL ( #1572, ( #1502 ) ) ;
#969 = PROPERTY_DEFINITION_REPRESENTATION ( #252, #3297 ) ;
#970 = MECHANICAL_CONTEXT ( 'NONE', #3660, 'mechanical' ) ;
#971 = LOCAL_TIME ( 19, 36, 27.00000000000000000, #3577 ) ;
#972 = LOCAL_TIME ( 19, 36, 27.00000000000000000, #1458 ) ;
#973 = APPROVAL_DATE_TIME ( #467, #2372 ) ;
#974 = DATE_TIME_ROLE ( 'classification_date' ) ;
#975 = APPROVAL_PERSON_ORGANIZATION ( #3639, #2810, #2200 ) ;
#976 = DIRECTION ( 'NONE',  ( 8.566391510564667399E-17, -0.9396926207859077618, 0.3420201433256707113 ) ) ;
#977 = PERSON_AND_ORGANIZATION_ROLE ( 'design_owner' ) ;
#978 = APPROVAL_DATE_TIME ( #401, #1859 ) ;
#979 = APPROVAL_ROLE ( '' ) ;
#980 =( GEOMETRIC_REPRESENTATION_CONTEXT ( 3 ) GLOBAL_UNCERTAINTY_ASSIGNED_CONTEXT ( ( #1266 ) ) GLOBAL_UNIT_ASSIGNED_CONTEXT ( ( #1832, #2738, #3336 ) ) REPRESENTATION_CONTEXT ( 'NONE', 'WORKASPACE' ) );
#981 = CC_DESIGN_DATE_AND_TIME_ASSIGNMENT ( #1294, #974, ( #506 ) ) ;
#982 = PRODUCT_DEFINITION_FORMATION_WITH_SPECIFIED_SOURCE ( 'Symmetrisch', '', #526, .NOT_KNOWN. ) ;
#983 = CALENDAR_DATE ( 2026, 4, 4 ) ;
#984 = APPROVAL_STATUS ( 'not_yet_approved' ) ;
#985 = DATE_TIME_ROLE ( 'classification_date' ) ;
#986 = COORDINATED_UNIVERSAL_TIME_OFFSET ( 1, 0, .AHEAD. ) ;
#987 = CC_DESIGN_DATE_AND_TIME_ASSIGNMENT ( #3638, #2199, ( #3265 ) ) ;
#988 = PRODUCT ( 'Export', 'Export', '', ( #1476 ) ) ;
#989 = MECHANICAL_CONTEXT ( 'NONE', #2114, 'mechanical' ) ;
#990 = PERSON_AND_ORGANIZATION_ROLE ( 'classification_officer' ) ;
#991 = DIRECTION ( 'NONE',  ( 0.000000000000000000, 0.000000000000000000, 1.000000000000000000 ) ) ;
#992 = PERSON ( 'NAUO-PER14', 'UNSPECIFIED', 'UNSPECIFIED', ('UNSPECIFIED'), ('UNSPECIFIED'), ('UNSPECIFIED') ) ;
#993 = DATE_AND_TIME ( #2451, #971 ) ;
#994 = CONTEXT_DEPENDENT_SHAPE_REPRESENTATION ( #221, #1247 ) ;
#995 = COORDINATED_UNIVERSAL_TIME_OFFSET ( 1, 0, .AHEAD. ) ;
#996 = DIRECTION ( 'NONE',  ( -0.7478782306024869264, 0.02366612697052720982, 0.6634139481689454998 ) ) ;
#997 = PERSON_AND_ORGANIZATION ( #18446744073709551615, #18446744073709551615 ) ;
#998 = APPROVAL_PERSON_ORGANIZATION ( #2010, #108, #1729 ) ;
#999 = DESIGN_CONTEXT ( 'detailed design', #510, 'design' ) ;
#1000 = LOCAL_TIME ( 19, 36, 27.00000000000000000, #30 ) ;
#1001 = APPROVAL_DATE_TIME ( #2534, #3115 ) ;
#1002 = APPROVAL_DATE_TIME ( #3586, #1505 ) ;
#1003 = LOCAL_TIME ( 19, 36, 27.00000000000000000, #3490 ) ;
#1004 = PERSON_AND_ORGANIZATION_ROLE ( 'classification_officer' ) ;
#1005 = CC_DESIGN_DATE_AND_TIME_ASSIGNMENT ( #1226, #604, ( #3680 ) ) ;
#1006 = PERSON_AND_ORGANIZATION ( #18446744073709551615, #18446744073709551615 ) ;
#1007 = COORDINATED_UNIVERSAL_TIME_OFFSET ( 1, 0, .AHEAD. ) ;
#1008 = ORGANIZATION ( 'NAUO-ORG24', 'UNSPECIFIED', 'UNSPECIFIED' ) ;
#1009 = CC_DESIGN_PERSON_AND_ORGANIZATION_ASSIGNMENT ( #2522, #147, ( #708 ) ) ;
#1010 = CC_DESIGN_APPROVAL ( #646, ( #1049 ) ) ;
#1011 = ORGANIZATION ( 'NAUO-ORG17', 'UNSPECIFIED', 'UNSPECIFIED' ) ;
#1012 = ITEM_DEFINED_TRANSFORMATION ( 'NONE', 'NONE', #2670,  #2727 ) ;
#1013 = DIRECTION ( 'NONE',  ( 0.9755345439459625068, 1.110223024625156417E-16, -0.2198462043523673470 ) ) ;
#1014 = MECHANICAL_CONTEXT ( 'NONE', #3587, 'mechanical' ) ;
#1015 = OBJECT_ROLE ('mandatory',$ ) ;
#1016 = CALENDAR_DATE ( 2026, 4, 4 ) ;
#1017 = PERSON_AND_ORGANIZATION ( #18446744073709551615, #18446744073709551615 ) ;
#1018 = LOCAL_TIME ( 19, 36, 27.00000000000000000, #235 ) ;
#1019 = OBJECT_ROLE ('mandatory',$ ) ;
#1020 = CALENDAR_DATE ( 2026, 4, 4 ) ;
#1021 = DATE_AND_TIME ( #1136, #1675 ) ;
#1022 = PROPERTY_DEFINITION_REPRESENTATION ( #200, #2879 ) ;
#1023 = DOCUMENT_FILE ( 'R2 Button REF2012.STEP' , '', '', #967, '' ,$ ) ;
#1024 = AXIS2_PLACEMENT_3D ( 'NONE', #3042, #1868, #1322 ) ;
#1025 = PERSON_AND_ORGANIZATION ( #18446744073709551615, #18446744073709551615 ) ;
#1026 = CC_DESIGN_PERSON_AND_ORGANIZATION_ASSIGNMENT ( #2984, #3618, ( #1825 ) ) ;
#1027 = CC_DESIGN_APPROVAL ( #1561, ( #196 ) ) ;
#1028 = APPROVAL ( #3208, 'Deckungsgleich' ) ;
#1029 = LOCAL_TIME ( 19, 36, 27.00000000000000000, #2776 ) ;
#1030 = SECURITY_CLASSIFICATION_LEVEL ( 'unclassified' ) ;
#1031 = CC_DESIGN_PERSON_AND_ORGANIZATION_ASSIGNMENT ( #2656, #2404, ( #1600 ) ) ;
#1032 = CALENDAR_DATE ( 2026, 4, 4 ) ;
#1033 = CC_DESIGN_SECURITY_CLASSIFICATION ( #3679, ( #3318 ) ) ;
#1034 = ROLE_ASSOCIATION ( #3074, #3621 ) ;
#1035 = DIRECTION ( 'NONE',  ( 1.000000000000000000, 0.000000000000000000, 0.000000000000000000 ) ) ;
#1036 = APPLICATION_CONTEXT ( 'configuration controlled 3d designs of mechanical parts and assemblies' ) ;
#1037 = APPROVAL_STATUS ( 'not_yet_approved' ) ;
#1038 = DATE_AND_TIME ( #2184, #1639 ) ;
#1039 = PROPERTY_DEFINITION ('document property','', #903 ) ;
#1040 = AXIS2_PLACEMENT_3D ( 'NONE', #893, #2021, #3348 ) ;
#1041 = DOCUMENT_TYPE ( 'geometry' ) ;
#1042 = CARTESIAN_POINT ( 'NONE',  ( 0.000000000000000000, 0.000000000000000000, 0.000000000000000000 ) ) ;
#1043 = CC_DESIGN_PERSON_AND_ORGANIZATION_ASSIGNMENT ( #2003, #2303, ( #3548 ) ) ;
#1044 = PRODUCT_DEFINITION ( 'Allgemein', '', #288, #712 ) ;
#1045 = DATE_TIME_ROLE ( 'creation_date' ) ;
#1046 = DATE_TIME_ROLE ( 'creation_date' ) ;
#1047 = DESIGN_CONTEXT ( 'detailed design', #2039, 'design' ) ;
#1048 = SECURITY_CLASSIFICATION ( '', '', #1207 ) ;
#1049 = PRODUCT_DEFINITION ( 'Allgemein', '', #3607, #370 ) ;
#1050 = SHAPE_DEFINITION_REPRESENTATION ( #2901, #2260 ) ;
#1051 = SHAPE_DEFINITION_REPRESENTATION ( #1527, #1352 ) ;
#1052 = APPROVAL_DATE_TIME ( #3597, #308 ) ;
#1053 = PRODUCT_DEFINITION ( 'Allgemein', '', #49, #2784 ) ;
#1054 = CC_DESIGN_PERSON_AND_ORGANIZATION_ASSIGNMENT ( #280, #3366, ( #2329 ) ) ;
#1055 = CALENDAR_DATE ( 2026, 4, 4 ) ;
#1056 = PERSON_AND_ORGANIZATION ( #18446744073709551615, #18446744073709551615 ) ;
#1057 = APPROVAL_ROLE ( '' ) ;
#1058 =( GEOMETRIC_REPRESENTATION_CONTEXT ( 3 ) GLOBAL_UNCERTAINTY_ASSIGNED_CONTEXT ( ( #2169 ) ) GLOBAL_UNIT_ASSIGNED_CONTEXT ( ( #2405, #1271, #167 ) ) REPRESENTATION_CONTEXT ( 'NONE', 'WORKASPACE' ) );
#1059 = APPROVAL_STATUS ( 'not_yet_approved' ) ;
#1060 = APPLICATION_CONTEXT ( 'configuration controlled 3d designs of mechanical parts and assemblies' ) ;
#1061 = DIRECTION ( 'NONE',  ( 1.000000000000000000, 0.000000000000000000, 0.000000000000000000 ) ) ;
#1062 = APPROVAL_DATE_TIME ( #2782, #1789 ) ;
#1063 = APPLICATION_PROTOCOL_DEFINITION ( 'international standard', 'config_control_design', 1994, #2535 ) ;
#1064 = CC_DESIGN_PERSON_AND_ORGANIZATION_ASSIGNMENT ( #3, #53, ( #513 ) ) ;
#1065 = SECURITY_CLASSIFICATION ( '', '', #409 ) ;
#1066 = CC_DESIGN_APPROVAL ( #1285, ( #1469 ) ) ;
#1067 = PERSON ( 'NAUO-PER21', 'UNSPECIFIED', 'UNSPECIFIED', ('UNSPECIFIED'), ('UNSPECIFIED'), ('UNSPECIFIED') ) ;
#1068 = DATE_TIME_ROLE ( 'classification_date' ) ;
#1069 = CC_DESIGN_SECURITY_CLASSIFICATION ( #2462, ( #3703 ) ) ;
#1070 = EXTERNAL_SOURCE (IDENTIFIER('') ) ;
#1071 = SECURITY_CLASSIFICATION_LEVEL ( 'unclassified' ) ;
#1072 = CALENDAR_DATE ( 2026, 4, 4 ) ;
#1073 = CARTESIAN_POINT ( 'NONE',  ( -454.3559888849487720, -64.64479839845316178, 1.599999999999998312 ) ) ;
#1074 = CALENDAR_DATE ( 2026, 4, 4 ) ;
#1075 = APPROVAL ( #3448, 'Deckungsgleich' ) ;
#1076 = PERSON_AND_ORGANIZATION_ROLE ( 'classification_officer' ) ;
#1077 = CC_DESIGN_DATE_AND_TIME_ASSIGNMENT ( #68, #1701, ( #882 ) ) ;
#1078 = SECURITY_CLASSIFICATION ( '', '', #3209 ) ;
#1079 = DIRECTION ( 'NONE',  ( 1.000000000000000000, 0.000000000000000000, 0.000000000000000000 ) ) ;
#1080 = PERSON_AND_ORGANIZATION ( #18446744073709551615, #18446744073709551615 ) ;
#1081 = APPROVAL_PERSON_ORGANIZATION ( #223, #3196, #3085 ) ;
#1082 = COORDINATED_UNIVERSAL_TIME_OFFSET ( 1, 0, .AHEAD. ) ;
#1083 = UNCERTAINTY_MEASURE_WITH_UNIT (LENGTH_MEASURE( 1.000000000000000082E-05 ), #319, 'distance_accuracy_value', 'NONE');
#1084 = APPROVAL ( #1894, 'Deckungsgleich' ) ;
#1085 = DATE_TIME_ROLE ( 'creation_date' ) ;
#1086 = COORDINATED_UNIVERSAL_TIME_OFFSET ( 1, 0, .AHEAD. ) ;
#1087 = SECURITY_CLASSIFICATION_LEVEL ( 'unclassified' ) ;
#1088 = PERSON_AND_ORGANIZATION ( #18446744073709551615, #18446744073709551615 ) ;
#1089 = COORDINATED_UNIVERSAL_TIME_OFFSET ( 1, 0, .AHEAD. ) ;
#1090 = PERSON_AND_ORGANIZATION ( #18446744073709551615, #18446744073709551615 ) ;
#1091 = COORDINATED_UNIVERSAL_TIME_OFFSET ( 1, 0, .AHEAD. ) ;
#1092 = PRODUCT_DEFINITION_FORMATION_WITH_SPECIFIED_SOURCE ( 'Symmetrisch', '', #1559, .NOT_KNOWN. ) ;
#1093 = CONTEXT_DEPENDENT_SHAPE_REPRESENTATION ( #2172, #259 ) ;
#1094 =( LENGTH_UNIT ( ) NAMED_UNIT ( * ) SI_UNIT ( .MILLI., .METRE. ) );
#1095 = APPROVAL_STATUS ( 'not_yet_approved' ) ;
#1096 = APPROVAL ( #2280, 'UNKNOWN' ) ;
#1097 = PERSON_AND_ORGANIZATION ( #18446744073709551615, #18446744073709551615 ) ;
#1098 = APPROVAL_PERSON_ORGANIZATION ( #3008, #1745, #2432 ) ;
#1099 = PERSON_AND_ORGANIZATION_ROLE ( 'creator' ) ;
#1100 = DATE_AND_TIME ( #840, #527 ) ;
#1101 = CC_DESIGN_APPROVAL ( #1693, ( #3440 ) ) ;
#1102 = APPROVAL_STATUS ( 'not_yet_approved' ) ;
#1103 = APPLICATION_CONTEXT ( 'configuration controlled 3d designs of mechanical parts and assemblies' ) ;
#1104 = DATE_AND_TIME ( #242, #1338 ) ;
#1105 = PERSON_AND_ORGANIZATION ( #18446744073709551615, #18446744073709551615 ) ;
#1106 = DATE_AND_TIME ( #3691, #1276 ) ;
#1107 = EXTERNAL_SOURCE (IDENTIFIER('') ) ;
#1108 = SECURITY_CLASSIFICATION_LEVEL ( 'unclassified' ) ;
#1109 = DIRECTION ( 'NONE',  ( 0.000000000000000000, 0.000000000000000000, 1.000000000000000000 ) ) ;
#1110 = APPLICATION_PROTOCOL_DEFINITION ( 'international standard', 'config_control_design', 1994, #1609 ) ;
#1111 = CALENDAR_DATE ( 2026, 4, 4 ) ;
#1112 = MECHANICAL_CONTEXT ( 'NONE', #3342, 'mechanical' ) ;
#1113 = CC_DESIGN_PERSON_AND_ORGANIZATION_ASSIGNMENT ( #737, #2463, ( #1664 ) ) ;
#1114 = APPROVAL_PERSON_ORGANIZATION ( #3264, #633, #2960 ) ;
#1115 = APPROVAL ( #3173, 'Deckungsgleich' ) ;
#1116 = SHAPE_DEFINITION_REPRESENTATION ( #25, #966 ) ;
#1117 =( NAMED_UNIT ( * ) PLANE_ANGLE_UNIT ( ) SI_UNIT ( $, .RADIAN. ) );
#1118 = LOCAL_TIME ( 19, 36, 27.00000000000000000, #1086 ) ;
#1119 = PRODUCT_RELATED_PRODUCT_CATEGORY ( 'detail', '', ( #3308 ) ) ;
#1120 = ORGANIZATION ( 'NAUO-ORG10', 'UNSPECIFIED', 'UNSPECIFIED' ) ;
#1121 = COORDINATED_UNIVERSAL_TIME_OFFSET ( 1, 0, .AHEAD. ) ;
#1122 = APPROVAL_STATUS ( 'not_yet_approved' ) ;
#1123 = DIRECTION ( 'NONE',  ( 1.000000000000000000, 0.000000000000000000, 0.000000000000000000 ) ) ;
#1124 = COORDINATED_UNIVERSAL_TIME_OFFSET ( 1, 0, .AHEAD. ) ;
#1125 = DATE_AND_TIME ( #22, #2769 ) ;
#1126 = LOCAL_TIME ( 19, 36, 27.00000000000000000, #136 ) ;
#1127 = LOCAL_TIME ( 19, 36, 27.00000000000000000, #316 ) ;
#1128 = LOCAL_TIME ( 19, 36, 27.00000000000000000, #3267 ) ;
#1129 = PERSON_AND_ORGANIZATION ( #18446744073709551615, #18446744073709551615 ) ;
#1130 = SECURITY_CLASSIFICATION ( '', '', #1510 ) ;
#1131 = PERSON_AND_ORGANIZATION ( #2342, #279 ) ;
#1132 = EXTERNAL_SOURCE (IDENTIFIER('') ) ;
#1133 = LOCAL_TIME ( 19, 36, 27.00000000000000000, #2759 ) ;
#1134 = DOCUMENT_FILE ( 'PS2 Main Housing Top REF2000.STEP' , '', '', #1041, '' ,$ ) ;
#1135 = COORDINATED_UNIVERSAL_TIME_OFFSET ( 1, 0, .AHEAD. ) ;
#1136 = CALENDAR_DATE ( 2026, 4, 4 ) ;
#1137 = CC_DESIGN_PERSON_AND_ORGANIZATION_ASSIGNMENT ( #129, #3330, ( #982 ) ) ;
#1138 = CC_DESIGN_PERSON_AND_ORGANIZATION_ASSIGNMENT ( #685, #37, ( #366 ) ) ;
#1139 = PROPERTY_DEFINITION_REPRESENTATION ( #855, #425 ) ;
#1140 = CC_DESIGN_PERSON_AND_ORGANIZATION_ASSIGNMENT ( #12, #1432, ( #3283 ) ) ;
#1141 = PERSON_AND_ORGANIZATION_ROLE ( 'creator' ) ;
#1142 = APPROVAL_STATUS ( 'not_yet_approved' ) ;
#1143 = CALENDAR_DATE ( 2026, 4, 4 ) ;
#1144 = LOCAL_TIME ( 19, 36, 27.00000000000000000, #2338 ) ;
#1145 = CC_DESIGN_PERSON_AND_ORGANIZATION_ASSIGNMENT ( #2124, #135, ( #67 ) ) ;
#1146 = PERSON_AND_ORGANIZATION ( #18446744073709551615, #18446744073709551615 ) ;
#1147 = CC_DESIGN_APPROVAL ( #3427, ( #2660 ) ) ;
#1148 = DATE_AND_TIME ( #89, #361 ) ;
#1149 = PRODUCT_DEFINITION_SHAPE ( 'NONE', 'NONE',  #3707 ) ;
#1150 = CC_DESIGN_APPROVAL ( #1318, ( #3679 ) ) ;
#1151 = COORDINATED_UNIVERSAL_TIME_OFFSET ( 1, 0, .AHEAD. ) ;
#1152 = APPLICATION_CONTEXT ( 'configuration controlled 3d designs of mechanical parts and assemblies' ) ;
#1153 = LOCAL_TIME ( 19, 36, 27.00000000000000000, #3026 ) ;
#1154 = SECURITY_CLASSIFICATION_LEVEL ( 'unclassified' ) ;
#1155 =( REPRESENTATION_RELATIONSHIP ('NONE','NONE', #3664, #1352 ) REPRESENTATION_RELATIONSHIP_WITH_TRANSFORMATION ( #2850 )SHAPE_REPRESENTATION_RELATIONSHIP( ) );
#1156 = APPLICATION_PROTOCOL_DEFINITION ( 'international standard', 'config_control_design', 1994, #2896 ) ;
#1157 = DIRECTION ( 'NONE',  ( 0.000000000000000000, 0.000000000000000000, 1.000000000000000000 ) ) ;
#1158 = CC_DESIGN_SECURITY_CLASSIFICATION ( #1825, ( #982 ) ) ;
#1159 = DOCUMENT_FILE ( 'Battery Compartment Left REF2004.STEP' , '', '', #3363, '' ,$ ) ;
#1160 = CC_DESIGN_PERSON_AND_ORGANIZATION_ASSIGNMENT ( #393, #70, ( #49 ) ) ;
#1161 = PERSON_AND_ORGANIZATION_ROLE ( 'design_owner' ) ;
#1162 = CC_DESIGN_PERSON_AND_ORGANIZATION_ASSIGNMENT ( #2907, #94, ( #3093 ) ) ;
#1163 = PERSON_AND_ORGANIZATION ( #18446744073709551615, #18446744073709551615 ) ;
#1164 = DATE_TIME_ROLE ( 'classification_date' ) ;
#1165 = APPROVAL_STATUS ( 'not_yet_approved' ) ;
#1166 = PRODUCT ( 'Battery Compartment Left REF2004', 'Battery Compartment Left REF2004', '', ( #2921 ) ) ;
#1167 = CC_DESIGN_APPROVAL ( #3517, ( #513 ) ) ;
#1168 = APPROVAL_ROLE ( '' ) ;
#1169 = APPLIED_DOCUMENT_REFERENCE ( #2974,'',( #1183) ) ;
#1170 = APPLIED_DOCUMENT_REFERENCE ( #624,'',( #3432) ) ;
#1171 = APPLICATION_CONTEXT ( 'configuration controlled 3d designs of mechanical parts and assemblies' ) ;
#1172 = PERSON ( 'NAUO-PER13', 'UNSPECIFIED', 'UNSPECIFIED', ('UNSPECIFIED'), ('UNSPECIFIED'), ('UNSPECIFIED') ) ;
#1173 = DIRECTION ( 'NONE',  ( -1.000000000000000222, 0.000000000000000000, 5.551115123125782702E-17 ) ) ;
#1174 = COORDINATED_UNIVERSAL_TIME_OFFSET ( 1, 0, .AHEAD. ) ;
#1175 = DIRECTION ( 'NONE',  ( 1.000000000000000000, 0.000000000000000000, 0.000000000000000000 ) ) ;
#1176 = APPLIED_EXTERNAL_IDENTIFICATION_ASSIGNMENT ( 'Battery Compartment Left REF2004.STEP' , #3159, #2406,( #1159) ) ;
#1177 = APPROVAL_PERSON_ORGANIZATION ( #1995, #3442, #3113 ) ;
#1178 = PRODUCT_DEFINITION_SHAPE ( 'NONE', 'NONE',  #3710 ) ;
#1179 = CALENDAR_DATE ( 2026, 4, 4 ) ;
#1180 = CALENDAR_DATE ( 2026, 4, 4 ) ;
#1181 = APPROVAL_ROLE ( '' ) ;
#1182 = CC_DESIGN_PERSON_AND_ORGANIZATION_ASSIGNMENT ( #267, #1713, ( #2514 ) ) ;
#1183 = PRODUCT_DEFINITION ( 'Allgemein', '', #372, #999 ) ;
#1184 = CALENDAR_DATE ( 2026, 4, 4 ) ;
#1185 = APPROVAL ( #1529, 'UNKNOWN' ) ;
#1186 = PERSON_AND_ORGANIZATION_ROLE ( 'design_supplier' ) ;
#1187 = APPLICATION_PROTOCOL_DEFINITION ( 'international standard', 'config_control_design', 1994, #778 ) ;
#1188 = COORDINATED_UNIVERSAL_TIME_OFFSET ( 1, 0, .AHEAD. ) ;
#1189 = PRODUCT_RELATED_PRODUCT_CATEGORY ( 'detail', '', ( #3450 ) ) ;
#1190 = CALENDAR_DATE ( 2026, 4, 4 ) ;
#1191 =( REPRESENTATION_RELATIONSHIP ('NONE','NONE', #3664, #3493 ) REPRESENTATION_RELATIONSHIP_WITH_TRANSFORMATION ( #2065 )SHAPE_REPRESENTATION_RELATIONSHIP( ) );
#1192 = SECURITY_CLASSIFICATION ( '', '', #2938 ) ;
#1193 = LOCAL_TIME ( 19, 36, 27.00000000000000000, #2014 ) ;
#1194 = ROLE_ASSOCIATION ( #1353, #1170 ) ;
#1195 = CALENDAR_DATE ( 2026, 4, 4 ) ;
#1196 = APPLICATION_PROTOCOL_DEFINITION ( 'international standard', 'config_control_design', 1994, #149 ) ;
#1197 = APPROVAL_PERSON_ORGANIZATION ( #1956, #2878, #3152 ) ;
#1198 =( NAMED_UNIT ( * ) SI_UNIT ( $, .STERADIAN. ) SOLID_ANGLE_UNIT ( ) );
#1199 = PRODUCT ( 'uSD2PSX Frame REF2017', 'uSD2PSX Frame REF2017', '', ( #1737 ) ) ;
#1200 = PERSON_AND_ORGANIZATION ( #18446744073709551615, #18446744073709551615 ) ;
#1201 = APPLICATION_PROTOCOL_DEFINITION ( 'international standard', 'config_control_design', 1994, #3211 ) ;
#1202 = CC_DESIGN_PERSON_AND_ORGANIZATION_ASSIGNMENT ( #3361, #3072, ( #1427 ) ) ;
#1203 = APPROVAL_PERSON_ORGANIZATION ( #1025, #899, #2802 ) ;
#1204 = CONTEXT_DEPENDENT_SHAPE_REPRESENTATION ( #339, #3071 ) ;
#1205 = CALENDAR_DATE ( 2026, 4, 4 ) ;
#1206 = DATE_AND_TIME ( #822, #825 ) ;
#1207 = SECURITY_CLASSIFICATION_LEVEL ( 'unclassified' ) ;
#1208 = CC_DESIGN_APPROVAL ( #3581, ( #372 ) ) ;
#1209 = EXTERNAL_SOURCE (IDENTIFIER('') ) ;
#1210 = APPROVAL_PERSON_ORGANIZATION ( #2604, #1318, #2024 ) ;
#1211 = DIRECTION ( 'NONE',  ( 0.000000000000000000, 0.000000000000000000, 1.000000000000000000 ) ) ;
#1212 = CALENDAR_DATE ( 2026, 4, 4 ) ;
#1213 = APPROVAL ( #1165, 'Deckungsgleich' ) ;
#1214 =( REPRESENTATION_RELATIONSHIP ('NONE','NONE', #3664, #294 ) REPRESENTATION_RELATIONSHIP_WITH_TRANSFORMATION ( #3438 )SHAPE_REPRESENTATION_RELATIONSHIP( ) );
#1215 = ROLE_ASSOCIATION ( #248, #2894 ) ;
#1216 = ITEM_DEFINED_TRANSFORMATION ( 'NONE', 'NONE', #437,  #1496 ) ;
#1217 = MECHANICAL_CONTEXT ( 'NONE', #819, 'mechanical' ) ;
#1218 = PERSON_AND_ORGANIZATION ( #18446744073709551615, #18446744073709551615 ) ;
#1219 = LOCAL_TIME ( 19, 36, 27.00000000000000000, #995 ) ;
#1220 = PERSON_AND_ORGANIZATION ( #18446744073709551615, #18446744073709551615 ) ;
#1221 = COORDINATED_UNIVERSAL_TIME_OFFSET ( 1, 0, .AHEAD. ) ;
#1222 = DIRECTION ( 'NONE',  ( 1.000000000000000000, 0.000000000000000000, 0.000000000000000000 ) ) ;
#1223 = PERSON_AND_ORGANIZATION ( #18446744073709551615, #18446744073709551615 ) ;
#1224 = APPROVAL_ROLE ( '' ) ;
#1225 = CARTESIAN_POINT ( 'NONE',  ( 0.000000000000000000, 0.000000000000000000, 0.000000000000000000 ) ) ;
#1226 = DATE_AND_TIME ( #1212, #2105 ) ;
#1227 = APPROVAL_STATUS ( 'not_yet_approved' ) ;
#1228 = DOCUMENT_TYPE ( 'geometry' ) ;
#1229 = PRODUCT_DEFINITION_SHAPE ( 'NONE', 'NONE',  #1310 ) ;
#1230 = DATE_TIME_ROLE ( 'classification_date' ) ;
#1231 = APPROVAL ( #1776, 'Deckungsgleich' ) ;
#1232 = SHAPE_DEFINITION_REPRESENTATION ( #2619, #3664 ) ;
#1233 = APPROVAL_DATE_TIME ( #1512, #1330 ) ;
#1234 = CC_DESIGN_DATE_AND_TIME_ASSIGNMENT ( #2160, #449, ( #355 ) ) ;
#1235 = DIRECTION ( 'NONE',  ( 1.000000000000000000, 0.000000000000000000, 0.000000000000000000 ) ) ;
#1236 = APPROVAL_STATUS ( 'not_yet_approved' ) ;
#1237 = PERSON_AND_ORGANIZATION_ROLE ( 'design_owner' ) ;
#1238 = CC_DESIGN_PERSON_AND_ORGANIZATION_ASSIGNMENT ( #1579, #1558, ( #3018 ) ) ;
#1239 = CC_DESIGN_APPROVAL ( #207, ( #366 ) ) ;
#1240 = CC_DESIGN_PERSON_AND_ORGANIZATION_ASSIGNMENT ( #1586, #1953, ( #3389 ) ) ;
#1241 = PERSON ( 'NAUO-PER27', 'UNSPECIFIED', 'UNSPECIFIED', ('UNSPECIFIED'), ('UNSPECIFIED'), ('UNSPECIFIED') ) ;
#1242 = SECURITY_CLASSIFICATION_LEVEL ( 'unclassified' ) ;
#1243 = DIRECTION ( 'NONE',  ( -0.8660254037844380415, 1.914284349463445628E-16, -0.5000000000000009992 ) ) ;
#1244 = DATE_AND_TIME ( #1205, #3153 ) ;
#1245 = DATE_AND_TIME ( #3519, #3288 ) ;
#1246 = DATE_AND_TIME ( #2046, #3191 ) ;
#1247 = PRODUCT_DEFINITION_SHAPE ( 'NONE', 'NONE',  #3706 ) ;
#1248 = SECURITY_CLASSIFICATION ( '', '', #2933 ) ;
#1249 =( NAMED_UNIT ( * ) PLANE_ANGLE_UNIT ( ) SI_UNIT ( $, .RADIAN. ) );
#1250 = CALENDAR_DATE ( 2026, 4, 4 ) ;
#1251 = APPLICATION_CONTEXT ( 'configuration controlled 3d designs of mechanical parts and assemblies' ) ;
#1252 = COORDINATED_UNIVERSAL_TIME_OFFSET ( 1, 0, .AHEAD. ) ;
#1253 = PERSON_AND_ORGANIZATION ( #18446744073709551615, #18446744073709551615 ) ;
#1254 = SECURITY_CLASSIFICATION ( '', '', #3472 ) ;
#1255 = APPROVAL ( #3495, 'Deckungsgleich' ) ;
#1256 = APPROVAL_PERSON_ORGANIZATION ( #860, #1589, #352 ) ;
#1257 = PERSON_AND_ORGANIZATION ( #18446744073709551615, #18446744073709551615 ) ;
#1258 = CALENDAR_DATE ( 2026, 4, 4 ) ;
#1259 = DOCUMENT_TYPE ( 'geometry' ) ;
#1260 = DIRECTION ( 'NONE',  ( 1.000000000000000000, 0.000000000000000000, 0.000000000000000000 ) ) ;
#1261 = DATE_TIME_ROLE ( 'creation_date' ) ;
#1262 = DOCUMENT_FILE ( 'MemoryCard Cover REF2013.STEP' , '', '', #1460, '' ,$ ) ;
#1263 = DATE_AND_TIME ( #668, #386 ) ;
#1264 = CC_DESIGN_PERSON_AND_ORGANIZATION_ASSIGNMENT ( #1090, #1691, ( #3511 ) ) ;
#1265 = PERSON_AND_ORGANIZATION ( #18446744073709551615, #18446744073709551615 ) ;
#1266 = UNCERTAINTY_MEASURE_WITH_UNIT (LENGTH_MEASURE( 1.000000000000000082E-05 ), #1832, 'distance_accuracy_value', 'NONE');
#1267 = COORDINATED_UNIVERSAL_TIME_OFFSET ( 1, 0, .AHEAD. ) ;
#1268 = CALENDAR_DATE ( 2026, 4, 4 ) ;
#1269 = DATE_AND_TIME ( #2937, #1845 ) ;
#1270 = LOCAL_TIME ( 19, 36, 27.00000000000000000, #584 ) ;
#1271 =( NAMED_UNIT ( * ) PLANE_ANGLE_UNIT ( ) SI_UNIT ( $, .RADIAN. ) );
#1272 = DATE_AND_TIME ( #1864, #1425 ) ;
#1273 = APPLICATION_CONTEXT ( 'configuration controlled 3d designs of mechanical parts and assemblies' ) ;
#1274 = APPROVAL_ROLE ( '' ) ;
#1275 = PRODUCT_DEFINITION ( 'Allgemein', '', #730, #815 ) ;
#1276 = LOCAL_TIME ( 19, 36, 27.00000000000000000, #245 ) ;
#1277 = APPROVAL_DATE_TIME ( #3229, #2011 ) ;
#1278 = DIRECTION ( 'NONE',  ( -1.000000000000000000, 0.000000000000000000, 0.000000000000000000 ) ) ;
#1279 = COORDINATED_UNIVERSAL_TIME_OFFSET ( 1, 0, .AHEAD. ) ;
#1280 = OBJECT_ROLE ('mandatory',$ ) ;
#1281 =( REPRESENTATION_RELATIONSHIP ('NONE','NONE', #3664, #692 ) REPRESENTATION_RELATIONSHIP_WITH_TRANSFORMATION ( #1768 )SHAPE_REPRESENTATION_RELATIONSHIP( ) );
#1282 = DATE_TIME_ROLE ( 'classification_date' ) ;
#1283 = DATE_AND_TIME ( #421, #311 ) ;
#1284 = APPROVAL_PERSON_ORGANIZATION ( #954, #1813, #2098 ) ;
#1285 = APPROVAL ( #709, 'Deckungsgleich' ) ;
#1286 = PERSON_AND_ORGANIZATION ( #18446744073709551615, #18446744073709551615 ) ;
#1287 = COORDINATED_UNIVERSAL_TIME_OFFSET ( 1, 0, .AHEAD. ) ;
#1288 = PERSON_AND_ORGANIZATION ( #18446744073709551615, #18446744073709551615 ) ;
#1289 = PRODUCT_DEFINITION ( 'Allgemein', '', #1502, #2814 ) ;
#1290 =( LENGTH_UNIT ( ) NAMED_UNIT ( * ) SI_UNIT ( .MILLI., .METRE. ) );
#1291 = SECURITY_CLASSIFICATION ( '', '', #2437 ) ;
#1292 = PRODUCT_DEFINITION_SHAPE ( 'NONE', 'NONE',  #2787 ) ;
#1293 = APPROVAL_ROLE ( '' ) ;
#1294 = DATE_AND_TIME ( #2491, #2613 ) ;
#1295 = COORDINATED_UNIVERSAL_TIME_OFFSET ( 1, 0, .AHEAD. ) ;
#1296 = DIRECTION ( 'NONE',  ( 1.000000000000000000, 0.000000000000000000, 0.000000000000000000 ) ) ;
#1297 = APPLICATION_CONTEXT ( 'configuration controlled 3d designs of mechanical parts and assemblies' ) ;
#1298 = APPROVAL_DATE_TIME ( #705, #1407 ) ;
#1299 = PERSON_AND_ORGANIZATION ( #18446744073709551615, #18446744073709551615 ) ;
#1300 = LOCAL_TIME ( 19, 36, 27.00000000000000000, #1857 ) ;
#1301 = EXTERNAL_SOURCE (IDENTIFIER('') ) ;
#1302 = PERSON_AND_ORGANIZATION ( #18446744073709551615, #18446744073709551615 ) ;
#1303 = CC_DESIGN_PERSON_AND_ORGANIZATION_ASSIGNMENT ( #2748, #1865, ( #1762 ) ) ;
#1304 = APPROVAL_DATE_TIME ( #3528, #3439 ) ;
#1305 = ORGANIZATION ( 'NAUO-ORG7', 'UNSPECIFIED', 'UNSPECIFIED' ) ;
#1306 = APPROVAL_ROLE ( '' ) ;
#1307 = PROPERTY_DEFINITION ('external definition','', #903 ) ;
#1308 = SECURITY_CLASSIFICATION_LEVEL ( 'unclassified' ) ;
#1309 = LOCAL_TIME ( 19, 36, 27.00000000000000000, #45 ) ;
#1310 = PRODUCT_DEFINITION ( 'Allgemein', '', #1600, #102 ) ;
#1311 = PERSON_AND_ORGANIZATION ( #18446744073709551615, #18446744073709551615 ) ;
#1312 = DIRECTION ( 'NONE',  ( 1.000000000000000000, 0.000000000000000000, 0.000000000000000000 ) ) ;
#1313 = CC_DESIGN_APPROVAL ( #2487, ( #2208 ) ) ;
#1314 = PERSON_AND_ORGANIZATION_ROLE ( 'creator' ) ;
#1315 = CONTEXT_DEPENDENT_SHAPE_REPRESENTATION ( #2775, #3094 ) ;
#1316 = CC_DESIGN_SECURITY_CLASSIFICATION ( #1248, ( #3722 ) ) ;
#1317 = CC_DESIGN_PERSON_AND_ORGANIZATION_ASSIGNMENT ( #151, #1314, ( #288 ) ) ;
#1318 = APPROVAL ( #3494, 'Deckungsgleich' ) ;
#1319 = PRODUCT_DEFINITION_FORMATION_WITH_SPECIFIED_SOURCE ( 'Symmetrisch', '', #2096, .NOT_KNOWN. ) ;
#1320 = LOCAL_TIME ( 19, 36, 27.00000000000000000, #2697 ) ;
#1321 = CALENDAR_DATE ( 2026, 4, 4 ) ;
#1322 = DIRECTION ( 'NONE',  ( -0.7071067811865454633, 1.683905833185508670E-32, 0.7071067811865496822 ) ) ;
#1323 = PERSON_AND_ORGANIZATION ( #18446744073709551615, #18446744073709551615 ) ;
#1324 = DATE_AND_TIME ( #1357, #1344 ) ;
#1325 = LOCAL_TIME ( 19, 36, 27.00000000000000000, #1082 ) ;
#1326 = CC_DESIGN_PERSON_AND_ORGANIZATION_ASSIGNMENT ( #1006, #2158, ( #3233 ) ) ;
#1327 = CALENDAR_DATE ( 2026, 4, 4 ) ;
#1328 = PERSON_AND_ORGANIZATION ( #18446744073709551615, #18446744073709551615 ) ;
#1329 =( GEOMETRIC_REPRESENTATION_CONTEXT ( 3 ) GLOBAL_UNCERTAINTY_ASSIGNED_CONTEXT ( ( #3213 ) ) GLOBAL_UNIT_ASSIGNED_CONTEXT ( ( #1874, #140, #197 ) ) REPRESENTATION_CONTEXT ( 'NONE', 'WORKASPACE' ) );
#1330 = APPROVAL ( #199, 'Deckungsgleich' ) ;
#1331 = CALENDAR_DATE ( 2026, 4, 4 ) ;
#1332 = CC_DESIGN_PERSON_AND_ORGANIZATION_ASSIGNMENT ( #3132, #813, ( #2881 ) ) ;
#1333 = CC_DESIGN_SECURITY_CLASSIFICATION ( #1986, ( #1502 ) ) ;
#1334 = IDENTIFICATION_ROLE ( 'external document id and location', $) ;
#1335 = LOCAL_TIME ( 19, 36, 27.00000000000000000, #1386 ) ;
#1336 = EXTERNAL_SOURCE (IDENTIFIER('') ) ;
#1337 = COORDINATED_UNIVERSAL_TIME_OFFSET ( 1, 0, .AHEAD. ) ;
#1338 = LOCAL_TIME ( 19, 36, 27.00000000000000000, #1434 ) ;
#1339 = ITEM_DEFINED_TRANSFORMATION ( 'NONE', 'NONE', #3324,  #2442 ) ;
#1340 = APPROVAL_DATE_TIME ( #3059, #2863 ) ;
#1341 = COORDINATED_UNIVERSAL_TIME_OFFSET ( 1, 0, .AHEAD. ) ;
#1342 = DATE_TIME_ROLE ( 'creation_date' ) ;
#1343 = PROPERTY_DEFINITION ('document property','', #3280 ) ;
#1344 = LOCAL_TIME ( 19, 36, 27.00000000000000000, #729 ) ;
#1345 = SHAPE_DEFINITION_REPRESENTATION ( #962, #1887 ) ;
#1346 = DATE_TIME_ROLE ( 'classification_date' ) ;
#1347 = LOCAL_TIME ( 19, 36, 27.00000000000000000, #600 ) ;
#1348 = PERSON_AND_ORGANIZATION ( #18446744073709551615, #18446744073709551615 ) ;
#1349 = APPLICATION_CONTEXT ( 'configuration controlled 3d designs of mechanical parts and assemblies' ) ;
#1350 = CC_DESIGN_PERSON_AND_ORGANIZATION_ASSIGNMENT ( #686, #3561, ( #168 ) ) ;
#1351 = APPROVAL_DATE_TIME ( #507, #1879 ) ;
#1352 = SHAPE_REPRESENTATION ( 'R1-L1 Bar REF2010', ( #2477 ), #2936 ) ;
#1353 = OBJECT_ROLE ('mandatory',$ ) ;
#1354 = PROPERTY_DEFINITION_REPRESENTATION ( #2550, #2117 ) ;
#1355 = APPROVAL_ROLE ( '' ) ;
#1356 = APPROVAL_DATE_TIME ( #2530, #2868 ) ;
#1357 = CALENDAR_DATE ( 2026, 4, 4 ) ;
#1358 = CC_DESIGN_PERSON_AND_ORGANIZATION_ASSIGNMENT ( #3295, #436, ( #2906 ) ) ;
#1359 = CALENDAR_DATE ( 2026, 4, 4 ) ;
#1360 = COORDINATED_UNIVERSAL_TIME_OFFSET ( 1, 0, .AHEAD. ) ;
#1361 = LOCAL_TIME ( 19, 36, 27.00000000000000000, #757 ) ;
#1362 = APPROVAL_PERSON_ORGANIZATION ( #1146, #3557, #1403 ) ;
#1363 = DATE_AND_TIME ( #3341, #2939 ) ;
#1364 = LOCAL_TIME ( 19, 36, 27.00000000000000000, #95 ) ;
#1365 = PERSON_AND_ORGANIZATION ( #18446744073709551615, #18446744073709551615 ) ;
#1366 = APPLICATION_CONTEXT ( 'configuration controlled 3d designs of mechanical parts and assemblies' ) ;
#1367 = LOCAL_TIME ( 19, 36, 27.00000000000000000, #141 ) ;
#1368 = CC_DESIGN_DATE_AND_TIME_ASSIGNMENT ( #1747, #359, ( #3651 ) ) ;
#1369 = PROPERTY_DEFINITION_REPRESENTATION ( #2454, #203 ) ;
#1370 = MECHANICAL_CONTEXT ( 'NONE', #1349, 'mechanical' ) ;
#1371 = PERSON_AND_ORGANIZATION ( #18446744073709551615, #18446744073709551615 ) ;
#1372 = DATE_TIME_ROLE ( 'classification_date' ) ;
#1373 = LOCAL_TIME ( 19, 36, 27.00000000000000000, #1726 ) ;
#1374 = CC_DESIGN_APPROVAL ( #1560, ( #1254 ) ) ;
#1375 = APPROVAL_STATUS ( 'not_yet_approved' ) ;
#1376 = APPROVAL_PERSON_ORGANIZATION ( #3454, #2099, #2917 ) ;
#1377 = COORDINATED_UNIVERSAL_TIME_OFFSET ( 1, 0, .AHEAD. ) ;
#1378 = DESIGN_CONTEXT ( 'detailed design', #2137, 'design' ) ;
#1379 = CALENDAR_DATE ( 2026, 4, 4 ) ;
#1380 = CONTEXT_DEPENDENT_SHAPE_REPRESENTATION ( #1214, #276 ) ;
#1381 = OBJECT_ROLE ('mandatory',$ ) ;
#1382 = PERSON_AND_ORGANIZATION_ROLE ( 'creator' ) ;
#1383 = LOCAL_TIME ( 19, 36, 27.00000000000000000, #3337 ) ;
#1384 = ROLE_ASSOCIATION ( #2799, #2835 ) ;
#1385 = PROPERTY_DEFINITION ('external definition','', #1134 ) ;
#1386 = COORDINATED_UNIVERSAL_TIME_OFFSET ( 1, 0, .AHEAD. ) ;
#1387 = APPLICATION_PROTOCOL_DEFINITION ( 'international standard', 'config_control_design', 1994, #798 ) ;
#1388 = APPROVAL_ROLE ( '' ) ;
#1389 = DATE_TIME_ROLE ( 'classification_date' ) ;
#1390 = COORDINATED_UNIVERSAL_TIME_OFFSET ( 1, 0, .AHEAD. ) ;
#1391 = AXIS2_PLACEMENT_3D ( 'NONE', #113, #1596, #2751 ) ;
#1392 = CC_DESIGN_PERSON_AND_ORGANIZATION_ASSIGNMENT ( #424, #2720, ( #1771 ) ) ;
#1393 = PRODUCT_DEFINITION_SHAPE ( 'NONE', 'NONE',  #3718 ) ;
#1394 = DOCUMENT_FILE ( 'Speaker Cover Left REF2006.STEP' , '', '', #2309, '' ,$ ) ;
#1395 = CC_DESIGN_SECURITY_CLASSIFICATION ( #2236, ( #3018 ) ) ;
#1396 = APPROVAL_ROLE ( '' ) ;
#1397 = CC_DESIGN_PERSON_AND_ORGANIZATION_ASSIGNMENT ( #3646, #1627, ( #1535 ) ) ;
#1398 = APPROVAL_DATE_TIME ( #562, #929 ) ;
#1399 = CONTEXT_DEPENDENT_SHAPE_REPRESENTATION ( #501, #3525 ) ;
#1400 = PERSON_AND_ORGANIZATION ( #18446744073709551615, #18446744073709551615 ) ;
#1401 = IDENTIFICATION_ROLE ( 'external document id and location', $) ;
#1402 = PERSON_AND_ORGANIZATION_ROLE ( 'creator' ) ;
#1403 = APPROVAL_ROLE ( '' ) ;
#1404 = PERSON_AND_ORGANIZATION ( #18446744073709551615, #18446744073709551615 ) ;
#1405 = CC_DESIGN_DATE_AND_TIME_ASSIGNMENT ( #2369, #1827, ( #688 ) ) ;
#1406 = PERSON_AND_ORGANIZATION ( #18446744073709551615, #18446744073709551615 ) ;
#1407 = APPROVAL ( #2733, 'Deckungsgleich' ) ;
#1408 = APPLICATION_CONTEXT ( 'configuration controlled 3d designs of mechanical parts and assemblies' ) ;
#1409 = DATE_TIME_ROLE ( 'classification_date' ) ;
#1410 = CC_DESIGN_DATE_AND_TIME_ASSIGNMENT ( #2382, #912, ( #1310 ) ) ;
#1411 = PROPERTY_DEFINITION ('document property','', #1159 ) ;
#1412 = CALENDAR_DATE ( 2026, 4, 4 ) ;
#1413 = DATE_AND_TIME ( #1635, #1778 ) ;
#1414 = DOCUMENT_TYPE ( 'geometry' ) ;
#1415 = CALENDAR_DATE ( 2026, 4, 4 ) ;
#1416 = CARTESIAN_POINT ( 'NONE',  ( 0.000000000000000000, 0.000000000000000000, 0.000000000000000000 ) ) ;
#1417 = APPROVAL_PERSON_ORGANIZATION ( #1689, #3083, #1669 ) ;
#1418 = DOCUMENT_FILE ( 'Button Cover Left REF2002.STEP' , '', '', #628, '' ,$ ) ;
#1419 = CALENDAR_DATE ( 2026, 4, 4 ) ;
#1420 = PERSON_AND_ORGANIZATION_ROLE ( 'design_owner' ) ;
#1421 = CC_DESIGN_PERSON_AND_ORGANIZATION_ASSIGNMENT ( #357, #1161, ( #91 ) ) ;
#1422 = COORDINATED_UNIVERSAL_TIME_OFFSET ( 1, 0, .AHEAD. ) ;
#1423 = PERSON_AND_ORGANIZATION_ROLE ( 'creator' ) ;
#1424 = CC_DESIGN_PERSON_AND_ORGANIZATION_ASSIGNMENT ( #2458, #2383, ( #1803 ) ) ;
#1425 = LOCAL_TIME ( 19, 36, 27.00000000000000000, #414 ) ;
#1426 = PERSON_AND_ORGANIZATION ( #18446744073709551615, #18446744073709551615 ) ;
#1427 = PRODUCT ( 'PS2 Main Housing Top REF2000', 'PS2 Main Housing Top REF2000', '', ( #2213 ) ) ;
#1428 = CC_DESIGN_PERSON_AND_ORGANIZATION_ASSIGNMENT ( #1218, #2365, ( #49 ) ) ;
#1429 = DATE_AND_TIME ( #305, #718 ) ;
#1430 = APPROVAL ( #515, 'Deckungsgleich' ) ;
#1431 = DOCUMENT_TYPE ( 'geometry' ) ;
#1432 = PERSON_AND_ORGANIZATION_ROLE ( 'design_supplier' ) ;
#1433 = APPROVAL_STATUS ( 'not_yet_approved' ) ;
#1434 = COORDINATED_UNIVERSAL_TIME_OFFSET ( 1, 0, .AHEAD. ) ;
#1435 = DATE_TIME_ROLE ( 'creation_date' ) ;
#1436 = SECURITY_CLASSIFICATION_LEVEL ( 'unclassified' ) ;
#1437 = LOCAL_TIME ( 19, 36, 27.00000000000000000, #2628 ) ;
#1438 =( REPRESENTATION_RELATIONSHIP ('NONE','NONE', #3664, #3270 ) REPRESENTATION_RELATIONSHIP_WITH_TRANSFORMATION ( #533 )SHAPE_REPRESENTATION_RELATIONSHIP( ) );
#1439 = APPROVAL_DATE_TIME ( #1244, #1028 ) ;
#1440 = APPROVAL_PERSON_ORGANIZATION ( #3394, #3661, #1936 ) ;
#1441 = DATE_AND_TIME ( #536, #2590 ) ;
#1442 =( LENGTH_UNIT ( ) NAMED_UNIT ( * ) SI_UNIT ( .MILLI., .METRE. ) );
#1443 = APPLICATION_PROTOCOL_DEFINITION ( 'international standard', 'config_control_design', 1994, #510 ) ;
#1444 = CC_DESIGN_APPROVAL ( #2810, ( #441 ) ) ;
#1445 = PERSON_AND_ORGANIZATION ( #1172, #2325 ) ;
#1446 = CALENDAR_DATE ( 2026, 4, 4 ) ;
#1447 =( LENGTH_UNIT ( ) NAMED_UNIT ( * ) SI_UNIT ( .MILLI., .METRE. ) );
#1448 = CC_DESIGN_APPROVAL ( #308, ( #506 ) ) ;
#1449 = CC_DESIGN_DATE_AND_TIME_ASSIGNMENT ( #3593, #3387, ( #1289 ) ) ;
#1450 = APPROVAL ( #3636, 'UNKNOWN' ) ;
#1451 = APPLICATION_PROTOCOL_DEFINITION ( 'international standard', 'config_control_design', 1994, #2434 ) ;
#1452 = CALENDAR_DATE ( 2026, 4, 4 ) ;
#1453 = CALENDAR_DATE ( 2026, 4, 4 ) ;
#1454 = APPLICATION_CONTEXT ( 'configuration controlled 3d designs of mechanical parts and assemblies' ) ;
#1455 =( NAMED_UNIT ( * ) PLANE_ANGLE_UNIT ( ) SI_UNIT ( $, .RADIAN. ) );
#1456 = CC_DESIGN_PERSON_AND_ORGANIZATION_ASSIGNMENT ( #567, #265, ( #3631 ) ) ;
#1457 = SECURITY_CLASSIFICATION_LEVEL ( 'unclassified' ) ;
#1458 = COORDINATED_UNIVERSAL_TIME_OFFSET ( 1, 0, .AHEAD. ) ;
#1459 = OBJECT_ROLE ('mandatory',$ ) ;
#1460 = DOCUMENT_TYPE ( 'geometry' ) ;
#1461 = APPROVAL_STATUS ( 'not_yet_approved' ) ;
#1462 = CALENDAR_DATE ( 2026, 4, 4 ) ;
#1463 =( GEOMETRIC_REPRESENTATION_CONTEXT ( 3 ) GLOBAL_UNCERTAINTY_ASSIGNED_CONTEXT ( ( #754 ) ) GLOBAL_UNIT_ASSIGNED_CONTEXT ( ( #785, #832, #3657 ) ) REPRESENTATION_CONTEXT ( 'NONE', 'WORKASPACE' ) );
#1464 = PERSON_AND_ORGANIZATION ( #508, #346 ) ;
#1465 = COORDINATED_UNIVERSAL_TIME_OFFSET ( 1, 0, .AHEAD. ) ;
#1466 = APPROVAL_DATE_TIME ( #1802, #1977 ) ;
#1467 = CC_DESIGN_PERSON_AND_ORGANIZATION_ASSIGNMENT ( #3617, #2120, ( #288 ) ) ;
#1468 = LOCAL_TIME ( 19, 36, 27.00000000000000000, #28 ) ;
#1469 = SECURITY_CLASSIFICATION ( '', '', #3584 ) ;
#1470 = PROPERTY_DEFINITION ('external definition','', #1394 ) ;
#1471 = APPROVAL_ROLE ( '' ) ;
#1472 = APPLIED_EXTERNAL_IDENTIFICATION_ASSIGNMENT ( 'L2 Button REF2011.STEP' , #1976, #1786,( #2543) ) ;
#1473 = DATE_TIME_ROLE ( 'creation_date' ) ;
#1474 = PROPERTY_DEFINITION_REPRESENTATION ( #1307, #2515 ) ;
#1475 = SECURITY_CLASSIFICATION ( '', '', #1154 ) ;
#1476 = MECHANICAL_CONTEXT ( 'NONE', #250, 'mechanical' ) ;
#1477 = APPROVAL_DATE_TIME ( #2062, #207 ) ;
#1478 = APPROVAL_STATUS ( 'not_yet_approved' ) ;
#1479 = APPROVAL_DATE_TIME ( #1263, #3471 ) ;
#1480 = PERSON ( 'NAUO-PER4', 'UNSPECIFIED', 'UNSPECIFIED', ('UNSPECIFIED'), ('UNSPECIFIED'), ('UNSPECIFIED') ) ;
#1481 = PERSON_AND_ORGANIZATION ( #18446744073709551615, #18446744073709551615 ) ;
#1482 = APPLIED_EXTERNAL_IDENTIFICATION_ASSIGNMENT ( 'Travel Case Latch Right REF2023.STEP' , #2561, #2497,( #2088) ) ;
#1483 = SHAPE_REPRESENTATION ( 'Travel Case Latch Left REF2022', ( #3084 ), #3456 ) ;
#1484 = PROPERTY_DEFINITION_REPRESENTATION ( #1882, #585 ) ;
#1485 = OBJECT_ROLE ('mandatory',$ ) ;
#1486 = LOCAL_TIME ( 19, 36, 27.00000000000000000, #1705 ) ;
#1487 = LOCAL_TIME ( 19, 36, 27.00000000000000000, #2687 ) ;
#1488 = APPLIED_DOCUMENT_REFERENCE ( #1134,'',( #2623) ) ;
#1489 = PERSON_AND_ORGANIZATION_ROLE ( 'classification_officer' ) ;
#1490 = APPROVAL_DATE_TIME ( #3201, #937 ) ;
#1491 = APPROVAL_PERSON_ORGANIZATION ( #733, #225, #1876 ) ;
#1492 =( NAMED_UNIT ( * ) SI_UNIT ( $, .STERADIAN. ) SOLID_ANGLE_UNIT ( ) );
#1493 = PRODUCT ( 'Travel Case Top REF2020', 'Travel Case Top REF2020', '', ( #161 ) ) ;
#1494 = APPLICATION_PROTOCOL_DEFINITION ( 'international standard', 'config_control_design', 1994, #1532 ) ;
#1495 = PERSON_AND_ORGANIZATION ( #18446744073709551615, #18446744073709551615 ) ;
#1496 = AXIS2_PLACEMENT_3D ( 'NONE', #2422, #2709, #1312 ) ;
#1497 = AXIS2_PLACEMENT_3D ( 'NONE', #3354, #1654, #1222 ) ;
#1498 = PERSON_AND_ORGANIZATION ( #2110, #1011 ) ;
#1499 = CALENDAR_DATE ( 2026, 4, 4 ) ;
#1500 = PROPERTY_DEFINITION_REPRESENTATION ( #1720, #1733 ) ;
#1501 = APPROVAL_DATE_TIME ( #116, #3235 ) ;
#1502 = PRODUCT_DEFINITION_FORMATION_WITH_SPECIFIED_SOURCE ( 'Symmetrisch', '', #1839, .NOT_KNOWN. ) ;
#1503 = PRODUCT_RELATED_PRODUCT_CATEGORY ( 'detail', '', ( #2067 ) ) ;
#1504 = CC_DESIGN_APPROVAL ( #3545, ( #3120 ) ) ;
#1505 = APPROVAL ( #445, 'UNKNOWN' ) ;
#1506 = OBJECT_ROLE ('mandatory',$ ) ;
#1507 = PERSON_AND_ORGANIZATION ( #18446744073709551615, #18446744073709551615 ) ;
#1508 = APPROVAL_PERSON_ORGANIZATION ( #1791, #1715, #61 ) ;
#1509 = ITEM_DEFINED_TRANSFORMATION ( 'NONE', 'NONE', #1040,  #517 ) ;
#1510 = SECURITY_CLASSIFICATION_LEVEL ( 'unclassified' ) ;
#1511 = PERSON_AND_ORGANIZATION_ROLE ( 'design_owner' ) ;
#1512 = DATE_AND_TIME ( #788, #1325 ) ;
#1513 = CC_DESIGN_PERSON_AND_ORGANIZATION_ASSIGNMENT ( #810, #1076, ( #261 ) ) ;
#1514 = AXIS2_PLACEMENT_3D ( 'NONE', #2322, #1983, #2575 ) ;
#1515 = CC_DESIGN_APPROVAL ( #697, ( #2848 ) ) ;
#1516 = PERSON_AND_ORGANIZATION ( #18446744073709551615, #18446744073709551615 ) ;
#1517 = APPROVAL_STATUS ( 'not_yet_approved' ) ;
#1518 =( REPRESENTATION_RELATIONSHIP ('NONE','NONE', #3664, #2879 ) REPRESENTATION_RELATIONSHIP_WITH_TRANSFORMATION ( #1509 )SHAPE_REPRESENTATION_RELATIONSHIP( ) );
#1519 = COORDINATED_UNIVERSAL_TIME_OFFSET ( 1, 0, .AHEAD. ) ;
#1520 = APPLIED_DOCUMENT_REFERENCE ( #667,'',( #2787) ) ;
#1521 = DATE_AND_TIME ( #2396, #972 ) ;
#1522 = DIRECTION ( 'NONE',  ( 0.000000000000000000, 0.000000000000000000, 1.000000000000000000 ) ) ;
#1523 = PERSON_AND_ORGANIZATION ( #18446744073709551615, #18446744073709551615 ) ;
#1524 = DESIGN_CONTEXT ( 'detailed design', #2578, 'design' ) ;
#1525 = APPROVAL_STATUS ( 'not_yet_approved' ) ;
#1526 = CC_DESIGN_PERSON_AND_ORGANIZATION_ASSIGNMENT ( #615, #74, ( #688 ) ) ;
#1527 = PRODUCT_DEFINITION_SHAPE ( 'NONE', 'NONE',  #3432 ) ;
#1528 = APPROVAL ( #1538, 'Deckungsgleich' ) ;
#1529 = APPROVAL_STATUS ( 'not_yet_approved' ) ;
#1530 = APPROVAL_DATE_TIME ( #651, #1231 ) ;
#1531 = COORDINATED_UNIVERSAL_TIME_OFFSET ( 1, 0, .AHEAD. ) ;
#1532 = APPLICATION_CONTEXT ( 'configuration controlled 3d designs of mechanical parts and assemblies' ) ;
#1533 = APPROVAL_ROLE ( '' ) ;
#1534 = CC_DESIGN_PERSON_AND_ORGANIZATION_ASSIGNMENT ( #511, #2824, ( #1092 ) ) ;
#1535 = PRODUCT_DEFINITION_FORMATION_WITH_SPECIFIED_SOURCE ( 'Symmetrisch', '', #2654, .NOT_KNOWN. ) ;
#1536 = CC_DESIGN_APPROVAL ( #1028, ( #2524 ) ) ;
#1537 = CARTESIAN_POINT ( 'NONE',  ( -357.5927163973638017, 104.0144527731564210, 13.09999999999999964 ) ) ;
#1538 = APPROVAL_STATUS ( 'not_yet_approved' ) ;
#1539 = OBJECT_ROLE ('mandatory',$ ) ;
#1540 = ROLE_ASSOCIATION ( #1506, #1520 ) ;
#1541 = PERSON_AND_ORGANIZATION ( #18446744073709551615, #18446744073709551615 ) ;
#1542 = SECURITY_CLASSIFICATION ( '', '', #2395 ) ;
#1543 = DIRECTION ( 'NONE',  ( 1.000000000000000000, 0.000000000000000000, 0.000000000000000000 ) ) ;
#1544 = PERSON_AND_ORGANIZATION ( #18446744073709551615, #18446744073709551615 ) ;
#1545 = PROPERTY_DEFINITION_REPRESENTATION ( #640, #966 ) ;
#1546 = DATE_TIME_ROLE ( 'classification_date' ) ;
#1547 =( NAMED_UNIT ( * ) PLANE_ANGLE_UNIT ( ) SI_UNIT ( $, .RADIAN. ) );
#1548 = PERSON ( 'NAUO-PER28', 'UNSPECIFIED', 'UNSPECIFIED', ('UNSPECIFIED'), ('UNSPECIFIED'), ('UNSPECIFIED') ) ;
#1549 = CC_DESIGN_PERSON_AND_ORGANIZATION_ASSIGNMENT ( #3508, #3220, ( #1192 ) ) ;
#1550 = APPLIED_EXTERNAL_IDENTIFICATION_ASSIGNMENT ( 'Display Stand REF2019.STEP' , #2516, #3540,( #3598) ) ;
#1551 = LOCAL_TIME ( 19, 36, 27.00000000000000000, #2193 ) ;
#1552 = APPROVAL_ROLE ( '' ) ;
#1553 = DATE_AND_TIME ( #111, #1581 ) ;
#1554 = CARTESIAN_POINT ( 'NONE',  ( -497.7031433300068670, -138.5950238435569020, 53.00000000000000000 ) ) ;
#1555 = APPLICATION_CONTEXT ( 'configuration controlled 3d designs of mechanical parts and assemblies' ) ;
#1556 = PERSON_AND_ORGANIZATION_ROLE ( 'creator' ) ;
#1557 = COORDINATED_UNIVERSAL_TIME_OFFSET ( 1, 0, .AHEAD. ) ;
#1558 = PERSON_AND_ORGANIZATION_ROLE ( 'creator' ) ;
#1559 = PRODUCT ( 'Speaker Cover Right REF2007', 'Speaker Cover Right REF2007', '', ( #1014 ) ) ;
#1560 = APPROVAL ( #1227, 'UNKNOWN' ) ;
#1561 = APPROVAL ( #857, 'Deckungsgleich' ) ;
#1562 = PERSON_AND_ORGANIZATION ( #18446744073709551615, #18446744073709551615 ) ;
#1563 = DESIGN_CONTEXT ( 'detailed design', #734, 'design' ) ;
#1564 = PROPERTY_DEFINITION ('document property','', #448 ) ;
#1565 = ITEM_DEFINED_TRANSFORMATION ( 'NONE', 'NONE', #3125,  #2281 ) ;
#1566 = ITEM_DEFINED_TRANSFORMATION ( 'NONE', 'NONE', #2178,  #670 ) ;
#1567 = DATE_AND_TIME ( #3358, #1361 ) ;
#1568 = LOCAL_TIME ( 19, 36, 27.00000000000000000, #1597 ) ;
#1569 = PERSON_AND_ORGANIZATION ( #18446744073709551615, #18446744073709551615 ) ;
#1570 = AXIS2_PLACEMENT_3D ( 'NONE', #134, #1278, #2283 ) ;
#1571 = SECURITY_CLASSIFICATION_LEVEL ( 'unclassified' ) ;
#1572 = APPROVAL ( #3429, 'Deckungsgleich' ) ;
#1573 =( REPRESENTATION_RELATIONSHIP ('NONE','NONE', #3664, #3411 ) REPRESENTATION_RELATIONSHIP_WITH_TRANSFORMATION ( #2988 )SHAPE_REPRESENTATION_RELATIONSHIP( ) );
#1574 = APPROVAL_PERSON_ORGANIZATION ( #749, #1084, #2512 ) ;
#1575 = CALENDAR_DATE ( 2026, 4, 4 ) ;
#1576 = CARTESIAN_POINT ( 'NONE',  ( -168.0287147707731776, 194.0573073927772043, -9.658261162351237772 ) ) ;
#1577 = COORDINATED_UNIVERSAL_TIME_OFFSET ( 1, 0, .AHEAD. ) ;
#1578 = APPROVAL_ROLE ( '' ) ;
#1579 = PERSON_AND_ORGANIZATION ( #18446744073709551615, #18446744073709551615 ) ;
#1580 = AXIS2_PLACEMENT_3D ( 'NONE', #2979, #126, #99 ) ;
#1581 = LOCAL_TIME ( 19, 36, 27.00000000000000000, #2445 ) ;
#1582 = CC_DESIGN_PERSON_AND_ORGANIZATION_ASSIGNMENT ( #1769, #2029, ( #2439 ) ) ;
#1583 = DIRECTION ( 'NONE',  ( 0.000000000000000000, 0.000000000000000000, 1.000000000000000000 ) ) ;
#1584 = SHAPE_DEFINITION_REPRESENTATION ( #2341, #1483 ) ;
#1585 = APPROVAL_STATUS ( 'not_yet_approved' ) ;
#1586 = PERSON_AND_ORGANIZATION ( #1241, #3641 ) ;
#1587 = PROPERTY_DEFINITION_REPRESENTATION ( #820, #3137 ) ;
#1588 = APPROVAL_ROLE ( '' ) ;
#1589 = APPROVAL ( #1433, 'Deckungsgleich' ) ;
#1590 = CC_DESIGN_PERSON_AND_ORGANIZATION_ASSIGNMENT ( #50, #938, ( #3318 ) ) ;
#1591 = IDENTIFICATION_ROLE ( 'external document id and location', $) ;
#1592 = APPROVAL_STATUS ( 'not_yet_approved' ) ;
#1593 = CC_DESIGN_PERSON_AND_ORGANIZATION_ASSIGNMENT ( #110, #2712, ( #724 ) ) ;
#1594 = APPROVAL_DATE_TIME ( #1553, #864 ) ;
#1595 = APPROVAL_ROLE ( '' ) ;
#1596 = DIRECTION ( 'NONE',  ( 0.000000000000000000, 0.000000000000000000, -1.000000000000000000 ) ) ;
#1597 = COORDINATED_UNIVERSAL_TIME_OFFSET ( 1, 0, .AHEAD. ) ;
#1598 = COORDINATED_UNIVERSAL_TIME_OFFSET ( 1, 0, .AHEAD. ) ;
#1599 = CC_DESIGN_PERSON_AND_ORGANIZATION_ASSIGNMENT ( #1404, #3694, ( #730 ) ) ;
#1600 = PRODUCT_DEFINITION_FORMATION_WITH_SPECIFIED_SOURCE ( 'Symmetrisch', '', #2067, .NOT_KNOWN. ) ;
#1601 =( NAMED_UNIT ( * ) PLANE_ANGLE_UNIT ( ) SI_UNIT ( $, .RADIAN. ) );
#1602 = CALENDAR_DATE ( 2026, 4, 4 ) ;
#1603 = COORDINATED_UNIVERSAL_TIME_OFFSET ( 1, 0, .AHEAD. ) ;
#1604 = DESIGN_CONTEXT ( 'detailed design', #1152, 'design' ) ;
#1605 = SECURITY_CLASSIFICATION ( '', '', #275 ) ;
#1606 = ROLE_ASSOCIATION ( #626, #459 ) ;
#1607 = APPLIED_EXTERNAL_IDENTIFICATION_ASSIGNMENT ( 'PS2 Main Housing Bot REF2001.STEP' , #3346, #740,( #495) ) ;
#1608 = APPROVAL_ROLE ( '' ) ;
#1609 = APPLICATION_CONTEXT ( 'configuration controlled 3d designs of mechanical parts and assemblies' ) ;
#1610 = CALENDAR_DATE ( 2026, 4, 4 ) ;
#1611 = PROPERTY_DEFINITION_REPRESENTATION ( #1564, #2500 ) ;
#1612 = APPLIED_EXTERNAL_IDENTIFICATION_ASSIGNMENT ( 'Travel Case Bot REF2021.STEP' , #2262, #2063,( #2474) ) ;
#1613 = EXTERNAL_SOURCE (IDENTIFIER('') ) ;
#1614 = LOCAL_TIME ( 19, 36, 27.00000000000000000, #3179 ) ;
#1615 = LOCAL_TIME ( 19, 36, 27.00000000000000000, #1252 ) ;
#1616 = APPROVAL_ROLE ( '' ) ;
#1617 = CARTESIAN_POINT ( 'NONE',  ( -278.6779083732316735, 193.7213829063907440, -9.658261162351237772 ) ) ;
#1618 = PERSON_AND_ORGANIZATION_ROLE ( 'creator' ) ;
#1619 = APPROVAL_DATE_TIME ( #473, #1084 ) ;
#1620 = APPROVAL_PERSON_ORGANIZATION ( #1927, #886, #3659 ) ;
#1621 = DIRECTION ( 'NONE',  ( 0.000000000000000000, 0.000000000000000000, 1.000000000000000000 ) ) ;
#1622 = PERSON_AND_ORGANIZATION_ROLE ( 'creator' ) ;
#1623 = DATE_AND_TIME ( #2538, #1193 ) ;
#1624 = SECURITY_CLASSIFICATION_LEVEL ( 'unclassified' ) ;
#1625 = AXIS2_PLACEMENT_3D ( 'NONE', #944, #1736, #2951 ) ;
#1626 = APPROVAL ( #2452, 'UNKNOWN' ) ;
#1627 = PERSON_AND_ORGANIZATION_ROLE ( 'creator' ) ;
#1628 = CC_DESIGN_SECURITY_CLASSIFICATION ( #1877, ( #372 ) ) ;
#1629 = CC_DESIGN_DATE_AND_TIME_ASSIGNMENT ( #2, #1709, ( #2958 ) ) ;
#1630 = CC_DESIGN_SECURITY_CLASSIFICATION ( #3120, ( #67 ) ) ;
#1631 = PERSON_AND_ORGANIZATION ( #18446744073709551615, #18446744073709551615 ) ;
#1632 = CC_DESIGN_DATE_AND_TIME_ASSIGNMENT ( #606, #1372, ( #1248 ) ) ;
#1633 =( LENGTH_UNIT ( ) NAMED_UNIT ( * ) SI_UNIT ( .MILLI., .METRE. ) );
#1634 = APPROVAL_PERSON_ORGANIZATION ( #1220, #97, #2661 ) ;
#1635 = CALENDAR_DATE ( 2026, 4, 4 ) ;
#1636 = PERSON_AND_ORGANIZATION ( #18446744073709551615, #18446744073709551615 ) ;
#1637 = PERSON_AND_ORGANIZATION_ROLE ( 'classification_officer' ) ;
#1638 = PROPERTY_DEFINITION ('external definition','', #3280 ) ;
#1639 = LOCAL_TIME ( 19, 36, 27.00000000000000000, #2755 ) ;
#1640 = AXIS2_PLACEMENT_3D ( 'NONE', #1852, #2456, #423 ) ;
#1641 = COORDINATED_UNIVERSAL_TIME_OFFSET ( 1, 0, .AHEAD. ) ;
#1642 = APPROVAL_ROLE ( '' ) ;
#1643 = UNCERTAINTY_MEASURE_WITH_UNIT (LENGTH_MEASURE( 1.000000000000000082E-05 ), #578, 'distance_accuracy_value', 'NONE');
#1644 = PERSON_AND_ORGANIZATION_ROLE ( 'classification_officer' ) ;
#1645 = IDENTIFICATION_ROLE ( 'external document id and location', $) ;
#1646 = APPROVAL_STATUS ( 'not_yet_approved' ) ;
#1647 = PRODUCT_RELATED_PRODUCT_CATEGORY ( 'detail', '', ( #1166 ) ) ;
#1648 = COORDINATED_UNIVERSAL_TIME_OFFSET ( 1, 0, .AHEAD. ) ;
#1649 = LOCAL_TIME ( 19, 36, 27.00000000000000000, #2826 ) ;
#1650 = PERSON_AND_ORGANIZATION ( #18446744073709551615, #18446744073709551615 ) ;
#1651 = APPROVAL ( #747, 'Deckungsgleich' ) ;
#1652 = DATE_AND_TIME ( #1968, #3687 ) ;
#1653 =( GEOMETRIC_REPRESENTATION_CONTEXT ( 3 ) GLOBAL_UNCERTAINTY_ASSIGNED_CONTEXT ( ( #3678 ) ) GLOBAL_UNIT_ASSIGNED_CONTEXT ( ( #1094, #569, #1712 ) ) REPRESENTATION_CONTEXT ( 'NONE', 'WORKASPACE' ) );
#1654 = DIRECTION ( 'NONE',  ( 0.000000000000000000, 0.000000000000000000, 1.000000000000000000 ) ) ;
#1655 = APPROVAL_DATE_TIME ( #799, #3442 ) ;
#1656 = CALENDAR_DATE ( 2026, 4, 4 ) ;
#1657 = LOCAL_TIME ( 19, 36, 27.00000000000000000, #1465 ) ;
#1658 = LOCAL_TIME ( 19, 36, 27.00000000000000000, #2390 ) ;
#1659 = COORDINATED_UNIVERSAL_TIME_OFFSET ( 1, 0, .AHEAD. ) ;
#1660 = PRODUCT_DEFINITION_SHAPE ( 'NONE', 'NONE',  #3651 ) ;
#1661 =( GEOMETRIC_REPRESENTATION_CONTEXT ( 3 ) GLOBAL_UNCERTAINTY_ASSIGNED_CONTEXT ( ( #181 ) ) GLOBAL_UNIT_ASSIGNED_CONTEXT ( ( #3053, #1117, #3105 ) ) REPRESENTATION_CONTEXT ( 'NONE', 'WORKASPACE' ) );
#1662 = SECURITY_CLASSIFICATION_LEVEL ( 'unclassified' ) ;
#1663 = IDENTIFICATION_ROLE ( 'external document id and location', $) ;
#1664 = SECURITY_CLASSIFICATION ( '', '', #1308 ) ;
#1665 = PROPERTY_DEFINITION ('external definition','', #2350 ) ;
#1666 = APPLICATION_PROTOCOL_DEFINITION ( 'international standard', 'config_control_design', 1994, #2137 ) ;
#1667 = DIRECTION ( 'NONE',  ( 0.000000000000000000, 0.000000000000000000, 1.000000000000000000 ) ) ;
#1668 = PERSON ( 'NAUO-PER16', 'UNSPECIFIED', 'UNSPECIFIED', ('UNSPECIFIED'), ('UNSPECIFIED'), ('UNSPECIFIED') ) ;
#1669 = APPROVAL_ROLE ( '' ) ;
#1670 = APPROVAL_DATE_TIME ( #1966, #871 ) ;
#1671 = PERSON_AND_ORGANIZATION ( #18446744073709551615, #18446744073709551615 ) ;
#1672 = DATE_AND_TIME ( #549, #2726 ) ;
#1673 = CC_DESIGN_PERSON_AND_ORGANIZATION_ASSIGNMENT ( #2129, #3355, ( #744 ) ) ;
#1674 = DATE_AND_TIME ( #407, #2270 ) ;
#1675 = LOCAL_TIME ( 19, 36, 27.00000000000000000, #2576 ) ;
#1676 = APPROVAL_PERSON_ORGANIZATION ( #373, #1505, #1821 ) ;
#1677 = APPLICATION_PROTOCOL_DEFINITION ( 'international standard', 'config_control_design', 1994, #707 ) ;
#1678 = LOCAL_TIME ( 19, 36, 27.00000000000000000, #3322 ) ;
#1679 = PERSON_AND_ORGANIZATION_ROLE ( 'classification_officer' ) ;
#1680 = DESIGN_CONTEXT ( 'detailed design', #1251, 'design' ) ;
#1681 = APPROVAL ( #3371, 'Deckungsgleich' ) ;
#1682 = PERSON_AND_ORGANIZATION_ROLE ( 'design_owner' ) ;
#1683 = APPLICATION_CONTEXT ( 'configuration controlled 3d designs of mechanical parts and assemblies' ) ;
#1684 = PERSON_AND_ORGANIZATION ( #3559, #2571 ) ;
#1685 =( REPRESENTATION_RELATIONSHIP ('NONE','NONE', #3664, #3537 ) REPRESENTATION_RELATIONSHIP_WITH_TRANSFORMATION ( #649 )SHAPE_REPRESENTATION_RELATIONSHIP( ) );
#1686 = DATE_TIME_ROLE ( 'creation_date' ) ;
#1687 = CC_DESIGN_SECURITY_CLASSIFICATION ( #3003, ( #850 ) ) ;
#1688 = LOCAL_TIME ( 19, 36, 27.00000000000000000, #901 ) ;
#1689 = PERSON_AND_ORGANIZATION ( #1480, #41 ) ;
#1690 = PRODUCT_DEFINITION_SHAPE ( 'NONE', 'NONE',  #3709 ) ;
#1691 = PERSON_AND_ORGANIZATION_ROLE ( 'design_owner' ) ;
#1692 = DATE_AND_TIME ( #2583, #861 ) ;
#1693 = APPROVAL ( #1517, 'Deckungsgleich' ) ;
#1694 = CC_DESIGN_DATE_AND_TIME_ASSIGNMENT ( #904, #1788, ( #2524 ) ) ;
#1695 = CALENDAR_DATE ( 2026, 4, 4 ) ;
#1696 = DATE_AND_TIME ( #1111, #2336 ) ;
#1697 = AXIS2_PLACEMENT_3D ( 'NONE', #1554, #1891, #2714 ) ;
#1698 = APPROVAL ( #2343, 'Deckungsgleich' ) ;
#1699 = APPROVAL_PERSON_ORGANIZATION ( #586, #3516, #2271 ) ;
#1700 = SECURITY_CLASSIFICATION_LEVEL ( 'unclassified' ) ;
#1701 = DATE_TIME_ROLE ( 'classification_date' ) ;
#1702 = DATE_TIME_ROLE ( 'creation_date' ) ;
#1703 = APPROVAL ( #1102, 'Deckungsgleich' ) ;
#1704 = CC_DESIGN_DATE_AND_TIME_ASSIGNMENT ( #2885, #312, ( #2660 ) ) ;
#1705 = COORDINATED_UNIVERSAL_TIME_OFFSET ( 1, 0, .AHEAD. ) ;
#1706 = CALENDAR_DATE ( 2026, 4, 4 ) ;
#1707 = CC_DESIGN_DATE_AND_TIME_ASSIGNMENT ( #1984, #1686, ( #3432 ) ) ;
#1708 = APPROVAL_ROLE ( '' ) ;
#1709 = DATE_TIME_ROLE ( 'classification_date' ) ;
#1710 = CC_DESIGN_APPROVAL ( #3115, ( #1291 ) ) ;
#1711 = EXTERNAL_SOURCE (IDENTIFIER('') ) ;
#1712 =( NAMED_UNIT ( * ) SI_UNIT ( $, .STERADIAN. ) SOLID_ANGLE_UNIT ( ) );
#1713 = PERSON_AND_ORGANIZATION_ROLE ( 'design_supplier' ) ;
#1714 = PERSON_AND_ORGANIZATION ( #18446744073709551615, #18446744073709551615 ) ;
#1715 = APPROVAL ( #2413, 'Deckungsgleich' ) ;
#1716 = CC_DESIGN_DATE_AND_TIME_ASSIGNMENT ( #3401, #833, ( #2881 ) ) ;
#1717 = DATE_AND_TIME ( #540, #3117 ) ;
#1718 = LOCAL_TIME ( 19, 36, 27.00000000000000000, #1841 ) ;
#1719 = PRODUCT_DEFINITION_FORMATION_WITH_SPECIFIED_SOURCE ( 'Symmetrisch', '', #3172, .NOT_KNOWN. ) ;
#1720 = PROPERTY_DEFINITION ('document property','', #667 ) ;
#1721 = PROPERTY_DEFINITION_REPRESENTATION ( #583, #2386 ) ;
#1722 = PERSON_AND_ORGANIZATION_ROLE ( 'classification_officer' ) ;
#1723 = CALENDAR_DATE ( 2026, 4, 4 ) ;
#1724 = APPROVAL_PERSON_ORGANIZATION ( #3274, #2461, #2371 ) ;
#1725 = DOCUMENT_FILE ( 'Battery Compartment Right REF2005.STEP' , '', '', #811, '' ,$ ) ;
#1726 = COORDINATED_UNIVERSAL_TIME_OFFSET ( 1, 0, .AHEAD. ) ;
#1727 = PERSON_AND_ORGANIZATION ( #18446744073709551615, #18446744073709551615 ) ;
#1728 = CARTESIAN_POINT ( 'NONE',  ( 0.000000000000000000, 0.000000000000000000, 0.000000000000000000 ) ) ;
#1729 = APPROVAL_ROLE ( '' ) ;
#1730 = PERSON_AND_ORGANIZATION ( #18446744073709551615, #18446744073709551615 ) ;
#1731 = PERSON ( 'NAUO-PER22', 'UNSPECIFIED', 'UNSPECIFIED', ('UNSPECIFIED'), ('UNSPECIFIED'), ('UNSPECIFIED') ) ;
#1732 = CC_DESIGN_SECURITY_CLASSIFICATION ( #355, ( #3717 ) ) ;
#1733 = SHAPE_REPRESENTATION ( 'PS2 Heatsink REF3000', ( #935 ), #1058 ) ;
#1734 =( REPRESENTATION_RELATIONSHIP ('NONE','NONE', #3664, #3297 ) REPRESENTATION_RELATIONSHIP_WITH_TRANSFORMATION ( #676 )SHAPE_REPRESENTATION_RELATIONSHIP( ) );
#1735 = CC_DESIGN_APPROVAL ( #2372, ( #3607 ) ) ;
#1736 = DIRECTION ( 'NONE',  ( 0.000000000000000000, 0.000000000000000000, 1.000000000000000000 ) ) ;
#1737 = MECHANICAL_CONTEXT ( 'NONE', #1965, 'mechanical' ) ;
#1738 = CC_DESIGN_PERSON_AND_ORGANIZATION_ASSIGNMENT ( #2542, #1979, ( #1502 ) ) ;
#1739 = CC_DESIGN_DATE_AND_TIME_ASSIGNMENT ( #2000, #2572, ( #2208 ) ) ;
#1740 = PRODUCT_DEFINITION_SHAPE ( 'NONE', 'NONE',  #2848 ) ;
#1741 = CONTEXT_DEPENDENT_SHAPE_REPRESENTATION ( #2957, #1178 ) ;
#1742 = APPROVAL_DATE_TIME ( #1413, #369 ) ;
#1743 = SHAPE_DEFINITION_REPRESENTATION ( #395, #2780 ) ;
#1744 =( NAMED_UNIT ( * ) SI_UNIT ( $, .STERADIAN. ) SOLID_ANGLE_UNIT ( ) );
#1745 = APPROVAL ( #1924, 'Deckungsgleich' ) ;
#1746 = SHAPE_DEFINITION_REPRESENTATION ( #2934, #3537 ) ;
#1747 = DATE_AND_TIME ( #3205, #1998 ) ;
#1748 =( LENGTH_UNIT ( ) NAMED_UNIT ( * ) SI_UNIT ( .MILLI., .METRE. ) );
#1749 = COORDINATED_UNIVERSAL_TIME_OFFSET ( 1, 0, .AHEAD. ) ;
#1750 = APPROVAL_PERSON_ORGANIZATION ( #2183, #1407, #1057 ) ;
#1751 = MECHANICAL_CONTEXT ( 'NONE', #2606, 'mechanical' ) ;
#1752 = PROPERTY_DEFINITION ('external definition','', #1262 ) ;
#1753 = DIRECTION ( 'NONE',  ( 0.000000000000000000, 0.000000000000000000, 1.000000000000000000 ) ) ;
#1754 = CALENDAR_DATE ( 2026, 4, 4 ) ;
#1755 = PROPERTY_DEFINITION_REPRESENTATION ( #138, #1887 ) ;
#1756 = CC_DESIGN_APPROVAL ( #715, ( #261 ) ) ;
#1757 = APPROVAL_DATE_TIME ( #609, #690 ) ;
#1758 = DIRECTION ( 'NONE',  ( 1.000000000000000000, 0.000000000000000000, 0.000000000000000000 ) ) ;
#1759 =( GEOMETRIC_REPRESENTATION_CONTEXT ( 3 ) GLOBAL_UNCERTAINTY_ASSIGNED_CONTEXT ( ( #2992 ) ) GLOBAL_UNIT_ASSIGNED_CONTEXT ( ( #2044, #923, #601 ) ) REPRESENTATION_CONTEXT ( 'NONE', 'WORKASPACE' ) );
#1760 = DATE_AND_TIME ( #13, #3481 ) ;
#1761 = CC_DESIGN_DATE_AND_TIME_ASSIGNMENT ( #15, #2823, ( #1605 ) ) ;
#1762 = SECURITY_CLASSIFICATION ( '', '', #1844 ) ;
#1763 = PERSON_AND_ORGANIZATION ( #18446744073709551615, #18446744073709551615 ) ;
#1764 = APPROVAL_DATE_TIME ( #3225, #761 ) ;
#1765 = CONTEXT_DEPENDENT_SHAPE_REPRESENTATION ( #314, #1393 ) ;
#1766 =( NAMED_UNIT ( * ) SI_UNIT ( $, .STERADIAN. ) SOLID_ANGLE_UNIT ( ) );
#1767 = APPROVAL_ROLE ( '' ) ;
#1768 = ITEM_DEFINED_TRANSFORMATION ( 'NONE', 'NONE', #190,  #3515 ) ;
#1769 = PERSON_AND_ORGANIZATION ( #18446744073709551615, #18446744073709551615 ) ;
#1770 = IDENTIFICATION_ROLE ( 'external document id and location', $) ;
#1771 = PRODUCT ( 'Travel Case Latch Left REF2022', 'Travel Case Latch Left REF2022', '', ( #2205 ) ) ;
#1772 = ORGANIZATION ( 'NAUO-ORG26', 'UNSPECIFIED', 'UNSPECIFIED' ) ;
#1773 = PERSON_AND_ORGANIZATION ( #18446744073709551615, #18446744073709551615 ) ;
#1774 = PERSON_AND_ORGANIZATION_ROLE ( 'classification_officer' ) ;
#1775 = PERSON_AND_ORGANIZATION ( #2710, #2983 ) ;
#1776 = APPROVAL_STATUS ( 'not_yet_approved' ) ;
#1777 = PERSON_AND_ORGANIZATION ( #18446744073709551615, #18446744073709551615 ) ;
#1778 = LOCAL_TIME ( 19, 36, 27.00000000000000000, #576 ) ;
#1779 = PROPERTY_DEFINITION ('document property','', #146 ) ;
#1780 = PERSON_AND_ORGANIZATION_ROLE ( 'creator' ) ;
#1781 = CC_DESIGN_SECURITY_CLASSIFICATION ( #1542, ( #3706 ) ) ;
#1782 = DATE_AND_TIME ( #2964, #1347 ) ;
#1783 = SECURITY_CLASSIFICATION_LEVEL ( 'unclassified' ) ;
#1784 = APPROVAL ( #2071, 'UNKNOWN' ) ;
#1785 = CC_DESIGN_SECURITY_CLASSIFICATION ( #1664, ( #3711 ) ) ;
#1786 = EXTERNAL_SOURCE (IDENTIFIER('') ) ;
#1787 = DATE_TIME_ROLE ( 'classification_date' ) ;
#1788 = DATE_TIME_ROLE ( 'classification_date' ) ;
#1789 = APPROVAL ( #3030, 'Deckungsgleich' ) ;
#1790 = PROPERTY_DEFINITION_REPRESENTATION ( #2603, #294 ) ;
#1791 = PERSON_AND_ORGANIZATION ( #18446744073709551615, #18446744073709551615 ) ;
#1792 = AXIS2_PLACEMENT_3D ( 'NONE', #2248, #1667, #3650 ) ;
#1793 =( LENGTH_UNIT ( ) NAMED_UNIT ( * ) SI_UNIT ( .MILLI., .METRE. ) );
#1794 = LOCAL_TIME ( 19, 36, 27.00000000000000000, #565 ) ;
#1795 = APPROVAL_ROLE ( '' ) ;
#1796 = DESIGN_CONTEXT ( 'detailed design', #333, 'design' ) ;
#1797 = APPROVAL_PERSON_ORGANIZATION ( #33, #3633, #1181 ) ;
#1798 = LOCAL_TIME ( 19, 36, 27.00000000000000000, #1934 ) ;
#1799 = CC_DESIGN_DATE_AND_TIME_ASSIGNMENT ( #2426, #169, ( #724 ) ) ;
#1800 = APPLIED_DOCUMENT_REFERENCE ( #146,'',( #2660) ) ;
#1801 = APPROVAL_ROLE ( '' ) ;
#1802 = DATE_AND_TIME ( #1446, #837 ) ;
#1803 = SECURITY_CLASSIFICATION ( '', '', #1624 ) ;
#1804 = PRODUCT_DEFINITION_SHAPE ( 'NONE', 'NONE',  #3684 ) ;
#1805 = DATE_TIME_ROLE ( 'classification_date' ) ;
#1806 = APPLICATION_CONTEXT ( 'configuration controlled 3d designs of mechanical parts and assemblies' ) ;
#1807 = MECHANICAL_CONTEXT ( 'NONE', #1297, 'mechanical' ) ;
#1808 = AXIS2_PLACEMENT_3D ( 'NONE', #3622, #3576, #156 ) ;
#1809 = APPROVAL_DATE_TIME ( #59, #763 ) ;
#1810 = IDENTIFICATION_ROLE ( 'external document id and location', $) ;
#1811 = ITEM_DEFINED_TRANSFORMATION ( 'NONE', 'NONE', #2546,  #2375 ) ;
#1812 = APPLICATION_PROTOCOL_DEFINITION ( 'international standard', 'config_control_design', 1994, #3087 ) ;
#1813 = APPROVAL ( #32, 'Deckungsgleich' ) ;
#1814 = LOCAL_TIME ( 19, 36, 27.00000000000000000, #3081 ) ;
#1815 = PRODUCT_RELATED_PRODUCT_CATEGORY ( 'detail', '', ( #3172 ) ) ;
#1816 = CC_DESIGN_APPROVAL ( #378, ( #2884 ) ) ;
#1817 = PERSON_AND_ORGANIZATION ( #18446744073709551615, #18446744073709551615 ) ;
#1818 = PRODUCT_DEFINITION ( 'Allgemein', '', #3283, #1835 ) ;
#1819 = LOCAL_TIME ( 19, 36, 27.00000000000000000, #786 ) ;
#1820 = CONTEXT_DEPENDENT_SHAPE_REPRESENTATION ( #870, #1913 ) ;
#1821 = APPROVAL_ROLE ( '' ) ;
#1822 = DATE_AND_TIME ( #1195, #337 ) ;
#1823 = CC_DESIGN_DATE_AND_TIME_ASSIGNMENT ( #3364, #264, ( #1932 ) ) ;
#1824 = APPROVAL_PERSON_ORGANIZATION ( #1495, #1693, #52 ) ;
#1825 = SECURITY_CLASSIFICATION ( '', '', #2159 ) ;
#1826 = PERSON_AND_ORGANIZATION ( #18446744073709551615, #18446744073709551615 ) ;
#1827 = DATE_TIME_ROLE ( 'classification_date' ) ;
#1828 = DIRECTION ( 'NONE',  ( 0.000000000000000000, 0.000000000000000000, 1.000000000000000000 ) ) ;
#1829 = PERSON_AND_ORGANIZATION ( #18446744073709551615, #18446744073709551615 ) ;
#1830 = APPLIED_DOCUMENT_REFERENCE ( #1262,'',( #1275) ) ;
#1831 = PERSON_AND_ORGANIZATION ( #18446744073709551615, #18446744073709551615 ) ;
#1832 =( LENGTH_UNIT ( ) NAMED_UNIT ( * ) SI_UNIT ( .MILLI., .METRE. ) );
#1833 = DATE_AND_TIME ( #671, #7 ) ;
#1834 = APPROVAL ( #834, 'Deckungsgleich' ) ;
#1835 = DESIGN_CONTEXT ( 'detailed design', #124, 'design' ) ;
#1836 = PRODUCT_DEFINITION ( 'Allgemein', '', #1719, #3065 ) ;
#1837 = CC_DESIGN_SECURITY_CLASSIFICATION ( #1291, ( #3723 ) ) ;
#1838 = CALENDAR_DATE ( 2026, 4, 4 ) ;
#1839 = PRODUCT ( 'uSD2PSX Stiffener REF2018', 'uSD2PSX Stiffener REF2018', '', ( #1112 ) ) ;
#1840 = PERSON_AND_ORGANIZATION ( #3185, #51 ) ;
#1841 = COORDINATED_UNIVERSAL_TIME_OFFSET ( 1, 0, .AHEAD. ) ;
#1842 = AXIS2_PLACEMENT_3D ( 'NONE', #2698, #991, #684 ) ;
#1843 = APPROVAL_STATUS ( 'not_yet_approved' ) ;
#1844 = SECURITY_CLASSIFICATION_LEVEL ( 'unclassified' ) ;
#1845 = LOCAL_TIME ( 19, 36, 27.00000000000000000, #125 ) ;
#1846 = LOCAL_TIME ( 19, 36, 27.00000000000000000, #2370 ) ;
#1847 = DIRECTION ( 'NONE',  ( 0.000000000000000000, 0.000000000000000000, 1.000000000000000000 ) ) ;
#1848 = APPLICATION_PROTOCOL_DEFINITION ( 'international standard', 'config_control_design', 1994, #2039 ) ;
#1849 = DATE_AND_TIME ( #1016, #465 ) ;
#1850 = CALENDAR_DATE ( 2026, 4, 4 ) ;
#1851 = LOCAL_TIME ( 19, 36, 27.00000000000000000, #2865 ) ;
#1852 = CARTESIAN_POINT ( 'NONE',  ( 0.000000000000000000, 0.000000000000000000, 0.000000000000000000 ) ) ;
#1853 = DATE_TIME_ROLE ( 'classification_date' ) ;
#1854 = PROPERTY_DEFINITION_REPRESENTATION ( #1343, #462 ) ;
#1855 = CC_DESIGN_APPROVAL ( #108, ( #1719 ) ) ;
#1856 = DATE_TIME_ROLE ( 'classification_date' ) ;
#1857 = COORDINATED_UNIVERSAL_TIME_OFFSET ( 1, 0, .AHEAD. ) ;
#1858 = CC_DESIGN_PERSON_AND_ORGANIZATION_ASSIGNMENT ( #1773, #368, ( #372 ) ) ;
#1859 = APPROVAL ( #2083, 'UNKNOWN' ) ;
#1860 = CC_DESIGN_APPROVAL ( #3196, ( #179 ) ) ;
#1861 = ORGANIZATION ( 'NAUO-ORG23', 'UNSPECIFIED', 'UNSPECIFIED' ) ;
#1862 = OBJECT_ROLE ('mandatory',$ ) ;
#1863 = CC_DESIGN_APPROVAL ( #1834, ( #730 ) ) ;
#1864 = CALENDAR_DATE ( 2026, 4, 4 ) ;
#1865 = PERSON_AND_ORGANIZATION_ROLE ( 'classification_officer' ) ;
#1866 = CC_DESIGN_PERSON_AND_ORGANIZATION_ASSIGNMENT ( #942, #2648, ( #2793 ) ) ;
#1867 = ITEM_DEFINED_TRANSFORMATION ( 'NONE', 'NONE', #559,  #2424 ) ;
#1868 = DIRECTION ( 'NONE',  ( -0.7071067811865496822, 1.110223024625156417E-16, -0.7071067811865453523 ) ) ;
#1869 = PERSON_AND_ORGANIZATION ( #18446744073709551615, #18446744073709551615 ) ;
#1870 = APPROVAL_DATE_TIME ( #1245, #2461 ) ;
#1871 = SECURITY_CLASSIFICATION_LEVEL ( 'unclassified' ) ;
#1872 = PRODUCT_DEFINITION_SHAPE ( 'NONE', 'NONE',  #807 ) ;
#1873 = EXTERNAL_SOURCE (IDENTIFIER('') ) ;
#1874 =( LENGTH_UNIT ( ) NAMED_UNIT ( * ) SI_UNIT ( .MILLI., .METRE. ) );
#1875 = APPROVAL_ROLE ( '' ) ;
#1876 = APPROVAL_ROLE ( '' ) ;
#1877 = SECURITY_CLASSIFICATION ( '', '', #404 ) ;
#1878 = CALENDAR_DATE ( 2026, 4, 4 ) ;
#1879 = APPROVAL ( #1963, 'Deckungsgleich' ) ;
#1880 = DATE_AND_TIME ( #1331, #1300 ) ;
#1881 = APPLICATION_CONTEXT ( 'configuration controlled 3d designs of mechanical parts and assemblies' ) ;
#1882 = PROPERTY_DEFINITION ('document property','', #2974 ) ;
#1883 = DATE_AND_TIME ( #681, #177 ) ;
#1884 = AXIS2_PLACEMENT_3D ( 'NONE', #1617, #704, #2732 ) ;
#1885 = APPROVAL_DATE_TIME ( #2179, #2075 ) ;
#1886 = CC_DESIGN_DATE_AND_TIME_ASSIGNMENT ( #1125, #867, ( #2277 ) ) ;
#1887 = SHAPE_REPRESENTATION ( 'Travel Case Latch Right REF2023', ( #219 ), #3583 ) ;
#1888 =( REPRESENTATION_RELATIONSHIP ('NONE','NONE', #3664, #77 ) REPRESENTATION_RELATIONSHIP_WITH_TRANSFORMATION ( #1012 )SHAPE_REPRESENTATION_RELATIONSHIP( ) );
#1889 = CC_DESIGN_APPROVAL ( #3516, ( #3631 ) ) ;
#1890 = PERSON_AND_ORGANIZATION ( #2593, #2582 ) ;
#1891 = DIRECTION ( 'NONE',  ( -1.000000000000000000, 0.000000000000000000, 0.000000000000000000 ) ) ;
#1892 = DATE_TIME_ROLE ( 'classification_date' ) ;
#1893 = CALENDAR_DATE ( 2026, 4, 4 ) ;
#1894 = APPROVAL_STATUS ( 'not_yet_approved' ) ;
#1895 = PERSON_AND_ORGANIZATION_ROLE ( 'classification_officer' ) ;
#1896 = SHAPE_DEFINITION_REPRESENTATION ( #1292, #1733 ) ;
#1897 = CONTEXT_DEPENDENT_SHAPE_REPRESENTATION ( #3192, #773 ) ;
#1898 = PERSON_AND_ORGANIZATION_ROLE ( 'design_supplier' ) ;
#1899 = APPLICATION_PROTOCOL_DEFINITION ( 'international standard', 'config_control_design', 1994, #2254 ) ;
#1900 = SHAPE_DEFINITION_REPRESENTATION ( #3682, #2500 ) ;
#1901 = PERSON_AND_ORGANIZATION ( #3258, #950 ) ;
#1902 = DIRECTION ( 'NONE',  ( -1.000000000000000222, -1.110223024625156540E-16, -6.162975822039154730E-33 ) ) ;
#1903 = DATE_AND_TIME ( #157, #2292 ) ;
#1904 = ROLE_ASSOCIATION ( #587, #2511 ) ;
#1905 = COORDINATED_UNIVERSAL_TIME_OFFSET ( 1, 0, .AHEAD. ) ;
#1906 = APPROVAL ( #3670, 'UNKNOWN' ) ;
#1907 = APPROVAL_ROLE ( '' ) ;
#1908 = DATE_TIME_ROLE ( 'classification_date' ) ;
#1909 = UNCERTAINTY_MEASURE_WITH_UNIT (LENGTH_MEASURE( 1.000000000000000082E-05 ), #552, 'distance_accuracy_value', 'NONE');
#1910 = APPLIED_EXTERNAL_IDENTIFICATION_ASSIGNMENT ( 'Button Cover Left REF2002.STEP' , #3197, #56,( #1418) ) ;
#1911 = OBJECT_ROLE ('mandatory',$ ) ;
#1912 = CC_DESIGN_DATE_AND_TIME_ASSIGNMENT ( #194, #2990, ( #2295 ) ) ;
#1913 = PRODUCT_DEFINITION_SHAPE ( 'NONE', 'NONE',  #3721 ) ;
#1914 = CONTEXT_DEPENDENT_SHAPE_REPRESENTATION ( #1685, #608 ) ;
#1915 = SECURITY_CLASSIFICATION_LEVEL ( 'unclassified' ) ;
#1916 = AXIS2_PLACEMENT_3D ( 'NONE', #3669, #2792, #489 ) ;
#1917 = CALENDAR_DATE ( 2026, 4, 4 ) ;
#1918 = DATE_AND_TIME ( #3289, #145 ) ;
#1919 = LOCAL_TIME ( 19, 36, 27.00000000000000000, #1089 ) ;
#1920 = APPROVAL_PERSON_ORGANIZATION ( #1826, #929, #3123 ) ;
#1921 = APPLIED_EXTERNAL_IDENTIFICATION_ASSIGNMENT ( 'Rumble Sleeve REF2015.STEP' , #79, #2882,( #3263) ) ;
#1922 = APPROVAL_DATE_TIME ( #3291, #802 ) ;
#1923 = PERSON_AND_ORGANIZATION_ROLE ( 'classification_officer' ) ;
#1924 = APPROVAL_STATUS ( 'not_yet_approved' ) ;
#1925 = PERSON_AND_ORGANIZATION ( #18446744073709551615, #18446744073709551615 ) ;
#1926 = APPROVAL ( #3310, 'Deckungsgleich' ) ;
#1927 = PERSON_AND_ORGANIZATION ( #18446744073709551615, #18446744073709551615 ) ;
#1928 = APPLICATION_CONTEXT ( 'configuration controlled 3d designs of mechanical parts and assemblies' ) ;
#1929 = MECHANICAL_CONTEXT ( 'NONE', #579, 'mechanical' ) ;
#1930 =( REPRESENTATION_RELATIONSHIP ('NONE','NONE', #3664, #203 ) REPRESENTATION_RELATIONSHIP_WITH_TRANSFORMATION ( #634 )SHAPE_REPRESENTATION_RELATIONSHIP( ) );
#1931 = LOCAL_TIME ( 19, 36, 27.00000000000000000, #2357 ) ;
#1932 = PRODUCT_DEFINITION ( 'Allgemein', '', #71, #3259 ) ;
#1933 = CC_DESIGN_APPROVAL ( #927, ( #71 ) ) ;
#1934 = COORDINATED_UNIVERSAL_TIME_OFFSET ( 1, 0, .AHEAD. ) ;
#1935 = DATE_AND_TIME ( #3004, #660 ) ;
#1936 = APPROVAL_ROLE ( '' ) ;
#1937 = PERSON_AND_ORGANIZATION ( #18446744073709551615, #18446744073709551615 ) ;
#1938 = CC_DESIGN_SECURITY_CLASSIFICATION ( #2958, ( #441 ) ) ;
#1939 =( GEOMETRIC_REPRESENTATION_CONTEXT ( 3 ) GLOBAL_UNCERTAINTY_ASSIGNED_CONTEXT ( ( #2482 ) ) GLOBAL_UNIT_ASSIGNED_CONTEXT ( ( #119, #1601, #3605 ) ) REPRESENTATION_CONTEXT ( 'NONE', 'WORKASPACE' ) );
#1940 = PERSON_AND_ORGANIZATION ( #18446744073709551615, #18446744073709551615 ) ;
#1941 = PERSON_AND_ORGANIZATION_ROLE ( 'design_owner' ) ;
#1942 = DESIGN_CONTEXT ( 'detailed design', #2232, 'design' ) ;
#1943 = CC_DESIGN_APPROVAL ( #761, ( #688 ) ) ;
#1944 = CC_DESIGN_PERSON_AND_ORGANIZATION_ASSIGNMENT ( #3031, #3643, ( #3276 ) ) ;
#1945 = COORDINATED_UNIVERSAL_TIME_OFFSET ( 1, 0, .AHEAD. ) ;
#1946 = CONTEXT_DEPENDENT_SHAPE_REPRESENTATION ( #1281, #2389 ) ;
#1947 = CC_DESIGN_DATE_AND_TIME_ASSIGNMENT ( #216, #2417, ( #1469 ) ) ;
#1948 = APPROVAL_DATE_TIME ( #808, #1703 ) ;
#1949 = APPROVAL_DATE_TIME ( #847, #927 ) ;
#1950 = PERSON_AND_ORGANIZATION_ROLE ( 'classification_officer' ) ;
#1951 = CALENDAR_DATE ( 2026, 4, 4 ) ;
#1952 = CC_DESIGN_DATE_AND_TIME_ASSIGNMENT ( #1880, #1068, ( #1957 ) ) ;
#1953 = PERSON_AND_ORGANIZATION_ROLE ( 'classification_officer' ) ;
#1954 =( NAMED_UNIT ( * ) PLANE_ANGLE_UNIT ( ) SI_UNIT ( $, .RADIAN. ) );
#1955 = CALENDAR_DATE ( 2026, 4, 4 ) ;
#1956 = PERSON_AND_ORGANIZATION ( #18446744073709551615, #18446744073709551615 ) ;
#1957 = SECURITY_CLASSIFICATION ( '', '', #3326 ) ;
#1958 = APPROVAL_PERSON_ORGANIZATION ( #1940, #1430, #3693 ) ;
#1959 = DATE_TIME_ROLE ( 'classification_date' ) ;
#1960 = CC_DESIGN_SECURITY_CLASSIFICATION ( #2208, ( #3704 ) ) ;
#1961 = APPROVAL_DATE_TIME ( #620, #2487 ) ;
#1962 = LOCAL_TIME ( 19, 36, 27.00000000000000000, #3473 ) ;
#1963 = APPROVAL_STATUS ( 'not_yet_approved' ) ;
#1964 = APPLIED_EXTERNAL_IDENTIFICATION_ASSIGNMENT ( 'MemoryCard Cover REF2013.STEP' , #693, #109,( #1262) ) ;
#1965 = APPLICATION_CONTEXT ( 'configuration controlled 3d designs of mechanical parts and assemblies' ) ;
#1966 = DATE_AND_TIME ( #795, #9 ) ;
#1967 = LOCAL_TIME ( 19, 36, 27.00000000000000000, #3175 ) ;
#1968 = CALENDAR_DATE ( 2026, 4, 4 ) ;
#1969 = DATE_AND_TIME ( #3323, #1649 ) ;
#1970 = CC_DESIGN_SECURITY_CLASSIFICATION ( #3233, ( #3607 ) ) ;
#1971 = MECHANICAL_CONTEXT ( 'NONE', #3024, 'mechanical' ) ;
#1972 = CARTESIAN_POINT ( 'NONE',  ( 0.000000000000000000, 0.000000000000000000, 0.000000000000000000 ) ) ;
#1973 = PERSON_AND_ORGANIZATION ( #18446744073709551615, #18446744073709551615 ) ;
#1974 = CC_DESIGN_SECURITY_CLASSIFICATION ( #1192, ( #49 ) ) ;
#1975 = PERSON_AND_ORGANIZATION_ROLE ( 'design_owner' ) ;
#1976 = IDENTIFICATION_ROLE ( 'external document id and location', $) ;
#1977 = APPROVAL ( #895, 'Deckungsgleich' ) ;
#1978 = CC_DESIGN_PERSON_AND_ORGANIZATION_ASSIGNMENT ( #1763, #1780, ( #2660 ) ) ;
#1979 = PERSON_AND_ORGANIZATION_ROLE ( 'design_supplier' ) ;
#1980 = CC_DESIGN_PERSON_AND_ORGANIZATION_ASSIGNMENT ( #1257, #432, ( #2684 ) ) ;
#1981 =( GEOMETRIC_REPRESENTATION_CONTEXT ( 3 ) GLOBAL_UNCERTAINTY_ASSIGNED_CONTEXT ( ( #1083 ) ) GLOBAL_UNIT_ASSIGNED_CONTEXT ( ( #319, #1455, #635 ) ) REPRESENTATION_CONTEXT ( 'NONE', 'WORKASPACE' ) );
#1982 = DOCUMENT_TYPE ( 'geometry' ) ;
#1983 = DIRECTION ( 'NONE',  ( 0.000000000000000000, 0.9063077870366511579, -0.4226182617406969988 ) ) ;
#1984 = DATE_AND_TIME ( #2505, #356 ) ;
#1985 = DIRECTION ( 'NONE',  ( 1.000000000000000000, 0.000000000000000000, 0.000000000000000000 ) ) ;
#1986 = SECURITY_CLASSIFICATION ( '', '', #1700 ) ;
#1987 = APPROVAL_PERSON_ORGANIZATION ( #2715, #1651, #3293 ) ;
#1988 = APPROVAL_DATE_TIME ( #2005, #34 ) ;
#1989 = CC_DESIGN_PERSON_AND_ORGANIZATION_ASSIGNMENT ( #1831, #3190, ( #3107 ) ) ;
#1990 = APPLICATION_PROTOCOL_DEFINITION ( 'international standard', 'config_control_design', 1994, #1349 ) ;
#1991 = LOCAL_TIME ( 19, 36, 27.00000000000000000, #153 ) ;
#1992 = COORDINATED_UNIVERSAL_TIME_OFFSET ( 1, 0, .AHEAD. ) ;
#1993 = APPLICATION_CONTEXT ( 'configuration controlled 3d designs of mechanical parts and assemblies' ) ;
#1994 = DIRECTION ( 'NONE',  ( 0.000000000000000000, 0.000000000000000000, 1.000000000000000000 ) ) ;
#1995 = PERSON_AND_ORGANIZATION ( #18446744073709551615, #18446744073709551615 ) ;
#1996 = DATE_AND_TIME ( #2611, #184 ) ;
#1997 = DOCUMENT_TYPE ( 'geometry' ) ;
#1998 = LOCAL_TIME ( 19, 36, 27.00000000000000000, #313 ) ;
#1999 = PERSON_AND_ORGANIZATION ( #18446744073709551615, #18446744073709551615 ) ;
#2000 = DATE_AND_TIME ( #272, #943 ) ;
#2001 = APPROVAL_ROLE ( '' ) ;
#2002 = COORDINATED_UNIVERSAL_TIME_OFFSET ( 1, 0, .AHEAD. ) ;
#2003 = PERSON_AND_ORGANIZATION ( #18446744073709551615, #18446744073709551615 ) ;
#2004 = CARTESIAN_POINT ( 'NONE',  ( 0.000000000000000000, 0.000000000000000000, 0.000000000000000000 ) ) ;
#2005 = DATE_AND_TIME ( #2305, #3526 ) ;
#2006 = PERSON_AND_ORGANIZATION_ROLE ( 'creator' ) ;
#2007 = APPROVAL_STATUS ( 'not_yet_approved' ) ;
#2008 = PERSON_AND_ORGANIZATION_ROLE ( 'creator' ) ;
#2009 = AXIS2_PLACEMENT_3D ( 'NONE', #2053, #897, #2038 ) ;
#2010 = PERSON_AND_ORGANIZATION ( #18446744073709551615, #18446744073709551615 ) ;
#2011 = APPROVAL ( #2965, 'UNKNOWN' ) ;
#2012 = APPROVAL_DATE_TIME ( #1441, #663 ) ;
#2013 = PERSON_AND_ORGANIZATION_ROLE ( 'classification_officer' ) ;
#2014 = COORDINATED_UNIVERSAL_TIME_OFFSET ( 1, 0, .AHEAD. ) ;
#2015 = APPROVAL_PERSON_ORGANIZATION ( #446, #751, #1608 ) ;
#2016 = CC_DESIGN_PERSON_AND_ORGANIZATION_ASSIGNMENT ( #2252, #1420, ( #2306 ) ) ;
#2017 = CC_DESIGN_APPROVAL ( #455, ( #679 ) ) ;
#2018 = CC_DESIGN_PERSON_AND_ORGANIZATION_ASSIGNMENT ( #890, #3488, ( #1254 ) ) ;
#2019 = PROPERTY_DEFINITION ('document property','', #624 ) ;
#2020 = DATE_TIME_ROLE ( 'classification_date' ) ;
#2021 = DIRECTION ( 'NONE',  ( 0.000000000000000000, 0.000000000000000000, 1.000000000000000000 ) ) ;
#2022 = COORDINATED_UNIVERSAL_TIME_OFFSET ( 1, 0, .AHEAD. ) ;
#2023 = CC_DESIGN_SECURITY_CLASSIFICATION ( #3157, ( #3707 ) ) ;
#2024 = APPROVAL_ROLE ( '' ) ;
#2025 = APPROVAL_DATE_TIME ( #1106, #715 ) ;
#2026 = PERSON ( 'NAUO-PER10', 'UNSPECIFIED', 'UNSPECIFIED', ('UNSPECIFIED'), ('UNSPECIFIED'), ('UNSPECIFIED') ) ;
#2027 = APPROVAL_PERSON_ORGANIZATION ( #1829, #763, #1767 ) ;
#2028 = PERSON_AND_ORGANIZATION ( #18446744073709551615, #18446744073709551615 ) ;
#2029 = PERSON_AND_ORGANIZATION_ROLE ( 'design_owner' ) ;
#2030 = APPLIED_EXTERNAL_IDENTIFICATION_ASSIGNMENT ( 'Travel Case Top REF2020.STEP' , #3216, #1613,( #903) ) ;
#2031 = CC_DESIGN_PERSON_AND_ORGANIZATION_ASSIGNMENT ( #1163, #2886, ( #3651 ) ) ;
#2032 = CC_DESIGN_APPROVAL ( #1703, ( #2623 ) ) ;
#2033 = MECHANICAL_CONTEXT ( 'NONE', #1806, 'mechanical' ) ;
#2034 = DATE_AND_TIME ( #1190, #537 ) ;
#2035 = APPROVAL_STATUS ( 'not_yet_approved' ) ;
#2036 =( LENGTH_UNIT ( ) NAMED_UNIT ( * ) SI_UNIT ( .MILLI., .METRE. ) );
#2037 = APPROVAL_ROLE ( '' ) ;
#2038 = DIRECTION ( 'NONE',  ( 1.000000000000000000, 0.000000000000000000, 0.000000000000000000 ) ) ;
#2039 = APPLICATION_CONTEXT ( 'configuration controlled 3d designs of mechanical parts and assemblies' ) ;
#2040 = APPROVAL_DATE_TIME ( #31, #1318 ) ;
#2041 = CC_DESIGN_APPROVAL ( #2737, ( #850 ) ) ;
#2042 = PERSON_AND_ORGANIZATION ( #18446744073709551615, #18446744073709551615 ) ;
#2043 = DATE_TIME_ROLE ( 'classification_date' ) ;
#2044 =( LENGTH_UNIT ( ) NAMED_UNIT ( * ) SI_UNIT ( .MILLI., .METRE. ) );
#2045 = PERSON_AND_ORGANIZATION_ROLE ( 'classification_officer' ) ;
#2046 = CALENDAR_DATE ( 2026, 4, 4 ) ;
#2047 = PRODUCT_DEFINITION_SHAPE ( 'NONE', 'NONE',  #3711 ) ;
#2048 = APPROVAL_STATUS ( 'not_yet_approved' ) ;
#2049 = APPROVAL_PERSON_ORGANIZATION ( #402, #3471, #3252 ) ;
#2050 = ITEM_DEFINED_TRANSFORMATION ( 'NONE', 'NONE', #1884,  #2777 ) ;
#2051 = APPROVAL_ROLE ( '' ) ;
#2052 = APPROVAL_ROLE ( '' ) ;
#2053 = CARTESIAN_POINT ( 'NONE',  ( 0.000000000000000000, 0.000000000000000000, 0.000000000000000000 ) ) ;
#2054 = CC_DESIGN_APPROVAL ( #1926, ( #1825 ) ) ;
#2055 = PRODUCT_RELATED_PRODUCT_CATEGORY ( 'detail', '', ( #62 ) ) ;
#2056 = PERSON_AND_ORGANIZATION ( #18446744073709551615, #18446744073709551615 ) ;
#2057 = APPLICATION_CONTEXT ( 'configuration controlled 3d designs of mechanical parts and assemblies' ) ;
#2058 = APPROVAL_DATE_TIME ( #1782, #1255 ) ;
#2059 = DATE_AND_TIME ( #360, #2400 ) ;
#2060 = PROPERTY_DEFINITION_REPRESENTATION ( #3014, #739 ) ;
#2061 = APPLIED_EXTERNAL_IDENTIFICATION_ASSIGNMENT ( 'PS2 Main Housing Top REF2000 DesignSupports.STEP' , #1645, #1209,( #2839) ) ;
#2062 = DATE_AND_TIME ( #1499, #2202 ) ;
#2063 = EXTERNAL_SOURCE (IDENTIFIER('') ) ;
#2064 = PRODUCT_RELATED_PRODUCT_CATEGORY ( 'detail', '', ( #2654 ) ) ;
#2065 = ITEM_DEFINED_TRANSFORMATION ( 'NONE', 'NONE', #673,  #2192 ) ;
#2066 = DATE_TIME_ROLE ( 'creation_date' ) ;
#2067 = PRODUCT ( 'PS2 Main Housing Top REF2000 DesignSupports', 'PS2 Main Housing Top REF2000 DesignSupports', '', ( #970 ) ) ;
#2068 =( LENGTH_UNIT ( ) NAMED_UNIT ( * ) SI_UNIT ( .MILLI., .METRE. ) );
#2069 = PERSON_AND_ORGANIZATION_ROLE ( 'creator' ) ;
#2070 = CONTEXT_DEPENDENT_SHAPE_REPRESENTATION ( #494, #2722 ) ;
#2071 = APPROVAL_STATUS ( 'not_yet_approved' ) ;
#2072 = CALENDAR_DATE ( 2026, 4, 4 ) ;
#2073 = APPROVAL_STATUS ( 'not_yet_approved' ) ;
#2074 = LOCAL_TIME ( 19, 36, 27.00000000000000000, #1135 ) ;
#2075 = APPROVAL ( #2730, 'UNKNOWN' ) ;
#2076 = MECHANICAL_CONTEXT ( 'NONE', #1273, 'mechanical' ) ;
#2077 = PRODUCT_DEFINITION ( 'Allgemein', '', #67, #1942 ) ;
#2078 = CC_DESIGN_SECURITY_CLASSIFICATION ( #168, ( #3705 ) ) ;
#2079 = APPROVAL_DATE_TIME ( #2942, #1693 ) ;
#2080 = CC_DESIGN_PERSON_AND_ORGANIZATION_ASSIGNMENT ( #561, #1722, ( #98 ) ) ;
#2081 = DATE_AND_TIME ( #3269, #1320 ) ;
#2082 = PERSON_AND_ORGANIZATION_ROLE ( 'creator' ) ;
#2083 = APPROVAL_STATUS ( 'not_yet_approved' ) ;
#2084 = PERSON_AND_ORGANIZATION ( #18446744073709551615, #18446744073709551615 ) ;
#2085 = COORDINATED_UNIVERSAL_TIME_OFFSET ( 1, 0, .AHEAD. ) ;
#2086 = UNCERTAINTY_MEASURE_WITH_UNIT (LENGTH_MEASURE( 1.000000000000000082E-05 ), #2746, 'distance_accuracy_value', 'NONE');
#2087 = CC_DESIGN_APPROVAL ( #575, ( #1248 ) ) ;
#2088 = DOCUMENT_FILE ( 'Travel Case Latch Right REF2023.STEP' , '', '', #3445, '' ,$ ) ;
#2089 = CC_DESIGN_PERSON_AND_ORGANIZATION_ASSIGNMENT ( #1516, #3478, ( #2999 ) ) ;
#2090 = CC_DESIGN_APPROVAL ( #929, ( #3233 ) ) ;
#2091 = CC_DESIGN_APPROVAL ( #2409, ( #1130 ) ) ;
#2092 = DATE_AND_TIME ( #1878, #3075 ) ;
#2093 = PERSON_AND_ORGANIZATION_ROLE ( 'design_supplier' ) ;
#2094 = CALENDAR_DATE ( 2026, 4, 4 ) ;
#2095 = APPROVAL_PERSON_ORGANIZATION ( #2257, #1834, #2297 ) ;
#2096 = PRODUCT ( 'R1-L1 Bar REF2010', 'R1-L1 Bar REF2010', '', ( #523 ) ) ;
#2097 = COORDINATED_UNIVERSAL_TIME_OFFSET ( 1, 0, .AHEAD. ) ;
#2098 = APPROVAL_ROLE ( '' ) ;
#2099 = APPROVAL ( #2073, 'Deckungsgleich' ) ;
#2100 = DIRECTION ( 'NONE',  ( 0.000000000000000000, 0.000000000000000000, 1.000000000000000000 ) ) ;
#2101 = CC_DESIGN_PERSON_AND_ORGANIZATION_ASSIGNMENT ( #2589, #2296, ( #3172 ) ) ;
#2102 = APPROVAL_STATUS ( 'not_yet_approved' ) ;
#2103 = ROLE_ASSOCIATION ( #1381, #2734 ) ;
#2104 = CALENDAR_DATE ( 2026, 4, 4 ) ;
#2105 = LOCAL_TIME ( 19, 36, 27.00000000000000000, #2973 ) ;
#2106 = LOCAL_TIME ( 19, 36, 27.00000000000000000, #3164 ) ;
#2107 =( NAMED_UNIT ( * ) SI_UNIT ( $, .STERADIAN. ) SOLID_ANGLE_UNIT ( ) );
#2108 = PERSON_AND_ORGANIZATION_ROLE ( 'creator' ) ;
#2109 = CC_DESIGN_APPROVAL ( #899, ( #708 ) ) ;
#2110 = PERSON ( 'NAUO-PER17', 'UNSPECIFIED', 'UNSPECIFIED', ('UNSPECIFIED'), ('UNSPECIFIED'), ('UNSPECIFIED') ) ;
#2111 = COORDINATED_UNIVERSAL_TIME_OFFSET ( 1, 0, .AHEAD. ) ;
#2112 = PROPERTY_DEFINITION ('document property','', #3598 ) ;
#2113 = APPROVAL_DATE_TIME ( #2092, #1185 ) ;
#2114 = APPLICATION_CONTEXT ( 'configuration controlled 3d designs of mechanical parts and assemblies' ) ;
#2115 = COORDINATED_UNIVERSAL_TIME_OFFSET ( 1, 0, .AHEAD. ) ;
#2116 = CC_DESIGN_APPROVAL ( #3235, ( #807 ) ) ;
#2117 = SHAPE_REPRESENTATION ( 'Display Stand REF2019', ( #2424 ), #980 ) ;
#2118 =( REPRESENTATION_RELATIONSHIP ('NONE','NONE', #3664, #2117 ) REPRESENTATION_RELATIONSHIP_WITH_TRANSFORMATION ( #1867 )SHAPE_REPRESENTATION_RELATIONSHIP( ) );
#2119 = LOCAL_TIME ( 19, 36, 27.00000000000000000, #2308 ) ;
#2120 = PERSON_AND_ORGANIZATION_ROLE ( 'design_supplier' ) ;
#2121 = PERSON_AND_ORGANIZATION_ROLE ( 'classification_officer' ) ;
#2122 = SECURITY_CLASSIFICATION_LEVEL ( 'unclassified' ) ;
#2123 = CARTESIAN_POINT ( 'NONE',  ( -517.1154806268043558, -75.43087554536772643, 80.42059745265966342 ) ) ;
#2124 = PERSON_AND_ORGANIZATION ( #18446744073709551615, #18446744073709551615 ) ;
#2125 = COORDINATED_UNIVERSAL_TIME_OFFSET ( 1, 0, .AHEAD. ) ;
#2126 = PERSON_AND_ORGANIZATION ( #18446744073709551615, #18446744073709551615 ) ;
#2127 = CC_DESIGN_PERSON_AND_ORGANIZATION_ASSIGNMENT ( #1999, #2013, ( #1986 ) ) ;
#2128 = CC_DESIGN_DATE_AND_TIME_ASSIGNMENT ( #87, #1230, ( #182 ) ) ;
#2129 = PERSON_AND_ORGANIZATION ( #18446744073709551615, #18446744073709551615 ) ;
#2130 = DESIGN_CONTEXT ( 'detailed design', #2434, 'design' ) ;
#2131 = APPLIED_EXTERNAL_IDENTIFICATION_ASSIGNMENT ( 'Heatsink Tapping Tool.STEP' , #689, #1711,( #3033) ) ;
#2132 = PRODUCT ( 'Speaker Plug REF2016', 'Speaker Plug REF2016', '', ( #959 ) ) ;
#2133 = DATE_AND_TIME ( #1268, #1487 ) ;
#2134 = DATE_AND_TIME ( #3527, #2873 ) ;
#2135 = CC_DESIGN_DATE_AND_TIME_ASSIGNMENT ( #1672, #3078, ( #2848 ) ) ;
#2136 =( LENGTH_UNIT ( ) NAMED_UNIT ( * ) SI_UNIT ( .MILLI., .METRE. ) );
#2137 = APPLICATION_CONTEXT ( 'configuration controlled 3d designs of mechanical parts and assemblies' ) ;
#2138 = DATE_AND_TIME ( #742, #2707 ) ;
#2139 = CALENDAR_DATE ( 2026, 4, 4 ) ;
#2140 = APPROVAL_PERSON_ORGANIZATION ( #777, #2863, #1355 ) ;
#2141 = LOCAL_TIME ( 19, 36, 27.00000000000000000, #251 ) ;
#2142 = CARTESIAN_POINT ( 'NONE',  ( -250.2037607911819634, -12.02555542377075426, -12.50000000000000000 ) ) ;
#2143 = CC_DESIGN_APPROVAL ( #1096, ( #2462 ) ) ;
#2144 = PERSON_AND_ORGANIZATION_ROLE ( 'creator' ) ;
#2145 = APPROVAL_STATUS ( 'not_yet_approved' ) ;
#2146 = APPROVAL_DATE_TIME ( #780, #1745 ) ;
#2147 = PRODUCT_DEFINITION_SHAPE ( 'NONE', 'NONE',  #3722 ) ;
#2148 = CC_DESIGN_PERSON_AND_ORGANIZATION_ASSIGNMENT ( #260, #208, ( #1319 ) ) ;
#2149 = LOCAL_TIME ( 19, 36, 27.00000000000000000, #1188 ) ;
#2150 = PERSON_AND_ORGANIZATION ( #18446744073709551615, #18446744073709551615 ) ;
#2151 = DOCUMENT_FILE ( 'uSD2PSX Stiffener REF2018.STEP' , '', '', #2754, '' ,$ ) ;
#2152 = APPLIED_DOCUMENT_REFERENCE ( #3263,'',( #1044) ) ;
#2153 = PERSON_AND_ORGANIZATION_ROLE ( 'classification_officer' ) ;
#2154 = CC_DESIGN_APPROVAL ( #397, ( #48 ) ) ;
#2155 = PRODUCT_DEFINITION_FORMATION_WITH_SPECIFIED_SOURCE ( 'Symmetrisch', '', #1427, .NOT_KNOWN. ) ;
#2156 = LOCAL_TIME ( 19, 36, 27.00000000000000000, #2723 ) ;
#2157 = APPROVAL_PERSON_ORGANIZATION ( #769, #1330, #478 ) ;
#2158 = PERSON_AND_ORGANIZATION_ROLE ( 'classification_officer' ) ;
#2159 = SECURITY_CLASSIFICATION_LEVEL ( 'unclassified' ) ;
#2160 = DATE_AND_TIME ( #1072, #1919 ) ;
#2161 = CARTESIAN_POINT ( 'NONE',  ( -449.3358728158466988, 101.6537774258640070, -7.900000000000003908 ) ) ;
#2162 = CALENDAR_DATE ( 2026, 4, 4 ) ;
#2163 = DATE_AND_TIME ( #1893, #2391 ) ;
#2164 = PERSON_AND_ORGANIZATION_ROLE ( 'design_owner' ) ;
#2165 = AXIS2_PLACEMENT_3D ( 'NONE', #2331, #58, #3483 ) ;
#2166 =( NAMED_UNIT ( * ) SI_UNIT ( $, .STERADIAN. ) SOLID_ANGLE_UNIT ( ) );
#2167 = PERSON_AND_ORGANIZATION ( #18446744073709551615, #18446744073709551615 ) ;
#2168 = CALENDAR_DATE ( 2026, 4, 4 ) ;
#2169 = UNCERTAINTY_MEASURE_WITH_UNIT (LENGTH_MEASURE( 1.000000000000000082E-05 ), #2405, 'distance_accuracy_value', 'NONE');
#2170 = APPROVAL_PERSON_ORGANIZATION ( #2150, #2340, #1907 ) ;
#2171 = CALENDAR_DATE ( 2026, 4, 4 ) ;
#2172 =( REPRESENTATION_RELATIONSHIP ('NONE','NONE', #3664, #462 ) REPRESENTATION_RELATIONSHIP_WITH_TRANSFORMATION ( #1565 )SHAPE_REPRESENTATION_RELATIONSHIP( ) );
#2173 = APPROVAL_PERSON_ORGANIZATION ( #434, #3545, #3623 ) ;
#2174 = DOCUMENT_TYPE ( 'geometry' ) ;
#2175 = DATE_AND_TIME ( #2744, #2446 ) ;
#2176 = CC_DESIGN_DATE_AND_TIME_ASSIGNMENT ( #420, #3007, ( #168 ) ) ;
#2177 = APPROVAL_STATUS ( 'not_yet_approved' ) ;
#2178 = AXIS2_PLACEMENT_3D ( 'NONE', #2161, #1847, #1296 ) ;
#2179 = DATE_AND_TIME ( #1258, #206 ) ;
#2180 = APPROVAL_PERSON_ORGANIZATION ( #3459, #1255, #919 ) ;
#2181 = ROLE_ASSOCIATION ( #849, #3076 ) ;
#2182 = DIRECTION ( 'NONE',  ( 1.000000000000000000, 0.000000000000000000, 0.000000000000000000 ) ) ;
#2183 = PERSON_AND_ORGANIZATION ( #18446744073709551615, #18446744073709551615 ) ;
#2184 = CALENDAR_DATE ( 2026, 4, 4 ) ;
#2185 = CC_DESIGN_PERSON_AND_ORGANIZATION_ASSIGNMENT ( #2871, #278, ( #3631 ) ) ;
#2186 = CC_DESIGN_DATE_AND_TIME_ASSIGNMENT ( #3568, #3496, ( #513 ) ) ;
#2187 = APPROVAL_STATUS ( 'not_yet_approved' ) ;
#2188 = PERSON_AND_ORGANIZATION ( #18446744073709551615, #18446744073709551615 ) ;
#2189 = APPLICATION_PROTOCOL_DEFINITION ( 'international standard', 'config_control_design', 1994, #579 ) ;
#2190 = CC_DESIGN_SECURITY_CLASSIFICATION ( #513, ( #3725 ) ) ;
#2191 = IDENTIFICATION_ROLE ( 'external document id and location', $) ;
#2192 = AXIS2_PLACEMENT_3D ( 'NONE', #2577, #2214, #3455 ) ;
#2193 = COORDINATED_UNIVERSAL_TIME_OFFSET ( 1, 0, .AHEAD. ) ;
#2194 = DATE_AND_TIME ( #1032, #2892 ) ;
#2195 = CC_DESIGN_PERSON_AND_ORGANIZATION_ASSIGNMENT ( #2680, #1237, ( #526 ) ) ;
#2196 = APPROVAL_STATUS ( 'not_yet_approved' ) ;
#2197 = APPROVAL ( #3484, 'Deckungsgleich' ) ;
#2198 = CARTESIAN_POINT ( 'NONE',  ( -571.0302866547318672, 123.7224742964664586, 0.000000000000000000 ) ) ;
#2199 = DATE_TIME_ROLE ( 'creation_date' ) ;
#2200 = APPROVAL_ROLE ( '' ) ;
#2201 = CC_DESIGN_APPROVAL ( #1231, ( #2570 ) ) ;
#2202 = LOCAL_TIME ( 19, 36, 27.00000000000000000, #3251 ) ;
#2203 = CC_DESIGN_PERSON_AND_ORGANIZATION_ASSIGNMENT ( #2677, #2708, ( #2067 ) ) ;
#2204 =( NAMED_UNIT ( * ) PLANE_ANGLE_UNIT ( ) SI_UNIT ( $, .RADIAN. ) );
#2205 = MECHANICAL_CONTEXT ( 'NONE', #309, 'mechanical' ) ;
#2206 = PERSON_AND_ORGANIZATION_ROLE ( 'design_supplier' ) ;
#2207 = UNCERTAINTY_MEASURE_WITH_UNIT (LENGTH_MEASURE( 1.000000000000000082E-05 ), #1793, 'distance_accuracy_value', 'NONE');
#2208 = SECURITY_CLASSIFICATION ( '', '', #3408 ) ;
#2209 = CC_DESIGN_PERSON_AND_ORGANIZATION_ASSIGNMENT ( #2548, #1141, ( #1092 ) ) ;
#2210 = PRODUCT_DEFINITION_SHAPE ( 'NONE', 'NONE',  #3717 ) ;
#2211 = PERSON_AND_ORGANIZATION ( #18446744073709551615, #18446744073709551615 ) ;
#2212 =( REPRESENTATION_RELATIONSHIP ('NONE','NONE', #3664, #2864 ) REPRESENTATION_RELATIONSHIP_WITH_TRANSFORMATION ( #3057 )SHAPE_REPRESENTATION_RELATIONSHIP( ) );
#2213 = MECHANICAL_CONTEXT ( 'NONE', #1555, 'mechanical' ) ;
#2214 = DIRECTION ( 'NONE',  ( 0.000000000000000000, 0.000000000000000000, 1.000000000000000000 ) ) ;
#2215 = CC_DESIGN_APPROVAL ( #1906, ( #355 ) ) ;
#2216 = CC_DESIGN_APPROVAL ( #1589, ( #2528 ) ) ;
#2217 = PROPERTY_DEFINITION_REPRESENTATION ( #534, #203 ) ;
#2218 =( NAMED_UNIT ( * ) PLANE_ANGLE_UNIT ( ) SI_UNIT ( $, .RADIAN. ) );
#2219 = CALENDAR_DATE ( 2026, 4, 4 ) ;
#2220 = COORDINATED_UNIVERSAL_TIME_OFFSET ( 1, 0, .AHEAD. ) ;
#2221 = CC_DESIGN_DATE_AND_TIME_ASSIGNMENT ( #2553, #516, ( #3331 ) ) ;
#2222 = CC_DESIGN_PERSON_AND_ORGANIZATION_ASSIGNMENT ( #1973, #570, ( #2514 ) ) ;
#2223 = APPROVAL_DATE_TIME ( #2517, #3048 ) ;
#2224 = DATE_AND_TIME ( #2094, #1133 ) ;
#2225 = IDENTIFICATION_ROLE ( 'external document id and location', $) ;
#2226 = COORDINATED_UNIVERSAL_TIME_OFFSET ( 1, 0, .AHEAD. ) ;
#2227 = CALENDAR_DATE ( 2026, 4, 4 ) ;
#2228 = LOCAL_TIME ( 19, 36, 27.00000000000000000, #1279 ) ;
#2229 = CC_DESIGN_PERSON_AND_ORGANIZATION_ASSIGNMENT ( #2724, #770, ( #708 ) ) ;
#2230 = PERSON_AND_ORGANIZATION ( #18446744073709551615, #18446744073709551615 ) ;
#2231 = DATE_AND_TIME ( #2853, #1000 ) ;
#2232 = APPLICATION_CONTEXT ( 'configuration controlled 3d designs of mechanical parts and assemblies' ) ;
#2233 = PERSON_AND_ORGANIZATION_ROLE ( 'creator' ) ;
#2234 = COORDINATED_UNIVERSAL_TIME_OFFSET ( 1, 0, .AHEAD. ) ;
#2235 = APPROVAL_STATUS ( 'not_yet_approved' ) ;
#2236 = SECURITY_CLASSIFICATION ( '', '', #1871 ) ;
#2237 = DIRECTION ( 'NONE',  ( 0.000000000000000000, 0.000000000000000000, 1.000000000000000000 ) ) ;
#2238 =( GEOMETRIC_REPRESENTATION_CONTEXT ( 3 ) GLOBAL_UNCERTAINTY_ASSIGNED_CONTEXT ( ( #2519 ) ) GLOBAL_UNIT_ASSIGNED_CONTEXT ( ( #2068, #1249, #3237 ) ) REPRESENTATION_CONTEXT ( 'NONE', 'WORKASPACE' ) );
#2239 = DATE_AND_TIME ( #1359, #233 ) ;
#2240 = PERSON_AND_ORGANIZATION ( #18446744073709551615, #18446744073709551615 ) ;
#2241 = UNCERTAINTY_MEASURE_WITH_UNIT (LENGTH_MEASURE( 1.000000000000000082E-05 ), #2609, 'distance_accuracy_value', 'NONE');
#2242 = ORGANIZATION ( 'NAUO-ORG1', 'UNSPECIFIED', 'UNSPECIFIED' ) ;
#2243 = CC_DESIGN_PERSON_AND_ORGANIZATION_ASSIGNMENT ( #3469, #120, ( #372 ) ) ;
#2244 = APPROVAL_ROLE ( '' ) ;
#2245 = COORDINATED_UNIVERSAL_TIME_OFFSET ( 1, 0, .AHEAD. ) ;
#2246 = CC_DESIGN_PERSON_AND_ORGANIZATION_ASSIGNMENT ( #229, #2808, ( #441 ) ) ;
#2247 = PERSON_AND_ORGANIZATION ( #18446744073709551615, #18446744073709551615 ) ;
#2248 = CARTESIAN_POINT ( 'NONE',  ( 0.000000000000000000, 0.000000000000000000, 0.000000000000000000 ) ) ;
#2249 = CC_DESIGN_APPROVAL ( #3571, ( #3389 ) ) ;
#2250 = PROPERTY_DEFINITION_REPRESENTATION ( #2913, #3248 ) ;
#2251 = COORDINATED_UNIVERSAL_TIME_OFFSET ( 1, 0, .AHEAD. ) ;
#2252 = PERSON_AND_ORGANIZATION ( #18446744073709551615, #18446744073709551615 ) ;
#2253 = CC_DESIGN_PERSON_AND_ORGANIZATION_ASSIGNMENT ( #1777, #913, ( #2155 ) ) ;
#2254 = APPLICATION_CONTEXT ( 'configuration controlled 3d designs of mechanical parts and assemblies' ) ;
#2255 = CARTESIAN_POINT ( 'NONE',  ( 0.000000000000000000, 0.000000000000000000, 0.000000000000000000 ) ) ;
#2256 = APPROVAL_ROLE ( '' ) ;
#2257 = PERSON_AND_ORGANIZATION ( #18446744073709551615, #18446744073709551615 ) ;
#2258 = CC_DESIGN_PERSON_AND_ORGANIZATION_ASSIGNMENT ( #2637, #936, ( #2528 ) ) ;
#2259 = PROPERTY_DEFINITION ('document property','', #3263 ) ;
#2260 = SHAPE_REPRESENTATION ( 'Heatsink Tapping Tool', ( #1497 ), #2479 ) ;
#2261 = CC_DESIGN_APPROVAL ( #2863, ( #1818 ) ) ;
#2262 = IDENTIFICATION_ROLE ( 'external document id and location', $) ;
#2263 = CALENDAR_DATE ( 2026, 4, 4 ) ;
#2264 = LOCAL_TIME ( 19, 36, 27.00000000000000000, #2668 ) ;
#2265 = APPLIED_EXTERNAL_IDENTIFICATION_ASSIGNMENT ( 'R1-L1 Bar REF2010.STEP' , #894, #2781,( #624) ) ;
#2266 = CC_DESIGN_DATE_AND_TIME_ASSIGNMENT ( #1021, #1908, ( #1192 ) ) ;
#2267 = PERSON_AND_ORGANIZATION_ROLE ( 'design_owner' ) ;
#2268 = CC_DESIGN_SECURITY_CLASSIFICATION ( #1605, ( #3701 ) ) ;
#2269 = DATE_AND_TIME ( #1074, #2664 ) ;
#2270 = LOCAL_TIME ( 19, 36, 27.00000000000000000, #3261 ) ;
#2271 = APPROVAL_ROLE ( '' ) ;
#2272 = DATE_AND_TIME ( #1143, #699 ) ;
#2273 = CC_DESIGN_APPROVAL ( #34, ( #3497 ) ) ;
#2274 = ORGANIZATION ( 'NAUO-ORG16', 'UNSPECIFIED', 'UNSPECIFIED' ) ;
#2275 =( NAMED_UNIT ( * ) PLANE_ANGLE_UNIT ( ) SI_UNIT ( $, .RADIAN. ) );
#2276 = CALENDAR_DATE ( 2026, 4, 4 ) ;
#2277 = SECURITY_CLASSIFICATION ( '', '', #2591 ) ;
#2278 = CALENDAR_DATE ( 2026, 4, 4 ) ;
#2279 = DATE_TIME_ROLE ( 'classification_date' ) ;
#2280 = APPROVAL_STATUS ( 'not_yet_approved' ) ;
#2281 = AXIS2_PLACEMENT_3D ( 'NONE', #883, #3169, #3207 ) ;
#2282 = APPROVAL_STATUS ( 'not_yet_approved' ) ;
#2283 = DIRECTION ( 'NONE',  ( 0.000000000000000000, 0.000000000000000000, 1.000000000000000000 ) ) ;
#2284 = COORDINATED_UNIVERSAL_TIME_OFFSET ( 1, 0, .AHEAD. ) ;
#2285 = DIRECTION ( 'NONE',  ( 1.000000000000000000, 0.000000000000000000, 0.000000000000000000 ) ) ;
#2286 = CC_DESIGN_APPROVAL ( #619, ( #1289 ) ) ;
#2287 = APPROVAL_PERSON_ORGANIZATION ( #1636, #378, #1708 ) ;
#2288 = CC_DESIGN_PERSON_AND_ORGANIZATION_ASSIGNMENT ( #33, #2330, ( #2704 ) ) ;
#2289 = PROPERTY_DEFINITION_REPRESENTATION ( #2948, #425 ) ;
#2290 = PROPERTY_DEFINITION ('document property','', #1262 ) ;
#2291 = SHAPE_DEFINITION_REPRESENTATION ( #932, #739 ) ;
#2292 = LOCAL_TIME ( 19, 36, 27.00000000000000000, #1341 ) ;
#2293 = DATE_AND_TIME ( #3672, #3567 ) ;
#2294 = APPROVAL_DATE_TIME ( #2272, #3517 ) ;
#2295 = PRODUCT_DEFINITION ( 'Allgemein', '', #441, #1680 ) ;
#2296 = PERSON_AND_ORGANIZATION_ROLE ( 'design_owner' ) ;
#2297 = APPROVAL_ROLE ( '' ) ;
#2298 = CC_DESIGN_APPROVAL ( #3180, ( #3018 ) ) ;
#2299 = LOCAL_TIME ( 19, 36, 27.00000000000000000, #3184 ) ;
#2300 = SHAPE_DEFINITION_REPRESENTATION ( #598, #2879 ) ;
#2301 = APPROVAL_DATE_TIME ( #1429, #1784 ) ;
#2302 = APPROVAL_STATUS ( 'not_yet_approved' ) ;
#2303 = PERSON_AND_ORGANIZATION_ROLE ( 'design_owner' ) ;
#2304 = CARTESIAN_POINT ( 'NONE',  ( 0.000000000000000000, 0.000000000000000000, 0.000000000000000000 ) ) ;
#2305 = CALENDAR_DATE ( 2026, 4, 4 ) ;
#2306 = PRODUCT ( 'Battery Compartment Right REF2005', 'Battery Compartment Right REF2005', '', ( #2532 ) ) ;
#2307 = DATE_AND_TIME ( #2869, #1373 ) ;
#2308 = COORDINATED_UNIVERSAL_TIME_OFFSET ( 1, 0, .AHEAD. ) ;
#2309 = DOCUMENT_TYPE ( 'geometry' ) ;
#2310 = ROLE_ASSOCIATION ( #1911, #315 ) ;
#2311 = PRODUCT_RELATED_PRODUCT_CATEGORY ( 'detail', '', ( #526 ) ) ;
#2312 = DIRECTION ( 'NONE',  ( 0.000000000000000000, 0.000000000000000000, 1.000000000000000000 ) ) ;
#2313 = DATE_TIME_ROLE ( 'creation_date' ) ;
#2314 = PERSON_AND_ORGANIZATION ( #18446744073709551615, #18446744073709551615 ) ;
#2315 =( NAMED_UNIT ( * ) PLANE_ANGLE_UNIT ( ) SI_UNIT ( $, .RADIAN. ) );
#2316 = COORDINATED_UNIVERSAL_TIME_OFFSET ( 1, 0, .AHEAD. ) ;
#2317 = CC_DESIGN_PERSON_AND_ORGANIZATION_ASSIGNMENT ( #3334, #2476, ( #3120 ) ) ;
#2318 = LOCAL_TIME ( 19, 36, 27.00000000000000000, #2441 ) ;
#2319 = PROPERTY_DEFINITION_REPRESENTATION ( #2489, #1483 ) ;
#2320 = PRODUCT_DEFINITION_FORMATION_WITH_SPECIFIED_SOURCE ( 'Symmetrisch', '', #900, .NOT_KNOWN. ) ;
#2321 = PRODUCT_DEFINITION_SHAPE ( 'NONE', 'NONE',  #3704 ) ;
#2322 = CARTESIAN_POINT ( 'NONE',  ( -253.2016768115206276, -220.7728065296564637, 88.06058264956065784 ) ) ;
#2323 = DATE_TIME_ROLE ( 'creation_date' ) ;
#2324 =( NAMED_UNIT ( * ) PLANE_ANGLE_UNIT ( ) SI_UNIT ( $, .RADIAN. ) );
#2325 = ORGANIZATION ( 'NAUO-ORG13', 'UNSPECIFIED', 'UNSPECIFIED' ) ;
#2326 = PERSON_AND_ORGANIZATION ( #18446744073709551615, #18446744073709551615 ) ;
#2327 = APPLICATION_CONTEXT ( 'configuration controlled 3d designs of mechanical parts and assemblies' ) ;
#2328 = SHAPE_DEFINITION_REPRESENTATION ( #1660, #2864 ) ;
#2329 = SECURITY_CLASSIFICATION ( '', '', #2856 ) ;
#2330 = PERSON_AND_ORGANIZATION_ROLE ( 'classification_officer' ) ;
#2331 = CARTESIAN_POINT ( 'NONE',  ( -70.02908425711865448, -166.0907806559812343, 1.734723475976807094E-15 ) ) ;
#2332 = COORDINATED_UNIVERSAL_TIME_OFFSET ( 1, 0, .AHEAD. ) ;
#2333 = PERSON_AND_ORGANIZATION ( #18446744073709551615, #18446744073709551615 ) ;
#2334 = CC_DESIGN_APPROVAL ( #937, ( #49 ) ) ;
#2335 = APPROVAL_PERSON_ORGANIZATION ( #890, #1560, #2401 ) ;
#2336 = LOCAL_TIME ( 19, 36, 27.00000000000000000, #572 ) ;
#2337 = CARTESIAN_POINT ( 'NONE',  ( 0.000000000000000000, 0.000000000000000000, 0.000000000000000000 ) ) ;
#2338 = COORDINATED_UNIVERSAL_TIME_OFFSET ( 1, 0, .AHEAD. ) ;
#2339 = DATE_AND_TIME ( #623, #2644 ) ;
#2340 = APPROVAL ( #768, 'Deckungsgleich' ) ;
#2341 = PRODUCT_DEFINITION_SHAPE ( 'NONE', 'NONE',  #744 ) ;
#2342 = PERSON ( 'NAUO-PER5', 'UNSPECIFIED', 'UNSPECIFIED', ('UNSPECIFIED'), ('UNSPECIFIED'), ('UNSPECIFIED') ) ;
#2343 = APPROVAL_STATUS ( 'not_yet_approved' ) ;
#2344 = APPROVAL_DATE_TIME ( #652, #2099 ) ;
#2345 = AXIS2_PLACEMENT_3D ( 'NONE', #3499, #2429, #433 ) ;
#2346 = CC_DESIGN_PERSON_AND_ORGANIZATION_ASSIGNMENT ( #2464, #220, ( #2971 ) ) ;
#2347 = PERSON_AND_ORGANIZATION_ROLE ( 'classification_officer' ) ;
#2348 = LOCAL_TIME ( 19, 36, 27.00000000000000000, #1151 ) ;
#2349 = SHAPE_DEFINITION_REPRESENTATION ( #1740, #3248 ) ;
#2350 = DOCUMENT_FILE ( 'Speaker Cover Right REF2007.STEP' , '', '', #1228, '' ,$ ) ;
#2351 = SHAPE_DEFINITION_REPRESENTATION ( #326, #2117 ) ;
#2352 = APPLIED_DOCUMENT_REFERENCE ( #2557,'',( #2906) ) ;
#2353 = PERSON_AND_ORGANIZATION ( #18446744073709551615, #18446744073709551615 ) ;
#2354 = PROPERTY_DEFINITION ('document property','', #3578 ) ;
#2355 =( NAMED_UNIT ( * ) SI_UNIT ( $, .STERADIAN. ) SOLID_ANGLE_UNIT ( ) );
#2356 = CC_DESIGN_SECURITY_CLASSIFICATION ( #3497, ( #3700 ) ) ;
#2357 = COORDINATED_UNIVERSAL_TIME_OFFSET ( 1, 0, .AHEAD. ) ;
#2358 = UNCERTAINTY_MEASURE_WITH_UNIT (LENGTH_MEASURE( 1.000000000000000082E-05 ), #731, 'distance_accuracy_value', 'NONE');
#2359 = DOCUMENT_FILE ( 'Travel Case Latch Left REF2022.STEP' , '', '', #394, '' ,$ ) ;
#2360 = CC_DESIGN_PERSON_AND_ORGANIZATION_ASSIGNMENT ( #2042, #398, ( #476 ) ) ;
#2361 = CC_DESIGN_APPROVAL ( #187, ( #1048 ) ) ;
#2362 = CALENDAR_DATE ( 2026, 4, 4 ) ;
#2363 = APPROVAL_STATUS ( 'not_yet_approved' ) ;
#2364 = OBJECT_ROLE ('mandatory',$ ) ;
#2365 = PERSON_AND_ORGANIZATION_ROLE ( 'design_supplier' ) ;
#2366 =( NAMED_UNIT ( * ) PLANE_ANGLE_UNIT ( ) SI_UNIT ( $, .RADIAN. ) );
#2367 = CC_DESIGN_PERSON_AND_ORGANIZATION_ASSIGNMENT ( #3637, #2616, ( #1818 ) ) ;
#2368 = CALENDAR_DATE ( 2026, 4, 4 ) ;
#2369 = DATE_AND_TIME ( #3514, #3194 ) ;
#2370 = COORDINATED_UNIVERSAL_TIME_OFFSET ( 1, 0, .AHEAD. ) ;
#2371 = APPROVAL_ROLE ( '' ) ;
#2372 = APPROVAL ( #1843, 'Deckungsgleich' ) ;
#2373 = CALENDAR_DATE ( 2026, 4, 4 ) ;
#2374 = PRODUCT_RELATED_PRODUCT_CATEGORY ( 'detail', '', ( #2999 ) ) ;
#2375 = AXIS2_PLACEMENT_3D ( 'NONE', #2304, #330, #2725 ) ;
#2376 = APPROVAL_ROLE ( '' ) ;
#2377 = APPROVAL_STATUS ( 'not_yet_approved' ) ;
#2378 = PRODUCT_RELATED_PRODUCT_CATEGORY ( 'detail', '', ( #2684 ) ) ;
#2379 = ROLE_ASSOCIATION ( #1459, #645 ) ;
#2380 = COORDINATED_UNIVERSAL_TIME_OFFSET ( 1, 0, .AHEAD. ) ;
#2381 = APPLICATION_CONTEXT ( 'configuration controlled 3d designs of mechanical parts and assemblies' ) ;
#2382 = DATE_AND_TIME ( #719, #821 ) ;
#2383 = PERSON_AND_ORGANIZATION_ROLE ( 'classification_officer' ) ;
#2384 = CARTESIAN_POINT ( 'NONE',  ( 0.000000000000000000, 0.000000000000000000, 0.000000000000000000 ) ) ;
#2385 = CC_DESIGN_DATE_AND_TIME_ASSIGNMENT ( #1521, #3542, ( #2605 ) ) ;
#2386 = SHAPE_REPRESENTATION ( 'PS2 Main Housing Bot REF2001', ( #2375 ), #2397 ) ;
#2387 = CC_DESIGN_PERSON_AND_ORGANIZATION_ASSIGNMENT ( #1302, #2457, ( #1493 ) ) ;
#2388 = IDENTIFICATION_ROLE ( 'external document id and location', $) ;
#2389 = PRODUCT_DEFINITION_SHAPE ( 'NONE', 'NONE',  #3703 ) ;
#2390 = COORDINATED_UNIVERSAL_TIME_OFFSET ( 1, 0, .AHEAD. ) ;
#2391 = LOCAL_TIME ( 19, 36, 27.00000000000000000, #1557 ) ;
#2392 = APPLICATION_PROTOCOL_DEFINITION ( 'international standard', 'config_control_design', 1994, #1683 ) ;
#2393 = DIRECTION ( 'NONE',  ( 4.314083075427408311E-32, -2.465190328815661892E-32, -1.000000000000000000 ) ) ;
#2394 = DATE_AND_TIME ( #884, #3592 ) ;
#2395 = SECURITY_CLASSIFICATION_LEVEL ( 'unclassified' ) ;
#2396 = CALENDAR_DATE ( 2026, 4, 4 ) ;
#2397 =( GEOMETRIC_REPRESENTATION_CONTEXT ( 3 ) GLOBAL_UNCERTAINTY_ASSIGNED_CONTEXT ( ( #2436 ) ) GLOBAL_UNIT_ASSIGNED_CONTEXT ( ( #1290, #1547, #148 ) ) REPRESENTATION_CONTEXT ( 'NONE', 'WORKASPACE' ) );
#2398 = DATE_AND_TIME ( #1250, #2414 ) ;
#2399 = DESIGN_CONTEXT ( 'detailed design', #1928, 'design' ) ;
#2400 = LOCAL_TIME ( 19, 36, 27.00000000000000000, #2642 ) ;
#2401 = APPROVAL_ROLE ( '' ) ;
#2402 = CC_DESIGN_APPROVAL ( #2665, ( #724 ) ) ;
#2403 = CC_DESIGN_APPROVAL ( #1505, ( #182 ) ) ;
#2404 = PERSON_AND_ORGANIZATION_ROLE ( 'creator' ) ;
#2405 =( LENGTH_UNIT ( ) NAMED_UNIT ( * ) SI_UNIT ( .MILLI., .METRE. ) );
#2406 = EXTERNAL_SOURCE (IDENTIFIER('') ) ;
#2407 = PRODUCT_DEFINITION_SHAPE ( 'NONE', 'NONE',  #2881 ) ;
#2408 = APPROVAL_DATE_TIME ( #1272, #646 ) ;
#2409 = APPROVAL ( #3613, 'UNKNOWN' ) ;
#2410 = PERSON ( 'NAUO-PER25', 'UNSPECIFIED', 'UNSPECIFIED', ('UNSPECIFIED'), ('UNSPECIFIED'), ('UNSPECIFIED') ) ;
#2411 = DIRECTION ( 'NONE',  ( 0.000000000000000000, 0.000000000000000000, 1.000000000000000000 ) ) ;
#2412 = SECURITY_CLASSIFICATION_LEVEL ( 'unclassified' ) ;
#2413 = APPROVAL_STATUS ( 'not_yet_approved' ) ;
#2414 = LOCAL_TIME ( 19, 36, 27.00000000000000000, #2085 ) ;
#2415 = CC_DESIGN_PERSON_AND_ORGANIZATION_ASSIGNMENT ( #2735, #1637, ( #2236 ) ) ;
#2416 = APPROVAL_PERSON_ORGANIZATION ( #918, #647, #3183 ) ;
#2417 = DATE_TIME_ROLE ( 'classification_date' ) ;
#2418 = CALENDAR_DATE ( 2026, 4, 4 ) ;
#2419 = PROPERTY_DEFINITION ('external definition','', #2151 ) ;
#2420 = ROLE_ASSOCIATION ( #270, #164 ) ;
#2421 = APPROVAL_DATE_TIME ( #1269, #3224 ) ;
#2422 = CARTESIAN_POINT ( 'NONE',  ( 0.000000000000000000, 0.000000000000000000, 0.000000000000000000 ) ) ;
#2423 = LOCAL_TIME ( 19, 36, 27.00000000000000000, #3655 ) ;
#2424 = AXIS2_PLACEMENT_3D ( 'NONE', #1042, #1583, #3277 ) ;
#2425 = APPROVAL_PERSON_ORGANIZATION ( #3480, #761, #3246 ) ;
#2426 = DATE_AND_TIME ( #396, #2767 ) ;
#2427 = COORDINATED_UNIVERSAL_TIME_OFFSET ( 1, 0, .AHEAD. ) ;
#2428 = APPROVAL_ROLE ( '' ) ;
#2429 = DIRECTION ( 'NONE',  ( 0.7071067811865497932, -5.551115123125782702E-17, -0.7071067811865453523 ) ) ;
#2430 = SHAPE_DEFINITION_REPRESENTATION ( #669, #203 ) ;
#2431 = APPROVAL_ROLE ( '' ) ;
#2432 = APPROVAL_ROLE ( '' ) ;
#2433 = CC_DESIGN_DATE_AND_TIME_ASSIGNMENT ( #2194, #171, ( #1825 ) ) ;
#2434 = APPLICATION_CONTEXT ( 'configuration controlled 3d designs of mechanical parts and assemblies' ) ;
#2435 = COORDINATED_UNIVERSAL_TIME_OFFSET ( 1, 0, .AHEAD. ) ;
#2436 = UNCERTAINTY_MEASURE_WITH_UNIT (LENGTH_MEASURE( 1.000000000000000082E-05 ), #1290, 'distance_accuracy_value', 'NONE');
#2437 = SECURITY_CLASSIFICATION_LEVEL ( 'unclassified' ) ;
#2438 = DOCUMENT_TYPE ( 'geometry' ) ;
#2439 = PRODUCT ( 'L2 Button REF2011', 'L2 Button REF2011', '', ( #2908 ) ) ;
#2440 = CALENDAR_DATE ( 2026, 4, 4 ) ;
#2441 = COORDINATED_UNIVERSAL_TIME_OFFSET ( 1, 0, .AHEAD. ) ;
#2442 = AXIS2_PLACEMENT_3D ( 'NONE', #2255, #1994, #266 ) ;
#2443 = DIRECTION ( 'NONE',  ( 1.000000000000000000, 0.000000000000000000, 0.000000000000000000 ) ) ;
#2444 = PERSON_AND_ORGANIZATION ( #18446744073709551615, #18446744073709551615 ) ;
#2445 = COORDINATED_UNIVERSAL_TIME_OFFSET ( 1, 0, .AHEAD. ) ;
#2446 = LOCAL_TIME ( 19, 36, 27.00000000000000000, #2226 ) ;
#2447 = CC_DESIGN_SECURITY_CLASSIFICATION ( #3093, ( #1719 ) ) ;
#2448 = PERSON_AND_ORGANIZATION_ROLE ( 'classification_officer' ) ;
#2449 = DIRECTION ( 'NONE',  ( 0.000000000000000000, 0.000000000000000000, -1.000000000000000000 ) ) ;
#2450 = CC_DESIGN_APPROVAL ( #3083, ( #1605 ) ) ;
#2451 = CALENDAR_DATE ( 2026, 4, 4 ) ;
#2452 = APPROVAL_STATUS ( 'not_yet_approved' ) ;
#2453 = CALENDAR_DATE ( 2026, 4, 4 ) ;
#2454 = PROPERTY_DEFINITION ('document property','', #155 ) ;
#2455 = SECURITY_CLASSIFICATION ( '', '', #26 ) ;
#2456 = DIRECTION ( 'NONE',  ( 0.000000000000000000, 0.000000000000000000, 1.000000000000000000 ) ) ;
#2457 = PERSON_AND_ORGANIZATION_ROLE ( 'design_owner' ) ;
#2458 = PERSON_AND_ORGANIZATION ( #18446744073709551615, #18446744073709551615 ) ;
#2459 = IDENTIFICATION_ROLE ( 'external document id and location', $) ;
#2460 = PERSON_AND_ORGANIZATION_ROLE ( 'classification_officer' ) ;
#2461 = APPROVAL ( #2145, 'UNKNOWN' ) ;
#2462 = SECURITY_CLASSIFICATION ( '', '', #1662 ) ;
#2463 = PERSON_AND_ORGANIZATION_ROLE ( 'classification_officer' ) ;
#2464 = PERSON_AND_ORGANIZATION ( #18446744073709551615, #18446744073709551615 ) ;
#2465 = APPLIED_EXTERNAL_IDENTIFICATION_ASSIGNMENT ( 'uSD2PSX Frame REF2017.STEP' , #1334, #1070,( #2974) ) ;
#2466 = EXTERNAL_SOURCE (IDENTIFIER('') ) ;
#2467 = CC_DESIGN_PERSON_AND_ORGANIZATION_ASSIGNMENT ( #2991, #1895, ( #3003 ) ) ;
#2468 = CC_DESIGN_APPROVAL ( #1879, ( #1319 ) ) ;
#2469 = SECURITY_CLASSIFICATION ( '', '', #1242 ) ;
#2470 = LOCAL_TIME ( 19, 36, 27.00000000000000000, #1603 ) ;
#2471 = APPROVAL_STATUS ( 'not_yet_approved' ) ;
#2472 = CC_DESIGN_DATE_AND_TIME_ASSIGNMENT ( #1969, #246, ( #1291 ) ) ;
#2473 = APPLIED_DOCUMENT_REFERENCE ( #448,'',( #476) ) ;
#2474 = DOCUMENT_FILE ( 'Travel Case Bot REF2021.STEP' , '', '', #2658, '' ,$ ) ;
#2475 = CARTESIAN_POINT ( 'NONE',  ( -103.4681349312906207, 4.092854335091413276, 66.18217914057912310 ) ) ;
#2476 = PERSON_AND_ORGANIZATION_ROLE ( 'classification_officer' ) ;
#2477 = AXIS2_PLACEMENT_3D ( 'NONE', #2638, #3144, #2962 ) ;
#2478 = SHAPE_DEFINITION_REPRESENTATION ( #868, #294 ) ;
#2479 =( GEOMETRIC_REPRESENTATION_CONTEXT ( 3 ) GLOBAL_UNCERTAINTY_ASSIGNED_CONTEXT ( ( #3566 ) ) GLOBAL_UNIT_ASSIGNED_CONTEXT ( ( #1748, #2925, #1766 ) ) REPRESENTATION_CONTEXT ( 'NONE', 'WORKASPACE' ) );
#2480 = COORDINATED_UNIVERSAL_TIME_OFFSET ( 1, 0, .AHEAD. ) ;
#2481 = DATE_AND_TIME ( #2740, #2931 ) ;
#2482 = UNCERTAINTY_MEASURE_WITH_UNIT (LENGTH_MEASURE( 1.000000000000000082E-05 ), #119, 'distance_accuracy_value', 'NONE');
#2483 = CC_DESIGN_APPROVAL ( #1115, ( #3680 ) ) ;
#2484 = CC_DESIGN_APPROVAL ( #871, ( #376 ) ) ;
#2485 = DATE_AND_TIME ( #2788, #580 ) ;
#2486 = CC_DESIGN_APPROVAL ( #1213, ( #3107 ) ) ;
#2487 = APPROVAL ( #1478, 'UNKNOWN' ) ;
#2488 = CC_DESIGN_PERSON_AND_ORGANIZATION_ASSIGNMENT ( #419, #1556, ( #67 ) ) ;
#2489 = PROPERTY_DEFINITION ('document property','', #2359 ) ;
#2490 = PERSON_AND_ORGANIZATION ( #18446744073709551615, #18446744073709551615 ) ;
#2491 = CALENDAR_DATE ( 2026, 4, 4 ) ;
#2492 =( GEOMETRIC_REPRESENTATION_CONTEXT ( 3 ) GLOBAL_UNCERTAINTY_ASSIGNED_CONTEXT ( ( #3339 ) ) GLOBAL_UNIT_ASSIGNED_CONTEXT ( ( #1447, #289, #1492 ) ) REPRESENTATION_CONTEXT ( 'NONE', 'WORKASPACE' ) );
#2493 = APPROVAL_PERSON_ORGANIZATION ( #1299, #2540, #766 ) ;
#2494 = APPROVAL_ROLE ( '' ) ;
#2495 = CARTESIAN_POINT ( 'NONE',  ( -487.6857741647490911, 109.7662626844547162, 25.14105318194211591 ) ) ;
#2496 = DATE_AND_TIME ( #451, #605 ) ;
#2497 = EXTERNAL_SOURCE (IDENTIFIER('') ) ;
#2498 = CC_DESIGN_PERSON_AND_ORGANIZATION_ASSIGNMENT ( #1105, #2233, ( #1932 ) ) ;
#2499 = MECHANICAL_CONTEXT ( 'NONE', #1060, 'mechanical' ) ;
#2500 = SHAPE_REPRESENTATION ( 'Backside Vent Cover REF2014', ( #1792 ), #1661 ) ;
#2501 = CC_DESIGN_PERSON_AND_ORGANIZATION_ASSIGNMENT ( #2326, #3458, ( #3318 ) ) ;
#2502 = DATE_AND_TIME ( #457, #301 ) ;
#2503 = MECHANICAL_CONTEXT ( 'NONE', #1171, 'mechanical' ) ;
#2504 = APPROVAL_DATE_TIME ( #791, #751 ) ;
#2505 = CALENDAR_DATE ( 2026, 4, 4 ) ;
#2506 =( NAMED_UNIT ( * ) PLANE_ANGLE_UNIT ( ) SI_UNIT ( $, .RADIAN. ) );
#2507 = CC_DESIGN_DATE_AND_TIME_ASSIGNMENT ( #1696, #3114, ( #1275 ) ) ;
#2508 = CC_DESIGN_PERSON_AND_ORGANIZATION_ASSIGNMENT ( #2028, #320, ( #1719 ) ) ;
#2509 = SECURITY_CLASSIFICATION_LEVEL ( 'unclassified' ) ;
#2510 = APPROVAL_ROLE ( '' ) ;
#2511 = APPLIED_DOCUMENT_REFERENCE ( #495,'',( #1053) ) ;
#2512 = APPROVAL_ROLE ( '' ) ;
#2513 = CC_DESIGN_SECURITY_CLASSIFICATION ( #1957, ( #1535 ) ) ;
#2514 = PRODUCT_DEFINITION_FORMATION_WITH_SPECIFIED_SOURCE ( 'Symmetrisch', '', #1493, .NOT_KNOWN. ) ;
#2515 = SHAPE_REPRESENTATION ( 'Travel Case Top REF2020', ( #2442 ), #1463 ) ;
#2516 = IDENTIFICATION_ROLE ( 'external document id and location', $) ;
#2517 = DATE_AND_TIME ( #1695, #405 ) ;
#2518 = PERSON_AND_ORGANIZATION ( #18446744073709551615, #18446744073709551615 ) ;
#2519 = UNCERTAINTY_MEASURE_WITH_UNIT (LENGTH_MEASURE( 1.000000000000000082E-05 ), #2068, 'distance_accuracy_value', 'NONE');
#2520 = APPROVAL_PERSON_ORGANIZATION ( #1684, #1096, #3119 ) ;
#2521 = PROPERTY_DEFINITION ('external definition','', #2359 ) ;
#2522 = PERSON_AND_ORGANIZATION ( #18446744073709551615, #18446744073709551615 ) ;
#2523 = COORDINATED_UNIVERSAL_TIME_OFFSET ( 1, 0, .AHEAD. ) ;
#2524 = SECURITY_CLASSIFICATION ( '', '', #2610 ) ;
#2525 = COORDINATED_UNIVERSAL_TIME_OFFSET ( 1, 0, .AHEAD. ) ;
#2526 =( NAMED_UNIT ( * ) SI_UNIT ( $, .STERADIAN. ) SOLID_ANGLE_UNIT ( ) );
#2527 = CC_DESIGN_SECURITY_CLASSIFICATION ( #2704, ( #3718 ) ) ;
#2528 = SECURITY_CLASSIFICATION ( '', '', #2657 ) ;
#2529 = APPLIED_DOCUMENT_REFERENCE ( #3598,'',( #366) ) ;
#2530 = DATE_AND_TIME ( #243, #3067 ) ;
#2531 = CC_DESIGN_PERSON_AND_ORGANIZATION_ASSIGNMENT ( #3100, #1682, ( #1199 ) ) ;
#2532 = MECHANICAL_CONTEXT ( 'NONE', #798, 'mechanical' ) ;
#2533 = CC_DESIGN_DATE_AND_TIME_ASSIGNMENT ( #285, #2020, ( #1475 ) ) ;
#2534 = DATE_AND_TIME ( #2171, #3452 ) ;
#2535 = APPLICATION_CONTEXT ( 'configuration controlled 3d designs of mechanical parts and assemblies' ) ;
#2536 = PERSON ( 'NAUO-PER2', 'UNSPECIFIED', 'UNSPECIFIED', ('UNSPECIFIED'), ('UNSPECIFIED'), ('UNSPECIFIED') ) ;
#2537 = CALENDAR_DATE ( 2026, 4, 4 ) ;
#2538 = CALENDAR_DATE ( 2026, 4, 4 ) ;
#2539 = DATE_AND_TIME ( #2875, #498 ) ;
#2540 = APPROVAL ( #3061, 'Deckungsgleich' ) ;
#2541 = LOCAL_TIME ( 19, 36, 27.00000000000000000, #1945 ) ;
#2542 = PERSON_AND_ORGANIZATION ( #18446744073709551615, #18446744073709551615 ) ;
#2543 = DOCUMENT_FILE ( 'L2 Button REF2011.STEP' , '', '', #2174, '' ,$ ) ;
#2544 = CALENDAR_DATE ( 2026, 4, 4 ) ;
#2545 =( LENGTH_UNIT ( ) NAMED_UNIT ( * ) SI_UNIT ( .MILLI., .METRE. ) );
#2546 = AXIS2_PLACEMENT_3D ( 'NONE', #3333, #3271, #3538 ) ;
#2547 = CC_DESIGN_PERSON_AND_ORGANIZATION_ASSIGNMENT ( #2444, #3530, ( #3607 ) ) ;
#2548 = PERSON_AND_ORGANIZATION ( #18446744073709551615, #18446744073709551615 ) ;
#2549 = COORDINATED_UNIVERSAL_TIME_OFFSET ( 1, 0, .AHEAD. ) ;
#2550 = PROPERTY_DEFINITION ('external definition','', #3598 ) ;
#2551 = CC_DESIGN_APPROVAL ( #2540, ( #2236 ) ) ;
#2552 = COORDINATED_UNIVERSAL_TIME_OFFSET ( 1, 0, .AHEAD. ) ;
#2553 = DATE_AND_TIME ( #2278, #1018 ) ;
#2554 = LOCAL_TIME ( 19, 36, 27.00000000000000000, #381 ) ;
#2555 = CC_DESIGN_PERSON_AND_ORGANIZATION_ASSIGNMENT ( #1328, #3628, ( #2787 ) ) ;
#2556 = DATE_AND_TIME ( #518, #1814 ) ;
#2557 = DOCUMENT_FILE ( 'Button Cover Right REF2003.STEP' , '', '', #2438, '' ,$ ) ;
#2558 = COORDINATED_UNIVERSAL_TIME_OFFSET ( 1, 0, .AHEAD. ) ;
#2559 = APPLICATION_PROTOCOL_DEFINITION ( 'international standard', 'config_control_design', 1994, #650 ) ;
#2560 = DIRECTION ( 'NONE',  ( 0.000000000000000000, 0.000000000000000000, 1.000000000000000000 ) ) ;
#2561 = IDENTIFICATION_ROLE ( 'external document id and location', $) ;
#2562 = EXTERNAL_SOURCE (IDENTIFIER('') ) ;
#2563 = OBJECT_ROLE ('mandatory',$ ) ;
#2564 = PERSON_AND_ORGANIZATION ( #18446744073709551615, #18446744073709551615 ) ;
#2565 = APPROVAL_DATE_TIME ( #1692, #2810 ) ;
#2566 = PROPERTY_DEFINITION_REPRESENTATION ( #3685, #3270 ) ;
#2567 = DATE_AND_TIME ( #2537, #3475 ) ;
#2568 = APPROVAL_STATUS ( 'not_yet_approved' ) ;
#2569 = COORDINATED_UNIVERSAL_TIME_OFFSET ( 1, 0, .AHEAD. ) ;
#2570 = PRODUCT_DEFINITION ( 'Allgemein', '', #1535, #3032 ) ;
#2571 = ORGANIZATION ( 'NAUO-ORG6', 'UNSPECIFIED', 'UNSPECIFIED' ) ;
#2572 = DATE_TIME_ROLE ( 'classification_date' ) ;
#2573 = CC_DESIGN_PERSON_AND_ORGANIZATION_ASSIGNMENT ( #1901, #3041, ( #2469 ) ) ;
#2574 = PERSON_AND_ORGANIZATION_ROLE ( 'classification_officer' ) ;
#2575 = DIRECTION ( 'NONE',  ( 1.000000000000000000, 0.000000000000000000, 0.000000000000000000 ) ) ;
#2576 = COORDINATED_UNIVERSAL_TIME_OFFSET ( 1, 0, .AHEAD. ) ;
#2577 = CARTESIAN_POINT ( 'NONE',  ( 0.000000000000000000, 0.000000000000000000, 0.000000000000000000 ) ) ;
#2578 = APPLICATION_CONTEXT ( 'configuration controlled 3d designs of mechanical parts and assemblies' ) ;
#2579 = PRODUCT_RELATED_PRODUCT_CATEGORY ( 'detail', '', ( #160 ) ) ;
#2580 = APPLIED_DOCUMENT_REFERENCE ( #1418,'',( #2295) ) ;
#2581 = APPROVAL_ROLE ( '' ) ;
#2582 = ORGANIZATION ( 'NAUO-ORG20', 'UNSPECIFIED', 'UNSPECIFIED' ) ;
#2583 = CALENDAR_DATE ( 2026, 4, 4 ) ;
#2584 = DOCUMENT_TYPE ( 'geometry' ) ;
#2585 = CALENDAR_DATE ( 2026, 4, 4 ) ;
#2586 = LOCAL_TIME ( 19, 36, 27.00000000000000000, #2284 ) ;
#2587 = CC_DESIGN_PERSON_AND_ORGANIZATION_ASSIGNMENT ( #566, #548, ( #2884 ) ) ;
#2588 = DIRECTION ( 'NONE',  ( 0.000000000000000000, 0.000000000000000000, 1.000000000000000000 ) ) ;
#2589 = PERSON_AND_ORGANIZATION ( #18446744073709551615, #18446744073709551615 ) ;
#2590 = LOCAL_TIME ( 19, 36, 27.00000000000000000, #1390 ) ;
#2591 = SECURITY_CLASSIFICATION_LEVEL ( 'unclassified' ) ;
#2592 = APPROVAL_DATE_TIME ( #302, #1075 ) ;
#2593 = PERSON ( 'NAUO-PER20', 'UNSPECIFIED', 'UNSPECIFIED', ('UNSPECIFIED'), ('UNSPECIFIED'), ('UNSPECIFIED') ) ;
#2594 = APPROVAL_ROLE ( '' ) ;
#2595 = SECURITY_CLASSIFICATION_LEVEL ( 'unclassified' ) ;
#2596 = COORDINATED_UNIVERSAL_TIME_OFFSET ( 1, 0, .AHEAD. ) ;
#2597 = CC_DESIGN_PERSON_AND_ORGANIZATION_ASSIGNMENT ( #2695, #2121, ( #506 ) ) ;
#2598 =( NAMED_UNIT ( * ) SI_UNIT ( $, .STERADIAN. ) SOLID_ANGLE_UNIT ( ) );
#2599 = LOCAL_TIME ( 19, 36, 27.00000000000000000, #1659 ) ;
#2600 = CC_DESIGN_PERSON_AND_ORGANIZATION_ASSIGNMENT ( #3170, #2082, ( #2320 ) ) ;
#2601 = LOCAL_TIME ( 19, 36, 27.00000000000000000, #3060 ) ;
#2602 = SECURITY_CLASSIFICATION_LEVEL ( 'unclassified' ) ;
#2603 = PROPERTY_DEFINITION ('external definition','', #2557 ) ;
#2604 = PERSON_AND_ORGANIZATION ( #18446744073709551615, #18446744073709551615 ) ;
#2605 = SECURITY_CLASSIFICATION ( '', '', #621 ) ;
#2606 = APPLICATION_CONTEXT ( 'configuration controlled 3d designs of mechanical parts and assemblies' ) ;
#2607 = PERSON_AND_ORGANIZATION_ROLE ( 'design_owner' ) ;
#2608 = CC_DESIGN_PERSON_AND_ORGANIZATION_ASSIGNMENT ( #765, #3315, ( #1559 ) ) ;
#2609 =( LENGTH_UNIT ( ) NAMED_UNIT ( * ) SI_UNIT ( .MILLI., .METRE. ) );
#2610 = SECURITY_CLASSIFICATION_LEVEL ( 'unclassified' ) ;
#2611 = CALENDAR_DATE ( 2026, 4, 4 ) ;
#2612 = CC_DESIGN_APPROVAL ( #1745, ( #2906 ) ) ;
#2613 = LOCAL_TIME ( 19, 36, 27.00000000000000000, #1007 ) ;
#2614 = APPROVAL_STATUS ( 'not_yet_approved' ) ;
#2615 = CALENDAR_DATE ( 2026, 4, 4 ) ;
#2616 = PERSON_AND_ORGANIZATION_ROLE ( 'creator' ) ;
#2617 = PERSON_AND_ORGANIZATION_ROLE ( 'creator' ) ;
#2618 = PERSON_AND_ORGANIZATION_ROLE ( 'classification_officer' ) ;
#2619 = PRODUCT_DEFINITION_SHAPE ( 'NONE', 'NONE',  #1818 ) ;
#2620 = CC_DESIGN_PERSON_AND_ORGANIZATION_ASSIGNMENT ( #3492, #874, ( #1053 ) ) ;
#2621 = DATE_AND_TIME ( #659, #1270 ) ;
#2622 = SECURITY_CLASSIFICATION_LEVEL ( 'unclassified' ) ;
#2623 = PRODUCT_DEFINITION ( 'Allgemein', '', #2155, #1378 ) ;
#2624 =( NAMED_UNIT ( * ) SI_UNIT ( $, .STERADIAN. ) SOLID_ANGLE_UNIT ( ) );
#2625 = DATE_AND_TIME ( #2926, #3465 ) ;
#2626 = COORDINATED_UNIVERSAL_TIME_OFFSET ( 1, 0, .AHEAD. ) ;
#2627 =( NAMED_UNIT ( * ) PLANE_ANGLE_UNIT ( ) SI_UNIT ( $, .RADIAN. ) );
#2628 = COORDINATED_UNIVERSAL_TIME_OFFSET ( 1, 0, .AHEAD. ) ;
#2629 = APPROVAL_PERSON_ORGANIZATION ( #696, #1698, #2051 ) ;
#2630 = DATE_TIME_ROLE ( 'classification_date' ) ;
#2631 = CC_DESIGN_PERSON_AND_ORGANIZATION_ASSIGNMENT ( #485, #1004, ( #196 ) ) ;
#2632 = CC_DESIGN_APPROVAL ( #3048, ( #2881 ) ) ;
#2633 = PRODUCT_DEFINITION_SHAPE ( 'NONE', 'NONE',  #3708 ) ;
#2634 = DATE_AND_TIME ( #2615, #1003 ) ;
#2635 = LOCAL_TIME ( 19, 36, 27.00000000000000000, #341 ) ;
#2636 = PERSON_AND_ORGANIZATION ( #18446744073709551615, #18446744073709551615 ) ;
#2637 = PERSON_AND_ORGANIZATION ( #18446744073709551615, #18446744073709551615 ) ;
#2638 = CARTESIAN_POINT ( 'NONE',  ( 0.000000000000000000, 0.000000000000000000, 0.000000000000000000 ) ) ;
#2639 = APPROVAL_PERSON_ORGANIZATION ( #1464, #3463, #2001 ) ;
#2640 = COORDINATED_UNIVERSAL_TIME_OFFSET ( 1, 0, .AHEAD. ) ;
#2641 = CALENDAR_DATE ( 2026, 4, 4 ) ;
#2642 = COORDINATED_UNIVERSAL_TIME_OFFSET ( 1, 0, .AHEAD. ) ;
#2643 = CC_DESIGN_DATE_AND_TIME_ASSIGNMENT ( #2846, #1959, ( #1986 ) ) ;
#2644 = LOCAL_TIME ( 19, 36, 27.00000000000000000, #24 ) ;
#2645 = PERSON_AND_ORGANIZATION ( #18446744073709551615, #18446744073709551615 ) ;
#2646 = PERSON_AND_ORGANIZATION ( #18446744073709551615, #18446744073709551615 ) ;
#2647 = COORDINATED_UNIVERSAL_TIME_OFFSET ( 1, 0, .AHEAD. ) ;
#2648 = PERSON_AND_ORGANIZATION_ROLE ( 'creator' ) ;
#2649 = CC_DESIGN_SECURITY_CLASSIFICATION ( #724, ( #288 ) ) ;
#2650 = SECURITY_CLASSIFICATION ( '', '', #2122 ) ;
#2651 = CC_DESIGN_SECURITY_CLASSIFICATION ( #1803, ( #3418 ) ) ;
#2652 = COORDINATED_UNIVERSAL_TIME_OFFSET ( 1, 0, .AHEAD. ) ;
#2653 = PERSON_AND_ORGANIZATION ( #214, #1008 ) ;
#2654 = PRODUCT ( 'Heatsink Tapping Tool', 'Heatsink Tapping Tool', '', ( #1217 ) ) ;
#2655 = EXTERNAL_SOURCE (IDENTIFIER('') ) ;
#2656 = PERSON_AND_ORGANIZATION ( #18446744073709551615, #18446744073709551615 ) ;
#2657 = SECURITY_CLASSIFICATION_LEVEL ( 'unclassified' ) ;
#2658 = DOCUMENT_TYPE ( 'geometry' ) ;
#2659 = CC_DESIGN_DATE_AND_TIME_ASSIGNMENT ( #2307, #1435, ( #1044 ) ) ;
#2660 = PRODUCT_DEFINITION ( 'Allgemein', '', #3318, #2130 ) ;
#2661 = APPROVAL_ROLE ( '' ) ;
#2662 = APPROVAL_PERSON_ORGANIZATION ( #573, #1561, #2816 ) ;
#2663 = PERSON_AND_ORGANIZATION ( #18446744073709551615, #18446744073709551615 ) ;
#2664 = LOCAL_TIME ( 19, 36, 27.00000000000000000, #1121 ) ;
#2665 = APPROVAL ( #2471, 'Deckungsgleich' ) ;
#2666 = ORGANIZATION ( 'NAUO-ORG2', 'UNSPECIFIED', 'UNSPECIFIED' ) ;
#2667 = APPROVAL_STATUS ( 'not_yet_approved' ) ;
#2668 = COORDINATED_UNIVERSAL_TIME_OFFSET ( 1, 0, .AHEAD. ) ;
#2669 = APPROVAL_STATUS ( 'not_yet_approved' ) ;
#2670 = AXIS2_PLACEMENT_3D ( 'NONE', #2123, #3314, #2986 ) ;
#2671 = PERSON_AND_ORGANIZATION_ROLE ( 'creator' ) ;
#2672 = PRODUCT_RELATED_PRODUCT_CATEGORY ( 'detail', '', ( #700 ) ) ;
#2673 = DESIGN_CONTEXT ( 'detailed design', #2057, 'design' ) ;
#2674 = PROPERTY_DEFINITION_REPRESENTATION ( #2521, #1483 ) ;
#2675 = LOCAL_TIME ( 19, 36, 27.00000000000000000, #2549 ) ;
#2676 = PROPERTY_DEFINITION_REPRESENTATION ( #1779, #3297 ) ;
#2677 = PERSON_AND_ORGANIZATION ( #18446744073709551615, #18446744073709551615 ) ;
#2678 = COORDINATED_UNIVERSAL_TIME_OFFSET ( 1, 0, .AHEAD. ) ;
#2679 = APPROVAL_DATE_TIME ( #2797, #378 ) ;
#2680 = PERSON_AND_ORGANIZATION ( #18446744073709551615, #18446744073709551615 ) ;
#2681 = MECHANICAL_CONTEXT ( 'NONE', #1993, 'mechanical' ) ;
#2682 = PROPERTY_DEFINITION_REPRESENTATION ( #3254, #1733 ) ;
#2683 = DATE_AND_TIME ( #2373, #564 ) ;
#2684 = PRODUCT ( 'R2 Button REF2012', 'R2 Button REF2012', '', ( #989 ) ) ;
#2685 = DATE_AND_TIME ( #804, #3489 ) ;
#2686 = APPROVAL_ROLE ( '' ) ;
#2687 = COORDINATED_UNIVERSAL_TIME_OFFSET ( 1, 0, .AHEAD. ) ;
#2688 = PERSON_AND_ORGANIZATION ( #18446744073709551615, #18446744073709551615 ) ;
#2689 = CC_DESIGN_APPROVAL ( #633, ( #1310 ) ) ;
#2690 = CC_DESIGN_PERSON_AND_ORGANIZATION_ASSIGNMENT ( #1840, #104, ( #1130 ) ) ;
#2691 = CC_DESIGN_SECURITY_CLASSIFICATION ( #2524, ( #2320 ) ) ;
#2692 = PROPERTY_DEFINITION ('document property','', #495 ) ;
#2693 = APPLICATION_PROTOCOL_DEFINITION ( 'international standard', 'config_control_design', 1994, #2114 ) ;
#2694 = APPLIED_EXTERNAL_IDENTIFICATION_ASSIGNMENT ( 'Battery Compartment Right REF2005.STEP' , #2225, #698,( #1725) ) ;
#2695 = PERSON_AND_ORGANIZATION ( #2536, #2666 ) ;
#2696 = CC_DESIGN_PERSON_AND_ORGANIZATION_ASSIGNMENT ( #3396, #512, ( #2958 ) ) ;
#2697 = COORDINATED_UNIVERSAL_TIME_OFFSET ( 1, 0, .AHEAD. ) ;
#2698 = CARTESIAN_POINT ( 'NONE',  ( -68.32991918681408094, -165.1502045964164438, -1.199999999999999734 ) ) ;
#2699 = APPROVAL_ROLE ( '' ) ;
#2700 = CALENDAR_DATE ( 2026, 4, 4 ) ;
#2701 = APPROVAL_STATUS ( 'not_yet_approved' ) ;
#2702 = PERSON_AND_ORGANIZATION ( #18446744073709551615, #18446744073709551615 ) ;
#2703 = UNCERTAINTY_MEASURE_WITH_UNIT (LENGTH_MEASURE( 1.000000000000000082E-05 ), #653, 'distance_accuracy_value', 'NONE');
#2704 = SECURITY_CLASSIFICATION ( '', '', #1783 ) ;
#2705 = PROPERTY_DEFINITION_REPRESENTATION ( #3656, #2260 ) ;
#2706 = DOCUMENT_TYPE ( 'geometry' ) ;
#2707 = LOCAL_TIME ( 19, 36, 27.00000000000000000, #701 ) ;
#2708 = PERSON_AND_ORGANIZATION_ROLE ( 'design_owner' ) ;
#2709 = DIRECTION ( 'NONE',  ( 0.000000000000000000, 0.000000000000000000, 1.000000000000000000 ) ) ;
#2710 = PERSON ( 'NAUO-PER12', 'UNSPECIFIED', 'UNSPECIFIED', ('UNSPECIFIED'), ('UNSPECIFIED'), ('UNSPECIFIED') ) ;
#2711 = CC_DESIGN_DATE_AND_TIME_ASSIGNMENT ( #1206, #60, ( #654 ) ) ;
#2712 = PERSON_AND_ORGANIZATION_ROLE ( 'classification_officer' ) ;
#2713 = PERSON_AND_ORGANIZATION_ROLE ( 'creator' ) ;
#2714 = DIRECTION ( 'NONE',  ( 0.000000000000000000, 0.000000000000000000, 1.000000000000000000 ) ) ;
#2715 = PERSON_AND_ORGANIZATION ( #18446744073709551615, #18446744073709551615 ) ;
#2716 = SECURITY_CLASSIFICATION_LEVEL ( 'unclassified' ) ;
#2717 = PERSON_AND_ORGANIZATION ( #18446744073709551615, #18446744073709551615 ) ;
#2718 = LOCAL_TIME ( 19, 36, 27.00000000000000000, #2640 ) ;
#2719 = DIRECTION ( 'NONE',  ( 0.000000000000000000, 0.000000000000000000, 1.000000000000000000 ) ) ;
#2720 = PERSON_AND_ORGANIZATION_ROLE ( 'design_owner' ) ;
#2721 = APPROVAL_DATE_TIME ( #1674, #575 ) ;
#2722 = PRODUCT_DEFINITION_SHAPE ( 'NONE', 'NONE',  #3720 ) ;
#2723 = COORDINATED_UNIVERSAL_TIME_OFFSET ( 1, 0, .AHEAD. ) ;
#2724 = PERSON_AND_ORGANIZATION ( #18446744073709551615, #18446744073709551615 ) ;
#2725 = DIRECTION ( 'NONE',  ( 1.000000000000000000, 0.000000000000000000, 0.000000000000000000 ) ) ;
#2726 = LOCAL_TIME ( 19, 36, 27.00000000000000000, #2234 ) ;
#2727 = AXIS2_PLACEMENT_3D ( 'NONE', #3256, #1211, #1543 ) ;
#2728 = CC_DESIGN_SECURITY_CLASSIFICATION ( #506, ( #3699 ) ) ;
#2729 = DATE_AND_TIME ( #3551, #1128 ) ;
#2730 = APPROVAL_STATUS ( 'not_yet_approved' ) ;
#2731 = COORDINATED_UNIVERSAL_TIME_OFFSET ( 1, 0, .AHEAD. ) ;
#2732 = DIRECTION ( 'NONE',  ( 0.9755345439459625068, 8.631770582124231120E-17, 0.2198462043523674303 ) ) ;
#2733 = APPROVAL_STATUS ( 'not_yet_approved' ) ;
#2734 = APPLIED_DOCUMENT_REFERENCE ( #3578,'',( #3331) ) ;
#2735 = PERSON_AND_ORGANIZATION ( #18446744073709551615, #18446744073709551615 ) ;
#2736 = LOCAL_TIME ( 19, 36, 27.00000000000000000, #1267 ) ;
#2737 = APPROVAL ( #1461, 'Deckungsgleich' ) ;
#2738 =( NAMED_UNIT ( * ) PLANE_ANGLE_UNIT ( ) SI_UNIT ( $, .RADIAN. ) );
#2739 = APPLICATION_PROTOCOL_DEFINITION ( 'international standard', 'config_control_design', 1994, #1454 ) ;
#2740 = CALENDAR_DATE ( 2026, 4, 4 ) ;
#2741 = UNCERTAINTY_MEASURE_WITH_UNIT (LENGTH_MEASURE( 1.000000000000000082E-05 ), #1442, 'distance_accuracy_value', 'NONE');
#2742 = DATE_TIME_ROLE ( 'classification_date' ) ;
#2743 = PRODUCT_DEFINITION_SHAPE ( 'NONE', 'NONE',  #1183 ) ;
#2744 = CALENDAR_DATE ( 2026, 4, 4 ) ;
#2745 = CC_DESIGN_PERSON_AND_ORGANIZATION_ASSIGNMENT ( #3615, #3035, ( #3684 ) ) ;
#2746 =( LENGTH_UNIT ( ) NAMED_UNIT ( * ) SI_UNIT ( .MILLI., .METRE. ) );
#2747 = APPROVAL_STATUS ( 'not_yet_approved' ) ;
#2748 = PERSON_AND_ORGANIZATION ( #818, #2242 ) ;
#2749 = CC_DESIGN_APPROVAL ( #3027, ( #98 ) ) ;
#2750 = PERSON_AND_ORGANIZATION_ROLE ( 'classification_officer' ) ;
#2751 = DIRECTION ( 'NONE',  ( -1.000000000000000000, -1.110223024625156540E-16, 0.000000000000000000 ) ) ;
#2752 = APPROVAL_PERSON_ORGANIZATION ( #686, #1859, #1578 ) ;
#2753 = CALENDAR_DATE ( 2026, 4, 4 ) ;
#2754 = DOCUMENT_TYPE ( 'geometry' ) ;
#2755 = COORDINATED_UNIVERSAL_TIME_OFFSET ( 1, 0, .AHEAD. ) ;
#2756 = CC_DESIGN_APPROVAL ( #690, ( #882 ) ) ;
#2757 = DATE_AND_TIME ( #1602, #875 ) ;
#2758 = CC_DESIGN_DATE_AND_TIME_ASSIGNMENT ( #334, #1473, ( #476 ) ) ;
#2759 = COORDINATED_UNIVERSAL_TIME_OFFSET ( 1, 0, .AHEAD. ) ;
#2760 = AXIS2_PLACEMENT_3D ( 'NONE', #2004, #2560, #1235 ) ;
#2761 = CC_DESIGN_DATE_AND_TIME_ASSIGNMENT ( #1903, #1261, ( #2077 ) ) ;
#2762 = DATE_AND_TIME ( #3013, #3695 ) ;
#2763 = CC_DESIGN_SECURITY_CLASSIFICATION ( #654, ( #3702 ) ) ;
#2764 = CC_DESIGN_DATE_AND_TIME_ASSIGNMENT ( #3122, #1702, ( #1818 ) ) ;
#2765 = APPROVAL_DATE_TIME ( #1567, #3009 ) ;
#2766 = ORGANIZATION ( 'NAUO-ORG25', 'UNSPECIFIED', 'UNSPECIFIED' ) ;
#2767 = LOCAL_TIME ( 19, 36, 27.00000000000000000, #1337 ) ;
#2768 = LOCAL_TIME ( 19, 36, 27.00000000000000000, #2976 ) ;
#2769 = LOCAL_TIME ( 19, 36, 27.00000000000000000, #2844 ) ;
#2770 = PERSON_AND_ORGANIZATION_ROLE ( 'creator' ) ;
#2771 = COORDINATED_UNIVERSAL_TIME_OFFSET ( 1, 0, .AHEAD. ) ;
#2772 = CC_DESIGN_PERSON_AND_ORGANIZATION_ASSIGNMENT ( #530, #829, ( #71 ) ) ;
#2773 = CONTEXT_DEPENDENT_SHAPE_REPRESENTATION ( #1888, #2210 ) ;
#2774 = DIRECTION ( 'NONE',  ( -0.3535533905932779497, -0.7071067811865409114, 0.6123724356957996884 ) ) ;
#2775 =( REPRESENTATION_RELATIONSHIP ('NONE','NONE', #3664, #2500 ) REPRESENTATION_RELATIONSHIP_WITH_TRANSFORMATION ( #189 )SHAPE_REPRESENTATION_RELATIONSHIP( ) );
#2776 = COORDINATED_UNIVERSAL_TIME_OFFSET ( 1, 0, .AHEAD. ) ;
#2777 = AXIS2_PLACEMENT_3D ( 'NONE', #2337, #1753, #642 ) ;
#2778 = PERSON_AND_ORGANIZATION_ROLE ( 'creator' ) ;
#2779 = CC_DESIGN_PERSON_AND_ORGANIZATION_ASSIGNMENT ( #488, #545, ( #179 ) ) ;
#2780 = SHAPE_REPRESENTATION ( 'PS2 Main Housing Top REF2000', ( #1496 ), #486 ) ;
#2781 = EXTERNAL_SOURCE (IDENTIFIER('') ) ;
#2782 = DATE_AND_TIME ( #1327, #2830 ) ;
#2783 = CALENDAR_DATE ( 2026, 4, 4 ) ;
#2784 = DESIGN_CONTEXT ( 'detailed design', #149, 'design' ) ;
#2785 = APPROVAL_PERSON_ORGANIZATION ( #23, #3174, #1168 ) ;
#2786 = CC_DESIGN_APPROVAL ( #1651, ( #3265 ) ) ;
#2787 = PRODUCT_DEFINITION ( 'Allgemein', '', #3418, #930 ) ;
#2788 = CALENDAR_DATE ( 2026, 4, 4 ) ;
#2789 = PRODUCT_RELATED_PRODUCT_CATEGORY ( 'detail', '', ( #1493 ) ) ;
#2790 = APPROVAL_PERSON_ORGANIZATION ( #1286, #455, #3049 ) ;
#2791 = APPLICATION_PROTOCOL_DEFINITION ( 'international standard', 'config_control_design', 1994, #1555 ) ;
#2792 = DIRECTION ( 'NONE',  ( 0.000000000000000000, 0.000000000000000000, 1.000000000000000000 ) ) ;
#2793 = PRODUCT_DEFINITION_FORMATION_WITH_SPECIFIED_SOURCE ( 'Symmetrisch', '', #2439, .NOT_KNOWN. ) ;
#2794 = APPROVAL_PERSON_ORGANIZATION ( #415, #864, #3635 ) ;
#2795 = COORDINATED_UNIVERSAL_TIME_OFFSET ( 1, 0, .AHEAD. ) ;
#2796 = APPROVAL_STATUS ( 'not_yet_approved' ) ;
#2797 = DATE_AND_TIME ( #1419, #303 ) ;
#2798 = PERSON_AND_ORGANIZATION_ROLE ( 'design_owner' ) ;
#2799 = OBJECT_ROLE ('mandatory',$ ) ;
#2800 = DATE_AND_TIME ( #1020, #1819 ) ;
#2801 = DATE_AND_TIME ( #2783, #1678 ) ;
#2802 = APPROVAL_ROLE ( '' ) ;
#2803 = CC_DESIGN_PERSON_AND_ORGANIZATION_ASSIGNMENT ( #1523, #3257, ( #1877 ) ) ;
#2804 = CC_DESIGN_DATE_AND_TIME_ASSIGNMENT ( #3294, #3541, ( #3157 ) ) ;
#2805 = APPLICATION_PROTOCOL_DEFINITION ( 'international standard', 'config_control_design', 1994, #1366 ) ;
#2806 = CONTEXT_DEPENDENT_SHAPE_REPRESENTATION ( #2118, #3046 ) ;
#2807 = COORDINATED_UNIVERSAL_TIME_OFFSET ( 1, 0, .AHEAD. ) ;
#2808 = PERSON_AND_ORGANIZATION_ROLE ( 'design_supplier' ) ;
#2809 = LOCAL_TIME ( 19, 36, 27.00000000000000000, #202 ) ;
#2810 = APPROVAL ( #1059, 'Deckungsgleich' ) ;
#2811 = APPROVAL_PERSON_ORGANIZATION ( #997, #1285, #1875 ) ;
#2812 = CALENDAR_DATE ( 2026, 4, 4 ) ;
#2813 = APPROVAL_DATE_TIME ( #590, #2878 ) ;
#2814 = DESIGN_CONTEXT ( 'detailed design', #3136, 'design' ) ;
#2815 = CC_DESIGN_APPROVAL ( #1784, ( #1475 ) ) ;
#2816 = APPROVAL_ROLE ( '' ) ;
#2817 = PROPERTY_DEFINITION_REPRESENTATION ( #879, #692 ) ;
#2818 = APPROVAL ( #3056, 'Deckungsgleich' ) ;
#2819 = APPROVAL_DATE_TIME ( #792, #3196 ) ;
#2820 = APPROVAL_PERSON_ORGANIZATION ( #3574, #646, #3019 ) ;
#2821 = CC_DESIGN_APPROVAL ( #3633, ( #2704 ) ) ;
#2822 = APPROVAL_PERSON_ORGANIZATION ( #162, #3439, #1642 ) ;
#2823 = DATE_TIME_ROLE ( 'classification_date' ) ;
#2824 = PERSON_AND_ORGANIZATION_ROLE ( 'design_supplier' ) ;
#2825 = APPROVAL_ROLE ( '' ) ;
#2826 = COORDINATED_UNIVERSAL_TIME_OFFSET ( 1, 0, .AHEAD. ) ;
#2827 = COORDINATED_UNIVERSAL_TIME_OFFSET ( 1, 0, .AHEAD. ) ;
#2828 = PERSON_AND_ORGANIZATION_ROLE ( 'creator' ) ;
#2829 = AXIS2_PLACEMENT_3D ( 'NONE', #456, #2588, #3652 ) ;
#2830 = LOCAL_TIME ( 19, 36, 27.00000000000000000, #2480 ) ;
#2831 = APPROVAL_DATE_TIME ( #8, #1572 ) ;
#2832 = PERSON_AND_ORGANIZATION ( #3373, #1305 ) ;
#2833 = APPROVAL_ROLE ( '' ) ;
#2834 = AXIS2_PLACEMENT_3D ( 'NONE', #450, #2100, #1260 ) ;
#2835 = APPLIED_DOCUMENT_REFERENCE ( #1159,'',( #3651) ) ;
#2836 = SECURITY_CLASSIFICATION_LEVEL ( 'unclassified' ) ;
#2837 = CALENDAR_DATE ( 2026, 4, 4 ) ;
#2838 = IDENTIFICATION_ROLE ( 'external document id and location', $) ;
#2839 = DOCUMENT_FILE ( 'PS2 Main Housing Top REF2000 DesignSupports.STEP' , '', '', #2930, '' ,$ ) ;
#2840 = CC_DESIGN_SECURITY_CLASSIFICATION ( #261, ( #3631 ) ) ;
#2841 =( NAMED_UNIT ( * ) SI_UNIT ( $, .STERADIAN. ) SOLID_ANGLE_UNIT ( ) );
#2842 = PERSON_AND_ORGANIZATION ( #18446744073709551615, #18446744073709551615 ) ;
#2843 = CC_DESIGN_PERSON_AND_ORGANIZATION_ASSIGNMENT ( #3274, #1950, ( #3157 ) ) ;
#2844 = COORDINATED_UNIVERSAL_TIME_OFFSET ( 1, 0, .AHEAD. ) ;
#2845 = CC_DESIGN_PERSON_AND_ORGANIZATION_ASSIGNMENT ( #1925, #3063, ( #1469 ) ) ;
#2846 = DATE_AND_TIME ( #2263, #431 ) ;
#2847 = ROLE_ASSOCIATION ( #2563, #558 ) ;
#2848 = PRODUCT_DEFINITION ( 'Allgemein', '', #3631, #2673 ) ;
#2849 = CC_DESIGN_PERSON_AND_ORGANIZATION_ASSIGNMENT ( #2653, #1774, ( #48 ) ) ;
#2850 = ITEM_DEFINED_TRANSFORMATION ( 'NONE', 'NONE', #3187,  #2477 ) ;
#2851 = APPROVAL_ROLE ( '' ) ;
#2852 = PERSON_AND_ORGANIZATION_ROLE ( 'creator' ) ;
#2853 = CALENDAR_DATE ( 2026, 4, 4 ) ;
#2854 = DATE_TIME_ROLE ( 'classification_date' ) ;
#2855 = APPROVAL_DATE_TIME ( #2293, #416 ) ;
#2856 = SECURITY_CLASSIFICATION_LEVEL ( 'unclassified' ) ;
#2857 = CC_DESIGN_SECURITY_CLASSIFICATION ( #1469, ( #679 ) ) ;
#2858 = PROPERTY_DEFINITION ('external definition','', #3578 ) ;
#2859 = CC_DESIGN_DATE_AND_TIME_ASSIGNMENT ( #3365, #796, ( #261 ) ) ;
#2860 = PERSON_AND_ORGANIZATION ( #18446744073709551615, #18446744073709551615 ) ;
#2861 = CC_DESIGN_PERSON_AND_ORGANIZATION_ASSIGNMENT ( #114, #2144, ( #2077 ) ) ;
#2862 = APPLIED_EXTERNAL_IDENTIFICATION_ASSIGNMENT ( 'uSD2PSX Stiffener REF2018.STEP' , #443, #1132,( #2151) ) ;
#2863 = APPROVAL ( #2302, 'Deckungsgleich' ) ;
#2864 = SHAPE_REPRESENTATION ( 'Battery Compartment Left REF2004', ( #349 ), #648 ) ;
#2865 = COORDINATED_UNIVERSAL_TIME_OFFSET ( 1, 0, .AHEAD. ) ;
#2866 = CALENDAR_DATE ( 2026, 4, 4 ) ;
#2867 = COORDINATED_UNIVERSAL_TIME_OFFSET ( 1, 0, .AHEAD. ) ;
#2868 = APPROVAL ( #779, 'Deckungsgleich' ) ;
#2869 = CALENDAR_DATE ( 2026, 4, 4 ) ;
#2870 = ORGANIZATION ( 'NAUO-ORG22', 'UNSPECIFIED', 'UNSPECIFIED' ) ;
#2871 = PERSON_AND_ORGANIZATION ( #18446744073709551615, #18446744073709551615 ) ;
#2872 = LOCAL_TIME ( 19, 36, 27.00000000000000000, #1648 ) ;
#2873 = LOCAL_TIME ( 19, 36, 27.00000000000000000, #986 ) ;
#2874 = COORDINATED_UNIVERSAL_TIME_OFFSET ( 1, 0, .AHEAD. ) ;
#2875 = CALENDAR_DATE ( 2026, 4, 4 ) ;
#2876 = PRODUCT_DEFINITION_SHAPE ( 'NONE', 'NONE',  #2295 ) ;
#2877 = SHAPE_DEFINITION_REPRESENTATION ( #1804, #462 ) ;
#2878 = APPROVAL ( #555, 'Deckungsgleich' ) ;
#2879 = SHAPE_REPRESENTATION ( 'uSD2PSX Stiffener REF2018', ( #517 ), #1759 ) ;
#2880 = CALENDAR_DATE ( 2026, 4, 4 ) ;
#2881 = PRODUCT_DEFINITION ( 'Allgemein', '', #2514, #2399 ) ;
#2882 = EXTERNAL_SOURCE (IDENTIFIER('') ) ;
#2883 = PERSON_AND_ORGANIZATION ( #18446744073709551615, #18446744073709551615 ) ;
#2884 = SECURITY_CLASSIFICATION ( '', '', #3109 ) ;
#2885 = DATE_AND_TIME ( #1179, #678 ) ;
#2886 = PERSON_AND_ORGANIZATION_ROLE ( 'creator' ) ;
#2887 = SHAPE_DEFINITION_REPRESENTATION ( #3203, #77 ) ;
#2888 = CC_DESIGN_PERSON_AND_ORGANIZATION_ASSIGNMENT ( #1311, #2153, ( #1957 ) ) ;
#2889 = SHAPE_DEFINITION_REPRESENTATION ( #3580, #3493 ) ;
#2890 = PERSON ( 'NAUO-PER23', 'UNSPECIFIED', 'UNSPECIFIED', ('UNSPECIFIED'), ('UNSPECIFIED'), ('UNSPECIFIED') ) ;
#2891 = LOCAL_TIME ( 19, 36, 27.00000000000000000, #706 ) ;
#2892 = LOCAL_TIME ( 19, 36, 27.00000000000000000, #2771 ) ;
#2893 = APPROVAL_ROLE ( '' ) ;
#2894 = APPLIED_DOCUMENT_REFERENCE ( #2359,'',( #744) ) ;
#2895 = PROPERTY_DEFINITION_REPRESENTATION ( #2019, #1352 ) ;
#2896 = APPLICATION_CONTEXT ( 'configuration controlled 3d designs of mechanical parts and assemblies' ) ;
#2897 = APPROVAL_DATE_TIME ( #2134, #1698 ) ;
#2898 = APPROVAL_DATE_TIME ( #1760, #1589 ) ;
#2899 = CC_DESIGN_PERSON_AND_ORGANIZATION_ASSIGNMENT ( #1671, #869, ( #1289 ) ) ;
#2900 = CC_DESIGN_PERSON_AND_ORGANIZATION_ASSIGNMENT ( #794, #2448, ( #284 ) ) ;
#2901 = PRODUCT_DEFINITION_SHAPE ( 'NONE', 'NONE',  #2570 ) ;
#2902 = CALENDAR_DATE ( 2026, 4, 4 ) ;
#2903 = COORDINATED_UNIVERSAL_TIME_OFFSET ( 1, 0, .AHEAD. ) ;
#2904 = PROPERTY_DEFINITION_REPRESENTATION ( #3353, #3270 ) ;
#2905 = ROLE_ASSOCIATION ( #1485, #3186 ) ;
#2906 = PRODUCT_DEFINITION ( 'Allgemein', '', #3018, #1563 ) ;
#2907 = PERSON_AND_ORGANIZATION ( #18446744073709551615, #18446744073709551615 ) ;
#2908 = MECHANICAL_CONTEXT ( 'NONE', #3087, 'mechanical' ) ;
#2909 = PERSON_AND_ORGANIZATION_ROLE ( 'design_owner' ) ;
#2910 = CC_DESIGN_SECURITY_CLASSIFICATION ( #98, ( #3283 ) ) ;
#2911 = APPROVAL_STATUS ( 'not_yet_approved' ) ;
#2912 = CC_DESIGN_PERSON_AND_ORGANIZATION_ASSIGNMENT ( #2247, #3392, ( #2623 ) ) ;
#2913 = PROPERTY_DEFINITION ('document property','', #1725 ) ;
#2914 = PERSON_AND_ORGANIZATION_ROLE ( 'classification_officer' ) ;
#2915 = APPROVAL_PERSON_ORGANIZATION ( #2832, #2487, #542 ) ;
#2916 = APPLICATION_PROTOCOL_DEFINITION ( 'international standard', 'config_control_design', 1994, #3660 ) ;
#2917 = APPROVAL_ROLE ( '' ) ;
#2918 = PRODUCT_RELATED_PRODUCT_CATEGORY ( 'detail', '', ( #1427 ) ) ;
#2919 = CC_DESIGN_APPROVAL ( #3463, ( #2455 ) ) ;
#2920 = CALENDAR_DATE ( 2026, 4, 4 ) ;
#2921 = MECHANICAL_CONTEXT ( 'NONE', #1103, 'mechanical' ) ;
#2922 = APPLIED_EXTERNAL_IDENTIFICATION_ASSIGNMENT ( 'Lower Display Mount REF2009.STEP' , #1401, #1873,( #3578) ) ;
#2923 = CC_DESIGN_DATE_AND_TIME_ASSIGNMENT ( #2481, #1046, ( #2787 ) ) ;
#2924 = PERSON_AND_ORGANIZATION_ROLE ( 'creator' ) ;
#2925 =( NAMED_UNIT ( * ) PLANE_ANGLE_UNIT ( ) SI_UNIT ( $, .RADIAN. ) );
#2926 = CALENDAR_DATE ( 2026, 4, 4 ) ;
#2927 = COORDINATED_UNIVERSAL_TIME_OFFSET ( 1, 0, .AHEAD. ) ;
#2928 = CC_DESIGN_APPROVAL ( #1977, ( #2155 ) ) ;
#2929 = APPROVAL_PERSON_ORGANIZATION ( #737, #1185, #3549 ) ;
#2930 = DOCUMENT_TYPE ( 'geometry' ) ;
#2931 = LOCAL_TIME ( 19, 36, 27.00000000000000000, #1360 ) ;
#2932 = APPROVAL_DATE_TIME ( #928, #2737 ) ;
#2933 = SECURITY_CLASSIFICATION_LEVEL ( 'unclassified' ) ;
#2934 = PRODUCT_DEFINITION_SHAPE ( 'NONE', 'NONE',  #1932 ) ;
#2935 = CALENDAR_DATE ( 2026, 4, 4 ) ;
#2936 =( GEOMETRIC_REPRESENTATION_CONTEXT ( 3 ) GLOBAL_UNCERTAINTY_ASSIGNED_CONTEXT ( ( #2086 ) ) GLOBAL_UNIT_ASSIGNED_CONTEXT ( ( #2746, #323, #2355 ) ) REPRESENTATION_CONTEXT ( 'NONE', 'WORKASPACE' ) );
#2937 = CALENDAR_DATE ( 2026, 4, 4 ) ;
#2938 = SECURITY_CLASSIFICATION_LEVEL ( 'unclassified' ) ;
#2939 = LOCAL_TIME ( 19, 36, 27.00000000000000000, #3017 ) ;
#2940 = SHAPE_DEFINITION_REPRESENTATION ( #122, #3297 ) ;
#2941 = APPROVAL_PERSON_ORGANIZATION ( #2860, #1075, #282 ) ;
#2942 = DATE_AND_TIME ( #1452, #2299 ) ;
#2943 = CC_DESIGN_SECURITY_CLASSIFICATION ( #376, ( #1092 ) ) ;
#2944 = LOCAL_TIME ( 19, 36, 27.00000000000000000, #1577 ) ;
#2945 = COORDINATED_UNIVERSAL_TIME_OFFSET ( 1, 0, .AHEAD. ) ;
#2946 = SECURITY_CLASSIFICATION_LEVEL ( 'unclassified' ) ;
#2947 = PERSON_AND_ORGANIZATION ( #18446744073709551615, #18446744073709551615 ) ;
#2948 = PROPERTY_DEFINITION ('document property','', #1418 ) ;
#2949 = CC_DESIGN_PERSON_AND_ORGANIZATION_ASSIGNMENT ( #3550, #1511, ( #2654 ) ) ;
#2950 = APPLICATION_CONTEXT ( 'configuration controlled 3d designs of mechanical parts and assemblies' ) ;
#2951 = DIRECTION ( 'NONE',  ( 1.000000000000000000, 0.000000000000000000, 0.000000000000000000 ) ) ;
#2952 = CC_DESIGN_DATE_AND_TIME_ASSIGNMENT ( #2059, #2043, ( #2704 ) ) ;
#2953 = PERSON_AND_ORGANIZATION_ROLE ( 'design_supplier' ) ;
#2954 = DESIGN_CONTEXT ( 'detailed design', #2381, 'design' ) ;
#2955 = CC_DESIGN_SECURITY_CLASSIFICATION ( #2605, ( #3107 ) ) ;
#2956 = APPROVAL_DATE_TIME ( #3215, #1560 ) ;
#2957 =( REPRESENTATION_RELATIONSHIP ('NONE','NONE', #3664, #966 ) REPRESENTATION_RELATIONSHIP_WITH_TRANSFORMATION ( #2050 )SHAPE_REPRESENTATION_RELATIONSHIP( ) );
#2958 = SECURITY_CLASSIFICATION ( '', '', #3128 ) ;
#2959 = ROLE_ASSOCIATION ( #3467, #1800 ) ;
#2960 = APPROVAL_ROLE ( '' ) ;
#2961 = CC_DESIGN_PERSON_AND_ORGANIZATION_ASSIGNMENT ( #1017, #2164, ( #3450 ) ) ;
#2962 = DIRECTION ( 'NONE',  ( 1.000000000000000000, 0.000000000000000000, 0.000000000000000000 ) ) ;
#2963 = APPROVAL_ROLE ( '' ) ;
#2964 = CALENDAR_DATE ( 2026, 4, 4 ) ;
#2965 = APPROVAL_STATUS ( 'not_yet_approved' ) ;
#2966 = CARTESIAN_POINT ( 'NONE',  ( 79.20402051583488401, -21.99572513455290590, -1.199999999999999734 ) ) ;
#2967 = APPROVAL_PERSON_ORGANIZATION ( #1586, #3571, #1388 ) ;
#2968 = APPROVAL_ROLE ( '' ) ;
#2969 = ITEM_DEFINED_TRANSFORMATION ( 'NONE', 'NONE', #331,  #935 ) ;
#2970 = DATE_AND_TIME ( #687, #3377 ) ;
#2971 = PRODUCT ( 'DPAD Sanding Tool', 'DPAD Sanding Tool', '', ( #1929 ) ) ;
#2972 = DATE_AND_TIME ( #2585, #3536 ) ;
#2973 = COORDINATED_UNIVERSAL_TIME_OFFSET ( 1, 0, .AHEAD. ) ;
#2974 = DOCUMENT_FILE ( 'uSD2PSX Frame REF2017.STEP' , '', '', #3390, '' ,$ ) ;
#2975 = CC_DESIGN_PERSON_AND_ORGANIZATION_ASSIGNMENT ( #3268, #2713, ( #982 ) ) ;
#2976 = COORDINATED_UNIVERSAL_TIME_OFFSET ( 1, 0, .AHEAD. ) ;
#2977 = PERSON_AND_ORGANIZATION_ROLE ( 'creator' ) ;
#2978 = APPROVAL_PERSON_ORGANIZATION ( #2211, #3009, #504 ) ;
#2979 = CARTESIAN_POINT ( 'NONE',  ( 0.000000000000000000, 0.000000000000000000, 0.000000000000000000 ) ) ;
#2980 = LOCAL_TIME ( 19, 36, 27.00000000000000000, #1422 ) ;
#2981 = PROPERTY_DEFINITION ('external definition','', #3033 ) ;
#2982 = DATE_TIME_ROLE ( 'creation_date' ) ;
#2983 = ORGANIZATION ( 'NAUO-ORG12', 'UNSPECIFIED', 'UNSPECIFIED' ) ;
#2984 = PERSON_AND_ORGANIZATION ( #18446744073709551615, #18446744073709551615 ) ;
#2985 = CC_DESIGN_DATE_AND_TIME_ASSIGNMENT ( #2496, #1892, ( #3120 ) ) ;
#2986 = DIRECTION ( 'NONE',  ( 1.000000000000000000, -8.680260528083503666E-18, -5.551115123125783935E-17 ) ) ;
#2987 = APPROVAL_DATE_TIME ( #3044, #1528 ) ;
#2988 = ITEM_DEFINED_TRANSFORMATION ( 'NONE', 'NONE', #1842,  #2009 ) ;
#2989 = APPROVAL_PERSON_ORGANIZATION ( #298, #1028, #618 ) ;
#2990 = DATE_TIME_ROLE ( 'creation_date' ) ;
#2991 = PERSON_AND_ORGANIZATION ( #18446744073709551615, #18446744073709551615 ) ;
#2992 = UNCERTAINTY_MEASURE_WITH_UNIT (LENGTH_MEASURE( 1.000000000000000082E-05 ), #2044, 'distance_accuracy_value', 'NONE');
#2993 = CC_DESIGN_SECURITY_CLASSIFICATION ( #1078, ( #3719 ) ) ;
#2994 = CC_DESIGN_SECURITY_CLASSIFICATION ( #179, ( #1319 ) ) ;
#2995 = CALENDAR_DATE ( 2026, 4, 4 ) ;
#2996 = APPROVAL_STATUS ( 'not_yet_approved' ) ;
#2997 = DIRECTION ( 'NONE',  ( 0.000000000000000000, 0.000000000000000000, 1.000000000000000000 ) ) ;
#2998 = CC_DESIGN_PERSON_AND_ORGANIZATION_ASSIGNMENT ( #1730, #2828, ( #3331 ) ) ;
#2999 = PRODUCT ( 'Screen Lens Frame REF2008', 'Screen Lens Frame REF2008', '', ( #2076 ) ) ;
#3000 = APPROVAL_DATE_TIME ( #758, #2665 ) ;
#3001 = PROPERTY_DEFINITION_REPRESENTATION ( #254, #2500 ) ;
#3002 = CC_DESIGN_DATE_AND_TIME_ASSIGNMENT ( #3010, #1853, ( #3003 ) ) ;
#3003 = SECURITY_CLASSIFICATION ( '', '', #387 ) ;
#3004 = CALENDAR_DATE ( 2026, 4, 4 ) ;
#3005 = DIRECTION ( 'NONE',  ( 1.174590281236676061E-16, -1.000000000000000000, 1.620695240538077457E-17 ) ) ;
#3006 = PERSON_AND_ORGANIZATION ( #18446744073709551615, #18446744073709551615 ) ;
#3007 = DATE_TIME_ROLE ( 'classification_date' ) ;
#3008 = PERSON_AND_ORGANIZATION ( #18446744073709551615, #18446744073709551615 ) ;
#3009 = APPROVAL ( #430, 'Deckungsgleich' ) ;
#3010 = DATE_AND_TIME ( #752, #1383 ) ;
#3011 = MECHANICAL_CONTEXT ( 'NONE', #1036, 'mechanical' ) ;
#3012 = PERSON ( 'NAUO-PER3', 'UNSPECIFIED', 'UNSPECIFIED', ('UNSPECIFIED'), ('UNSPECIFIED'), ('UNSPECIFIED') ) ;
#3013 = CALENDAR_DATE ( 2026, 4, 4 ) ;
#3014 = PROPERTY_DEFINITION ('document property','', #2350 ) ;
#3015 =( GEOMETRIC_REPRESENTATION_CONTEXT ( 3 ) GLOBAL_UNCERTAINTY_ASSIGNED_CONTEXT ( ( #3369 ) ) GLOBAL_UNIT_ASSIGNED_CONTEXT ( ( #2036, #2218, #3474 ) ) REPRESENTATION_CONTEXT ( 'NONE', 'WORKASPACE' ) );
#3016 = SECURITY_CLASSIFICATION_LEVEL ( 'unclassified' ) ;
#3017 = COORDINATED_UNIVERSAL_TIME_OFFSET ( 1, 0, .AHEAD. ) ;
#3018 = PRODUCT_DEFINITION_FORMATION_WITH_SPECIFIED_SOURCE ( 'Symmetrisch', '', #160, .NOT_KNOWN. ) ;
#3019 = APPROVAL_ROLE ( '' ) ;
#3020 = DATE_AND_TIME ( #2139, #3379 ) ;
#3021 = PRODUCT_RELATED_PRODUCT_CATEGORY ( 'detail', '', ( #2306 ) ) ;
#3022 = CONTEXT_DEPENDENT_SHAPE_REPRESENTATION ( #1930, #3629 ) ;
#3023 = DIRECTION ( 'NONE',  ( 1.000000000000000000, 6.085502428165132843E-17, -8.326672684688676518E-17 ) ) ;
#3024 = APPLICATION_CONTEXT ( 'configuration controlled 3d designs of mechanical parts and assemblies' ) ;
#3025 = APPLICATION_PROTOCOL_DEFINITION ( 'international standard', 'config_control_design', 1994, #2232 ) ;
#3026 = COORDINATED_UNIVERSAL_TIME_OFFSET ( 1, 0, .AHEAD. ) ;
#3027 = APPROVAL ( #2796, 'Deckungsgleich' ) ;
#3028 = APPROVAL_PERSON_ORGANIZATION ( #3, #3517, #3167 ) ;
#3029 =( REPRESENTATION_RELATIONSHIP ('NONE','NONE', #3664, #2780 ) REPRESENTATION_RELATIONSHIP_WITH_TRANSFORMATION ( #1216 )SHAPE_REPRESENTATION_RELATIONSHIP( ) );
#3030 = APPROVAL_STATUS ( 'not_yet_approved' ) ;
#3031 = PERSON_AND_ORGANIZATION ( #18446744073709551615, #18446744073709551615 ) ;
#3032 = DESIGN_CONTEXT ( 'detailed design', #3386, 'design' ) ;
#3033 = DOCUMENT_FILE ( 'Heatsink Tapping Tool.STEP' , '', '', #1259, '' ,$ ) ;
#3034 = APPLIED_DOCUMENT_REFERENCE ( #1394,'',( #1932) ) ;
#3035 = PERSON_AND_ORGANIZATION_ROLE ( 'creator' ) ;
#3036 = CC_DESIGN_PERSON_AND_ORGANIZATION_ASSIGNMENT ( #1569, #2770, ( #1049 ) ) ;
#3037 = CC_DESIGN_PERSON_AND_ORGANIZATION_ASSIGNMENT ( #1200, #2347, ( #3679 ) ) ;
#3038 = COORDINATED_UNIVERSAL_TIME_OFFSET ( 1, 0, .AHEAD. ) ;
#3039 = PRODUCT_RELATED_PRODUCT_CATEGORY ( 'detail', '', ( #91 ) ) ;
#3040 = ROLE_ASSOCIATION ( #3407, #2473 ) ;
#3041 = PERSON_AND_ORGANIZATION_ROLE ( 'classification_officer' ) ;
#3042 = CARTESIAN_POINT ( 'NONE',  ( -37.91857697316430631, -50.06106079550674792, -35.10785168591225869 ) ) ;
#3043 = PERSON_AND_ORGANIZATION ( #18446744073709551615, #18446744073709551615 ) ;
#3044 = DATE_AND_TIME ( #3600, #2944 ) ;
#3045 = CALENDAR_DATE ( 2026, 4, 4 ) ;
#3046 = PRODUCT_DEFINITION_SHAPE ( 'NONE', 'NONE',  #3716 ) ;
#3047 = CC_DESIGN_PERSON_AND_ORGANIZATION_ASSIGNMENT ( #639, #961, ( #2605 ) ) ;
#3048 = APPROVAL ( #3446, 'Deckungsgleich' ) ;
#3049 = APPROVAL_ROLE ( '' ) ;
#3050 = PERSON_AND_ORGANIZATION ( #18446744073709551615, #18446744073709551615 ) ;
#3051 = ROLE_ASSOCIATION ( #1539, #3034 ) ;
#3052 = COORDINATED_UNIVERSAL_TIME_OFFSET ( 1, 0, .AHEAD. ) ;
#3053 =( LENGTH_UNIT ( ) NAMED_UNIT ( * ) SI_UNIT ( .MILLI., .METRE. ) );
#3054 = CC_DESIGN_APPROVAL ( #257, ( #288 ) ) ;
#3055 = CC_DESIGN_SECURITY_CLASSIFICATION ( #2277, ( #730 ) ) ;
#3056 = APPROVAL_STATUS ( 'not_yet_approved' ) ;
#3057 = ITEM_DEFINED_TRANSFORMATION ( 'NONE', 'NONE', #2345,  #349 ) ;
#3058 = DATE_TIME_ROLE ( 'classification_date' ) ;
#3059 = DATE_AND_TIME ( #842, #166 ) ;
#3060 = COORDINATED_UNIVERSAL_TIME_OFFSET ( 1, 0, .AHEAD. ) ;
#3061 = APPROVAL_STATUS ( 'not_yet_approved' ) ;
#3062 =( LENGTH_UNIT ( ) NAMED_UNIT ( * ) SI_UNIT ( .MILLI., .METRE. ) );
#3063 = PERSON_AND_ORGANIZATION_ROLE ( 'classification_officer' ) ;
#3064 = APPROVAL_ROLE ( '' ) ;
#3065 = DESIGN_CONTEXT ( 'detailed design', #1609, 'design' ) ;
#3066 = CC_DESIGN_APPROVAL ( #1075, ( #1986 ) ) ;
#3067 = LOCAL_TIME ( 19, 36, 27.00000000000000000, #400 ) ;
#3068 = CC_DESIGN_PERSON_AND_ORGANIZATION_ASSIGNMENT ( #2832, #1644, ( #2208 ) ) ;
#3069 = APPLICATION_PROTOCOL_DEFINITION ( 'international standard', 'config_control_design', 1994, #2381 ) ;
#3070 = CC_DESIGN_PERSON_AND_ORGANIZATION_ASSIGNMENT ( #2126, #2778, ( #2295 ) ) ;
#3071 = PRODUCT_DEFINITION_SHAPE ( 'NONE', 'NONE',  #3714 ) ;
#3072 = PERSON_AND_ORGANIZATION_ROLE ( 'design_owner' ) ;
#3073 = APPROVAL_PERSON_ORGANIZATION ( #2947, #3235, #96 ) ;
#3074 = OBJECT_ROLE ('mandatory',$ ) ;
#3075 = LOCAL_TIME ( 19, 36, 27.00000000000000000, #947 ) ;
#3076 = APPLIED_DOCUMENT_REFERENCE ( #155,'',( #2077) ) ;
#3077 = DATE_AND_TIME ( #3690, #853 ) ;
#3078 = DATE_TIME_ROLE ( 'creation_date' ) ;
#3079 = APPROVAL_STATUS ( 'not_yet_approved' ) ;
#3080 = APPLICATION_PROTOCOL_DEFINITION ( 'international standard', 'config_control_design', 1994, #1881 ) ;
#3081 = COORDINATED_UNIVERSAL_TIME_OFFSET ( 1, 0, .AHEAD. ) ;
#3082 = CALENDAR_DATE ( 2026, 4, 4 ) ;
#3083 = APPROVAL ( #827, 'UNKNOWN' ) ;
#3084 = AXIS2_PLACEMENT_3D ( 'NONE', #3564, #2719, #1079 ) ;
#3085 = APPROVAL_ROLE ( '' ) ;
#3086 = DIRECTION ( 'NONE',  ( 0.000000000000000000, 0.000000000000000000, 1.000000000000000000 ) ) ;
#3087 = APPLICATION_CONTEXT ( 'configuration controlled 3d designs of mechanical parts and assemblies' ) ;
#3088 = APPLIED_DOCUMENT_REFERENCE ( #1725,'',( #2848) ) ;
#3089 = PERSON_AND_ORGANIZATION_ROLE ( 'creator' ) ;
#3090 = APPROVAL_STATUS ( 'not_yet_approved' ) ;
#3091 = CC_DESIGN_APPROVAL ( #751, ( #1957 ) ) ;
#3092 = PROPERTY_DEFINITION_REPRESENTATION ( #2981, #2260 ) ;
#3093 = SECURITY_CLASSIFICATION ( '', '', #1457 ) ;
#3094 = PRODUCT_DEFINITION_SHAPE ( 'NONE', 'NONE',  #3698 ) ;
#3095 = CALENDAR_DATE ( 2026, 4, 4 ) ;
#3096 = DATE_AND_TIME ( #4, #2141 ) ;
#3097 = DESIGN_CONTEXT ( 'detailed design', #1881, 'design' ) ;
#3098 = CC_DESIGN_SECURITY_CLASSIFICATION ( #2455, ( #3708 ) ) ;
#3099 = PERSON_AND_ORGANIZATION_ROLE ( 'classification_officer' ) ;
#3100 = PERSON_AND_ORGANIZATION ( #18446744073709551615, #18446744073709551615 ) ;
#3101 = PERSON_AND_ORGANIZATION_ROLE ( 'classification_officer' ) ;
#3102 = APPROVAL_PERSON_ORGANIZATION ( #1890, #1906, #1616 ) ;
#3103 = APPROVAL_ROLE ( '' ) ;
#3104 = APPROVAL_PERSON_ORGANIZATION ( #3287, #2372, #1293 ) ;
#3105 =( NAMED_UNIT ( * ) SI_UNIT ( $, .STERADIAN. ) SOLID_ANGLE_UNIT ( ) );
#3106 = APPROVAL_PERSON_ORGANIZATION ( #1498, #2011, #2428 ) ;
#3107 = PRODUCT_DEFINITION_FORMATION_WITH_SPECIFIED_SOURCE ( 'Symmetrisch', '', #3308, .NOT_KNOWN. ) ;
#3108 = CC_DESIGN_PERSON_AND_ORGANIZATION_ASSIGNMENT ( #384, #363, ( #1542 ) ) ;
#3109 = SECURITY_CLASSIFICATION_LEVEL ( 'unclassified' ) ;
#3110 = APPROVAL_DATE_TIME ( #1652, #697 ) ;
#3111 = CC_DESIGN_PERSON_AND_ORGANIZATION_ASSIGNMENT ( #1507, #2671, ( #850 ) ) ;
#3112 = ROLE_ASSOCIATION ( #2364, #812 ) ;
#3113 = APPROVAL_ROLE ( '' ) ;
#3114 = DATE_TIME_ROLE ( 'creation_date' ) ;
#3115 = APPROVAL ( #984, 'UNKNOWN' ) ;
#3116 = AXIS2_PLACEMENT_3D ( 'NONE', #2475, #1243, #2774 ) ;
#3117 = LOCAL_TIME ( 19, 36, 27.00000000000000000, #2569 ) ;
#3118 = APPROVAL_DATE_TIME ( #2556, #1561 ) ;
#3119 = APPROVAL_ROLE ( '' ) ;
#3120 = SECURITY_CLASSIFICATION ( '', '', #2412 ) ;
#3121 = CC_DESIGN_APPROVAL ( #2340, ( #744 ) ) ;
#3122 = DATE_AND_TIME ( #2866, #2074 ) ;
#3123 = APPROVAL_ROLE ( '' ) ;
#3124 =( NAMED_UNIT ( * ) PLANE_ANGLE_UNIT ( ) SI_UNIT ( $, .RADIAN. ) );
#3125 = AXIS2_PLACEMENT_3D ( 'NONE', #2495, #3436, #996 ) ;
#3126 = CONTEXT_DEPENDENT_SHAPE_REPRESENTATION ( #3558, #556 ) ;
#3127 = APPROVAL_STATUS ( 'not_yet_approved' ) ;
#3128 = SECURITY_CLASSIFICATION_LEVEL ( 'unclassified' ) ;
#3129 = CC_DESIGN_PERSON_AND_ORGANIZATION_ASSIGNMENT ( #1684, #3388, ( #2462 ) ) ;
#3130 = CC_DESIGN_APPROVAL ( #416, ( #2958 ) ) ;
#3131 = CC_DESIGN_PERSON_AND_ORGANIZATION_ASSIGNMENT ( #602, #2045, ( #2524 ) ) ;
#3132 = PERSON_AND_ORGANIZATION ( #18446744073709551615, #18446744073709551615 ) ;
#3133 = PERSON_AND_ORGANIZATION_ROLE ( 'creator' ) ;
#3134 = CC_DESIGN_PERSON_AND_ORGANIZATION_ASSIGNMENT ( #1253, #3282, ( #1310 ) ) ;
#3135 = COORDINATED_UNIVERSAL_TIME_OFFSET ( 1, 0, .AHEAD. ) ;
#3136 = APPLICATION_CONTEXT ( 'configuration controlled 3d designs of mechanical parts and assemblies' ) ;
#3137 = SHAPE_REPRESENTATION ( 'Rumble Sleeve REF2015', ( #670 ), #3616 ) ;
#3138 = DATE_TIME_ROLE ( 'classification_date' ) ;
#3139 = CC_DESIGN_SECURITY_CLASSIFICATION ( #3389, ( #3724 ) ) ;
#3140 = PERSON_AND_ORGANIZATION ( #18446744073709551615, #18446744073709551615 ) ;
#3141 = EXTERNAL_SOURCE (IDENTIFIER('') ) ;
#3142 = CC_DESIGN_DATE_AND_TIME_ASSIGNMENT ( #2269, #3421, ( #2884 ) ) ;
#3143 = PERSON_AND_ORGANIZATION ( #18446744073709551615, #18446744073709551615 ) ;
#3144 = DIRECTION ( 'NONE',  ( 0.000000000000000000, 0.000000000000000000, 1.000000000000000000 ) ) ;
#3145 =( GEOMETRIC_REPRESENTATION_CONTEXT ( 3 ) GLOBAL_UNCERTAINTY_ASSIGNED_CONTEXT ( ( #2703 ) ) GLOBAL_UNIT_ASSIGNED_CONTEXT ( ( #653, #2366, #2598 ) ) REPRESENTATION_CONTEXT ( 'NONE', 'WORKASPACE' ) );
#3146 = DATE_TIME_ROLE ( 'classification_date' ) ;
#3147 = APPROVAL_STATUS ( 'not_yet_approved' ) ;
#3148 = APPROVAL_ROLE ( '' ) ;
#3149 = CONTEXT_DEPENDENT_SHAPE_REPRESENTATION ( #1438, #3404 ) ;
#3150 = CC_DESIGN_SECURITY_CLASSIFICATION ( #1065, ( #1600 ) ) ;
#3151 = CALENDAR_DATE ( 2026, 4, 4 ) ;
#3152 = APPROVAL_ROLE ( '' ) ;
#3153 = LOCAL_TIME ( 19, 36, 27.00000000000000000, #1519 ) ;
#3154 = CC_DESIGN_PERSON_AND_ORGANIZATION_ASSIGNMENT ( #458, #1941, ( #700 ) ) ;
#3155 = CC_DESIGN_PERSON_AND_ORGANIZATION_ASSIGNMENT ( #1080, #362, ( #1719 ) ) ;
#3156 = CALENDAR_DATE ( 2026, 4, 4 ) ;
#3157 = SECURITY_CLASSIFICATION ( '', '', #2946 ) ;
#3158 = ROLE_ASSOCIATION ( #3619, #1488 ) ;
#3159 = IDENTIFICATION_ROLE ( 'external document id and location', $) ;
#3160 = PERSON_AND_ORGANIZATION ( #18446744073709551615, #18446744073709551615 ) ;
#3161 = CALENDAR_DATE ( 2026, 4, 4 ) ;
#3162 = CC_DESIGN_PERSON_AND_ORGANIZATION_ASSIGNMENT ( #65, #3198, ( #1078 ) ) ;
#3163 = PROPERTY_DEFINITION_REPRESENTATION ( #1411, #2864 ) ;
#3164 = COORDINATED_UNIVERSAL_TIME_OFFSET ( 1, 0, .AHEAD. ) ;
#3165 = CC_DESIGN_PERSON_AND_ORGANIZATION_ASSIGNMENT ( #948, #2093, ( #1600 ) ) ;
#3166 = PERSON_AND_ORGANIZATION_ROLE ( 'design_supplier' ) ;
#3167 = APPROVAL_ROLE ( '' ) ;
#3168 = APPROVAL_PERSON_ORGANIZATION ( #2230, #2818, #2833 ) ;
#3169 = DIRECTION ( 'NONE',  ( 0.000000000000000000, 0.000000000000000000, 1.000000000000000000 ) ) ;
#3170 = PERSON_AND_ORGANIZATION ( #18446744073709551615, #18446744073709551615 ) ;
#3171 = SHAPE_DEFINITION_REPRESENTATION ( #1872, #692 ) ;
#3172 = PRODUCT ( 'Travel Case Bot REF2021', 'Travel Case Bot REF2021', '', ( #234 ) ) ;
#3173 = APPROVAL_STATUS ( 'not_yet_approved' ) ;
#3174 = APPROVAL ( #3681, 'Deckungsgleich' ) ;
#3175 = COORDINATED_UNIVERSAL_TIME_OFFSET ( 1, 0, .AHEAD. ) ;
#3176 = CC_DESIGN_DATE_AND_TIME_ASSIGNMENT ( #509, #726, ( #284 ) ) ;
#3177 = CALENDAR_DATE ( 2026, 4, 4 ) ;
#3178 = PERSON_AND_ORGANIZATION_ROLE ( 'design_owner' ) ;
#3179 = COORDINATED_UNIVERSAL_TIME_OFFSET ( 1, 0, .AHEAD. ) ;
#3180 = APPROVAL ( #3624, 'Deckungsgleich' ) ;
#3181 = APPROVAL_PERSON_ORGANIZATION ( #2056, #3427, #1471 ) ;
#3182 = PROPERTY_DEFINITION ('external definition','', #1023 ) ;
#3183 = APPROVAL_ROLE ( '' ) ;
#3184 = COORDINATED_UNIVERSAL_TIME_OFFSET ( 1, 0, .AHEAD. ) ;
#3185 = PERSON ( 'NAUO-PER15', 'UNSPECIFIED', 'UNSPECIFIED', ('UNSPECIFIED'), ('UNSPECIFIED'), ('UNSPECIFIED') ) ;
#3186 = APPLIED_DOCUMENT_REFERENCE ( #903,'',( #2881) ) ;
#3187 = AXIS2_PLACEMENT_3D ( 'NONE', #727, #2393, #1902 ) ;
#3188 = PERSON_AND_ORGANIZATION ( #18446744073709551615, #18446744073709551615 ) ;
#3189 = CONTEXT_DEPENDENT_SHAPE_REPRESENTATION ( #1191, #2321 ) ;
#3190 = PERSON_AND_ORGANIZATION_ROLE ( 'design_supplier' ) ;
#3191 = LOCAL_TIME ( 19, 36, 27.00000000000000000, #2927 ) ;
#3192 =( REPRESENTATION_RELATIONSHIP ('NONE','NONE', #3664, #2260 ) REPRESENTATION_RELATIONSHIP_WITH_TRANSFORMATION ( #735 )SHAPE_REPRESENTATION_RELATIONSHIP( ) );
#3193 =( NAMED_UNIT ( * ) SI_UNIT ( $, .STERADIAN. ) SOLID_ANGLE_UNIT ( ) );
#3194 = LOCAL_TIME ( 19, 36, 27.00000000000000000, #1221 ) ;
#3195 = DATE_AND_TIME ( #3212, #3428 ) ;
#3196 = APPROVAL ( #3375, 'Deckungsgleich' ) ;
#3197 = IDENTIFICATION_ROLE ( 'external document id and location', $) ;
#3198 = PERSON_AND_ORGANIZATION_ROLE ( 'classification_officer' ) ;
#3199 = PROPERTY_DEFINITION_REPRESENTATION ( #1385, #2780 ) ;
#3200 = PERSON_AND_ORGANIZATION ( #18446744073709551615, #18446744073709551615 ) ;
#3201 = DATE_AND_TIME ( #29, #896 ) ;
#3202 = CC_DESIGN_PERSON_AND_ORGANIZATION_ASSIGNMENT ( #3050, #2206, ( #3418 ) ) ;
#3203 = PRODUCT_DEFINITION_SHAPE ( 'NONE', 'NONE',  #1836 ) ;
#3204 = APPROVAL_DATE_TIME ( #3223, #647 ) ;
#3205 = CALENDAR_DATE ( 2026, 4, 4 ) ;
#3206 = APPROVAL_DATE_TIME ( #335, #3633 ) ;
#3207 = DIRECTION ( 'NONE',  ( 1.000000000000000000, 0.000000000000000000, 0.000000000000000000 ) ) ;
#3208 = APPROVAL_STATUS ( 'not_yet_approved' ) ;
#3209 = SECURITY_CLASSIFICATION_LEVEL ( 'unclassified' ) ;
#3210 = PERSON_AND_ORGANIZATION_ROLE ( 'classification_officer' ) ;
#3211 = APPLICATION_CONTEXT ( 'configuration controlled 3d designs of mechanical parts and assemblies' ) ;
#3212 = CALENDAR_DATE ( 2026, 4, 4 ) ;
#3213 = UNCERTAINTY_MEASURE_WITH_UNIT (LENGTH_MEASURE( 1.000000000000000082E-05 ), #1874, 'distance_accuracy_value', 'NONE');
#3214 = LOCAL_TIME ( 19, 36, 27.00000000000000000, #2115 ) ;
#3215 = DATE_AND_TIME ( #1462, #3479 ) ;
#3216 = IDENTIFICATION_ROLE ( 'external document id and location', $) ;
#3217 = APPROVAL_DATE_TIME ( #2133, #2409 ) ;
#3218 = CC_DESIGN_APPROVAL ( #1626, ( #1542 ) ) ;
#3219 = COORDINATED_UNIVERSAL_TIME_OFFSET ( 1, 0, .AHEAD. ) ;
#3220 = PERSON_AND_ORGANIZATION_ROLE ( 'classification_officer' ) ;
#3221 =( NAMED_UNIT ( * ) SI_UNIT ( $, .STERADIAN. ) SOLID_ANGLE_UNIT ( ) );
#3222 = PROPERTY_DEFINITION_REPRESENTATION ( #3466, #294 ) ;
#3223 = DATE_AND_TIME ( #880, #2718 ) ;
#3224 = APPROVAL ( #392, 'Deckungsgleich' ) ;
#3225 = DATE_AND_TIME ( #881, #2554 ) ;
#3226 = CC_DESIGN_DATE_AND_TIME_ASSIGNMENT ( #2081, #1787, ( #2650 ) ) ;
#3227 = APPLIED_EXTERNAL_IDENTIFICATION_ASSIGNMENT ( 'Button Cover Right REF2003.STEP' , #1591, #2562,( #2557) ) ;
#3228 = ORGANIZATION ( 'NAUO-ORG21', 'UNSPECIFIED', 'UNSPECIFIED' ) ;
#3229 = DATE_AND_TIME ( #57, #541 ) ;
#3230 = CALENDAR_DATE ( 2026, 4, 4 ) ;
#3231 = CONTEXT_DEPENDENT_SHAPE_REPRESENTATION ( #1573, #680 ) ;
#3232 = APPROVAL_DATE_TIME ( #2683, #187 ) ;
#3233 = SECURITY_CLASSIFICATION ( '', '', #952 ) ;
#3234 = CC_DESIGN_SECURITY_CLASSIFICATION ( #1130, ( #3712 ) ) ;
#3235 = APPROVAL ( #2701, 'Deckungsgleich' ) ;
#3236 = CC_DESIGN_APPROVAL ( #3439, ( #3418 ) ) ;
#3237 =( NAMED_UNIT ( * ) SI_UNIT ( $, .STERADIAN. ) SOLID_ANGLE_UNIT ( ) );
#3238 = PERSON_AND_ORGANIZATION ( #18446744073709551615, #18446744073709551615 ) ;
#3239 = PRODUCT_DEFINITION_SHAPE ( 'NONE', 'NONE',  #1044 ) ;
#3240 = ROLE_ASSOCIATION ( #3412, #2152 ) ;
#3241 = CALENDAR_DATE ( 2026, 4, 4 ) ;
#3242 = APPROVAL_STATUS ( 'not_yet_approved' ) ;
#3243 =( NAMED_UNIT ( * ) PLANE_ANGLE_UNIT ( ) SI_UNIT ( $, .RADIAN. ) );
#3244 = PERSON_AND_ORGANIZATION ( #18446744073709551615, #18446744073709551615 ) ;
#3245 = APPROVAL_PERSON_ORGANIZATION ( #1265, #244, #907 ) ;
#3246 = APPROVAL_ROLE ( '' ) ;
#3247 = CC_DESIGN_APPROVAL ( #1407, ( #67 ) ) ;
#3248 = SHAPE_REPRESENTATION ( 'Battery Compartment Right REF2005', ( #1916 ), #469 ) ;
#3249 = DIRECTION ( 'NONE',  ( 0.000000000000000000, 0.000000000000000000, 1.000000000000000000 ) ) ;
#3250 = APPROVAL_PERSON_ORGANIZATION ( #1869, #1528, #2699 ) ;
#3251 = COORDINATED_UNIVERSAL_TIME_OFFSET ( 1, 0, .AHEAD. ) ;
#3252 = APPROVAL_ROLE ( '' ) ;
#3253 = CC_DESIGN_DATE_AND_TIME_ASSIGNMENT ( #1918, #723, ( #1762 ) ) ;
#3254 = PROPERTY_DEFINITION ('external definition','', #667 ) ;
#3255 = CC_DESIGN_DATE_AND_TIME_ASSIGNMENT ( #78, #2313, ( #366 ) ) ;
#3256 = CARTESIAN_POINT ( 'NONE',  ( 0.000000000000000000, 0.000000000000000000, 0.000000000000000000 ) ) ;
#3257 = PERSON_AND_ORGANIZATION_ROLE ( 'classification_officer' ) ;
#3258 = PERSON ( 'NAUO-PER18', 'UNSPECIFIED', 'UNSPECIFIED', ('UNSPECIFIED'), ('UNSPECIFIED'), ('UNSPECIFIED') ) ;
#3259 = DESIGN_CONTEXT ( 'detailed design', #1408, 'design' ) ;
#3260 = APPROVAL_PERSON_ORGANIZATION ( #496, #3180, #979 ) ;
#3261 = COORDINATED_UNIVERSAL_TIME_OFFSET ( 1, 0, .AHEAD. ) ;
#3262 = ORGANIZATION ( 'NAUO-ORG14', 'UNSPECIFIED', 'UNSPECIFIED' ) ;
#3263 = DOCUMENT_FILE ( 'Rumble Sleeve REF2015.STEP' , '', '', #2706, '' ,$ ) ;
#3264 = PERSON_AND_ORGANIZATION ( #18446744073709551615, #18446744073709551615 ) ;
#3265 = PRODUCT_DEFINITION ( 'Allgemein', '', #1092, #1047 ) ;
#3266 =( NAMED_UNIT ( * ) SI_UNIT ( $, .STERADIAN. ) SOLID_ANGLE_UNIT ( ) );
#3267 = COORDINATED_UNIVERSAL_TIME_OFFSET ( 1, 0, .AHEAD. ) ;
#3268 = PERSON_AND_ORGANIZATION ( #18446744073709551615, #18446744073709551615 ) ;
#3269 = CALENDAR_DATE ( 2026, 4, 4 ) ;
#3270 = SHAPE_REPRESENTATION ( 'PS2 Main Housing Top REF2000 DesignSupports', ( #3311 ), #3426 ) ;
#3271 = DIRECTION ( 'NONE',  ( 2.079079374386925671E-14, 0.9987523388778448696, 0.04993761694388818007 ) ) ;
#3272 = APPLICATION_PROTOCOL_DEFINITION ( 'international standard', 'config_control_design', 1994, #3587 ) ;
#3273 = OBJECT_ROLE ('mandatory',$ ) ;
#3274 = PERSON_AND_ORGANIZATION ( #2026, #1120 ) ;
#3275 = APPLICATION_PROTOCOL_DEFINITION ( 'international standard', 'config_control_design', 1994, #734 ) ;
#3276 = PRODUCT ( 'MemoryCard Cover REF2013', 'MemoryCard Cover REF2013', '', ( #2503 ) ) ;
#3277 = DIRECTION ( 'NONE',  ( 1.000000000000000000, 0.000000000000000000, 0.000000000000000000 ) ) ;
#3278 = APPROVAL_DATE_TIME ( #438, #1285 ) ;
#3279 = CC_DESIGN_PERSON_AND_ORGANIZATION_ASSIGNMENT ( #2188, #3356, ( #3418 ) ) ;
#3280 = DOCUMENT_FILE ( 'DPAD Sanding Tool.STEP' , '', '', #3328, '' ,$ ) ;
#3281 = CALENDAR_DATE ( 2026, 4, 4 ) ;
#3282 = PERSON_AND_ORGANIZATION_ROLE ( 'creator' ) ;
#3283 = PRODUCT_DEFINITION_FORMATION_WITH_SPECIFIED_SOURCE ( 'Symmetrisch', '', #988, .NOT_KNOWN. ) ;
#3284 = CARTESIAN_POINT ( 'NONE',  ( 0.000000000000000000, 0.000000000000000000, 0.000000000000000000 ) ) ;
#3285 = CC_DESIGN_SECURITY_CLASSIFICATION ( #2329, ( #2514 ) ) ;
#3286 = PROPERTY_DEFINITION ('external definition','', #2974 ) ;
#3287 = PERSON_AND_ORGANIZATION ( #18446744073709551615, #18446744073709551615 ) ;
#3288 = LOCAL_TIME ( 19, 36, 27.00000000000000000, #2125 ) ;
#3289 = CALENDAR_DATE ( 2026, 4, 4 ) ;
#3290 = CC_DESIGN_PERSON_AND_ORGANIZATION_ASSIGNMENT ( #253, #838, ( #1839 ) ) ;
#3291 = DATE_AND_TIME ( #226, #656 ) ;
#3292 = DIRECTION ( 'NONE',  ( 1.000000000000000000, 2.304915807988406744E-34, -1.656950613958501260E-17 ) ) ;
#3293 = APPROVAL_ROLE ( '' ) ;
#3294 = DATE_AND_TIME ( #960, #1364 ) ;
#3295 = PERSON_AND_ORGANIZATION ( #18446744073709551615, #18446744073709551615 ) ;
#3296 = APPROVAL_PERSON_ORGANIZATION ( #1901, #1450, #1595 ) ;
#3297 = SHAPE_REPRESENTATION ( 'Screen Lens Frame REF2008', ( #1625 ), #3340 ) ;
#3298 = CARTESIAN_POINT ( 'NONE',  ( 0.000000000000000000, 0.000000000000000000, 0.000000000000000000 ) ) ;
#3299 = APPROVAL_DATE_TIME ( #2502, #2340 ) ;
#3300 = APPROVAL_PERSON_ORGANIZATION ( #3329, #2665, #2963 ) ;
#3301 = DESIGN_CONTEXT ( 'detailed design', #3211, 'design' ) ;
#3302 = APPROVAL_PERSON_ORGANIZATION ( #65, #14, #2686 ) ;
#3303 = PROPERTY_DEFINITION_REPRESENTATION ( #1638, #462 ) ;
#3304 = LOCAL_TIME ( 19, 36, 27.00000000000000000, #1377 ) ;
#3305 = PROPERTY_DEFINITION_REPRESENTATION ( #2259, #3137 ) ;
#3306 = COORDINATED_UNIVERSAL_TIME_OFFSET ( 1, 0, .AHEAD. ) ;
#3307 = PRODUCT_RELATED_PRODUCT_CATEGORY ( 'detail', '', ( #1199 ) ) ;
#3308 = PRODUCT ( 'Lower Display Mount REF2009', 'Lower Display Mount REF2009', '', ( #1971 ) ) ;
#3309 = CALENDAR_DATE ( 2026, 4, 4 ) ;
#3310 = APPROVAL_STATUS ( 'not_yet_approved' ) ;
#3311 = AXIS2_PLACEMENT_3D ( 'NONE', #1728, #2312, #297 ) ;
#3312 = LOCAL_TIME ( 19, 36, 27.00000000000000000, #3306 ) ;
#3313 = COORDINATED_UNIVERSAL_TIME_OFFSET ( 1, 0, .AHEAD. ) ;
#3314 = DIRECTION ( 'NONE',  ( 3.538189491664392680E-17, 0.8647753602829846287, 0.5021589153320232812 ) ) ;
#3315 = PERSON_AND_ORGANIZATION_ROLE ( 'design_owner' ) ;
#3316 = APPROVAL_DATE_TIME ( #2163, #1626 ) ;
#3317 = APPLICATION_PROTOCOL_DEFINITION ( 'international standard', 'config_control_design', 1994, #1251 ) ;
#3318 = PRODUCT_DEFINITION_FORMATION_WITH_SPECIFIED_SOURCE ( 'Symmetrisch', '', #2999, .NOT_KNOWN. ) ;
#3319 = CC_DESIGN_DATE_AND_TIME_ASSIGNMENT ( #1883, #447, ( #3233 ) ) ;
#3320 = CC_DESIGN_PERSON_AND_ORGANIZATION_ASSIGNMENT ( #2564, #3089, ( #71 ) ) ;
#3321 = PERSON_AND_ORGANIZATION ( #18446744073709551615, #18446744073709551615 ) ;
#3322 = COORDINATED_UNIVERSAL_TIME_OFFSET ( 1, 0, .AHEAD. ) ;
#3323 = CALENDAR_DATE ( 2026, 4, 4 ) ;
#3324 = AXIS2_PLACEMENT_3D ( 'NONE', #173, #746, #418 ) ;
#3325 = CC_DESIGN_PERSON_AND_ORGANIZATION_ASSIGNMENT ( #1631, #2267, ( #2096 ) ) ;
#3326 = SECURITY_CLASSIFICATION_LEVEL ( 'unclassified' ) ;
#3327 = CC_DESIGN_SECURITY_CLASSIFICATION ( #1048, ( #2793 ) ) ;
#3328 = DOCUMENT_TYPE ( 'geometry' ) ;
#3329 = PERSON_AND_ORGANIZATION ( #18446744073709551615, #18446744073709551615 ) ;
#3330 = PERSON_AND_ORGANIZATION_ROLE ( 'design_supplier' ) ;
#3331 = PRODUCT_DEFINITION ( 'Allgemein', '', #3107, #3097 ) ;
#3332 = PROPERTY_DEFINITION_REPRESENTATION ( #466, #77 ) ;
#3333 = CARTESIAN_POINT ( 'NONE',  ( -271.8879109570220294, 27.50460164849044631, 87.84026820430639759 ) ) ;
#3334 = PERSON_AND_ORGANIZATION ( #18446744073709551615, #18446744073709551615 ) ;
#3335 = APPLICATION_PROTOCOL_DEFINITION ( 'international standard', 'config_control_design', 1994, #1060 ) ;
#3336 =( NAMED_UNIT ( * ) SI_UNIT ( $, .STERADIAN. ) SOLID_ANGLE_UNIT ( ) );
#3337 = COORDINATED_UNIVERSAL_TIME_OFFSET ( 1, 0, .AHEAD. ) ;
#3338 = APPLICATION_PROTOCOL_DEFINITION ( 'international standard', 'config_control_design', 1994, #1036 ) ;
#3339 = UNCERTAINTY_MEASURE_WITH_UNIT (LENGTH_MEASURE( 1.000000000000000082E-05 ), #1447, 'distance_accuracy_value', 'NONE');
#3340 =( GEOMETRIC_REPRESENTATION_CONTEXT ( 3 ) GLOBAL_UNCERTAINTY_ASSIGNED_CONTEXT ( ( #2741 ) ) GLOBAL_UNIT_ASSIGNED_CONTEXT ( ( #1442, #2315, #3468 ) ) REPRESENTATION_CONTEXT ( 'NONE', 'WORKASPACE' ) );
#3341 = CALENDAR_DATE ( 2026, 4, 4 ) ;
#3342 = APPLICATION_CONTEXT ( 'configuration controlled 3d designs of mechanical parts and assemblies' ) ;
#3343 = CALENDAR_DATE ( 2026, 4, 4 ) ;
#3344 = CC_DESIGN_APPROVAL ( #763, ( #2320 ) ) ;
#3345 = APPROVAL_STATUS ( 'not_yet_approved' ) ;
#3346 = IDENTIFICATION_ROLE ( 'external document id and location', $) ;
#3347 = DATE_AND_TIME ( #1055, #480 ) ;
#3348 = DIRECTION ( 'NONE',  ( 1.000000000000000000, 0.000000000000000000, 0.000000000000000000 ) ) ;
#3349 = APPROVAL_PERSON_ORGANIZATION ( #546, #34, #581 ) ;
#3350 = PERSON_AND_ORGANIZATION ( #18446744073709551615, #18446744073709551615 ) ;
#3351 = COORDINATED_UNIVERSAL_TIME_OFFSET ( 1, 0, .AHEAD. ) ;
#3352 = CC_DESIGN_PERSON_AND_ORGANIZATION_ASSIGNMENT ( #1464, #2914, ( #2455 ) ) ;
#3353 = PROPERTY_DEFINITION ('document property','', #2839 ) ;
#3354 = CARTESIAN_POINT ( 'NONE',  ( 0.000000000000000000, 0.000000000000000000, 0.000000000000000000 ) ) ;
#3355 = PERSON_AND_ORGANIZATION_ROLE ( 'creator' ) ;
#3356 = PERSON_AND_ORGANIZATION_ROLE ( 'creator' ) ;
#3357 = CC_DESIGN_DATE_AND_TIME_ASSIGNMENT ( #1324, #159, ( #2236 ) ) ;
#3358 = CALENDAR_DATE ( 2026, 4, 4 ) ;
#3359 = CC_DESIGN_SECURITY_CLASSIFICATION ( #284, ( #3716 ) ) ;
#3360 = LOCAL_TIME ( 19, 36, 27.00000000000000000, #3038 ) ;
#3361 = PERSON_AND_ORGANIZATION ( #18446744073709551615, #18446744073709551615 ) ;
#3362 =( LENGTH_UNIT ( ) NAMED_UNIT ( * ) SI_UNIT ( .MILLI., .METRE. ) );
#3363 = DOCUMENT_TYPE ( 'geometry' ) ;
#3364 = DATE_AND_TIME ( #493, #2601 ) ;
#3365 = DATE_AND_TIME ( #1951, #803 ) ;
#3366 = PERSON_AND_ORGANIZATION_ROLE ( 'classification_officer' ) ;
#3367 = CC_DESIGN_PERSON_AND_ORGANIZATION_ASSIGNMENT ( #1689, #262, ( #1605 ) ) ;
#3368 = APPLICATION_PROTOCOL_DEFINITION ( 'international standard', 'config_control_design', 1994, #1171 ) ;
#3369 = UNCERTAINTY_MEASURE_WITH_UNIT (LENGTH_MEASURE( 1.000000000000000082E-05 ), #2036, 'distance_accuracy_value', 'NONE');
#3370 = APPROVAL_PERSON_ORGANIZATION ( #1400, #927, #2581 ) ;
#3371 = APPROVAL_STATUS ( 'not_yet_approved' ) ;
#3372 = DATE_AND_TIME ( #2227, #1118 ) ;
#3373 = PERSON ( 'NAUO-PER7', 'UNSPECIFIED', 'UNSPECIFIED', ('UNSPECIFIED'), ('UNSPECIFIED'), ('UNSPECIFIED') ) ;
#3374 = CC_DESIGN_DATE_AND_TIME_ASSIGNMENT ( #3077, #2854, ( #376 ) ) ;
#3375 = APPROVAL_STATUS ( 'not_yet_approved' ) ;
#3376 = CARTESIAN_POINT ( 'NONE',  ( 0.000000000000000000, 0.000000000000000000, 0.000000000000000000 ) ) ;
#3377 = LOCAL_TIME ( 19, 36, 27.00000000000000000, #3502 ) ;
#3378 = AXIS2_PLACEMENT_3D ( 'NONE', #1225, #1522, #1061 ) ;
#3379 = LOCAL_TIME ( 19, 36, 27.00000000000000000, #2427 ) ;
#3380 = APPROVAL_DATE_TIME ( #2231, #3083 ) ;
#3381 = APPROVAL_STATUS ( 'not_yet_approved' ) ;
#3382 = DATE_AND_TIME ( #2837, #2423 ) ;
#3383 = PERSON_AND_ORGANIZATION_ROLE ( 'classification_officer' ) ;
#3384 = APPROVAL_DATE_TIME ( #2239, #108 ) ;
#3385 = SHAPE_DEFINITION_REPRESENTATION ( #427, #3411 ) ;
#3386 = APPLICATION_CONTEXT ( 'configuration controlled 3d designs of mechanical parts and assemblies' ) ;
#3387 = DATE_TIME_ROLE ( 'creation_date' ) ;
#3388 = PERSON_AND_ORGANIZATION_ROLE ( 'classification_officer' ) ;
#3389 = SECURITY_CLASSIFICATION ( '', '', #144 ) ;
#3390 = DOCUMENT_TYPE ( 'geometry' ) ;
#3391 = CC_DESIGN_PERSON_AND_ORGANIZATION_ASSIGNMENT ( #1481, #2069, ( #3680 ) ) ;
#3392 = PERSON_AND_ORGANIZATION_ROLE ( 'creator' ) ;
#3393 = PROPERTY_DEFINITION ('external definition','', #624 ) ;
#3394 = PERSON_AND_ORGANIZATION ( #18446744073709551615, #18446744073709551615 ) ;
#3395 = CONTEXT_DEPENDENT_SHAPE_REPRESENTATION ( #154, #1149 ) ;
#3396 = PERSON_AND_ORGANIZATION ( #18446744073709551615, #18446744073709551615 ) ;
#3397 = APPROVAL_PERSON_ORGANIZATION ( #3200, #3224, #1801 ) ;
#3398 = PRODUCT_RELATED_PRODUCT_CATEGORY ( 'detail', '', ( #2971 ) ) ;
#3399 = PERSON_AND_ORGANIZATION ( #2410, #2766 ) ;
#3400 = APPROVAL_PERSON_ORGANIZATION ( #3399, #575, #3611 ) ;
#3401 = DATE_AND_TIME ( #2812, #582 ) ;
#3402 = APPROVAL_ROLE ( '' ) ;
#3403 = APPROVAL_PERSON_ORGANIZATION ( #1445, #1784, #872 ) ;
#3404 = PRODUCT_DEFINITION_SHAPE ( 'NONE', 'NONE',  #3725 ) ;
#3405 = APPLICATION_PROTOCOL_DEFINITION ( 'international standard', 'config_control_design', 1994, #3342 ) ;
#3406 = AXIS2_PLACEMENT_3D ( 'NONE', #3376, #525, #1985 ) ;
#3407 = OBJECT_ROLE ('mandatory',$ ) ;
#3408 = SECURITY_CLASSIFICATION_LEVEL ( 'unclassified' ) ;
#3409 = ORGANIZATION ( 'NAUO-ORG3', 'UNSPECIFIED', 'UNSPECIFIED' ) ;
#3410 = LOCAL_TIME ( 19, 36, 27.00000000000000000, #2111 ) ;
#3411 = SHAPE_REPRESENTATION ( 'MemoryCard Cover REF2013', ( #2009 ), #452 ) ;
#3412 = OBJECT_ROLE ('mandatory',$ ) ;
#3413 = DATE_AND_TIME ( #3095, #1798 ) ;
#3414 = CC_DESIGN_DATE_AND_TIME_ASSIGNMENT ( #1100, #1409, ( #2462 ) ) ;
#3415 = LOCAL_TIME ( 19, 36, 27.00000000000000000, #2525 ) ;
#3416 = CC_DESIGN_APPROVAL ( #1450, ( #2469 ) ) ;
#3417 = CC_DESIGN_PERSON_AND_ORGANIZATION_ASSIGNMENT ( #3006, #977, ( #2132 ) ) ;
#3418 = PRODUCT_DEFINITION_FORMATION_WITH_SPECIFIED_SOURCE ( 'Symmetrisch', '', #700, .NOT_KNOWN. ) ;
#3419 = PROPERTY_DEFINITION_REPRESENTATION ( #379, #2864 ) ;
#3420 = CC_DESIGN_DATE_AND_TIME_ASSIGNMENT ( #873, #492, ( #98 ) ) ;
#3421 = DATE_TIME_ROLE ( 'classification_date' ) ;
#3422 = APPROVAL_ROLE ( '' ) ;
#3423 = DIRECTION ( 'NONE',  ( 1.000000000000000000, 0.000000000000000000, 0.000000000000000000 ) ) ;
#3424 = DATE_AND_TIME ( #2276, #101 ) ;
#3425 = APPROVAL_ROLE ( '' ) ;
#3426 =( GEOMETRIC_REPRESENTATION_CONTEXT ( 3 ) GLOBAL_UNCERTAINTY_ASSIGNED_CONTEXT ( ( #2241 ) ) GLOBAL_UNIT_ASSIGNED_CONTEXT ( ( #2609, #336, #2624 ) ) REPRESENTATION_CONTEXT ( 'NONE', 'WORKASPACE' ) );
#3427 = APPROVAL ( #3513, 'Deckungsgleich' ) ;
#3428 = LOCAL_TIME ( 19, 36, 27.00000000000000000, #3487 ) ;
#3429 = APPROVAL_STATUS ( 'not_yet_approved' ) ;
#3430 = APPROVAL_DATE_TIME ( #3372, #1096 ) ;
#3431 = CC_DESIGN_APPROVAL ( #3661, ( #1932 ) ) ;
#3432 = PRODUCT_DEFINITION ( 'Allgemein', '', #1319, #479 ) ;
#3433 = PROPERTY_DEFINITION ('external definition','', #2543 ) ;
#3434 = PROPERTY_DEFINITION_REPRESENTATION ( #3393, #1352 ) ;
#3435 = CC_DESIGN_APPROVAL ( #1528, ( #2077 ) ) ;
#3436 = DIRECTION ( 'NONE',  ( -0.3665948973903798147, -0.8478809816235848285, -0.3830222215594849544 ) ) ;
#3437 = DATE_TIME_ROLE ( 'classification_date' ) ;
#3438 = ITEM_DEFINED_TRANSFORMATION ( 'NONE', 'NONE', #1808,  #2760 ) ;
#3439 = APPROVAL ( #3608, 'Deckungsgleich' ) ;
#3440 = PRODUCT_DEFINITION_FORMATION_WITH_SPECIFIED_SOURCE ( 'Symmetrisch', '', #1166, .NOT_KNOWN. ) ;
#3441 = APPROVAL_STATUS ( 'not_yet_approved' ) ;
#3442 = APPROVAL ( #3079, 'Deckungsgleich' ) ;
#3443 = CALENDAR_DATE ( 2026, 4, 4 ) ;
#3444 = APPROVAL_PERSON_ORGANIZATION ( #2748, #2075, #759 ) ;
#3445 = DOCUMENT_TYPE ( 'geometry' ) ;
#3446 = APPROVAL_STATUS ( 'not_yet_approved' ) ;
#3447 = APPROVAL_DATE_TIME ( #1996, #1834 ) ;
#3448 = APPROVAL_STATUS ( 'not_yet_approved' ) ;
#3449 = CC_DESIGN_DATE_AND_TIME_ASSIGNMENT ( #371, #2630, ( #1254 ) ) ;
#3450 = PRODUCT ( 'Button Cover Left REF2002', 'Button Cover Left REF2002', '', ( #2499 ) ) ;
#3451 = APPROVAL_DATE_TIME ( #2634, #3463 ) ;
#3452 = LOCAL_TIME ( 19, 36, 27.00000000000000000, #1287 ) ;
#3453 = CALENDAR_DATE ( 2026, 4, 4 ) ;
#3454 = PERSON_AND_ORGANIZATION ( #18446744073709551615, #18446744073709551615 ) ;
#3455 = DIRECTION ( 'NONE',  ( 1.000000000000000000, 0.000000000000000000, 0.000000000000000000 ) ) ;
#3456 =( GEOMETRIC_REPRESENTATION_CONTEXT ( 3 ) GLOBAL_UNCERTAINTY_ASSIGNED_CONTEXT ( ( #1909 ) ) GLOBAL_UNIT_ASSIGNED_CONTEXT ( ( #552, #1954, #2841 ) ) REPRESENTATION_CONTEXT ( 'NONE', 'WORKASPACE' ) );
#3457 = ROLE_ASSOCIATION ( #300, #3088 ) ;
#3458 = PERSON_AND_ORGANIZATION_ROLE ( 'creator' ) ;
#3459 = PERSON_AND_ORGANIZATION ( #18446744073709551615, #18446744073709551615 ) ;
#3460 = CC_DESIGN_PERSON_AND_ORGANIZATION_ASSIGNMENT ( #100, #2108, ( #1183 ) ) ;
#3461 = CC_DESIGN_APPROVAL ( #1698, ( #1600 ) ) ;
#3462 = APPLICATION_PROTOCOL_DEFINITION ( 'international standard', 'config_control_design', 1994, #2578 ) ;
#3463 = APPROVAL ( #2282, 'UNKNOWN' ) ;
#3464 = PERSON_AND_ORGANIZATION ( #18446744073709551615, #18446744073709551615 ) ;
#3465 = LOCAL_TIME ( 19, 36, 27.00000000000000000, #2945 ) ;
#3466 = PROPERTY_DEFINITION ('document property','', #2557 ) ;
#3467 = OBJECT_ROLE ('mandatory',$ ) ;
#3468 =( NAMED_UNIT ( * ) SI_UNIT ( $, .STERADIAN. ) SOLID_ANGLE_UNIT ( ) );
#3469 = PERSON_AND_ORGANIZATION ( #18446744073709551615, #18446744073709551615 ) ;
#3470 = CC_DESIGN_SECURITY_CLASSIFICATION ( #882, ( #3709 ) ) ;
#3471 = APPROVAL ( #38, 'Deckungsgleich' ) ;
#3472 = SECURITY_CLASSIFICATION_LEVEL ( 'unclassified' ) ;
#3473 = COORDINATED_UNIVERSAL_TIME_OFFSET ( 1, 0, .AHEAD. ) ;
#3474 =( NAMED_UNIT ( * ) SI_UNIT ( $, .STERADIAN. ) SOLID_ANGLE_UNIT ( ) );
#3475 = LOCAL_TIME ( 19, 36, 27.00000000000000000, #2827 ) ;
#3476 = PERSON_AND_ORGANIZATION ( #18446744073709551615, #18446744073709551615 ) ;
#3477 = APPROVAL_PERSON_ORGANIZATION ( #2883, #937, #2052 ) ;
#3478 = PERSON_AND_ORGANIZATION_ROLE ( 'design_owner' ) ;
#3479 = LOCAL_TIME ( 19, 36, 27.00000000000000000, #3505 ) ;
#3480 = PERSON_AND_ORGANIZATION ( #18446744073709551615, #18446744073709551615 ) ;
#3481 = LOCAL_TIME ( 19, 36, 27.00000000000000000, #610 ) ;
#3482 = CC_DESIGN_DATE_AND_TIME_ASSIGNMENT ( #287, #3437, ( #2528 ) ) ;
#3483 = DIRECTION ( 'NONE',  ( 1.000000000000000000, 0.000000000000000000, 0.000000000000000000 ) ) ;
#3484 = APPROVAL_STATUS ( 'not_yet_approved' ) ;
#3485 = PERSON_AND_ORGANIZATION_ROLE ( 'creator' ) ;
#3486 =( LENGTH_UNIT ( ) NAMED_UNIT ( * ) SI_UNIT ( .MILLI., .METRE. ) );
#3487 = COORDINATED_UNIVERSAL_TIME_OFFSET ( 1, 0, .AHEAD. ) ;
#3488 = PERSON_AND_ORGANIZATION_ROLE ( 'classification_officer' ) ;
#3489 = LOCAL_TIME ( 19, 36, 27.00000000000000000, #2316 ) ;
#3490 = COORDINATED_UNIVERSAL_TIME_OFFSET ( 1, 0, .AHEAD. ) ;
#3491 = APPROVAL_DATE_TIME ( #351, #633 ) ;
#3492 = PERSON_AND_ORGANIZATION ( #18446744073709551615, #18446744073709551615 ) ;
#3493 = SHAPE_REPRESENTATION ( 'Lower Display Mount REF2009', ( #2192 ), #3145 ) ;
#3494 = APPROVAL_STATUS ( 'not_yet_approved' ) ;
#3495 = APPROVAL_STATUS ( 'not_yet_approved' ) ;
#3496 = DATE_TIME_ROLE ( 'classification_date' ) ;
#3497 = SECURITY_CLASSIFICATION ( '', '', #2602 ) ;
#3498 = APPLIED_DOCUMENT_REFERENCE ( #2350,'',( #3265) ) ;
#3499 = CARTESIAN_POINT ( 'NONE',  ( -107.5533237891854128, -50.97818598876934715, -35.10785168591225158 ) ) ;
#3500 = APPLICATION_PROTOCOL_DEFINITION ( 'international standard', 'config_control_design', 1994, #1993 ) ;
#3501 = APPROVAL_ROLE ( '' ) ;
#3502 = COORDINATED_UNIVERSAL_TIME_OFFSET ( 1, 0, .AHEAD. ) ;
#3503 = LOCAL_TIME ( 19, 36, 27.00000000000000000, #1905 ) ;
#3504 = CALENDAR_DATE ( 2026, 4, 4 ) ;
#3505 = COORDINATED_UNIVERSAL_TIME_OFFSET ( 1, 0, .AHEAD. ) ;
#3506 = PROPERTY_DEFINITION_REPRESENTATION ( #10, #2780 ) ;
#3507 = APPROVAL_ROLE ( '' ) ;
#3508 = PERSON_AND_ORGANIZATION ( #18446744073709551615, #18446744073709551615 ) ;
#3509 = CC_DESIGN_DATE_AND_TIME_ASSIGNMENT ( #1849, #1282, ( #1542 ) ) ;
#3510 = CC_DESIGN_PERSON_AND_ORGANIZATION_ASSIGNMENT ( #178, #732, ( #679 ) ) ;
#3511 = PRODUCT ( 'Speaker Cover Left REF2006', 'Speaker Cover Left REF2006', '', ( #1370 ) ) ;
#3512 = APPROVAL_DATE_TIME ( #2972, #14 ) ;
#3513 = APPROVAL_STATUS ( 'not_yet_approved' ) ;
#3514 = CALENDAR_DATE ( 2026, 4, 4 ) ;
#3515 = AXIS2_PLACEMENT_3D ( 'NONE', #2384, #1157, #1175 ) ;
#3516 = APPROVAL ( #1122, 'Deckungsgleich' ) ;
#3517 = APPROVAL ( #121, 'UNKNOWN' ) ;
#3518 = CALENDAR_DATE ( 2026, 4, 4 ) ;
#3519 = CALENDAR_DATE ( 2026, 4, 4 ) ;
#3520 = CALENDAR_DATE ( 2026, 4, 4 ) ;
#3521 =( NAMED_UNIT ( * ) PLANE_ANGLE_UNIT ( ) SI_UNIT ( $, .RADIAN. ) );
#3522 = DATE_TIME_ROLE ( 'creation_date' ) ;
#3523 = UNCERTAINTY_MEASURE_WITH_UNIT (LENGTH_MEASURE( 1.000000000000000082E-05 ), #3362, 'distance_accuracy_value', 'NONE');
#3524 = COORDINATED_UNIVERSAL_TIME_OFFSET ( 1, 0, .AHEAD. ) ;
#3525 = PRODUCT_DEFINITION_SHAPE ( 'NONE', 'NONE',  #3701 ) ;
#3526 = LOCAL_TIME ( 19, 36, 27.00000000000000000, #846 ) ;
#3527 = CALENDAR_DATE ( 2026, 4, 4 ) ;
#3528 = DATE_AND_TIME ( #2168, #2470 ) ;
#3529 = CC_DESIGN_DATE_AND_TIME_ASSIGNMENT ( #1104, #3146, ( #3497 ) ) ;
#3530 = PERSON_AND_ORGANIZATION_ROLE ( 'creator' ) ;
#3531 =( GEOMETRIC_REPRESENTATION_CONTEXT ( 3 ) GLOBAL_UNCERTAINTY_ASSIGNED_CONTEXT ( ( #3609 ) ) GLOBAL_UNIT_ASSIGNED_CONTEXT ( ( #2545, #3124, #1198 ) ) REPRESENTATION_CONTEXT ( 'NONE', 'WORKASPACE' ) );
#3532 = PRODUCT_RELATED_PRODUCT_CATEGORY ( 'detail', '', ( #900 ) ) ;
#3533 = APPLICATION_CONTEXT ( 'configuration controlled 3d designs of mechanical parts and assemblies' ) ;
#3534 = PERSON_AND_ORGANIZATION_ROLE ( 'creator' ) ;
#3535 = PRODUCT_RELATED_PRODUCT_CATEGORY ( 'detail', '', ( #988 ) ) ;
#3536 = LOCAL_TIME ( 19, 36, 27.00000000000000000, #232 ) ;
#3537 = SHAPE_REPRESENTATION ( 'Speaker Cover Left REF2006', ( #1580 ), #2238 ) ;
#3538 = DIRECTION ( 'NONE',  ( 1.000000000000000000, -1.977714623436050419E-14, -2.079239558305800983E-14 ) ) ;
#3539 = APPLICATION_PROTOCOL_DEFINITION ( 'international standard', 'config_control_design', 1994, #889 ) ;
#3540 = EXTERNAL_SOURCE (IDENTIFIER('') ) ;
#3541 = DATE_TIME_ROLE ( 'classification_date' ) ;
#3542 = DATE_TIME_ROLE ( 'classification_date' ) ;
#3543 = LOCAL_TIME ( 19, 36, 27.00000000000000000, #2867 ) ;
#3544 = APPLIED_EXTERNAL_IDENTIFICATION_ASSIGNMENT ( 'Screen Lens Frame REF2008.STEP' , #464, #3141,( #146) ) ;
#3545 = APPROVAL ( #1037, 'Deckungsgleich' ) ;
#3546 = SHAPE_DEFINITION_REPRESENTATION ( #2743, #585 ) ;
#3547 = DATE_TIME_ROLE ( 'classification_date' ) ;
#3548 = PRODUCT ( 'PS2 Main Housing Bot REF2001', 'PS2 Main Housing Bot REF2001', '', ( #47 ) ) ;
#3549 = APPROVAL_ROLE ( '' ) ;
#3550 = PERSON_AND_ORGANIZATION ( #18446744073709551615, #18446744073709551615 ) ;
#3551 = CALENDAR_DATE ( 2026, 4, 4 ) ;
#3552 = CC_DESIGN_APPROVAL ( #3174, ( #1183 ) ) ;
#3553 = CALENDAR_DATE ( 2026, 4, 4 ) ;
#3554 = LOCAL_TIME ( 19, 36, 27.00000000000000000, #2251 ) ;
#3555 = PRODUCT_RELATED_PRODUCT_CATEGORY ( 'detail', '', ( #3276 ) ) ;
#3556 = CARTESIAN_POINT ( 'NONE',  ( -267.7501757201915780, -150.5239267363819238, 20.99999999999998934 ) ) ;
#3557 = APPROVAL ( #1375, 'Deckungsgleich' ) ;
#3558 =( REPRESENTATION_RELATIONSHIP ('NONE','NONE', #3664, #3248 ) REPRESENTATION_RELATIONSHIP_WITH_TRANSFORMATION ( #3689 )SHAPE_REPRESENTATION_RELATIONSHIP( ) );
#3559 = PERSON ( 'NAUO-PER6', 'UNSPECIFIED', 'UNSPECIFIED', ('UNSPECIFIED'), ('UNSPECIFIED'), ('UNSPECIFIED') ) ;
#3560 = APPROVAL_DATE_TIME ( #993, #3545 ) ;
#3561 = PERSON_AND_ORGANIZATION_ROLE ( 'classification_officer' ) ;
#3562 = COORDINATED_UNIVERSAL_TIME_OFFSET ( 1, 0, .AHEAD. ) ;
#3563 = PRODUCT_DEFINITION_SHAPE ( 'NONE', 'NONE',  #3719 ) ;
#3564 = CARTESIAN_POINT ( 'NONE',  ( 0.000000000000000000, 0.000000000000000000, 0.000000000000000000 ) ) ;
#3565 = COORDINATED_UNIVERSAL_TIME_OFFSET ( 1, 0, .AHEAD. ) ;
#3566 = UNCERTAINTY_MEASURE_WITH_UNIT (LENGTH_MEASURE( 1.000000000000000082E-05 ), #1748, 'distance_accuracy_value', 'NONE');
#3567 = LOCAL_TIME ( 19, 36, 27.00000000000000000, #1992 ) ;
#3568 = DATE_AND_TIME ( #2418, #2736 ) ;
#3569 = LOCAL_TIME ( 19, 36, 27.00000000000000000, #2903 ) ;
#3570 = PROPERTY_DEFINITION_REPRESENTATION ( #3182, #966 ) ;
#3571 = APPROVAL ( #2235, 'UNKNOWN' ) ;
#3572 = PERSON_AND_ORGANIZATION ( #18446744073709551615, #18446744073709551615 ) ;
#3573 = CC_DESIGN_DATE_AND_TIME_ASSIGNMENT ( #461, #3662, ( #3684 ) ) ;
#3574 = PERSON_AND_ORGANIZATION ( #18446744073709551615, #18446744073709551615 ) ;
#3575 = COORDINATED_UNIVERSAL_TIME_OFFSET ( 1, 0, .AHEAD. ) ;
#3576 = DIRECTION ( 'NONE',  ( 0.8660254037844381525, 5.551115123125782702E-17, -0.5000000000000011102 ) ) ;
#3577 = COORDINATED_UNIVERSAL_TIME_OFFSET ( 1, 0, .AHEAD. ) ;
#3578 = DOCUMENT_FILE ( 'Lower Display Mount REF2009.STEP' , '', '', #1982, '' ,$ ) ;
#3579 = APPROVAL_DATE_TIME ( #1038, #3180 ) ;
#3580 = PRODUCT_DEFINITION_SHAPE ( 'NONE', 'NONE',  #3331 ) ;
#3581 = APPROVAL ( #2048, 'Deckungsgleich' ) ;
#3582 = CC_DESIGN_DATE_AND_TIME_ASSIGNMENT ( #695, #985, ( #1664 ) ) ;
#3583 =( GEOMETRIC_REPRESENTATION_CONTEXT ( 3 ) GLOBAL_UNCERTAINTY_ASSIGNED_CONTEXT ( ( #672 ) ) GLOBAL_UNIT_ASSIGNED_CONTEXT ( ( #3062, #2275, #249 ) ) REPRESENTATION_CONTEXT ( 'NONE', 'WORKASPACE' ) );
#3584 = SECURITY_CLASSIFICATION_LEVEL ( 'unclassified' ) ;
#3585 = ROLE_ASSOCIATION ( #1015, #713 ) ;
#3586 = DATE_AND_TIME ( #2440, #2768 ) ;
#3587 = APPLICATION_CONTEXT ( 'configuration controlled 3d designs of mechanical parts and assemblies' ) ;
#3588 = CALENDAR_DATE ( 2026, 4, 4 ) ;
#3589 = APPROVAL_PERSON_ORGANIZATION ( #3572, #1231, #3507 ) ;
#3590 = CC_DESIGN_PERSON_AND_ORGANIZATION_ASSIGNMENT ( #2084, #1186, ( #2793 ) ) ;
#3591 = CARTESIAN_POINT ( 'NONE',  ( 0.000000000000000000, 0.000000000000000000, 0.000000000000000000 ) ) ;
#3592 = LOCAL_TIME ( 19, 36, 27.00000000000000000, #1749 ) ;
#3593 = DATE_AND_TIME ( #1379, #2599 ) ;
#3594 = OBJECT_ROLE ('mandatory',$ ) ;
#3595 = PERSON_AND_ORGANIZATION_ROLE ( 'design_supplier' ) ;
#3596 = CC_DESIGN_SECURITY_CLASSIFICATION ( #1475, ( #3710 ) ) ;
#3597 = DATE_AND_TIME ( #3553, #1991 ) ;
#3598 = DOCUMENT_FILE ( 'Display Stand REF2019.STEP' , '', '', #2584, '' ,$ ) ;
#3599 = DIRECTION ( 'NONE',  ( -1.000000000000000000, -1.110223024625156540E-16, 0.000000000000000000 ) ) ;
#3600 = CALENDAR_DATE ( 2026, 4, 4 ) ;
#3601 = COORDINATED_UNIVERSAL_TIME_OFFSET ( 1, 0, .AHEAD. ) ;
#3602 = APPROVAL_DATE_TIME ( #137, #2540 ) ;
#3603 = CC_DESIGN_PERSON_AND_ORGANIZATION_ASSIGNMENT ( #3143, #2617, ( #2155 ) ) ;
#3604 = APPROVAL_PERSON_ORGANIZATION ( #2653, #397, #674 ) ;
#3605 =( NAMED_UNIT ( * ) SI_UNIT ( $, .STERADIAN. ) SOLID_ANGLE_UNIT ( ) );
#3606 = APPLICATION_PROTOCOL_DEFINITION ( 'international standard', 'config_control_design', 1994, #1928 ) ;
#3607 = PRODUCT_DEFINITION_FORMATION_WITH_SPECIFIED_SOURCE ( 'Symmetrisch', '', #2684, .NOT_KNOWN. ) ;
#3608 = APPROVAL_STATUS ( 'not_yet_approved' ) ;
#3609 = UNCERTAINTY_MEASURE_WITH_UNIT (LENGTH_MEASURE( 1.000000000000000082E-05 ), #2545, 'distance_accuracy_value', 'NONE');
#3610 = APPLIED_EXTERNAL_IDENTIFICATION_ASSIGNMENT ( 'Speaker Cover Right REF2007.STEP' , #2191, #1107,( #2350) ) ;
#3611 = APPROVAL_ROLE ( '' ) ;
#3612 = CC_DESIGN_APPROVAL ( #225, ( #1192 ) ) ;
#3613 = APPROVAL_STATUS ( 'not_yet_approved' ) ;
#3614 = CC_DESIGN_PERSON_AND_ORGANIZATION_ASSIGNMENT ( #2240, #3485, ( #3107 ) ) ;
#3615 = PERSON_AND_ORGANIZATION ( #18446744073709551615, #18446744073709551615 ) ;
#3616 =( GEOMETRIC_REPRESENTATION_CONTEXT ( 3 ) GLOBAL_UNCERTAINTY_ASSIGNED_CONTEXT ( ( #218 ) ) GLOBAL_UNIT_ASSIGNED_CONTEXT ( ( #3486, #3521, #3193 ) ) REPRESENTATION_CONTEXT ( 'NONE', 'WORKASPACE' ) );
#3617 = PERSON_AND_ORGANIZATION ( #18446744073709551615, #18446744073709551615 ) ;
#3618 = PERSON_AND_ORGANIZATION_ROLE ( 'classification_officer' ) ;
#3619 = OBJECT_ROLE ('mandatory',$ ) ;
#3620 = APPROVAL_PERSON_ORGANIZATION ( #1129, #1572, #2244 ) ;
#3621 = APPLIED_DOCUMENT_REFERENCE ( #2474,'',( #1836) ) ;
#3622 = CARTESIAN_POINT ( 'NONE',  ( -42.55074497484567075, 4.184456071596912352, 66.18217914057916573 ) ) ;
#3623 = APPROVAL_ROLE ( '' ) ;
#3624 = APPROVAL_STATUS ( 'not_yet_approved' ) ;
#3625 = CC_DESIGN_APPROVAL ( #2868, ( #1092 ) ) ;
#3626 = LOCAL_TIME ( 19, 36, 27.00000000000000000, #81 ) ;
#3627 = APPLICATION_PROTOCOL_DEFINITION ( 'international standard', 'config_control_design', 1994, #1152 ) ;
#3628 = PERSON_AND_ORGANIZATION_ROLE ( 'creator' ) ;
#3629 = PRODUCT_DEFINITION_SHAPE ( 'NONE', 'NONE',  #3715 ) ;
#3630 = CALENDAR_DATE ( 2026, 4, 4 ) ;
#3631 = PRODUCT_DEFINITION_FORMATION_WITH_SPECIFIED_SOURCE ( 'Symmetrisch', '', #2306, .NOT_KNOWN. ) ;
#3632 = CC_DESIGN_DATE_AND_TIME_ASSIGNMENT ( #2485, #1085, ( #2570 ) ) ;
#3633 = APPROVAL ( #920, 'UNKNOWN' ) ;
#3634 = DATE_AND_TIME ( #2544, #2872 ) ;
#3635 = APPROVAL_ROLE ( '' ) ;
#3636 = APPROVAL_STATUS ( 'not_yet_approved' ) ;
#3637 = PERSON_AND_ORGANIZATION ( #18446744073709551615, #18446744073709551615 ) ;
#3638 = DATE_AND_TIME ( #193, #1029 ) ;
#3639 = PERSON_AND_ORGANIZATION ( #18446744073709551615, #18446744073709551615 ) ;
#3640 = CC_DESIGN_PERSON_AND_ORGANIZATION_ASSIGNMENT ( #175, #213, ( #3018 ) ) ;
#3641 = ORGANIZATION ( 'NAUO-ORG27', 'UNSPECIFIED', 'UNSPECIFIED' ) ;
#3642 = APPROVAL_ROLE ( '' ) ;
#3643 = PERSON_AND_ORGANIZATION_ROLE ( 'design_owner' ) ;
#3644 = UNCERTAINTY_MEASURE_WITH_UNIT (LENGTH_MEASURE( 1.000000000000000082E-05 ), #1633, 'distance_accuracy_value', 'NONE');
#3645 =( GEOMETRIC_REPRESENTATION_CONTEXT ( 3 ) GLOBAL_UNCERTAINTY_ASSIGNED_CONTEXT ( ( #406 ) ) GLOBAL_UNIT_ASSIGNED_CONTEXT ( ( #611, #2324, #1744 ) ) REPRESENTATION_CONTEXT ( 'NONE', 'WORKASPACE' ) );
#3646 = PERSON_AND_ORGANIZATION ( #18446744073709551615, #18446744073709551615 ) ;
#3647 = APPROVAL_PERSON_ORGANIZATION ( #1348, #1681, #1588 ) ;
#3648 = COORDINATED_UNIVERSAL_TIME_OFFSET ( 1, 0, .AHEAD. ) ;
#3649 = LOCAL_TIME ( 19, 36, 27.00000000000000000, #3565 ) ;
#3650 = DIRECTION ( 'NONE',  ( 1.000000000000000000, 0.000000000000000000, 0.000000000000000000 ) ) ;
#3651 = PRODUCT_DEFINITION ( 'Allgemein', '', #3440, #3301 ) ;
#3652 = DIRECTION ( 'NONE',  ( 1.000000000000000000, 0.000000000000000000, 0.000000000000000000 ) ) ;
#3653 = ORGANIZATION ( 'NAUO-ORG9', 'UNSPECIFIED', 'UNSPECIFIED' ) ;
#3654 = APPROVAL_DATE_TIME ( #211, #3661 ) ;
#3655 = COORDINATED_UNIVERSAL_TIME_OFFSET ( 1, 0, .AHEAD. ) ;
#3656 = PROPERTY_DEFINITION ('document property','', #3033 ) ;
#3657 =( NAMED_UNIT ( * ) SI_UNIT ( $, .STERADIAN. ) SOLID_ANGLE_UNIT ( ) );
#3658 = COORDINATED_UNIVERSAL_TIME_OFFSET ( 1, 0, .AHEAD. ) ;
#3659 = APPROVAL_ROLE ( '' ) ;
#3660 = APPLICATION_CONTEXT ( 'configuration controlled 3d designs of mechanical parts and assemblies' ) ;
#3661 = APPROVAL ( #3441, 'Deckungsgleich' ) ;
#3662 = DATE_TIME_ROLE ( 'creation_date' ) ;
#3663 = APPLIED_EXTERNAL_IDENTIFICATION_ASSIGNMENT ( 'Speaker Plug REF2016.STEP' , #2388, #1301,( #155) ) ;
#3664 = SHAPE_REPRESENTATION ( 'Export', ( #2829, #2165, #2345, #1024, #3116, #1808, #190, #673, #1842, #331, #2546, #437, #3187, #1884, #2178, #750, #75, #1391, #2834, #559, #2670, #3324, #1697, #1570, #256, #1040, #3125, #914, #1514 ), #3015 ) ;
#3665 = APPROVAL_DATE_TIME ( #638, #3696 ) ;
#3666 = EXTERNAL_SOURCE (IDENTIFIER('') ) ;
#3667 = LOCAL_TIME ( 19, 36, 27.00000000000000000, #3648 ) ;
#3668 = CALENDAR_DATE ( 2026, 4, 4 ) ;
#3669 = CARTESIAN_POINT ( 'NONE',  ( 0.000000000000000000, 0.000000000000000000, 0.000000000000000000 ) ) ;
#3670 = APPROVAL_STATUS ( 'not_yet_approved' ) ;
#3671 = APPLICATION_PROTOCOL_DEFINITION ( 'international standard', 'config_control_design', 1994, #1408 ) ;
#3672 = CALENDAR_DATE ( 2026, 4, 4 ) ;
#3673 = PROPERTY_DEFINITION_REPRESENTATION ( #2419, #2879 ) ;
#3674 = CC_DESIGN_PERSON_AND_ORGANIZATION_ASSIGNMENT ( #814, #1975, ( #3308 ) ) ;
#3675 = CC_DESIGN_APPROVAL ( #244, ( #1877 ) ) ;
#3676 = DATE_TIME_ROLE ( 'creation_date' ) ;
#3677 = APPROVAL_DATE_TIME ( #2539, #1213 ) ;
#3678 = UNCERTAINTY_MEASURE_WITH_UNIT (LENGTH_MEASURE( 1.000000000000000082E-05 ), #1094, 'distance_accuracy_value', 'NONE');
#3679 = SECURITY_CLASSIFICATION ( '', '', #92 ) ;
#3680 = PRODUCT_DEFINITION ( 'Allgemein', '', #850, #789 ) ;
#3681 = APPROVAL_STATUS ( 'not_yet_approved' ) ;
#3682 = PRODUCT_DEFINITION_SHAPE ( 'NONE', 'NONE',  #476 ) ;
#3683 = DOCUMENT_TYPE ( 'geometry' ) ;
#3684 = PRODUCT_DEFINITION ( 'Allgemein', '', #708, #2954 ) ;
#3685 = PROPERTY_DEFINITION ('external definition','', #2839 ) ;
#3686 = CALENDAR_DATE ( 2026, 4, 4 ) ;
#3687 = LOCAL_TIME ( 19, 36, 27.00000000000000000, #1091 ) ;
#3688 = APPROVAL_PERSON_ORGANIZATION ( #468, #1926, #1274 ) ;
#3689 = ITEM_DEFINED_TRANSFORMATION ( 'NONE', 'NONE', #1024,  #1916 ) ;
#3690 = CALENDAR_DATE ( 2026, 4, 4 ) ;
#3691 = CALENDAR_DATE ( 2026, 4, 4 ) ;
#3692 = CARTESIAN_POINT ( 'NONE',  ( 0.000000000000000000, 0.000000000000000000, 0.000000000000000000 ) ) ;
#3693 = APPROVAL_ROLE ( '' ) ;
#3694 = PERSON_AND_ORGANIZATION_ROLE ( 'design_supplier' ) ;
#3695 = LOCAL_TIME ( 19, 36, 27.00000000000000000, #550 ) ;
#3696 = APPROVAL ( #644, 'UNKNOWN' ) ;
#3697 = ROLE_ASSOCIATION ( #1019, #2580 ) ;
#3698 = NEXT_ASSEMBLY_USAGE_OCCURRENCE ( 'NAUO1', ' ', ' ', #1818, #476, $ ) ;
#3699 = NEXT_ASSEMBLY_USAGE_OCCURRENCE ( 'NAUO2', ' ', ' ', #1818, #3651, $ ) ;
#3700 = NEXT_ASSEMBLY_USAGE_OCCURRENCE ( 'NAUO3', ' ', ' ', #1818, #2848, $ ) ;
#3701 = NEXT_ASSEMBLY_USAGE_OCCURRENCE ( 'NAUO4', ' ', ' ', #1818, #2295, $ ) ;
#3702 = NEXT_ASSEMBLY_USAGE_OCCURRENCE ( 'NAUO5', ' ', ' ', #1818, #2906, $ ) ;
#3703 = NEXT_ASSEMBLY_USAGE_OCCURRENCE ( 'NAUO6', ' ', ' ', #1818, #807, $ ) ;
#3704 = NEXT_ASSEMBLY_USAGE_OCCURRENCE ( 'NAUO7', ' ', ' ', #1818, #3331, $ ) ;
#3705 = NEXT_ASSEMBLY_USAGE_OCCURRENCE ( 'NAUO8', ' ', ' ', #1818, #1275, $ ) ;
#3706 = NEXT_ASSEMBLY_USAGE_OCCURRENCE ( 'NAUO9', ' ', ' ', #1818, #2787, $ ) ;
#3707 = NEXT_ASSEMBLY_USAGE_OCCURRENCE ( 'NAUO10', ' ', ' ', #1818, #1053, $ ) ;
#3708 = NEXT_ASSEMBLY_USAGE_OCCURRENCE ( 'NAUO11', ' ', ' ', #1818, #2623, $ ) ;
#3709 = NEXT_ASSEMBLY_USAGE_OCCURRENCE ( 'NAUO12', ' ', ' ', #1818, #3432, $ ) ;
#3710 = NEXT_ASSEMBLY_USAGE_OCCURRENCE ( 'NAUO13', ' ', ' ', #1818, #1049, $ ) ;
#3711 = NEXT_ASSEMBLY_USAGE_OCCURRENCE ( 'NAUO14', ' ', ' ', #1818, #1044, $ ) ;
#3712 = NEXT_ASSEMBLY_USAGE_OCCURRENCE ( 'NAUO15', ' ', ' ', #1818, #2660, $ ) ;
#3713 = NEXT_ASSEMBLY_USAGE_OCCURRENCE ( 'NAUO16', ' ', ' ', #1818, #1932, $ ) ;
#3714 = NEXT_ASSEMBLY_USAGE_OCCURRENCE ( 'NAUO17', ' ', ' ', #1818, #3265, $ ) ;
#3715 = NEXT_ASSEMBLY_USAGE_OCCURRENCE ( 'NAUO18', ' ', ' ', #1818, #2077, $ ) ;
#3716 = NEXT_ASSEMBLY_USAGE_OCCURRENCE ( 'NAUO19', ' ', ' ', #1818, #366, $ ) ;
#3717 = NEXT_ASSEMBLY_USAGE_OCCURRENCE ( 'NAUO20', ' ', ' ', #1818, #1836, $ ) ;
#3718 = NEXT_ASSEMBLY_USAGE_OCCURRENCE ( 'NAUO21', ' ', ' ', #1818, #2881, $ ) ;
#3719 = NEXT_ASSEMBLY_USAGE_OCCURRENCE ( 'NAUO22', ' ', ' ', #1818, #744, $ ) ;
#3720 = NEXT_ASSEMBLY_USAGE_OCCURRENCE ( 'NAUO23', ' ', ' ', #1818, #3680, $ ) ;
#3721 = NEXT_ASSEMBLY_USAGE_OCCURRENCE ( 'NAUO24', ' ', ' ', #1818, #1183, $ ) ;
#3722 = NEXT_ASSEMBLY_USAGE_OCCURRENCE ( 'NAUO25', ' ', ' ', #1818, #1289, $ ) ;
#3723 = NEXT_ASSEMBLY_USAGE_OCCURRENCE ( 'NAUO26', ' ', ' ', #1818, #3684, $ ) ;
#3724 = NEXT_ASSEMBLY_USAGE_OCCURRENCE ( 'NAUO27', ' ', ' ', #1818, #2570, $ ) ;
#3725 = NEXT_ASSEMBLY_USAGE_OCCURRENCE ( 'NAUO28', ' ', ' ', #1818, #1310, $ ) ;
ENDSEC;
END-ISO-10303-21;
