ISO-10303-21;
HEADER;
FILE_DESCRIPTION (( 'STEP AP203' ),
    '1' );
FILE_NAME ('Heatsink Tapping Tool.STEP',
    '2026-04-04T17:36:23',
    ( '' ),
    ( '' ),
    'SwSTEP 2.0',
    'SolidWorks 2026',
    '' );
FILE_SCHEMA (( 'CONFIG_CONTROL_DESIGN' ));
ENDSEC;

DATA;
#1 = CARTESIAN_POINT ( 'NONE',  ( 21.60166831620450623, 12.47172901730601602, 0.5000000000000134337 ) ) ;
#2 = CARTESIAN_POINT ( 'NONE',  ( 18.69062551909122760, 5.559722808296940322, 6.500000000000000000 ) ) ;
#3 = AXIS2_PLACEMENT_3D ( 'NONE', #720, #1858, #2689 ) ;
#4 = ORIENTED_EDGE ( 'NONE', *, *, #1526, .T. ) ;
#5 = CARTESIAN_POINT ( 'NONE',  ( 14.60166831620450445, 12.47172901730601602, 0.5000000000000134337 ) ) ;
#6 = VECTOR ( 'NONE', #929, 1000.000000000000000 ) ;
#7 = AXIS2_PLACEMENT_3D ( 'NONE', #825, #69, #2069 ) ;
#8 = ORIENTED_EDGE ( 'NONE', *, *, #369, .F. ) ;
#9 = CARTESIAN_POINT ( 'NONE',  ( -4.530451569560926650, 18.96641791630307594, 0.000000000000000000 ) ) ;
#10 = EDGE_LOOP ( 'NONE', ( #485, #2542, #1867, #973, #1819 ) ) ;
#11 = FACE_OUTER_BOUND ( 'NONE', #334, .T. ) ;
#12 = VECTOR ( 'NONE', #2376, 1000.000000000000000 ) ;
#13 = CIRCLE ( 'NONE', #2684, 19.49999999999998579 ) ;
#14 = PERSON_AND_ORGANIZATION_ROLE ( 'creator' ) ;
#15 = EDGE_CURVE ( 'NONE', #2156, #1037, #290, .T. ) ;
#16 = CARTESIAN_POINT ( 'NONE',  ( 19.32749274289169250, -4.452543933396365006, 0.3335723994208817378 ) ) ;
#17 = AXIS2_PLACEMENT_3D ( 'NONE', #2180, #1753, #2399 ) ;
#18 = DIRECTION ( 'NONE',  ( -1.000000000000000000, 0.000000000000000000, 0.000000000000000000 ) ) ;
#19 = FACE_OUTER_BOUND ( 'NONE', #2387, .T. ) ;
#20 = EDGE_LOOP ( 'NONE', ( #653, #2743, #1534, #256 ) ) ;
#21 = CARTESIAN_POINT ( 'NONE',  ( 0.000000000000000000, 0.000000000000000000, 0.000000000000000000 ) ) ;
#22 = EDGE_CURVE ( 'NONE', #76, #299, #1882, .T. ) ;
#23 = AXIS2_PLACEMENT_3D ( 'NONE', #105, #2003, #928 ) ;
#24 = ORIENTED_EDGE ( 'NONE', *, *, #2730, .T. ) ;
#25 = DIRECTION ( 'NONE',  ( 0.000000000000000000, 0.000000000000000000, 1.000000000000000000 ) ) ;
#26 = ORIENTED_EDGE ( 'NONE', *, *, #333, .F. ) ;
#27 = CARTESIAN_POINT ( 'NONE',  ( -5.559722808296580610, -18.69062551909128089, 0.000000000000000000 ) ) ;
#28 = FACE_OUTER_BOUND ( 'NONE', #2243, .T. ) ;
#29 = CARTESIAN_POINT ( 'NONE',  ( -5.934275478561560568, -19.09932916477809428, 3.250000000000000888 ) ) ;
#30 = CARTESIAN_POINT ( 'NONE',  ( 13.40669510800640651, 14.16017394953088804, 0.000000000000000000 ) ) ;
#31 = VECTOR ( 'NONE', #492, 1000.000000000000000 ) ;
#32 = ORIENTED_EDGE ( 'NONE', *, *, #2253, .F. ) ;
#33 = DIRECTION ( 'NONE',  ( 0.000000000000000000, 0.000000000000000000, -1.000000000000000000 ) ) ;
#34 = EDGE_CURVE ( 'NONE', #180, #1739, #2368, .T. ) ;
#35 = EDGE_LOOP ( 'NONE', ( #543, #447, #1311, #1935 ) ) ;
#36 = AXIS2_PLACEMENT_3D ( 'NONE', #1043, #187, #848 ) ;
#37 = EDGE_CURVE ( 'NONE', #2037, #2163, #869, .T. ) ;
#38 = CARTESIAN_POINT ( 'NONE',  ( 19.32749274289185593, 4.452543933397626219, 6.166427600578946233 ) ) ;
#39 = ORIENTED_EDGE ( 'NONE', *, *, #807, .T. ) ;
#40 = CARTESIAN_POINT ( 'NONE',  ( 1.040000000000000036, -1.040000000000000258, 5.999999999999999112 ) ) ;
#41 = CARTESIAN_POINT ( 'NONE',  ( -12.47172901730563943, -21.60166831620472294, 6.500000000000000000 ) ) ;
#42 = DIRECTION ( 'NONE',  ( -1.000000000000000000, 0.000000000000000000, 0.000000000000000000 ) ) ;
#43 = CARTESIAN_POINT ( 'NONE',  ( -21.60166831620459860, -12.47172901730586680, 0.000000000000000000 ) ) ;
#44 = CARTESIAN_POINT ( 'NONE',  ( -19.32749274289164987, -4.452543933396633236, 6.166427600579146073 ) ) ;
#45 = VERTEX_POINT ( 'NONE', #1042 ) ;
#46 = DIRECTION ( 'NONE',  ( 0.000000000000000000, 0.000000000000000000, -1.000000000000000000 ) ) ;
#47 = DIRECTION ( 'NONE',  ( 0.000000000000000000, 0.000000000000000000, -1.000000000000000000 ) ) ;
#48 = ORIENTED_EDGE ( 'NONE', *, *, #607, .T. ) ;
#49 = EDGE_CURVE ( 'NONE', #1085, #2680, #564, .T. ) ;
#50 = CARTESIAN_POINT ( 'NONE',  ( 0.000000000000000000, -24.94345803461153110, 6.000000000000026645 ) ) ;
#51 = EDGE_LOOP ( 'NONE', ( #1543, #1167, #59, #2589 ) ) ;
#52 = DIRECTION ( 'NONE',  ( -1.000000000000000000, 0.000000000000000000, 0.000000000000000000 ) ) ;
#53 = DIRECTION ( 'NONE',  ( -0.000000000000000000, -0.000000000000000000, -1.000000000000000000 ) ) ;
#54 = AXIS2_PLACEMENT_3D ( 'NONE', #1874, #2733, #2519 ) ;
#55 = CARTESIAN_POINT ( 'NONE',  ( -21.60166831620468031, 12.47172901730571581, 6.500000000000000000 ) ) ;
#56 = DIRECTION ( 'NONE',  ( 0.000000000000000000, 0.000000000000000000, -1.000000000000000000 ) ) ;
#57 = CARTESIAN_POINT ( 'NONE',  ( -13.51976252923349975, -14.51182774010547938, 6.166427600579028834 ) ) ;
#58 = ORIENTED_EDGE ( 'NONE', *, *, #1538, .F. ) ;
#59 = ORIENTED_EDGE ( 'NONE', *, *, #1553, .F. ) ;
#60 = DIRECTION ( 'NONE',  ( 0.000000000000000000, 0.000000000000000000, 1.000000000000000000 ) ) ;
#61 = DIRECTION ( 'NONE',  ( 0.000000000000000000, 0.000000000000000000, -1.000000000000000000 ) ) ;
#62 = AXIS2_PLACEMENT_3D ( 'NONE', #1944, #1981, #2193 ) ;
#63 = ORIENTED_EDGE ( 'NONE', *, *, #2670, .F. ) ;
#64 = AXIS2_PLACEMENT_3D ( 'NONE', #441, #1997, #18 ) ;
#65 = CIRCLE ( 'NONE', #425, 7.000000000000000000 ) ;
#66 = CONICAL_SURFACE ( 'NONE', #2283, 19.50000000000003197, 0.7853981633974447263 ) ;
#67 = DIRECTION ( 'NONE',  ( 0.000000000000000000, -1.000000000000000000, 0.000000000000000000 ) ) ;
#68 = ORIENTED_EDGE ( 'NONE', *, *, #1605, .F. ) ;
#69 = DIRECTION ( 'NONE',  ( -0.000000000000000000, -0.000000000000000000, -1.000000000000000000 ) ) ;
#70 = B_SPLINE_CURVE_WITH_KNOTS ( 'NONE', 3,
 ( #1845, #2702, #1417, #1579 ),
 .UNSPECIFIED., .F., .F.,
 ( 4, 4 ),
 ( 0.000000000000000000, 0.0007465442872331315123 ),
 .UNSPECIFIED. ) ;
#71 = FACE_OUTER_BOUND ( 'NONE', #2510, .T. ) ;
#72 = CARTESIAN_POINT ( 'NONE',  ( 5.559722808296449159, 18.69062551909131997, 0.000000000000000000 ) ) ;
#73 = APPROVAL ( #2615, 'Deckungsgleich' ) ;
#74 = DIRECTION ( 'NONE',  ( 0.000000000000000000, 0.000000000000000000, 1.000000000000000000 ) ) ;
#75 =( GEOMETRIC_REPRESENTATION_CONTEXT ( 3 ) GLOBAL_UNCERTAINTY_ASSIGNED_CONTEXT ( ( #111 ) ) GLOBAL_UNIT_ASSIGNED_CONTEXT ( ( #1641, #2507, #1436 ) ) REPRESENTATION_CONTEXT ( 'NONE', 'WORKASPACE' ) );
#76 = VERTEX_POINT ( 'NONE', #635 ) ;
#77 = LINE ( 'NONE', #2709, #1376 ) ;
#78 = CARTESIAN_POINT ( 'NONE',  ( 13.46415496875020246, -14.33559363244198970, 6.333111791890485343 ) ) ;
#79 = AXIS2_PLACEMENT_3D ( 'NONE', #241, #1528, #1974 ) ;
#80 = VERTEX_POINT ( 'NONE', #2363 ) ;
#81 = DIRECTION ( 'NONE',  ( -1.000000000000000000, 0.000000000000000000, 0.000000000000000000 ) ) ;
#82 = VERTEX_POINT ( 'NONE', #162 ) ;
#83 = CONICAL_SURFACE ( 'NONE', #2165, 20.00000000000000000, 0.7853981633974526089 ) ;
#84 = AXIS2_PLACEMENT_3D ( 'NONE', #1769, #255, #2446 ) ;
#85 = CARTESIAN_POINT ( 'NONE',  ( -1.040000000000000036, 1.539999999999999813, 0.000000000000000000 ) ) ;
#86 = DIRECTION ( 'NONE',  ( 0.000000000000000000, -0.000000000000000000, 1.000000000000000000 ) ) ;
#87 = CARTESIAN_POINT ( 'NONE',  ( 24.94345803461153110, 2.612688547621888978E-13, 0.000000000000000000 ) ) ;
#88 = ORIENTED_EDGE ( 'NONE', *, *, #843, .T. ) ;
#89 = EDGE_LOOP ( 'NONE', ( #1705, #2187, #1004, #1000 ) ) ;
#90 = DIRECTION ( 'NONE',  ( -7.371602964823971678E-17, 0.7071067811865530128, -0.7071067811865421326 ) ) ;
#91 = CARTESIAN_POINT ( 'NONE',  ( -19.09932916477802323, -5.934275478561770178, 6.000000000000025757 ) ) ;
#92 = VERTEX_POINT ( 'NONE', #2586 ) ;
#93 = CARTESIAN_POINT ( 'NONE',  ( -19.09932916477807296, 5.934275478561630734, 3.250000000000000888 ) ) ;
#94 = ORIENTED_EDGE ( 'NONE', *, *, #2431, .F. ) ;
#95 = EDGE_CURVE ( 'NONE', #2553, #113, #1454, .T. ) ;
#96 = DIRECTION ( 'NONE',  ( 1.000000000000000000, 1.850371707708601071E-15, 0.000000000000000000 ) ) ;
#97 = DIRECTION ( 'NONE',  ( -0.000000000000000000, -0.000000000000000000, -1.000000000000000000 ) ) ;
#98 = CONICAL_SURFACE ( 'NONE', #876, 20.00000000000000000, 0.7853981633974526089 ) ;
#99 = DIRECTION ( 'NONE',  ( 0.000000000000000000, 0.000000000000000000, 1.000000000000000000 ) ) ;
#100 = EDGE_CURVE ( 'NONE', #1716, #1702, #1685, .T. ) ;
#101 = CC_DESIGN_DATE_AND_TIME_ASSIGNMENT ( #1741, #2567, ( #435 ) ) ;
#102 = CARTESIAN_POINT ( 'NONE',  ( -13.40669510800632303, -14.16017394953044573, 6.500000000000000000 ) ) ;
#103 = VERTEX_POINT ( 'NONE', #2144 ) ;
#104 = ORIENTED_EDGE ( 'NONE', *, *, #2419, .T. ) ;
#105 = CARTESIAN_POINT ( 'NONE',  ( 0.000000000000000000, 0.000000000000000000, 0.5000000000000134337 ) ) ;
#106 = DIRECTION ( 'NONE',  ( -1.000000000000000000, 0.000000000000000000, 0.000000000000000000 ) ) ;
#107 = EDGE_CURVE ( 'NONE', #180, #45, #1744, .T. ) ;
#108 = CIRCLE ( 'NONE', #790, 19.50000000000003197 ) ;
#109 = ORIENTED_EDGE ( 'NONE', *, *, #107, .T. ) ;
#110 = AXIS2_PLACEMENT_3D ( 'NONE', #2191, #660, #235 ) ;
#111 = UNCERTAINTY_MEASURE_WITH_UNIT (LENGTH_MEASURE( 1.000000000000000082E-05 ), #1641, 'distance_accuracy_value', 'NONE');
#112 = DIRECTION ( 'NONE',  ( 1.000000000000000000, 3.469446951953614189E-15, 0.000000000000000000 ) ) ;
#113 = VERTEX_POINT ( 'NONE', #1475 ) ;
#114 = CARTESIAN_POINT ( 'NONE',  ( 0.000000000000000000, 0.000000000000000000, 0.5000000000000134337 ) ) ;
#115 = EDGE_CURVE ( 'NONE', #1154, #2681, #1893, .T. ) ;
#116 = CARTESIAN_POINT ( 'NONE',  ( 17.94345803461153110, 2.612688547621888978E-13, 6.000000000000026645 ) ) ;
#117 = CALENDAR_DATE ( 2026, 4, 4 ) ;
#118 = CARTESIAN_POINT ( 'NONE',  ( -18.96641791630355911, -4.530451569560963065, 6.500000000000000000 ) ) ;
#119 = VERTEX_POINT ( 'NONE', #202 ) ;
#120 = VERTEX_POINT ( 'NONE', #1674 ) ;
#121 = DIRECTION ( 'NONE',  ( 1.000000000000000000, 1.042502088928369658E-16, 0.000000000000000000 ) ) ;
#122 = CARTESIAN_POINT ( 'NONE',  ( -5.934275478561695571, 19.09932916477805165, 6.000000000000025757 ) ) ;
#123 = AXIS2_PLACEMENT_3D ( 'NONE', #997, #2520, #2299 ) ;
#124 = VERTEX_POINT ( 'NONE', #2332 ) ;
#125 = DIRECTION ( 'NONE',  ( -0.000000000000000000, -0.000000000000000000, -1.000000000000000000 ) ) ;
#126 = EDGE_CURVE ( 'NONE', #430, #2681, #2732, .T. ) ;
#127 = CARTESIAN_POINT ( 'NONE',  ( -12.47172901730563943, -21.60166831620472294, 6.000000000000026645 ) ) ;
#128 = ORIENTED_EDGE ( 'NONE', *, *, #49, .F. ) ;
#129 = LINE ( 'NONE', #550, #865 ) ;
#130 = DIRECTION ( 'NONE',  ( -1.000000000000000000, 0.000000000000000000, 0.000000000000000000 ) ) ;
#131 = AXIS2_PLACEMENT_3D ( 'NONE', #1069, #2538, #2571 ) ;
#132 = DIRECTION ( 'NONE',  ( 0.000000000000000000, 0.000000000000000000, 1.000000000000000000 ) ) ;
#133 = CARTESIAN_POINT ( 'NONE',  ( 18.82809705964900715, 5.682910779650451438, 0.1668882081095286740 ) ) ;
#134 = EDGE_LOOP ( 'NONE', ( #546, #1653, #786, #2688 ) ) ;
#135 = ORIENTED_EDGE ( 'NONE', *, *, #539, .T. ) ;
#136 = CARTESIAN_POINT ( 'NONE',  ( -1.540000000000000258, -1.040000000000000480, 0.000000000000000000 ) ) ;
#137 = ORIENTED_EDGE ( 'NONE', *, *, #1236, .T. ) ;
#138 = FACE_OUTER_BOUND ( 'NONE', #2766, .T. ) ;
#139 = EDGE_CURVE ( 'NONE', #1313, #1323, #1923, .T. ) ;
#140 = ORIENTED_EDGE ( 'NONE', *, *, #644, .T. ) ;
#141 = CIRCLE ( 'NONE', #1133, 20.00000000000000000 ) ;
#142 = DIRECTION ( 'NONE',  ( -0.000000000000000000, 0.000000000000000000, -1.000000000000000000 ) ) ;
#143 = DIRECTION ( 'NONE',  ( 1.000000000000000000, 0.000000000000000000, 0.000000000000000000 ) ) ;
#144 = AXIS2_PLACEMENT_3D ( 'NONE', #21, #2552, #1951 ) ;
#145 = CIRCLE ( 'NONE', #1721, 19.49999999999998224 ) ;
#146 = CARTESIAN_POINT ( 'NONE',  ( 14.68889789987833794, 13.57336651265816130, 0.5000000000000143219 ) ) ;
#147 = CARTESIAN_POINT ( 'NONE',  ( 21.60166831620450623, 12.47172901730601602, 6.500000000000000000 ) ) ;
#148 = VERTEX_POINT ( 'NONE', #173 ) ;
#149 = EDGE_CURVE ( 'NONE', #2435, #2179, #339, .T. ) ;
#150 = EDGE_LOOP ( 'NONE', ( #1316, #217, #2715, #2658 ) ) ;
#151 = DIRECTION ( 'NONE',  ( -0.000000000000000000, -0.000000000000000000, 1.000000000000000000 ) ) ;
#152 = ORIENTED_EDGE ( 'NONE', *, *, #1024, .T. ) ;
#153 = CARTESIAN_POINT ( 'NONE',  ( 12.47172901730594141, -21.60166831620454886, 6.500000000000000000 ) ) ;
#154 = AXIS2_PLACEMENT_3D ( 'NONE', #1612, #968, #344 ) ;
#155 = VECTOR ( 'NONE', #479, 1000.000000000000000 ) ;
#156 = CIRCLE ( 'NONE', #1147, 7.500000000000016875 ) ;
#157 = EDGE_LOOP ( 'NONE', ( #1478, #1634, #307, #514 ) ) ;
#158 = CARTESIAN_POINT ( 'NONE',  ( 14.68889789987862038, -13.57336651265785221, 0.5000000000000143219 ) ) ;
#159 = PERSON_AND_ORGANIZATION ( #18446744073709551615, #18446744073709551615 ) ;
#160 = CARTESIAN_POINT ( 'NONE',  ( -1.040000000000000036, -1.040000000000000480, 5.999999999999999112 ) ) ;
#161 = ORIENTED_EDGE ( 'NONE', *, *, #1401, .T. ) ;
#162 = CARTESIAN_POINT ( 'NONE',  ( 18.96641791630308305, 4.530451569561122938, 6.500000000000000000 ) ) ;
#163 = ADVANCED_FACE ( 'NONE', ( #1497 ), #651, .F. ) ;
#164 = DIRECTION ( 'NONE',  ( 1.000000000000000000, 0.000000000000000000, 0.000000000000000000 ) ) ;
#165 = EDGE_CURVE ( 'NONE', #1037, #934, #1286, .T. ) ;
#166 = ORIENTED_EDGE ( 'NONE', *, *, #285, .T. ) ;
#167 = DIRECTION ( 'NONE',  ( 0.000000000000000000, 0.000000000000000000, 1.000000000000000000 ) ) ;
#168 = APPROVAL_PERSON_ORGANIZATION ( #553, #1539, #2762 ) ;
#169 = EDGE_LOOP ( 'NONE', ( #2083, #1850, #1397, #746 ) ) ;
#170 = AXIS2_PLACEMENT_3D ( 'NONE', #922, #1091, #1565 ) ;
#171 = FACE_OUTER_BOUND ( 'NONE', #1382, .T. ) ;
#172 = LINE ( 'NONE', #634, #1729 ) ;
#173 = CARTESIAN_POINT ( 'NONE',  ( -13.57336651265800498, 14.68889789987848005, 0.5000000000000143219 ) ) ;
#174 = CARTESIAN_POINT ( 'NONE',  ( -14.16017394953074948, 13.40669510800655395, 0.000000000000000000 ) ) ;
#175 = AXIS2_PLACEMENT_3D ( 'NONE', #975, #1018, #2259 ) ;
#176 = CARTESIAN_POINT ( 'NONE',  ( 18.69062551909156156, 5.559722808297149932, 0.000000000000000000 ) ) ;
#177 = CIRCLE ( 'NONE', #1707, 7.499999999999971578 ) ;
#178 = ORIENTED_EDGE ( 'NONE', *, *, #1663, .F. ) ;
#179 = FACE_OUTER_BOUND ( 'NONE', #2009, .T. ) ;
#180 = VERTEX_POINT ( 'NONE', #1743 ) ;
#181 = CARTESIAN_POINT ( 'NONE',  ( 5.559722808297088648, -18.69062551909157932, 0.000000000000000000 ) ) ;
#182 = EDGE_CURVE ( 'NONE', #1326, #656, #2382, .T. ) ;
#183 = DIRECTION ( 'NONE',  ( 0.000000000000000000, 0.000000000000000000, 1.000000000000000000 ) ) ;
#184 = COORDINATED_UNIVERSAL_TIME_OFFSET ( 1, 0, .AHEAD. ) ;
#185 = CARTESIAN_POINT ( 'NONE',  ( -14.60166831620468209, 12.47172901730571581, 6.000000000000026645 ) ) ;
#186 = ORIENTED_EDGE ( 'NONE', *, *, #1501, .F. ) ;
#187 = DIRECTION ( 'NONE',  ( 0.000000000000000000, 0.000000000000000000, -1.000000000000000000 ) ) ;
#188 = ORIENTED_EDGE ( 'NONE', *, *, #1663, .T. ) ;
#189 = EDGE_CURVE ( 'NONE', #986, #236, #1429, .T. ) ;
#190 = B_SPLINE_CURVE_WITH_KNOTS ( 'NONE', 3,
 ( #640, #1056, #1312, #2562 ),
 .UNSPECIFIED., .F., .F.,
 ( 4, 4 ),
 ( 0.000000000000000000, 0.0007465442872327429343 ),
 .UNSPECIFIED. ) ;
#191 = ORIENTED_EDGE ( 'NONE', *, *, #1938, .T. ) ;
#192 = AXIS2_PLACEMENT_3D ( 'NONE', #1405, #1672, #2479 ) ;
#193 = CARTESIAN_POINT ( 'NONE',  ( -19.09932916477802323, -5.934275478561770178, 0.5000000000000143219 ) ) ;
#194 = CONICAL_SURFACE ( 'NONE', #1372, 6.999999999999999112, 0.7853981633974466137 ) ;
#195 = EDGE_CURVE ( 'NONE', #893, #574, #2617, .T. ) ;
#196 = CARTESIAN_POINT ( 'NONE',  ( 0.000000000000000000, 0.000000000000000000, 6.500000000000000000 ) ) ;
#197 = CONICAL_SURFACE ( 'NONE', #2146, 6.999999999999999112, 0.7853981633974473908 ) ;
#198 = LINE ( 'NONE', #423, #2232 ) ;
#199 = EDGE_CURVE ( 'NONE', #2113, #1575, #530, .T. ) ;
#200 = AXIS2_PLACEMENT_3D ( 'NONE', #41, #53, #677 ) ;
#201 = VECTOR ( 'NONE', #1512, 999.9999999999998863 ) ;
#202 = CARTESIAN_POINT ( 'NONE',  ( -19.09932916477802323, -5.934275478561770178, 0.5000000000000143219 ) ) ;
#203 = CARTESIAN_POINT ( 'NONE',  ( -19.50764199121967479, 4.410431264899494330, 6.000000000000025757 ) ) ;
#204 = EDGE_LOOP ( 'NONE', ( #188, #1933, #2492, #341 ) ) ;
#205 = ORIENTED_EDGE ( 'NONE', *, *, #2526, .T. ) ;
#206 = CARTESIAN_POINT ( 'NONE',  ( -1.540000000000000258, 0.000000000000000000, 0.000000000000000000 ) ) ;
#207 = EDGE_CURVE ( 'NONE', #1601, #2192, #2747, .T. ) ;
#208 = CARTESIAN_POINT ( 'NONE',  ( 19.09932916477811204, -5.934275478561494843, 0.5000000000000143219 ) ) ;
#209 = CC_DESIGN_SECURITY_CLASSIFICATION ( #435, ( #982 ) ) ;
#210 = ORIENTED_EDGE ( 'NONE', *, *, #765, .F. ) ;
#211 = CARTESIAN_POINT ( 'NONE',  ( -14.68889789987843564, -13.57336651265804228, 6.000000000000025757 ) ) ;
#212 = CARTESIAN_POINT ( 'NONE',  ( 14.16017394953084008, -13.40669510800646691, 0.000000000000000000 ) ) ;
#213 = B_SPLINE_CURVE_WITH_KNOTS ( 'NONE', 3,
 ( #1932, #1711, #1973, #2361 ),
 .UNSPECIFIED., .F., .F.,
 ( 4, 4 ),
 ( 0.000000000000000000, 0.0007465442872326764727 ),
 .UNSPECIFIED. ) ;
#214 = DIRECTION ( 'NONE',  ( 1.000000000000000000, 0.000000000000000000, 0.000000000000000000 ) ) ;
#215 = CARTESIAN_POINT ( 'NONE',  ( 18.69062551909129866, -5.559722808296512220, 0.000000000000000000 ) ) ;
#216 = CONICAL_SURFACE ( 'NONE', #1898, 6.999999999999999112, 0.7853981633974466137 ) ;
#217 = ORIENTED_EDGE ( 'NONE', *, *, #314, .T. ) ;
#218 = CARTESIAN_POINT ( 'NONE',  ( 1.040000000000000036, -1.040000000000000258, 6.500000000000000000 ) ) ;
#219 = CONICAL_SURFACE ( 'NONE', #1398, 19.50000000000003197, 0.7853981633974447263 ) ;
#220 = ORIENTED_EDGE ( 'NONE', *, *, #1231, .T. ) ;
#221 = ADVANCED_FACE ( 'NONE', ( #1331 ), #2416, .T. ) ;
#222 = DIRECTION ( 'NONE',  ( 0.000000000000000000, 1.000000000000000000, 0.000000000000000000 ) ) ;
#223 = ORIENTED_EDGE ( 'NONE', *, *, #310, .F. ) ;
#224 = DIRECTION ( 'NONE',  ( 1.000000000000000000, 8.921435019309294079E-15, 0.000000000000000000 ) ) ;
#225 = CARTESIAN_POINT ( 'NONE',  ( 0.000000000000000000, 0.000000000000000000, 0.000000000000000000 ) ) ;
#226 = ADVANCED_FACE ( 'NONE', ( #254 ), #2245, .T. ) ;
#227 = CARTESIAN_POINT ( 'NONE',  ( -14.68889789987843564, -13.57336651265804228, 6.000000000000025757 ) ) ;
#228 = CARTESIAN_POINT ( 'NONE',  ( 24.94345803461153110, 2.612688547621888978E-13, 6.500000000000000000 ) ) ;
#229 = EDGE_CURVE ( 'NONE', #120, #2738, #323, .T. ) ;
#230 = VERTEX_POINT ( 'NONE', #897 ) ;
#231 = CARTESIAN_POINT ( 'NONE',  ( 19.50764199121961440, 4.410431264899768777, 0.5000000000000143219 ) ) ;
#232 = CIRCLE ( 'NONE', #144, 19.49999999999998579 ) ;
#233 = ORIENTED_EDGE ( 'NONE', *, *, #1763, .T. ) ;
#234 = AXIS2_PLACEMENT_3D ( 'NONE', #2290, #1005, #2756 ) ;
#235 = DIRECTION ( 'NONE',  ( -1.000000000000000000, 0.000000000000000000, 0.000000000000000000 ) ) ;
#236 = VERTEX_POINT ( 'NONE', #265 ) ;
#237 = CARTESIAN_POINT ( 'NONE',  ( 19.50764199121970677, -4.410431264899358439, 0.5000000000000143219 ) ) ;
#238 = AXIS2_PLACEMENT_3D ( 'NONE', #724, #2001, #1835 ) ;
#239 = DIRECTION ( 'NONE',  ( 7.371602964823918677E-17, -0.7071067811865480168, -0.7071067811865470176 ) ) ;
#240 = VECTOR ( 'NONE', #963, 1000.000000000000000 ) ;
#241 = CARTESIAN_POINT ( 'NONE',  ( 1.540000000000000258, 0.000000000000000000, 0.000000000000000000 ) ) ;
#242 = CARTESIAN_POINT ( 'NONE',  ( -18.96437167350185504, 5.807730213658078178, 6.166427600579146073 ) ) ;
#243 = EDGE_CURVE ( 'NONE', #2031, #2751, #2430, .T. ) ;
#244 = EDGE_CURVE ( 'NONE', #1980, #2553, #895, .T. ) ;
#245 = EDGE_CURVE ( 'NONE', #2751, #2514, #2379, .T. ) ;
#246 = ORIENTED_EDGE ( 'NONE', *, *, #149, .F. ) ;
#247 = DIRECTION ( 'NONE',  ( -0.000000000000000000, -0.000000000000000000, 1.000000000000000000 ) ) ;
#248 = AXIS2_PLACEMENT_3D ( 'NONE', #2543, #2797, #861 ) ;
#249 = ORIENTED_EDGE ( 'NONE', *, *, #165, .F. ) ;
#250 = B_SPLINE_CURVE_WITH_KNOTS ( 'NONE', 3,
 ( #2706, #1876, #373, #2536 ),
 .UNSPECIFIED., .F., .F.,
 ( 4, 4 ),
 ( 0.000000000000000000, 0.0007465442872327434764 ),
 .UNSPECIFIED. ) ;
#251 = DIRECTION ( 'NONE',  ( 1.000000000000000000, 0.000000000000000000, 0.000000000000000000 ) ) ;
#252 = ORIENTED_EDGE ( 'NONE', *, *, #1413, .F. ) ;
#253 = CYLINDRICAL_SURFACE ( 'NONE', #840, 20.00000000000000000 ) ;
#254 = FACE_OUTER_BOUND ( 'NONE', #804, .T. ) ;
#255 = DIRECTION ( 'NONE',  ( 0.000000000000000000, 0.000000000000000000, -1.000000000000000000 ) ) ;
#256 = ORIENTED_EDGE ( 'NONE', *, *, #2171, .F. ) ;
#257 = EDGE_CURVE ( 'NONE', #1218, #589, #2392, .T. ) ;
#258 = DIRECTION ( 'NONE',  ( -0.5773502691896232886, -0.5773502691896226224, -0.5773502691896313932 ) ) ;
#259 = DIRECTION ( 'NONE',  ( 1.000000000000000000, -7.993605777301127091E-15, 0.000000000000000000 ) ) ;
#260 = ORIENTED_EDGE ( 'NONE', *, *, #1857, .T. ) ;
#261 = B_SPLINE_CURVE_WITH_KNOTS ( 'NONE', 3,
 ( #1706, #2554, #2781, #1272 ),
 .UNSPECIFIED., .F., .F.,
 ( 4, 4 ),
 ( 0.000000000000000000, 0.0007465442872326776653 ),
 .UNSPECIFIED. ) ;
#262 = CARTESIAN_POINT ( 'NONE',  ( 4.530451569560927538, -18.96641791630307594, 0.000000000000000000 ) ) ;
#263 = ORIENTED_EDGE ( 'NONE', *, *, #2671, .F. ) ;
#264 = DIRECTION ( 'NONE',  ( -0.000000000000000000, -0.000000000000000000, 1.000000000000000000 ) ) ;
#265 = CARTESIAN_POINT ( 'NONE',  ( -5.559722808296855057, -18.69062551909170367, 6.500000000000000000 ) ) ;
#266 = LINE ( 'NONE', #1555, #2528 ) ;
#267 = CARTESIAN_POINT ( 'NONE',  ( 1.026666666666672167, -1.026666666666672167, 0.5133333333333355286 ) ) ;
#268 = ORIENTED_EDGE ( 'NONE', *, *, #195, .F. ) ;
#269 = CARTESIAN_POINT ( 'NONE',  ( 18.96437167350197583, -5.807730213658018670, 0.3335723994209977561 ) ) ;
#270 = CARTESIAN_POINT ( 'NONE',  ( -14.60166831620459682, -12.47172901730586680, 6.000000000000026645 ) ) ;
#271 = AXIS2_PLACEMENT_3D ( 'NONE', #737, #2041, #2677 ) ;
#272 = VERTEX_POINT ( 'NONE', #937 ) ;
#273 = EDGE_CURVE ( 'NONE', #2311, #436, #887, .T. ) ;
#274 = AXIS2_PLACEMENT_3D ( 'NONE', #456, #47, #2199 ) ;
#275 = CIRCLE ( 'NONE', #1361, 19.49999999999998224 ) ;
#276 = DIRECTION ( 'NONE',  ( 0.000000000000000000, 0.000000000000000000, 1.000000000000000000 ) ) ;
#277 = ORIENTED_EDGE ( 'NONE', *, *, #1605, .T. ) ;
#278 = FACE_OUTER_BOUND ( 'NONE', #526, .T. ) ;
#279 = ADVANCED_FACE ( 'NONE', ( #71 ), #2175, .T. ) ;
#280 = DIRECTION ( 'NONE',  ( 0.000000000000000000, -0.000000000000000000, -1.000000000000000000 ) ) ;
#281 = AXIS2_PLACEMENT_3D ( 'NONE', #1658, #2521, #819 ) ;
#282 = DIRECTION ( 'NONE',  ( 0.000000000000000000, 0.000000000000000000, -1.000000000000000000 ) ) ;
#283 = CYLINDRICAL_SURFACE ( 'NONE', #284, 7.000000000000000000 ) ;
#284 = AXIS2_PLACEMENT_3D ( 'NONE', #511, #2028, #969 ) ;
#285 = EDGE_CURVE ( 'NONE', #430, #948, #2194, .T. ) ;
#286 = EDGE_LOOP ( 'NONE', ( #849, #1905, #1338, #2316 ) ) ;
#287 = CARTESIAN_POINT ( 'NONE',  ( 4.452543933396568399, 19.32749274289164987, 0.3335723994208822929 ) ) ;
#288 = DIRECTION ( 'NONE',  ( 0.000000000000000000, 0.000000000000000000, 1.000000000000000000 ) ) ;
#289 = EDGE_LOOP ( 'NONE', ( #444, #513, #2516, #743 ) ) ;
#290 = CIRCLE ( 'NONE', #1647, 6.999999999999999112 ) ;
#291 = CIRCLE ( 'NONE', #2592, 6.999999999999999112 ) ;
#292 = AXIS2_PLACEMENT_3D ( 'NONE', #2518, #1655, #594 ) ;
#293 = DIRECTION ( 'NONE',  ( 0.000000000000000000, 0.000000000000000000, 1.000000000000000000 ) ) ;
#294 = EDGE_LOOP ( 'NONE', ( #63, #527, #2345, #2739 ) ) ;
#295 = EDGE_CURVE ( 'NONE', #2230, #716, #296, .T. ) ;
#296 = LINE ( 'NONE', #2445, #2603 ) ;
#297 = CARTESIAN_POINT ( 'NONE',  ( 0.000000000000000000, 24.94345803461153110, 6.500000000000000000 ) ) ;
#298 = CARTESIAN_POINT ( 'NONE',  ( 14.33559363244194351, 13.46415496875025397, 6.333111791890485343 ) ) ;
#299 = VERTEX_POINT ( 'NONE', #311 ) ;
#300 = EDGE_LOOP ( 'NONE', ( #1458, #1017, #2652, #2729 ) ) ;
#301 = CYLINDRICAL_SURFACE ( 'NONE', #926, 6.999999999999999112 ) ;
#302 = CARTESIAN_POINT ( 'NONE',  ( -18.69062551909125958, -5.559722808296816865, 6.500000000000000000 ) ) ;
#303 = CIRCLE ( 'NONE', #663, 7.000000000000000000 ) ;
#304 = EDGE_LOOP ( 'NONE', ( #2064, #2480, #1759, #1926 ) ) ;
#305 = B_SPLINE_CURVE_WITH_KNOTS ( 'NONE', 3,
 ( #2596, #2170, #450, #27 ),
 .UNSPECIFIED., .F., .F.,
 ( 4, 4 ),
 ( 0.000000000000000000, 0.0007465442872330726402 ),
 .UNSPECIFIED. ) ;
#306 = DIRECTION ( 'NONE',  ( 0.000000000000000000, 0.000000000000000000, 1.000000000000000000 ) ) ;
#307 = ORIENTED_EDGE ( 'NONE', *, *, #1881, .F. ) ;
#308 = CONICAL_SURFACE ( 'NONE', #2252, 6.999999999999999112, 0.7853981633974533860 ) ;
#309 = EDGE_CURVE ( 'NONE', #1129, #2577, #1162, .T. ) ;
#310 = EDGE_CURVE ( 'NONE', #990, #1129, #303, .T. ) ;
#311 = CARTESIAN_POINT ( 'NONE',  ( 14.16017394953049191, -13.40669510800627151, 6.500000000000000000 ) ) ;
#312 = DIRECTION ( 'NONE',  ( 0.000000000000000000, 0.000000000000000000, 1.000000000000000000 ) ) ;
#313 = CARTESIAN_POINT ( 'NONE',  ( -1.040000000000000036, 1.039999999999999591, 5.999999999999999112 ) ) ;
#314 = EDGE_CURVE ( 'NONE', #824, #1585, #2025, .T. ) ;
#315 = ORIENTED_EDGE ( 'NONE', *, *, #2029, .T. ) ;
#316 = EDGE_LOOP ( 'NONE', ( #2565, #680, #1762, #1354 ) ) ;
#317 = CARTESIAN_POINT ( 'NONE',  ( 12.47172901730548844, 21.60166831620480821, 0.5000000000000134337 ) ) ;
#318 = DIRECTION ( 'NONE',  ( -0.000000000000000000, 0.000000000000000000, -1.000000000000000000 ) ) ;
#319 = ORIENTED_EDGE ( 'NONE', *, *, #391, .F. ) ;
#320 = LINE ( 'NONE', #93, #240 ) ;
#321 = EDGE_CURVE ( 'NONE', #230, #1335, #1638, .T. ) ;
#322 = VERTEX_POINT ( 'NONE', #1813 ) ;
#323 = B_SPLINE_CURVE_WITH_KNOTS ( 'NONE', 3,
 ( #1131, #1801, #1984, #453 ),
 .UNSPECIFIED., .F., .F.,
 ( 4, 4 ),
 ( 0.000000000000000000, 0.0007465442872330719896 ),
 .UNSPECIFIED. ) ;
#324 = CARTESIAN_POINT ( 'NONE',  ( 0.000000000000000000, 0.000000000000000000, 0.5000000000000134337 ) ) ;
#325 = DIRECTION ( 'NONE',  ( -1.000000000000000000, 0.000000000000000000, 0.000000000000000000 ) ) ;
#326 = APPROVAL_DATE_TIME ( #832, #1539 ) ;
#327 = LINE ( 'NONE', #2300, #1279 ) ;
#328 = ORIENTED_EDGE ( 'NONE', *, *, #1448, .T. ) ;
#329 = EDGE_LOOP ( 'NONE', ( #1076, #1111, #2006, #902 ) ) ;
#330 = DIRECTION ( 'NONE',  ( -1.000000000000000000, 0.000000000000000000, 0.000000000000000000 ) ) ;
#331 = CARTESIAN_POINT ( 'NONE',  ( -4.410431264899563608, -19.50764199121966058, 6.000000000000025757 ) ) ;
#332 = EDGE_CURVE ( 'NONE', #2754, #1085, #2716, .T. ) ;
#333 = EDGE_CURVE ( 'NONE', #1424, #1610, #367, .T. ) ;
#334 = EDGE_LOOP ( 'NONE', ( #1773, #2135, #359, #319 ) ) ;
#335 = CONICAL_SURFACE ( 'NONE', #562, 19.50000000000003197, 0.7853981633974447263 ) ;
#336 = AXIS2_PLACEMENT_3D ( 'NONE', #1523, #418, #1288 ) ;
#337 = DIRECTION ( 'NONE',  ( 1.000000000000000000, 0.000000000000000000, 0.000000000000000000 ) ) ;
#338 = CARTESIAN_POINT ( 'NONE',  ( 0.000000000000000000, 0.000000000000000000, 6.500000000000000000 ) ) ;
#339 = CIRCLE ( 'NONE', #925, 6.999999999999999112 ) ;
#340 = AXIS2_PLACEMENT_3D ( 'NONE', #1505, #1988, #1336 ) ;
#341 = ORIENTED_EDGE ( 'NONE', *, *, #607, .F. ) ;
#342 = AXIS2_PLACEMENT_3D ( 'NONE', #1872, #2772, #1039 ) ;
#343 = CARTESIAN_POINT ( 'NONE',  ( 5.934275478561830575, -19.09932916477800902, 6.000000000000025757 ) ) ;
#344 = DIRECTION ( 'NONE',  ( 1.000000000000000000, 0.000000000000000000, 0.000000000000000000 ) ) ;
#345 = CARTESIAN_POINT ( 'NONE',  ( 0.3466666666666669006, 0.3466666666666661234, 5.306666666666665755 ) ) ;
#346 = ORIENTED_EDGE ( 'NONE', *, *, #983, .F. ) ;
#347 = ORIENTED_EDGE ( 'NONE', *, *, #2789, .T. ) ;
#348 = FACE_OUTER_BOUND ( 'NONE', #461, .T. ) ;
#349 = EDGE_CURVE ( 'NONE', #1218, #113, #141, .T. ) ;
#350 = EDGE_LOOP ( 'NONE', ( #763, #2724, #875, #1563 ) ) ;
#351 = FACE_OUTER_BOUND ( 'NONE', #2685, .T. ) ;
#352 = ORIENTED_EDGE ( 'NONE', *, *, #2533, .F. ) ;
#353 = EDGE_CURVE ( 'NONE', #2557, #360, #1230, .T. ) ;
#354 = CIRCLE ( 'NONE', #2126, 7.500000000000016875 ) ;
#355 = DIRECTION ( 'NONE',  ( 0.000000000000000000, 0.000000000000000000, -1.000000000000000000 ) ) ;
#356 = FACE_OUTER_BOUND ( 'NONE', #1280, .T. ) ;
#357 = DIRECTION ( 'NONE',  ( 0.000000000000000000, 0.000000000000000000, 1.000000000000000000 ) ) ;
#358 = LINE ( 'NONE', #554, #508 ) ;
#359 = ORIENTED_EDGE ( 'NONE', *, *, #1793, .T. ) ;
#360 = VERTEX_POINT ( 'NONE', #507 ) ;
#361 = CARTESIAN_POINT ( 'NONE',  ( -12.47172901730563943, -21.60166831620472294, 0.000000000000000000 ) ) ;
#362 = EDGE_LOOP ( 'NONE', ( #1378, #1249, #489, #2260 ) ) ;
#363 = DIRECTION ( 'NONE',  ( -0.000000000000000000, -0.000000000000000000, -1.000000000000000000 ) ) ;
#364 = CARTESIAN_POINT ( 'NONE',  ( -18.69062551909125958, -5.559722808296816865, 6.500000000000000000 ) ) ;
#365 = ADVANCED_FACE ( 'NONE', ( #1373 ), #1953, .T. ) ;
#366 = ORIENTED_EDGE ( 'NONE', *, *, #2459, .F. ) ;
#367 = CIRCLE ( 'NONE', #2091, 6.999999999999999112 ) ;
#368 = EDGE_CURVE ( 'NONE', #299, #1546, #632, .T. ) ;
#369 = EDGE_CURVE ( 'NONE', #436, #1735, #129, .T. ) ;
#370 = LINE ( 'NONE', #1888, #2013 ) ;
#371 = AXIS2_PLACEMENT_3D ( 'NONE', #2004, #1794, #728 ) ;
#372 = AXIS2_PLACEMENT_3D ( 'NONE', #547, #2010, #2322 ) ;
#373 = CARTESIAN_POINT ( 'NONE',  ( -13.46415496874998752, -14.33559363244214424, 0.1668882081095277026 ) ) ;
#374 = ORIENTED_EDGE ( 'NONE', *, *, #998, .F. ) ;
#375 = CARTESIAN_POINT ( 'NONE',  ( 17.94345803461153110, 2.612688547621888978E-13, 6.500000000000000000 ) ) ;
#376 = CARTESIAN_POINT ( 'NONE',  ( -21.60166831620468031, 12.47172901730571581, 0.5000000000000134337 ) ) ;
#377 = CARTESIAN_POINT ( 'NONE',  ( 21.60166831620476557, -12.47172901730556482, 0.5000000000000134337 ) ) ;
#378 = EDGE_LOOP ( 'NONE', ( #152, #1301, #2110, #2467 ) ) ;
#379 = DIRECTION ( 'NONE',  ( 0.000000000000000000, -0.000000000000000000, -1.000000000000000000 ) ) ;
#380 = AXIS2_PLACEMENT_3D ( 'NONE', #2678, #1012, #2043 ) ;
#381 = AXIS2_PLACEMENT_3D ( 'NONE', #1060, #1444, #2310 ) ;
#382 = CONICAL_SURFACE ( 'NONE', #1061, 6.999999999999999112, 0.7853981633974533860 ) ;
#383 = ORIENTED_EDGE ( 'NONE', *, *, #1318, .F. ) ;
#384 = DIRECTION ( 'NONE',  ( -0.000000000000000000, -0.000000000000000000, -1.000000000000000000 ) ) ;
#385 = AXIS2_PLACEMENT_3D ( 'NONE', #727, #90, #2240 ) ;
#386 = CARTESIAN_POINT ( 'NONE',  ( 4.530451569560918657, 18.96641791630312923, 6.500000000000000000 ) ) ;
#387 = DIRECTION ( 'NONE',  ( 1.000000000000000000, 0.000000000000000000, 0.000000000000000000 ) ) ;
#388 = CARTESIAN_POINT ( 'NONE',  ( 14.16017394953060915, 13.40669510800677422, 6.500000000000000000 ) ) ;
#389 = ORIENTED_EDGE ( 'NONE', *, *, #95, .T. ) ;
#390 = LINE ( 'NONE', #1909, #1823 ) ;
#391 = EDGE_CURVE ( 'NONE', #124, #2608, #1864, .T. ) ;
#392 = EDGE_LOOP ( 'NONE', ( #1862, #2356, #1896, #1414 ) ) ;
#393 = CARTESIAN_POINT ( 'NONE',  ( -4.452543933396536424, -19.32749274289179198, 6.166427600579029722 ) ) ;
#394 = DIRECTION ( 'NONE',  ( 0.000000000000000000, 0.000000000000000000, 1.000000000000000000 ) ) ;
#395 = PERSON_AND_ORGANIZATION_ROLE ( 'design_supplier' ) ;
#396 = EDGE_CURVE ( 'NONE', #716, #1702, #1491, .T. ) ;
#397 = DIRECTION ( 'NONE',  ( 1.000000000000000000, 0.000000000000000000, 0.000000000000000000 ) ) ;
#398 = DIRECTION ( 'NONE',  ( 1.000000000000000000, 0.000000000000000000, 0.000000000000000000 ) ) ;
#399 = CARTESIAN_POINT ( 'NONE',  ( 18.69062551909122760, 5.559722808296940322, 6.500000000000000000 ) ) ;
#400 = CIRCLE ( 'NONE', #1216, 19.49999999999998224 ) ;
#401 = ORIENTED_EDGE ( 'NONE', *, *, #1949, .F. ) ;
#402 = CARTESIAN_POINT ( 'NONE',  ( 5.934275478561427342, 19.09932916477813336, 3.250000000000000888 ) ) ;
#403 = ORIENTED_EDGE ( 'NONE', *, *, #620, .F. ) ;
#404 = DIRECTION ( 'NONE',  ( 0.000000000000000000, 0.000000000000000000, -1.000000000000000000 ) ) ;
#405 = EDGE_CURVE ( 'NONE', #1869, #272, #753, .T. ) ;
#406 = DIRECTION ( 'NONE',  ( 1.000000000000000000, 0.000000000000000000, 0.000000000000000000 ) ) ;
#407 = APPROVAL_DATE_TIME ( #1089, #73 ) ;
#408 = CARTESIAN_POINT ( 'NONE',  ( 1.040000000000000036, -1.040000000000000258, 5.999999999999999112 ) ) ;
#409 = DIRECTION ( 'NONE',  ( 1.000000000000000000, 9.251858538543005354E-16, 0.000000000000000000 ) ) ;
#410 = AXIS2_PLACEMENT_3D ( 'NONE', #2308, #1868, #2659 ) ;
#411 = DIRECTION ( 'NONE',  ( -0.000000000000000000, -0.000000000000000000, -1.000000000000000000 ) ) ;
#412 = EDGE_LOOP ( 'NONE', ( #1971, #1877, #1183, #1524 ) ) ;
#413 = EDGE_CURVE ( 'NONE', #1676, #80, #2572, .T. ) ;
#414 = CARTESIAN_POINT ( 'NONE',  ( 0.000000000000000000, 0.000000000000000000, 6.000000000000026645 ) ) ;
#415 = ORIENTED_EDGE ( 'NONE', *, *, #2610, .T. ) ;
#416 = CARTESIAN_POINT ( 'NONE',  ( -1.026666666666671057, -1.026666666666671723, 0.5133333333333363058 ) ) ;
#417 = CONICAL_SURFACE ( 'NONE', #238, 19.50000000000003197, 0.7853981633974447263 ) ;
#418 = DIRECTION ( 'NONE',  ( 0.000000000000000000, 0.000000000000000000, 1.000000000000000000 ) ) ;
#419 = ORIENTED_EDGE ( 'NONE', *, *, #1752, .T. ) ;
#420 = DIRECTION ( 'NONE',  ( 0.000000000000000000, 0.000000000000000000, -1.000000000000000000 ) ) ;
#421 = VECTOR ( 'NONE', #2582, 1000.000000000000000 ) ;
#422 = COORDINATED_UNIVERSAL_TIME_OFFSET ( 1, 0, .AHEAD. ) ;
#423 = CARTESIAN_POINT ( 'NONE',  ( -3.210906433899378895E-16, 1.540000000000000036, 6.500000000000000000 ) ) ;
#424 = AXIS2_PLACEMENT_3D ( 'NONE', #692, #1513, #906 ) ;
#425 = AXIS2_PLACEMENT_3D ( 'NONE', #1124, #1393, #2682 ) ;
#426 = ORIENTED_EDGE ( 'NONE', *, *, #1231, .F. ) ;
#427 = LINE ( 'NONE', #2161, #2346 ) ;
#428 = AXIS2_PLACEMENT_3D ( 'NONE', #2328, #183, #2359 ) ;
#429 = EDGE_CURVE ( 'NONE', #2458, #1610, #2742, .T. ) ;
#430 = VERTEX_POINT ( 'NONE', #1402 ) ;
#431 = DIRECTION ( 'NONE',  ( 1.000000000000000000, 0.000000000000000000, 0.000000000000000000 ) ) ;
#432 = ORIENTED_EDGE ( 'NONE', *, *, #1668, .F. ) ;
#433 = EDGE_CURVE ( 'NONE', #2529, #505, #70, .T. ) ;
#434 = CARTESIAN_POINT ( 'NONE',  ( 0.000000000000000000, 0.000000000000000000, 6.500000000000000000 ) ) ;
#435 = SECURITY_CLASSIFICATION ( '', '', #2774 ) ;
#436 = VERTEX_POINT ( 'NONE', #2718 ) ;
#437 = CARTESIAN_POINT ( 'NONE',  ( 0.000000000000000000, 0.000000000000000000, 6.500000000000000000 ) ) ;
#438 = VECTOR ( 'NONE', #1119, 1000.000000000000000 ) ;
#439 = ADVANCED_FACE ( 'NONE', ( #2661, #569 ), #2339, .F. ) ;
#440 = CARTESIAN_POINT ( 'NONE',  ( 14.60166831620450267, 12.47172901730601602, 6.000000000000026645 ) ) ;
#441 = CARTESIAN_POINT ( 'NONE',  ( 21.60166831620476557, -12.47172901730556482, 6.500000000000000000 ) ) ;
#442 = LINE ( 'NONE', #1934, #668 ) ;
#443 = AXIS2_PLACEMENT_3D ( 'NONE', #529, #1182, #2048 ) ;
#444 = ORIENTED_EDGE ( 'NONE', *, *, #993, .T. ) ;
#445 = DIRECTION ( 'NONE',  ( 0.000000000000000000, 0.000000000000000000, 1.000000000000000000 ) ) ;
#446 = CIRCLE ( 'NONE', #1219, 20.00000000000000000 ) ;
#447 = ORIENTED_EDGE ( 'NONE', *, *, #874, .F. ) ;
#448 = CARTESIAN_POINT ( 'NONE',  ( 5.682910779650163668, 18.82809705964933755, 0.1668882081097612657 ) ) ;
#449 = ORIENTED_EDGE ( 'NONE', *, *, #295, .T. ) ;
#450 = CARTESIAN_POINT ( 'NONE',  ( -5.682910779650296895, -18.82809705964929492, 0.1668882081097610715 ) ) ;
#451 = EDGE_CURVE ( 'NONE', #2754, #148, #1586, .T. ) ;
#452 = CC_DESIGN_PERSON_AND_ORGANIZATION_ASSIGNMENT ( #159, #1026, ( #1297 ) ) ;
#453 = CARTESIAN_POINT ( 'NONE',  ( 13.40669510800650244, -14.16017394953020947, 0.000000000000000000 ) ) ;
#454 = DIRECTION ( 'NONE',  ( -0.000000000000000000, -0.000000000000000000, 1.000000000000000000 ) ) ;
#455 = ORIENTED_EDGE ( 'NONE', *, *, #2670, .T. ) ;
#456 = CARTESIAN_POINT ( 'NONE',  ( -21.60166831620468031, 12.47172901730571581, 6.500000000000000000 ) ) ;
#457 = ORIENTED_EDGE ( 'NONE', *, *, #2730, .F. ) ;
#458 = CIRCLE ( 'NONE', #600, 19.50000000000003197 ) ;
#459 = B_SPLINE_CURVE_WITH_KNOTS ( 'NONE', 3,
 ( #1809, #2669, #2452, #1544 ),
 .UNSPECIFIED., .F., .F.,
 ( 4, 4 ),
 ( 0.000000000000000000, 0.0007465442872326774485 ),
 .UNSPECIFIED. ) ;
#460 = FACE_OUTER_BOUND ( 'NONE', #1195, .T. ) ;
#461 = EDGE_LOOP ( 'NONE', ( #2354, #94, #2604, #904 ) ) ;
#462 = FACE_OUTER_BOUND ( 'NONE', #1392, .T. ) ;
#463 = EDGE_CURVE ( 'NONE', #120, #1424, #1273, .T. ) ;
#464 = DIRECTION ( 'NONE',  ( 0.000000000000000000, -0.000000000000000000, 1.000000000000000000 ) ) ;
#465 = FACE_OUTER_BOUND ( 'NONE', #316, .T. ) ;
#466 = VERTEX_POINT ( 'NONE', #2748 ) ;
#467 = ORIENTED_EDGE ( 'NONE', *, *, #1058, .F. ) ;
#468 = DIRECTION ( 'NONE',  ( 0.000000000000000000, 1.000000000000000000, 0.000000000000000000 ) ) ;
#469 = DIRECTION ( 'NONE',  ( -0.000000000000000000, -0.000000000000000000, -1.000000000000000000 ) ) ;
#470 = EDGE_LOOP ( 'NONE', ( #863, #2348, #770, #1504 ) ) ;
#471 = EDGE_CURVE ( 'NONE', #2080, #1884, #2637, .T. ) ;
#472 = DIRECTION ( 'NONE',  ( -1.000000000000000000, 0.000000000000000000, 0.000000000000000000 ) ) ;
#473 = ORIENTED_EDGE ( 'NONE', *, *, #2118, .T. ) ;
#474 = DIRECTION ( 'NONE',  ( -0.000000000000000000, -0.000000000000000000, -1.000000000000000000 ) ) ;
#475 = LOCAL_TIME ( 19, 36, 23.00000000000000000, #664 ) ;
#476 = CC_DESIGN_PERSON_AND_ORGANIZATION_ASSIGNMENT ( #2389, #395, ( #982 ) ) ;
#477 = CARTESIAN_POINT ( 'NONE',  ( -14.16017394953070863, -13.40669510800667119, 6.500000000000000000 ) ) ;
#478 = CARTESIAN_POINT ( 'NONE',  ( 0.000000000000000000, 24.94345803461153110, 6.000000000000026645 ) ) ;
#479 = DIRECTION ( 'NONE',  ( -0.000000000000000000, -0.000000000000000000, -1.000000000000000000 ) ) ;
#480 = ADVANCED_FACE ( 'NONE', ( #2140 ), #2152, .F. ) ;
#481 = DIRECTION ( 'NONE',  ( 1.000000000000000000, 0.000000000000000000, 0.000000000000000000 ) ) ;
#482 = ORIENTED_EDGE ( 'NONE', *, *, #1105, .F. ) ;
#483 = DIRECTION ( 'NONE',  ( -1.000000000000000000, 0.000000000000000000, 0.000000000000000000 ) ) ;
#484 = CARTESIAN_POINT ( 'NONE',  ( 0.000000000000000000, 0.000000000000000000, 6.500000000000000000 ) ) ;
#485 = ORIENTED_EDGE ( 'NONE', *, *, #704, .T. ) ;
#486 = AXIS2_PLACEMENT_3D ( 'NONE', #923, #454, #1149 ) ;
#487 = EDGE_CURVE ( 'NONE', #2138, #1760, #370, .T. ) ;
#488 = DIRECTION ( 'NONE',  ( 1.000000000000000000, 9.251858538543005354E-16, 0.000000000000000000 ) ) ;
#489 = ORIENTED_EDGE ( 'NONE', *, *, #2607, .F. ) ;
#490 = DIRECTION ( 'NONE',  ( 0.000000000000000000, 0.000000000000000000, 1.000000000000000000 ) ) ;
#491 = ADVANCED_FACE ( 'NONE', ( #2130 ), #1650, .T. ) ;
#492 = DIRECTION ( 'NONE',  ( -0.000000000000000000, -0.000000000000000000, 1.000000000000000000 ) ) ;
#493 = FACE_OUTER_BOUND ( 'NONE', #304, .T. ) ;
#494 = CARTESIAN_POINT ( 'NONE',  ( -5.682910779650143240, -18.82809705964913860, 6.333111791890485343 ) ) ;
#495 = CARTESIAN_POINT ( 'NONE',  ( -13.46415496875007989, -14.33559363244242491, 6.333111791890250863 ) ) ;
#496 = ORIENTED_EDGE ( 'NONE', *, *, #2803, .T. ) ;
#497 = DIRECTION ( 'NONE',  ( -1.000000000000000000, 0.000000000000000000, 0.000000000000000000 ) ) ;
#498 = DIRECTION ( 'NONE',  ( 0.000000000000000000, 0.000000000000000000, -1.000000000000000000 ) ) ;
#499 = VECTOR ( 'NONE', #1434, 1000.000000000000000 ) ;
#500 = ADVANCED_FACE ( 'NONE', ( #1449 ), #1065, .F. ) ;
#501 = EDGE_LOOP ( 'NONE', ( #1348, #837, #606, #1240 ) ) ;
#502 = AXIS2_PLACEMENT_3D ( 'NONE', #959, #2654, #1139 ) ;
#503 = CIRCLE ( 'NONE', #1234, 7.499999999999971578 ) ;
#504 = DIRECTION ( 'NONE',  ( 0.000000000000000000, 0.000000000000000000, 1.000000000000000000 ) ) ;
#505 = VERTEX_POINT ( 'NONE', #1484 ) ;
#506 = AXIS2_PLACEMENT_3D ( 'NONE', #414, #614, #838 ) ;
#507 = CARTESIAN_POINT ( 'NONE',  ( -14.10166831620462702, -12.47172901730586680, 6.500000000000000000 ) ) ;
#508 = VECTOR ( 'NONE', #2315, 1000.000000000000000 ) ;
#509 = AXIS2_PLACEMENT_3D ( 'NONE', #338, #2439, #1811 ) ;
#510 = CARTESIAN_POINT ( 'NONE',  ( 0.000000000000000000, 0.000000000000000000, 0.5000000000000134337 ) ) ;
#511 = CARTESIAN_POINT ( 'NONE',  ( 12.47172901730548844, 21.60166831620480821, 6.500000000000000000 ) ) ;
#512 = VECTOR ( 'NONE', #67, 1000.000000000000000 ) ;
#513 = ORIENTED_EDGE ( 'NONE', *, *, #149, .T. ) ;
#514 = ORIENTED_EDGE ( 'NONE', *, *, #2484, .F. ) ;
#515 = FACE_OUTER_BOUND ( 'NONE', #987, .T. ) ;
#516 = DIRECTION ( 'NONE',  ( 1.000000000000000000, -8.881784197001245421E-16, 0.000000000000000000 ) ) ;
#517 = ADVANCED_FACE ( 'NONE', ( #608 ), #66, .T. ) ;
#518 = VERTEX_POINT ( 'NONE', #1291 ) ;
#519 = AXIS2_PLACEMENT_3D ( 'NONE', #2391, #1684, #397 ) ;
#520 = DIRECTION ( 'NONE',  ( -0.000000000000000000, -0.000000000000000000, 1.000000000000000000 ) ) ;
#521 = EDGE_LOOP ( 'NONE', ( #1968, #1438, #2239, #2099 ) ) ;
#522 = ADVANCED_FACE ( 'NONE', ( #2312 ), #2103, .F. ) ;
#523 = DIRECTION ( 'NONE',  ( 1.000000000000000000, 0.000000000000000000, 0.000000000000000000 ) ) ;
#524 = FACE_OUTER_BOUND ( 'NONE', #860, .T. ) ;
#525 = FACE_OUTER_BOUND ( 'NONE', #289, .T. ) ;
#526 = EDGE_LOOP ( 'NONE', ( #962, #2421, #366, #1943 ) ) ;
#527 = ORIENTED_EDGE ( 'NONE', *, *, #1668, .T. ) ;
#528 = LINE ( 'NONE', #974, #2334 ) ;
#529 = CARTESIAN_POINT ( 'NONE',  ( 1.040000000000000036, 1.040000000000000036, 6.500000000000000000 ) ) ;
#530 = CIRCLE ( 'NONE', #811, 20.00000000000000000 ) ;
#531 = ORIENTED_EDGE ( 'NONE', *, *, #1366, .T. ) ;
#532 = CARTESIAN_POINT ( 'NONE',  ( 13.57336651265780070, 14.68889789987866834, 6.000000000000025757 ) ) ;
#533 = VERTEX_POINT ( 'NONE', #630 ) ;
#534 = CONICAL_SURFACE ( 'NONE', #1347, 6.999999999999999112, 0.7853981633974533860 ) ;
#535 = B_SPLINE_CURVE_WITH_KNOTS ( 'NONE', 3,
 ( #2668, #558, #287, #1603 ),
 .UNSPECIFIED., .F., .F.,
 ( 4, 4 ),
 ( 0.000000000000000000, 0.0007465442872331961308 ),
 .UNSPECIFIED. ) ;
#536 = EDGE_CURVE ( 'NONE', #893, #986, #1925, .T. ) ;
#537 = DIRECTION ( 'NONE',  ( 1.000000000000000000, 0.000000000000000000, 0.000000000000000000 ) ) ;
#538 = CARTESIAN_POINT ( 'NONE',  ( -14.68889789987843564, -13.57336651265804228, 3.250000000000000888 ) ) ;
#539 = EDGE_CURVE ( 'NONE', #360, #893, #2370, .T. ) ;
#540 = CARTESIAN_POINT ( 'NONE',  ( 0.000000000000000000, 0.000000000000000000, 6.000000000000026645 ) ) ;
#541 = CARTESIAN_POINT ( 'NONE',  ( 14.10166831620474781, -12.47172901730556482, 0.000000000000000000 ) ) ;
#542 = VERTEX_POINT ( 'NONE', #1913 ) ;
#543 = ORIENTED_EDGE ( 'NONE', *, *, #2555, .T. ) ;
#544 = CARTESIAN_POINT ( 'NONE',  ( 5.682910779650012678, 18.82809705964917413, 6.333111791890485343 ) ) ;
#545 = FACE_OUTER_BOUND ( 'NONE', #10, .T. ) ;
#546 = ORIENTED_EDGE ( 'NONE', *, *, #433, .T. ) ;
#547 = CARTESIAN_POINT ( 'NONE',  ( -3.210906433899378895E-16, 1.540000000000000036, 0.000000000000000000 ) ) ;
#548 = CARTESIAN_POINT ( 'NONE',  ( 5.559722808296878149, -18.69062551909124181, 6.500000000000000000 ) ) ;
#549 = ORIENTED_EDGE ( 'NONE', *, *, #2367, .T. ) ;
#550 = CARTESIAN_POINT ( 'NONE',  ( 14.60166831620476557, -12.47172901730556482, 0.5000000000000134337 ) ) ;
#551 = CARTESIAN_POINT ( 'NONE',  ( -14.68889789987852801, 13.57336651265795346, 3.250000000000000888 ) ) ;
#552 = ADVANCED_FACE ( 'NONE', ( #171 ), #2736, .T. ) ;
#553 = PERSON_AND_ORGANIZATION ( #18446744073709551615, #18446744073709551615 ) ;
#554 = CARTESIAN_POINT ( 'NONE',  ( 1.040000000000000036, 1.040000000000000036, 0.5000000000000073275 ) ) ;
#555 = VECTOR ( 'NONE', #1437, 1000.000000000000000 ) ;
#556 = ORIENTED_EDGE ( 'NONE', *, *, #1797, .T. ) ;
#557 = ORIENTED_EDGE ( 'NONE', *, *, #873, .F. ) ;
#558 = CARTESIAN_POINT ( 'NONE',  ( 4.492503427207003242, 19.14706574840030839, 0.1668882081095294789 ) ) ;
#559 = DIRECTION ( 'NONE',  ( 0.000000000000000000, 0.000000000000000000, -1.000000000000000000 ) ) ;
#560 = CIRCLE ( 'NONE', #2143, 19.50000000000003553 ) ;
#561 = ORIENTED_EDGE ( 'NONE', *, *, #536, .T. ) ;
#562 = AXIS2_PLACEMENT_3D ( 'NONE', #1077, #1317, #2388 ) ;
#563 = DIRECTION ( 'NONE',  ( 1.000000000000000000, 0.000000000000000000, 0.000000000000000000 ) ) ;
#564 = CIRCLE ( 'NONE', #1063, 19.49999999999998224 ) ;
#565 = AXIS2_PLACEMENT_3D ( 'NONE', #2270, #2695, #2258 ) ;
#566 = VERTEX_POINT ( 'NONE', #1902 ) ;
#567 = AXIS2_PLACEMENT_3D ( 'NONE', #1050, #384, #1250 ) ;
#568 = B_SPLINE_CURVE_WITH_KNOTS ( 'NONE', 3,
 ( #231, #859, #1299, #655 ),
 .UNSPECIFIED., .F., .F.,
 ( 4, 4 ),
 ( 0.000000000000000000, 0.0007465442872330720981 ),
 .UNSPECIFIED. ) ;
#569 = FACE_OUTER_BOUND ( 'NONE', #2127, .T. ) ;
#570 = CARTESIAN_POINT ( 'NONE',  ( -1.040000000000000036, -1.040000000000000480, 5.999999999999999112 ) ) ;
#571 = COORDINATED_UNIVERSAL_TIME_OFFSET ( 1, 0, .AHEAD. ) ;
#572 = LINE ( 'NONE', #1464, #555 ) ;
#573 = VERTEX_POINT ( 'NONE', #800 ) ;
#574 = VERTEX_POINT ( 'NONE', #211 ) ;
#575 = DIRECTION ( 'NONE',  ( 0.000000000000000000, 0.000000000000000000, -1.000000000000000000 ) ) ;
#576 = EDGE_CURVE ( 'NONE', #1154, #948, #1157, .T. ) ;
#577 = CC_DESIGN_APPROVAL ( #73, ( #982 ) ) ;
#578 = ORIENTED_EDGE ( 'NONE', *, *, #332, .T. ) ;
#579 = DIRECTION ( 'NONE',  ( 0.000000000000000000, 0.000000000000000000, 1.000000000000000000 ) ) ;
#580 = EDGE_CURVE ( 'NONE', #230, #574, #2508, .T. ) ;
#581 = ORIENTED_EDGE ( 'NONE', *, *, #631, .T. ) ;
#582 = VECTOR ( 'NONE', #1244, 1000.000000000000000 ) ;
#583 = CARTESIAN_POINT ( 'NONE',  ( 14.33559363244219043, -13.46415496874994666, 0.1668882081095280634 ) ) ;
#584 = FACE_OUTER_BOUND ( 'NONE', #1044, .T. ) ;
#585 = CONICAL_SURFACE ( 'NONE', #950, 20.00000000000000000, 0.7853981633974526089 ) ;
#586 = FACE_OUTER_BOUND ( 'NONE', #378, .T. ) ;
#587 = DIRECTION ( 'NONE',  ( 1.000000000000000000, 0.000000000000000000, 0.000000000000000000 ) ) ;
#588 = EDGE_LOOP ( 'NONE', ( #964, #2636, #455, #647 ) ) ;
#589 = VERTEX_POINT ( 'NONE', #1130 ) ;
#590 = FACE_OUTER_BOUND ( 'NONE', #2414, .T. ) ;
#591 = ORIENTED_EDGE ( 'NONE', *, *, #993, .F. ) ;
#592 = DIRECTION ( 'NONE',  ( -0.000000000000000000, -0.000000000000000000, -1.000000000000000000 ) ) ;
#593 = ORIENTED_EDGE ( 'NONE', *, *, #1763, .F. ) ;
#594 = DIRECTION ( 'NONE',  ( -1.000000000000000000, 0.000000000000000000, 0.000000000000000000 ) ) ;
#595 = APPLICATION_PROTOCOL_DEFINITION ( 'international standard', 'config_control_design', 1994, #1602 ) ;
#596 = CARTESIAN_POINT ( 'NONE',  ( 18.69062551909156156, 5.559722808297149932, 0.000000000000000000 ) ) ;
#597 = DIRECTION ( 'NONE',  ( 0.000000000000000000, 0.000000000000000000, -1.000000000000000000 ) ) ;
#598 = EDGE_CURVE ( 'NONE', #542, #1424, #1885, .T. ) ;
#599 = CARTESIAN_POINT ( 'NONE',  ( -14.33559363244237872, 13.46415496875012963, 6.333111791890251752 ) ) ;
#600 = AXIS2_PLACEMENT_3D ( 'NONE', #2530, #167, #1215 ) ;
#601 = ORIENTED_EDGE ( 'NONE', *, *, #1752, .F. ) ;
#602 = FACE_OUTER_BOUND ( 'NONE', #847, .T. ) ;
#603 = VECTOR ( 'NONE', #992, 1000.000000000000000 ) ;
#604 = ADVANCED_FACE ( 'NONE', ( #1972 ), #253, .T. ) ;
#605 = CONICAL_SURFACE ( 'NONE', #2104, 6.999999999999999112, 0.7853981633974533860 ) ;
#606 = ORIENTED_EDGE ( 'NONE', *, *, #257, .F. ) ;
#607 = EDGE_CURVE ( 'NONE', #2574, #1326, #1283, .T. ) ;
#608 = FACE_OUTER_BOUND ( 'NONE', #2667, .T. ) ;
#609 = AXIS2_PLACEMENT_3D ( 'NONE', #1774, #404, #483 ) ;
#610 = CARTESIAN_POINT ( 'NONE',  ( -21.60166831620468031, 12.47172901730571581, 6.000000000000026645 ) ) ;
#611 = CARTESIAN_POINT ( 'NONE',  ( -19.50764199121964637, -4.410431264899632886, 0.5000000000000138778 ) ) ;
#612 = DIRECTION ( 'NONE',  ( 1.000000000000000000, 1.042502088928369658E-16, 0.000000000000000000 ) ) ;
#613 = EDGE_LOOP ( 'NONE', ( #2077, #2197, #1791, #2673 ) ) ;
#614 = DIRECTION ( 'NONE',  ( 0.000000000000000000, 0.000000000000000000, -1.000000000000000000 ) ) ;
#615 = ADVANCED_FACE ( 'NONE', ( #462 ), #1779, .F. ) ;
#616 = VERTEX_POINT ( 'NONE', #2415 ) ;
#617 = CARTESIAN_POINT ( 'NONE',  ( -14.60166831620468031, 12.47172901730571581, 6.000000000000026645 ) ) ;
#618 = CARTESIAN_POINT ( 'NONE',  ( 0.000000000000000000, 24.94345803461153110, 0.000000000000000000 ) ) ;
#619 = CARTESIAN_POINT ( 'NONE',  ( 0.000000000000000000, 0.000000000000000000, 6.000000000000026645 ) ) ;
#620 = EDGE_CURVE ( 'NONE', #2553, #589, #921, .T. ) ;
#621 = DIRECTION ( 'NONE',  ( -0.000000000000000000, -0.000000000000000000, -1.000000000000000000 ) ) ;
#622 = DIRECTION ( 'NONE',  ( 1.000000000000000000, 0.000000000000000000, 0.000000000000000000 ) ) ;
#623 = FACE_OUTER_BOUND ( 'NONE', #1558, .T. ) ;
#624 = VECTOR ( 'NONE', #638, 1000.000000000000000 ) ;
#625 = ORIENTED_EDGE ( 'NONE', *, *, #229, .T. ) ;
#626 = CARTESIAN_POINT ( 'NONE',  ( 24.94345803461153110, 2.612688547621888978E-13, 6.000000000000026645 ) ) ;
#627 = ORIENTED_EDGE ( 'NONE', *, *, #2196, .T. ) ;
#628 = FACE_OUTER_BOUND ( 'NONE', #1123, .T. ) ;
#629 = VERTEX_POINT ( 'NONE', #1994 ) ;
#630 = CARTESIAN_POINT ( 'NONE',  ( 1.540000000000000258, 1.540000000000000258, 6.500000000000000000 ) ) ;
#631 = EDGE_CURVE ( 'NONE', #430, #2523, #305, .T. ) ;
#632 = CIRCLE ( 'NONE', #1006, 7.499999999999968914 ) ;
#633 = CALENDAR_DATE ( 2026, 4, 4 ) ;
#634 = CARTESIAN_POINT ( 'NONE',  ( -1.026666666666671723, 1.026666666666671279, 0.5133333333333356396 ) ) ;
#635 = CARTESIAN_POINT ( 'NONE',  ( 13.40669510800672448, -14.16017394953065711, 6.500000000000000000 ) ) ;
#636 = VECTOR ( 'NONE', #701, 999.9999999999998863 ) ;
#637 = CIRCLE ( 'NONE', #2095, 6.999999999999999112 ) ;
#638 = DIRECTION ( 'NONE',  ( -1.000000000000000000, -2.085004177856739315E-16, 0.000000000000000000 ) ) ;
#639 = ORIENTED_EDGE ( 'NONE', *, *, #391, .T. ) ;
#640 = CARTESIAN_POINT ( 'NONE',  ( -4.410431264899563608, -19.50764199121966058, 0.5000000000000143219 ) ) ;
#641 = VERTEX_POINT ( 'NONE', #905 ) ;
#642 = VECTOR ( 'NONE', #801, 1000.000000000000000 ) ;
#643 = CYLINDRICAL_SURFACE ( 'NONE', #340, 20.00000000000000000 ) ;
#644 = EDGE_CURVE ( 'NONE', #2055, #2620, #1766, .T. ) ;
#645 = CONICAL_SURFACE ( 'NONE', #509, 19.50000000000003197, 0.7853981633974447263 ) ;
#646 = DIRECTION ( 'NONE',  ( 0.000000000000000000, 0.000000000000000000, 1.000000000000000000 ) ) ;
#647 = ORIENTED_EDGE ( 'NONE', *, *, #1734, .T. ) ;
#648 = CARTESIAN_POINT ( 'NONE',  ( 12.47172901730594141, -21.60166831620454886, 6.000000000000026645 ) ) ;
#649 = DIRECTION ( 'NONE',  ( 1.000000000000000000, 2.085004177856739315E-16, 0.000000000000000000 ) ) ;
#650 = CIRCLE ( 'NONE', #2734, 20.00000000000000000 ) ;
#651 = CYLINDRICAL_SURFACE ( 'NONE', #64, 6.999999999999999112 ) ;
#652 = DIRECTION ( 'NONE',  ( -0.5773502691896259531, -0.5773502691896253980, 0.5773502691896260641 ) ) ;
#653 = ORIENTED_EDGE ( 'NONE', *, *, #1285, .F. ) ;
#654 = EDGE_LOOP ( 'NONE', ( #1083, #2493, #415, #1214, #556 ) ) ;
#655 = CARTESIAN_POINT ( 'NONE',  ( 18.96641791630302976, 4.530451569561125602, 0.000000000000000000 ) ) ;
#656 = VERTEX_POINT ( 'NONE', #894 ) ;
#657 = EDGE_CURVE ( 'NONE', #542, #2080, #2801, .T. ) ;
#658 = AXIS2_PLACEMENT_3D ( 'NONE', #1209, #1627, #2490 ) ;
#659 = ADVANCED_FACE ( 'NONE', ( #1755 ), #1525, .T. ) ;
#660 = DIRECTION ( 'NONE',  ( 0.000000000000000000, 0.000000000000000000, -1.000000000000000000 ) ) ;
#661 = ORIENTED_EDGE ( 'NONE', *, *, #1826, .F. ) ;
#662 = DIRECTION ( 'NONE',  ( 1.000000000000000000, 0.000000000000000000, 0.000000000000000000 ) ) ;
#663 = AXIS2_PLACEMENT_3D ( 'NONE', #1176, #2085, #995 ) ;
#664 = COORDINATED_UNIVERSAL_TIME_OFFSET ( 1, 0, .AHEAD. ) ;
#665 = DIRECTION ( 'NONE',  ( 1.000000000000000000, 0.000000000000000000, 0.000000000000000000 ) ) ;
#666 = CARTESIAN_POINT ( 'NONE',  ( 0.000000000000000000, 0.000000000000000000, 6.000000000000026645 ) ) ;
#667 = CARTESIAN_POINT ( 'NONE',  ( 13.57336651265780070, 14.68889789987866834, 0.5000000000000143219 ) ) ;
#668 = VECTOR ( 'NONE', #2333, 1000.000000000000000 ) ;
#669 = ORIENTED_EDGE ( 'NONE', *, *, #1841, .T. ) ;
#670 = DIRECTION ( 'NONE',  ( -0.000000000000000000, -0.000000000000000000, -1.000000000000000000 ) ) ;
#671 = AXIS2_PLACEMENT_3D ( 'NONE', #478, #1757, #2234 ) ;
#672 = ORIENTED_EDGE ( 'NONE', *, *, #2231, .F. ) ;
#673 = FACE_OUTER_BOUND ( 'NONE', #294, .T. ) ;
#674 = ORIENTED_EDGE ( 'NONE', *, *, #2501, .F. ) ;
#675 = CARTESIAN_POINT ( 'NONE',  ( 0.000000000000000000, 0.000000000000000000, 6.000000000000026645 ) ) ;
#676 = CALENDAR_DATE ( 2026, 4, 4 ) ;
#677 = DIRECTION ( 'NONE',  ( 1.000000000000000000, 9.251858538543005354E-16, 0.000000000000000000 ) ) ;
#678 = DIRECTION ( 'NONE',  ( 1.000000000000000000, 0.000000000000000000, 0.000000000000000000 ) ) ;
#679 = EDGE_CURVE ( 'NONE', #2080, #436, #1059, .T. ) ;
#680 = ORIENTED_EDGE ( 'NONE', *, *, #273, .T. ) ;
#681 = CARTESIAN_POINT ( 'NONE',  ( -12.47172901730563943, -21.60166831620472294, 0.5000000000000134337 ) ) ;
#682 = ORIENTED_EDGE ( 'NONE', *, *, #1366, .F. ) ;
#683 = CC_DESIGN_PERSON_AND_ORGANIZATION_ASSIGNMENT ( #884, #14, ( #982 ) ) ;
#684 = LINE ( 'NONE', #2167, #1688 ) ;
#685 = CONICAL_SURFACE ( 'NONE', #2225, 19.50000000000003553, 0.7853981633974415066 ) ;
#686 = ORIENTED_EDGE ( 'NONE', *, *, #1206, .T. ) ;
#687 = DIRECTION ( 'NONE',  ( 0.000000000000000000, 0.000000000000000000, 1.000000000000000000 ) ) ;
#688 = ADVANCED_FACE ( 'NONE', ( #2427 ), #335, .T. ) ;
#689 = CIRCLE ( 'NONE', #967, 20.00000000000000000 ) ;
#690 = AXIS2_PLACEMENT_3D ( 'NONE', #864, #2627, #1330 ) ;
#691 = AXIS2_PLACEMENT_3D ( 'NONE', #759, #1616, #1440 ) ;
#692 = CARTESIAN_POINT ( 'NONE',  ( 0.000000000000000000, 0.000000000000000000, 0.5000000000000134337 ) ) ;
#693 = DIRECTION ( 'NONE',  ( -0.000000000000000000, -0.000000000000000000, -1.000000000000000000 ) ) ;
#694 = CARTESIAN_POINT ( 'NONE',  ( 18.82809705964914926, -5.682910779650080180, 6.333111791890484454 ) ) ;
#695 = VECTOR ( 'NONE', #834, 1000.000000000000000 ) ;
#696 = AXIS2_PLACEMENT_3D ( 'NONE', #1587, #60, #1792 ) ;
#697 = CARTESIAN_POINT ( 'NONE',  ( -5.934275478561695571, 19.09932916477805165, 0.5000000000000143219 ) ) ;
#698 = ORIENTED_EDGE ( 'NONE', *, *, #2205, .F. ) ;
#699 = CARTESIAN_POINT ( 'NONE',  ( -19.50764199121967479, 4.410431264899494330, 6.000000000000025757 ) ) ;
#700 = ADVANCED_FACE ( 'NONE', ( #1104 ), #1642, .T. ) ;
#701 = DIRECTION ( 'NONE',  ( 0.5773502691896257311, -0.5773502691896256200, -0.5773502691896259531 ) ) ;
#702 = AXIS2_PLACEMENT_3D ( 'NONE', #675, #1355, #1117 ) ;
#703 = ORIENTED_EDGE ( 'NONE', *, *, #1314, .T. ) ;
#704 = EDGE_CURVE ( 'NONE', #45, #1636, #1723, .T. ) ;
#705 = DIRECTION ( 'NONE',  ( -1.000000000000000000, 0.000000000000000000, 0.000000000000000000 ) ) ;
#706 = EDGE_LOOP ( 'NONE', ( #581, #798, #1180, #1094 ) ) ;
#707 = DIRECTION ( 'NONE',  ( 0.5773502691896259531, -0.5773502691896251759, 0.5773502691896260641 ) ) ;
#708 = DIRECTION ( 'NONE',  ( 1.000000000000000000, 0.000000000000000000, 0.000000000000000000 ) ) ;
#709 = FACE_OUTER_BOUND ( 'NONE', #2481, .T. ) ;
#710 = DIRECTION ( 'NONE',  ( 0.7071067811865469066, 0.000000000000000000, 0.7071067811865482389 ) ) ;
#711 = ADVANCED_FACE ( 'NONE', ( #1956 ), #197, .F. ) ;
#712 = ORIENTED_EDGE ( 'NONE', *, *, #2513, .T. ) ;
#713 = CARTESIAN_POINT ( 'NONE',  ( 18.82809705964931979, -5.682910779650229394, 0.1668882081097604886 ) ) ;
#714 = DIRECTION ( 'NONE',  ( -1.000000000000000000, 0.000000000000000000, 0.000000000000000000 ) ) ;
#715 = CIRCLE ( 'NONE', #1263, 7.500000000000018652 ) ;
#716 = VERTEX_POINT ( 'NONE', #237 ) ;
#717 = DIRECTION ( 'NONE',  ( -0.000000000000000000, -0.000000000000000000, 1.000000000000000000 ) ) ;
#718 = ORIENTED_EDGE ( 'NONE', *, *, #309, .T. ) ;
#719 = DIRECTION ( 'NONE',  ( 0.000000000000000000, 0.000000000000000000, -1.000000000000000000 ) ) ;
#720 = CARTESIAN_POINT ( 'NONE',  ( 24.94345803461153110, 2.612688547621888978E-13, 0.5000000000000134337 ) ) ;
#721 = DIRECTION ( 'NONE',  ( 0.000000000000000000, 0.000000000000000000, -1.000000000000000000 ) ) ;
#722 = CARTESIAN_POINT ( 'NONE',  ( 14.68889789987833794, 13.57336651265816130, 6.000000000000025757 ) ) ;
#723 = EDGE_CURVE ( 'NONE', #2641, #2751, #1919, .T. ) ;
#724 = CARTESIAN_POINT ( 'NONE',  ( 0.000000000000000000, 0.000000000000000000, 6.500000000000000000 ) ) ;
#725 = ORIENTED_EDGE ( 'NONE', *, *, #413, .T. ) ;
#726 = ORIENTED_EDGE ( 'NONE', *, *, #429, .T. ) ;
#727 = CARTESIAN_POINT ( 'NONE',  ( 1.605453216949689448E-16, -1.540000000000000036, 0.000000000000000000 ) ) ;
#728 = DIRECTION ( 'NONE',  ( -1.000000000000000000, 0.000000000000000000, 0.000000000000000000 ) ) ;
#729 = AXIS2_PLACEMENT_3D ( 'NONE', #324, #2503, #2462 ) ;
#730 = ORIENTED_EDGE ( 'NONE', *, *, #1694, .T. ) ;
#731 = ADVANCED_FACE ( 'NONE', ( #11 ), #1633, .F. ) ;
#732 = AXIS2_PLACEMENT_3D ( 'NONE', #1775, #1170, #2639 ) ;
#733 = DIRECTION ( 'NONE',  ( 1.000000000000000000, 0.000000000000000000, 0.000000000000000000 ) ) ;
#734 = ADVANCED_FACE ( 'NONE', ( #602 ), #1233, .T. ) ;
#735 = ORIENTED_EDGE ( 'NONE', *, *, #1105, .T. ) ;
#736 = CIRCLE ( 'NONE', #1724, 19.50000000000003197 ) ;
#737 = CARTESIAN_POINT ( 'NONE',  ( -12.47172901730579042, 21.60166831620463768, 0.000000000000000000 ) ) ;
#738 = AXIS2_PLACEMENT_3D ( 'NONE', #2059, #97, #2463 ) ;
#739 = CIRCLE ( 'NONE', #1189, 6.999999999999999112 ) ;
#740 = DIRECTION ( 'NONE',  ( 0.000000000000000000, 0.000000000000000000, -1.000000000000000000 ) ) ;
#741 = FACE_OUTER_BOUND ( 'NONE', #300, .T. ) ;
#742 = ORIENTED_EDGE ( 'NONE', *, *, #2629, .T. ) ;
#743 = ORIENTED_EDGE ( 'NONE', *, *, #2166, .T. ) ;
#744 = CARTESIAN_POINT ( 'NONE',  ( -1.540000000000000258, 1.539999999999999813, 6.500000000000000000 ) ) ;
#745 = PLANE ( 'NONE',  #443 ) ;
#746 = ORIENTED_EDGE ( 'NONE', *, *, #1294, .F. ) ;
#747 = AXIS2_PLACEMENT_3D ( 'NONE', #2065, #772, #1169 ) ;
#748 = ADVANCED_FACE ( 'NONE', ( #1469 ), #2713, .T. ) ;
#749 = CARTESIAN_POINT ( 'NONE',  ( -1.040000000000000036, 1.039999999999999591, 0.5000000000000073275 ) ) ;
#750 = ORIENTED_EDGE ( 'NONE', *, *, #1150, .F. ) ;
#751 = ADVANCED_FACE ( 'NONE', ( #2515 ), #1800, .F. ) ;
#752 = ADVANCED_FACE ( 'NONE', ( #2097 ), #991, .F. ) ;
#753 = LINE ( 'NONE', #1611, #499 ) ;
#754 = DIRECTION ( 'NONE',  ( -0.000000000000000000, 0.000000000000000000, -1.000000000000000000 ) ) ;
#755 = CARTESIAN_POINT ( 'NONE',  ( 18.96437167350189767, -5.807730213657943175, 6.166427600579145185 ) ) ;
#756 = DIRECTION ( 'NONE',  ( -0.000000000000000000, -0.000000000000000000, -1.000000000000000000 ) ) ;
#757 = ORIENTED_EDGE ( 'NONE', *, *, #1949, .T. ) ;
#758 = EDGE_LOOP ( 'NONE', ( #915, #2424, #268, #1490 ) ) ;
#759 = CARTESIAN_POINT ( 'NONE',  ( 24.94345803461153110, 2.612688547621888978E-13, 0.5000000000000134337 ) ) ;
#760 = CARTESIAN_POINT ( 'NONE',  ( -19.14706574840032260, 4.492503427206936628, 0.1668882081095276471 ) ) ;
#761 = ORIENTED_EDGE ( 'NONE', *, *, #2291, .F. ) ;
#762 = DIRECTION ( 'NONE',  ( 0.000000000000000000, 0.000000000000000000, 1.000000000000000000 ) ) ;
#763 = ORIENTED_EDGE ( 'NONE', *, *, #2324, .T. ) ;
#764 = VECTOR ( 'NONE', #2145, 1000.000000000000114 ) ;
#765 = EDGE_CURVE ( 'NONE', #956, #1468, #1493, .T. ) ;
#766 = CARTESIAN_POINT ( 'NONE',  ( 21.60166831620450623, 12.47172901730601602, 0.000000000000000000 ) ) ;
#767 = DIRECTION ( 'NONE',  ( 1.000000000000000000, 0.000000000000000000, 0.000000000000000000 ) ) ;
#768 = CALENDAR_DATE ( 2026, 4, 4 ) ;
#769 = DIRECTION ( 'NONE',  ( 0.000000000000000000, 0.000000000000000000, 1.000000000000000000 ) ) ;
#770 = ORIENTED_EDGE ( 'NONE', *, *, #1982, .T. ) ;
#771 = ORIENTED_EDGE ( 'NONE', *, *, #1290, .F. ) ;
#772 = DIRECTION ( 'NONE',  ( -0.000000000000000000, -0.000000000000000000, 1.000000000000000000 ) ) ;
#773 = CARTESIAN_POINT ( 'NONE',  ( -1.040000000000000036, -1.040000000000000480, 0.5000000000000073275 ) ) ;
#774 = VERTEX_POINT ( 'NONE', #1854 ) ;
#775 = B_SPLINE_CURVE_WITH_KNOTS ( 'NONE', 3,
 ( #532, #932, #1855, #1399 ),
 .UNSPECIFIED., .F., .F.,
 ( 4, 4 ),
 ( 0.000000000000000000, 0.0007465442872330061786 ),
 .UNSPECIFIED. ) ;
#776 = CARTESIAN_POINT ( 'NONE',  ( 21.60166831620476557, -12.47172901730556482, 6.000000000000026645 ) ) ;
#777 = FACE_OUTER_BOUND ( 'NONE', #35, .T. ) ;
#778 = ORIENTED_EDGE ( 'NONE', *, *, #1462, .F. ) ;
#779 = B_SPLINE_CURVE_WITH_KNOTS ( 'NONE', 3,
 ( #996, #1846, #1859, #2476 ),
 .UNSPECIFIED., .F., .F.,
 ( 4, 4 ),
 ( 0.000000000000000000, 0.0007465442872326797253 ),
 .UNSPECIFIED. ) ;
#780 = DIRECTION ( 'NONE',  ( 0.000000000000000000, 0.000000000000000000, 1.000000000000000000 ) ) ;
#781 = EDGE_CURVE ( 'NONE', #2708, #858, #275, .T. ) ;
#782 = CARTESIAN_POINT ( 'NONE',  ( 5.934275478561830575, -19.09932916477800902, 6.000000000000025757 ) ) ;
#783 = DIRECTION ( 'NONE',  ( 0.000000000000000000, 0.000000000000000000, -1.000000000000000000 ) ) ;
#784 = DIRECTION ( 'NONE',  ( 1.000000000000000000, 0.000000000000000000, 0.000000000000000000 ) ) ;
#785 = AXIS2_PLACEMENT_3D ( 'NONE', #147, #2737, #803 ) ;
#786 = ORIENTED_EDGE ( 'NONE', *, *, #429, .F. ) ;
#787 = ORIENTED_EDGE ( 'NONE', *, *, #1881, .T. ) ;
#788 = DIRECTION ( 'NONE',  ( 1.000000000000000000, 0.000000000000000000, 0.000000000000000000 ) ) ;
#789 = EDGE_CURVE ( 'NONE', #1952, #2311, #637, .T. ) ;
#790 = AXIS2_PLACEMENT_3D ( 'NONE', #2418, #939, #1178 ) ;
#791 = ADVANCED_FACE ( 'NONE', ( #278 ), #2081, .T. ) ;
#792 = ORIENTED_EDGE ( 'NONE', *, *, #2265, .T. ) ;
#793 = AXIS2_PLACEMENT_3D ( 'NONE', #1740, #1088, #1551 ) ;
#794 = CARTESIAN_POINT ( 'NONE',  ( -12.47172901730579042, 21.60166831620463768, 6.500000000000000000 ) ) ;
#795 = EDGE_CURVE ( 'NONE', #1048, #2230, #1460, .T. ) ;
#796 = VECTOR ( 'NONE', #1727, 1000.000000000000000 ) ;
#797 = VECTOR ( 'NONE', #621, 1000.000000000000000 ) ;
#798 = ORIENTED_EDGE ( 'NONE', *, *, #1841, .F. ) ;
#799 = AXIS2_PLACEMENT_3D ( 'NONE', #1495, #2566, #2157 ) ;
#800 = CARTESIAN_POINT ( 'NONE',  ( -1.540000000000000258, -1.540000000000000258, 0.000000000000000000 ) ) ;
#801 = DIRECTION ( 'NONE',  ( 0.000000000000000000, -1.000000000000000000, 0.000000000000000000 ) ) ;
#802 = CARTESIAN_POINT ( 'NONE',  ( 1.040000000000000036, -1.040000000000000258, 6.500000000000000000 ) ) ;
#803 = DIRECTION ( 'NONE',  ( -1.000000000000000000, 0.000000000000000000, 0.000000000000000000 ) ) ;
#804 = EDGE_LOOP ( 'NONE', ( #625, #1561, #1137, #672 ) ) ;
#805 = VERTEX_POINT ( 'NONE', #2273 ) ;
#806 = DIRECTION ( 'NONE',  ( -0.000000000000000000, -0.000000000000000000, 1.000000000000000000 ) ) ;
#807 = EDGE_CURVE ( 'NONE', #1716, #2230, #871, .T. ) ;
#808 = CC_DESIGN_APPROVAL ( #1870, ( #435 ) ) ;
#809 = EDGE_LOOP ( 'NONE', ( #1179, #2626, #2277, #1211 ) ) ;
#810 = CARTESIAN_POINT ( 'NONE',  ( 0.000000000000000000, 0.000000000000000000, 6.500000000000000000 ) ) ;
#811 = AXIS2_PLACEMENT_3D ( 'NONE', #666, #2184, #2616 ) ;
#812 = ORIENTED_EDGE ( 'NONE', *, *, #1736, .T. ) ;
#813 = VECTOR ( 'NONE', #2469, 1000.000000000000000 ) ;
#814 = CARTESIAN_POINT ( 'NONE',  ( -13.51976252923359390, 14.51182774010537102, 0.3335723994209980892 ) ) ;
#815 = B_SPLINE_CURVE_WITH_KNOTS ( 'NONE', 3,
 ( #1377, #2237, #1771, #697 ),
 .UNSPECIFIED., .F., .F.,
 ( 4, 4 ),
 ( 0.000000000000000000, 0.0007465442872332012265 ),
 .UNSPECIFIED. ) ;
#816 = AXIS2_PLACEMENT_3D ( 'NONE', #1498, #1467, #1296 ) ;
#817 = MECHANICAL_CONTEXT ( 'NONE', #2250, 'mechanical' ) ;
#818 = ADVANCED_BREP_SHAPE_REPRESENTATION ( 'Heatsink Tapping Tool', ( #1682, #658 ), #75 ) ;
#819 = DIRECTION ( 'NONE',  ( 1.000000000000000000, 0.000000000000000000, 0.000000000000000000 ) ) ;
#820 = ORIENTED_EDGE ( 'NONE', *, *, #1370, .F. ) ;
#821 = DIRECTION ( 'NONE',  ( 0.000000000000000000, 0.000000000000000000, -1.000000000000000000 ) ) ;
#822 = FACE_OUTER_BOUND ( 'NONE', #350, .T. ) ;
#823 = EDGE_CURVE ( 'NONE', #1326, #2754, #145, .T. ) ;
#824 = VERTEX_POINT ( 'NONE', #2443 ) ;
#825 = CARTESIAN_POINT ( 'NONE',  ( 12.47172901730548844, 21.60166831620480821, 6.500000000000000000 ) ) ;
#826 = EDGE_CURVE ( 'NONE', #518, #2621, #503, .T. ) ;
#827 = EDGE_CURVE ( 'NONE', #1129, #1254, #1432, .T. ) ;
#828 = ORIENTED_EDGE ( 'NONE', *, *, #1749, .T. ) ;
#829 = DIRECTION ( 'NONE',  ( 1.000000000000000000, 0.000000000000000000, 0.000000000000000000 ) ) ;
#830 = DIRECTION ( 'NONE',  ( 0.7071067811865463515, 0.000000000000000000, 0.7071067811865487940 ) ) ;
#831 = DIRECTION ( 'NONE',  ( 1.000000000000000000, 0.000000000000000000, 0.000000000000000000 ) ) ;
#832 = DATE_AND_TIME ( #117, #2420 ) ;
#833 = DIRECTION ( 'NONE',  ( 0.000000000000000000, 0.000000000000000000, 1.000000000000000000 ) ) ;
#834 = DIRECTION ( 'NONE',  ( 0.000000000000000000, 0.000000000000000000, -1.000000000000000000 ) ) ;
#835 = CARTESIAN_POINT ( 'NONE',  ( 18.82809705964922031, 5.682910779650651278, 6.333111791890250863 ) ) ;
#836 = AXIS2_PLACEMENT_3D ( 'NONE', #1640, #2505, #143 ) ;
#837 = ORIENTED_EDGE ( 'NONE', *, *, #620, .T. ) ;
#838 = DIRECTION ( 'NONE',  ( 1.000000000000000000, 0.000000000000000000, 0.000000000000000000 ) ) ;
#839 = AXIS2_PLACEMENT_3D ( 'NONE', #1948, #2242, #2647 ) ;
#840 = AXIS2_PLACEMENT_3D ( 'NONE', #437, #2204, #52 ) ;
#841 = ORIENTED_EDGE ( 'NONE', *, *, #1349, .T. ) ;
#842 = DIRECTION ( 'NONE',  ( 0.000000000000000000, -0.000000000000000000, -1.000000000000000000 ) ) ;
#843 = EDGE_CURVE ( 'NONE', #2621, #1676, #458, .T. ) ;
#844 = ADVANCED_FACE ( 'NONE', ( #138 ), #1680, .F. ) ;
#845 = DIRECTION ( 'NONE',  ( 0.000000000000000000, 0.000000000000000000, -1.000000000000000000 ) ) ;
#846 = CARTESIAN_POINT ( 'NONE',  ( -14.60166831620459860, -12.47172901730586680, 6.000000000000026645 ) ) ;
#847 = EDGE_LOOP ( 'NONE', ( #1446, #2262, #601, #2106 ) ) ;
#848 = DIRECTION ( 'NONE',  ( 1.000000000000000000, -9.912705577010326536E-16, 0.000000000000000000 ) ) ;
#849 = ORIENTED_EDGE ( 'NONE', *, *, #2112, .F. ) ;
#850 = CARTESIAN_POINT ( 'NONE',  ( -12.47172901730563943, -21.60166831620472294, 6.000000000000026645 ) ) ;
#851 = ORIENTED_EDGE ( 'NONE', *, *, #896, .T. ) ;
#852 = ADVANCED_FACE ( 'NONE', ( #351 ), #2744, .T. ) ;
#853 = CARTESIAN_POINT ( 'NONE',  ( 0.000000000000000000, -24.94345803461153110, 6.000000000000026645 ) ) ;
#854 = APPROVAL_DATE_TIME ( #1931, #1870 ) ;
#855 = CARTESIAN_POINT ( 'NONE',  ( 0.000000000000000000, 0.000000000000000000, 0.5000000000000134337 ) ) ;
#856 = CARTESIAN_POINT ( 'NONE',  ( -14.16017394953039954, 13.40669510800636743, 6.500000000000000000 ) ) ;
#857 = AXIS2_PLACEMENT_3D ( 'NONE', #1713, #411, #2587 ) ;
#858 = VERTEX_POINT ( 'NONE', #2137 ) ;
#859 = CARTESIAN_POINT ( 'NONE',  ( 19.32749274289172803, 4.452543933396740705, 0.3335723994209975896 ) ) ;
#860 = EDGE_LOOP ( 'NONE', ( #1352, #1669, #2791, #2666, #952 ) ) ;
#861 = DIRECTION ( 'NONE',  ( 1.000000000000000000, -2.131628207280300558E-14, 0.000000000000000000 ) ) ;
#862 = DIRECTION ( 'NONE',  ( 1.000000000000000000, 0.000000000000000000, 0.000000000000000000 ) ) ;
#863 = ORIENTED_EDGE ( 'NONE', *, *, #1522, .F. ) ;
#864 = CARTESIAN_POINT ( 'NONE',  ( 0.000000000000000000, 0.000000000000000000, 6.500000000000000000 ) ) ;
#865 = VECTOR ( 'NONE', #2296, 1000.000000000000000 ) ;
#866 = PERSON_AND_ORGANIZATION ( #18446744073709551615, #18446744073709551615 ) ;
#867 = CARTESIAN_POINT ( 'NONE',  ( -4.530451569560904446, -18.96641791630352358, 0.000000000000000000 ) ) ;
#868 = EDGE_CURVE ( 'NONE', #2738, #616, #965, .T. ) ;
#869 = LINE ( 'NONE', #1466, #796 ) ;
#870 = VECTOR ( 'NONE', #877, 1000.000000000000000 ) ;
#871 = CIRCLE ( 'NONE', #1009, 6.999999999999999112 ) ;
#872 = LINE ( 'NONE', #1728, #2386 ) ;
#873 = EDGE_CURVE ( 'NONE', #1468, #2426, #736, .T. ) ;
#874 = EDGE_CURVE ( 'NONE', #948, #230, #2541, .T. ) ;
#875 = ORIENTED_EDGE ( 'NONE', *, *, #2173, .F. ) ;
#876 = AXIS2_PLACEMENT_3D ( 'NONE', #1936, #2606, #431 ) ;
#877 = DIRECTION ( 'NONE',  ( -0.7071067811865512365, 0.000000000000000000, -0.7071067811865439090 ) ) ;
#878 = ORIENTED_EDGE ( 'NONE', *, *, #2123, .T. ) ;
#879 = CIRCLE ( 'NONE', #1499, 19.50000000000003197 ) ;
#880 = AXIS2_PLACEMENT_3D ( 'NONE', #43, #1556, #1598 ) ;
#881 = CARTESIAN_POINT ( 'NONE',  ( 0.000000000000000000, 0.000000000000000000, 0.5000000000000134337 ) ) ;
#882 = ORIENTED_EDGE ( 'NONE', *, *, #1686, .F. ) ;
#883 = CARTESIAN_POINT ( 'NONE',  ( -19.50764199121964637, -4.410431264899632886, 3.250000000000000888 ) ) ;
#884 = PERSON_AND_ORGANIZATION ( #18446744073709551615, #18446744073709551615 ) ;
#885 = CARTESIAN_POINT ( 'NONE',  ( 19.14706574840035458, -4.492503427206805178, 0.1668882081095278691 ) ) ;
#886 = VECTOR ( 'NONE', #1408, 1000.000000000000000 ) ;
#887 = LINE ( 'NONE', #1356, #2022 ) ;
#888 = DIRECTION ( 'NONE',  ( 0.000000000000000000, 0.000000000000000000, -1.000000000000000000 ) ) ;
#889 = ORIENTED_EDGE ( 'NONE', *, *, #765, .T. ) ;
#890 = CARTESIAN_POINT ( 'NONE',  ( 13.40669510800622355, 14.16017394953053810, 6.500000000000000000 ) ) ;
#891 = ORIENTED_EDGE ( 'NONE', *, *, #1165, .T. ) ;
#892 = DIRECTION ( 'NONE',  ( 1.000000000000000000, 0.000000000000000000, 0.000000000000000000 ) ) ;
#893 = VERTEX_POINT ( 'NONE', #1518 ) ;
#894 = CARTESIAN_POINT ( 'NONE',  ( -14.68889789987852801, 13.57336651265795346, 0.5000000000000143219 ) ) ;
#895 = CIRCLE ( 'NONE', #2473, 6.999999999999999112 ) ;
#896 = EDGE_CURVE ( 'NONE', #2272, #990, #2447, .T. ) ;
#897 = CARTESIAN_POINT ( 'NONE',  ( -13.57336651265790373, -14.68889789987857419, 6.000000000000025757 ) ) ;
#898 = CARTESIAN_POINT ( 'NONE',  ( 13.51976252923335409, 14.51182774010543497, 0.3335723994208816268 ) ) ;
#899 = EDGE_LOOP ( 'NONE', ( #1369, #1777, #1818, #1160 ) ) ;
#900 = DIRECTION ( 'NONE',  ( 1.000000000000000000, 0.000000000000000000, 0.000000000000000000 ) ) ;
#901 = EDGE_CURVE ( 'NONE', #2681, #1946, #190, .T. ) ;
#902 = ORIENTED_EDGE ( 'NONE', *, *, #1204, .T. ) ;
#903 = FACE_OUTER_BOUND ( 'NONE', #2257, .T. ) ;
#904 = ORIENTED_EDGE ( 'NONE', *, *, #2579, .F. ) ;
#905 = CARTESIAN_POINT ( 'NONE',  ( -4.530451569560922209, -18.96641791630312923, 6.500000000000000000 ) ) ;
#906 = DIRECTION ( 'NONE',  ( 1.000000000000000000, 0.000000000000000000, 0.000000000000000000 ) ) ;
#907 = FACE_OUTER_BOUND ( 'NONE', #1645, .T. ) ;
#908 = FACE_OUTER_BOUND ( 'NONE', #2096, .T. ) ;
#909 = ADVANCED_FACE ( 'NONE', ( #1703 ), #98, .T. ) ;
#910 = FACE_OUTER_BOUND ( 'NONE', #2203, .T. ) ;
#911 = VERTEX_POINT ( 'NONE', #1922 ) ;
#912 = CARTESIAN_POINT ( 'NONE',  ( 5.934275478561830575, -19.09932916477800902, 3.250000000000000888 ) ) ;
#913 = CARTESIAN_POINT ( 'NONE',  ( -0.3466666666666667895, 0.3466666666666666785, 5.306666666666665755 ) ) ;
#914 = B_SPLINE_CURVE_WITH_KNOTS ( 'NONE', 3,
 ( #2352, #1277, #599, #856 ),
 .UNSPECIFIED., .F., .F.,
 ( 4, 4 ),
 ( 0.000000000000000000, 0.0007465442872330056365 ),
 .UNSPECIFIED. ) ;
#915 = ORIENTED_EDGE ( 'NONE', *, *, #1964, .F. ) ;
#916 = PLANE ( 'NONE',  #1830 ) ;
#917 = CIRCLE ( 'NONE', #1187, 19.50000000000003197 ) ;
#918 = ORIENTED_EDGE ( 'NONE', *, *, #1916, .F. ) ;
#919 = DIRECTION ( 'NONE',  ( 0.000000000000000000, -0.000000000000000000, -1.000000000000000000 ) ) ;
#920 = EDGE_CURVE ( 'NONE', #2514, #2577, #390, .T. ) ;
#921 = CIRCLE ( 'NONE', #62, 20.00000000000000000 ) ;
#922 = CARTESIAN_POINT ( 'NONE',  ( 0.000000000000000000, 0.000000000000000000, 0.5000000000000134337 ) ) ;
#923 = CARTESIAN_POINT ( 'NONE',  ( 0.000000000000000000, 0.000000000000000000, 0.5000000000000134337 ) ) ;
#924 = DIRECTION ( 'NONE',  ( -1.000000000000000000, 0.000000000000000000, 0.000000000000000000 ) ) ;
#925 = AXIS2_PLACEMENT_3D ( 'NONE', #1068, #2787, #1712 ) ;
#926 = AXIS2_PLACEMENT_3D ( 'NONE', #1363, #1572, #497 ) ;
#927 = ORIENTED_EDGE ( 'NONE', *, *, #1982, .F. ) ;
#928 = DIRECTION ( 'NONE',  ( 1.000000000000000000, 0.000000000000000000, 0.000000000000000000 ) ) ;
#929 = DIRECTION ( 'NONE',  ( -0.000000000000000000, -0.000000000000000000, 1.000000000000000000 ) ) ;
#930 = AXIS2_PLACEMENT_3D ( 'NONE', #619, #420, #831 ) ;
#931 = VERTEX_POINT ( 'NONE', #2148 ) ;
#932 = CARTESIAN_POINT ( 'NONE',  ( 13.51976252923339850, 14.51182774010557530, 6.166427600579028834 ) ) ;
#933 = EDGE_CURVE ( 'NONE', #589, #1716, #1958, .T. ) ;
#934 = VERTEX_POINT ( 'NONE', #1071 ) ;
#935 = CARTESIAN_POINT ( 'NONE',  ( 0.000000000000000000, -24.94345803461153110, 6.500000000000000000 ) ) ;
#936 = AXIS2_PLACEMENT_3D ( 'NONE', #2087, #783, #1013 ) ;
#937 = CARTESIAN_POINT ( 'NONE',  ( -1.040000000000000036, -1.040000000000000480, 0.5000000000000091038 ) ) ;
#938 = CARTESIAN_POINT ( 'NONE',  ( -19.09932916477807296, 5.934275478561630734, 6.000000000000025757 ) ) ;
#939 = DIRECTION ( 'NONE',  ( 0.000000000000000000, 0.000000000000000000, 1.000000000000000000 ) ) ;
#940 = ADVANCED_FACE ( 'NONE', ( #179 ), #1582, .F. ) ;
#941 = CARTESIAN_POINT ( 'NONE',  ( -13.57336651265790373, -14.68889789987857419, 6.000000000000025757 ) ) ;
#942 = ORIENTED_EDGE ( 'NONE', *, *, #2757, .F. ) ;
#943 = ORIENTED_EDGE ( 'NONE', *, *, #2136, .F. ) ;
#944 = FACE_OUTER_BOUND ( 'NONE', #286, .T. ) ;
#945 = CARTESIAN_POINT ( 'NONE',  ( -5.559722808296954533, 18.69062551909161485, 0.000000000000000000 ) ) ;
#946 = EDGE_CURVE ( 'NONE', #1218, #805, #568, .T. ) ;
#947 = AXIS2_PLACEMENT_3D ( 'NONE', #2108, #151, #2524 ) ;
#948 = VERTEX_POINT ( 'NONE', #1715 ) ;
#949 = B_SPLINE_CURVE_WITH_KNOTS ( 'NONE', 3,
 ( #102, #495, #57, #941 ),
 .UNSPECIFIED., .F., .F.,
 ( 4, 4 ),
 ( 0.000000000000000000, 0.0007465442872326116374 ),
 .UNSPECIFIED. ) ;
#950 = AXIS2_PLACEMENT_3D ( 'NONE', #1566, #2417, #678 ) ;
#951 = DIRECTION ( 'NONE',  ( -0.000000000000000000, -0.000000000000000000, -1.000000000000000000 ) ) ;
#952 = ORIENTED_EDGE ( 'NONE', *, *, #933, .F. ) ;
#953 = DIRECTION ( 'NONE',  ( -1.000000000000000000, -2.085004177856739315E-16, 0.000000000000000000 ) ) ;
#954 = FACE_OUTER_BOUND ( 'NONE', #2438, .T. ) ;
#955 = CARTESIAN_POINT ( 'NONE',  ( -1.040000000000000036, 1.039999999999999591, 6.500000000000000000 ) ) ;
#956 = VERTEX_POINT ( 'NONE', #890 ) ;
#957 = ORIENTED_EDGE ( 'NONE', *, *, #1100, .T. ) ;
#958 = CARTESIAN_POINT ( 'NONE',  ( 5.807730213657876561, 18.96437167350191899, 6.166427600579145185 ) ) ;
#959 = CARTESIAN_POINT ( 'NONE',  ( 0.000000000000000000, 0.000000000000000000, 0.5000000000000134337 ) ) ;
#960 = EDGE_CURVE ( 'NONE', #2289, #1406, #232, .T. ) ;
#961 = ADVANCED_FACE ( 'NONE', ( #1259 ), #2575, .T. ) ;
#962 = ORIENTED_EDGE ( 'NONE', *, *, #2036, .F. ) ;
#963 = DIRECTION ( 'NONE',  ( -0.000000000000000000, -0.000000000000000000, 1.000000000000000000 ) ) ;
#964 = ORIENTED_EDGE ( 'NONE', *, *, #1816, .F. ) ;
#965 = CIRCLE ( 'NONE', #1589, 7.500000000000016875 ) ;
#966 = DIRECTION ( 'NONE',  ( 1.000000000000000000, 0.000000000000000000, 0.000000000000000000 ) ) ;
#967 = AXIS2_PLACEMENT_3D ( 'NONE', #2700, #717, #1798 ) ;
#968 = DIRECTION ( 'NONE',  ( 0.000000000000000000, 0.000000000000000000, 1.000000000000000000 ) ) ;
#969 = DIRECTION ( 'NONE',  ( -1.000000000000000000, 0.000000000000000000, 0.000000000000000000 ) ) ;
#970 = CIRCLE ( 'NONE', #336, 7.500000000000020428 ) ;
#971 = CARTESIAN_POINT ( 'NONE',  ( -18.69062551909125958, 5.559722808296648999, 0.000000000000000000 ) ) ;
#972 = ORIENTED_EDGE ( 'NONE', *, *, #789, .F. ) ;
#973 = ORIENTED_EDGE ( 'NONE', *, *, #1318, .T. ) ;
#974 = CARTESIAN_POINT ( 'NONE',  ( 1.040000000000000036, -1.040000000000000258, 5.999999999999999112 ) ) ;
#975 = CARTESIAN_POINT ( 'NONE',  ( -24.94345803461153110, -8.708961825406298277E-14, 0.5000000000000134337 ) ) ;
#976 = EDGE_CURVE ( 'NONE', #2156, #124, #1690, .T. ) ;
#977 = ORIENTED_EDGE ( 'NONE', *, *, #1314, .F. ) ;
#978 = CARTESIAN_POINT ( 'NONE',  ( 4.530451569560898228, -18.96641791630357332, 6.500000000000000000 ) ) ;
#979 = ORIENTED_EDGE ( 'NONE', *, *, #189, .T. ) ;
#980 = CARTESIAN_POINT ( 'NONE',  ( 5.559722808296878149, -18.69062551909124181, 6.500000000000000000 ) ) ;
#981 = CARTESIAN_POINT ( 'NONE',  ( 0.000000000000000000, 0.000000000000000000, 6.500000000000000000 ) ) ;
#982 = PRODUCT_DEFINITION_FORMATION_WITH_SPECIFIED_SOURCE ( 'Symmetrisch', '', #1297, .NOT_KNOWN. ) ;
#983 = EDGE_CURVE ( 'NONE', #2608, #805, #1719, .T. ) ;
#984 = PERSON_AND_ORGANIZATION_ROLE ( 'creator' ) ;
#985 = DIRECTION ( 'NONE',  ( 1.000000000000000000, 0.000000000000000000, 0.000000000000000000 ) ) ;
#986 = VERTEX_POINT ( 'NONE', #1748 ) ;
#987 = EDGE_LOOP ( 'NONE', ( #2358, #39, #449, #2563 ) ) ;
#988 = CARTESIAN_POINT ( 'NONE',  ( 5.934275478561427342, 19.09932916477813336, 6.000000000000025757 ) ) ;
#989 = CARTESIAN_POINT ( 'NONE',  ( 0.000000000000000000, 0.000000000000000000, 6.000000000000026645 ) ) ;
#990 = VERTEX_POINT ( 'NONE', #2336 ) ;
#991 = CYLINDRICAL_SURFACE ( 'NONE', #2720, 7.000000000000000000 ) ;
#992 = DIRECTION ( 'NONE',  ( 0.000000000000000000, 1.000000000000000000, 0.000000000000000000 ) ) ;
#993 = EDGE_CURVE ( 'NONE', #2641, #2435, #2125, .T. ) ;
#994 = ORIENTED_EDGE ( 'NONE', *, *, #576, .F. ) ;
#995 = DIRECTION ( 'NONE',  ( 1.000000000000000000, 0.000000000000000000, 0.000000000000000000 ) ) ;
#996 = CARTESIAN_POINT ( 'NONE',  ( -18.69062551909125958, 5.559722808296648999, 0.000000000000000000 ) ) ;
#997 = CARTESIAN_POINT ( 'NONE',  ( -12.47172901730563943, -21.60166831620472294, 0.5000000000000134337 ) ) ;
#998 = EDGE_CURVE ( 'NONE', #2455, #2045, #1360, .T. ) ;
#999 = CARTESIAN_POINT ( 'NONE',  ( -21.60166831620459860, -12.47172901730586680, 0.5000000000000134337 ) ) ;
#1000 = ORIENTED_EDGE ( 'NONE', *, *, #536, .F. ) ;
#1001 = ORIENTED_EDGE ( 'NONE', *, *, #2324, .F. ) ;
#1002 = FACE_OUTER_BOUND ( 'NONE', #1433, .T. ) ;
#1003 = ADVANCED_FACE ( 'NONE', ( #1156 ), #1989, .F. ) ;
#1004 = ORIENTED_EDGE ( 'NONE', *, *, #2555, .F. ) ;
#1005 = DIRECTION ( 'NONE',  ( 0.000000000000000000, 0.000000000000000000, 1.000000000000000000 ) ) ;
#1006 = AXIS2_PLACEMENT_3D ( 'NONE', #2279, #1831, #537 ) ;
#1007 = ORIENTED_EDGE ( 'NONE', *, *, #1793, .F. ) ;
#1008 = AXIS2_PLACEMENT_3D ( 'NONE', #2423, #498, #259 ) ;
#1009 = AXIS2_PLACEMENT_3D ( 'NONE', #1021, #579, #563 ) ;
#1010 = ADVANCED_FACE ( 'NONE', ( #1381 ), #2320, .T. ) ;
#1011 = DIRECTION ( 'NONE',  ( 1.000000000000000000, 0.000000000000000000, 0.000000000000000000 ) ) ;
#1012 = DIRECTION ( 'NONE',  ( -0.000000000000000000, -0.000000000000000000, -1.000000000000000000 ) ) ;
#1013 = DIRECTION ( 'NONE',  ( -1.000000000000000000, 0.000000000000000000, 0.000000000000000000 ) ) ;
#1014 = DIRECTION ( 'NONE',  ( 0.000000000000000000, 0.000000000000000000, 1.000000000000000000 ) ) ;
#1015 = VECTOR ( 'NONE', #2722, 1000.000000000000114 ) ;
#1016 = ORIENTED_EDGE ( 'NONE', *, *, #2590, .T. ) ;
#1017 = ORIENTED_EDGE ( 'NONE', *, *, #310, .T. ) ;
#1018 = DIRECTION ( 'NONE',  ( 0.000000000000000000, 0.000000000000000000, -1.000000000000000000 ) ) ;
#1019 = AXIS2_PLACEMENT_3D ( 'NONE', #127, #306, #1827 ) ;
#1020 = VERTEX_POINT ( 'NONE', #270 ) ;
#1021 = CARTESIAN_POINT ( 'NONE',  ( 24.94345803461153110, 2.612688547621888978E-13, 6.000000000000026645 ) ) ;
#1022 = CIRCLE ( 'NONE', #565, 6.999999999999999112 ) ;
#1023 = ORIENTED_EDGE ( 'NONE', *, *, #2190, .F. ) ;
#1024 = EDGE_CURVE ( 'NONE', #76, #1424, #2527, .T. ) ;
#1025 = DIRECTION ( 'NONE',  ( 0.000000000000000000, -1.000000000000000000, 0.000000000000000000 ) ) ;
#1026 = PERSON_AND_ORGANIZATION_ROLE ( 'design_owner' ) ;
#1027 = CARTESIAN_POINT ( 'NONE',  ( 4.452543933396534648, 19.32749274289179198, 6.166427600579028834 ) ) ;
#1028 = ORIENTED_EDGE ( 'NONE', *, *, #139, .T. ) ;
#1029 = CARTESIAN_POINT ( 'NONE',  ( -19.32749274289176000, -4.452543933396606590, 0.3335723994209970900 ) ) ;
#1030 = AXIS2_PLACEMENT_3D ( 'NONE', #1237, #1191, #1657 ) ;
#1031 = CARTESIAN_POINT ( 'NONE',  ( -21.60166831620468031, 12.47172901730571581, 6.000000000000026645 ) ) ;
#1032 = EDGE_CURVE ( 'NONE', #148, #990, #1821, .T. ) ;
#1033 = ORIENTED_EDGE ( 'NONE', *, *, #182, .T. ) ;
#1034 = CARTESIAN_POINT ( 'NONE',  ( 19.50764199121970677, -4.410431264899358439, 6.000000000000025757 ) ) ;
#1035 = VECTOR ( 'NONE', #953, 1000.000000000000000 ) ;
#1036 = EDGE_CURVE ( 'NONE', #2163, #2644, #2211, .T. ) ;
#1037 = VERTEX_POINT ( 'NONE', #1761 ) ;
#1038 = CONICAL_SURFACE ( 'NONE', #2477, 20.00000000000000000, 0.7853981633974526089 ) ;
#1039 = DIRECTION ( 'NONE',  ( 1.000000000000000000, 0.000000000000000000, 0.000000000000000000 ) ) ;
#1040 = AXIS2_PLACEMENT_3D ( 'NONE', #1687, #1675, #1947 ) ;
#1041 = CARTESIAN_POINT ( 'NONE',  ( 0.000000000000000000, 0.000000000000000000, 6.500000000000000000 ) ) ;
#1042 = CARTESIAN_POINT ( 'NONE',  ( -19.50764199121964637, -4.410431264899632886, 0.5000000000000138778 ) ) ;
#1043 = CARTESIAN_POINT ( 'NONE',  ( 21.60166831620476557, -12.47172901730556482, 0.5000000000000134337 ) ) ;
#1044 = EDGE_LOOP ( 'NONE', ( #1258, #686, #591, #2269 ) ) ;
#1045 = ADVANCED_FACE ( 'NONE', ( #2019 ), #2241, .T. ) ;
#1046 = CARTESIAN_POINT ( 'NONE',  ( 0.000000000000000000, 0.000000000000000000, 6.500000000000000000 ) ) ;
#1047 = ADVANCED_FACE ( 'NONE', ( #1351 ), #2576, .F. ) ;
#1048 = VERTEX_POINT ( 'NONE', #2437 ) ;
#1049 = CARTESIAN_POINT ( 'NONE',  ( 14.68889789987862038, -13.57336651265785221, 0.5000000000000143219 ) ) ;
#1050 = CARTESIAN_POINT ( 'NONE',  ( -21.60166831620459860, -12.47172901730586680, 6.500000000000000000 ) ) ;
#1051 = DIRECTION ( 'NONE',  ( -0.000000000000000000, -0.000000000000000000, -1.000000000000000000 ) ) ;
#1052 = DIRECTION ( 'NONE',  ( 0.000000000000000000, 0.000000000000000000, -1.000000000000000000 ) ) ;
#1053 = FACE_OUTER_BOUND ( 'NONE', #809, .T. ) ;
#1054 = CIRCLE ( 'NONE', #2404, 19.50000000000003197 ) ;
#1055 = ORIENTED_EDGE ( 'NONE', *, *, #2082, .T. ) ;
#1056 = CARTESIAN_POINT ( 'NONE',  ( -4.452543933396566622, -19.32749274289164632, 0.3335723994208814047 ) ) ;
#1057 = AXIS2_PLACEMENT_3D ( 'NONE', #1184, #504, #2457 ) ;
#1058 = EDGE_CURVE ( 'NONE', #2179, #629, #2676, .T. ) ;
#1059 = CIRCLE ( 'NONE', #2278, 6.999999999999999112 ) ;
#1060 = CARTESIAN_POINT ( 'NONE',  ( -24.94345803461153110, -8.708961825406298277E-14, 0.5000000000000134337 ) ) ;
#1061 = AXIS2_PLACEMENT_3D ( 'NONE', #2643, #1328, #705 ) ;
#1062 = ORIENTED_EDGE ( 'NONE', *, *, #126, .T. ) ;
#1063 = AXIS2_PLACEMENT_3D ( 'NONE', #1276, #2160, #1698 ) ;
#1064 = CIRCLE ( 'NONE', #1107, 7.500000000000016875 ) ;
#1065 = PLANE ( 'NONE',  #1292 ) ;
#1066 = PERSON_AND_ORGANIZATION ( #18446744073709551615, #18446744073709551615 ) ;
#1067 = DIRECTION ( 'NONE',  ( 0.000000000000000000, 0.000000000000000000, 1.000000000000000000 ) ) ;
#1068 = CARTESIAN_POINT ( 'NONE',  ( 12.47172901730548844, 21.60166831620480821, 6.000000000000026645 ) ) ;
#1069 = CARTESIAN_POINT ( 'NONE',  ( -12.47172901730579042, 21.60166831620463768, 6.000000000000026645 ) ) ;
#1070 = ORIENTED_EDGE ( 'NONE', *, *, #2151, .F. ) ;
#1071 = CARTESIAN_POINT ( 'NONE',  ( 13.57336651265780070, 14.68889789987866834, 0.5000000000000143219 ) ) ;
#1072 = EDGE_LOOP ( 'NONE', ( #2071, #718, #1298, #1615 ) ) ;
#1073 = DIRECTION ( 'NONE',  ( 0.7071067811865526798, 0.000000000000000000, -0.7071067811865424657 ) ) ;
#1074 = ADVANCED_FACE ( 'NONE', ( #2397 ), #2683, .F. ) ;
#1075 = FACE_OUTER_BOUND ( 'NONE', #362, .T. ) ;
#1076 = ORIENTED_EDGE ( 'NONE', *, *, #405, .F. ) ;
#1077 = CARTESIAN_POINT ( 'NONE',  ( 0.000000000000000000, 0.000000000000000000, 6.500000000000000000 ) ) ;
#1078 = EDGE_CURVE ( 'NONE', #1550, #103, #354, .T. ) ;
#1079 = FACE_OUTER_BOUND ( 'NONE', #521, .T. ) ;
#1080 = ORIENTED_EDGE ( 'NONE', *, *, #1844, .T. ) ;
#1081 = CARTESIAN_POINT ( 'NONE',  ( -13.57336651265790373, -14.68889789987857419, 0.5000000000000143219 ) ) ;
#1082 = CONICAL_SURFACE ( 'NONE', #131, 7.000000000000000000, 0.7853981633974473908 ) ;
#1083 = ORIENTED_EDGE ( 'NONE', *, *, #1704, .T. ) ;
#1084 = DIRECTION ( 'NONE',  ( -1.000000000000000000, -1.042502088928369658E-16, 0.000000000000000000 ) ) ;
#1085 = VERTEX_POINT ( 'NONE', #945 ) ;
#1086 = CARTESIAN_POINT ( 'NONE',  ( 18.96641791630308305, 4.530451569561122938, 6.500000000000000000 ) ) ;
#1087 = ORIENTED_EDGE ( 'NONE', *, *, #49, .T. ) ;
#1088 = DIRECTION ( 'NONE',  ( 0.000000000000000000, 0.000000000000000000, -1.000000000000000000 ) ) ;
#1089 = DATE_AND_TIME ( #676, #475 ) ;
#1090 = CARTESIAN_POINT ( 'NONE',  ( -18.69062551909159353, -5.559722808297025587, 0.000000000000000000 ) ) ;
#1091 = DIRECTION ( 'NONE',  ( -0.000000000000000000, -0.000000000000000000, 1.000000000000000000 ) ) ;
#1092 = AXIS2_PLACEMENT_3D ( 'NONE', #218, #1096, #1084 ) ;
#1093 = CARTESIAN_POINT ( 'NONE',  ( 18.96437167350187281, 5.807730213658428120, 6.166427600579028834 ) ) ;
#1094 = ORIENTED_EDGE ( 'NONE', *, *, #126, .F. ) ;
#1095 = AXIS2_PLACEMENT_3D ( 'NONE', #850, #1966, #2779 ) ;
#1096 = DIRECTION ( 'NONE',  ( -1.042502088928369658E-16, 1.000000000000000000, 0.000000000000000000 ) ) ;
#1097 = ORIENTED_EDGE ( 'NONE', *, *, #2755, .T. ) ;
#1098 = CIRCLE ( 'NONE', #2274, 19.50000000000003197 ) ;
#1099 = AXIS2_PLACEMENT_3D ( 'NONE', #2229, #293, #1159 ) ;
#1100 = EDGE_CURVE ( 'NONE', #990, #2621, #459, .T. ) ;
#1101 = CIRCLE ( 'NONE', #1920, 6.999999999999999112 ) ;
#1102 = CARTESIAN_POINT ( 'NONE',  ( -24.94345803461153110, -8.708961825406298277E-14, 6.000000000000026645 ) ) ;
#1103 = EDGE_LOOP ( 'NONE', ( #383, #2539, #1203, #1664 ) ) ;
#1104 = FACE_OUTER_BOUND ( 'NONE', #89, .T. ) ;
#1105 = EDGE_CURVE ( 'NONE', #1335, #430, #1667, .T. ) ;
#1106 = CARTESIAN_POINT ( 'NONE',  ( 21.60166831620450623, 12.47172901730601602, 6.000000000000026645 ) ) ;
#1107 = AXIS2_PLACEMENT_3D ( 'NONE', #618, #2128, #2338 ) ;
#1108 = CARTESIAN_POINT ( 'NONE',  ( -14.51182774010522003, -13.51976252923359922, 6.166427600579144297 ) ) ;
#1109 = CARTESIAN_POINT ( 'NONE',  ( -18.82809705964910663, 5.682910779650214295, 6.333111791890484454 ) ) ;
#1110 = EDGE_CURVE ( 'NONE', #2557, #1878, #2623, .T. ) ;
#1111 = ORIENTED_EDGE ( 'NONE', *, *, #2235, .T. ) ;
#1112 = DIRECTION ( 'NONE',  ( 1.000000000000000000, 0.000000000000000000, 0.000000000000000000 ) ) ;
#1113 = ORIENTED_EDGE ( 'NONE', *, *, #1334, .F. ) ;
#1114 = CC_DESIGN_APPROVAL ( #1539, ( #2758 ) ) ;
#1115 = FACE_OUTER_BOUND ( 'NONE', #1145, .T. ) ;
#1116 = ORIENTED_EDGE ( 'NONE', *, *, #896, .F. ) ;
#1117 = DIRECTION ( 'NONE',  ( 1.000000000000000000, -8.881784197001252323E-16, 0.000000000000000000 ) ) ;
#1118 = EDGE_CURVE ( 'NONE', #1614, #92, #1567, .T. ) ;
#1119 = DIRECTION ( 'NONE',  ( 0.000000000000000000, 0.000000000000000000, -1.000000000000000000 ) ) ;
#1120 = DIRECTION ( 'NONE',  ( 0.000000000000000000, -0.000000000000000000, -1.000000000000000000 ) ) ;
#1121 = DIRECTION ( 'NONE',  ( 1.000000000000000000, 0.000000000000000000, 0.000000000000000000 ) ) ;
#1122 = CONICAL_SURFACE ( 'NONE', #2027, 7.000000000000000000, 0.7853981633974533860 ) ;
#1123 = EDGE_LOOP ( 'NONE', ( #1172, #2216, #1243, #1500 ) ) ;
#1124 = CARTESIAN_POINT ( 'NONE',  ( -12.47172901730579042, 21.60166831620463768, 0.5000000000000134337 ) ) ;
#1125 = DIRECTION ( 'NONE',  ( 0.000000000000000000, 1.000000000000000000, -0.000000000000000000 ) ) ;
#1126 = ADVANCED_FACE ( 'NONE', ( #1337 ), #1038, .T. ) ;
#1127 = ORIENTED_EDGE ( 'NONE', *, *, #1058, .T. ) ;
#1128 = DIRECTION ( 'NONE',  ( -0.000000000000000000, -0.000000000000000000, 1.000000000000000000 ) ) ;
#1129 = VERTEX_POINT ( 'NONE', #122 ) ;
#1130 = CARTESIAN_POINT ( 'NONE',  ( 19.50764199121961440, 4.410431264899768777, 6.000000000000025757 ) ) ;
#1131 = CARTESIAN_POINT ( 'NONE',  ( 13.57336651265810801, -14.68889789987838590, 0.5000000000000143219 ) ) ;
#1132 = CARTESIAN_POINT ( 'NONE',  ( 0.000000000000000000, 0.000000000000000000, 6.500000000000000000 ) ) ;
#1133 = AXIS2_PLACEMENT_3D ( 'NONE', #114, #2072, #966 ) ;
#1134 = CARTESIAN_POINT ( 'NONE',  ( -12.47172901730579042, 21.60166831620463768, 6.500000000000000000 ) ) ;
#1135 = DIRECTION ( 'NONE',  ( -0.000000000000000000, -0.000000000000000000, 1.000000000000000000 ) ) ;
#1136 = AXIS2_PLACEMENT_3D ( 'NONE', #2614, #1537, #2401 ) ;
#1137 = ORIENTED_EDGE ( 'NONE', *, *, #471, .F. ) ;
#1138 = DIRECTION ( 'NONE',  ( 0.000000000000000000, 0.000000000000000000, -1.000000000000000000 ) ) ;
#1139 = DIRECTION ( 'NONE',  ( 1.000000000000000000, 0.000000000000000000, 0.000000000000000000 ) ) ;
#1140 = ADVANCED_FACE ( 'NONE', ( #1604 ), #308, .F. ) ;
#1141 = EDGE_LOOP ( 'NONE', ( #109, #1621, #426, #2764 ) ) ;
#1142 = B_SPLINE_CURVE_WITH_KNOTS ( 'NONE', 3,
 ( #1679, #1912, #2139, #181 ),
 .UNSPECIFIED., .F., .F.,
 ( 4, 4 ),
 ( 0.000000000000000000, 0.0007465442872327416332 ),
 .UNSPECIFIED. ) ;
#1143 = DIRECTION ( 'NONE',  ( -0.000000000000000000, -0.000000000000000000, -1.000000000000000000 ) ) ;
#1144 = CIRCLE ( 'NONE', #54, 6.999999999999999112 ) ;
#1145 = EDGE_LOOP ( 'NONE', ( #1212, #1340, #1577, #2780 ) ) ;
#1146 = DIRECTION ( 'NONE',  ( 1.000000000000000000, -1.953992523340275511E-14, 0.000000000000000000 ) ) ;
#1147 = AXIS2_PLACEMENT_3D ( 'NONE', #2433, #74, #1375 ) ;
#1148 = CARTESIAN_POINT ( 'NONE',  ( -14.68889789987852801, 13.57336651265795346, 0.5000000000000143219 ) ) ;
#1149 = DIRECTION ( 'NONE',  ( 1.000000000000000000, 0.000000000000000000, 0.000000000000000000 ) ) ;
#1150 = EDGE_CURVE ( 'NONE', #616, #2302, #400, .T. ) ;
#1151 = CYLINDRICAL_SURFACE ( 'NONE', #2454, 6.999999999999999112 ) ;
#1152 = VECTOR ( 'NONE', #1052, 1000.000000000000000 ) ;
#1153 = AXIS2_PLACEMENT_3D ( 'NONE', #1106, #1067, #2174 ) ;
#1154 = VERTEX_POINT ( 'NONE', #331 ) ;
#1155 = CARTESIAN_POINT ( 'NONE',  ( 1.540000000000000258, 1.040000000000000036, 0.000000000000000000 ) ) ;
#1156 = FACE_OUTER_BOUND ( 'NONE', #2624, .T. ) ;
#1157 = CIRCLE ( 'NONE', #930, 20.00000000000000000 ) ;
#1158 = EDGE_LOOP ( 'NONE', ( #68, #851, #2177, #328 ) ) ;
#1159 = DIRECTION ( 'NONE',  ( 1.000000000000000000, 0.000000000000000000, 0.000000000000000000 ) ) ;
#1160 = ORIENTED_EDGE ( 'NONE', *, *, #309, .F. ) ;
#1161 = DIRECTION ( 'NONE',  ( 0.000000000000000000, 0.000000000000000000, -1.000000000000000000 ) ) ;
#1162 = CIRCLE ( 'NONE', #1521, 20.00000000000000000 ) ;
#1163 = CARTESIAN_POINT ( 'NONE',  ( 4.410431264899563608, -19.50764199121966058, 0.5000000000000143219 ) ) ;
#1164 = EDGE_CURVE ( 'NONE', #1585, #573, #2740, .T. ) ;
#1165 = EDGE_CURVE ( 'NONE', #2523, #2708, #715, .T. ) ;
#1166 = DIRECTION ( 'NONE',  ( -0.5773502691896232886, 0.5773502691896225114, 0.5773502691896313932 ) ) ;
#1167 = ORIENTED_EDGE ( 'NONE', *, *, #2665, .F. ) ;
#1168 = ORIENTED_EDGE ( 'NONE', *, *, #2717, .T. ) ;
#1169 = DIRECTION ( 'NONE',  ( 1.000000000000000000, 0.000000000000000000, 0.000000000000000000 ) ) ;
#1170 = DIRECTION ( 'NONE',  ( 0.000000000000000000, 0.000000000000000000, 1.000000000000000000 ) ) ;
#1171 = CIRCLE ( 'NONE', #36, 6.999999999999999112 ) ;
#1172 = ORIENTED_EDGE ( 'NONE', *, *, #933, .T. ) ;
#1173 = CIRCLE ( 'NONE', #486, 20.00000000000000000 ) ;
#1174 = DIRECTION ( 'NONE',  ( 1.000000000000000000, 0.000000000000000000, 0.000000000000000000 ) ) ;
#1175 = ORIENTED_EDGE ( 'NONE', *, *, #15, .T. ) ;
#1176 = CARTESIAN_POINT ( 'NONE',  ( -12.47172901730579042, 21.60166831620463768, 6.000000000000026645 ) ) ;
#1177 = CARTESIAN_POINT ( 'NONE',  ( 4.530451569560927538, -18.96641791630307594, 0.000000000000000000 ) ) ;
#1178 = DIRECTION ( 'NONE',  ( 1.000000000000000000, 0.000000000000000000, 0.000000000000000000 ) ) ;
#1179 = ORIENTED_EDGE ( 'NONE', *, *, #15, .F. ) ;
#1180 = ORIENTED_EDGE ( 'NONE', *, *, #901, .F. ) ;
#1181 = CARTESIAN_POINT ( 'NONE',  ( 19.09932916477811204, -5.934275478561494843, 0.5000000000000143219 ) ) ;
#1182 = DIRECTION ( 'NONE',  ( 2.085004177856739315E-16, -1.000000000000000000, 0.000000000000000000 ) ) ;
#1183 = ORIENTED_EDGE ( 'NONE', *, *, #657, .T. ) ;
#1184 = CARTESIAN_POINT ( 'NONE',  ( -24.94345803461153110, -8.708961825406298277E-14, 6.000000000000026645 ) ) ;
#1185 = ORIENTED_EDGE ( 'NONE', *, *, #901, .T. ) ;
#1186 = ADVANCED_FACE ( 'NONE', ( #545 ), #2725, .F. ) ;
#1187 = AXIS2_PLACEMENT_3D ( 'NONE', #1041, #1014, #2749 ) ;
#1188 = CARTESIAN_POINT ( 'NONE',  ( 5.682910779650584665, -18.82809705964924163, 6.333111791890251752 ) ) ;
#1189 = AXIS2_PLACEMENT_3D ( 'NONE', #2657, #762, #733 ) ;
#1190 = CARTESIAN_POINT ( 'NONE',  ( -19.50764199121964637, -4.410431264899632886, 6.000000000000025757 ) ) ;
#1191 = DIRECTION ( 'NONE',  ( 0.000000000000000000, 0.000000000000000000, -1.000000000000000000 ) ) ;
#1192 = VECTOR ( 'NONE', #707, 1000.000000000000114 ) ;
#1193 = AXIS2_PLACEMENT_3D ( 'NONE', #2594, #1720, #472 ) ;
#1194 = DIRECTION ( 'NONE',  ( -0.000000000000000000, -0.000000000000000000, -1.000000000000000000 ) ) ;
#1195 = EDGE_LOOP ( 'NONE', ( #771, #1055, #2778, #1887 ) ) ;
#1196 = ORIENTED_EDGE ( 'NONE', *, *, #1783, .T. ) ;
#1197 = CARTESIAN_POINT ( 'NONE',  ( 19.50764199121970677, -4.410431264899358439, 6.000000000000025757 ) ) ;
#1198 = DIRECTION ( 'NONE',  ( 1.000000000000000000, 0.000000000000000000, 0.000000000000000000 ) ) ;
#1199 = ADVANCED_FACE ( 'NONE', ( #1002 ), #1122, .F. ) ;
#1200 = ORIENTED_EDGE ( 'NONE', *, *, #2757, .T. ) ;
#1201 = DIRECTION ( 'NONE',  ( -1.000000000000000000, 0.000000000000000000, 0.000000000000000000 ) ) ;
#1202 = CARTESIAN_POINT ( 'NONE',  ( 4.530451569560918657, 18.96641791630312923, 6.500000000000000000 ) ) ;
#1203 = ORIENTED_EDGE ( 'NONE', *, *, #2419, .F. ) ;
#1204 = EDGE_CURVE ( 'NONE', #1760, #272, #2078, .T. ) ;
#1205 = CARTESIAN_POINT ( 'NONE',  ( 0.000000000000000000, 0.000000000000000000, 6.000000000000026645 ) ) ;
#1206 = EDGE_CURVE ( 'NONE', #2031, #2435, #1983, .T. ) ;
#1207 = CARTESIAN_POINT ( 'NONE',  ( 4.452543933396537312, -19.32749274289177421, 0.3335723994209982002 ) ) ;
#1208 = CIRCLE ( 'NONE', #1030, 6.999999999999999112 ) ;
#1209 = CARTESIAN_POINT ( 'NONE',  ( 0.000000000000000000, 0.000000000000000000, 0.000000000000000000 ) ) ;
#1210 = DIRECTION ( 'NONE',  ( 1.000000000000000000, 0.000000000000000000, 0.000000000000000000 ) ) ;
#1211 = ORIENTED_EDGE ( 'NONE', *, *, #2755, .F. ) ;
#1212 = ORIENTED_EDGE ( 'NONE', *, *, #2173, .T. ) ;
#1213 = DIRECTION ( 'NONE',  ( 1.000000000000000000, 0.000000000000000000, 0.000000000000000000 ) ) ;
#1214 = ORIENTED_EDGE ( 'NONE', *, *, #1290, .T. ) ;
#1215 = DIRECTION ( 'NONE',  ( 1.000000000000000000, 0.000000000000000000, 0.000000000000000000 ) ) ;
#1216 = AXIS2_PLACEMENT_3D ( 'NONE', #2319, #2512, #1213 ) ;
#1217 = EDGE_CURVE ( 'NONE', #2192, #45, #2660, .T. ) ;
#1218 = VERTEX_POINT ( 'NONE', #1441 ) ;
#1219 = AXIS2_PLACEMENT_3D ( 'NONE', #510, #1580, #2185 ) ;
#1220 = DIRECTION ( 'NONE',  ( 1.000000000000000000, 1.243449787580175325E-14, 0.000000000000000000 ) ) ;
#1221 = LINE ( 'NONE', #570, #642 ) ;
#1222 = CARTESIAN_POINT ( 'NONE',  ( 14.51182774010475818, 13.51976252923453536, 0.3335723994209643939 ) ) ;
#1223 = DIRECTION ( 'NONE',  ( -0.000000000000000000, -0.000000000000000000, -1.000000000000000000 ) ) ;
#1224 = ORIENTED_EDGE ( 'NONE', *, *, #2036, .T. ) ;
#1225 = ORIENTED_EDGE ( 'NONE', *, *, #2205, .T. ) ;
#1226 = FACE_OUTER_BOUND ( 'NONE', #1593, .T. ) ;
#1227 = ORIENTED_EDGE ( 'NONE', *, *, #1704, .F. ) ;
#1228 = CARTESIAN_POINT ( 'NONE',  ( 19.09932916477811204, -5.934275478561494843, 3.250000000000000888 ) ) ;
#1229 = CARTESIAN_POINT ( 'NONE',  ( -5.934275478561695571, 19.09932916477805165, 3.250000000000000888 ) ) ;
#1230 = CIRCLE ( 'NONE', #1718, 7.499999999999971578 ) ;
#1231 = EDGE_CURVE ( 'NONE', #1739, #2192, #2672, .T. ) ;
#1232 = ORIENTED_EDGE ( 'NONE', *, *, #1024, .F. ) ;
#1233 = CONICAL_SURFACE ( 'NONE', #410, 20.00000000000000000, 0.7853981633974526089 ) ;
#1234 = AXIS2_PLACEMENT_3D ( 'NONE', #794, #125, #1897 ) ;
#1235 = DIRECTION ( 'NONE',  ( 0.000000000000000000, -1.000000000000000000, 0.000000000000000000 ) ) ;
#1236 = EDGE_CURVE ( 'NONE', #92, #1772, #2525, .T. ) ;
#1237 = CARTESIAN_POINT ( 'NONE',  ( -21.60166831620468031, 12.47172901730571581, 0.5000000000000134337 ) ) ;
#1238 = CARTESIAN_POINT ( 'NONE',  ( 1.040000000000000036, -1.040000000000000258, 0.5000000000000091038 ) ) ;
#1239 = CONICAL_SURFACE ( 'NONE', #1416, 20.00000000000000000, 0.7853981633974526089 ) ;
#1240 = ORIENTED_EDGE ( 'NONE', *, *, #349, .T. ) ;
#1241 = AXIS2_PLACEMENT_3D ( 'NONE', #2030, #756, #481 ) ;
#1242 = ADVANCED_FACE ( 'NONE', ( #348 ), #83, .T. ) ;
#1243 = ORIENTED_EDGE ( 'NONE', *, *, #1462, .T. ) ;
#1244 = DIRECTION ( 'NONE',  ( -1.000000000000000000, -1.042502088928369658E-16, 0.000000000000000000 ) ) ;
#1245 = AXIS2_PLACEMENT_3D ( 'NONE', #2580, #2373, #2202 ) ;
#1246 = ORIENTED_EDGE ( 'NONE', *, *, #2011, .F. ) ;
#1247 = DIRECTION ( 'NONE',  ( -1.000000000000000000, 0.000000000000000000, 0.000000000000000000 ) ) ;
#1248 = CIRCLE ( 'NONE', #1287, 7.500000000000013323 ) ;
#1249 = ORIENTED_EDGE ( 'NONE', *, *, #1302, .T. ) ;
#1250 = DIRECTION ( 'NONE',  ( 1.000000000000000000, 0.000000000000000000, 0.000000000000000000 ) ) ;
#1251 = APPLICATION_PROTOCOL_DEFINITION ( 'international standard', 'config_control_design', 1994, #2250 ) ;
#1252 = EDGE_CURVE ( 'NONE', #299, #542, #2561, .T. ) ;
#1253 = CARTESIAN_POINT ( 'NONE',  ( -19.09932916477802323, -5.934275478561770178, 6.000000000000025757 ) ) ;
#1254 = VERTEX_POINT ( 'NONE', #1865 ) ;
#1255 = ADVANCED_FACE ( 'NONE', ( #1226 ), #2384, .T. ) ;
#1256 = CARTESIAN_POINT ( 'NONE',  ( 1.026666666666671501, 1.026666666666671723, 0.5133333333333360837 ) ) ;
#1257 = ADVANCED_FACE ( 'NONE', ( #590 ), #216, .F. ) ;
#1258 = ORIENTED_EDGE ( 'NONE', *, *, #243, .F. ) ;
#1259 = FACE_OUTER_BOUND ( 'NONE', #329, .T. ) ;
#1260 = AXIS2_PLACEMENT_3D ( 'NONE', #2014, #1308, #708 ) ;
#1261 = ORIENTED_EDGE ( 'NONE', *, *, #2628, .T. ) ;
#1262 = CARTESIAN_POINT ( 'NONE',  ( 4.410431264899563608, 19.50764199121966058, 6.000000000000025757 ) ) ;
#1263 = AXIS2_PLACEMENT_3D ( 'NONE', #361, #1394, #788 ) ;
#1264 = CARTESIAN_POINT ( 'NONE',  ( 13.57336651265810801, -14.68889789987838590, 3.250000000000000888 ) ) ;
#1265 = DIRECTION ( 'NONE',  ( 0.000000000000000000, 0.000000000000000000, 1.000000000000000000 ) ) ;
#1266 = CARTESIAN_POINT ( 'NONE',  ( 19.09932916477799125, 5.934275478561894523, 3.250000000000000888 ) ) ;
#1267 = LINE ( 'NONE', #1256, #764 ) ;
#1268 = ADVANCED_FACE ( 'NONE', ( #1895 ), #745, .T. ) ;
#1269 = ORIENTED_EDGE ( 'NONE', *, *, #2402, .F. ) ;
#1270 = DIRECTION ( 'NONE',  ( -0.000000000000000000, -0.000000000000000000, 1.000000000000000000 ) ) ;
#1271 = VERTEX_POINT ( 'NONE', #2483 ) ;
#1272 = CARTESIAN_POINT ( 'NONE',  ( -4.530451569560898228, 18.96641791630357332, 6.500000000000000000 ) ) ;
#1273 = LINE ( 'NONE', #1264, #1358 ) ;
#1274 = CALENDAR_DATE ( 2026, 4, 4 ) ;
#1275 = FACE_BOUND ( 'NONE', #2532, .T. ) ;
#1276 = CARTESIAN_POINT ( 'NONE',  ( 0.000000000000000000, 0.000000000000000000, 0.000000000000000000 ) ) ;
#1277 = CARTESIAN_POINT ( 'NONE',  ( -14.51182774010543497, 13.51976252923354949, 6.166427600579029722 ) ) ;
#1278 = B_SPLINE_CURVE_WITH_KNOTS ( 'NONE', 3,
 ( #1929, #2800, #393, #1900 ),
 .UNSPECIFIED., .F., .F.,
 ( 4, 4 ),
 ( 0.000000000000000000, 0.0007465442872326131553 ),
 .UNSPECIFIED. ) ;
#1279 = VECTOR ( 'NONE', #1223, 1000.000000000000000 ) ;
#1280 = EDGE_LOOP ( 'NONE', ( #166, #2033, #2374, #735 ) ) ;
#1281 = DIRECTION ( 'NONE',  ( 1.000000000000000000, 0.000000000000000000, 0.000000000000000000 ) ) ;
#1282 = EDGE_CURVE ( 'NONE', #573, #1271, #2364, .T. ) ;
#1283 = CIRCLE ( 'NONE', #2773, 7.500000000000016875 ) ;
#1284 = ORIENTED_EDGE ( 'NONE', *, *, #2599, .F. ) ;
#1285 = EDGE_CURVE ( 'NONE', #436, #2285, #1171, .T. ) ;
#1286 = CIRCLE ( 'NONE', #424, 20.00000000000000000 ) ;
#1287 = AXIS2_PLACEMENT_3D ( 'NONE', #1350, #1939, #829 ) ;
#1288 = DIRECTION ( 'NONE',  ( 1.000000000000000000, 0.000000000000000000, 0.000000000000000000 ) ) ;
#1289 = ORIENTED_EDGE ( 'NONE', *, *, #2231, .T. ) ;
#1290 = EDGE_CURVE ( 'NONE', #1878, #119, #442, .T. ) ;
#1291 = CARTESIAN_POINT ( 'NONE',  ( -5.559722808296743146, 18.69062551909128445, 6.500000000000000000 ) ) ;
#1292 = AXIS2_PLACEMENT_3D ( 'NONE', #1473, #2731, #1025 ) ;
#1293 = LINE ( 'NONE', #846, #201 ) ;
#1294 = EDGE_CURVE ( 'NONE', #2113, #1614, #1386, .T. ) ;
#1295 = DIRECTION ( 'NONE',  ( 0.000000000000000000, 0.000000000000000000, 1.000000000000000000 ) ) ;
#1296 = DIRECTION ( 'NONE',  ( 1.000000000000000000, 0.000000000000000000, 0.000000000000000000 ) ) ;
#1297 = PRODUCT ( 'Heatsink Tapping Tool', 'Heatsink Tapping Tool', '', ( #817 ) ) ;
#1298 = ORIENTED_EDGE ( 'NONE', *, *, #920, .F. ) ;
#1299 = CARTESIAN_POINT ( 'NONE',  ( 19.14706574840051445, 4.492503427207148015, 0.1668882081097608217 ) ) ;
#1300 = CIRCLE ( 'NONE', #1385, 6.999999999999999112 ) ;
#1301 = ORIENTED_EDGE ( 'NONE', *, *, #598, .F. ) ;
#1302 = EDGE_CURVE ( 'NONE', #2230, #1952, #2609, .T. ) ;
#1303 = CYLINDRICAL_SURFACE ( 'NONE', #1193, 20.00000000000000000 ) ;
#1304 = EDGE_LOOP ( 'NONE', ( #2395, #2371, #252, #432 ) ) ;
#1305 = DIRECTION ( 'NONE',  ( 0.000000000000000000, 0.000000000000000000, -1.000000000000000000 ) ) ;
#1306 = AXIS2_PLACEMENT_3D ( 'NONE', #2495, #2271, #1198 ) ;
#1307 = PLANE ( 'NONE',  #1430 ) ;
#1308 = DIRECTION ( 'NONE',  ( -0.000000000000000000, -0.000000000000000000, -1.000000000000000000 ) ) ;
#1309 = DIRECTION ( 'NONE',  ( 0.000000000000000000, 0.000000000000000000, -1.000000000000000000 ) ) ;
#1310 = AXIS2_PLACEMENT_3D ( 'NONE', #297, #721, #1961 ) ;
#1311 = ORIENTED_EDGE ( 'NONE', *, *, #2717, .F. ) ;
#1312 = CARTESIAN_POINT ( 'NONE',  ( -4.492503427207001465, -19.14706574840030484, 0.1668882081095293402 ) ) ;
#1313 = VERTEX_POINT ( 'NONE', #2 ) ;
#1314 = EDGE_CURVE ( 'NONE', #824, #2138, #1267, .T. ) ;
#1315 = CARTESIAN_POINT ( 'NONE',  ( -4.410431264899563608, 19.50764199121966058, 0.5000000000000143219 ) ) ;
#1316 = ORIENTED_EDGE ( 'NONE', *, *, #2190, .T. ) ;
#1317 = DIRECTION ( 'NONE',  ( 0.000000000000000000, 0.000000000000000000, -1.000000000000000000 ) ) ;
#1318 = EDGE_CURVE ( 'NONE', #2113, #2192, #427, .T. ) ;
#1319 = CARTESIAN_POINT ( 'NONE',  ( 13.57336651265780070, 14.68889789987866834, 3.250000000000000888 ) ) ;
#1320 = ADVANCED_FACE ( 'NONE', ( #1053 ), #534, .F. ) ;
#1321 = CARTESIAN_POINT ( 'NONE',  ( -14.33559363244210161, 13.46415496875003903, 0.1668882081095285630 ) ) ;
#1322 = CYLINDRICAL_SURFACE ( 'NONE', #1447, 6.999999999999999112 ) ;
#1323 = VERTEX_POINT ( 'NONE', #388 ) ;
#1324 = AXIS2_PLACEMENT_3D ( 'NONE', #1364, #2223, #1125 ) ;
#1325 = CARTESIAN_POINT ( 'NONE',  ( 13.40669510800672448, -14.16017394953065711, 6.500000000000000000 ) ) ;
#1326 = VERTEX_POINT ( 'NONE', #174 ) ;
#1327 = CONICAL_SURFACE ( 'NONE', #2057, 20.00000000000000000, 0.7853981633974491672 ) ;
#1328 = DIRECTION ( 'NONE',  ( 0.000000000000000000, 0.000000000000000000, -1.000000000000000000 ) ) ;
#1329 = ORIENTED_EDGE ( 'NONE', *, *, #679, .F. ) ;
#1330 = DIRECTION ( 'NONE',  ( -1.000000000000000000, 0.000000000000000000, 0.000000000000000000 ) ) ;
#1331 = FACE_OUTER_BOUND ( 'NONE', #1509, .T. ) ;
#1332 = DIRECTION ( 'NONE',  ( 1.000000000000000000, 0.000000000000000000, 0.000000000000000000 ) ) ;
#1333 = ADVANCED_FACE ( 'NONE', ( #2765 ), #2176, .T. ) ;
#1334 = EDGE_CURVE ( 'NONE', #466, #2644, #1906, .T. ) ;
#1335 = VERTEX_POINT ( 'NONE', #1081 ) ;
#1336 = DIRECTION ( 'NONE',  ( -1.000000000000000000, 0.000000000000000000, 0.000000000000000000 ) ) ;
#1337 = FACE_OUTER_BOUND ( 'NONE', #2321, .T. ) ;
#1338 = ORIENTED_EDGE ( 'NONE', *, *, #2629, .F. ) ;
#1339 = CARTESIAN_POINT ( 'NONE',  ( -14.68889789987852801, 13.57336651265795346, 6.000000000000025757 ) ) ;
#1340 = ORIENTED_EDGE ( 'NONE', *, *, #723, .F. ) ;
#1341 = CARTESIAN_POINT ( 'NONE',  ( 0.000000000000000000, 0.000000000000000000, 0.5000000000000134337 ) ) ;
#1342 = CARTESIAN_POINT ( 'NONE',  ( 0.000000000000000000, 0.000000000000000000, 6.500000000000000000 ) ) ;
#1343 = CARTESIAN_POINT ( 'NONE',  ( 0.000000000000000000, 0.000000000000000000, 6.500000000000000000 ) ) ;
#1344 = CARTESIAN_POINT ( 'NONE',  ( -4.530451569560926650, 18.96641791630307594, 0.000000000000000000 ) ) ;
#1345 = B_SPLINE_CURVE_WITH_KNOTS ( 'NONE', 3,
 ( #988, #958, #544, #1838 ),
 .UNSPECIFIED., .F., .F.,
 ( 4, 4 ),
 ( 0.000000000000000000, 0.0007465442872326753885 ),
 .UNSPECIFIED. ) ;
#1346 = CARTESIAN_POINT ( 'NONE',  ( 0.000000000000000000, 0.000000000000000000, 0.5000000000000134337 ) ) ;
#1347 = AXIS2_PLACEMENT_3D ( 'NONE', #1918, #1309, #2777 ) ;
#1348 = ORIENTED_EDGE ( 'NONE', *, *, #95, .F. ) ;
#1349 = EDGE_CURVE ( 'NONE', #1048, #82, #2306, .T. ) ;
#1350 = CARTESIAN_POINT ( 'NONE',  ( 24.94345803461153110, 2.612688547621888978E-13, 0.000000000000000000 ) ) ;
#1351 = FACE_OUTER_BOUND ( 'NONE', #2023, .T. ) ;
#1352 = ORIENTED_EDGE ( 'NONE', *, *, #2253, .T. ) ;
#1353 = DIRECTION ( 'NONE',  ( 1.000000000000000000, 0.000000000000000000, 0.000000000000000000 ) ) ;
#1354 = ORIENTED_EDGE ( 'NONE', *, *, #2607, .T. ) ;
#1355 = DIRECTION ( 'NONE',  ( 0.000000000000000000, 0.000000000000000000, -1.000000000000000000 ) ) ;
#1356 = CARTESIAN_POINT ( 'NONE',  ( 14.60166831620476557, -12.47172901730556482, 6.500000000000000000 ) ) ;
#1357 = CARTESIAN_POINT ( 'NONE',  ( 13.57336651265810801, -14.68889789987838590, 6.000000000000025757 ) ) ;
#1358 = VECTOR ( 'NONE', #1671, 1000.000000000000000 ) ;
#1359 = DIRECTION ( 'NONE',  ( 1.000000000000000000, 0.000000000000000000, 0.000000000000000000 ) ) ;
#1360 = CIRCLE ( 'NONE', #502, 20.00000000000000000 ) ;
#1361 = AXIS2_PLACEMENT_3D ( 'NONE', #2111, #2727, #1146 ) ;
#1362 = EDGE_LOOP ( 'NONE', ( #1410, #1629, #1856, #205 ) ) ;
#1363 = CARTESIAN_POINT ( 'NONE',  ( 21.60166831620450623, 12.47172901730601602, 6.500000000000000000 ) ) ;
#1364 = CARTESIAN_POINT ( 'NONE',  ( 1.040000000000000036, -1.040000000000000258, 5.999999999999999112 ) ) ;
#1365 = ORIENTED_EDGE ( 'NONE', *, *, #1964, .T. ) ;
#1366 = EDGE_CURVE ( 'NONE', #2553, #1313, #2305, .T. ) ;
#1367 = DIRECTION ( 'NONE',  ( 0.000000000000000000, 0.000000000000000000, -1.000000000000000000 ) ) ;
#1368 = CIRCLE ( 'NONE', #2101, 20.00000000000000000 ) ;
#1369 = ORIENTED_EDGE ( 'NONE', *, *, #2531, .T. ) ;
#1370 = EDGE_CURVE ( 'NONE', #2272, #1676, #914, .T. ) ;
#1371 = ADVANCED_FACE ( 'NONE', ( #822 ), #2429, .F. ) ;
#1372 = AXIS2_PLACEMENT_3D ( 'NONE', #2650, #99, #1359 ) ;
#1373 = FACE_OUTER_BOUND ( 'NONE', #1516, .T. ) ;
#1374 = DIRECTION ( 'NONE',  ( -1.000000000000000000, 0.000000000000000000, 0.000000000000000000 ) ) ;
#1375 = DIRECTION ( 'NONE',  ( 1.000000000000000000, 0.000000000000000000, 0.000000000000000000 ) ) ;
#1376 = VECTOR ( 'NONE', #1138, 1000.000000000000000 ) ;
#1377 = CARTESIAN_POINT ( 'NONE',  ( -5.559722808296954533, 18.69062551909161485, 0.000000000000000000 ) ) ;
#1378 = ORIENTED_EDGE ( 'NONE', *, *, #295, .F. ) ;
#1379 = ORIENTED_EDGE ( 'NONE', *, *, #2402, .T. ) ;
#1380 = LINE ( 'NONE', #1155, #886 ) ;
#1381 = FACE_OUTER_BOUND ( 'NONE', #1623, .T. ) ;
#1382 = EDGE_LOOP ( 'NONE', ( #1016, #1284, #1001, #128 ) ) ;
#1383 = LINE ( 'NONE', #2687, #1873 ) ;
#1384 = ORIENTED_EDGE ( 'NONE', *, *, #2531, .F. ) ;
#1385 = AXIS2_PLACEMENT_3D ( 'NONE', #610, #1451, #2314 ) ;
#1386 = B_SPLINE_CURVE_WITH_KNOTS ( 'NONE', 3,
 ( #203, #2378, #1700, #2122 ),
 .UNSPECIFIED., .F., .F.,
 ( 4, 4 ),
 ( 0.000000000000000000, 0.0007465442872330044439 ),
 .UNSPECIFIED. ) ;
#1387 = DIRECTION ( 'NONE',  ( -0.000000000000000000, -0.000000000000000000, -1.000000000000000000 ) ) ;
#1388 = VECTOR ( 'NONE', #142, 1000.000000000000000 ) ;
#1389 = CARTESIAN_POINT ( 'NONE',  ( 17.94345803461153110, 2.612688547621888978E-13, 0.5000000000000134337 ) ) ;
#1390 = CARTESIAN_POINT ( 'NONE',  ( 18.69062551909171788, -5.559722808296793772, 6.500000000000000000 ) ) ;
#1391 = ORIENTED_EDGE ( 'NONE', *, *, #1789, .F. ) ;
#1392 = EDGE_LOOP ( 'NONE', ( #1990, #943, #2497, #2442 ) ) ;
#1393 = DIRECTION ( 'NONE',  ( 0.000000000000000000, 0.000000000000000000, -1.000000000000000000 ) ) ;
#1394 = DIRECTION ( 'NONE',  ( 0.000000000000000000, 0.000000000000000000, 1.000000000000000000 ) ) ;
#1395 = ADVANCED_FACE ( 'NONE', ( #623 ), #1082, .F. ) ;
#1396 = CIRCLE ( 'NONE', #2453, 7.500000000000016875 ) ;
#1397 = ORIENTED_EDGE ( 'NONE', *, *, #1118, .F. ) ;
#1398 = AXIS2_PLACEMENT_3D ( 'NONE', #1132, #282, #1529 ) ;
#1399 = CARTESIAN_POINT ( 'NONE',  ( 13.40669510800622355, 14.16017394953053810, 6.500000000000000000 ) ) ;
#1400 = EDGE_LOOP ( 'NONE', ( #531, #661, #32, #403 ) ) ;
#1401 = EDGE_CURVE ( 'NONE', #641, #2529, #1670, .T. ) ;
#1402 = CARTESIAN_POINT ( 'NONE',  ( -5.934275478561560568, -19.09932916477809428, 0.5000000000000143219 ) ) ;
#1403 = CARTESIAN_POINT ( 'NONE',  ( 0.000000000000000000, 0.000000000000000000, 6.500000000000000000 ) ) ;
#1404 = DIRECTION ( 'NONE',  ( 0.000000000000000000, 0.000000000000000000, -1.000000000000000000 ) ) ;
#1405 = CARTESIAN_POINT ( 'NONE',  ( 21.60166831620476557, -12.47172901730556482, 0.000000000000000000 ) ) ;
#1406 = VERTEX_POINT ( 'NONE', #215 ) ;
#1407 = ORIENTED_EDGE ( 'NONE', *, *, #463, .F. ) ;
#1408 = DIRECTION ( 'NONE',  ( 0.000000000000000000, 1.000000000000000000, 0.000000000000000000 ) ) ;
#1409 = DIRECTION ( 'NONE',  ( 1.000000000000000000, 1.332267629550187849E-14, 0.000000000000000000 ) ) ;
#1410 = ORIENTED_EDGE ( 'NONE', *, *, #2459, .T. ) ;
#1411 = DIRECTION ( 'NONE',  ( 1.000000000000000000, 0.000000000000000000, 0.000000000000000000 ) ) ;
#1412 = CARTESIAN_POINT ( 'NONE',  ( -5.934275478561695571, 19.09932916477805165, 6.000000000000025757 ) ) ;
#1413 = EDGE_CURVE ( 'NONE', #1869, #2037, #872, .T. ) ;
#1414 = ORIENTED_EDGE ( 'NONE', *, *, #2265, .F. ) ;
#1415 = B_SPLINE_CURVE_WITH_KNOTS ( 'NONE', 3,
 ( #2385, #448, #2155, #1970 ),
 .UNSPECIFIED., .F., .F.,
 ( 4, 4 ),
 ( 0.000000000000000000, 0.0007465442872326780990 ),
 .UNSPECIFIED. ) ;
#1416 = AXIS2_PLACEMENT_3D ( 'NONE', #1626, #2086, #2280 ) ;
#1417 = CARTESIAN_POINT ( 'NONE',  ( 4.452543933396563958, -19.32749274289166763, 6.166427600579145185 ) ) ;
#1418 = CONICAL_SURFACE ( 'NONE', #2102, 6.999999999999999112, 0.7853981633974473908 ) ;
#1419 = LINE ( 'NONE', #551, #2256 ) ;
#1420 = PLANE ( 'NONE',  #2783 ) ;
#1421 = AXIS2_PLACEMENT_3D ( 'NONE', #2217, #474, #1782 ) ;
#1422 = LINE ( 'NONE', #345, #1015 ) ;
#1423 = ORIENTED_EDGE ( 'NONE', *, *, #1826, .T. ) ;
#1424 = VERTEX_POINT ( 'NONE', #1357 ) ;
#1425 = FACE_OUTER_BOUND ( 'NONE', #2581, .T. ) ;
#1426 = CARTESIAN_POINT ( 'NONE',  ( 14.16017394953049191, -13.40669510800627151, 6.500000000000000000 ) ) ;
#1427 = B_SPLINE_CURVE_WITH_KNOTS ( 'NONE', 3,
 ( #30, #1788, #898, #667 ),
 .UNSPECIFIED., .F., .F.,
 ( 4, 4 ),
 ( 0.000000000000000000, 0.0007465442872332010097 ),
 .UNSPECIFIED. ) ;
#1428 = ADVANCED_FACE ( 'NONE', ( #709 ), #585, .T. ) ;
#1429 = CIRCLE ( 'NONE', #200, 7.499999999999971578 ) ;
#1430 = AXIS2_PLACEMENT_3D ( 'NONE', #2804, #1265, #2775 ) ;
#1431 = ORIENTED_EDGE ( 'NONE', *, *, #2544, .T. ) ;
#1432 = LINE ( 'NONE', #1229, #2098 ) ;
#1433 = EDGE_LOOP ( 'NONE', ( #549, #1689, #2656, #2522 ) ) ;
#1434 = DIRECTION ( 'NONE',  ( -0.000000000000000000, -0.000000000000000000, -1.000000000000000000 ) ) ;
#1435 = CARTESIAN_POINT ( 'NONE',  ( -18.96641791630314344, 4.530451569560853819, 6.500000000000000000 ) ) ;
#1436 =( NAMED_UNIT ( * ) SI_UNIT ( $, .STERADIAN. ) SOLID_ANGLE_UNIT ( ) );
#1437 = DIRECTION ( 'NONE',  ( -1.000000000000000000, -1.042502088928369658E-16, 0.000000000000000000 ) ) ;
#1438 = ORIENTED_EDGE ( 'NONE', *, *, #1804, .F. ) ;
#1439 = EDGE_LOOP ( 'NONE', ( #1185, #457, #2307, #2040 ) ) ;
#1440 = DIRECTION ( 'NONE',  ( -1.000000000000000000, 0.000000000000000000, 0.000000000000000000 ) ) ;
#1441 = CARTESIAN_POINT ( 'NONE',  ( 19.50764199121961440, 4.410431264899768777, 0.5000000000000143219 ) ) ;
#1442 = ORIENTED_EDGE ( 'NONE', *, *, #1901, .F. ) ;
#1443 = CARTESIAN_POINT ( 'NONE',  ( 0.000000000000000000, 0.000000000000000000, 0.000000000000000000 ) ) ;
#1444 = DIRECTION ( 'NONE',  ( 0.000000000000000000, 0.000000000000000000, -1.000000000000000000 ) ) ;
#1445 = EDGE_CURVE ( 'NONE', #103, #934, #1427, .T. ) ;
#1446 = ORIENTED_EDGE ( 'NONE', *, *, #1879, .F. ) ;
#1447 = AXIS2_PLACEMENT_3D ( 'NONE', #2195, #1120, #42 ) ;
#1448 = EDGE_CURVE ( 'NONE', #148, #656, #446, .T. ) ;
#1449 = FACE_OUTER_BOUND ( 'NONE', #1304, .T. ) ;
#1450 = CARTESIAN_POINT ( 'NONE',  ( 21.60166831620476557, -12.47172901730556482, 0.000000000000000000 ) ) ;
#1451 = DIRECTION ( 'NONE',  ( 0.000000000000000000, 0.000000000000000000, 1.000000000000000000 ) ) ;
#1452 = CARTESIAN_POINT ( 'NONE',  ( 0.000000000000000000, 0.000000000000000000, 0.5000000000000134337 ) ) ;
#1453 = ORIENTED_EDGE ( 'NONE', *, *, #1252, .T. ) ;
#1454 = LINE ( 'NONE', #1266, #695 ) ;
#1455 = DIRECTION ( 'NONE',  ( 0.000000000000000000, 0.000000000000000000, 1.000000000000000000 ) ) ;
#1456 = ORIENTED_EDGE ( 'NONE', *, *, #1857, .F. ) ;
#1457 = CARTESIAN_POINT ( 'NONE',  ( 18.96641791630317542, -4.530451569560721481, 6.500000000000000000 ) ) ;
#1458 = ORIENTED_EDGE ( 'NONE', *, *, #1032, .T. ) ;
#1459 = AXIS2_PLACEMENT_3D ( 'NONE', #1479, #2792, #2178 ) ;
#1460 = B_SPLINE_CURVE_WITH_KNOTS ( 'NONE', 3,
 ( #1457, #2498, #2540, #1034 ),
 .UNSPECIFIED., .F., .F.,
 ( 4, 4 ),
 ( 0.000000000000000000, 0.0007465442872326134805 ),
 .UNSPECIFIED. ) ;
#1461 = ADVANCED_FACE ( 'NONE', ( #907 ), #1758, .F. ) ;
#1462 = EDGE_CURVE ( 'NONE', #1702, #1218, #2206, .T. ) ;
#1463 = DIRECTION ( 'NONE',  ( 0.000000000000000000, 0.000000000000000000, -1.000000000000000000 ) ) ;
#1464 = CARTESIAN_POINT ( 'NONE',  ( 1.605453216949689448E-16, -1.540000000000000036, 6.500000000000000000 ) ) ;
#1465 = AXIS2_PLACEMENT_3D ( 'NONE', #1770, #2633, #1999 ) ;
#1466 = CARTESIAN_POINT ( 'NONE',  ( -1.540000000000000258, 0.000000000000000000, 6.500000000000000000 ) ) ;
#1467 = DIRECTION ( 'NONE',  ( -0.000000000000000000, -0.000000000000000000, -1.000000000000000000 ) ) ;
#1468 = VERTEX_POINT ( 'NONE', #2219 ) ;
#1469 = FACE_OUTER_BOUND ( 'NONE', #2268, .T. ) ;
#1470 = EDGE_LOOP ( 'NONE', ( #2293, #1661, #1227, #1080 ) ) ;
#1471 = CARTESIAN_POINT ( 'NONE',  ( -18.69062551909159353, -5.559722808297025587, 0.000000000000000000 ) ) ;
#1472 = ADVANCED_FACE ( 'NONE', ( #2432 ), #2032, .T. ) ;
#1473 = CARTESIAN_POINT ( 'NONE',  ( -1.040000000000000036, -1.040000000000000480, 5.999999999999999112 ) ) ;
#1474 = CARTESIAN_POINT ( 'NONE',  ( 0.000000000000000000, 0.000000000000000000, 6.500000000000000000 ) ) ;
#1475 = CARTESIAN_POINT ( 'NONE',  ( 19.09932916477799125, 5.934275478561894523, 0.5000000000000143219 ) ) ;
#1476 = DIRECTION ( 'NONE',  ( 0.000000000000000000, 0.000000000000000000, -1.000000000000000000 ) ) ;
#1477 = DIRECTION ( 'NONE',  ( 1.000000000000000000, 0.000000000000000000, 0.000000000000000000 ) ) ;
#1478 = ORIENTED_EDGE ( 'NONE', *, *, #2112, .T. ) ;
#1479 = CARTESIAN_POINT ( 'NONE',  ( 21.60166831620450623, 12.47172901730601602, 6.000000000000026645 ) ) ;
#1480 = ADVANCED_FACE ( 'NONE', ( #493 ), #1483, .F. ) ;
#1481 = ORIENTED_EDGE ( 'NONE', *, *, #2579, .T. ) ;
#1482 = CARTESIAN_POINT ( 'NONE',  ( 0.000000000000000000, 0.000000000000000000, 6.000000000000026645 ) ) ;
#1483 = CONICAL_SURFACE ( 'NONE', #84, 6.999999999999999112, 0.7853981633974526089 ) ;
#1484 = CARTESIAN_POINT ( 'NONE',  ( 4.410431264899563608, -19.50764199121966058, 6.000000000000025757 ) ) ;
#1485 = CARTESIAN_POINT ( 'NONE',  ( -4.410431264899563608, -19.50764199121966058, 3.250000000000000888 ) ) ;
#1486 = CARTESIAN_POINT ( 'NONE',  ( 1.040000000000000036, 1.040000000000000036, 5.999999999999999112 ) ) ;
#1487 = ORIENTED_EDGE ( 'NONE', *, *, #2353, .T. ) ;
#1488 = DIRECTION ( 'NONE',  ( 0.000000000000000000, 0.000000000000000000, 1.000000000000000000 ) ) ;
#1489 = ADVANCED_FACE ( 'NONE', ( #2662 ), #2649, .F. ) ;
#1490 = ORIENTED_EDGE ( 'NONE', *, *, #539, .F. ) ;
#1491 = CIRCLE ( 'NONE', #3, 6.999999999999999112 ) ;
#1492 = ADVANCED_FACE ( 'NONE', ( #19 ), #2753, .F. ) ;
#1493 = CIRCLE ( 'NONE', #7, 7.499999999999971578 ) ;
#1494 = ORIENTED_EDGE ( 'NONE', *, *, #1150, .T. ) ;
#1495 = CARTESIAN_POINT ( 'NONE',  ( -21.60166831620459860, -12.47172901730586680, 6.500000000000000000 ) ) ;
#1496 = LINE ( 'NONE', #1726, #797 ) ;
#1497 = FACE_OUTER_BOUND ( 'NONE', #412, .T. ) ;
#1498 = CARTESIAN_POINT ( 'NONE',  ( 0.000000000000000000, -24.94345803461153110, 6.500000000000000000 ) ) ;
#1499 = AXIS2_PLACEMENT_3D ( 'NONE', #2284, #833, #784 ) ;
#1500 = ORIENTED_EDGE ( 'NONE', *, *, #257, .T. ) ;
#1501 = EDGE_CURVE ( 'NONE', #1037, #629, #2208, .T. ) ;
#1502 = DIRECTION ( 'NONE',  ( 1.000000000000000000, 0.000000000000000000, 0.000000000000000000 ) ) ;
#1503 = CIRCLE ( 'NONE', #839, 6.999999999999999112 ) ;
#1504 = ORIENTED_EDGE ( 'NONE', *, *, #2745, .F. ) ;
#1505 = CARTESIAN_POINT ( 'NONE',  ( 0.000000000000000000, 0.000000000000000000, 6.500000000000000000 ) ) ;
#1506 = AXIS2_PLACEMENT_3D ( 'NONE', #855, #1917, #387 ) ;
#1507 = VECTOR ( 'NONE', #258, 1000.000000000000114 ) ;
#1508 = CYLINDRICAL_SURFACE ( 'NONE', #2329, 20.00000000000000000 ) ;
#1509 = EDGE_LOOP ( 'NONE', ( #1442, #1127, #186, #2466 ) ) ;
#1510 = DIRECTION ( 'NONE',  ( 1.000000000000000000, 0.000000000000000000, 0.000000000000000000 ) ) ;
#1511 = AXIS2_PLACEMENT_3D ( 'NONE', #1681, #845, #406 ) ;
#1512 = DIRECTION ( 'NONE',  ( 0.7071067811865469066, 0.000000000000000000, 0.7071067811865482389 ) ) ;
#1513 = DIRECTION ( 'NONE',  ( -0.000000000000000000, -0.000000000000000000, 1.000000000000000000 ) ) ;
#1514 = DIRECTION ( 'NONE',  ( 0.000000000000000000, 0.000000000000000000, -1.000000000000000000 ) ) ;
#1515 = LOCAL_TIME ( 19, 36, 23.00000000000000000, #422 ) ;
#1516 = EDGE_LOOP ( 'NONE', ( #1097, #1747, #2076, #249 ) ) ;
#1517 = ADVANCED_FACE ( 'NONE', ( #1745 ), #219, .T. ) ;
#1518 = CARTESIAN_POINT ( 'NONE',  ( -14.16017394953070863, -13.40669510800667119, 6.500000000000000000 ) ) ;
#1519 = ORIENTED_EDGE ( 'NONE', *, *, #22, .T. ) ;
#1520 = LINE ( 'NONE', #1228, #2007 ) ;
#1521 = AXIS2_PLACEMENT_3D ( 'NONE', #1205, #355, #1220 ) ;
#1522 = EDGE_CURVE ( 'NONE', #1702, #911, #266, .T. ) ;
#1523 = CARTESIAN_POINT ( 'NONE',  ( 21.60166831620450623, 12.47172901730601602, 0.000000000000000000 ) ) ;
#1524 = ORIENTED_EDGE ( 'NONE', *, *, #679, .T. ) ;
#1525 = CYLINDRICAL_SURFACE ( 'NONE', #1421, 20.00000000000000000 ) ;
#1526 = EDGE_CURVE ( 'NONE', #80, #1754, #177, .T. ) ;
#1527 = APPROVAL_ROLE ( '' ) ;
#1528 = DIRECTION ( 'NONE',  ( -0.7071067811865526798, -0.000000000000000000, -0.7071067811865424657 ) ) ;
#1529 = DIRECTION ( 'NONE',  ( -1.000000000000000000, 0.000000000000000000, 0.000000000000000000 ) ) ;
#1530 = AXIS2_PLACEMENT_3D ( 'NONE', #2015, #888, #2632 ) ;
#1531 = B_SPLINE_CURVE_WITH_KNOTS ( 'NONE', 3,
 ( #1959, #16, #885, #1697 ),
 .UNSPECIFIED., .F., .F.,
 ( 4, 4 ),
 ( 0.000000000000000000, 0.0007465442872327400069 ),
 .UNSPECIFIED. ) ;
#1532 = ORIENTED_EDGE ( 'NONE', *, *, #471, .T. ) ;
#1533 = CARTESIAN_POINT ( 'NONE',  ( -18.96437167350190123, -5.807730213658305551, 6.166427600579028834 ) ) ;
#1534 = ORIENTED_EDGE ( 'NONE', *, *, #1751, .F. ) ;
#1535 = CARTESIAN_POINT ( 'NONE',  ( 19.14706574840069919, 4.492503427206783861, 6.333111791890510212 ) ) ;
#1536 = ORIENTED_EDGE ( 'NONE', *, *, #451, .F. ) ;
#1537 = DIRECTION ( 'NONE',  ( 0.000000000000000000, 0.000000000000000000, -1.000000000000000000 ) ) ;
#1538 = EDGE_CURVE ( 'NONE', #2285, #716, #1173, .T. ) ;
#1539 = APPROVAL ( #2074, 'Deckungsgleich' ) ;
#1540 = CARTESIAN_POINT ( 'NONE',  ( 19.50764199121961440, 4.410431264899768777, 3.250000000000000888 ) ) ;
#1541 = DIRECTION ( 'NONE',  ( 0.000000000000000000, 0.000000000000000000, -1.000000000000000000 ) ) ;
#1542 = ORIENTED_EDGE ( 'NONE', *, *, #1118, .T. ) ;
#1543 = ORIENTED_EDGE ( 'NONE', *, *, #1294, .T. ) ;
#1544 = CARTESIAN_POINT ( 'NONE',  ( -13.40669510800662678, 14.16017394953075126, 6.500000000000000000 ) ) ;
#1545 = B_SPLINE_CURVE_WITH_KNOTS ( 'NONE', 3,
 ( #1599, #1805, #44, #1557 ),
 .UNSPECIFIED., .F., .F.,
 ( 4, 4 ),
 ( 0.000000000000000000, 0.0007465442872331358492 ),
 .UNSPECIFIED. ) ;
#1546 = VERTEX_POINT ( 'NONE', #2405 ) ;
#1547 = CIRCLE ( 'NONE', #1778, 7.500000000000013323 ) ;
#1548 = CONICAL_SURFACE ( 'NONE', #110, 19.50000000000003197, 0.7853981633974447263 ) ;
#1549 = DIRECTION ( 'NONE',  ( -1.000000000000000000, 0.000000000000000000, 0.000000000000000000 ) ) ;
#1550 = VERTEX_POINT ( 'NONE', #72 ) ;
#1551 = DIRECTION ( 'NONE',  ( -1.000000000000000000, 0.000000000000000000, 0.000000000000000000 ) ) ;
#1552 = AXIS2_PLACEMENT_3D ( 'NONE', #206, #1073, #468 ) ;
#1553 = EDGE_CURVE ( 'NONE', #1575, #1754, #2396, .T. ) ;
#1554 = CARTESIAN_POINT ( 'NONE',  ( 0.000000000000000000, 0.000000000000000000, 0.5000000000000134337 ) ) ;
#1555 = CARTESIAN_POINT ( 'NONE',  ( 17.94345803461153110, 2.612688547621888978E-13, 0.5000000000000134337 ) ) ;
#1556 = DIRECTION ( 'NONE',  ( 0.000000000000000000, 0.000000000000000000, 1.000000000000000000 ) ) ;
#1557 = CARTESIAN_POINT ( 'NONE',  ( -19.50764199121964637, -4.410431264899632886, 6.000000000000025757 ) ) ;
#1558 = EDGE_LOOP ( 'NONE', ( #957, #2213, #1384, #223 ) ) ;
#1559 = PLANE ( 'NONE',  #1552 ) ;
#1560 = CARTESIAN_POINT ( 'NONE',  ( 13.51976252923366317, -14.51182774010517029, 6.166427600579146073 ) ) ;
#1561 = ORIENTED_EDGE ( 'NONE', *, *, #2513, .F. ) ;
#1562 = CARTESIAN_POINT ( 'NONE',  ( 14.60166831620476380, -12.47172901730556482, 6.000000000000026645 ) ) ;
#1563 = ORIENTED_EDGE ( 'NONE', *, *, #2029, .F. ) ;
#1564 = CARTESIAN_POINT ( 'NONE',  ( 14.68889789987862038, -13.57336651265785221, 3.250000000000000888 ) ) ;
#1565 = DIRECTION ( 'NONE',  ( 1.000000000000000000, 0.000000000000000000, 0.000000000000000000 ) ) ;
#1566 = CARTESIAN_POINT ( 'NONE',  ( 0.000000000000000000, 0.000000000000000000, 0.5000000000000134337 ) ) ;
#1567 = CIRCLE ( 'NONE', #2304, 7.499999999999971578 ) ;
#1568 = CARTESIAN_POINT ( 'NONE',  ( 1.540000000000000258, -1.540000000000000036, 6.500000000000000000 ) ) ;
#1569 = ADVANCED_FACE ( 'NONE', ( #465 ), #1322, .F. ) ;
#1570 = FACE_OUTER_BOUND ( 'NONE', #613, .T. ) ;
#1571 = ORIENTED_EDGE ( 'NONE', *, *, #960, .T. ) ;
#1572 = DIRECTION ( 'NONE',  ( 0.000000000000000000, 0.000000000000000000, -1.000000000000000000 ) ) ;
#1573 = CARTESIAN_POINT ( 'NONE',  ( -13.57336651265800498, 14.68889789987848005, 3.250000000000000888 ) ) ;
#1574 = CC_DESIGN_DATE_AND_TIME_ASSIGNMENT ( #1709, #1957, ( #2758 ) ) ;
#1575 = VERTEX_POINT ( 'NONE', #2489 ) ;
#1576 = CARTESIAN_POINT ( 'NONE',  ( 0.000000000000000000, 0.000000000000000000, 6.500000000000000000 ) ) ;
#1577 = ORIENTED_EDGE ( 'NONE', *, *, #2367, .F. ) ;
#1578 = DIRECTION ( 'NONE',  ( -1.000000000000000000, 0.000000000000000000, 0.000000000000000000 ) ) ;
#1579 = CARTESIAN_POINT ( 'NONE',  ( 4.410431264899563608, -19.50764199121966058, 6.000000000000025757 ) ) ;
#1580 = DIRECTION ( 'NONE',  ( -0.000000000000000000, -0.000000000000000000, 1.000000000000000000 ) ) ;
#1581 = CARTESIAN_POINT ( 'NONE',  ( 14.16017394953060915, 13.40669510800677422, 6.500000000000000000 ) ) ;
#1582 = CONICAL_SURFACE ( 'NONE', #1459, 6.999999999999999112, 0.7853981633974466137 ) ;
#1583 = AXIS2_PLACEMENT_3D ( 'NONE', #153, #379, #1247 ) ;
#1584 = ORIENTED_EDGE ( 'NONE', *, *, #983, .T. ) ;
#1585 = VERTEX_POINT ( 'NONE', #1832 ) ;
#1586 = B_SPLINE_CURVE_WITH_KNOTS ( 'NONE', 3,
 ( #2350, #2116, #814, #2547 ),
 .UNSPECIFIED., .F., .F.,
 ( 4, 4 ),
 ( 0.000000000000000000, 0.0007465442872326788579 ),
 .UNSPECIFIED. ) ;
#1587 = CARTESIAN_POINT ( 'NONE',  ( -21.60166831620459860, -12.47172901730586680, 6.000000000000026645 ) ) ;
#1588 = CARTESIAN_POINT ( 'NONE',  ( 13.57336651265810801, -14.68889789987838590, 6.000000000000025757 ) ) ;
#1589 = AXIS2_PLACEMENT_3D ( 'NONE', #2355, #2381, #1502 ) ;
#1590 = ORIENTED_EDGE ( 'NONE', *, *, #2544, .F. ) ;
#1591 = CARTESIAN_POINT ( 'NONE',  ( -4.410431264899563608, 19.50764199121966058, 0.5000000000000143219 ) ) ;
#1592 = AXIS2_PLACEMENT_3D ( 'NONE', #408, #239, #1945 ) ;
#1593 = EDGE_LOOP ( 'NONE', ( #2164, #1731, #927, #58 ) ) ;
#1594 = AXIS2_PLACEMENT_3D ( 'NONE', #50, #646, #862 ) ;
#1595 = CARTESIAN_POINT ( 'NONE',  ( 12.47172901730594141, -21.60166831620454886, 6.000000000000026645 ) ) ;
#1596 = CYLINDRICAL_SURFACE ( 'NONE', #738, 20.00000000000000000 ) ;
#1597 = ADVANCED_FACE ( 'NONE', ( #356 ), #2298, .F. ) ;
#1598 = DIRECTION ( 'NONE',  ( 1.000000000000000000, 0.000000000000000000, 0.000000000000000000 ) ) ;
#1599 = CARTESIAN_POINT ( 'NONE',  ( -18.96641791630355911, -4.530451569560963065, 6.500000000000000000 ) ) ;
#1600 = ORIENTED_EDGE ( 'NONE', *, *, #1686, .T. ) ;
#1601 = VERTEX_POINT ( 'NONE', #2690 ) ;
#1602 = APPLICATION_CONTEXT ( 'configuration controlled 3d designs of mechanical parts and assemblies' ) ;
#1603 = CARTESIAN_POINT ( 'NONE',  ( 4.410431264899563608, 19.50764199121966058, 0.5000000000000143219 ) ) ;
#1604 = FACE_OUTER_BOUND ( 'NONE', #20, .T. ) ;
#1605 = EDGE_CURVE ( 'NONE', #2272, #656, #1419, .T. ) ;
#1606 = ORIENTED_EDGE ( 'NONE', *, *, #2671, .T. ) ;
#1607 = CC_DESIGN_PERSON_AND_ORGANIZATION_ASSIGNMENT ( #866, #2172, ( #435 ) ) ;
#1608 = EDGE_CURVE ( 'NONE', #1735, #1884, #1396, .T. ) ;
#1609 = LINE ( 'NONE', #2070, #512 ) ;
#1610 = VERTEX_POINT ( 'NONE', #782 ) ;
#1611 = CARTESIAN_POINT ( 'NONE',  ( -1.040000000000000036, -1.040000000000000480, 6.500000000000000000 ) ) ;
#1612 = CARTESIAN_POINT ( 'NONE',  ( 24.94345803461153110, 2.612688547621888978E-13, 6.000000000000026645 ) ) ;
#1613 = LINE ( 'NONE', #1833, #2406 ) ;
#1614 = VERTEX_POINT ( 'NONE', #1435 ) ;
#1615 = ORIENTED_EDGE ( 'NONE', *, *, #2599, .T. ) ;
#1616 = DIRECTION ( 'NONE',  ( 0.000000000000000000, 0.000000000000000000, -1.000000000000000000 ) ) ;
#1617 = CARTESIAN_POINT ( 'NONE',  ( 14.68889789987862038, -13.57336651265785221, 6.000000000000025757 ) ) ;
#1618 = B_SPLINE_CURVE_WITH_KNOTS ( 'NONE', 3,
 ( #1471, #2408, #2638, #193 ),
 .UNSPECIFIED., .F., .F.,
 ( 4, 4 ),
 ( 0.000000000000000000, 0.0007465442872331998171 ),
 .UNSPECIFIED. ) ;
#1619 = ADVANCED_FACE ( 'NONE', ( #2313 ), #1239, .T. ) ;
#1620 = AXIS2_PLACEMENT_3D ( 'NONE', #2550, #1514, #1477 ) ;
#1621 = ORIENTED_EDGE ( 'NONE', *, *, #1217, .F. ) ;
#1622 = CARTESIAN_POINT ( 'NONE',  ( 0.000000000000000000, 24.94345803461153110, 6.000000000000026645 ) ) ;
#1623 = EDGE_LOOP ( 'NONE', ( #2301, #2746, #2593, #1899 ) ) ;
#1624 = EDGE_CURVE ( 'NONE', #2455, #2302, #1654, .T. ) ;
#1625 = CARTESIAN_POINT ( 'NONE',  ( -21.60166831620468031, 12.47172901730571581, 6.500000000000000000 ) ) ;
#1626 = CARTESIAN_POINT ( 'NONE',  ( 0.000000000000000000, 0.000000000000000000, 0.5000000000000134337 ) ) ;
#1627 = DIRECTION ( 'NONE',  ( 0.000000000000000000, 0.000000000000000000, 1.000000000000000000 ) ) ;
#1628 = DIRECTION ( 'NONE',  ( -0.000000000000000000, -0.000000000000000000, -1.000000000000000000 ) ) ;
#1629 = ORIENTED_EDGE ( 'NONE', *, *, #2291, .T. ) ;
#1630 = ORIENTED_EDGE ( 'NONE', *, *, #2628, .F. ) ;
#1631 = CARTESIAN_POINT ( 'NONE',  ( 24.94345803461153110, 2.612688547621888978E-13, 6.500000000000000000 ) ) ;
#1632 = DIRECTION ( 'NONE',  ( 0.000000000000000000, 0.000000000000000000, -1.000000000000000000 ) ) ;
#1633 = CONICAL_SURFACE ( 'NONE', #1136, 6.999999999999999112, 0.7853981633974533860 ) ;
#1634 = ORIENTED_EDGE ( 'NONE', *, *, #1164, .F. ) ;
#1635 = DIRECTION ( 'NONE',  ( 0.000000000000000000, 0.000000000000000000, 1.000000000000000000 ) ) ;
#1636 = VERTEX_POINT ( 'NONE', #1190 ) ;
#1637 = CONICAL_SURFACE ( 'NONE', #154, 6.999999999999999112, 0.7853981633974473908 ) ;
#1638 = LINE ( 'NONE', #2488, #1388 ) ;
#1639 = CONICAL_SURFACE ( 'NONE', #381, 6.999999999999999112, 0.7853981633974517207 ) ;
#1640 = CARTESIAN_POINT ( 'NONE',  ( -21.60166831620459860, -12.47172901730586680, 6.000000000000026645 ) ) ;
#1641 =( LENGTH_UNIT ( ) NAMED_UNIT ( * ) SI_UNIT ( .MILLI., .METRE. ) );
#1642 = CONICAL_SURFACE ( 'NONE', #690, 19.50000000000003197, 0.7853981633974447263 ) ;
#1643 = DIRECTION ( 'NONE',  ( 0.000000000000000000, 0.000000000000000000, -1.000000000000000000 ) ) ;
#1644 = ORIENTED_EDGE ( 'NONE', *, *, #1448, .F. ) ;
#1645 = EDGE_LOOP ( 'NONE', ( #2317, #352, #1456, #1590 ) ) ;
#1646 = CARTESIAN_POINT ( 'NONE',  ( 12.47172901730548844, 21.60166831620480821, 0.5000000000000134337 ) ) ;
#1647 = AXIS2_PLACEMENT_3D ( 'NONE', #1, #821, #622 ) ;
#1648 = CIRCLE ( 'NONE', #1153, 6.999999999999999112 ) ;
#1649 = EDGE_LOOP ( 'NONE', ( #918, #2750, #1750, #1853 ) ) ;
#1650 = CONICAL_SURFACE ( 'NONE', #292, 19.50000000000003197, 0.7853981633974447263 ) ;
#1651 = CARTESIAN_POINT ( 'NONE',  ( 0.000000000000000000, 0.000000000000000000, 6.500000000000000000 ) ) ;
#1652 = ADVANCED_FACE ( 'NONE', ( #524 ), #1637, .F. ) ;
#1653 = ORIENTED_EDGE ( 'NONE', *, *, #2741, .F. ) ;
#1654 = B_SPLINE_CURVE_WITH_KNOTS ( 'NONE', 3,
 ( #1163, #1207, #2073, #1177 ),
 .UNSPECIFIED., .F., .F.,
 ( 4, 4 ),
 ( 0.000000000000000000, 0.0007465442872330711223 ),
 .UNSPECIFIED. ) ;
#1655 = DIRECTION ( 'NONE',  ( 0.000000000000000000, 0.000000000000000000, -1.000000000000000000 ) ) ;
#1656 = CARTESIAN_POINT ( 'NONE',  ( -12.47172901730563943, -21.60166831620472294, 6.500000000000000000 ) ) ;
#1657 = DIRECTION ( 'NONE',  ( 1.000000000000000000, 0.000000000000000000, 0.000000000000000000 ) ) ;
#1658 = CARTESIAN_POINT ( 'NONE',  ( 0.000000000000000000, 0.000000000000000000, 6.500000000000000000 ) ) ;
#1659 = ORIENTED_EDGE ( 'NONE', *, *, #1963, .F. ) ;
#1660 = VECTOR ( 'NONE', #464, 1000.000000000000000 ) ;
#1661 = ORIENTED_EDGE ( 'NONE', *, *, #580, .T. ) ;
#1662 = CARTESIAN_POINT ( 'NONE',  ( 14.33559363244247109, -13.46415496875003015, 6.333111791890251752 ) ) ;
#1663 = EDGE_CURVE ( 'NONE', #2574, #1601, #779, .T. ) ;
#1664 = ORIENTED_EDGE ( 'NONE', *, *, #207, .T. ) ;
#1665 = DIRECTION ( 'NONE',  ( -0.000000000000000000, -0.000000000000000000, -1.000000000000000000 ) ) ;
#1666 = ADVANCED_FACE ( 'NONE', ( #2719 ), #2052, .F. ) ;
#1667 = CIRCLE ( 'NONE', #2790, 7.000000000000000000 ) ;
#1668 = EDGE_CURVE ( 'NONE', #2644, #1869, #1221, .T. ) ;
#1669 = ORIENTED_EDGE ( 'NONE', *, *, #1349, .F. ) ;
#1670 = CIRCLE ( 'NONE', #816, 7.499999999999971578 ) ;
#1671 = DIRECTION ( 'NONE',  ( -0.000000000000000000, 0.000000000000000000, 1.000000000000000000 ) ) ;
#1672 = DIRECTION ( 'NONE',  ( 0.000000000000000000, 0.000000000000000000, 1.000000000000000000 ) ) ;
#1673 = ORIENTED_EDGE ( 'NONE', *, *, #2655, .T. ) ;
#1674 = CARTESIAN_POINT ( 'NONE',  ( 13.57336651265810801, -14.68889789987838590, 0.5000000000000143219 ) ) ;
#1675 = DIRECTION ( 'NONE',  ( -0.000000000000000000, -0.000000000000000000, -1.000000000000000000 ) ) ;
#1676 = VERTEX_POINT ( 'NONE', #1814 ) ;
#1677 = DIRECTION ( 'NONE',  ( -1.000000000000000000, 0.000000000000000000, 0.000000000000000000 ) ) ;
#1678 = ORIENTED_EDGE ( 'NONE', *, *, #2533, .T. ) ;
#1679 = CARTESIAN_POINT ( 'NONE',  ( 5.934275478561830575, -19.09932916477800902, 0.5000000000000143219 ) ) ;
#1680 = CONICAL_SURFACE ( 'NONE', #234, 6.999999999999999112, 0.7853981633974457255 ) ;
#1681 = CARTESIAN_POINT ( 'NONE',  ( 0.000000000000000000, 0.000000000000000000, 6.000000000000026645 ) ) ;
#1682 = MANIFOLD_SOLID_BREP ( 'Basisteil-tapping_tool-1', #2012 ) ;
#1683 = PERSON_AND_ORGANIZATION ( #18446744073709551615, #18446744073709551615 ) ;
#1684 = DIRECTION ( 'NONE',  ( 0.000000000000000000, 0.000000000000000000, 1.000000000000000000 ) ) ;
#1685 = LINE ( 'NONE', #375, #1152 ) ;
#1686 = EDGE_CURVE ( 'NONE', #1739, #2574, #2141, .T. ) ;
#1687 = CARTESIAN_POINT ( 'NONE',  ( 0.000000000000000000, 24.94345803461153110, 0.000000000000000000 ) ) ;
#1688 = VECTOR ( 'NONE', #222, 1000.000000000000000 ) ;
#1689 = ORIENTED_EDGE ( 'NONE', *, *, #2166, .F. ) ;
#1690 = LINE ( 'NONE', #5, #870 ) ;
#1691 = PRODUCT_RELATED_PRODUCT_CATEGORY ( 'detail', '', ( #1297 ) ) ;
#1692 = ORIENTED_EDGE ( 'NONE', *, *, #2545, .T. ) ;
#1693 = CARTESIAN_POINT ( 'NONE',  ( 5.934275478561830575, -19.09932916477800902, 0.5000000000000143219 ) ) ;
#1694 = EDGE_CURVE ( 'NONE', #1575, #2068, #1144, .T. ) ;
#1695 = PRODUCT_DEFINITION_SHAPE ( 'NONE', 'NONE',  #2758 ) ;
#1696 = DIRECTION ( 'NONE',  ( 1.000000000000000000, 0.000000000000000000, -0.000000000000000000 ) ) ;
#1697 = CARTESIAN_POINT ( 'NONE',  ( 18.96641791630357332, -4.530451569560709935, 0.000000000000000000 ) ) ;
#1698 = DIRECTION ( 'NONE',  ( 1.000000000000000000, -1.776356839400250465E-14, 0.000000000000000000 ) ) ;
#1699 = CONICAL_SURFACE ( 'NONE', #2597, 19.50000000000003197, 0.7853981633974447263 ) ;
#1700 = CARTESIAN_POINT ( 'NONE',  ( -19.14706574840060682, 4.492503427206875344, 6.333111791890251752 ) ) ;
#1701 = ADVANCED_FACE ( 'NONE', ( #584 ), #1596, .T. ) ;
#1702 = VERTEX_POINT ( 'NONE', #1389 ) ;
#1703 = FACE_OUTER_BOUND ( 'NONE', #2707, .T. ) ;
#1704 = EDGE_CURVE ( 'NONE', #931, #574, #2026, .T. ) ;
#1705 = ORIENTED_EDGE ( 'NONE', *, *, #195, .T. ) ;
#1706 = CARTESIAN_POINT ( 'NONE',  ( -4.410431264899563608, 19.50764199121966058, 6.000000000000025757 ) ) ;
#1707 = AXIS2_PLACEMENT_3D ( 'NONE', #55, #693, #2393 ) ;
#1708 = DIRECTION ( 'NONE',  ( -1.000000000000000000, 0.000000000000000000, 0.000000000000000000 ) ) ;
#1709 = DATE_AND_TIME ( #768, #2697 ) ;
#1710 = ADVANCED_FACE ( 'NONE', ( #954 ), #685, .T. ) ;
#1711 = CARTESIAN_POINT ( 'NONE',  ( -14.33559363244225615, -13.46415496875021311, 0.1668882081097596559 ) ) ;
#1712 = DIRECTION ( 'NONE',  ( 1.000000000000000000, 0.000000000000000000, 0.000000000000000000 ) ) ;
#1713 = CARTESIAN_POINT ( 'NONE',  ( 0.000000000000000000, 0.000000000000000000, 6.500000000000000000 ) ) ;
#1714 = ORIENTED_EDGE ( 'NONE', *, *, #631, .F. ) ;
#1715 = CARTESIAN_POINT ( 'NONE',  ( -5.934275478561560568, -19.09932916477809428, 6.000000000000025757 ) ) ;
#1716 = VERTEX_POINT ( 'NONE', #116 ) ;
#1717 = CARTESIAN_POINT ( 'NONE',  ( 1.040000000000000036, -1.040000000000000258, 5.999999999999999112 ) ) ;
#1718 = AXIS2_PLACEMENT_3D ( 'NONE', #2263, #2248, #96 ) ;
#1719 = CIRCLE ( 'NONE', #2444, 19.49999999999998224 ) ;
#1720 = DIRECTION ( 'NONE',  ( -0.000000000000000000, -0.000000000000000000, -1.000000000000000000 ) ) ;
#1721 = AXIS2_PLACEMENT_3D ( 'NONE', #1443, #592, #337 ) ;
#1722 = ORIENTED_EDGE ( 'NONE', *, *, #1553, .T. ) ;
#1723 = LINE ( 'NONE', #883, #421 ) ;
#1724 = AXIS2_PLACEMENT_3D ( 'NONE', #1046, #445, #2366 ) ;
#1725 = EDGE_CURVE ( 'NONE', #1323, #956, #1098, .T. ) ;
#1726 = CARTESIAN_POINT ( 'NONE',  ( 1.040000000000000036, -1.040000000000000258, 6.500000000000000000 ) ) ;
#1727 = DIRECTION ( 'NONE',  ( 0.000000000000000000, 1.000000000000000000, 0.000000000000000000 ) ) ;
#1728 = CARTESIAN_POINT ( 'NONE',  ( -1.040000000000000036, -1.040000000000000480, 5.999999999999999112 ) ) ;
#1729 = VECTOR ( 'NONE', #2568, 1000.000000000000000 ) ;
#1730 = CIRCLE ( 'NONE', #2771, 20.00000000000000000 ) ;
#1731 = ORIENTED_EDGE ( 'NONE', *, *, #960, .F. ) ;
#1732 = CARTESIAN_POINT ( 'NONE',  ( 0.000000000000000000, 0.000000000000000000, 0.000000000000000000 ) ) ;
#1733 = CIRCLE ( 'NONE', #880, 7.500000000000016875 ) ;
#1734 = EDGE_CURVE ( 'NONE', #322, #2138, #358, .T. ) ;
#1735 = VERTEX_POINT ( 'NONE', #541 ) ;
#1736 = EDGE_CURVE ( 'NONE', #566, #518, #1054, .T. ) ;
#1737 = CIRCLE ( 'NONE', #248, 19.49999999999998579 ) ;
#1738 = FACE_OUTER_BOUND ( 'NONE', #134, .T. ) ;
#1739 = VERTEX_POINT ( 'NONE', #1848 ) ;
#1740 = CARTESIAN_POINT ( 'NONE',  ( -12.47172901730579042, 21.60166831620463768, 0.5000000000000134337 ) ) ;
#1741 = DATE_AND_TIME ( #1274, #1746 ) ;
#1742 = CARTESIAN_POINT ( 'NONE',  ( 21.60166831620450623, 12.47172901730601602, 0.5000000000000134337 ) ) ;
#1743 = CARTESIAN_POINT ( 'NONE',  ( -18.96641791630306173, -4.530451569560993264, 0.000000000000000000 ) ) ;
#1744 = B_SPLINE_CURVE_WITH_KNOTS ( 'NONE', 3,
 ( #2107, #2549, #1029, #611 ),
 .UNSPECIFIED., .F., .F.,
 ( 4, 4 ),
 ( 0.000000000000000000, 0.0007465442872326805927 ),
 .UNSPECIFIED. ) ;
#1745 = FACE_OUTER_BOUND ( 'NONE', #899, .T. ) ;
#1746 = LOCAL_TIME ( 19, 36, 23.00000000000000000, #184 ) ;
#1747 = ORIENTED_EDGE ( 'NONE', *, *, #1938, .F. ) ;
#1748 = CARTESIAN_POINT ( 'NONE',  ( -13.40669510800632303, -14.16017394953044573, 6.500000000000000000 ) ) ;
#1749 = EDGE_CURVE ( 'NONE', #1546, #1048, #917, .T. ) ;
#1750 = ORIENTED_EDGE ( 'NONE', *, *, #1816, .T. ) ;
#1751 = EDGE_CURVE ( 'NONE', #1406, #1735, #2631, .T. ) ;
#1752 = EDGE_CURVE ( 'NONE', #1335, #2708, #250, .T. ) ;
#1753 = DIRECTION ( 'NONE',  ( 0.000000000000000000, 0.000000000000000000, -1.000000000000000000 ) ) ;
#1754 = VERTEX_POINT ( 'NONE', #2119 ) ;
#1755 = FACE_OUTER_BOUND ( 'NONE', #1103, .T. ) ;
#1756 = CARTESIAN_POINT ( 'NONE',  ( -14.51182774010529464, 13.51976252923350508, 0.3335723994208816268 ) ) ;
#1757 = DIRECTION ( 'NONE',  ( 0.000000000000000000, 0.000000000000000000, 1.000000000000000000 ) ) ;
#1758 = CONICAL_SURFACE ( 'NONE', #671, 7.000000000000000000, 0.7853981633974473908 ) ;
#1759 = ORIENTED_EDGE ( 'NONE', *, *, #2067, .F. ) ;
#1760 = VERTEX_POINT ( 'NONE', #1238 ) ;
#1761 = CARTESIAN_POINT ( 'NONE',  ( 14.68889789987833794, 13.57336651265816130, 0.5000000000000143219 ) ) ;
#1762 = ORIENTED_EDGE ( 'NONE', *, *, #1285, .T. ) ;
#1763 = EDGE_CURVE ( 'NONE', #2458, #76, #2499, .T. ) ;
#1764 = FACE_OUTER_BOUND ( 'NONE', #392, .T. ) ;
#1765 = ORIENTED_EDGE ( 'NONE', *, *, #873, .T. ) ;
#1766 = LINE ( 'NONE', #40, #1192 ) ;
#1767 = B_SPLINE_CURVE_WITH_KNOTS ( 'NONE', 3,
 ( #1904, #1027, #1890, #386 ),
 .UNSPECIFIED., .F., .F.,
 ( 4, 4 ),
 ( 0.000000000000000000, 0.0007465442872330040102 ),
 .UNSPECIFIED. ) ;
#1768 = CARTESIAN_POINT ( 'NONE',  ( -14.33559363244204121, -13.46415496875014917, 6.333111791890485343 ) ) ;
#1769 = CARTESIAN_POINT ( 'NONE',  ( -21.60166831620459860, -12.47172901730586680, 0.5000000000000134337 ) ) ;
#1770 = CARTESIAN_POINT ( 'NONE',  ( 1.040000000000000036, 1.040000000000000036, 5.999999999999999112 ) ) ;
#1771 = CARTESIAN_POINT ( 'NONE',  ( -5.807730213658130580, 18.96437167350181952, 0.3335723994208816268 ) ) ;
#1772 = VERTEX_POINT ( 'NONE', #118 ) ;
#1773 = ORIENTED_EDGE ( 'NONE', *, *, #976, .F. ) ;
#1774 = CARTESIAN_POINT ( 'NONE',  ( 24.94345803461153110, 2.612688547621888978E-13, 6.500000000000000000 ) ) ;
#1775 = CARTESIAN_POINT ( 'NONE',  ( 12.47172901730548844, 21.60166831620480821, 6.000000000000026645 ) ) ;
#1776 = AXIS2_PLACEMENT_3D ( 'NONE', #999, #1643, #1210 ) ;
#1777 = ORIENTED_EDGE ( 'NONE', *, *, #1736, .F. ) ;
#1778 = AXIS2_PLACEMENT_3D ( 'NONE', #87, #1815, #2679 ) ;
#1779 = CONICAL_SURFACE ( 'NONE', #793, 6.999999999999999112, 0.7853981633974533860 ) ;
#1780 = DIRECTION ( 'NONE',  ( 0.000000000000000000, 0.000000000000000000, -1.000000000000000000 ) ) ;
#1781 = ORIENTED_EDGE ( 'NONE', *, *, #139, .F. ) ;
#1782 = DIRECTION ( 'NONE',  ( -1.000000000000000000, 0.000000000000000000, 0.000000000000000000 ) ) ;
#1783 = EDGE_CURVE ( 'NONE', #2529, #2458, #879, .T. ) ;
#1784 = AXIS2_PLACEMENT_3D ( 'NONE', #2776, #2351, #409 ) ;
#1785 = CIRCLE ( 'NONE', #519, 6.999999999999999112 ) ;
#1786 = AXIS2_PLACEMENT_3D ( 'NONE', #853, #2534, #2556 ) ;
#1787 = CARTESIAN_POINT ( 'NONE',  ( 21.60166831620450623, 12.47172901730601602, 6.000000000000026645 ) ) ;
#1788 = CARTESIAN_POINT ( 'NONE',  ( 13.46415496874988982, 14.33559363244224016, 0.1668882081095287295 ) ) ;
#1789 = EDGE_CURVE ( 'NONE', #533, #466, #1422, .T. ) ;
#1790 = PLANE ( 'NONE',  #1465 ) ;
#1791 = ORIENTED_EDGE ( 'NONE', *, *, #2569, .F. ) ;
#1792 = DIRECTION ( 'NONE',  ( 1.000000000000000000, 0.000000000000000000, 0.000000000000000000 ) ) ;
#1793 = EDGE_CURVE ( 'NONE', #113, #2608, #2042, .T. ) ;
#1794 = DIRECTION ( 'NONE',  ( -0.000000000000000000, -0.000000000000000000, -1.000000000000000000 ) ) ;
#1795 = ORIENTED_EDGE ( 'NONE', *, *, #2745, .T. ) ;
#1796 = DIRECTION ( 'NONE',  ( 1.000000000000000000, 0.000000000000000000, 0.000000000000000000 ) ) ;
#1797 = EDGE_CURVE ( 'NONE', #119, #931, #2005, .T. ) ;
#1798 = DIRECTION ( 'NONE',  ( 1.000000000000000000, 0.000000000000000000, 0.000000000000000000 ) ) ;
#1799 = ORIENTED_EDGE ( 'NONE', *, *, #1734, .F. ) ;
#1800 = CYLINDRICAL_SURFACE ( 'NONE', #1583, 7.000000000000000000 ) ;
#1801 = CARTESIAN_POINT ( 'NONE',  ( 13.51976252923369692, -14.51182774010527687, 0.3335723994209979226 ) ) ;
#1802 = CARTESIAN_POINT ( 'NONE',  ( 14.68889789987833794, 13.57336651265816130, 3.250000000000000888 ) ) ;
#1803 = CARTESIAN_POINT ( 'NONE',  ( 5.934275478561427342, 19.09932916477813336, 0.5000000000000143219 ) ) ;
#1804 = EDGE_CURVE ( 'NONE', #2620, #2037, #572, .T. ) ;
#1805 = CARTESIAN_POINT ( 'NONE',  ( -19.14706574840032616, -4.492503427207065414, 6.333111791890485343 ) ) ;
#1806 = ORIENTED_EDGE ( 'NONE', *, *, #2024, .F. ) ;
#1807 = ORIENTED_EDGE ( 'NONE', *, *, #2050, .F. ) ;
#1808 = CYLINDRICAL_SURFACE ( 'NONE', #1834, 6.999999999999999112 ) ;
#1809 = CARTESIAN_POINT ( 'NONE',  ( -13.57336651265800498, 14.68889789987848005, 6.000000000000025757 ) ) ;
#1810 = ORIENTED_EDGE ( 'NONE', *, *, #1804, .T. ) ;
#1811 = DIRECTION ( 'NONE',  ( -1.000000000000000000, 0.000000000000000000, 0.000000000000000000 ) ) ;
#1812 = ORIENTED_EDGE ( 'NONE', *, *, #2295, .F. ) ;
#1813 = CARTESIAN_POINT ( 'NONE',  ( -1.040000000000000036, 1.039999999999999591, 0.5000000000000091038 ) ) ;
#1814 = CARTESIAN_POINT ( 'NONE',  ( -14.16017394953039954, 13.40669510800636743, 6.500000000000000000 ) ) ;
#1815 = DIRECTION ( 'NONE',  ( 0.000000000000000000, 0.000000000000000000, 1.000000000000000000 ) ) ;
#1816 = EDGE_CURVE ( 'NONE', #466, #2138, #327, .T. ) ;
#1817 = VECTOR ( 'NONE', #1270, 1000.000000000000000 ) ;
#1818 = ORIENTED_EDGE ( 'NONE', *, *, #2049, .F. ) ;
#1819 = ORIENTED_EDGE ( 'NONE', *, *, #1217, .T. ) ;
#1820 = PLANE ( 'NONE',  #385 ) ;
#1821 = LINE ( 'NONE', #1573, #6 ) ;
#1822 = ADVANCED_FACE ( 'NONE', ( #2088 ), #2331, .F. ) ;
#1823 = VECTOR ( 'NONE', #2767, 1000.000000000000000 ) ;
#1824 = ORIENTED_EDGE ( 'NONE', *, *, #349, .F. ) ;
#1825 = B_SPLINE_CURVE_WITH_KNOTS ( 'NONE', 3,
 ( #1412, #2261, #1842, #2008 ),
 .UNSPECIFIED., .F., .F.,
 ( 4, 4 ),
 ( 0.000000000000000000, 0.0007465442872330052028 ),
 .UNSPECIFIED. ) ;
#1826 = EDGE_CURVE ( 'NONE', #82, #1313, #2360, .T. ) ;
#1827 = DIRECTION ( 'NONE',  ( 1.000000000000000000, 0.000000000000000000, 0.000000000000000000 ) ) ;
#1828 = CONICAL_SURFACE ( 'NONE', #1019, 7.000000000000000000, 0.7853981633974473908 ) ;
#1829 = ORIENTED_EDGE ( 'NONE', *, *, #1110, .T. ) ;
#1830 = AXIS2_PLACEMENT_3D ( 'NONE', #1979, #1941, #1780 ) ;
#1831 = DIRECTION ( 'NONE',  ( -0.000000000000000000, -0.000000000000000000, -1.000000000000000000 ) ) ;
#1832 = CARTESIAN_POINT ( 'NONE',  ( -1.540000000000000258, 1.539999999999999813, 0.000000000000000000 ) ) ;
#1833 = CARTESIAN_POINT ( 'NONE',  ( -17.94345803461153110, -8.708961825406298277E-14, 6.000000000000026645 ) ) ;
#1834 = AXIS2_PLACEMENT_3D ( 'NONE', #1631, #2468, #330 ) ;
#1835 = DIRECTION ( 'NONE',  ( -1.000000000000000000, 0.000000000000000000, 0.000000000000000000 ) ) ;
#1836 = ORIENTED_EDGE ( 'NONE', *, *, #826, .T. ) ;
#1837 = ORIENTED_EDGE ( 'NONE', *, *, #1165, .F. ) ;
#1838 = CARTESIAN_POINT ( 'NONE',  ( 5.559722808296726271, 18.69062551909173564, 6.500000000000000000 ) ) ;
#1839 = DIRECTION ( 'NONE',  ( -1.000000000000000000, 0.000000000000000000, 0.000000000000000000 ) ) ;
#1840 = ORIENTED_EDGE ( 'NONE', *, *, #1401, .F. ) ;
#1841 = EDGE_CURVE ( 'NONE', #1946, #2523, #1871, .T. ) ;
#1842 = CARTESIAN_POINT ( 'NONE',  ( -5.682910779650451438, 18.82809705964928071, 6.333111791890251752 ) ) ;
#1843 = ORIENTED_EDGE ( 'NONE', *, *, #1608, .F. ) ;
#1844 = EDGE_CURVE ( 'NONE', #931, #1335, #1368, .T. ) ;
#1845 = CARTESIAN_POINT ( 'NONE',  ( 4.530451569560898228, -18.96641791630357332, 6.500000000000000000 ) ) ;
#1846 = CARTESIAN_POINT ( 'NONE',  ( -18.82809705964927360, 5.682910779650364397, 0.1668882081097614323 ) ) ;
#1847 = COORDINATED_UNIVERSAL_TIME_OFFSET ( 1, 0, .AHEAD. ) ;
#1848 = CARTESIAN_POINT ( 'NONE',  ( -18.96641791630353779, 4.530451569560837832, 0.000000000000000000 ) ) ;
#1849 = EDGE_LOOP ( 'NONE', ( #1246, #2221, #1722, #2675 ) ) ;
#1850 = ORIENTED_EDGE ( 'NONE', *, *, #2711, .T. ) ;
#1851 = FACE_OUTER_BOUND ( 'NONE', #470, .T. ) ;
#1852 = CARTESIAN_POINT ( 'NONE',  ( -19.50764199121967479, 4.410431264899494330, 0.5000000000000143219 ) ) ;
#1853 = ORIENTED_EDGE ( 'NONE', *, *, #487, .T. ) ;
#1854 = CARTESIAN_POINT ( 'NONE',  ( 4.530451569560907998, 18.96641791630352714, 0.000000000000000000 ) ) ;
#1855 = CARTESIAN_POINT ( 'NONE',  ( 13.46415496874997864, 14.33559363244251905, 6.333111791890250863 ) ) ;
#1856 = ORIENTED_EDGE ( 'NONE', *, *, #115, .T. ) ;
#1857 = EDGE_CURVE ( 'NONE', #2031, #2426, #1767, .T. ) ;
#1858 = DIRECTION ( 'NONE',  ( 0.000000000000000000, 0.000000000000000000, -1.000000000000000000 ) ) ;
#1859 = CARTESIAN_POINT ( 'NONE',  ( -18.96437167350193675, 5.807730213658154561, 0.3335723994209978671 ) ) ;
#1860 = FACE_OUTER_BOUND ( 'NONE', #1439, .T. ) ;
#1861 = CARTESIAN_POINT ( 'NONE',  ( 18.96437167350176622, 5.807730213658327756, 0.3335723994208820709 ) ) ;
#1862 = ORIENTED_EDGE ( 'NONE', *, *, #2050, .T. ) ;
#1863 = EDGE_LOOP ( 'NONE', ( #2133, #1365, #2121, #1829 ) ) ;
#1864 = CIRCLE ( 'NONE', #2441, 7.500000000000020428 ) ;
#1865 = CARTESIAN_POINT ( 'NONE',  ( -5.934275478561695571, 19.09932916477805165, 0.5000000000000143219 ) ) ;
#1866 = AXIS2_PLACEMENT_3D ( 'NONE', #1341, #264, #1510 ) ;
#1867 = ORIENTED_EDGE ( 'NONE', *, *, #2372, .T. ) ;
#1868 = DIRECTION ( 'NONE',  ( -0.000000000000000000, -0.000000000000000000, 1.000000000000000000 ) ) ;
#1869 = VERTEX_POINT ( 'NONE', #160 ) ;
#1870 = APPROVAL ( #2598, 'Deckungsgleich' ) ;
#1871 = CIRCLE ( 'NONE', #2583, 19.49999999999998224 ) ;
#1872 = CARTESIAN_POINT ( 'NONE',  ( 0.000000000000000000, 0.000000000000000000, 0.5000000000000134337 ) ) ;
#1873 = VECTOR ( 'NONE', #520, 1000.000000000000000 ) ;
#1874 = CARTESIAN_POINT ( 'NONE',  ( -21.60166831620468031, 12.47172901730571581, 6.000000000000026645 ) ) ;
#1875 = FACE_OUTER_BOUND ( 'NONE', #1649, .T. ) ;
#1876 = CARTESIAN_POINT ( 'NONE',  ( -13.51976252923345534, -14.51182774010533905, 0.3335723994208810717 ) ) ;
#1877 = ORIENTED_EDGE ( 'NONE', *, *, #2151, .T. ) ;
#1878 = VERTEX_POINT ( 'NONE', #1253 ) ;
#1879 = EDGE_CURVE ( 'NONE', #858, #931, #213, .T. ) ;
#1880 = CARTESIAN_POINT ( 'NONE',  ( -19.32749274289166408, 4.452543933396498232, 0.3335723994208816268 ) ) ;
#1881 = EDGE_CURVE ( 'NONE', #322, #1585, #172, .T. ) ;
#1882 = CIRCLE ( 'NONE', #2642, 19.50000000000003197 ) ;
#1883 = AXIS2_PLACEMENT_3D ( 'NONE', #1742, #2600, #665 ) ;
#1884 = VERTEX_POINT ( 'NONE', #212 ) ;
#1885 = CIRCLE ( 'NONE', #702, 20.00000000000000000 ) ;
#1886 = DIRECTION ( 'NONE',  ( 0.000000000000000000, 0.000000000000000000, -1.000000000000000000 ) ) ;
#1887 = ORIENTED_EDGE ( 'NONE', *, *, #2431, .T. ) ;
#1888 = CARTESIAN_POINT ( 'NONE',  ( 1.040000000000000036, -1.040000000000000258, 0.5000000000000073275 ) ) ;
#1889 = CARTESIAN_POINT ( 'NONE',  ( 14.16017394953055941, 13.40669510800675646, 0.000000000000000000 ) ) ;
#1890 = CARTESIAN_POINT ( 'NONE',  ( 4.492503427206944622, 19.14706574840059261, 6.333111791890251752 ) ) ;
#1891 = VERTEX_POINT ( 'NONE', #2548 ) ;
#1892 = AXIS2_PLACEMENT_3D ( 'NONE', #1554, #2377, #2630 ) ;
#1893 = LINE ( 'NONE', #1485, #2149 ) ;
#1894 = FACE_OUTER_BOUND ( 'NONE', #204, .T. ) ;
#1895 = FACE_OUTER_BOUND ( 'NONE', #588, .T. ) ;
#1896 = ORIENTED_EDGE ( 'NONE', *, *, #229, .F. ) ;
#1897 = DIRECTION ( 'NONE',  ( 1.000000000000000000, 0.000000000000000000, 0.000000000000000000 ) ) ;
#1898 = AXIS2_PLACEMENT_3D ( 'NONE', #1031, #1455, #164 ) ;
#1899 = ORIENTED_EDGE ( 'NONE', *, *, #2545, .F. ) ;
#1900 = CARTESIAN_POINT ( 'NONE',  ( -4.410431264899563608, -19.50764199121966058, 6.000000000000025757 ) ) ;
#1901 = EDGE_CURVE ( 'NONE', #2179, #934, #2341, .T. ) ;
#1902 = CARTESIAN_POINT ( 'NONE',  ( -4.530451569560898228, 18.96641791630357332, 6.500000000000000000 ) ) ;
#1903 = FACE_OUTER_BOUND ( 'NONE', #2337, .T. ) ;
#1904 = CARTESIAN_POINT ( 'NONE',  ( 4.410431264899563608, 19.50764199121966058, 6.000000000000025757 ) ) ;
#1905 = ORIENTED_EDGE ( 'NONE', *, *, #1204, .F. ) ;
#1906 = LINE ( 'NONE', #1486, #624 ) ;
#1907 = ORIENTED_EDGE ( 'NONE', *, *, #1302, .F. ) ;
#1908 = DIRECTION ( 'NONE',  ( -0.000000000000000000, 0.000000000000000000, 1.000000000000000000 ) ) ;
#1909 = CARTESIAN_POINT ( 'NONE',  ( -4.410431264899563608, 19.50764199121966058, 3.250000000000000888 ) ) ;
#1910 = ADVANCED_FACE ( 'NONE', ( #1079 ), #2159, .F. ) ;
#1911 = ORIENTED_EDGE ( 'NONE', *, *, #657, .F. ) ;
#1912 = CARTESIAN_POINT ( 'NONE',  ( 5.807730213658266472, -18.96437167350178399, 0.3335723994208822929 ) ) ;
#1913 = CARTESIAN_POINT ( 'NONE',  ( 14.68889789987862038, -13.57336651265785221, 6.000000000000025757 ) ) ;
#1914 = VECTOR ( 'NONE', #86, 1000.000000000000000 ) ;
#1915 = CIRCLE ( 'NONE', #1962, 20.00000000000000000 ) ;
#1916 = EDGE_CURVE ( 'NONE', #2055, #1760, #1496, .T. ) ;
#1917 = DIRECTION ( 'NONE',  ( -0.000000000000000000, -0.000000000000000000, 1.000000000000000000 ) ) ;
#1918 = CARTESIAN_POINT ( 'NONE',  ( 21.60166831620450623, 12.47172901730601602, 0.5000000000000134337 ) ) ;
#1919 = CIRCLE ( 'NONE', #1866, 20.00000000000000000 ) ;
#1920 = AXIS2_PLACEMENT_3D ( 'NONE', #1102, #25, #251 ) ;
#1921 = ORIENTED_EDGE ( 'NONE', *, *, #1206, .F. ) ;
#1922 = CARTESIAN_POINT ( 'NONE',  ( 17.44345803461151334, 2.612688547621888978E-13, 0.000000000000000000 ) ) ;
#1923 = CIRCLE ( 'NONE', #1784, 7.499999999999971578 ) ;
#1924 = CONICAL_SURFACE ( 'NONE', #696, 6.999999999999999112, 0.7853981633974473908 ) ;
#1925 = CIRCLE ( 'NONE', #428, 19.50000000000003197 ) ;
#1926 = ORIENTED_EDGE ( 'NONE', *, *, #2655, .F. ) ;
#1927 = LINE ( 'NONE', #416, #1507 ) ;
#1928 = ADVANCED_FACE ( 'NONE', ( #1275, #28 ), #1307, .T. ) ;
#1929 = CARTESIAN_POINT ( 'NONE',  ( -4.530451569560922209, -18.96641791630312923, 6.500000000000000000 ) ) ;
#1930 = CARTESIAN_POINT ( 'NONE',  ( 14.16017394953084008, -13.40669510800646691, 0.000000000000000000 ) ) ;
#1931 = DATE_AND_TIME ( #633, #1515 ) ;
#1932 = CARTESIAN_POINT ( 'NONE',  ( -14.16017394953025921, -13.40669510800644559, 0.000000000000000000 ) ) ;
#1933 = ORIENTED_EDGE ( 'NONE', *, *, #2789, .F. ) ;
#1934 = CARTESIAN_POINT ( 'NONE',  ( -19.09932916477802323, -5.934275478561770178, 3.250000000000000888 ) ) ;
#1935 = ORIENTED_EDGE ( 'NONE', *, *, #189, .F. ) ;
#1936 = CARTESIAN_POINT ( 'NONE',  ( 0.000000000000000000, 0.000000000000000000, 0.5000000000000134337 ) ) ;
#1937 = ORIENTED_EDGE ( 'NONE', *, *, #1749, .F. ) ;
#1938 = EDGE_CURVE ( 'NONE', #103, #1891, #2281, .T. ) ;
#1939 = DIRECTION ( 'NONE',  ( 0.000000000000000000, 0.000000000000000000, 1.000000000000000000 ) ) ;
#1940 = AXIS2_PLACEMENT_3D ( 'NONE', #2287, #318, #2092 ) ;
#1941 = DIRECTION ( 'NONE',  ( 1.000000000000000000, 0.000000000000000000, 0.000000000000000000 ) ) ;
#1942 = AXIS2_PLACEMENT_3D ( 'NONE', #2602, #2618, #1332 ) ;
#1943 = ORIENTED_EDGE ( 'NONE', *, *, #998, .T. ) ;
#1944 = CARTESIAN_POINT ( 'NONE',  ( 0.000000000000000000, 0.000000000000000000, 6.000000000000026645 ) ) ;
#1945 = DIRECTION ( 'NONE',  ( 1.000000000000000000, 1.042502088928369658E-16, -0.000000000000000000 ) ) ;
#1946 = VERTEX_POINT ( 'NONE', #867 ) ;
#1947 = DIRECTION ( 'NONE',  ( -1.000000000000000000, 0.000000000000000000, 0.000000000000000000 ) ) ;
#1948 = CARTESIAN_POINT ( 'NONE',  ( -21.60166831620459860, -12.47172901730586680, 6.000000000000026645 ) ) ;
#1949 = EDGE_CURVE ( 'NONE', #2163, #533, #198, .T. ) ;
#1950 = ORIENTED_EDGE ( 'NONE', *, *, #1078, .T. ) ;
#1951 = DIRECTION ( 'NONE',  ( 1.000000000000000000, 0.000000000000000000, 0.000000000000000000 ) ) ;
#1952 = VERTEX_POINT ( 'NONE', #2584 ) ;
#1953 = CONICAL_SURFACE ( 'NONE', #729, 20.00000000000000000, 0.7853981633974526089 ) ;
#1954 = DIRECTION ( 'NONE',  ( -0.000000000000000000, -0.000000000000000000, -1.000000000000000000 ) ) ;
#1955 = EDGE_LOOP ( 'NONE', ( #726, #26, #1232, #593 ) ) ;
#1956 = FACE_OUTER_BOUND ( 'NONE', #1955, .T. ) ;
#1957 = DATE_TIME_ROLE ( 'creation_date' ) ;
#1958 = CIRCLE ( 'NONE', #2323, 6.999999999999999112 ) ;
#1959 = CARTESIAN_POINT ( 'NONE',  ( 19.50764199121970677, -4.410431264899358439, 0.5000000000000143219 ) ) ;
#1960 = CARTESIAN_POINT ( 'NONE',  ( 4.410431264899563608, 19.50764199121966058, 3.250000000000000888 ) ) ;
#1961 = DIRECTION ( 'NONE',  ( -1.000000000000000000, 0.000000000000000000, 0.000000000000000000 ) ) ;
#1962 = AXIS2_PLACEMENT_3D ( 'NONE', #1346, #1135, #2651 ) ;
#1963 = EDGE_CURVE ( 'NONE', #629, #1980, #1648, .T. ) ;
#1964 = EDGE_CURVE ( 'NONE', #1020, #360, #1293, .T. ) ;
#1965 = ORIENTED_EDGE ( 'NONE', *, *, #2665, .T. ) ;
#1966 = DIRECTION ( 'NONE',  ( 0.000000000000000000, 0.000000000000000000, 1.000000000000000000 ) ) ;
#1967 = CIRCLE ( 'NONE', #1594, 7.000000000000000000 ) ;
#1968 = ORIENTED_EDGE ( 'NONE', *, *, #1413, .T. ) ;
#1969 = CIRCLE ( 'NONE', #747, 20.00000000000000000 ) ;
#1970 = CARTESIAN_POINT ( 'NONE',  ( 5.934275478561427342, 19.09932916477813336, 0.5000000000000143219 ) ) ;
#1971 = ORIENTED_EDGE ( 'NONE', *, *, #273, .F. ) ;
#1972 = FACE_OUTER_BOUND ( 'NONE', #1158, .T. ) ;
#1973 = CARTESIAN_POINT ( 'NONE',  ( -14.51182774010532661, -13.51976252923362942, 0.3335723994209985332 ) ) ;
#1974 = DIRECTION ( 'NONE',  ( 0.000000000000000000, -1.000000000000000000, 0.000000000000000000 ) ) ;
#1975 = CARTESIAN_POINT ( 'NONE',  ( -18.69062551909167524, 5.559722808296925223, 6.500000000000000000 ) ) ;
#1976 = ORIENTED_EDGE ( 'NONE', *, *, #1036, .T. ) ;
#1977 = DIRECTION ( 'NONE',  ( 1.000000000000000000, 0.000000000000000000, 0.000000000000000000 ) ) ;
#1978 = ORIENTED_EDGE ( 'NONE', *, *, #946, .F. ) ;
#1979 = CARTESIAN_POINT ( 'NONE',  ( -1.040000000000000036, -1.040000000000000480, 6.500000000000000000 ) ) ;
#1980 = VERTEX_POINT ( 'NONE', #440 ) ;
#1981 = DIRECTION ( 'NONE',  ( 0.000000000000000000, 0.000000000000000000, -1.000000000000000000 ) ) ;
#1982 = EDGE_CURVE ( 'NONE', #716, #2289, #1531, .T. ) ;
#1983 = CIRCLE ( 'NONE', #2428, 20.00000000000000000 ) ;
#1984 = CARTESIAN_POINT ( 'NONE',  ( 13.46415496875027351, -14.33559363244220464, 0.1668882081097619596 ) ) ;
#1985 = DIRECTION ( 'NONE',  ( -0.000000000000000000, -0.000000000000000000, 1.000000000000000000 ) ) ;
#1986 = CARTESIAN_POINT ( 'NONE',  ( 4.410431264899563608, 19.50764199121966058, 0.5000000000000143219 ) ) ;
#1987 = VERTEX_POINT ( 'NONE', #1090 ) ;
#1988 = DIRECTION ( 'NONE',  ( -0.000000000000000000, -0.000000000000000000, -1.000000000000000000 ) ) ;
#1989 = CYLINDRICAL_SURFACE ( 'NONE', #274, 6.999999999999999112 ) ;
#1990 = ORIENTED_EDGE ( 'NONE', *, *, #451, .T. ) ;
#1991 = B_SPLINE_CURVE_WITH_KNOTS ( 'NONE', 3,
 ( #1181, #269, #713, #2653 ),
 .UNSPECIFIED., .F., .F.,
 ( 4, 4 ),
 ( 0.000000000000000000, 0.0007465442872330715560 ),
 .UNSPECIFIED. ) ;
#1992 = CARTESIAN_POINT ( 'NONE',  ( -4.452543933396537312, 19.32749274289177421, 0.3335723994209982002 ) ) ;
#1993 = ORIENTED_EDGE ( 'NONE', *, *, #368, .F. ) ;
#1994 = CARTESIAN_POINT ( 'NONE',  ( 14.68889789987833794, 13.57336651265816130, 6.000000000000025757 ) ) ;
#1995 = AXIS2_PLACEMENT_3D ( 'NONE', #1651, #363, #1578 ) ;
#1996 = EDGE_CURVE ( 'NONE', #113, #2156, #2369, .T. ) ;
#1997 = DIRECTION ( 'NONE',  ( 0.000000000000000000, -0.000000000000000000, -1.000000000000000000 ) ) ;
#1998 = DIRECTION ( 'NONE',  ( -0.7071067811865500152, 0.000000000000000000, -0.7071067811865451302 ) ) ;
#1999 = DIRECTION ( 'NONE',  ( -1.000000000000000000, -2.085004177856739315E-16, 0.000000000000000000 ) ) ;
#2000 = EDGE_CURVE ( 'NONE', #1636, #2595, #1785, .T. ) ;
#2001 = DIRECTION ( 'NONE',  ( 0.000000000000000000, 0.000000000000000000, -1.000000000000000000 ) ) ;
#2002 = ORIENTED_EDGE ( 'NONE', *, *, #37, .T. ) ;
#2003 = DIRECTION ( 'NONE',  ( -0.000000000000000000, -0.000000000000000000, 1.000000000000000000 ) ) ;
#2004 = CARTESIAN_POINT ( 'NONE',  ( 0.000000000000000000, 0.000000000000000000, 6.500000000000000000 ) ) ;
#2005 = CIRCLE ( 'NONE', #1776, 6.999999999999999112 ) ;
#2006 = ORIENTED_EDGE ( 'NONE', *, *, #1916, .T. ) ;
#2007 = VECTOR ( 'NONE', #1908, 1000.000000000000000 ) ;
#2008 = CARTESIAN_POINT ( 'NONE',  ( -5.559722808296743146, 18.69062551909128445, 6.500000000000000000 ) ) ;
#2009 = EDGE_LOOP ( 'NONE', ( #1606, #1781, #682, #2769, #1659 ) ) ;
#2010 = DIRECTION ( 'NONE',  ( 1.474320592964793596E-16, -0.7071067811865526798, -0.7071067811865424657 ) ) ;
#2011 = EDGE_CURVE ( 'NONE', #2068, #80, #2132, .T. ) ;
#2012 = CLOSED_SHELL ( 'NONE', ( #1320, #1492, #1140, #1666, #1257, #2440, #1822, #1569, #2093, #1333, #221, #1045, #2394, #852, #791, #2309, #2288, #604, #659, #1701, #2129, #1928, #439, #2330, #961, #2786, #1268, #1489, #2699, #1186, #1597, #751, #2212, #2691, #1003, #522, #752, #163, #2158, #500, #1910, #2619, #1074, #2605, #2412, #1010, #2646, #2226, #2573, #700, #1395, #2460, #1517, #1710, #1461, #480, #491, #2340, #1047, #711, #1472, #2793, #940, #844, #688, #517, #1652, #2224, #279, #2115, #748, #734, #2768, #1480, #1619, #1242, #2782, #2546, #1126, #909, #2297, #2251, #226, #1428, #2344, #615, #1255, #552, #2247, #1371, #2201, #2326, #731, #1199, #365 ) ) ;
#2013 = VECTOR ( 'NONE', #1235, 1000.000000000000000 ) ;
#2014 = CARTESIAN_POINT ( 'NONE',  ( 0.000000000000000000, 24.94345803461153110, 0.5000000000000134337 ) ) ;
#2015 = CARTESIAN_POINT ( 'NONE',  ( 24.94345803461153110, 2.612688547621888978E-13, 0.5000000000000134337 ) ) ;
#2016 = CARTESIAN_POINT ( 'NONE',  ( -13.40669510800650599, -14.16017394953079389, 0.000000000000000000 ) ) ;
#2017 = EDGE_LOOP ( 'NONE', ( #2698, #2046, #263, #467 ) ) ;
#2018 = CARTESIAN_POINT ( 'NONE',  ( -19.50764199121967479, 4.410431264899494330, 0.5000000000000143219 ) ) ;
#2019 = FACE_OUTER_BOUND ( 'NONE', #2325, .T. ) ;
#2020 = ORIENTED_EDGE ( 'NONE', *, *, #314, .F. ) ;
#2021 = DIRECTION ( 'NONE',  ( -0.000000000000000000, -0.000000000000000000, -1.000000000000000000 ) ) ;
#2022 = VECTOR ( 'NONE', #280, 1000.000000000000000 ) ;
#2023 = EDGE_LOOP ( 'NONE', ( #1225, #210, #674, #246 ) ) ;
#2024 = EDGE_CURVE ( 'NONE', #641, #1154, #1278, .T. ) ;
#2025 = LINE ( 'NONE', #85, #1035 ) ;
#2026 = LINE ( 'NONE', #538, #1914 ) ;
#2027 = AXIS2_PLACEMENT_3D ( 'NONE', #1646, #575, #1839 ) ;
#2028 = DIRECTION ( 'NONE',  ( 0.000000000000000000, 0.000000000000000000, -1.000000000000000000 ) ) ;
#2029 = EDGE_CURVE ( 'NONE', #2680, #774, #1064, .T. ) ;
#2030 = CARTESIAN_POINT ( 'NONE',  ( 0.000000000000000000, 0.000000000000000000, 0.000000000000000000 ) ) ;
#2031 = VERTEX_POINT ( 'NONE', #1262 ) ;
#2032 = CONICAL_SURFACE ( 'NONE', #2794, 19.50000000000003197, 0.7853981633974447263 ) ;
#2033 = ORIENTED_EDGE ( 'NONE', *, *, #874, .T. ) ;
#2034 = CARTESIAN_POINT ( 'NONE',  ( 1.040000000000000036, 1.040000000000000036, 0.5000000000000091038 ) ) ;
#2035 = CARTESIAN_POINT ( 'NONE',  ( -18.82809705964925939, -5.682910779650524269, 6.333111791890251752 ) ) ;
#2036 = EDGE_CURVE ( 'NONE', #1610, #2045, #2760, .T. ) ;
#2037 = VERTEX_POINT ( 'NONE', #2564 ) ;
#2038 = DESIGN_CONTEXT ( 'detailed design', #1602, 'design' ) ;
#2039 = CARTESIAN_POINT ( 'NONE',  ( 0.000000000000000000, 24.94345803461153110, 6.500000000000000000 ) ) ;
#2040 = ORIENTED_EDGE ( 'NONE', *, *, #2526, .F. ) ;
#2041 = DIRECTION ( 'NONE',  ( 0.000000000000000000, 0.000000000000000000, 1.000000000000000000 ) ) ;
#2042 = B_SPLINE_CURVE_WITH_KNOTS ( 'NONE', 3,
 ( #2075, #1861, #133, #596 ),
 .UNSPECIFIED., .F., .F.,
 ( 4, 4 ),
 ( 0.000000000000000000, 0.0007465442872327431511 ),
 .UNSPECIFIED. ) ;
#2043 = DIRECTION ( 'NONE',  ( 1.000000000000000000, 0.000000000000000000, 0.000000000000000000 ) ) ;
#2044 = CARTESIAN_POINT ( 'NONE',  ( 19.09932916477811204, -5.934275478561494843, 6.000000000000025757 ) ) ;
#2045 = VERTEX_POINT ( 'NONE', #1693 ) ;
#2046 = ORIENTED_EDGE ( 'NONE', *, *, #1725, .F. ) ;
#2047 = FACE_OUTER_BOUND ( 'NONE', #758, .T. ) ;
#2048 = DIRECTION ( 'NONE',  ( 1.000000000000000000, 2.085004177856739315E-16, 0.000000000000000000 ) ) ;
#2049 = EDGE_CURVE ( 'NONE', #2577, #566, #261, .T. ) ;
#2050 = EDGE_CURVE ( 'NONE', #2045, #616, #1142, .T. ) ;
#2051 = ORIENTED_EDGE ( 'NONE', *, *, #781, .T. ) ;
#2052 = CONICAL_SURFACE ( 'NONE', #836, 6.999999999999999112, 0.7853981633974473908 ) ;
#2053 = CARTESIAN_POINT ( 'NONE',  ( 0.000000000000000000, 0.000000000000000000, 0.000000000000000000 ) ) ;
#2054 = AXIS2_PLACEMENT_3D ( 'NONE', #1622, #276, #1353 ) ;
#2055 = VERTEX_POINT ( 'NONE', #1717 ) ;
#2056 = VECTOR ( 'NONE', #919, 1000.000000000000000 ) ;
#2057 = AXIS2_PLACEMENT_3D ( 'NONE', #881, #1128, #892 ) ;
#2058 = CARTESIAN_POINT ( 'NONE',  ( 5.807730213658365059, -18.96437167350188702, 6.166427600579028834 ) ) ;
#2059 = CARTESIAN_POINT ( 'NONE',  ( 0.000000000000000000, 0.000000000000000000, 6.500000000000000000 ) ) ;
#2060 = DIRECTION ( 'NONE',  ( 0.000000000000000000, 0.000000000000000000, -1.000000000000000000 ) ) ;
#2061 = B_SPLINE_CURVE_WITH_KNOTS ( 'NONE', 3,
 ( #9, #2625, #1992, #1315 ),
 .UNSPECIFIED., .F., .F.,
 ( 4, 4 ),
 ( 0.000000000000000000, 0.0007465442872326775569 ),
 .UNSPECIFIED. ) ;
#2062 = DIRECTION ( 'NONE',  ( 1.000000000000000000, 0.000000000000000000, 0.000000000000000000 ) ) ;
#2063 = ORIENTED_EDGE ( 'NONE', *, *, #413, .F. ) ;
#2064 = ORIENTED_EDGE ( 'NONE', *, *, #1879, .T. ) ;
#2065 = CARTESIAN_POINT ( 'NONE',  ( 0.000000000000000000, 0.000000000000000000, 0.5000000000000134337 ) ) ;
#2066 = DIRECTION ( 'NONE',  ( 1.000000000000000000, 0.000000000000000000, 0.000000000000000000 ) ) ;
#2067 = EDGE_CURVE ( 'NONE', #1987, #119, #1618, .T. ) ;
#2068 = VERTEX_POINT ( 'NONE', #617 ) ;
#2069 = DIRECTION ( 'NONE',  ( 1.000000000000000000, 0.000000000000000000, 0.000000000000000000 ) ) ;
#2070 = CARTESIAN_POINT ( 'NONE',  ( 1.540000000000000258, 0.000000000000000000, 6.500000000000000000 ) ) ;
#2071 = ORIENTED_EDGE ( 'NONE', *, *, #827, .F. ) ;
#2072 = DIRECTION ( 'NONE',  ( -0.000000000000000000, -0.000000000000000000, 1.000000000000000000 ) ) ;
#2073 = CARTESIAN_POINT ( 'NONE',  ( 4.492503427206947286, -19.14706574840055708, 0.1668882081097618764 ) ) ;
#2074 = APPROVAL_STATUS ( 'not_yet_approved' ) ;
#2075 = CARTESIAN_POINT ( 'NONE',  ( 19.09932916477799125, 5.934275478561894523, 0.5000000000000143219 ) ) ;
#2076 = ORIENTED_EDGE ( 'NONE', *, *, #1445, .T. ) ;
#2077 = ORIENTED_EDGE ( 'NONE', *, *, #2711, .F. ) ;
#2078 = LINE ( 'NONE', #773, #582 ) ;
#2079 = AXIS2_PLACEMENT_3D ( 'NONE', #228, #2559, #2343 ) ;
#2080 = VERTEX_POINT ( 'NONE', #1049 ) ;
#2081 = CYLINDRICAL_SURFACE ( 'NONE', #1995, 20.00000000000000000 ) ;
#2082 = EDGE_CURVE ( 'NONE', #1878, #1636, #650, .T. ) ;
#2083 = ORIENTED_EDGE ( 'NONE', *, *, #2372, .F. ) ;
#2084 = CC_DESIGN_PERSON_AND_ORGANIZATION_ASSIGNMENT ( #1683, #984, ( #2758 ) ) ;
#2085 = DIRECTION ( 'NONE',  ( 0.000000000000000000, 0.000000000000000000, 1.000000000000000000 ) ) ;
#2086 = DIRECTION ( 'NONE',  ( -0.000000000000000000, -0.000000000000000000, 1.000000000000000000 ) ) ;
#2087 = CARTESIAN_POINT ( 'NONE',  ( 0.000000000000000000, -24.94345803461153110, 0.5000000000000134337 ) ) ;
#2088 = FACE_OUTER_BOUND ( 'NONE', #2502, .T. ) ;
#2089 = ORIENTED_EDGE ( 'NONE', *, *, #285, .F. ) ;
#2090 = ORIENTED_EDGE ( 'NONE', *, *, #368, .T. ) ;
#2091 = AXIS2_PLACEMENT_3D ( 'NONE', #1595, #780, #1011 ) ;
#2092 = DIRECTION ( 'NONE',  ( -1.000000000000000000, 0.000000000000000000, 0.000000000000000000 ) ) ;
#2093 = ADVANCED_FACE ( 'NONE', ( #628 ), #2357, .F. ) ;
#2094 = AXIS2_PLACEMENT_3D ( 'NONE', #484, #61, #714 ) ;
#2095 = AXIS2_PLACEMENT_3D ( 'NONE', #776, #1635, #1411 ) ;
#2096 = EDGE_LOOP ( 'NONE', ( #1976, #1113, #1391, #401 ) ) ;
#2097 = FACE_OUTER_BOUND ( 'NONE', #1362, .T. ) ;
#2098 = VECTOR ( 'NONE', #1886, 1000.000000000000000 ) ;
#2099 = ORIENTED_EDGE ( 'NONE', *, *, #2235, .F. ) ;
#2100 = B_SPLINE_CURVE_WITH_KNOTS ( 'NONE', 3,
 ( #722, #2464, #298, #1581 ),
 .UNSPECIFIED., .F., .F.,
 ( 4, 4 ),
 ( 0.000000000000000000, 0.0007465442872326783158 ),
 .UNSPECIFIED. ) ;
#2101 = AXIS2_PLACEMENT_3D ( 'NONE', #1452, #2105, #2062 ) ;
#2102 = AXIS2_PLACEMENT_3D ( 'NONE', #2434, #2422, #1796 ) ;
#2103 = CYLINDRICAL_SURFACE ( 'NONE', #799, 6.999999999999999112 ) ;
#2104 = AXIS2_PLACEMENT_3D ( 'NONE', #376, #1476, #2558 ) ;
#2105 = DIRECTION ( 'NONE',  ( -0.000000000000000000, -0.000000000000000000, 1.000000000000000000 ) ) ;
#2106 = ORIENTED_EDGE ( 'NONE', *, *, #1844, .F. ) ;
#2107 = CARTESIAN_POINT ( 'NONE',  ( -18.96641791630306173, -4.530451569560993264, 0.000000000000000000 ) ) ;
#2108 = CARTESIAN_POINT ( 'NONE',  ( 0.000000000000000000, 0.000000000000000000, 0.5000000000000134337 ) ) ;
#2109 = AXIS2_PLACEMENT_3D ( 'NONE', #225, #1051, #2142 ) ;
#2110 = ORIENTED_EDGE ( 'NONE', *, *, #1252, .F. ) ;
#2111 = CARTESIAN_POINT ( 'NONE',  ( 0.000000000000000000, 0.000000000000000000, 0.000000000000000000 ) ) ;
#2112 = EDGE_CURVE ( 'NONE', #272, #573, #1927, .T. ) ;
#2113 = VERTEX_POINT ( 'NONE', #699 ) ;
#2114 = APPROVAL_PERSON_ORGANIZATION ( #1066, #1870, #1527 ) ;
#2115 = ADVANCED_FACE ( 'NONE', ( #2154 ), #1559, .T. ) ;
#2116 = CARTESIAN_POINT ( 'NONE',  ( -13.46415496875017048, 14.33559363244229878, 0.1668882081097612935 ) ) ;
#2117 = CARTESIAN_POINT ( 'NONE',  ( 0.000000000000000000, 0.000000000000000000, 6.500000000000000000 ) ) ;
#2118 = EDGE_CURVE ( 'NONE', #805, #911, #1248, .T. ) ;
#2119 = CARTESIAN_POINT ( 'NONE',  ( -18.69062551909167524, 5.559722808296925223, 6.500000000000000000 ) ) ;
#2120 = AXIS2_PLACEMENT_3D ( 'NONE', #1342, #2207, #2403 ) ;
#2121 = ORIENTED_EDGE ( 'NONE', *, *, #353, .F. ) ;
#2122 = CARTESIAN_POINT ( 'NONE',  ( -18.96641791630314344, 4.530451569560853819, 6.500000000000000000 ) ) ;
#2123 = EDGE_CURVE ( 'NONE', #774, #1550, #1737, .T. ) ;
#2124 = ORIENTED_EDGE ( 'NONE', *, *, #2011, .T. ) ;
#2125 = LINE ( 'NONE', #402, #1817 ) ;
#2126 = AXIS2_PLACEMENT_3D ( 'NONE', #2622, #288, #1977 ) ;
#2127 = EDGE_LOOP ( 'NONE', ( #1950, #191, #1487, #639, #1584, #473, #1795, #1571, #2723, #2487, #712, #2227, #1494, #24, #669, #891, #2051, #1673, #1481, #2407, #1600, #48, #2383, #578, #1087, #315, #878 ) ) ;
#2128 = DIRECTION ( 'NONE',  ( 0.000000000000000000, 0.000000000000000000, 1.000000000000000000 ) ) ;
#2129 = ADVANCED_FACE ( 'NONE', ( #2578 ), #643, .T. ) ;
#2130 = FACE_OUTER_BOUND ( 'NONE', #2471, .T. ) ;
#2131 = APPROVAL_ROLE ( '' ) ;
#2132 = LINE ( 'NONE', #185, #2150 ) ;
#2133 = ORIENTED_EDGE ( 'NONE', *, *, #2610, .F. ) ;
#2134 = CARTESIAN_POINT ( 'NONE',  ( 1.040000000000000036, -1.540000000000000036, 0.000000000000000000 ) ) ;
#2135 = ORIENTED_EDGE ( 'NONE', *, *, #1996, .F. ) ;
#2136 = EDGE_CURVE ( 'NONE', #1254, #148, #65, .T. ) ;
#2137 = CARTESIAN_POINT ( 'NONE',  ( -14.16017394953025921, -13.40669510800644559, 0.000000000000000000 ) ) ;
#2138 = VERTEX_POINT ( 'NONE', #2034 ) ;
#2139 = CARTESIAN_POINT ( 'NONE',  ( 5.682910779650389266, -18.82809705964902847, 0.1668882081095289516 ) ) ;
#2140 = FACE_OUTER_BOUND ( 'NONE', #2726, .T. ) ;
#2141 = CIRCLE ( 'NONE', #380, 19.49999999999998224 ) ;
#2142 = DIRECTION ( 'NONE',  ( 1.000000000000000000, 0.000000000000000000, 0.000000000000000000 ) ) ;
#2143 = AXIS2_PLACEMENT_3D ( 'NONE', #2117, #357, #2721 ) ;
#2144 = CARTESIAN_POINT ( 'NONE',  ( 13.40669510800640651, 14.16017394953088804, 0.000000000000000000 ) ) ;
#2145 = DIRECTION ( 'NONE',  ( -0.5773502691896230665, -0.5773502691896231775, 0.5773502691896311712 ) ) ;
#2146 = AXIS2_PLACEMENT_3D ( 'NONE', #648, #687, #2182 ) ;
#2147 = ORIENTED_EDGE ( 'NONE', *, *, #463, .T. ) ;
#2148 = CARTESIAN_POINT ( 'NONE',  ( -14.68889789987843564, -13.57336651265804228, 0.5000000000000143219 ) ) ;
#2149 = VECTOR ( 'NONE', #597, 1000.000000000000000 ) ;
#2150 = VECTOR ( 'NONE', #830, 1000.000000000000000 ) ;
#2151 = EDGE_CURVE ( 'NONE', #2311, #542, #1022, .T. ) ;
#2152 = CONICAL_SURFACE ( 'NONE', #1786, 7.000000000000000000, 0.7853981633974473908 ) ;
#2153 = ORIENTED_EDGE ( 'NONE', *, *, #487, .F. ) ;
#2154 = FACE_OUTER_BOUND ( 'NONE', #157, .T. ) ;
#2155 = CARTESIAN_POINT ( 'NONE',  ( 5.807730213657952056, 18.96437167350199715, 0.3335723994209978671 ) ) ;
#2156 = VERTEX_POINT ( 'NONE', #2436 ) ;
#2157 = DIRECTION ( 'NONE',  ( -1.000000000000000000, 0.000000000000000000, 0.000000000000000000 ) ) ;
#2158 = ADVANCED_FACE ( 'NONE', ( #2482 ), #301, .F. ) ;
#2159 = PLANE ( 'NONE',  #1592 ) ;
#2160 = DIRECTION ( 'NONE',  ( -0.000000000000000000, -0.000000000000000000, -1.000000000000000000 ) ) ;
#2161 = CARTESIAN_POINT ( 'NONE',  ( -19.50764199121967479, 4.410431264899494330, 3.250000000000000888 ) ) ;
#2162 = B_SPLINE_CURVE_WITH_KNOTS ( 'NONE', 3,
 ( #1390, #694, #755, #2044 ),
 .UNSPECIFIED., .F., .F.,
 ( 4, 4 ),
 ( 0.000000000000000000, 0.0007465442872331340060 ),
 .UNSPECIFIED. ) ;
#2163 = VERTEX_POINT ( 'NONE', #744 ) ;
#2164 = ORIENTED_EDGE ( 'NONE', *, *, #2171, .T. ) ;
#2165 = AXIS2_PLACEMENT_3D ( 'NONE', #2710, #806, #2066 ) ;
#2166 = EDGE_CURVE ( 'NONE', #934, #2641, #291, .T. ) ;
#2167 = CARTESIAN_POINT ( 'NONE',  ( 1.040000000000000036, -1.040000000000000258, 5.999999999999999112 ) ) ;
#2168 = VECTOR ( 'NONE', #1985, 1000.000000000000000 ) ;
#2169 = ORIENTED_EDGE ( 'NONE', *, *, #2024, .T. ) ;
#2170 = CARTESIAN_POINT ( 'NONE',  ( -5.807730213658084395, -18.96437167350195807, 0.3335723994209975340 ) ) ;
#2171 = EDGE_CURVE ( 'NONE', #2285, #1406, #1991, .T. ) ;
#2172 = PERSON_AND_ORGANIZATION_ROLE ( 'classification_officer' ) ;
#2173 = EDGE_CURVE ( 'NONE', #774, #2751, #535, .T. ) ;
#2174 = DIRECTION ( 'NONE',  ( 1.000000000000000000, 0.000000000000000000, 0.000000000000000000 ) ) ;
#2175 = PLANE ( 'NONE',  #79 ) ;
#2176 = CYLINDRICAL_SURFACE ( 'NONE', #857, 20.00000000000000000 ) ;
#2177 = ORIENTED_EDGE ( 'NONE', *, *, #1032, .F. ) ;
#2178 = DIRECTION ( 'NONE',  ( 1.000000000000000000, 0.000000000000000000, 0.000000000000000000 ) ) ;
#2179 = VERTEX_POINT ( 'NONE', #2494 ) ;
#2180 = CARTESIAN_POINT ( 'NONE',  ( 12.47172901730594141, -21.60166831620454886, 0.5000000000000134337 ) ) ;
#2181 = EDGE_LOOP ( 'NONE', ( #2701, #2200, #389, #2365 ) ) ;
#2182 = DIRECTION ( 'NONE',  ( 1.000000000000000000, 0.000000000000000000, 0.000000000000000000 ) ) ;
#2183 = AXIS2_PLACEMENT_3D ( 'NONE', #810, #1665, #1677 ) ;
#2184 = DIRECTION ( 'NONE',  ( 0.000000000000000000, 0.000000000000000000, -1.000000000000000000 ) ) ;
#2185 = DIRECTION ( 'NONE',  ( 1.000000000000000000, 0.000000000000000000, 0.000000000000000000 ) ) ;
#2186 = AXIS2_PLACEMENT_3D ( 'NONE', #2714, #1367, #112 ) ;
#2187 = ORIENTED_EDGE ( 'NONE', *, *, #580, .F. ) ;
#2188 = CARTESIAN_POINT ( 'NONE',  ( 0.000000000000000000, 0.000000000000000000, 0.5000000000000134337 ) ) ;
#2189 = ORIENTED_EDGE ( 'NONE', *, *, #353, .T. ) ;
#2190 = EDGE_CURVE ( 'NONE', #1271, #824, #1380, .T. ) ;
#2191 = CARTESIAN_POINT ( 'NONE',  ( 0.000000000000000000, 0.000000000000000000, 6.500000000000000000 ) ) ;
#2192 = VERTEX_POINT ( 'NONE', #2018 ) ;
#2193 = DIRECTION ( 'NONE',  ( 1.000000000000000000, -2.664535259100375697E-15, 0.000000000000000000 ) ) ;
#2194 = LINE ( 'NONE', #29, #1660 ) ;
#2195 = CARTESIAN_POINT ( 'NONE',  ( 21.60166831620476557, -12.47172901730556482, 6.500000000000000000 ) ) ;
#2196 = EDGE_CURVE ( 'NONE', #1980, #2156, #77, .T. ) ;
#2197 = ORIENTED_EDGE ( 'NONE', *, *, #2000, .F. ) ;
#2198 = EDGE_LOOP ( 'NONE', ( #2147, #2485, #1224, #792 ) ) ;
#2199 = DIRECTION ( 'NONE',  ( -1.000000000000000000, 0.000000000000000000, 0.000000000000000000 ) ) ;
#2200 = ORIENTED_EDGE ( 'NONE', *, *, #244, .T. ) ;
#2201 = ADVANCED_FACE ( 'NONE', ( #1425 ), #2461, .T. ) ;
#2202 = DIRECTION ( 'NONE',  ( -1.000000000000000000, 0.000000000000000000, 0.000000000000000000 ) ) ;
#2203 = EDGE_LOOP ( 'NONE', ( #2380, #2693, #2799, #1116 ) ) ;
#2204 = DIRECTION ( 'NONE',  ( -0.000000000000000000, -0.000000000000000000, -1.000000000000000000 ) ) ;
#2205 = EDGE_CURVE ( 'NONE', #2435, #1468, #1345, .T. ) ;
#2206 = CIRCLE ( 'NONE', #1942, 6.999999999999999112 ) ;
#2207 = DIRECTION ( 'NONE',  ( -0.000000000000000000, -0.000000000000000000, -1.000000000000000000 ) ) ;
#2208 = LINE ( 'NONE', #1802, #2168 ) ;
#2209 = CARTESIAN_POINT ( 'NONE',  ( -13.40669510800662678, 14.16017394953075126, 6.500000000000000000 ) ) ;
#2210 = ORIENTED_EDGE ( 'NONE', *, *, #2118, .F. ) ;
#2211 = LINE ( 'NONE', #913, #636 ) ;
#2212 = ADVANCED_FACE ( 'NONE', ( #515 ), #1808, .F. ) ;
#2213 = ORIENTED_EDGE ( 'NONE', *, *, #826, .F. ) ;
#2214 = FACE_OUTER_BOUND ( 'NONE', #51, .T. ) ;
#2215 = AXIS2_PLACEMENT_3D ( 'NONE', #2784, #394, #1696 ) ;
#2216 = ORIENTED_EDGE ( 'NONE', *, *, #100, .T. ) ;
#2217 = CARTESIAN_POINT ( 'NONE',  ( 0.000000000000000000, 0.000000000000000000, 6.500000000000000000 ) ) ;
#2218 = DIRECTION ( 'NONE',  ( 1.000000000000000000, 0.000000000000000000, 0.000000000000000000 ) ) ;
#2219 = CARTESIAN_POINT ( 'NONE',  ( 5.559722808296726271, 18.69062551909173564, 6.500000000000000000 ) ) ;
#2220 = CARTESIAN_POINT ( 'NONE',  ( -5.807730213658008012, -18.96437167350187991, 6.166427600579145185 ) ) ;
#2221 = ORIENTED_EDGE ( 'NONE', *, *, #1694, .F. ) ;
#2222 = DIRECTION ( 'NONE',  ( 0.000000000000000000, 0.000000000000000000, -1.000000000000000000 ) ) ;
#2223 = DIRECTION ( 'NONE',  ( 0.7071067811865476838, -0.000000000000000000, -0.7071067811865473507 ) ) ;
#2224 = ADVANCED_FACE ( 'NONE', ( #944 ), #1820, .T. ) ;
#2225 = AXIS2_PLACEMENT_3D ( 'NONE', #1403, #2264, #325 ) ;
#2226 = ADVANCED_FACE ( 'NONE', ( #2047 ), #1924, .F. ) ;
#2227 = ORIENTED_EDGE ( 'NONE', *, *, #868, .T. ) ;
#2228 = AXIS2_PLACEMENT_3D ( 'NONE', #2039, #1143, #488 ) ;
#2229 = CARTESIAN_POINT ( 'NONE',  ( 0.000000000000000000, 0.000000000000000000, 6.500000000000000000 ) ) ;
#2230 = VERTEX_POINT ( 'NONE', #1197 ) ;
#2231 = EDGE_CURVE ( 'NONE', #120, #2080, #1969, .T. ) ;
#2232 = VECTOR ( 'NONE', #649, 1000.000000000000000 ) ;
#2233 = DIRECTION ( 'NONE',  ( 0.000000000000000000, 0.000000000000000000, 1.000000000000000000 ) ) ;
#2234 = DIRECTION ( 'NONE',  ( 1.000000000000000000, 0.000000000000000000, 0.000000000000000000 ) ) ;
#2235 = EDGE_CURVE ( 'NONE', #1869, #2055, #528, .T. ) ;
#2236 = CARTESIAN_POINT ( 'NONE',  ( 13.40669510800650244, -14.16017394953020947, 0.000000000000000000 ) ) ;
#2237 = CARTESIAN_POINT ( 'NONE',  ( -5.682910779650255151, 18.82809705964906044, 0.1668882081095288961 ) ) ;
#2238 = ORIENTED_EDGE ( 'NONE', *, *, #207, .F. ) ;
#2239 = ORIENTED_EDGE ( 'NONE', *, *, #644, .F. ) ;
#2240 = DIRECTION ( 'NONE',  ( -1.000000000000000000, -1.042502088928369658E-16, 0.000000000000000000 ) ) ;
#2241 = CYLINDRICAL_SURFACE ( 'NONE', #371, 20.00000000000000000 ) ;
#2242 = DIRECTION ( 'NONE',  ( 0.000000000000000000, 0.000000000000000000, 1.000000000000000000 ) ) ;
#2243 = EDGE_LOOP ( 'NONE', ( #828, #841, #1423, #1028, #2588, #889, #1765, #1678, #812, #1836, #88, #725, #4, #1965, #1542, #137, #1692, #2189, #135, #561, #979, #1200, #161, #1196, #233, #1519, #2090 ) ) ;
#2244 = CARTESIAN_POINT ( 'NONE',  ( -5.559722808296580610, -18.69062551909128089, 0.000000000000000000 ) ) ;
#2245 = CONICAL_SURFACE ( 'NONE', #170, 20.00000000000000000, 0.7853981633974491672 ) ;
#2246 = ORIENTED_EDGE ( 'NONE', *, *, #1963, .T. ) ;
#2247 = ADVANCED_FACE ( 'NONE', ( #1851 ), #2456, .F. ) ;
#2248 = DIRECTION ( 'NONE',  ( -0.000000000000000000, -0.000000000000000000, -1.000000000000000000 ) ) ;
#2249 = DIRECTION ( 'NONE',  ( 1.000000000000000000, 0.000000000000000000, 0.000000000000000000 ) ) ;
#2250 = APPLICATION_CONTEXT ( 'configuration controlled 3d designs of mechanical parts and assemblies' ) ;
#2251 = ADVANCED_FACE ( 'NONE', ( #1894 ), #605, .F. ) ;
#2252 = AXIS2_PLACEMENT_3D ( 'NONE', #377, #1632, #106 ) ;
#2253 = EDGE_CURVE ( 'NONE', #589, #82, #2795, .T. ) ;
#2254 = LINE ( 'NONE', #267, #2634 ) ;
#2255 = ORIENTED_EDGE ( 'NONE', *, *, #823, .F. ) ;
#2256 = VECTOR ( 'NONE', #740, 1000.000000000000000 ) ;
#2257 = EDGE_LOOP ( 'NONE', ( #8, #1329, #1532, #1843 ) ) ;
#2258 = DIRECTION ( 'NONE',  ( 1.000000000000000000, 0.000000000000000000, 0.000000000000000000 ) ) ;
#2259 = DIRECTION ( 'NONE',  ( 1.000000000000000000, 0.000000000000000000, 0.000000000000000000 ) ) ;
#2260 = ORIENTED_EDGE ( 'NONE', *, *, #1538, .T. ) ;
#2261 = CARTESIAN_POINT ( 'NONE',  ( -5.807730213658230944, 18.96437167350192965, 6.166427600579028834 ) ) ;
#2262 = ORIENTED_EDGE ( 'NONE', *, *, #781, .F. ) ;
#2263 = CARTESIAN_POINT ( 'NONE',  ( -21.60166831620459860, -12.47172901730586680, 6.500000000000000000 ) ) ;
#2264 = DIRECTION ( 'NONE',  ( 0.000000000000000000, 0.000000000000000000, -1.000000000000000000 ) ) ;
#2265 = EDGE_CURVE ( 'NONE', #2045, #120, #2410, .T. ) ;
#2266 = CARTESIAN_POINT ( 'NONE',  ( -5.559722808296855057, -18.69062551909170367, 6.500000000000000000 ) ) ;
#2267 = CARTESIAN_POINT ( 'NONE',  ( 0.000000000000000000, 0.000000000000000000, 0.000000000000000000 ) ) ;
#2268 = EDGE_LOOP ( 'NONE', ( #703, #1799, #787, #2020 ) ) ;
#2269 = ORIENTED_EDGE ( 'NONE', *, *, #723, .T. ) ;
#2270 = CARTESIAN_POINT ( 'NONE',  ( 21.60166831620476557, -12.47172901730556482, 6.000000000000026645 ) ) ;
#2271 = DIRECTION ( 'NONE',  ( -0.000000000000000000, -0.000000000000000000, -1.000000000000000000 ) ) ;
#2272 = VERTEX_POINT ( 'NONE', #1339 ) ;
#2273 = CARTESIAN_POINT ( 'NONE',  ( 18.96641791630302976, 4.530451569561125602, 0.000000000000000000 ) ) ;
#2274 = AXIS2_PLACEMENT_3D ( 'NONE', #981, #2703, #767 ) ;
#2275 = CYLINDRICAL_SURFACE ( 'NONE', #2686, 20.00000000000000000 ) ;
#2276 = CIRCLE ( 'NONE', #1241, 19.49999999999998224 ) ;
#2277 = ORIENTED_EDGE ( 'NONE', *, *, #2353, .F. ) ;
#2278 = AXIS2_PLACEMENT_3D ( 'NONE', #2375, #1305, #224 ) ;
#2279 = CARTESIAN_POINT ( 'NONE',  ( 21.60166831620476557, -12.47172901730556482, 6.500000000000000000 ) ) ;
#2280 = DIRECTION ( 'NONE',  ( 1.000000000000000000, 0.000000000000000000, 0.000000000000000000 ) ) ;
#2281 = CIRCLE ( 'NONE', #2109, 19.49999999999998224 ) ;
#2282 = DIRECTION ( 'NONE',  ( -1.000000000000000000, 0.000000000000000000, 0.000000000000000000 ) ) ;
#2283 = AXIS2_PLACEMENT_3D ( 'NONE', #196, #1463, #1708 ) ;
#2284 = CARTESIAN_POINT ( 'NONE',  ( 0.000000000000000000, 0.000000000000000000, 6.500000000000000000 ) ) ;
#2285 = VERTEX_POINT ( 'NONE', #208 ) ;
#2286 = ORIENTED_EDGE ( 'NONE', *, *, #1624, .T. ) ;
#2287 = CARTESIAN_POINT ( 'NONE',  ( -24.94345803461153110, -8.708961825406298277E-14, 6.500000000000000000 ) ) ;
#2288 = ADVANCED_FACE ( 'NONE', ( #2611 ), #1303, .T. ) ;
#2289 = VERTEX_POINT ( 'NONE', #2798 ) ;
#2290 = CARTESIAN_POINT ( 'NONE',  ( 21.60166831620476557, -12.47172901730556482, 6.000000000000026645 ) ) ;
#2291 = EDGE_CURVE ( 'NONE', #505, #1154, #1967, .T. ) ;
#2292 = CARTESIAN_POINT ( 'NONE',  ( 19.09932916477799125, 5.934275478561894523, 6.000000000000025757 ) ) ;
#2293 = ORIENTED_EDGE ( 'NONE', *, *, #321, .F. ) ;
#2294 = CONICAL_SURFACE ( 'NONE', #123, 7.000000000000000888, 0.7853981633974526089 ) ;
#2295 = EDGE_CURVE ( 'NONE', #2055, #466, #684, .T. ) ;
#2296 = DIRECTION ( 'NONE',  ( -0.7071067811865512365, 0.000000000000000000, -0.7071067811865439090 ) ) ;
#2297 = ADVANCED_FACE ( 'NONE', ( #1764 ), #2640, .F. ) ;
#2298 = CYLINDRICAL_SURFACE ( 'NONE', #2612, 7.000000000000000888 ) ;
#2299 = DIRECTION ( 'NONE',  ( -1.000000000000000000, 0.000000000000000000, 0.000000000000000000 ) ) ;
#2300 = CARTESIAN_POINT ( 'NONE',  ( 1.040000000000000036, 1.040000000000000036, 6.500000000000000000 ) ) ;
#2301 = ORIENTED_EDGE ( 'NONE', *, *, #2569, .T. ) ;
#2302 = VERTEX_POINT ( 'NONE', #262 ) ;
#2303 = CARTESIAN_POINT ( 'NONE',  ( 14.51182774010552734, -13.51976252923344823, 6.166427600579028834 ) ) ;
#2304 = AXIS2_PLACEMENT_3D ( 'NONE', #2409, #469, #516 ) ;
#2305 = B_SPLINE_CURVE_WITH_KNOTS ( 'NONE', 3,
 ( #2752, #1093, #835, #399 ),
 .UNSPECIFIED., .F., .F.,
 ( 4, 4 ),
 ( 0.000000000000000000, 0.0007465442872330035765 ),
 .UNSPECIFIED. ) ;
#2306 = CIRCLE ( 'NONE', #2079, 7.499999999999971578 ) ;
#2307 = ORIENTED_EDGE ( 'NONE', *, *, #1624, .F. ) ;
#2308 = CARTESIAN_POINT ( 'NONE',  ( 0.000000000000000000, 0.000000000000000000, 0.5000000000000134337 ) ) ;
#2309 = ADVANCED_FACE ( 'NONE', ( #460 ), #1508, .T. ) ;
#2310 = DIRECTION ( 'NONE',  ( -1.000000000000000000, 0.000000000000000000, 0.000000000000000000 ) ) ;
#2311 = VERTEX_POINT ( 'NONE', #1562 ) ;
#2312 = FACE_OUTER_BOUND ( 'NONE', #654, .T. ) ;
#2313 = FACE_OUTER_BOUND ( 'NONE', #706, .T. ) ;
#2314 = DIRECTION ( 'NONE',  ( 1.000000000000000000, 0.000000000000000000, 0.000000000000000000 ) ) ;
#2315 = DIRECTION ( 'NONE',  ( 1.000000000000000000, 2.085004177856739315E-16, 0.000000000000000000 ) ) ;
#2316 = ORIENTED_EDGE ( 'NONE', *, *, #1282, .F. ) ;
#2317 = ORIENTED_EDGE ( 'NONE', *, *, #2049, .T. ) ;
#2318 = AXIS2_PLACEMENT_3D ( 'NONE', #1625, #1387, #2475 ) ;
#2319 = CARTESIAN_POINT ( 'NONE',  ( 0.000000000000000000, 0.000000000000000000, 0.000000000000000000 ) ) ;
#2320 = CONICAL_SURFACE ( 'NONE', #2094, 19.50000000000003197, 0.7853981633974447263 ) ;
#2321 = EDGE_LOOP ( 'NONE', ( #2286, #750, #1807, #374 ) ) ;
#2322 = DIRECTION ( 'NONE',  ( 1.000000000000000000, 2.085004177856739315E-16, -0.000000000000000000 ) ) ;
#2323 = AXIS2_PLACEMENT_3D ( 'NONE', #626, #1488, #1281 ) ;
#2324 = EDGE_CURVE ( 'NONE', #2680, #2514, #2061, .T. ) ;
#2325 = EDGE_LOOP ( 'NONE', ( #1911, #2560, #1407, #1289 ) ) ;
#2326 = ADVANCED_FACE ( 'NONE', ( #1115 ), #1327, .T. ) ;
#2327 = CIRCLE ( 'NONE', #2228, 7.499999999999971578 ) ;
#2328 = CARTESIAN_POINT ( 'NONE',  ( 0.000000000000000000, 0.000000000000000000, 6.500000000000000000 ) ) ;
#2329 = AXIS2_PLACEMENT_3D ( 'NONE', #434, #1954, #1549 ) ;
#2330 = ADVANCED_FACE ( 'NONE', ( #673 ), #916, .T. ) ;
#2331 = CYLINDRICAL_SURFACE ( 'NONE', #785, 6.999999999999999112 ) ;
#2332 = CARTESIAN_POINT ( 'NONE',  ( 14.10166831620448669, 12.47172901730601602, 0.000000000000000000 ) ) ;
#2333 = DIRECTION ( 'NONE',  ( -0.000000000000000000, 0.000000000000000000, -1.000000000000000000 ) ) ;
#2334 = VECTOR ( 'NONE', #121, 1000.000000000000000 ) ;
#2335 = ORIENTED_EDGE ( 'NONE', *, *, #946, .T. ) ;
#2336 = CARTESIAN_POINT ( 'NONE',  ( -13.57336651265800498, 14.68889789987848005, 6.000000000000025757 ) ) ;
#2337 = EDGE_LOOP ( 'NONE', ( #419, #1837, #1714, #482 ) ) ;
#2338 = DIRECTION ( 'NONE',  ( 1.000000000000000000, 0.000000000000000000, 0.000000000000000000 ) ) ;
#2339 = PLANE ( 'NONE',  #2215 ) ;
#2340 = ADVANCED_FACE ( 'NONE', ( #1738 ), #1548, .T. ) ;
#2341 = LINE ( 'NONE', #1319, #12 ) ;
#2342 = CARTESIAN_POINT ( 'NONE',  ( -24.94345803461153110, -8.708961825406298277E-14, 0.000000000000000000 ) ) ;
#2343 = DIRECTION ( 'NONE',  ( 1.000000000000000000, 8.881784197001227671E-16, 0.000000000000000000 ) ) ;
#2344 = ADVANCED_FACE ( 'NONE', ( #903 ), #382, .F. ) ;
#2345 = ORIENTED_EDGE ( 'NONE', *, *, #405, .T. ) ;
#2346 = VECTOR ( 'NONE', #2788, 1000.000000000000000 ) ;
#2347 = FACE_OUTER_BOUND ( 'NONE', #1141, .T. ) ;
#2348 = ORIENTED_EDGE ( 'NONE', *, *, #396, .F. ) ;
#2349 = DIRECTION ( 'NONE',  ( 1.000000000000000000, -1.598721155460225418E-14, 0.000000000000000000 ) ) ;
#2350 = CARTESIAN_POINT ( 'NONE',  ( -13.40669510800640118, 14.16017394953030184, 0.000000000000000000 ) ) ;
#2351 = DIRECTION ( 'NONE',  ( -0.000000000000000000, -0.000000000000000000, -1.000000000000000000 ) ) ;
#2352 = CARTESIAN_POINT ( 'NONE',  ( -14.68889789987852801, 13.57336651265795346, 6.000000000000025757 ) ) ;
#2353 = EDGE_CURVE ( 'NONE', #1891, #124, #970, .T. ) ;
#2354 = ORIENTED_EDGE ( 'NONE', *, *, #2067, .T. ) ;
#2355 = CARTESIAN_POINT ( 'NONE',  ( 12.47172901730594141, -21.60166831620454886, 0.000000000000000000 ) ) ;
#2356 = ORIENTED_EDGE ( 'NONE', *, *, #868, .F. ) ;
#2357 = CYLINDRICAL_SURFACE ( 'NONE', #609, 6.999999999999999112 ) ;
#2358 = ORIENTED_EDGE ( 'NONE', *, *, #100, .F. ) ;
#2359 = DIRECTION ( 'NONE',  ( 1.000000000000000000, 0.000000000000000000, 0.000000000000000000 ) ) ;
#2360 = CIRCLE ( 'NONE', #281, 19.50000000000003553 ) ;
#2361 = CARTESIAN_POINT ( 'NONE',  ( -14.68889789987843564, -13.57336651265804228, 0.5000000000000143219 ) ) ;
#2362 = CONICAL_SURFACE ( 'NONE', #1057, 6.999999999999999112, 0.7853981633974473908 ) ;
#2363 = CARTESIAN_POINT ( 'NONE',  ( -14.10166831620471051, 12.47172901730571581, 6.500000000000000000 ) ) ;
#2364 = LINE ( 'NONE', #2134, #2704 ) ;
#2365 = ORIENTED_EDGE ( 'NONE', *, *, #1996, .T. ) ;
#2366 = DIRECTION ( 'NONE',  ( 1.000000000000000000, 0.000000000000000000, 0.000000000000000000 ) ) ;
#2367 = EDGE_CURVE ( 'NONE', #1550, #2641, #1415, .T. ) ;
#2368 = CIRCLE ( 'NONE', #2504, 7.500000000000016875 ) ;
#2369 = CIRCLE ( 'NONE', #1883, 6.999999999999999112 ) ;
#2370 = CIRCLE ( 'NONE', #567, 7.499999999999971578 ) ;
#2371 = ORIENTED_EDGE ( 'NONE', *, *, #37, .F. ) ;
#2372 = EDGE_CURVE ( 'NONE', #2595, #2113, #1101, .T. ) ;
#2373 = DIRECTION ( 'NONE',  ( 0.000000000000000000, 0.000000000000000000, -1.000000000000000000 ) ) ;
#2374 = ORIENTED_EDGE ( 'NONE', *, *, #321, .T. ) ;
#2375 = CARTESIAN_POINT ( 'NONE',  ( 21.60166831620476557, -12.47172901730556482, 0.5000000000000134337 ) ) ;
#2376 = DIRECTION ( 'NONE',  ( 0.000000000000000000, 0.000000000000000000, -1.000000000000000000 ) ) ;
#2377 = DIRECTION ( 'NONE',  ( -0.000000000000000000, -0.000000000000000000, 1.000000000000000000 ) ) ;
#2378 = CARTESIAN_POINT ( 'NONE',  ( -19.32749274289180619, 4.452543933396465370, 6.166427600579028834 ) ) ;
#2379 = CIRCLE ( 'NONE', #1260, 7.000000000000000000 ) ;
#2380 = ORIENTED_EDGE ( 'NONE', *, *, #1370, .T. ) ;
#2381 = DIRECTION ( 'NONE',  ( 0.000000000000000000, 0.000000000000000000, 1.000000000000000000 ) ) ;
#2382 = B_SPLINE_CURVE_WITH_KNOTS ( 'NONE', 3,
 ( #2601, #1321, #1756, #1148 ),
 .UNSPECIFIED., .F., .F.,
 ( 4, 4 ),
 ( 0.000000000000000000, 0.0007465442872332010097 ),
 .UNSPECIFIED. ) ;
#2383 = ORIENTED_EDGE ( 'NONE', *, *, #823, .T. ) ;
#2384 = CONICAL_SURFACE ( 'NONE', #947, 20.00000000000000000, 0.7853981633974491672 ) ;
#2385 = CARTESIAN_POINT ( 'NONE',  ( 5.559722808296449159, 18.69062551909131997, 0.000000000000000000 ) ) ;
#2386 = VECTOR ( 'NONE', #652, 1000.000000000000000 ) ;
#2387 = EDGE_LOOP ( 'NONE', ( #778, #2759, #2210, #1978 ) ) ;
#2388 = DIRECTION ( 'NONE',  ( -1.000000000000000000, 0.000000000000000000, 0.000000000000000000 ) ) ;
#2389 = PERSON_AND_ORGANIZATION ( #18446744073709551615, #18446744073709551615 ) ;
#2390 = B_SPLINE_CURVE_WITH_KNOTS ( 'NONE', 3,
 ( #2266, #494, #2220, #2478 ),
 .UNSPECIFIED., .F., .F.,
 ( 4, 4 ),
 ( 0.000000000000000000, 0.0007465442872331317292 ),
 .UNSPECIFIED. ) ;
#2391 = CARTESIAN_POINT ( 'NONE',  ( -24.94345803461153110, -8.708961825406298277E-14, 6.000000000000026645 ) ) ;
#2392 = LINE ( 'NONE', #1540, #31 ) ;
#2393 = DIRECTION ( 'NONE',  ( 1.000000000000000000, 0.000000000000000000, 0.000000000000000000 ) ) ;
#2394 = ADVANCED_FACE ( 'NONE', ( #1075 ), #2275, .T. ) ;
#2395 = ORIENTED_EDGE ( 'NONE', *, *, #1036, .F. ) ;
#2396 = B_SPLINE_CURVE_WITH_KNOTS ( 'NONE', 3,
 ( #938, #242, #1109, #1975 ),
 .UNSPECIFIED., .F., .F.,
 ( 4, 4 ),
 ( 0.000000000000000000, 0.0007465442872326775569 ),
 .UNSPECIFIED. ) ;
#2397 = FACE_OUTER_BOUND ( 'NONE', #2796, .T. ) ;
#2398 = ORIENTED_EDGE ( 'NONE', *, *, #1789, .T. ) ;
#2399 = DIRECTION ( 'NONE',  ( 1.000000000000000000, -9.912705577010326536E-16, 0.000000000000000000 ) ) ;
#2400 = ORIENTED_EDGE ( 'NONE', *, *, #920, .T. ) ;
#2401 = DIRECTION ( 'NONE',  ( -1.000000000000000000, 0.000000000000000000, 0.000000000000000000 ) ) ;
#2402 = EDGE_CURVE ( 'NONE', #533, #2620, #1609, .T. ) ;
#2403 = DIRECTION ( 'NONE',  ( -1.000000000000000000, 0.000000000000000000, 0.000000000000000000 ) ) ;
#2404 = AXIS2_PLACEMENT_3D ( 'NONE', #2509, #769, #985 ) ;
#2405 = CARTESIAN_POINT ( 'NONE',  ( 18.69062551909171788, -5.559722808296793772, 6.500000000000000000 ) ) ;
#2406 = VECTOR ( 'NONE', #710, 999.9999999999998863 ) ;
#2407 = ORIENTED_EDGE ( 'NONE', *, *, #34, .T. ) ;
#2408 = CARTESIAN_POINT ( 'NONE',  ( -18.82809705964904268, -5.682910779650326205, 0.1668882081095278413 ) ) ;
#2409 = CARTESIAN_POINT ( 'NONE',  ( -24.94345803461153110, -8.708961825406298277E-14, 6.500000000000000000 ) ) ;
#2410 = CIRCLE ( 'NONE', #17, 6.999999999999999112 ) ;
#2411 = ORIENTED_EDGE ( 'NONE', *, *, #433, .F. ) ;
#2412 = ADVANCED_FACE ( 'NONE', ( #2214 ), #645, .T. ) ;
#2413 = CARTESIAN_POINT ( 'NONE',  ( 19.50764199121961440, 4.410431264899768777, 6.000000000000025757 ) ) ;
#2414 = EDGE_LOOP ( 'NONE', ( #2450, #2124, #2063, #820 ) ) ;
#2415 = CARTESIAN_POINT ( 'NONE',  ( 5.559722808297088648, -18.69062551909157932, 0.000000000000000000 ) ) ;
#2416 = CYLINDRICAL_SURFACE ( 'NONE', #2120, 20.00000000000000000 ) ;
#2417 = DIRECTION ( 'NONE',  ( -0.000000000000000000, -0.000000000000000000, 1.000000000000000000 ) ) ;
#2418 = CARTESIAN_POINT ( 'NONE',  ( 0.000000000000000000, 0.000000000000000000, 6.500000000000000000 ) ) ;
#2419 = EDGE_CURVE ( 'NONE', #1601, #1575, #320, .T. ) ;
#2420 = LOCAL_TIME ( 19, 36, 23.00000000000000000, #571 ) ;
#2421 = ORIENTED_EDGE ( 'NONE', *, *, #2741, .T. ) ;
#2422 = DIRECTION ( 'NONE',  ( 0.000000000000000000, 0.000000000000000000, 1.000000000000000000 ) ) ;
#2423 = CARTESIAN_POINT ( 'NONE',  ( 0.000000000000000000, 0.000000000000000000, 6.000000000000026645 ) ) ;
#2424 = ORIENTED_EDGE ( 'NONE', *, *, #2496, .F. ) ;
#2425 = CARTESIAN_POINT ( 'NONE',  ( 4.410431264899563608, -19.50764199121966058, 0.5000000000000143219 ) ) ;
#2426 = VERTEX_POINT ( 'NONE', #1202 ) ;
#2427 = FACE_OUTER_BOUND ( 'NONE', #1400, .T. ) ;
#2428 = AXIS2_PLACEMENT_3D ( 'NONE', #989, #559, #1409 ) ;
#2429 = CONICAL_SURFACE ( 'NONE', #1040, 7.500000000000016875, 0.7853981633974517207 ) ;
#2430 = LINE ( 'NONE', #1960, #438 ) ;
#2431 = EDGE_CURVE ( 'NONE', #45, #119, #689, .T. ) ;
#2432 = FACE_OUTER_BOUND ( 'NONE', #2017, .T. ) ;
#2433 = CARTESIAN_POINT ( 'NONE',  ( 0.000000000000000000, -24.94345803461153110, 0.000000000000000000 ) ) ;
#2434 = CARTESIAN_POINT ( 'NONE',  ( -24.94345803461153110, -8.708961825406298277E-14, 6.000000000000026645 ) ) ;
#2435 = VERTEX_POINT ( 'NONE', #2472 ) ;
#2436 = CARTESIAN_POINT ( 'NONE',  ( 14.60166831620450267, 12.47172901730601602, 0.5000000000000134337 ) ) ;
#2437 = CARTESIAN_POINT ( 'NONE',  ( 18.96641791630317542, -4.530451569560721481, 6.500000000000000000 ) ) ;
#2438 = EDGE_LOOP ( 'NONE', ( #1168, #994, #1806, #942 ) ) ;
#2439 = DIRECTION ( 'NONE',  ( 0.000000000000000000, 0.000000000000000000, -1.000000000000000000 ) ) ;
#2440 = ADVANCED_FACE ( 'NONE', ( #2486 ), #2362, .F. ) ;
#2441 = AXIS2_PLACEMENT_3D ( 'NONE', #766, #2233, #523 ) ;
#2442 = ORIENTED_EDGE ( 'NONE', *, *, #332, .F. ) ;
#2443 = CARTESIAN_POINT ( 'NONE',  ( 1.540000000000000258, 1.540000000000000258, 0.000000000000000000 ) ) ;
#2444 = AXIS2_PLACEMENT_3D ( 'NONE', #1732, #670, #2591 ) ;
#2445 = CARTESIAN_POINT ( 'NONE',  ( 19.50764199121970677, -4.410431264899358439, 3.250000000000000888 ) ) ;
#2446 = DIRECTION ( 'NONE',  ( -1.000000000000000000, 0.000000000000000000, 0.000000000000000000 ) ) ;
#2447 = CIRCLE ( 'NONE', #506, 20.00000000000000000 ) ;
#2448 = CARTESIAN_POINT ( 'NONE',  ( -4.410431264899563608, -19.50764199121966058, 0.5000000000000143219 ) ) ;
#2449 = ORIENTED_EDGE ( 'NONE', *, *, #243, .T. ) ;
#2450 = ORIENTED_EDGE ( 'NONE', *, *, #2803, .F. ) ;
#2451 = DIRECTION ( 'NONE',  ( 1.000000000000000000, 0.000000000000000000, 0.000000000000000000 ) ) ;
#2452 = CARTESIAN_POINT ( 'NONE',  ( -13.46415496875010298, 14.33559363244208384, 6.333111791890485343 ) ) ;
#2453 = AXIS2_PLACEMENT_3D ( 'NONE', #1450, #312, #2249 ) ;
#2454 = AXIS2_PLACEMENT_3D ( 'NONE', #1134, #56, #924 ) ;
#2455 = VERTEX_POINT ( 'NONE', #2425 ) ;
#2456 = CONICAL_SURFACE ( 'NONE', #691, 6.999999999999999112, 0.7853981633974517207 ) ;
#2457 = DIRECTION ( 'NONE',  ( 1.000000000000000000, 0.000000000000000000, 0.000000000000000000 ) ) ;
#2458 = VERTEX_POINT ( 'NONE', #548 ) ;
#2459 = EDGE_CURVE ( 'NONE', #2455, #505, #1383, .T. ) ;
#2460 = ADVANCED_FACE ( 'NONE', ( #777 ), #1828, .F. ) ;
#2461 = CONICAL_SURFACE ( 'NONE', #23, 20.00000000000000000, 0.7853981633974526089 ) ;
#2462 = DIRECTION ( 'NONE',  ( 1.000000000000000000, 0.000000000000000000, 0.000000000000000000 ) ) ;
#2463 = DIRECTION ( 'NONE',  ( -1.000000000000000000, 0.000000000000000000, 0.000000000000000000 ) ) ;
#2464 = CARTESIAN_POINT ( 'NONE',  ( 14.51182774010512055, 13.51976252923371469, 6.166427600579146073 ) ) ;
#2465 = CARTESIAN_POINT ( 'NONE',  ( -4.410431264899563608, 19.50764199121966058, 6.000000000000025757 ) ) ;
#2466 = ORIENTED_EDGE ( 'NONE', *, *, #165, .T. ) ;
#2467 = ORIENTED_EDGE ( 'NONE', *, *, #22, .F. ) ;
#2468 = DIRECTION ( 'NONE',  ( 0.000000000000000000, 0.000000000000000000, -1.000000000000000000 ) ) ;
#2469 = DIRECTION ( 'NONE',  ( 0.000000000000000000, -1.000000000000000000, 0.000000000000000000 ) ) ;
#2470 = APPROVAL_PERSON_ORGANIZATION ( #2785, #73, #2131 ) ;
#2471 = EDGE_LOOP ( 'NONE', ( #260, #557, #698, #1921 ) ) ;
#2472 = CARTESIAN_POINT ( 'NONE',  ( 5.934275478561427342, 19.09932916477813336, 6.000000000000025757 ) ) ;
#2473 = AXIS2_PLACEMENT_3D ( 'NONE', #1787, #2648, #2218 ) ;
#2474 = ORIENTED_EDGE ( 'NONE', *, *, #576, .T. ) ;
#2475 = DIRECTION ( 'NONE',  ( 1.000000000000000000, 1.780982768669528787E-14, 0.000000000000000000 ) ) ;
#2476 = CARTESIAN_POINT ( 'NONE',  ( -19.09932916477807296, 5.934275478561630734, 0.5000000000000143219 ) ) ;
#2477 = AXIS2_PLACEMENT_3D ( 'NONE', #2188, #247, #1112 ) ;
#2478 = CARTESIAN_POINT ( 'NONE',  ( -5.934275478561560568, -19.09932916477809428, 6.000000000000025757 ) ) ;
#2479 = DIRECTION ( 'NONE',  ( 1.000000000000000000, 0.000000000000000000, 0.000000000000000000 ) ) ;
#2480 = ORIENTED_EDGE ( 'NONE', *, *, #1797, .F. ) ;
#2481 = EDGE_LOOP ( 'NONE', ( #1033, #1644, #1536, #2255 ) ) ;
#2482 = FACE_OUTER_BOUND ( 'NONE', #2181, .T. ) ;
#2483 = CARTESIAN_POINT ( 'NONE',  ( 1.540000000000000258, -1.540000000000000036, 0.000000000000000000 ) ) ;
#2484 = EDGE_CURVE ( 'NONE', #272, #322, #2674, .T. ) ;
#2485 = ORIENTED_EDGE ( 'NONE', *, *, #333, .T. ) ;
#2486 = FACE_OUTER_BOUND ( 'NONE', #169, .T. ) ;
#2487 = ORIENTED_EDGE ( 'NONE', *, *, #1608, .T. ) ;
#2488 = CARTESIAN_POINT ( 'NONE',  ( -13.57336651265790373, -14.68889789987857419, 3.250000000000000888 ) ) ;
#2489 = CARTESIAN_POINT ( 'NONE',  ( -19.09932916477807296, 5.934275478561630734, 6.000000000000025757 ) ) ;
#2490 = DIRECTION ( 'NONE',  ( 1.000000000000000000, 0.000000000000000000, 0.000000000000000000 ) ) ;
#2491 = DIRECTION ( 'NONE',  ( 1.000000000000000000, 0.000000000000000000, 0.000000000000000000 ) ) ;
#2492 = ORIENTED_EDGE ( 'NONE', *, *, #182, .F. ) ;
#2493 = ORIENTED_EDGE ( 'NONE', *, *, #2496, .T. ) ;
#2494 = CARTESIAN_POINT ( 'NONE',  ( 13.57336651265780070, 14.68889789987866834, 6.000000000000025757 ) ) ;
#2495 = CARTESIAN_POINT ( 'NONE',  ( -24.94345803461153110, -8.708961825406298277E-14, 6.500000000000000000 ) ) ;
#2496 = EDGE_CURVE ( 'NONE', #574, #1020, #739, .T. ) ;
#2497 = ORIENTED_EDGE ( 'NONE', *, *, #2590, .F. ) ;
#2498 = CARTESIAN_POINT ( 'NONE',  ( 19.14706574840063880, -4.492503427206740341, 6.333111791890252640 ) ) ;
#2499 = CIRCLE ( 'NONE', #2770, 7.499999999999971578 ) ;
#2500 = CIRCLE ( 'NONE', #1099, 19.50000000000003197 ) ;
#2501 = EDGE_CURVE ( 'NONE', #2179, #956, #775, .T. ) ;
#2502 = EDGE_LOOP ( 'NONE', ( #2246, #627, #1175, #2511 ) ) ;
#2503 = DIRECTION ( 'NONE',  ( -0.000000000000000000, -0.000000000000000000, 1.000000000000000000 ) ) ;
#2504 = AXIS2_PLACEMENT_3D ( 'NONE', #2342, #2537, #398 ) ;
#2505 = DIRECTION ( 'NONE',  ( 0.000000000000000000, 0.000000000000000000, 1.000000000000000000 ) ) ;
#2506 = VECTOR ( 'NONE', #842, 1000.000000000000000 ) ;
#2507 =( NAMED_UNIT ( * ) PLANE_ANGLE_UNIT ( ) SI_UNIT ( $, .RADIAN. ) );
#2508 = CIRCLE ( 'NONE', #1511, 20.00000000000000000 ) ;
#2509 = CARTESIAN_POINT ( 'NONE',  ( 0.000000000000000000, 0.000000000000000000, 6.500000000000000000 ) ) ;
#2510 = EDGE_LOOP ( 'NONE', ( #742, #2153, #977, #1023 ) ) ;
#2511 = ORIENTED_EDGE ( 'NONE', *, *, #1501, .T. ) ;
#2512 = DIRECTION ( 'NONE',  ( -0.000000000000000000, -0.000000000000000000, -1.000000000000000000 ) ) ;
#2513 = EDGE_CURVE ( 'NONE', #1884, #2738, #13, .T. ) ;
#2514 = VERTEX_POINT ( 'NONE', #1591 ) ;
#2515 = FACE_OUTER_BOUND ( 'NONE', #2198, .T. ) ;
#2516 = ORIENTED_EDGE ( 'NONE', *, *, #1901, .T. ) ;
#2517 = CONICAL_SURFACE ( 'NONE', #936, 7.000000000000000000, 0.7853981633974517207 ) ;
#2518 = CARTESIAN_POINT ( 'NONE',  ( 0.000000000000000000, 0.000000000000000000, 6.500000000000000000 ) ) ;
#2519 = DIRECTION ( 'NONE',  ( 1.000000000000000000, 0.000000000000000000, 0.000000000000000000 ) ) ;
#2520 = DIRECTION ( 'NONE',  ( 0.000000000000000000, 0.000000000000000000, -1.000000000000000000 ) ) ;
#2521 = DIRECTION ( 'NONE',  ( 0.000000000000000000, 0.000000000000000000, 1.000000000000000000 ) ) ;
#2522 = ORIENTED_EDGE ( 'NONE', *, *, #1078, .F. ) ;
#2523 = VERTEX_POINT ( 'NONE', #2244 ) ;
#2524 = DIRECTION ( 'NONE',  ( 1.000000000000000000, 0.000000000000000000, 0.000000000000000000 ) ) ;
#2525 = CIRCLE ( 'NONE', #1306, 7.499999999999971578 ) ;
#2526 = EDGE_CURVE ( 'NONE', #2681, #2455, #2585, .T. ) ;
#2527 = B_SPLINE_CURVE_WITH_KNOTS ( 'NONE', 3,
 ( #1325, #78, #1560, #1588 ),
 .UNSPECIFIED., .F., .F.,
 ( 4, 4 ),
 ( 0.000000000000000000, 0.0007465442872331368249 ),
 .UNSPECIFIED. ) ;
#2528 = VECTOR ( 'NONE', #1998, 1000.000000000000114 ) ;
#2529 = VERTEX_POINT ( 'NONE', #978 ) ;
#2530 = CARTESIAN_POINT ( 'NONE',  ( 0.000000000000000000, 0.000000000000000000, 6.500000000000000000 ) ) ;
#2531 = EDGE_CURVE ( 'NONE', #1129, #518, #1825, .T. ) ;
#2532 = EDGE_LOOP ( 'NONE', ( #757, #1379, #1810, #2002 ) ) ;
#2533 = EDGE_CURVE ( 'NONE', #2426, #566, #2327, .T. ) ;
#2534 = DIRECTION ( 'NONE',  ( 0.000000000000000000, 0.000000000000000000, 1.000000000000000000 ) ) ;
#2535 = CARTESIAN_POINT ( 'NONE',  ( -13.40669510800640118, 14.16017394953030184, 0.000000000000000000 ) ) ;
#2536 = CARTESIAN_POINT ( 'NONE',  ( -13.40669510800650599, -14.16017394953079389, 0.000000000000000000 ) ) ;
#2537 = DIRECTION ( 'NONE',  ( 0.000000000000000000, 0.000000000000000000, 1.000000000000000000 ) ) ;
#2538 = DIRECTION ( 'NONE',  ( 0.000000000000000000, 0.000000000000000000, 1.000000000000000000 ) ) ;
#2539 = ORIENTED_EDGE ( 'NONE', *, *, #199, .T. ) ;
#2540 = CARTESIAN_POINT ( 'NONE',  ( 19.32749274289183816, -4.452543933396332143, 6.166427600579028834 ) ) ;
#2541 = CIRCLE ( 'NONE', #1095, 7.000000000000000000 ) ;
#2542 = ORIENTED_EDGE ( 'NONE', *, *, #2000, .T. ) ;
#2543 = CARTESIAN_POINT ( 'NONE',  ( 0.000000000000000000, 0.000000000000000000, 0.000000000000000000 ) ) ;
#2544 = EDGE_CURVE ( 'NONE', #2577, #2031, #2728, .T. ) ;
#2545 = EDGE_CURVE ( 'NONE', #1772, #2557, #2500, .T. ) ;
#2546 = ADVANCED_FACE ( 'NONE', ( #2347 ), #1639, .F. ) ;
#2547 = CARTESIAN_POINT ( 'NONE',  ( -13.57336651265800498, 14.68889789987848005, 0.5000000000000143219 ) ) ;
#2548 = CARTESIAN_POINT ( 'NONE',  ( 14.16017394953055941, 13.40669510800675646, 0.000000000000000000 ) ) ;
#2549 = CARTESIAN_POINT ( 'NONE',  ( -19.14706574840054287, -4.492503427207012123, 0.1668882081097604331 ) ) ;
#2550 = CARTESIAN_POINT ( 'NONE',  ( 0.000000000000000000, 0.000000000000000000, 6.000000000000026645 ) ) ;
#2551 = ORIENTED_EDGE ( 'NONE', *, *, #245, .T. ) ;
#2552 = DIRECTION ( 'NONE',  ( -0.000000000000000000, -0.000000000000000000, -1.000000000000000000 ) ) ;
#2553 = VERTEX_POINT ( 'NONE', #2292 ) ;
#2554 = CARTESIAN_POINT ( 'NONE',  ( -4.452543933396563958, 19.32749274289166763, 6.166427600579145185 ) ) ;
#2555 = EDGE_CURVE ( 'NONE', #986, #230, #949, .T. ) ;
#2556 = DIRECTION ( 'NONE',  ( 1.000000000000000000, 0.000000000000000000, 0.000000000000000000 ) ) ;
#2557 = VERTEX_POINT ( 'NONE', #364 ) ;
#2558 = DIRECTION ( 'NONE',  ( -1.000000000000000000, 0.000000000000000000, 0.000000000000000000 ) ) ;
#2559 = DIRECTION ( 'NONE',  ( -0.000000000000000000, -0.000000000000000000, -1.000000000000000000 ) ) ;
#2560 = ORIENTED_EDGE ( 'NONE', *, *, #598, .T. ) ;
#2561 = B_SPLINE_CURVE_WITH_KNOTS ( 'NONE', 3,
 ( #1426, #1662, #2303, #1617 ),
 .UNSPECIFIED., .F., .F.,
 ( 4, 4 ),
 ( 0.000000000000000000, 0.0007465442872326125048 ),
 .UNSPECIFIED. ) ;
#2562 = CARTESIAN_POINT ( 'NONE',  ( -4.530451569560904446, -18.96641791630352358, 0.000000000000000000 ) ) ;
#2563 = ORIENTED_EDGE ( 'NONE', *, *, #396, .T. ) ;
#2564 = CARTESIAN_POINT ( 'NONE',  ( -1.540000000000000258, -1.540000000000000258, 6.500000000000000000 ) ) ;
#2565 = ORIENTED_EDGE ( 'NONE', *, *, #789, .T. ) ;
#2566 = DIRECTION ( 'NONE',  ( -0.000000000000000000, 0.000000000000000000, -1.000000000000000000 ) ) ;
#2567 = DATE_TIME_ROLE ( 'classification_date' ) ;
#2568 = DIRECTION ( 'NONE',  ( -0.5773502691896230665, 0.5773502691896229555, -0.5773502691896312822 ) ) ;
#2569 = EDGE_CURVE ( 'NONE', #1772, #1636, #1545, .T. ) ;
#2570 = CARTESIAN_POINT ( 'NONE',  ( 0.000000000000000000, 0.000000000000000000, 6.500000000000000000 ) ) ;
#2571 = DIRECTION ( 'NONE',  ( 1.000000000000000000, 0.000000000000000000, 0.000000000000000000 ) ) ;
#2572 = CIRCLE ( 'NONE', #2318, 7.499999999999971578 ) ;
#2573 = ADVANCED_FACE ( 'NONE', ( #910 ), #417, .T. ) ;
#2574 = VERTEX_POINT ( 'NONE', #971 ) ;
#2575 = PLANE ( 'NONE',  #1092 ) ;
#2576 = CONICAL_SURFACE ( 'NONE', #732, 6.999999999999999112, 0.7853981633974473908 ) ;
#2577 = VERTEX_POINT ( 'NONE', #2465 ) ;
#2578 = FACE_OUTER_BOUND ( 'NONE', #1072, .T. ) ;
#2579 = EDGE_CURVE ( 'NONE', #1987, #180, #2276, .T. ) ;
#2580 = CARTESIAN_POINT ( 'NONE',  ( 12.47172901730594141, -21.60166831620454886, 0.5000000000000134337 ) ) ;
#2581 = EDGE_LOOP ( 'NONE', ( #2335, #346, #1007, #1824 ) ) ;
#2582 = DIRECTION ( 'NONE',  ( 0.000000000000000000, -0.000000000000000000, 1.000000000000000000 ) ) ;
#2583 = AXIS2_PLACEMENT_3D ( 'NONE', #2267, #1194, #587 ) ;
#2584 = CARTESIAN_POINT ( 'NONE',  ( 19.09932916477811204, -5.934275478561494843, 6.000000000000025757 ) ) ;
#2585 = CIRCLE ( 'NONE', #2186, 7.000000000000000000 ) ;
#2586 = CARTESIAN_POINT ( 'NONE',  ( -17.44345803461155953, -8.708961825406298277E-14, 6.500000000000000000 ) ) ;
#2587 = DIRECTION ( 'NONE',  ( -1.000000000000000000, 0.000000000000000000, 0.000000000000000000 ) ) ;
#2588 = ORIENTED_EDGE ( 'NONE', *, *, #1725, .T. ) ;
#2589 = ORIENTED_EDGE ( 'NONE', *, *, #199, .F. ) ;
#2590 = EDGE_CURVE ( 'NONE', #1085, #1254, #815, .T. ) ;
#2591 = DIRECTION ( 'NONE',  ( 1.000000000000000000, -8.881784197001252323E-15, 0.000000000000000000 ) ) ;
#2592 = AXIS2_PLACEMENT_3D ( 'NONE', #317, #2222, #2451 ) ;
#2593 = ORIENTED_EDGE ( 'NONE', *, *, #1110, .F. ) ;
#2594 = CARTESIAN_POINT ( 'NONE',  ( 0.000000000000000000, 0.000000000000000000, 6.500000000000000000 ) ) ;
#2595 = VERTEX_POINT ( 'NONE', #2635 ) ;
#2596 = CARTESIAN_POINT ( 'NONE',  ( -5.934275478561560568, -19.09932916477809428, 0.5000000000000143219 ) ) ;
#2597 = AXIS2_PLACEMENT_3D ( 'NONE', #1474, #2060, #2705 ) ;
#2598 = APPROVAL_STATUS ( 'not_yet_approved' ) ;
#2599 = EDGE_CURVE ( 'NONE', #2514, #1254, #1915, .T. ) ;
#2600 = DIRECTION ( 'NONE',  ( 0.000000000000000000, 0.000000000000000000, -1.000000000000000000 ) ) ;
#2601 = CARTESIAN_POINT ( 'NONE',  ( -14.16017394953074948, 13.40669510800655395, 0.000000000000000000 ) ) ;
#2602 = CARTESIAN_POINT ( 'NONE',  ( 24.94345803461153110, 2.612688547621888978E-13, 0.5000000000000134337 ) ) ;
#2603 = VECTOR ( 'NONE', #1161, 1000.000000000000000 ) ;
#2604 = ORIENTED_EDGE ( 'NONE', *, *, #107, .F. ) ;
#2605 = ADVANCED_FACE ( 'NONE', ( #1570 ), #1418, .F. ) ;
#2606 = DIRECTION ( 'NONE',  ( -0.000000000000000000, -0.000000000000000000, 1.000000000000000000 ) ) ;
#2607 = EDGE_CURVE ( 'NONE', #2285, #1952, #1520, .T. ) ;
#2608 = VERTEX_POINT ( 'NONE', #176 ) ;
#2609 = CIRCLE ( 'NONE', #1620, 20.00000000000000000 ) ;
#2610 = EDGE_CURVE ( 'NONE', #1020, #1878, #1503, .T. ) ;
#2611 = FACE_OUTER_BOUND ( 'NONE', #1470, .T. ) ;
#2612 = AXIS2_PLACEMENT_3D ( 'NONE', #1656, #754, #130 ) ;
#2613 = EDGE_LOOP ( 'NONE', ( #2400, #1431, #2449, #2551 ) ) ;
#2614 = CARTESIAN_POINT ( 'NONE',  ( 21.60166831620450623, 12.47172901730601602, 0.5000000000000134337 ) ) ;
#2615 = APPROVAL_STATUS ( 'not_yet_approved' ) ;
#2616 = DIRECTION ( 'NONE',  ( 1.000000000000000000, 0.000000000000000000, 0.000000000000000000 ) ) ;
#2617 = B_SPLINE_CURVE_WITH_KNOTS ( 'NONE', 3,
 ( #477, #1768, #1108, #227 ),
 .UNSPECIFIED., .F., .F.,
 ( 4, 4 ),
 ( 0.000000000000000000, 0.0007465442872331309702 ),
 .UNSPECIFIED. ) ;
#2618 = DIRECTION ( 'NONE',  ( 0.000000000000000000, 0.000000000000000000, -1.000000000000000000 ) ) ;
#2619 = ADVANCED_FACE ( 'NONE', ( #908 ), #1790, .F. ) ;
#2620 = VERTEX_POINT ( 'NONE', #1568 ) ;
#2621 = VERTEX_POINT ( 'NONE', #2209 ) ;
#2622 = CARTESIAN_POINT ( 'NONE',  ( 12.47172901730548844, 21.60166831620480821, 0.000000000000000000 ) ) ;
#2623 = B_SPLINE_CURVE_WITH_KNOTS ( 'NONE', 3,
 ( #302, #2035, #1533, #91 ),
 .UNSPECIFIED., .F., .F.,
 ( 4, 4 ),
 ( 0.000000000000000000, 0.0007465442872326101195 ),
 .UNSPECIFIED. ) ;
#2624 = EDGE_LOOP ( 'NONE', ( #104, #730, #496, #277, #347 ) ) ;
#2625 = CARTESIAN_POINT ( 'NONE',  ( -4.492503427206947286, 19.14706574840055708, 0.1668882081097619041 ) ) ;
#2626 = ORIENTED_EDGE ( 'NONE', *, *, #976, .T. ) ;
#2627 = DIRECTION ( 'NONE',  ( 0.000000000000000000, 0.000000000000000000, -1.000000000000000000 ) ) ;
#2628 = EDGE_CURVE ( 'NONE', #1546, #1952, #2162, .T. ) ;
#2629 = EDGE_CURVE ( 'NONE', #1271, #1760, #2254, .T. ) ;
#2630 = DIRECTION ( 'NONE',  ( 1.000000000000000000, 0.000000000000000000, 0.000000000000000000 ) ) ;
#2631 = CIRCLE ( 'NONE', #192, 7.500000000000016875 ) ;
#2632 = DIRECTION ( 'NONE',  ( -1.000000000000000000, 0.000000000000000000, 0.000000000000000000 ) ) ;
#2633 = DIRECTION ( 'NONE',  ( -1.474320592964782996E-16, 0.7071067811865476838, -0.7071067811865473507 ) ) ;
#2634 = VECTOR ( 'NONE', #1166, 1000.000000000000114 ) ;
#2635 = CARTESIAN_POINT ( 'NONE',  ( -17.94345803461153110, -8.708961825406298277E-14, 6.000000000000026645 ) ) ;
#2636 = ORIENTED_EDGE ( 'NONE', *, *, #1334, .T. ) ;
#2637 = B_SPLINE_CURVE_WITH_KNOTS ( 'NONE', 3,
 ( #158, #2761, #583, #1930 ),
 .UNSPECIFIED., .F., .F.,
 ( 4, 4 ),
 ( 0.000000000000000000, 0.0007465442872327418501 ),
 .UNSPECIFIED. ) ;
#2638 = CARTESIAN_POINT ( 'NONE',  ( -18.96437167350179465, -5.807730213658205187, 0.3335723994208818488 ) ) ;
#2639 = DIRECTION ( 'NONE',  ( 1.000000000000000000, 0.000000000000000000, 0.000000000000000000 ) ) ;
#2640 = CONICAL_SURFACE ( 'NONE', #1245, 7.000000000000000000, 0.7853981633974526089 ) ;
#2641 = VERTEX_POINT ( 'NONE', #1803 ) ;
#2642 = AXIS2_PLACEMENT_3D ( 'NONE', #2570, #1295, #214 ) ;
#2643 = CARTESIAN_POINT ( 'NONE',  ( 21.60166831620476557, -12.47172901730556482, 0.5000000000000134337 ) ) ;
#2644 = VERTEX_POINT ( 'NONE', #313 ) ;
#2645 = CARTESIAN_POINT ( 'NONE',  ( -21.60166831620468031, 12.47172901730571581, 0.000000000000000000 ) ) ;
#2646 = ADVANCED_FACE ( 'NONE', ( #2664 ), #194, .F. ) ;
#2647 = DIRECTION ( 'NONE',  ( 1.000000000000000000, 0.000000000000000000, 0.000000000000000000 ) ) ;
#2648 = DIRECTION ( 'NONE',  ( 0.000000000000000000, 0.000000000000000000, 1.000000000000000000 ) ) ;
#2649 = CYLINDRICAL_SURFACE ( 'NONE', #1310, 7.000000000000000000 ) ;
#2650 = CARTESIAN_POINT ( 'NONE',  ( -21.60166831620468031, 12.47172901730571581, 6.000000000000026645 ) ) ;
#2651 = DIRECTION ( 'NONE',  ( 1.000000000000000000, 0.000000000000000000, 0.000000000000000000 ) ) ;
#2652 = ORIENTED_EDGE ( 'NONE', *, *, #827, .T. ) ;
#2653 = CARTESIAN_POINT ( 'NONE',  ( 18.69062551909129866, -5.559722808296512220, 0.000000000000000000 ) ) ;
#2654 = DIRECTION ( 'NONE',  ( -0.000000000000000000, -0.000000000000000000, 1.000000000000000000 ) ) ;
#2655 = EDGE_CURVE ( 'NONE', #858, #1987, #1733, .T. ) ;
#2656 = ORIENTED_EDGE ( 'NONE', *, *, #1445, .F. ) ;
#2657 = CARTESIAN_POINT ( 'NONE',  ( -21.60166831620459860, -12.47172901730586680, 6.000000000000026645 ) ) ;
#2658 = ORIENTED_EDGE ( 'NONE', *, *, #1282, .T. ) ;
#2659 = DIRECTION ( 'NONE',  ( 1.000000000000000000, 0.000000000000000000, 0.000000000000000000 ) ) ;
#2660 = CIRCLE ( 'NONE', #175, 6.999999999999999112 ) ;
#2661 = FACE_BOUND ( 'NONE', #150, .T. ) ;
#2662 = FACE_OUTER_BOUND ( 'NONE', #2613, .T. ) ;
#2663 = B_SPLINE_CURVE_WITH_KNOTS ( 'NONE', 3,
 ( #146, #1222, #2735, #1889 ),
 .UNSPECIFIED., .F., .F.,
 ( 4, 4 ),
 ( 0.000000000000000000, 0.0007465442872331952634 ),
 .UNSPECIFIED. ) ;
#2664 = FACE_OUTER_BOUND ( 'NONE', #1849, .T. ) ;
#2665 = EDGE_CURVE ( 'NONE', #1754, #1614, #108, .T. ) ;
#2666 = ORIENTED_EDGE ( 'NONE', *, *, #807, .F. ) ;
#2667 = EDGE_LOOP ( 'NONE', ( #1261, #1907, #2694, #1937 ) ) ;
#2668 = CARTESIAN_POINT ( 'NONE',  ( 4.530451569560907998, 18.96641791630352714, 0.000000000000000000 ) ) ;
#2669 = CARTESIAN_POINT ( 'NONE',  ( -13.51976252923356014, 14.51182774010526266, 6.166427600579146073 ) ) ;
#2670 = EDGE_CURVE ( 'NONE', #2644, #322, #2692, .T. ) ;
#2671 = EDGE_CURVE ( 'NONE', #629, #1323, #2100, .T. ) ;
#2672 = B_SPLINE_CURVE_WITH_KNOTS ( 'NONE', 3,
 ( #2696, #760, #1880, #1852 ),
 .UNSPECIFIED., .F., .F.,
 ( 4, 4 ),
 ( 0.000000000000000000, 0.0007465442872332004676 ),
 .UNSPECIFIED. ) ;
#2673 = ORIENTED_EDGE ( 'NONE', *, *, #1236, .F. ) ;
#2674 = LINE ( 'NONE', #749, #603 ) ;
#2675 = ORIENTED_EDGE ( 'NONE', *, *, #1526, .F. ) ;
#2676 = CIRCLE ( 'NONE', #1008, 20.00000000000000000 ) ;
#2677 = DIRECTION ( 'NONE',  ( 1.000000000000000000, 0.000000000000000000, 0.000000000000000000 ) ) ;
#2678 = CARTESIAN_POINT ( 'NONE',  ( 0.000000000000000000, 0.000000000000000000, 0.000000000000000000 ) ) ;
#2679 = DIRECTION ( 'NONE',  ( 1.000000000000000000, 0.000000000000000000, 0.000000000000000000 ) ) ;
#2680 = VERTEX_POINT ( 'NONE', #1344 ) ;
#2681 = VERTEX_POINT ( 'NONE', #2448 ) ;
#2682 = DIRECTION ( 'NONE',  ( 1.000000000000000000, 0.000000000000000000, 0.000000000000000000 ) ) ;
#2683 = PLANE ( 'NONE',  #1324 ) ;
#2684 = AXIS2_PLACEMENT_3D ( 'NONE', #2053, #951, #1174 ) ;
#2685 = EDGE_LOOP ( 'NONE', ( #2712, #2474, #2089, #1062 ) ) ;
#2686 = AXIS2_PLACEMENT_3D ( 'NONE', #1576, #2021, #81 ) ;
#2687 = CARTESIAN_POINT ( 'NONE',  ( 4.410431264899563608, -19.50764199121966058, 3.250000000000000888 ) ) ;
#2688 = ORIENTED_EDGE ( 'NONE', *, *, #1783, .F. ) ;
#2689 = DIRECTION ( 'NONE',  ( 1.000000000000000000, 0.000000000000000000, 0.000000000000000000 ) ) ;
#2690 = CARTESIAN_POINT ( 'NONE',  ( -19.09932916477807296, 5.934275478561630734, 0.5000000000000143219 ) ) ;
#2691 = ADVANCED_FACE ( 'NONE', ( #525 ), #283, .F. ) ;
#2692 = LINE ( 'NONE', #955, #155 ) ;
#2693 = ORIENTED_EDGE ( 'NONE', *, *, #843, .F. ) ;
#2694 = ORIENTED_EDGE ( 'NONE', *, *, #795, .F. ) ;
#2695 = DIRECTION ( 'NONE',  ( 0.000000000000000000, 0.000000000000000000, 1.000000000000000000 ) ) ;
#2696 = CARTESIAN_POINT ( 'NONE',  ( -18.96641791630353779, 4.530451569560837832, 0.000000000000000000 ) ) ;
#2697 = LOCAL_TIME ( 19, 36, 23.00000000000000000, #1847 ) ;
#2698 = ORIENTED_EDGE ( 'NONE', *, *, #2501, .T. ) ;
#2699 = ADVANCED_FACE ( 'NONE', ( #741 ), #1151, .F. ) ;
#2700 = CARTESIAN_POINT ( 'NONE',  ( 0.000000000000000000, 0.000000000000000000, 0.5000000000000134337 ) ) ;
#2701 = ORIENTED_EDGE ( 'NONE', *, *, #2196, .F. ) ;
#2702 = CARTESIAN_POINT ( 'NONE',  ( 4.492503427206996136, -19.14706574840034392, 6.333111791890483566 ) ) ;
#2703 = DIRECTION ( 'NONE',  ( 0.000000000000000000, 0.000000000000000000, 1.000000000000000000 ) ) ;
#2704 = VECTOR ( 'NONE', #612, 1000.000000000000000 ) ;
#2705 = DIRECTION ( 'NONE',  ( -1.000000000000000000, 0.000000000000000000, 0.000000000000000000 ) ) ;
#2706 = CARTESIAN_POINT ( 'NONE',  ( -13.57336651265790373, -14.68889789987857419, 0.5000000000000143219 ) ) ;
#2707 = EDGE_LOOP ( 'NONE', ( #220, #2238, #178, #882 ) ) ;
#2708 = VERTEX_POINT ( 'NONE', #2016 ) ;
#2709 = CARTESIAN_POINT ( 'NONE',  ( 14.60166831620450445, 12.47172901730601602, 6.500000000000000000 ) ) ;
#2710 = CARTESIAN_POINT ( 'NONE',  ( 0.000000000000000000, 0.000000000000000000, 0.5000000000000134337 ) ) ;
#2711 = EDGE_CURVE ( 'NONE', #2595, #92, #1613, .T. ) ;
#2712 = ORIENTED_EDGE ( 'NONE', *, *, #115, .F. ) ;
#2713 = PLANE ( 'NONE',  #372 ) ;
#2714 = CARTESIAN_POINT ( 'NONE',  ( 0.000000000000000000, -24.94345803461153110, 0.5000000000000134337 ) ) ;
#2715 = ORIENTED_EDGE ( 'NONE', *, *, #1164, .T. ) ;
#2716 = CIRCLE ( 'NONE', #271, 7.500000000000018652 ) ;
#2717 = EDGE_CURVE ( 'NONE', #236, #948, #2390, .T. ) ;
#2718 = CARTESIAN_POINT ( 'NONE',  ( 14.60166831620476380, -12.47172901730556482, 0.5000000000000134337 ) ) ;
#2719 = FACE_OUTER_BOUND ( 'NONE', #1863, .T. ) ;
#2720 = AXIS2_PLACEMENT_3D ( 'NONE', #935, #719, #1201 ) ;
#2721 = DIRECTION ( 'NONE',  ( 1.000000000000000000, 0.000000000000000000, 0.000000000000000000 ) ) ;
#2722 = DIRECTION ( 'NONE',  ( -0.5773502691896256200, -0.5773502691896257311, -0.5773502691896258421 ) ) ;
#2723 = ORIENTED_EDGE ( 'NONE', *, *, #1751, .T. ) ;
#2724 = ORIENTED_EDGE ( 'NONE', *, *, #245, .F. ) ;
#2725 = CYLINDRICAL_SURFACE ( 'NONE', #1940, 6.999999999999999112 ) ;
#2726 = EDGE_LOOP ( 'NONE', ( #2169, #761, #2411, #1840 ) ) ;
#2727 = DIRECTION ( 'NONE',  ( -0.000000000000000000, -0.000000000000000000, -1.000000000000000000 ) ) ;
#2728 = CIRCLE ( 'NONE', #2054, 7.000000000000000000 ) ;
#2729 = ORIENTED_EDGE ( 'NONE', *, *, #2136, .T. ) ;
#2730 = EDGE_CURVE ( 'NONE', #2302, #1946, #156, .T. ) ;
#2731 = DIRECTION ( 'NONE',  ( -0.7071067811865476838, -0.000000000000000000, -0.7071067811865473507 ) ) ;
#2732 = CIRCLE ( 'NONE', #1506, 20.00000000000000000 ) ;
#2733 = DIRECTION ( 'NONE',  ( 0.000000000000000000, 0.000000000000000000, 1.000000000000000000 ) ) ;
#2734 = AXIS2_PLACEMENT_3D ( 'NONE', #1482, #46, #2349 ) ;
#2735 = CARTESIAN_POINT ( 'NONE',  ( 14.33559363244189200, 13.46415496875001239, 0.1668882081096201841 ) ) ;
#2736 = CONICAL_SURFACE ( 'NONE', #342, 20.00000000000000000, 0.7853981633974526089 ) ;
#2737 = DIRECTION ( 'NONE',  ( 0.000000000000000000, 0.000000000000000000, -1.000000000000000000 ) ) ;
#2738 = VERTEX_POINT ( 'NONE', #2236 ) ;
#2739 = ORIENTED_EDGE ( 'NONE', *, *, #2484, .T. ) ;
#2740 = LINE ( 'NONE', #136, #813 ) ;
#2741 = EDGE_CURVE ( 'NONE', #1610, #505, #1730, .T. ) ;
#2742 = B_SPLINE_CURVE_WITH_KNOTS ( 'NONE', 3,
 ( #980, #1188, #2058, #343 ),
 .UNSPECIFIED., .F., .F.,
 ( 4, 4 ),
 ( 0.000000000000000000, 0.0007465442872326131553 ),
 .UNSPECIFIED. ) ;
#2743 = ORIENTED_EDGE ( 'NONE', *, *, #369, .T. ) ;
#2744 = CYLINDRICAL_SURFACE ( 'NONE', #2183, 20.00000000000000000 ) ;
#2745 = EDGE_CURVE ( 'NONE', #911, #2289, #1547, .T. ) ;
#2746 = ORIENTED_EDGE ( 'NONE', *, *, #2082, .F. ) ;
#2747 = CIRCLE ( 'NONE', #1892, 20.00000000000000000 ) ;
#2748 = CARTESIAN_POINT ( 'NONE',  ( 1.040000000000000036, 1.040000000000000036, 5.999999999999999112 ) ) ;
#2749 = DIRECTION ( 'NONE',  ( 1.000000000000000000, 0.000000000000000000, 0.000000000000000000 ) ) ;
#2750 = ORIENTED_EDGE ( 'NONE', *, *, #2295, .T. ) ;
#2751 = VERTEX_POINT ( 'NONE', #1986 ) ;
#2752 = CARTESIAN_POINT ( 'NONE',  ( 19.09932916477799125, 5.934275478561894523, 6.000000000000025757 ) ) ;
#2753 = CONICAL_SURFACE ( 'NONE', #1530, 6.999999999999999112, 0.7853981633974517207 ) ;
#2754 = VERTEX_POINT ( 'NONE', #2535 ) ;
#2755 = EDGE_CURVE ( 'NONE', #1037, #1891, #2663, .T. ) ;
#2756 = DIRECTION ( 'NONE',  ( 1.000000000000000000, 0.000000000000000000, 0.000000000000000000 ) ) ;
#2757 = EDGE_CURVE ( 'NONE', #236, #641, #560, .T. ) ;
#2758 = PRODUCT_DEFINITION ( 'Allgemein', '', #982, #2038 ) ;
#2759 = ORIENTED_EDGE ( 'NONE', *, *, #1522, .T. ) ;
#2760 = LINE ( 'NONE', #912, #2506 ) ;
#2761 = CARTESIAN_POINT ( 'NONE',  ( 14.51182774010538701, -13.51976252923340738, 0.3335723994208816823 ) ) ;
#2762 = APPROVAL_ROLE ( '' ) ;
#2763 = CARTESIAN_POINT ( 'NONE',  ( 12.47172901730594141, -21.60166831620454886, 6.500000000000000000 ) ) ;
#2764 = ORIENTED_EDGE ( 'NONE', *, *, #34, .F. ) ;
#2765 = FACE_OUTER_BOUND ( 'NONE', #501, .T. ) ;
#2766 = EDGE_LOOP ( 'NONE', ( #1453, #1070, #972, #1630, #1993 ) ) ;
#2767 = DIRECTION ( 'NONE',  ( -0.000000000000000000, -0.000000000000000000, 1.000000000000000000 ) ) ;
#2768 = ADVANCED_FACE ( 'NONE', ( #1903 ), #2294, .F. ) ;
#2769 = ORIENTED_EDGE ( 'NONE', *, *, #244, .F. ) ;
#2770 = AXIS2_PLACEMENT_3D ( 'NONE', #2763, #1628, #2491 ) ;
#2771 = AXIS2_PLACEMENT_3D ( 'NONE', #540, #1404, #1121 ) ;
#2772 = DIRECTION ( 'NONE',  ( -0.000000000000000000, -0.000000000000000000, 1.000000000000000000 ) ) ;
#2773 = AXIS2_PLACEMENT_3D ( 'NONE', #2645, #490, #662 ) ;
#2774 = SECURITY_CLASSIFICATION_LEVEL ( 'unclassified' ) ;
#2775 = DIRECTION ( 'NONE',  ( 1.000000000000000000, 0.000000000000000000, -0.000000000000000000 ) ) ;
#2776 = CARTESIAN_POINT ( 'NONE',  ( 21.60166831620450623, 12.47172901730601602, 6.500000000000000000 ) ) ;
#2777 = DIRECTION ( 'NONE',  ( -1.000000000000000000, 0.000000000000000000, 0.000000000000000000 ) ) ;
#2778 = ORIENTED_EDGE ( 'NONE', *, *, #704, .F. ) ;
#2779 = DIRECTION ( 'NONE',  ( 1.000000000000000000, 0.000000000000000000, 0.000000000000000000 ) ) ;
#2780 = ORIENTED_EDGE ( 'NONE', *, *, #2123, .F. ) ;
#2781 = CARTESIAN_POINT ( 'NONE',  ( -4.492503427206996136, 19.14706574840034392, 6.333111791890483566 ) ) ;
#2782 = ADVANCED_FACE ( 'NONE', ( #1860 ), #2517, .F. ) ;
#2783 = AXIS2_PLACEMENT_3D ( 'NONE', #802, #2282, #132 ) ;
#2784 = CARTESIAN_POINT ( 'NONE',  ( 0.000000000000000000, 0.000000000000000000, 0.000000000000000000 ) ) ;
#2785 = PERSON_AND_ORGANIZATION ( #18446744073709551615, #18446744073709551615 ) ;
#2786 = ADVANCED_FACE ( 'NONE', ( #1875 ), #1420, .T. ) ;
#2787 = DIRECTION ( 'NONE',  ( 0.000000000000000000, 0.000000000000000000, 1.000000000000000000 ) ) ;
#2788 = DIRECTION ( 'NONE',  ( -0.000000000000000000, 0.000000000000000000, -1.000000000000000000 ) ) ;
#2789 = EDGE_CURVE ( 'NONE', #656, #1601, #1208, .T. ) ;
#2790 = AXIS2_PLACEMENT_3D ( 'NONE', #681, #33, #900 ) ;
#2791 = ORIENTED_EDGE ( 'NONE', *, *, #795, .T. ) ;
#2792 = DIRECTION ( 'NONE',  ( 0.000000000000000000, 0.000000000000000000, 1.000000000000000000 ) ) ;
#2793 = ADVANCED_FACE ( 'NONE', ( #586 ), #1699, .T. ) ;
#2794 = AXIS2_PLACEMENT_3D ( 'NONE', #1343, #1541, #1374 ) ;
#2795 = B_SPLINE_CURVE_WITH_KNOTS ( 'NONE', 3,
 ( #2413, #38, #1535, #1086 ),
 .UNSPECIFIED., .F., .F.,
 ( 4, 4 ),
 ( 0.000000000000000000, 0.0007465442872326059996 ),
 .UNSPECIFIED. ) ;
#2796 = EDGE_LOOP ( 'NONE', ( #140, #1269, #2398, #1812 ) ) ;
#2797 = DIRECTION ( 'NONE',  ( -0.000000000000000000, -0.000000000000000000, -1.000000000000000000 ) ) ;
#2798 = CARTESIAN_POINT ( 'NONE',  ( 18.96641791630357332, -4.530451569560709935, 0.000000000000000000 ) ) ;
#2799 = ORIENTED_EDGE ( 'NONE', *, *, #1100, .F. ) ;
#2800 = CARTESIAN_POINT ( 'NONE',  ( -4.492503427206942845, -19.14706574840059261, 6.333111791890252640 ) ) ;
#2801 = LINE ( 'NONE', #1564, #2056 ) ;
#2802 = SHAPE_DEFINITION_REPRESENTATION ( #1695, #818 ) ;
#2803 = EDGE_CURVE ( 'NONE', #2068, #2272, #1300, .T. ) ;
#2804 = CARTESIAN_POINT ( 'NONE',  ( 0.000000000000000000, 0.000000000000000000, 6.500000000000000000 ) ) ;
ENDSEC;
END-ISO-10303-21;
