ISO-10303-21;
HEADER;
FILE_DESCRIPTION (( 'STEP AP203' ),
    '1' );
FILE_NAME ('L2 Button REF2011.STEP',
    '2026-04-04T17:36:01',
    ( '' ),
    ( '' ),
    'SwSTEP 2.0',
    'SolidWorks 2026',
    '' );
FILE_SCHEMA (( 'CONFIG_CONTROL_DESIGN' ));
ENDSEC;

DATA;
#1 = B_SPLINE_CURVE_WITH_KNOTS ( 'NONE', 3,
 ( #3691, #1922, #3331, #1385 ),
 .UNSPECIFIED., .F., .F.,
 ( 4, 4 ),
 ( 0.0004985123573717389726, 0.002066104919832236451 ),
 .UNSPECIFIED. ) ;
#2 = LINE ( 'NONE', #1965, #2932 ) ;
#3 = CARTESIAN_POINT ( 'NONE',  ( -59.46804449617564359, -2.909257405398431029, 89.06405466125578130 ) ) ;
#4 = CARTESIAN_POINT ( 'NONE',  ( -75.10404203292328873, -7.024945915698282306, 88.04480120451870562 ) ) ;
#5 = CYLINDRICAL_SURFACE ( 'NONE', #3461, 0.2000000000000057288 ) ;
#6 = EDGE_LOOP ( 'NONE', ( #484, #44, #3278, #3333, #2797, #344, #1434, #3671 ) ) ;
#7 = CARTESIAN_POINT ( 'NONE',  ( -71.91373200143785027, -6.305978498824962308, 68.08343100419486404 ) ) ;
#8 = CARTESIAN_POINT ( 'NONE',  ( -71.03569882670508662, 1.300000000000000044, 71.10405157197705250 ) ) ;
#9 = CARTESIAN_POINT ( 'NONE',  ( -60.10460387817960992, -3.644676538041698333, 88.61970539686733161 ) ) ;
#10 = CARTESIAN_POINT ( 'NONE',  ( -75.77002361261288854, -3.227876003911080982, 82.81003266008639230 ) ) ;
#11 = CARTESIAN_POINT ( 'NONE',  ( -59.80777804666834641, -3.577783947905977424, 74.64066190529229061 ) ) ;
#12 = CARTESIAN_POINT ( 'NONE',  ( -89.09899453180986484, 2.451993488663358534, 79.17181007779565505 ) ) ;
#13 = ORIENTED_EDGE ( 'NONE', *, *, #1423, .T. ) ;
#14 = PLANE ( 'NONE',  #944 ) ;
#15 = ORIENTED_EDGE ( 'NONE', *, *, #2934, .F. ) ;
#16 = CARTESIAN_POINT ( 'NONE',  ( -91.81728667873473171, -9.014741530734967867, 78.48054165357125100 ) ) ;
#17 = PLANE ( 'NONE',  #1416 ) ;
#18 = CARTESIAN_POINT ( 'NONE',  ( -90.70710269468889919, -7.886908793075186885, 78.92191088286998024 ) ) ;
#19 = CARTESIAN_POINT ( 'NONE',  ( -73.75864651598332955, 9.283481101907145916E-15, 84.66655204910082944 ) ) ;
#20 = CARTESIAN_POINT ( 'NONE',  ( -77.16555686263339453, 4.487989113961773135, 84.69265772564943973 ) ) ;
#21 = ORIENTED_EDGE ( 'NONE', *, *, #3168, .T. ) ;
#22 = CARTESIAN_POINT ( 'NONE',  ( -84.33344892880805332, 5.021139541595750266, 77.49178352581172646 ) ) ;
#23 = FACE_OUTER_BOUND ( 'NONE', #39, .T. ) ;
#24 = ORIENTED_EDGE ( 'NONE', *, *, #782, .F. ) ;
#25 = CARTESIAN_POINT ( 'NONE',  ( -59.46804449617545885, -2.909257405398294249, 89.06405466125572445 ) ) ;
#26 = CARTESIAN_POINT ( 'NONE',  ( -65.31972833415944990, -0.6317051831995499356, 84.47447304565878312 ) ) ;
#27 = CARTESIAN_POINT ( 'NONE',  ( -65.89800750281077057, -3.925197406173215775, 84.91479340445910395 ) ) ;
#28 = CARTESIAN_POINT ( 'NONE',  ( -87.87803276188461155, 3.892499956332206246, 79.87197718535904301 ) ) ;
#29 = EDGE_LOOP ( 'NONE', ( #338, #2828, #2963, #94 ) ) ;
#30 = CARTESIAN_POINT ( 'NONE',  ( -58.97313524021499376, -2.984278266167145421, 85.06404908019582933 ) ) ;
#31 = VERTEX_POINT ( 'NONE', #3599 ) ;
#32 = CARTESIAN_POINT ( 'NONE',  ( -77.35307517303701275, 0.9590095627785892862, 83.27505639404566296 ) ) ;
#33 = VECTOR ( 'NONE', #906, 1000.000000000000000 ) ;
#34 = CARTESIAN_POINT ( 'NONE',  ( -86.55854646749460812, -9.606329976683047889, 72.25010016170050164 ) ) ;
#35 = DIRECTION ( 'NONE',  ( 0.000000000000000000, 1.000000000000000000, 0.000000000000000000 ) ) ;
#36 = CARTESIAN_POINT ( 'NONE',  ( -64.99332060826294821, -3.721317409172173463, 85.78815094980896561 ) ) ;
#37 = PLANE ( 'NONE',  #703 ) ;
#38 = CARTESIAN_POINT ( 'NONE',  ( -59.95136008633983238, -2.697521312913661262, 89.03718966266997370 ) ) ;
#39 = EDGE_LOOP ( 'NONE', ( #2582, #1442, #1300, #3155 ) ) ;
#40 = CARTESIAN_POINT ( 'NONE',  ( -87.02370990582997479, 2.731848351225223848, 78.55835290703122098 ) ) ;
#41 = CARTESIAN_POINT ( 'NONE',  ( -90.85438454968168287, -10.57443889988218189, 75.28622998076110662 ) ) ;
#42 = VECTOR ( 'NONE', #1116, 1000.000000000000000 ) ;
#43 = CARTESIAN_POINT ( 'NONE',  ( -92.84582018472961806, -10.51068878992315980, 79.53205883932271547 ) ) ;
#44 = ORIENTED_EDGE ( 'NONE', *, *, #674, .F. ) ;
#45 = CARTESIAN_POINT ( 'NONE',  ( -63.75336913580014198, -0.3070876964132305820, 84.33505049093662365 ) ) ;
#46 = CARTESIAN_POINT ( 'NONE',  ( -73.34393757418297355, -5.388160339105289687, 84.08175884880608919 ) ) ;
#47 = DIRECTION ( 'NONE',  ( 0.8270938966533757375, -0.5228670566589748159, -0.2062176694163607715 ) ) ;
#48 = CARTESIAN_POINT ( 'NONE',  ( -86.09082756166945671, 5.482362363280809170, 80.53456684511698427 ) ) ;
#49 = ORIENTED_EDGE ( 'NONE', *, *, #767, .T. ) ;
#50 = CARTESIAN_POINT ( 'NONE',  ( -74.01871522000851655, 5.832472263605263052, 79.24221380746402588 ) ) ;
#51 = ORIENTED_EDGE ( 'NONE', *, *, #856, .T. ) ;
#52 = CARTESIAN_POINT ( 'NONE',  ( -63.58102430641481106, 0.2403277033636083693, 86.50461545314838929 ) ) ;
#53 = CARTESIAN_POINT ( 'NONE',  ( -93.24448205070041240, -10.82276515886364265, 75.91772174662889938 ) ) ;
#54 = CARTESIAN_POINT ( 'NONE',  ( -60.76542879555849908, -1.199999999999999956, 80.99999999999998579 ) ) ;
#55 = PLANE ( 'NONE',  #3102 ) ;
#56 = CARTESIAN_POINT ( 'NONE',  ( -61.88995261096000178, -0.6403101668892356990, 88.72494280000481126 ) ) ;
#57 = CARTESIAN_POINT ( 'NONE',  ( -90.53469637385141766, -10.50239405793466752, 75.52311887008895042 ) ) ;
#58 = ORIENTED_EDGE ( 'NONE', *, *, #2308, .F. ) ;
#59 = CARTESIAN_POINT ( 'NONE',  ( -91.41347133338349806, -6.283616507232849813, 76.04878924849927557 ) ) ;
#60 = DIRECTION ( 'NONE',  ( -0.000000000000000000, -1.000000000000000000, -0.000000000000000000 ) ) ;
#61 = DIRECTION ( 'NONE',  ( 0.2419218955996572384, 0.000000000000000000, 0.9702957262759991375 ) ) ;
#62 = CARTESIAN_POINT ( 'NONE',  ( -91.69330757257451125, -2.850694941007398953, 79.11765845247060724 ) ) ;
#63 = EDGE_LOOP ( 'NONE', ( #997, #3489, #881, #3419 ) ) ;
#64 = DIRECTION ( 'NONE',  ( 0.000000000000000000, -1.000000000000000000, 0.000000000000000000 ) ) ;
#65 = VECTOR ( 'NONE', #2183, 1000.000000000000114 ) ;
#66 = AXIS2_PLACEMENT_3D ( 'NONE', #3576, #1865, #1847 ) ;
#67 = CARTESIAN_POINT ( 'NONE',  ( -82.81338141051490709, 5.168117582147942812, 76.31718820491681754 ) ) ;
#68 = CARTESIAN_POINT ( 'NONE',  ( -63.04639297112192509, -3.282558316701894796, 85.92440153882492382 ) ) ;
#69 = CARTESIAN_POINT ( 'NONE',  ( -88.93611185497452709, 2.231148589499016843, 79.60484979231542013 ) ) ;
#70 = VERTEX_POINT ( 'NONE', #3314 ) ;
#71 = EDGE_CURVE ( 'NONE', #2228, #2630, #3582, .T. ) ;
#72 = CARTESIAN_POINT ( 'NONE',  ( -63.96373710364092346, -0.1132259268693432130, 74.78745241897505025 ) ) ;
#73 = VERTEX_POINT ( 'NONE', #2784 ) ;
#74 = CARTESIAN_POINT ( 'NONE',  ( -74.80127109780740113, 1.715823399861416521, 84.00281446269767116 ) ) ;
#75 = CARTESIAN_POINT ( 'NONE',  ( -69.68268756714165590, -3.500000000000000000, 75.39214641920482052 ) ) ;
#76 = DIRECTION ( 'NONE',  ( 0.9702957262759990265, 0.000000000000000000, -0.2419218955996572107 ) ) ;
#77 = CARTESIAN_POINT ( 'NONE',  ( -65.40400927506905759, -4.160822385686737235, 89.17178011515254354 ) ) ;
#78 = DIRECTION ( 'NONE',  ( 0.9478986130028166368, 0.2136181783343425178, -0.2363376680778024042 ) ) ;
#79 = VERTEX_POINT ( 'NONE', #515 ) ;
#80 = DIRECTION ( 'NONE',  ( -0.9702957262759943635, 0.000000000000000000, 0.2419218955996758902 ) ) ;
#81 = CARTESIAN_POINT ( 'NONE',  ( -74.06973908676408769, 7.905176458483328616, 85.24817550146592282 ) ) ;
#82 = DIRECTION ( 'NONE',  ( -0.9702957262759990265, 0.000000000000000000, 0.2419218955996572107 ) ) ;
#83 = B_SPLINE_CURVE_WITH_KNOTS ( 'NONE', 3,
 ( #884, #520, #16, #3682, #1377, #2249, #831, #2549, #3389, #3698, #1114, #1982, #3440, #2565, #1128, #848, #1997, #867, #3138, #1710, #2855, #590, #1832, #3195, #686, #2399, #385, #2958, #3498, #3217, #1505, #52, #2978, #360 ),
 .UNSPECIFIED., .F., .F.,
 ( 4, 2, 2, 2, 2, 2, 2, 2, 2, 2, 2, 2, 2, 2, 2, 2, 4 ),
 ( 0.000000000000000000, 2.747525424141131101, 5.495050848282262201, 8.242576272423391970, 10.99010169656452440, 13.73762712070565506, 16.48515254484678394, 21.98020339312905591, 24.72772881727021499, 27.47525424141137762, 30.22277966555253670, 32.97030508969369578, 35.71783051383485486, 37.09159322590545571, 38.46535593797605657, 41.21288136211720854, 43.96040678625836762 ),
 .UNSPECIFIED. ) ;
#84 = CARTESIAN_POINT ( 'NONE',  ( -77.77644313934300158, 7.911284538362335361, 83.92661150171038287 ) ) ;
#85 = ORIENTED_EDGE ( 'NONE', *, *, #3577, .T. ) ;
#86 = CARTESIAN_POINT ( 'NONE',  ( -63.49390530033834068, -0.5942827531211276604, 79.27499820055544433 ) ) ;
#87 = AXIS2_PLACEMENT_3D ( 'NONE', #2770, #1282, #2702 ) ;
#88 = CARTESIAN_POINT ( 'NONE',  ( -61.10297952571420410, -2.193603801920411822, 84.95968258249898497 ) ) ;
#89 = CARTESIAN_POINT ( 'NONE',  ( -82.81338141051490709, -8.762320579413191979, 76.31718820491681754 ) ) ;
#90 = ADVANCED_FACE ( 'NONE', ( #1619 ), #1578, .F. ) ;
#91 = CARTESIAN_POINT ( 'NONE',  ( -92.25407318374266197, -3.714070720971814676, 78.71220982170770242 ) ) ;
#92 = VERTEX_POINT ( 'NONE', #3620 ) ;
#93 = CARTESIAN_POINT ( 'NONE',  ( -90.22299222841334654, -10.43210632527389770, 79.91958890136957905 ) ) ;
#94 = ORIENTED_EDGE ( 'NONE', *, *, #1443, .F. ) ;
#95 = CARTESIAN_POINT ( 'NONE',  ( -90.87339888934621968, -6.128191172703486345, 72.81060688392882696 ) ) ;
#96 = ADVANCED_FACE ( 'NONE', ( #1056 ), #3029, .F. ) ;
#97 = CARTESIAN_POINT ( 'NONE',  ( -92.87589513207808523, -11.03000702139978628, 76.21339250358541051 ) ) ;
#98 = CARTESIAN_POINT ( 'NONE',  ( -60.52786201596575211, -0.9652732743852354691, 84.83004832859754174 ) ) ;
#99 = CARTESIAN_POINT ( 'NONE',  ( -61.21492251412371388, -3.627044999042897455, 89.23337717661956958 ) ) ;
#100 = VECTOR ( 'NONE', #2485, 1000.000000000000227 ) ;
#101 = ORIENTED_EDGE ( 'NONE', *, *, #1821, .F. ) ;
#102 = CARTESIAN_POINT ( 'NONE',  ( -75.17079756546684166, 1.333034886086334867E-14, 82.76732087348423761 ) ) ;
#103 = CARTESIAN_POINT ( 'NONE',  ( -68.31436842788394870, -12.87027948883124928, 81.54691951274104156 ) ) ;
#104 = CARTESIAN_POINT ( 'NONE',  ( -61.45360604527732562, -2.195545913470040134, 86.96310423980929727 ) ) ;
#105 = CARTESIAN_POINT ( 'NONE',  ( -93.01206920260426614, -8.508029502149170753, 79.64947354244861799 ) ) ;
#106 = ORIENTED_EDGE ( 'NONE', *, *, #2620, .T. ) ;
#107 = PLANE ( 'NONE',  #1993 ) ;
#108 = CARTESIAN_POINT ( 'NONE',  ( -60.59692661917452483, -1.676461855574822080, 84.88887751503713730 ) ) ;
#109 = CARTESIAN_POINT ( 'NONE',  ( -87.30041430880788766, -8.748438089462586831, 77.52197245000233750 ) ) ;
#110 = ORIENTED_EDGE ( 'NONE', *, *, #3058, .F. ) ;
#111 = EDGE_CURVE ( 'NONE', #843, #3175, #2729, .T. ) ;
#112 = VERTEX_POINT ( 'NONE', #3676 ) ;
#113 = CARTESIAN_POINT ( 'NONE',  ( -78.73134166711440685, 6.275505102820695846, 79.16695446460482799 ) ) ;
#114 = ADVANCED_FACE ( 'NONE', ( #3658 ), #148, .F. ) ;
#115 = VECTOR ( 'NONE', #47, 1000.000000000000000 ) ;
#116 = CARTESIAN_POINT ( 'NONE',  ( -90.70710269468889919, -7.886908793075186885, 78.92191088286998024 ) ) ;
#117 = CARTESIAN_POINT ( 'NONE',  ( -93.32692249335993040, -11.13164939067811154, 75.89999999999888303 ) ) ;
#118 = CARTESIAN_POINT ( 'NONE',  ( -67.52126321709430101, 5.246217263136059294, 87.34254338741591539 ) ) ;
#119 = ORIENTED_EDGE ( 'NONE', *, *, #1885, .F. ) ;
#120 = B_SPLINE_CURVE_WITH_KNOTS ( 'NONE', 3,
 ( #2663, #1166, #1185, #3499, #3480, #2320 ),
 .UNSPECIFIED., .F., .F.,
 ( 4, 2, 4 ),
 ( 0.000000000000000000, 0.0004385705923170907716, 0.0008771411846341815432 ),
 .UNSPECIFIED. ) ;
#121 = CARTESIAN_POINT ( 'NONE',  ( -88.97982865897047589, -7.482980412581396124, 79.89890147415853505 ) ) ;
#122 = CARTESIAN_POINT ( 'NONE',  ( -62.82305368375977395, 1.580117888603954190, 87.92172318180833201 ) ) ;
#123 = CARTESIAN_POINT ( 'NONE',  ( -60.56813715821873956, -3.250948166554757712, 87.15281291380958351 ) ) ;
#124 = CARTESIAN_POINT ( 'NONE',  ( -83.52302162674394026, 6.672429209497489744, 81.61468665050804816 ) ) ;
#125 = VERTEX_POINT ( 'NONE', #1075 ) ;
#126 = FACE_OUTER_BOUND ( 'NONE', #1774, .T. ) ;
#127 = CARTESIAN_POINT ( 'NONE',  ( -63.26968088472326457, -2.723667770940637389, 87.00974338772908823 ) ) ;
#128 = APPROVAL_DATE_TIME ( #3653, #2201 ) ;
#129 = CARTESIAN_POINT ( 'NONE',  ( -87.17075577420253296, -9.402587734921677765, 77.72000881847446863 ) ) ;
#130 = ORIENTED_EDGE ( 'NONE', *, *, #2308, .T. ) ;
#131 = ORIENTED_EDGE ( 'NONE', *, *, #2620, .F. ) ;
#132 = CARTESIAN_POINT ( 'NONE',  ( -90.22299222841334654, -10.43210632527389770, 79.91958890136957905 ) ) ;
#133 = CARTESIAN_POINT ( 'NONE',  ( -60.76542879555849908, -3.793599864980734537, 80.99999999999998579 ) ) ;
#134 = ADVANCED_FACE ( 'NONE', ( #1299 ), #319, .T. ) ;
#135 = CARTESIAN_POINT ( 'NONE',  ( -93.20345830020349354, -10.30968602773215181, 75.89557852958640183 ) ) ;
#136 = CARTESIAN_POINT ( 'NONE',  ( -58.56980505994576447, -3.298794686161497403, 89.09999999999999432 ) ) ;
#137 = CARTESIAN_POINT ( 'NONE',  ( -90.21228643076619846, -10.42973583924719172, 75.75633366829040938 ) ) ;
#138 = ORIENTED_EDGE ( 'NONE', *, *, #476, .T. ) ;
#139 = B_SPLINE_CURVE_WITH_KNOTS ( 'NONE', 3,
 ( #972, #2425, #708, #2946, #3204, #692, #1799, #1819, #2364, #3487, #2141, #3289, #2122, #2059, #2343, #630 ),
 .UNSPECIFIED., .F., .F.,
 ( 4, 2, 2, 2, 2, 2, 2, 4 ),
 ( 0.000000000000000000, 0.0002957549108422082040, 0.0005915098216844164080, 0.0008872647325266246662, 0.001183019643368832816, 0.001478774554211040966, 0.001774529465053249332, 0.002366039286737673004 ),
 .UNSPECIFIED. ) ;
#140 = DIRECTION ( 'NONE',  ( -0.9271838545667906439, 0.000000000000000000, -0.3746065934159041322 ) ) ;
#141 = CARTESIAN_POINT ( 'NONE',  ( -62.33208888623794053, -1.148665160109344940, 84.77716648826434209 ) ) ;
#142 = CARTESIAN_POINT ( 'NONE',  ( -66.13472154343412512, -3.666707324323151163, 86.90470447740565874 ) ) ;
#143 = CARTESIAN_POINT ( 'NONE',  ( -93.08548884950909041, -9.474809089274673468, 79.80160025920685030 ) ) ;
#144 = ORIENTED_EDGE ( 'NONE', *, *, #2870, .T. ) ;
#145 = CARTESIAN_POINT ( 'NONE',  ( -66.60251968765568620, 2.225480588405533755, 84.84974689653317625 ) ) ;
#146 = CARTESIAN_POINT ( 'NONE',  ( -62.10979768697883685, -3.736049279202438900, 85.25153761325668711 ) ) ;
#147 = CARTESIAN_POINT ( 'NONE',  ( -87.39651231890681515, -8.263572514023300286, 77.37510853177630565 ) ) ;
#148 = PLANE ( 'NONE',  #557 ) ;
#149 = EDGE_LOOP ( 'NONE', ( #1474, #2194, #1579, #2469 ) ) ;
#150 = LINE ( 'NONE', #2471, #3066 ) ;
#151 = VECTOR ( 'NONE', #403, 1000.000000000000000 ) ;
#152 = EDGE_CURVE ( 'NONE', #2500, #722, #3414, .T. ) ;
#153 = AXIS2_PLACEMENT_3D ( 'NONE', #2329, #2654, #334 ) ;
#154 = CARTESIAN_POINT ( 'NONE',  ( -74.08071987403093317, 5.841618615158065353, 74.13989114451979390 ) ) ;
#155 = CARTESIAN_POINT ( 'NONE',  ( -93.28045792070588504, -7.986307751480237194, 75.40731253178742577 ) ) ;
#156 = CARTESIAN_POINT ( 'NONE',  ( -70.22101181580545415, 4.391909514363149469, 72.94700384990814257 ) ) ;
#157 = MANIFOLD_SOLID_BREP ( 'Basisteil-R2-L2_Button-1', #2481 ) ;
#158 = DIRECTION ( 'NONE',  ( 0.08502343775359154365, 0.01916085923062329707, -0.9961946980917462113 ) ) ;
#159 = ORIENTED_EDGE ( 'NONE', *, *, #2218, .T. ) ;
#160 = CARTESIAN_POINT ( 'NONE',  ( -73.61223610771395442, 7.795523578916711216, 85.41022608295467933 ) ) ;
#161 = CARTESIAN_POINT ( 'NONE',  ( -66.20249905857168926, -3.367516703243862430, 86.90862938474089106 ) ) ;
#162 = CARTESIAN_POINT ( 'NONE',  ( -93.32692249335993040, -11.13164939067810799, 79.89999999999888303 ) ) ;
#163 = VECTOR ( 'NONE', #454, 1000.000000000000000 ) ;
#164 = VERTEX_POINT ( 'NONE', #311 ) ;
#165 = CARTESIAN_POINT ( 'NONE',  ( -62.71511110779744058, -1.470058964952612790, 65.73416240211768979 ) ) ;
#166 = CARTESIAN_POINT ( 'NONE',  ( -68.78214124577846178, -23.69306751008017287, 88.85554795213791124 ) ) ;
#167 = CARTESIAN_POINT ( 'NONE',  ( -71.91373200143787869, 10.00000000000000000, 68.08343100419487826 ) ) ;
#168 = CARTESIAN_POINT ( 'NONE',  ( -92.99958313106711216, -6.541855328303893380, 79.22699954841402814 ) ) ;
#169 = CARTESIAN_POINT ( 'NONE',  ( -87.96900443195819719, -9.924190406961908906, 83.21824281205675788 ) ) ;
#170 = ORIENTED_EDGE ( 'NONE', *, *, #3147, .T. ) ;
#171 = VECTOR ( 'NONE', #485, 1000.000000000000114 ) ;
#172 = CARTESIAN_POINT ( 'NONE',  ( -59.37046672063112140, -3.479231584234161900, 85.17188014711665289 ) ) ;
#173 = CARTESIAN_POINT ( 'NONE',  ( -78.88579881874207445, 6.267536926651486873, 75.33793188130843532 ) ) ;
#174 = CARTESIAN_POINT ( 'NONE',  ( -85.92438532963525688, 1.241437299144214190, 77.39249621449293670 ) ) ;
#175 = CARTESIAN_POINT ( 'NONE',  ( -71.72860445767506121, 5.069827003040438207, 73.94779230500202516 ) ) ;
#176 = EDGE_CURVE ( 'NONE', #164, #215, #2260, .T. ) ;
#177 = CARTESIAN_POINT ( 'NONE',  ( -91.36615517811488019, 19.38220775909731586, 70.01708857342747194 ) ) ;
#178 = VERTEX_POINT ( 'NONE', #3398 ) ;
#179 = CARTESIAN_POINT ( 'NONE',  ( -92.84582018472954701, -10.51068878993172362, 79.53205883932612608 ) ) ;
#180 = CARTESIAN_POINT ( 'NONE',  ( -77.76944153396077297, -0.7455096872558747423, 83.49181493593584946 ) ) ;
#181 = CARTESIAN_POINT ( 'NONE',  ( -92.80317363002660613, -8.667156676465193499, 79.81542843562185396 ) ) ;
#182 = VERTEX_POINT ( 'NONE', #3132 ) ;
#183 = CARTESIAN_POINT ( 'NONE',  ( -62.98695989057051747, -1.146082201440435711, 65.73416240211768979 ) ) ;
#184 = CARTESIAN_POINT ( 'NONE',  ( -77.30978036401531028, -25.61485398484994391, 86.15500035670279999 ) ) ;
#185 = EDGE_CURVE ( 'NONE', #3713, #1011, #1176, .T. ) ;
#186 = CARTESIAN_POINT ( 'NONE',  ( -76.78433088162083209, 8.316270928738946466, 83.76764112093114534 ) ) ;
#187 = CARTESIAN_POINT ( 'NONE',  ( -89.57807612554175591, -10.28681037418228961, 81.46362749171812823 ) ) ;
#188 = B_SPLINE_CURVE_WITH_KNOTS ( 'NONE', 3,
 ( #3701, #2303, #1968, #1132, #542, #2287 ),
 .UNSPECIFIED., .F., .F.,
 ( 4, 2, 4 ),
 ( 0.005065601318307924594, 0.008417851164763406543, 0.01034712131600304744 ),
 .UNSPECIFIED. ) ;
#189 = DIRECTION ( 'NONE',  ( 0.000000000000000000, 0.000000000000000000, 1.000000000000000000 ) ) ;
#190 = EDGE_CURVE ( 'NONE', #595, #2016, #1386, .T. ) ;
#191 = CARTESIAN_POINT ( 'NONE',  ( -92.73589536439064318, -10.99845567470580932, 76.30883075089461443 ) ) ;
#192 = VECTOR ( 'NONE', #803, 1000.000000000000000 ) ;
#193 = VECTOR ( 'NONE', #1234, 1000.000000000000000 ) ;
#194 = CARTESIAN_POINT ( 'NONE',  ( -80.19778238522553693, -4.223845596663293733, 81.40772121557031937 ) ) ;
#195 = CARTESIAN_POINT ( 'NONE',  ( -58.56980505994575736, -3.298794686161497403, 89.09999999999999432 ) ) ;
#196 = LINE ( 'NONE', #2773, #1177 ) ;
#197 = ORIENTED_EDGE ( 'NONE', *, *, #2489, .F. ) ;
#198 = CARTESIAN_POINT ( 'NONE',  ( -71.58268756714166159, -6.231374413495895936, 76.34214641920482336 ) ) ;
#199 = CARTESIAN_POINT ( 'NONE',  ( -77.78318287227367023, -0.2989274050545659422, 83.38602844308509532 ) ) ;
#200 = CARTESIAN_POINT ( 'NONE',  ( -87.80089446392832997, -4.243133903660003092, 81.63355778145778174 ) ) ;
#201 = PERSON_AND_ORGANIZATION ( #18446744073709551615, #18446744073709551615 ) ;
#202 = ORIENTED_EDGE ( 'NONE', *, *, #875, .F. ) ;
#203 = CARTESIAN_POINT ( 'NONE',  ( -90.89311281050379421, -6.024215629180731391, 65.73416240211768979 ) ) ;
#204 = CARTESIAN_POINT ( 'NONE',  ( -69.90226351216088574, -5.852674497150052169, 85.47709776043924990 ) ) ;
#205 = CARTESIAN_POINT ( 'NONE',  ( -66.87130214737106826, 2.374732294913389996, 70.06575086487187320 ) ) ;
#206 = CARTESIAN_POINT ( 'NONE',  ( -61.58593797204390796, 5.732375298094220639, 85.98514016221916734 ) ) ;
#207 = EDGE_CURVE ( 'NONE', #2928, #553, #1375, .T. ) ;
#208 = CARTESIAN_POINT ( 'NONE',  ( -91.63733849728721736, -1.861431781149036180, 74.92777093004072242 ) ) ;
#209 = ORIENTED_EDGE ( 'NONE', *, *, #111, .F. ) ;
#210 = ADVANCED_FACE ( 'NONE', ( #242, #1418 ), #2543, .T. ) ;
#211 = CARTESIAN_POINT ( 'NONE',  ( -91.90537265120134691, -10.05067652216103546, 76.68961015654527102 ) ) ;
#212 = CARTESIAN_POINT ( 'NONE',  ( -58.56980505994575736, -3.298794686161497403, 89.09999999999999432 ) ) ;
#213 = AXIS2_PLACEMENT_3D ( 'NONE', #2107, #2677, #3256 ) ;
#214 = LINE ( 'NONE', #1912, #3393 ) ;
#215 = VERTEX_POINT ( 'NONE', #913 ) ;
#216 = CARTESIAN_POINT ( 'NONE',  ( -74.43694994889081329, 5.928986188258217105, 72.71113035231985577 ) ) ;
#217 = CARTESIAN_POINT ( 'NONE',  ( -86.04003268549818984, -9.489477849217177408, 74.32974535230735569 ) ) ;
#218 = CARTESIAN_POINT ( 'NONE',  ( -83.72015211695074299, -8.966670183706130004, 85.24534527990682875 ) ) ;
#219 = APPROVAL_STATUS ( 'not_yet_approved' ) ;
#220 = EDGE_LOOP ( 'NONE', ( #2913, #2907, #2915, #3112 ) ) ;
#221 = CARTESIAN_POINT ( 'NONE',  ( -91.01476771495575235, -6.898544276714660306, 74.56013552644949982 ) ) ;
#222 = FACE_OUTER_BOUND ( 'NONE', #3478, .T. ) ;
#223 = CARTESIAN_POINT ( 'NONE',  ( -83.17081208237564738, 7.212471629597688505, 81.30515142692634356 ) ) ;
#224 = CIRCLE ( 'NONE', #2805, 0.5000000000000004441 ) ;
#225 = CARTESIAN_POINT ( 'NONE',  ( -91.51438142697169553, -10.72317561989174983, 81.11347048363541035 ) ) ;
#226 = CARTESIAN_POINT ( 'NONE',  ( -86.31275582910504340, -9.712469785679045842, 82.65399618080752475 ) ) ;
#227 = EDGE_CURVE ( 'NONE', #3718, #441, #3187, .T. ) ;
#228 = CARTESIAN_POINT ( 'NONE',  ( -60.52786201597336202, -0.9652732743761696099, 84.83004832859641908 ) ) ;
#229 = VERTEX_POINT ( 'NONE', #1541 ) ;
#230 = CARTESIAN_POINT ( 'NONE',  ( -81.95844900600116034, 7.692054542360181379, 78.19070448630800740 ) ) ;
#231 = CARTESIAN_POINT ( 'NONE',  ( -84.14517445181581934, 4.450665320402958258, 74.37261094790731875 ) ) ;
#232 = CARTESIAN_POINT ( 'NONE',  ( -78.70878580472069075, 6.283466144628444994, 77.99442313582879649 ) ) ;
#233 = DIRECTION ( 'NONE',  ( -0.2415631543416099092, -0.05443860796428761500, -0.9688568936780304064 ) ) ;
#234 = CARTESIAN_POINT ( 'NONE',  ( -87.98891883575578277, -9.223741899937815347, 82.97399003259296535 ) ) ;
#235 = CARTESIAN_POINT ( 'NONE',  ( -82.32388425394370302, -8.652007630906780378, 85.80833322681704090 ) ) ;
#236 = CALENDAR_DATE ( 2026, 4, 4 ) ;
#237 = DIRECTION ( 'NONE',  ( -0.3746065934159131250, 0.000000000000000000, 0.9271838545667868692 ) ) ;
#238 = ORIENTED_EDGE ( 'NONE', *, *, #2281, .F. ) ;
#239 = EDGE_CURVE ( 'NONE', #2221, #992, #1497, .T. ) ;
#240 = CARTESIAN_POINT ( 'NONE',  ( -84.99893843708166230, 4.425908494875034016, 77.27163698114654267 ) ) ;
#241 = DIRECTION ( 'NONE',  ( 0.000000000000000000, -1.000000000000000000, 0.000000000000000000 ) ) ;
#242 = FACE_BOUND ( 'NONE', #3076, .T. ) ;
#243 = CARTESIAN_POINT ( 'NONE',  ( -67.52126321709430101, 5.246217263136059294, 83.34254338741591539 ) ) ;
#244 = CARTESIAN_POINT ( 'NONE',  ( -68.79308968231562460, 6.189631231120090504, 85.30947566967603279 ) ) ;
#245 = CARTESIAN_POINT ( 'NONE',  ( -87.16772763514879330, 4.593361790897286134, 79.86549078986313077 ) ) ;
#246 = CARTESIAN_POINT ( 'NONE',  ( -69.93485950504677362, 5.512920365281861912, 82.75152967025839246 ) ) ;
#247 = CARTESIAN_POINT ( 'NONE',  ( -90.22436825091244827, -8.647610407104721730, 75.45075529848321594 ) ) ;
#248 = CARTESIAN_POINT ( 'NONE',  ( -61.18234153872687386, -0.1852949518748103763, 88.71737162640243923 ) ) ;
#249 = AXIS2_PLACEMENT_3D ( 'NONE', #3352, #3332, #1651 ) ;
#250 = CARTESIAN_POINT ( 'NONE',  ( -78.40985354607929025, -7.769942715640056008, 93.97877380388754887 ) ) ;
#251 = EDGE_CURVE ( 'NONE', #3411, #1470, #2367, .T. ) ;
#252 = CARTESIAN_POINT ( 'NONE',  ( -64.65383251887634231, -4.044691743303356901, 89.20136074516685198 ) ) ;
#253 = CARTESIAN_POINT ( 'NONE',  ( -75.17720459376785413, 8.182151131330241967, 84.85872342047836980 ) ) ;
#254 = VERTEX_POINT ( 'NONE', #352 ) ;
#255 = CARTESIAN_POINT ( 'NONE',  ( -77.69526610456713911, 6.844769349433319050, 80.11496495919138283 ) ) ;
#256 = CARTESIAN_POINT ( 'NONE',  ( -60.46391712712486566, -1.041479825387374936, 88.34798976357815548 ) ) ;
#257 = CARTESIAN_POINT ( 'NONE',  ( -79.83939983614918390, -8.092104885833345307, 86.79040967290018216 ) ) ;
#258 = CARTESIAN_POINT ( 'NONE',  ( -63.07946626030761195, -3.290011704322131081, 86.51890939952657789 ) ) ;
#259 = CARTESIAN_POINT ( 'NONE',  ( -86.46093687400329486, -8.249050992170671393, 82.07861573204580452 ) ) ;
#260 = CARTESIAN_POINT ( 'NONE',  ( -69.97199427522532744, 6.547868013838453294, 86.36770345806581872 ) ) ;
#261 = B_SPLINE_CURVE_WITH_KNOTS ( 'NONE', 3,
 ( #1095, #828, #2562, #3729 ),
 .UNSPECIFIED., .F., .F.,
 ( 4, 4 ),
 ( 0.000000000000000000, 0.01055320257378297537 ),
 .UNSPECIFIED. ) ;
#262 = B_SPLINE_CURVE_WITH_KNOTS ( 'NONE', 3,
 ( #2086, #2634, #2064, #897 ),
 .UNSPECIFIED., .F., .F.,
 ( 4, 4 ),
 ( 0.000000000000000000, 0.003398368301973080791 ),
 .UNSPECIFIED. ) ;
#263 = ORIENTED_EDGE ( 'NONE', *, *, #1942, .T. ) ;
#264 = EDGE_CURVE ( 'NONE', #1569, #768, #710, .T. ) ;
#265 = CARTESIAN_POINT ( 'NONE',  ( -63.59420801358415787, -0.4881953198033297525, 74.94520865455611158 ) ) ;
#266 = DIRECTION ( 'NONE',  ( 0.5191171716793717694, 0.000000000000000000, -0.8547030841570711912 ) ) ;
#267 = VECTOR ( 'NONE', #575, 1000.000000000000000 ) ;
#268 = LINE ( 'NONE', #2858, #267 ) ;
#269 = CARTESIAN_POINT ( 'NONE',  ( -75.37647295685134452, -2.329250717280563432, 84.69149824570907015 ) ) ;
#270 = CARTESIAN_POINT ( 'NONE',  ( -76.46399882567000361, 0.6132327333839378003, 85.69395637028320323 ) ) ;
#271 = ORIENTED_EDGE ( 'NONE', *, *, #3188, .T. ) ;
#272 = CARTESIAN_POINT ( 'NONE',  ( -84.68399153880500307, 4.040955301626095952, 76.82384535360048972 ) ) ;
#273 = ADVANCED_FACE ( 'NONE', ( #3208 ), #107, .F. ) ;
#274 = CARTESIAN_POINT ( 'NONE',  ( -63.96373710364092346, -14.08234068259056926, 74.78745241897506446 ) ) ;
#275 = EDGE_CURVE ( 'NONE', #422, #3192, #2652, .T. ) ;
#276 = CARTESIAN_POINT ( 'NONE',  ( -59.37046645590079663, -3.479231524574394108, 88.57101345230907441 ) ) ;
#277 = CARTESIAN_POINT ( 'NONE',  ( -84.71519259344476893, 6.442047806436169033, 77.07318446997675210 ) ) ;
#278 = CARTESIAN_POINT ( 'NONE',  ( -80.55153337783507084, -4.547294769463972486, 83.88382689877781218 ) ) ;
#279 = AXIS2_PLACEMENT_3D ( 'NONE', #1884, #1053, #2110 ) ;
#280 = CARTESIAN_POINT ( 'NONE',  ( -80.53373209457906512, 7.640302271563838232, 82.82805426849026276 ) ) ;
#281 = ORIENTED_EDGE ( 'NONE', *, *, #550, .T. ) ;
#282 = CARTESIAN_POINT ( 'NONE',  ( -65.21311785899332847, 3.674534460459901286, 87.67113084458564742 ) ) ;
#283 = CARTESIAN_POINT ( 'NONE',  ( -63.24995212117678989, -0.8564396805137876045, 75.17446110495814082 ) ) ;
#284 = CARTESIAN_POINT ( 'NONE',  ( -91.83902695901200275, -10.79636019957662363, 78.90655358778475659 ) ) ;
#285 = CARTESIAN_POINT ( 'NONE',  ( -69.68268756714165590, -14.08234068259056926, 74.44214641920480346 ) ) ;
#286 = CARTESIAN_POINT ( 'NONE',  ( -73.81438125492577740, -0.5958909038797753910, 84.77575555116831652 ) ) ;
#287 = CARTESIAN_POINT ( 'NONE',  ( -76.72887912827593482, -7.391118769670326216, 87.63851536328958503 ) ) ;
#288 = EDGE_CURVE ( 'NONE', #2307, #1483, #3511, .T. ) ;
#289 = EDGE_LOOP ( 'NONE', ( #2350, #1070, #3064, #2331 ) ) ;
#290 = CARTESIAN_POINT ( 'NONE',  ( -67.04043752606727935, 3.107647415170182725, 83.66607814597007575 ) ) ;
#291 = LINE ( 'NONE', #3114, #2355 ) ;
#292 = AXIS2_PLACEMENT_3D ( 'NONE', #2348, #3211, #2393 ) ;
#293 = CARTESIAN_POINT ( 'NONE',  ( -61.20574146926595915, -3.892828611560973151, 88.67965717637910927 ) ) ;
#294 = B_SPLINE_CURVE_WITH_KNOTS ( 'NONE', 3,
 ( #965, #1871, #737, #3585, #2190, #1265, #3603, #984, #1549, #1340, #2113, #2153, #1020, #2718, #3014, #687, #1833, #2435, #2419, #1603, #1302, #1891, #1566, #2980 ),
 .UNSPECIFIED., .F., .F.,
 ( 4, 2, 2, 2, 2, 2, 2, 2, 2, 2, 2, 4 ),
 ( 0.000000000000000000, 0.001131180077316534978, 0.002262360154633069956, 0.004524720309266082666, 0.009049440618532073391, 0.01809888123706403923, 0.02714832185559599639, 0.02941068201022901951, 0.03167304216486204610, 0.03393540231949506575, 0.03506658239681158251, 0.03619776247412809927 ),
 .UNSPECIFIED. ) ;
#295 = CARTESIAN_POINT ( 'NONE',  ( -86.66907378336560441, -6.128216817431300534, 81.22390244599544928 ) ) ;
#296 = CARTESIAN_POINT ( 'NONE',  ( -76.91693067468578704, 7.877014857453545460, 84.25966887627939172 ) ) ;
#297 = EDGE_LOOP ( 'NONE', ( #3680, #1134, #2182, #1051, #562, #2291 ) ) ;
#298 = CARTESIAN_POINT ( 'NONE',  ( -59.08341279175274963, -3.306917587117383484, 85.12451632765390741 ) ) ;
#299 = VERTEX_POINT ( 'NONE', #3254 ) ;
#300 = DIRECTION ( 'NONE',  ( 0.000000000000000000, -1.000000000000000000, 0.000000000000000000 ) ) ;
#301 = CARTESIAN_POINT ( 'NONE',  ( -69.85925036441113889, 4.207405940224720808, 82.03380253072728578 ) ) ;
#302 = CARTESIAN_POINT ( 'NONE',  ( -87.41926617722739934, -9.800301540654963617, 81.49039848950845055 ) ) ;
#303 = CARTESIAN_POINT ( 'NONE',  ( -91.53312489125748641, -10.04775966616735516, 80.92534496378945619 ) ) ;
#304 = CARTESIAN_POINT ( 'NONE',  ( -72.23215357742677156, 4.076942455454616976, 86.34849965204986688 ) ) ;
#305 = ORIENTED_EDGE ( 'NONE', *, *, #516, .F. ) ;
#306 = CARTESIAN_POINT ( 'NONE',  ( -64.87448202818482912, 1.496675784548451071, 86.23478354418583081 ) ) ;
#307 = B_SPLINE_CURVE_WITH_KNOTS ( 'NONE', 3,
 ( #556, #1776, #3117, #3434, #2834, #1212, #2559, #652, #841, #277, #549, #1798, #2818, #2079, #3506, #1959, #566, #243, #2579, #2261, #3708, #346 ),
 .UNSPECIFIED., .F., .F.,
 ( 4, 1, 1, 1, 1, 1, 1, 1, 1, 1, 1, 1, 1, 1, 1, 1, 1, 1, 1, 4 ),
 ( 0.01299493887014632233, 0.06651015090651560269, 0.1330203018130410308, 0.1995304527195664868, 0.2660406036260918872, 0.3325507545326173986, 0.3658058299858801266, 0.3990609054391428545, 0.4323159808924055270, 0.4655710563456683104, 0.4988261317989310939, 0.5320812072521937663, 0.5905710563456695317, 0.6490609054391454080, 0.7075507545326210623, 0.7660406036260968277, 0.8245304527195728150, 0.8830203018130483583, 0.9415101509065240126, 1.000000000000000000 ),
 .UNSPECIFIED. ) ;
#308 = B_SPLINE_CURVE_WITH_KNOTS ( 'NONE', 3,
 ( #3171, #2951, #3190, #1522 ),
 .UNSPECIFIED., .F., .F.,
 ( 4, 4 ),
 ( 0.01565255641405681117, 0.01839686233832218271 ),
 .UNSPECIFIED. ) ;
#309 = CARTESIAN_POINT ( 'NONE',  ( -60.21652286165581103, -3.669898570276042271, 85.23414329158273972 ) ) ;
#310 = EDGE_LOOP ( 'NONE', ( #2151, #1830, #3305, #263 ) ) ;
#311 = CARTESIAN_POINT ( 'NONE',  ( -69.68268756714104484, 4.114301578123556347, 72.89214641920480631 ) ) ;
#312 = CARTESIAN_POINT ( 'NONE',  ( -69.64473042252465973, 0.3493146208725062540, 83.62116465114790742 ) ) ;
#313 = PLANE ( 'NONE',  #292 ) ;
#314 = CARTESIAN_POINT ( 'NONE',  ( -83.25936778653255033, 7.174166429821430491, 81.66090197293526387 ) ) ;
#315 = B_SPLINE_CURVE_WITH_KNOTS ( 'NONE', 3,
 ( #1644, #2795, #3326, #2759 ),
 .UNSPECIFIED., .F., .F.,
 ( 4, 4 ),
 ( 1.964531255190340430E-17, 0.0006007816969048196528 ),
 .UNSPECIFIED. ) ;
#316 = EDGE_LOOP ( 'NONE', ( #3096, #3056, #2793, #1837, #2977, #405 ) ) ;
#317 = DIRECTION ( 'NONE',  ( 0.2198462043528367771, -0.9755345439458568135, -5.759211669987095965E-17 ) ) ;
#318 = ORIENTED_EDGE ( 'NONE', *, *, #2097, .T. ) ;
#319 =( BOUNDED_SURFACE ( )  B_SPLINE_SURFACE ( 3, 2, ( 
 ( #1372, #1037, #458 ),
 ( #3070, #2225, #734 ),
 ( #1354, #753, #1888 ),
 ( #2505, #2767, #2449 ),
 ( #1906, #225, #3049 ),
 ( #2487, #3370, #2187 ),
 ( #187, #792, #2526 ),
 ( #1091, #169, #2243 ),
 ( #1318, #3639, #2468 ),
 ( #3384, #1016, #1867 ),
 ( #3010, #257, #2027 ),
 ( #1686, #1741, #1401 ),
 ( #1724, #548, #3116 ),
 ( #2557, #1437, #1977 ),
 ( #2833, #3721, #3707 ),
 ( #3169, #1137, #2817 ),
 ( #3151, #877, #598 ),
 ( #2867, #2008, #565 ),
 ( #1108, #2595, #1125 ),
 ( #293, #825, #2295 ),
 ( #3433, #860, #583 ),
 ( #9, #2277, #1154 ),
 ( #2848, #2311, #3453 ),
 ( #276, #532, #25 ) ),
 .UNSPECIFIED., .F., .F., .F. ) 
 B_SPLINE_SURFACE_WITH_KNOTS ( ( 4, 2, 2, 2, 2, 2, 2, 2, 2, 2, 2, 4 ),
 ( 3, 3 ),
 ( 1.544988095791843818E-18, 0.001131180077316532809, 0.002262360154633063884, 0.004524720309266126034, 0.009049440618532250333, 0.01809888123706450067, 0.02714832185559674926, 0.02941068201022981055, 0.03167304216486287183, 0.03393540231949593311, 0.03506658239681247069, 0.03619776247412900133 ),
 ( 0.000000000000000000, 1.000000000000000000 ),
 .UNSPECIFIED. ) 
 GEOMETRIC_REPRESENTATION_ITEM ( )  RATIONAL_B_SPLINE_SURFACE ( (
 ( 1.000000000000000000, 0.6142841751318535159, 1.000000000000000000),
 ( 1.000000000000000000, 0.6025266519956969935, 1.000000000000000000),
 ( 1.000000000000000000, 0.5956006729391943866, 1.000000000000000000),
 ( 1.000000000000000000, 0.5845574826827161230, 1.000000000000000000),
 ( 1.000000000000000000, 0.5806854902402394103, 1.000000000000000000),
 ( 1.000000000000000000, 0.5707436190518494490, 1.000000000000000000),
 ( 1.000000000000000000, 0.5668426806768379622, 1.000000000000000000),
 ( 1.000000000000000000, 0.5588991436748259600, 1.000000000000000000),
 ( 1.000000000000000000, 0.5582642196033341664, 1.000000000000000000),
 ( 1.000000000000000000, 0.5617192776880558513, 1.000000000000000000),
 ( 1.000000000000000000, 0.5707768532580244081, 1.000000000000000000),
 ( 1.000000000000000000, 0.5895615961039872843, 1.000000000000000000),
 ( 1.000000000000000000, 0.5997644076863379858, 1.000000000000000000),
 ( 1.000000000000000000, 0.6134016914728608327, 1.000000000000000000),
 ( 1.000000000000000000, 0.6161789836256603703, 1.000000000000000000),
 ( 1.000000000000000000, 0.6217594122003955448, 1.000000000000000000),
 ( 1.000000000000000000, 0.6245839054158274228, 1.000000000000000000),
 ( 1.000000000000000000, 0.6301350899813026318, 1.000000000000000000),
 ( 1.000000000000000000, 0.6328934053014545480, 1.000000000000000000),
 ( 1.000000000000000000, 0.6362122155774242449, 1.000000000000000000),
 ( 1.000000000000000000, 0.6368215924482346635, 1.000000000000000000),
 ( 1.000000000000000000, 0.6400696642931286151, 1.000000000000000000),
 ( 1.000000000000000000, 0.6418818773136855116, 1.000000000000000000),
 ( 1.000000000000000000, 0.6500141504659828762, 1.000000000000000000) ) ) 
 REPRESENTATION_ITEM ( '' )  SURFACE ( )  );
#320 = CARTESIAN_POINT ( 'NONE',  ( -75.02656734717007225, 1.810149722995958443, 83.91191812193886790 ) ) ;
#321 = CARTESIAN_POINT ( 'NONE',  ( -60.86093584895085939, -1.306898775473208207, 88.85023689108402323 ) ) ;
#322 = CARTESIAN_POINT ( 'NONE',  ( -67.78268756714166443, -5.375007428109802810, 76.34214641920482336 ) ) ;
#323 = CARTESIAN_POINT ( 'NONE',  ( -93.03890295265914290, -10.54274856746512157, 76.03182201944549945 ) ) ;
#324 = FACE_OUTER_BOUND ( 'NONE', #1809, .T. ) ;
#325 = CARTESIAN_POINT ( 'NONE',  ( -81.62668000762795373, 6.389171770217337176, 82.53891905477752289 ) ) ;
#326 = ORIENTED_EDGE ( 'NONE', *, *, #3441, .T. ) ;
#327 = CARTESIAN_POINT ( 'NONE',  ( -88.18377291637632709, 1.279125870026844636, 76.18039552136447412 ) ) ;
#328 = FACE_OUTER_BOUND ( 'NONE', #2639, .T. ) ;
#329 = CARTESIAN_POINT ( 'NONE',  ( -91.34644233332130625, -10.26337288176163298, 73.92390926586988087 ) ) ;
#330 = B_SPLINE_SURFACE_WITH_KNOTS ( 'NONE', 1, 3, ( 
 ( #1921, #2744, #2763, #166, #1072, #184, #1242, #2241, #1369, #3616 ),
 ( #1939, #1032, #1954, #1331, #474, #3367, #729, #2781, #2185, #1904 ) ),
 .UNSPECIFIED., .F., .F., .F.,
 ( 2, 2 ),
 ( 4, 2, 2, 2, 4 ),
 ( 0.000000000000000000, 1.000000000000000000 ),
 ( 4.729133307347011872, 4.887312544729130792, 5.045491782111250600, 5.203671019493369521, 5.361850256875488441 ),
 .UNSPECIFIED. ) ;
#331 = VERTEX_POINT ( 'NONE', #1823 ) ;
#332 = CARTESIAN_POINT ( 'NONE',  ( -62.84974896768878949, -3.921628632232013967, 85.33763025948294967 ) ) ;
#333 = CARTESIAN_POINT ( 'NONE',  ( -79.03768954595909690, -3.906343184069805741, 81.79769995972826280 ) ) ;
#334 = DIRECTION ( 'NONE',  ( 0.000000000000000000, 0.000000000000000000, -1.000000000000000000 ) ) ;
#335 = CARTESIAN_POINT ( 'NONE',  ( -79.19093562486396820, 8.248665592688347203, 83.30589290470437902 ) ) ;
#336 = ORIENTED_EDGE ( 'NONE', *, *, #2397, .T. ) ;
#337 = CARTESIAN_POINT ( 'NONE',  ( -87.10591426974959006, -9.729684638450269318, 77.81894600395609984 ) ) ;
#338 = ORIENTED_EDGE ( 'NONE', *, *, #579, .F. ) ;
#339 = CARTESIAN_POINT ( 'NONE',  ( -64.80777804666834641, -3.499999999999999556, 77.14066190529230482 ) ) ;
#340 = DIRECTION ( 'NONE',  ( 0.000000000000000000, 0.000000000000000000, 1.000000000000000000 ) ) ;
#341 = CARTESIAN_POINT ( 'NONE',  ( -85.43392387456037795, -9.462218122317969105, 74.69393226764552196 ) ) ;
#342 = DIRECTION ( 'NONE',  ( 0.000000000000000000, 1.000000000000000000, 0.000000000000000000 ) ) ;
#343 = CARTESIAN_POINT ( 'NONE',  ( -67.44951299385297716, -0.07524014540409715290, 88.09418654814527372 ) ) ;
#344 = ORIENTED_EDGE ( 'NONE', *, *, #820, .F. ) ;
#345 = CARTESIAN_POINT ( 'NONE',  ( -91.81547285797766733, -8.982671174055044006, 78.48801428156333770 ) ) ;
#346 = CARTESIAN_POINT ( 'NONE',  ( -61.18302222159698545, -0.1844837456189377944, 84.72643468610804973 ) ) ;
#347 = CARTESIAN_POINT ( 'NONE',  ( -87.35389792867357528, -8.626129442370801925, 77.81099305990206005 ) ) ;
#348 = VECTOR ( 'NONE', #2139, 1000.000000000000000 ) ;
#349 = CARTESIAN_POINT ( 'NONE',  ( -63.79742936927326724, -20.32202039797827098, 80.99999999999998579 ) ) ;
#350 = EDGE_CURVE ( 'NONE', #331, #3137, #2970, .T. ) ;
#351 = ORIENTED_EDGE ( 'NONE', *, *, #3444, .T. ) ;
#352 = CARTESIAN_POINT ( 'NONE',  ( -70.80310638391165412, 1.300000000000000711, 70.26535031824579391 ) ) ;
#353 = CC_DESIGN_DATE_AND_TIME_ASSIGNMENT ( #3670, #1050, ( #3695 ) ) ;
#354 = FACE_OUTER_BOUND ( 'NONE', #1046, .T. ) ;
#355 = CARTESIAN_POINT ( 'NONE',  ( -76.56695587690769855, 1.335370750796088554E-14, 82.41894324877992517 ) ) ;
#356 = CARTESIAN_POINT ( 'NONE',  ( -85.70398408815918856, 5.769992555065381445, 80.68442151510251392 ) ) ;
#357 = ORIENTED_EDGE ( 'NONE', *, *, #1098, .T. ) ;
#358 = CARTESIAN_POINT ( 'NONE',  ( -68.83864662411423296, 3.642428404968099276, 73.03893693288756594 ) ) ;
#359 = ORIENTED_EDGE ( 'NONE', *, *, #1317, .T. ) ;
#360 = CARTESIAN_POINT ( 'NONE',  ( -62.33204315830429465, -1.148693143884660151, 86.77704220637497201 ) ) ;
#361 = DIRECTION ( 'NONE',  ( 0.000000000000000000, 0.000000000000000000, 1.000000000000000000 ) ) ;
#362 = B_SPLINE_SURFACE_WITH_KNOTS ( 'NONE', 5, 5, ( 
 ( #2488, #2787, #1580, #206, #1281, #983, #2133, #1853, #1565, #3678, #1652, #2803 ),
 ( #1373, #2820, #244, #2528, #1688, #1110, #1439, #1076, #3659, #2226, #3386, #1388 ),
 ( #3400, #809, #2263, #793, #1093, #2246, #1960, #827, #551, #2297, #3118, #3371 ),
 ( #1943, #3085, #3435, #3101, #862, #2835, #1979, #278, #1669, #1992, #2545, #2010 ),
 ( #1725, #1126, #3153, #585, #3694, #534, #2869, #295, #517, #259, #1705, #226 ),
 ( #1403, #2561, #1421, #3709, #2851, #567, #3134, #2580, #2280, #3416, #3724, #842 ) ),
 .UNSPECIFIED., .F., .F., .F.,
 ( 6, 6 ),
 ( 6, 3, 3, 6 ),
 ( -12.37005447126875346, 21.72737028740693432 ),
 ( -10.87636964256334693, -3.035989722742351127, 0.5127919759324637283, 4.436871660997103284 ),
 .UNSPECIFIED. ) ;
#363 = CARTESIAN_POINT ( 'NONE',  ( -74.08071987403091896, -6.794330307199825114, 74.13989114451979390 ) ) ;
#364 = CARTESIAN_POINT ( 'NONE',  ( -64.80777804667603448, 0.6874290493112716893, 79.64066190529226219 ) ) ;
#365 = CARTESIAN_POINT ( 'NONE',  ( -61.96247637324380264, -1.815673066950080239, 88.89168922344740054 ) ) ;
#366 = EDGE_LOOP ( 'NONE', ( #727, #1626, #3018, #2167, #866, #3457, #1175, #3580, #2646, #2163, #1425, #3186, #620, #1502, #1274, #3689, #3588, #2043, #1490, #1937, #2273, #2888, #3238, #3537, #3562, #2463, #1390, #3001, #2875, #447 ) ) ;
#367 = B_SPLINE_CURVE_WITH_KNOTS ( 'NONE', 3,
 ( #2517, #1572, #3668, #2235 ),
 .UNSPECIFIED., .F., .F.,
 ( 4, 4 ),
 ( 4.867445203917508613E-16, 0.0004733627239391406346 ),
 .UNSPECIFIED. ) ;
#368 = CARTESIAN_POINT ( 'NONE',  ( -82.75743387220752822, 5.883945565330177097, 78.11299921086634868 ) ) ;
#369 = DIRECTION ( 'NONE',  ( 0.3746065934159131805, 0.000000000000000000, -0.9271838545667869802 ) ) ;
#370 = CARTESIAN_POINT ( 'NONE',  ( -87.37291886846585953, -8.764777697668158396, 78.37148712298059650 ) ) ;
#371 = CARTESIAN_POINT ( 'NONE',  ( -69.62275239356625889, -5.789683946088803879, 86.99372506645876513 ) ) ;
#372 = EDGE_CURVE ( 'NONE', #422, #2228, #1991, .T. ) ;
#373 = ORIENTED_EDGE ( 'NONE', *, *, #378, .F. ) ;
#374 = CARTESIAN_POINT ( 'NONE',  ( -63.07016837250743890, -1.057198492745705654, 78.94770274589366466 ) ) ;
#375 = ADVANCED_FACE ( 'NONE', ( #126 ), #3272, .F. ) ;
#376 = AXIS2_PLACEMENT_3D ( 'NONE', #928, #2324, #1452 ) ;
#377 = VECTOR ( 'NONE', #2906, 1000.000000000000000 ) ;
#378 = EDGE_CURVE ( 'NONE', #1325, #3568, #3200, .T. ) ;
#379 = CARTESIAN_POINT ( 'NONE',  ( -59.30176872567378865, -3.463749822433357828, 85.16795878049076407 ) ) ;
#380 = DIRECTION ( 'NONE',  ( 0.000000000000000000, 1.000000000000000000, 0.000000000000000000 ) ) ;
#381 = PLANE ( 'NONE',  #1594 ) ;
#382 = ORIENTED_EDGE ( 'NONE', *, *, #2645, .T. ) ;
#383 = CARTESIAN_POINT ( 'NONE',  ( -91.34644233332130625, -10.26337288176163298, 72.92854986107319348 ) ) ;
#384 = EDGE_LOOP ( 'NONE', ( #741, #3731, #85, #3495 ) ) ;
#385 = CARTESIAN_POINT ( 'NONE',  ( -67.91068797269883817, 3.668216511974626393, 85.42513757091370508 ) ) ;
#386 = CARTESIAN_POINT ( 'NONE',  ( -85.55488482236020786, 1.300000000000000711, 74.20878440450752578 ) ) ;
#387 = CARTESIAN_POINT ( 'NONE',  ( -65.65181898969576935, 1.414787272007490104, 79.49387139160954519 ) ) ;
#388 = CARTESIAN_POINT ( 'NONE',  ( -61.10297952571420410, -2.193603801920411822, 88.95968258249898497 ) ) ;
#389 = ORIENTED_EDGE ( 'NONE', *, *, #1098, .F. ) ;
#390 = CARTESIAN_POINT ( 'NONE',  ( -72.55194315395955584, 5.989999738789534511, 84.01123359238575006 ) ) ;
#391 = CARTESIAN_POINT ( 'NONE',  ( -62.87843662395241040, 0.9322772963242019761, 88.48541751467574557 ) ) ;
#392 = CARTESIAN_POINT ( 'NONE',  ( -61.63026737048841852, -1.984988389937970776, 86.92622376003225781 ) ) ;
#393 = CARTESIAN_POINT ( 'NONE',  ( -74.14928268286269031, 7.435972057566733184, 85.28391485239666281 ) ) ;
#394 = EDGE_CURVE ( 'NONE', #467, #3600, #2346, .T. ) ;
#395 = ORIENTED_EDGE ( 'NONE', *, *, #3252, .F. ) ;
#396 = CARTESIAN_POINT ( 'NONE',  ( -89.83432885091782794, -10.34455941996848338, 75.36584019704052650 ) ) ;
#397 = AXIS2_PLACEMENT_3D ( 'NONE', #3282, #701, #2752 ) ;
#398 = ADVANCED_FACE ( 'NONE', ( #490 ), #3180, .T. ) ;
#399 = CARTESIAN_POINT ( 'NONE',  ( -58.80526767456280623, -3.278004717327983819, 85.10705218075629830 ) ) ;
#400 = ADVANCED_FACE ( 'NONE', ( #1031 ), #1350, .F. ) ;
#401 = CARTESIAN_POINT ( 'NONE',  ( -62.78406500833362713, -4.248519182909396896, 85.42665522748821161 ) ) ;
#402 =( GEOMETRIC_REPRESENTATION_CONTEXT ( 3 ) GLOBAL_UNCERTAINTY_ASSIGNED_CONTEXT ( ( #750 ) ) GLOBAL_UNIT_ASSIGNED_CONTEXT ( ( #3346, #1646, #2128 ) ) REPRESENTATION_CONTEXT ( 'NONE', 'WORKASPACE' ) );
#403 = DIRECTION ( 'NONE',  ( 0.000000000000000000, 1.000000000000000000, 0.000000000000000000 ) ) ;
#404 = ORIENTED_EDGE ( 'NONE', *, *, #2746, .F. ) ;
#405 = ORIENTED_EDGE ( 'NONE', *, *, #1423, .F. ) ;
#406 = DIRECTION ( 'NONE',  ( -0.000000000000000000, -1.000000000000000000, -0.000000000000000000 ) ) ;
#407 = DIRECTION ( 'NONE',  ( -0.000000000000000000, -0.000000000000000000, -1.000000000000000000 ) ) ;
#408 = CARTESIAN_POINT ( 'NONE',  ( -93.32692249335993040, -11.13164939067811332, 75.89999999999888303 ) ) ;
#409 = CARTESIAN_POINT ( 'NONE',  ( -59.29174389886797059, -3.389334172590479088, 89.15128760024852284 ) ) ;
#410 = ORIENTED_EDGE ( 'NONE', *, *, #1042, .F. ) ;
#411 = CARTESIAN_POINT ( 'NONE',  ( -88.06741275267658864, -8.921288653973117988, 77.05786974444473003 ) ) ;
#412 = CARTESIAN_POINT ( 'NONE',  ( -66.99803835799950491, 4.866714164967985035, 86.94691882169189512 ) ) ;
#413 = CARTESIAN_POINT ( 'NONE',  ( -60.92178523429333836, -2.829519718178201693, 87.07505066955987161 ) ) ;
#414 = CARTESIAN_POINT ( 'NONE',  ( -84.04166007099529168, -9.039125130373076189, 83.13368209041487944 ) ) ;
#415 = EDGE_LOOP ( 'NONE', ( #2035, #634, #2659, #1889, #890, #138 ) ) ;
#416 = CARTESIAN_POINT ( 'NONE',  ( -63.07848412150605810, -2.783277554148286814, 85.02761158185107604 ) ) ;
#417 = CIRCLE ( 'NONE', #886, 0.5000000000000004441 ) ;
#418 = APPLICATION_CONTEXT ( 'configuration controlled 3d designs of mechanical parts and assemblies' ) ;
#419 = CARTESIAN_POINT ( 'NONE',  ( -64.24804693025265578, -2.938381453679034028, 87.00489982222511287 ) ) ;
#420 = APPLICATION_PROTOCOL_DEFINITION ( 'international standard', 'config_control_design', 1994, #1702 ) ;
#421 = CARTESIAN_POINT ( 'NONE',  ( -71.91373200143785027, -6.305978498824962308, 68.08343100419486404 ) ) ;
#422 = VERTEX_POINT ( 'NONE', #1012 ) ;
#423 = EDGE_CURVE ( 'NONE', #331, #125, #2501, .T. ) ;
#424 = B_SPLINE_CURVE_WITH_KNOTS ( 'NONE', 3,
 ( #1855, #1000, #443, #3336, #1581, #2732, #173, #2998, #3301, #755, #427, #154 ),
 .UNSPECIFIED., .F., .F.,
 ( 4, 2, 2, 2, 2, 4 ),
 ( 1.411962612463446054E-17, 0.002286892483794017439, 0.003430338725691043072, 0.004573784967588068705, 0.006860677451382149461, 0.009147569935176231085 ),
 .UNSPECIFIED. ) ;
#425 = EDGE_LOOP ( 'NONE', ( #1754, #761, #918, #1717 ) ) ;
#426 = LINE ( 'NONE', #1601, #2520 ) ;
#427 = CARTESIAN_POINT ( 'NONE',  ( -74.80812759054563799, 6.026242779441163044, 74.32125425773112681 ) ) ;
#428 = CARTESIAN_POINT ( 'NONE',  ( -90.17930156151375343, 0.9785900854671896187, 75.15622443039954703 ) ) ;
#429 = CARTESIAN_POINT ( 'NONE',  ( -87.80360781996238018, -7.712030748013479098, 80.52844690782349346 ) ) ;
#430 = ORIENTED_EDGE ( 'NONE', *, *, #2918, .F. ) ;
#431 = CYLINDRICAL_SURFACE ( 'NONE', #1976, 0.5000000000000004441 ) ;
#432 = CARTESIAN_POINT ( 'NONE',  ( -83.34778806306700005, -8.882754319944043075, 74.17380019210625619 ) ) ;
#433 = CARTESIAN_POINT ( 'NONE',  ( -77.78355646714902605, -0.5960155463347218685, 83.45257751144823999 ) ) ;
#434 = CARTESIAN_POINT ( 'NONE',  ( -65.88099961459245435, -4.946443538884678581, 87.29139049864740230 ) ) ;
#435 = VERTEX_POINT ( 'NONE', #2222 ) ;
#436 = CARTESIAN_POINT ( 'NONE',  ( -90.55818273766328730, -5.001118452210255860, 74.59725048120760960 ) ) ;
#437 = EDGE_CURVE ( 'NONE', #2608, #299, #2353, .T. ) ;
#438 = CARTESIAN_POINT ( 'NONE',  ( -58.56980505994575736, -3.298794686161497403, 85.09999999999999432 ) ) ;
#439 = CARTESIAN_POINT ( 'NONE',  ( -87.42726464537878428, 1.300000000000000266, 75.19092794101965183 ) ) ;
#440 = VERTEX_POINT ( 'NONE', #2798 ) ;
#441 = VERTEX_POINT ( 'NONE', #3044 ) ;
#442 = DIRECTION ( 'NONE',  ( 0.000000000000000000, 0.000000000000000000, 1.000000000000000000 ) ) ;
#443 = CARTESIAN_POINT ( 'NONE',  ( -81.43464085298029431, 5.753858074052127236, 75.97342957526782925 ) ) ;
#444 = CARTESIAN_POINT ( 'NONE',  ( -85.57554731168754358, 4.403947676836107661, 76.98079359614898465 ) ) ;
#445 = CARTESIAN_POINT ( 'NONE',  ( -86.55854646749460812, -9.606329976683047889, 72.25010016170050164 ) ) ;
#446 = FACE_OUTER_BOUND ( 'NONE', #29, .T. ) ;
#447 = ORIENTED_EDGE ( 'NONE', *, *, #2158, .F. ) ;
#448 = CARTESIAN_POINT ( 'NONE',  ( -65.42797936912326406, -4.844351017323323738, 69.70589007911355850 ) ) ;
#449 = CARTESIAN_POINT ( 'NONE',  ( -72.41447915102587274, 6.955212365070873481, 85.89187903303326266 ) ) ;
#450 = CARTESIAN_POINT ( 'NONE',  ( -64.09504187791608842, -2.759112302811877804, 84.90835222055642362 ) ) ;
#451 = CARTESIAN_POINT ( 'NONE',  ( -63.22045543624736297, 1.265097634381770808, 88.41730083044548394 ) ) ;
#452 = ORIENTED_EDGE ( 'NONE', *, *, #350, .F. ) ;
#453 = CARTESIAN_POINT ( 'NONE',  ( -88.33616203146189605, 0.3194501054569939269, 65.73416240211768979 ) ) ;
#454 = DIRECTION ( 'NONE',  ( -0.000000000000000000, -0.000000000000000000, 1.000000000000000000 ) ) ;
#455 = CARTESIAN_POINT ( 'NONE',  ( -69.03825845178201348, 3.776977991999870277, 70.60603375249914393 ) ) ;
#456 = DIRECTION ( 'NONE',  ( -0.9075829487463481504, -0.2045326510019164767, -0.3666873134143203150 ) ) ;
#457 = AXIS2_PLACEMENT_3D ( 'NONE', #640, #588, #865 ) ;
#458 = CARTESIAN_POINT ( 'NONE',  ( -93.11382624099434224, -10.44535554431279323, 79.94907720920997463 ) ) ;
#459 = ORIENTED_EDGE ( 'NONE', *, *, #914, .F. ) ;
#460 = EDGE_CURVE ( 'NONE', #3207, #3328, #1675, .T. ) ;
#461 = CARTESIAN_POINT ( 'NONE',  ( -66.02671217841947282, -3.954202257503840023, 86.42278836265653297 ) ) ;
#462 = AXIS2_PLACEMENT_3D ( 'NONE', #1250, #1836, #3526 ) ;
#463 = LINE ( 'NONE', #2473, #1900 ) ;
#464 = CARTESIAN_POINT ( 'NONE',  ( -91.43404987464589340, -10.70507212274527831, 77.18796270061322673 ) ) ;
#465 = CARTESIAN_POINT ( 'NONE',  ( -72.06334739280762847, 5.200850600577973104, 74.61409107955165609 ) ) ;
#466 = CARTESIAN_POINT ( 'NONE',  ( -89.39140164778658004, 19.82723768744005355, 71.28407825352886107 ) ) ;
#467 = VERTEX_POINT ( 'NONE', #7 ) ;
#468 = FACE_OUTER_BOUND ( 'NONE', #289, .T. ) ;
#469 = CARTESIAN_POINT ( 'NONE',  ( -60.21652286165581103, -3.669898570276042271, 85.23415156951969607 ) ) ;
#470 = CARTESIAN_POINT ( 'NONE',  ( -87.84431502538247116, -9.178578960888399862, 83.03590277791307983 ) ) ;
#471 = VECTOR ( 'NONE', #3330, 1000.000000000000114 ) ;
#472 = ORIENTED_EDGE ( 'NONE', *, *, #2238, .F. ) ;
#473 = CARTESIAN_POINT ( 'NONE',  ( -90.11561885396902483, -3.599376998336397904, 74.69571359504919883 ) ) ;
#474 = CARTESIAN_POINT ( 'NONE',  ( -78.67925666340165947, 22.24132382095048754, 75.96742282180213124 ) ) ;
#475 = CARTESIAN_POINT ( 'NONE',  ( -69.56191400275338310, 6.316889513831083214, 86.22290628218753739 ) ) ;
#476 = EDGE_CURVE ( 'NONE', #2016, #2844, #2845, .T. ) ;
#477 = DIRECTION ( 'NONE',  ( 0.000000000000000000, 1.000000000000000000, 0.000000000000000000 ) ) ;
#478 = PRODUCT_RELATED_PRODUCT_CATEGORY ( 'detail', '', ( #2882 ) ) ;
#479 = CARTESIAN_POINT ( 'NONE',  ( -85.55488482236020786, -12.87027948883124928, 74.20878440450752578 ) ) ;
#480 = CARTESIAN_POINT ( 'NONE',  ( -59.09736733651249807, -2.670070447764086641, 88.77113747091645735 ) ) ;
#481 = CARTESIAN_POINT ( 'NONE',  ( -83.61217498983560859, -1.482010823936470434, 79.15772093141686128 ) ) ;
#482 = CARTESIAN_POINT ( 'NONE',  ( -71.67245438886793352, 5.047238495075719200, 76.91279999894432251 ) ) ;
#483 = CARTESIAN_POINT ( 'NONE',  ( -69.43665861414027063, 24.32423324955794541, 77.60086396259237063 ) ) ;
#484 = ORIENTED_EDGE ( 'NONE', *, *, #2001, .F. ) ;
#485 = DIRECTION ( 'NONE',  ( -0.9478986130028159707, -0.2136181783343423235, 0.2363376680778051520 ) ) ;
#486 = CARTESIAN_POINT ( 'NONE',  ( -76.65613393253281060, -2.290455830413511862, 84.25635014161615288 ) ) ;
#487 = CARTESIAN_POINT ( 'NONE',  ( -62.87515534736208878, 0.9289836764843205641, 88.48605688482871301 ) ) ;
#488 = COORDINATED_UNIVERSAL_TIME_OFFSET ( 1, 0, .AHEAD. ) ;
#489 = ORIENTED_EDGE ( 'NONE', *, *, #1060, .T. ) ;
#490 = FACE_OUTER_BOUND ( 'NONE', #366, .T. ) ;
#491 = CARTESIAN_POINT ( 'NONE',  ( -59.48038955807709272, -2.991464252601186757, 88.57101345230908862 ) ) ;
#492 = EDGE_CURVE ( 'NONE', #2618, #3718, #2180, .T. ) ;
#493 = DIRECTION ( 'NONE',  ( -0.6386762295862977723, 0.7611446910952022193, -0.1129222430658366333 ) ) ;
#494 = CARTESIAN_POINT ( 'NONE',  ( -87.44695352218434437, -8.781462127462670963, 79.23892945956494316 ) ) ;
#495 = EDGE_CURVE ( 'NONE', #435, #1788, #3210, .T. ) ;
#496 = CARTESIAN_POINT ( 'NONE',  ( -64.80777804667603448, 0.6874290493112716893, 79.64066190529226219 ) ) ;
#497 = ADVANCED_FACE ( 'NONE', ( #3505 ), #1471, .F. ) ;
#498 = PLANE ( 'NONE',  #1433 ) ;
#499 = CARTESIAN_POINT ( 'NONE',  ( -90.17930156151375343, 0.9785900854671896187, 75.15622443039954703 ) ) ;
#500 = CARTESIAN_POINT ( 'NONE',  ( -81.26997621734025756, -8.414499197174595935, 82.20686367501643588 ) ) ;
#501 = CARTESIAN_POINT ( 'NONE',  ( -70.65852903586841194, 4.603513599922731458, 77.69808215422639819 ) ) ;
#502 = DIRECTION ( 'NONE',  ( -2.792670573020103201E-12, -7.514656831187508887E-12, 1.000000000000000000 ) ) ;
#503 = ORIENTED_EDGE ( 'NONE', *, *, #1701, .F. ) ;
#504 = CARTESIAN_POINT ( 'NONE',  ( -68.83864662411423296, -3.500000000000000000, 73.03893693288756594 ) ) ;
#505 = CARTESIAN_POINT ( 'NONE',  ( -74.84108504282208685, 8.060677203599270868, 84.47347537507512527 ) ) ;
#506 = CARTESIAN_POINT ( 'NONE',  ( -59.65236148640028802, -3.542759313380761554, 85.19497356638473207 ) ) ;
#507 = CARTESIAN_POINT ( 'NONE',  ( -92.70206528935975143, -10.99083173804107716, 80.33856399736488640 ) ) ;
#508 = CARTESIAN_POINT ( 'NONE',  ( -90.34689616066559381, -9.777361811570525418, 79.65589173407002477 ) ) ;
#509 = B_SPLINE_CURVE_WITH_KNOTS ( 'NONE', 3,
 ( #3451, #876, #2887, #256, #1399, #2042 ),
 .UNSPECIFIED., .F., .F.,
 ( 4, 2, 4 ),
 ( 0.0008274147962790710581, 0.002430798929355468957, 0.004034183062431867181 ),
 .UNSPECIFIED. ) ;
#510 = VERTEX_POINT ( 'NONE', #1755 ) ;
#511 = CARTESIAN_POINT ( 'NONE',  ( -65.96326386852801704, -3.939903563327601610, 85.67938311362478032 ) ) ;
#512 = CARTESIAN_POINT ( 'NONE',  ( -60.76542879555849908, -3.793599864980734537, 65.55983515722148525 ) ) ;
#513 = CARTESIAN_POINT ( 'NONE',  ( -64.65978339560484756, 3.207838468635201501, 87.53144720711328830 ) ) ;
#514 = ADVANCED_FACE ( 'NONE', ( #970 ), #1539, .F. ) ;
#515 = CARTESIAN_POINT ( 'NONE',  ( -61.18302222159698545, -0.1844837456189377944, 84.72643468610804973 ) ) ;
#516 = EDGE_CURVE ( 'NONE', #73, #1895, #1838, .T. ) ;
#517 = CARTESIAN_POINT ( 'NONE',  ( -86.52890725435409536, -7.521086892170931293, 81.77429184939148854 ) ) ;
#518 = CARTESIAN_POINT ( 'NONE',  ( -65.05712708123274979, 0.9189951744689616175, 66.37388739315549913 ) ) ;
#519 = CARTESIAN_POINT ( 'NONE',  ( -78.39643549716701898, -6.436312377047127775, 82.75810707410063571 ) ) ;
#520 = CARTESIAN_POINT ( 'NONE',  ( -91.86705237878412333, -9.914446589321890713, 78.65974076283434613 ) ) ;
#521 = EDGE_CURVE ( 'NONE', #528, #2175, #2383, .T. ) ;
#522 = AXIS2_PLACEMENT_3D ( 'NONE', #616, #1179, #2972 ) ;
#523 = CARTESIAN_POINT ( 'NONE',  ( -67.08963865505062074, 24.85315704085109445, 77.64016690541838273 ) ) ;
#524 = CARTESIAN_POINT ( 'NONE',  ( -68.83864662411423296, 10.32832126602183997, 73.03893693288756594 ) ) ;
#525 = LINE ( 'NONE', #1659, #2924 ) ;
#526 = CARTESIAN_POINT ( 'NONE',  ( -65.01884232593775437, 2.843858297833647963, 88.02974594102919070 ) ) ;
#527 = PERSON_AND_ORGANIZATION ( #18446744073709551615, #18446744073709551615 ) ;
#528 = VERTEX_POINT ( 'NONE', #2689 ) ;
#529 = CARTESIAN_POINT ( 'NONE',  ( -87.83378470187656717, 1.602447173727303609, 76.32331199430582558 ) ) ;
#530 = CARTESIAN_POINT ( 'NONE',  ( -84.83422647714475318, 6.346829148588009950, 80.66238614030905296 ) ) ;
#531 = VECTOR ( 'NONE', #3225, 1000.000000000000000 ) ;
#532 = CARTESIAN_POINT ( 'NONE',  ( -59.33569980575927616, -3.471396521581322947, 89.15446876909605578 ) ) ;
#533 = CARTESIAN_POINT ( 'NONE',  ( -63.21129735004235783, -2.710854924177734215, 87.00999798407860908 ) ) ;
#534 = CARTESIAN_POINT ( 'NONE',  ( -86.90204569725490558, -4.057828690605946420, 80.48346043576241016 ) ) ;
#535 = EDGE_CURVE ( 'NONE', #2307, #3417, #830, .T. ) ;
#536 = CARTESIAN_POINT ( 'NONE',  ( -77.85680404640926611, 8.397171352784241094, 83.57888929574230019 ) ) ;
#537 = VECTOR ( 'NONE', #3528, 1000.000000000000000 ) ;
#538 = ORIENTED_EDGE ( 'NONE', *, *, #3618, .F. ) ;
#539 = CARTESIAN_POINT ( 'NONE',  ( -80.97028660337025485, 3.792023959018016477, 79.27016885371914157 ) ) ;
#540 = CARTESIAN_POINT ( 'NONE',  ( -60.21652286165581103, -3.669898570276042271, 85.23415156951969607 ) ) ;
#541 = LINE ( 'NONE', #524, #42 ) ;
#542 = CARTESIAN_POINT ( 'NONE',  ( -70.18087107037773364, -5.915461422083661880, 84.48339116259903392 ) ) ;
#543 = CARTESIAN_POINT ( 'NONE',  ( -82.44678453659618356, -0.9370126013283336386, 83.58781176739570640 ) ) ;
#544 = CALENDAR_DATE ( 2026, 4, 4 ) ;
#545 = ORIENTED_EDGE ( 'NONE', *, *, #3650, .F. ) ;
#546 = CARTESIAN_POINT ( 'NONE',  ( -89.96031902944572778, -1.920688559613688895, 75.88308689645971583 ) ) ;
#547 = DIRECTION ( 'NONE',  ( 0.000000000000000000, -1.000000000000000000, 0.000000000000000000 ) ) ;
#548 = CARTESIAN_POINT ( 'NONE',  ( -71.25506422405771900, -6.157541304411162209, 88.85423482122632777 ) ) ;
#549 = CARTESIAN_POINT ( 'NONE',  ( -83.36885485837615306, 7.146811309191044792, 77.61630381382562405 ) ) ;
#550 = EDGE_CURVE ( 'NONE', #1779, #1025, #1006, .T. ) ;
#551 = CARTESIAN_POINT ( 'NONE',  ( -73.99895828369999151, -4.539691018398990252, 86.29273187858886729 ) ) ;
#552 = CARTESIAN_POINT ( 'NONE',  ( -72.53354490673667954, 7.548740040877875757, 81.79703496081505421 ) ) ;
#553 = VERTEX_POINT ( 'NONE', #988 ) ;
#554 = CARTESIAN_POINT ( 'NONE',  ( -60.76542879555849908, -1.199999999999999956, 80.99999999999998579 ) ) ;
#555 = ADVANCED_FACE ( 'NONE', ( #468 ), #1791, .T. ) ;
#556 = CARTESIAN_POINT ( 'NONE',  ( -93.34578095819398413, -10.51695177618849897, 75.81672982608517941 ) ) ;
#557 = AXIS2_PLACEMENT_3D ( 'NONE', #2749, #1636, #2801 ) ;
#558 = VECTOR ( 'NONE', #2242, 1000.000000000000227 ) ;
#559 = CARTESIAN_POINT ( 'NONE',  ( -80.97351706202645971, -8.347689241087522305, 94.65042961438958002 ) ) ;
#560 = CARTESIAN_POINT ( 'NONE',  ( -63.17302965879952126, -3.718108077367851205, 89.21768678718483159 ) ) ;
#561 = CARTESIAN_POINT ( 'NONE',  ( -83.61217498983560859, -1.482010823936470434, 83.15772093141686128 ) ) ;
#562 = ORIENTED_EDGE ( 'NONE', *, *, #3144, .F. ) ;
#563 = CARTESIAN_POINT ( 'NONE',  ( -70.12371085676146265, 4.905482904495591434, 82.77266269493298978 ) ) ;
#564 = CARTESIAN_POINT ( 'NONE',  ( -93.34578095819396992, -10.51695177618797850, 79.53205883932612608 ) ) ;
#565 = CARTESIAN_POINT ( 'NONE',  ( -63.17104043405819169, -3.717669304776368477, 89.21769509641178786 ) ) ;
#566 = CARTESIAN_POINT ( 'NONE',  ( -69.97199427522532744, 6.547868013838453294, 82.62913692985215164 ) ) ;
#567 = CARTESIAN_POINT ( 'NONE',  ( -92.74759711713302579, -5.805197766896472267, 77.08430938196765680 ) ) ;
#568 = CARTESIAN_POINT ( 'NONE',  ( -91.74378757263339423, -2.306841380383213735, 78.68758899821546038 ) ) ;
#569 = VERTEX_POINT ( 'NONE', #1047 ) ;
#570 = CARTESIAN_POINT ( 'NONE',  ( -62.94588614508603541, -1.200000000000001066, 65.84749590702527655 ) ) ;
#571 = ADVANCED_FACE ( 'NONE', ( #1587 ), #1094, .F. ) ;
#572 = CARTESIAN_POINT ( 'NONE',  ( -62.94588614508603541, -1.199999999999999956, 80.99999999999998579 ) ) ;
#573 = CARTESIAN_POINT ( 'NONE',  ( -64.80777804666834641, -4.704582612887673321, 74.64066190529229061 ) ) ;
#574 = CIRCLE ( 'NONE', #2499, 0.5000000000000004441 ) ;
#575 = DIRECTION ( 'NONE',  ( 0.000000000000000000, 1.000000000000000000, 0.000000000000000000 ) ) ;
#576 = LINE ( 'NONE', #1395, #1966 ) ;
#577 = CARTESIAN_POINT ( 'NONE',  ( -73.66089928378954710, -2.959424118972664886, 87.37715881118515426 ) ) ;
#578 = DIRECTION ( 'NONE',  ( 0.000000000000000000, -1.000000000000000000, 0.000000000000000000 ) ) ;
#579 = EDGE_CURVE ( 'NONE', #1816, #2255, #847, .T. ) ;
#580 = ORIENTED_EDGE ( 'NONE', *, *, #251, .F. ) ;
#581 = CARTESIAN_POINT ( 'NONE',  ( -67.78472239395928511, 3.602707107239526696, 83.46341913116816613 ) ) ;
#582 = CARTESIAN_POINT ( 'NONE',  ( -68.53913238393349161, 3.463754997429317584, 82.10322982548110815 ) ) ;
#583 = CARTESIAN_POINT ( 'NONE',  ( -60.94545059094375006, -3.224800131559102834, 89.15211359795880242 ) ) ;
#584 = EDGE_CURVE ( 'NONE', #422, #2451, #2276, .T. ) ;
#585 = CARTESIAN_POINT ( 'NONE',  ( -87.42061506935181114, 0.2437192506264022063, 79.05399743961709191 ) ) ;
#586 = CARTESIAN_POINT ( 'NONE',  ( -85.93831694773902541, 5.216119325253671057, 80.65793963146575152 ) ) ;
#587 = VERTEX_POINT ( 'NONE', #2707 ) ;
#588 = DIRECTION ( 'NONE',  ( -0.9702957262759921431, 0.000000000000000000, 0.2419218955996853826 ) ) ;
#589 = ORIENTED_EDGE ( 'NONE', *, *, #846, .F. ) ;
#590 = CARTESIAN_POINT ( 'NONE',  ( -72.70744605624854273, 5.985177496465719393, 83.93410267367866595 ) ) ;
#591 = CARTESIAN_POINT ( 'NONE',  ( -61.62707694379614765, -1.988865675336406458, 84.93172125008652529 ) ) ;
#592 = CARTESIAN_POINT ( 'NONE',  ( -64.10152339211460060, -2.760573001739341059, 84.90765966152358146 ) ) ;
#593 = CARTESIAN_POINT ( 'NONE',  ( -82.61508947866613539, -8.016048291705484274, 85.54534607991242012 ) ) ;
#594 = CARTESIAN_POINT ( 'NONE',  ( -77.56424441702910144, -3.560293922054203808, 86.27155208417026699 ) ) ;
#595 = VERTEX_POINT ( 'NONE', #781 ) ;
#596 = DIRECTION ( 'NONE',  ( 0.000000000000000000, 0.000000000000000000, 1.000000000000000000 ) ) ;
#597 = DIRECTION ( 'NONE',  ( 0.5343523493899676735, 0.8452618332217668451, 0.000000000000000000 ) ) ;
#598 = CARTESIAN_POINT ( 'NONE',  ( -64.65398324687460274, -4.044725044558680871, 89.20137268872518632 ) ) ;
#599 = CARTESIAN_POINT ( 'NONE',  ( -75.17720459376785413, 8.182151131330241967, 80.85872342047836980 ) ) ;
#600 = CARTESIAN_POINT ( 'NONE',  ( -64.80777804666834641, -4.704582612887673321, 74.64066190529229061 ) ) ;
#601 = CARTESIAN_POINT ( 'NONE',  ( -76.86218576961179849, 8.321414091099748944, 84.21807950194011028 ) ) ;
#602 = ORIENTED_EDGE ( 'NONE', *, *, #2746, .T. ) ;
#603 = CARTESIAN_POINT ( 'NONE',  ( -59.03481099394905129, -3.233773639368150210, 85.10712216474910008 ) ) ;
#604 = EDGE_LOOP ( 'NONE', ( #3080, #3258, #1263, #2458 ) ) ;
#605 = CARTESIAN_POINT ( 'NONE',  ( -73.81716582225072898, 0.5022584479328843221, 84.54619502186885427 ) ) ;
#606 = LINE ( 'NONE', #2939, #1532 ) ;
#607 = CARTESIAN_POINT ( 'NONE',  ( -83.34778806306700005, 4.891044643327314034, 74.17380019210627040 ) ) ;
#608 = CARTESIAN_POINT ( 'NONE',  ( -83.00554337349340983, 5.870326647971605638, 81.98881827772558495 ) ) ;
#609 = ORIENTED_EDGE ( 'NONE', *, *, #1019, .F. ) ;
#610 = CARTESIAN_POINT ( 'NONE',  ( -62.33208888623794763, -1.148665160109344718, 86.78917456372757044 ) ) ;
#611 = LINE ( 'NONE', #309, #3319 ) ;
#612 = ORIENTED_EDGE ( 'NONE', *, *, #2870, .F. ) ;
#613 = CARTESIAN_POINT ( 'NONE',  ( -62.91543289493498037, -3.594738135616582841, 85.24860506930090764 ) ) ;
#614 = ADVANCED_FACE ( 'NONE', ( #1270 ), #431, .T. ) ;
#615 = CARTESIAN_POINT ( 'NONE',  ( -63.26453481380997346, -1.297366904840095980, 84.76161976977599011 ) ) ;
#616 = CARTESIAN_POINT ( 'NONE',  ( -64.80777804666834641, -14.08234068259056926, 77.14066190529230482 ) ) ;
#617 = CARTESIAN_POINT ( 'NONE',  ( -85.62322920968730955, 5.827412619218174328, 80.36408967250804380 ) ) ;
#618 = ORIENTED_EDGE ( 'NONE', *, *, #2764, .T. ) ;
#619 = CARTESIAN_POINT ( 'NONE',  ( -85.43392387456037795, -9.352885329417231830, 74.69393226764552196 ) ) ;
#620 = ORIENTED_EDGE ( 'NONE', *, *, #1518, .F. ) ;
#621 = CARTESIAN_POINT ( 'NONE',  ( -75.38272504984595912, 1.892573310066663295, 83.77896937152043222 ) ) ;
#622 = B_SPLINE_CURVE_WITH_KNOTS ( 'NONE', 3,
 ( #3540, #1767, #2051, #920 ),
 .UNSPECIFIED., .F., .F.,
 ( 4, 4 ),
 ( 1.390486644391990834E-17, 0.001095562205791703785 ),
 .UNSPECIFIED. ) ;
#623 = CARTESIAN_POINT ( 'NONE',  ( -60.76542879555849908, -20.32202039797827098, 80.99999999999998579 ) ) ;
#624 = FACE_BOUND ( 'NONE', #1349, .T. ) ;
#625 = CARTESIAN_POINT ( 'NONE',  ( -58.80526767456280623, -3.278004717327983819, 89.10705218075629830 ) ) ;
#626 = ORIENTED_EDGE ( 'NONE', *, *, #584, .F. ) ;
#627 = CC_DESIGN_PERSON_AND_ORGANIZATION_ASSIGNMENT ( #3578, #1259, ( #2882 ) ) ;
#628 = CARTESIAN_POINT ( 'NONE',  ( -91.41347133338349806, -6.283616507232849813, 78.07415130996490404 ) ) ;
#629 = CARTESIAN_POINT ( 'NONE',  ( -64.07196471944935467, -3.513680892074095841, 86.51625687038573176 ) ) ;
#630 = CARTESIAN_POINT ( 'NONE',  ( -90.70710269468889919, -7.886908793075186885, 78.92191088286998024 ) ) ;
#631 = CARTESIAN_POINT ( 'NONE',  ( -83.10652158298614722, 6.857729223078522729, 81.78351153874156410 ) ) ;
#632 = AXIS2_PLACEMENT_3D ( 'NONE', #3100, #3677, #2278 ) ;
#633 = PRODUCT_DEFINITION_SHAPE ( 'NONE', 'NONE',  #3695 ) ;
#634 = ORIENTED_EDGE ( 'NONE', *, *, #846, .T. ) ;
#635 = CARTESIAN_POINT ( 'NONE',  ( -86.55854646749462233, -12.87027948883124928, 72.25010016170050164 ) ) ;
#636 = CARTESIAN_POINT ( 'NONE',  ( -67.52822762389106970, 4.359890070803963624, 83.42800663389442661 ) ) ;
#637 = CARTESIAN_POINT ( 'NONE',  ( -65.70094872917626105, -4.905867319421169270, 85.18178705073435708 ) ) ;
#638 = CARTESIAN_POINT ( 'NONE',  ( -75.54900590328071530, 7.707893624421386924, 84.77330500927830315 ) ) ;
#639 = EDGE_LOOP ( 'NONE', ( #3654, #24, #305, #1831, #1852, #2897 ) ) ;
#640 = CARTESIAN_POINT ( 'NONE',  ( -95.88100339871274969, -12.87027948883124928, 23.90581908800312405 ) ) ;
#641 = EDGE_LOOP ( 'NONE', ( #1766, #2616, #1005, #3510 ) ) ;
#642 = VECTOR ( 'NONE', #804, 1000.000000000000000 ) ;
#643 = DIRECTION ( 'NONE',  ( 0.000000000000000000, 1.000000000000000000, 0.000000000000000000 ) ) ;
#644 = LINE ( 'NONE', #2919, #1706 ) ;
#645 = CARTESIAN_POINT ( 'NONE',  ( -59.39773940603022595, -2.312100954811530329, 84.99272865059110416 ) ) ;
#646 = CARTESIAN_POINT ( 'NONE',  ( -60.76542879555849908, -20.32202039797827098, 80.99999999999998579 ) ) ;
#647 = CARTESIAN_POINT ( 'NONE',  ( -60.59692661917452483, -1.676461855574822080, 88.88887751503713730 ) ) ;
#648 = EDGE_CURVE ( 'NONE', #3157, #553, #762, .T. ) ;
#649 = CARTESIAN_POINT ( 'NONE',  ( -90.85438454968168287, -10.57443889988218189, 75.28622998076110662 ) ) ;
#650 = ORIENTED_EDGE ( 'NONE', *, *, #1742, .T. ) ;
#651 = CARTESIAN_POINT ( 'NONE',  ( -91.86693483555939110, -9.900201048287508243, 78.66605887792570684 ) ) ;
#652 = CARTESIAN_POINT ( 'NONE',  ( -87.16772763514879330, 4.593361790897286134, 76.12692426164944948 ) ) ;
#653 = CARTESIAN_POINT ( 'NONE',  ( -62.02393334831187843, -1.515841926757430791, 86.84338817354020534 ) ) ;
#654 = DIRECTION ( 'NONE',  ( -1.000000000000000000, 0.000000000000000000, 0.000000000000000000 ) ) ;
#655 = ORIENTED_EDGE ( 'NONE', *, *, #1697, .F. ) ;
#656 = DIRECTION ( 'NONE',  ( 0.7071067811865493491, 0.000000000000000000, 0.7071067811865456854 ) ) ;
#657 = CARTESIAN_POINT ( 'NONE',  ( -59.95136008633983238, -2.697521312913661262, 85.03718966266997370 ) ) ;
#658 = CARTESIAN_POINT ( 'NONE',  ( -63.08525244864065940, -2.749593459424800823, 85.01843801106871013 ) ) ;
#659 = CARTESIAN_POINT ( 'NONE',  ( -59.39692873794617611, -3.485195057391130558, 85.79691986038555740 ) ) ;
#660 = B_SPLINE_CURVE_WITH_KNOTS ( 'NONE', 3,
 ( #2092, #1529, #2641, #53, #1203, #2358, #97, #191 ),
 .UNSPECIFIED., .F., .F.,
 ( 4, 2, 2, 4 ),
 ( 0.000000000000000000, 0.0002548522978597849245, 0.0005097045957195698489, 0.001019409191439165068 ),
 .UNSPECIFIED. ) ;
#661 = ORIENTED_EDGE ( 'NONE', *, *, #3618, .T. ) ;
#662 = PLANE ( 'NONE',  #457 ) ;
#663 = ORIENTED_EDGE ( 'NONE', *, *, #1697, .T. ) ;
#664 = CARTESIAN_POINT ( 'NONE',  ( -89.31159605423746939, -1.749641073673962266, 72.42120570221648279 ) ) ;
#665 = CARTESIAN_POINT ( 'NONE',  ( -69.68268756714165590, -5.803190920802848929, 76.34214641920482336 ) ) ;
#666 = B_SPLINE_SURFACE_WITH_KNOTS ( 'NONE', 3, 3, ( 
 ( #2741, #763, #162, #784, #2480, #1660, #2812 ),
 ( #507, #2498, #1612, #1645, #1880, #3023, #3652 ),
 ( #1311, #1068, #1899, #2162, #181, #2518, #746 ),
 ( #2462, #1328, #3669, #1917, #1029, #2179, #3327 ),
 ( #1086, #470, #2760, #3633, #3060, #1629, #2777 ),
 ( #1009, #1935, #3592, #200, #2217, #3079, #2796 ),
 ( #218, #1365, #2236, #3379, #800, #1950, #3092 ),
 ( #235, #2552, #3717, #2591, #1714, #2322, #835 ),
 ( #3142, #1133, #2884, #561, #871, #2860, #2271 ),
 ( #1696, #1450, #3465, #543, #3162, #2902, #3182 ),
 ( #3702, #1412, #2572, #3409, #2537, #608, #1150 ),
 ( #2288, #1679, #2304, #3427, #1753, #325, #2607 ),
 ( #287, #2843, #594, #2253, #3392, #1432, #818 ),
 ( #4, #1985, #1103, #270, #20, #3124, #854 ),
 ( #2003, #1169, #577, #1969, #1118, #2827, #253 ),
 ( #1396, #3447, #2022, #1734, #304, #889, #3687 ),
 ( #2039, #3109, #1794, #1813, #668, #1227, #2360 ),
 ( #2339, #2922, #2644, #343, #2665, #2095, #118 ),
 ( #1489, #77, #1531, #2962, #1267, #3502, #2421 ),
 ( #2380, #1835, #3221, #3546, #2941, #3566, #3524 ),
 ( #2687, #986, #2136, #365, #56, #3284, #704 ),
 ( #1207, #99, #1857, #388, #924, #949, #2075 ),
 ( #3245, #3484, #3000, #1469, #647, #2624, #2982 ),
 ( #967, #2115, #1249, #38, #1509, #2404, #3264 ),
 ( #689, #409, #1551, #2704, #1772, #1188, #907 ),
 ( #2055, #3199, #625, #1080, #1284, #1003, #1044 ),
 ( #195, #1606, #3664, #136, #2512, #3375, #212 ) ),
 .UNSPECIFIED., .F., .F., .F.,
 ( 4, 1, 1, 1, 1, 1, 1, 1, 1, 1, 1, 1, 1, 1, 1, 1, 1, 1, 1, 2, 1, 1, 1, 4 ),
 ( 4, 1, 1, 1, 4 ),
 ( 0.000000000000000000, 0.06126250000000001139, 0.1225249999999999950, 0.1837874999999999925, 0.2450499999999999901, 0.3063124999999999876, 0.3369437500000000418, 0.3675749999999999851, 0.3982062499999999283, 0.4288374999999999826, 0.4594687500000000369, 0.4900999999999999801, 0.5439749999999999863, 0.5978499999999999925, 0.6517249999999998877, 0.7056000000000000050, 0.7594750000000001222, 0.8133500000000000174, 0.8672249999999998016, 0.9211000000000000298, 0.9408249999999999114, 0.9605500000000000149, 0.9802750000000000075, 1.000000000000000000 ),
 ( 0.000000000000000000, 0.2500000000000000000, 0.5000000000000000000, 0.7500000000000000000, 1.000000000000000000 ),
 .UNSPECIFIED. ) ;
#667 = CARTESIAN_POINT ( 'NONE',  ( -64.80777804666834641, -3.499999999999999556, 74.64066190529229061 ) ) ;
#668 = CARTESIAN_POINT ( 'NONE',  ( -69.83368121662448402, 3.442280765092196937, 87.04869921205410321 ) ) ;
#669 = EDGE_CURVE ( 'NONE', #569, #894, #2496, .T. ) ;
#670 = CARTESIAN_POINT ( 'NONE',  ( -93.34578095819398413, -10.51695177618849897, 75.81672982608517941 ) ) ;
#671 = ORIENTED_EDGE ( 'NONE', *, *, #3353, .T. ) ;
#672 = ADVANCED_FACE ( 'NONE', ( #1345 ), #3152, .F. ) ;
#673 = CARTESIAN_POINT ( 'NONE',  ( -90.71495211519086865, -3.623976245259418416, 75.82215541562476346 ) ) ;
#674 = EDGE_CURVE ( 'NONE', #2651, #3411, #1874, .T. ) ;
#675 = CARTESIAN_POINT ( 'NONE',  ( -66.56962853665801561, 3.973488179577735480, 87.64490322072030892 ) ) ;
#676 = CARTESIAN_POINT ( 'NONE',  ( -61.69571060291445974, -1.906991391776962752, 86.91253860697905509 ) ) ;
#677 = CARTESIAN_POINT ( 'NONE',  ( -92.75372046817297189, -6.585302925775217808, 79.37215367993199777 ) ) ;
#678 = ORIENTED_EDGE ( 'NONE', *, *, #2272, .T. ) ;
#679 = DIRECTION ( 'NONE',  ( 0.1391731009600729874, 3.991356896514808949E-17, 0.9902680687415693628 ) ) ;
#680 = AXIS2_PLACEMENT_3D ( 'NONE', #3150, #1473, #1684 ) ;
#681 = CARTESIAN_POINT ( 'NONE',  ( -59.92086310252987857, -2.217586426595199889, 84.96625520842961521 ) ) ;
#682 = CARTESIAN_POINT ( 'NONE',  ( -63.96373710364092346, -0.1132259268693432130, 74.78745241897505025 ) ) ;
#683 = CARTESIAN_POINT ( 'NONE',  ( -93.34578095819375676, -10.51695177620060662, 79.53205883932612608 ) ) ;
#684 = ORIENTED_EDGE ( 'NONE', *, *, #1942, .F. ) ;
#685 = EDGE_LOOP ( 'NONE', ( #3120, #716, #1902, #1681 ) ) ;
#686 = CARTESIAN_POINT ( 'NONE',  ( -69.46252264732729031, 4.582734127340585495, 84.97737694017621379 ) ) ;
#687 = CARTESIAN_POINT ( 'NONE',  ( -65.24214956155873324, -4.802472461504601497, 88.69015353608075714 ) ) ;
#688 = CARTESIAN_POINT ( 'NONE',  ( -93.32692249335993040, -11.13164939067811154, 75.89999999999888303 ) ) ;
#689 = CARTESIAN_POINT ( 'NONE',  ( -59.30176872567378865, -3.463749822433357828, 89.16795878049076407 ) ) ;
#690 = ORIENTED_EDGE ( 'NONE', *, *, #1868, .T. ) ;
#691 = CARTESIAN_POINT ( 'NONE',  ( -84.33344892880805332, 5.021139541595750266, 79.51714558727735493 ) ) ;
#692 = CARTESIAN_POINT ( 'NONE',  ( -90.34357260755942320, -9.269612806352210299, 78.34293382849155307 ) ) ;
#693 = CARTESIAN_POINT ( 'NONE',  ( -67.75467437476281418, -5.368694382554935807, 87.18083742496915534 ) ) ;
#694 = ORIENTED_EDGE ( 'NONE', *, *, #2144, .T. ) ;
#695 = DIRECTION ( 'NONE',  ( 0.2419218955996731146, 0.000000000000000000, 0.9702957262759952517 ) ) ;
#696 = CARTESIAN_POINT ( 'NONE',  ( -66.20249905857168926, -3.367516703243862430, 86.90862938474089106 ) ) ;
#697 = CARTESIAN_POINT ( 'NONE',  ( -93.11382624099444172, -10.44535554432527746, 79.94907720921189309 ) ) ;
#698 = EDGE_LOOP ( 'NONE', ( #3648, #326, #3697, #2023 ) ) ;
#699 = ORIENTED_EDGE ( 'NONE', *, *, #892, .T. ) ;
#700 = CARTESIAN_POINT ( 'NONE',  ( -91.30615378753890354, -10.67624949468693174, 79.25433111591684110 ) ) ;
#701 = DIRECTION ( 'NONE',  ( -0.8452618332215873220, 0.5343523493902516686, 0.000000000000000000 ) ) ;
#702 = CARTESIAN_POINT ( 'NONE',  ( -81.33807942457721651, -4.580561689028828098, 81.00926709843049878 ) ) ;
#703 = AXIS2_PLACEMENT_3D ( 'NONE', #1187, #3198, #2921 ) ;
#704 = CARTESIAN_POINT ( 'NONE',  ( -61.78012365585917820, 0.5271140337886942584, 88.63032250740013751 ) ) ;
#705 = EDGE_LOOP ( 'NONE', ( #1962, #780 ) ) ;
#706 = DIRECTION ( 'NONE',  ( 0.000000000000000000, 0.000000000000000000, 1.000000000000000000 ) ) ;
#707 = CARTESIAN_POINT ( 'NONE',  ( -67.36543800386540681, 4.498473320206728410, 87.43429096138720524 ) ) ;
#708 = CARTESIAN_POINT ( 'NONE',  ( -90.27051573327452161, -9.407386339402469488, 77.87452438451695969 ) ) ;
#709 = CARTESIAN_POINT ( 'NONE',  ( -90.93657896893961379, -1.042782293493799806, 79.15026343806948717 ) ) ;
#710 =( BOUNDED_CURVE ( )  B_SPLINE_CURVE ( 3, ( #935, #1558, #2949, #3533 ),
 .UNSPECIFIED., .F., .T. ) 
 B_SPLINE_CURVE_WITH_KNOTS ( ( 4, 4 ),
 ( 1.570796326794896558, 4.712388980384689674 ),
 .UNSPECIFIED. ) 
 CURVE ( )  GEOMETRIC_REPRESENTATION_ITEM ( )  RATIONAL_B_SPLINE_CURVE ( ( 1.000000000000000000, 0.3333333333333333703, 0.3333333333333333703, 1.000000000000000000 ) ) 
 REPRESENTATION_ITEM ( '' )  );
#711 = ORIENTED_EDGE ( 'NONE', *, *, #3206, .T. ) ;
#712 = CARTESIAN_POINT ( 'NONE',  ( -81.35734508148537714, 6.084291238779671041, 65.73416240211768979 ) ) ;
#713 = CARTESIAN_POINT ( 'NONE',  ( -58.78707781328232329, -3.039859101807388608, 85.07311442817280067 ) ) ;
#714 = CARTESIAN_POINT ( 'NONE',  ( -92.95773532744492229, -8.008696953130073126, 79.57229936021035144 ) ) ;
#715 = ORIENTED_EDGE ( 'NONE', *, *, #1670, .T. ) ;
#716 = ORIENTED_EDGE ( 'NONE', *, *, #2837, .F. ) ;
#717 = DIRECTION ( 'NONE',  ( 0.08502343775359195999, 0.01916085923062318258, -0.9961946980917461003 ) ) ;
#718 = CARTESIAN_POINT ( 'NONE',  ( -59.48038955807696482, -2.991464252601416351, 88.57101345230677225 ) ) ;
#719 = CARTESIAN_POINT ( 'NONE',  ( -84.32560547299955545, 5.205867744824140608, 77.46581280123608337 ) ) ;
#720 = CARTESIAN_POINT ( 'NONE',  ( -87.49170126392996849, -8.737874369147286657, 79.62835550908339144 ) ) ;
#721 = CARTESIAN_POINT ( 'NONE',  ( -85.26333787008458387, 20.75753703819743734, 73.49274122185295255 ) ) ;
#722 = VERTEX_POINT ( 'NONE', #3405 ) ;
#723 = CARTESIAN_POINT ( 'NONE',  ( -89.55692312266450017, -9.256964313258343680, 76.98841261769196365 ) ) ;
#724 = DIRECTION ( 'NONE',  ( 0.01235945160496360398, -0.9866285397157633641, 0.1625157486964423081 ) ) ;
#725 = CARTESIAN_POINT ( 'NONE',  ( -65.91976125416242382, -3.930099825769496569, 84.91234240937926359 ) ) ;
#726 = CARTESIAN_POINT ( 'NONE',  ( -64.28036850368071953, 2.239437804389472042, 88.19643244567940599 ) ) ;
#727 = ORIENTED_EDGE ( 'NONE', *, *, #1333, .F. ) ;
#728 = CARTESIAN_POINT ( 'NONE',  ( -90.68987893316663929, -5.475144761872630106, 74.57564869088643889 ) ) ;
#729 = CARTESIAN_POINT ( 'NONE',  ( -85.26333787008458387, 20.75753703819743734, 73.49274122185295255 ) ) ;
#730 = CARTESIAN_POINT ( 'NONE',  ( -60.52786201597336202, -0.9652732743761696099, 84.83004832859641908 ) ) ;
#731 = CARTESIAN_POINT ( 'NONE',  ( -87.23558917356393749, -9.075505452628746639, 77.62101796360504125 ) ) ;
#732 = VECTOR ( 'NONE', #1704, 1000.000000000000000 ) ;
#733 = VECTOR ( 'NONE', #241, 1000.000000000000000 ) ;
#734 = CARTESIAN_POINT ( 'NONE',  ( -92.80708512220729745, -10.36115149518918876, 80.13301911502531993 ) ) ;
#735 = ORIENTED_EDGE ( 'NONE', *, *, #1801, .T. ) ;
#736 = CARTESIAN_POINT ( 'NONE',  ( -90.25143289251731460, -9.413478849556067729, 77.67705245584927809 ) ) ;
#737 = CARTESIAN_POINT ( 'NONE',  ( -92.10741897665127453, -10.85682240376456242, 79.92404424996431089 ) ) ;
#738 = CARTESIAN_POINT ( 'NONE',  ( -83.54452859645053309, -5.400801944171987223, 80.19919286512204337 ) ) ;
#739 = CARTESIAN_POINT ( 'NONE',  ( -72.19779276629218145, 5.251511784770793057, 75.51823665956933951 ) ) ;
#740 = CARTESIAN_POINT ( 'NONE',  ( -59.93914704407034577, -21.70021269788773211, 90.17858223127177553 ) ) ;
#741 = ORIENTED_EDGE ( 'NONE', *, *, #288, .F. ) ;
#742 = CARTESIAN_POINT ( 'NONE',  ( -63.96373710364092346, -3.500000000000000000, 74.78745241897505025 ) ) ;
#743 = CARTESIAN_POINT ( 'NONE',  ( -66.19462864428123794, 4.332809486417695588, 87.15594532432771757 ) ) ;
#744 = ADVANCED_FACE ( 'NONE', ( #3122 ), #2000, .F. ) ;
#745 = CARTESIAN_POINT ( 'NONE',  ( -64.00019421678494780, -3.497506710756558057, 85.87192123151751844 ) ) ;
#746 = CARTESIAN_POINT ( 'NONE',  ( -93.28045792070588504, -7.986307751480237194, 79.40731253178742577 ) ) ;
#747 = ORIENTED_EDGE ( 'NONE', *, *, #3425, .T. ) ;
#748 = CARTESIAN_POINT ( 'NONE',  ( -66.60251968765568620, 2.225480588405533755, 65.73416240211768979 ) ) ;
#749 = CARTESIAN_POINT ( 'NONE',  ( -73.75864651598332955, 9.283481101907145916E-15, 84.66655204910082944 ) ) ;
#750 = UNCERTAINTY_MEASURE_WITH_UNIT (LENGTH_MEASURE( 1.000000000000000082E-05 ), #3346, 'distance_accuracy_value', 'NONE');
#751 = CARTESIAN_POINT ( 'NONE',  ( -61.52995194368233456, -0.5488909163750943510, 88.23262536388644151 ) ) ;
#752 = CIRCLE ( 'NONE', #3512, 2.500000000000015987 ) ;
#753 = CARTESIAN_POINT ( 'NONE',  ( -92.44827540676166677, -10.93363771783918459, 80.50084002871054167 ) ) ;
#754 = CARTESIAN_POINT ( 'NONE',  ( -62.70289330473083567, -4.230226349458675372, 84.47559016942116727 ) ) ;
#755 = CARTESIAN_POINT ( 'NONE',  ( -75.54639900025819088, 6.162776367533722599, 74.50532599387099708 ) ) ;
#756 = CARTESIAN_POINT ( 'NONE',  ( -92.80317363002660613, -8.667156676465193499, 75.81542843562185396 ) ) ;
#757 = CARTESIAN_POINT ( 'NONE',  ( -71.76046846729974504, 5.082601145977744928, 76.79038850499493662 ) ) ;
#758 = B_SPLINE_CURVE_WITH_KNOTS ( 'NONE', 3,
 ( #1585, #3358, #2735, #1306, #1931, #1607, #1875 ),
 .UNSPECIFIED., .F., .F.,
 ( 4, 3, 4 ),
 ( -0.0006271086279656654973, 0.000000000000000000, 0.001029027688197479973 ),
 .UNSPECIFIED. ) ;
#759 = LINE ( 'NONE', #3629, #3094 ) ;
#760 = EDGE_CURVE ( 'NONE', #3713, #1779, #816, .T. ) ;
#761 = ORIENTED_EDGE ( 'NONE', *, *, #2819, .T. ) ;
#762 = LINE ( 'NONE', #2738, #348 ) ;
#763 = CARTESIAN_POINT ( 'NONE',  ( -93.32692249335991619, -11.13164939067811154, 79.89999999999888303 ) ) ;
#764 = ADVANCED_FACE ( 'NONE', ( #3107 ), #1130, .T. ) ;
#765 = APPROVAL_ROLE ( '' ) ;
#766 = VECTOR ( 'NONE', #832, 1000.000000000000114 ) ;
#767 = EDGE_CURVE ( 'NONE', #2715, #2943, #2, .T. ) ;
#768 = VERTEX_POINT ( 'NONE', #1643 ) ;
#769 = CARTESIAN_POINT ( 'NONE',  ( -91.34444921637680181, -9.813093997743317587, 65.73416240211768979 ) ) ;
#770 = DIRECTION ( 'NONE',  ( -0.000000000000000000, 1.000000000000000000, -0.000000000000000000 ) ) ;
#771 = CARTESIAN_POINT ( 'NONE',  ( -80.94581881990418992, 7.952257362696943055, 82.17374427916746527 ) ) ;
#772 = CARTESIAN_POINT ( 'NONE',  ( -87.14834186222832102, -12.87027948883124928, 21.72852202760428142 ) ) ;
#773 = CARTESIAN_POINT ( 'NONE',  ( -64.07435732000307382, -3.514220087896027245, 86.51589528236694093 ) ) ;
#774 = B_SPLINE_CURVE_WITH_KNOTS ( 'NONE', 3,
 ( #570, #1709, #1996, #3136, #518, #2854 ),
 .UNSPECIFIED., .F., .F.,
 ( 4, 2, 4 ),
 ( 0.0003550877624189346504, 0.002170599853659702441, 0.003986111944900470883 ),
 .UNSPECIFIED. ) ;
#775 = CARTESIAN_POINT ( 'NONE',  ( -91.63733849728721736, -1.861431781149036180, 78.66633745825438950 ) ) ;
#776 = CARTESIAN_POINT ( 'NONE',  ( -88.18796553741728417, 2.088136464297913442, 76.03559371587149940 ) ) ;
#777 = CARTESIAN_POINT ( 'NONE',  ( -71.15209209338891583, 4.827600827613391488, 77.41991511556622640 ) ) ;
#778 = VECTOR ( 'NONE', #1620, 999.9999999999998863 ) ;
#779 = CARTESIAN_POINT ( 'NONE',  ( -61.25319606753033952, -3.903522967156882739, 85.48928259185389322 ) ) ;
#780 = ORIENTED_EDGE ( 'NONE', *, *, #264, .T. ) ;
#781 = CARTESIAN_POINT ( 'NONE',  ( -70.52672851016907885, 4.540485776241824922, 77.74535590552204667 ) ) ;
#782 = EDGE_CURVE ( 'NONE', #1895, #1727, #1677, .T. ) ;
#783 = CARTESIAN_POINT ( 'NONE',  ( -66.03954489376549475, -3.957094234807854161, 86.57314552684110254 ) ) ;
#784 = CARTESIAN_POINT ( 'NONE',  ( -93.32692249335993040, -11.13164939067811510, 79.89999999999888303 ) ) ;
#785 = APPROVAL_DATE_TIME ( #3363, #903 ) ;
#786 = EDGE_CURVE ( 'NONE', #3549, #883, #1288, .T. ) ;
#787 = EDGE_CURVE ( 'NONE', #2943, #254, #1616, .T. ) ;
#788 = ORIENTED_EDGE ( 'NONE', *, *, #1825, .T. ) ;
#789 = CARTESIAN_POINT ( 'NONE',  ( -69.68268756714165590, -14.08234068259056926, 75.39214641920482052 ) ) ;
#790 = DIRECTION ( 'NONE',  ( 0.6388195910152045798, -0.7613155425902486950, 0.1109422135423749206 ) ) ;
#791 = DIRECTION ( 'NONE',  ( 0.000000000000000000, 0.000000000000000000, 1.000000000000000000 ) ) ;
#792 = CARTESIAN_POINT ( 'NONE',  ( -89.92424694182400913, -10.36482333690211632, 82.09780176196751711 ) ) ;
#793 = CARTESIAN_POINT ( 'NONE',  ( -75.10545580013626932, 3.356558342348638035, 84.15620471414662518 ) ) ;
#794 = CARTESIAN_POINT ( 'NONE',  ( -60.96440828583575211, -0.4450176889471352815, 88.50019031362087674 ) ) ;
#795 = CARTESIAN_POINT ( 'NONE',  ( -63.34353645511417596, -2.872743713500303997, 85.04367729330077452 ) ) ;
#796 = DIRECTION ( 'NONE',  ( -1.000000000000000000, 0.000000000000000000, 0.000000000000000000 ) ) ;
#797 = FACE_OUTER_BOUND ( 'NONE', #2937, .T. ) ;
#798 = DIRECTION ( 'NONE',  ( -0.000000000000000000, -1.000000000000000000, -0.000000000000000000 ) ) ;
#799 = CARTESIAN_POINT ( 'NONE',  ( -66.87451350845397258, -4.534466580792969381, 89.09574848075119746 ) ) ;
#800 = CARTESIAN_POINT ( 'NONE',  ( -87.35746983602551552, 0.05242376950386797019, 80.88379525444645424 ) ) ;
#801 = PERSON_AND_ORGANIZATION_ROLE ( 'design_supplier' ) ;
#802 = ORIENTED_EDGE ( 'NONE', *, *, #1351, .T. ) ;
#803 = DIRECTION ( 'NONE',  ( 0.9412837945268898165, -0.000000000000000000, 0.3376163772109699868 ) ) ;
#804 = DIRECTION ( 'NONE',  ( 0.000000000000000000, 0.000000000000000000, -1.000000000000000000 ) ) ;
#805 = EDGE_CURVE ( 'NONE', #836, #894, #541, .T. ) ;
#806 = CARTESIAN_POINT ( 'NONE',  ( -84.42796427073395193, 6.585649300100117287, 80.81810372914844720 ) ) ;
#807 = B_SPLINE_CURVE_WITH_KNOTS ( 'NONE', 3,
 ( #3016, #2734, #1323, #156, #3628, #1305, #2455, #2772, #3321, #3606, #175, #1023, #2493, #465, #2475, #2173, #739, #1893, #1911, #2192, #2211, #757, #482, #1623, #3357, #777, #1930, #3074, #501, #1640 ),
 .UNSPECIFIED., .F., .F.,
 ( 4, 2, 2, 2, 2, 2, 2, 2, 2, 2, 2, 2, 2, 2, 4 ),
 ( 0.0009769894369358034496, 0.001427655606536730893, 0.001878321776137658553, 0.002779654115339466602, 0.003230320284940370844, 0.003680986454541274218, 0.004131652624142178459, 0.004582318793743082701, 0.005483651132944882510, 0.005934317302545762465, 0.006384983472146640686, 0.006835649641747520641, 0.007286315811348400596, 0.007736981980949279684, 0.008187648150550159640 ),
 .UNSPECIFIED. ) ;
#808 = CARTESIAN_POINT ( 'NONE',  ( -70.52672851016907885, 10.32832126602183997, 77.74535590552204667 ) ) ;
#809 = CARTESIAN_POINT ( 'NONE',  ( -75.57851067529671241, 6.388803828636388182, 83.48760827505972770 ) ) ;
#810 = CARTESIAN_POINT ( 'NONE',  ( -84.71519259344476893, 6.442047806436169033, 77.07318446997675210 ) ) ;
#811 = EDGE_LOOP ( 'NONE', ( #2048, #2700, #373, #545, #538, #899 ) ) ;
#812 = VECTOR ( 'NONE', #3579, 1000.000000000000000 ) ;
#813 = CARTESIAN_POINT ( 'NONE',  ( -67.44951299385297716, -0.07524014540409715290, 84.09418654814527372 ) ) ;
#814 = FACE_OUTER_BOUND ( 'NONE', #2539, .T. ) ;
#815 = APPROVAL_PERSON_ORGANIZATION ( #1560, #2201, #765 ) ;
#816 = LINE ( 'NONE', #250, #3234 ) ;
#817 = PLANE ( 'NONE',  #2450 ) ;
#818 = CARTESIAN_POINT ( 'NONE',  ( -80.12827374116875490, 8.165629413877459442, 82.93358991934746882 ) ) ;
#819 = CARTESIAN_POINT ( 'NONE',  ( 0.000000000000000000, 0.000000000000000000, 0.000000000000000000 ) ) ;
#820 = EDGE_CURVE ( 'NONE', #3328, #2500, #3481, .T. ) ;
#821 = ORIENTED_EDGE ( 'NONE', *, *, #3095, .T. ) ;
#822 = CARTESIAN_POINT ( 'NONE',  ( -84.30132097300518978, 4.313864986826778214, 76.98079136327355343 ) ) ;
#823 = CARTESIAN_POINT ( 'NONE',  ( -61.79783851175647413, 0.5257789499609094586, 88.11754419331118982 ) ) ;
#824 = AXIS2_PLACEMENT_3D ( 'NONE', #3391, #3141, #3446 ) ;
#825 = CARTESIAN_POINT ( 'NONE',  ( -61.18055395882188208, -3.887152360934047479, 89.28545761104166445 ) ) ;
#826 = LINE ( 'NONE', #2009, #2857 ) ;
#827 = CARTESIAN_POINT ( 'NONE',  ( -74.17863724071490594, -3.122640823983727110, 85.84973152176918632 ) ) ;
#828 = CARTESIAN_POINT ( 'NONE',  ( -70.51816237983345559, -2.615066710829665908, 83.66466699765572912 ) ) ;
#829 = DIRECTION ( 'NONE',  ( 0.000000000000000000, 1.000000000000000000, 0.000000000000000000 ) ) ;
#830 = CIRCLE ( 'NONE', #2755, 1.309529946162080183 ) ;
#831 = CARTESIAN_POINT ( 'NONE',  ( -90.67553195419846190, -3.686533796710631528, 77.87614028359982399 ) ) ;
#832 = DIRECTION ( 'NONE',  ( -0.08502343775359157141, -0.01916085923062345667, 0.9961946980917462113 ) ) ;
#833 = PLANE ( 'NONE',  #2156 ) ;
#834 = CARTESIAN_POINT ( 'NONE',  ( -92.48263136390906425, -10.27962842149164757, 80.33857758357832779 ) ) ;
#835 = CARTESIAN_POINT ( 'NONE',  ( -87.16772763514879330, 4.593361790897286134, 80.12692426164944948 ) ) ;
#836 = VERTEX_POINT ( 'NONE', #2251 ) ;
#837 = CARTESIAN_POINT ( 'NONE',  ( -65.65181898969576935, -3.500000000000000000, 79.49387139160954519 ) ) ;
#838 = DIRECTION ( 'NONE',  ( 0.9755345439459630619, 0.2198462043523656262, 0.000000000000000000 ) ) ;
#839 = ADVANCED_FACE ( 'NONE', ( #1410 ), #833, .F. ) ;
#840 = DIRECTION ( 'NONE',  ( 0.000000000000000000, 1.000000000000000000, 0.000000000000000000 ) ) ;
#841 = CARTESIAN_POINT ( 'NONE',  ( -85.98507779123997352, 5.586722070452992739, 76.57333065721175558 ) ) ;
#842 = CARTESIAN_POINT ( 'NONE',  ( -92.04548011621569970, -11.52888482321569086, 78.94819734992240967 ) ) ;
#843 = VERTEX_POINT ( 'NONE', #2286 ) ;
#844 = CARTESIAN_POINT ( 'NONE',  ( -61.00398125444130670, -3.509304115084967535, 80.99999999999998579 ) ) ;
#845 = ORIENTED_EDGE ( 'NONE', *, *, #3233, .F. ) ;
#846 = EDGE_CURVE ( 'NONE', #2699, #569, #1485, .T. ) ;
#847 =( BOUNDED_CURVE ( )  B_SPLINE_CURVE ( 3, ( #1326, #2441, #198, #3019 ),
 .UNSPECIFIED., .F., .T. ) 
 B_SPLINE_CURVE_WITH_KNOTS ( ( 4, 4 ),
 ( 1.570796326794896558, 4.712388980384689674 ),
 .UNSPECIFIED. ) 
 CURVE ( )  GEOMETRIC_REPRESENTATION_ITEM ( )  RATIONAL_B_SPLINE_CURVE ( ( 1.000000000000000000, 0.3333333333333333703, 0.3333333333333333703, 1.000000000000000000 ) ) 
 REPRESENTATION_ITEM ( '' )  );
#848 = CARTESIAN_POINT ( 'NONE',  ( -80.34615173487523521, 6.574298358047849788, 81.07823044833619974 ) ) ;
#849 = CARTESIAN_POINT ( 'NONE',  ( -69.69811220214197078, 4.122496593092538575, 81.63497158371121998 ) ) ;
#850 = AXIS2_PLACEMENT_3D ( 'NONE', #772, #1599, #1925 ) ;
#851 = AXIS2_PLACEMENT_3D ( 'NONE', #43, #2275, #838 ) ;
#852 = CARTESIAN_POINT ( 'NONE',  ( -74.08071987403093317, 5.841618615158065353, 74.13989114451979390 ) ) ;
#853 = FACE_OUTER_BOUND ( 'NONE', #220, .T. ) ;
#854 = CARTESIAN_POINT ( 'NONE',  ( -77.85680404640926611, 8.397171352784241094, 83.84032276752861890 ) ) ;
#855 = ORIENTED_EDGE ( 'NONE', *, *, #2872, .T. ) ;
#856 = EDGE_CURVE ( 'NONE', #2432, #3137, #1948, .T. ) ;
#857 = CARTESIAN_POINT ( 'NONE',  ( -80.26594733169824281, 6.566185964889444726, 79.11011451042098486 ) ) ;
#858 = B_SPLINE_CURVE_WITH_KNOTS ( 'NONE', 3,
 ( #696, #2727, #419, #127 ),
 .UNSPECIFIED., .F., .F.,
 ( 4, 4 ),
 ( 0.000000000000000000, 0.003004678066285652958 ),
 .UNSPECIFIED. ) ;
#859 = CARTESIAN_POINT ( 'NONE',  ( -93.34578095819398413, -10.51695177618830002, 79.53205883932412235 ) ) ;
#860 = CARTESIAN_POINT ( 'NONE',  ( -60.81011078565968120, -3.803669386334663560, 89.26638610955468778 ) ) ;
#861 = CARTESIAN_POINT ( 'NONE',  ( -64.09235907688037059, -3.518276958962279988, 87.12824383734832168 ) ) ;
#862 = CARTESIAN_POINT ( 'NONE',  ( -81.06257349988544547, -0.3146378630395174625, 82.47970427837688590 ) ) ;
#863 = CARTESIAN_POINT ( 'NONE',  ( -83.57383405611844296, 7.029278764334955021, 81.14820576868478952 ) ) ;
#864 = VERTEX_POINT ( 'NONE', #1694 ) ;
#865 = DIRECTION ( 'NONE',  ( -0.2419218955996853548, 0.000000000000000000, -0.9702957262759920321 ) ) ;
#866 = ORIENTED_EDGE ( 'NONE', *, *, #914, .T. ) ;
#867 = CARTESIAN_POINT ( 'NONE',  ( -77.79650083139202366, 6.844314218140996608, 82.07570921305294576 ) ) ;
#868 = DIRECTION ( 'NONE',  ( 0.2198462043528370824, -0.9755345439458565915, 0.000000000000000000 ) ) ;
#869 = CARTESIAN_POINT ( 'NONE',  ( -85.33436312851466710, -9.330448346270792115, 78.87098261187918524 ) ) ;
#870 = CARTESIAN_POINT ( 'NONE',  ( -67.61568892757263427, -4.698001573571057854, 89.03895494823663626 ) ) ;
#871 = CARTESIAN_POINT ( 'NONE',  ( -84.77666970789020695, 2.041442819438125333, 81.81720037014575553 ) ) ;
#872 = EDGE_CURVE ( 'NONE', #2352, #934, #268, .T. ) ;
#873 = ORIENTED_EDGE ( 'NONE', *, *, #3095, .F. ) ;
#874 = CARTESIAN_POINT ( 'NONE',  ( -74.22916784587563654, 6.494158180281887738, 81.41281689234590146 ) ) ;
#875 = EDGE_CURVE ( 'NONE', #1816, #1481, #1712, .T. ) ;
#876 = CARTESIAN_POINT ( 'NONE',  ( -59.43876024158485194, -2.263214226669510332, 88.51172459343862897 ) ) ;
#877 = CARTESIAN_POINT ( 'NONE',  ( -64.52636246194187208, -4.641162871841777893, 89.33871861042085527 ) ) ;
#878 = CARTESIAN_POINT ( 'NONE',  ( -73.66089928378954710, -2.959424118972664886, 83.37715881118515426 ) ) ;
#879 = FACE_OUTER_BOUND ( 'NONE', #3347, .T. ) ;
#880 = CARTESIAN_POINT ( 'NONE',  ( -81.86936321025937957, 7.308218877124632584, 82.28641185908703903 ) ) ;
#881 = ORIENTED_EDGE ( 'NONE', *, *, #1602, .F. ) ;
#882 = CARTESIAN_POINT ( 'NONE',  ( -68.31436842788394870, 3.325744241643330490, 81.54691951274104156 ) ) ;
#883 = VERTEX_POINT ( 'NONE', #2588 ) ;
#884 = CARTESIAN_POINT ( 'NONE',  ( -91.83902695901200275, -10.79636019957662363, 78.90655358778475659 ) ) ;
#885 = DIRECTION ( 'NONE',  ( -0.9271838545667860920, 0.000000000000000000, -0.3746065934159153454 ) ) ;
#886 = AXIS2_PLACEMENT_3D ( 'NONE', #2717, #1301, #3640 ) ;
#887 = LINE ( 'NONE', #623, #2555 ) ;
#888 = DIRECTION ( 'NONE',  ( 0.000000000000000000, -1.000000000000000000, 0.000000000000000000 ) ) ;
#889 = CARTESIAN_POINT ( 'NONE',  ( -72.44049207142552405, 6.390479455045726453, 85.96326384530135556 ) ) ;
#890 = ORIENTED_EDGE ( 'NONE', *, *, #3340, .T. ) ;
#891 = CARTESIAN_POINT ( 'NONE',  ( -79.40648789303649835, 6.734157393507357092, 79.43611715106692373 ) ) ;
#892 = EDGE_CURVE ( 'NONE', #2779, #2688, #3443, .T. ) ;
#893 = CARTESIAN_POINT ( 'NONE',  ( -91.73802858680789996, -2.292423556237089599, 78.68767100022225236 ) ) ;
#894 = VERTEX_POINT ( 'NONE', #504 ) ;
#895 = CARTESIAN_POINT ( 'NONE',  ( -63.64644075525825428, -0.4343542062570069917, 79.36118168730746447 ) ) ;
#896 = CARTESIAN_POINT ( 'NONE',  ( -72.53354490673667954, 7.548740040877875757, 81.79703496081505421 ) ) ;
#897 = CARTESIAN_POINT ( 'NONE',  ( -90.22436825091244827, -8.647610407104721730, 75.45075529848321594 ) ) ;
#898 = CARTESIAN_POINT ( 'NONE',  ( -89.50352982191382978, 1.441339629407286882, 79.44322296993325949 ) ) ;
#899 = ORIENTED_EDGE ( 'NONE', *, *, #933, .F. ) ;
#900 = EDGE_CURVE ( 'NONE', #31, #1088, #1246, .T. ) ;
#901 = ORIENTED_EDGE ( 'NONE', *, *, #900, .T. ) ;
#902 = CARTESIAN_POINT ( 'NONE',  ( -75.50719765243584902, 1.904145758998780025, 83.73521485643948381 ) ) ;
#903 = APPROVAL ( #2200, 'Deckungsgleich' ) ;
#904 = CARTESIAN_POINT ( 'NONE',  ( -79.25513791177203871, 6.220869441205977068, 77.12656171043326481 ) ) ;
#905 = CARTESIAN_POINT ( 'NONE',  ( -63.26968088472326457, -2.723667770940637389, 87.00974338772908823 ) ) ;
#906 = DIRECTION ( 'NONE',  ( -0.000000000000000000, -1.000000000000000000, -0.000000000000000000 ) ) ;
#907 = CARTESIAN_POINT ( 'NONE',  ( -59.22171934844905650, -2.521873490796750161, 89.01711962166272940 ) ) ;
#908 = ORIENTED_EDGE ( 'NONE', *, *, #2073, .T. ) ;
#909 = CARTESIAN_POINT ( 'NONE',  ( -62.33208888623794053, -1.148665160109344940, 84.77716648826434209 ) ) ;
#910 = CARTESIAN_POINT ( 'NONE',  ( -73.95662254231363875, 1.321502452442003724E-14, 83.25787942559212240 ) ) ;
#911 = CARTESIAN_POINT ( 'NONE',  ( -72.38205150674984623, 6.944076523169208315, 85.90284215498574838 ) ) ;
#912 = ORIENTED_EDGE ( 'NONE', *, *, #584, .T. ) ;
#913 = CARTESIAN_POINT ( 'NONE',  ( -69.68268756714165590, -3.500000000000000000, 72.89214641920480631 ) ) ;
#914 = EDGE_CURVE ( 'NONE', #1383, #1287, #644, .T. ) ;
#915 = CARTESIAN_POINT ( 'NONE',  ( -67.38757028160681273, -4.435947493032654343, 85.01423510723741117 ) ) ;
#916 = CARTESIAN_POINT ( 'NONE',  ( -61.01381317467841114, -3.849575702339772310, 65.36577601196627541 ) ) ;
#917 = CARTESIAN_POINT ( 'NONE',  ( -84.51141066737642404, 6.538547046412189978, 81.15579856266502645 ) ) ;
#918 = ORIENTED_EDGE ( 'NONE', *, *, #1846, .T. ) ;
#919 = ORIENTED_EDGE ( 'NONE', *, *, #3728, .T. ) ;
#920 = CARTESIAN_POINT ( 'NONE',  ( -78.73134166711440685, 6.275505102820695846, 79.16695446460482799 ) ) ;
#921 = LINE ( 'NONE', #2881, #1404 ) ;
#922 = CARTESIAN_POINT ( 'NONE',  ( -65.96326386852801704, -3.939903563327601610, 85.67938311362478032 ) ) ;
#923 = DIRECTION ( 'NONE',  ( 1.000000000000000000, 0.000000000000000000, -0.000000000000000000 ) ) ;
#924 = CARTESIAN_POINT ( 'NONE',  ( -61.04793524995859855, -1.315203797463118329, 88.83303190726621779 ) ) ;
#925 = VECTOR ( 'NONE', #2899, 1000.000000000000000 ) ;
#926 = CARTESIAN_POINT ( 'NONE',  ( -61.12622210718085114, -3.874908149353685882, 87.29364904660603486 ) ) ;
#927 = ORIENTED_EDGE ( 'NONE', *, *, #550, .F. ) ;
#928 = CARTESIAN_POINT ( 'NONE',  ( 13.06762198819738963, -12.87027948883124928, 52.41136911691548761 ) ) ;
#929 = DIRECTION ( 'NONE',  ( 0.000000000000000000, 0.000000000000000000, 1.000000000000000000 ) ) ;
#930 = CARTESIAN_POINT ( 'NONE',  ( -91.34644233332124941, -10.26337288176162410, 74.84852664626220076 ) ) ;
#931 = CARTESIAN_POINT ( 'NONE',  ( -80.93076313093808949, 7.557323960549577890, 82.66734640556060754 ) ) ;
#932 = AXIS2_PLACEMENT_3D ( 'NONE', #1092, #60, #929 ) ;
#933 = EDGE_CURVE ( 'NONE', #2681, #1513, #120, .T. ) ;
#934 = VERTEX_POINT ( 'NONE', #904 ) ;
#935 = CARTESIAN_POINT ( 'NONE',  ( -64.80777804666834641, -4.704582612887673321, 74.64066190529229061 ) ) ;
#936 = CARTESIAN_POINT ( 'NONE',  ( -61.25040641663615304, -3.902894292176238622, 85.29178521151882819 ) ) ;
#937 = CARTESIAN_POINT ( 'NONE',  ( -91.51621220277544921, -10.15604882543617293, 72.97087824356714236 ) ) ;
#938 = B_SPLINE_CURVE_WITH_KNOTS ( 'NONE', 3,
 ( #3688, #1104, #3559, #979, #508, #2254, #1366 ),
 .UNSPECIFIED., .F., .F.,
 ( 4, 3, 4 ),
 ( -0.001701372341942502132, 0.000000000000000000, 0.001074964168470635747 ),
 .UNSPECIFIED. ) ;
#939 = CARTESIAN_POINT ( 'NONE',  ( -91.16232184030670282, -0.9454931255017690050, 79.00438592164030638 ) ) ;
#940 = VERTEX_POINT ( 'NONE', #1507 ) ;
#941 = CARTESIAN_POINT ( 'NONE',  ( -75.90877243401199337, 6.204202926576670052, 78.47858112467771718 ) ) ;
#942 = EDGE_CURVE ( 'NONE', #2117, #1201, #921, .T. ) ;
#943 = ORIENTED_EDGE ( 'NONE', *, *, #372, .F. ) ;
#944 = AXIS2_PLACEMENT_3D ( 'NONE', #1426, #317, #1160 ) ;
#945 = CARTESIAN_POINT ( 'NONE',  ( -76.24270904636665591, 1.801953697789129949, 83.50357682587292629 ) ) ;
#946 = EDGE_CURVE ( 'NONE', #722, #1527, #606, .T. ) ;
#947 = CARTESIAN_POINT ( 'NONE',  ( -87.74084825961972456, -8.093977820136244006, 80.78842910524264198 ) ) ;
#948 = PLANE ( 'NONE',  #1690 ) ;
#949 = CARTESIAN_POINT ( 'NONE',  ( -60.99716820953260310, -0.7329542293423345622, 88.77880023194123282 ) ) ;
#950 = VERTEX_POINT ( 'NONE', #18 ) ;
#951 = CARTESIAN_POINT ( 'NONE',  ( -88.18377291637632709, 1.279125870026844636, 78.20575758283010259 ) ) ;
#952 = LINE ( 'NONE', #3267, #3703 ) ;
#953 = CARTESIAN_POINT ( 'NONE',  ( -61.76016664164194481, -1.830172303547004553, 86.89903983858260972 ) ) ;
#954 = CARTESIAN_POINT ( 'NONE',  ( -75.04934987421356141, 7.624114313650864894, 84.95779078083202762 ) ) ;
#955 = ORIENTED_EDGE ( 'NONE', *, *, #1232, .F. ) ;
#956 = CARTESIAN_POINT ( 'NONE',  ( -62.94588614508603541, -1.200000000000001954, 75.61022507409056459 ) ) ;
#957 = CARTESIAN_POINT ( 'NONE',  ( -59.24518299208020267, -2.758241493713996739, 85.03706896461228837 ) ) ;
#958 = FACE_OUTER_BOUND ( 'NONE', #316, .T. ) ;
#959 = EDGE_CURVE ( 'NONE', #2500, #1293, #2004, .T. ) ;
#960 = CARTESIAN_POINT ( 'NONE',  ( -93.00618523045767461, -6.575232934478843383, 78.94078396187909163 ) ) ;
#961 = VERTEX_POINT ( 'NONE', #2052 ) ;
#962 = DIRECTION ( 'NONE',  ( -0.3746065934159060751, 1.167932354876878927E-16, 0.9271838545667897558 ) ) ;
#963 = ORIENTED_EDGE ( 'NONE', *, *, #1821, .T. ) ;
#964 = CARTESIAN_POINT ( 'NONE',  ( -69.68268756714165590, -3.500000000000000000, 75.39214641920482052 ) ) ;
#965 = CARTESIAN_POINT ( 'NONE',  ( -92.73589708255262565, -10.99845606190452862, 79.53205883932449183 ) ) ;
#966 = CYLINDRICAL_SURFACE ( 'NONE', #2831, 2.500000000000015987 ) ;
#967 = CARTESIAN_POINT ( 'NONE',  ( -60.03342940104622016, -3.628636676879603673, 89.22360424117916011 ) ) ;
#968 = CARTESIAN_POINT ( 'NONE',  ( -91.83911207021195366, -10.79635683098498333, 76.90678194173793258 ) ) ;
#969 = EDGE_LOOP ( 'NONE', ( #3236, #2340, #1078, #2068 ) ) ;
#970 = FACE_OUTER_BOUND ( 'NONE', #63, .T. ) ;
#971 = CARTESIAN_POINT ( 'NONE',  ( -69.84421736711179562, 5.895894962230773473, 86.72212519962909028 ) ) ;
#972 = CARTESIAN_POINT ( 'NONE',  ( -90.25143289251731460, -9.413478849556067729, 77.67705245584927809 ) ) ;
#973 = CARTESIAN_POINT ( 'NONE',  ( -79.58098444563857754, 7.789804990253309747, 83.21118090616100460 ) ) ;
#974 = B_SPLINE_CURVE_WITH_KNOTS ( 'NONE', 3,
 ( #302, #2020, #947, #1225 ),
 .UNSPECIFIED., .F., .F.,
 ( 4, 4 ),
 ( 0.000000000000000000, 0.002809209625606597788 ),
 .UNSPECIFIED. ) ;
#975 = VERTEX_POINT ( 'NONE', #1448 ) ;
#976 = CARTESIAN_POINT ( 'NONE',  ( -64.45952062195254939, 0.3682664158333463500, 79.62224945667504983 ) ) ;
#977 = CC_DESIGN_DATE_AND_TIME_ASSIGNMENT ( #2056, #1986, ( #2560 ) ) ;
#978 = CARTESIAN_POINT ( 'NONE',  ( -59.29174389886797059, -3.389334172590479088, 85.15128760024852284 ) ) ;
#979 = CARTESIAN_POINT ( 'NONE',  ( -90.40928896843696805, -9.449053252677249048, 79.52660582663220623 ) ) ;
#980 = CARTESIAN_POINT ( 'NONE',  ( -92.01687235235513640, -3.773642893656364627, 79.14129224789527939 ) ) ;
#981 = ORIENTED_EDGE ( 'NONE', *, *, #3144, .T. ) ;
#982 = EDGE_LOOP ( 'NONE', ( #1269, #3518, #1672, #1546 ) ) ;
#983 = CARTESIAN_POINT ( 'NONE',  ( -60.72566491452977289, 1.221717554618881429, 86.48590211807700712 ) ) ;
#984 = CARTESIAN_POINT ( 'NONE',  ( -87.64717784679740475, -9.851663653641390184, 82.55300178548587553 ) ) ;
#985 = CARTESIAN_POINT ( 'NONE',  ( -84.95786611619286077, -6.009078176134209137, 79.65796317681422067 ) ) ;
#986 = CARTESIAN_POINT ( 'NONE',  ( -62.10979768697883685, -3.736049279202438900, 89.25153761325668711 ) ) ;
#987 = ORIENTED_EDGE ( 'NONE', *, *, #3523, .F. ) ;
#988 = CARTESIAN_POINT ( 'NONE',  ( -68.31436842788394870, 3.325744241643330490, 81.54691951274104156 ) ) ;
#989 = CARTESIAN_POINT ( 'NONE',  ( -62.20326510176145263, 0.2343669240181161517, 88.61416497187394725 ) ) ;
#990 = CARTESIAN_POINT ( 'NONE',  ( -87.40066636992396809, -8.242611191177717345, 77.36875517147976211 ) ) ;
#991 = CARTESIAN_POINT ( 'NONE',  ( -86.99564162045649596, 4.366724112246076039, 80.25788178497647607 ) ) ;
#992 = VERTEX_POINT ( 'NONE', #3218 ) ;
#993 = CARTESIAN_POINT ( 'NONE',  ( -91.34644233332124941, -10.26337288176162410, 74.84852664626220076 ) ) ;
#994 = CARTESIAN_POINT ( 'NONE',  ( -60.64235145294147600, -2.395629090803198746, 84.99367291817026171 ) ) ;
#995 = PRODUCT_DEFINITION_FORMATION_WITH_SPECIFIED_SOURCE ( 'Symmetrisch', '', #2882, .NOT_KNOWN. ) ;
#996 = FACE_OUTER_BOUND ( 'NONE', #149, .T. ) ;
#997 = ORIENTED_EDGE ( 'NONE', *, *, #2015, .T. ) ;
#998 = ORIENTED_EDGE ( 'NONE', *, *, #787, .F. ) ;
#999 = CARTESIAN_POINT ( 'NONE',  ( -90.76750100991907289, -10.55485884854478762, 79.59206842147402483 ) ) ;
#1000 = CARTESIAN_POINT ( 'NONE',  ( -82.13373286675845009, 5.498030674067368118, 76.14773279086674052 ) ) ;
#1001 = CARTESIAN_POINT ( 'NONE',  ( -90.56626691629905679, -3.864742968859016248, 75.96870865826258523 ) ) ;
#1002 = AXIS2_PLACEMENT_3D ( 'NONE', #2212, #3341, #3607 ) ;
#1003 = CARTESIAN_POINT ( 'NONE',  ( -58.79016532119923966, -3.065791114256749328, 89.07468563724974331 ) ) ;
#1004 = CARTESIAN_POINT ( 'NONE',  ( -92.73589708255262565, -10.99845606190452862, 79.53205883932449183 ) ) ;
#1005 = ORIENTED_EDGE ( 'NONE', *, *, #872, .F. ) ;
#1006 = LINE ( 'NONE', #448, #171 ) ;
#1007 = CARTESIAN_POINT ( 'NONE',  ( -61.79485816626710459, 0.5224535846365023772, 88.11808113226300065 ) ) ;
#1008 = DIRECTION ( 'NONE',  ( -0.9412837945268898165, 0.000000000000000000, -0.3376163772109699868 ) ) ;
#1009 = CARTESIAN_POINT ( 'NONE',  ( -85.44705460290470000, -9.355844466852291319, 84.48275385750673649 ) ) ;
#1010 = EDGE_CURVE ( 'NONE', #1256, #112, #974, .T. ) ;
#1011 = VERTEX_POINT ( 'NONE', #3463 ) ;
#1012 = CARTESIAN_POINT ( 'NONE',  ( -62.94588614508603541, -1.199999999999999734, 78.80900196260141399 ) ) ;
#1013 = AXIS2_PLACEMENT_3D ( 'NONE', #3684, #1657, #2269 ) ;
#1014 = CARTESIAN_POINT ( 'NONE',  ( -58.56980505994575026, -3.298794686161497403, 85.09999999999999432 ) ) ;
#1015 = CARTESIAN_POINT ( 'NONE',  ( -93.01057659970783220, -8.492219559553362274, 79.64699959049376332 ) ) ;
#1016 = CARTESIAN_POINT ( 'NONE',  ( -82.58998713508565004, -8.711976505186870057, 85.78653185939494108 ) ) ;
#1017 = ORIENTED_EDGE ( 'NONE', *, *, #1825, .F. ) ;
#1018 = CARTESIAN_POINT ( 'NONE',  ( -89.24689497574594554, -9.187096452847265837, 77.19139565300203287 ) ) ;
#1019 = EDGE_CURVE ( 'NONE', #894, #215, #752, .T. ) ;
#1020 = CARTESIAN_POINT ( 'NONE',  ( -71.10391822754202451, -6.123479082956845509, 88.19878856014358348 ) ) ;
#1021 = CARTESIAN_POINT ( 'NONE',  ( -87.80089446392832997, -4.243133903660003092, 77.63355778145778174 ) ) ;
#1022 = CC_DESIGN_PERSON_AND_ORGANIZATION_ASSIGNMENT ( #3093, #1661, ( #2560 ) ) ;
#1023 = CARTESIAN_POINT ( 'NONE',  ( -71.88482710747696558, 5.131898671891764963, 74.19945359409169328 ) ) ;
#1024 = CARTESIAN_POINT ( 'NONE',  ( -79.09514174581511270, 6.246442733407606696, 77.83832520311949565 ) ) ;
#1025 = VERTEX_POINT ( 'NONE', #3160 ) ;
#1026 = CARTESIAN_POINT ( 'NONE',  ( -89.99155406284543801, -9.354912625884685085, 79.78245708421708571 ) ) ;
#1027 = CARTESIAN_POINT ( 'NONE',  ( -61.50317431655036415, 0.1970586637145890774, 88.66660366672495286 ) ) ;
#1028 = PLANE ( 'NONE',  #1476 ) ;
#1029 = CARTESIAN_POINT ( 'NONE',  ( -91.84748799697484856, -6.237913784810809048, 79.79384850732226653 ) ) ;
#1030 = ORIENTED_EDGE ( 'NONE', *, *, #2691, .T. ) ;
#1031 = FACE_OUTER_BOUND ( 'NONE', #3704, .T. ) ;
#1032 = CARTESIAN_POINT ( 'NONE',  ( -69.43665861414027063, 24.32423324955794541, 77.60086396259237063 ) ) ;
#1033 = CARTESIAN_POINT ( 'NONE',  ( -71.75245288498928176, 5.084266301817620182, 71.28275842985878796 ) ) ;
#1034 = PLANE ( 'NONE',  #3037 ) ;
#1035 = VECTOR ( 'NONE', #1803, 1000.000000000000000 ) ;
#1036 = VECTOR ( 'NONE', #3470, 1000.000000000000000 ) ;
#1037 = CARTESIAN_POINT ( 'NONE',  ( -93.05528756081270103, -11.07043381480674427, 80.08462786374612108 ) ) ;
#1038 = EDGE_LOOP ( 'NONE', ( #2996, #1748, #908, #3661, #1858, #1698, #1199, #2509, #3247, #2299, #747, #580, #2853, #1913, #1367, #1759, #1802, #2730, #927, #1869, #238, #2761, #1216, #845, #3201, #3380, #1995, #2948, #3298, #389, #15, #2145 ) ) ;
#1039 = CARTESIAN_POINT ( 'NONE',  ( -92.43887726390258308, -10.93151975487893424, 76.51131042488840706 ) ) ;
#1040 = EDGE_CURVE ( 'NONE', #2255, #1816, #3674, .T. ) ;
#1041 = DIRECTION ( 'NONE',  ( -0.000000000000000000, -0.000000000000000000, 1.000000000000000000 ) ) ;
#1042 = EDGE_CURVE ( 'NONE', #3532, #2750, #887, .T. ) ;
#1043 = CARTESIAN_POINT ( 'NONE',  ( -82.73702093759142429, -7.574884308382773490, 81.25484731937913807 ) ) ;
#1044 = CARTESIAN_POINT ( 'NONE',  ( -58.78707781328232329, -3.039859101807388608, 89.07311442817280067 ) ) ;
#1045 = CARTESIAN_POINT ( 'NONE',  ( -62.71511110779744058, -1.470058964952612790, 80.99999999999998579 ) ) ;
#1046 = EDGE_LOOP ( 'NONE', ( #699, #318, #3163, #3485 ) ) ;
#1047 = CARTESIAN_POINT ( 'NONE',  ( -63.96373710364092346, -3.500000000000000000, 74.78745241897505025 ) ) ;
#1048 = CARTESIAN_POINT ( 'NONE',  ( -77.02966049476246724, -2.097839290770228793, 84.07928168325591400 ) ) ;
#1049 = CARTESIAN_POINT ( 'NONE',  ( -61.55682615019021142, -0.4977585275588480296, 88.72927741093600673 ) ) ;
#1050 = DATE_TIME_ROLE ( 'creation_date' ) ;
#1051 = ORIENTED_EDGE ( 'NONE', *, *, #2294, .F. ) ;
#1052 = DIRECTION ( 'NONE',  ( 0.9478986130028166368, 0.2136181783343425178, -0.2363376680778024042 ) ) ;
#1053 = DIRECTION ( 'NONE',  ( -0.3376163772109675998, 0.000000000000000000, 0.9412837945268907047 ) ) ;
#1054 = CARTESIAN_POINT ( 'NONE',  ( -80.48554252451646107, 8.052313904606526407, 82.35312371950713839 ) ) ;
#1055 = AXIS2_PLACEMENT_3D ( 'NONE', #386, #3179, #340 ) ;
#1056 = FACE_OUTER_BOUND ( 'NONE', #1740, .T. ) ;
#1057 = FACE_OUTER_BOUND ( 'NONE', #1459, .T. ) ;
#1058 = EDGE_CURVE ( 'NONE', #1325, #2608, #2685, .T. ) ;
#1059 = CARTESIAN_POINT ( 'NONE',  ( -59.39773940602892566, -2.312100954813080200, 84.99272865059126048 ) ) ;
#1060 = EDGE_CURVE ( 'NONE', #125, #73, #2846, .T. ) ;
#1061 = CARTESIAN_POINT ( 'NONE',  ( -81.24060260405006773, -0.4661403357506908041, 80.02945496524662872 ) ) ;
#1062 = CARTESIAN_POINT ( 'NONE',  ( -87.44695352218434437, -8.781462127462670963, 79.23892945956494316 ) ) ;
#1063 = EDGE_CURVE ( 'NONE', #1569, #2699, #2622, .T. ) ;
#1064 = DIRECTION ( 'NONE',  ( -0.7660444431190644998, -0.6427876096864364452, 0.000000000000000000 ) ) ;
#1065 = ORIENTED_EDGE ( 'NONE', *, *, #1506, .T. ) ;
#1066 = CARTESIAN_POINT ( 'NONE',  ( -90.19073831926536400, -9.399800736733654460, 75.60045106208654886 ) ) ;
#1067 = FACE_OUTER_BOUND ( 'NONE', #982, .T. ) ;
#1068 = CARTESIAN_POINT ( 'NONE',  ( -91.59519285531844446, -10.49184380114698278, 81.01615053660822241 ) ) ;
#1069 = PERSON_AND_ORGANIZATION_ROLE ( 'creator' ) ;
#1070 = ORIENTED_EDGE ( 'NONE', *, *, #288, .T. ) ;
#1071 = CARTESIAN_POINT ( 'NONE',  ( -63.54117343582640842, -0.5274481744192678345, 65.73416240211768979 ) ) ;
#1072 = CARTESIAN_POINT ( 'NONE',  ( -71.67562180376037873, -24.34514151605358734, 88.10439329979597289 ) ) ;
#1073 = CARTESIAN_POINT ( 'NONE',  ( -73.99486055625111192, 7.887367787277419495, 84.77226221663781303 ) ) ;
#1074 = AXIS2_PLACEMENT_3D ( 'NONE', #1392, #300, #3714 ) ;
#1075 = CARTESIAN_POINT ( 'NONE',  ( -86.04003268549820405, 1.300000000000000711, 74.32974535230736990 ) ) ;
#1076 = CARTESIAN_POINT ( 'NONE',  ( -67.50372071504985172, -1.882811995773115976, 86.99478854788571880 ) ) ;
#1077 = CARTESIAN_POINT ( 'NONE',  ( -93.24075883475239834, -7.784449556113430368, 75.38232521527156393 ) ) ;
#1078 = ORIENTED_EDGE ( 'NONE', *, *, #2968, .F. ) ;
#1079 = CARTESIAN_POINT ( 'NONE',  ( -65.21311785899332847, 3.674534460459901286, 83.93256431637196613 ) ) ;
#1080 = CARTESIAN_POINT ( 'NONE',  ( -58.79998974263867240, -3.198740892088987930, 89.09190590019544231 ) ) ;
#1081 = CARTESIAN_POINT ( 'NONE',  ( -77.30978036401531028, -25.61485398484994391, 86.15500035670279999 ) ) ;
#1082 = EDGE_LOOP ( 'NONE', ( #802, #1647 ) ) ;
#1083 = CARTESIAN_POINT ( 'NONE',  ( -62.71511110779744058, -1.470058964952612790, 89.35609991047562062 ) ) ;
#1084 = EDGE_CURVE ( 'NONE', #2057, #92, #660, .T. ) ;
#1085 = CARTESIAN_POINT ( 'NONE',  ( -62.99721793452643936, -3.271476243584612753, 85.92713159619201235 ) ) ;
#1086 = CARTESIAN_POINT ( 'NONE',  ( -87.48451945537094332, -9.815007001994546343, 83.47481710043346936 ) ) ;
#1087 = PERSON_AND_ORGANIZATION ( #18446744073709551615, #18446744073709551615 ) ;
#1088 = VERTEX_POINT ( 'NONE', #3624 ) ;
#1089 = CARTESIAN_POINT ( 'NONE',  ( -91.06514422697308930, -4.957041880860007410, 75.94905335190161111 ) ) ;
#1090 = DIRECTION ( 'NONE',  ( 0.000000000000000000, 1.000000000000000000, 0.000000000000000000 ) ) ;
#1091 = CARTESIAN_POINT ( 'NONE',  ( -87.64717784670786216, -9.851663653621194783, 82.55300178527302535 ) ) ;
#1092 = CARTESIAN_POINT ( 'NONE',  ( -87.04369433063263273, 1.300000000000000711, 72.37106110950034576 ) ) ;
#1093 = CARTESIAN_POINT ( 'NONE',  ( -74.78174813942030141, 1.166359934510965202, 84.69584391400223922 ) ) ;
#1094 =( BOUNDED_SURFACE ( )  B_SPLINE_SURFACE ( 3, 2, ( 
 ( #1877, #1066, #2215 ),
 ( #3631, #3306, #723 ),
 ( #2459, #411, #3589 ),
 ( #3360, #2758, #1289 ) ),
 .UNSPECIFIED., .F., .F., .T. ) 
 B_SPLINE_SURFACE_WITH_KNOTS ( ( 4, 4 ),
 ( 3, 3 ),
 ( 0.007519750287916921599, 0.01149997348913840700 ),
 ( 0.000000000000000000, 1.000000000000000000 ),
 .UNSPECIFIED. ) 
 GEOMETRIC_REPRESENTATION_ITEM ( )  RATIONAL_B_SPLINE_SURFACE ( (
 ( 1.000000000000000000, 0.7933533070111987717, 1.000000000000000000),
 ( 1.000000000000000000, 0.7933532577605308944, 1.000000000000000000),
 ( 1.000000000000000000, 0.7933532262888821629, 1.000000000000000000),
 ( 1.000000000000000000, 0.7933532640632997568, 1.000000000000000000) ) ) 
 REPRESENTATION_ITEM ( '' )  SURFACE ( )  );
#1095 = CARTESIAN_POINT ( 'NONE',  ( -70.79568386742131736, -6.054015469868067711, 84.35155678312497685 ) ) ;
#1096 = CARTESIAN_POINT ( 'NONE',  ( -77.85680404640926611, 8.397171352784241094, 79.84032276752861890 ) ) ;
#1097 = CARTESIAN_POINT ( 'NONE',  ( -74.17048835873197277, 0.7230002799408847824, 82.41130899530789122 ) ) ;
#1098 = EDGE_CURVE ( 'NONE', #3532, #2885, #2453, .T. ) ;
#1099 = CARTESIAN_POINT ( 'NONE',  ( -90.15151064454070706, -9.062929045455371480, 75.68199799457738663 ) ) ;
#1100 = CARTESIAN_POINT ( 'NONE',  ( -56.96046431397714116, -21.02893755314818236, 90.22846293068346313 ) ) ;
#1101 = CARTESIAN_POINT ( 'NONE',  ( -79.06758178568243522, 1.501357251011015803, 79.99917796166369044 ) ) ;
#1102 = CARTESIAN_POINT ( 'NONE',  ( -74.58066170606497280, -1.892056920087600069, 84.83620719908044805 ) ) ;
#1103 = CARTESIAN_POINT ( 'NONE',  ( -75.77002361261288854, -3.227876003911080982, 86.81003266008639230 ) ) ;
#1104 = CARTESIAN_POINT ( 'NONE',  ( -90.60744896350232125, -8.408420656172802765, 79.12121380641407598 ) ) ;
#1105 = ORIENTED_EDGE ( 'NONE', *, *, #579, .T. ) ;
#1106 = CARTESIAN_POINT ( 'NONE',  ( -90.64135609108396352, -3.634868172723909385, 75.88408767432534319 ) ) ;
#1107 = CARTESIAN_POINT ( 'NONE',  ( -68.30033392691677818, 3.334749917403696085, 70.42204850446546516 ) ) ;
#1108 = CARTESIAN_POINT ( 'NONE',  ( -62.30677477894763427, -4.140957184250909862, 88.71969950254914750 ) ) ;
#1109 = CARTESIAN_POINT ( 'NONE',  ( -65.10111872109428077, -3.745610763094540108, 87.10175730471125632 ) ) ;
#1110 = CARTESIAN_POINT ( 'NONE',  ( -67.82705799304825689, 0.2428763347831640884, 86.49994648647700046 ) ) ;
#1111 = CARTESIAN_POINT ( 'NONE',  ( -93.35634810627057334, -9.673398986908761543, 75.69677986687155169 ) ) ;
#1112 = VECTOR ( 'NONE', #456, 999.9999999999998863 ) ;
#1113 =( BOUNDED_SURFACE ( )  B_SPLINE_SURFACE ( 3, 2, ( 
 ( #533, #1668, #258 ),
 ( #3415, #861, #629 ),
 ( #3385, #1109, #1138 ),
 ( #2544, #2296, #3399 ) ),
 .UNSPECIFIED., .F., .F., .F. ) 
 B_SPLINE_SURFACE_WITH_KNOTS ( ( 4, 4 ),
 ( 3, 3 ),
 ( 0.01431999449642927177, 0.01737147394353185867 ),
 ( 0.000000000000000000, 1.000000000000000000 ),
 .UNSPECIFIED. ) 
 GEOMETRIC_REPRESENTATION_ITEM ( )  RATIONAL_B_SPLINE_SURFACE ( (
 ( 1.000000000000000000, 0.6372048257152373996, 1.000000000000000000),
 ( 1.000000000000000000, 0.6326754285226787733, 1.000000000000000000),
 ( 1.000000000000000000, 0.6281269421759124727, 1.000000000000000000),
 ( 1.000000000000000000, 0.6236345010246879816, 1.000000000000000000) ) ) 
 REPRESENTATION_ITEM ( '' )  SURFACE ( )  );
#1114 = CARTESIAN_POINT ( 'NONE',  ( -88.16316099730424583, 1.190875152343194632, 78.22672196237670050 ) ) ;
#1115 = FACE_OUTER_BOUND ( 'NONE', #3030, .T. ) ;
#1116 = DIRECTION ( 'NONE',  ( 0.000000000000000000, -1.000000000000000000, 0.000000000000000000 ) ) ;
#1117 = CARTESIAN_POINT ( 'NONE',  ( -73.76469271537838779, -0.3001189149705780213, 84.72743848266198086 ) ) ;
#1118 = CARTESIAN_POINT ( 'NONE',  ( -74.68742760229855548, 4.438039949233076875, 85.55671523083250918 ) ) ;
#1119 = B_SPLINE_CURVE_WITH_KNOTS ( 'NONE', 3,
 ( #3421, #1674, #2839, #2823, #1144, #1408, #231, #1162 ),
 .UNSPECIFIED., .F., .F.,
 ( 4, 2, 2, 4 ),
 ( -0.002281669641437789661, -0.0008952200134926390374, 0.0004912296144525115857, 0.003264128870342820638 ),
 .UNSPECIFIED. ) ;
#1120 = PERSON_AND_ORGANIZATION ( #18446744073709551615, #18446744073709551615 ) ;
#1121 = EDGE_LOOP ( 'NONE', ( #2099, #1229, #3516, #3265 ) ) ;
#1122 = CARTESIAN_POINT ( 'NONE',  ( -91.84715814562500213, -9.896075322065515323, 76.67571612986442631 ) ) ;
#1123 = VECTOR ( 'NONE', #3733, 1000.000000000000000 ) ;
#1124 = CARTESIAN_POINT ( 'NONE',  ( -69.69811220214197078, 4.122496593092538575, 81.63497158371121998 ) ) ;
#1125 = CARTESIAN_POINT ( 'NONE',  ( -62.42945727292732272, -3.554120402617884089, 89.20969478503198502 ) ) ;
#1126 = CARTESIAN_POINT ( 'NONE',  ( -87.83630739386167363, 3.240861013616152420, 78.22949791040119294 ) ) ;
#1127 = CARTESIAN_POINT ( 'NONE',  ( -83.36885485837615306, 7.146811309191044792, 81.35487034203930534 ) ) ;
#1128 = CARTESIAN_POINT ( 'NONE',  ( -82.81938025854488217, 5.853705503051577885, 80.10165972205012963 ) ) ;
#1129 = ADVANCED_FACE ( 'NONE', ( #1321 ), #3262, .T. ) ;
#1130 = SPHERICAL_SURFACE ( 'NONE', #2456, 0.5000000000000000000 ) ;
#1131 = APPROVAL ( #3125, 'Deckungsgleich' ) ;
#1132 = CARTESIAN_POINT ( 'NONE',  ( -69.56366759898114083, -5.776368612564223071, 84.60407531179936313 ) ) ;
#1133 = CARTESIAN_POINT ( 'NONE',  ( -81.67006220502075564, -7.273633319095713645, 85.65644389700526062 ) ) ;
#1134 = ORIENTED_EDGE ( 'NONE', *, *, #251, .T. ) ;
#1135 = CARTESIAN_POINT ( 'NONE',  ( -84.26798468523568886, 4.928461005490560431, 77.54545385960987858 ) ) ;
#1136 = CARTESIAN_POINT ( 'NONE',  ( -91.14842756830452686, -0.9156321427082068087, 78.72044207164451279 ) ) ;
#1137 = CARTESIAN_POINT ( 'NONE',  ( -65.26891939055077785, -4.808505303039506629, 89.31941871106542408 ) ) ;
#1138 = CARTESIAN_POINT ( 'NONE',  ( -65.06869404283457925, -3.738303546262347954, 86.48322081193205690 ) ) ;
#1139 = CARTESIAN_POINT ( 'NONE',  ( -74.08071987403093317, 5.841618615158065353, 74.13989114451979390 ) ) ;
#1140 = CARTESIAN_POINT ( 'NONE',  ( -84.41323322488754854, 6.594120478042028388, 80.82375977627529551 ) ) ;
#1141 = ORIENTED_EDGE ( 'NONE', *, *, #1701, .T. ) ;
#1142 = DIRECTION ( 'NONE',  ( 0.3746065934159060751, -1.167932354876878927E-16, -0.9271838545667897558 ) ) ;
#1143 = EDGE_CURVE ( 'NONE', #950, #112, #1829, .T. ) ;
#1144 = CARTESIAN_POINT ( 'NONE',  ( -85.90268656493270782, 3.011579238064746367, 74.81080793304343501 ) ) ;
#1145 = CARTESIAN_POINT ( 'NONE',  ( -60.50449621417706680, -0.9931195526012562835, 88.82463256248364303 ) ) ;
#1146 = EDGE_CURVE ( 'NONE', #2061, #440, #294, .T. ) ;
#1147 = DIRECTION ( 'NONE',  ( 0.000000000000000000, 0.000000000000000000, 1.000000000000000000 ) ) ;
#1148 = EDGE_CURVE ( 'NONE', #510, #440, #574, .T. ) ;
#1149 = CARTESIAN_POINT ( 'NONE',  ( -60.95167265772183640, -3.226180200217524607, 89.15242894017545439 ) ) ;
#1150 = CARTESIAN_POINT ( 'NONE',  ( -83.36885485837615306, 7.146811309191044792, 81.61630381382563826 ) ) ;
#1151 = ORIENTED_EDGE ( 'NONE', *, *, #1682, .T. ) ;
#1152 = CARTESIAN_POINT ( 'NONE',  ( -65.59958115544644386, 2.036403613937434631, 84.03648987967902428 ) ) ;
#1153 = CARTESIAN_POINT ( 'NONE',  ( -89.08760260623398608, 2.466723223885987970, 79.17516014450512785 ) ) ;
#1154 = CARTESIAN_POINT ( 'NONE',  ( -60.20488396146298271, -3.062157681976237278, 89.11056342298317645 ) ) ;
#1155 = CARTESIAN_POINT ( 'NONE',  ( -75.10404203292328873, -7.024945915698282306, 84.04480120451869141 ) ) ;
#1156 = CARTESIAN_POINT ( 'NONE',  ( -60.96542879555850192, -1.199999999999999734, 65.35983515722148240 ) ) ;
#1157 = B_SPLINE_CURVE_WITH_KNOTS ( 'NONE', 3,
 ( #1795, #3503, #926, #2076 ),
 .UNSPECIFIED., .F., .F.,
 ( 4, 4 ),
 ( 0.9176963197533076766, 1.000000000000000000 ),
 .UNSPECIFIED. ) ;
#1158 = CARTESIAN_POINT ( 'NONE',  ( -91.15637918741741430, -0.9323077963824926151, 78.71953555566246052 ) ) ;
#1159 = ORIENTED_EDGE ( 'NONE', *, *, #495, .F. ) ;
#1160 = DIRECTION ( 'NONE',  ( -0.9755345439458567025, -0.2198462043528367493, 0.000000000000000000 ) ) ;
#1161 = ORIENTED_EDGE ( 'NONE', *, *, #152, .F. ) ;
#1162 = CARTESIAN_POINT ( 'NONE',  ( -83.34778806306700005, 4.891044643327314034, 74.17380019210627040 ) ) ;
#1163 = ADVANCED_FACE ( 'NONE', ( #3564 ), #2134, .F. ) ;
#1164 = CARTESIAN_POINT ( 'NONE',  ( -78.32092204961308823, -12.87027948883124928, 78.15113026494321957 ) ) ;
#1165 = B_SPLINE_CURVE_WITH_KNOTS ( 'NONE', 3,
 ( #1862, #2927, #414, #2710, #2411, #2444, #1573, #1778, #1494, #1538, #371, #693, #3251, #434 ),
 .UNSPECIFIED., .F., .F.,
 ( 4, 2, 2, 2, 1, 1, 2, 4 ),
 ( 0.1540223262687010208, 0.3228646377076915819, 0.4917069491466821152, 0.5339175270064304701, 0.5761281048661788251, 0.6605492605856754240, 0.7449704163051720229, 0.8293915720246686218 ),
 .UNSPECIFIED. ) ;
#1166 = CARTESIAN_POINT ( 'NONE',  ( -63.24005394150184145, -2.866258834595301508, 87.03770126794485407 ) ) ;
#1167 = EDGE_CURVE ( 'NONE', #1011, #3549, #424, .T. ) ;
#1168 = CARTESIAN_POINT ( 'NONE',  ( -74.61512652658299771, -6.914764047730669994, 71.99650313170920413 ) ) ;
#1169 = CARTESIAN_POINT ( 'NONE',  ( -73.34393757418297355, -5.388160339105289687, 88.08175884880608919 ) ) ;
#1170 = APPROVAL_PERSON_ORGANIZATION ( #1120, #1131, #2306 ) ;
#1171 = ORIENTED_EDGE ( 'NONE', *, *, #111, .T. ) ;
#1172 = CARTESIAN_POINT ( 'NONE',  ( -76.82523742930946753, 6.814243155210288450, 82.45966181350527791 ) ) ;
#1173 = CARTESIAN_POINT ( 'NONE',  ( -92.80023279917625700, -5.608605656322057875, 78.83274110089757869 ) ) ;
#1174 = EDGE_CURVE ( 'NONE', #2953, #2451, #463, .T. ) ;
#1175 = ORIENTED_EDGE ( 'NONE', *, *, #786, .F. ) ;
#1176 = LINE ( 'NONE', #2327, #1334 ) ;
#1177 = VECTOR ( 'NONE', #2338, 1000.000000000000114 ) ;
#1178 = CARTESIAN_POINT ( 'NONE',  ( -65.29361289802214685, 1.522582611964177879, 84.14294308760896968 ) ) ;
#1179 = DIRECTION ( 'NONE',  ( -0.000000000000000000, 1.000000000000000000, -0.000000000000000000 ) ) ;
#1180 = CARTESIAN_POINT ( 'NONE',  ( -75.46543814893031765, 8.162523951124601496, 84.74085777177587886 ) ) ;
#1181 = ORIENTED_EDGE ( 'NONE', *, *, #2890, .T. ) ;
#1182 = CARTESIAN_POINT ( 'NONE',  ( -60.96542879555850192, -3.838671811580094850, 65.35983515722148240 ) ) ;
#1183 = ORIENTED_EDGE ( 'NONE', *, *, #900, .F. ) ;
#1184 = CARTESIAN_POINT ( 'NONE',  ( -89.53289066032088783, -2.220880961853943347, 72.47638064439108518 ) ) ;
#1185 = CARTESIAN_POINT ( 'NONE',  ( -63.20256607259454285, -3.016462087993132091, 86.99713491552894595 ) ) ;
#1186 = CARTESIAN_POINT ( 'NONE',  ( 11.77277965804892368, 1.300000000000002487, 47.21804018722344409 ) ) ;
#1187 = CARTESIAN_POINT ( 'NONE',  ( -98.45228707334354112, -12.87027948883124928, 24.54691211133984652 ) ) ;
#1188 = CARTESIAN_POINT ( 'NONE',  ( -59.23095439213054192, -2.599793684747070177, 89.02183622557213027 ) ) ;
#1189 = ADVANCED_FACE ( 'NONE', ( #1909 ), #2171, .F. ) ;
#1190 = ORIENTED_EDGE ( 'NONE', *, *, #3621, .T. ) ;
#1191 = CARTESIAN_POINT ( 'NONE',  ( -63.51541706824699673, 0.2615704520178691594, 86.52976192924879228 ) ) ;
#1192 = CARTESIAN_POINT ( 'NONE',  ( -62.33204315830429465, -1.148693143884660151, 86.77704220637497201 ) ) ;
#1193 = LINE ( 'NONE', #3432, #377 ) ;
#1194 = ORIENTED_EDGE ( 'NONE', *, *, #2507, .T. ) ;
#1195 = CARTESIAN_POINT ( 'NONE',  ( -64.80777804667603448, 0.6874290493112716893, 79.64066190529226219 ) ) ;
#1196 = CARTESIAN_POINT ( 'NONE',  ( -71.35986574897628998, -5.045051701835857827, 84.46804678501882790 ) ) ;
#1197 = DIRECTION ( 'NONE',  ( -0.7880107536067187946, 1.011459089225158669E-16, 0.6156614753256623995 ) ) ;
#1198 = CARTESIAN_POINT ( 'NONE',  ( -79.63231399879663286, 7.783544629029925943, 83.19062914485986937 ) ) ;
#1199 = ORIENTED_EDGE ( 'NONE', *, *, #1146, .F. ) ;
#1200 = CARTESIAN_POINT ( 'NONE',  ( -72.63946363010234109, 5.436573330671426341, 79.79946762181101860 ) ) ;
#1201 = VERTEX_POINT ( 'NONE', #844 ) ;
#1202 = CARTESIAN_POINT ( 'NONE',  ( -77.74071508899896799, 5.136407792150077256E-14, 83.33598445016664868 ) ) ;
#1203 = CARTESIAN_POINT ( 'NONE',  ( -93.19163267324738342, -10.87885646233897319, 75.96058042110639974 ) ) ;
#1204 = EDGE_CURVE ( 'NONE', #2895, #1481, #3033, .T. ) ;
#1205 = CARTESIAN_POINT ( 'NONE',  ( -90.22436825091244827, -8.647610407104721730, 75.45075529848321594 ) ) ;
#1206 = CARTESIAN_POINT ( 'NONE',  ( -68.53913238393349161, -12.87027948883124928, 82.10322982548110815 ) ) ;
#1207 = CARTESIAN_POINT ( 'NONE',  ( -61.25040641663615304, -3.902894292176238622, 89.29178521151882819 ) ) ;
#1208 = VECTOR ( 'NONE', #1257, 1000.000000000000000 ) ;
#1209 = CARTESIAN_POINT ( 'NONE',  ( -70.52672851016907885, -3.500000000000000000, 77.74535590552204667 ) ) ;
#1210 = ORIENTED_EDGE ( 'NONE', *, *, #3507, .F. ) ;
#1211 = CARTESIAN_POINT ( 'NONE',  ( -91.83911207021036205, -10.79635683098462628, 78.91879001720219833 ) ) ;
#1212 = CARTESIAN_POINT ( 'NONE',  ( -90.17930156151375343, 0.9785900854671896187, 75.15622443039954703 ) ) ;
#1213 = CARTESIAN_POINT ( 'NONE',  ( -91.01895206267722926, -10.47040363678107866, 75.14119553335957846 ) ) ;
#1214 = CARTESIAN_POINT ( 'NONE',  ( -82.25413396760951912, 7.183532907456136485, 82.12976995543115777 ) ) ;
#1215 = EDGE_CURVE ( 'NONE', #2953, #1383, #774, .T. ) ;
#1216 = ORIENTED_EDGE ( 'NONE', *, *, #1506, .F. ) ;
#1217 = CARTESIAN_POINT ( 'NONE',  ( -63.21696470243023924, -0.8719731405926445245, 84.53515591077359659 ) ) ;
#1218 = CARTESIAN_POINT ( 'NONE',  ( -60.55496521734123405, -1.200377562676164356, 84.84414214947666721 ) ) ;
#1219 = CARTESIAN_POINT ( 'NONE',  ( -63.02547064732875981, -3.203189845727769658, 85.49166768322557175 ) ) ;
#1220 = CARTESIAN_POINT ( 'NONE',  ( -89.68039539741469923, 1.638574867374485100, 79.01128837822682272 ) ) ;
#1221 = ORIENTED_EDGE ( 'NONE', *, *, #1337, .T. ) ;
#1222 = CARTESIAN_POINT ( 'NONE',  ( -60.99796786189664743, -3.846004806882020066, 65.36182533177596099 ) ) ;
#1223 = ORIENTED_EDGE ( 'NONE', *, *, #2507, .F. ) ;
#1224 = CARTESIAN_POINT ( 'NONE',  ( -74.39889829049685943, 1.440892757592168394, 84.18313688561305241 ) ) ;
#1225 = CARTESIAN_POINT ( 'NONE',  ( -87.90384694051391534, -7.236115204732454842, 80.45024819322054555 ) ) ;
#1226 = DIRECTION ( 'NONE',  ( -0.9075829487463429324, -0.2045326510019153388, -0.3666873134143334156 ) ) ;
#1227 = CARTESIAN_POINT ( 'NONE',  ( -69.93485950504677362, 5.512920365281861912, 86.75152967025839246 ) ) ;
#1228 = AXIS2_PLACEMENT_3D ( 'NONE', #1638, #829, #3418 ) ;
#1229 = ORIENTED_EDGE ( 'NONE', *, *, #1146, .T. ) ;
#1230 = CARTESIAN_POINT ( 'NONE',  ( -80.27094503034898310, 6.589680434807537956, 81.12004110003964286 ) ) ;
#1231 = CARTESIAN_POINT ( 'NONE',  ( -62.87583739749404543, 1.631249311294611148, 88.41904488073356561 ) ) ;
#1232 = EDGE_CURVE ( 'NONE', #3600, #2618, #2227, .T. ) ;
#1233 = CARTESIAN_POINT ( 'NONE',  ( -61.89057639070602335, -1.674760097250811874, 86.87163243349888830 ) ) ;
#1234 = DIRECTION ( 'NONE',  ( 0.000000000000000000, 0.000000000000000000, -1.000000000000000000 ) ) ;
#1235 =( BOUNDED_SURFACE ( )  B_SPLINE_SURFACE ( 3, 2, ( 
 ( #2161, #725, #3059 ),
 ( #2216, #1364, #3378 ),
 ( #450, #3361, #745 ),
 ( #1310, #1589, #1085 ) ),
 .UNSPECIFIED., .F., .F., .T. ) 
 B_SPLINE_SURFACE_WITH_KNOTS ( ( 4, 4 ),
 ( 3, 3 ),
 ( 0.007861073320589164262, 0.01094290695073341091 ),
 ( 0.000000000000000000, 1.000000000000000000 ),
 .UNSPECIFIED. ) 
 GEOMETRIC_REPRESENTATION_ITEM ( )  RATIONAL_B_SPLINE_SURFACE ( (
 ( 1.000000000000000000, 0.7933532782168780662, 1.000000000000000000),
 ( 1.000000000000000000, 0.7933532635942357469, 1.000000000000000000),
 ( 1.000000000000000000, 0.7933532773401342775, 1.000000000000000000),
 ( 1.000000000000000000, 0.7933533036655839865, 1.000000000000000000) ) ) 
 REPRESENTATION_ITEM ( '' )  SURFACE ( )  );
#1236 = ORIENTED_EDGE ( 'NONE', *, *, #3569, .T. ) ;
#1237 = CARTESIAN_POINT ( 'NONE',  ( -60.96542879555850192, 10.00000000000000000, 65.35983515722148240 ) ) ;
#1238 = CARTESIAN_POINT ( 'NONE',  ( -59.22171934844905650, -2.521873490796750161, 85.01711962166272940 ) ) ;
#1239 = CARTESIAN_POINT ( 'NONE',  ( -93.08497393694547384, -9.464287095779779335, 79.79993113703572760 ) ) ;
#1240 = ADVANCED_FACE ( 'NONE', ( #1747 ), #662, .F. ) ;
#1241 = ORIENTED_EDGE ( 'NONE', *, *, #3270, .T. ) ;
#1242 = CARTESIAN_POINT ( 'NONE',  ( -80.05040372693262896, -26.23248013416203150, 84.95677679614934164 ) ) ;
#1243 = EDGE_LOOP ( 'NONE', ( #503, #2398, #2323, #3043, #2214, #3622, #2495, #2317, #1882, #119, #1161, #2283 ) ) ;
#1244 = VECTOR ( 'NONE', #770, 1000.000000000000000 ) ;
#1245 = CARTESIAN_POINT ( 'NONE',  ( -91.14681988288978687, -7.664568921972581883, 72.87877839418447934 ) ) ;
#1246 = LINE ( 'NONE', #1811, #925 ) ;
#1247 = CARTESIAN_POINT ( 'NONE',  ( -64.02067062252771734, -3.502121268087493799, 85.86985390867504009 ) ) ;
#1248 = ADVANCED_FACE ( 'NONE', ( #2067 ), #14, .F. ) ;
#1249 = CARTESIAN_POINT ( 'NONE',  ( -59.98301484381911308, -3.172318752298044497, 89.12564879334374268 ) ) ;
#1250 = CARTESIAN_POINT ( 'NONE',  ( -2.343178261550299180, 10.39750194229730873, -1.608423588047427223E-15 ) ) ;
#1251 = ORIENTED_EDGE ( 'NONE', *, *, #1010, .F. ) ;
#1252 = CARTESIAN_POINT ( 'NONE',  ( -80.27094503034898310, 6.589680434807537956, 79.09467903857401438 ) ) ;
#1253 = CARTESIAN_POINT ( 'NONE',  ( -67.50774624563453585, 5.184459046234212387, 87.33052879046360317 ) ) ;
#1254 = CARTESIAN_POINT ( 'NONE',  ( -61.49850632374012349, -2.142028970923599118, 86.95373198294281281 ) ) ;
#1255 = CARTESIAN_POINT ( 'NONE',  ( -73.70415244062309057, 7.324832585138563168, 85.44219665983692380 ) ) ;
#1256 = VERTEX_POINT ( 'NONE', #2896 ) ;
#1257 = DIRECTION ( 'NONE',  ( -0.000000000000000000, -1.000000000000000000, -0.000000000000000000 ) ) ;
#1258 = CARTESIAN_POINT ( 'NONE',  ( -59.87430619141368027, -1.744150776235389388, 84.92669113852730334 ) ) ;
#1259 = PERSON_AND_ORGANIZATION_ROLE ( 'design_owner' ) ;
#1260 = AXIS2_PLACEMENT_3D ( 'NONE', #2892, #380, #1478 ) ;
#1261 = CARTESIAN_POINT ( 'NONE',  ( -92.55077248054583094, -5.628865454493118925, 79.26244680656107278 ) ) ;
#1262 = ORIENTED_EDGE ( 'NONE', *, *, #942, .T. ) ;
#1263 = ORIENTED_EDGE ( 'NONE', *, *, #2220, .T. ) ;
#1264 = CARTESIAN_POINT ( 'NONE',  ( -77.60267491441241816, 0.5043835397519774721, 83.27824860372334115 ) ) ;
#1265 = CARTESIAN_POINT ( 'NONE',  ( -90.21560772978568821, -10.43048432629144884, 81.08866403659956745 ) ) ;
#1266 = FACE_BOUND ( 'NONE', #1243, .T. ) ;
#1267 = CARTESIAN_POINT ( 'NONE',  ( -65.29361289802214685, 1.522582611964177879, 88.14294308760898389 ) ) ;
#1268 = EDGE_CURVE ( 'NONE', #1025, #2432, #2656, .T. ) ;
#1269 = ORIENTED_EDGE ( 'NONE', *, *, #437, .T. ) ;
#1270 = FACE_OUTER_BOUND ( 'NONE', #2157, .T. ) ;
#1271 = CARTESIAN_POINT ( 'NONE',  ( -67.77168358329718956, 4.750951455587713923, 87.32308025861900092 ) ) ;
#1272 = CARTESIAN_POINT ( 'NONE',  ( -60.39167808125227310, -3.461181743523171761, 87.19281377671903499 ) ) ;
#1273 = CARTESIAN_POINT ( 'NONE',  ( -68.53913238393349161, 3.463754997429317584, 82.10322982548110815 ) ) ;
#1274 = ORIENTED_EDGE ( 'NONE', *, *, #3335, .F. ) ;
#1275 = CARTESIAN_POINT ( 'NONE',  ( -63.02980046450139184, -3.025562608936149367, 85.09359567967834437 ) ) ;
#1276 = CARTESIAN_POINT ( 'NONE',  ( -59.27633020657629714, -3.236145033068326349, 85.11811667485386579 ) ) ;
#1277 = CARTESIAN_POINT ( 'NONE',  ( -59.09736733652199092, -2.670070447752771248, 85.03257094280499473 ) ) ;
#1278 = LINE ( 'NONE', #1866, #812 ) ;
#1279 = VERTEX_POINT ( 'NONE', #2014 ) ;
#1280 = EDGE_LOOP ( 'NONE', ( #2984, #197, #3630, #131 ) ) ;
#1281 = CARTESIAN_POINT ( 'NONE',  ( -61.15033354782816843, 3.473700280012092190, 86.22066019361098199 ) ) ;
#1282 = DIRECTION ( 'NONE',  ( -0.9718223404842120106, -0.2190096231718909048, -0.08715574274765050533 ) ) ;
#1283 = CARTESIAN_POINT ( 'NONE',  ( -87.84431502538247116, -9.178578960888399862, 79.03590277791306562 ) ) ;
#1284 = CARTESIAN_POINT ( 'NONE',  ( -58.79491201280066548, -3.118588700132904901, 89.07978998461368292 ) ) ;
#1285 = EDGE_CURVE ( 'NONE', #3476, #1608, #2437, .T. ) ;
#1286 = DIRECTION ( 'NONE',  ( 0.000000000000000000, 0.000000000000000000, -1.000000000000000000 ) ) ;
#1287 = VERTEX_POINT ( 'NONE', #1765 ) ;
#1288 = B_SPLINE_CURVE_WITH_KNOTS ( 'NONE', 3,
 ( #852, #2550, #216, #3377 ),
 .UNSPECIFIED., .F., .F.,
 ( 4, 4 ),
 ( 0.000000000000000000, 0.002212620454203976291 ),
 .UNSPECIFIED. ) ;
#1289 = CARTESIAN_POINT ( 'NONE',  ( -87.35314075238633791, -8.760320506709302180, 78.38350392264916877 ) ) ;
#1290 = CARTESIAN_POINT ( 'NONE',  ( -71.36330760127735573, 7.097147059678508896, 86.17658013934020289 ) ) ;
#1291 = DIRECTION ( 'NONE',  ( -0.2198462043528370824, 0.9755345439458565915, 0.000000000000000000 ) ) ;
#1292 = CARTESIAN_POINT ( 'NONE',  ( -87.66910453484230459, 3.708273447939324452, 80.01655228704304079 ) ) ;
#1293 = VERTEX_POINT ( 'NONE', #337 ) ;
#1294 = CARTESIAN_POINT ( 'NONE',  ( -85.48701115168698550, 3.798660359472574743, 84.84974689653317625 ) ) ;
#1295 = VECTOR ( 'NONE', #1286, 1000.000000000000000 ) ;
#1296 = CARTESIAN_POINT ( 'NONE',  ( -58.79491201280066548, -3.118588700132904901, 85.07978998461368292 ) ) ;
#1297 = EDGE_CURVE ( 'NONE', #1779, #2706, #1503, .T. ) ;
#1298 = CARTESIAN_POINT ( 'NONE',  ( -91.51831794287306820, -2.400018925591634655, 79.11696794715824410 ) ) ;
#1299 = FACE_OUTER_BOUND ( 'NONE', #1121, .T. ) ;
#1300 = ORIENTED_EDGE ( 'NONE', *, *, #648, .F. ) ;
#1301 = DIRECTION ( 'NONE',  ( 0.9737197611572068201, 0.2194372253877699408, -0.06096827737495384009 ) ) ;
#1302 = CARTESIAN_POINT ( 'NONE',  ( -60.83870631962548003, -3.810113668237948392, 88.66171878364143311 ) ) ;
#1303 = CARTESIAN_POINT ( 'NONE',  ( -92.38917760922180378, -5.332850630157410343, 75.28003434394277349 ) ) ;
#1304 = VECTOR ( 'NONE', #1226, 1000.000000000000227 ) ;
#1305 = CARTESIAN_POINT ( 'NONE',  ( -70.74324248952903815, 4.644678419574220563, 73.11167395234744504 ) ) ;
#1306 = CARTESIAN_POINT ( 'NONE',  ( -66.08019740981174550, -3.966255674969672462, 87.04945914129041284 ) ) ;
#1307 = EDGE_LOOP ( 'NONE', ( #2168, #1545, #2315 ) ) ;
#1308 = DIRECTION ( 'NONE',  ( -1.000000000000000000, 0.000000000000000000, 0.000000000000000000 ) ) ;
#1309 = CARTESIAN_POINT ( 'NONE',  ( -65.88389131125650522, 4.115019110157022375, 87.75340585724708831 ) ) ;
#1310 = CARTESIAN_POINT ( 'NONE',  ( -63.10963558638523097, -2.537041485216733783, 84.96259543849585327 ) ) ;
#1311 = CARTESIAN_POINT ( 'NONE',  ( -91.43404987464589340, -10.70507212274527831, 81.18796270061324094 ) ) ;
#1312 = ORIENTED_EDGE ( 'NONE', *, *, #2548, .T. ) ;
#1313 = CARTESIAN_POINT ( 'NONE',  ( -62.71511110779744058, -1.470058964952612790, 84.84974689653317625 ) ) ;
#1314 = CARTESIAN_POINT ( 'NONE',  ( -60.84827150803312179, -3.812269276544746344, 65.35983515722148240 ) ) ;
#1315 = CARTESIAN_POINT ( 'NONE',  ( -74.91820551759562363, 8.074391592612968793, 84.44593465903811591 ) ) ;
#1316 = CARTESIAN_POINT ( 'NONE',  ( -72.14632444423132540, -6.358395469629973817, 68.92213225792613684 ) ) ;
#1317 = EDGE_CURVE ( 'NONE', #441, #3600, #2395, .T. ) ;
#1318 = CARTESIAN_POINT ( 'NONE',  ( -86.33510865334231710, -9.555976090531633105, 83.23112222981693265 ) ) ;
#1319 = VERTEX_POINT ( 'NONE', #1444 ) ;
#1320 = CARTESIAN_POINT ( 'NONE',  ( -87.37291886846585953, -8.764777697668158396, 78.37148712298059650 ) ) ;
#1321 = FACE_OUTER_BOUND ( 'NONE', #3574, .T. ) ;
#1322 = CARTESIAN_POINT ( 'NONE',  ( -84.77666970789020695, 2.041442819438125333, 77.81720037014575553 ) ) ;
#1323 = CARTESIAN_POINT ( 'NONE',  ( -69.95244850388978364, 4.256005246919574603, 72.90302122791955242 ) ) ;
#1324 = DIRECTION ( 'NONE',  ( -0.6427876096864363342, 0.7660444431190643888, 0.000000000000000000 ) ) ;
#1325 = VERTEX_POINT ( 'NONE', #2332 ) ;
#1326 = CARTESIAN_POINT ( 'NONE',  ( -69.68268756714165590, -5.803190920802848929, 74.44214641920480346 ) ) ;
#1327 = CARTESIAN_POINT ( 'NONE',  ( -59.37046672063112140, -3.479231584234161900, 85.17188014711665289 ) ) ;
#1328 = CARTESIAN_POINT ( 'NONE',  ( -89.75923878299934699, -9.838755135633856952, 82.05274353871490689 ) ) ;
#1329 = ORIENTED_EDGE ( 'NONE', *, *, #2890, .F. ) ;
#1330 = CARTESIAN_POINT ( 'NONE',  ( -63.54117343582640842, -0.5274481744192678345, 84.84974689653317625 ) ) ;
#1331 = CARTESIAN_POINT ( 'NONE',  ( -76.40176323921157575, 22.75457913092904150, 76.55879833974131543 ) ) ;
#1332 = CARTESIAN_POINT ( 'NONE',  ( -77.71238989741408432, 8.346725076413946454, 83.41949179135355052 ) ) ;
#1333 = EDGE_CURVE ( 'NONE', #3555, #836, #2259, .T. ) ;
#1334 = VECTOR ( 'NONE', #840, 1000.000000000000000 ) ;
#1335 = VECTOR ( 'NONE', #2602, 1000.000000000000000 ) ;
#1336 = CARTESIAN_POINT ( 'NONE',  ( -69.69811220214197078, -12.87027948883124928, 81.63497158371121998 ) ) ;
#1337 = EDGE_CURVE ( 'NONE', #528, #864, #2316, .T. ) ;
#1338 = EDGE_CURVE ( 'NONE', #553, #934, #2124, .T. ) ;
#1339 = FACE_BOUND ( 'NONE', #2431, .T. ) ;
#1340 = CARTESIAN_POINT ( 'NONE',  ( -82.31626072794017546, -8.650289595110123742, 85.10512811931958765 ) ) ;
#1341 = CARTESIAN_POINT ( 'NONE',  ( -88.96053542942162551, -1.630148920954249014, 76.36646153272043591 ) ) ;
#1342 = CARTESIAN_POINT ( 'NONE',  ( -87.73545626155335242, -7.996013103489720386, 80.48213511914349283 ) ) ;
#1343 = CYLINDRICAL_SURFACE ( 'NONE', #1002, 0.9500000000000063949 ) ;
#1344 = ORIENTED_EDGE ( 'NONE', *, *, #3404, .F. ) ;
#1345 = FACE_OUTER_BOUND ( 'NONE', #310, .T. ) ;
#1346 = CARTESIAN_POINT ( 'NONE',  ( -62.71511110779744058, -1.470058964952612790, 89.35609991047562062 ) ) ;
#1347 = CARTESIAN_POINT ( 'NONE',  ( -66.55602793347080137, 3.964125156689355833, 87.64840953513794375 ) ) ;
#1348 = CARTESIAN_POINT ( 'NONE',  ( -60.86399397470513861, -1.303342966101694644, 88.84970532832910806 ) ) ;
#1349 = EDGE_LOOP ( 'NONE', ( #3297, #1105 ) ) ;
#1350 = CYLINDRICAL_SURFACE ( 'NONE', #1814, 0.9500000000000063949 ) ;
#1351 = EDGE_CURVE ( 'NONE', #3417, #2307, #1781, .T. ) ;
#1352 = CARTESIAN_POINT ( 'NONE',  ( -69.68268756714165590, -3.500000000000000000, 74.44214641920480346 ) ) ;
#1353 = CARTESIAN_POINT ( 'NONE',  ( -71.29920616830217739, 7.072067507147434817, 85.68145681776960032 ) ) ;
#1354 = CARTESIAN_POINT ( 'NONE',  ( -92.10741897688140511, -10.85682240381635566, 79.92404425035790894 ) ) ;
#1355 = APPROVAL_PERSON_ORGANIZATION ( #1087, #903, #1918 ) ;
#1356 = DIRECTION ( 'NONE',  ( 0.9702957262759990265, 0.000000000000000000, -0.2419218955996572107 ) ) ;
#1357 = CARTESIAN_POINT ( 'NONE',  ( -61.78012365585917820, 0.5271140337886942584, 84.63032250740012330 ) ) ;
#1358 = EDGE_LOOP ( 'NONE', ( #1194, #3527, #2564, #106 ) ) ;
#1359 = CARTESIAN_POINT ( 'NONE',  ( -79.26748338404928518, 4.221984640411056589, 79.91570587622044286 ) ) ;
#1360 = LINE ( 'NONE', #3303, #3626 ) ;
#1361 = DIRECTION ( 'NONE',  ( 0.2415631543415937277, 0.05443860796428397902, 0.9688568936780346252 ) ) ;
#1362 = EDGE_LOOP ( 'NONE', ( #1519, #919, #3271, #2149, #2132, #2716, #2737, #2382, #1614, #110, #1850 ) ) ;
#1363 = DIRECTION ( 'NONE',  ( 0.000000000000000000, 1.000000000000000000, 0.000000000000000000 ) ) ;
#1364 = CARTESIAN_POINT ( 'NONE',  ( -64.93617119587720765, -3.708438232898700004, 85.02337401445763021 ) ) ;
#1365 = CARTESIAN_POINT ( 'NONE',  ( -84.14010407136414926, -7.988287180611770566, 84.69890809605924176 ) ) ;
#1366 = CARTESIAN_POINT ( 'NONE',  ( -90.22299222841334654, -10.43210632527389770, 79.91958890136957905 ) ) ;
#1367 = ORIENTED_EDGE ( 'NONE', *, *, #2093, .T. ) ;
#1368 = CARTESIAN_POINT ( 'NONE',  ( -64.90178216293503510, 1.461890608348128673, 84.20404544847997386 ) ) ;
#1369 = CARTESIAN_POINT ( 'NONE',  ( -87.83037443239932429, -27.98577225509315269, 80.52609979593988498 ) ) ;
#1370 = CARTESIAN_POINT ( 'NONE',  ( -61.14692972212678512, -0.2274971115271960109, 88.23262536388644151 ) ) ;
#1371 = CIRCLE ( 'NONE', #3469, 2.500000000000015987 ) ;
#1372 = CARTESIAN_POINT ( 'NONE',  ( -92.73589708255349251, -10.99845606190466718, 79.53205883932400866 ) ) ;
#1373 = CARTESIAN_POINT ( 'NONE',  ( -69.32755262207187741, 9.259456143059233924, 84.80777744067613355 ) ) ;
#1374 = CARTESIAN_POINT ( 'NONE',  ( -75.17720459376785413, 8.182151131330241967, 80.85872342047836980 ) ) ;
#1375 = B_SPLINE_CURVE_WITH_KNOTS ( 'NONE', 3,
 ( #2577, #1957, #3099, #1667 ),
 .UNSPECIFIED., .F., .F.,
 ( 4, 4 ),
 ( 4.336808689942017736E-19, 0.0006156679045659427382 ),
 .UNSPECIFIED. ) ;
#1376 = CARTESIAN_POINT ( 'NONE',  ( -77.16555686263339453, 4.487989113961773135, 80.69265772564942552 ) ) ;
#1377 = CARTESIAN_POINT ( 'NONE',  ( -91.42270300571327368, -6.325868422249827816, 78.06732225000175163 ) ) ;
#1378 = CARTESIAN_POINT ( 'NONE',  ( -62.91386990462982709, -22.37059544747232920, 89.89264633184066611 ) ) ;
#1379 = CARTESIAN_POINT ( 'NONE',  ( -79.70802726709095509, -8.062498798788858778, 81.58433615301922259 ) ) ;
#1380 = CARTESIAN_POINT ( 'NONE',  ( -73.85403403769818453, -0.7438010315436636155, 84.79597953253430376 ) ) ;
#1381 = CARTESIAN_POINT ( 'NONE',  ( -66.16662329898993278, 3.691545262666206195, 87.74772678322491970 ) ) ;
#1382 = CARTESIAN_POINT ( 'NONE',  ( -59.46804449617564359, -2.909257405398431029, 89.06405466125578130 ) ) ;
#1383 = VERTEX_POINT ( 'NONE', #3637 ) ;
#1384 = CARTESIAN_POINT ( 'NONE',  ( -80.98572941632565403, 5.876733638526542514, 78.30733577278212465 ) ) ;
#1385 = CARTESIAN_POINT ( 'NONE',  ( -62.78406500833362713, -4.248519182909396896, 85.42665522748821161 ) ) ;
#1386 = LINE ( 'NONE', #808, #732 ) ;
#1387 = PLANE ( 'NONE',  #2736 ) ;
#1388 = CARTESIAN_POINT ( 'NONE',  ( -66.92985025328353288, -5.600198915349698936, 87.83360613133771722 ) ) ;
#1389 = CARTESIAN_POINT ( 'NONE',  ( -69.97199427522532744, 6.547868013838453294, 82.62913692985215164 ) ) ;
#1390 = ORIENTED_EDGE ( 'NONE', *, *, #71, .T. ) ;
#1391 = CARTESIAN_POINT ( 'NONE',  ( -65.35049574461177713, -2.765350540368090027, 84.87641775471300321 ) ) ;
#1392 = CARTESIAN_POINT ( 'NONE',  ( -60.96542879555850192, 10.00000000000000000, 65.55983515722148525 ) ) ;
#1393 = CARTESIAN_POINT ( 'NONE',  ( -65.98369646143115119, -4.969587272867866723, 88.49465935056034027 ) ) ;
#1394 = CARTESIAN_POINT ( 'NONE',  ( -59.48038955807699324, -2.991464252601486074, 88.57101345230911704 ) ) ;
#1395 = CARTESIAN_POINT ( 'NONE',  ( -80.76561050777324624, -8.300835475532734264, 80.86511257524144014 ) ) ;
#1396 = CARTESIAN_POINT ( 'NONE',  ( -71.27606146325605607, -6.162273236600960047, 88.77426662227030363 ) ) ;
#1397 = ORIENTED_EDGE ( 'NONE', *, *, #2120, .F. ) ;
#1398 = CARTESIAN_POINT ( 'NONE',  ( -91.85301089802867125, -10.34868332456528961, 76.78053041551355307 ) ) ;
#1399 = CARTESIAN_POINT ( 'NONE',  ( -60.80560568111347663, -0.6342712636335677834, 88.29297374470597504 ) ) ;
#1400 = CARTESIAN_POINT ( 'NONE',  ( -71.79277105363804878, 1.300000000000000711, 68.56857886733286023 ) ) ;
#1401 = CARTESIAN_POINT ( 'NONE',  ( -74.20739888542709650, -6.154009116048029249, 88.13135156523092917 ) ) ;
#1402 = EDGE_CURVE ( 'NONE', #92, #2061, #1634, .T. ) ;
#1403 = CARTESIAN_POINT ( 'NONE',  ( -93.93807120134053434, 3.021661129426453929, 74.54954947513830632 ) ) ;
#1404 = VECTOR ( 'NONE', #2402, 1000.000000000000114 ) ;
#1405 = CARTESIAN_POINT ( 'NONE',  ( -60.52786201597336202, -0.9652732743761696099, 88.56861485681010038 ) ) ;
#1406 = ORIENTED_EDGE ( 'NONE', *, *, #3569, .F. ) ;
#1407 = AXIS2_PLACEMENT_3D ( 'NONE', #1554, #724, #3529 ) ;
#1408 = CARTESIAN_POINT ( 'NONE',  ( -84.88061580628345837, 3.921514590321554028, 74.55597707202504409 ) ) ;
#1409 = PLANE ( 'NONE',  #2567 ) ;
#1410 = FACE_OUTER_BOUND ( 'NONE', #1280, .T. ) ;
#1411 = CARTESIAN_POINT ( 'NONE',  ( -75.80903709113631805, -2.417447489244907377, 84.57277894849811162 ) ) ;
#1412 = CARTESIAN_POINT ( 'NONE',  ( -79.49806046868260978, -6.703216741670926737, 86.40912926013491813 ) ) ;
#1413 = SHAPE_DEFINITION_REPRESENTATION ( #633, #1427 ) ;
#1414 = EDGE_LOOP ( 'NONE', ( #1329, #2088, #2202, #2477, #655, #430 ) ) ;
#1415 = CARTESIAN_POINT ( 'NONE',  ( -88.42409818844929248, -0.1336071496906471867, 75.29511682032349995 ) ) ;
#1416 = AXIS2_PLACEMENT_3D ( 'NONE', #1164, #885, #2267 ) ;
#1417 = CARTESIAN_POINT ( 'NONE',  ( -92.25063412619003600, -3.703419272476541124, 78.71175897899898644 ) ) ;
#1418 = FACE_OUTER_BOUND ( 'NONE', #415, .T. ) ;
#1419 = ADVANCED_FACE ( 'NONE', ( #222 ), #1593, .T. ) ;
#1420 = DIRECTION ( 'NONE',  ( -1.000000000000000000, 0.000000000000000000, 0.000000000000000000 ) ) ;
#1421 = CARTESIAN_POINT ( 'NONE',  ( -93.50445235089121354, 0.01354900687180399244, 75.32532730777694496 ) ) ;
#1422 = ADVANCED_FACE ( 'NONE', ( #3026 ), #2268, .T. ) ;
#1423 = EDGE_CURVE ( 'NONE', #768, #2228, #2223, .T. ) ;
#1424 = CARTESIAN_POINT ( 'NONE',  ( -81.03680584805850629, 7.931376950828255445, 82.56393257926106344 ) ) ;
#1425 = ORIENTED_EDGE ( 'NONE', *, *, #782, .T. ) ;
#1426 = CARTESIAN_POINT ( 'NONE',  ( -2.343178261550288521, 10.39750194229728386, 5.562397039815653819E-16 ) ) ;
#1427 = ADVANCED_BREP_SHAPE_REPRESENTATION ( 'L2 Button REF2011', ( #157, #2503 ), #402 ) ;
#1428 = CARTESIAN_POINT ( 'NONE',  ( -90.85438454969037991, -10.57443889986942942, 85.09999999999999432 ) ) ;
#1429 = CARTESIAN_POINT ( 'NONE',  ( -69.93988125753332952, 4.248960901463326501, 82.23337099428596275 ) ) ;
#1430 = CARTESIAN_POINT ( 'NONE',  ( -78.73134166711440685, 6.275505102820695846, 79.16695446460482799 ) ) ;
#1431 = CARTESIAN_POINT ( 'NONE',  ( -59.84060800403587166, -2.980919482037879931, 89.08533165141579957 ) ) ;
#1432 = CARTESIAN_POINT ( 'NONE',  ( -79.84108741754914718, 6.847975767229504740, 83.24758609886136185 ) ) ;
#1433 = AXIS2_PLACEMENT_3D ( 'NONE', #2997, #2769, #189 ) ;
#1434 = ORIENTED_EDGE ( 'NONE', *, *, #460, .F. ) ;
#1435 = CARTESIAN_POINT ( 'NONE',  ( -86.35914201960399339, 3.296482726684736519, 76.78330439209676683 ) ) ;
#1436 = LINE ( 'NONE', #274, #2661 ) ;
#1437 = CARTESIAN_POINT ( 'NONE',  ( -67.49806988929918816, -5.310866064216410720, 89.19714711908682148 ) ) ;
#1438 = EDGE_CURVE ( 'NONE', #510, #961, #3048, .T. ) ;
#1439 = CARTESIAN_POINT ( 'NONE',  ( -67.72114527943682560, -0.4426629094538559461, 86.65437527551269170 ) ) ;
#1440 = CARTESIAN_POINT ( 'NONE',  ( -82.26451730425216624, 7.567606725056580608, 81.65883180075719849 ) ) ;
#1441 = EDGE_CURVE ( 'NONE', #2885, #441, #1736, .T. ) ;
#1442 = ORIENTED_EDGE ( 'NONE', *, *, #207, .T. ) ;
#1443 = EDGE_CURVE ( 'NONE', #2255, #2895, #2680, .T. ) ;
#1444 = CARTESIAN_POINT ( 'NONE',  ( -60.21652286165581103, -3.669898570276042271, 85.23415156951969607 ) ) ;
#1445 = ORIENTED_EDGE ( 'NONE', *, *, #767, .F. ) ;
#1446 = CARTESIAN_POINT ( 'NONE',  ( -61.25319606753065216, -3.903522967155605095, 80.99999999999998579 ) ) ;
#1447 = CARTESIAN_POINT ( 'NONE',  ( -87.16465527843244843, -9.742922496483000572, 71.88591324636233537 ) ) ;
#1448 = CARTESIAN_POINT ( 'NONE',  ( -68.53913238393349161, -5.545479630053113063, 82.10322982548110815 ) ) ;
#1449 = CARTESIAN_POINT ( 'NONE',  ( -66.04406371671689158, -3.198343341622454261, 84.71690233504760670 ) ) ;
#1450 = CARTESIAN_POINT ( 'NONE',  ( -80.58987837855012515, -6.982649406827675875, 86.04152444409055533 ) ) ;
#1451 = ORIENTED_EDGE ( 'NONE', *, *, #2918, .T. ) ;
#1452 = DIRECTION ( 'NONE',  ( -0.9702957262759961399, 0.000000000000000000, 0.2419218955996693676 ) ) ;
#1453 = FACE_OUTER_BOUND ( 'NONE', #3216, .T. ) ;
#1454 = ORIENTED_EDGE ( 'NONE', *, *, #3021, .T. ) ;
#1455 = CARTESIAN_POINT ( 'NONE',  ( -69.68268756714165590, 10.32832126602183997, 72.89214641920480631 ) ) ;
#1456 = CARTESIAN_POINT ( 'NONE',  ( -75.01908562837596151, 6.931988868526149261, 81.07456643539424590 ) ) ;
#1457 = CARTESIAN_POINT ( 'NONE',  ( -65.83232125918885913, -4.252087353258900748, 85.00379138521314815 ) ) ;
#1458 = CARTESIAN_POINT ( 'NONE',  ( -84.91562519567551703, 6.297239737003184956, 80.99448439303158409 ) ) ;
#1459 = EDGE_LOOP ( 'NONE', ( #626, #2066, #2955, #3614, #3253, #3223, #3459, #3471 ) ) ;
#1460 = CARTESIAN_POINT ( 'NONE',  ( -58.97971687144426056, -3.072587347867478336, 85.07639038764374106 ) ) ;
#1461 = ORIENTED_EDGE ( 'NONE', *, *, #1268, .T. ) ;
#1462 = CARTESIAN_POINT ( 'NONE',  ( -76.59160879644123554, 1.658333316281400460, 83.40934118061150571 ) ) ;
#1463 = ADVANCED_FACE ( 'NONE', ( #2465 ), #330, .T. ) ;
#1464 = CARTESIAN_POINT ( 'NONE',  ( -62.33208888623794763, -1.148665160109344718, 84.77716648826432788 ) ) ;
#1465 = CARTESIAN_POINT ( 'NONE',  ( -63.12716776041177269, -2.540992529831882951, 84.96162735878334615 ) ) ;
#1466 = VECTOR ( 'NONE', #2379, 1000.000000000000000 ) ;
#1467 = CARTESIAN_POINT ( 'NONE',  ( -59.39692873794622585, -3.485195057391140327, 85.79691986038581319 ) ) ;
#1468 = LINE ( 'NONE', #1771, #33 ) ;
#1469 = CARTESIAN_POINT ( 'NONE',  ( -60.64235145294147600, -2.395629090803198746, 88.99367291817027592 ) ) ;
#1470 = VERTEX_POINT ( 'NONE', #93 ) ;
#1471 = PLANE ( 'NONE',  #376 ) ;
#1472 = PLANE ( 'NONE',  #1851 ) ;
#1473 = DIRECTION ( 'NONE',  ( -0.000000000000000000, 1.000000000000000000, -0.000000000000000000 ) ) ;
#1474 = ORIENTED_EDGE ( 'NONE', *, *, #872, .T. ) ;
#1475 = CARTESIAN_POINT ( 'NONE',  ( -62.78406500833362713, -4.248519182909396896, 85.42665522748821161 ) ) ;
#1476 = AXIS2_PLACEMENT_3D ( 'NONE', #2443, #1611, #1008 ) ;
#1477 = CARTESIAN_POINT ( 'NONE',  ( -63.18906870494824091, 0.2936982985277492020, 84.53307794082441262 ) ) ;
#1478 = DIRECTION ( 'NONE',  ( 0.000000000000000000, 0.000000000000000000, 1.000000000000000000 ) ) ;
#1479 = CARTESIAN_POINT ( 'NONE',  ( -84.38566595051364061, 6.230851464996650435, 81.26781877726998005 ) ) ;
#1480 = EDGE_CURVE ( 'NONE', #3157, #975, #3673, .T. ) ;
#1481 = VERTEX_POINT ( 'NONE', #1352 ) ;
#1482 = CARTESIAN_POINT ( 'NONE',  ( -71.74488483716093867, 5.100258480757611679, 80.16090091523525984 ) ) ;
#1483 = VERTEX_POINT ( 'NONE', #749 ) ;
#1484 = CARTESIAN_POINT ( 'NONE',  ( -74.00661940787112769, 0.9675897906420977135, 84.39626187920180200 ) ) ;
#1485 = CIRCLE ( 'NONE', #3148, 2.500000000000002220 ) ;
#1486 = CARTESIAN_POINT ( 'NONE',  ( -69.68268756714165590, -5.803190920802848929, 74.44214641920480346 ) ) ;
#1487 = FACE_OUTER_BOUND ( 'NONE', #2878, .T. ) ;
#1488 = LINE ( 'NONE', #1206, #3291 ) ;
#1489 = CARTESIAN_POINT ( 'NONE',  ( -65.44649093803117523, -4.848522779550008543, 89.32141508530528995 ) ) ;
#1490 = ORIENTED_EDGE ( 'NONE', *, *, #207, .F. ) ;
#1491 = CARTESIAN_POINT ( 'NONE',  ( -91.81547285797766733, -8.982671174055044006, 76.46265222009770923 ) ) ;
#1492 = CYLINDRICAL_SURFACE ( 'NONE', #632, 0.5000000000000004441 ) ;
#1493 = CARTESIAN_POINT ( 'NONE',  ( -63.05364892937234345, -3.766404220268747327, 87.22114238205369929 ) ) ;
#1494 = CARTESIAN_POINT ( 'NONE',  ( -73.78325853478129659, -6.727294499202663758, 86.33345114919143271 ) ) ;
#1495 =( BOUNDED_CURVE ( )  B_SPLINE_CURVE ( 3, ( #2370, #3474, #11, #600 ),
 .UNSPECIFIED., .F., .T. ) 
 B_SPLINE_CURVE_WITH_KNOTS ( ( 4, 4 ),
 ( 4.712388980384689674, 7.853981633974482790 ),
 .UNSPECIFIED. ) 
 CURVE ( )  GEOMETRIC_REPRESENTATION_ITEM ( )  RATIONAL_B_SPLINE_CURVE ( ( 1.000000000000000000, 0.3333333333333333703, 0.3333333333333333703, 1.000000000000000000 ) ) 
 REPRESENTATION_ITEM ( '' )  );
#1496 = EDGE_LOOP ( 'NONE', ( #1151, #2903, #209, #1663 ) ) ;
#1497 = B_SPLINE_CURVE_WITH_KNOTS ( 'NONE', 3,
 ( #1498, #2062, #1780, #2674, #2695, #45, #1217, #2388 ),
 .UNSPECIFIED., .F., .F.,
 ( 4, 2, 2, 4 ),
 ( 0.03320208963876796621, 0.03796853105764581848, 0.04035175176708474809, 0.04273497247652367770 ),
 .UNSPECIFIED. ) ;
#1498 = CARTESIAN_POINT ( 'NONE',  ( -69.93988125753332952, 4.248960901463326501, 82.23337099428596275 ) ) ;
#1499 = CARTESIAN_POINT ( 'NONE',  ( -58.56980505994576447, -3.298794686161497403, 85.09999999999999432 ) ) ;
#1500 = CYLINDRICAL_SURFACE ( 'NONE', #153, 0.5000000000000004441 ) ;
#1501 = CARTESIAN_POINT ( 'NONE',  ( -86.01562311981176379, 5.539604989416570646, 80.21791348975011715 ) ) ;
#1502 = ORIENTED_EDGE ( 'NONE', *, *, #460, .T. ) ;
#1503 = LINE ( 'NONE', #2617, #3351 ) ;
#1504 = ORIENTED_EDGE ( 'NONE', *, *, #2850, .F. ) ;
#1505 = CARTESIAN_POINT ( 'NONE',  ( -64.94425194937117851, 1.498870840355637002, 86.19256150994061727 ) ) ;
#1506 = EDGE_CURVE ( 'NONE', #2715, #2611, #3382, .T. ) ;
#1507 = CARTESIAN_POINT ( 'NONE',  ( -65.88099961459245435, -4.946443538884678581, 87.29139049864740230 ) ) ;
#1508 = CARTESIAN_POINT ( 'NONE',  ( -90.15582711583365949, -9.391933157249681585, 76.55686759440868627 ) ) ;
#1509 = CARTESIAN_POINT ( 'NONE',  ( -59.92086310252987857, -2.217586426595199889, 88.96625520842961521 ) ) ;
#1510 = AXIS2_PLACEMENT_3D ( 'NONE', #2292, #2309, #596 ) ;
#1511 = AXIS2_PLACEMENT_3D ( 'NONE', #2556, #2594, #1721 ) ;
#1512 = FACE_OUTER_BOUND ( 'NONE', #3145, .T. ) ;
#1513 = VERTEX_POINT ( 'NONE', #3656 ) ;
#1514 = CARTESIAN_POINT ( 'NONE',  ( -63.89753016145934339, 0.5314819765717576638, 84.43362111969105399 ) ) ;
#1515 = CARTESIAN_POINT ( 'NONE',  ( -69.50471734629475407, 6.288893976142759357, 86.24006384513064916 ) ) ;
#1516 = CARTESIAN_POINT ( 'NONE',  ( -62.94737083057487581, -4.285321739406617425, 87.34006167849199187 ) ) ;
#1517 = CARTESIAN_POINT ( 'NONE',  ( -79.13038388723315109, 7.836434160403346283, 83.39116358602865375 ) ) ;
#1518 = EDGE_CURVE ( 'NONE', #3207, #1524, #1649, .T. ) ;
#1519 = ORIENTED_EDGE ( 'NONE', *, *, #1143, .F. ) ;
#1520 = CARTESIAN_POINT ( 'NONE',  ( -63.20489631288315735, -0.9066426769175004452, 79.06742685263910175 ) ) ;
#1521 = CARTESIAN_POINT ( 'NONE',  ( -60.76420150481055771, -3.793323283065463958, 85.26871167953420638 ) ) ;
#1522 = CARTESIAN_POINT ( 'NONE',  ( -61.00398125444029063, -3.509304115086164799, 85.40831505500067067 ) ) ;
#1523 = CARTESIAN_POINT ( 'NONE',  ( -68.53913238393349161, -12.87027948883124928, 82.10322982548110815 ) ) ;
#1524 = VERTEX_POINT ( 'NONE', #383 ) ;
#1525 = ADVANCED_FACE ( 'NONE', ( #1526 ), #1757, .T. ) ;
#1526 = FACE_OUTER_BOUND ( 'NONE', #685, .T. ) ;
#1527 = VERTEX_POINT ( 'NONE', #2319 ) ;
#1528 = CARTESIAN_POINT ( 'NONE',  ( -88.05226952137762453, 0.4886235406340209142, 72.10722033285104260 ) ) ;
#1529 = CARTESIAN_POINT ( 'NONE',  ( -93.34471100844218938, -10.60236357233473647, 75.82887505468414702 ) ) ;
#1530 = CARTESIAN_POINT ( 'NONE',  ( -79.47990186782158162, 6.190232089234819490, 77.68287202317333140 ) ) ;
#1531 = CARTESIAN_POINT ( 'NONE',  ( -65.35049574461177713, -2.765350540368090027, 88.87641775471301742 ) ) ;
#1532 = VECTOR ( 'NONE', #35, 1000.000000000000000 ) ;
#1533 = ORIENTED_EDGE ( 'NONE', *, *, #2578, .F. ) ;
#1534 = B_SPLINE_CURVE_WITH_KNOTS ( 'NONE', 3,
 ( #3, #1431, #2859, #1149, #2811, #1984, #560, #252, #1695, #799, #870, #3408, #2842, #1949, #593, #1733, #234, #3686, #3426, #303, #1713, #834, #2252, #2571 ),
 .UNSPECIFIED., .F., .F.,
 ( 4, 2, 2, 2, 2, 2, 2, 2, 2, 2, 2, 4 ),
 ( 1.065911352703017744E-16, 0.001137346762639851461, 0.002274693525279596236, 0.004549387050559066704, 0.006824080575838538040, 0.009098774101118008509, 0.01819754820223585395, 0.02729632230335369766, 0.03184570935391262819, 0.03412040287919208131, 0.03525774964183180094, 0.03639509640447152750 ),
 .UNSPECIFIED. ) ;
#1535 = CARTESIAN_POINT ( 'NONE',  ( -90.71495211519086865, -3.623976245259418416, 77.84751747709039194 ) ) ;
#1536 = CARTESIAN_POINT ( 'NONE',  ( -62.47426982334376788, 1.236185872439963696, 87.99018600572907189 ) ) ;
#1537 = CARTESIAN_POINT ( 'NONE',  ( -61.58760306844418864, -2.035837283858513480, 86.93513177698704908 ) ) ;
#1538 = CARTESIAN_POINT ( 'NONE',  ( -71.48184738056067999, -6.208649095972704757, 86.75623984255490484 ) ) ;
#1539 = B_SPLINE_SURFACE_WITH_KNOTS ( 'NONE', 3, 1, ( 
 ( #610, #3202 ),
 ( #1191, #2944 ),
 ( #306, #2119 ),
 ( #1797, #2609 ),
 ( #2964, #2668 ),
 ( #390, #1775 ),
 ( #2407, #2041 ),
 ( #1172, #2100 ),
 ( #3266, #2341 ),
 ( #3468, #891 ),
 ( #1230, #1252 ),
 ( #2627, #368 ),
 ( #691, #22 ),
 ( #40, #2904 ),
 ( #951, #327 ),
 ( #2078, #3486 ),
 ( #1535, #673 ),
 ( #628, #59 ),
 ( #2925, #3248 ),
 ( #345, #1491 ),
 ( #651, #2647 ),
 ( #1211, #2363 ) ),
 .UNSPECIFIED., .F., .F., .F.,
 ( 4, 2, 2, 2, 2, 2, 2, 2, 2, 2, 4 ),
 ( 2, 2 ),
 ( 0.000000000000000000, 0.1249999999999991118, 0.2499999999999982236, 0.3749999999999972244, 0.4374999999999974465, 0.4999999999999975575, 0.6249999999999982236, 0.7499999999999988898, 0.8749999999999994449, 0.9374999999999997780, 1.000000000000000000 ),
 ( 0.000000000000000000, 1.000000000000000000 ),
 .UNSPECIFIED. ) ;
#1540 = ORIENTED_EDGE ( 'NONE', *, *, #2676, .F. ) ;
#1541 = CARTESIAN_POINT ( 'NONE',  ( -66.20249905857168926, -3.367516703243862430, 86.90862938474089106 ) ) ;
#1542 = CARTESIAN_POINT ( 'NONE',  ( -62.03767353517630312, -2.979173157212772871, 85.09890164215396169 ) ) ;
#1543 = EDGE_CURVE ( 'NONE', #2221, #3175, #2975, .T. ) ;
#1544 = CARTESIAN_POINT ( 'NONE',  ( -91.69553449357694319, -2.856812983164785269, 79.11776278397124429 ) ) ;
#1545 = ORIENTED_EDGE ( 'NONE', *, *, #3423, .T. ) ;
#1546 = ORIENTED_EDGE ( 'NONE', *, *, #1058, .T. ) ;
#1547 = CARTESIAN_POINT ( 'NONE',  ( -76.12131463576153578, 1.839263675294004585, 83.53852990421560776 ) ) ;
#1548 = EDGE_CURVE ( 'NONE', #1788, #1319, #2569, .T. ) ;
#1549 = CARTESIAN_POINT ( 'NONE',  ( -86.33510865333283846, -9.555976090529506806, 83.23112222973077223 ) ) ;
#1550 = LINE ( 'NONE', #1467, #1304 ) ;
#1551 = CARTESIAN_POINT ( 'NONE',  ( -59.27633020657629714, -3.236145033068326349, 89.11811667485386579 ) ) ;
#1552 = VECTOR ( 'NONE', #1789, 1000.000000000000000 ) ;
#1553 = ORIENTED_EDGE ( 'NONE', *, *, #3292, .F. ) ;
#1554 = CARTESIAN_POINT ( 'NONE',  ( -92.84582018472943332, -10.51068878994397870, 79.53205883932606923 ) ) ;
#1555 = CARTESIAN_POINT ( 'NONE',  ( -87.36293573796577050, -8.762527902044190853, 78.25451770916627936 ) ) ;
#1556 = CARTESIAN_POINT ( 'NONE',  ( -92.16245641350307949, -4.237435517077360103, 79.16402132293602278 ) ) ;
#1557 = ORIENTED_EDGE ( 'NONE', *, *, #2184, .T. ) ;
#1558 = CARTESIAN_POINT ( 'NONE',  ( -69.80777804666834641, -5.831381277869369661, 74.64066190529229061 ) ) ;
#1559 = CARTESIAN_POINT ( 'NONE',  ( -61.16006806497165371, -3.062932693829539144, 85.11727631453354093 ) ) ;
#1560 = PERSON_AND_ORGANIZATION ( #18446744073709551615, #18446744073709551615 ) ;
#1561 = CARTESIAN_POINT ( 'NONE',  ( -60.76542879555849908, -1.199999999999999956, 65.30384683078287367 ) ) ;
#1562 = ORIENTED_EDGE ( 'NONE', *, *, #2272, .F. ) ;
#1563 = EDGE_CURVE ( 'NONE', #2265, #2061, #2084, .T. ) ;
#1564 = ORIENTED_EDGE ( 'NONE', *, *, #2184, .F. ) ;
#1565 = CARTESIAN_POINT ( 'NONE',  ( -60.05729454597248917, -2.422211480261479366, 86.97433599202977916 ) ) ;
#1566 = CARTESIAN_POINT ( 'NONE',  ( -59.73752802868226297, -3.561952422609642621, 88.59399656580406202 ) ) ;
#1567 = CARTESIAN_POINT ( 'NONE',  ( -90.29430672071134723, -8.963074668148705015, 77.43870019691784989 ) ) ;
#1568 = CARTESIAN_POINT ( 'NONE',  ( -87.68711715492112546, -8.177127139741426021, 80.39824728016577637 ) ) ;
#1569 = VERTEX_POINT ( 'NONE', #573 ) ;
#1570 = DIRECTION ( 'NONE',  ( -0.9412837945268905937, 0.000000000000000000, -0.3376163772109675443 ) ) ;
#1571 = CARTESIAN_POINT ( 'NONE',  ( -67.40852948544501544, 5.123611474885264805, 86.83654515559035758 ) ) ;
#1572 = CARTESIAN_POINT ( 'NONE',  ( -61.08702306045071140, -3.640663262774009645, 85.43562350581902365 ) ) ;
#1573 = CARTESIAN_POINT ( 'NONE',  ( -76.06558074640791745, -7.241638023426450133, 85.80362011686686685 ) ) ;
#1574 = VERTEX_POINT ( 'NONE', #1693 ) ;
#1575 = CARTESIAN_POINT ( 'NONE',  ( -76.65122268171819542, 6.570427861459239516, 84.84974689653317625 ) ) ;
#1576 = CARTESIAN_POINT ( 'NONE',  ( -83.16983225518475820, 4.989325801986935538, 74.88754195337224928 ) ) ;
#1577 = CARTESIAN_POINT ( 'NONE',  ( -87.10591426974959006, -9.729684638450269318, 77.81894600395609984 ) ) ;
#1578 = PLANE ( 'NONE',  #249 ) ;
#1579 = ORIENTED_EDGE ( 'NONE', *, *, #892, .F. ) ;
#1580 = CARTESIAN_POINT ( 'NONE',  ( -61.88615839418412889, 7.287475751965785342, 85.82395023371130094 ) ) ;
#1581 = CARTESIAN_POINT ( 'NONE',  ( -79.99542659649083021, 6.109174890246434231, 75.61459315903381651 ) ) ;
#1582 = EDGE_CURVE ( 'NONE', #2111, #3260, #2019, .T. ) ;
#1583 = CARTESIAN_POINT ( 'NONE',  ( -93.31842399585529790, -10.15712567163626368, 75.80879276612232331 ) ) ;
#1584 = CARTESIAN_POINT ( 'NONE',  ( -68.31436842788394870, -5.494826884930485988, 81.54691951274104156 ) ) ;
#1585 = CARTESIAN_POINT ( 'NONE',  ( -66.20249905857168926, -3.367516703243862430, 86.90862938474089106 ) ) ;
#1586 = ORIENTED_EDGE ( 'NONE', *, *, #2945, .T. ) ;
#1587 = FACE_OUTER_BOUND ( 'NONE', #3126, .T. ) ;
#1588 = CARTESIAN_POINT ( 'NONE',  ( -73.46356201043776935, 7.756711095398175715, 84.95657772104158312 ) ) ;
#1589 = CARTESIAN_POINT ( 'NONE',  ( -62.95707856880243725, -3.262430446842387255, 85.16090848373946187 ) ) ;
#1590 = CARTESIAN_POINT ( 'NONE',  ( -67.34926379824763387, 4.488179889092171138, 87.43866116812829148 ) ) ;
#1591 = ORIENTED_EDGE ( 'NONE', *, *, #190, .F. ) ;
#1592 = CARTESIAN_POINT ( 'NONE',  ( -68.99090621395612288, 3.796927019418708582, 65.73416240211768979 ) ) ;
#1593 = PLANE ( 'NONE',  #279 ) ;
#1594 = AXIS2_PLACEMENT_3D ( 'NONE', #1523, #3115, #1924 ) ;
#1595 = CARTESIAN_POINT ( 'NONE',  ( -67.45124603960059062, 5.149773757444000566, 86.82493430124203826 ) ) ;
#1596 = CC_DESIGN_APPROVAL ( #2201, ( #3695 ) ) ;
#1597 = CARTESIAN_POINT ( 'NONE',  ( -92.75086526243279650, -6.570365600086574887, 79.37031580079067794 ) ) ;
#1598 = B_SPLINE_SURFACE_WITH_KNOTS ( 'NONE', 1, 3, ( 
 ( #1100, #740, #1378, #2809, #1894, #1081, #2193, #2792, #1947, #3055 ),
 ( #523, #483, #2533, #2756, #3036, #3304, #721, #466, #177, #1625 ) ),
 .UNSPECIFIED., .F., .F., .F.,
 ( 2, 2 ),
 ( 4, 2, 2, 2, 4 ),
 ( 0.000000000000000000, 1.000000000000000000 ),
 ( 4.729133307347011872, 4.887312544729130792, 5.045491782111250600, 5.203671019493369521, 5.361850256875488441 ),
 .UNSPECIFIED. ) ;
#1599 = DIRECTION ( 'NONE',  ( 0.9702957262759961399, 0.000000000000000000, -0.2419218955996691733 ) ) ;
#1600 = VERTEX_POINT ( 'NONE', #284 ) ;
#1601 = CARTESIAN_POINT ( 'NONE',  ( 11.77277965804892368, 1.300000000000002487, 47.21804018722344409 ) ) ;
#1602 = EDGE_CURVE ( 'NONE', #178, #1788, #2587, .T. ) ;
#1603 = CARTESIAN_POINT ( 'NONE',  ( -61.20574146925994796, -3.892828611559918883, 88.67965717658061919 ) ) ;
#1604 = VECTOR ( 'NONE', #3082, 1000.000000000000000 ) ;
#1605 = CARTESIAN_POINT ( 'NONE',  ( -85.44705460290470000, -9.355844466852291319, 80.48275385750673649 ) ) ;
#1606 = CARTESIAN_POINT ( 'NONE',  ( -58.56980505994576447, -3.298794686161497403, 89.09999999999999432 ) ) ;
#1607 = CARTESIAN_POINT ( 'NONE',  ( -65.94704311801419294, -4.620262904884079092, 87.20815851139526842 ) ) ;
#1608 = VERTEX_POINT ( 'NONE', #2880 ) ;
#1609 = DIRECTION ( 'NONE',  ( -0.3746065934159060751, 1.167932354876878927E-16, 0.9271838545667897558 ) ) ;
#1610 = EDGE_CURVE ( 'NONE', #3137, #31, #3544, .T. ) ;
#1611 = DIRECTION ( 'NONE',  ( 0.3376163772109699868, 0.000000000000000000, -0.9412837945268898165 ) ) ;
#1612 = CARTESIAN_POINT ( 'NONE',  ( -92.87496939879305557, -10.77305199105078160, 80.17747730826697250 ) ) ;
#1613 = ADVANCED_FACE ( 'NONE', ( #2603 ), #1409, .T. ) ;
#1614 = ORIENTED_EDGE ( 'NONE', *, *, #2120, .T. ) ;
#1615 = CARTESIAN_POINT ( 'NONE',  ( -91.34644233332127783, -10.26337288175498053, 84.84974689653317625 ) ) ;
#1616 = CIRCLE ( 'NONE', #1666, 0.5000000000000004441 ) ;
#1617 = CARTESIAN_POINT ( 'NONE',  ( -69.68268756714165590, -14.08234068259056926, 76.34214641920482336 ) ) ;
#1618 = CARTESIAN_POINT ( 'NONE',  ( -72.18347023388038508, 7.393138871540193335, 85.39235620970060836 ) ) ;
#1619 = FACE_OUTER_BOUND ( 'NONE', #1082, .T. ) ;
#1620 = DIRECTION ( 'NONE',  ( 0.5343523493902516686, 0.8452618332215873220, -0.000000000000000000 ) ) ;
#1621 = CARTESIAN_POINT ( 'NONE',  ( -88.85068821274138884, -7.453428120098050336, 79.96408651948040358 ) ) ;
#1622 = CARTESIAN_POINT ( 'NONE',  ( -89.75923878299934699, -9.838755135633856952, 78.05274353871490689 ) ) ;
#1623 = CARTESIAN_POINT ( 'NONE',  ( -71.48076510445764598, 4.968285232312756428, 77.13526904375447657 ) ) ;
#1624 = ADVANCED_FACE ( 'NONE', ( #1115 ), #17, .F. ) ;
#1625 = CARTESIAN_POINT ( 'NONE',  ( -93.22708231358933517, 18.96282971674416373, 68.60398482642267481 ) ) ;
#1626 = ORIENTED_EDGE ( 'NONE', *, *, #3252, .T. ) ;
#1627 = DIRECTION ( 'NONE',  ( 0.000000000000000000, 1.000000000000000000, 0.000000000000000000 ) ) ;
#1628 = CARTESIAN_POINT ( 'NONE',  ( -76.52078457612581985, -2.340331938703855474, 84.31517548183749966 ) ) ;
#1629 = CARTESIAN_POINT ( 'NONE',  ( -91.27140579111940610, -2.525092443072933790, 79.27379030408039284 ) ) ;
#1630 = CALENDAR_DATE ( 2026, 4, 4 ) ;
#1631 = ORIENTED_EDGE ( 'NONE', *, *, #2804, .T. ) ;
#1632 = CARTESIAN_POINT ( 'NONE',  ( -76.65122268171819542, 6.570427861459239516, 65.73416240211768979 ) ) ;
#1633 = CARTESIAN_POINT ( 'NONE',  ( -69.69811220214197078, -12.87027948883124928, 81.63497158371121998 ) ) ;
#1634 = LINE ( 'NONE', #3259, #163 ) ;
#1635 = CARTESIAN_POINT ( 'NONE',  ( -70.57250523171910572, 4.567153517298324417, 70.98856443800941918 ) ) ;
#1636 = DIRECTION ( 'NONE',  ( 0.2419218955996572384, 0.000000000000000000, 0.9702957262759991375 ) ) ;
#1637 = FACE_OUTER_BOUND ( 'NONE', #1362, .T. ) ;
#1638 = CARTESIAN_POINT ( 'NONE',  ( -69.68268756714165590, -3.500000000000000000, 75.39214641920482052 ) ) ;
#1639 = CARTESIAN_POINT ( 'NONE',  ( -89.48192995375318048, -10.26514289859506945, 78.37592835939348390 ) ) ;
#1640 = CARTESIAN_POINT ( 'NONE',  ( -70.52672851016907885, 4.540485776241824922, 77.74535590552204667 ) ) ;
#1641 = FACE_OUTER_BOUND ( 'NONE', #969, .T. ) ;
#1642 = ORIENTED_EDGE ( 'NONE', *, *, #476, .F. ) ;
#1643 = CARTESIAN_POINT ( 'NONE',  ( -64.80777804666834641, -4.704582612887673321, 79.64066190529230482 ) ) ;
#1644 = CARTESIAN_POINT ( 'NONE',  ( -79.25513791177203871, 6.220869441205977068, 77.12656171043326481 ) ) ;
#1645 = CARTESIAN_POINT ( 'NONE',  ( -93.03890295265914290, -10.54274856746512157, 80.03182201944549945 ) ) ;
#1646 =( NAMED_UNIT ( * ) PLANE_ANGLE_UNIT ( ) SI_UNIT ( $, .RADIAN. ) );
#1647 = ORIENTED_EDGE ( 'NONE', *, *, #535, .T. ) ;
#1648 = CARTESIAN_POINT ( 'NONE',  ( -72.35350100557519681, 5.467200169878777771, 65.73416240211768979 ) ) ;
#1649 = LINE ( 'NONE', #2799, #642 ) ;
#1650 = CARTESIAN_POINT ( 'NONE',  ( -67.03741968190220746, 4.891888478607681279, 86.93644826513016710 ) ) ;
#1651 = DIRECTION ( 'NONE',  ( -0.9271838545667897558, 0.000000000000000000, -0.3746065934159060751 ) ) ;
#1652 = CARTESIAN_POINT ( 'NONE',  ( -59.80880765682868372, -3.947013677431071343, 87.27709970919778470 ) ) ;
#1653 = CARTESIAN_POINT ( 'NONE',  ( -85.98507779123997352, 5.586722070452992739, 76.57333065721175558 ) ) ;
#1654 = CARTESIAN_POINT ( 'NONE',  ( -83.00554337349340983, 5.870326647971605638, 77.98881827772558495 ) ) ;
#1655 = CARTESIAN_POINT ( 'NONE',  ( -63.09091078851576384, -1.033365251810630658, 75.31047222509074857 ) ) ;
#1656 = CARTESIAN_POINT ( 'NONE',  ( -78.32092204961308823, 6.302360446516887649, 78.15113026494321957 ) ) ;
#1657 = DIRECTION ( 'NONE',  ( 0.000000000000000000, -1.000000000000000000, 0.000000000000000000 ) ) ;
#1658 = AXIS2_PLACEMENT_3D ( 'NONE', #1633, #2541, #237 ) ;
#1659 = CARTESIAN_POINT ( 'NONE',  ( -61.00398125444130670, -3.509304115084966647, 89.35609991047562062 ) ) ;
#1660 = CARTESIAN_POINT ( 'NONE',  ( -93.32692249335993040, -11.13164939067811332, 79.89999999999888303 ) ) ;
#1661 = PERSON_AND_ORGANIZATION_ROLE ( 'classification_officer' ) ;
#1662 = B_SPLINE_CURVE_WITH_KNOTS ( 'NONE', 3,
 ( #922, #36, #1247, #2072 ),
 .UNSPECIFIED., .F., .F.,
 ( 4, 4 ),
 ( 0.000000000000000000, 0.003000321266803125837 ),
 .UNSPECIFIED. ) ;
#1663 = ORIENTED_EDGE ( 'NONE', *, *, #3466, .T. ) ;
#1664 = CARTESIAN_POINT ( 'NONE',  ( -88.16554812080032377, 0.2730091119088423057, 75.39715784015101008 ) ) ;
#1665 = CARTESIAN_POINT ( 'NONE',  ( -85.62790937850860473, 5.823947481081257926, 80.36234873378052157 ) ) ;
#1666 = AXIS2_PLACEMENT_3D ( 'NONE', #3700, #1363, #1147 ) ;
#1667 = CARTESIAN_POINT ( 'NONE',  ( -68.31436842788394870, 3.325744241643330490, 81.54691951274104156 ) ) ;
#1668 = CARTESIAN_POINT ( 'NONE',  ( -63.08100437023682616, -3.290358332365117544, 87.12365362624623799 ) ) ;
#1669 = CARTESIAN_POINT ( 'NONE',  ( -80.38795501647103947, -5.954492004963258367, 84.37058633858021039 ) ) ;
#1670 = EDGE_CURVE ( 'NONE', #2372, #940, #2250, .T. ) ;
#1671 = CARTESIAN_POINT ( 'NONE',  ( -80.12827374116875490, 8.165629413877459442, 78.93358991934746882 ) ) ;
#1672 = ORIENTED_EDGE ( 'NONE', *, *, #3650, .T. ) ;
#1673 = CARTESIAN_POINT ( 'NONE',  ( -81.62668000762795373, 6.389171770217337176, 78.53891905477750868 ) ) ;
#1674 = CARTESIAN_POINT ( 'NONE',  ( -87.14634147581435286, 1.664692269497616506, 75.12088592819978317 ) ) ;
#1675 = B_SPLINE_CURVE_WITH_KNOTS ( 'NONE', 3,
 ( #993, #1903, #3294, #221, #2428, #728, #436, #473, #2164, #2762, #3164, #1415, #1664, #3672, #3450, #2575, #2815, #272, #822, #3429, #2024, #1384, #2540, #1988, #3381, #2522 ),
 .UNSPECIFIED., .F., .F.,
 ( 4, 2, 2, 2, 2, 2, 2, 2, 2, 2, 2, 2, 4 ),
 ( 0.0004193645117116656402, 0.003323738638528753869, 0.004775925701937297659, 0.006228112765345842315, 0.009132486892162929026, 0.01058467395557146501, 0.01203686101898000273, 0.01494123514579706255, 0.01639342220920558466, 0.01784560927261410676, 0.02074998339943114750, 0.02220217046283967308, 0.02365435752624819171 ),
 .UNSPECIFIED. ) ;
#1676 = CARTESIAN_POINT ( 'NONE',  ( -60.46452378236502767, -1.040756841825789092, 88.35327931343280738 ) ) ;
#1677 = LINE ( 'NONE', #3424, #3110 ) ;
#1678 = DIRECTION ( 'NONE',  ( 0.2198462043528370824, -0.9755345439458565915, 0.000000000000000000 ) ) ;
#1679 = CARTESIAN_POINT ( 'NONE',  ( -78.39643549716701898, -6.436312377047127775, 86.75810707410064992 ) ) ;
#1680 = APPROVAL_DATE_TIME ( #2862, #1131 ) ;
#1681 = ORIENTED_EDGE ( 'NONE', *, *, #1438, .F. ) ;
#1682 = EDGE_CURVE ( 'NONE', #2239, #2221, #261, .T. ) ;
#1683 = CARTESIAN_POINT ( 'NONE',  ( -79.41149559296505345, 6.711365091578180397, 79.44626731881716353 ) ) ;
#1684 = DIRECTION ( 'NONE',  ( 0.000000000000000000, 0.000000000000000000, 1.000000000000000000 ) ) ;
#1685 = CC_DESIGN_PERSON_AND_ORGANIZATION_ASSIGNMENT ( #527, #2237, ( #995 ) ) ;
#1686 = CARTESIAN_POINT ( 'NONE',  ( -73.96795675256531410, -6.768918040247370094, 87.66457412624691869 ) ) ;
#1687 = CARTESIAN_POINT ( 'NONE',  ( -59.48038955807696482, -2.991464252601416351, 88.57101345230677225 ) ) ;
#1688 = CARTESIAN_POINT ( 'NONE',  ( -68.17549896774509932, 2.448210600426660832, 86.02752884555879120 ) ) ;
#1689 = AXIS2_PLACEMENT_3D ( 'NONE', #3692, #3229, #2631 ) ;
#1690 = AXIS2_PLACEMENT_3D ( 'NONE', #2642, #2094, #2703 ) ;
#1691 = CARTESIAN_POINT ( 'NONE',  ( -93.34578095819396992, -10.51695177618803356, 79.55529635429546431 ) ) ;
#1692 = CARTESIAN_POINT ( 'NONE',  ( -90.13918638336339484, -9.371791909589555658, 76.32070458336700369 ) ) ;
#1693 = CARTESIAN_POINT ( 'NONE',  ( -93.34578095819398413, -10.51695177618830002, 79.53205883932412235 ) ) ;
#1694 = CARTESIAN_POINT ( 'NONE',  ( -70.80310638391166833, -6.055688206199868695, 70.26535031824579391 ) ) ;
#1695 = CARTESIAN_POINT ( 'NONE',  ( -65.39413747928622911, -4.207922463136673841, 89.17685285619651836 ) ) ;
#1696 = CARTESIAN_POINT ( 'NONE',  ( -80.21002683916245246, -8.175629288318276622, 86.58151569475428744 ) ) ;
#1697 = EDGE_CURVE ( 'NONE', #2057, #79, #307, .T. ) ;
#1698 = ORIENTED_EDGE ( 'NONE', *, *, #3061, .F. ) ;
#1699 = CARTESIAN_POINT ( 'NONE',  ( -69.32906203512055754, 4.496957570130797777, 83.01454553274741954 ) ) ;
#1700 = B_SPLINE_CURVE_WITH_KNOTS ( 'NONE', 3,
 ( #1870, #1018, #2169, #1320 ),
 .UNSPECIFIED., .F., .F.,
 ( 4, 4 ),
 ( 0.000000000000000000, 0.003381575066907080082 ),
 .UNSPECIFIED. ) ;
#1701 = EDGE_CURVE ( 'NONE', #1256, #1293, #826, .T. ) ;
#1702 = APPLICATION_CONTEXT ( 'configuration controlled 3d designs of mechanical parts and assemblies' ) ;
#1703 = CARTESIAN_POINT ( 'NONE',  ( -89.66916965746487733, 1.655141461434560757, 79.01418936324446918 ) ) ;
#1704 = DIRECTION ( 'NONE',  ( 0.000000000000000000, -1.000000000000000000, 0.000000000000000000 ) ) ;
#1705 = CARTESIAN_POINT ( 'NONE',  ( -86.38717390072699231, -8.980559941151843972, 82.36719618755583383 ) ) ;
#1706 = VECTOR ( 'NONE', #2960, 1000.000000000000000 ) ;
#1707 = CARTESIAN_POINT ( 'NONE',  ( -91.74427222740378340, -2.308335313795280896, 78.97147323787166329 ) ) ;
#1708 = EDGE_LOOP ( 'NONE', ( #694, #1262, #987, #3038, #3279, #170 ) ) ;
#1709 = CARTESIAN_POINT ( 'NONE',  ( -63.34265681430817096, -0.7441065808461287956, 65.94642194556918469 ) ) ;
#1710 = CARTESIAN_POINT ( 'NONE',  ( -75.23224051124623202, 6.624381003287441949, 83.04081566062180286 ) ) ;
#1711 = CARTESIAN_POINT ( 'NONE',  ( -60.92020646786929206, -2.831281104521214509, 85.06537129572626554 ) ) ;
#1712 = LINE ( 'NONE', #285, #3337 ) ;
#1713 = CARTESIAN_POINT ( 'NONE',  ( -91.85031655204002732, -10.12382341972223188, 80.73031100296908846 ) ) ;
#1714 = CARTESIAN_POINT ( 'NONE',  ( -85.92438532963525688, 1.241437299144214190, 81.39249621449295091 ) ) ;
#1715 = DIRECTION ( 'NONE',  ( 0.000000000000000000, 0.000000000000000000, -1.000000000000000000 ) ) ;
#1716 = COORDINATED_UNIVERSAL_TIME_OFFSET ( 1, 0, .AHEAD. ) ;
#1717 = ORIENTED_EDGE ( 'NONE', *, *, #521, .T. ) ;
#1718 = CARTESIAN_POINT ( 'NONE',  ( -85.34970196788344765, 4.156787952429628952, 77.14289623779150418 ) ) ;
#1719 = ADVANCED_FACE ( 'NONE', ( #3133 ), #1492, .T. ) ;
#1720 = VECTOR ( 'NONE', #2856, 1000.000000000000000 ) ;
#1721 = DIRECTION ( 'NONE',  ( -0.3746065934159119593, 0.000000000000000000, 0.9271838545667874243 ) ) ;
#1722 = ADVANCED_FACE ( 'NONE', ( #2849 ), #3722, .T. ) ;
#1723 = ADVANCED_FACE ( 'NONE', ( #2244 ), #1113, .F. ) ;
#1724 = CARTESIAN_POINT ( 'NONE',  ( -71.10391822759476099, -6.123479082968791509, 88.19878856021654201 ) ) ;
#1725 = CARTESIAN_POINT ( 'NONE',  ( -88.05741322141528826, 4.747546311511330330, 77.85328599226274093 ) ) ;
#1726 = CARTESIAN_POINT ( 'NONE',  ( -87.14348510609856646, 4.623027823411654857, 79.80705432521116904 ) ) ;
#1727 = VERTEX_POINT ( 'NONE', #2648 ) ;
#1728 = CARTESIAN_POINT ( 'NONE',  ( -59.28615948513906631, -3.460232224347694174, 85.16497227108988000 ) ) ;
#1729 = ORIENTED_EDGE ( 'NONE', *, *, #2764, .F. ) ;
#1730 = CARTESIAN_POINT ( 'NONE',  ( -69.69811220214197078, 4.122496593092538575, 81.63497158371121998 ) ) ;
#1731 = CARTESIAN_POINT ( 'NONE',  ( -92.84582018472855225, -10.51068878993153355, 79.53205883932467657 ) ) ;
#1732 = DIRECTION ( 'NONE',  ( -0.000000000000000000, 1.000000000000000000, -0.000000000000000000 ) ) ;
#1733 = CARTESIAN_POINT ( 'NONE',  ( -86.66627096395259855, -8.924999201142291838, 83.65669318689631950 ) ) ;
#1734 = CARTESIAN_POINT ( 'NONE',  ( -71.88976967457271883, 0.6265244554082310957, 87.05809560281596760 ) ) ;
#1735 = CIRCLE ( 'NONE', #1260, 0.9500000000000063949 ) ;
#1736 =( BOUNDED_CURVE ( )  B_SPLINE_CURVE ( 3, ( #512, #2204, #1314, #3067 ),
 .UNSPECIFIED., .F., .F. ) 
 B_SPLINE_CURVE_WITH_KNOTS ( ( 4, 4 ),
 ( 3.141592653589793116, 4.712388980384689674 ),
 .UNSPECIFIED. ) 
 CURVE ( )  GEOMETRIC_REPRESENTATION_ITEM ( )  RATIONAL_B_SPLINE_CURVE ( ( 1.000000000000000000, 0.8047378541243649375, 0.8047378541243649375, 1.000000000000000000 ) ) 
 REPRESENTATION_ITEM ( '' )  );
#1737 = ORIENTED_EDGE ( 'NONE', *, *, #1285, .F. ) ;
#1738 = CARTESIAN_POINT ( 'NONE',  ( -91.83911207021195366, -10.79635683098498333, 76.90678805961159981 ) ) ;
#1739 = CYLINDRICAL_SURFACE ( 'NONE', #680, 2.500000000000002220 ) ;
#1740 = EDGE_LOOP ( 'NONE', ( #678, #3310, #101, #3286 ) ) ;
#1741 = CARTESIAN_POINT ( 'NONE',  ( -74.15009483905038223, -6.809964630818713616, 88.32379434987699085 ) ) ;
#1742 = EDGE_CURVE ( 'NONE', #1088, #331, #1769, .T. ) ;
#1743 = CARTESIAN_POINT ( 'NONE',  ( -80.12827374116875490, 8.165629413877459442, 78.93358991934746882 ) ) ;
#1744 = LINE ( 'NONE', #3535, #2409 ) ;
#1745 = CARTESIAN_POINT ( 'NONE',  ( -79.18101967892025073, 7.831937769874103950, 83.37100062505159315 ) ) ;
#1746 = ORIENTED_EDGE ( 'NONE', *, *, #669, .F. ) ;
#1747 = FACE_OUTER_BOUND ( 'NONE', #1863, .T. ) ;
#1748 = ORIENTED_EDGE ( 'NONE', *, *, #3547, .F. ) ;
#1749 = CARTESIAN_POINT ( 'NONE',  ( -70.53422835107853928, 1.300000000000000711, 70.53422835107890876 ) ) ;
#1750 = CARTESIAN_POINT ( 'NONE',  ( -60.17084239476735519, -2.120657388447632297, 88.95016511913100032 ) ) ;
#1751 = CARTESIAN_POINT ( 'NONE',  ( -66.04406371671689158, -3.198343341622454261, 84.71690233504760670 ) ) ;
#1752 = CARTESIAN_POINT ( 'NONE',  ( -59.87430619141368027, -1.744150776235389388, 84.92669113852730334 ) ) ;
#1753 = CARTESIAN_POINT ( 'NONE',  ( -80.97028660337025485, 3.792023959018016477, 83.27016885371914157 ) ) ;
#1754 = ORIENTED_EDGE ( 'NONE', *, *, #1956, .T. ) ;
#1755 = CARTESIAN_POINT ( 'NONE',  ( -59.09736733651973850, -2.670070447755455323, 88.57101345230947231 ) ) ;
#1756 = CARTESIAN_POINT ( 'NONE',  ( -91.92020823170942379, -2.761662213737505311, 78.68835878042877141 ) ) ;
#1757 =( BOUNDED_SURFACE ( )  B_SPLINE_SURFACE ( 3, 2, ( 
 ( #3159, #3106, #2285 ),
 ( #3390, #3177, #1750 ),
 ( #1676, #1145, #321 ),
 ( #3422, #248, #2566 ) ),
 .UNSPECIFIED., .F., .F., .F. ) 
 B_SPLINE_SURFACE_WITH_KNOTS ( ( 4, 4 ),
 ( 3, 3 ),
 ( 0.001157886211886526018, 0.004364969676491671502 ),
 ( 0.000000000000000000, 1.000000000000000000 ),
 .UNSPECIFIED. ) 
 GEOMETRIC_REPRESENTATION_ITEM ( )  RATIONAL_B_SPLINE_SURFACE ( (
 ( 1.000000000000000000, 0.7498655938792679887, 1.000000000000000000),
 ( 1.000000000000000000, 0.7288373178738375424, 1.000000000000000000),
 ( 1.000000000000000000, 0.7252468111144682039, 1.000000000000000000),
 ( 1.000000000000000000, 0.7157376819945165947, 1.000000000000000000) ) ) 
 REPRESENTATION_ITEM ( '' )  SURFACE ( )  );
#1758 = ADVANCED_FACE ( 'NONE', ( #2527 ), #1387, .F. ) ;
#1759 = ORIENTED_EDGE ( 'NONE', *, *, #1610, .F. ) ;
#1760 = CARTESIAN_POINT ( 'NONE',  ( 12.53321533564541923, -12.87027948883124928, 50.26798110410452125 ) ) ;
#1761 = CARTESIAN_POINT ( 'NONE',  ( -72.23215357742677156, 4.076942455454616976, 82.34849965204986688 ) ) ;
#1762 = LINE ( 'NONE', #355, #1926 ) ;
#1763 = CARTESIAN_POINT ( 'NONE',  ( -90.50475528611957543, -0.2013204950509507041, 79.21669163774473077 ) ) ;
#1764 = ORIENTED_EDGE ( 'NONE', *, *, #152, .T. ) ;
#1765 = CARTESIAN_POINT ( 'NONE',  ( -65.51334663961560523, 1.299999999999999156, 69.72717453017331479 ) ) ;
#1766 = ORIENTED_EDGE ( 'NONE', *, *, #648, .T. ) ;
#1767 = CARTESIAN_POINT ( 'NONE',  ( -78.45777180921483307, 6.295693980168271864, 78.48984530582664831 ) ) ;
#1768 = DIRECTION ( 'NONE',  ( 0.000000000000000000, 1.000000000000000000, 0.000000000000000000 ) ) ;
#1769 = CIRCLE ( 'NONE', #932, 0.5000000000000004441 ) ;
#1770 = CARTESIAN_POINT ( 'NONE',  ( -93.32692249335991619, -11.13164939067811154, 75.89999999999888303 ) ) ;
#1771 = CARTESIAN_POINT ( 'NONE',  ( -60.76542879555849908, -3.793599864980732761, 65.55983515722148525 ) ) ;
#1772 = CARTESIAN_POINT ( 'NONE',  ( -59.24518299208020267, -2.758241493713996739, 89.03706896461228837 ) ) ;
#1773 = LOCAL_TIME ( 19, 36, 1.000000000000000000, #1716 ) ;
#1774 = EDGE_LOOP ( 'NONE', ( #1065, #963, #855, #144, #1445 ) ) ;
#1775 = CARTESIAN_POINT ( 'NONE',  ( -72.55194315395955584, 5.989999738789534511, 81.98587153092013580 ) ) ;
#1776 = CARTESIAN_POINT ( 'NONE',  ( -93.35634810627061597, -9.673398986909377939, 75.69677986687165117 ) ) ;
#1777 = CARTESIAN_POINT ( 'NONE',  ( -87.35678915393822308, -8.744346334131508414, 78.14029315322709124 ) ) ;
#1778 = CARTESIAN_POINT ( 'NONE',  ( -75.15399931652866883, -7.036204275784430529, 86.02310845960570873 ) ) ;
#1779 = VERTEX_POINT ( 'NONE', #432 ) ;
#1780 = CARTESIAN_POINT ( 'NONE',  ( -67.29118143339979952, 2.711868153253602642, 83.10754788818046279 ) ) ;
#1781 = CIRCLE ( 'NONE', #3525, 1.309529946162080183 ) ;
#1782 = AXIS2_PLACEMENT_3D ( 'NONE', #1898, #3651, #1291 ) ;
#1783 = CARTESIAN_POINT ( 'NONE',  ( -69.97199427522532744, 6.547868013838453294, 82.62913692985215164 ) ) ;
#1784 = CARTESIAN_POINT ( 'NONE',  ( -65.99537832000969217, -3.440628016460921312, 84.78286607971955391 ) ) ;
#1785 = CARTESIAN_POINT ( 'NONE',  ( -79.65328869789630062, 8.193444761496440520, 83.12130007522183917 ) ) ;
#1786 = ORIENTED_EDGE ( 'NONE', *, *, #437, .F. ) ;
#1787 = CARTESIAN_POINT ( 'NONE',  ( -59.37046672063112140, -3.479231584234161900, 85.17188014711665289 ) ) ;
#1788 = VERTEX_POINT ( 'NONE', #141 ) ;
#1789 = DIRECTION ( 'NONE',  ( -0.7071067811865493491, 0.000000000000000000, -0.7071067811865456854 ) ) ;
#1790 = B_SPLINE_CURVE_WITH_KNOTS ( 'NONE', 3,
 ( #2983, #137, #57, #649 ),
 .UNSPECIFIED., .F., .F.,
 ( 4, 4 ),
 ( 0.03181388022511496411, 0.03302644398916295548 ),
 .UNSPECIFIED. ) ;
#1791 = CONICAL_SURFACE ( 'NONE', #3299, 1.425000000000010703, 0.5235987755983000369 ) ;
#1792 = CARTESIAN_POINT ( 'NONE',  ( -59.13884917343194303, -2.620634319589332684, 85.02710217273876481 ) ) ;
#1793 = DIRECTION ( 'NONE',  ( 0.000000000000000000, 0.000000000000000000, 1.000000000000000000 ) ) ;
#1794 = CARTESIAN_POINT ( 'NONE',  ( -69.46213421453060732, -2.715454001006918805, 88.28981647651031039 ) ) ;
#1795 = CARTESIAN_POINT ( 'NONE',  ( -62.94737083057487581, -4.285321739406617425, 87.34006167849199187 ) ) ;
#1796 = EDGE_LOOP ( 'NONE', ( #2366, #49, #2082, #788 ) ) ;
#1797 = CARTESIAN_POINT ( 'NONE',  ( -67.75389855934398042, 3.638720033647464991, 85.49479203597248045 ) ) ;
#1798 = CARTESIAN_POINT ( 'NONE',  ( -81.95844900600116034, 7.692054542360181379, 78.19070448630800740 ) ) ;
#1799 = CARTESIAN_POINT ( 'NONE',  ( -90.36162395063200847, -9.223338427983108545, 78.42793298139859814 ) ) ;
#1800 = CARTESIAN_POINT ( 'NONE',  ( -90.49328618658965695, -0.1796401203610908381, 79.21861320177653454 ) ) ;
#1801 = EDGE_CURVE ( 'NONE', #2265, #1574, #3212, .T. ) ;
#1802 = ORIENTED_EDGE ( 'NONE', *, *, #856, .F. ) ;
#1803 = DIRECTION ( 'NONE',  ( -0.000000000000000000, -0.000000000000000000, 1.000000000000000000 ) ) ;
#1804 = CARTESIAN_POINT ( 'NONE',  ( -61.04793524995859855, -1.315203797463118329, 84.83303190726620358 ) ) ;
#1805 = CYLINDRICAL_SURFACE ( 'NONE', #522, 2.500000000000002220 ) ;
#1806 = CARTESIAN_POINT ( 'NONE',  ( -86.04003268549820405, 1.300000000000000711, 74.32974535230735569 ) ) ;
#1807 = ORIENTED_EDGE ( 'NONE', *, *, #1682, .F. ) ;
#1808 = CARTESIAN_POINT ( 'NONE',  ( -78.29542583729391936, 6.342348913439695757, 77.51431055777312906 ) ) ;
#1809 = EDGE_LOOP ( 'NONE', ( #271, #410, #357, #2995 ) ) ;
#1810 = CARTESIAN_POINT ( 'NONE',  ( -77.69230084922195090, 0.2551357935267892785, 83.29815910051065941 ) ) ;
#1811 = CARTESIAN_POINT ( 'NONE',  ( -87.16465527843247685, 10.00000000000000000, 71.88591324636234958 ) ) ;
#1812 = CARTESIAN_POINT ( 'NONE',  ( -60.96440828582051807, -0.4450176889653022494, 84.76162378540961129 ) ) ;
#1813 = CARTESIAN_POINT ( 'NONE',  ( -69.64473042252465973, 0.3493146208725062540, 87.62116465114792163 ) ) ;
#1814 = AXIS2_PLACEMENT_3D ( 'NONE', #789, #1864, #2446 ) ;
#1815 = AXIS2_PLACEMENT_3D ( 'NONE', #2186, #1090, #791 ) ;
#1816 = VERTEX_POINT ( 'NONE', #2121 ) ;
#1817 = CARTESIAN_POINT ( 'NONE',  ( -72.14632444423131119, -12.87027948883124928, 68.92213225792613684 ) ) ;
#1818 = DIRECTION ( 'NONE',  ( 0.000000000000000000, 1.000000000000000000, 0.000000000000000000 ) ) ;
#1819 = CARTESIAN_POINT ( 'NONE',  ( -90.40110840760203814, -9.111411525604358630, 78.58694497803492141 ) ) ;
#1820 = CARTESIAN_POINT ( 'NONE',  ( -92.01677527415813529, -3.773131870727363779, 79.14122682871558823 ) ) ;
#1821 = EDGE_CURVE ( 'NONE', #2611, #883, #952, .T. ) ;
#1822 = ORIENTED_EDGE ( 'NONE', *, *, #3149, .F. ) ;
#1823 = CARTESIAN_POINT ( 'NONE',  ( -86.55854646749460812, 1.300000000000000711, 72.25010016170051586 ) ) ;
#1824 = ADVANCED_FACE ( 'NONE', ( #3288 ), #2802, .T. ) ;
#1825 = EDGE_CURVE ( 'NONE', #254, #864, #1278, .T. ) ;
#1826 = CARTESIAN_POINT ( 'NONE',  ( -62.15641012916262298, -4.107071046925353741, 85.32835268224093284 ) ) ;
#1827 = CARTESIAN_POINT ( 'NONE',  ( -63.05452470778651275, -2.936116142708642407, 85.14451527457360669 ) ) ;
#1828 = CARTESIAN_POINT ( 'NONE',  ( -72.45639085104731691, -6.428271952274898560, 68.61206585110895162 ) ) ;
#1829 = B_SPLINE_CURVE_WITH_KNOTS ( 'NONE', 3,
 ( #116, #3542, #1621, #2170 ),
 .UNSPECIFIED., .F., .F.,
 ( 4, 4 ),
 ( 0.000000000000000000, 0.003258635814124230014 ),
 .UNSPECIFIED. ) ;
#1830 = ORIENTED_EDGE ( 'NONE', *, *, #1143, .T. ) ;
#1831 = ORIENTED_EDGE ( 'NONE', *, *, #1060, .F. ) ;
#1832 = CARTESIAN_POINT ( 'NONE',  ( -71.88231439566320091, 5.687780343236130243, 84.21161860610489214 ) ) ;
#1833 = CARTESIAN_POINT ( 'NONE',  ( -64.50839040154848192, -4.637112693121100193, 88.71367961459752394 ) ) ;
#1834 = CARTESIAN_POINT ( 'NONE',  ( -93.32692249335993040, -11.13164939067810799, 75.89999999999888303 ) ) ;
#1835 = CARTESIAN_POINT ( 'NONE',  ( -63.42421317816385340, -3.900074338535564067, 89.25130643768872574 ) ) ;
#1836 = DIRECTION ( 'NONE',  ( -0.2198462043528372489, 0.9755345439458567025, -1.665334536937735550E-16 ) ) ;
#1837 = ORIENTED_EDGE ( 'NONE', *, *, #2901, .F. ) ;
#1838 = LINE ( 'NONE', #3224, #3601 ) ;
#1839 = CARTESIAN_POINT ( 'NONE',  ( -61.55682615019022563, -0.4977585275588564673, 88.72927741093600673 ) ) ;
#1840 = CARTESIAN_POINT ( 'NONE',  ( -61.97952628521636598, -1.568760650374798171, 86.85281986346542737 ) ) ;
#1841 = CARTESIAN_POINT ( 'NONE',  ( -84.73551800281535407, 6.028167092528988746, 81.12828833833178521 ) ) ;
#1842 = ADVANCED_FACE ( 'NONE', ( #996 ), #1034, .F. ) ;
#1843 = ORIENTED_EDGE ( 'NONE', *, *, #227, .T. ) ;
#1844 = DIRECTION ( 'NONE',  ( -0.9702957262759952517, 0.000000000000000000, 0.2419218955996731146 ) ) ;
#1845 = B_SPLINE_CURVE_WITH_KNOTS ( 'NONE', 3,
 ( #68, #3232, #1219, #1827, #658, #2046 ),
 .UNSPECIFIED., .F., .F.,
 ( 4, 2, 4 ),
 ( 0.000000000000000000, 0.0006512881739151811684, 0.001302576347830362337 ),
 .UNSPECIFIED. ) ;
#1846 = EDGE_CURVE ( 'NONE', #467, #528, #2632, .T. ) ;
#1847 = DIRECTION ( 'NONE',  ( -0.9271838545667907550, 0.000000000000000000, -0.3746065934159037991 ) ) ;
#1848 = DIRECTION ( 'NONE',  ( 1.000000000000000000, 0.000000000000000000, 0.000000000000000000 ) ) ;
#1849 = DIRECTION ( 'NONE',  ( -0.9271838545667874243, 0.000000000000000000, -0.3746065934159119593 ) ) ;
#1850 = ORIENTED_EDGE ( 'NONE', *, *, #1010, .T. ) ;
#1851 = AXIS2_PLACEMENT_3D ( 'NONE', #2102, #61, #82 ) ;
#1852 = ORIENTED_EDGE ( 'NONE', *, *, #423, .F. ) ;
#1853 = CARTESIAN_POINT ( 'NONE',  ( -60.32110379576126746, -0.9536767112424417991, 86.75998956477640434 ) ) ;
#1854 = EDGE_CURVE ( 'NONE', #2432, #125, #2973, .T. ) ;
#1855 = CARTESIAN_POINT ( 'NONE',  ( -82.81338141051490709, 5.168117582147942812, 76.31718820491681754 ) ) ;
#1856 = CARTESIAN_POINT ( 'NONE',  ( -91.06924148730197999, -7.607841907980303020, 76.59121020206953290 ) ) ;
#1857 = CARTESIAN_POINT ( 'NONE',  ( -61.16006806497165371, -3.062932693829539144, 89.11727631453354093 ) ) ;
#1858 = ORIENTED_EDGE ( 'NONE', *, *, #2434, .T. ) ;
#1859 = CARTESIAN_POINT ( 'NONE',  ( -88.88454753628491289, -9.105437930858814255, 80.40755586701628488 ) ) ;
#1860 = CARTESIAN_POINT ( 'NONE',  ( -65.80062258146681131, 4.055190958239261789, 87.25489674580671817 ) ) ;
#1861 = CARTESIAN_POINT ( 'NONE',  ( -77.74071508899896799, 5.136407792150077256E-14, 83.33598445016664868 ) ) ;
#1862 = CARTESIAN_POINT ( 'NONE',  ( -87.41926617722739934, -9.800301540654963617, 81.49039848950845055 ) ) ;
#1863 = EDGE_LOOP ( 'NONE', ( #2406, #1631, #2789, #1987 ) ) ;
#1864 = DIRECTION ( 'NONE',  ( -0.000000000000000000, 1.000000000000000000, -0.000000000000000000 ) ) ;
#1865 = DIRECTION ( 'NONE',  ( -0.3746065934159037991, 0.000000000000000000, 0.9271838545667907550 ) ) ;
#1866 = CARTESIAN_POINT ( 'NONE',  ( -70.80310638391165412, -5.914860119773688751, 70.26535031824579391 ) ) ;
#1867 = CARTESIAN_POINT ( 'NONE',  ( -82.63263561509809563, -8.019944986266972720, 85.53832704087079719 ) ) ;
#1868 = EDGE_CURVE ( 'NONE', #2953, #2618, #2166, .T. ) ;
#1869 = ORIENTED_EDGE ( 'NONE', *, *, #760, .F. ) ;
#1870 = CARTESIAN_POINT ( 'NONE',  ( -90.15582711583365949, -9.391933157249681585, 76.55686759440868627 ) ) ;
#1871 = CARTESIAN_POINT ( 'NONE',  ( -92.41942068719460224, -10.92713502594699904, 79.72427568550978094 ) ) ;
#1872 = CARTESIAN_POINT ( 'NONE',  ( -79.49806046868260978, -6.703216741670926737, 82.40912926013491813 ) ) ;
#1873 = CARTESIAN_POINT ( 'NONE',  ( -87.45543691087128479, -8.783373941672623531, 79.33832683816049780 ) ) ;
#1874 = B_SPLINE_CURVE_WITH_KNOTS ( 'NONE', 3,
 ( #1896, #2775, #3649, #3570, #2841, #2794, #3715 ),
 .UNSPECIFIED., .F., .F.,
 ( 4, 3, 4 ),
 ( -0.0007756989111712961956, 0.000000000000000000, 0.001046441283671359357 ),
 .UNSPECIFIED. ) ;
#1875 = CARTESIAN_POINT ( 'NONE',  ( -65.88099961459245435, -4.946443538884678581, 87.29139049864740230 ) ) ;
#1876 = EDGE_LOOP ( 'NONE', ( #2232, #901, #650, #3293 ) ) ;
#1877 = CARTESIAN_POINT ( 'NONE',  ( -90.24292253224841431, -8.651791797546545482, 75.43750851212685404 ) ) ;
#1878 = CARTESIAN_POINT ( 'NONE',  ( -64.28734190289362971, 2.245485716450614344, 88.19491739323444790 ) ) ;
#1879 = LINE ( 'NONE', #1346, #3594 ) ;
#1880 = CARTESIAN_POINT ( 'NONE',  ( -93.20345830020349354, -10.30968602773215181, 79.89557852958641604 ) ) ;
#1881 = VECTOR ( 'NONE', #477, 1000.000000000000000 ) ;
#1882 = ORIENTED_EDGE ( 'NONE', *, *, #2573, .F. ) ;
#1883 = CARTESIAN_POINT ( 'NONE',  ( -91.28224915469756695, -8.425305872208834757, 65.73416240211768979 ) ) ;
#1884 = CARTESIAN_POINT ( 'NONE',  ( -63.96373710364092346, 10.32832126602183997, 74.78745241897505025 ) ) ;
#1885 = EDGE_CURVE ( 'NONE', #722, #2779, #3598, .T. ) ;
#1886 = CARTESIAN_POINT ( 'NONE',  ( -58.56980505994575736, -3.298794686161497403, 85.09999999999999432 ) ) ;
#1887 = CARTESIAN_POINT ( 'NONE',  ( -87.44455444897830887, -8.021152140644899120, 77.30163110925678893 ) ) ;
#1888 = CARTESIAN_POINT ( 'NONE',  ( -92.49318218882812914, -10.28228431922721064, 80.33200430878771670 ) ) ;
#1889 = ORIENTED_EDGE ( 'NONE', *, *, #1019, .T. ) ;
#1890 = DIRECTION ( 'NONE',  ( 0.000000000000000000, 0.000000000000000000, -1.000000000000000000 ) ) ;
#1891 = CARTESIAN_POINT ( 'NONE',  ( -60.10460387817655459, -3.644676538041057068, 88.61970539653169965 ) ) ;
#1892 = CARTESIAN_POINT ( 'NONE',  ( -88.54024495050948929, -7.879791767565806460, 78.20159287602233178 ) ) ;
#1893 = CARTESIAN_POINT ( 'NONE',  ( -72.12069563212459400, 5.222528875477303600, 75.96575770130766614 ) ) ;
#1894 = CARTESIAN_POINT ( 'NONE',  ( -71.67562180376037873, -24.34514151605358734, 88.10439329979597289 ) ) ;
#1895 = VERTEX_POINT ( 'NONE', #439 ) ;
#1896 = CARTESIAN_POINT ( 'NONE',  ( -90.22436825091244827, -8.647610407104721730, 75.45075529848321594 ) ) ;
#1897 = CARTESIAN_POINT ( 'NONE',  ( -64.64037791611477246, 3.192015275916158412, 87.53582869430732671 ) ) ;
#1898 = CARTESIAN_POINT ( 'NONE',  ( -90.05417505527066169, -9.369024876022626458, 75.36584019704052650 ) ) ;
#1899 = CARTESIAN_POINT ( 'NONE',  ( -91.90537265120134691, -10.05067652216103546, 80.68961015654527102 ) ) ;
#1900 = VECTOR ( 'NONE', #1041, 1000.000000000000000 ) ;
#1901 = B_SPLINE_CURVE_WITH_KNOTS ( 'NONE', 3,
 ( #1861, #3004, #199, #433, #180, #3344, #2461, #3632, #1934, #2497, #1048, #486, #1628, #2776, #3078, #1411, #3161, #269, #3716, #2589, #1102, #2536, #2606, #2321, #3123, #1380, #286, #1117, #2551, #19 ),
 .UNSPECIFIED., .F., .F.,
 ( 4, 2, 2, 2, 2, 2, 2, 2, 2, 2, 2, 2, 2, 2, 4 ),
 ( 2.772706461136150390E-17, 0.0004563301064154809362, 0.0009126602128309342253, 0.001368990319246387406, 0.001825320425661840695, 0.002737980638492747056, 0.003194310744908200345, 0.003650640851323654068, 0.004106970957739107357, 0.004563301064154560646, 0.005475961276985496715, 0.005932291383400966484, 0.006388621489816435385, 0.006844951596231904287, 0.007301281702647373188 ),
 .UNSPECIFIED. ) ;
#1902 = ORIENTED_EDGE ( 'NONE', *, *, #3723, .T. ) ;
#1903 = CARTESIAN_POINT ( 'NONE',  ( -91.34258113605837082, -9.292868436916393193, 74.69389230029041471 ) ) ;
#1904 = CARTESIAN_POINT ( 'NONE',  ( -93.22708231358933517, 18.96282971674416373, 68.60398482642267481 ) ) ;
#1905 = CARTESIAN_POINT ( 'NONE',  ( -62.83062768279420851, 1.587509847247663419, 87.92022407728059363 ) ) ;
#1906 = CARTESIAN_POINT ( 'NONE',  ( -91.16422600374598062, -10.64426468722657404, 80.51131825446998391 ) ) ;
#1907 = EDGE_CURVE ( 'NONE', #1293, #2362, #3178, .T. ) ;
#1908 = DIRECTION ( 'NONE',  ( 0.000000000000000000, -1.000000000000000000, 0.000000000000000000 ) ) ;
#1909 = FACE_OUTER_BOUND ( 'NONE', #1414, .T. ) ;
#1910 = CARTESIAN_POINT ( 'NONE',  ( -79.14469951645278911, -7.935547407318182422, 82.93226026481312374 ) ) ;
#1911 = CARTESIAN_POINT ( 'NONE',  ( -72.08092832423164964, 5.207530581547088033, 76.11418988698930832 ) ) ;
#1912 = CARTESIAN_POINT ( 'NONE',  ( -87.73204061465209236, -8.845709278502047468, 82.57921135729095852 ) ) ;
#1913 = ORIENTED_EDGE ( 'NONE', *, *, #3168, .F. ) ;
#1914 = CARTESIAN_POINT ( 'NONE',  ( -88.11385194120153130, -8.931754177108327752, 78.89861613818578689 ) ) ;
#1915 = CARTESIAN_POINT ( 'NONE',  ( -75.30959287159154769, 8.138717080354060940, 84.30532501787286037 ) ) ;
#1916 = CARTESIAN_POINT ( 'NONE',  ( -66.17299448642752679, -3.511724070703336142, 86.94201328760355807 ) ) ;
#1917 = CARTESIAN_POINT ( 'NONE',  ( -91.06924148730197999, -7.607841907980303020, 80.59121020206953290 ) ) ;
#1918 = APPROVAL_ROLE ( '' ) ;
#1919 = ORIENTED_EDGE ( 'NONE', *, *, #2901, .T. ) ;
#1920 = CARTESIAN_POINT ( 'NONE',  ( -88.33616203146189605, 0.3194501054569939269, 84.84974689653317625 ) ) ;
#1921 = CARTESIAN_POINT ( 'NONE',  ( -56.96046431397714116, -21.02893755314818236, 90.22846293068346313 ) ) ;
#1922 = CARTESIAN_POINT ( 'NONE',  ( -61.76375745516516247, -4.018582945152878061, 85.47593205953648976 ) ) ;
#1923 = ADVANCED_FACE ( 'NONE', ( #2747 ), #381, .F. ) ;
#1924 = DIRECTION ( 'NONE',  ( -0.9271838545667853149, 0.000000000000000000, -0.3746065934159172883 ) ) ;
#1925 = DIRECTION ( 'NONE',  ( 0.2419218955996691733, 0.000000000000000000, 0.9702957262759961399 ) ) ;
#1926 = VECTOR ( 'NONE', #1197, 1000.000000000000227 ) ;
#1927 = PLANE ( 'NONE',  #2877 ) ;
#1928 = CARTESIAN_POINT ( 'NONE',  ( -63.06641917710047096, 1.878124132402628543, 84.39907744805940126 ) ) ;
#1929 = CARTESIAN_POINT ( 'NONE',  ( -82.29089039590043342, 3.324701159956279461, 78.76422186162839978 ) ) ;
#1930 = CARTESIAN_POINT ( 'NONE',  ( -71.03244935664604043, 4.774736007860258979, 77.50120333188139909 ) ) ;
#1931 = CARTESIAN_POINT ( 'NONE',  ( -66.01347230961314949, -4.293483397356197884, 87.12772222427479107 ) ) ;
#1932 = VERTEX_POINT ( 'NONE', #3069 ) ;
#1933 = DIRECTION ( 'NONE',  ( -0.7660444431189744607, -0.6427876096865435818, 0.000000000000000000 ) ) ;
#1934 = CARTESIAN_POINT ( 'NONE',  ( -77.49047441776419021, -1.562217437032147105, 83.78465098655287591 ) ) ;
#1935 = CARTESIAN_POINT ( 'NONE',  ( -85.85513438212396409, -8.522603460455300706, 83.96727414634409570 ) ) ;
#1936 = PERSON_AND_ORGANIZATION ( #18446744073709551615, #18446744073709551615 ) ;
#1937 = ORIENTED_EDGE ( 'NONE', *, *, #3021, .F. ) ;
#1938 = CARTESIAN_POINT ( 'NONE',  ( -66.04406371671689158, -3.198343341622454261, 84.71690233504760670 ) ) ;
#1939 = CARTESIAN_POINT ( 'NONE',  ( -67.08963865505062074, 24.85315704085109445, 77.64016690541838273 ) ) ;
#1940 = CARTESIAN_POINT ( 'NONE',  ( -63.04639297112192509, -3.282558316701894796, 85.92440153882492382 ) ) ;
#1941 = CARTESIAN_POINT ( 'NONE',  ( -65.08623511436366016, 0.9387990616091391738, 79.64066190529143796 ) ) ;
#1942 = EDGE_CURVE ( 'NONE', #3323, #3428, #2470, .T. ) ;
#1943 = CARTESIAN_POINT ( 'NONE',  ( -82.01562748789206125, 6.374827369206107264, 80.71910065265824130 ) ) ;
#1944 = CARTESIAN_POINT ( 'NONE',  ( -83.36885485837615306, 7.146811309191044792, 77.61630381382562405 ) ) ;
#1945 = CARTESIAN_POINT ( 'NONE',  ( -67.39154487528563209, -2.708926338974533721, 84.62495135781387035 ) ) ;
#1946 = CARTESIAN_POINT ( 'NONE',  ( -87.90384694051391534, -7.236115204732454842, 80.45024819322054555 ) ) ;
#1947 = CARTESIAN_POINT ( 'NONE',  ( -87.83037443239932429, -27.98577225509315269, 80.52609979593988498 ) ) ;
#1948 = LINE ( 'NONE', #559, #2199 ) ;
#1949 = CARTESIAN_POINT ( 'NONE',  ( -79.84980785445468143, -7.403294413900445292, 86.56975334935988542 ) ) ;
#1950 = CARTESIAN_POINT ( 'NONE',  ( -88.18796553741728417, 2.088136464297913442, 80.03559371587149940 ) ) ;
#1951 = SECURITY_CLASSIFICATION_LEVEL ( 'unclassified' ) ;
#1952 = ORIENTED_EDGE ( 'NONE', *, *, #2281, .T. ) ;
#1953 = CARTESIAN_POINT ( 'NONE',  ( -91.58902135179634740, -7.181715955947148622, 76.17659393243948784 ) ) ;
#1954 = CARTESIAN_POINT ( 'NONE',  ( -71.78042812865932376, 23.79604197753717543, 77.37552593746103469 ) ) ;
#1955 = CARTESIAN_POINT ( 'NONE',  ( -73.77412831345840516, 5.783642231677329271, 71.78681872683618792 ) ) ;
#1956 = EDGE_CURVE ( 'NONE', #2175, #1932, #2911, .T. ) ;
#1957 = CARTESIAN_POINT ( 'NONE',  ( -68.46416515929583113, 3.418287458848670912, 81.91767943334330937 ) ) ;
#1958 = AXIS2_PLACEMENT_3D ( 'NONE', #1400, #2098, #3285 ) ;
#1959 = CARTESIAN_POINT ( 'NONE',  ( -72.53354490673667954, 7.548740040877875757, 81.79703496081505421 ) ) ;
#1960 = CARTESIAN_POINT ( 'NONE',  ( -74.37897013372170818, -1.692951197642262429, 85.46286556635575948 ) ) ;
#1961 = CARTESIAN_POINT ( 'NONE',  ( -65.21311785899332847, 3.674534460459901286, 83.93256431637196613 ) ) ;
#1962 = ORIENTED_EDGE ( 'NONE', *, *, #3567, .T. ) ;
#1963 = CARTESIAN_POINT ( 'NONE',  ( -65.44649093803117523, -4.848522779550008543, 85.32141508530528995 ) ) ;
#1964 = CARTESIAN_POINT ( 'NONE',  ( -63.96373710364092346, -0.1132259268693432130, 74.78745241897505025 ) ) ;
#1965 = CARTESIAN_POINT ( 'NONE',  ( -71.03569882670508662, 1.299999999999997380, 71.10405157197706671 ) ) ;
#1966 = VECTOR ( 'NONE', #2270, 1000.000000000000114 ) ;
#1967 = CARTESIAN_POINT ( 'NONE',  ( -74.18752217226590062, 7.444990215420122404, 85.27022913968194473 ) ) ;
#1968 = CARTESIAN_POINT ( 'NONE',  ( -67.86857831145616160, -5.394363743318523419, 84.90364809079092367 ) ) ;
#1969 = CARTESIAN_POINT ( 'NONE',  ( -74.17048835873197277, 0.7230002799408847824, 86.41130899530789122 ) ) ;
#1970 = DIRECTION ( 'NONE',  ( 0.000000000000000000, 0.000000000000000000, 1.000000000000000000 ) ) ;
#1971 = ORIENTED_EDGE ( 'NONE', *, *, #423, .T. ) ;
#1972 = CARTESIAN_POINT ( 'NONE',  ( -82.73577756358376689, 5.786360769829425266, 78.13543299067406167 ) ) ;
#1973 = FACE_OUTER_BOUND ( 'NONE', #1981, .T. ) ;
#1974 = B_SPLINE_CURVE_WITH_KNOTS ( 'NONE', 3,
 ( #2476, #2231, #3089, #3322 ),
 .UNSPECIFIED., .F., .F.,
 ( 4, 4 ),
 ( 1.301042606982605321E-18, 0.0009769894369358034496 ),
 .UNSPECIFIED. ) ;
#1975 = B_SPLINE_CURVE_WITH_KNOTS ( 'NONE', 3,
 ( #2030, #1348, #2697, #1382 ),
 .UNSPECIFIED., .F., .F.,
 ( 4, 4 ),
 ( 0.000000000000000000, 0.003207926246827523531 ),
 .UNSPECIFIED. ) ;
#1976 = AXIS2_PLACEMENT_3D ( 'NONE', #179, #706, #1308 ) ;
#1977 = CARTESIAN_POINT ( 'NONE',  ( -67.61944514514749471, -4.698830418397999864, 89.03865181575287124 ) ) ;
#1978 = DIRECTION ( 'NONE',  ( 0.08502343775359154365, 0.01916085923062329707, -0.9961946980917462113 ) ) ;
#1979 = CARTESIAN_POINT ( 'NONE',  ( -80.71376232022727493, -3.140923327617127114, 83.39339993399408968 ) ) ;
#1980 = CARTESIAN_POINT ( 'NONE',  ( -92.67089933239802235, -4.886881312535319211, 75.02364542673478809 ) ) ;
#1981 = EDGE_LOOP ( 'NONE', ( #3359, #2521, #13, #943, #912, #395, #1586, #589 ) ) ;
#1982 = CARTESIAN_POINT ( 'NONE',  ( -87.02536405889932780, 2.601570652648069082, 78.56252735392911291 ) ) ;
#1983 = DIRECTION ( 'NONE',  ( -2.220446049250311188E-14, 0.000000000000000000, 1.000000000000000000 ) ) ;
#1984 = CARTESIAN_POINT ( 'NONE',  ( -62.43252421318651102, -3.554796001063918798, 89.20971740834733055 ) ) ;
#1985 = CARTESIAN_POINT ( 'NONE',  ( -75.32200278825030182, -5.763789121109568647, 87.62300262459378075 ) ) ;
#1986 = DATE_TIME_ROLE ( 'classification_date' ) ;
#1987 = ORIENTED_EDGE ( 'NONE', *, *, #760, .T. ) ;
#1988 = CARTESIAN_POINT ( 'NONE',  ( -79.63942920449849794, 6.174948804548304970, 78.82536786919717997 ) ) ;
#1989 = CARTESIAN_POINT ( 'NONE',  ( -93.35818658832032213, -9.526636904094777591, 79.37367910046630470 ) ) ;
#1990 = DIRECTION ( 'NONE',  ( 0.3732787861277760411, 0.08412200757512153237, -0.9238974162040421989 ) ) ;
#1991 = B_SPLINE_CURVE_WITH_KNOTS ( 'NONE', 3,
 ( #2083, #374, #1520, #86, #895, #2413, #3556, #976, #2126, #1195 ),
 .UNSPECIFIED., .F., .F.,
 ( 4, 2, 2, 2, 4 ),
 ( 0.0004624115629323070258, 0.001165839864703558867, 0.001869268166474810818, 0.002572696468246062334, 0.003276124770017314284 ),
 .UNSPECIFIED. ) ;
#1992 = CARTESIAN_POINT ( 'NONE',  ( -80.29754864502625367, -6.696186087579658164, 84.61393245260471474 ) ) ;
#1993 = AXIS2_PLACEMENT_3D ( 'NONE', #2908, #2044, #656 ) ;
#1994 = AXIS2_PLACEMENT_3D ( 'NONE', #751, #493, #3657 ) ;
#1995 = ORIENTED_EDGE ( 'NONE', *, *, #394, .T. ) ;
#1996 = CARTESIAN_POINT ( 'NONE',  ( -63.75729198680168963, -0.3107173252627841720, 66.04980210503553906 ) ) ;
#1997 = CARTESIAN_POINT ( 'NONE',  ( -79.49997188346269184, 6.720721311638951256, 81.41283305415434768 ) ) ;
#1998 = ADVANCED_FACE ( 'NONE', ( #1512 ), #2439, .T. ) ;
#1999 = CARTESIAN_POINT ( 'NONE',  ( -62.33208888623794053, -1.148665160109344940, 84.77716648826434209 ) ) ;
#2000 = CYLINDRICAL_SURFACE ( 'NONE', #1013, 0.5000000000000004441 ) ;
#2001 = EDGE_CURVE ( 'NONE', #3411, #3316, #1790, .T. ) ;
#2002 = CYLINDRICAL_SURFACE ( 'NONE', #824, 2.500000000000015987 ) ;
#2003 = CARTESIAN_POINT ( 'NONE',  ( -73.19561270021090138, -6.594862790834866040, 88.44585042700811073 ) ) ;
#2004 = B_SPLINE_CURVE_WITH_KNOTS ( 'NONE', 3,
 ( #2037, #2604, #2684, #869, #3196, #2070 ),
 .UNSPECIFIED., .F., .F.,
 ( 4, 2, 4 ),
 ( 0.01989416200052785896, 0.02524449498214379264, 0.02841211467806777774 ),
 .UNSPECIFIED. ) ;
#2005 = ORIENTED_EDGE ( 'NONE', *, *, #2945, .F. ) ;
#2006 = CARTESIAN_POINT ( 'NONE',  ( -89.56029408964150207, -1.097202744308739319, 75.92862368893329972 ) ) ;
#2007 = LINE ( 'NONE', #564, #1036 ) ;
#2008 = CARTESIAN_POINT ( 'NONE',  ( -63.04110666237108518, -4.306446021441015404, 89.34450553392633765 ) ) ;
#2009 = CARTESIAN_POINT ( 'NONE',  ( -87.51219441029925861, -9.821243822447904392, 82.57921135729095852 ) ) ;
#2010 = CARTESIAN_POINT ( 'NONE',  ( -80.15315964370677193, -8.157284293054702928, 85.19961912564029660 ) ) ;
#2011 = VECTOR ( 'NONE', #2599, 1000.000000000000000 ) ;
#2012 = CARTESIAN_POINT ( 'NONE',  ( -83.68357910314074388, 6.977110888902771535, 81.48887999830627393 ) ) ;
#2013 = ORIENTED_EDGE ( 'NONE', *, *, #2116, .T. ) ;
#2014 = CARTESIAN_POINT ( 'NONE',  ( -61.55682615019021142, -0.4977585275588480296, 88.72927741093600673 ) ) ;
#2015 = EDGE_CURVE ( 'NONE', #1600, #435, #2137, .T. ) ;
#2016 = VERTEX_POINT ( 'NONE', #1209 ) ;
#2017 = CIRCLE ( 'NONE', #213, 0.2000000000000057288 ) ;
#2018 = LINE ( 'NONE', #554, #3166 ) ;
#2019 = LINE ( 'NONE', #2840, #1720 ) ;
#2020 = CARTESIAN_POINT ( 'NONE',  ( -87.57915774306482604, -8.949070418844270236, 81.13423594065611155 ) ) ;
#2021 = FACE_OUTER_BOUND ( 'NONE', #2721, .T. ) ;
#2022 = CARTESIAN_POINT ( 'NONE',  ( -71.55432652774275937, -2.793094981240366703, 87.87275051868367370 ) ) ;
#2023 = ORIENTED_EDGE ( 'NONE', *, *, #2786, .T. ) ;
#2024 = CARTESIAN_POINT ( 'NONE',  ( -82.29887462968329714, 5.443011579532255340, 77.79198561001437895 ) ) ;
#2025 = DIRECTION ( 'NONE',  ( 0.000000000000000000, 0.000000000000000000, -1.000000000000000000 ) ) ;
#2026 = B_SPLINE_CURVE_WITH_KNOTS ( 'NONE', 3,
 ( #3545, #3483, #2359, #3500, #3197, #3464 ),
 .UNSPECIFIED., .F., .F.,
 ( 4, 2, 4 ),
 ( 1.734723475976807094E-18, 0.003024567753302195502, 0.006049135506604389270 ),
 .UNSPECIFIED. ) ;
#2027 = CARTESIAN_POINT ( 'NONE',  ( -79.86541507601369005, -7.406754835613168275, 86.56462486029838033 ) ) ;
#2028 = FACE_OUTER_BOUND ( 'NONE', #1496, .T. ) ;
#2029 = CARTESIAN_POINT ( 'NONE',  ( -73.19561270021090138, -6.594862790834866040, 84.44585042700811073 ) ) ;
#2030 = CARTESIAN_POINT ( 'NONE',  ( -61.55682615019021142, -0.4977585275588480296, 88.72927741093600673 ) ) ;
#2031 = AXIS2_PLACEMENT_3D ( 'NONE', #339, #406, #2662 ) ;
#2032 = CARTESIAN_POINT ( 'NONE',  ( -89.12718157423532261, 2.413450872104437206, 79.46622456479390451 ) ) ;
#2033 = ORIENTED_EDGE ( 'NONE', *, *, #3420, .T. ) ;
#2034 = CARTESIAN_POINT ( 'NONE',  ( -69.99858031000981384, 4.303169803490126455, 80.86645374249896179 ) ) ;
#2035 = ORIENTED_EDGE ( 'NONE', *, *, #3315, .T. ) ;
#2036 = CARTESIAN_POINT ( 'NONE',  ( -87.44695352218434437, -8.781462127462670963, 79.23892945956494316 ) ) ;
#2037 = CARTESIAN_POINT ( 'NONE',  ( -79.70802726709095509, -8.062498798788858778, 81.58433615301922259 ) ) ;
#2038 = CARTESIAN_POINT ( 'NONE',  ( -92.70206528935975143, -10.99083173804107716, 76.33856399736488640 ) ) ;
#2039 = CARTESIAN_POINT ( 'NONE',  ( -69.34499433081386144, -5.727088463234804472, 89.02986716567286862 ) ) ;
#2040 = ORIENTED_EDGE ( 'NONE', *, *, #1297, .F. ) ;
#2041 = CARTESIAN_POINT ( 'NONE',  ( -74.22763013717252534, 6.493542208635661339, 81.39998397285940257 ) ) ;
#2042 = CARTESIAN_POINT ( 'NONE',  ( -61.14692972212678512, -0.2274971115271960109, 88.23262536388644151 ) ) ;
#2043 = ORIENTED_EDGE ( 'NONE', *, *, #1338, .F. ) ;
#2044 = DIRECTION ( 'NONE',  ( 0.7071067811865456854, 0.000000000000000000, -0.7071067811865493491 ) ) ;
#2045 = CARTESIAN_POINT ( 'NONE',  ( -63.42421317816385340, -3.900074338535564067, 85.25130643768871153 ) ) ;
#2046 = CARTESIAN_POINT ( 'NONE',  ( -63.12716776041177269, -2.540992529831882951, 84.96162735878334615 ) ) ;
#2047 = CARTESIAN_POINT ( 'NONE',  ( -77.82464517034016183, 7.911748123388826492, 83.90780290714288014 ) ) ;
#2048 = ORIENTED_EDGE ( 'NONE', *, *, #2342, .F. ) ;
#2049 = CARTESIAN_POINT ( 'NONE',  ( -64.70140454834329091, 0.6223246078448273488, 74.52286844152321521 ) ) ;
#2050 = ORIENTED_EDGE ( 'NONE', *, *, #1058, .F. ) ;
#2051 = CARTESIAN_POINT ( 'NONE',  ( -78.59457871711255450, 6.286761695861090793, 78.82845428502082541 ) ) ;
#2052 = CARTESIAN_POINT ( 'NONE',  ( -59.46804449617564359, -2.909257405398431029, 89.06405466125578130 ) ) ;
#2053 = FACE_OUTER_BOUND ( 'NONE', #1038, .T. ) ;
#2054 = CARTESIAN_POINT ( 'NONE',  ( -69.93988125753332952, 4.248960901463326501, 82.23337099428596275 ) ) ;
#2055 = CARTESIAN_POINT ( 'NONE',  ( -58.81376893779105330, -3.353774320533602804, 89.12382476737310810 ) ) ;
#2056 = DATE_AND_TIME ( #236, #3396 ) ;
#2057 = VERTEX_POINT ( 'NONE', #670 ) ;
#2058 = CARTESIAN_POINT ( 'NONE',  ( -63.56944288177407287, 0.2093121092253618087, 84.50663821556047139 ) ) ;
#2059 = CARTESIAN_POINT ( 'NONE',  ( -90.62854937493217733, -8.270866532959351147, 79.01083868750042427 ) ) ;
#2060 = CARTESIAN_POINT ( 'NONE',  ( -71.51837763644121537, 6.626984726240226387, 86.19086838482203916 ) ) ;
#2061 = VERTEX_POINT ( 'NONE', #1004 ) ;
#2062 = CARTESIAN_POINT ( 'NONE',  ( -68.57801734172689123, 3.547093415661612514, 82.68497150365404025 ) ) ;
#2063 = CARTESIAN_POINT ( 'NONE',  ( -67.40198556755430559, -5.289212527136107234, 85.21247881307255057 ) ) ;
#2064 = CARTESIAN_POINT ( 'NONE',  ( -89.31808386378253317, -8.443370300302220244, 76.09749236197755806 ) ) ;
#2065 = CARTESIAN_POINT ( 'NONE',  ( -84.78249421672416020, 5.999827649706649169, 81.10964708143475832 ) ) ;
#2066 = ORIENTED_EDGE ( 'NONE', *, *, #275, .T. ) ;
#2067 = FACE_OUTER_BOUND ( 'NONE', #3437, .T. ) ;
#2068 = ORIENTED_EDGE ( 'NONE', *, *, #2400, .F. ) ;
#2069 = CARTESIAN_POINT ( 'NONE',  ( -87.42726464537877007, 1.300000000000002487, 71.95138911535096327 ) ) ;
#2070 = CARTESIAN_POINT ( 'NONE',  ( -87.10591426974959006, -9.729684638450269318, 77.81894600395609984 ) ) ;
#2071 = VECTOR ( 'NONE', #2678, 1000.000000000000114 ) ;
#2072 = CARTESIAN_POINT ( 'NONE',  ( -63.04639297112192509, -3.282558316701894796, 85.92440153882492382 ) ) ;
#2073 = EDGE_CURVE ( 'NONE', #2077, #3727, #1157, .T. ) ;
#2074 = CARTESIAN_POINT ( 'NONE',  ( -69.68268756714165590, -5.803190920802848929, 76.34214641920482336 ) ) ;
#2075 = CARTESIAN_POINT ( 'NONE',  ( -60.96440828583575211, -0.4450176889471352815, 88.76162378540719544 ) ) ;
#2076 = CARTESIAN_POINT ( 'NONE',  ( -60.21645319596667179, -3.669914963472484803, 87.23382009374380175 ) ) ;
#2077 = VERTEX_POINT ( 'NONE', #2361 ) ;
#2078 = CARTESIAN_POINT ( 'NONE',  ( -90.01448495477198719, -1.880509563417645635, 77.85297120810082561 ) ) ;
#2079 = CARTESIAN_POINT ( 'NONE',  ( -77.85680404640926611, 8.397171352784241094, 79.84032276752861890 ) ) ;
#2080 = CARTESIAN_POINT ( 'NONE',  ( -62.24475305165798034, -1.252691753851524759, 86.79602780344382040 ) ) ;
#2081 = CARTESIAN_POINT ( 'NONE',  ( -69.30615263967790440, 3.914444366111354157, 81.79333352641357635 ) ) ;
#2082 = ORIENTED_EDGE ( 'NONE', *, *, #787, .T. ) ;
#2083 = CARTESIAN_POINT ( 'NONE',  ( -62.94588614508603541, -1.199999999999999734, 78.80900196260141399 ) ) ;
#2084 = CIRCLE ( 'NONE', #2391, 0.5000000000000065503 ) ;
#2085 = CARTESIAN_POINT ( 'NONE',  ( -59.98301484381911308, -3.172318752298044497, 85.12564879334374268 ) ) ;
#2086 = CARTESIAN_POINT ( 'NONE',  ( -87.44455444897830887, -8.021152140644899120, 77.30163110925678893 ) ) ;
#2087 = CARTESIAN_POINT ( 'NONE',  ( -90.94452929226474680, -1.059846990567425262, 79.14943587138772330 ) ) ;
#2088 = ORIENTED_EDGE ( 'NONE', *, *, #2959, .F. ) ;
#2089 = CARTESIAN_POINT ( 'NONE',  ( -85.96917540279531522, -9.473509470893883844, 74.61393839077584289 ) ) ;
#2090 = ORIENTED_EDGE ( 'NONE', *, *, #1204, .F. ) ;
#2091 = CARTESIAN_POINT ( 'NONE',  ( -76.81154937303840313, 1.516552145310471333, 83.35869819728276298 ) ) ;
#2092 = CARTESIAN_POINT ( 'NONE',  ( -93.34578095819398413, -10.51695177618849897, 75.81672982608517941 ) ) ;
#2093 = EDGE_CURVE ( 'NONE', #2679, #31, #3246, .T. ) ;
#2094 = DIRECTION ( 'NONE',  ( -0.2198462043523674025, 0.9755345439459625068, 0.000000000000000000 ) ) ;
#2095 = CARTESIAN_POINT ( 'NONE',  ( -67.52822762389106970, 4.359890070803963624, 87.42800663389442661 ) ) ;
#2096 = EDGE_CURVE ( 'NONE', #2611, #2657, #759, .T. ) ;
#2097 = EDGE_CURVE ( 'NONE', #2688, #1527, #2289, .T. ) ;
#2098 = DIRECTION ( 'NONE',  ( -0.000000000000000000, -1.000000000000000000, -0.000000000000000000 ) ) ;
#2099 = ORIENTED_EDGE ( 'NONE', *, *, #1563, .T. ) ;
#2100 = CARTESIAN_POINT ( 'NONE',  ( -76.82523742930946753, 6.814243155210288450, 80.43429975203964943 ) ) ;
#2101 = CARTESIAN_POINT ( 'NONE',  ( -66.28171450211317506, 4.393078823573191904, 87.65368126123388492 ) ) ;
#2102 = CARTESIAN_POINT ( 'NONE',  ( 11.77277965804892368, 10.00000000000000000, 47.21804018722344409 ) ) ;
#2103 = CARTESIAN_POINT ( 'NONE',  ( -59.18156746852553596, -3.436661299216644316, 85.23681061565433481 ) ) ;
#2104 = ORIENTED_EDGE ( 'NONE', *, *, #2434, .F. ) ;
#2105 = CARTESIAN_POINT ( 'NONE',  ( -73.92448189139233250, 1.317919533908238764E-14, 83.48657204001526111 ) ) ;
#2106 = CARTESIAN_POINT ( 'NONE',  ( -63.06641917710047096, 1.878124132402628543, 84.39907744805940126 ) ) ;
#2107 = CARTESIAN_POINT ( 'NONE',  ( -60.96542879555850192, -1.199999999999999734, 65.55983515722148525 ) ) ;
#2108 = CARTESIAN_POINT ( 'NONE',  ( -93.20985042470613280, -8.000295795449112290, 79.42979936603016711 ) ) ;
#2109 = EDGE_LOOP ( 'NONE', ( #1971, #2333, #51, #452 ) ) ;
#2110 = DIRECTION ( 'NONE',  ( 0.9412837945268905937, 0.000000000000000000, 0.3376163772109675443 ) ) ;
#2111 = VERTEX_POINT ( 'NONE', #779 ) ;
#2112 = LINE ( 'NONE', #1749, #1552 ) ;
#2113 = CARTESIAN_POINT ( 'NONE',  ( -79.57365829594894535, -8.032217443321460593, 86.11875731865629291 ) ) ;
#2114 = CARTESIAN_POINT ( 'NONE',  ( -79.47990186782158162, -8.011088519721564438, 77.68287202317333140 ) ) ;
#2115 = CARTESIAN_POINT ( 'NONE',  ( -60.01359448794246987, -3.479182094746223974, 89.19083134337931540 ) ) ;
#2116 = EDGE_CURVE ( 'NONE', #3323, #587, #214, .T. ) ;
#2117 = VERTEX_POINT ( 'NONE', #3017 ) ;
#2118 = ADVANCED_FACE ( 'NONE', ( #446 ), #1343, .F. ) ;
#2119 = CARTESIAN_POINT ( 'NONE',  ( -64.87448202818482912, 1.496675784548451071, 84.20942148272020233 ) ) ;
#2120 = EDGE_CURVE ( 'NONE', #229, #940, #758, .T. ) ;
#2121 = CARTESIAN_POINT ( 'NONE',  ( -69.68268756714165590, -5.803190920802848929, 74.44214641920480346 ) ) ;
#2122 = CARTESIAN_POINT ( 'NONE',  ( -90.55940071317778006, -8.556283815172717411, 78.95701454768678218 ) ) ;
#2123 = DIRECTION ( 'NONE',  ( 0.000000000000000000, 0.000000000000000000, 1.000000000000000000 ) ) ;
#2124 = B_SPLINE_CURVE_WITH_KNOTS ( 'NONE', 3,
 ( #882, #2914, #2034, #1482, #1200, #50, #2351, #3517, #941, #3237, #1808, #2954 ),
 .UNSPECIFIED., .F., .F.,
 ( 4, 2, 2, 2, 2, 4 ),
 ( 2.602085213965210642E-18, 0.003064685074675508984, 0.006129370149351015366, 0.007661712686688750343, 0.009194055224026484452, 0.01225874029870196655 ),
 .UNSPECIFIED. ) ;
#2125 = ORIENTED_EDGE ( 'NONE', *, *, #1854, .T. ) ;
#2126 = CARTESIAN_POINT ( 'NONE',  ( -64.63374799417144345, 0.5303278602426930721, 79.64066190529284484 ) ) ;
#2127 = CARTESIAN_POINT ( 'NONE',  ( -58.56980505994575736, -3.298794686161497403, 85.09999999999999432 ) ) ;
#2128 =( NAMED_UNIT ( * ) SI_UNIT ( $, .STERADIAN. ) SOLID_ANGLE_UNIT ( ) );
#2129 = CARTESIAN_POINT ( 'NONE',  ( -92.39789776418537315, -4.172174794121921160, 79.01874776371417397 ) ) ;
#2130 =( BOUNDED_CURVE ( )  B_SPLINE_CURVE ( 3, ( #2585, #2301, #2266, #2532 ),
 .UNSPECIFIED., .F., .T. ) 
 B_SPLINE_CURVE_WITH_KNOTS ( ( 4, 4 ),
 ( 2.356194490190610669, 4.468042885107864848 ),
 .UNSPECIFIED. ) 
 CURVE ( )  GEOMETRIC_REPRESENTATION_ITEM ( )  RATIONAL_B_SPLINE_CURVE ( ( 1.000000000000000000, 0.6616157067344508036, 0.6616157067344508036, 1.000000000000000000 ) ) 
 REPRESENTATION_ITEM ( '' )  );
#2131 = ORIENTED_EDGE ( 'NONE', *, *, #1518, .T. ) ;
#2132 = ORIENTED_EDGE ( 'NONE', *, *, #2400, .T. ) ;
#2133 = CARTESIAN_POINT ( 'NONE',  ( -60.59490753794993623, 0.5209743111807370042, 86.57280671779658121 ) ) ;
#2134 = PLANE ( 'NONE',  #397 ) ;
#2135 = CARTESIAN_POINT ( 'NONE',  ( -82.44678453659618356, -0.9370126013283336386, 79.58781176739569219 ) ) ;
#2136 = CARTESIAN_POINT ( 'NONE',  ( -62.03767353517630312, -2.979173157212772871, 89.09890164215396169 ) ) ;
#2137 = LINE ( 'NONE', #968, #1295 ) ;
#2138 = ORIENTED_EDGE ( 'NONE', *, *, #2586, .F. ) ;
#2139 = DIRECTION ( 'NONE',  ( 0.000000000000000000, 1.000000000000000000, 0.000000000000000000 ) ) ;
#2140 = CARTESIAN_POINT ( 'NONE',  ( -61.83741989189157806, 0.5691563818321567769, 88.60988753574386578 ) ) ;
#2141 = CARTESIAN_POINT ( 'NONE',  ( -90.48949884219683781, -8.820250898349756952, 78.84089060535721671 ) ) ;
#2142 = CC_DESIGN_APPROVAL ( #1131, ( #2560 ) ) ;
#2143 = CARTESIAN_POINT ( 'NONE',  ( -75.50626101942359014, 7.701307497468458330, 84.78917227904661047 ) ) ;
#2144 = EDGE_CURVE ( 'NONE', #3192, #2117, #3493, .T. ) ;
#2145 = ORIENTED_EDGE ( 'NONE', *, *, #1582, .F. ) ;
#2146 = CARTESIAN_POINT ( 'NONE',  ( -72.35350100557519681, 5.467200169878777771, 84.84974689653317625 ) ) ;
#2147 = CARTESIAN_POINT ( 'NONE',  ( -59.23095439213054192, -2.599793684747070177, 85.02183622557211606 ) ) ;
#2148 = CARTESIAN_POINT ( 'NONE',  ( -92.79467746882821189, -5.586900220092143599, 79.11814920894430259 ) ) ;
#2149 = ORIENTED_EDGE ( 'NONE', *, *, #3273, .T. ) ;
#2150 = AXIS2_PLACEMENT_3D ( 'NONE', #2513, #1064, #1324 ) ;
#2151 = ORIENTED_EDGE ( 'NONE', *, *, #2294, .T. ) ;
#2152 = LINE ( 'NONE', #3071, #778 ) ;
#2153 = CARTESIAN_POINT ( 'NONE',  ( -73.96795675252776903, -6.768918040238901312, 87.66457412625233303 ) ) ;
#2154 = CARTESIAN_POINT ( 'NONE',  ( -85.85513438212396409, -8.522603460455300706, 79.96727414634409570 ) ) ;
#2155 = CARTESIAN_POINT ( 'NONE',  ( -87.46609892288364563, -8.774963962934286599, 79.43607960722857797 ) ) ;
#2156 = AXIS2_PLACEMENT_3D ( 'NONE', #1083, #1933, #2302 ) ;
#2157 = EDGE_LOOP ( 'NONE', ( #2326, #2345, #1564, #1451 ) ) ;
#2158 = EDGE_CURVE ( 'NONE', #836, #164, #1974, .T. ) ;
#2159 = DIRECTION ( 'NONE',  ( -0.9271838545667895337, 0.000000000000000000, -0.3746065934159067412 ) ) ;
#2160 = CARTESIAN_POINT ( 'NONE',  ( -67.09333178940244125, 4.927646409962466834, 87.44233356685805347 ) ) ;
#2161 = CARTESIAN_POINT ( 'NONE',  ( -66.06150023097184487, -3.202272830578983598, 84.71493703298487787 ) ) ;
#2162 = CARTESIAN_POINT ( 'NONE',  ( -92.35337854273177527, -9.362886243181096191, 80.23897818797389903 ) ) ;
#2163 = ORIENTED_EDGE ( 'NONE', *, *, #3270, .F. ) ;
#2164 = CARTESIAN_POINT ( 'NONE',  ( -89.76022500198487819, -2.697584705803503624, 74.80512708186051896 ) ) ;
#2165 = CARTESIAN_POINT ( 'NONE',  ( -61.96247637324380264, -1.815673066950080239, 84.89168922344738633 ) ) ;
#2166 = LINE ( 'NONE', #1561, #2071 ) ;
#2167 = ORIENTED_EDGE ( 'NONE', *, *, #1215, .T. ) ;
#2168 = ORIENTED_EDGE ( 'NONE', *, *, #1438, .T. ) ;
#2169 = CARTESIAN_POINT ( 'NONE',  ( -88.31880137424212762, -8.977941526616289636, 77.79650191027165818 ) ) ;
#2170 = CARTESIAN_POINT ( 'NONE',  ( -87.90384694051391534, -7.236115204732454842, 80.45024819322054555 ) ) ;
#2171 = B_SPLINE_SURFACE_WITH_KNOTS ( 'NONE', 3, 1, ( 
 ( #3051, #480 ),
 ( #2208, #2546 ),
 ( #1059, #2806 ),
 ( #3372, #2529 ),
 ( #228, #1405 ),
 ( #3355, #794 ),
 ( #1357, #3387 ),
 ( #1928, #2836 ),
 ( #1961, #282 ),
 ( #3402, #3103 ),
 ( #1389, #260 ),
 ( #552, #3086 ),
 ( #1374, #3679 ),
 ( #1096, #536 ),
 ( #1671, #2821 ),
 ( #2788, #2247 ),
 ( #1944, #1127 ),
 ( #810, #2563 ),
 ( #1653, #3119 ),
 ( #3660, #245 ),
 ( #3642, #3712 ),
 ( #499, #3696 ),
 ( #208, #775 ),
 ( #1980, #3072 ),
 ( #1077, #2508 ),
 ( #1111, #2282 ),
 ( #2264, #1691 ) ),
 .UNSPECIFIED., .F., .F., .F.,
 ( 4, 1, 1, 1, 2, 1, 1, 1, 1, 1, 1, 1, 1, 1, 1, 1, 1, 1, 1, 1, 1, 1, 1, 4 ),
 ( 2, 2 ),
 ( 0.000000000000000000, 0.003763925976548287977, 0.02348892597654828052, 0.04321392597654838408, 0.06293892597654826560, 0.1168139259765484939, 0.1706889259765482780, 0.2245639259765481732, 0.2784389259765482905, 0.3323139259765484077, 0.3861889259765483029, 0.4400639259765483091, 0.4939389259765483153, 0.5245701759765482031, 0.5552014259765483128, 0.5858326759765484226, 0.6164639259765483104, 0.6470951759765481981, 0.6777264259765483079, 0.7389889259765483054, 0.8002514259765483029, 0.8615139259765483004, 0.9227764259765482979, 0.9720692877832295409 ),
 ( 0.000000000000000000, 1.000000000000000000 ),
 .UNSPECIFIED. ) ;
#2172 = CARTESIAN_POINT ( 'NONE',  ( -83.72015211695074299, -8.966670183706130004, 81.24534527990682875 ) ) ;
#2173 = CARTESIAN_POINT ( 'NONE',  ( -72.19396805582807986, 5.250109981740828324, 75.20564422789837522 ) ) ;
#2174 = CARTESIAN_POINT ( 'NONE',  ( -62.79151032991178738, -1.379009917526427875, 80.99999999999998579 ) ) ;
#2175 = VERTEX_POINT ( 'NONE', #3075 ) ;
#2176 = CARTESIAN_POINT ( 'NONE',  ( -87.85799631886706607, -7.225593685440792946, 80.47376705689086407 ) ) ;
#2177 = DIRECTION ( 'NONE',  ( 0.9271838545667868692, 0.000000000000000000, 0.3746065934159131250 ) ) ;
#2178 = CARTESIAN_POINT ( 'NONE',  ( -66.02671217841947282, -3.954202257503840023, 86.42278836265653297 ) ) ;
#2179 = CARTESIAN_POINT ( 'NONE',  ( -92.38917760922180378, -5.332850630157410343, 79.28003434394277349 ) ) ;
#2180 = CIRCLE ( 'NONE', #1510, 0.2000000000000057288 ) ;
#2181 = CIRCLE ( 'NONE', #1994, 0.5000000000000011102 ) ;
#2182 = ORIENTED_EDGE ( 'NONE', *, *, #3728, .F. ) ;
#2183 = DIRECTION ( 'NONE',  ( 0.2419218955996641218, 0.000000000000000000, 0.9702957262759973611 ) ) ;
#2184 = EDGE_CURVE ( 'NONE', #1574, #2061, #224, .T. ) ;
#2185 = CARTESIAN_POINT ( 'NONE',  ( -91.36615517811488019, 19.38220775909731586, 70.01708857342747194 ) ) ;
#2186 = CARTESIAN_POINT ( 'NONE',  ( 0.000000000000000000, 1.300000000000000044, 0.000000000000000000 ) ) ;
#2187 = CARTESIAN_POINT ( 'NONE',  ( -90.59348535021140947, -9.824436397228112128, 81.49399900896897009 ) ) ;
#2188 = ORIENTED_EDGE ( 'NONE', *, *, #805, .F. ) ;
#2189 = CARTESIAN_POINT ( 'NONE',  ( -91.83911207021195366, -10.79635683098498333, 76.90678805961159981 ) ) ;
#2190 = CARTESIAN_POINT ( 'NONE',  ( -91.16422600365592643, -10.64426468720628449, 80.51131825431404820 ) ) ;
#2191 = CARTESIAN_POINT ( 'NONE',  ( -87.16772763514879330, 4.593361790897286134, 76.12692426164944948 ) ) ;
#2192 = CARTESIAN_POINT ( 'NONE',  ( -71.97631071112789414, 5.167426605309914933, 76.39822711761267726 ) ) ;
#2193 = CARTESIAN_POINT ( 'NONE',  ( -80.05040372693262896, -26.23248013416203150, 84.95677679614934164 ) ) ;
#2194 = ORIENTED_EDGE ( 'NONE', *, *, #2535, .T. ) ;
#2195 = CARTESIAN_POINT ( 'NONE',  ( -89.20223222330805868, -9.177031266882963223, 78.29723802924866050 ) ) ;
#2196 = ADVANCED_FACE ( 'NONE', ( #1641 ), #3376, .T. ) ;
#2197 = CARTESIAN_POINT ( 'NONE',  ( -60.21645319596667179, -3.669914963472484803, 87.23382009374380175 ) ) ;
#2198 = CARTESIAN_POINT ( 'NONE',  ( -69.81999885087124369, 5.884027831892536753, 86.72951223073795290 ) ) ;
#2199 = VECTOR ( 'NONE', #3140, 1000.000000000000114 ) ;
#2200 = APPROVAL_STATUS ( 'not_yet_approved' ) ;
#2201 = APPROVAL ( #219, 'Deckungsgleich' ) ;
#2202 = ORIENTED_EDGE ( 'NONE', *, *, #3726, .F. ) ;
#2203 = CARTESIAN_POINT ( 'NONE',  ( -90.00699079661120550, -3.179517905517309284, 84.84974689653317625 ) ) ;
#2204 = CARTESIAN_POINT ( 'NONE',  ( -60.76542879555850618, -3.793599864980736314, 65.44267786969609801 ) ) ;
#2205 = CARTESIAN_POINT ( 'NONE',  ( -74.61512652658299771, 5.968056863365379883, 71.99650313170920413 ) ) ;
#2206 = CARTESIAN_POINT ( 'NONE',  ( -65.65181898969576935, 1.414787272007490104, 79.49387139160954519 ) ) ;
#2207 = CARTESIAN_POINT ( 'NONE',  ( -92.13995072826051569, -10.86415375062111721, 76.71062950931623448 ) ) ;
#2208 = CARTESIAN_POINT ( 'NONE',  ( -59.13884917342934955, -2.620634319592429762, 85.02710217273909166 ) ) ;
#2209 = B_SPLINE_CURVE_WITH_KNOTS ( 'NONE', 3,
 ( #2205, #1955, #2542, #1033, #3675, #1635, #3098, #455, #1107, #205, #3397, #2504 ),
 .UNSPECIFIED., .F., .F.,
 ( 4, 2, 2, 2, 2, 4 ),
 ( -1.029992063861229212E-16, 0.002637172121181597870, 0.003955758181772443642, 0.005274344242363289414, 0.007911516363544939326, 0.01054868848472658750 ),
 .UNSPECIFIED. ) ;
#2210 = CARTESIAN_POINT ( 'NONE',  ( -87.48451945537094332, -9.815007001994546343, 79.47481710043346936 ) ) ;
#2211 = CARTESIAN_POINT ( 'NONE',  ( -71.91200295312441426, 5.142527722168366289, 76.53337703102570799 ) ) ;
#2212 = CARTESIAN_POINT ( 'NONE',  ( -69.68268756714165590, -14.08234068259056926, 75.39214641920482052 ) ) ;
#2213 = ADVANCED_FACE ( 'NONE', ( #797 ), #1598, .T. ) ;
#2214 = ORIENTED_EDGE ( 'NONE', *, *, #3466, .F. ) ;
#2215 = CARTESIAN_POINT ( 'NONE',  ( -90.61868856945083905, -9.496243490851389524, 76.23001298780971524 ) ) ;
#2216 = CARTESIAN_POINT ( 'NONE',  ( -65.08150284989962131, -2.981420839357836083, 84.82556310656435983 ) ) ;
#2217 = CARTESIAN_POINT ( 'NONE',  ( -88.96053542942162551, -1.630148920954249014, 80.36646153272043591 ) ) ;
#2218 = EDGE_CURVE ( 'NONE', #299, #182, #196, .T. ) ;
#2219 = COORDINATED_UNIVERSAL_TIME_OFFSET ( 1, 0, .AHEAD. ) ;
#2220 = EDGE_CURVE ( 'NONE', #3173, #2885, #1468, .T. ) ;
#2221 = VERTEX_POINT ( 'NONE', #2054 ) ;
#2222 = CARTESIAN_POINT ( 'NONE',  ( -91.83911207021195366, -10.79635683098498333, 76.90678805961159981 ) ) ;
#2223 = LINE ( 'NONE', #2502, #1244 ) ;
#2224 = CARTESIAN_POINT ( 'NONE',  ( -68.70856287250212802, 5.883444771431149967, 86.47503337306039839 ) ) ;
#2225 = CARTESIAN_POINT ( 'NONE',  ( -92.75428016992505320, -11.00259886938620113, 80.29133946703177571 ) ) ;
#2226 = CARTESIAN_POINT ( 'NONE',  ( -67.16298946512844736, -4.084788919382583927, 87.48912965400475628 ) ) ;
#2227 = LINE ( 'NONE', #2490, #2011 ) ;
#2228 = VERTEX_POINT ( 'NONE', #364 ) ;
#2229 = CARTESIAN_POINT ( 'NONE',  ( -76.46399882567000361, 0.6132327333839378003, 81.69395637028320323 ) ) ;
#2230 = DIRECTION ( 'NONE',  ( -0.08502343775359229305, -0.01916085923062344973, 0.9961946980917461003 ) ) ;
#2231 = CARTESIAN_POINT ( 'NONE',  ( -69.11232680601541745, 3.802976647982135194, 72.94077428304147759 ) ) ;
#2232 = ORIENTED_EDGE ( 'NONE', *, *, #1610, .T. ) ;
#2233 = DIRECTION ( 'NONE',  ( 0.000000000000000000, 0.000000000000000000, -1.000000000000000000 ) ) ;
#2234 = ADVANCED_FACE ( 'NONE', ( #2643 ), #37, .F. ) ;
#2235 = CARTESIAN_POINT ( 'NONE',  ( -61.25319606753033952, -3.903522967156882739, 85.48928259185389322 ) ) ;
#2236 = CARTESIAN_POINT ( 'NONE',  ( -84.95786611619286077, -6.009078176134209137, 83.65796317681422067 ) ) ;
#2237 = PERSON_AND_ORGANIZATION_ROLE ( 'creator' ) ;
#2238 = EDGE_CURVE ( 'NONE', #975, #2928, #1488, .T. ) ;
#2239 = VERTEX_POINT ( 'NONE', #3501 ) ;
#2240 = CARTESIAN_POINT ( 'NONE',  ( -86.97712284425512053, 2.654972158028171769, 76.57787485330975130 ) ) ;
#2241 = CARTESIAN_POINT ( 'NONE',  ( -85.31073403174656278, -27.41794676713353596, 82.14231040923409921 ) ) ;
#2242 = DIRECTION ( 'NONE',  ( -0.9702957262759943635, 0.000000000000000000, 0.2419218955996758902 ) ) ;
#2243 = CARTESIAN_POINT ( 'NONE',  ( -88.00695465887994828, -9.227837230639281074, 82.96436975805258385 ) ) ;
#2244 = FACE_OUTER_BOUND ( 'NONE', #698, .T. ) ;
#2245 = ADVANCED_FACE ( 'NONE', ( #324 ), #55, .T. ) ;
#2246 = CARTESIAN_POINT ( 'NONE',  ( -74.47510236497578262, -1.013397240712961445, 85.28185484528847837 ) ) ;
#2247 = CARTESIAN_POINT ( 'NONE',  ( -81.95844900600116034, 7.692054542360181379, 81.92927101452168870 ) ) ;
#2248 = CARTESIAN_POINT ( 'NONE',  ( -75.32200278825030182, -5.763789121109568647, 83.62300262459378075 ) ) ;
#2249 = CARTESIAN_POINT ( 'NONE',  ( -90.96251025019545011, -4.558750195052226672, 77.91420720679991518 ) ) ;
#2250 = LINE ( 'NONE', #1393, #766 ) ;
#2251 = CARTESIAN_POINT ( 'NONE',  ( -68.83864662411423296, 3.642428404968099276, 73.03893693288756594 ) ) ;
#2252 = CARTESIAN_POINT ( 'NONE',  ( -92.79653103131899172, -10.35825426954714423, 80.13934803315582656 ) ) ;
#2253 = CARTESIAN_POINT ( 'NONE',  ( -78.41204855902653037, 0.3139153537071737166, 85.03587794710333014 ) ) ;
#2254 = CARTESIAN_POINT ( 'NONE',  ( -90.28477340867600276, -10.10510324164958895, 79.78676376274140125 ) ) ;
#2255 = VERTEX_POINT ( 'NONE', #2074 ) ;
#2256 = CARTESIAN_POINT ( 'NONE',  ( -88.87302080982078678, 0.08983828381860421708, 76.06086105029763189 ) ) ;
#2257 = ADVANCED_FACE ( 'NONE', ( #3220 ), #5, .T. ) ;
#2258 = LINE ( 'NONE', #2816, #558 ) ;
#2259 = B_SPLINE_CURVE_WITH_KNOTS ( 'NONE', 3,
 ( #72, #2049, #3477, #2936, #3193, #358 ),
 .UNSPECIFIED., .F., .F.,
 ( 4, 2, 4 ),
 ( 6.630895094426258135E-15, 0.003198710236100578332, 0.006397420472194525684 ),
 .UNSPECIFIED. ) ;
#2260 = LINE ( 'NONE', #1455, #2956 ) ;
#2261 = CARTESIAN_POINT ( 'NONE',  ( -63.06641917709132628, 1.878124132394971557, 84.39907744806137657 ) ) ;
#2262 = CC_DESIGN_SECURITY_CLASSIFICATION ( #2560, ( #995 ) ) ;
#2263 = CARTESIAN_POINT ( 'NONE',  ( -75.33965725406983438, 4.871257670992825695, 83.81558480852046955 ) ) ;
#2264 = CARTESIAN_POINT ( 'NONE',  ( -93.34578095819396992, -10.51695177618803356, 75.81672982608178302 ) ) ;
#2265 = VERTEX_POINT ( 'NONE', #2305 ) ;
#2266 = CARTESIAN_POINT ( 'NONE',  ( -70.61022403647383783, -6.012220291875918221, 70.99796879226965984 ) ) ;
#2267 = DIRECTION ( 'NONE',  ( 0.3746065934159153454, 0.000000000000000000, -0.9271838545667860920 ) ) ;
#2268 = CONICAL_SURFACE ( 'NONE', #3222, 1.425000000000010703, 0.5235987755983000369 ) ;
#2269 = DIRECTION ( 'NONE',  ( 0.000000000000000000, 0.000000000000000000, -1.000000000000000000 ) ) ;
#2270 = DIRECTION ( 'NONE',  ( 0.3732787861277726549, 0.08412200757512078297, -0.9238974162040435312 ) ) ;
#2271 = CARTESIAN_POINT ( 'NONE',  ( -85.98507779123997352, 5.586722070452992739, 80.57333065721175558 ) ) ;
#2272 = EDGE_CURVE ( 'NONE', #2657, #3549, #2861, .T. ) ;
#2273 = ORIENTED_EDGE ( 'NONE', *, *, #1543, .F. ) ;
#2274 = CARTESIAN_POINT ( 'NONE',  ( -90.93403874954447019, -4.515153129850316915, 75.92069477284010759 ) ) ;
#2275 = DIRECTION ( 'NONE',  ( 0.000000000000000000, 0.000000000000000000, -1.000000000000000000 ) ) ;
#2276 = CIRCLE ( 'NONE', #2635, 2.500000000000002220 ) ;
#2277 = CARTESIAN_POINT ( 'NONE',  ( -60.06952620847687285, -3.636771443767124357, 89.21881704478266784 ) ) ;
#2278 = DIRECTION ( 'NONE',  ( 0.000000000000000000, 0.000000000000000000, 1.000000000000000000 ) ) ;
#2279 = ADVANCED_FACE ( 'NONE', ( #2028 ), #2389, .F. ) ;
#2280 = CARTESIAN_POINT ( 'NONE',  ( -92.31341189787075052, -9.305814299312205051, 78.20922451455021474 ) ) ;
#2281 = EDGE_CURVE ( 'NONE', #2657, #3713, #2590, .T. ) ;
#2282 = CARTESIAN_POINT ( 'NONE',  ( -93.35634810627057334, -9.673398986908761543, 79.43534639508523298 ) ) ;
#2283 = ORIENTED_EDGE ( 'NONE', *, *, #959, .T. ) ;
#2284 = CARTESIAN_POINT ( 'NONE',  ( -91.34644233332124941, -10.26337288176162410, 74.84852664626220076 ) ) ;
#2285 = CARTESIAN_POINT ( 'NONE',  ( -59.46804449617329169, -2.909257405400926366, 89.06405466125613657 ) ) ;
#2286 = CARTESIAN_POINT ( 'NONE',  ( -69.69811220214197078, -5.806667012433243791, 81.63497158371121998 ) ) ;
#2287 = CARTESIAN_POINT ( 'NONE',  ( -70.79568386742131736, -6.054015469868067711, 84.35155678312497685 ) ) ;
#2288 = CARTESIAN_POINT ( 'NONE',  ( -78.07475584545163372, -7.694425187299697377, 87.25903934576558640 ) ) ;
#2289 = B_SPLINE_CURVE_WITH_KNOTS ( 'NONE', 3,
 ( #3683, #1024, #232, #1656 ),
 .UNSPECIFIED., .F., .F.,
 ( 4, 4 ),
 ( 8.673617379884035472E-19, 0.001255019031133298643 ),
 .UNSPECIFIED. ) ;
#2290 = B_SPLINE_CURVE_WITH_KNOTS ( 'NONE', 3,
 ( #3031, #773, #3583, #461 ),
 .UNSPECIFIED., .F., .F.,
 ( 4, 4 ),
 ( 0.000000000000000000, 0.003004888413165336843 ),
 .UNSPECIFIED. ) ;
#2291 = ORIENTED_EDGE ( 'NONE', *, *, #3206, .F. ) ;
#2292 = CARTESIAN_POINT ( 'NONE',  ( -60.96542879555850192, -1.199999999999999734, 65.55983515722148525 ) ) ;
#2293 = CARTESIAN_POINT ( 'NONE',  ( -93.28492855853443189, -8.534996953590686886, 79.21128911760457925 ) ) ;
#2294 = EDGE_CURVE ( 'NONE', #3428, #950, #139, .T. ) ;
#2295 = CARTESIAN_POINT ( 'NONE',  ( -61.31570175857198279, -3.307446072385337832, 89.17005445939807373 ) ) ;
#2296 = CARTESIAN_POINT ( 'NONE',  ( -66.09466861157062567, -3.969516901134233944, 87.04643898420513892 ) ) ;
#2297 = CARTESIAN_POINT ( 'NONE',  ( -73.91837939216983955, -5.275371052970929675, 86.56278765718870716 ) ) ;
#2298 = CARTESIAN_POINT ( 'NONE',  ( -82.30652142880539657, 7.165497887418879941, 82.10845987760329479 ) ) ;
#2299 = ORIENTED_EDGE ( 'NONE', *, *, #2015, .F. ) ;
#2300 = DIRECTION ( 'NONE',  ( -0.9271838545667906439, 0.000000000000000000, -0.3746065934159041322 ) ) ;
#2301 = CARTESIAN_POINT ( 'NONE',  ( -70.49303997709391467, -5.985811723542630247, 70.57541672506246755 ) ) ;
#2302 = DIRECTION ( 'NONE',  ( -0.6427876096865435818, 0.7660444431189744607, 0.000000000000000000 ) ) ;
#2303 = CARTESIAN_POINT ( 'NONE',  ( -66.78668445643464224, -5.150548433018412808, 85.05981116936894182 ) ) ;
#2304 = CARTESIAN_POINT ( 'NONE',  ( -79.03768954595909690, -3.906343184069805741, 85.79769995972826280 ) ) ;
#2305 = CARTESIAN_POINT ( 'NONE',  ( -93.11382624099432803, -10.44535554431281632, 79.94907720921000305 ) ) ;
#2306 = APPROVAL_ROLE ( '' ) ;
#2307 = VERTEX_POINT ( 'NONE', #910 ) ;
#2308 = EDGE_CURVE ( 'NONE', #587, #2362, #2570, .T. ) ;
#2309 = DIRECTION ( 'NONE',  ( -0.000000000000000000, -1.000000000000000000, -0.000000000000000000 ) ) ;
#2310 = CARTESIAN_POINT ( 'NONE',  ( -90.69694946206078612, -0.03345890418808505906, 78.78781485888175951 ) ) ;
#2311 = CARTESIAN_POINT ( 'NONE',  ( -59.70224923328994748, -3.554002002757637779, 89.19176159345080634 ) ) ;
#2312 = CARTESIAN_POINT ( 'NONE',  ( -74.68742760229855548, 4.438039949233076875, 81.55671523083250918 ) ) ;
#2313 = LINE ( 'NONE', #1277, #3281 ) ;
#2314 = CARTESIAN_POINT ( 'NONE',  ( -80.43305574587519402, 8.062800621826061942, 82.37354251925775372 ) ) ;
#2315 = ORIENTED_EDGE ( 'NONE', *, *, #1148, .F. ) ;
#2316 = LINE ( 'NONE', #2658, #2748 ) ;
#2317 = ORIENTED_EDGE ( 'NONE', *, *, #3042, .F. ) ;
#2318 = CARTESIAN_POINT ( 'NONE',  ( -60.76542879555849908, -1.199999999999999956, 65.55983515722148525 ) ) ;
#2319 = CARTESIAN_POINT ( 'NONE',  ( -78.32092204961308823, 6.302360446516887649, 78.15113026494321957 ) ) ;
#2320 = CARTESIAN_POINT ( 'NONE',  ( -63.09712885458539233, -3.293992141852580602, 86.51885901366595988 ) ) ;
#2321 = CARTESIAN_POINT ( 'NONE',  ( -74.02649070911368767, -1.165732109548620166, 84.83759511335108527 ) ) ;
#2322 = CARTESIAN_POINT ( 'NONE',  ( -86.74551368640504734, 3.475959466551370891, 80.54301186930042888 ) ) ;
#2323 = ORIENTED_EDGE ( 'NONE', *, *, #1670, .F. ) ;
#2324 = DIRECTION ( 'NONE',  ( 0.2419218955996693676, 0.000000000000000000, 0.9702957262759961399 ) ) ;
#2325 = CARTESIAN_POINT ( 'NONE',  ( -62.94588614508603541, -1.200000000000001066, 65.84749590702527655 ) ) ;
#2326 = ORIENTED_EDGE ( 'NONE', *, *, #1084, .T. ) ;
#2327 = CARTESIAN_POINT ( 'NONE',  ( -82.81338141051490709, -12.87027948883124928, 76.31718820491681754 ) ) ;
#2328 = CARTESIAN_POINT ( 'NONE',  ( -65.24940077141599204, 2.959328041198909354, 83.98837171005564528 ) ) ;
#2329 = CARTESIAN_POINT ( 'NONE',  ( -71.79277105363804878, 10.00000000000000000, 68.56857886733286023 ) ) ;
#2330 = CARTESIAN_POINT ( 'NONE',  ( -89.70284139110754040, 1.604841085479430829, 79.30188748029554802 ) ) ;
#2331 = ORIENTED_EDGE ( 'NONE', *, *, #3577, .F. ) ;
#2332 = CARTESIAN_POINT ( 'NONE',  ( -63.12716776041177269, -2.540992529831882951, 84.96162735878334615 ) ) ;
#2333 = ORIENTED_EDGE ( 'NONE', *, *, #1854, .F. ) ;
#2334 = CARTESIAN_POINT ( 'NONE',  ( -90.12023944773544315, -3.659855042239562373, 72.62282314452954779 ) ) ;
#2335 = B_SPLINE_CURVE_WITH_KNOTS ( 'NONE', 3,
 ( #2365, #3269, #143, #105, #3227, #677, #3509, #1556, #1820, #62, #2724, #709, #1800, #3005, #2426, #1292, #991, #2386, #2967, #1841, #3205, #124, #631, #1214, #3553, #931, #2947, #973, #1517, #84, #3531, #2143, #954, #393, #1255, #911, #2060, #2198, #3309, #3613, #1590, #1347, #1381, #526, #726, #451, #487, #3041, #3362, #1049 ),
 .UNSPECIFIED., .F., .F.,
 ( 4, 2, 2, 2, 2, 2, 2, 2, 2, 2, 2, 2, 2, 2, 2, 2, 2, 2, 2, 2, 2, 2, 2, 2, 4 ),
 ( 0.0006465374631901918022, 0.002119286770633170298, 0.003592036078076149119, 0.006537534692962096786, 0.008010284000405071270, 0.009483033307848045754, 0.01242853192273401033, 0.01537403053761997318, 0.01831952915250593256, 0.01979227845994891571, 0.02126502776739189540, 0.02273777707483487509, 0.02421052638227785825, 0.02568327568972083794, 0.02715602499716381416, 0.03010152361204977700, 0.03157427291949275322, 0.03304702222693572250, 0.03599252084182168882, 0.03893801945670764125, 0.04041076876415064523, 0.04188351807159365614, 0.04482901668647965715, 0.04630176599392266112, 0.04777451530136567204 ),
 .UNSPECIFIED. ) ;
#2336 = CARTESIAN_POINT ( 'NONE',  ( -64.80777804666834641, -14.08234068259056926, 74.64066190529229061 ) ) ;
#2337 = CARTESIAN_POINT ( 'NONE',  ( -69.68268756714165590, 10.32832126602183997, 75.39214641920482052 ) ) ;
#2338 = DIRECTION ( 'NONE',  ( -0.08502343775359157141, -0.01916085923062345667, 0.9961946980917462113 ) ) ;
#2339 = CARTESIAN_POINT ( 'NONE',  ( -67.40198556755430559, -5.289212527136107234, 89.21247881307255057 ) ) ;
#2340 = ORIENTED_EDGE ( 'NONE', *, *, #1548, .T. ) ;
#2341 = CARTESIAN_POINT ( 'NONE',  ( -77.68738957194038619, 6.844795785413937850, 80.10464773774077685 ) ) ;
#2342 = EDGE_CURVE ( 'NONE', #2077, #2681, #3605, .T. ) ;
#2343 = CARTESIAN_POINT ( 'NONE',  ( -90.67186259452459751, -8.071328684581443369, 78.99238947815585732 ) ) ;
#2344 = LINE ( 'NONE', #2103, #2482 ) ;
#2345 = ORIENTED_EDGE ( 'NONE', *, *, #1402, .T. ) ;
#2346 = LINE ( 'NONE', #3490, #2830 ) ;
#2347 = CARTESIAN_POINT ( 'NONE',  ( -83.36885485837615306, 7.146811309191044792, 77.61630381382562405 ) ) ;
#2348 = CARTESIAN_POINT ( 'NONE',  ( 12.53321533564506396, -12.87027948883124928, 50.26798110410596365 ) ) ;
#2349 = CARTESIAN_POINT ( 'NONE',  ( -80.57651344727655385, 8.034559930037143971, 82.75019589095539629 ) ) ;
#2350 = ORIENTED_EDGE ( 'NONE', *, *, #535, .F. ) ;
#2351 = CARTESIAN_POINT ( 'NONE',  ( -74.48472469307644417, 5.946260603604351935, 79.05393375885695662 ) ) ;
#2352 = VERTEX_POINT ( 'NONE', #2628 ) ;
#2353 = B_SPLINE_CURVE_WITH_KNOTS ( 'NONE', 3,
 ( #1938, #3007, #3081, #2743, #3329, #511 ),
 .UNSPECIFIED., .F., .F.,
 ( 4, 2, 4 ),
 ( 0.000000000000000000, 0.0006511720930093105320, 0.001302344186018621064 ),
 .UNSPECIFIED. ) ;
#2354 = VECTOR ( 'NONE', #1990, 1000.000000000000114 ) ;
#2355 = VECTOR ( 'NONE', #2847, 1000.000000000000114 ) ;
#2356 = CARTESIAN_POINT ( 'NONE',  ( -74.14130581285543542, 1.175690488960723146, 84.31462917983374439 ) ) ;
#2357 = CC_DESIGN_PERSON_AND_ORGANIZATION_ASSIGNMENT ( #201, #1069, ( #3695 ) ) ;
#2358 = CARTESIAN_POINT ( 'NONE',  ( -93.01566734909773970, -11.00230529661021883, 76.10335622496653230 ) ) ;
#2359 = CARTESIAN_POINT ( 'NONE',  ( -68.81520020475382182, 3.650952201903837846, 78.35924088827451328 ) ) ;
#2360 = CARTESIAN_POINT ( 'NONE',  ( -69.97199427522532744, 6.547868013838453294, 86.62913692985215164 ) ) ;
#2361 = CARTESIAN_POINT ( 'NONE',  ( -62.94737083057487581, -4.285321739406617425, 87.34006167849199187 ) ) ;
#2362 = VERTEX_POINT ( 'NONE', #2410 ) ;
#2363 = CARTESIAN_POINT ( 'NONE',  ( -91.83911207021036205, -10.79635683098462628, 76.89342795573656986 ) ) ;
#2364 = CARTESIAN_POINT ( 'NONE',  ( -90.42243616720767818, -9.045898245979048014, 78.66013297887823796 ) ) ;
#2365 = CARTESIAN_POINT ( 'NONE',  ( -93.11382624099432803, -10.44535554431281632, 79.94907720921000305 ) ) ;
#2366 = ORIENTED_EDGE ( 'NONE', *, *, #3233, .T. ) ;
#2367 = LINE ( 'NONE', #396, #3625 ) ;
#2368 = DESIGN_CONTEXT ( 'detailed design', #1702, 'design' ) ;
#2369 = PLANE ( 'NONE',  #66 ) ;
#2370 = CARTESIAN_POINT ( 'NONE',  ( -64.80777804666834641, -4.704582612887673321, 79.64066190529230482 ) ) ;
#2371 = CARTESIAN_POINT ( 'NONE',  ( -77.64236634298188733, 8.346903667347573830, 83.44594305339283835 ) ) ;
#2372 = VERTEX_POINT ( 'NONE', #2649 ) ;
#2373 = CARTESIAN_POINT ( 'NONE',  ( -61.01381317467841114, -3.849575702339772310, 65.36577601196627541 ) ) ;
#2374 = ORIENTED_EDGE ( 'NONE', *, *, #820, .T. ) ;
#2375 = ADVANCED_FACE ( 'NONE', ( #328 ), #1472, .F. ) ;
#2376 = VECTOR ( 'NONE', #3077, 1000.000000000000000 ) ;
#2377 = CARTESIAN_POINT ( 'NONE',  ( -75.75339568964410830, 1.902382874294092252, 83.65252555091042552 ) ) ;
#2378 = DIRECTION ( 'NONE',  ( 0.000000000000000000, 1.000000000000000000, 0.000000000000000000 ) ) ;
#2379 = DIRECTION ( 'NONE',  ( -0.000000000000000000, -1.000000000000000000, -0.000000000000000000 ) ) ;
#2380 = CARTESIAN_POINT ( 'NONE',  ( -63.47796620679818602, -4.404896571721654830, 89.35598950320695621 ) ) ;
#2381 = B_SPLINE_CURVE_WITH_KNOTS ( 'NONE', 3,
 ( #247, #3121, #1099, #3403, #3158, #1692, #2808, #3105 ),
 .UNSPECIFIED., .F., .F.,
 ( 4, 2, 2, 4 ),
 ( 0.000000000000000000, 0.0007097679656328506267, 0.001064651948449274422, 0.001419535931265698435 ),
 .UNSPECIFIED. ) ;
#2382 = ORIENTED_EDGE ( 'NONE', *, *, #2786, .F. ) ;
#2383 = LINE ( 'NONE', #1817, #537 ) ;
#2384 = CARTESIAN_POINT ( 'NONE',  ( -66.17902480815935462, 3.700404156373699127, 87.74460692146460872 ) ) ;
#2385 = CARTESIAN_POINT ( 'NONE',  ( -61.84473831738097971, -1.729385291687584258, 86.88128555093963712 ) ) ;
#2386 = CARTESIAN_POINT ( 'NONE',  ( -85.89528498988607907, 5.248513986455984437, 80.67446690869890347 ) ) ;
#2387 = ORIENTED_EDGE ( 'NONE', *, *, #1084, .F. ) ;
#2388 = CARTESIAN_POINT ( 'NONE',  ( -62.71511110779744058, -1.470058964952609903, 84.73641339162556108 ) ) ;
#2389 = PLANE ( 'NONE',  #1658 ) ;
#2390 = B_SPLINE_CURVE_WITH_KNOTS ( 'NONE', 3,
 ( #1946, #2438, #3587, #3054, #429, #1342, #1568, #3339, #2720, #3035, #720, #2155, #1873, #1062 ),
 .UNSPECIFIED., .F., .F.,
 ( 4, 2, 2, 2, 2, 2, 4 ),
 ( 0.000000000000000000, 0.0002956454720233039945, 0.0005912909440466079889, 0.001182581888093206220, 0.001773872832139804668, 0.002069518304163125901, 0.002365163776186447134 ),
 .UNSPECIFIED. ) ;
#2391 = AXIS2_PLACEMENT_3D ( 'NONE', #1731, #3139, #266 ) ;
#2392 = CARTESIAN_POINT ( 'NONE',  ( -58.81376893779105330, -3.353774320533602804, 85.12382476737310810 ) ) ;
#2393 = DIRECTION ( 'NONE',  ( -0.9702957262759983603, 0.000000000000000000, 0.2419218955996600418 ) ) ;
#2394 = CARTESIAN_POINT ( 'NONE',  ( -92.16171600009533904, -4.235192395342611604, 79.16393399772401551 ) ) ;
#2395 =( BOUNDED_CURVE ( )  B_SPLINE_CURVE ( 3, ( #1182, #2583, #1222, #2373 ),
 .UNSPECIFIED., .F., .T. ) 
 B_SPLINE_CURVE_WITH_KNOTS ( ( 4, 4 ),
 ( 4.712388980384689674, 4.956735075663760703 ),
 .UNSPECIFIED. ) 
 CURVE ( )  GEOMETRIC_REPRESENTATION_ITEM ( )  RATIONAL_B_SPLINE_CURVE ( ( 1.000000000000000000, 0.9950307677608868362, 0.9950307677608868362, 1.000000000000000000 ) ) 
 REPRESENTATION_ITEM ( '' )  );
#2396 = ORIENTED_EDGE ( 'NONE', *, *, #1232, .T. ) ;
#2397 = EDGE_CURVE ( 'NONE', #3316, #3207, #2874, .T. ) ;
#2398 = ORIENTED_EDGE ( 'NONE', *, *, #3058, .T. ) ;
#2399 = CARTESIAN_POINT ( 'NONE',  ( -68.29461663318458875, 3.905479088161875278, 85.31668445613058793 ) ) ;
#2400 = EDGE_CURVE ( 'NONE', #178, #3727, #3062, .T. ) ;
#2401 = ADVANCED_FACE ( 'NONE', ( #3612 ), #3040, .T. ) ;
#2402 = DIRECTION ( 'NONE',  ( 0.6427876096865435818, -0.7660444431189744607, 0.000000000000000000 ) ) ;
#2403 = CARTESIAN_POINT ( 'NONE',  ( -61.14692972212678512, -0.2274971115271960109, 88.23262536388644151 ) ) ;
#2404 = CARTESIAN_POINT ( 'NONE',  ( -59.89259837240598472, -1.900451000626775855, 88.93611242470188927 ) ) ;
#2405 = CARTESIAN_POINT ( 'NONE',  ( -90.25143289251731460, -9.413478849556067729, 77.67705245584927809 ) ) ;
#2406 = ORIENTED_EDGE ( 'NONE', *, *, #1297, .T. ) ;
#2407 = CARTESIAN_POINT ( 'NONE',  ( -74.22763013717252534, 6.493542208635661339, 83.42534603432503104 ) ) ;
#2408 = CARTESIAN_POINT ( 'NONE',  ( -69.00665530887299326, 5.470364273800445432, 86.97375724290232313 ) ) ;
#2409 = VECTOR ( 'NONE', #2596, 1000.000000000000114 ) ;
#2410 = CARTESIAN_POINT ( 'NONE',  ( -87.44455444897830887, -8.021152140644899120, 77.30163110925678893 ) ) ;
#2411 = CARTESIAN_POINT ( 'NONE',  ( -78.77897189369740261, -7.853127127894234505, 85.07833585252834041 ) ) ;
#2412 = ORIENTED_EDGE ( 'NONE', *, *, #3723, .F. ) ;
#2413 = CARTESIAN_POINT ( 'NONE',  ( -63.96054916356376197, -0.1148499200083150651, 79.49896969402001901 ) ) ;
#2414 = CARTESIAN_POINT ( 'NONE',  ( -58.56980505994576447, -3.298794686161497403, 85.09999999999999432 ) ) ;
#2415 = CARTESIAN_POINT ( 'NONE',  ( -93.34634168926996267, -10.47218981584124897, 79.80385008581761497 ) ) ;
#2416 = ORIENTED_EDGE ( 'NONE', *, *, #3636, .T. ) ;
#2417 = ORIENTED_EDGE ( 'NONE', *, *, #2218, .F. ) ;
#2418 = CARTESIAN_POINT ( 'NONE',  ( -91.31713103818887589, -9.221023439186355475, 72.92124173439712820 ) ) ;
#2419 = CARTESIAN_POINT ( 'NONE',  ( -62.30677477895942218, -4.140957184253865719, 88.71969950214634082 ) ) ;
#2420 = CARTESIAN_POINT ( 'NONE',  ( -93.11693083869086252, -8.210115165051858455, 75.54303767315836637 ) ) ;
#2421 = CARTESIAN_POINT ( 'NONE',  ( -65.21311785899332847, 3.674534460459901286, 87.93256431637198034 ) ) ;
#2422 = EDGE_LOOP ( 'NONE', ( #1461, #2125, #489, #618 ) ) ;
#2423 = CARTESIAN_POINT ( 'NONE',  ( -87.75863827734350764, -8.851703320664443098, 80.99383098214647703 ) ) ;
#2424 = CARTESIAN_POINT ( 'NONE',  ( -71.23178361504707823, 7.045674508154571747, 85.70309191225953782 ) ) ;
#2425 = CARTESIAN_POINT ( 'NONE',  ( -90.25993217438988836, -9.415394245449535404, 77.77663605022965498 ) ) ;
#2426 = CARTESIAN_POINT ( 'NONE',  ( -88.91155258985412502, 2.263647664581014407, 79.61214750991956635 ) ) ;
#2427 = EDGE_LOOP ( 'NONE', ( #1553, #998, #612, #459, #404, #2598 ) ) ;
#2428 = CARTESIAN_POINT ( 'NONE',  ( -90.91785806205888321, -6.422886380437295095, 74.55716457604793845 ) ) ;
#2429 = LINE ( 'NONE', #167, #733 ) ;
#2430 = CARTESIAN_POINT ( 'NONE',  ( -93.21492320779240970, -8.042475904732000913, 79.14328949152012171 ) ) ;
#2431 = EDGE_LOOP ( 'NONE', ( #1312, #671 ) ) ;
#2432 = VERTEX_POINT ( 'NONE', #217 ) ;
#2433 = LINE ( 'NONE', #754, #3366 ) ;
#2434 = EDGE_CURVE ( 'NONE', #1319, #3476, #3241, .T. ) ;
#2435 = CARTESIAN_POINT ( 'NONE',  ( -63.04070246010701339, -4.306354930515898793, 88.72834756427364766 ) ) ;
#2436 = CARTESIAN_POINT ( 'NONE',  ( -82.32388425394370302, -8.652007630906780378, 81.80833322681704090 ) ) ;
#2437 = B_SPLINE_CURVE_WITH_KNOTS ( 'NONE', 3,
 ( #1787, #1728, #2876, #298, #603, #1460, #30, #3496, #3215, #2638 ),
 .UNSPECIFIED., .F., .F.,
 ( 4, 2, 2, 2, 4 ),
 ( 0.000000000000000000, 0.0002563184626810186689, 0.0005126369253620373378, 0.0007689553880430560068, 0.001025273850724074676 ),
 .UNSPECIFIED. ) ;
#2438 = CARTESIAN_POINT ( 'NONE',  ( -87.88644963207994465, -7.327677298561959596, 80.48634319473003984 ) ) ;
#2439 = PLANE ( 'NONE',  #462 ) ;
#2440 = ORIENTED_EDGE ( 'NONE', *, *, #1333, .T. ) ;
#2441 = CARTESIAN_POINT ( 'NONE',  ( -71.58268756714166159, -6.231374413495895936, 74.44214641920480346 ) ) ;
#2442 = CARTESIAN_POINT ( 'NONE',  ( -71.54797031935319751, 6.638616499482823841, 86.18117966394657969 ) ) ;
#2443 = CARTESIAN_POINT ( 'NONE',  ( -65.65181898969576935, 10.32832126602183997, 79.49387139160954519 ) ) ;
#2444 = CARTESIAN_POINT ( 'NONE',  ( -76.52115835627458296, -7.344306871945111226, 85.68732815691508620 ) ) ;
#2445 = ORIENTED_EDGE ( 'NONE', *, *, #2672, .T. ) ;
#2446 = DIRECTION ( 'NONE',  ( 0.000000000000000000, 0.000000000000000000, 1.000000000000000000 ) ) ;
#2447 = CARTESIAN_POINT ( 'NONE',  ( -58.56980505994574315, -3.298794686161497403, 85.09999999999999432 ) ) ;
#2448 = CARTESIAN_POINT ( 'NONE',  ( -93.35132379244413414, -9.970257098451645206, 79.73353781616697233 ) ) ;
#2449 = CARTESIAN_POINT ( 'NONE',  ( -91.86359140600954731, -10.12704034945878107, 80.72212235643922895 ) ) ;
#2450 = AXIS2_PLACEMENT_3D ( 'NONE', #2883, #3108, #1678 ) ;
#2451 = VERTEX_POINT ( 'NONE', #3022 ) ;
#2452 = CARTESIAN_POINT ( 'NONE',  ( -91.34644233332130625, -10.26337288176163298, 72.92854986107319348 ) ) ;
#2453 = LINE ( 'NONE', #133, #3643 ) ;
#2454 = CARTESIAN_POINT ( 'NONE',  ( -92.67089933239802235, -4.886881312535319211, 75.02364542673478809 ) ) ;
#2455 = CARTESIAN_POINT ( 'NONE',  ( -70.99859815373700656, 4.760710791070567716, 73.24739720249910135 ) ) ;
#2456 = AXIS2_PLACEMENT_3D ( 'NONE', #1394, #2825, #2515 ) ;
#2457 = CARTESIAN_POINT ( 'NONE',  ( -62.94588614508603541, -1.199999999999999956, 80.99999999999998579 ) ) ;
#2458 = ORIENTED_EDGE ( 'NONE', *, *, #1441, .T. ) ;
#2459 = CARTESIAN_POINT ( 'NONE',  ( -88.12753134322518633, -8.175067558530900058, 76.88948151088739280 ) ) ;
#2460 = CARTESIAN_POINT ( 'NONE',  ( -61.87476208845973247, -0.1280813478841178743, 88.67401386473295588 ) ) ;
#2461 = CARTESIAN_POINT ( 'NONE',  ( -77.67179495408807099, -1.170474289383873101, 83.62598816629372322 ) ) ;
#2462 = CARTESIAN_POINT ( 'NONE',  ( -89.48192995375318048, -10.26514289859506945, 82.37592835939348390 ) ) ;
#2463 = ORIENTED_EDGE ( 'NONE', *, *, #372, .T. ) ;
#2464 = CARTESIAN_POINT ( 'NONE',  ( -91.34644233332127783, -10.26337288175498053, 65.73416240211768979 ) ) ;
#2465 = FACE_OUTER_BOUND ( 'NONE', #6, .T. ) ;
#2466 = CARTESIAN_POINT ( 'NONE',  ( -63.90777062602645486, 2.588038987380889111, 87.69887490561499988 ) ) ;
#2467 = CARTESIAN_POINT ( 'NONE',  ( -92.40232816316363085, -4.186511506644183811, 78.73488707817512022 ) ) ;
#2468 = CARTESIAN_POINT ( 'NONE',  ( -86.68444436803623887, -8.929096949901255797, 83.64763450385747490 ) ) ;
#2469 = ORIENTED_EDGE ( 'NONE', *, *, #2573, .T. ) ;
#2470 = B_SPLINE_CURVE_WITH_KNOTS ( 'NONE', 3,
 ( #494, #3047, #2705, #2405 ),
 .UNSPECIFIED., .F., .F.,
 ( 4, 4 ),
 ( 1.398578778534940505E-17, 0.003272243509239651515 ),
 .UNSPECIFIED. ) ;
#2471 = CARTESIAN_POINT ( 'NONE',  ( -71.05304179559441025, -6.112013583843133091, 84.98854000776999840 ) ) ;
#2472 = ADVANCED_FACE ( 'NONE', ( #3308 ), #1028, .T. ) ;
#2473 = CARTESIAN_POINT ( 'NONE',  ( -62.94588614508603541, -1.200000000000001954, 75.61022507409056459 ) ) ;
#2474 = CARTESIAN_POINT ( 'NONE',  ( -80.58987837855012515, -6.982649406827675875, 82.04152444409054112 ) ) ;
#2475 = CARTESIAN_POINT ( 'NONE',  ( -72.10639824491697425, 5.217130584993546982, 74.76091370419963766 ) ) ;
#2476 = CARTESIAN_POINT ( 'NONE',  ( -68.83864662411423296, 3.642428404968099276, 73.03893693288756594 ) ) ;
#2477 = ORIENTED_EDGE ( 'NONE', *, *, #2691, .F. ) ;
#2478 = CARTESIAN_POINT ( 'NONE',  ( -90.27044261611472109, -9.417762875790327115, 77.66582024078250868 ) ) ;
#2479 = CARTESIAN_POINT ( 'NONE',  ( -59.93437994671332092, -3.606314918296945837, 85.21573231159077011 ) ) ;
#2480 = CARTESIAN_POINT ( 'NONE',  ( -93.32692249335993040, -11.13164939067811154, 79.89999999999888303 ) ) ;
#2481 = CLOSED_SHELL ( 'NONE', ( #2118, #2768, #3693, #555, #3243, #398, #1613, #1129, #1998, #2766, #2783, #1189, #3127, #2196, #514, #3548, #1463, #114, #2375, #273, #2234, #839, #2213, #3482, #3063, #2245, #2257, #1240, #497, #96, #375, #3593, #2868, #3543, #2942, #1758, #1842, #2785, #1923, #1624, #2279, #2401, #2605, #1248, #1824, #1525, #1722, #764, #134, #3011, #614, #2491, #571, #1723, #672, #1422, #90, #1719, #3445, #744, #3641, #1163, #2976, #2894, #2601, #1419, #2472, #210, #400 ) ) ;
#2482 = VECTOR ( 'NONE', #3573, 1000.000000000000227 ) ;
#2483 = ORIENTED_EDGE ( 'NONE', *, *, #3609, .F. ) ;
#2484 = CARTESIAN_POINT ( 'NONE',  ( -64.81115198075632122, 0.7314291375967809650, 84.84974689653317625 ) ) ;
#2485 = DIRECTION ( 'NONE',  ( -0.9478986130028129731, -0.2136181783343416019, 0.2363376680778179195 ) ) ;
#2486 = CARTESIAN_POINT ( 'NONE',  ( -79.10041821291591191, 8.256944053786696713, 82.88906820132378073 ) ) ;
#2487 = CARTESIAN_POINT ( 'NONE',  ( -90.21560772960800989, -10.43048432625139732, 81.08866403628626074 ) ) ;
#2488 = CARTESIAN_POINT ( 'NONE',  ( -62.50065381330021097, 10.40627753084164020, 85.53976867196242040 ) ) ;
#2489 = EDGE_CURVE ( 'NONE', #992, #2117, #1879, .T. ) ;
#2490 = CARTESIAN_POINT ( 'NONE',  ( -61.01381317467843246, -1.199999999999996181, 65.36577601196628962 ) ) ;
#2491 = ADVANCED_FACE ( 'NONE', ( #1067 ), #1235, .F. ) ;
#2492 = CARTESIAN_POINT ( 'NONE',  ( -84.14010407136414926, -7.988287180611770566, 80.69890809605924176 ) ) ;
#2493 = CARTESIAN_POINT ( 'NONE',  ( -71.95208498069757752, 5.158052962453401946, 74.33254899732776266 ) ) ;
#2494 = CARTESIAN_POINT ( 'NONE',  ( -62.86832483376243630, -1.289118713040678266, 80.99999999999998579 ) ) ;
#2495 = ORIENTED_EDGE ( 'NONE', *, *, #1480, .F. ) ;
#2496 = LINE ( 'NONE', #742, #3410 ) ;
#2497 = CARTESIAN_POINT ( 'NONE',  ( -77.24603636685628771, -1.906487190578810553, 83.95536273173244979 ) ) ;
#2498 = CARTESIAN_POINT ( 'NONE',  ( -92.76124695035667855, -10.92009562417692692, 80.28308152110059837 ) ) ;
#2499 = AXIS2_PLACEMENT_3D ( 'NONE', #718, #407, #3032 ) ;
#2500 = VERTEX_POINT ( 'NONE', #2740 ) ;
#2501 = LINE ( 'NONE', #3025, #65 ) ;
#2502 = CARTESIAN_POINT ( 'NONE',  ( -64.80777804666834641, -14.08234068259056926, 79.64066190529230482 ) ) ;
#2503 = AXIS2_PLACEMENT_3D ( 'NONE', #819, #1970, #1848 ) ;
#2504 = CARTESIAN_POINT ( 'NONE',  ( -65.51334663961560523, 1.299999999999999156, 69.72717453017331479 ) ) ;
#2505 = CARTESIAN_POINT ( 'NONE',  ( -91.47916202971337896, -10.71523858594947320, 80.31640290033244867 ) ) ;
#2506 = DIRECTION ( 'NONE',  ( 0.000000000000000000, 1.000000000000000000, 0.000000000000000000 ) ) ;
#2507 = EDGE_CURVE ( 'NONE', #70, #2111, #367, .T. ) ;
#2508 = CARTESIAN_POINT ( 'NONE',  ( -93.24075883475239834, -7.784449556113430368, 79.12089174348524523 ) ) ;
#2509 = ORIENTED_EDGE ( 'NONE', *, *, #1402, .F. ) ;
#2510 = EDGE_CURVE ( 'NONE', #182, #229, #3185, .T. ) ;
#2511 = CARTESIAN_POINT ( 'NONE',  ( -77.56424441702910144, -3.560293922054203808, 82.27155208417026699 ) ) ;
#2512 = CARTESIAN_POINT ( 'NONE',  ( -58.56980505994574315, -3.298794686161497403, 89.09999999999999432 ) ) ;
#2513 = CARTESIAN_POINT ( 'NONE',  ( -60.21652286165581103, -3.669898570276042271, 85.23414329158273972 ) ) ;
#2514 = ORIENTED_EDGE ( 'NONE', *, *, #378, .T. ) ;
#2515 = DIRECTION ( 'NONE',  ( 0.9755345439459622847, 0.2198462043523685960, 0.000000000000000000 ) ) ;
#2516 = CARTESIAN_POINT ( 'NONE',  ( -74.99573948772710708, 8.088519257477944535, 84.91371756008570060 ) ) ;
#2517 = CARTESIAN_POINT ( 'NONE',  ( -61.00398125444029063, -3.509304115086164799, 85.40831505500067067 ) ) ;
#2518 = CARTESIAN_POINT ( 'NONE',  ( -93.11693083869086252, -8.210115165051858455, 79.54303767315836637 ) ) ;
#2519 = CALENDAR_DATE ( 2026, 4, 4 ) ;
#2520 = VECTOR ( 'NONE', #1356, 1000.000000000000114 ) ;
#2521 = ORIENTED_EDGE ( 'NONE', *, *, #3567, .F. ) ;
#2522 = CARTESIAN_POINT ( 'NONE',  ( -78.73134166711440685, 6.275505102820695846, 79.16695446460482799 ) ) ;
#2523 = CARTESIAN_POINT ( 'NONE',  ( -75.24571888415002263, 1.335370750796088554E-14, 82.95275764439759314 ) ) ;
#2524 = CARTESIAN_POINT ( 'NONE',  ( -83.59625484347914437, 7.018453378634534445, 81.13950347528243867 ) ) ;
#2525 = B_SPLINE_CURVE_WITH_KNOTS ( 'NONE', 3,
 ( #1370, #2800, #823, #3027, #1905, #2466, #513, #2765, #3046, #1650, #1595, #2224, #475, #1353, #1618, #3383, #1073, #1315, #2745, #186, #1332, #2486, #3638, #1054, #771, #3068, #3368, #223, #2524, #806, #530, #1665, #2576, #2610, #3131, #1153, #1703, #2310, #1136, #893, #1756, #1417, #3720, #1173, #2866, #2293, #1989, #859 ),
 .UNSPECIFIED., .F., .F.,
 ( 4, 2, 2, 2, 2, 2, 2, 2, 2, 2, 2, 2, 2, 2, 2, 2, 2, 2, 2, 2, 2, 2, 2, 4 ),
 ( 0.000000000000000000, 0.001501811027533232236, 0.003003622055066464472, 0.006007244110132930678, 0.007509055137666163782, 0.009010866165199395150, 0.01201448822026581278, 0.01501811027533223042, 0.01651992130286544444, 0.01802173233039865499, 0.02102535438546503099, 0.02252716541299824154, 0.02402897644053144863, 0.02553078746806466265, 0.02703259849559786973, 0.02853440952313108375, 0.03003622055066429083, 0.03303984260573070847, 0.03604346466079712957, 0.03904708671586354374, 0.04054889774339676123, 0.04205070877092996484, 0.04505433082599639288, 0.04805795288106281399 ),
 .UNSPECIFIED. ) ;
#2526 = CARTESIAN_POINT ( 'NONE',  ( -89.95165389795316457, -9.675282330585586621, 81.87008798255239128 ) ) ;
#2527 = FACE_OUTER_BOUND ( 'NONE', #641, .T. ) ;
#2528 = CARTESIAN_POINT ( 'NONE',  ( -68.53589839458526001, 4.660862988960681186, 85.58761254255001916 ) ) ;
#2529 = CARTESIAN_POINT ( 'NONE',  ( -59.87430619141368027, -1.744150776235389388, 88.66525766674098463 ) ) ;
#2530 = EDGE_LOOP ( 'NONE', ( #2990, #3228, #1562, #1952 ) ) ;
#2531 = CARTESIAN_POINT ( 'NONE',  ( -77.62873918676092444, 7.091179111388031586, 80.10918026443529527 ) ) ;
#2532 = CARTESIAN_POINT ( 'NONE',  ( -71.03569882670508662, -6.108105177004866881, 71.10405157197706671 ) ) ;
#2533 = CARTESIAN_POINT ( 'NONE',  ( -71.78042812865932376, 23.79604197753717543, 77.37552593746103469 ) ) ;
#2534 = CARTESIAN_POINT ( 'NONE',  ( -79.47990186782158162, -12.87027948883124928, 77.68287202317333140 ) ) ;
#2535 = EDGE_CURVE ( 'NONE', #934, #2688, #315, .T. ) ;
#2536 = CARTESIAN_POINT ( 'NONE',  ( -74.27612943620340502, -1.551601384942085549, 84.84998192004184148 ) ) ;
#2537 = CARTESIAN_POINT ( 'NONE',  ( -82.29089039590043342, 3.324701159956279461, 82.76422186162839978 ) ) ;
#2538 = DIRECTION ( 'NONE',  ( 0.000000000000000000, 0.000000000000000000, 1.000000000000000000 ) ) ;
#2539 = EDGE_LOOP ( 'NONE', ( #2774, #1843, #359, #2396 ) ) ;
#2540 = CARTESIAN_POINT ( 'NONE',  ( -80.53745410404026472, 5.994786107115679386, 78.48125491951383026 ) ) ;
#2541 = DIRECTION ( 'NONE',  ( 0.9271838545667869802, 0.000000000000000000, 0.3746065934159131805 ) ) ;
#2542 = CARTESIAN_POINT ( 'NONE',  ( -72.95467235323225452, 5.535699266180699851, 71.58250540885501323 ) ) ;
#2543 = PLANE ( 'NONE',  #1689 ) ;
#2544 = CARTESIAN_POINT ( 'NONE',  ( -66.22067063949540966, -3.371507384021699139, 86.90746474236814834 ) ) ;
#2545 = CARTESIAN_POINT ( 'NONE',  ( -80.22118742909414379, -7.429285063332435435, 84.89545126154727939 ) ) ;
#2546 = CARTESIAN_POINT ( 'NONE',  ( -59.13884917342934955, -2.620634319592429762, 88.76566870095277295 ) ) ;
#2547 = CARTESIAN_POINT ( 'NONE',  ( -76.72887912827593482, -7.391118769670326216, 83.63851536328957081 ) ) ;
#2548 = EDGE_CURVE ( 'NONE', #3595, #1483, #1901, .T. ) ;
#2549 = CARTESIAN_POINT ( 'NONE',  ( -89.98829807961244853, -1.982617286596655592, 77.88135191948079239 ) ) ;
#2550 = CARTESIAN_POINT ( 'NONE',  ( -74.25881157512392861, 5.886820268554866509, 73.42560434535501201 ) ) ;
#2551 = CARTESIAN_POINT ( 'NONE',  ( -73.75407218778217100, -0.1503278723434144926, 84.69910008548329472 ) ) ;
#2552 = CARTESIAN_POINT ( 'NONE',  ( -82.73702093759142429, -7.574884308382773490, 85.25484731937913807 ) ) ;
#2553 = ORIENTED_EDGE ( 'NONE', *, *, #239, .F. ) ;
#2554 = CARTESIAN_POINT ( 'NONE',  ( -76.82993680722512408, 6.814609605435711259, 80.44588132617509757 ) ) ;
#2555 = VECTOR ( 'NONE', #1768, 1000.000000000000000 ) ;
#2556 = CARTESIAN_POINT ( 'NONE',  ( -68.31436842788394870, -12.87027948883124928, 81.54691951274104156 ) ) ;
#2557 = CARTESIAN_POINT ( 'NONE',  ( -67.44419033447681500, -5.298723782136477212, 88.55572524025342318 ) ) ;
#2558 = VECTOR ( 'NONE', #78, 1000.000000000000114 ) ;
#2559 = CARTESIAN_POINT ( 'NONE',  ( -88.61640360443823283, 3.104175318749166745, 75.61760683415263884 ) ) ;
#2560 = SECURITY_CLASSIFICATION ( '', '', #1951 ) ;
#2561 = CARTESIAN_POINT ( 'NONE',  ( -93.71668800240529151, 1.514806090681238837, 74.92500753810942626 ) ) ;
#2562 = CARTESIAN_POINT ( 'NONE',  ( -70.23334728866744570, 0.8195287925930093698, 82.95972490985749914 ) ) ;
#2563 = CARTESIAN_POINT ( 'NONE',  ( -84.71519259344476893, 6.442047806436169033, 80.81175099819043339 ) ) ;
#2564 = ORIENTED_EDGE ( 'NONE', *, *, #3523, .T. ) ;
#2565 = CARTESIAN_POINT ( 'NONE',  ( -84.38318229136589821, 4.989102118668228059, 79.48602672422084936 ) ) ;
#2566 = CARTESIAN_POINT ( 'NONE',  ( -61.55682615019023274, -0.4977585275588531921, 88.72927741093599252 ) ) ;
#2567 = AXIS2_PLACEMENT_3D ( 'NONE', #2621, #3462, #868 ) ;
#2568 = DIRECTION ( 'NONE',  ( 0.000000000000000000, 1.000000000000000000, 0.000000000000000000 ) ) ;
#2569 = B_SPLINE_CURVE_WITH_KNOTS ( 'NONE', 3,
 ( #1999, #591, #1711, #540 ),
 .UNSPECIFIED., .F., .F.,
 ( 4, 4 ),
 ( 0.000000000000000000, 0.003322877436177930268 ),
 .UNSPECIFIED. ) ;
#2570 = B_SPLINE_CURVE_WITH_KNOTS ( 'NONE', 3,
 ( #370, #1555, #1777, #2966, #347, #2926, #990, #2905 ),
 .UNSPECIFIED., .F., .F.,
 ( 4, 2, 2, 4 ),
 ( 0.000000000000000000, 0.0003473715613894402159, 0.0006947431227788804318, 0.001389486245557759996 ),
 .UNSPECIFIED. ) ;
#2571 = CARTESIAN_POINT ( 'NONE',  ( -93.11382624099432803, -10.44535554431281632, 79.94907720921000305 ) ) ;
#2572 = CARTESIAN_POINT ( 'NONE',  ( -80.19778238522553693, -4.223845596663293733, 85.40772121557031937 ) ) ;
#2573 = EDGE_CURVE ( 'NONE', #2779, #2352, #576, .T. ) ;
#2574 = EDGE_LOOP ( 'NONE', ( #336, #2131, #1236, #21 ) ) ;
#2575 = CARTESIAN_POINT ( 'NONE',  ( -85.76053161281160442, 3.145147887310364876, 76.38038334487011127 ) ) ;
#2576 = CARTESIAN_POINT ( 'NONE',  ( -86.01737055852476033, 5.538146128861141548, 80.21728101985175385 ) ) ;
#2577 = CARTESIAN_POINT ( 'NONE',  ( -68.53913238393349161, 3.463754997429317584, 82.10322982548110815 ) ) ;
#2578 = EDGE_CURVE ( 'NONE', #961, #2265, #1534, .T. ) ;
#2579 = CARTESIAN_POINT ( 'NONE',  ( -65.21311785899332847, 3.674534460459901286, 83.93256431637196613 ) ) ;
#2580 = CARTESIAN_POINT ( 'NONE',  ( -92.48994626842183209, -7.890688473531385583, 77.75767762795490512 ) ) ;
#2581 = CARTESIAN_POINT ( 'NONE',  ( -80.98349228682594969, 7.545334732866258776, 82.64598512478400494 ) ) ;
#2582 = ORIENTED_EDGE ( 'NONE', *, *, #2238, .T. ) ;
#2583 = CARTESIAN_POINT ( 'NONE',  ( -60.98175919087272234, -3.842352025107839353, 65.35983515722148240 ) ) ;
#2584 = ORIENTED_EDGE ( 'NONE', *, *, #1285, .T. ) ;
#2585 = CARTESIAN_POINT ( 'NONE',  ( -70.80310638391166833, -6.055688206199868695, 70.26535031824579391 ) ) ;
#2586 = EDGE_CURVE ( 'NONE', #2372, #2239, #188, .T. ) ;
#2587 = LINE ( 'NONE', #1464, #1123 ) ;
#2588 = CARTESIAN_POINT ( 'NONE',  ( -74.61512652658299771, 5.968056863365379883, 71.99650313170920413 ) ) ;
#2589 = CARTESIAN_POINT ( 'NONE',  ( -74.82823130509557075, -2.081490903028604400, 84.80515591143192466 ) ) ;
#2590 = LINE ( 'NONE', #2989, #2626 ) ;
#2591 = CARTESIAN_POINT ( 'NONE',  ( -84.73105085694064087, -2.094796407257038862, 82.74428791097824387 ) ) ;
#2592 = ORIENTED_EDGE ( 'NONE', *, *, #3335, .T. ) ;
#2593 = CARTESIAN_POINT ( 'NONE',  ( -80.69184496151416397, 6.470527112194812247, 78.94185635103195864 ) ) ;
#2594 = DIRECTION ( 'NONE',  ( 0.9271838545667874243, 0.000000000000000000, 0.3746065934159119593 ) ) ;
#2595 = CARTESIAN_POINT ( 'NONE',  ( -62.29794203934189767, -4.138966640408588304, 89.33143344087784499 ) ) ;
#2596 = DIRECTION ( 'NONE',  ( 0.08502343775359195999, 0.01916085923062318258, -0.9961946980917461003 ) ) ;
#2597 = CARTESIAN_POINT ( 'NONE',  ( -81.81237844557487904, 7.716506368126745841, 81.83555921184647275 ) ) ;
#2598 = ORIENTED_EDGE ( 'NONE', *, *, #1956, .F. ) ;
#2599 = DIRECTION ( 'NONE',  ( 0.000000000000000000, 1.000000000000000000, 0.000000000000000000 ) ) ;
#2600 = ORIENTED_EDGE ( 'NONE', *, *, #3636, .F. ) ;
#2601 = ADVANCED_FACE ( 'NONE', ( #853 ), #2002, .F. ) ;
#2602 = DIRECTION ( 'NONE',  ( 0.000000000000000000, 0.000000000000000000, 1.000000000000000000 ) ) ;
#2603 = FACE_OUTER_BOUND ( 'NONE', #811, .T. ) ;
#2604 = CARTESIAN_POINT ( 'NONE',  ( -81.31664195182179355, -8.425015774630375986, 80.92136700032666852 ) ) ;
#2605 = ADVANCED_FACE ( 'NONE', ( #2021 ), #817, .T. ) ;
#2606 = CARTESIAN_POINT ( 'NONE',  ( -74.18392405028889414, -1.426687566624275316, 84.84919856415382355 ) ) ;
#2607 = CARTESIAN_POINT ( 'NONE',  ( -81.95844900600116034, 7.692054542360181379, 82.19070448630800740 ) ) ;
#2608 = VERTEX_POINT ( 'NONE', #1449 ) ;
#2609 = CARTESIAN_POINT ( 'NONE',  ( -67.75389855934398042, 3.638720033647464991, 83.46942997450685198 ) ) ;
#2610 = CARTESIAN_POINT ( 'NONE',  ( -87.13783597761620570, 4.627696123363328695, 79.80910403042284429 ) ) ;
#2611 = VERTEX_POINT ( 'NONE', #1168 ) ;
#2612 = DIRECTION ( 'NONE',  ( 0.000000000000000000, -1.000000000000000000, 0.000000000000000000 ) ) ;
#2613 = CARTESIAN_POINT ( 'NONE',  ( -69.83368121662448402, 3.442280765092196937, 83.04869921205410321 ) ) ;
#2614 = CARTESIAN_POINT ( 'NONE',  ( -65.94669291534533784, -3.682912704693324546, 84.84882976932274801 ) ) ;
#2615 = CARTESIAN_POINT ( 'NONE',  ( -87.03278690580818022, 4.332404123515206429, 80.24433248828516696 ) ) ;
#2616 = ORIENTED_EDGE ( 'NONE', *, *, #1338, .T. ) ;
#2617 = CARTESIAN_POINT ( 'NONE',  ( -83.34778806306700005, -12.87027948883124928, 74.17380019210627040 ) ) ;
#2618 = VERTEX_POINT ( 'NONE', #3091 ) ;
#2619 = CARTESIAN_POINT ( 'NONE',  ( -77.19013653977160061, 1.168737412160350431, 83.29192408579883988 ) ) ;
#2620 = EDGE_CURVE ( 'NONE', #1201, #70, #525, .T. ) ;
#2621 = CARTESIAN_POINT ( 'NONE',  ( -62.92273950908366942, -3.254691805512818892, 84.47559016942116727 ) ) ;
#2622 = LINE ( 'NONE', #2336, #2682 ) ;
#2623 = CARTESIAN_POINT ( 'NONE',  ( -93.32692249335993040, -11.13164939067811510, 75.89999999999888303 ) ) ;
#2624 = CARTESIAN_POINT ( 'NONE',  ( -60.55496521734123405, -1.200377562676164356, 88.84414214947666721 ) ) ;
#2625 = EDGE_LOOP ( 'NONE', ( #2412, #873, #1533 ) ) ;
#2626 = VECTOR ( 'NONE', #3520, 1000.000000000000114 ) ;
#2627 = CARTESIAN_POINT ( 'NONE',  ( -82.75743387220752822, 5.883945565330177097, 80.13836127233197715 ) ) ;
#2628 = CARTESIAN_POINT ( 'NONE',  ( -79.25513791177203871, -7.960435774598935588, 77.12656171043326481 ) ) ;
#2629 = SPHERICAL_SURFACE ( 'NONE', #851, 0.5000000000000000000 ) ;
#2630 = VERTEX_POINT ( 'NONE', #387 ) ;
#2631 = DIRECTION ( 'NONE',  ( 0.000000000000000000, -0.000000000000000000, 1.000000000000000000 ) ) ;
#2632 =( BOUNDED_CURVE ( )  B_SPLINE_CURVE ( 3, ( #421, #3235, #1828, #1316 ),
 .UNSPECIFIED., .F., .T. ) 
 B_SPLINE_CURVE_WITH_KNOTS ( ( 4, 4 ),
 ( 4.956735075666402146, 7.068583470575111605 ),
 .UNSPECIFIED. ) 
 CURVE ( )  GEOMETRIC_REPRESENTATION_ITEM ( )  RATIONAL_B_SPLINE_CURVE ( ( 1.000000000000000000, 0.6616157067369297096, 0.6616157067369297096, 1.000000000000000000 ) ) 
 REPRESENTATION_ITEM ( '' )  );
#2633 = CARTESIAN_POINT ( 'NONE',  ( -63.11546111273408144, 1.352397130924233082, 84.43245091078509290 ) ) ;
#2634 = CARTESIAN_POINT ( 'NONE',  ( -88.39082434737262872, -8.234403343264141029, 76.71487212763840091 ) ) ;
#2635 = AXIS2_PLACEMENT_3D ( 'NONE', #3057, #1627, #3324 ) ;
#2636 = CARTESIAN_POINT ( 'NONE',  ( -84.82310404979757834, 6.353767210379839270, 80.66661965119939737 ) ) ;
#2637 = VERTEX_POINT ( 'NONE', #2403 ) ;
#2638 = CARTESIAN_POINT ( 'NONE',  ( -59.09736733651919138, -2.670070447756103249, 85.03257094275362249 ) ) ;
#2639 = EDGE_LOOP ( 'NONE', ( #1344, #2033, #1183, #3608, #1406 ) ) ;
#2640 = CARTESIAN_POINT ( 'NONE',  ( -74.69259001419345623, 1.656559526538856186, 84.04891474935767803 ) ) ;
#2641 = CARTESIAN_POINT ( 'NONE',  ( -93.32162662527267116, -10.68369507468114676, 75.85201340367351008 ) ) ;
#2642 = CARTESIAN_POINT ( 'NONE',  ( -58.56980505994575736, -3.298794686161497403, 85.09999999999999432 ) ) ;
#2643 = FACE_OUTER_BOUND ( 'NONE', #2109, .T. ) ;
#2644 = CARTESIAN_POINT ( 'NONE',  ( -67.39154487528563209, -2.708926338974533721, 88.62495135781387035 ) ) ;
#2645 = EDGE_CURVE ( 'NONE', #975, #843, #1550, .T. ) ;
#2646 = ORIENTED_EDGE ( 'NONE', *, *, #2804, .F. ) ;
#2647 = CARTESIAN_POINT ( 'NONE',  ( -91.86693483555939110, -9.900201048287508243, 76.64069681646007837 ) ) ;
#2648 = CARTESIAN_POINT ( 'NONE',  ( -87.42726464537877007, 1.300000000000002487, 71.95138911535096327 ) ) ;
#2649 = CARTESIAN_POINT ( 'NONE',  ( -65.70094872917626105, -4.905867319421169270, 85.18178705073435708 ) ) ;
#2650 = PLANE ( 'NONE',  #3130 ) ;
#2651 = VERTEX_POINT ( 'NONE', #1205 ) ;
#2652 = LINE ( 'NONE', #956, #1035 ) ;
#2653 = CARTESIAN_POINT ( 'NONE',  ( -83.34778806306700005, 4.891044643327314034, 74.17380019210627040 ) ) ;
#2654 = DIRECTION ( 'NONE',  ( 0.000000000000000000, -1.000000000000000000, 0.000000000000000000 ) ) ;
#2655 = CARTESIAN_POINT ( 'NONE',  ( -87.83206952926767030, 3.941051205445783800, 79.56944448534871128 ) ) ;
#2656 =( BOUNDED_CURVE ( )  B_SPLINE_CURVE ( 3, ( #619, #3438, #2089, #3156 ),
 .UNSPECIFIED., .F., .T. ) 
 B_SPLINE_CURVE_WITH_KNOTS ( ( 4, 4 ),
 ( 4.468042885110595108, 6.038839211901745330 ),
 .UNSPECIFIED. ) 
 CURVE ( )  GEOMETRIC_REPRESENTATION_ITEM ( )  RATIONAL_B_SPLINE_CURVE ( ( 1.000000000000000000, 0.8047378541252481199, 0.8047378541252481199, 1.000000000000000000 ) ) 
 REPRESENTATION_ITEM ( '' )  );
#2657 = VERTEX_POINT ( 'NONE', #363 ) ;
#2658 = CARTESIAN_POINT ( 'NONE',  ( -56.35099084416960125, -2.798763306924835437, 84.71746585798778995 ) ) ;
#2659 = ORIENTED_EDGE ( 'NONE', *, *, #669, .T. ) ;
#2660 = VECTOR ( 'NONE', #679, 999.9999999999998863 ) ;
#2661 = VECTOR ( 'NONE', #547, 1000.000000000000000 ) ;
#2662 = DIRECTION ( 'NONE',  ( 0.000000000000000000, 0.000000000000000000, 1.000000000000000000 ) ) ;
#2663 = CARTESIAN_POINT ( 'NONE',  ( -63.26968088472326457, -2.723667770940637389, 87.00974338772908823 ) ) ;
#2664 = LINE ( 'NONE', #341, #1466 ) ;
#2665 = CARTESIAN_POINT ( 'NONE',  ( -67.51307277128975670, 2.583258195372404753, 87.64806005337952399 ) ) ;
#2666 = CARTESIAN_POINT ( 'NONE',  ( 11.25570708026492284, 12.43706408612037784, 47.34696086036728957 ) ) ;
#2667 = ORIENTED_EDGE ( 'NONE', *, *, #3292, .T. ) ;
#2668 = CARTESIAN_POINT ( 'NONE',  ( -69.31064467690755748, 4.562231309977330618, 83.02238588648891948 ) ) ;
#2669 = CARTESIAN_POINT ( 'NONE',  ( -73.91901145314361088, 7.869753189709654428, 84.79873236263298963 ) ) ;
#2670 = CARTESIAN_POINT ( 'NONE',  ( -63.26968088472326457, -2.723667770940637389, 87.00974338772908823 ) ) ;
#2671 = LINE ( 'NONE', #2988, #193 ) ;
#2672 = EDGE_CURVE ( 'NONE', #595, #2630, #2026, .T. ) ;
#2673 = ORIENTED_EDGE ( 'NONE', *, *, #2116, .F. ) ;
#2674 = CARTESIAN_POINT ( 'NONE',  ( -65.46997030961226471, 1.279385139515538672, 83.72609856590240440 ) ) ;
#2675 = CARTESIAN_POINT ( 'NONE',  ( -59.26046024518517186, -2.998508290433296697, 85.07310704621359321 ) ) ;
#2676 = EDGE_CURVE ( 'NONE', #299, #2838, #1662, .T. ) ;
#2677 = DIRECTION ( 'NONE',  ( -0.000000000000000000, -1.000000000000000000, -0.000000000000000000 ) ) ;
#2678 = DIRECTION ( 'NONE',  ( 0.9702957262759995816, -0.000000000000000000, -0.2419218955996552956 ) ) ;
#2679 = VERTEX_POINT ( 'NONE', #3219 ) ;
#2680 = LINE ( 'NONE', #1617, #1604 ) ;
#2681 = VERTEX_POINT ( 'NONE', #905 ) ;
#2682 = VECTOR ( 'NONE', #1732, 1000.000000000000000 ) ;
#2683 = CARTESIAN_POINT ( 'NONE',  ( -89.93725136340648874, -3.176227106275604672, 72.57719909091970578 ) ) ;
#2684 = CARTESIAN_POINT ( 'NONE',  ( -82.89201226698770597, -8.780040808227488114, 80.17772838762115839 ) ) ;
#2685 = B_SPLINE_CURVE_WITH_KNOTS ( 'NONE', 3,
 ( #1465, #592, #3521, #1751 ),
 .UNSPECIFIED., .F., .F.,
 ( 4, 4 ),
 ( 0.000000000000000000, 0.003000334023798574990 ),
 .UNSPECIFIED. ) ;
#2686 = CARTESIAN_POINT ( 'NONE',  ( -61.18302222159698545, -0.1844837456189377944, 84.72643468610804973 ) ) ;
#2687 = CARTESIAN_POINT ( 'NONE',  ( -62.15641012916262298, -4.107071046925353741, 89.32835268224093284 ) ) ;
#2688 = VERTEX_POINT ( 'NONE', #1530 ) ;
#2689 = CARTESIAN_POINT ( 'NONE',  ( -72.14632444423132540, -6.358395469629973817, 68.92213225792613684 ) ) ;
#2690 = CARTESIAN_POINT ( 'NONE',  ( -63.89408683007116707, 2.576027619722292439, 87.70179924703137431 ) ) ;
#2691 = EDGE_CURVE ( 'NONE', #79, #1608, #3239, .T. ) ;
#2692 = CARTESIAN_POINT ( 'NONE',  ( -63.16123296450749791, -3.245615113908942639, 87.11208178762333887 ) ) ;
#2693 = FACE_OUTER_BOUND ( 'NONE', #1708, .T. ) ;
#2694 = ORIENTED_EDGE ( 'NONE', *, *, #3726, .T. ) ;
#2695 = CARTESIAN_POINT ( 'NONE',  ( -64.87949246734642372, 0.7692154279695850860, 83.93042735870022852 ) ) ;
#2696 = CARTESIAN_POINT ( 'NONE',  ( -60.73483419446170473, -3.568265638639573911, 85.22034710405658586 ) ) ;
#2697 = CARTESIAN_POINT ( 'NONE',  ( -60.17538338888086002, -2.115561995813493468, 88.94942924289247799 ) ) ;
#2698 = CARTESIAN_POINT ( 'NONE',  ( -93.33454845036645509, -9.476377313753795661, 79.65717934422134761 ) ) ;
#2699 = VERTEX_POINT ( 'NONE', #667 ) ;
#2700 = ORIENTED_EDGE ( 'NONE', *, *, #3547, .T. ) ;
#2701 = CARTESIAN_POINT ( 'NONE',  ( -90.61484496596703764, -5.127604958530876722, 72.74614215058544175 ) ) ;
#2702 = DIRECTION ( 'NONE',  ( -0.2198462043528370824, 0.9755345439458565915, 0.000000000000000000 ) ) ;
#2703 = DIRECTION ( 'NONE',  ( 0.9755345439459625068, 0.2198462043523674025, 0.000000000000000000 ) ) ;
#2704 = CARTESIAN_POINT ( 'NONE',  ( -59.26046024518517186, -2.998508290433296697, 89.07310704621360742 ) ) ;
#2705 = CARTESIAN_POINT ( 'NONE',  ( -89.32944324022439275, -9.205699507689487859, 78.22161178007708315 ) ) ;
#2706 = VERTEX_POINT ( 'NONE', #607 ) ;
#2707 = CARTESIAN_POINT ( 'NONE',  ( -87.37291886846585953, -8.764777697668158396, 78.37148712298059650 ) ) ;
#2708 = CARTESIAN_POINT ( 'NONE',  ( -62.52379054608321951, 1.286206989527165723, 88.48614129052087662 ) ) ;
#2709 = CARTESIAN_POINT ( 'NONE',  ( -60.65746992312944030, -3.144501469761915580, 87.13294392519352982 ) ) ;
#2710 = CARTESIAN_POINT ( 'NONE',  ( -80.55400986113228612, -8.253149210293726057, 84.49452756270189013 ) ) ;
#2711 = ORIENTED_EDGE ( 'NONE', *, *, #1040, .F. ) ;
#2712 = CARTESIAN_POINT ( 'NONE',  ( -60.99716820953260310, -0.7329542293423345622, 84.77880023194123282 ) ) ;
#2713 = COORDINATED_UNIVERSAL_TIME_OFFSET ( 1, 0, .AHEAD. ) ;
#2714 = CARTESIAN_POINT ( 'NONE',  ( -92.80097404945230721, -5.612448804975337602, 78.83320985647765156 ) ) ;
#2715 = VERTEX_POINT ( 'NONE', #3244 ) ;
#2716 = ORIENTED_EDGE ( 'NONE', *, *, #2073, .F. ) ;
#2717 = CARTESIAN_POINT ( 'NONE',  ( -59.48038955807705008, -2.991464252601521601, 88.57101345230911704 ) ) ;
#2718 = CARTESIAN_POINT ( 'NONE',  ( -67.44419033448977530, -5.298723782139332705, 88.55572524027171255 ) ) ;
#2719 = CARTESIAN_POINT ( 'NONE',  ( -91.84748799697484856, -6.237913784810809048, 75.79384850732226653 ) ) ;
#2720 = CARTESIAN_POINT ( 'NONE',  ( -87.55690376714477452, -8.592934396924560403, 79.99117727599931982 ) ) ;
#2721 = EDGE_LOOP ( 'NONE', ( #1141, #3373, #58, #2673, #1822, #1251 ) ) ;
#2722 = CARTESIAN_POINT ( 'NONE',  ( -68.65723020903567431, 5.855771130371538291, 86.48982935223662594 ) ) ;
#2723 = CARTESIAN_POINT ( 'NONE',  ( -66.06773102071639414, -3.890195651989409864, 86.71932607728008691 ) ) ;
#2724 = CARTESIAN_POINT ( 'NONE',  ( -91.51477575457016655, -2.391007928491414081, 79.11698319594366069 ) ) ;
#2725 = ORIENTED_EDGE ( 'NONE', *, *, #1563, .F. ) ;
#2726 = CARTESIAN_POINT ( 'NONE',  ( -90.89311281050379421, -6.024215629180731391, 84.84974689653317625 ) ) ;
#2727 = CARTESIAN_POINT ( 'NONE',  ( -65.22605365046615589, -3.153079045174034700, 86.97103357026698234 ) ) ;
#2728 = CARTESIAN_POINT ( 'NONE',  ( -92.25054275704759732, -3.703534244499645300, 78.99591556013039906 ) ) ;
#2729 = LINE ( 'NONE', #1336, #1881 ) ;
#2730 = ORIENTED_EDGE ( 'NONE', *, *, #1268, .F. ) ;
#2731 = FACE_OUTER_BOUND ( 'NONE', #2422, .T. ) ;
#2732 = CARTESIAN_POINT ( 'NONE',  ( -79.25990554701901658, 6.226196289404462902, 75.43120716471992182 ) ) ;
#2733 = CARTESIAN_POINT ( 'NONE',  ( -93.37843419622880958, -10.08271303861092072, 75.76585150138342328 ) ) ;
#2734 = CARTESIAN_POINT ( 'NONE',  ( -69.81605787990891088, 4.185226269944005040, 72.89214641920479210 ) ) ;
#2735 = CARTESIAN_POINT ( 'NONE',  ( -66.12086164337155481, -3.766833501143586282, 87.00176332253384714 ) ) ;
#2736 = AXIS2_PLACEMENT_3D ( 'NONE', #103, #369, #2177 ) ;
#2737 = ORIENTED_EDGE ( 'NONE', *, *, #2342, .T. ) ;
#2738 = CARTESIAN_POINT ( 'NONE',  ( -68.31436842788394870, -12.87027948883124928, 81.54691951274104156 ) ) ;
#2739 = CARTESIAN_POINT ( 'NONE',  ( -63.95955725164520800, 2.632788563345067168, 88.20137167830937130 ) ) ;
#2740 = CARTESIAN_POINT ( 'NONE',  ( -79.70802726709095509, -8.062498798788858778, 81.58433615301922259 ) ) ;
#2741 = CARTESIAN_POINT ( 'NONE',  ( -93.32692249335993040, -11.13164939067811154, 79.89999999999888303 ) ) ;
#2742 = VERTEX_POINT ( 'NONE', #1508 ) ;
#2743 = CARTESIAN_POINT ( 'NONE',  ( -65.94236840266289335, -3.860097880033037221, 85.24585008439831313 ) ) ;
#2744 = CARTESIAN_POINT ( 'NONE',  ( -59.93914704407034577, -21.70021269788773211, 90.17858223127177553 ) ) ;
#2745 = CARTESIAN_POINT ( 'NONE',  ( -75.38671562056809705, 8.150239835396480004, 84.27747826585519419 ) ) ;
#2746 = EDGE_CURVE ( 'NONE', #1932, #1383, #2940, .T. ) ;
#2747 = FACE_OUTER_BOUND ( 'NONE', #3439, .T. ) ;
#2748 = VECTOR ( 'NONE', #3458, 1000.000000000000000 ) ;
#2749 = CARTESIAN_POINT ( 'NONE',  ( 11.77277965804892368, 10.00000000000000000, 47.21804018722344409 ) ) ;
#2750 = VERTEX_POINT ( 'NONE', #54 ) ;
#2751 = DIRECTION ( 'NONE',  ( -0.3732787861277738206, -0.08412200757512104665, 0.9238974162040430871 ) ) ;
#2752 = DIRECTION ( 'NONE',  ( 0.000000000000000000, 0.000000000000000000, -1.000000000000000000 ) ) ;
#2753 = CARTESIAN_POINT ( 'NONE',  ( -86.64692466871916565, -6.830953919187933820, 78.98649587204890565 ) ) ;
#2754 = CARTESIAN_POINT ( 'NONE',  ( -63.79742936927326724, -1.199999999999999956, 80.99999999999998579 ) ) ;
#2755 = AXIS2_PLACEMENT_3D ( 'NONE', #102, #3039, #140 ) ;
#2756 = CARTESIAN_POINT ( 'NONE',  ( -76.40176323921157575, 22.75457913092904150, 76.55879833974131543 ) ) ;
#2757 = ORIENTED_EDGE ( 'NONE', *, *, #1204, .T. ) ;
#2758 = CARTESIAN_POINT ( 'NONE',  ( -86.97160752653027771, -8.674338280800963474, 77.72332935013912447 ) ) ;
#2759 = CARTESIAN_POINT ( 'NONE',  ( -79.47990186782158162, 6.190232089234819490, 77.68287202317333140 ) ) ;
#2760 = CARTESIAN_POINT ( 'NONE',  ( -88.54024495050948929, -7.879791767565806460, 82.20159287602234599 ) ) ;
#2761 = ORIENTED_EDGE ( 'NONE', *, *, #2096, .F. ) ;
#2762 = CARTESIAN_POINT ( 'NONE',  ( -89.13306161974608699, -1.394265169071597477, 75.02626427745637727 ) ) ;
#2763 = CARTESIAN_POINT ( 'NONE',  ( -62.91386990462982709, -22.37059544747232920, 89.89264633184066611 ) ) ;
#2764 = EDGE_CURVE ( 'NONE', #73, #1025, #2664, .T. ) ;
#2765 = CARTESIAN_POINT ( 'NONE',  ( -65.83011015926147991, 4.076399974352427513, 87.24759016903942666 ) ) ;
#2766 = ADVANCED_FACE ( 'NONE', ( #624, #3522, #2053, #1266 ), #948, .F. ) ;
#2767 = CARTESIAN_POINT ( 'NONE',  ( -91.82693058139352615, -10.79361161390578339, 80.91188410361257866 ) ) ;
#2768 = ADVANCED_FACE ( 'NONE', ( #1487 ), #966, .F. ) ;
#2769 = DIRECTION ( 'NONE',  ( 0.000000000000000000, 1.000000000000000000, 0.000000000000000000 ) ) ;
#2770 = CARTESIAN_POINT ( 'NONE',  ( -66.20354266578398494, -3.994052728922010242, 88.49465935056034027 ) ) ;
#2771 = CARTESIAN_POINT ( 'NONE',  ( -85.98507779123997352, 5.586722070452992739, 76.57333065721175558 ) ) ;
#2772 = CARTESIAN_POINT ( 'NONE',  ( -71.33596374651781957, 4.907208545456604121, 73.51143635560492839 ) ) ;
#2773 = CARTESIAN_POINT ( 'NONE',  ( -66.20354266578398494, -3.994052728922010242, 88.49465935056034027 ) ) ;
#2774 = ORIENTED_EDGE ( 'NONE', *, *, #492, .T. ) ;
#2775 = CARTESIAN_POINT ( 'NONE',  ( -90.17654460214360768, -8.890075692493411452, 75.52678173457557875 ) ) ;
#2776 = CARTESIAN_POINT ( 'NONE',  ( -76.24395560239396730, -2.404897549329724438, 84.42505524786524518 ) ) ;
#2777 = CARTESIAN_POINT ( 'NONE',  ( -91.63733849728721736, -1.861431781149036180, 78.92777093004072242 ) ) ;
#2778 = CALENDAR_DATE ( 2026, 4, 4 ) ;
#2779 = VERTEX_POINT ( 'NONE', #2114 ) ;
#2780 = CARTESIAN_POINT ( 'NONE',  ( -91.34444921637680181, -9.813093997743317587, 84.84974689653317625 ) ) ;
#2781 = CARTESIAN_POINT ( 'NONE',  ( -89.39140164778658004, 19.82723768744005355, 71.28407825352886107 ) ) ;
#2782 = FACE_OUTER_BOUND ( 'NONE', #639, .T. ) ;
#2783 = ADVANCED_FACE ( 'NONE', ( #3263 ), #3554, .F. ) ;
#2784 = CARTESIAN_POINT ( 'NONE',  ( -85.43392387456037795, 1.300000000000000044, 74.69393226764552196 ) ) ;
#2785 = ADVANCED_FACE ( 'NONE', ( #354 ), #2369, .F. ) ;
#2786 = EDGE_CURVE ( 'NONE', #229, #2681, #858, .T. ) ;
#2787 = CARTESIAN_POINT ( 'NONE',  ( -62.19110169245635689, 8.845466428377916301, 85.67559639730258425 ) ) ;
#2788 = CARTESIAN_POINT ( 'NONE',  ( -81.95844900600116034, 7.692054542360181379, 78.19070448630800740 ) ) ;
#2789 = ORIENTED_EDGE ( 'NONE', *, *, #185, .F. ) ;
#2790 = CARTESIAN_POINT ( 'NONE',  ( -81.67006220502075564, -7.273633319095713645, 81.65644389700526062 ) ) ;
#2791 = LINE ( 'NONE', #1428, #1335 ) ;
#2792 = CARTESIAN_POINT ( 'NONE',  ( -85.31073403174656278, -27.41794676713353596, 82.14231040923409921 ) ) ;
#2793 = ORIENTED_EDGE ( 'NONE', *, *, #3315, .F. ) ;
#2794 = CARTESIAN_POINT ( 'NONE',  ( -89.95179942053481170, -10.02931545231218458, 75.88352336876499749 ) ) ;
#2795 = CARTESIAN_POINT ( 'NONE',  ( -79.33007264551197579, 6.211384271488130437, 77.31203168477728127 ) ) ;
#2796 = CARTESIAN_POINT ( 'NONE',  ( -90.17930156151375343, 0.9785900854671896187, 79.15622443039954703 ) ) ;
#2797 = ORIENTED_EDGE ( 'NONE', *, *, #959, .F. ) ;
#2798 = CARTESIAN_POINT ( 'NONE',  ( -59.37046645590082505, -3.479231524574407874, 88.57101345230907441 ) ) ;
#2799 = CARTESIAN_POINT ( 'NONE',  ( -91.34644233332130625, -10.26337288176162943, 74.84852664626218655 ) ) ;
#2800 = CARTESIAN_POINT ( 'NONE',  ( -61.46670476689087792, 0.1535959468829976027, 88.17608699020277641 ) ) ;
#2801 = DIRECTION ( 'NONE',  ( -0.9702957262759990265, 0.000000000000000000, 0.2419218955996572107 ) ) ;
#2802 =( BOUNDED_SURFACE ( )  B_SPLINE_SURFACE ( 3, 2, ( 
 ( #3571, #3003, #1839 ),
 ( #2965, #1027, #2460 ),
 ( #1007, #2140, #989 ),
 ( #1536, #2708, #391 ),
 ( #122, #1231, #3325 ),
 ( #2690, #2739, #1878 ),
 ( #1897, #2986, #3249 ),
 ( #1860, #1309, #2384 ),
 ( #743, #2101, #675 ),
 ( #412, #2160, #707 ),
 ( #1571, #1253, #1271 ),
 ( #2722, #3551, #2408 ),
 ( #1515, #3307, #971 ),
 ( #2424, #1290, #2442 ),
 ( #3590, #3020, #449 ),
 ( #1588, #160, #3611 ),
 ( #2669, #81, #1967 ),
 ( #505, #2516, #3407 ),
 ( #1915, #1180, #638 ),
 ( #3172, #601, #296 ),
 ( #2371, #2912, #2047 ),
 ( #3436, #335, #1745 ),
 ( #3515, #1785, #1198 ),
 ( #2314, #2349, #280 ),
 ( #3191, #1424, #2581 ),
 ( #2597, #2852, #880 ),
 ( #1440, #2893, #2298 ),
 ( #3213, #314, #3725 ),
 ( #863, #2012, #2933 ),
 ( #1140, #917, #1479 ),
 ( #2636, #1458, #2065 ),
 ( #617, #356, #3154 ),
 ( #1501, #48, #586 ),
 ( #1726, #2873, #2615 ),
 ( #2655, #28, #3475 ),
 ( #12, #2032, #69 ),
 ( #1220, #2330, #898 ),
 ( #3456, #3494, #1763 ),
 ( #1158, #939, #2087 ),
 ( #568, #1707, #1298 ),
 ( #3560, #3028, #1544 ),
 ( #91, #2728, #980 ),
 ( #2467, #2129, #2394 ),
 ( #2714, #2148, #1261 ),
 ( #960, #168, #1597 ),
 ( #2430, #2108, #714 ),
 ( #3277, #3536, #1015 ),
 ( #3296, #2698, #1239 ),
 ( #3619, #2448, #3257 ),
 ( #683, #2415, #697 ) ),
 .UNSPECIFIED., .F., .F., .T. ) 
 B_SPLINE_SURFACE_WITH_KNOTS ( ( 4, 2, 2, 2, 2, 2, 2, 2, 2, 2, 2, 2, 2, 2, 2, 2, 2, 2, 2, 2, 2, 2, 2, 2, 4 ),
 ( 3, 3 ),
 ( 0.004355936997988087492, 0.005819938937017337180, 0.007283940876046586001, 0.01021194475410508451, 0.01167594669313433420, 0.01313994863216358389, 0.01606795251022208326, 0.01899595638828058264, 0.02045995832730983233, 0.02192396026633908201, 0.02485196414439758139, 0.02631596608342683108, 0.02777996802245608077, 0.02924396996148533046, 0.03070797190051458014, 0.03217197383954382983, 0.03363597577857307952, 0.03656397965663157890, 0.03949198353469007827, 0.04241998741274857765, 0.04388398935177782734, 0.04534799129080707702, 0.04827599516886557640, 0.04973999710789482609, 0.05120399904692407578 ),
 ( 0.000000000000000000, 1.000000000000000000 ),
 .UNSPECIFIED. ) 
 GEOMETRIC_REPRESENTATION_ITEM ( )  RATIONAL_B_SPLINE_SURFACE ( (
 ( 1.000000000000000000, 0.7157376819945220348, 1.000000000000000000),
 ( 1.000000000000000000, 0.7122817747022661683, 1.000000000000000000),
 ( 1.000000000000000000, 0.7100571421983024045, 1.000000000000000000),
 ( 1.000000000000000000, 0.7064736350154356970, 1.000000000000000000),
 ( 1.000000000000000000, 0.7051939581043176197, 1.000000000000000000),
 ( 1.000000000000000000, 0.7022340451538591211, 1.000000000000000000),
 ( 1.000000000000000000, 0.7013220494008191030, 1.000000000000000000),
 ( 1.000000000000000000, 0.7008230842462933596, 1.000000000000000000),
 ( 1.000000000000000000, 0.7008697997321508000, 1.000000000000000000),
 ( 1.000000000000000000, 0.7013698024068825143, 1.000000000000000000),
 ( 1.000000000000000000, 0.7018314528202063141, 1.000000000000000000),
 ( 1.000000000000000000, 0.7038026602838670653, 1.000000000000000000),
 ( 1.000000000000000000, 0.7057657391601580565, 1.000000000000000000),
 ( 1.000000000000000000, 0.7113077850449039952, 1.000000000000000000),
 ( 1.000000000000000000, 0.7150180773988287219, 1.000000000000000000),
 ( 1.000000000000000000, 0.7221406965612845452, 1.000000000000000000),
 ( 1.000000000000000000, 0.7247574592721510722, 1.000000000000000000),
 ( 1.000000000000000000, 0.7304939182606122738, 1.000000000000000000),
 ( 1.000000000000000000, 0.7336200756641271248, 1.000000000000000000),
 ( 1.000000000000000000, 0.7437387035346749720, 1.000000000000000000),
 ( 1.000000000000000000, 0.7515928807127487676, 1.000000000000000000),
 ( 1.000000000000000000, 0.7643734024710585606, 1.000000000000000000),
 ( 1.000000000000000000, 0.7687751540938694284, 1.000000000000000000),
 ( 1.000000000000000000, 0.7778222292122793924, 1.000000000000000000),
 ( 1.000000000000000000, 0.7824634186527762436, 1.000000000000000000),
 ( 1.000000000000000000, 0.7918647409965516859, 1.000000000000000000),
 ( 1.000000000000000000, 0.7966526970022866916, 1.000000000000000000),
 ( 1.000000000000000000, 0.8058104547440720911, 1.000000000000000000),
 ( 1.000000000000000000, 0.8102455444198739531, 1.000000000000000000),
 ( 1.000000000000000000, 0.8187556403820608342, 1.000000000000000000),
 ( 1.000000000000000000, 0.8228442889276068595, 1.000000000000000000),
 ( 1.000000000000000000, 0.8305853499940272222, 1.000000000000000000),
 ( 1.000000000000000000, 0.8342745362964715250, 1.000000000000000000),
 ( 1.000000000000000000, 0.8444504046800302977, 1.000000000000000000),
 ( 1.000000000000000000, 0.8500681353321086764, 1.000000000000000000),
 ( 1.000000000000000000, 0.8590718505624899137, 1.000000000000000000),
 ( 1.000000000000000000, 0.8625281327394502817, 1.000000000000000000),
 ( 1.000000000000000000, 0.8672220767446403578, 1.000000000000000000),
 ( 1.000000000000000000, 0.8687040982437379544, 1.000000000000000000),
 ( 1.000000000000000000, 0.8696361528028095922, 1.000000000000000000),
 ( 1.000000000000000000, 0.8697410187184481112, 1.000000000000000000),
 ( 1.000000000000000000, 0.8696049783810863021, 1.000000000000000000),
 ( 1.000000000000000000, 0.8693565409904162600, 1.000000000000000000),
 ( 1.000000000000000000, 0.8679802388483287556, 1.000000000000000000),
 ( 1.000000000000000000, 0.8664087576742971475, 1.000000000000000000),
 ( 1.000000000000000000, 0.8653076550440791381, 1.000000000000000000),
 ( 1.000000000000000000, 0.8647761314769707441, 1.000000000000000000),
 ( 1.000000000000000000, 0.8667601471686746661, 1.000000000000000000),
 ( 1.000000000000000000, 0.8689648418427227128, 1.000000000000000000),
 ( 1.000000000000000000, 0.8758805100743183303, 1.000000000000000000) ) ) 
 REPRESENTATION_ITEM ( '' )  SURFACE ( )  );
#2803 = CARTESIAN_POINT ( 'NONE',  ( -59.69659404169573236, -4.702052972902834860, 87.46117689882865420 ) ) ;
#2804 = EDGE_CURVE ( 'NONE', #2706, #1011, #2871, .T. ) ;
#2805 = AXIS2_PLACEMENT_3D ( 'NONE', #3665, #502, #3647 ) ;
#2806 = CARTESIAN_POINT ( 'NONE',  ( -59.39773940602892566, -2.312100954813080200, 88.73129517880494177 ) ) ;
#2807 = CARTESIAN_POINT ( 'NONE',  ( -80.00020220030103246, -0.07395886194496140154, 80.47662940403071730 ) ) ;
#2808 = CARTESIAN_POINT ( 'NONE',  ( -90.14564134728814793, -9.389637695169907872, 76.43752393001311418 ) ) ;
#2809 = CARTESIAN_POINT ( 'NONE',  ( -68.78214124577846178, -23.69306751008017287, 88.85554795213791124 ) ) ;
#2810 = DIRECTION ( 'NONE',  ( -0.000000000000000000, 1.000000000000000000, -0.000000000000000000 ) ) ;
#2811 = CARTESIAN_POINT ( 'NONE',  ( -61.32180718568392308, -3.308800115607541947, 89.17031458333542560 ) ) ;
#2812 = CARTESIAN_POINT ( 'NONE',  ( -93.32692249335993040, -11.13164939067811154, 79.89999999999888303 ) ) ;
#2813 = COORDINATED_UNIVERSAL_TIME_OFFSET ( 1, 0, .AHEAD. ) ;
#2814 = ORIENTED_EDGE ( 'NONE', *, *, #2819, .F. ) ;
#2815 = CARTESIAN_POINT ( 'NONE',  ( -85.41380988673905961, 3.456143156804900585, 76.52353994651458891 ) ) ;
#2816 = CARTESIAN_POINT ( 'NONE',  ( -58.94225738019181904, 1.300000000000000044, 68.08881796861685132 ) ) ;
#2817 = CARTESIAN_POINT ( 'NONE',  ( -65.39519077874167863, -4.208154718990125609, 89.17682354875870487 ) ) ;
#2818 = CARTESIAN_POINT ( 'NONE',  ( -80.12827374116875490, 8.165629413877459442, 78.93358991934746882 ) ) ;
#2819 = EDGE_CURVE ( 'NONE', #1932, #467, #2429, .T. ) ;
#2820 = CARTESIAN_POINT ( 'NONE',  ( -69.05779779787617656, 7.722999489164013909, 85.05176844424680382 ) ) ;
#2821 = CARTESIAN_POINT ( 'NONE',  ( -80.12827374116875490, 8.165629413877459442, 82.67215644756115012 ) ) ;
#2822 = CARTESIAN_POINT ( 'NONE',  ( -79.84108741754914718, 6.847975767229504740, 79.24758609886136185 ) ) ;
#2823 = CARTESIAN_POINT ( 'NONE',  ( -86.22987203797379152, 2.688712275105540783, 74.89238443359604958 ) ) ;
#2824 = CARTESIAN_POINT ( 'NONE',  ( -86.88046223996467177, -9.678876829201444210, 71.81505596365759914 ) ) ;
#2825 = DIRECTION ( 'NONE',  ( 0.000000000000000000, 0.000000000000000000, -1.000000000000000000 ) ) ;
#2826 = DIRECTION ( 'NONE',  ( 0.000000000000000000, 0.000000000000000000, 1.000000000000000000 ) ) ;
#2827 = CARTESIAN_POINT ( 'NONE',  ( -75.01908562837596151, 6.931988868526149261, 85.07456643539424590 ) ) ;
#2828 = ORIENTED_EDGE ( 'NONE', *, *, #875, .T. ) ;
#2829 = CARTESIAN_POINT ( 'NONE',  ( -78.98328793211088339, 6.761150663792353299, 79.61403370668364232 ) ) ;
#2830 = VECTOR ( 'NONE', #1052, 1000.000000000000114 ) ;
#2831 = AXIS2_PLACEMENT_3D ( 'NONE', #2337, #888, #2961 ) ;
#2832 = PLANE ( 'NONE',  #1511 ) ;
#2833 = CARTESIAN_POINT ( 'NONE',  ( -66.70950116660243623, -5.133154427428981315, 88.61127207378567050 ) ) ;
#2834 = CARTESIAN_POINT ( 'NONE',  ( -91.63733849728721736, -1.861431781149036180, 74.92777093004072242 ) ) ;
#2835 = CARTESIAN_POINT ( 'NONE',  ( -80.79345397652252814, -2.471430384150180348, 83.16770611550833792 ) ) ;
#2836 = CARTESIAN_POINT ( 'NONE',  ( -63.06641917710047096, 1.878124132402628543, 88.13764397627308256 ) ) ;
#2837 = EDGE_CURVE ( 'NONE', #1279, #2637, #2181, .T. ) ;
#2838 = VERTEX_POINT ( 'NONE', #1940 ) ;
#2839 = CARTESIAN_POINT ( 'NONE',  ( -86.85110470155373719, 2.015778482729353005, 75.04727513290738727 ) ) ;
#2840 = CARTESIAN_POINT ( 'NONE',  ( -61.25319606753065216, -3.903522967155605095, 85.09999999999999432 ) ) ;
#2841 = CARTESIAN_POINT ( 'NONE',  ( -90.01634443242907935, -9.702168111785622884, 75.78115339332219946 ) ) ;
#2842 = CARTESIAN_POINT ( 'NONE',  ( -74.19646767800732334, -6.151593666437100261, 88.13356787412575954 ) ) ;
#2843 = CARTESIAN_POINT ( 'NONE',  ( -77.00589757535188085, -6.118583549497409457, 87.17061281057061706 ) ) ;
#2844 = VERTEX_POINT ( 'NONE', #3617 ) ;
#2845 = LINE ( 'NONE', #837, #192 ) ;
#2846 = CIRCLE ( 'NONE', #1055, 0.5000000000000004441 ) ;
#2847 = DIRECTION ( 'NONE',  ( 0.9755345439459625068, 0.2198462043523674025, 0.000000000000000000 ) ) ;
#2848 = CARTESIAN_POINT ( 'NONE',  ( -59.73758020486230436, -3.561964181019644293, 88.59399985354590967 ) ) ;
#2849 = FACE_OUTER_BOUND ( 'NONE', #3006, .T. ) ;
#2850 = EDGE_CURVE ( 'NONE', #2111, #3568, #1, .T. ) ;
#2851 = CARTESIAN_POINT ( 'NONE',  ( -93.01905622021666886, -3.646973510997778778, 76.40266618304228530 ) ) ;
#2852 = CARTESIAN_POINT ( 'NONE',  ( -81.94310596952836079, 7.675935580216796339, 82.19610363370993866 ) ) ;
#2853 = ORIENTED_EDGE ( 'NONE', *, *, #2001, .T. ) ;
#2854 = CARTESIAN_POINT ( 'NONE',  ( -65.51334663961563365, 1.300000000000002487, 66.48763570450508098 ) ) ;
#2855 = CARTESIAN_POINT ( 'NONE',  ( -74.38237174978831945, 6.453635003158055383, 83.34875117078020423 ) ) ;
#2856 = DIRECTION ( 'NONE',  ( 0.000000000000000000, 0.000000000000000000, -1.000000000000000000 ) ) ;
#2857 = VECTOR ( 'NONE', #1978, 1000.000000000000114 ) ;
#2858 = CARTESIAN_POINT ( 'NONE',  ( -79.25513791177203871, -12.87027948883124928, 77.12656171043326481 ) ) ;
#2859 = CARTESIAN_POINT ( 'NONE',  ( -60.21081470956193726, -3.063446822895597332, 89.11092937678053261 ) ) ;
#2860 = CARTESIAN_POINT ( 'NONE',  ( -85.57554731168754358, 4.403947676836107661, 80.98079359614898465 ) ) ;
#2861 = LINE ( 'NONE', #3448, #531 ) ;
#2862 = DATE_AND_TIME ( #544, #1773 ) ;
#2863 = EDGE_LOOP ( 'NONE', ( #2445, #1919, #1642, #1591 ) ) ;
#2864 = CARTESIAN_POINT ( 'NONE',  ( -83.88869306707206874, 5.160847008319779050, 77.69023940596876798 ) ) ;
#2865 = B_SPLINE_CURVE_WITH_KNOTS ( 'NONE', 3,
 ( #2069, #1528, #3240, #664, #1184, #2683, #2334, #2701, #95, #1245, #3261, #2418, #3602, #2452 ),
 .UNSPECIFIED., .F., .F.,
 ( 4, 2, 2, 2, 2, 2, 4 ),
 ( 0.02920679489082384644, 0.03229670791464359092, 0.03384166442655348050, 0.03538662093846336315, 0.03847653396228312844, 0.04002149047419301109, 0.04156644698610288680 ),
 .UNSPECIFIED. ) ;
#2866 = CARTESIAN_POINT ( 'NONE',  ( -93.00614350966415600, -6.574494806932425384, 78.94065912506684413 ) ) ;
#2867 = CARTESIAN_POINT ( 'NONE',  ( -63.04070246011307432, -4.306354930517219515, 88.72834756421256941 ) ) ;
#2868 = ADVANCED_FACE ( 'NONE', ( #2782 ), #3350, .T. ) ;
#2869 = CARTESIAN_POINT ( 'NONE',  ( -86.82567636777307030, -4.725288495033662883, 80.71818385650709615 ) ) ;
#2870 = EDGE_CURVE ( 'NONE', #1287, #2943, #2258, .T. ) ;
#2871 = B_SPLINE_CURVE_WITH_KNOTS ( 'NONE', 3,
 ( #2653, #1576, #3597, #67 ),
 .UNSPECIFIED., .F., .F.,
 ( 4, 4 ),
 ( 1.398578778534940505E-17, 0.002226313557695451615 ),
 .UNSPECIFIED. ) ;
#2872 = EDGE_CURVE ( 'NONE', #883, #1287, #2209, .T. ) ;
#2873 = CARTESIAN_POINT ( 'NONE',  ( -87.19724918310676287, 4.571681632480138369, 80.11582934731222849 ) ) ;
#2874 = B_SPLINE_CURVE_WITH_KNOTS ( 'NONE', 3,
 ( #41, #1213, #3508, #930 ),
 .UNSPECIFIED., .F., .F.,
 ( 4, 4 ),
 ( 4.991068053006732711E-15, 0.0007283317507110632222 ),
 .UNSPECIFIED. ) ;
#2875 = ORIENTED_EDGE ( 'NONE', *, *, #3165, .F. ) ;
#2876 = CARTESIAN_POINT ( 'NONE',  ( -59.20873793211224267, -3.419607632054118440, 85.15327517815042313 ) ) ;
#2877 = AXIS2_PLACEMENT_3D ( 'NONE', #3623, #2506, #442 ) ;
#2878 = EDGE_LOOP ( 'NONE', ( #3504, #2974, #609, #2188 ) ) ;
#2879 = CYLINDRICAL_SURFACE ( 'NONE', #1074, 0.2000000000000057288 ) ;
#2880 = CARTESIAN_POINT ( 'NONE',  ( -59.09736733651919138, -2.670070447756103249, 85.03257094275362249 ) ) ;
#2881 = CARTESIAN_POINT ( 'NONE',  ( -62.71511110779744058, -1.470058964952612790, 80.99999999999998579 ) ) ;
#2882 = PRODUCT ( 'L2 Button REF2011', 'L2 Button REF2011', '', ( #3111 ) ) ;
#2883 = CARTESIAN_POINT ( 'NONE',  ( -87.73204061465209236, -8.845709278502047468, 82.57921135729095852 ) ) ;
#2884 = CARTESIAN_POINT ( 'NONE',  ( -82.45476807654547713, -4.974013397192611485, 84.60552626552969002 ) ) ;
#2885 = VERTEX_POINT ( 'NONE', #3083 ) ;
#2886 = CARTESIAN_POINT ( 'NONE',  ( -91.41441677368489138, -6.287830079261350846, 76.06260192783199159 ) ) ;
#2887 = CARTESIAN_POINT ( 'NONE',  ( -59.78057780518668096, -1.855851917246446048, 88.45857456309632028 ) ) ;
#2888 = ORIENTED_EDGE ( 'NONE', *, *, #239, .T. ) ;
#2889 = CARTESIAN_POINT ( 'NONE',  ( -79.61483222433970752, -8.041496388839650677, 81.35367032791063480 ) ) ;
#2890 = EDGE_CURVE ( 'NONE', #2637, #1574, #2525, .T. ) ;
#2891 = CARTESIAN_POINT ( 'NONE',  ( -69.37366162215786858, -4.729713981463303796, 84.77930617381124989 ) ) ;
#2892 = CARTESIAN_POINT ( 'NONE',  ( -69.68268756714165590, -3.500000000000000000, 75.39214641920482052 ) ) ;
#2893 = CARTESIAN_POINT ( 'NONE',  ( -82.39033039144861448, 7.523589669715973649, 82.01403174801782825 ) ) ;
#2894 = ADVANCED_FACE ( 'NONE', ( #1973 ), #1739, .F. ) ;
#2895 = VERTEX_POINT ( 'NONE', #3413 ) ;
#2896 = CARTESIAN_POINT ( 'NONE',  ( -87.41926617722739934, -9.800301540654963617, 81.49039848950845055 ) ) ;
#2897 = ORIENTED_EDGE ( 'NONE', *, *, #1742, .F. ) ;
#2898 = DIRECTION ( 'NONE',  ( 0.000000000000000000, 0.000000000000000000, 1.000000000000000000 ) ) ;
#2899 = DIRECTION ( 'NONE',  ( 0.000000000000000000, 1.000000000000000000, 0.000000000000000000 ) ) ;
#2900 = CARTESIAN_POINT ( 'NONE',  ( -92.87496939879305557, -10.77305199105078160, 76.17747730826697250 ) ) ;
#2901 = EDGE_CURVE ( 'NONE', #2630, #2844, #1193, .T. ) ;
#2902 = CARTESIAN_POINT ( 'NONE',  ( -84.32560547299955545, 5.205867744824140608, 81.46581280123608337 ) ) ;
#2903 = ORIENTED_EDGE ( 'NONE', *, *, #1543, .T. ) ;
#2904 = CARTESIAN_POINT ( 'NONE',  ( -87.02370990582997479, 2.731848351225223848, 76.53299084556559251 ) ) ;
#2905 = CARTESIAN_POINT ( 'NONE',  ( -87.44455444897830887, -8.021152140644899120, 77.30163110925678893 ) ) ;
#2906 = DIRECTION ( 'NONE',  ( 0.000000000000000000, -1.000000000000000000, 0.000000000000000000 ) ) ;
#2907 = ORIENTED_EDGE ( 'NONE', *, *, #3165, .T. ) ;
#2908 = CARTESIAN_POINT ( 'NONE',  ( -70.53422835107853928, -12.87027948883124928, 70.53422835107890876 ) ) ;
#2909 = CARTESIAN_POINT ( 'NONE',  ( -65.40400927506905759, -4.160822385686737235, 85.17178011515254354 ) ) ;
#2910 = FACE_OUTER_BOUND ( 'NONE', #425, .T. ) ;
#2911 = CIRCLE ( 'NONE', #1958, 0.5000000000000004441 ) ;
#2912 = CARTESIAN_POINT ( 'NONE',  ( -77.79208631230132198, 8.348204726593147385, 83.85870034753001789 ) ) ;
#2913 = ORIENTED_EDGE ( 'NONE', *, *, #176, .F. ) ;
#2914 = CARTESIAN_POINT ( 'NONE',  ( -69.14662668078709373, 3.843057856084512558, 81.21066535190041691 ) ) ;
#2915 = ORIENTED_EDGE ( 'NONE', *, *, #190, .T. ) ;
#2916 = LOCAL_TIME ( 19, 36, 1.000000000000000000, #488 ) ;
#2917 = CARTESIAN_POINT ( 'NONE',  ( -90.85438454968168287, -10.57443889988218189, 75.28622998076110662 ) ) ;
#2918 = EDGE_CURVE ( 'NONE', #1574, #2057, #2007, .T. ) ;
#2919 = CARTESIAN_POINT ( 'NONE',  ( -65.51334663961560523, 1.299999999999998268, 75.29195464932541881 ) ) ;
#2920 = CARTESIAN_POINT ( 'NONE',  ( -59.09736733651919138, -2.670070447756103249, 85.03257094275362249 ) ) ;
#2921 = DIRECTION ( 'NONE',  ( -0.2419218955996641218, 0.000000000000000000, -0.9702957262759973611 ) ) ;
#2922 = CARTESIAN_POINT ( 'NONE',  ( -67.38757028160681273, -4.435947493032654343, 89.01423510723741117 ) ) ;
#2923 = ORIENTED_EDGE ( 'NONE', *, *, #2837, .T. ) ;
#2924 = VECTOR ( 'NONE', #2826, 1000.000000000000000 ) ;
#2925 = CARTESIAN_POINT ( 'NONE',  ( -91.58836853225206198, -7.177662106962114485, 78.18800754135486386 ) ) ;
#2926 = CARTESIAN_POINT ( 'NONE',  ( -87.37149490805084895, -8.433117598089960865, 77.52219609935436040 ) ) ;
#2927 = CARTESIAN_POINT ( 'NONE',  ( -85.75841870689974655, -9.426013398179662772, 82.35474676300539443 ) ) ;
#2928 = VERTEX_POINT ( 'NONE', #582 ) ;
#2929 = DIRECTION ( 'NONE',  ( -0.08502343775359229305, -0.01916085923062344973, 0.9961946980917461003 ) ) ;
#2930 = CARTESIAN_POINT ( 'NONE',  ( -77.00589757535188085, -6.118583549497409457, 83.17061281057061706 ) ) ;
#2931 = CARTESIAN_POINT ( 'NONE',  ( -66.04406371671689158, -3.198343341622454261, 84.71690233504760670 ) ) ;
#2932 = VECTOR ( 'NONE', #2568, 1000.000000000000000 ) ;
#2933 = CARTESIAN_POINT ( 'NONE',  ( -83.57318856401055029, 6.648912920018354100, 81.59440873960487295 ) ) ;
#2934 = EDGE_CURVE ( 'NONE', #3260, #3532, #291, .T. ) ;
#2935 = ORIENTED_EDGE ( 'NONE', *, *, #521, .F. ) ;
#2936 = CARTESIAN_POINT ( 'NONE',  ( -67.10522707265116082, 2.549423244228087526, 73.66067379115969516 ) ) ;
#2937 = EDGE_LOOP ( 'NONE', ( #3135, #2553, #1807, #2138, #2416, #2050, #2514, #1504, #1223 ) ) ;
#2938 = CARTESIAN_POINT ( 'NONE',  ( -74.49205339132170423, 1.519329145558909744, 84.13882066887876476 ) ) ;
#2939 = CARTESIAN_POINT ( 'NONE',  ( -78.32092204961308823, -12.87027948883124928, 78.15113026494321957 ) ) ;
#2940 = LINE ( 'NONE', #1186, #3401 ) ;
#2941 = CARTESIAN_POINT ( 'NONE',  ( -63.18906870494824091, 0.2936982985277492020, 88.53307794082442683 ) ) ;
#2942 = ADVANCED_FACE ( 'NONE', ( #23 ), #2832, .F. ) ;
#2943 = VERTEX_POINT ( 'NONE', #8 ) ;
#2944 = CARTESIAN_POINT ( 'NONE',  ( -63.51541706824699673, 0.2615704520178691594, 84.50439986778316381 ) ) ;
#2945 = EDGE_CURVE ( 'NONE', #3555, #569, #1436, .T. ) ;
#2946 = CARTESIAN_POINT ( 'NONE',  ( -90.29575375865168496, -9.371988820811553822, 78.06698995424967791 ) ) ;
#2947 = CARTESIAN_POINT ( 'NONE',  ( -80.48115886688628962, 7.650345822714957222, 82.84928476516344631 ) ) ;
#2948 = ORIENTED_EDGE ( 'NONE', *, *, #1317, .F. ) ;
#2949 = CARTESIAN_POINT ( 'NONE',  ( -69.80777804666834641, -5.831381277869369661, 79.64066190529230482 ) ) ;
#2950 = CARTESIAN_POINT ( 'NONE',  ( -60.68947543184398086, -3.107256624448658577, 85.12418748343594643 ) ) ;
#2951 = CARTESIAN_POINT ( 'NONE',  ( -62.14554697679762540, -2.148839064284433942, 84.96482471200778264 ) ) ;
#2952 = CARTESIAN_POINT ( 'NONE',  ( -87.34846558381318005, -8.506001205164395174, 77.44855550772749098 ) ) ;
#2953 = VERTEX_POINT ( 'NONE', #2325 ) ;
#2954 = CARTESIAN_POINT ( 'NONE',  ( -79.25513791177203871, 6.220869441205977068, 77.12656171043326481 ) ) ;
#2955 = ORIENTED_EDGE ( 'NONE', *, *, #3147, .F. ) ;
#2956 = VECTOR ( 'NONE', #2612, 1000.000000000000000 ) ;
#2957 = VECTOR ( 'NONE', #796, 1000.000000000000000 ) ;
#2958 = CARTESIAN_POINT ( 'NONE',  ( -67.15037638041943069, 3.168832980862771098, 85.63380153987763777 ) ) ;
#2959 = EDGE_CURVE ( 'NONE', #510, #2637, #509, .T. ) ;
#2960 = DIRECTION ( 'NONE',  ( -0.000000000000000000, -0.000000000000000000, 1.000000000000000000 ) ) ;
#2961 = DIRECTION ( 'NONE',  ( 0.000000000000000000, 0.000000000000000000, -1.000000000000000000 ) ) ;
#2962 = CARTESIAN_POINT ( 'NONE',  ( -65.31972833415944990, -0.6317051831995499356, 88.47447304565878312 ) ) ;
#2963 = ORIENTED_EDGE ( 'NONE', *, *, #3609, .T. ) ;
#2964 = CARTESIAN_POINT ( 'NONE',  ( -69.31064467690755748, 4.562231309977330618, 85.04774794795454795 ) ) ;
#2965 = CARTESIAN_POINT ( 'NONE',  ( -61.46399587474613213, 0.1503676149376110827, 88.17656594035641149 ) ) ;
#2966 = CARTESIAN_POINT ( 'NONE',  ( -87.35219226871313936, -8.676023354629474937, 77.91735034830652751 ) ) ;
#2967 = CARTESIAN_POINT ( 'NONE',  ( -85.51336916710999958, 5.524436166955267069, 80.82239320383223458 ) ) ;
#2968 = EDGE_CURVE ( 'NONE', #3727, #1319, #611, .T. ) ;
#2969 = ORIENTED_EDGE ( 'NONE', *, *, #3441, .F. ) ;
#2970 = LINE ( 'NONE', #635, #1208 ) ;
#2971 = CARTESIAN_POINT ( 'NONE',  ( -59.89259837240598472, -1.900451000626775855, 84.93611242470188927 ) ) ;
#2972 = DIRECTION ( 'NONE',  ( 0.000000000000000000, 0.000000000000000000, 1.000000000000000000 ) ) ;
#2973 = LINE ( 'NONE', #1806, #151 ) ;
#2974 = ORIENTED_EDGE ( 'NONE', *, *, #176, .T. ) ;
#2975 = B_SPLINE_CURVE_WITH_KNOTS ( 'NONE', 3,
 ( #1429, #301, #3699, #849 ),
 .UNSPECIFIED., .F., .F.,
 ( 4, 4 ),
 ( 0.002867454654923086866, 0.003525074506521870023 ),
 .UNSPECIFIED. ) ;
#2976 = ADVANCED_FACE ( 'NONE', ( #3488 ), #3167, .F. ) ;
#2977 = ORIENTED_EDGE ( 'NONE', *, *, #71, .F. ) ;
#2978 = CARTESIAN_POINT ( 'NONE',  ( -62.93295543381359636, -0.4325873848540517930, 86.64529096289015797 ) ) ;
#2979 = LOCAL_TIME ( 19, 36, 1.000000000000000000, #2219 ) ;
#2980 = CARTESIAN_POINT ( 'NONE',  ( -59.37046645590082505, -3.479231524574407874, 88.57101345230907441 ) ) ;
#2981 = CARTESIAN_POINT ( 'NONE',  ( -93.32692249335993040, -11.13164939067811154, 75.89999999999888303 ) ) ;
#2982 = CARTESIAN_POINT ( 'NONE',  ( -60.52786201597336202, -0.9652732743761696099, 88.83004832859641908 ) ) ;
#2983 = CARTESIAN_POINT ( 'NONE',  ( -89.88724283673522564, -10.35648410168409228, 75.98581785871739669 ) ) ;
#2984 = ORIENTED_EDGE ( 'NONE', *, *, #942, .F. ) ;
#2985 = CARTESIAN_POINT ( 'NONE',  ( -91.17275156110406442, -7.996575014137362380, 78.65047883528873740 ) ) ;
#2986 = CARTESIAN_POINT ( 'NONE',  ( -64.71198172293173911, 3.249523543911410073, 88.03573862596292088 ) ) ;
#2987 = CARTESIAN_POINT ( 'NONE',  ( -61.09609691941837895, -2.621740221690061823, 87.03804309557060037 ) ) ;
#2988 = CARTESIAN_POINT ( 'NONE',  ( -59.37046645590078953, -3.479231524574398104, 85.09999999999999432 ) ) ;
#2989 = CARTESIAN_POINT ( 'NONE',  ( -64.91795914898129638, -4.729412996689163151, 71.85535831241321603 ) ) ;
#2990 = ORIENTED_EDGE ( 'NONE', *, *, #185, .T. ) ;
#2991 = CARTESIAN_POINT ( 'NONE',  ( -63.12716776041177269, -2.540992529831882951, 84.96162735878334615 ) ) ;
#2992 = CARTESIAN_POINT ( 'NONE',  ( -61.82317379601970231, 0.1402850853600769443, 84.65321668323535675 ) ) ;
#2993 = APPLICATION_PROTOCOL_DEFINITION ( 'international standard', 'config_control_design', 1994, #418 ) ;
#2994 = DIRECTION ( 'NONE',  ( 0.3746065934159119593, 0.000000000000000000, -0.9271838545667874243 ) ) ;
#2995 = ORIENTED_EDGE ( 'NONE', *, *, #2220, .F. ) ;
#2996 = ORIENTED_EDGE ( 'NONE', *, *, #2850, .T. ) ;
#2997 = CARTESIAN_POINT ( 'NONE',  ( 0.000000000000000000, 1.300000000000000044, 0.000000000000000000 ) ) ;
#2998 = CARTESIAN_POINT ( 'NONE',  ( -77.76661906959424186, 6.339500051733595321, 75.05888902963086196 ) ) ;
#2999 = CARTESIAN_POINT ( 'NONE',  ( -84.73105085694064087, -2.094796407257038862, 78.74428791097824387 ) ) ;
#3000 = CARTESIAN_POINT ( 'NONE',  ( -60.68947543184398086, -3.107256624448658577, 89.12418748343594643 ) ) ;
#3001 = ORIENTED_EDGE ( 'NONE', *, *, #2672, .F. ) ;
#3002 = CARTESIAN_POINT ( 'NONE',  ( -75.24571888415002263, 1.335370750796088554E-14, 82.95275764439759314 ) ) ;
#3003 = CARTESIAN_POINT ( 'NONE',  ( -61.18234153872685965, -0.1852949518748273072, 88.71737162640245344 ) ) ;
#3004 = CARTESIAN_POINT ( 'NONE',  ( -77.76913665880573490, -0.1497774167136357304, 83.35818981413950723 ) ) ;
#3005 = CARTESIAN_POINT ( 'NONE',  ( -89.48355111353329505, 1.471163390692126205, 79.44843793010758759 ) ) ;
#3006 = EDGE_LOOP ( 'NONE', ( #3342, #3666, #2584, #2694 ) ) ;
#3007 = CARTESIAN_POINT ( 'NONE',  ( -66.00215384636472038, -3.406909359310796859, 84.77368593288436216 ) ) ;
#3008 = B_SPLINE_CURVE_WITH_KNOTS ( 'NONE', 3,
 ( #1964, #3732, #265, #283, #1655, #3088 ),
 .UNSPECIFIED., .F., .F.,
 ( 4, 2, 4 ),
 ( 0.01337492597968988409, 0.01419519988087997175, 0.01501547378207006116 ),
 .UNSPECIFIED. ) ;
#3009 = CARTESIAN_POINT ( 'NONE',  ( -58.79998974263867240, -3.198740892088987930, 85.09190590019544231 ) ) ;
#3010 = CARTESIAN_POINT ( 'NONE',  ( -79.57365829591236661, -8.032217443313225402, 86.11875731866150829 ) ) ;
#3011 = ADVANCED_FACE ( 'NONE', ( #1453 ), #2629, .T. ) ;
#3012 = ORIENTED_EDGE ( 'NONE', *, *, #805, .T. ) ;
#3013 = CYLINDRICAL_SURFACE ( 'NONE', #3541, 0.5000000000000004441 ) ;
#3014 = CARTESIAN_POINT ( 'NONE',  ( -66.70950116661458651, -5.133154427431738220, 88.61127207381625226 ) ) ;
#3015 = CARTESIAN_POINT ( 'NONE',  ( -91.27140579111940610, -2.525092443072933790, 75.27379030408039284 ) ) ;
#3016 = CARTESIAN_POINT ( 'NONE',  ( -69.68268756714104484, 4.114301578123556347, 72.89214641920480631 ) ) ;
#3017 = CARTESIAN_POINT ( 'NONE',  ( -62.71511110779744058, -1.470058964952612790, 80.99999999999998579 ) ) ;
#3018 = ORIENTED_EDGE ( 'NONE', *, *, #1174, .F. ) ;
#3019 = CARTESIAN_POINT ( 'NONE',  ( -69.68268756714165590, -5.803190920802848929, 76.34214641920482336 ) ) ;
#3020 = CARTESIAN_POINT ( 'NONE',  ( -72.24814980650889140, 7.415754200971131915, 85.88340406812665151 ) ) ;
#3021 = EDGE_CURVE ( 'NONE', #3175, #2928, #3557, .T. ) ;
#3022 = CARTESIAN_POINT ( 'NONE',  ( -62.94588614508603541, -1.199999999999999734, 75.47232184798318144 ) ) ;
#3023 = CARTESIAN_POINT ( 'NONE',  ( -93.31842399585529790, -10.15712567163626368, 79.80879276612232331 ) ) ;
#3024 = ORIENTED_EDGE ( 'NONE', *, *, #1215, .F. ) ;
#3025 = CARTESIAN_POINT ( 'NONE',  ( -98.45228707334354112, 1.300000000000000711, 24.54691211133984652 ) ) ;
#3026 = FACE_OUTER_BOUND ( 'NONE', #384, .T. ) ;
#3027 = CARTESIAN_POINT ( 'NONE',  ( -62.48011633131135056, 1.242130718299384595, 87.98906102930337170 ) ) ;
#3028 = CARTESIAN_POINT ( 'NONE',  ( -91.92417568272439610, -2.772592795124626086, 78.97223938122188258 ) ) ;
#3029 = PLANE ( 'NONE',  #850 ) ;
#3030 = EDGE_LOOP ( 'NONE', ( #3214, #2592, #2374, #1764 ) ) ;
#3031 = CARTESIAN_POINT ( 'NONE',  ( -63.09712885458539233, -3.293992141852580602, 86.51885901366595988 ) ) ;
#3032 = DIRECTION ( 'NONE',  ( -1.000000000000000000, 0.000000000000000000, 0.000000000000000000 ) ) ;
#3033 = CIRCLE ( 'NONE', #1228, 0.9500000000000063949 ) ;
#3034 = CARTESIAN_POINT ( 'NONE',  ( -88.61640360443823283, 3.104175318749166745, 75.61760683415263884 ) ) ;
#3035 = CARTESIAN_POINT ( 'NONE',  ( -87.50680045842338473, -8.708723613143448006, 79.72346614876238391 ) ) ;
#3036 = CARTESIAN_POINT ( 'NONE',  ( -78.67925666340165947, 22.24132382095048754, 75.96742282180213124 ) ) ;
#3037 = AXIS2_PLACEMENT_3D ( 'NONE', #3313, #1849, #2994 ) ;
#3038 = ORIENTED_EDGE ( 'NONE', *, *, #2934, .T. ) ;
#3039 = DIRECTION ( 'NONE',  ( 0.3746065934159060751, -1.167932354876878927E-16, -0.9271838545667897558 ) ) ;
#3040 = PLANE ( 'NONE',  #1782 ) ;
#3041 = CARTESIAN_POINT ( 'NONE',  ( -62.20178848337955202, 0.2327417134939561427, 88.61443278074199270 ) ) ;
#3042 = EDGE_CURVE ( 'NONE', #2352, #3157, #2344, .T. ) ;
#3043 = ORIENTED_EDGE ( 'NONE', *, *, #2586, .T. ) ;
#3044 = CARTESIAN_POINT ( 'NONE',  ( -60.96542879555850192, -3.838671811580094850, 65.35983515722148240 ) ) ;
#3045 = CARTESIAN_POINT ( 'NONE',  ( -65.42797936912357670, -4.844351017323392128, 69.70589007911338797 ) ) ;
#3046 = CARTESIAN_POINT ( 'NONE',  ( -66.22745216463414408, 4.355533727341124539, 87.14761087136380979 ) ) ;
#3047 = CARTESIAN_POINT ( 'NONE',  ( -88.39453560003487098, -8.995008971519661500, 78.74266772588424601 ) ) ;
#3048 = CIRCLE ( 'NONE', #3711, 0.4999999999999983347 ) ;
#3049 = CARTESIAN_POINT ( 'NONE',  ( -91.54729517039653786, -10.05115494550762456, 80.91667709024154931 ) ) ;
#3050 = CARTESIAN_POINT ( 'NONE',  ( -76.38497258862003036, 1.333034886086334867E-14, 82.27676232137633860 ) ) ;
#3051 = CARTESIAN_POINT ( 'NONE',  ( -59.09736733651249807, -2.670070447764086641, 85.03257094270277605 ) ) ;
#3052 = B_SPLINE_CURVE_WITH_KNOTS ( 'NONE', 3,
 ( #3176, #3563, #605, #1484, #2356, #1224, #2938, #2640, #74, #320, #3479, #621, #902, #2377, #3519, #1547, #945, #1462, #2091, #2619, #32, #1264, #1810, #1202 ),
 .UNSPECIFIED., .F., .F.,
 ( 4, 2, 2, 2, 2, 2, 2, 2, 2, 2, 2, 4 ),
 ( 0.007301281702647373188, 0.008078609462499570376, 0.008855937222351766697, 0.009244601102277850979, 0.009633264982203936996, 0.01002192886213002128, 0.01041059274205610730, 0.01079925662198219158, 0.01118792050190827586, 0.01196524826176043402, 0.01274257602161259391, 0.01351990378146475380 ),
 .UNSPECIFIED. ) ;
#3053 = CARTESIAN_POINT ( 'NONE',  ( -91.63733849728721736, -1.861431781149036180, 74.92777093004072242 ) ) ;
#3054 = CARTESIAN_POINT ( 'NONE',  ( -87.82592920777003087, -7.614001266072236263, 80.53100581484895315 ) ) ;
#3055 = CARTESIAN_POINT ( 'NONE',  ( -90.20808231234155983, -28.52161186803886039, 78.72057616728736207 ) ) ;
#3056 = ORIENTED_EDGE ( 'NONE', *, *, #1063, .T. ) ;
#3057 = CARTESIAN_POINT ( 'NONE',  ( -64.80777804666834641, -1.199999999999999734, 77.14066190529230482 ) ) ;
#3058 = EDGE_CURVE ( 'NONE', #1256, #940, #1165, .T. ) ;
#3059 = CARTESIAN_POINT ( 'NONE',  ( -66.00169843271345371, -3.948565166450272113, 85.67505879511453770 ) ) ;
#3060 = CARTESIAN_POINT ( 'NONE',  ( -90.56626691629905679, -3.864742968859016248, 79.96870865826258523 ) ) ;
#3061 = EDGE_CURVE ( 'NONE', #440, #3476, #2671, .T. ) ;
#3062 = B_SPLINE_CURVE_WITH_KNOTS ( 'NONE', 3,
 ( #1192, #2080, #3226, #653, #1840, #1233, #2385, #3530, #953, #3250, #676, #392, #1537, #1254, #104, #3552, #3268, #2987, #413, #2709, #123, #1272, #3572, #2197 ),
 .UNSPECIFIED., .F., .F.,
 ( 4, 2, 2, 2, 2, 2, 2, 2, 2, 2, 2, 4 ),
 ( 0.000000000000000000, 0.4228359089987102637, 0.6342538634980583456, 0.8456718179974066496, 0.9513807952470776375, 1.057089772496748736, 1.268507726996076723, 1.479925681495405154, 1.691343635994733363, 2.537015453992089498, 2.959851362990774781, 3.382687271989460509 ),
 .UNSPECIFIED. ) ;
#3063 = ADVANCED_FACE ( 'NONE', ( #2693 ), #2650, .T. ) ;
#3064 = ORIENTED_EDGE ( 'NONE', *, *, #2548, .F. ) ;
#3065 = CARTESIAN_POINT ( 'NONE',  ( -91.34642346415854774, -10.25863015428885561, 65.73416240211768979 ) ) ;
#3066 = VECTOR ( 'NONE', #2751, 1000.000000000000114 ) ;
#3067 = CARTESIAN_POINT ( 'NONE',  ( -60.96542879555850192, -3.838671811580094850, 65.35983515722148240 ) ) ;
#3068 = CARTESIAN_POINT ( 'NONE',  ( -81.85265042055186768, 7.703852292319607109, 81.81982458607971864 ) ) ;
#3069 = CARTESIAN_POINT ( 'NONE',  ( -71.91373200143787869, 1.300000000000002487, 68.08343100419487826 ) ) ;
#3070 = CARTESIAN_POINT ( 'NONE',  ( -92.41943520309793314, -10.92713829724704411, 79.72426691991633163 ) ) ;
#3071 = CARTESIAN_POINT ( 'NONE',  ( -61.25319606753065216, -3.903522967155605539, 80.99999999999998579 ) ) ;
#3072 = CARTESIAN_POINT ( 'NONE',  ( -92.67089933239802235, -4.886881312535319211, 78.76221195494846938 ) ) ;
#3073 = CARTESIAN_POINT ( 'NONE',  ( -86.15448369101548565, -2.992456990617251567, 78.22268018725719685 ) ) ;
#3074 = CARTESIAN_POINT ( 'NONE',  ( -70.78612679294315058, 4.662887221566697882, 77.63990081510254981 ) ) ;
#3075 = CARTESIAN_POINT ( 'NONE',  ( -72.14632444423131119, 1.300000000000000711, 68.92213225792613684 ) ) ;
#3076 = EDGE_LOOP ( 'NONE', ( #2090, #2483 ) ) ;
#3077 = DIRECTION ( 'NONE',  ( 0.000000000000000000, 1.000000000000000000, 0.000000000000000000 ) ) ;
#3078 = CARTESIAN_POINT ( 'NONE',  ( -76.10165378935383274, -2.420492213176306251, 84.47663108420989886 ) ) ;
#3079 = CARTESIAN_POINT ( 'NONE',  ( -89.76366495427326697, 0.1118167886262423499, 79.55731998389785531 ) ) ;
#3080 = ORIENTED_EDGE ( 'NONE', *, *, #227, .F. ) ;
#3081 = CARTESIAN_POINT ( 'NONE',  ( -65.97153603232605690, -3.592657750216001755, 84.89904324214386122 ) ) ;
#3082 = DIRECTION ( 'NONE',  ( -0.000000000000000000, 1.000000000000000000, -0.000000000000000000 ) ) ;
#3083 = CARTESIAN_POINT ( 'NONE',  ( -60.76542879555849908, -3.793599864980734537, 65.55983515722148525 ) ) ;
#3084 = CARTESIAN_POINT ( 'NONE',  ( -65.36862909292182167, 1.181773193859696036, 79.59544495270557718 ) ) ;
#3085 = CARTESIAN_POINT ( 'NONE',  ( -81.78650180130254910, 4.863234219253749657, 81.07351575749956396 ) ) ;
#3086 = CARTESIAN_POINT ( 'NONE',  ( -72.53354490673667954, 7.548740040877875757, 85.53560148902873550 ) ) ;
#3087 = CARTESIAN_POINT ( 'NONE',  ( -78.07475584545163372, -7.694425187299697377, 83.25903934576557219 ) ) ;
#3088 = CARTESIAN_POINT ( 'NONE',  ( -62.94588614508603541, -1.199999999999999734, 75.47232184798318144 ) ) ;
#3089 = CARTESIAN_POINT ( 'NONE',  ( -69.39355695214409536, 3.960545473493239488, 72.89214641920486315 ) ) ;
#3090 = CARTESIAN_POINT ( 'NONE',  ( -79.39242410333918087, -3.278326891737401549, 80.80319091152922795 ) ) ;
#3091 = CARTESIAN_POINT ( 'NONE',  ( -61.01381317467843246, -1.199999999999999956, 65.36577601196628962 ) ) ;
#3092 = CARTESIAN_POINT ( 'NONE',  ( -88.61640360443823283, 3.104175318749166745, 79.61760683415263884 ) ) ;
#3093 = PERSON_AND_ORGANIZATION ( #18446744073709551615, #18446744073709551615 ) ;
#3094 = VECTOR ( 'NONE', #1361, 1000.000000000000114 ) ;
#3095 = EDGE_CURVE ( 'NONE', #2265, #1279, #2335, .T. ) ;
#3096 = ORIENTED_EDGE ( 'NONE', *, *, #264, .F. ) ;
#3097 = CARTESIAN_POINT ( 'NONE',  ( -90.48087872688790867, -3.200018517077895197, 75.87608600530911929 ) ) ;
#3098 = CARTESIAN_POINT ( 'NONE',  ( -70.18404131386098754, 4.377543169135658552, 70.89170950519326198 ) ) ;
#3099 = CARTESIAN_POINT ( 'NONE',  ( -68.38924319593907342, 3.372284767685510332, 81.73224106680689260 ) ) ;
#3100 = CARTESIAN_POINT ( 'NONE',  ( -87.04369433063263273, 10.00000000000000000, 72.37106110950034576 ) ) ;
#3101 = CARTESIAN_POINT ( 'NONE',  ( -81.35969800030939325, 1.859292650620661735, 81.86781590573517065 ) ) ;
#3102 = AXIS2_PLACEMENT_3D ( 'NONE', #646, #923, #1793 ) ;
#3103 = CARTESIAN_POINT ( 'NONE',  ( -67.52126321709430101, 5.246217263136059294, 87.08110991562959668 ) ) ;
#3104 = CARTESIAN_POINT ( 'NONE',  ( -72.44049207142552405, 6.390479455045726453, 81.96326384530135556 ) ) ;
#3105 = CARTESIAN_POINT ( 'NONE',  ( -90.15582711583365949, -9.391933157249681585, 76.55686759440868627 ) ) ;
#3106 = CARTESIAN_POINT ( 'NONE',  ( -59.12882597794548900, -2.632579498819247465, 89.00942942606729957 ) ) ;
#3107 = FACE_OUTER_BOUND ( 'NONE', #1307, .T. ) ;
#3108 = DIRECTION ( 'NONE',  ( 0.9718223404842120106, 0.2190096231718909048, 0.08715574274765042206 ) ) ;
#3109 = CARTESIAN_POINT ( 'NONE',  ( -69.37366162215786858, -4.729713981463303796, 88.77930617381126410 ) ) ;
#3110 = VECTOR ( 'NONE', #2233, 1000.000000000000000 ) ;
#3111 = MECHANICAL_CONTEXT ( 'NONE', #418, 'mechanical' ) ;
#3112 = ORIENTED_EDGE ( 'NONE', *, *, #3340, .F. ) ;
#3113 = CARTESIAN_POINT ( 'NONE',  ( -81.93802953904170749, 6.115887307781931348, 78.44986474429569512 ) ) ;
#3114 = CARTESIAN_POINT ( 'NONE',  ( -67.19569577865101451, -5.242723115384512411, 80.99999999999998579 ) ) ;
#3115 = DIRECTION ( 'NONE',  ( -0.3746065934159172883, 0.000000000000000000, 0.9271838545667853149 ) ) ;
#3116 = CARTESIAN_POINT ( 'NONE',  ( -71.31561568288776698, -5.514724835140280668, 88.67412133938725560 ) ) ;
#3117 = CARTESIAN_POINT ( 'NONE',  ( -93.24075883475245519, -7.784449556113734126, 75.38232521527160657 ) ) ;
#3118 = CARTESIAN_POINT ( 'NONE',  ( -73.83028997572773733, -6.015647246280053650, 86.81243091875384721 ) ) ;
#3119 = CARTESIAN_POINT ( 'NONE',  ( -85.98507779123997352, 5.586722070452992739, 80.31189718542543687 ) ) ;
#3120 = ORIENTED_EDGE ( 'NONE', *, *, #2959, .T. ) ;
#3121 = CARTESIAN_POINT ( 'NONE',  ( -90.17990674478969026, -8.873029672425044367, 75.52143685333646772 ) ) ;
#3122 = FACE_OUTER_BOUND ( 'NONE', #1796, .T. ) ;
#3123 = CARTESIAN_POINT ( 'NONE',  ( -73.96044634561188502, -1.029191918782668802, 84.82690177355614480 ) ) ;
#3124 = CARTESIAN_POINT ( 'NONE',  ( -77.62873918676092444, 7.091179111388031586, 84.10918026443529527 ) ) ;
#3125 = APPROVAL_STATUS ( 'not_yet_approved' ) ;
#3126 = EDGE_LOOP ( 'NONE', ( #711, #351, #130, #1190 ) ) ;
#3127 = ADVANCED_FACE ( 'NONE', ( #3345 ), #666, .T. ) ;
#3128 = CARTESIAN_POINT ( 'NONE',  ( -88.10872409901153901, 1.234489294755473310, 76.24714188882401800 ) ) ;
#3129 = VECTOR ( 'NONE', #64, 1000.000000000000000 ) ;
#3130 = AXIS2_PLACEMENT_3D ( 'NONE', #349, #2123, #654 ) ;
#3131 = CARTESIAN_POINT ( 'NONE',  ( -87.82335133117136650, 3.949936044311587846, 79.57240975596647559 ) ) ;
#3132 = CARTESIAN_POINT ( 'NONE',  ( -66.02671217841947282, -3.954202257503840023, 86.42278836265653297 ) ) ;
#3133 = FACE_OUTER_BOUND ( 'NONE', #1876, .T. ) ;
#3134 = CARTESIAN_POINT ( 'NONE',  ( -92.66422838707637766, -6.476940941192550483, 77.30000944747457936 ) ) ;
#3135 = ORIENTED_EDGE ( 'NONE', *, *, #3685, .F. ) ;
#3136 = CARTESIAN_POINT ( 'NONE',  ( -64.61426862600985999, 0.5211591812067480900, 66.26347037897255632 ) ) ;
#3137 = VERTEX_POINT ( 'NONE', #445 ) ;
#3138 = CARTESIAN_POINT ( 'NONE',  ( -76.93856798039884382, 6.820216872520844298, 82.40449777710220758 ) ) ;
#3139 = DIRECTION ( 'NONE',  ( 0.8392759689940909595, 0.1891390082820872953, 0.5097472740634306776 ) ) ;
#3140 = DIRECTION ( 'NONE',  ( -0.2415631543415887317, -0.05443860796428284798, -0.9688568936780358465 ) ) ;
#3141 = DIRECTION ( 'NONE',  ( 0.000000000000000000, -1.000000000000000000, 0.000000000000000000 ) ) ;
#3142 = CARTESIAN_POINT ( 'NONE',  ( -81.26997621734025756, -8.414499197174595935, 86.20686367501643588 ) ) ;
#3143 = CARTESIAN_POINT ( 'NONE',  ( -60.96542879555850192, 10.00000000000000000, 65.55983515722148525 ) ) ;
#3144 = EDGE_CURVE ( 'NONE', #2742, #3428, #1360, .T. ) ;
#3145 = EDGE_LOOP ( 'NONE', ( #661, #1540, #159, #2969 ) ) ;
#3146 = CARTESIAN_POINT ( 'NONE',  ( -68.93830516468952396, 4.281415586462288481, 83.13038501100145083 ) ) ;
#3147 = EDGE_CURVE ( 'NONE', #2750, #3192, #3645, .T. ) ;
#3148 = AXIS2_PLACEMENT_3D ( 'NONE', #3667, #798, #1983 ) ;
#3149 = EDGE_CURVE ( 'NONE', #112, #3323, #2390, .T. ) ;
#3150 = CARTESIAN_POINT ( 'NONE',  ( -64.80777804666834641, -14.08234068259056926, 77.14066190529230482 ) ) ;
#3151 = CARTESIAN_POINT ( 'NONE',  ( -64.50839040154255599, -4.637112693119713747, 88.71367961465851693 ) ) ;
#3152 =( BOUNDED_SURFACE ( )  B_SPLINE_SURFACE ( 3, 2, ( 
 ( #2478, #3610, #2985 ),
 ( #2195, #1026, #3287 ),
 ( #1914, #1859, #121 ),
 ( #3343, #2423, #2176 ) ),
 .UNSPECIFIED., .F., .F., .F. ) 
 B_SPLINE_SURFACE_WITH_KNOTS ( ( 4, 4 ),
 ( 3, 3 ),
 ( 0.01380222456060005605, 0.01759563805982924251 ),
 ( 0.000000000000000000, 1.000000000000000000 ),
 .UNSPECIFIED. ) 
 GEOMETRIC_REPRESENTATION_ITEM ( )  RATIONAL_B_SPLINE_SURFACE ( (
 ( 1.000000000000000000, 0.5828139178486665406, 1.000000000000000000),
 ( 1.000000000000000000, 0.5787693509403660785, 1.000000000000000000),
 ( 1.000000000000000000, 0.5760077011250225310, 1.000000000000000000),
 ( 1.000000000000000000, 0.5743947504022686168, 1.000000000000000000) ) ) 
 REPRESENTATION_ITEM ( '' )  SURFACE ( )  );
#3153 = CARTESIAN_POINT ( 'NONE',  ( -87.62460455704159301, 1.739929992356329613, 78.63126579309653152 ) ) ;
#3154 = CARTESIAN_POINT ( 'NONE',  ( -85.55780382988768906, 5.493317991127680600, 80.80510744352584140 ) ) ;
#3155 = ORIENTED_EDGE ( 'NONE', *, *, #1480, .T. ) ;
#3156 = CARTESIAN_POINT ( 'NONE',  ( -86.04003268549818984, -9.489477849217177408, 74.32974535230735569 ) ) ;
#3157 = VERTEX_POINT ( 'NONE', #1584 ) ;
#3158 = CARTESIAN_POINT ( 'NONE',  ( -90.13383043053789834, -9.304614702680458649, 76.09217702163199704 ) ) ;
#3159 = CARTESIAN_POINT ( 'NONE',  ( -59.09736733651975982, -2.670070447755442000, 88.57101345230948652 ) ) ;
#3160 = CARTESIAN_POINT ( 'NONE',  ( -85.43392387456037795, -9.352885329417231830, 74.69393226764552196 ) ) ;
#3161 = CARTESIAN_POINT ( 'NONE',  ( -75.66339849242305604, -2.398741447276203864, 84.61578285084077322 ) ) ;
#3162 = CARTESIAN_POINT ( 'NONE',  ( -83.56279590698667903, 2.738956911593305232, 82.27694783888499330 ) ) ;
#3163 = ORIENTED_EDGE ( 'NONE', *, *, #946, .F. ) ;
#3164 = CARTESIAN_POINT ( 'NONE',  ( -88.90823526512185992, -0.9681018202533061556, 75.10953227376897701 ) ) ;
#3165 = EDGE_CURVE ( 'NONE', #164, #595, #807, .T. ) ;
#3166 = VECTOR ( 'NONE', #3460, 1000.000000000000000 ) ;
#3167 = PLANE ( 'NONE',  #3431 ) ;
#3168 = EDGE_CURVE ( 'NONE', #2679, #3316, #2791, .T. ) ;
#3169 = CARTESIAN_POINT ( 'NONE',  ( -65.24214956157115353, -4.802472461507384160, 88.69015353611126784 ) ) ;
#3170 = CARTESIAN_POINT ( 'NONE',  ( -71.55432652774275937, -2.793094981240366703, 83.87275051868367370 ) ) ;
#3171 = CARTESIAN_POINT ( 'NONE',  ( -62.71511110779744058, -1.470058964952609903, 84.73641339162556108 ) ) ;
#3172 = CARTESIAN_POINT ( 'NONE',  ( -76.70993035708218599, 8.311619361607316847, 83.79529070529791568 ) ) ;
#3173 = VERTEX_POINT ( 'NONE', #2318 ) ;
#3174 = DIRECTION ( 'NONE',  ( 0.000000000000000000, 1.000000000000000000, 0.000000000000000000 ) ) ;
#3175 = VERTEX_POINT ( 'NONE', #1730 ) ;
#3176 = CARTESIAN_POINT ( 'NONE',  ( -73.75864651598332955, 9.283481101907145916E-15, 84.66655204910082944 ) ) ;
#3177 = CARTESIAN_POINT ( 'NONE',  ( -59.82938340878941830, -1.797687664245547490, 88.91695273399182042 ) ) ;
#3178 = B_SPLINE_CURVE_WITH_KNOTS ( 'NONE', 3,
 ( #1577, #129, #731, #109, #2952, #147, #1887 ),
 .UNSPECIFIED., .F., .F.,
 ( 4, 3, 4 ),
 ( 4.371456231497731789E-13, 0.001043488547016284450, 0.001816968689471716667 ),
 .UNSPECIFIED. ) ;
#3179 = DIRECTION ( 'NONE',  ( 0.000000000000000000, 1.000000000000000000, 0.000000000000000000 ) ) ;
#3180 = B_SPLINE_SURFACE_WITH_KNOTS ( 'NONE', 3, 1, ( 
 ( #1313, #165 ),
 ( #3575, #183 ),
 ( #1330, #1071 ),
 ( #2484, #3596 ),
 ( #145, #748 ),
 ( #3635, #1592 ),
 ( #2146, #1648 ),
 ( #1575, #1632 ),
 ( #3365, #712 ),
 ( #1294, #3615 ),
 ( #1920, #453 ),
 ( #2203, #3311 ),
 ( #2726, #203 ),
 ( #3348, #1883 ),
 ( #2780, #769 ),
 ( #3655, #3065 ),
 ( #1615, #2464 ) ),
 .UNSPECIFIED., .F., .F., .F.,
 ( 4, 1, 1, 1, 1, 1, 1, 1, 1, 1, 1, 1, 1, 1, 4 ),
 ( 2, 2 ),
 ( 0.000000000000000000, 0.02676898900162416606, 0.05353797800324833212, 0.1070759560064967753, 0.1606139340097452184, 0.2141519120129935505, 0.3212278680194902147, 0.4283038240259869900, 0.5353797800324837652, 0.6424557360389805405, 0.6959937140422289836, 0.7495316920454773157, 0.8030696700487256479, 0.8298386590503499249, 0.8301268139759058196 ),
 ( 0.000000000000000000, 1.000000000000000000 ),
 .UNSPECIFIED. ) ;
#3181 = CARTESIAN_POINT ( 'NONE',  ( -92.76124695035667855, -10.92009562417692692, 76.28308152110059837 ) ) ;
#3182 = CARTESIAN_POINT ( 'NONE',  ( -84.71519259344476893, 6.442047806436169033, 81.07318446997675210 ) ) ;
#3183 = ORIENTED_EDGE ( 'NONE', *, *, #3444, .F. ) ;
#3184 = CARTESIAN_POINT ( 'NONE',  ( -62.62793320003883224, -0.7960916362886126807, 84.71231064015266554 ) ) ;
#3185 = B_SPLINE_CURVE_WITH_KNOTS ( 'NONE', 3,
 ( #2178, #783, #2723, #142, #1916, #161 ),
 .UNSPECIFIED., .F., .F.,
 ( 4, 2, 4 ),
 ( 0.000000000000000000, 0.0004463686860109445493, 0.0008927373720218890986 ),
 .UNSPECIFIED. ) ;
#3186 = ORIENTED_EDGE ( 'NONE', *, *, #3404, .T. ) ;
#3187 = LINE ( 'NONE', #1237, #3129 ) ;
#3188 = EDGE_CURVE ( 'NONE', #3173, #2750, #2018, .T. ) ;
#3189 = CARTESIAN_POINT ( 'NONE',  ( -67.51307277128975670, 2.583258195372404753, 83.64806005337952399 ) ) ;
#3190 = CARTESIAN_POINT ( 'NONE',  ( -61.57516299574066210, -2.828596222867234999, 85.18875165788304571 ) ) ;
#3191 = CARTESIAN_POINT ( 'NONE',  ( -80.89722073244826106, 7.963781411013181710, 82.19269227137472456 ) ) ;
#3192 = VERTEX_POINT ( 'NONE', #572 ) ;
#3193 = CARTESIAN_POINT ( 'NONE',  ( -67.95338235527917448, 3.123108292063863090, 73.35646042267484290 ) ) ;
#3194 = EDGE_LOOP ( 'NONE', ( #602, #3024, #690, #955, #3581, #2814 ) ) ;
#3195 = CARTESIAN_POINT ( 'NONE',  ( -70.26003542604345853, 4.986561860277977765, 84.73322122542761292 ) ) ;
#3196 = CARTESIAN_POINT ( 'NONE',  ( -86.22814012615103252, -9.531869691820508805, 78.35799452581576929 ) ) ;
#3197 = CARTESIAN_POINT ( 'NONE',  ( -66.40717129085982151, 2.036305631690994211, 79.22294427173370934 ) ) ;
#3198 = DIRECTION ( 'NONE',  ( -0.9702957262759973611, 0.000000000000000000, 0.2419218955996641218 ) ) ;
#3199 = CARTESIAN_POINT ( 'NONE',  ( -58.81041466081961033, -3.329026055734996437, 89.11821560037186885 ) ) ;
#3200 = B_SPLINE_CURVE_WITH_KNOTS ( 'NONE', 3,
 ( #2991, #416, #1275, #3472, #613, #332, #1475 ),
 .UNSPECIFIED., .F., .F.,
 ( 4, 3, 4 ),
 ( -0.0007673554760281918550, 2.631141832187822160E-15, 0.001035314124349734572 ),
 .UNSPECIFIED. ) ;
#3201 = ORIENTED_EDGE ( 'NONE', *, *, #1337, .F. ) ;
#3202 = CARTESIAN_POINT ( 'NONE',  ( -62.33208888623794763, -1.148665160109344718, 84.76381250226194197 ) ) ;
#3203 = DIRECTION ( 'NONE',  ( 0.000000000000000000, 0.000000000000000000, 1.000000000000000000 ) ) ;
#3204 = CARTESIAN_POINT ( 'NONE',  ( -90.31063073302632915, -9.344049552865222097, 78.16266704044716107 ) ) ;
#3205 = CARTESIAN_POINT ( 'NONE',  ( -84.33752356157910413, 6.257658681695336789, 81.28707093704146303 ) ) ;
#3206 = EDGE_CURVE ( 'NONE', #2651, #2742, #2381, .T. ) ;
#3207 = VERTEX_POINT ( 'NONE', #2284 ) ;
#3208 = FACE_OUTER_BOUND ( 'NONE', #3364, .T. ) ;
#3209 = CARTESIAN_POINT ( 'NONE',  ( -69.46213421453060732, -2.715454001006918805, 84.28981647651031039 ) ) ;
#3210 = B_SPLINE_CURVE_WITH_KNOTS ( 'NONE', 3,
 ( #1738, #1398, #1122, #3690, #3719, #1953, #2886, #1089, #2274, #1106, #3097, #546, #2006, #2256, #3395, #3128, #529, #2240, #1435, #1718, #240, #1135, #2864, #1972, #3113, #2593, #857, #1683, #2829, #255, #2554, #874, #3705, #3412, #563, #1699, #3146, #581, #290, #1152, #1368, #1514, #2058, #3550, #3184, #909 ),
 .UNSPECIFIED., .F., .F.,
 ( 4, 2, 2, 2, 2, 2, 2, 2, 2, 2, 2, 2, 2, 2, 2, 2, 2, 2, 2, 2, 2, 2, 4 ),
 ( 0.000000000000000000, 0.001393813848717245611, 0.002787627697434491222, 0.005575255394868982445, 0.006969069243586228923, 0.008362883092303473667, 0.01115051078973796489, 0.01254432463845522004, 0.01393813848717247519, 0.01672576618460698550, 0.01811958003332424932, 0.01951339388204150968, 0.02230102157947601998, 0.02369483542819326299, 0.02508864927691050947, 0.02787627697434501284, 0.03345153236921400569, 0.03484534621793126258, 0.03623916006664851946, 0.03902678776408304018, 0.04181441546151756783, 0.04320822931023484553, 0.04460204315895211630 ),
 .UNSPECIFIED. ) ;
#3211 = DIRECTION ( 'NONE',  ( 0.2419218955996600418, 0.000000000000000000, 0.9702957262759983603 ) ) ;
#3212 = CIRCLE ( 'NONE', #1407, 0.5000000000000031086 ) ;
#3213 = CARTESIAN_POINT ( 'NONE',  ( -83.14425019364654190, 7.224152514890699983, 81.31550037533591535 ) ) ;
#3214 = ORIENTED_EDGE ( 'NONE', *, *, #946, .T. ) ;
#3215 = CARTESIAN_POINT ( 'NONE',  ( -59.04186237767091683, -2.736218681870791425, 85.03988845500008154 ) ) ;
#3216 = EDGE_LOOP ( 'NONE', ( #735, #1557, #2725 ) ) ;
#3217 = CARTESIAN_POINT ( 'NONE',  ( -65.65976160972411435, 2.085897579344282882, 86.02125612010161149 ) ) ;
#3218 = CARTESIAN_POINT ( 'NONE',  ( -62.71511110779744058, -1.470058964952609903, 84.73641339162556108 ) ) ;
#3219 = CARTESIAN_POINT ( 'NONE',  ( -90.85438454968722510, -10.57443889988341468, 72.80586607659627418 ) ) ;
#3220 = FACE_OUTER_BOUND ( 'NONE', #604, .T. ) ;
#3221 = CARTESIAN_POINT ( 'NONE',  ( -63.34353645511417596, -2.872743713500303997, 89.04367729330077452 ) ) ;
#3222 = AXIS2_PLACEMENT_3D ( 'NONE', #2523, #962, #3349 ) ;
#3223 = ORIENTED_EDGE ( 'NONE', *, *, #492, .F. ) ;
#3224 = CARTESIAN_POINT ( 'NONE',  ( -58.94225738019181904, 1.300000000000000044, 68.08881796861685132 ) ) ;
#3225 = DIRECTION ( 'NONE',  ( 0.000000000000000000, 1.000000000000000000, 0.000000000000000000 ) ) ;
#3226 = CARTESIAN_POINT ( 'NONE',  ( -62.15671863197214009, -1.357603968104746039, 86.81503304922948416 ) ) ;
#3227 = CARTESIAN_POINT ( 'NONE',  ( -92.95967315340770654, -8.024688094801330607, 79.57467806334069849 ) ) ;
#3228 = ORIENTED_EDGE ( 'NONE', *, *, #1167, .T. ) ;
#3229 = DIRECTION ( 'NONE',  ( 0.000000000000000000, 1.000000000000000000, 0.000000000000000000 ) ) ;
#3230 = B_SPLINE_CURVE_WITH_KNOTS ( 'NONE', 3,
 ( #3317, #700, #999, #132 ),
 .UNSPECIFIED., .F., .F.,
 ( 4, 4 ),
 ( 0.000000000000000000, 0.05733963474504068930 ),
 .UNSPECIFIED. ) ;
#3231 = CARTESIAN_POINT ( 'NONE',  ( -60.01359448794246987, -3.479182094746223974, 85.19083134337930119 ) ) ;
#3232 = CARTESIAN_POINT ( 'NONE',  ( -63.02766901255701981, -3.278338690399055011, 85.70501840468614319 ) ) ;
#3233 = EDGE_CURVE ( 'NONE', #864, #2715, #2130, .T. ) ;
#3234 = VECTOR ( 'NONE', #233, 1000.000000000000114 ) ;
#3235 = CARTESIAN_POINT ( 'NONE',  ( -72.33920679166837431, -6.401863383941831742, 68.18951378390428886 ) ) ;
#3236 = ORIENTED_EDGE ( 'NONE', *, *, #1602, .T. ) ;
#3237 = CARTESIAN_POINT ( 'NONE',  ( -77.33909838833078254, 6.345391350256227803, 77.90069192764022432 ) ) ;
#3238 = ORIENTED_EDGE ( 'NONE', *, *, #2489, .T. ) ;
#3239 = B_SPLINE_CURVE_WITH_KNOTS ( 'NONE', 3,
 ( #2686, #1812, #98, #1752, #645, #1792, #2920 ),
 .UNSPECIFIED., .F., .F.,
 ( 4, 1, 1, 1, 4 ),
 ( 0.000000000000000000, 0.2499999999994446387, 0.4999999999988919974, 0.7499999999983379961, 0.7977050187109114843 ),
 .UNSPECIFIED. ) ;
#3240 = CARTESIAN_POINT ( 'NONE',  ( -88.59781610913650240, -0.3777430313575640408, 72.24324037403494003 ) ) ;
#3241 = B_SPLINE_CURVE_WITH_KNOTS ( 'NONE', 3,
 ( #469, #2479, #506, #1327 ),
 .UNSPECIFIED., .F., .F.,
 ( 4, 4 ),
 ( 0.9549035333724741337, 0.9780637346478272542 ),
 .UNSPECIFIED. ) ;
#3242 = CARTESIAN_POINT ( 'NONE',  ( -67.78268756714166443, -5.375007428109802810, 74.44214641920480346 ) ) ;
#3243 = ADVANCED_FACE ( 'NONE', ( #814 ), #2879, .T. ) ;
#3244 = CARTESIAN_POINT ( 'NONE',  ( -71.03569882670508662, -6.108105177004866881, 71.10405157197706671 ) ) ;
#3245 = CARTESIAN_POINT ( 'NONE',  ( -60.76420150481055771, -3.793323283065463958, 89.26871167953420638 ) ) ;
#3246 = LINE ( 'NONE', #2666, #2558 ) ;
#3247 = ORIENTED_EDGE ( 'NONE', *, *, #3507, .T. ) ;
#3248 = CARTESIAN_POINT ( 'NONE',  ( -91.58836853225206198, -7.177662106962114485, 76.16264547988923539 ) ) ;
#3249 = CARTESIAN_POINT ( 'NONE',  ( -65.02783134841709511, 2.851084399005675785, 88.02767952864169843 ) ) ;
#3250 = CARTESIAN_POINT ( 'NONE',  ( -61.71726385489046862, -1.881303669279182245, 86.90802798113168137 ) ) ;
#3251 = CARTESIAN_POINT ( 'NONE',  ( -66.81647489916136351, -5.157261999236082417, 87.24915475783897989 ) ) ;
#3252 = EDGE_CURVE ( 'NONE', #3555, #2451, #3008, .T. ) ;
#3253 = ORIENTED_EDGE ( 'NONE', *, *, #3710, .F. ) ;
#3254 = CARTESIAN_POINT ( 'NONE',  ( -65.96326386852801704, -3.939903563327601610, 85.67938311362478032 ) ) ;
#3255 = CARTESIAN_POINT ( 'NONE',  ( -61.78012365585917820, 0.5271140337886942584, 84.63032250740012330 ) ) ;
#3256 = DIRECTION ( 'NONE',  ( 0.000000000000000000, 0.000000000000000000, 1.000000000000000000 ) ) ;
#3257 = CARTESIAN_POINT ( 'NONE',  ( -93.10533258350717745, -9.954601077850604440, 79.87765054650060392 ) ) ;
#3258 = ORIENTED_EDGE ( 'NONE', *, *, #3710, .T. ) ;
#3259 = CARTESIAN_POINT ( 'NONE',  ( -92.73589708255336461, -10.99845606190469383, 79.63666520456727937 ) ) ;
#3260 = VERTEX_POINT ( 'NONE', #1446 ) ;
#3261 = CARTESIAN_POINT ( 'NONE',  ( -91.21861213755589404, -8.183381095225971791, 72.89667821365999600 ) ) ;
#3262 = PLANE ( 'NONE',  #87 ) ;
#3263 = FACE_OUTER_BOUND ( 'NONE', #3394, .T. ) ;
#3264 = CARTESIAN_POINT ( 'NONE',  ( -59.87430619141368027, -1.744150776235389388, 88.92669113852730334 ) ) ;
#3265 = ORIENTED_EDGE ( 'NONE', *, *, #2578, .T. ) ;
#3266 = CARTESIAN_POINT ( 'NONE',  ( -77.68738957194038619, 6.844795785413937850, 82.13000979920640532 ) ) ;
#3267 = CARTESIAN_POINT ( 'NONE',  ( -74.61512652658299771, -12.87027948883124928, 71.99650313170920413 ) ) ;
#3268 = CARTESIAN_POINT ( 'NONE',  ( -61.32121647215569027, -2.353356993864513580, 86.99078911863747976 ) ) ;
#3269 = CARTESIAN_POINT ( 'NONE',  ( -93.10541843089548308, -9.959561421785714685, 79.87837249970539233 ) ) ;
#3270 = EDGE_CURVE ( 'NONE', #1895, #2706, #1119, .T. ) ;
#3271 = ORIENTED_EDGE ( 'NONE', *, *, #3425, .F. ) ;
#3272 = PLANE ( 'NONE',  #3430 ) ;
#3273 = EDGE_CURVE ( 'NONE', #1600, #178, #83, .T. ) ;
#3274 = CARTESIAN_POINT ( 'NONE',  ( -58.81041466081961033, -3.329026055734996437, 85.11821560037185463 ) ) ;
#3275 = CARTESIAN_POINT ( 'NONE',  ( -60.21645319596667179, -3.669914963472484803, 87.23382009374380175 ) ) ;
#3276 = B_SPLINE_CURVE_WITH_KNOTS ( 'NONE', 3,
 ( #3280, #1039, #2207, #2189 ),
 .UNSPECIFIED., .F., .F.,
 ( 4, 4 ),
 ( 0.01945579008526888282, 0.04866287916627717869 ),
 .UNSPECIFIED. ) ;
#3277 = CARTESIAN_POINT ( 'NONE',  ( -93.26812288080732571, -8.535630838627394468, 79.21802130476454806 ) ) ;
#3278 = ORIENTED_EDGE ( 'NONE', *, *, #3621, .F. ) ;
#3279 = ORIENTED_EDGE ( 'NONE', *, *, #1042, .T. ) ;
#3280 = CARTESIAN_POINT ( 'NONE',  ( -92.73589536439064318, -10.99845567470580932, 76.30883075089461443 ) ) ;
#3281 = VECTOR ( 'NONE', #2538, 1000.000000000000000 ) ;
#3282 = CARTESIAN_POINT ( 'NONE',  ( -61.25319606753065216, -3.903522967155605539, 85.09999999999999432 ) ) ;
#3283 = CARTESIAN_POINT ( 'NONE',  ( -80.21002683916245246, -8.175629288318276622, 82.58151569475428744 ) ) ;
#3284 = CARTESIAN_POINT ( 'NONE',  ( -61.82317379601970231, 0.1402850853600769443, 88.65321668323537097 ) ) ;
#3285 = DIRECTION ( 'NONE',  ( 0.000000000000000000, 0.000000000000000000, 1.000000000000000000 ) ) ;
#3286 = ORIENTED_EDGE ( 'NONE', *, *, #2096, .T. ) ;
#3287 = CARTESIAN_POINT ( 'NONE',  ( -90.08683277156023905, -7.740270094701657833, 79.28941685376031501 ) ) ;
#3288 = FACE_OUTER_BOUND ( 'NONE', #3561, .T. ) ;
#3289 = CARTESIAN_POINT ( 'NONE',  ( -90.53619783257721565, -8.647056409552460465, 78.92639113771279824 ) ) ;
#3290 = CARTESIAN_POINT ( 'NONE',  ( -68.91990841353452879, 3.694695236982666664, 81.94938632335289697 ) ) ;
#3291 = VECTOR ( 'NONE', #342, 1000.000000000000000 ) ;
#3292 = EDGE_CURVE ( 'NONE', #254, #2175, #2112, .T. ) ;
#3293 = ORIENTED_EDGE ( 'NONE', *, *, #350, .T. ) ;
#3294 = CARTESIAN_POINT ( 'NONE',  ( -91.25294184029971234, -8.330896809900512068, 74.60887535721273878 ) ) ;
#3295 = CARTESIAN_POINT ( 'NONE',  ( -60.03342940104622016, -3.628636676879603673, 85.22360424117916011 ) ) ;
#3296 = CARTESIAN_POINT ( 'NONE',  ( -93.33665080136574943, -9.523657059800893165, 79.37339208228100063 ) ) ;
#3297 = ORIENTED_EDGE ( 'NONE', *, *, #1040, .T. ) ;
#3298 = ORIENTED_EDGE ( 'NONE', *, *, #1441, .F. ) ;
#3299 = AXIS2_PLACEMENT_3D ( 'NONE', #3002, #1609, #2159 ) ;
#3300 = CARTESIAN_POINT ( 'NONE',  ( -60.76542879555849908, -3.793599864980733649, 80.99999999999998579 ) ) ;
#3301 = CARTESIAN_POINT ( 'NONE',  ( -77.02435820172883041, 6.319260705764608410, 74.87382260985737048 ) ) ;
#3302 = CARTESIAN_POINT ( 'NONE',  ( -84.71519259344476893, 6.442047806436169033, 77.07318446997675210 ) ) ;
#3303 = CARTESIAN_POINT ( 'NONE',  ( -90.05417505527066169, -9.369024876022626458, 75.36584019704052650 ) ) ;
#3304 = CARTESIAN_POINT ( 'NONE',  ( -83.11007045352228317, 21.24279680825806693, 74.43438163344325176 ) ) ;
#3305 = ORIENTED_EDGE ( 'NONE', *, *, #3149, .T. ) ;
#3306 = CARTESIAN_POINT ( 'NONE',  ( -89.14411721901379337, -9.163934485030614141, 76.34803322220341215 ) ) ;
#3307 = CARTESIAN_POINT ( 'NONE',  ( -69.62131204386534478, 6.346192541492952088, 86.72499786862161386 ) ) ;
#3308 = FACE_OUTER_BOUND ( 'NONE', #2863, .T. ) ;
#3309 = CARTESIAN_POINT ( 'NONE',  ( -68.98506270307409238, 5.458736205509779893, 86.98008785541613008 ) ) ;
#3310 = ORIENTED_EDGE ( 'NONE', *, *, #786, .T. ) ;
#3311 = CARTESIAN_POINT ( 'NONE',  ( -90.00699079661120550, -3.179517905517309284, 65.73416240211768979 ) ) ;
#3312 = CARTESIAN_POINT ( 'NONE',  ( -60.96440828583575211, -0.4450176889471352815, 84.76162378540719544 ) ) ;
#3313 = CARTESIAN_POINT ( 'NONE',  ( -79.25513791177203871, -12.87027948883124928, 77.12656171043326481 ) ) ;
#3314 = CARTESIAN_POINT ( 'NONE',  ( -61.00398125444029063, -3.509304115086164799, 85.40831505500067067 ) ) ;
#3315 = EDGE_CURVE ( 'NONE', #2844, #2699, #3662, .T. ) ;
#3316 = VERTEX_POINT ( 'NONE', #2917 ) ;
#3317 = CARTESIAN_POINT ( 'NONE',  ( -91.83902695901200275, -10.79636019957662363, 78.90655358778475659 ) ) ;
#3318 = DIRECTION ( 'NONE',  ( 0.000000000000000000, 0.000000000000000000, -1.000000000000000000 ) ) ;
#3319 = VECTOR ( 'NONE', #2025, 1000.000000000000000 ) ;
#3320 = CARTESIAN_POINT ( 'NONE',  ( -87.35746983602551552, 0.05242376950386797019, 76.88379525444645424 ) ) ;
#3321 = CARTESIAN_POINT ( 'NONE',  ( -71.44175190950451793, 4.951946858482036973, 73.60964682294310535 ) ) ;
#3322 = CARTESIAN_POINT ( 'NONE',  ( -69.68268756714104484, 4.114301578123556347, 72.89214641920480631 ) ) ;
#3323 = VERTEX_POINT ( 'NONE', #2036 ) ;
#3324 = DIRECTION ( 'NONE',  ( 0.000000000000000000, 0.000000000000000000, 1.000000000000000000 ) ) ;
#3325 = CARTESIAN_POINT ( 'NONE',  ( -63.22463694289410796, 1.269120831083687673, 88.41646009523270777 ) ) ;
#3326 = CARTESIAN_POINT ( 'NONE',  ( -79.40499503150024907, 6.201175431025584217, 77.49747109736337336 ) ) ;
#3327 = CARTESIAN_POINT ( 'NONE',  ( -92.67089933239802235, -4.886881312535319211, 79.02364542673478809 ) ) ;
#3328 = VERTEX_POINT ( 'NONE', #113 ) ;
#3329 = CARTESIAN_POINT ( 'NONE',  ( -65.94454326245879372, -3.935684692542303242, 85.46003925969499448 ) ) ;
#3330 = DIRECTION ( 'NONE',  ( -0.3732787861277726549, -0.08412200757512078297, 0.9238974162040435312 ) ) ;
#3331 = CARTESIAN_POINT ( 'NONE',  ( -62.27412053572697204, -4.133598232718855847, 85.45504920556010120 ) ) ;
#3332 = DIRECTION ( 'NONE',  ( -0.3746065934159060751, 1.167932354876878680E-16, 0.9271838545667897558 ) ) ;
#3333 = ORIENTED_EDGE ( 'NONE', *, *, #1907, .F. ) ;
#3334 = FACE_OUTER_BOUND ( 'NONE', #2427, .T. ) ;
#3335 = EDGE_CURVE ( 'NONE', #1527, #3328, #622, .T. ) ;
#3336 = CARTESIAN_POINT ( 'NONE',  ( -80.35866544654325594, 6.033435198246874798, 75.70515877607256527 ) ) ;
#3337 = VECTOR ( 'NONE', #2810, 1000.000000000000000 ) ;
#3338 = CARTESIAN_POINT ( 'NONE',  ( -89.55095306610986938, -5.882485996286603402, 77.05029334615285563 ) ) ;
#3339 = CARTESIAN_POINT ( 'NONE',  ( -87.59775211267393047, -8.475658128158594096, 80.15195501577713344 ) ) ;
#3340 = EDGE_CURVE ( 'NONE', #215, #2016, #1371, .T. ) ;
#3341 = DIRECTION ( 'NONE',  ( -0.000000000000000000, 1.000000000000000000, -0.000000000000000000 ) ) ;
#3342 = ORIENTED_EDGE ( 'NONE', *, *, #1148, .T. ) ;
#3343 = CARTESIAN_POINT ( 'NONE',  ( -87.01132558061590316, -8.683289130864768168, 79.46486680777262279 ) ) ;
#3344 = CARTESIAN_POINT ( 'NONE',  ( -77.71339100995187721, -1.032408219603840882, 83.57851317097122035 ) ) ;
#3345 = FACE_OUTER_BOUND ( 'NONE', #2625, .T. ) ;
#3346 =( LENGTH_UNIT ( ) NAMED_UNIT ( * ) SI_UNIT ( .MILLI., .METRE. ) );
#3347 = EDGE_LOOP ( 'NONE', ( #3634, #1241, #2040, #281, #1729 ) ) ;
#3348 = CARTESIAN_POINT ( 'NONE',  ( -91.28224915469756695, -8.425305872208834757, 84.84974689653317625 ) ) ;
#3349 = DIRECTION ( 'NONE',  ( -0.9271838545667895337, 0.000000000000000000, -0.3746065934159067412 ) ) ;
#3350 = PLANE ( 'NONE',  #1815 ) ;
#3351 = VECTOR ( 'NONE', #3174, 1000.000000000000000 ) ;
#3352 = CARTESIAN_POINT ( 'NONE',  ( -75.17079756546684166, 1.333034886086334867E-14, 82.76732087348423761 ) ) ;
#3353 = EDGE_CURVE ( 'NONE', #1483, #3595, #3052, .T. ) ;
#3354 = CARTESIAN_POINT ( 'NONE',  ( -89.88724283673522564, -10.35648410168409228, 75.98581785871739669 ) ) ;
#3355 = CARTESIAN_POINT ( 'NONE',  ( -60.96440828583575211, -0.4450176889471352815, 84.76162378540719544 ) ) ;
#3356 = CARTESIAN_POINT ( 'NONE',  ( -89.76366495427326697, 0.1118167886262423499, 75.55731998389785531 ) ) ;
#3357 = CARTESIAN_POINT ( 'NONE',  ( -71.37652222257339929, 4.924478696273861367, 77.23657579105878312 ) ) ;
#3358 = CARTESIAN_POINT ( 'NONE',  ( -66.16163567842519910, -3.567241696632609482, 86.95486557846670905 ) ) ;
#3359 = ORIENTED_EDGE ( 'NONE', *, *, #1063, .F. ) ;
#3360 = CARTESIAN_POINT ( 'NONE',  ( -87.03580542648748519, -7.929036603193165611, 77.55246375737912956 ) ) ;
#3361 = CARTESIAN_POINT ( 'NONE',  ( -63.94609734690729397, -3.485315454604786201, 85.10646636605424931 ) ) ;
#3362 = CARTESIAN_POINT ( 'NONE',  ( -61.87445749232193748, -0.1284355147589985591, 88.67406680960256438 ) ) ;
#3363 = DATE_AND_TIME ( #1630, #2916 ) ;
#3364 = EDGE_LOOP ( 'NONE', ( #2667, #2935, #1221, #1017 ) ) ;
#3365 = CARTESIAN_POINT ( 'NONE',  ( -81.35734508148537714, 6.084291238779671041, 84.84974689653317625 ) ) ;
#3366 = VECTOR ( 'NONE', #717, 1000.000000000000114 ) ;
#3367 = CARTESIAN_POINT ( 'NONE',  ( -83.11007045352228317, 21.24279680825806693, 74.43438163344325176 ) ) ;
#3368 = CARTESIAN_POINT ( 'NONE',  ( -82.29987271319262732, 7.555024677682617096, 81.64501759699501804 ) ) ;
#3369 = B_SPLINE_CURVE_WITH_KNOTS ( 'NONE', 3,
 ( #637, #3455, #1457, #27, #2614, #1784, #2931 ),
 .UNSPECIFIED., .F., .F.,
 ( 4, 3, 4 ),
 ( 5.928999604480339826E-16, 0.001035292831118912564, 0.001802632471778350520 ),
 .UNSPECIFIED. ) ;
#3370 = CARTESIAN_POINT ( 'NONE',  ( -90.56078186436546673, -10.50827267713867030, 81.71521185568504109 ) ) ;
#3371 = CARTESIAN_POINT ( 'NONE',  ( -73.73739309721224799, -6.758865425545288907, 87.04900819590105243 ) ) ;
#3372 = CARTESIAN_POINT ( 'NONE',  ( -59.87430619141368027, -1.744150776235389388, 84.92669113852730334 ) ) ;
#3373 = ORIENTED_EDGE ( 'NONE', *, *, #1907, .T. ) ;
#3374 = CARTESIAN_POINT ( 'NONE',  ( -63.47796620679818602, -4.404896571721654830, 85.35598950320695621 ) ) ;
#3375 = CARTESIAN_POINT ( 'NONE',  ( -58.56980505994575736, -3.298794686161497403, 89.09999999999999432 ) ) ;
#3376 = PLANE ( 'NONE',  #2150 ) ;
#3377 = CARTESIAN_POINT ( 'NONE',  ( -74.61512652658299771, 5.968056863365379883, 71.99650313170920413 ) ) ;
#3378 = CARTESIAN_POINT ( 'NONE',  ( -65.00422745945753888, -3.723775374245213321, 85.78765736903304173 ) ) ;
#3379 = CARTESIAN_POINT ( 'NONE',  ( -86.15448369101548565, -2.992456990617251567, 82.22268018725719685 ) ) ;
#3380 = ORIENTED_EDGE ( 'NONE', *, *, #1846, .F. ) ;
#3381 = CARTESIAN_POINT ( 'NONE',  ( -79.18701783445520448, 6.237999614865858966, 78.99661401839009045 ) ) ;
#3382 = LINE ( 'NONE', #3045, #100 ) ;
#3383 = CARTESIAN_POINT ( 'NONE',  ( -73.53844856805102381, 7.776106768202751596, 84.93076444942281000 ) ) ;
#3384 = CARTESIAN_POINT ( 'NONE',  ( -82.31626072792320770, -8.650289595106292140, 85.10512811914624365 ) ) ;
#3385 = CARTESIAN_POINT ( 'NONE',  ( -65.22188085213970510, -3.152161464113392597, 86.97166024092392433 ) ) ;
#3386 = CARTESIAN_POINT ( 'NONE',  ( -67.04379904852359573, -4.844097754921809162, 87.65424490948086600 ) ) ;
#3387 = CARTESIAN_POINT ( 'NONE',  ( -61.78012365585917820, 0.5271140337886942584, 88.36888903561380459 ) ) ;
#3388 = CARTESIAN_POINT ( 'NONE',  ( -71.27606146325605607, -6.162273236600960047, 84.77426662227030363 ) ) ;
#3389 = CARTESIAN_POINT ( 'NONE',  ( -89.58938894017899202, -1.152964661801904267, 77.92479552788356045 ) ) ;
#3390 = CARTESIAN_POINT ( 'NONE',  ( -59.78018165955155894, -1.856324025230764452, 88.45243079840132339 ) ) ;
#3391 = CARTESIAN_POINT ( 'NONE',  ( -69.68268756714165590, 10.32832126602183997, 75.39214641920482052 ) ) ;
#3392 = CARTESIAN_POINT ( 'NONE',  ( -79.26748338404928518, 4.221984640411056589, 83.91570587622045707 ) ) ;
#3393 = VECTOR ( 'NONE', #158, 1000.000000000000114 ) ;
#3394 = EDGE_LOOP ( 'NONE', ( #663, #1030, #1737, #2104, #3539, #1159, #1210, #2387 ) ) ;
#3395 = CARTESIAN_POINT ( 'NONE',  ( -88.62888020225406649, 0.4772155636102962672, 76.11581507404153513 ) ) ;
#3396 = LOCAL_TIME ( 19, 36, 1.000000000000000000, #2813 ) ;
#3397 = CARTESIAN_POINT ( 'NONE',  ( -66.18020900831007225, 1.856919964892091768, 69.89344199273124048 ) ) ;
#3398 = CARTESIAN_POINT ( 'NONE',  ( -62.33204315830429465, -1.148693143884660151, 86.77704220637497201 ) ) ;
#3399 = CARTESIAN_POINT ( 'NONE',  ( -66.05712093443271726, -3.961055166639805947, 86.42087979077625448 ) ) ;
#3400 = CARTESIAN_POINT ( 'NONE',  ( -75.82652938841192736, 7.911958800162401495, 83.18454167518270026 ) ) ;
#3401 = VECTOR ( 'NONE', #76, 1000.000000000000114 ) ;
#3402 = CARTESIAN_POINT ( 'NONE',  ( -67.52126321709430101, 5.246217263136059294, 83.34254338741591539 ) ) ;
#3403 = CARTESIAN_POINT ( 'NONE',  ( -90.13506042909114058, -9.255607965802717274, 75.98274525496906051 ) ) ;
#3404 = EDGE_CURVE ( 'NONE', #1727, #1524, #2865, .T. ) ;
#3405 = CARTESIAN_POINT ( 'NONE',  ( -78.32092204961308823, -7.749901137341429269, 78.15113026494321957 ) ) ;
#3406 = CC_DESIGN_PERSON_AND_ORGANIZATION_ASSIGNMENT ( #1936, #801, ( #995 ) ) ;
#3407 = CARTESIAN_POINT ( 'NONE',  ( -75.09062235295832011, 7.631622270564331956, 84.94265104298375491 ) ) ;
#3408 = CARTESIAN_POINT ( 'NONE',  ( -71.30766702676372404, -5.512969032179576345, 88.67517350249110564 ) ) ;
#3409 = CARTESIAN_POINT ( 'NONE',  ( -81.24060260405006773, -0.4661403357506908041, 84.02945496524664293 ) ) ;
#3410 = VECTOR ( 'NONE', #1570, 1000.000000000000227 ) ;
#3411 = VERTEX_POINT ( 'NONE', #3354 ) ;
#3412 = CARTESIAN_POINT ( 'NONE',  ( -70.52849468674382649, 5.098772869208657355, 82.64630972904481609 ) ) ;
#3413 = CARTESIAN_POINT ( 'NONE',  ( -69.68268756714165590, -3.500000000000000000, 76.34214641920482336 ) ) ;
#3414 = LINE ( 'NONE', #2889, #2354 ) ;
#3415 = CARTESIAN_POINT ( 'NONE',  ( -64.21452369691938600, -2.931021331564178656, 87.00621501966632820 ) ) ;
#3416 = CARTESIAN_POINT ( 'NONE',  ( -92.21945846825008175, -10.04967904810941803, 78.44293023909241924 ) ) ;
#3417 = VERTEX_POINT ( 'NONE', #3050 ) ;
#3418 = DIRECTION ( 'NONE',  ( 0.000000000000000000, 0.000000000000000000, 1.000000000000000000 ) ) ;
#3419 = ORIENTED_EDGE ( 'NONE', *, *, #3273, .F. ) ;
#3420 = EDGE_CURVE ( 'NONE', #1727, #1088, #426, .T. ) ;
#3421 = CARTESIAN_POINT ( 'NONE',  ( -87.42726464537878428, 1.300000000000000266, 75.19092794101965183 ) ) ;
#3422 = CARTESIAN_POINT ( 'NONE',  ( -61.14692972212679933, -0.2274971115271860467, 88.23262536388642729 ) ) ;
#3423 = EDGE_CURVE ( 'NONE', #961, #440, #417, .T. ) ;
#3424 = CARTESIAN_POINT ( 'NONE',  ( -87.42726464537878428, 1.300000000000000266, 75.29195464932541881 ) ) ;
#3425 = EDGE_CURVE ( 'NONE', #1600, #1470, #3230, .T. ) ;
#3426 = CARTESIAN_POINT ( 'NONE',  ( -90.57753745467464057, -9.820701612284143067, 81.50346370908766858 ) ) ;
#3427 = CARTESIAN_POINT ( 'NONE',  ( -80.00020220030103246, -0.07395886194496140154, 84.47662940403071730 ) ) ;
#3428 = VERTEX_POINT ( 'NONE', #736 ) ;
#3429 = CARTESIAN_POINT ( 'NONE',  ( -83.12679514496913669, 5.051311176872022912, 77.45915237124644648 ) ) ;
#3430 = AXIS2_PLACEMENT_3D ( 'NONE', #1760, #695, #1844 ) ;
#3431 = AXIS2_PLACEMENT_3D ( 'NONE', #329, #597, #3706 ) ;
#3432 = CARTESIAN_POINT ( 'NONE',  ( -65.65181898969578356, -14.08234068259056926, 79.49387139160953097 ) ) ;
#3433 = CARTESIAN_POINT ( 'NONE',  ( -60.83870631962238207, -3.810113668237201434, 88.66171878330584377 ) ) ;
#3434 = CARTESIAN_POINT ( 'NONE',  ( -92.67089933239802235, -4.886881312535319211, 75.02364542673478809 ) ) ;
#3435 = CARTESIAN_POINT ( 'NONE',  ( -81.56699189376331560, 3.357525564380622995, 81.45406515467212216 ) ) ;
#3436 = CARTESIAN_POINT ( 'NONE',  ( -79.03859203847635229, 8.262899655878527483, 82.91283297338100056 ) ) ;
#3437 = EDGE_LOOP ( 'NONE', ( #2013, #3183, #981, #684 ) ) ;
#3438 = CARTESIAN_POINT ( 'NONE',  ( -85.71811691303230418, -9.416930996674420129, 74.76478955034812657 ) ) ;
#3439 = EDGE_LOOP ( 'NONE', ( #1171, #1454, #472, #382 ) ) ;
#3440 = CARTESIAN_POINT ( 'NONE',  ( -86.40156157594579156, 3.255847562057776923, 78.76879360276086572 ) ) ;
#3441 = EDGE_CURVE ( 'NONE', #1513, #182, #2290, .T. ) ;
#3442 = CARTESIAN_POINT ( 'NONE',  ( -86.62940375019906014, -9.622298354981408508, 71.96590712322911543 ) ) ;
#3443 = LINE ( 'NONE', #2534, #2376 ) ;
#3444 = EDGE_CURVE ( 'NONE', #2742, #587, #1700, .T. ) ;
#3445 = ADVANCED_FACE ( 'NONE', ( #2731 ), #3013, .F. ) ;
#3446 = DIRECTION ( 'NONE',  ( 0.000000000000000000, 0.000000000000000000, -1.000000000000000000 ) ) ;
#3447 = CARTESIAN_POINT ( 'NONE',  ( -71.35986574897628998, -5.045051701835857827, 88.46804678501884212 ) ) ;
#3448 = CARTESIAN_POINT ( 'NONE',  ( -74.08071987403093317, -12.87027948883124928, 74.13989114451979390 ) ) ;
#3449 = ORIENTED_EDGE ( 'NONE', *, *, #2510, .F. ) ;
#3450 = CARTESIAN_POINT ( 'NONE',  ( -86.75276121233116555, 2.162614041108894103, 75.97088852889631028 ) ) ;
#3451 = CARTESIAN_POINT ( 'NONE',  ( -59.09736733651973850, -2.670070447755455323, 88.57101345230947231 ) ) ;
#3452 = CC_DESIGN_APPROVAL ( #903, ( #995 ) ) ;
#3453 = CARTESIAN_POINT ( 'NONE',  ( -59.83426042823807478, -2.979698568366499600, 89.08496914889785501 ) ) ;
#3454 = CARTESIAN_POINT ( 'NONE',  ( -71.88976967457271883, 0.6265244554082310957, 83.05809560281596760 ) ) ;
#3455 = CARTESIAN_POINT ( 'NONE',  ( -65.76663500124068662, -4.578977324459254206, 85.09278926682026167 ) ) ;
#3456 = CARTESIAN_POINT ( 'NONE',  ( -90.70636074213371103, -0.05083620252728070915, 78.78617911848786548 ) ) ;
#3457 = ORIENTED_EDGE ( 'NONE', *, *, #2872, .F. ) ;
#3458 = DIRECTION ( 'NONE',  ( 0.6982962682350908334, 0.1573678605621149917, 0.6982962682350871697 ) ) ;
#3459 = ORIENTED_EDGE ( 'NONE', *, *, #1868, .F. ) ;
#3460 = DIRECTION ( 'NONE',  ( 0.000000000000000000, 0.000000000000000000, 1.000000000000000000 ) ) ;
#3461 = AXIS2_PLACEMENT_3D ( 'NONE', #3143, #578, #1715 ) ;
#3462 = DIRECTION ( 'NONE',  ( 0.9718223404842120106, 0.2190096231718909048, 0.08715574274765082452 ) ) ;
#3463 = CARTESIAN_POINT ( 'NONE',  ( -82.81338141051490709, 5.168117582147942812, 76.31718820491681754 ) ) ;
#3464 = CARTESIAN_POINT ( 'NONE',  ( -65.65181898969576935, 1.414787272007490104, 79.49387139160954519 ) ) ;
#3465 = CARTESIAN_POINT ( 'NONE',  ( -81.33807942457721651, -4.580561689028828098, 85.00926709843049878 ) ) ;
#3466 = EDGE_CURVE ( 'NONE', #843, #2239, #150, .T. ) ;
#3467 = ORIENTED_EDGE ( 'NONE', *, *, #1443, .T. ) ;
#3468 = CARTESIAN_POINT ( 'NONE',  ( -79.40648789303649835, 6.734157393507357092, 81.46147921253255220 ) ) ;
#3469 = AXIS2_PLACEMENT_3D ( 'NONE', #964, #643, #2898 ) ;
#3470 = DIRECTION ( 'NONE',  ( -0.000000000000000000, -0.000000000000000000, -1.000000000000000000 ) ) ;
#3471 = ORIENTED_EDGE ( 'NONE', *, *, #1174, .T. ) ;
#3472 = CARTESIAN_POINT ( 'NONE',  ( -62.98111678959572401, -3.267847693862093728, 85.15957965363460858 ) ) ;
#3473 = CARTESIAN_POINT ( 'NONE',  ( -78.41204855902653037, 0.3139153537071737166, 81.03587794710333014 ) ) ;
#3474 = CARTESIAN_POINT ( 'NONE',  ( -59.80777804666834641, -3.577783947905977424, 79.64066190529230482 ) ) ;
#3475 = CARTESIAN_POINT ( 'NONE',  ( -87.70202738693195954, 3.673757310245637786, 80.00517175706066553 ) ) ;
#3476 = VERTEX_POINT ( 'NONE', #172 ) ;
#3477 = CARTESIAN_POINT ( 'NONE',  ( -65.47922601867354331, 1.299049202709413597, 74.24388215868617635 ) ) ;
#3478 = EDGE_LOOP ( 'NONE', ( #2440, #3012, #1746, #2005 ) ) ;
#3479 = CARTESIAN_POINT ( 'NONE',  ( -75.14287980278029977, 1.845465154240841565, 83.86717989817687169 ) ) ;
#3480 = CARTESIAN_POINT ( 'NONE',  ( -63.10973623206597694, -3.296833337075380399, 86.66657596013186549 ) ) ;
#3481 = B_SPLINE_CURVE_WITH_KNOTS ( 'NONE', 3,
 ( #1430, #1101, #3090, #1379 ),
 .UNSPECIFIED., .F., .F.,
 ( 4, 4 ),
 ( 0.0002795318775057902710, 0.01485265790055775165 ),
 .UNSPECIFIED. ) ;
#3482 = ADVANCED_FACE ( 'NONE', ( #1057 ), #1927, .T. ) ;
#3483 = CARTESIAN_POINT ( 'NONE',  ( -69.65508964829497529, 4.123662700551235183, 78.05799228202545237 ) ) ;
#3484 = CARTESIAN_POINT ( 'NONE',  ( -60.73483419446170473, -3.568265638639573911, 89.22034710405658586 ) ) ;
#3485 = ORIENTED_EDGE ( 'NONE', *, *, #1885, .T. ) ;
#3486 = CARTESIAN_POINT ( 'NONE',  ( -90.01448495477198719, -1.880509563417645635, 75.82760914663519713 ) ) ;
#3487 = CARTESIAN_POINT ( 'NONE',  ( -90.46633207753710337, -8.901302642887136685, 78.78624283030120523 ) ) ;
#3488 = FACE_OUTER_BOUND ( 'NONE', #2574, .T. ) ;
#3489 = ORIENTED_EDGE ( 'NONE', *, *, #495, .T. ) ;
#3490 = CARTESIAN_POINT ( 'NONE',  ( 11.25570708026492284, 12.43706408612037784, 47.34696086036728957 ) ) ;
#3491 = CARTESIAN_POINT ( 'NONE',  ( -69.34499433081386144, -5.727088463234804472, 85.02986716567285441 ) ) ;
#3492 = CARTESIAN_POINT ( 'NONE',  ( -77.74071508899896799, 5.136407792150077256E-14, 83.33598445016664868 ) ) ;
#3493 = B_SPLINE_CURVE_WITH_KNOTS ( 'NONE', 3,
 ( #2457, #2494, #2174, #1045 ),
 .UNSPECIFIED., .F., .F.,
 ( 4, 4 ),
 ( 0.9924769575362824003, 1.000000000000000000 ),
 .UNSPECIFIED. ) ;
#3494 = CARTESIAN_POINT ( 'NONE',  ( -90.71612327823724797, -0.07012129388776647265, 79.07269714383107839 ) ) ;
#3495 = ORIENTED_EDGE ( 'NONE', *, *, #3353, .F. ) ;
#3496 = CARTESIAN_POINT ( 'NONE',  ( -59.00453801630698791, -2.815612350178433587, 85.04647397971044143 ) ) ;
#3497 = ORIENTED_EDGE ( 'NONE', *, *, #1801, .F. ) ;
#3498 = CARTESIAN_POINT ( 'NONE',  ( -66.77356347645407197, 2.906418794722452681, 85.73409307738283758 ) ) ;
#3499 = CARTESIAN_POINT ( 'NONE',  ( -63.13717116386319361, -3.232549727970934761, 86.81095142212006976 ) ) ;
#3500 = CARTESIAN_POINT ( 'NONE',  ( -67.19128657595022958, 2.607193487512065033, 78.94170054544491677 ) ) ;
#3501 = CARTESIAN_POINT ( 'NONE',  ( -70.79568386742131736, -6.054015469868067711, 84.35155678312497685 ) ) ;
#3502 = CARTESIAN_POINT ( 'NONE',  ( -65.24940077141599204, 2.959328041198909354, 87.98837171005564528 ) ) ;
#3503 = CARTESIAN_POINT ( 'NONE',  ( -62.03652493008618052, -4.080053750469446072, 87.32916296175821458 ) ) ;
#3504 = ORIENTED_EDGE ( 'NONE', *, *, #2158, .T. ) ;
#3505 = FACE_OUTER_BOUND ( 'NONE', #2530, .T. ) ;
#3506 = CARTESIAN_POINT ( 'NONE',  ( -75.17720459376785413, 8.182151131330241967, 80.85872342047836980 ) ) ;
#3507 = EDGE_CURVE ( 'NONE', #92, #435, #3276, .T. ) ;
#3508 = CARTESIAN_POINT ( 'NONE',  ( -91.18297681806096477, -10.36671149080622101, 74.99529500264071658 ) ) ;
#3509 = CARTESIAN_POINT ( 'NONE',  ( -92.55344251522298293, -5.639254921135934850, 79.26332479663028607 ) ) ;
#3510 = ORIENTED_EDGE ( 'NONE', *, *, #3042, .T. ) ;
#3511 = LINE ( 'NONE', #2105, #2660 ) ;
#3512 = AXIS2_PLACEMENT_3D ( 'NONE', #75, #2378, #361 ) ;
#3513 = CARTESIAN_POINT ( 'NONE',  ( -61.21492251412371388, -3.627044999042897455, 85.23337717661956958 ) ) ;
#3514 = LINE ( 'NONE', #937, #115 ) ;
#3515 = CARTESIAN_POINT ( 'NONE',  ( -79.50355223007122163, 8.212299985598946250, 82.73367953406270203 ) ) ;
#3516 = ORIENTED_EDGE ( 'NONE', *, *, #3423, .F. ) ;
#3517 = CARTESIAN_POINT ( 'NONE',  ( -75.43098771616560327, 6.132467932040526648, 78.67161868099091748 ) ) ;
#3518 = ORIENTED_EDGE ( 'NONE', *, *, #2676, .T. ) ;
#3519 = CARTESIAN_POINT ( 'NONE',  ( -75.87621273254235632, 1.889431999199226997, 83.61316296801410886 ) ) ;
#3520 = DIRECTION ( 'NONE',  ( -0.9478986130028137502, -0.2136181783343418239, 0.2363376680778142835 ) ) ;
#3521 = CARTESIAN_POINT ( 'NONE',  ( -65.07434373922981763, -2.979807535419074949, 84.82603433687144445 ) ) ;
#3522 = FACE_BOUND ( 'NONE', #705, .T. ) ;
#3523 = EDGE_CURVE ( 'NONE', #3260, #1201, #2152, .T. ) ;
#3524 = CARTESIAN_POINT ( 'NONE',  ( -63.06641917710047096, 1.878124132402628543, 88.39907744805940126 ) ) ;
#3525 = AXIS2_PLACEMENT_3D ( 'NONE', #3730, #1142, #2300 ) ;
#3526 = DIRECTION ( 'NONE',  ( 0.9755345439458565915, 0.2198462043528372212, 0.000000000000000000 ) ) ;
#3527 = ORIENTED_EDGE ( 'NONE', *, *, #1582, .T. ) ;
#3528 = DIRECTION ( 'NONE',  ( -0.000000000000000000, 1.000000000000000000, -0.000000000000000000 ) ) ;
#3529 = DIRECTION ( 'NONE',  ( 0.000000000000000000, 0.1625281627501269366, 0.9867039050865605843 ) ) ;
#3530 = CARTESIAN_POINT ( 'NONE',  ( -61.77967554832579822, -1.806921142505234057, 86.89494839859057151 ) ) ;
#3531 = CARTESIAN_POINT ( 'NONE',  ( -76.87085568419530546, 7.873741695490364734, 84.27730981151219680 ) ) ;
#3532 = VERTEX_POINT ( 'NONE', #3300 ) ;
#3533 = CARTESIAN_POINT ( 'NONE',  ( -64.80777804666834641, -4.704582612887673321, 79.64066190529230482 ) ) ;
#3534 = CARTESIAN_POINT ( 'NONE',  ( -58.79016532119923966, -3.065791114256749328, 85.07468563724972910 ) ) ;
#3535 = CARTESIAN_POINT ( 'NONE',  ( -62.92273950908366942, -3.254691805512818892, 84.47559016942116727 ) ) ;
#3536 = CARTESIAN_POINT ( 'NONE',  ( -93.26378534087750438, -8.490100044406100110, 79.50474328160716198 ) ) ;
#3537 = ORIENTED_EDGE ( 'NONE', *, *, #2144, .F. ) ;
#3538 = DIRECTION ( 'NONE',  ( -0.7660444431099614482, -0.6427876096972848785, 0.000000000000000000 ) ) ;
#3539 = ORIENTED_EDGE ( 'NONE', *, *, #1548, .F. ) ;
#3540 = CARTESIAN_POINT ( 'NONE',  ( -78.32092204961308823, 6.302360446516887649, 78.15113026494321957 ) ) ;
#3541 = AXIS2_PLACEMENT_3D ( 'NONE', #479, #1908, #1890 ) ;
#3542 = CARTESIAN_POINT ( 'NONE',  ( -89.78526326300367089, -7.670273041484397147, 79.45422976629632217 ) ) ;
#3543 = ADVANCED_FACE ( 'NONE', ( #3334 ), #498, .T. ) ;
#3544 =( BOUNDED_CURVE ( )  B_SPLINE_CURVE ( 3, ( #34, #3442, #2824, #1447 ),
 .UNSPECIFIED., .F., .T. ) 
 B_SPLINE_CURVE_WITH_KNOTS ( ( 4, 4 ),
 ( 0.2443460952805958097, 1.815142422079497164 ),
 .UNSPECIFIED. ) 
 CURVE ( )  GEOMETRIC_REPRESENTATION_ITEM ( )  RATIONAL_B_SPLINE_CURVE ( ( 1.000000000000000000, 0.8047378541234211369, 0.8047378541234211369, 1.000000000000000000 ) ) 
 REPRESENTATION_ITEM ( '' )  );
#3545 = CARTESIAN_POINT ( 'NONE',  ( -70.52672851016907885, 4.540485776241824922, 77.74535590552204667 ) ) ;
#3546 = CARTESIAN_POINT ( 'NONE',  ( -63.26453481380997346, -1.297366904840095980, 88.76161976977599011 ) ) ;
#3547 = EDGE_CURVE ( 'NONE', #2077, #3568, #2433, .T. ) ;
#3548 = ADVANCED_FACE ( 'NONE', ( #1339, #1637 ), #362, .F. ) ;
#3549 = VERTEX_POINT ( 'NONE', #1139 ) ;
#3550 = CARTESIAN_POINT ( 'NONE',  ( -62.93496534119677221, -0.4542032499870705675, 84.64593258736510961 ) ) ;
#3551 = CARTESIAN_POINT ( 'NONE',  ( -68.76764202814122484, 5.915178465329543833, 86.97873826516757845 ) ) ;
#3552 = CARTESIAN_POINT ( 'NONE',  ( -61.36362437618346632, -2.302802611108679010, 86.98191268512395879 ) ) ;
#3553 = CARTESIAN_POINT ( 'NONE',  ( -81.81651424223908009, 7.324249938140380500, 82.30789991630868485 ) ) ;
#3554 = B_SPLINE_SURFACE_WITH_KNOTS ( 'NONE', 3, 3, ( 
 ( #688, #1770, #1834, #2623, #2981, #408, #117 ),
 ( #2038, #3181, #2900, #323, #135, #1583, #2733 ),
 ( #464, #3604, #211, #3565, #756, #2420, #155 ),
 ( #1639, #1622, #1567, #1856, #2719, #1303, #2454 ),
 ( #2210, #1283, #1892, #3338, #1001, #3015, #3053 ),
 ( #1605, #2154, #2753, #1021, #1341, #3356, #428 ),
 ( #2172, #2492, #985, #3073, #3320, #776, #3034 ),
 ( #2436, #1043, #738, #2999, #174, #3586, #2191 ),
 ( #500, #2790, #3644, #481, #1322, #444, #2771 ),
 ( #3283, #2474, #702, #2135, #3627, #719, #3302 ),
 ( #1910, #1872, #194, #1061, #1929, #1654, #2347 ),
 ( #3087, #519, #333, #2807, #539, #1673, #230 ),
 ( #2547, #2930, #2511, #3473, #1359, #2822, #1743 ),
 ( #1155, #2248, #10, #2229, #1376, #2531, #3681 ),
 ( #2029, #46, #878, #1097, #2312, #1456, #599 ),
 ( #3388, #1196, #3170, #3454, #1761, #3104, #896 ),
 ( #3491, #2891, #3209, #312, #2613, #246, #1783 ),
 ( #2063, #915, #1945, #813, #3189, #636, #3663 ),
 ( #1963, #2909, #1391, #26, #1178, #2328, #1079 ),
 ( #3374, #2045, #795, #615, #1477, #2633, #2106 ),
 ( #1826, #146, #1542, #2165, #3558, #2992, #3255 ),
 ( #936, #3513, #1559, #88, #1804, #2712, #3312 ),
 ( #1521, #2696, #2950, #994, #108, #1218, #730 ),
 ( #3295, #3231, #2085, #657, #681, #2971, #1258 ),
 ( #379, #978, #1276, #2675, #957, #2147, #1238 ),
 ( #2392, #3274, #399, #3009, #1296, #3534, #713 ),
 ( #438, #1499, #1014, #2414, #2447, #2127, #1886 ) ),
 .UNSPECIFIED., .F., .F., .F.,
 ( 4, 1, 1, 1, 1, 1, 1, 1, 1, 1, 1, 1, 1, 1, 1, 1, 1, 1, 1, 2, 1, 1, 1, 4 ),
 ( 4, 1, 1, 1, 4 ),
 ( 0.000000000000000000, 0.06126250000000001139, 0.1225249999999999950, 0.1837874999999999925, 0.2450499999999999901, 0.3063124999999999876, 0.3369437500000000418, 0.3675749999999999851, 0.3982062499999999283, 0.4288374999999999826, 0.4594687500000000369, 0.4900999999999999801, 0.5439749999999999863, 0.5978499999999999925, 0.6517249999999998877, 0.7056000000000000050, 0.7594750000000001222, 0.8133500000000000174, 0.8672249999999998016, 0.9211000000000000298, 0.9408249999999999114, 0.9605500000000000149, 0.9802750000000000075, 1.000000000000000000 ),
 ( 0.000000000000000000, 0.2500000000000000000, 0.5000000000000000000, 0.7500000000000000000, 1.000000000000000000 ),
 .UNSPECIFIED. ) ;
#3555 = VERTEX_POINT ( 'NONE', #682 ) ;
#3556 = CARTESIAN_POINT ( 'NONE',  ( -64.12307813447760907, 0.04575064162022856457, 79.55121081358961987 ) ) ;
#3557 = B_SPLINE_CURVE_WITH_KNOTS ( 'NONE', 3,
 ( #1124, #2081, #3290, #1273 ),
 .UNSPECIFIED., .F., .F.,
 ( 4, 4 ),
 ( 2.602085213965210642E-18, 0.001412954525049166157 ),
 .UNSPECIFIED. ) ;
#3558 = CARTESIAN_POINT ( 'NONE',  ( -61.88995261096000178, -0.6403101668892356990, 84.72494280000481126 ) ) ;
#3559 = CARTESIAN_POINT ( 'NONE',  ( -90.50803920487238940, -8.929433300113574390, 79.32198265958335526 ) ) ;
#3560 = CARTESIAN_POINT ( 'NONE',  ( -91.92518774383003688, -2.775026249848242088, 78.68850936183163469 ) ) ;
#3561 = EDGE_LOOP ( 'NONE', ( #821, #2923, #1181, #3497 ) ) ;
#3562 = ORIENTED_EDGE ( 'NONE', *, *, #275, .F. ) ;
#3563 = CARTESIAN_POINT ( 'NONE',  ( -73.76643857757075295, 0.2560734578088069702, 84.61110865000649994 ) ) ;
#3564 = FACE_OUTER_BOUND ( 'NONE', #1358, .T. ) ;
#3565 = CARTESIAN_POINT ( 'NONE',  ( -92.35337854273177527, -9.362886243181096191, 76.23897818797389903 ) ) ;
#3566 = CARTESIAN_POINT ( 'NONE',  ( -63.11546111273408144, 1.352397130924233082, 88.43245091078509290 ) ) ;
#3567 = EDGE_CURVE ( 'NONE', #768, #1569, #1495, .T. ) ;
#3568 = VERTEX_POINT ( 'NONE', #401 ) ;
#3569 = EDGE_CURVE ( 'NONE', #1524, #2679, #3514, .T. ) ;
#3570 = CARTESIAN_POINT ( 'NONE',  ( -90.08087762921286412, -9.375042560956568849, 75.67870642886381916 ) ) ;
#3571 = CARTESIAN_POINT ( 'NONE',  ( -61.14692972212677091, -0.2274971115272065858, 88.23262536388645572 ) ) ;
#3572 = CARTESIAN_POINT ( 'NONE',  ( -60.30380224795235478, -3.565863516580691339, 87.21311050275491539 ) ) ;
#3573 = DIRECTION ( 'NONE',  ( 0.9075829487463445977, 0.2045326510019156441, 0.3666873134143294188 ) ) ;
#3574 = EDGE_LOOP ( 'NONE', ( #715, #1397, #3449, #2417, #1786, #2600 ) ) ;
#3575 = CARTESIAN_POINT ( 'NONE',  ( -62.98695989057051747, -1.146082201440435711, 84.84974689653317625 ) ) ;
#3576 = CARTESIAN_POINT ( 'NONE',  ( -79.47990186782158162, -12.87027948883124928, 77.68287202317333140 ) ) ;
#3577 = EDGE_CURVE ( 'NONE', #3417, #3595, #1762, .T. ) ;
#3578 = PERSON_AND_ORGANIZATION ( #18446744073709551615, #18446744073709551615 ) ;
#3579 = DIRECTION ( 'NONE',  ( -0.000000000000000000, -1.000000000000000000, -0.000000000000000000 ) ) ;
#3580 = ORIENTED_EDGE ( 'NONE', *, *, #1167, .F. ) ;
#3581 = ORIENTED_EDGE ( 'NONE', *, *, #394, .F. ) ;
#3582 = B_SPLINE_CURVE_WITH_KNOTS ( 'NONE', 3,
 ( #496, #1941, #3084, #2206 ),
 .UNSPECIFIED., .F., .F.,
 ( 4, 4 ),
 ( 0.003276124770017314284, 0.004401646364826638028 ),
 .UNSPECIFIED. ) ;
#3583 = CARTESIAN_POINT ( 'NONE',  ( -65.05128934072371294, -3.734381227241695189, 86.48371018042735159 ) ) ;
#3584 = AXIS2_PLACEMENT_3D ( 'NONE', #1687, #3203, #1420 ) ;
#3585 = CARTESIAN_POINT ( 'NONE',  ( -91.47916202994188950, -10.71523858600103729, 80.31640290072702726 ) ) ;
#3586 = CARTESIAN_POINT ( 'NONE',  ( -86.74551368640504734, 3.475959466551370891, 76.54301186930042888 ) ) ;
#3587 = CARTESIAN_POINT ( 'NONE',  ( -87.86738374037990695, -7.421570958755759229, 80.50969169223277788 ) ) ;
#3588 = ORIENTED_EDGE ( 'NONE', *, *, #2535, .F. ) ;
#3589 = CARTESIAN_POINT ( 'NONE',  ( -88.46470723210998699, -9.010822831788063425, 77.70847293724237659 ) ) ;
#3590 = CARTESIAN_POINT ( 'NONE',  ( -72.11228188853530696, 7.369005336198667599, 85.41592257532657584 ) ) ;
#3591 = DIRECTION ( 'NONE',  ( 0.000000000000000000, 0.000000000000000000, -1.000000000000000000 ) ) ;
#3592 = CARTESIAN_POINT ( 'NONE',  ( -86.64692466871916565, -6.830953919187933820, 82.98649587204890565 ) ) ;
#3593 = ADVANCED_FACE ( 'NONE', ( #879 ), #313, .F. ) ;
#3594 = VECTOR ( 'NONE', #3591, 1000.000000000000000 ) ;
#3595 = VERTEX_POINT ( 'NONE', #3492 ) ;
#3596 = CARTESIAN_POINT ( 'NONE',  ( -64.81115198075632122, 0.7314291375967809650, 65.73416240211768979 ) ) ;
#3597 = CARTESIAN_POINT ( 'NONE',  ( -82.99169302092460043, 5.081562059803654385, 75.60201939765752854 ) ) ;
#3598 = LINE ( 'NONE', #659, #1112 ) ;
#3599 = CARTESIAN_POINT ( 'NONE',  ( -87.16465527843244843, -9.742922496483000572, 71.88591324636233537 ) ) ;
#3600 = VERTEX_POINT ( 'NONE', #916 ) ;
#3601 = VECTOR ( 'NONE', #80, 1000.000000000000227 ) ;
#3602 = CARTESIAN_POINT ( 'NONE',  ( -91.34436541157744216, -9.741342628737768905, 72.92803202632272530 ) ) ;
#3603 = CARTESIAN_POINT ( 'NONE',  ( -89.57807612549576959, -10.28681037417194233, 81.46362749161235683 ) ) ;
#3604 = CARTESIAN_POINT ( 'NONE',  ( -91.59519285531844446, -10.49184380114698278, 77.01615053660822241 ) ) ;
#3605 = B_SPLINE_CURVE_WITH_KNOTS ( 'NONE', 3,
 ( #1516, #1493, #2692, #2670 ),
 .UNSPECIFIED., .F., .F.,
 ( 4, 4 ),
 ( 0.000000000000000000, 0.001628405896191361226 ),
 .UNSPECIFIED. ) ;
#3606 = CARTESIAN_POINT ( 'NONE',  ( -71.63854324505123827, 5.033456417870112887, 73.82810014801130194 ) ) ;
#3607 = DIRECTION ( 'NONE',  ( 0.000000000000000000, 0.000000000000000000, 1.000000000000000000 ) ) ;
#3608 = ORIENTED_EDGE ( 'NONE', *, *, #2093, .F. ) ;
#3609 = EDGE_CURVE ( 'NONE', #1481, #2895, #1735, .T. ) ;
#3610 = CARTESIAN_POINT ( 'NONE',  ( -91.08578716180629442, -9.601508704907809388, 79.11524558692219955 ) ) ;
#3611 = CARTESIAN_POINT ( 'NONE',  ( -73.74092893224865009, 7.334470580193262812, 85.42920511646899229 ) ) ;
#3612 = FACE_OUTER_BOUND ( 'NONE', #297, .T. ) ;
#3613 = CARTESIAN_POINT ( 'NONE',  ( -67.75404001324824321, 4.740181645160713053, 87.32795552223825553 ) ) ;
#3614 = ORIENTED_EDGE ( 'NONE', *, *, #3188, .F. ) ;
#3615 = CARTESIAN_POINT ( 'NONE',  ( -85.48701115168698550, 3.798660359472574743, 65.73416240211768979 ) ) ;
#3616 = CARTESIAN_POINT ( 'NONE',  ( -90.20808231234155983, -28.52161186803886039, 78.72057616728736207 ) ) ;
#3617 = CARTESIAN_POINT ( 'NONE',  ( -65.65181898969576935, -3.499999999999999556, 79.49387139160953097 ) ) ;
#3618 = EDGE_CURVE ( 'NONE', #1513, #2838, #1744, .T. ) ;
#3619 = CARTESIAN_POINT ( 'NONE',  ( -93.35200567272562466, -10.02004615252049646, 79.45258939276881449 ) ) ;
#3620 = CARTESIAN_POINT ( 'NONE',  ( -92.73589536439064318, -10.99845567470580932, 76.30883075089461443 ) ) ;
#3621 = EDGE_CURVE ( 'NONE', #2362, #2651, #262, .T. ) ;
#3622 = ORIENTED_EDGE ( 'NONE', *, *, #2645, .F. ) ;
#3623 = CARTESIAN_POINT ( 'NONE',  ( 0.000000000000000000, -1.199999999999999956, 0.000000000000000000 ) ) ;
#3624 = CARTESIAN_POINT ( 'NONE',  ( -87.16465527843249106, 1.300000000000002487, 71.88591324636234958 ) ) ;
#3625 = VECTOR ( 'NONE', #2929, 1000.000000000000227 ) ;
#3626 = VECTOR ( 'NONE', #2230, 1000.000000000000227 ) ;
#3627 = CARTESIAN_POINT ( 'NONE',  ( -83.56279590698667903, 2.738956911593305232, 78.27694783888499330 ) ) ;
#3628 = CARTESIAN_POINT ( 'NONE',  ( -70.35322219882752393, 4.457097237446669524, 72.97984126405059158 ) ) ;
#3629 = CARTESIAN_POINT ( 'NONE',  ( -69.70307179380796470, -5.807784704686867805, 91.69767859840770541 ) ) ;
#3630 = ORIENTED_EDGE ( 'NONE', *, *, #3685, .T. ) ;
#3631 = CARTESIAN_POINT ( 'NONE',  ( -89.20022124625695881, -8.416808770790577654, 76.18229093712693611 ) ) ;
#3632 = CARTESIAN_POINT ( 'NONE',  ( -77.56049907610008631, -1.435605420353632367, 83.72904988580950203 ) ) ;
#3633 = CARTESIAN_POINT ( 'NONE',  ( -89.55095306610986938, -5.882485996286603402, 81.05029334615286984 ) ) ;
#3634 = ORIENTED_EDGE ( 'NONE', *, *, #516, .T. ) ;
#3635 = CARTESIAN_POINT ( 'NONE',  ( -68.99090621395612288, 3.796927019418708582, 84.84974689653317625 ) ) ;
#3636 = EDGE_CURVE ( 'NONE', #2372, #2608, #3369, .T. ) ;
#3637 = CARTESIAN_POINT ( 'NONE',  ( -65.51334663961563365, 1.300000000000002487, 66.48763570450508098 ) ) ;
#3638 = CARTESIAN_POINT ( 'NONE',  ( -79.56243584003908609, 8.204641583832675167, 82.71093831856080669 ) ) ;
#3639 = CARTESIAN_POINT ( 'NONE',  ( -86.65550059123101789, -9.628179532084054415, 83.89806713204120570 ) ) ;
#3640 = DIRECTION ( 'NONE',  ( -0.2198462043524888332, 0.9755345439459353063, 0.000000000000000000 ) ) ;
#3641 = ADVANCED_FACE ( 'NONE', ( #2910 ), #1500, .T. ) ;
#3642 = CARTESIAN_POINT ( 'NONE',  ( -88.61640360443823283, 3.104175318749166745, 75.61760683415263884 ) ) ;
#3643 = VECTOR ( 'NONE', #3318, 1000.000000000000000 ) ;
#3644 = CARTESIAN_POINT ( 'NONE',  ( -82.45476807654547713, -4.974013397192611485, 80.60552626552969002 ) ) ;
#3645 = LINE ( 'NONE', #2754, #2957 ) ;
#3646 = LOCAL_TIME ( 19, 36, 1.000000000000000000, #2713 ) ;
#3647 = DIRECTION ( 'NONE',  ( 0.000000000000000000, 1.000000000000000000, 7.521760991835429099E-12 ) ) ;
#3648 = ORIENTED_EDGE ( 'NONE', *, *, #933, .T. ) ;
#3649 = CARTESIAN_POINT ( 'NONE',  ( -90.12871436104191503, -9.132553144201523310, 75.60276523565259765 ) ) ;
#3650 = EDGE_CURVE ( 'NONE', #2838, #1325, #1845, .T. ) ;
#3651 = DIRECTION ( 'NONE',  ( -0.9718223404842120106, -0.2190096231718909048, -0.08715574274765119922 ) ) ;
#3652 = CARTESIAN_POINT ( 'NONE',  ( -93.37843419622880958, -10.08271303861092072, 79.76585150138343749 ) ) ;
#3653 = DATE_AND_TIME ( #2778, #3646 ) ;
#3654 = ORIENTED_EDGE ( 'NONE', *, *, #3420, .F. ) ;
#3655 = CARTESIAN_POINT ( 'NONE',  ( -91.34642346415854774, -10.25863015428885561, 84.84974689653317625 ) ) ;
#3656 = CARTESIAN_POINT ( 'NONE',  ( -63.09712885458539233, -3.293992141852580602, 86.51885901366595988 ) ) ;
#3657 = DIRECTION ( 'NONE',  ( -0.7660444431111645969, -0.6427876096958511365, 0.000000000000000000 ) ) ;
#3658 = FACE_OUTER_BOUND ( 'NONE', #3194, .T. ) ;
#3659 = CARTESIAN_POINT ( 'NONE',  ( -67.28612792390568131, -3.323064030539741864, 87.33474460434533171 ) ) ;
#3660 = CARTESIAN_POINT ( 'NONE',  ( -87.16772763514879330, 4.593361790897286134, 76.12692426164944948 ) ) ;
#3661 = ORIENTED_EDGE ( 'NONE', *, *, #2968, .T. ) ;
#3662 = CIRCLE ( 'NONE', #2031, 2.500000000000002220 ) ;
#3663 = CARTESIAN_POINT ( 'NONE',  ( -67.52126321709430101, 5.246217263136059294, 83.34254338741591539 ) ) ;
#3664 = CARTESIAN_POINT ( 'NONE',  ( -58.56980505994575026, -3.298794686161497403, 89.09999999999999432 ) ) ;
#3665 = CARTESIAN_POINT ( 'NONE',  ( -92.84582018472943332, -10.51068878994397870, 79.53205883932606923 ) ) ;
#3666 = ORIENTED_EDGE ( 'NONE', *, *, #3061, .T. ) ;
#3667 = CARTESIAN_POINT ( 'NONE',  ( -64.80777804666834641, -3.499999999999999556, 77.14066190529230482 ) ) ;
#3668 = CARTESIAN_POINT ( 'NONE',  ( -61.17009504199963033, -3.772070143446532686, 85.46261250735275894 ) ) ;
#3669 = CARTESIAN_POINT ( 'NONE',  ( -90.29430672071134723, -8.963074668148705015, 81.43870019691786410 ) ) ;
#3670 = DATE_AND_TIME ( #2519, #2979 ) ;
#3671 = ORIENTED_EDGE ( 'NONE', *, *, #2397, .F. ) ;
#3672 = CARTESIAN_POINT ( 'NONE',  ( -87.35104231328402591, 1.442318499839722712, 75.72406786024245662 ) ) ;
#3673 = LINE ( 'NONE', #204, #471 ) ;
#3674 =( BOUNDED_CURVE ( )  B_SPLINE_CURVE ( 3, ( #665, #322, #3242, #1486 ),
 .UNSPECIFIED., .F., .T. ) 
 B_SPLINE_CURVE_WITH_KNOTS ( ( 4, 4 ),
 ( 4.712388980384689674, 7.853981633974482790 ),
 .UNSPECIFIED. ) 
 CURVE ( )  GEOMETRIC_REPRESENTATION_ITEM ( )  RATIONAL_B_SPLINE_CURVE ( ( 1.000000000000000000, 0.3333333333333333703, 0.3333333333333333703, 1.000000000000000000 ) ) 
 REPRESENTATION_ITEM ( '' )  );
#3675 = CARTESIAN_POINT ( 'NONE',  ( -71.35627982025967242, 4.920321228874362518, 71.18398139084948184 ) ) ;
#3676 = CARTESIAN_POINT ( 'NONE',  ( -87.90384694051391534, -7.236115204732454842, 80.45024819322054555 ) ) ;
#3677 = DIRECTION ( 'NONE',  ( 0.000000000000000000, 1.000000000000000000, 0.000000000000000000 ) ) ;
#3678 = CARTESIAN_POINT ( 'NONE',  ( -59.92813835292147928, -3.187618996121827308, 87.11236571302202947 ) ) ;
#3679 = CARTESIAN_POINT ( 'NONE',  ( -75.17720459376785413, 8.182151131330241967, 84.59728994869205110 ) ) ;
#3680 = ORIENTED_EDGE ( 'NONE', *, *, #674, .T. ) ;
#3681 = CARTESIAN_POINT ( 'NONE',  ( -77.85680404640926611, 8.397171352784241094, 79.84032276752861890 ) ) ;
#3682 = CARTESIAN_POINT ( 'NONE',  ( -91.59563837368260408, -7.220864996105489375, 78.18312315222981113 ) ) ;
#3683 = CARTESIAN_POINT ( 'NONE',  ( -79.47990186782158162, 6.190232089234819490, 77.68287202317333140 ) ) ;
#3684 = CARTESIAN_POINT ( 'NONE',  ( -71.15665977450493074, -12.87027948883124928, 70.61890370883907053 ) ) ;
#3685 = EDGE_CURVE ( 'NONE', #992, #70, #308, .T. ) ;
#3686 = CARTESIAN_POINT ( 'NONE',  ( -89.93503724906196339, -9.671432416422236500, 81.87969722009191287 ) ) ;
#3687 = CARTESIAN_POINT ( 'NONE',  ( -72.53354490673667954, 7.548740040877875757, 85.79703496081505421 ) ) ;
#3688 = CARTESIAN_POINT ( 'NONE',  ( -90.70710269468889919, -7.886908793075186885, 78.92191088286998024 ) ) ;
#3689 = ORIENTED_EDGE ( 'NONE', *, *, #2097, .F. ) ;
#3690 = CARTESIAN_POINT ( 'NONE',  ( -91.79998079472657935, -8.986654480139328882, 76.48524574239050366 ) ) ;
#3691 = CARTESIAN_POINT ( 'NONE',  ( -61.25319606753033952, -3.903522967156882739, 85.48928259185389322 ) ) ;
#3692 = CARTESIAN_POINT ( 'NONE',  ( -64.80777804666834641, -3.500000000000000000, 77.14066190529230482 ) ) ;
#3693 = ADVANCED_FACE ( 'NONE', ( #958 ), #1805, .F. ) ;
#3694 = CARTESIAN_POINT ( 'NONE',  ( -87.15156105325095837, -1.913033182507666297, 79.74217731601267189 ) ) ;
#3695 = PRODUCT_DEFINITION ( 'Allgemein', '', #995, #2368 ) ;
#3696 = CARTESIAN_POINT ( 'NONE',  ( -90.17930156151375343, 0.9785900854671896187, 78.89479095861322833 ) ) ;
#3697 = ORIENTED_EDGE ( 'NONE', *, *, #2510, .T. ) ;
#3698 = CARTESIAN_POINT ( 'NONE',  ( -88.67741254178295662, 0.4332747103333329242, 78.09735904610562329 ) ) ;
#3699 = CARTESIAN_POINT ( 'NONE',  ( -69.77866064131555390, 4.165251723352841218, 81.83433596657289399 ) ) ;
#3700 = CARTESIAN_POINT ( 'NONE',  ( -71.15665977450493074, 1.300000000000000711, 70.61890370883907053 ) ) ;
#3701 = CARTESIAN_POINT ( 'NONE',  ( -65.70094872917626105, -4.905867319421169270, 85.18178705073435708 ) ) ;
#3702 = CARTESIAN_POINT ( 'NONE',  ( -79.14469951645278911, -7.935547407318182422, 86.93226026481312374 ) ) ;
#3703 = VECTOR ( 'NONE', #1818, 1000.000000000000000 ) ;
#3704 = EDGE_LOOP ( 'NONE', ( #202, #2711, #3467, #2757 ) ) ;
#3705 = CARTESIAN_POINT ( 'NONE',  ( -72.56064496142501241, 5.993480945542761340, 81.99636874933047181 ) ) ;
#3706 = DIRECTION ( 'NONE',  ( 0.000000000000000000, 0.000000000000000000, -1.000000000000000000 ) ) ;
#3707 = CARTESIAN_POINT ( 'NONE',  ( -66.87737001794758385, -4.535096758140618078, 89.09556350907850231 ) ) ;
#3708 = CARTESIAN_POINT ( 'NONE',  ( -61.78012365584273624, 0.5271140337714187440, 84.63032250740309337 ) ) ;
#3709 = CARTESIAN_POINT ( 'NONE',  ( -93.30264222435887689, -1.481328047806023340, 75.75398214173273459 ) ) ;
#3710 = EDGE_CURVE ( 'NONE', #3718, #3173, #2017, .T. ) ;
#3711 = AXIS2_PLACEMENT_3D ( 'NONE', #491, #790, #3538 ) ;
#3712 = CARTESIAN_POINT ( 'NONE',  ( -88.61640360443823283, 3.104175318749166745, 79.35617336236632013 ) ) ;
#3713 = VERTEX_POINT ( 'NONE', #89 ) ;
#3714 = DIRECTION ( 'NONE',  ( 0.000000000000000000, 0.000000000000000000, -1.000000000000000000 ) ) ;
#3715 = CARTESIAN_POINT ( 'NONE',  ( -89.88724283673522564, -10.35648410168409228, 75.98581785871739669 ) ) ;
#3716 = CARTESIAN_POINT ( 'NONE',  ( -75.23348513381625935, -2.277577015963317297, 84.72453119454611681 ) ) ;
#3717 = CARTESIAN_POINT ( 'NONE',  ( -83.54452859645053309, -5.400801944171987223, 84.19919286512204337 ) ) ;
#3718 = VERTEX_POINT ( 'NONE', #1156 ) ;
#3719 = CARTESIAN_POINT ( 'NONE',  ( -91.75894169795274991, -8.533935746892373331, 76.40146269741804019 ) ) ;
#3720 = CARTESIAN_POINT ( 'NONE',  ( -92.39962638236657710, -4.177450116847081674, 78.73436532386629949 ) ) ;
#3721 = CARTESIAN_POINT ( 'NONE',  ( -66.75425459723240351, -5.143240048585307811, 89.24885599278593418 ) ) ;
#3722 = CYLINDRICAL_SURFACE ( 'NONE', #3584, 0.5000000000000004441 ) ;
#3723 = EDGE_CURVE ( 'NONE', #1279, #961, #1975, .T. ) ;
#3724 = CARTESIAN_POINT ( 'NONE',  ( -92.13102720945698820, -10.79016443607727282, 78.69164442274988858 ) ) ;
#3725 = CARTESIAN_POINT ( 'NONE',  ( -83.15755275889452491, 6.835977952506905098, 81.76281441758604274 ) ) ;
#3726 = EDGE_CURVE ( 'NONE', #1608, #510, #2313, .T. ) ;
#3727 = VERTEX_POINT ( 'NONE', #3275 ) ;
#3728 = EDGE_CURVE ( 'NONE', #950, #1470, #938, .T. ) ;
#3729 = CARTESIAN_POINT ( 'NONE',  ( -69.93988125753332952, 4.248960901463326501, 82.23337099428596275 ) ) ;
#3730 = CARTESIAN_POINT ( 'NONE',  ( -75.17079756546684166, 1.333034886086334867E-14, 82.76732087348423761 ) ) ;
#3731 = ORIENTED_EDGE ( 'NONE', *, *, #1351, .F. ) ;
#3732 = CARTESIAN_POINT ( 'NONE',  ( -63.77561942979330212, -0.3008037528547300998, 74.85492580787597205 ) ) ;
#3733 = DIRECTION ( 'NONE',  ( 0.000000000000000000, 0.000000000000000000, -1.000000000000000000 ) ) ;
ENDSEC;
END-ISO-10303-21;
