ISO-10303-21;
HEADER;
FILE_DESCRIPTION (( 'STEP AP203' ),
    '1' );
FILE_NAME ('Lower Display Mount REF2009.STEP',
    '2026-04-04T17:36:01',
    ( '' ),
    ( '' ),
    'SwSTEP 2.0',
    'SolidWorks 2026',
    '' );
FILE_SCHEMA (( 'CONFIG_CONTROL_DESIGN' ));
ENDSEC;

DATA;
#1 = CARTESIAN_POINT ( 'NONE',  ( 0.000000000000000000, 6.000000000000000000, 15.00000000000000178 ) ) ;
#2 = VERTEX_POINT ( 'NONE', #1354 ) ;
#3 = CARTESIAN_POINT ( 'NONE',  ( 17.50000000000000711, 3.499999999999999556, 16.00000000000000000 ) ) ;
#4 = DIRECTION ( 'NONE',  ( 0.000000000000000000, 0.000000000000000000, -1.000000000000000000 ) ) ;
#5 = LINE ( 'NONE', #1330, #1336 ) ;
#6 = PERSON_AND_ORGANIZATION ( #18446744073709551615, #18446744073709551615 ) ;
#7 = VERTEX_POINT ( 'NONE', #600 ) ;
#8 = AXIS2_PLACEMENT_3D ( 'NONE', #789, #1349, #1205 ) ;
#9 = EDGE_CURVE ( 'NONE', #237, #370, #1487, .T. ) ;
#10 = FACE_OUTER_BOUND ( 'NONE', #1816, .T. ) ;
#11 = DIRECTION ( 'NONE',  ( -1.000000000000000000, 0.000000000000000000, -0.000000000000000000 ) ) ;
#12 = DIRECTION ( 'NONE',  ( 0.000000000000000000, 0.000000000000000000, -1.000000000000000000 ) ) ;
#13 = ORIENTED_EDGE ( 'NONE', *, *, #292, .T. ) ;
#14 = CIRCLE ( 'NONE', #1024, 1.750000000000001554 ) ;
#15 = LINE ( 'NONE', #576, #1445 ) ;
#16 = DIRECTION ( 'NONE',  ( 0.000000000000000000, -0.000000000000000000, -1.000000000000000000 ) ) ;
#17 = ORIENTED_EDGE ( 'NONE', *, *, #227, .F. ) ;
#18 = AXIS2_PLACEMENT_3D ( 'NONE', #910, #1038, #1500 ) ;
#19 = CYLINDRICAL_SURFACE ( 'NONE', #1638, 0.8999999999999980238 ) ;
#20 = CARTESIAN_POINT ( 'NONE',  ( 13.99999999999999822, 4.900000000000000355, 13.40000000000000036 ) ) ;
#21 = FACE_OUTER_BOUND ( 'NONE', #1164, .T. ) ;
#22 = VERTEX_POINT ( 'NONE', #39 ) ;
#23 = DIRECTION ( 'NONE',  ( -1.000000000000000000, 0.000000000000000000, -0.000000000000000000 ) ) ;
#24 = CARTESIAN_POINT ( 'NONE',  ( -36.00000000000000711, 4.900000000000000355, 13.40000000000000036 ) ) ;
#25 = VECTOR ( 'NONE', #1163, 1000.000000000000000 ) ;
#26 = EDGE_LOOP ( 'NONE', ( #912, #1641, #77, #1703 ) ) ;
#27 = CARTESIAN_POINT ( 'NONE',  ( -13.09999999999999964, 4.900000000000000355, 13.40000000000000036 ) ) ;
#28 = VECTOR ( 'NONE', #1475, 1000.000000000000000 ) ;
#29 = VERTEX_POINT ( 'NONE', #177 ) ;
#30 = LINE ( 'NONE', #621, #296 ) ;
#31 = ORIENTED_EDGE ( 'NONE', *, *, #1681, .F. ) ;
#32 = LINE ( 'NONE', #1800, #436 ) ;
#33 = EDGE_CURVE ( 'NONE', #1065, #440, #505, .T. ) ;
#34 = CARTESIAN_POINT ( 'NONE',  ( -13.09999999999999964, 4.900000000000000355, 13.40000000000000036 ) ) ;
#35 = EDGE_LOOP ( 'NONE', ( #97, #486, #114, #1537 ) ) ;
#36 = EDGE_CURVE ( 'NONE', #43, #1039, #746, .T. ) ;
#37 = FACE_OUTER_BOUND ( 'NONE', #373, .T. ) ;
#38 = VECTOR ( 'NONE', #1228, 1000.000000000000000 ) ;
#39 = CARTESIAN_POINT ( 'NONE',  ( -50.00000000000000000, 2.500000000000000000, 16.00000000000000000 ) ) ;
#40 = VECTOR ( 'NONE', #1878, 1000.000000000000000 ) ;
#41 = CARTESIAN_POINT ( 'NONE',  ( -53.50000000000000000, 0.000000000000000000, 17.00000000000000000 ) ) ;
#42 =( BOUNDED_CURVE ( )  B_SPLINE_CURVE ( 3, ( #418, #394, #978, #1442 ),
 .UNSPECIFIED., .F., .F. ) 
 B_SPLINE_CURVE_WITH_KNOTS ( ( 4, 4 ),
 ( 4.712388980384689674, 6.283185307179586232 ),
 .UNSPECIFIED. ) 
 CURVE ( )  GEOMETRIC_REPRESENTATION_ITEM ( )  RATIONAL_B_SPLINE_CURVE ( ( 1.000000000000000000, 0.8047378541243649375, 0.8047378541243649375, 1.000000000000000000 ) ) 
 REPRESENTATION_ITEM ( '' )  );
#43 = VERTEX_POINT ( 'NONE', #1192 ) ;
#44 = DIRECTION ( 'NONE',  ( -0.000000000000000000, 0.000000000000000000, 1.000000000000000000 ) ) ;
#45 = AXIS2_PLACEMENT_3D ( 'NONE', #691, #1543, #1104 ) ;
#46 = DIRECTION ( 'NONE',  ( 0.000000000000000000, 1.000000000000000000, 0.000000000000000000 ) ) ;
#47 = VERTEX_POINT ( 'NONE', #889 ) ;
#48 = FACE_BOUND ( 'NONE', #1701, .T. ) ;
#49 = AXIS2_PLACEMENT_3D ( 'NONE', #1562, #546, #1714 ) ;
#50 = ORIENTED_EDGE ( 'NONE', *, *, #873, .T. ) ;
#51 = CARTESIAN_POINT ( 'NONE',  ( -3.000000000000002665, 2.500000000000000000, 15.00000000000000178 ) ) ;
#52 = ORIENTED_EDGE ( 'NONE', *, *, #529, .T. ) ;
#53 = CARTESIAN_POINT ( 'NONE',  ( -50.00000000000000000, 3.699999999999999734, 17.00000000000000000 ) ) ;
#54 = CYLINDRICAL_SURFACE ( 'NONE', #1022, 1.000000000000000888 ) ;
#55 = ORIENTED_EDGE ( 'NONE', *, *, #1402, .F. ) ;
#56 = LINE ( 'NONE', #663, #961 ) ;
#57 = ORIENTED_EDGE ( 'NONE', *, *, #813, .F. ) ;
#58 = CARTESIAN_POINT ( 'NONE',  ( 3.000000000000000000, 3.700000000000000622, 17.00000000000000000 ) ) ;
#59 = DIRECTION ( 'NONE',  ( -1.000000000000000000, 0.000000000000000000, -0.000000000000000000 ) ) ;
#60 = ORIENTED_EDGE ( 'NONE', *, *, #628, .T. ) ;
#61 = CARTESIAN_POINT ( 'NONE',  ( 3.000000000000000000, 3.700000000000000178, 15.00000000000000000 ) ) ;
#62 = CARTESIAN_POINT ( 'NONE',  ( 16.50000000000000711, 5.000000000000000000, 17.00000000000000000 ) ) ;
#63 = EDGE_CURVE ( 'NONE', #229, #1766, #1184, .T. ) ;
#64 = EDGE_LOOP ( 'NONE', ( #709, #1221, #66 ) ) ;
#65 = DIRECTION ( 'NONE',  ( -0.000000000000000000, -0.000000000000000000, 1.000000000000000000 ) ) ;
#66 = ORIENTED_EDGE ( 'NONE', *, *, #434, .F. ) ;
#67 = ADVANCED_FACE ( 'NONE', ( #608 ), #1797, .F. ) ;
#68 = LINE ( 'NONE', #221, #1398 ) ;
#69 = CARTESIAN_POINT ( 'NONE',  ( 0.000000000000000000, 6.000000000000000000, 15.00000000000000178 ) ) ;
#70 = CIRCLE ( 'NONE', #1636, 1.000000000000000888 ) ;
#71 = EDGE_CURVE ( 'NONE', #421, #736, #1059, .T. ) ;
#72 = VECTOR ( 'NONE', #1635, 1000.000000000000000 ) ;
#73 = ORIENTED_EDGE ( 'NONE', *, *, #408, .T. ) ;
#74 = DIRECTION ( 'NONE',  ( 0.000000000000000000, 0.000000000000000000, -1.000000000000000000 ) ) ;
#75 = VECTOR ( 'NONE', #879, 1000.000000000000000 ) ;
#76 = DIRECTION ( 'NONE',  ( -0.000000000000000000, -1.000000000000000000, -0.000000000000000000 ) ) ;
#77 = ORIENTED_EDGE ( 'NONE', *, *, #537, .T. ) ;
#78 = AXIS2_PLACEMENT_3D ( 'NONE', #1787, #475, #920 ) ;
#79 = CARTESIAN_POINT ( 'NONE',  ( -13.99999999999999822, 4.900000000000000355, 15.00000000000000178 ) ) ;
#80 = ORIENTED_EDGE ( 'NONE', *, *, #1086, .F. ) ;
#81 = DIRECTION ( 'NONE',  ( -0.000000000000000000, -0.000000000000000000, -1.000000000000000000 ) ) ;
#82 = DIRECTION ( 'NONE',  ( -1.000000000000000000, 0.000000000000000000, 0.000000000000000000 ) ) ;
#83 = ORIENTED_EDGE ( 'NONE', *, *, #617, .F. ) ;
#84 = DIRECTION ( 'NONE',  ( -1.000000000000000000, 0.000000000000000000, -0.000000000000000000 ) ) ;
#85 = DIRECTION ( 'NONE',  ( -1.000000000000000000, 0.000000000000000000, 0.000000000000000000 ) ) ;
#86 = ORIENTED_EDGE ( 'NONE', *, *, #1197, .T. ) ;
#87 = CARTESIAN_POINT ( 'NONE',  ( -50.00000000000000000, 3.699999999999999734, 15.00000000000000000 ) ) ;
#88 = VERTEX_POINT ( 'NONE', #484 ) ;
#89 = EDGE_CURVE ( 'NONE', #440, #1317, #1069, .T. ) ;
#90 = CARTESIAN_POINT ( 'NONE',  ( 14.89794063622803044, 3.385955477171023631, 17.00000000000000355 ) ) ;
#91 = CARTESIAN_POINT ( 'NONE',  ( -13.99999999999999822, 4.900000000000000355, 12.50000000000000000 ) ) ;
#92 = VERTEX_POINT ( 'NONE', #1224 ) ;
#93 = PLANE ( 'NONE',  #1149 ) ;
#94 = EDGE_CURVE ( 'NONE', #570, #331, #501, .T. ) ;
#95 = LINE ( 'NONE', #800, #867 ) ;
#96 = DIRECTION ( 'NONE',  ( 1.000000000000000000, -0.000000000000000000, 0.000000000000000000 ) ) ;
#97 = ORIENTED_EDGE ( 'NONE', *, *, #660, .F. ) ;
#98 = EDGE_CURVE ( 'NONE', #564, #406, #839, .T. ) ;
#99 = CARTESIAN_POINT ( 'NONE',  ( 12.24999999999999822, 6.000000000000000000, 17.00000000000000000 ) ) ;
#100 = FACE_OUTER_BOUND ( 'NONE', #530, .T. ) ;
#101 = ORIENTED_EDGE ( 'NONE', *, *, #617, .T. ) ;
#102 = CARTESIAN_POINT ( 'NONE',  ( -50.00000000000000000, 3.500000000000000000, 17.00000000000000000 ) ) ;
#103 = DIRECTION ( 'NONE',  ( -1.000000000000000000, -0.000000000000000000, -0.000000000000000000 ) ) ;
#104 = VECTOR ( 'NONE', #1146, 1000.000000000000000 ) ;
#105 = DIRECTION ( 'NONE',  ( 1.000000000000000000, 0.000000000000000000, 0.000000000000000000 ) ) ;
#106 = ORIENTED_EDGE ( 'NONE', *, *, #1293, .F. ) ;
#107 = AXIS2_PLACEMENT_3D ( 'NONE', #1814, #930, #666 ) ;
#108 = DIRECTION ( 'NONE',  ( -1.000000000000000000, 0.000000000000000000, 0.000000000000000000 ) ) ;
#109 = DIRECTION ( 'NONE',  ( -1.000000000000000000, 0.000000000000000000, -0.000000000000000000 ) ) ;
#110 = EDGE_LOOP ( 'NONE', ( #1674, #964, #1524, #207, #508, #198 ) ) ;
#111 = CARTESIAN_POINT ( 'NONE',  ( -53.50000000000000000, 2.500000000000000000, 12.50000000000000000 ) ) ;
#112 = DIRECTION ( 'NONE',  ( 0.000000000000000000, -0.000000000000000000, -1.000000000000000000 ) ) ;
#113 = DATE_AND_TIME ( #140, #1191 ) ;
#114 = ORIENTED_EDGE ( 'NONE', *, *, #762, .F. ) ;
#115 = LINE ( 'NONE', #704, #40 ) ;
#116 = ORIENTED_EDGE ( 'NONE', *, *, #1494, .F. ) ;
#117 = DIRECTION ( 'NONE',  ( 1.000000000000000000, 0.000000000000000000, 0.000000000000000000 ) ) ;
#118 = LINE ( 'NONE', #1187, #188 ) ;
#119 = AXIS2_PLACEMENT_3D ( 'NONE', #1466, #1732, #1900 ) ;
#120 = EDGE_CURVE ( 'NONE', #464, #1101, #212, .T. ) ;
#121 = APPROVAL_DATE_TIME ( #866, #206 ) ;
#122 = ORIENTED_EDGE ( 'NONE', *, *, #747, .T. ) ;
#123 = CYLINDRICAL_SURFACE ( 'NONE', #1301, 1.000000000000000888 ) ;
#124 = EDGE_CURVE ( 'NONE', #736, #7, #1234, .T. ) ;
#125 = ORIENTED_EDGE ( 'NONE', *, *, #1154, .T. ) ;
#126 = DIRECTION ( 'NONE',  ( -0.000000000000000000, -0.000000000000000000, -1.000000000000000000 ) ) ;
#127 = ADVANCED_FACE ( 'NONE', ( #493 ), #647, .T. ) ;
#128 = CARTESIAN_POINT ( 'NONE',  ( 15.75000000000000000, 4.900000000000000355, 15.00000000000000000 ) ) ;
#129 = EDGE_CURVE ( 'NONE', #280, #788, #1385, .T. ) ;
#130 = VECTOR ( 'NONE', #483, 1000.000000000000000 ) ;
#131 = MECHANICAL_CONTEXT ( 'NONE', #251, 'mechanical' ) ;
#132 = ORIENTED_EDGE ( 'NONE', *, *, #1068, .F. ) ;
#133 = CARTESIAN_POINT ( 'NONE',  ( -34.25000000000000000, 6.000000000000000000, 17.00000000000000000 ) ) ;
#134 = AXIS2_PLACEMENT_3D ( 'NONE', #257, #957, #516 ) ;
#135 = VERTEX_POINT ( 'NONE', #347 ) ;
#136 = DIRECTION ( 'NONE',  ( 0.000000000000000000, -1.000000000000000000, 0.000000000000000000 ) ) ;
#137 = EDGE_CURVE ( 'NONE', #1720, #1172, #818, .T. ) ;
#138 = CARTESIAN_POINT ( 'NONE',  ( 13.99999999999999822, 4.900000000000000355, 13.40000000000000036 ) ) ;
#139 = CARTESIAN_POINT ( 'NONE',  ( 13.99999999999999822, 4.900000000000000355, 12.50000000000000000 ) ) ;
#140 = CALENDAR_DATE ( 2026, 4, 4 ) ;
#141 = VERTEX_POINT ( 'NONE', #200 ) ;
#142 = EDGE_CURVE ( 'NONE', #403, #1811, #639, .T. ) ;
#143 = PLANE ( 'NONE',  #773 ) ;
#144 = EDGE_LOOP ( 'NONE', ( #1096, #1375, #13, #886, #909, #1344, #272, #1622 ) ) ;
#145 = FACE_OUTER_BOUND ( 'NONE', #1265, .T. ) ;
#146 = DIRECTION ( 'NONE',  ( -1.000000000000000000, 0.000000000000000000, 0.000000000000000000 ) ) ;
#147 = EDGE_CURVE ( 'NONE', #1513, #974, #68, .T. ) ;
#148 = CC_DESIGN_APPROVAL ( #1767, ( #364 ) ) ;
#149 = DIRECTION ( 'NONE',  ( 0.000000000000000000, 0.000000000000000000, -1.000000000000000000 ) ) ;
#150 = ORIENTED_EDGE ( 'NONE', *, *, #999, .T. ) ;
#151 = CARTESIAN_POINT ( 'NONE',  ( -47.00000000000000000, 3.700000000000000178, 15.00000000000000178 ) ) ;
#152 = ORIENTED_EDGE ( 'NONE', *, *, #1007, .F. ) ;
#153 = LINE ( 'NONE', #737, #1248 ) ;
#154 = EDGE_LOOP ( 'NONE', ( #797, #768, #180, #574, #495 ) ) ;
#155 = CARTESIAN_POINT ( 'NONE',  ( -54.50000000000000000, 5.000000000000000000, 16.00000000000000000 ) ) ;
#156 = DIRECTION ( 'NONE',  ( -1.000000000000000000, 0.000000000000000000, -0.000000000000000000 ) ) ;
#157 = EDGE_LOOP ( 'NONE', ( #1132, #689, #412, #318 ) ) ;
#158 = DIRECTION ( 'NONE',  ( -0.000000000000000000, -0.000000000000000000, 1.000000000000000000 ) ) ;
#159 = ORIENTED_EDGE ( 'NONE', *, *, #323, .F. ) ;
#160 = CARTESIAN_POINT ( 'NONE',  ( 3.000000000000000000, 6.000000000000000000, 17.00000000000000000 ) ) ;
#161 = VERTEX_POINT ( 'NONE', #1675 ) ;
#162 = CIRCLE ( 'NONE', #196, 1.000000000000000444 ) ;
#163 = DIRECTION ( 'NONE',  ( -0.000000000000000000, -0.000000000000000000, -1.000000000000000000 ) ) ;
#164 = LINE ( 'NONE', #1679, #1212 ) ;
#165 = ORIENTED_EDGE ( 'NONE', *, *, #1058, .F. ) ;
#166 = AXIS2_PLACEMENT_3D ( 'NONE', #1193, #179, #766 ) ;
#167 = CARTESIAN_POINT ( 'NONE',  ( 15.75000000000000000, 6.000000000000000000, 15.00000000000000000 ) ) ;
#168 = ORIENTED_EDGE ( 'NONE', *, *, #1830, .T. ) ;
#169 = CARTESIAN_POINT ( 'NONE',  ( 0.000000000000000000, 6.000000000000000000, 15.00000000000000178 ) ) ;
#170 = EDGE_CURVE ( 'NONE', #1671, #470, #367, .T. ) ;
#171 = ORIENTED_EDGE ( 'NONE', *, *, #410, .T. ) ;
#172 = FACE_OUTER_BOUND ( 'NONE', #1832, .T. ) ;
#173 = EDGE_CURVE ( 'NONE', #1569, #1667, #14, .T. ) ;
#174 = DIRECTION ( 'NONE',  ( 0.000000000000000000, 0.000000000000000000, -1.000000000000000000 ) ) ;
#175 = ORIENTED_EDGE ( 'NONE', *, *, #1715, .T. ) ;
#176 = CARTESIAN_POINT ( 'NONE',  ( -50.00000000000000000, 6.000000000000000000, 17.00000000000000000 ) ) ;
#177 = CARTESIAN_POINT ( 'NONE',  ( -34.95000000000000284, 3.500000000000000000, 17.00000000000000000 ) ) ;
#178 = EDGE_CURVE ( 'NONE', #403, #1470, #260, .T. ) ;
#179 = DIRECTION ( 'NONE',  ( -0.000000000000000000, -0.000000000000000000, -1.000000000000000000 ) ) ;
#180 = ORIENTED_EDGE ( 'NONE', *, *, #137, .F. ) ;
#181 = DIRECTION ( 'NONE',  ( 0.000000000000000000, 0.000000000000000000, 1.000000000000000000 ) ) ;
#182 = EDGE_CURVE ( 'NONE', #1039, #43, #1582, .T. ) ;
#183 = CIRCLE ( 'NONE', #681, 3.000000000000002665 ) ;
#184 = CARTESIAN_POINT ( 'NONE',  ( -54.50000000000000000, 6.000000000000000000, 17.00000000000000000 ) ) ;
#185 = ORIENTED_EDGE ( 'NONE', *, *, #1796, .F. ) ;
#186 = EDGE_CURVE ( 'NONE', #1846, #758, #353, .T. ) ;
#187 = CARTESIAN_POINT ( 'NONE',  ( 0.000000000000000000, 3.500000000000000000, 17.00000000000000000 ) ) ;
#188 = VECTOR ( 'NONE', #1750, 1000.000000000000000 ) ;
#189 = VERTEX_POINT ( 'NONE', #1108 ) ;
#190 = AXIS2_PLACEMENT_3D ( 'NONE', #1183, #1764, #450 ) ;
#191 = LINE ( 'NONE', #1235, #389 ) ;
#192 = ORIENTED_EDGE ( 'NONE', *, *, #120, .F. ) ;
#193 = CARTESIAN_POINT ( 'NONE',  ( 13.99999999999999822, 4.900000000000000355, 13.40000000000000036 ) ) ;
#194 = EDGE_CURVE ( 'NONE', #419, #870, #908, .T. ) ;
#195 = AXIS2_PLACEMENT_3D ( 'NONE', #1792, #916, #362 ) ;
#196 = AXIS2_PLACEMENT_3D ( 'NONE', #1262, #387, #827 ) ;
#197 = CARTESIAN_POINT ( 'NONE',  ( -13.26700097686614477, 3.299793036716238248, 16.98169896866631490 ) ) ;
#198 = ORIENTED_EDGE ( 'NONE', *, *, #1749, .T. ) ;
#199 = DIRECTION ( 'NONE',  ( -1.000000000000000000, -0.000000000000000000, -0.000000000000000000 ) ) ;
#200 = CARTESIAN_POINT ( 'NONE',  ( -50.00000000000000000, 3.699999999999999734, 12.50000000000000000 ) ) ;
#201 = CYLINDRICAL_SURFACE ( 'NONE', #1615, 1.750000000000001554 ) ;
#202 = EDGE_LOOP ( 'NONE', ( #579, #1808, #658, #83 ) ) ;
#203 = DIRECTION ( 'NONE',  ( 0.000000000000000000, 1.000000000000000000, 0.000000000000000000 ) ) ;
#204 = CIRCLE ( 'NONE', #449, 3.000000000000000000 ) ;
#205 = CARTESIAN_POINT ( 'NONE',  ( 16.50000000000000711, 3.500000000000000000, 17.00000000000000000 ) ) ;
#206 = APPROVAL ( #693, 'Deckungsgleich' ) ;
#207 = ORIENTED_EDGE ( 'NONE', *, *, #1173, .T. ) ;
#208 = VECTOR ( 'NONE', #411, 1000.000000000000000 ) ;
#209 = EDGE_CURVE ( 'NONE', #2, #1527, #162, .T. ) ;
#210 = CARTESIAN_POINT ( 'NONE',  ( -36.00000000000000711, 4.900000000000000355, 13.40000000000000036 ) ) ;
#211 = VERTEX_POINT ( 'NONE', #1323 ) ;
#212 = LINE ( 'NONE', #1824, #321 ) ;
#213 = CARTESIAN_POINT ( 'NONE',  ( -13.09999999999999964, 4.900000000000000355, 12.50000000000000000 ) ) ;
#214 = VECTOR ( 'NONE', #250, 1000.000000000000000 ) ;
#215 = VERTEX_POINT ( 'NONE', #99 ) ;
#216 = CARTESIAN_POINT ( 'NONE',  ( -54.50000000000000000, 9.500000000000000000, 12.50000000000000000 ) ) ;
#217 = FACE_OUTER_BOUND ( 'NONE', #1502, .T. ) ;
#218 = ORIENTED_EDGE ( 'NONE', *, *, #33, .F. ) ;
#219 = LINE ( 'NONE', #804, #1741 ) ;
#220 = ORIENTED_EDGE ( 'NONE', *, *, #1835, .T. ) ;
#221 = CARTESIAN_POINT ( 'NONE',  ( -34.25000000000000000, 4.900000000000000355, 17.00000000000000000 ) ) ;
#222 = DIRECTION ( 'NONE',  ( 0.000000000000000000, 0.000000000000000000, -1.000000000000000000 ) ) ;
#223 = CIRCLE ( 'NONE', #1018, 1.750000000000001554 ) ;
#224 = EDGE_LOOP ( 'NONE', ( #539, #1012, #525, #1425 ) ) ;
#225 = CARTESIAN_POINT ( 'NONE',  ( -13.99999999999999822, 4.900000000000000355, 13.40000000000000036 ) ) ;
#226 = VECTOR ( 'NONE', #273, 1000.000000000000000 ) ;
#227 = EDGE_CURVE ( 'NONE', #331, #233, #396, .T. ) ;
#228 = PLANE ( 'NONE',  #459 ) ;
#229 = VERTEX_POINT ( 'NONE', #1171 ) ;
#230 = AXIS2_PLACEMENT_3D ( 'NONE', #1380, #1495, #1350 ) ;
#231 = AXIS2_PLACEMENT_3D ( 'NONE', #1761, #438, #1281 ) ;
#232 = DIRECTION ( 'NONE',  ( -1.000000000000000000, -0.000000000000000000, -0.000000000000000000 ) ) ;
#233 = VERTEX_POINT ( 'NONE', #980 ) ;
#234 = CARTESIAN_POINT ( 'NONE',  ( 13.81251992229112879, 3.149855109934437625, 16.93669556423440881 ) ) ;
#235 = FACE_BOUND ( 'NONE', #1034, .T. ) ;
#236 = VECTOR ( 'NONE', #502, 1000.000000000000000 ) ;
#237 = VERTEX_POINT ( 'NONE', #1869 ) ;
#238 = FACE_BOUND ( 'NONE', #1037, .T. ) ;
#239 = ADVANCED_FACE ( 'NONE', ( #1010 ), #1427, .F. ) ;
#240 = ADVANCED_FACE ( 'NONE', ( #286 ), #303, .F. ) ;
#241 = CARTESIAN_POINT ( 'NONE',  ( -37.75000000000000711, 4.900000000000000355, 17.00000000000000000 ) ) ;
#242 = LINE ( 'NONE', #531, #835 ) ;
#243 = ORIENTED_EDGE ( 'NONE', *, *, #887, .T. ) ;
#244 = CARTESIAN_POINT ( 'NONE',  ( 16.50000000000000711, 3.499999999999999556, 12.50000000000000000 ) ) ;
#245 = LINE ( 'NONE', #524, #1309 ) ;
#246 = AXIS2_PLACEMENT_3D ( 'NONE', #1692, #1833, #1076 ) ;
#247 = ORIENTED_EDGE ( 'NONE', *, *, #129, .F. ) ;
#248 = CARTESIAN_POINT ( 'NONE',  ( 15.04999999999999716, 3.500000000000000000, 17.00000000000000000 ) ) ;
#249 = EDGE_CURVE ( 'NONE', #1499, #922, #1057, .T. ) ;
#250 = DIRECTION ( 'NONE',  ( 0.000000000000000000, 0.000000000000000000, 1.000000000000000000 ) ) ;
#251 = APPLICATION_CONTEXT ( 'configuration controlled 3d designs of mechanical parts and assemblies' ) ;
#252 = ORIENTED_EDGE ( 'NONE', *, *, #488, .F. ) ;
#253 = CYLINDRICAL_SURFACE ( 'NONE', #478, 0.8999999999999998002 ) ;
#254 = DIRECTION ( 'NONE',  ( 0.000000000000000000, 0.000000000000000000, -1.000000000000000000 ) ) ;
#255 = ORIENTED_EDGE ( 'NONE', *, *, #63, .F. ) ;
#256 = CARTESIAN_POINT ( 'NONE',  ( -37.75000000000000711, 4.900000000000000355, 17.00000000000000000 ) ) ;
#257 = CARTESIAN_POINT ( 'NONE',  ( 16.50000000000000711, 3.500000000000000000, 16.00000000000000000 ) ) ;
#258 =( NAMED_UNIT ( * ) SI_UNIT ( $, .STERADIAN. ) SOLID_ANGLE_UNIT ( ) );
#259 = EDGE_LOOP ( 'NONE', ( #843, #829, #1662 ) ) ;
#260 = CIRCLE ( 'NONE', #1759, 3.000000000000000000 ) ;
#261 = CARTESIAN_POINT ( 'NONE',  ( -44.00000000000000000, 7.022364077828812334, 15.00000000000000000 ) ) ;
#262 = ORIENTED_EDGE ( 'NONE', *, *, #340, .T. ) ;
#263 = CARTESIAN_POINT ( 'NONE',  ( 17.50000000000000711, 9.500000000000000000, 15.00000000000000178 ) ) ;
#264 = ADVANCED_FACE ( 'NONE', ( #1180 ), #253, .F. ) ;
#265 = AXIS2_PLACEMENT_3D ( 'NONE', #1481, #349, #1779 ) ;
#266 = DIRECTION ( 'NONE',  ( 0.000000000000000000, 0.000000000000000000, 1.000000000000000000 ) ) ;
#267 = ADVANCED_FACE ( 'NONE', ( #1743 ), #1316, .F. ) ;
#268 = CARTESIAN_POINT ( 'NONE',  ( -53.50000000000000000, 6.000000000000000000, 15.00000000000000178 ) ) ;
#269 = ORIENTED_EDGE ( 'NONE', *, *, #1709, .F. ) ;
#270 = EDGE_CURVE ( 'NONE', #1531, #47, #1020, .T. ) ;
#271 = LINE ( 'NONE', #1746, #1853 ) ;
#272 = ORIENTED_EDGE ( 'NONE', *, *, #194, .T. ) ;
#273 = DIRECTION ( 'NONE',  ( 0.000000000000000000, 0.000000000000000000, -1.000000000000000000 ) ) ;
#274 = CIRCLE ( 'NONE', #1318, 1.749999999999998002 ) ;
#275 = EDGE_CURVE ( 'NONE', #870, #370, #5, .T. ) ;
#276 = LINE ( 'NONE', #1620, #853 ) ;
#277 = CARTESIAN_POINT ( 'NONE',  ( -13.99999999999999822, 4.900000000000000355, 17.00000000000000000 ) ) ;
#278 = ORIENTED_EDGE ( 'NONE', *, *, #1660, .F. ) ;
#279 = CARTESIAN_POINT ( 'NONE',  ( -3.000000000000002665, 3.700000000000000178, 15.00000000000000000 ) ) ;
#280 = VERTEX_POINT ( 'NONE', #1631 ) ;
#281 = DIRECTION ( 'NONE',  ( -1.000000000000000000, 0.000000000000000000, 0.000000000000000000 ) ) ;
#282 = CARTESIAN_POINT ( 'NONE',  ( 15.75000000000000000, 4.900000000000000355, 17.00000000000000000 ) ) ;
#283 = VECTOR ( 'NONE', #1219, 1000.000000000000000 ) ;
#284 = ADVANCED_FACE ( 'NONE', ( #1032 ), #545, .F. ) ;
#285 = CIRCLE ( 'NONE', #1206, 1.000000000000000888 ) ;
#286 = FACE_OUTER_BOUND ( 'NONE', #850, .T. ) ;
#287 = CALENDAR_DATE ( 2026, 4, 4 ) ;
#288 = AXIS2_PLACEMENT_3D ( 'NONE', #1902, #833, #108 ) ;
#289 = ORIENTED_EDGE ( 'NONE', *, *, #340, .F. ) ;
#290 = LINE ( 'NONE', #869, #348 ) ;
#291 = AXIS2_PLACEMENT_3D ( 'NONE', #615, #1533, #1125 ) ;
#292 = EDGE_CURVE ( 'NONE', #1667, #1569, #439, .T. ) ;
#293 = EDGE_LOOP ( 'NONE', ( #694, #1382, #1251, #1373 ) ) ;
#294 = CYLINDRICAL_SURFACE ( 'NONE', #430, 1.000000000000000888 ) ;
#295 = FACE_OUTER_BOUND ( 'NONE', #533, .T. ) ;
#296 = VECTOR ( 'NONE', #921, 1000.000000000000000 ) ;
#297 = LINE ( 'NONE', #875, #1791 ) ;
#298 = EDGE_LOOP ( 'NONE', ( #1362, #1150, #458, #1762 ) ) ;
#299 = FACE_BOUND ( 'NONE', #1451, .T. ) ;
#300 = EDGE_LOOP ( 'NONE', ( #289, #55, #1083, #587 ) ) ;
#301 = DIRECTION ( 'NONE',  ( -0.000000000000000000, -0.000000000000000000, 1.000000000000000000 ) ) ;
#302 = DIRECTION ( 'NONE',  ( 0.000000000000000000, 0.000000000000000000, -1.000000000000000000 ) ) ;
#303 = PLANE ( 'NONE',  #571 ) ;
#304 = VERTEX_POINT ( 'NONE', #1570 ) ;
#305 = AXIS2_PLACEMENT_3D ( 'NONE', #731, #708, #1591 ) ;
#306 = CARTESIAN_POINT ( 'NONE',  ( -36.90000000000000568, 4.900000000000000355, 13.40000000000000036 ) ) ;
#307 = EDGE_LOOP ( 'NONE', ( #514, #664, #548, #443, #1594, #57, #1822 ) ) ;
#308 = CARTESIAN_POINT ( 'NONE',  ( 17.50000000000000711, 5.000000000000000000, 15.00000000000000178 ) ) ;
#309 = ORIENTED_EDGE ( 'NONE', *, *, #1296, .T. ) ;
#310 = DIRECTION ( 'NONE',  ( -1.000000000000000000, 0.000000000000000000, -0.000000000000000000 ) ) ;
#311 = DIRECTION ( 'NONE',  ( 0.000000000000000000, 0.000000000000000000, -1.000000000000000000 ) ) ;
#312 = AXIS2_PLACEMENT_3D ( 'NONE', #1141, #407, #281 ) ;
#313 = ORIENTED_EDGE ( 'NONE', *, *, #522, .T. ) ;
#314 = CIRCLE ( 'NONE', #1462, 1.749999999999998002 ) ;
#315 = EDGE_CURVE ( 'NONE', #1105, #955, #585, .T. ) ;
#316 = FACE_OUTER_BOUND ( 'NONE', #1117, .T. ) ;
#317 = AXIS2_PLACEMENT_3D ( 'NONE', #1266, #1238, #1565 ) ;
#318 = ORIENTED_EDGE ( 'NONE', *, *, #1736, .F. ) ;
#319 = DIRECTION ( 'NONE',  ( 1.000000000000000000, 0.000000000000000000, 0.000000000000000000 ) ) ;
#320 = ORIENTED_EDGE ( 'NONE', *, *, #1028, .F. ) ;
#321 = VECTOR ( 'NONE', #1252, 1000.000000000000000 ) ;
#322 = CARTESIAN_POINT ( 'NONE',  ( -34.25000000000000000, 4.900000000000000355, 13.40000000000000036 ) ) ;
#323 = EDGE_CURVE ( 'NONE', #464, #189, #1468, .T. ) ;
#324 = CARTESIAN_POINT ( 'NONE',  ( -54.50000000000000000, 9.500000000000000000, 12.50000000000000000 ) ) ;
#325 = ORIENTED_EDGE ( 'NONE', *, *, #1169, .F. ) ;
#326 = EDGE_CURVE ( 'NONE', #788, #582, #426, .T. ) ;
#327 = FACE_BOUND ( 'NONE', #1128, .T. ) ;
#328 = EDGE_CURVE ( 'NONE', #622, #304, #297, .T. ) ;
#329 = DIRECTION ( 'NONE',  ( 0.000000000000000000, -1.000000000000000000, 0.000000000000000000 ) ) ;
#330 = DIRECTION ( 'NONE',  ( 0.000000000000000000, 0.000000000000000000, 1.000000000000000000 ) ) ;
#331 = VERTEX_POINT ( 'NONE', #687 ) ;
#332 = LINE ( 'NONE', #496, #1606 ) ;
#333 = EDGE_CURVE ( 'NONE', #461, #1429, #1188, .T. ) ;
#334 = CARTESIAN_POINT ( 'NONE',  ( -14.18748007770886765, 3.149855109934438957, 16.93669556423440881 ) ) ;
#335 = AXIS2_PLACEMENT_3D ( 'NONE', #1259, #65, #674 ) ;
#336 = VERTEX_POINT ( 'NONE', #895 ) ;
#337 = LINE ( 'NONE', #1795, #130 ) ;
#338 = CARTESIAN_POINT ( 'NONE',  ( -37.75000000000000711, 4.900000000000000355, 17.00000000000000000 ) ) ;
#339 = DIRECTION ( 'NONE',  ( -0.000000000000000000, 1.000000000000000000, -0.000000000000000000 ) ) ;
#340 = EDGE_CURVE ( 'NONE', #1194, #622, #497, .T. ) ;
#341 = ORIENTED_EDGE ( 'NONE', *, *, #275, .F. ) ;
#342 = CARTESIAN_POINT ( 'NONE',  ( -14.89999999999999858, 4.900000000000000355, 12.50000000000000000 ) ) ;
#343 = LINE ( 'NONE', #753, #631 ) ;
#344 = ORIENTED_EDGE ( 'NONE', *, *, #1842, .F. ) ;
#345 = DIRECTION ( 'NONE',  ( -0.000000000000000000, -0.000000000000000000, 1.000000000000000000 ) ) ;
#346 = CIRCLE ( 'NONE', #8, 1.750000000000001554 ) ;
#347 = CARTESIAN_POINT ( 'NONE',  ( 3.000000000000002665, 2.500000000000000000, 16.00000000000000000 ) ) ;
#348 = VECTOR ( 'NONE', #1463, 1000.000000000000000 ) ;
#349 = DIRECTION ( 'NONE',  ( 0.000000000000000000, 0.000000000000000000, -1.000000000000000000 ) ) ;
#350 = ADVANCED_FACE ( 'NONE', ( #635 ), #1661, .T. ) ;
#351 = EDGE_LOOP ( 'NONE', ( #1572, #171, #625, #165, #649, #218, #1614, #553 ) ) ;
#352 = CARTESIAN_POINT ( 'NONE',  ( -54.50000000000000000, 2.500000000000000000, 16.00000000000000000 ) ) ;
#353 = CIRCLE ( 'NONE', #899, 1.000000000000000888 ) ;
#354 = DIRECTION ( 'NONE',  ( 0.000000000000000000, -0.000000000000000000, 1.000000000000000000 ) ) ;
#355 = VERTEX_POINT ( 'NONE', #34 ) ;
#356 = DIRECTION ( 'NONE',  ( 0.000000000000000000, 0.000000000000000000, -1.000000000000000000 ) ) ;
#357 = ORIENTED_EDGE ( 'NONE', *, *, #462, .T. ) ;
#358 = CARTESIAN_POINT ( 'NONE',  ( 13.99999999999999822, 4.900000000000000355, 13.40000000000000036 ) ) ;
#359 = CARTESIAN_POINT ( 'NONE',  ( -53.50000000000000000, 3.500000000000000000, 16.00000000000000000 ) ) ;
#360 = VERTEX_POINT ( 'NONE', #1239 ) ;
#361 = PLANE ( 'NONE',  #1868 ) ;
#362 = DIRECTION ( 'NONE',  ( -1.000000000000000000, 0.000000000000000000, 0.000000000000000000 ) ) ;
#363 = VERTEX_POINT ( 'NONE', #1515 ) ;
#364 = PRODUCT_DEFINITION_FORMATION_WITH_SPECIFIED_SOURCE ( 'Symmetrisch', '', #506, .NOT_KNOWN. ) ;
#365 = DIRECTION ( 'NONE',  ( 1.000000000000000000, 0.000000000000000000, 0.000000000000000000 ) ) ;
#366 = ORIENTED_EDGE ( 'NONE', *, *, #1881, .F. ) ;
#367 = LINE ( 'NONE', #786, #1089 ) ;
#368 = DIRECTION ( 'NONE',  ( -0.000000000000000000, -0.000000000000000000, 1.000000000000000000 ) ) ;
#369 = AXIS2_PLACEMENT_3D ( 'NONE', #1433, #112, #1874 ) ;
#370 = VERTEX_POINT ( 'NONE', #205 ) ;
#371 = DIRECTION ( 'NONE',  ( -0.000000000000000000, -0.000000000000000000, -1.000000000000000000 ) ) ;
#372 = CARTESIAN_POINT ( 'NONE',  ( -44.00000000000000000, 3.700000000000000622, 15.00000000000000000 ) ) ;
#373 = EDGE_LOOP ( 'NONE', ( #1862, #1464, #802, #366, #997, #344, #1752, #17, #1269, #1210, #1867, #1735, #1509, #1691 ) ) ;
#374 = DIRECTION ( 'NONE',  ( 1.000000000000000000, 0.000000000000000000, 0.000000000000000000 ) ) ;
#375 = VERTEX_POINT ( 'NONE', #498 ) ;
#376 = ADVANCED_FACE ( 'NONE', ( #1504 ), #1818, .F. ) ;
#377 = CARTESIAN_POINT ( 'NONE',  ( 13.26913540313241135, 3.298834436415536420, 16.98148622050239354 ) ) ;
#378 = LINE ( 'NONE', #688, #636 ) ;
#379 = ADVANCED_FACE ( 'NONE', ( #1782 ), #467, .F. ) ;
#380 = ORIENTED_EDGE ( 'NONE', *, *, #98, .F. ) ;
#381 = PLANE ( 'NONE',  #1886 ) ;
#382 = DIRECTION ( 'NONE',  ( 0.000000000000000000, -1.000000000000000000, 0.000000000000000000 ) ) ;
#383 = APPLICATION_CONTEXT ( 'configuration controlled 3d designs of mechanical parts and assemblies' ) ;
#384 = AXIS2_PLACEMENT_3D ( 'NONE', #24, #1052, #1229 ) ;
#385 = FACE_OUTER_BOUND ( 'NONE', #202, .T. ) ;
#386 = ORIENTED_EDGE ( 'NONE', *, *, #36, .T. ) ;
#387 = DIRECTION ( 'NONE',  ( -1.000000000000000000, -2.877046891623748835E-16, -0.000000000000000000 ) ) ;
#388 = FACE_OUTER_BOUND ( 'NONE', #1434, .T. ) ;
#389 = VECTOR ( 'NONE', #678, 1000.000000000000000 ) ;
#390 = ADVANCED_FACE ( 'NONE', ( #1094 ), #1643, .F. ) ;
#391 = ORIENTED_EDGE ( 'NONE', *, *, #9, .T. ) ;
#392 = CARTESIAN_POINT ( 'NONE',  ( 12.24999999999999822, 4.900000000000000355, 13.40000000000000036 ) ) ;
#393 = CARTESIAN_POINT ( 'NONE',  ( -15.75000000000000711, 6.000000000000000000, 17.00000000000000000 ) ) ;
#394 = CARTESIAN_POINT ( 'NONE',  ( 17.50000000000000711, 5.585786437626905965, 16.58578643762690419 ) ) ;
#395 = ORIENTED_EDGE ( 'NONE', *, *, #209, .T. ) ;
#396 = LINE ( 'NONE', #1476, #1277 ) ;
#397 = FACE_OUTER_BOUND ( 'NONE', #35, .T. ) ;
#398 = ADVANCED_FACE ( 'NONE', ( #1340 ), #54, .T. ) ;
#399 = ORIENTED_EDGE ( 'NONE', *, *, #1574, .F. ) ;
#400 = DIRECTION ( 'NONE',  ( 0.000000000000000000, -0.000000000000000000, -1.000000000000000000 ) ) ;
#401 = LINE ( 'NONE', #700, #1292 ) ;
#402 = DATE_TIME_ROLE ( 'creation_date' ) ;
#403 = VERTEX_POINT ( 'NONE', #905 ) ;
#404 = DIRECTION ( 'NONE',  ( 1.000000000000000000, 0.000000000000000000, 0.000000000000000000 ) ) ;
#405 = EDGE_CURVE ( 'NONE', #1237, #1189, #343, .T. ) ;
#406 = VERTEX_POINT ( 'NONE', #489 ) ;
#407 = DIRECTION ( 'NONE',  ( -0.000000000000000000, -0.000000000000000000, -1.000000000000000000 ) ) ;
#408 = EDGE_CURVE ( 'NONE', #817, #363, #1602, .T. ) ;
#409 = DIRECTION ( 'NONE',  ( -1.000000000000000000, 0.000000000000000000, 0.000000000000000000 ) ) ;
#410 = EDGE_CURVE ( 'NONE', #974, #738, #164, .T. ) ;
#411 = DIRECTION ( 'NONE',  ( -0.000000000000000000, -1.000000000000000000, -0.000000000000000000 ) ) ;
#412 = ORIENTED_EDGE ( 'NONE', *, *, #820, .F. ) ;
#413 = DIRECTION ( 'NONE',  ( -0.000000000000000000, -0.000000000000000000, -1.000000000000000000 ) ) ;
#414 = ORIENTED_EDGE ( 'NONE', *, *, #1236, .F. ) ;
#415 = CYLINDRICAL_SURFACE ( 'NONE', #468, 0.8999999999999998002 ) ;
#416 = VECTOR ( 'NONE', #749, 1000.000000000000000 ) ;
#417 = LINE ( 'NONE', #854, #952 ) ;
#418 = CARTESIAN_POINT ( 'NONE',  ( 17.50000000000000711, 5.000000000000000000, 16.00000000000000000 ) ) ;
#419 = VERTEX_POINT ( 'NONE', #480 ) ;
#420 = CARTESIAN_POINT ( 'NONE',  ( -54.50000000000000000, 9.500000000000000000, 15.00000000000000178 ) ) ;
#421 = VERTEX_POINT ( 'NONE', #324 ) ;
#422 = CARTESIAN_POINT ( 'NONE',  ( -44.00000000000000000, 3.700000000000000622, 17.00000000000000000 ) ) ;
#423 = AXIS2_PLACEMENT_3D ( 'NONE', #509, #1682, #365 ) ;
#424 = EDGE_CURVE ( 'NONE', #825, #375, #1858, .T. ) ;
#425 = DIRECTION ( 'NONE',  ( -0.000000000000000000, -0.000000000000000000, 1.000000000000000000 ) ) ;
#426 = LINE ( 'NONE', #604, #1305 ) ;
#427 = CARTESIAN_POINT ( 'NONE',  ( 3.000000000000000000, 0.000000000000000000, 12.50000000000000000 ) ) ;
#428 = ORIENTED_EDGE ( 'NONE', *, *, #801, .F. ) ;
#429 = ADVANCED_FACE ( 'NONE', ( #1810 ), #1485, .T. ) ;
#430 = AXIS2_PLACEMENT_3D ( 'NONE', #1739, #136, #1618 ) ;
#431 = CARTESIAN_POINT ( 'NONE',  ( -3.000000000000000000, 3.699999999999999734, 17.00000000000000000 ) ) ;
#432 = ORIENTED_EDGE ( 'NONE', *, *, #1553, .T. ) ;
#433 = DIRECTION ( 'NONE',  ( -0.000000000000000000, -0.000000000000000000, 1.000000000000000000 ) ) ;
#434 = EDGE_CURVE ( 'NONE', #370, #1075, #1124, .T. ) ;
#435 = DIRECTION ( 'NONE',  ( -0.000000000000000000, -0.000000000000000000, -1.000000000000000000 ) ) ;
#436 = VECTOR ( 'NONE', #465, 1000.000000000000000 ) ;
#437 = AXIS2_PLACEMENT_3D ( 'NONE', #1223, #735, #1325 ) ;
#438 = DIRECTION ( 'NONE',  ( 0.000000000000000000, 0.000000000000000000, -1.000000000000000000 ) ) ;
#439 = CIRCLE ( 'NONE', #288, 1.750000000000001554 ) ;
#440 = VERTEX_POINT ( 'NONE', #241 ) ;
#441 = DIRECTION ( 'NONE',  ( -0.000000000000000000, 0.000000000000000000, 1.000000000000000000 ) ) ;
#442 = AXIS2_PLACEMENT_3D ( 'NONE', #20, #1215, #1202 ) ;
#443 = ORIENTED_EDGE ( 'NONE', *, *, #137, .T. ) ;
#444 = LINE ( 'NONE', #1313, #807 ) ;
#445 = DIRECTION ( 'NONE',  ( 0.000000000000000000, 0.000000000000000000, 1.000000000000000000 ) ) ;
#446 = DIRECTION ( 'NONE',  ( 1.000000000000000000, 0.000000000000000000, 0.000000000000000000 ) ) ;
#447 = PERSON_AND_ORGANIZATION ( #18446744073709551615, #18446744073709551615 ) ;
#448 = ORIENTED_EDGE ( 'NONE', *, *, #1501, .T. ) ;
#449 = AXIS2_PLACEMENT_3D ( 'NONE', #1817, #1092, #830 ) ;
#450 = DIRECTION ( 'NONE',  ( -1.000000000000000000, 0.000000000000000000, 0.000000000000000000 ) ) ;
#451 = ORIENTED_EDGE ( 'NONE', *, *, #714, .T. ) ;
#452 = CARTESIAN_POINT ( 'NONE',  ( -15.75000000000000355, 4.900000000000000355, 17.00000000000000000 ) ) ;
#453 = ORIENTED_EDGE ( 'NONE', *, *, #1742, .F. ) ;
#454 = APPROVAL_PERSON_ORGANIZATION ( #1577, #1767, #701 ) ;
#455 = DIRECTION ( 'NONE',  ( 1.000000000000000000, 0.000000000000000000, 0.000000000000000000 ) ) ;
#456 = DIRECTION ( 'NONE',  ( -0.000000000000000000, -1.000000000000000000, -0.000000000000000000 ) ) ;
#457 = APPROVAL_DATE_TIME ( #586, #744 ) ;
#458 = ORIENTED_EDGE ( 'NONE', *, *, #1372, .F. ) ;
#459 = AXIS2_PLACEMENT_3D ( 'NONE', #661, #382, #1267 ) ;
#460 = DIRECTION ( 'NONE',  ( -0.000000000000000000, -0.000000000000000000, -1.000000000000000000 ) ) ;
#461 = VERTEX_POINT ( 'NONE', #1575 ) ;
#462 = EDGE_CURVE ( 'NONE', #233, #1784, #528, .T. ) ;
#463 = CARTESIAN_POINT ( 'NONE',  ( -12.24999999999999289, 4.900000000000000355, 15.00000000000000000 ) ) ;
#464 = VERTEX_POINT ( 'NONE', #1256 ) ;
#465 = DIRECTION ( 'NONE',  ( 1.000000000000000000, 0.000000000000000000, 0.000000000000000000 ) ) ;
#466 = ADVANCED_FACE ( 'NONE', ( #1852 ), #541, .F. ) ;
#467 = PLANE ( 'NONE',  #777 ) ;
#468 = AXIS2_PLACEMENT_3D ( 'NONE', #1304, #433, #1889 ) ;
#469 = PERSON_AND_ORGANIZATION ( #18446744073709551615, #18446744073709551615 ) ;
#470 = VERTEX_POINT ( 'NONE', #1831 ) ;
#471 = EDGE_CURVE ( 'NONE', #237, #1075, #1456, .T. ) ;
#472 = VECTOR ( 'NONE', #1056, 1000.000000000000000 ) ;
#473 = DIRECTION ( 'NONE',  ( 1.000000000000000000, -0.000000000000000000, 0.000000000000000000 ) ) ;
#474 = ADVANCED_FACE ( 'NONE', ( #1422 ), #682, .F. ) ;
#475 = DIRECTION ( 'NONE',  ( 0.000000000000000000, 0.000000000000000000, -1.000000000000000000 ) ) ;
#476 = PLANE ( 'NONE',  #1584 ) ;
#477 = ORIENTED_EDGE ( 'NONE', *, *, #1634, .F. ) ;
#478 = AXIS2_PLACEMENT_3D ( 'NONE', #695, #554, #446 ) ;
#479 = DIRECTION ( 'NONE',  ( 0.000000000000000000, 0.000000000000000000, -1.000000000000000000 ) ) ;
#480 = CARTESIAN_POINT ( 'NONE',  ( 12.94999999999999929, 3.500000000000000000, 17.00000000000000000 ) ) ;
#481 = ORIENTED_EDGE ( 'NONE', *, *, #1538, .T. ) ;
#482 = ADVANCED_FACE ( 'NONE', ( #217 ), #968, .F. ) ;
#483 = DIRECTION ( 'NONE',  ( -0.000000000000000000, -0.000000000000000000, -1.000000000000000000 ) ) ;
#484 = CARTESIAN_POINT ( 'NONE',  ( -14.89999999999999858, 4.900000000000000355, 13.40000000000000036 ) ) ;
#485 = DIRECTION ( 'NONE',  ( 0.000000000000000000, 0.000000000000000000, -1.000000000000000000 ) ) ;
#486 = ORIENTED_EDGE ( 'NONE', *, *, #1401, .T. ) ;
#487 = PLANE ( 'NONE',  #534 ) ;
#488 = EDGE_CURVE ( 'NONE', #1834, #729, #95, .T. ) ;
#489 = CARTESIAN_POINT ( 'NONE',  ( -15.75000000000000000, 4.900000000000000355, 13.40000000000000036 ) ) ;
#490 = ORIENTED_EDGE ( 'NONE', *, *, #1345, .F. ) ;
#491 = DIRECTION ( 'NONE',  ( 1.000000000000000000, 0.000000000000000000, 0.000000000000000000 ) ) ;
#492 = EDGE_CURVE ( 'NONE', #1308, #1531, #672, .T. ) ;
#493 = FACE_OUTER_BOUND ( 'NONE', #259, .T. ) ;
#494 = CARTESIAN_POINT ( 'NONE',  ( 17.50000000000000711, 5.000000000000000000, 16.00000000000000000 ) ) ;
#495 = ORIENTED_EDGE ( 'NONE', *, *, #578, .T. ) ;
#496 = CARTESIAN_POINT ( 'NONE',  ( 3.000000000000000000, 3.700000000000000622, 17.00000000000000000 ) ) ;
#497 =( BOUNDED_CURVE ( )  B_SPLINE_CURVE ( 3, ( #781, #760, #1361, #1670 ),
 .UNSPECIFIED., .F., .T. ) 
 B_SPLINE_CURVE_WITH_KNOTS ( ( 4, 4 ),
 ( 3.141592653589793116, 4.712388980384689674 ),
 .UNSPECIFIED. ) 
 CURVE ( )  GEOMETRIC_REPRESENTATION_ITEM ( )  RATIONAL_B_SPLINE_CURVE ( ( 1.000000000000000000, 0.8047378541243649375, 0.8047378541243649375, 1.000000000000000000 ) ) 
 REPRESENTATION_ITEM ( '' )  );
#498 = CARTESIAN_POINT ( 'NONE',  ( -36.90000000000000568, 4.900000000000000355, 13.40000000000000036 ) ) ;
#499 = ORIENTED_EDGE ( 'NONE', *, *, #904, .T. ) ;
#500 = DIRECTION ( 'NONE',  ( -1.000000000000000000, 0.000000000000000000, -0.000000000000000000 ) ) ;
#501 = LINE ( 'NONE', #1806, #1820 ) ;
#502 = DIRECTION ( 'NONE',  ( -0.000000000000000000, -0.000000000000000000, 1.000000000000000000 ) ) ;
#503 = EDGE_LOOP ( 'NONE', ( #1326, #1605, #477, #255, #841, #1888, #269 ) ) ;
#504 = CARTESIAN_POINT ( 'NONE',  ( -53.50000000000000000, 3.500000000000000000, 17.00000000000000000 ) ) ;
#505 = CIRCLE ( 'NONE', #719, 1.750000000000001554 ) ;
#506 = PRODUCT ( 'Lower Display Mount REF2009', 'Lower Display Mount REF2009', '', ( #131 ) ) ;
#507 = CARTESIAN_POINT ( 'NONE',  ( -13.10205936377196956, 3.385955477171024963, 17.00000000000000355 ) ) ;
#508 = ORIENTED_EDGE ( 'NONE', *, *, #270, .F. ) ;
#509 = CARTESIAN_POINT ( 'NONE',  ( -13.99999999999999822, 4.900000000000000355, 12.50000000000000000 ) ) ;
#511 = VECTOR ( 'NONE', #1087, 1000.000000000000000 ) ;
#510 = VECTOR ( 'NONE', #776, 1000.000000000000000 ) ;
#512 = DIRECTION ( 'NONE',  ( 1.000000000000000000, 0.000000000000000000, 0.000000000000000000 ) ) ;
#513 = FACE_OUTER_BOUND ( 'NONE', #652, .T. ) ;
#514 = ORIENTED_EDGE ( 'NONE', *, *, #1881, .T. ) ;
#515 = LINE ( 'NONE', #1688, #1302 ) ;
#516 = DIRECTION ( 'NONE',  ( 1.000000000000000000, 0.000000000000000000, 0.000000000000000000 ) ) ;
#517 = ORIENTED_EDGE ( 'NONE', *, *, #1786, .F. ) ;
#518 = ADVANCED_FACE ( 'NONE', ( #1558 ), #228, .F. ) ;
#519 = APPROVAL_PERSON_ORGANIZATION ( #1155, #206, #552 ) ;
#520 = DIRECTION ( 'NONE',  ( -0.000000000000000000, -0.000000000000000000, 1.000000000000000000 ) ) ;
#521 = ORIENTED_EDGE ( 'NONE', *, *, #559, .F. ) ;
#522 = EDGE_CURVE ( 'NONE', #1189, #1075, #976, .T. ) ;
#523 = CARTESIAN_POINT ( 'NONE',  ( -3.000000000000000000, 3.699999999999999734, 17.00000000000000000 ) ) ;
#524 = CARTESIAN_POINT ( 'NONE',  ( -12.24999999999999289, 4.900000000000000355, 17.00000000000000000 ) ) ;
#525 = ORIENTED_EDGE ( 'NONE', *, *, #993, .T. ) ;
#526 = FACE_OUTER_BOUND ( 'NONE', #1415, .T. ) ;
#527 = CIRCLE ( 'NONE', #1845, 1.000000000000000888 ) ;
#528 = LINE ( 'NONE', #1710, #1549 ) ;
#529 = EDGE_CURVE ( 'NONE', #1625, #1194, #838, .T. ) ;
#530 = EDGE_LOOP ( 'NONE', ( #80, #1156, #325, #856 ) ) ;
#531 = CARTESIAN_POINT ( 'NONE',  ( -15.75000000000000355, 4.900000000000000355, 15.00000000000000000 ) ) ;
#532 = EDGE_CURVE ( 'NONE', #229, #1625, #1865, .T. ) ;
#533 = EDGE_LOOP ( 'NONE', ( #793, #1260, #243, #1003 ) ) ;
#534 = AXIS2_PLACEMENT_3D ( 'NONE', #1339, #23, #1195 ) ;
#535 = DIRECTION ( 'NONE',  ( 0.000000000000000000, 0.000000000000000000, -1.000000000000000000 ) ) ;
#536 = DIRECTION ( 'NONE',  ( -0.000000000000000000, -0.000000000000000000, -1.000000000000000000 ) ) ;
#537 = EDGE_CURVE ( 'NONE', #955, #360, #401, .T. ) ;
#538 = VECTOR ( 'NONE', #1478, 1000.000000000000000 ) ;
#539 = ORIENTED_EDGE ( 'NONE', *, *, #1830, .F. ) ;
#540 = DIRECTION ( 'NONE',  ( -0.000000000000000000, -0.000000000000000000, -1.000000000000000000 ) ) ;
#541 = PLANE ( 'NONE',  #966 ) ;
#542 = AXIS2_PLACEMENT_3D ( 'NONE', #1220, #1064, #1651 ) ;
#543 = ORIENTED_EDGE ( 'NONE', *, *, #1681, .T. ) ;
#544 = EDGE_CURVE ( 'NONE', #304, #1895, #1381, .T. ) ;
#545 = PLANE ( 'NONE',  #932 ) ;
#546 = DIRECTION ( 'NONE',  ( -0.000000000000000000, 0.000000000000000000, -1.000000000000000000 ) ) ;
#547 = CIRCLE ( 'NONE', #782, 0.8999999999999998002 ) ;
#548 = ORIENTED_EDGE ( 'NONE', *, *, #1233, .F. ) ;
#549 = CARTESIAN_POINT ( 'NONE',  ( 13.09999999999999964, 4.900000000000000355, 12.50000000000000000 ) ) ;
#550 = AXIS2_PLACEMENT_3D ( 'NONE', #1246, #540, #811 ) ;
#551 = DIRECTION ( 'NONE',  ( -0.000000000000000000, -0.000000000000000000, -1.000000000000000000 ) ) ;
#552 = APPROVAL_ROLE ( '' ) ;
#553 = ORIENTED_EDGE ( 'NONE', *, *, #1222, .F. ) ;
#554 = DIRECTION ( 'NONE',  ( -0.000000000000000000, -0.000000000000000000, 1.000000000000000000 ) ) ;
#555 = CARTESIAN_POINT ( 'NONE',  ( 16.50000000000000711, 0.000000000000000000, 17.00000000000000000 ) ) ;
#556 = ADVANCED_FACE ( 'NONE', ( #560 ), #814, .T. ) ;
#557 = ORIENTED_EDGE ( 'NONE', *, *, #98, .T. ) ;
#558 = LINE ( 'NONE', #1598, #565 ) ;
#559 = EDGE_CURVE ( 'NONE', #189, #1589, #1724, .T. ) ;
#560 = FACE_OUTER_BOUND ( 'NONE', #1320, .T. ) ;
#561 = APPLICATION_PROTOCOL_DEFINITION ( 'international standard', 'config_control_design', 1994, #251 ) ;
#562 = ORIENTED_EDGE ( 'NONE', *, *, #1563, .T. ) ;
#563 = CARTESIAN_POINT ( 'NONE',  ( 12.24999999999999645, 4.900000000000000355, 13.40000000000000036 ) ) ;
#564 = VERTEX_POINT ( 'NONE', #1247 ) ;
#565 = VECTOR ( 'NONE', #1723, 1000.000000000000000 ) ;
#566 = CARTESIAN_POINT ( 'NONE',  ( 0.000000000000000000, 6.000000000000000000, 15.00000000000000178 ) ) ;
#567 = CIRCLE ( 'NONE', #1118, 1.000000000000000888 ) ;
#568 = DIRECTION ( 'NONE',  ( -0.000000000000000000, -1.000000000000000000, -0.000000000000000000 ) ) ;
#569 = AXIS2_PLACEMENT_3D ( 'NONE', #225, #1123, #1708 ) ;
#570 = VERTEX_POINT ( 'NONE', #372 ) ;
#571 = AXIS2_PLACEMENT_3D ( 'NONE', #741, #1751, #156 ) ;
#572 = ADVANCED_FACE ( 'NONE', ( #1403 ), #881, .T. ) ;
#573 = CARTESIAN_POINT ( 'NONE',  ( 0.000000000000000000, 3.500000000000000000, 16.00000000000000000 ) ) ;
#574 = ORIENTED_EDGE ( 'NONE', *, *, #826, .T. ) ;
#575 = CARTESIAN_POINT ( 'NONE',  ( 16.50000000000000711, 6.000000000000000000, 17.00000000000000000 ) ) ;
#576 = CARTESIAN_POINT ( 'NONE',  ( 14.89999999999999858, 4.900000000000000355, 13.40000000000000036 ) ) ;
#577 = PERSON_AND_ORGANIZATION_ROLE ( 'design_owner' ) ;
#578 = EDGE_CURVE ( 'NONE', #419, #461, #1139, .T. ) ;
#579 = ORIENTED_EDGE ( 'NONE', *, *, #683, .T. ) ;
#580 = ADVANCED_FACE ( 'NONE', ( #1161 ), #1306, .F. ) ;
#581 = CARTESIAN_POINT ( 'NONE',  ( 14.89999999999999858, 4.900000000000000355, 12.50000000000000000 ) ) ;
#582 = VERTEX_POINT ( 'NONE', #739 ) ;
#583 = PLANE ( 'NONE',  #1506 ) ;
#584 = LINE ( 'NONE', #1153, #618 ) ;
#585 = LINE ( 'NONE', #1129, #1854 ) ;
#586 = DATE_AND_TIME ( #596, #703 ) ;
#587 = ORIENTED_EDGE ( 'NONE', *, *, #328, .F. ) ;
#588 = EDGE_CURVE ( 'NONE', #1107, #1729, #276, .T. ) ;
#589 = LINE ( 'NONE', #279, #713 ) ;
#590 = ORIENTED_EDGE ( 'NONE', *, *, #1849, .T. ) ;
#591 = DIRECTION ( 'NONE',  ( 1.000000000000000000, 0.000000000000000000, 0.000000000000000000 ) ) ;
#592 = CARTESIAN_POINT ( 'NONE',  ( -54.50000000000000000, 9.500000000000000000, 15.00000000000000178 ) ) ;
#593 = VECTOR ( 'NONE', #759, 1000.000000000000000 ) ;
#594 = CIRCLE ( 'NONE', #1669, 0.8999999999999980238 ) ;
#595 = DIRECTION ( 'NONE',  ( -0.000000000000000000, -0.000000000000000000, 1.000000000000000000 ) ) ;
#596 = CALENDAR_DATE ( 2026, 4, 4 ) ;
#597 = ORIENTED_EDGE ( 'NONE', *, *, #1756, .F. ) ;
#598 = CYLINDRICAL_SURFACE ( 'NONE', #190, 1.749999999999998002 ) ;
#599 = AXIS2_PLACEMENT_3D ( 'NONE', #620, #11, #1176 ) ;
#600 = CARTESIAN_POINT ( 'NONE',  ( -54.50000000000000000, 3.500000000000000000, 16.00000000000000000 ) ) ;
#601 = LINE ( 'NONE', #51, #764 ) ;
#602 = ORIENTED_EDGE ( 'NONE', *, *, #33, .T. ) ;
#603 = FACE_OUTER_BOUND ( 'NONE', #1505, .T. ) ;
#604 = CARTESIAN_POINT ( 'NONE',  ( -44.00000000000000000, 6.000000000000000000, 17.00000000000000000 ) ) ;
#605 = ORIENTED_EDGE ( 'NONE', *, *, #182, .F. ) ;
#606 = EDGE_CURVE ( 'NONE', #92, #304, #845, .T. ) ;
#607 = CARTESIAN_POINT ( 'NONE',  ( -35.10205936377198555, 3.385955477171024963, 17.00000000000000355 ) ) ;
#608 = FACE_OUTER_BOUND ( 'NONE', #1341, .T. ) ;
#609 = EDGE_CURVE ( 'NONE', #743, #88, #1583, .T. ) ;
#610 = LINE ( 'NONE', #41, #1126 ) ;
#611 = ORIENTED_EDGE ( 'NONE', *, *, #676, .F. ) ;
#612 = CC_DESIGN_SECURITY_CLASSIFICATION ( #1441, ( #364 ) ) ;
#613 = EDGE_CURVE ( 'NONE', #1499, #1039, #15, .T. ) ;
#614 = CARTESIAN_POINT ( 'NONE',  ( -35.10000000000000853, 4.900000000000000355, 13.40000000000000036 ) ) ;
#615 = CARTESIAN_POINT ( 'NONE',  ( 16.50000000000000711, 3.500000000000000000, 16.00000000000000000 ) ) ;
#616 = ORIENTED_EDGE ( 'NONE', *, *, #182, .T. ) ;
#617 = EDGE_CURVE ( 'NONE', #161, #1429, #417, .T. ) ;
#618 = VECTOR ( 'NONE', #302, 1000.000000000000000 ) ;
#619 = CARTESIAN_POINT ( 'NONE',  ( -35.26700097686615720, 3.299793036716236916, 16.98169896866631490 ) ) ;
#620 = CARTESIAN_POINT ( 'NONE',  ( 16.50000000000000711, 3.500000000000000000, 16.00000000000000000 ) ) ;
#621 = CARTESIAN_POINT ( 'NONE',  ( 17.50000000000000711, 9.500000000000000000, 12.50000000000000000 ) ) ;
#622 = VERTEX_POINT ( 'NONE', #155 ) ;
#623 = FACE_OUTER_BOUND ( 'NONE', #1144, .T. ) ;
#624 = DIRECTION ( 'NONE',  ( -0.000000000000000000, -0.000000000000000000, 1.000000000000000000 ) ) ;
#625 = ORIENTED_EDGE ( 'NONE', *, *, #1068, .T. ) ;
#626 = VECTOR ( 'NONE', #1004, 1000.000000000000000 ) ;
#627 = CARTESIAN_POINT ( 'NONE',  ( 13.09999999999999964, 4.900000000000000355, 13.40000000000000036 ) ) ;
#628 = EDGE_CURVE ( 'NONE', #1482, #629, #584, .T. ) ;
#629 = VERTEX_POINT ( 'NONE', #1601 ) ;
#630 = CARTESIAN_POINT ( 'NONE',  ( -13.99999999999999822, 4.900000000000000355, 17.00000000000000000 ) ) ;
#631 = VECTOR ( 'NONE', #624, 1000.000000000000000 ) ;
#632 = ORIENTED_EDGE ( 'NONE', *, *, #1007, .T. ) ;
#633 = CARTESIAN_POINT ( 'NONE',  ( 0.000000000000000000, 3.500000000000000000, 17.00000000000000000 ) ) ;
#634 = EDGE_CURVE ( 'NONE', #1589, #1729, #1329, .T. ) ;
#635 = FACE_OUTER_BOUND ( 'NONE', #1199, .T. ) ;
#636 = VECTOR ( 'NONE', #222, 1000.000000000000000 ) ;
#637 = ORIENTED_EDGE ( 'NONE', *, *, #1734, .F. ) ;
#638 = CARTESIAN_POINT ( 'NONE',  ( -12.24999999999999289, 4.900000000000000355, 17.00000000000000000 ) ) ;
#639 = LINE ( 'NONE', #523, #778 ) ;
#640 = CARTESIAN_POINT ( 'NONE',  ( 12.24999999999999822, 4.900000000000000355, 17.00000000000000000 ) ) ;
#641 = ORIENTED_EDGE ( 'NONE', *, *, #1596, .T. ) ;
#642 = LINE ( 'NONE', #61, #38 ) ;
#643 = CARTESIAN_POINT ( 'NONE',  ( -14.37383111573989325, 3.180074269665158049, 16.94943683943590784 ) ) ;
#644 = ORIENTED_EDGE ( 'NONE', *, *, #89, .T. ) ;
#645 = LINE ( 'NONE', #1231, #1725 ) ;
#646 = ORIENTED_EDGE ( 'NONE', *, *, #1233, .T. ) ;
#647 = SPHERICAL_SURFACE ( 'NONE', #107, 1.000000000000000000 ) ;
#648 = CARTESIAN_POINT ( 'NONE',  ( -53.50000000000000000, 6.000000000000000000, 17.00000000000000000 ) ) ;
#649 = ORIENTED_EDGE ( 'NONE', *, *, #89, .F. ) ;
#650 = CARTESIAN_POINT ( 'NONE',  ( -15.04999999999999538, 3.499999999999999556, 17.00000000000000000 ) ) ;
#651 = DIRECTION ( 'NONE',  ( 0.000000000000000000, -1.000000000000000000, 0.000000000000000000 ) ) ;
#652 = EDGE_LOOP ( 'NONE', ( #791, #754, #1905, #159, #1587 ) ) ;
#653 = CARTESIAN_POINT ( 'NONE',  ( 12.24999999999999822, 4.900000000000000355, 17.00000000000000000 ) ) ;
#654 = VERTEX_POINT ( 'NONE', #1170 ) ;
#655 = AXIS2_PLACEMENT_3D ( 'NONE', #1623, #1508, #755 ) ;
#656 = DIRECTION ( 'NONE',  ( -1.000000000000000000, 0.000000000000000000, 0.000000000000000000 ) ) ;
#657 = CARTESIAN_POINT ( 'NONE',  ( -37.75000000000000711, 4.900000000000000355, 15.00000000000000000 ) ) ;
#658 = ORIENTED_EDGE ( 'NONE', *, *, #333, .T. ) ;
#659 = FACE_OUTER_BOUND ( 'NONE', #1048, .T. ) ;
#660 = EDGE_CURVE ( 'NONE', #868, #876, #1740, .T. ) ;
#661 = CARTESIAN_POINT ( 'NONE',  ( -54.50000000000000000, 6.000000000000000000, 17.00000000000000000 ) ) ;
#662 = ORIENTED_EDGE ( 'NONE', *, *, #861, .F. ) ;
#663 = CARTESIAN_POINT ( 'NONE',  ( 16.50000000000000711, 2.500000000000000000, 15.00000000000000178 ) ) ;
#664 = ORIENTED_EDGE ( 'NONE', *, *, #942, .T. ) ;
#665 = ADVANCED_FACE ( 'NONE', ( #1892 ), #724, .T. ) ;
#666 = DIRECTION ( 'NONE',  ( 0.000000000000000000, 0.000000000000000000, -1.000000000000000000 ) ) ;
#667 = DIRECTION ( 'NONE',  ( 1.000000000000000000, 0.000000000000000000, 0.000000000000000000 ) ) ;
#668 = ADVANCED_FACE ( 'NONE', ( #603 ), #1030, .T. ) ;
#669 = ORIENTED_EDGE ( 'NONE', *, *, #1484, .T. ) ;
#670 = FACE_OUTER_BOUND ( 'NONE', #859, .T. ) ;
#671 = EDGE_CURVE ( 'NONE', #974, #629, #118, .T. ) ;
#672 = LINE ( 'NONE', #393, #214 ) ;
#673 = EDGE_LOOP ( 'NONE', ( #685, #1410, #1789, #1799 ) ) ;
#674 = DIRECTION ( 'NONE',  ( 1.000000000000000000, 0.000000000000000000, 0.000000000000000000 ) ) ;
#675 = ORIENTED_EDGE ( 'NONE', *, *, #1835, .F. ) ;
#676 = EDGE_CURVE ( 'NONE', #1101, #1589, #1448, .T. ) ;
#677 = CARTESIAN_POINT ( 'NONE',  ( 15.04999999999999716, 3.500000000000000000, 17.00000000000000000 ) ) ;
#678 = DIRECTION ( 'NONE',  ( 1.000000000000000000, 0.000000000000000000, 0.000000000000000000 ) ) ;
#679 = ORIENTED_EDGE ( 'NONE', *, *, #249, .T. ) ;
#680 = DIRECTION ( 'NONE',  ( 0.000000000000000000, -1.000000000000000000, 0.000000000000000000 ) ) ;
#681 = AXIS2_PLACEMENT_3D ( 'NONE', #1807, #1788, #1798 ) ;
#682 = PLANE ( 'NONE',  #45 ) ;
#683 = EDGE_CURVE ( 'NONE', #161, #215, #1019, .T. ) ;
#684 = CARTESIAN_POINT ( 'NONE',  ( 0.000000000000000000, 3.500000000000000000, 17.00000000000000000 ) ) ;
#685 = ORIENTED_EDGE ( 'NONE', *, *, #410, .F. ) ;
#686 = VECTOR ( 'NONE', #1073, 1000.000000000000000 ) ;
#687 = CARTESIAN_POINT ( 'NONE',  ( -44.00000000000000000, 3.700000000000000622, 12.50000000000000000 ) ) ;
#688 = CARTESIAN_POINT ( 'NONE',  ( -12.24999999999998934, 6.000000000000000000, 17.00000000000000000 ) ) ;
#689 = ORIENTED_EDGE ( 'NONE', *, *, #1211, .F. ) ;
#690 = CARTESIAN_POINT ( 'NONE',  ( -54.50000000000000000, 2.500000000000000000, 16.00000000000000000 ) ) ;
#691 = CARTESIAN_POINT ( 'NONE',  ( 17.50000000000000711, 9.500000000000000000, 15.00000000000000178 ) ) ;
#692 = ADVANCED_FACE ( 'NONE', ( #295 ), #1457, .F. ) ;
#693 = APPROVAL_STATUS ( 'not_yet_approved' ) ;
#694 = ORIENTED_EDGE ( 'NONE', *, *, #1197, .F. ) ;
#695 = CARTESIAN_POINT ( 'NONE',  ( -13.99999999999999822, 4.900000000000000355, 13.40000000000000036 ) ) ;
#696 = CARTESIAN_POINT ( 'NONE',  ( -34.25000000000000000, 4.900000000000000355, 17.00000000000000000 ) ) ;
#697 = ORIENTED_EDGE ( 'NONE', *, *, #1211, .T. ) ;
#698 = LINE ( 'NONE', #1473, #226 ) ;
#699 = CIRCLE ( 'NONE', #1769, 1.000000000000000888 ) ;
#700 = CARTESIAN_POINT ( 'NONE',  ( -54.50000000000000000, 2.500000000000000000, 12.50000000000000000 ) ) ;
#701 = APPROVAL_ROLE ( '' ) ;
#702 = VERTEX_POINT ( 'NONE', #914 ) ;
#703 = LOCAL_TIME ( 19, 36, 1.000000000000000000, #1021 ) ;
#704 = CARTESIAN_POINT ( 'NONE',  ( -15.75000000000000355, 4.900000000000000355, 17.00000000000000000 ) ) ;
#705 = ORIENTED_EDGE ( 'NONE', *, *, #529, .F. ) ;
#706 = CARTESIAN_POINT ( 'NONE',  ( -53.50000000000000000, 2.500000000000000000, 16.00000000000000000 ) ) ;
#707 = AXIS2_PLACEMENT_3D ( 'NONE', #1841, #1390, #1142 ) ;
#708 = DIRECTION ( 'NONE',  ( 1.000000000000000000, -0.000000000000000000, 0.000000000000000000 ) ) ;
#709 = ORIENTED_EDGE ( 'NONE', *, *, #9, .F. ) ;
#710 = DIRECTION ( 'NONE',  ( 1.000000000000000000, -0.000000000000000000, 0.000000000000000000 ) ) ;
#711 = ORIENTED_EDGE ( 'NONE', *, *, #1293, .T. ) ;
#712 = FACE_OUTER_BOUND ( 'NONE', #1023, .T. ) ;
#713 = VECTOR ( 'NONE', #1737, 1000.000000000000000 ) ;
#714 = EDGE_CURVE ( 'NONE', #654, #758, #32, .T. ) ;
#715 = DIRECTION ( 'NONE',  ( 0.000000000000000000, 1.000000000000000000, 0.000000000000000000 ) ) ;
#716 = EDGE_CURVE ( 'NONE', #1470, #1472, #332, .T. ) ;
#717 = VECTOR ( 'NONE', #311, 1000.000000000000000 ) ;
#718 = ORIENTED_EDGE ( 'NONE', *, *, #1756, .T. ) ;
#719 = AXIS2_PLACEMENT_3D ( 'NONE', #748, #1778, #1656 ) ;
#720 = DIRECTION ( 'NONE',  ( -0.000000000000000000, 1.000000000000000000, -0.000000000000000000 ) ) ;
#721 = ORIENTED_EDGE ( 'NONE', *, *, #1360, .T. ) ;
#722 = AXIS2_PLACEMENT_3D ( 'NONE', #1551, #1418, #1386 ) ;
#723 = CARTESIAN_POINT ( 'NONE',  ( -37.05000000000000426, 3.500000000000000444, 17.00000000000000000 ) ) ;
#724 = PLANE ( 'NONE',  #1777 ) ;
#725 = EDGE_CURVE ( 'NONE', #974, #1317, #925, .T. ) ;
#726 = DIRECTION ( 'NONE',  ( 0.000000000000000000, 0.000000000000000000, -1.000000000000000000 ) ) ;
#727 = ORIENTED_EDGE ( 'NONE', *, *, #1849, .F. ) ;
#728 = DIRECTION ( 'NONE',  ( 0.000000000000000000, 0.000000000000000000, 1.000000000000000000 ) ) ;
#729 = VERTEX_POINT ( 'NONE', #1642 ) ;
#730 = CARTESIAN_POINT ( 'NONE',  ( 0.000000000000000000, 0.000000000000000000, 15.00000000000000178 ) ) ;
#731 = CARTESIAN_POINT ( 'NONE',  ( 0.000000000000000000, 3.500000000000000000, 16.00000000000000000 ) ) ;
#732 = DIRECTION ( 'NONE',  ( 0.000000000000000000, -1.000000000000000000, 0.000000000000000000 ) ) ;
#733 = ADVANCED_FACE ( 'NONE', ( #623 ), #780, .F. ) ;
#734 = ORIENTED_EDGE ( 'NONE', *, *, #1458, .T. ) ;
#735 = DIRECTION ( 'NONE',  ( -0.000000000000000000, -0.000000000000000000, 1.000000000000000000 ) ) ;
#736 = VERTEX_POINT ( 'NONE', #1493 ) ;
#737 = CARTESIAN_POINT ( 'NONE',  ( 17.50000000000000711, 9.500000000000000000, 15.00000000000000178 ) ) ;
#738 = VERTEX_POINT ( 'NONE', #322 ) ;
#739 = CARTESIAN_POINT ( 'NONE',  ( -44.00000000000000000, 6.000000000000000888, 15.00000000000000000 ) ) ;
#740 = EDGE_CURVE ( 'NONE', #1016, #825, #903, .T. ) ;
#741 = CARTESIAN_POINT ( 'NONE',  ( 0.000000000000000000, 0.000000000000000000, 17.00000000000000000 ) ) ;
#742 = PERSON_AND_ORGANIZATION_ROLE ( 'design_supplier' ) ;
#743 = VERTEX_POINT ( 'NONE', #342 ) ;
#744 = APPROVAL ( #1209, 'Deckungsgleich' ) ;
#745 = CARTESIAN_POINT ( 'NONE',  ( -36.73086459686759042, 3.298834436415531979, 16.98148622050238998 ) ) ;
#746 = CIRCLE ( 'NONE', #442, 0.8999999999999998002 ) ;
#747 = EDGE_CURVE ( 'NONE', #336, #1065, #1503, .T. ) ;
#748 = CARTESIAN_POINT ( 'NONE',  ( -36.00000000000000711, 4.900000000000000355, 17.00000000000000000 ) ) ;
#749 = DIRECTION ( 'NONE',  ( -0.000000000000000000, -1.000000000000000000, -0.000000000000000000 ) ) ;
#750 = ORIENTED_EDGE ( 'NONE', *, *, #170, .F. ) ;
#751 = CARTESIAN_POINT ( 'NONE',  ( 16.50000000000000711, 0.000000000000000000, 16.00000000000000000 ) ) ;
#752 = CIRCLE ( 'NONE', #1827, 1.000000000000000888 ) ;
#753 = CARTESIAN_POINT ( 'NONE',  ( 17.50000000000000711, 5.000000000000000000, 15.00000000000000178 ) ) ;
#754 = ORIENTED_EDGE ( 'NONE', *, *, #1557, .T. ) ;
#755 = DIRECTION ( 'NONE',  ( 1.000000000000000000, 0.000000000000000000, 0.000000000000000000 ) ) ;
#756 = ORIENTED_EDGE ( 'NONE', *, *, #1484, .F. ) ;
#757 = LINE ( 'NONE', #1346, #1556 ) ;
#758 = VERTEX_POINT ( 'NONE', #1668 ) ;
#759 = DIRECTION ( 'NONE',  ( 1.000000000000000000, -0.000000000000000000, 0.000000000000000000 ) ) ;
#760 = CARTESIAN_POINT ( 'NONE',  ( -54.08578643762689353, 6.000000000000000000, 17.00000000000000000 ) ) ;
#761 = EDGE_LOOP ( 'NONE', ( #414, #132 ) ) ;
#762 = EDGE_CURVE ( 'NONE', #22, #1105, #1649, .T. ) ;
#763 = CARTESIAN_POINT ( 'NONE',  ( 0.000000000000000000, 0.000000000000000000, 12.50000000000000000 ) ) ;
#764 = VECTOR ( 'NONE', #931, 1000.000000000000000 ) ;
#765 = ORIENTED_EDGE ( 'NONE', *, *, #1574, .T. ) ;
#766 = DIRECTION ( 'NONE',  ( -1.000000000000000000, 0.000000000000000000, 0.000000000000000000 ) ) ;
#767 = ADVANCED_FACE ( 'NONE', ( #934 ), #923, .F. ) ;
#768 = ORIENTED_EDGE ( 'NONE', *, *, #1736, .T. ) ;
#769 = LINE ( 'NONE', #1063, #283 ) ;
#770 = AXIS2_PLACEMENT_3D ( 'NONE', #282, #146, #266 ) ;
#771 = ORIENTED_EDGE ( 'NONE', *, *, #588, .T. ) ;
#772 = ADVANCED_FACE ( 'NONE', ( #172 ), #1522, .T. ) ;
#773 = AXIS2_PLACEMENT_3D ( 'NONE', #1754, #254, #109 ) ;
#774 = DIRECTION ( 'NONE',  ( 0.000000000000000000, -0.000000000000000000, -1.000000000000000000 ) ) ;
#775 = ORIENTED_EDGE ( 'NONE', *, *, #671, .T. ) ;
#776 = DIRECTION ( 'NONE',  ( 1.000000000000000000, 0.000000000000000000, 0.000000000000000000 ) ) ;
#777 = AXIS2_PLACEMENT_3D ( 'NONE', #790, #46, #354 ) ;
#778 = VECTOR ( 'NONE', #795, 1000.000000000000000 ) ;
#779 = ORIENTED_EDGE ( 'NONE', *, *, #609, .F. ) ;
#780 = PLANE ( 'NONE',  #1424 ) ;
#781 = CARTESIAN_POINT ( 'NONE',  ( -53.50000000000000000, 6.000000000000000000, 17.00000000000000000 ) ) ;
#782 = AXIS2_PLACEMENT_3D ( 'NONE', #91, #368, #1695 ) ;
#783 = EDGE_LOOP ( 'NONE', ( #1204, #152, #122, #602, #1738 ) ) ;
#784 = CARTESIAN_POINT ( 'NONE',  ( 0.000000000000000000, 3.500000000000000000, 16.00000000000000000 ) ) ;
#785 = ORIENTED_EDGE ( 'NONE', *, *, #634, .F. ) ;
#786 = CARTESIAN_POINT ( 'NONE',  ( -12.24999999999999289, 4.900000000000000355, 17.00000000000000000 ) ) ;
#787 = DIRECTION ( 'NONE',  ( 0.000000000000000000, 1.000000000000000000, 0.000000000000000000 ) ) ;
#788 = VERTEX_POINT ( 'NONE', #1370 ) ;
#789 = CARTESIAN_POINT ( 'NONE',  ( 13.99999999999999822, 4.900000000000000355, 15.00000000000000178 ) ) ;
#790 = CARTESIAN_POINT ( 'NONE',  ( -54.50000000000000000, 2.500000000000000000, 15.00000000000000178 ) ) ;
#791 = ORIENTED_EDGE ( 'NONE', *, *, #275, .T. ) ;
#792 = DIRECTION ( 'NONE',  ( 1.000000000000000000, -0.000000000000000000, 0.000000000000000000 ) ) ;
#793 = ORIENTED_EDGE ( 'NONE', *, *, #1600, .F. ) ;
#794 = VECTOR ( 'NONE', #76, 1000.000000000000000 ) ;
#795 = DIRECTION ( 'NONE',  ( 0.000000000000000000, 0.000000000000000000, -1.000000000000000000 ) ) ;
#796 = LINE ( 'NONE', #1408, #1368 ) ;
#797 = ORIENTED_EDGE ( 'NONE', *, *, #1261, .F. ) ;
#798 = FACE_OUTER_BOUND ( 'NONE', #1628, .T. ) ;
#799 = DESIGN_CONTEXT ( 'detailed design', #383, 'design' ) ;
#800 = CARTESIAN_POINT ( 'NONE',  ( -3.000000000000002665, 6.000000000000000000, 17.00000000000000000 ) ) ;
#801 = EDGE_CURVE ( 'NONE', #1101, #1429, #346, .T. ) ;
#802 = ORIENTED_EDGE ( 'NONE', *, *, #714, .F. ) ;
#803 = VECTOR ( 'NONE', #1438, 1000.000000000000000 ) ;
#804 = CARTESIAN_POINT ( 'NONE',  ( -2.999999999999999112, -8.631140674871244040E-16, 12.50000000000000000 ) ) ;
#805 = CIRCLE ( 'NONE', #1544, 3.000000000000002665 ) ;
#806 = DIRECTION ( 'NONE',  ( 1.000000000000000000, 0.000000000000000000, 0.000000000000000000 ) ) ;
#807 = VECTOR ( 'NONE', #1168, 1000.000000000000000 ) ;
#808 = CARTESIAN_POINT ( 'NONE',  ( -53.50000000000000000, 3.500000000000000000, 15.00000000000000178 ) ) ;
#809 = ADVANCED_FACE ( 'NONE', ( #1781 ), #1379, .T. ) ;
#810 = ORIENTED_EDGE ( 'NONE', *, *, #227, .T. ) ;
#811 = DIRECTION ( 'NONE',  ( -1.000000000000000000, 0.000000000000000000, 0.000000000000000000 ) ) ;
#812 = VECTOR ( 'NONE', #962, 1000.000000000000000 ) ;
#813 = EDGE_CURVE ( 'NONE', #1470, #1054, #642, .T. ) ;
#814 = CYLINDRICAL_SURFACE ( 'NONE', #707, 1.000000000000000888 ) ;
#815 = EDGE_LOOP ( 'NONE', ( #1043, #1257, #313, #1437, #309, #1091 ) ) ;
#816 = CARTESIAN_POINT ( 'NONE',  ( -37.75000000000000711, 6.000000000000000888, 15.00000000000000000 ) ) ;
#817 = VERTEX_POINT ( 'NONE', #650 ) ;
#818 = LINE ( 'NONE', #58, #511 ) ;
#819 = PLANE ( 'NONE',  #1893 ) ;
#820 = EDGE_CURVE ( 'NONE', #1172, #1054, #892, .T. ) ;
#821 = ORIENTED_EDGE ( 'NONE', *, *, #424, .T. ) ;
#822 = LINE ( 'NONE', #216, #1525 ) ;
#823 = DIRECTION ( 'NONE',  ( 0.000000000000000000, -1.000000000000000000, 0.000000000000000000 ) ) ;
#824 = CARTESIAN_POINT ( 'NONE',  ( -3.000000000000000000, 3.699999999999999734, 12.50000000000000000 ) ) ;
#825 = VERTEX_POINT ( 'NONE', #614 ) ;
#826 = EDGE_CURVE ( 'NONE', #1720, #419, #769, .T. ) ;
#827 = DIRECTION ( 'NONE',  ( -4.336808689942015764E-16, 1.000000000000000000, 0.000000000000000000 ) ) ;
#828 = CYLINDRICAL_SURFACE ( 'NONE', #969, 0.8999999999999998002 ) ;
#829 = ORIENTED_EDGE ( 'NONE', *, *, #1401, .F. ) ;
#830 = DIRECTION ( 'NONE',  ( 1.000000000000000000, 0.000000000000000000, 0.000000000000000000 ) ) ;
#831 = CARTESIAN_POINT ( 'NONE',  ( -54.50000000000000000, 6.000000000000000000, 17.00000000000000000 ) ) ;
#832 = ORIENTED_EDGE ( 'NONE', *, *, #740, .F. ) ;
#833 = DIRECTION ( 'NONE',  ( -0.000000000000000000, -0.000000000000000000, -1.000000000000000000 ) ) ;
#834 = SPHERICAL_SURFACE ( 'NONE', #1884, 1.000000000000000000 ) ;
#835 = VECTOR ( 'NONE', #1559, 1000.000000000000000 ) ;
#836 = ORIENTED_EDGE ( 'NONE', *, *, #676, .T. ) ;
#837 = DIRECTION ( 'NONE',  ( 0.000000000000000000, 0.000000000000000000, 1.000000000000000000 ) ) ;
#838 = LINE ( 'NONE', #831, #1196 ) ;
#839 = CIRCLE ( 'NONE', #991, 1.750000000000001554 ) ;
#840 = APPROVAL_STATUS ( 'not_yet_approved' ) ;
#841 = ORIENTED_EDGE ( 'NONE', *, *, #532, .T. ) ;
#842 = CARTESIAN_POINT ( 'NONE',  ( 3.000000000000000000, 3.700000000000000622, 15.00000000000000000 ) ) ;
#843 = ORIENTED_EDGE ( 'NONE', *, *, #1169, .T. ) ;
#844 = DIRECTION ( 'NONE',  ( 1.000000000000000000, 2.877046891623748835E-16, 0.000000000000000000 ) ) ;
#845 = LINE ( 'NONE', #592, #1534 ) ;
#846 = CARTESIAN_POINT ( 'NONE',  ( -37.75000000000000711, 4.900000000000000355, 17.00000000000000000 ) ) ;
#847 = ORIENTED_EDGE ( 'NONE', *, *, #1501, .F. ) ;
#848 = DIRECTION ( 'NONE',  ( -1.000000000000000000, -0.000000000000000000, -0.000000000000000000 ) ) ;
#849 = ADVANCED_FACE ( 'NONE', ( #1809 ), #487, .T. ) ;
#850 = EDGE_LOOP ( 'NONE', ( #52, #1535, #1399, #116 ) ) ;
#851 = PLANE ( 'NONE',  #1051 ) ;
#852 = ADVANCED_FACE ( 'NONE', ( #526 ), #361, .T. ) ;
#853 = VECTOR ( 'NONE', #1297, 1000.000000000000000 ) ;
#854 = CARTESIAN_POINT ( 'NONE',  ( 12.24999999999999822, 4.900000000000000355, 15.00000000000000000 ) ) ;
#855 =( LENGTH_UNIT ( ) NAMED_UNIT ( * ) SI_UNIT ( .MILLI., .METRE. ) );
#856 = ORIENTED_EDGE ( 'NONE', *, *, #124, .F. ) ;
#857 = CC_DESIGN_PERSON_AND_ORGANIZATION_ASSIGNMENT ( #1307, #577, ( #506 ) ) ;
#858 = AXIS2_PLACEMENT_3D ( 'NONE', #53, #455, #1358 ) ;
#859 = EDGE_LOOP ( 'NONE', ( #1420, #1290 ) ) ;
#860 = LINE ( 'NONE', #263, #803 ) ;
#861 = EDGE_CURVE ( 'NONE', #237, #135, #1532, .T. ) ;
#862 = VECTOR ( 'NONE', #232, 1000.000000000000000 ) ;
#863 = CARTESIAN_POINT ( 'NONE',  ( 12.25000000000000355, 6.000000000000000000, 17.00000000000000000 ) ) ;
#864 = ADVANCED_FACE ( 'NONE', ( #1421 ), #983, .F. ) ;
#865 = DIRECTION ( 'NONE',  ( -0.000000000000000000, -0.000000000000000000, 1.000000000000000000 ) ) ;
#866 = DATE_AND_TIME ( #287, #1592 ) ;
#867 = VECTOR ( 'NONE', #1718, 1000.000000000000000 ) ;
#868 = VERTEX_POINT ( 'NONE', #504 ) ;
#869 = CARTESIAN_POINT ( 'NONE',  ( -54.50000000000000000, 6.000000000000000000, 17.00000000000000000 ) ) ;
#870 = VERTEX_POINT ( 'NONE', #248 ) ;
#871 = AXIS2_PLACEMENT_3D ( 'NONE', #808, #1397, #82 ) ;
#872 = CARTESIAN_POINT ( 'NONE',  ( -3.000000000000000000, 3.699999999999999734, 17.00000000000000000 ) ) ;
#873 = EDGE_CURVE ( 'NONE', #211, #421, #822, .T. ) ;
#874 = DIRECTION ( 'NONE',  ( 0.000000000000000000, -1.000000000000000000, 0.000000000000000000 ) ) ;
#875 = CARTESIAN_POINT ( 'NONE',  ( -54.50000000000000000, 5.000000000000000000, 15.00000000000000178 ) ) ;
#876 = VERTEX_POINT ( 'NONE', #102 ) ;
#877 = CARTESIAN_POINT ( 'NONE',  ( -36.18748007770887654, 3.149855109934436292, 16.93669556423441236 ) ) ;
#878 = ORIENTED_EDGE ( 'NONE', *, *, #434, .T. ) ;
#879 = DIRECTION ( 'NONE',  ( -0.000000000000000000, 1.000000000000000000, -0.000000000000000000 ) ) ;
#880 = ORIENTED_EDGE ( 'NONE', *, *, #178, .F. ) ;
#881 = CYLINDRICAL_SURFACE ( 'NONE', #305, 1.000000000000000888 ) ;
#882 = VECTOR ( 'NONE', #984, 1000.000000000000000 ) ;
#883 = PRODUCT_DEFINITION ( 'Allgemein', '', #364, #799 ) ;
#884 = DIRECTION ( 'NONE',  ( 0.000000000000000000, -1.000000000000000000, 0.000000000000000000 ) ) ;
#885 = DATE_TIME_ROLE ( 'classification_date' ) ;
#886 = ORIENTED_EDGE ( 'NONE', *, *, #887, .F. ) ;
#887 = EDGE_CURVE ( 'NONE', #1429, #1569, #1555, .T. ) ;
#888 = CARTESIAN_POINT ( 'NONE',  ( 15.75000000000000000, 4.900000000000000355, 13.40000000000000036 ) ) ;
#889 = CARTESIAN_POINT ( 'NONE',  ( -15.75000000000000355, 4.900000000000000355, 17.00000000000000000 ) ) ;
#890 = DIRECTION ( 'NONE',  ( -1.000000000000000000, 0.000000000000000000, 0.000000000000000000 ) ) ;
#891 = ORIENTED_EDGE ( 'NONE', *, *, #1512, .T. ) ;
#892 = LINE ( 'NONE', #1790, #1115 ) ;
#893 = VECTOR ( 'NONE', #1201, 1000.000000000000000 ) ;
#894 = AXIS2_PLACEMENT_3D ( 'NONE', #989, #301, #117 ) ;
#895 = CARTESIAN_POINT ( 'NONE',  ( -44.00000000000000000, 3.500000000000000000, 17.00000000000000000 ) ) ;
#896 = CALENDAR_DATE ( 2026, 4, 4 ) ;
#897 = ORIENTED_EDGE ( 'NONE', *, *, #1771, .T. ) ;
#898 = LINE ( 'NONE', #306, #538 ) ;
#899 = AXIS2_PLACEMENT_3D ( 'NONE', #244, #1684, #806 ) ;
#900 = ORIENTED_EDGE ( 'NONE', *, *, #1903, .F. ) ;
#901 = DIRECTION ( 'NONE',  ( 1.000000000000000000, -0.000000000000000000, 0.000000000000000000 ) ) ;
#902 = ORIENTED_EDGE ( 'NONE', *, *, #1796, .T. ) ;
#903 = LINE ( 'NONE', #1040, #686 ) ;
#904 = EDGE_CURVE ( 'NONE', #1811, #1472, #204, .T. ) ;
#905 = CARTESIAN_POINT ( 'NONE',  ( -3.000000000000002665, 3.700000000000000178, 15.00000000000000000 ) ) ;
#906 = ORIENTED_EDGE ( 'NONE', *, *, #1786, .T. ) ;
#907 = LINE ( 'NONE', #187, #1755 ) ;
#908 = B_SPLINE_CURVE_WITH_KNOTS ( 'NONE', 3,
 ( #1664, #1694, #377, #1550, #234, #1417, #1376, #1407, #90, #677 ),
 .UNSPECIFIED., .F., .F.,
 ( 4, 2, 2, 2, 4 ),
 ( 0.000000000000000000, 0.0005629984730699468150, 0.001125996946139893630, 0.001688995419209840445, 0.002251993892279787260 ),
 .UNSPECIFIED. ) ;
#909 = ORIENTED_EDGE ( 'NONE', *, *, #333, .F. ) ;
#910 = CARTESIAN_POINT ( 'NONE',  ( -53.50000000000000000, 3.500000000000000000, 16.00000000000000000 ) ) ;
#911 = EDGE_CURVE ( 'NONE', #336, #1784, #699, .T. ) ;
#912 = ORIENTED_EDGE ( 'NONE', *, *, #762, .T. ) ;
#913 = AXIS2_PLACEMENT_3D ( 'NONE', #1450, #1604, #105 ) ;
#914 = CARTESIAN_POINT ( 'NONE',  ( 17.50000000000000711, 9.500000000000000000, 15.00000000000000178 ) ) ;
#915 = ADVANCED_FACE ( 'NONE', ( #238, #670 ), #1430, .F. ) ;
#916 = DIRECTION ( 'NONE',  ( 0.000000000000000000, 0.000000000000000000, -1.000000000000000000 ) ) ;
#917 = EDGE_LOOP ( 'NONE', ( #1378, #1648, #1348, #490 ) ) ;
#918 = CYLINDRICAL_SURFACE ( 'NONE', #655, 0.8999999999999980238 ) ;
#919 = AXIS2_PLACEMENT_3D ( 'NONE', #1665, #1657, #890 ) ;
#920 = DIRECTION ( 'NONE',  ( -1.000000000000000000, 0.000000000000000000, 0.000000000000000000 ) ) ;
#921 = DIRECTION ( 'NONE',  ( -0.000000000000000000, 1.000000000000000000, -0.000000000000000000 ) ) ;
#922 = VERTEX_POINT ( 'NONE', #549 ) ;
#923 = CYLINDRICAL_SURFACE ( 'NONE', #1356, 1.749999999999999778 ) ;
#924 = ADVANCED_FACE ( 'NONE', ( #1542 ), #1829, .F. ) ;
#925 = CIRCLE ( 'NONE', #1511, 1.750000000000001554 ) ;
#926 = CARTESIAN_POINT ( 'NONE',  ( -13.62416679689325605, 3.180494461567642706, 16.94959565296965209 ) ) ;
#927 = ORIENTED_EDGE ( 'NONE', *, *, #1093, .T. ) ;
#928 = VECTOR ( 'NONE', #792, 1000.000000000000000 ) ;
#929 = CARTESIAN_POINT ( 'NONE',  ( 3.000000000000000000, 3.500000000000000000, 17.00000000000000000 ) ) ;
#930 = DIRECTION ( 'NONE',  ( -0.000000000000000000, 1.000000000000000000, 0.000000000000000000 ) ) ;
#931 = DIRECTION ( 'NONE',  ( 0.000000000000000000, 0.000000000000000000, -1.000000000000000000 ) ) ;
#932 = AXIS2_PLACEMENT_3D ( 'NONE', #1621, #884, #16 ) ;
#933 = ORIENTED_EDGE ( 'NONE', *, *, #544, .T. ) ;
#934 = FACE_OUTER_BOUND ( 'NONE', #144, .T. ) ;
#935 = CARTESIAN_POINT ( 'NONE',  ( -15.04999999999999538, 3.499999999999999556, 17.00000000000000000 ) ) ;
#936 = ORIENTED_EDGE ( 'NONE', *, *, #94, .T. ) ;
#937 = CARTESIAN_POINT ( 'NONE',  ( -54.50000000000000000, 6.000000000000000000, 17.00000000000000000 ) ) ;
#938 = ORIENTED_EDGE ( 'NONE', *, *, #1449, .T. ) ;
#939 = AXIS2_PLACEMENT_3D ( 'NONE', #1863, #944, #1112 ) ;
#940 = CARTESIAN_POINT ( 'NONE',  ( -13.99999999999999822, 4.900000000000000355, 13.40000000000000036 ) ) ;
#941 = DIRECTION ( 'NONE',  ( 1.000000000000000000, -0.000000000000000000, 0.000000000000000000 ) ) ;
#942 = EDGE_CURVE ( 'NONE', #654, #135, #515, .T. ) ;
#943 = ORIENTED_EDGE ( 'NONE', *, *, #1372, .T. ) ;
#944 = DIRECTION ( 'NONE',  ( -0.000000000000000000, 0.000000000000000000, -1.000000000000000000 ) ) ;
#945 = VECTOR ( 'NONE', #1586, 1000.000000000000000 ) ;
#946 = DIRECTION ( 'NONE',  ( 0.000000000000000000, 0.000000000000000000, -1.000000000000000000 ) ) ;
#947 = PRODUCT_RELATED_PRODUCT_CATEGORY ( 'detail', '', ( #506 ) ) ;
#948 = ORIENTED_EDGE ( 'NONE', *, *, #1467, .T. ) ;
#949 = ADVANCED_FACE ( 'NONE', ( #798 ), #93, .F. ) ;
#950 = CARTESIAN_POINT ( 'NONE',  ( -3.000000000000002665, 6.000000000000000888, 15.00000000000000000 ) ) ;
#951 = EDGE_LOOP ( 'NONE', ( #979, #1819, #562, #1114 ) ) ;
#952 = VECTOR ( 'NONE', #568, 1000.000000000000000 ) ;
#953 = DIRECTION ( 'NONE',  ( 1.000000000000000000, 0.000000000000000000, 0.000000000000000000 ) ) ;
#954 = ADVANCED_FACE ( 'NONE', ( #1573 ), #381, .T. ) ;
#955 = VERTEX_POINT ( 'NONE', #111 ) ;
#956 = CARTESIAN_POINT ( 'NONE',  ( -44.00000000000000000, 3.500000000000000000, 16.00000000000000000 ) ) ;
#957 = DIRECTION ( 'NONE',  ( 0.000000000000000000, 0.000000000000000000, 1.000000000000000000 ) ) ;
#958 = ORIENTED_EDGE ( 'NONE', *, *, #1121, .T. ) ;
#959 = CARTESIAN_POINT ( 'NONE',  ( 16.50000000000000711, 5.000000000000000000, 15.00000000000000178 ) ) ;
#960 = ORIENTED_EDGE ( 'NONE', *, *, #1650, .T. ) ;
#961 = VECTOR ( 'NONE', #1084, 1000.000000000000000 ) ;
#962 = DIRECTION ( 'NONE',  ( 0.000000000000000000, -0.000000000000000000, 1.000000000000000000 ) ) ;
#963 = DIRECTION ( 'NONE',  ( 0.000000000000000000, 0.000000000000000000, -1.000000000000000000 ) ) ;
#964 = ORIENTED_EDGE ( 'NONE', *, *, #1222, .T. ) ;
#965 = DIRECTION ( 'NONE',  ( -1.000000000000000000, -0.000000000000000000, -0.000000000000000000 ) ) ;
#966 = AXIS2_PLACEMENT_3D ( 'NONE', #1413, #823, #1134 ) ;
#967 = ADVANCED_FACE ( 'NONE', ( #659 ), #1840, .F. ) ;
#968 = CYLINDRICAL_SURFACE ( 'NONE', #1363, 1.749999999999998002 ) ;
#969 = AXIS2_PLACEMENT_3D ( 'NONE', #1263, #1100, #953 ) ;
#970 = PLANE ( 'NONE',  #1901 ) ;
#971 = ORIENTED_EDGE ( 'NONE', *, *, #999, .F. ) ;
#972 = DIRECTION ( 'NONE',  ( 0.000000000000000000, 1.000000000000000000, 0.000000000000000000 ) ) ;
#973 = PLANE ( 'NONE',  #49 ) ;
#974 = VERTEX_POINT ( 'NONE', #1102 ) ;
#975 = CARTESIAN_POINT ( 'NONE',  ( -37.75000000000000711, 4.900000000000000355, 13.40000000000000036 ) ) ;
#976 = LINE ( 'NONE', #1567, #794 ) ;
#977 =( GEOMETRIC_REPRESENTATION_CONTEXT ( 3 ) GLOBAL_UNCERTAINTY_ASSIGNED_CONTEXT ( ( #1439 ) ) GLOBAL_UNIT_ASSIGNED_CONTEXT ( ( #855, #1279, #258 ) ) REPRESENTATION_CONTEXT ( 'NONE', 'WORKASPACE' ) );
#978 = CARTESIAN_POINT ( 'NONE',  ( 17.08578643762691129, 6.000000000000000000, 17.00000000000000000 ) ) ;
#979 = ORIENTED_EDGE ( 'NONE', *, *, #492, .T. ) ;
#980 = CARTESIAN_POINT ( 'NONE',  ( -44.00000000000000000, 2.500000000000000000, 12.50000000000000000 ) ) ;
#981 = LINE ( 'NONE', #1897, #1608 ) ;
#982 = ORIENTED_EDGE ( 'NONE', *, *, #1686, .F. ) ;
#983 = CYLINDRICAL_SURFACE ( 'NONE', #550, 1.750000000000001554 ) ;
#984 = DIRECTION ( 'NONE',  ( -0.000000000000000000, 0.000000000000000000, 1.000000000000000000 ) ) ;
#985 = COORDINATED_UNIVERSAL_TIME_OFFSET ( 1, 0, .AHEAD. ) ;
#986 = ORIENTED_EDGE ( 'NONE', *, *, #1121, .F. ) ;
#987 = LINE ( 'NONE', #555, #1270 ) ;
#988 = ORIENTED_EDGE ( 'NONE', *, *, #147, .F. ) ;
#989 = CARTESIAN_POINT ( 'NONE',  ( -13.99999999999999822, 4.900000000000000355, 13.40000000000000036 ) ) ;
#990 = DIRECTION ( 'NONE',  ( 1.000000000000000000, 0.000000000000000000, 0.000000000000000000 ) ) ;
#991 = AXIS2_PLACEMENT_3D ( 'NONE', #940, #1119, #1519 ) ;
#992 = CARTESIAN_POINT ( 'NONE',  ( 0.000000000000000000, 6.000000000000000000, 15.00000000000000178 ) ) ;
#993 = EDGE_CURVE ( 'NONE', #88, #355, #1393, .T. ) ;
#994 = VERTEX_POINT ( 'NONE', #975 ) ;
#995 = DIRECTION ( 'NONE',  ( -1.000000000000000000, 0.000000000000000000, 0.000000000000000000 ) ) ;
#996 = CIRCLE ( 'NONE', #166, 1.750000000000001554 ) ;
#997 = ORIENTED_EDGE ( 'NONE', *, *, #904, .F. ) ;
#998 = CARTESIAN_POINT ( 'NONE',  ( 14.89999999999999858, 4.900000000000000355, 13.40000000000000036 ) ) ;
#999 = EDGE_CURVE ( 'NONE', #355, #88, #1640, .T. ) ;
#1000 = CARTESIAN_POINT ( 'NONE',  ( 0.000000000000000000, 3.500000000000000000, 17.00000000000000000 ) ) ;
#1001 = CC_DESIGN_PERSON_AND_ORGANIZATION_ASSIGNMENT ( #469, #1469, ( #364 ) ) ;
#1002 = LINE ( 'NONE', #427, #945 ) ;
#1003 = ORIENTED_EDGE ( 'NONE', *, *, #173, .T. ) ;
#1004 = DIRECTION ( 'NONE',  ( 2.877046891623748835E-16, -1.000000000000000000, 0.000000000000000000 ) ) ;
#1005 = ORIENTED_EDGE ( 'NONE', *, *, #142, .T. ) ;
#1006 = CARTESIAN_POINT ( 'NONE',  ( 15.75000000000000000, 4.900000000000000355, 15.00000000000000000 ) ) ;
#1007 = EDGE_CURVE ( 'NONE', #336, #788, #1285, .T. ) ;
#1008 = DIRECTION ( 'NONE',  ( -1.000000000000000000, 0.000000000000000000, 0.000000000000000000 ) ) ;
#1009 = VECTOR ( 'NONE', #1185, 1000.000000000000000 ) ;
#1010 = FACE_OUTER_BOUND ( 'NONE', #1026, .T. ) ;
#1011 = LINE ( 'NONE', #846, #208 ) ;
#1012 = ORIENTED_EDGE ( 'NONE', *, *, #609, .T. ) ;
#1013 = CARTESIAN_POINT ( 'NONE',  ( -3.000000000000000000, 3.500000000000000000, 17.00000000000000000 ) ) ;
#1014 = ADVANCED_FACE ( 'NONE', ( #712 ), #851, .T. ) ;
#1015 = VECTOR ( 'NONE', #1314, 1000.000000000000000 ) ;
#1016 = VERTEX_POINT ( 'NONE', #1758 ) ;
#1017 = DIRECTION ( 'NONE',  ( 0.000000000000000000, -0.000000000000000000, -1.000000000000000000 ) ) ;
#1018 = AXIS2_PLACEMENT_3D ( 'NONE', #1728, #413, #995 ) ;
#1019 = LINE ( 'NONE', #863, #1015 ) ;
#1020 = LINE ( 'NONE', #1713, #1552 ) ;
#1021 = COORDINATED_UNIVERSAL_TIME_OFFSET ( 1, 0, .AHEAD. ) ;
#1022 = AXIS2_PLACEMENT_3D ( 'NONE', #62, #174, #1801 ) ;
#1023 = EDGE_LOOP ( 'NONE', ( #1857, #1652, #1098, #1843, #1122, #1780, #86 ) ) ;
#1024 = AXIS2_PLACEMENT_3D ( 'NONE', #358, #81, #656 ) ;
#1025 = LINE ( 'NONE', #627, #72 ) ;
#1026 = EDGE_LOOP ( 'NONE', ( #1312, #1395, #1794, #616 ) ) ;
#1027 = VECTOR ( 'NONE', #667, 1000.000000000000000 ) ;
#1028 = EDGE_CURVE ( 'NONE', #1075, #1846, #444, .T. ) ;
#1029 = CARTESIAN_POINT ( 'NONE',  ( 0.000000000000000000, 0.000000000000000000, 17.00000000000000000 ) ) ;
#1030 = PLANE ( 'NONE',  #770 ) ;
#1031 = VECTOR ( 'NONE', #371, 1000.000000000000000 ) ;
#1032 = FACE_OUTER_BOUND ( 'NONE', #1707, .T. ) ;
#1033 = SECURITY_CLASSIFICATION_LEVEL ( 'unclassified' ) ;
#1034 = EDGE_LOOP ( 'NONE', ( #971, #1658 ) ) ;
#1035 = CARTESIAN_POINT ( 'NONE',  ( -36.00000000000000711, 4.900000000000000355, 13.40000000000000036 ) ) ;
#1036 = CIRCLE ( 'NONE', #423, 0.8999999999999998002 ) ;
#1037 = EDGE_LOOP ( 'NONE', ( #605, #1303 ) ) ;
#1038 = DIRECTION ( 'NONE',  ( 0.000000000000000000, 1.000000000000000000, -0.000000000000000000 ) ) ;
#1039 = VERTEX_POINT ( 'NONE', #998 ) ;
#1040 = CARTESIAN_POINT ( 'NONE',  ( -35.10000000000000853, 4.900000000000000355, 13.40000000000000036 ) ) ;
#1041 = AXIS2_PLACEMENT_3D ( 'NONE', #1322, #4, #409 ) ;
#1042 = DIRECTION ( 'NONE',  ( 1.000000000000000000, -0.000000000000000000, 0.000000000000000000 ) ) ;
#1043 = ORIENTED_EDGE ( 'NONE', *, *, #1258, .F. ) ;
#1044 = CARTESIAN_POINT ( 'NONE',  ( -34.95000000000000284, 3.500000000000000000, 17.00000000000000000 ) ) ;
#1045 = EDGE_LOOP ( 'NONE', ( #938, #1080, #644, #1167 ) ) ;
#1046 = CYLINDRICAL_SURFACE ( 'NONE', #919, 3.000000000000002665 ) ;
#1047 = CIRCLE ( 'NONE', #312, 1.750000000000001554 ) ;
#1048 = EDGE_LOOP ( 'NONE', ( #750, #1284, #718, #1486, #481 ) ) ;
#1049 = CARTESIAN_POINT ( 'NONE',  ( -36.00000000000000711, 4.900000000000000355, 15.00000000000000178 ) ) ;
#1050 = VECTOR ( 'NONE', #404, 1000.000000000000000 ) ;
#1051 = AXIS2_PLACEMENT_3D ( 'NONE', #872, #844, #1872 ) ;
#1052 = DIRECTION ( 'NONE',  ( -0.000000000000000000, -0.000000000000000000, 1.000000000000000000 ) ) ;
#1053 = APPROVAL_ROLE ( '' ) ;
#1054 = VERTEX_POINT ( 'NONE', #1590 ) ;
#1055 = EDGE_CURVE ( 'NONE', #22, #360, #698, .T. ) ;
#1056 = DIRECTION ( 'NONE',  ( 0.000000000000000000, 0.000000000000000000, -1.000000000000000000 ) ) ;
#1057 = CIRCLE ( 'NONE', #1517, 0.8999999999999998002 ) ;
#1058 = EDGE_CURVE ( 'NONE', #1317, #994, #558, .T. ) ;
#1059 = LINE ( 'NONE', #1646, #1585 ) ;
#1060 = DIRECTION ( 'NONE',  ( 0.000000000000000000, 0.000000000000000000, 1.000000000000000000 ) ) ;
#1061 = AXIS2_PLACEMENT_3D ( 'NONE', #1837, #1676, #59 ) ;
#1062 = ORIENTED_EDGE ( 'NONE', *, *, #1258, .T. ) ;
#1063 = CARTESIAN_POINT ( 'NONE',  ( 0.000000000000000000, 3.500000000000000000, 17.00000000000000000 ) ) ;
#1064 = DIRECTION ( 'NONE',  ( 0.000000000000000000, 1.000000000000000000, 0.000000000000000000 ) ) ;
#1065 = VERTEX_POINT ( 'NONE', #723 ) ;
#1066 = CC_DESIGN_DATE_AND_TIME_ASSIGNMENT ( #113, #402, ( #883 ) ) ;
#1067 = LINE ( 'NONE', #27, #893 ) ;
#1068 = EDGE_CURVE ( 'NONE', #738, #994, #1047, .T. ) ;
#1069 = LINE ( 'NONE', #338, #1731 ) ;
#1070 = DIRECTION ( 'NONE',  ( 0.000000000000000000, -1.000000000000000000, 0.000000000000000000 ) ) ;
#1071 = ORIENTED_EDGE ( 'NONE', *, *, #634, .T. ) ;
#1072 = VECTOR ( 'NONE', #1097, 1000.000000000000000 ) ;
#1073 = DIRECTION ( 'NONE',  ( -0.000000000000000000, -0.000000000000000000, 1.000000000000000000 ) ) ;
#1074 = CARTESIAN_POINT ( 'NONE',  ( -13.80982470774006821, 3.150145927805929169, 16.93680422301816790 ) ) ;
#1075 = VERTEX_POINT ( 'NONE', #3 ) ;
#1076 = DIRECTION ( 'NONE',  ( -1.000000000000000000, 0.000000000000000000, 0.000000000000000000 ) ) ;
#1077 = CARTESIAN_POINT ( 'NONE',  ( 13.99999999999999822, 4.900000000000000355, 13.40000000000000036 ) ) ;
#1078 = CARTESIAN_POINT ( 'NONE',  ( -15.74999999999999645, 4.900000000000000355, 15.00000000000000000 ) ) ;
#1079 = ADVANCED_FACE ( 'NONE', ( #1880 ), #1447, .F. ) ;
#1080 = ORIENTED_EDGE ( 'NONE', *, *, #1896, .T. ) ;
#1081 = DIRECTION ( 'NONE',  ( 1.000000000000000000, 0.000000000000000000, 0.000000000000000000 ) ) ;
#1082 = DIRECTION ( 'NONE',  ( -0.000000000000000000, -0.000000000000000000, -1.000000000000000000 ) ) ;
#1083 = ORIENTED_EDGE ( 'NONE', *, *, #544, .F. ) ;
#1084 = DIRECTION ( 'NONE',  ( -0.000000000000000000, -0.000000000000000000, 1.000000000000000000 ) ) ;
#1085 = ORIENTED_EDGE ( 'NONE', *, *, #326, .F. ) ;
#1086 = EDGE_CURVE ( 'NONE', #955, #736, #70, .T. ) ;
#1087 = DIRECTION ( 'NONE',  ( -0.000000000000000000, 1.000000000000000000, -0.000000000000000000 ) ) ;
#1088 = FACE_OUTER_BOUND ( 'NONE', #351, .T. ) ;
#1089 = VECTOR ( 'NONE', #972, 1000.000000000000000 ) ;
#1090 = CC_DESIGN_PERSON_AND_ORGANIZATION_ASSIGNMENT ( #1632, #1904, ( #1441 ) ) ;
#1091 = ORIENTED_EDGE ( 'NONE', *, *, #1093, .F. ) ;
#1092 = DIRECTION ( 'NONE',  ( 0.000000000000000000, -0.000000000000000000, -1.000000000000000000 ) ) ;
#1093 = EDGE_CURVE ( 'NONE', #702, #211, #860, .T. ) ;
#1094 = FACE_OUTER_BOUND ( 'NONE', #293, .T. ) ;
#1095 = CIRCLE ( 'NONE', #265, 1.750000000000001554 ) ;
#1096 = ORIENTED_EDGE ( 'NONE', *, *, #120, .T. ) ;
#1097 = DIRECTION ( 'NONE',  ( -1.000000000000000000, -0.000000000000000000, -0.000000000000000000 ) ) ;
#1098 = ORIENTED_EDGE ( 'NONE', *, *, #1467, .F. ) ;
#1099 = DIRECTION ( 'NONE',  ( 1.000000000000000000, 0.000000000000000000, 0.000000000000000000 ) ) ;
#1100 = DIRECTION ( 'NONE',  ( -0.000000000000000000, -0.000000000000000000, 1.000000000000000000 ) ) ;
#1101 = VERTEX_POINT ( 'NONE', #1006 ) ;
#1102 = CARTESIAN_POINT ( 'NONE',  ( -34.25000000000000000, 4.900000000000000355, 15.00000000000000000 ) ) ;
#1103 = CC_DESIGN_APPROVAL ( #744, ( #1441 ) ) ;
#1104 = DIRECTION ( 'NONE',  ( 0.000000000000000000, 0.000000000000000000, 1.000000000000000000 ) ) ;
#1105 = VERTEX_POINT ( 'NONE', #706 ) ;
#1106 = FACE_OUTER_BOUND ( 'NONE', #1560, .T. ) ;
#1107 = VERTEX_POINT ( 'NONE', #575 ) ;
#1108 = CARTESIAN_POINT ( 'NONE',  ( 15.75000000000000000, 6.000000000000000000, 17.00000000000000000 ) ) ;
#1109 = FACE_OUTER_BOUND ( 'NONE', #1554, .T. ) ;
#1110 = EDGE_CURVE ( 'NONE', #1159, #406, #1295, .T. ) ;
#1111 = ORIENTED_EDGE ( 'NONE', *, *, #911, .F. ) ;
#1112 = DIRECTION ( 'NONE',  ( -1.000000000000000000, 0.000000000000000000, 0.000000000000000000 ) ) ;
#1113 = CARTESIAN_POINT ( 'NONE',  ( 15.75000000000000711, 6.000000000000000000, 17.00000000000000000 ) ) ;
#1114 = ORIENTED_EDGE ( 'NONE', *, *, #1771, .F. ) ;
#1115 = VECTOR ( 'NONE', #479, 1000.000000000000000 ) ;
#1116 = DIRECTION ( 'NONE',  ( -0.000000000000000000, 0.000000000000000000, 1.000000000000000000 ) ) ;
#1117 = EDGE_LOOP ( 'NONE', ( #185, #543, #1474, #832 ) ) ;
#1118 = AXIS2_PLACEMENT_3D ( 'NONE', #1776, #1702, #1812 ) ;
#1119 = DIRECTION ( 'NONE',  ( -0.000000000000000000, -0.000000000000000000, -1.000000000000000000 ) ) ;
#1120 = LINE ( 'NONE', #69, #1027 ) ;
#1121 = EDGE_CURVE ( 'NONE', #1181, #1834, #1899, .T. ) ;
#1122 = ORIENTED_EDGE ( 'NONE', *, *, #1489, .T. ) ;
#1123 = DIRECTION ( 'NONE',  ( -0.000000000000000000, -0.000000000000000000, 1.000000000000000000 ) ) ;
#1124 = CIRCLE ( 'NONE', #291, 1.000000000000000888 ) ;
#1125 = DIRECTION ( 'NONE',  ( 0.000000000000000000, 0.000000000000000000, 1.000000000000000000 ) ) ;
#1126 = VECTOR ( 'NONE', #1070, 1000.000000000000000 ) ;
#1127 = CARTESIAN_POINT ( 'NONE',  ( 17.50000000000000711, 3.500000000000001332, 12.50000000000000000 ) ) ;
#1128 = EDGE_LOOP ( 'NONE', ( #1722, #902 ) ) ;
#1129 = CARTESIAN_POINT ( 'NONE',  ( -53.50000000000000000, 2.500000000000000000, 15.00000000000000178 ) ) ;
#1130 = DIRECTION ( 'NONE',  ( 0.000000000000000000, 0.000000000000000000, -1.000000000000000000 ) ) ;
#1131 = ADVANCED_FACE ( 'NONE', ( #1730 ), #415, .F. ) ;
#1132 = ORIENTED_EDGE ( 'NONE', *, *, #683, .F. ) ;
#1133 = CARTESIAN_POINT ( 'NONE',  ( -54.50000000000000000, 9.500000000000000000, 15.00000000000000178 ) ) ;
#1134 = DIRECTION ( 'NONE',  ( 0.000000000000000000, -0.000000000000000000, -1.000000000000000000 ) ) ;
#1135 = PERSON_AND_ORGANIZATION ( #18446744073709551615, #18446744073709551615 ) ;
#1136 = ORIENTED_EDGE ( 'NONE', *, *, #71, .T. ) ;
#1137 = DIRECTION ( 'NONE',  ( 0.000000000000000000, 1.000000000000000000, 0.000000000000000000 ) ) ;
#1138 = DIRECTION ( 'NONE',  ( 0.000000000000000000, 1.000000000000000000, 0.000000000000000000 ) ) ;
#1139 = CIRCLE ( 'NONE', #1041, 1.749999999999999778 ) ;
#1140 = ORIENTED_EDGE ( 'NONE', *, *, #1538, .F. ) ;
#1141 = CARTESIAN_POINT ( 'NONE',  ( -36.00000000000000711, 4.900000000000000355, 13.40000000000000036 ) ) ;
#1142 = DIRECTION ( 'NONE',  ( -1.000000000000000000, 0.000000000000000000, 0.000000000000000000 ) ) ;
#1143 = DATE_AND_TIME ( #1876, #1165 ) ;
#1144 = EDGE_LOOP ( 'NONE', ( #711, #1331, #1727, #669, #1136, #1351 ) ) ;
#1145 = VECTOR ( 'NONE', #126, 1000.000000000000000 ) ;
#1146 = DIRECTION ( 'NONE',  ( 0.000000000000000000, -1.000000000000000000, 0.000000000000000000 ) ) ;
#1147 = ADVANCED_FACE ( 'NONE', ( #1160 ), #294, .T. ) ;
#1148 = VECTOR ( 'NONE', #1300, 1000.000000000000000 ) ;
#1149 = AXIS2_PLACEMENT_3D ( 'NONE', #1388, #680, #400 ) ;
#1150 = ORIENTED_EDGE ( 'NONE', *, *, #1360, .F. ) ;
#1151 = DIRECTION ( 'NONE',  ( 1.000000000000000000, 0.000000000000000000, 0.000000000000000000 ) ) ;
#1152 = ADVANCED_FACE ( 'NONE', ( #145 ), #583, .T. ) ;
#1153 = CARTESIAN_POINT ( 'NONE',  ( -34.25000000000000000, 6.000000000000000000, 17.00000000000000000 ) ) ;
#1154 = EDGE_CURVE ( 'NONE', #1747, #1317, #1177, .T. ) ;
#1155 = PERSON_AND_ORGANIZATION ( #18446744073709551615, #18446744073709551615 ) ;
#1156 = ORIENTED_EDGE ( 'NONE', *, *, #315, .F. ) ;
#1157 = EDGE_CURVE ( 'NONE', #141, #331, #183, .T. ) ;
#1158 = LINE ( 'NONE', #261, #1480 ) ;
#1159 = VERTEX_POINT ( 'NONE', #1078 ) ;
#1160 = FACE_OUTER_BOUND ( 'NONE', #1879, .T. ) ;
#1161 = FACE_OUTER_BOUND ( 'NONE', #1392, .T. ) ;
#1162 = ADVANCED_FACE ( 'NONE', ( #21 ), #1046, .F. ) ;
#1163 = DIRECTION ( 'NONE',  ( 1.000000000000000000, 0.000000000000000000, 0.000000000000000000 ) ) ;
#1164 = EDGE_LOOP ( 'NONE', ( #1597, #278, #1633, #1357 ) ) ;
#1165 = LOCAL_TIME ( 19, 36, 1.000000000000000000, #1289 ) ;
#1166 = CARTESIAN_POINT ( 'NONE',  ( 16.50000000000000711, 3.500000000000000000, 16.00000000000000000 ) ) ;
#1167 = ORIENTED_EDGE ( 'NONE', *, *, #1154, .F. ) ;
#1168 = DIRECTION ( 'NONE',  ( 0.000000000000000000, 0.000000000000000000, -1.000000000000000000 ) ) ;
#1169 = EDGE_CURVE ( 'NONE', #7, #1105, #527, .T. ) ;
#1170 = CARTESIAN_POINT ( 'NONE',  ( 3.000000000000002665, 2.500000000000000000, 12.50000000000000000 ) ) ;
#1171 = CARTESIAN_POINT ( 'NONE',  ( -50.00000000000000000, 6.000000000000000888, 15.00000000000000000 ) ) ;
#1172 = VERTEX_POINT ( 'NONE', #160 ) ;
#1173 = EDGE_CURVE ( 'NONE', #817, #47, #1599, .T. ) ;
#1174 = FACE_OUTER_BOUND ( 'NONE', #783, .T. ) ;
#1175 = AXIS2_PLACEMENT_3D ( 'NONE', #751, #203, #181 ) ;
#1176 = DIRECTION ( 'NONE',  ( 0.000000000000000000, 0.000000000000000000, -1.000000000000000000 ) ) ;
#1177 = LINE ( 'NONE', #1327, #1009 ) ;
#1178 = CIRCLE ( 'NONE', #437, 0.8999999999999980238 ) ;
#1179 = DIRECTION ( 'NONE',  ( -0.000000000000000000, -0.000000000000000000, 1.000000000000000000 ) ) ;
#1180 = FACE_OUTER_BOUND ( 'NONE', #1693, .T. ) ;
#1181 = VERTEX_POINT ( 'NONE', #1367 ) ;
#1182 = AXIS2_PLACEMENT_3D ( 'NONE', #1077, #1561, #1099 ) ;
#1183 = CARTESIAN_POINT ( 'NONE',  ( -13.99999999999999822, 4.900000000000000355, 13.40000000000000036 ) ) ;
#1184 = LINE ( 'NONE', #1757, #1672 ) ;
#1185 = DIRECTION ( 'NONE',  ( -0.000000000000000000, -1.000000000000000000, -0.000000000000000000 ) ) ;
#1186 = ORIENTED_EDGE ( 'NONE', *, *, #1288, .F. ) ;
#1187 = CARTESIAN_POINT ( 'NONE',  ( -34.25000000000000000, 4.900000000000000355, 15.00000000000000000 ) ) ;
#1188 = LINE ( 'NONE', #1773, #717 ) ;
#1189 = VERTEX_POINT ( 'NONE', #494 ) ;
#1190 = DIRECTION ( 'NONE',  ( 1.000000000000000000, 0.000000000000000000, 0.000000000000000000 ) ) ;
#1191 = LOCAL_TIME ( 19, 36, 1.000000000000000000, #1460 ) ;
#1192 = CARTESIAN_POINT ( 'NONE',  ( 13.09999999999999964, 4.900000000000000355, 13.40000000000000036 ) ) ;
#1193 = CARTESIAN_POINT ( 'NONE',  ( -36.00000000000000711, 4.900000000000000355, 13.40000000000000036 ) ) ;
#1194 = VERTEX_POINT ( 'NONE', #1647 ) ;
#1195 = DIRECTION ( 'NONE',  ( -0.000000000000000000, 0.000000000000000000, 1.000000000000000000 ) ) ;
#1196 = VECTOR ( 'NONE', #103, 1000.000000000000000 ) ;
#1197 = EDGE_CURVE ( 'NONE', #2, #1680, #601, .T. ) ;
#1198 = CARTESIAN_POINT ( 'NONE',  ( -14.89801690201078443, 3.386012676508090902, 17.00000000000000000 ) ) ;
#1199 = EDGE_LOOP ( 'NONE', ( #60, #1324, #988, #891 ) ) ;
#1200 = EDGE_CURVE ( 'NONE', #7, #868, #1335, .T. ) ;
#1201 = DIRECTION ( 'NONE',  ( -0.000000000000000000, -0.000000000000000000, 1.000000000000000000 ) ) ;
#1202 = DIRECTION ( 'NONE',  ( 1.000000000000000000, 0.000000000000000000, 0.000000000000000000 ) ) ;
#1203 = DIRECTION ( 'NONE',  ( 1.000000000000000000, 0.000000000000000000, 0.000000000000000000 ) ) ;
#1204 = ORIENTED_EDGE ( 'NONE', *, *, #129, .T. ) ;
#1205 = DIRECTION ( 'NONE',  ( 1.000000000000000000, 0.000000000000000000, 0.000000000000000000 ) ) ;
#1206 = AXIS2_PLACEMENT_3D ( 'NONE', #959, #1673, #1844 ) ;
#1207 = CC_DESIGN_DATE_AND_TIME_ASSIGNMENT ( #1793, #885, ( #1441 ) ) ;
#1208 = CARTESIAN_POINT ( 'NONE',  ( -12.95000000000000107, 3.500000000000000000, 17.00000000000000000 ) ) ;
#1209 = APPROVAL_STATUS ( 'not_yet_approved' ) ;
#1210 = ORIENTED_EDGE ( 'NONE', *, *, #1855, .F. ) ;
#1211 = EDGE_CURVE ( 'NONE', #1054, #161, #1334, .T. ) ;
#1212 = VECTOR ( 'NONE', #1082, 1000.000000000000000 ) ;
#1213 = CARTESIAN_POINT ( 'NONE',  ( -50.00000000000000000, 3.699999999999999734, 17.00000000000000000 ) ) ;
#1214 = ADVANCED_FACE ( 'NONE', ( #1639 ), #476, .T. ) ;
#1215 = DIRECTION ( 'NONE',  ( -0.000000000000000000, -0.000000000000000000, 1.000000000000000000 ) ) ;
#1216 = CARTESIAN_POINT ( 'NONE',  ( -53.50000000000000000, 3.500000000000000000, 16.00000000000000000 ) ) ;
#1217 = AXIS2_PLACEMENT_3D ( 'NONE', #359, #941, #1130 ) ;
#1218 = ORIENTED_EDGE ( 'NONE', *, *, #1557, .F. ) ;
#1219 = DIRECTION ( 'NONE',  ( 1.000000000000000000, -0.000000000000000000, 0.000000000000000000 ) ) ;
#1220 = CARTESIAN_POINT ( 'NONE',  ( -54.50000000000000000, 2.500000000000000000, 15.00000000000000178 ) ) ;
#1221 = ORIENTED_EDGE ( 'NONE', *, *, #471, .T. ) ;
#1222 = EDGE_CURVE ( 'NONE', #1513, #29, #1095, .T. ) ;
#1223 = CARTESIAN_POINT ( 'NONE',  ( -36.00000000000000711, 4.900000000000000355, 12.50000000000000000 ) ) ;
#1224 = CARTESIAN_POINT ( 'NONE',  ( -54.50000000000000000, 9.500000000000000000, 15.00000000000000178 ) ) ;
#1225 = CARTESIAN_POINT ( 'NONE',  ( -36.90000000000000568, 4.900000000000000355, 12.50000000000000000 ) ) ;
#1226 = ORIENTED_EDGE ( 'NONE', *, *, #532, .F. ) ;
#1227 = LOCAL_TIME ( 19, 36, 1.000000000000000000, #1783 ) ;
#1228 = DIRECTION ( 'NONE',  ( 0.000000000000000000, 1.000000000000000000, 0.000000000000000000 ) ) ;
#1229 = DIRECTION ( 'NONE',  ( 1.000000000000000000, 0.000000000000000000, 0.000000000000000000 ) ) ;
#1230 = ORIENTED_EDGE ( 'NONE', *, *, #1402, .T. ) ;
#1231 = CARTESIAN_POINT ( 'NONE',  ( -54.50000000000000000, 2.500000000000000000, 16.00000000000000000 ) ) ;
#1232 = ORIENTED_EDGE ( 'NONE', *, *, #326, .T. ) ;
#1233 = EDGE_CURVE ( 'NONE', #1720, #135, #752, .T. ) ;
#1234 = LINE ( 'NONE', #1528, #812 ) ;
#1235 = CARTESIAN_POINT ( 'NONE',  ( -54.50000000000000000, 2.500000000000000000, 12.50000000000000000 ) ) ;
#1236 = EDGE_CURVE ( 'NONE', #994, #738, #996, .T. ) ;
#1237 = VERTEX_POINT ( 'NONE', #308 ) ;
#1238 = DIRECTION ( 'NONE',  ( 0.000000000000000000, 0.000000000000000000, -1.000000000000000000 ) ) ;
#1239 = CARTESIAN_POINT ( 'NONE',  ( -50.00000000000000000, 2.500000000000000000, 12.50000000000000000 ) ) ;
#1240 = ORIENTED_EDGE ( 'NONE', *, *, #178, .T. ) ;
#1241 = DIRECTION ( 'NONE',  ( 1.000000000000000000, -0.000000000000000000, 0.000000000000000000 ) ) ;
#1242 = ORIENTED_EDGE ( 'NONE', *, *, #1660, .T. ) ;
#1243 = CARTESIAN_POINT ( 'NONE',  ( 1.825936341539929187E-17, 3.700000000000000178, 15.00000000000000178 ) ) ;
#1244 = FACE_OUTER_BOUND ( 'NONE', #224, .T. ) ;
#1245 = VERTEX_POINT ( 'NONE', #463 ) ;
#1246 = CARTESIAN_POINT ( 'NONE',  ( -36.00000000000000711, 4.900000000000000355, 13.40000000000000036 ) ) ;
#1247 = CARTESIAN_POINT ( 'NONE',  ( -12.24999999999999822, 4.900000000000000355, 13.40000000000000036 ) ) ;
#1248 = VECTOR ( 'NONE', #1355, 1000.000000000000000 ) ;
#1249 = ORIENTED_EDGE ( 'NONE', *, *, #1894, .F. ) ;
#1250 = CARTESIAN_POINT ( 'NONE',  ( -44.00000000000000000, 2.500000000000000000, 16.00000000000000000 ) ) ;
#1251 = ORIENTED_EDGE ( 'NONE', *, *, #462, .F. ) ;
#1252 = DIRECTION ( 'NONE',  ( 0.000000000000000000, 0.000000000000000000, -1.000000000000000000 ) ) ;
#1253 = FACE_OUTER_BOUND ( 'NONE', #761, .T. ) ;
#1254 = ORIENTED_EDGE ( 'NONE', *, *, #1903, .T. ) ;
#1255 = DIRECTION ( 'NONE',  ( 1.000000000000000000, -0.000000000000000000, 0.000000000000000000 ) ) ;
#1256 = CARTESIAN_POINT ( 'NONE',  ( 15.75000000000000000, 4.900000000000000355, 17.00000000000000000 ) ) ;
#1257 = ORIENTED_EDGE ( 'NONE', *, *, #405, .T. ) ;
#1258 = EDGE_CURVE ( 'NONE', #1237, #702, #153, .T. ) ;
#1259 = CARTESIAN_POINT ( 'NONE',  ( -36.00000000000000711, 4.900000000000000355, 12.50000000000000000 ) ) ;
#1260 = ORIENTED_EDGE ( 'NONE', *, *, #801, .T. ) ;
#1261 = EDGE_CURVE ( 'NONE', #215, #461, #1491, .T. ) ;
#1262 = CARTESIAN_POINT ( 'NONE',  ( -3.000000000000000000, 3.500000000000000000, 16.00000000000000000 ) ) ;
#1263 = CARTESIAN_POINT ( 'NONE',  ( -13.99999999999999822, 4.900000000000000355, 13.40000000000000036 ) ) ;
#1264 = AXIS2_PLACEMENT_3D ( 'NONE', #630, #12, #1768 ) ;
#1265 = EDGE_LOOP ( 'NONE', ( #1242, #448, #590, #125, #1775, #775, #1280, #897, #517, #721, #958, #948, #1240, #1521, #697, #101, #428, #836, #1071, #1839, #1062, #432, #1492, #933, #734, #1384 ) ) ;
#1266 = CARTESIAN_POINT ( 'NONE',  ( 0.000000000000000000, 0.000000000000000000, 17.00000000000000000 ) ) ;
#1267 = DIRECTION ( 'NONE',  ( 0.000000000000000000, -0.000000000000000000, -1.000000000000000000 ) ) ;
#1268 = VECTOR ( 'NONE', #715, 1000.000000000000000 ) ;
#1269 = ORIENTED_EDGE ( 'NONE', *, *, #1157, .F. ) ;
#1270 = VECTOR ( 'NONE', #1436, 1000.000000000000000 ) ;
#1271 = VECTOR ( 'NONE', #1137, 1000.000000000000000 ) ;
#1272 = CARTESIAN_POINT ( 'NONE',  ( 13.99999999999999822, 4.900000000000000355, 13.40000000000000036 ) ) ;
#1273 = CYLINDRICAL_SURFACE ( 'NONE', #871, 1.000000000000000888 ) ;
#1274 = VERTEX_POINT ( 'NONE', #1225 ) ;
#1275 = CARTESIAN_POINT ( 'NONE',  ( -44.00000000000000000, 3.700000000000000622, 17.00000000000000000 ) ) ;
#1276 = AXIS2_PLACEMENT_3D ( 'NONE', #184, #651, #1371 ) ;
#1277 = VECTOR ( 'NONE', #732, 1000.000000000000000 ) ;
#1278 = CARTESIAN_POINT ( 'NONE',  ( -13.99999999999999822, 4.900000000000000355, 13.40000000000000036 ) ) ;
#1279 =( NAMED_UNIT ( * ) PLANE_ANGLE_UNIT ( ) SI_UNIT ( $, .RADIAN. ) );
#1280 = ORIENTED_EDGE ( 'NONE', *, *, #1345, .T. ) ;
#1281 = DIRECTION ( 'NONE',  ( -1.000000000000000000, 0.000000000000000000, -0.000000000000000000 ) ) ;
#1282 = LINE ( 'NONE', #1, #1050 ) ;
#1283 = AXIS2_PLACEMENT_3D ( 'NONE', #1133, #1411, #1717 ) ;
#1284 = ORIENTED_EDGE ( 'NONE', *, *, #1894, .T. ) ;
#1285 = LINE ( 'NONE', #422, #75 ) ;
#1286 = DIRECTION ( 'NONE',  ( 1.000000000000000000, 0.000000000000000000, 0.000000000000000000 ) ) ;
#1287 = B_SPLINE_CURVE_WITH_KNOTS ( 'NONE', 3,
 ( #1588, #1444, #745, #1343, #877, #1471, #1498, #619, #607, #1044 ),
 .UNSPECIFIED., .F., .F.,
 ( 4, 2, 2, 2, 4 ),
 ( 0.000000000000000000, 0.0005629984730699494171, 0.001125996946139898834, 0.001688995419209848251, 0.002251993892279797668 ),
 .UNSPECIFIED. ) ;
#1288 = EDGE_CURVE ( 'NONE', #1194, #868, #610, .T. ) ;
#1289 = COORDINATED_UNIVERSAL_TIME_OFFSET ( 1, 0, .AHEAD. ) ;
#1290 = ORIENTED_EDGE ( 'NONE', *, *, #292, .F. ) ;
#1291 = CARTESIAN_POINT ( 'NONE',  ( -50.00000000000000000, 3.699999999999999734, 17.00000000000000000 ) ) ;
#1292 = VECTOR ( 'NONE', #1286, 1000.000000000000000 ) ;
#1293 = EDGE_CURVE ( 'NONE', #7, #622, #757, .T. ) ;
#1294 = ORIENTED_EDGE ( 'NONE', *, *, #588, .F. ) ;
#1295 = LINE ( 'NONE', #1455, #1145 ) ;
#1296 = EDGE_CURVE ( 'NONE', #1846, #211, #30, .T. ) ;
#1297 = DIRECTION ( 'NONE',  ( 0.000000000000000000, 0.000000000000000000, -1.000000000000000000 ) ) ;
#1298 = DIRECTION ( 'NONE',  ( -1.000000000000000000, 0.000000000000000000, 0.000000000000000000 ) ) ;
#1299 = ORIENTED_EDGE ( 'NONE', *, *, #405, .F. ) ;
#1300 = DIRECTION ( 'NONE',  ( -0.000000000000000000, -0.000000000000000000, -1.000000000000000000 ) ) ;
#1301 = AXIS2_PLACEMENT_3D ( 'NONE', #573, #710, #1452 ) ;
#1302 = VECTOR ( 'NONE', #1400, 1000.000000000000000 ) ;
#1303 = ORIENTED_EDGE ( 'NONE', *, *, #36, .F. ) ;
#1304 = CARTESIAN_POINT ( 'NONE',  ( 13.99999999999999822, 4.900000000000000355, 13.40000000000000036 ) ) ;
#1305 = VECTOR ( 'NONE', #726, 1000.000000000000000 ) ;
#1306 = PLANE ( 'NONE',  #119 ) ;
#1307 = PERSON_AND_ORGANIZATION ( #18446744073709551615, #18446744073709551615 ) ;
#1308 = VERTEX_POINT ( 'NONE', #1510 ) ;
#1309 = VECTOR ( 'NONE', #963, 1000.000000000000000 ) ;
#1310 = EDGE_CURVE ( 'NONE', #233, #1680, #191, .T. ) ;
#1311 = DIRECTION ( 'NONE',  ( 0.000000000000000000, 1.000000000000000000, -0.000000000000000000 ) ) ;
#1312 = ORIENTED_EDGE ( 'NONE', *, *, #1630, .F. ) ;
#1313 = CARTESIAN_POINT ( 'NONE',  ( 17.50000000000000711, 3.499999999999999556, 15.00000000000000178 ) ) ;
#1314 = DIRECTION ( 'NONE',  ( 0.000000000000000000, 0.000000000000000000, 1.000000000000000000 ) ) ;
#1315 = ADVANCED_FACE ( 'NONE', ( #1109 ), #819, .F. ) ;
#1316 = PLANE ( 'NONE',  #231 ) ;
#1317 = VERTEX_POINT ( 'NONE', #657 ) ;
#1318 = AXIS2_PLACEMENT_3D ( 'NONE', #277, #1856, #1298 ) ;
#1319 = LINE ( 'NONE', #431, #626 ) ;
#1320 = EDGE_LOOP ( 'NONE', ( #1406, #1547, #1885, #320 ) ) ;
#1321 = DIRECTION ( 'NONE',  ( -0.000000000000000000, 0.000000000000000000, 1.000000000000000000 ) ) ;
#1322 = CARTESIAN_POINT ( 'NONE',  ( 13.99999999999999822, 4.900000000000000355, 17.00000000000000000 ) ) ;
#1323 = CARTESIAN_POINT ( 'NONE',  ( 17.50000000000000711, 9.500000000000000000, 12.50000000000000000 ) ) ;
#1324 = ORIENTED_EDGE ( 'NONE', *, *, #671, .F. ) ;
#1325 = DIRECTION ( 'NONE',  ( 1.000000000000000000, 0.000000000000000000, 0.000000000000000000 ) ) ;
#1326 = ORIENTED_EDGE ( 'NONE', *, *, #1055, .T. ) ;
#1327 = CARTESIAN_POINT ( 'NONE',  ( -37.75000000000000711, 4.900000000000000355, 15.00000000000000000 ) ) ;
#1328 = ORIENTED_EDGE ( 'NONE', *, *, #1763, .F. ) ;
#1329 = LINE ( 'NONE', #1760, #1690 ) ;
#1330 = CARTESIAN_POINT ( 'NONE',  ( 0.000000000000000000, 3.500000000000000000, 17.00000000000000000 ) ) ;
#1331 = ORIENTED_EDGE ( 'NONE', *, *, #328, .T. ) ;
#1332 = FACE_OUTER_BOUND ( 'NONE', #1850, .T. ) ;
#1333 = ORIENTED_EDGE ( 'NONE', *, *, #613, .F. ) ;
#1334 = LINE ( 'NONE', #169, #510 ) ;
#1336 = VECTOR ( 'NONE', #1042, 1000.000000000000000 ) ;
#1335 = CIRCLE ( 'NONE', #18, 1.000000000000000888 ) ;
#1337 = ADVANCED_FACE ( 'NONE', ( #1088 ), #201, .F. ) ;
#1338 = ORIENTED_EDGE ( 'NONE', *, *, #1110, .T. ) ;
#1339 = CARTESIAN_POINT ( 'NONE',  ( 3.000000000000000000, 3.700000000000000622, 17.00000000000000000 ) ) ;
#1340 = FACE_OUTER_BOUND ( 'NONE', #1404, .T. ) ;
#1341 = EDGE_LOOP ( 'NONE', ( #880, #1005, #499, #1828 ) ) ;
#1342 = EDGE_CURVE ( 'NONE', #1387, #743, #547, .T. ) ;
#1343 = CARTESIAN_POINT ( 'NONE',  ( -36.37383111573988259, 3.180074269665152720, 16.94943683943590429 ) ) ;
#1344 = ORIENTED_EDGE ( 'NONE', *, *, #578, .F. ) ;
#1345 = EDGE_CURVE ( 'NONE', #629, #1308, #1120, .T. ) ;
#1346 = CARTESIAN_POINT ( 'NONE',  ( -54.50000000000000000, 9.500000000000000000, 16.00000000000000000 ) ) ;
#1347 = PRODUCT_DEFINITION_SHAPE ( 'NONE', 'NONE',  #883 ) ;
#1348 = ORIENTED_EDGE ( 'NONE', *, *, #492, .F. ) ;
#1349 = DIRECTION ( 'NONE',  ( -0.000000000000000000, 0.000000000000000000, 1.000000000000000000 ) ) ;
#1350 = DIRECTION ( 'NONE',  ( 0.000000000000000000, 0.000000000000000000, 1.000000000000000000 ) ) ;
#1351 = ORIENTED_EDGE ( 'NONE', *, *, #124, .T. ) ;
#1352 = EDGE_CURVE ( 'NONE', #470, #1181, #378, .T. ) ;
#1353 = PLANE ( 'NONE',  #1391 ) ;
#1354 = CARTESIAN_POINT ( 'NONE',  ( -2.999999999999999556, 2.500000000000000000, 16.00000000000000000 ) ) ;
#1355 = DIRECTION ( 'NONE',  ( -0.000000000000000000, 1.000000000000000000, -0.000000000000000000 ) ) ;
#1356 = AXIS2_PLACEMENT_3D ( 'NONE', #193, #163, #1772 ) ;
#1357 = ORIENTED_EDGE ( 'NONE', *, *, #1157, .T. ) ;
#1358 = DIRECTION ( 'NONE',  ( 0.000000000000000000, 0.000000000000000000, -1.000000000000000000 ) ) ;
#1359 = VECTOR ( 'NONE', #848, 1000.000000000000000 ) ;
#1360 = EDGE_CURVE ( 'NONE', #1245, #1181, #796, .T. ) ;
#1361 = CARTESIAN_POINT ( 'NONE',  ( -54.50000000000000000, 5.585786437626905965, 16.58578643762690419 ) ) ;
#1362 = ORIENTED_EDGE ( 'NONE', *, *, #1352, .T. ) ;
#1363 = AXIS2_PLACEMENT_3D ( 'NONE', #1278, #551, #85 ) ;
#1364 = DIRECTION ( 'NONE',  ( 1.000000000000000000, 0.000000000000000000, 0.000000000000000000 ) ) ;
#1365 = ADVANCED_FACE ( 'NONE', ( #513 ), #1706, .F. ) ;
#1366 = ORIENTED_EDGE ( 'NONE', *, *, #1553, .F. ) ;
#1367 = CARTESIAN_POINT ( 'NONE',  ( -12.24999999999999289, 6.000000000000000888, 15.00000000000000000 ) ) ;
#1368 = VECTOR ( 'NONE', #787, 1000.000000000000000 ) ;
#1369 = EDGE_LOOP ( 'NONE', ( #662, #391, #341, #1716, #1644, #646 ) ) ;
#1370 = CARTESIAN_POINT ( 'NONE',  ( -44.00000000000000000, 6.000000000000000000, 17.00000000000000000 ) ) ;
#1371 = DIRECTION ( 'NONE',  ( 0.000000000000000000, -0.000000000000000000, -1.000000000000000000 ) ) ;
#1372 = EDGE_CURVE ( 'NONE', #1671, #1245, #245, .T. ) ;
#1373 = ORIENTED_EDGE ( 'NONE', *, *, #1310, .T. ) ;
#1374 = CARTESIAN_POINT ( 'NONE',  ( -54.50000000000000000, 6.000000000000000000, 17.00000000000000000 ) ) ;
#1375 = ORIENTED_EDGE ( 'NONE', *, *, #1600, .T. ) ;
#1376 = CARTESIAN_POINT ( 'NONE',  ( 14.37583320310674395, 3.180494461567642261, 16.94959565296965209 ) ) ;
#1377 = CARTESIAN_POINT ( 'NONE',  ( -36.00000000000000711, 4.900000000000000355, 13.40000000000000036 ) ) ;
#1378 = ORIENTED_EDGE ( 'NONE', *, *, #628, .F. ) ;
#1379 = PLANE ( 'NONE',  #858 ) ;
#1380 = CARTESIAN_POINT ( 'NONE',  ( -34.25000000000000000, 4.900000000000000355, 17.00000000000000000 ) ) ;
#1381 = CIRCLE ( 'NONE', #369, 1.000000000000000888 ) ;
#1382 = ORIENTED_EDGE ( 'NONE', *, *, #1734, .T. ) ;
#1383 = DIRECTION ( 'NONE',  ( 1.000000000000000000, 0.000000000000000000, 0.000000000000000000 ) ) ;
#1384 = ORIENTED_EDGE ( 'NONE', *, *, #63, .T. ) ;
#1385 = LINE ( 'NONE', #1539, #1859 ) ;
#1386 = DIRECTION ( 'NONE',  ( -1.000000000000000000, 0.000000000000000000, 0.000000000000000000 ) ) ;
#1387 = VERTEX_POINT ( 'NONE', #213 ) ;
#1388 = CARTESIAN_POINT ( 'NONE',  ( -54.50000000000000000, 6.000000000000000000, 17.00000000000000000 ) ) ;
#1389 = AXIS2_PLACEMENT_3D ( 'NONE', #1029, #1465, #1748 ) ;
#1390 = DIRECTION ( 'NONE',  ( 0.000000000000000000, 0.000000000000000000, -1.000000000000000000 ) ) ;
#1391 = AXIS2_PLACEMENT_3D ( 'NONE', #763, #441, #1488 ) ;
#1392 = EDGE_LOOP ( 'NONE', ( #451, #175, #1609, #1697 ) ) ;
#1393 = CIRCLE ( 'NONE', #569, 0.8999999999999998002 ) ;
#1394 = DIRECTION ( 'NONE',  ( -2.877046891623748835E-16, 1.000000000000000000, -0.000000000000000000 ) ) ;
#1395 = ORIENTED_EDGE ( 'NONE', *, *, #249, .F. ) ;
#1396 = DIRECTION ( 'NONE',  ( 0.000000000000000000, 0.000000000000000000, -1.000000000000000000 ) ) ;
#1397 = DIRECTION ( 'NONE',  ( -0.000000000000000000, 0.000000000000000000, -1.000000000000000000 ) ) ;
#1398 = VECTOR ( 'NONE', #535, 1000.000000000000000 ) ;
#1399 = ORIENTED_EDGE ( 'NONE', *, *, #660, .T. ) ;
#1400 = DIRECTION ( 'NONE',  ( 0.000000000000000000, 0.000000000000000000, 1.000000000000000000 ) ) ;
#1401 = EDGE_CURVE ( 'NONE', #868, #1105, #1864, .T. ) ;
#1402 = EDGE_CURVE ( 'NONE', #1895, #1194, #1825, .T. ) ;
#1403 = FACE_OUTER_BOUND ( 'NONE', #1369, .T. ) ;
#1404 = EDGE_LOOP ( 'NONE', ( #900, #1299, #453, #1294 ) ) ;
#1405 = LINE ( 'NONE', #1414, #1426 ) ;
#1406 = ORIENTED_EDGE ( 'NONE', *, *, #471, .F. ) ;
#1407 = CARTESIAN_POINT ( 'NONE',  ( 14.73299902313385346, 3.299793036716237804, 16.98169896866631490 ) ) ;
#1408 = CARTESIAN_POINT ( 'NONE',  ( -12.24999999999999289, 4.900000000000000355, 15.00000000000000000 ) ) ;
#1409 = CC_DESIGN_PERSON_AND_ORGANIZATION_ASSIGNMENT ( #1135, #1719, ( #883 ) ) ;
#1410 = ORIENTED_EDGE ( 'NONE', *, *, #725, .T. ) ;
#1411 = DIRECTION ( 'NONE',  ( 0.000000000000000000, -1.000000000000000000, 0.000000000000000000 ) ) ;
#1412 = ADVANCED_FACE ( 'NONE', ( #1685, #1253 ), #1529, .F. ) ;
#1413 = CARTESIAN_POINT ( 'NONE',  ( -54.50000000000000000, 6.000000000000000000, 17.00000000000000000 ) ) ;
#1414 = CARTESIAN_POINT ( 'NONE',  ( -54.50000000000000000, 6.000000000000000000, 17.00000000000000000 ) ) ;
#1415 = EDGE_LOOP ( 'NONE', ( #632, #1232, #847, #936, #810, #357, #1111 ) ) ;
#1416 = ADVANCED_FACE ( 'NONE', ( #1244 ), #828, .F. ) ;
#1417 = CARTESIAN_POINT ( 'NONE',  ( 14.19017529225993179, 3.150145927805929613, 16.93680422301816790 ) ) ;
#1418 = DIRECTION ( 'NONE',  ( -0.000000000000000000, 0.000000000000000000, -1.000000000000000000 ) ) ;
#1419 = MANIFOLD_SOLID_BREP ( 'Basisteil-Lower_Display_Mount-1', #1431 ) ;
#1420 = ORIENTED_EDGE ( 'NONE', *, *, #173, .F. ) ;
#1421 = FACE_OUTER_BOUND ( 'NONE', #673, .T. ) ;
#1422 = FACE_OUTER_BOUND ( 'NONE', #815, .T. ) ;
#1423 = ADVANCED_FACE ( 'NONE', ( #100 ), #1273, .T. ) ;
#1424 = AXIS2_PLACEMENT_3D ( 'NONE', #1629, #1514, #1659 ) ;
#1425 = ORIENTED_EDGE ( 'NONE', *, *, #1596, .F. ) ;
#1426 = VECTOR ( 'NONE', #199, 1000.000000000000000 ) ;
#1427 = CYLINDRICAL_SURFACE ( 'NONE', #1890, 0.8999999999999998002 ) ;
#1428 = CARTESIAN_POINT ( 'NONE',  ( 3.000000000000000000, 3.700000000000000622, 12.50000000000000000 ) ) ;
#1429 = VERTEX_POINT ( 'NONE', #1861 ) ;
#1430 = PLANE ( 'NONE',  #939 ) ;
#1431 = CLOSED_SHELL ( 'NONE', ( #1704, #1416, #1131, #1337, #482, #767, #240, #1548, #967, #267, #284, #1315, #949, #466, #1079, #376, #518, #1365, #692, #1696, #864, #1162, #390, #580, #379, #1626, #1745, #572, #1435, #1152, #733, #474, #924, #915, #1432, #1412, #239, #264, #1654, #809, #852, #67, #1014, #849, #350, #954, #665, #1214, #668, #1805, #556, #1507, #772, #1423, #127, #1147, #398, #429 ) ) ;
#1432 = ADVANCED_FACE ( 'NONE', ( #235, #388 ), #973, .F. ) ;
#1433 = CARTESIAN_POINT ( 'NONE',  ( -53.50000000000000000, 5.000000000000000000, 15.00000000000000178 ) ) ;
#1434 = EDGE_LOOP ( 'NONE', ( #399, #380 ) ) ;
#1435 = ADVANCED_FACE ( 'NONE', ( #397 ), #123, .T. ) ;
#1436 = DIRECTION ( 'NONE',  ( 0.000000000000000000, 1.000000000000000000, 0.000000000000000000 ) ) ;
#1437 = ORIENTED_EDGE ( 'NONE', *, *, #1028, .T. ) ;
#1438 = DIRECTION ( 'NONE',  ( -0.000000000000000000, -0.000000000000000000, -1.000000000000000000 ) ) ;
#1439 = UNCERTAINTY_MEASURE_WITH_UNIT (LENGTH_MEASURE( 1.000000000000000082E-05 ), #855, 'distance_accuracy_value', 'NONE');
#1440 = CARTESIAN_POINT ( 'NONE',  ( -12.24999999999999289, 4.900000000000000355, 17.00000000000000000 ) ) ;
#1441 = SECURITY_CLASSIFICATION ( '', '', #1033 ) ;
#1442 = CARTESIAN_POINT ( 'NONE',  ( 16.50000000000000711, 6.000000000000000000, 17.00000000000000000 ) ) ;
#1443 = ORIENTED_EDGE ( 'NONE', *, *, #424, .F. ) ;
#1444 = CARTESIAN_POINT ( 'NONE',  ( -36.89801690201078799, 3.386012676508090458, 17.00000000000000355 ) ) ;
#1445 = VECTOR ( 'NONE', #425, 1000.000000000000000 ) ;
#1446 = EDGE_LOOP ( 'NONE', ( #50, #756, #1366, #927 ) ) ;
#1447 = PLANE ( 'NONE',  #1389 ) ;
#1448 = LINE ( 'NONE', #128, #1268 ) ;
#1449 = EDGE_CURVE ( 'NONE', #1747, #280, #981, .T. ) ;
#1450 = CARTESIAN_POINT ( 'NONE',  ( 0.000000000000000000, 0.000000000000000000, 0.000000000000000000 ) ) ;
#1451 = EDGE_LOOP ( 'NONE', ( #1477, #168 ) ) ;
#1452 = DIRECTION ( 'NONE',  ( 0.000000000000000000, 0.000000000000000000, -1.000000000000000000 ) ) ;
#1453 = AXIS2_PLACEMENT_3D ( 'NONE', #784, #96, #356 ) ;
#1454 = ORIENTED_EDGE ( 'NONE', *, *, #522, .F. ) ;
#1455 = CARTESIAN_POINT ( 'NONE',  ( -15.74999999999999645, 4.900000000000000355, 13.40000000000000036 ) ) ;
#1456 = CIRCLE ( 'NONE', #134, 1.000000000000000888 ) ;
#1457 = CYLINDRICAL_SURFACE ( 'NONE', #1666, 1.749999999999999778 ) ;
#1458 = EDGE_CURVE ( 'NONE', #1895, #229, #1282, .T. ) ;
#1459 = DIRECTION ( 'NONE',  ( -0.000000000000000000, 0.000000000000000000, -1.000000000000000000 ) ) ;
#1460 = COORDINATED_UNIVERSAL_TIME_OFFSET ( 1, 0, .AHEAD. ) ;
#1461 = ORIENTED_EDGE ( 'NONE', *, *, #1563, .F. ) ;
#1462 = AXIS2_PLACEMENT_3D ( 'NONE', #79, #1116, #1383 ) ;
#1463 = DIRECTION ( 'NONE',  ( -1.000000000000000000, -0.000000000000000000, -0.000000000000000000 ) ) ;
#1464 = ORIENTED_EDGE ( 'NONE', *, *, #186, .T. ) ;
#1465 = DIRECTION ( 'NONE',  ( 0.000000000000000000, 0.000000000000000000, -1.000000000000000000 ) ) ;
#1466 = CARTESIAN_POINT ( 'NONE',  ( -54.50000000000000000, 2.500000000000000000, 15.00000000000000178 ) ) ;
#1467 = EDGE_CURVE ( 'NONE', #1834, #403, #589, .T. ) ;
#1468 = LINE ( 'NONE', #1613, #1271 ) ;
#1469 = PERSON_AND_ORGANIZATION_ROLE ( 'creator' ) ;
#1470 = VERTEX_POINT ( 'NONE', #842 ) ;
#1471 = CARTESIAN_POINT ( 'NONE',  ( -35.80982470774006288, 3.150145927805927393, 16.93680422301816080 ) ) ;
#1472 = VERTEX_POINT ( 'NONE', #1428 ) ;
#1473 = CARTESIAN_POINT ( 'NONE',  ( -50.00000000000000000, 2.500000000000000000, 15.00000000000000178 ) ) ;
#1474 = ORIENTED_EDGE ( 'NONE', *, *, #1763, .T. ) ;
#1475 = DIRECTION ( 'NONE',  ( 1.000000000000000000, -0.000000000000000000, 0.000000000000000000 ) ) ;
#1476 = CARTESIAN_POINT ( 'NONE',  ( -44.00000000000000000, 0.000000000000000000, 12.50000000000000000 ) ) ;
#1477 = ORIENTED_EDGE ( 'NONE', *, *, #1342, .T. ) ;
#1478 = DIRECTION ( 'NONE',  ( -0.000000000000000000, -0.000000000000000000, 1.000000000000000000 ) ) ;
#1479 = DIRECTION ( 'NONE',  ( 0.000000000000000000, -1.000000000000000000, 0.000000000000000000 ) ) ;
#1480 = VECTOR ( 'NONE', #720, 1000.000000000000000 ) ;
#1481 = CARTESIAN_POINT ( 'NONE',  ( -36.00000000000000711, 4.900000000000000355, 17.00000000000000000 ) ) ;
#1482 = VERTEX_POINT ( 'NONE', #133 ) ;
#1483 = DIRECTION ( 'NONE',  ( 0.000000000000000000, 0.000000000000000000, -1.000000000000000000 ) ) ;
#1484 = EDGE_CURVE ( 'NONE', #92, #421, #1579, .T. ) ;
#1485 = CYLINDRICAL_SURFACE ( 'NONE', #195, 1.000000000000000888 ) ;
#1486 = ORIENTED_EDGE ( 'NONE', *, *, #1489, .F. ) ;
#1487 = CIRCLE ( 'NONE', #599, 1.000000000000000888 ) ;
#1488 = DIRECTION ( 'NONE',  ( 1.000000000000000000, 0.000000000000000000, 0.000000000000000000 ) ) ;
#1489 = EDGE_CURVE ( 'NONE', #729, #1527, #1319, .T. ) ;
#1490 = ORIENTED_EDGE ( 'NONE', *, *, #323, .T. ) ;
#1491 = LINE ( 'NONE', #640, #416 ) ;
#1492 = ORIENTED_EDGE ( 'NONE', *, *, #606, .T. ) ;
#1493 = CARTESIAN_POINT ( 'NONE',  ( -54.50000000000000000, 3.500000000000001332, 12.50000000000000000 ) ) ;
#1494 = EDGE_CURVE ( 'NONE', #1625, #876, #1887, .T. ) ;
#1495 = DIRECTION ( 'NONE',  ( -1.000000000000000000, 0.000000000000000000, 0.000000000000000000 ) ) ;
#1496 = SHAPE_DEFINITION_REPRESENTATION ( #1347, #1765 ) ;
#1497 = ORIENTED_EDGE ( 'NONE', *, *, #1650, .F. ) ;
#1498 = CARTESIAN_POINT ( 'NONE',  ( -35.62416679689325605, 3.180494461567641373, 16.94959565296965209 ) ) ;
#1499 = VERTEX_POINT ( 'NONE', #581 ) ;
#1500 = DIRECTION ( 'NONE',  ( 0.000000000000000000, 0.000000000000000000, 1.000000000000000000 ) ) ;
#1501 = EDGE_CURVE ( 'NONE', #570, #582, #1158, .T. ) ;
#1502 = EDGE_LOOP ( 'NONE', ( #943, #960, #557, #1877, #1461, #1770, #73, #1249 ) ) ;
#1503 = LINE ( 'NONE', #633, #593 ) ;
#1504 = FACE_OUTER_BOUND ( 'NONE', #917, .T. ) ;
#1505 = EDGE_LOOP ( 'NONE', ( #1802, #611, #192, #1490 ) ) ;
#1506 = AXIS2_PLACEMENT_3D ( 'NONE', #730, #1321, #591 ) ;
#1507 = ADVANCED_FACE ( 'NONE', ( #1595 ), #834, .T. ) ;
#1508 = DIRECTION ( 'NONE',  ( -0.000000000000000000, -0.000000000000000000, 1.000000000000000000 ) ) ;
#1509 = ORIENTED_EDGE ( 'NONE', *, *, #71, .F. ) ;
#1510 = CARTESIAN_POINT ( 'NONE',  ( -15.75000000000000355, 6.000000000000000888, 15.00000000000000000 ) ) ;
#1511 = AXIS2_PLACEMENT_3D ( 'NONE', #1049, #44, #1081 ) ;
#1512 = EDGE_CURVE ( 'NONE', #1513, #1482, #271, .T. ) ;
#1513 = VERTEX_POINT ( 'NONE', #696 ) ;
#1514 = DIRECTION ( 'NONE',  ( 1.000000000000000000, 0.000000000000000000, -0.000000000000000000 ) ) ;
#1515 = CARTESIAN_POINT ( 'NONE',  ( -12.95000000000000107, 3.500000000000000000, 17.00000000000000000 ) ) ;
#1516 = ORIENTED_EDGE ( 'NONE', *, *, #747, .F. ) ;
#1517 = AXIS2_PLACEMENT_3D ( 'NONE', #139, #865, #1603 ) ;
#1518 = CARTESIAN_POINT ( 'NONE',  ( 16.50000000000000711, 6.000000000000000000, 15.00000000000000178 ) ) ;
#1519 = DIRECTION ( 'NONE',  ( -1.000000000000000000, 0.000000000000000000, 0.000000000000000000 ) ) ;
#1520 = DIRECTION ( 'NONE',  ( 0.000000000000000000, -1.000000000000000000, 0.000000000000000000 ) ) ;
#1521 = ORIENTED_EDGE ( 'NONE', *, *, #813, .T. ) ;
#1522 = CYLINDRICAL_SURFACE ( 'NONE', #1175, 1.000000000000000888 ) ;
#1523 = CARTESIAN_POINT ( 'NONE',  ( -14.73086459686759042, 3.298834436415537308, 16.98148622050239354 ) ) ;
#1524 = ORIENTED_EDGE ( 'NONE', *, *, #1611, .T. ) ;
#1525 = VECTOR ( 'NONE', #965, 1000.000000000000000 ) ;
#1526 = CYLINDRICAL_SURFACE ( 'NONE', #1453, 1.000000000000000888 ) ;
#1527 = VERTEX_POINT ( 'NONE', #1013 ) ;
#1528 = CARTESIAN_POINT ( 'NONE',  ( -54.50000000000000000, 3.499999999999999556, 15.00000000000000178 ) ) ;
#1529 = PLANE ( 'NONE',  #722 ) ;
#1530 = APPROVAL_PERSON_ORGANIZATION ( #447, #744, #1053 ) ;
#1531 = VERTEX_POINT ( 'NONE', #1607 ) ;
#1532 = LINE ( 'NONE', #690, #1619 ) ;
#1533 = DIRECTION ( 'NONE',  ( 0.000000000000000000, 1.000000000000000000, 0.000000000000000000 ) ) ;
#1534 = VECTOR ( 'NONE', #874, 1000.000000000000000 ) ;
#1535 = ORIENTED_EDGE ( 'NONE', *, *, #1288, .T. ) ;
#1536 = CARTESIAN_POINT ( 'NONE',  ( 13.99999999999999822, 4.900000000000000355, 12.50000000000000000 ) ) ;
#1537 = ORIENTED_EDGE ( 'NONE', *, *, #1709, .T. ) ;
#1538 = EDGE_CURVE ( 'NONE', #729, #470, #290, .T. ) ;
#1539 = CARTESIAN_POINT ( 'NONE',  ( -54.50000000000000000, 6.000000000000000000, 17.00000000000000000 ) ) ;
#1540 = DIRECTION ( 'NONE',  ( 0.000000000000000000, -0.000000000000000000, -1.000000000000000000 ) ) ;
#1541 = ORIENTED_EDGE ( 'NONE', *, *, #1826, .F. ) ;
#1542 = FACE_OUTER_BOUND ( 'NONE', #1446, .T. ) ;
#1543 = DIRECTION ( 'NONE',  ( -1.000000000000000000, 0.000000000000000000, 0.000000000000000000 ) ) ;
#1544 = AXIS2_PLACEMENT_3D ( 'NONE', #151, #774, #1364 ) ;
#1545 = ORIENTED_EDGE ( 'NONE', *, *, #740, .T. ) ;
#1546 = DIRECTION ( 'NONE',  ( 0.000000000000000000, 0.000000000000000000, -1.000000000000000000 ) ) ;
#1547 = ORIENTED_EDGE ( 'NONE', *, *, #1715, .F. ) ;
#1548 = ADVANCED_FACE ( 'NONE', ( #1174 ), #143, .F. ) ;
#1549 = VECTOR ( 'NONE', #1699, 1000.000000000000000 ) ;
#1550 = CARTESIAN_POINT ( 'NONE',  ( 13.62616888426009787, 3.180074269665157605, 16.94943683943590784 ) ) ;
#1551 = CARTESIAN_POINT ( 'NONE',  ( -34.25000000000000000, 4.900000000000000355, 13.40000000000000036 ) ) ;
#1552 = VECTOR ( 'NONE', #456, 1000.000000000000000 ) ;
#1553 = EDGE_CURVE ( 'NONE', #702, #92, #1870, .T. ) ;
#1554 = EDGE_LOOP ( 'NONE', ( #1085, #247, #1637, #727 ) ) ;
#1555 = LINE ( 'NONE', #392, #1031 ) ;
#1556 = VECTOR ( 'NONE', #339, 1000.000000000000000 ) ;
#1557 = EDGE_CURVE ( 'NONE', #370, #1107, #987, .T. ) ;
#1558 = FACE_OUTER_BOUND ( 'NONE', #1813, .T. ) ;
#1559 = DIRECTION ( 'NONE',  ( -0.000000000000000000, -1.000000000000000000, -0.000000000000000000 ) ) ;
#1560 = EDGE_LOOP ( 'NONE', ( #637, #395, #597, #1564, #1677, #1683, #1516, #1617 ) ) ;
#1561 = DIRECTION ( 'NONE',  ( -0.000000000000000000, -0.000000000000000000, 1.000000000000000000 ) ) ;
#1562 = CARTESIAN_POINT ( 'NONE',  ( -12.24999999999999822, 4.900000000000000355, 13.40000000000000036 ) ) ;
#1563 = EDGE_CURVE ( 'NONE', #47, #1159, #115, .T. ) ;
#1564 = ORIENTED_EDGE ( 'NONE', *, *, #408, .F. ) ;
#1565 = DIRECTION ( 'NONE',  ( -1.000000000000000000, 0.000000000000000000, -0.000000000000000000 ) ) ;
#1566 = CC_DESIGN_APPROVAL ( #206, ( #883 ) ) ;
#1567 = CARTESIAN_POINT ( 'NONE',  ( 17.50000000000000711, 9.500000000000000000, 16.00000000000000000 ) ) ;
#1568 = LINE ( 'NONE', #992, #25 ) ;
#1569 = VERTEX_POINT ( 'NONE', #563 ) ;
#1570 = CARTESIAN_POINT ( 'NONE',  ( -54.50000000000000000, 5.000000000000001776, 15.00000000000000178 ) ) ;
#1571 = DIRECTION ( 'NONE',  ( 0.000000000000000000, 0.000000000000000000, 1.000000000000000000 ) ) ;
#1572 = ORIENTED_EDGE ( 'NONE', *, *, #147, .T. ) ;
#1573 = FACE_OUTER_BOUND ( 'NONE', #1045, .T. ) ;
#1574 = EDGE_CURVE ( 'NONE', #406, #564, #223, .T. ) ;
#1575 = CARTESIAN_POINT ( 'NONE',  ( 12.24999999999999822, 4.900000000000000355, 17.00000000000000000 ) ) ;
#1576 = EDGE_CURVE ( 'NONE', #1065, #29, #1287, .T. ) ;
#1577 = PERSON_AND_ORGANIZATION ( #18446744073709551615, #18446744073709551615 ) ;
#1578 = ORIENTED_EDGE ( 'NONE', *, *, #1342, .F. ) ;
#1579 = LINE ( 'NONE', #420, #1148 ) ;
#1580 = EDGE_LOOP ( 'NONE', ( #1443, #1328 ) ) ;
#1581 = DIRECTION ( 'NONE',  ( 1.000000000000000000, 0.000000000000000000, 0.000000000000000000 ) ) ;
#1582 = CIRCLE ( 'NONE', #1182, 0.8999999999999998002 ) ;
#1583 = LINE ( 'NONE', #1882, #1624 ) ;
#1585 = VECTOR ( 'NONE', #329, 1000.000000000000000 ) ;
#1584 = AXIS2_PLACEMENT_3D ( 'NONE', #452, #901, #485 ) ;
#1586 = DIRECTION ( 'NONE',  ( 0.000000000000000000, -1.000000000000000000, 0.000000000000000000 ) ) ;
#1587 = ORIENTED_EDGE ( 'NONE', *, *, #1823, .T. ) ;
#1588 = CARTESIAN_POINT ( 'NONE',  ( -37.05000000000000426, 3.500000000000000444, 17.00000000000000000 ) ) ;
#1589 = VERTEX_POINT ( 'NONE', #167 ) ;
#1590 = CARTESIAN_POINT ( 'NONE',  ( 3.000000000000000000, 6.000000000000000888, 15.00000000000000000 ) ) ;
#1591 = DIRECTION ( 'NONE',  ( 0.000000000000000000, 0.000000000000000000, -1.000000000000000000 ) ) ;
#1592 = LOCAL_TIME ( 19, 36, 1.000000000000000000, #985 ) ;
#1593 = CARTESIAN_POINT ( 'NONE',  ( -50.00000000000000000, 0.000000000000000000, 12.50000000000000000 ) ) ;
#1594 = ORIENTED_EDGE ( 'NONE', *, *, #820, .T. ) ;
#1595 = FACE_OUTER_BOUND ( 'NONE', #64, .T. ) ;
#1596 = EDGE_CURVE ( 'NONE', #1387, #355, #1067, .T. ) ;
#1597 = ORIENTED_EDGE ( 'NONE', *, *, #94, .F. ) ;
#1598 = CARTESIAN_POINT ( 'NONE',  ( -37.75000000000000711, 4.900000000000000355, 13.40000000000000036 ) ) ;
#1599 = CIRCLE ( 'NONE', #1264, 1.749999999999998002 ) ;
#1600 = EDGE_CURVE ( 'NONE', #1101, #1667, #1653, .T. ) ;
#1601 = CARTESIAN_POINT ( 'NONE',  ( -34.25000000000000000, 6.000000000000000888, 15.00000000000000000 ) ) ;
#1602 = B_SPLINE_CURVE_WITH_KNOTS ( 'NONE', 3,
 ( #935, #1198, #1523, #643, #334, #1074, #926, #197, #507, #1208 ),
 .UNSPECIFIED., .F., .F.,
 ( 4, 2, 2, 2, 4 ),
 ( 0.000000000000000000, 0.0005629984730699457308, 0.001125996946139891462, 0.001688995419209837192, 0.002251993892279782923 ),
 .UNSPECIFIED. ) ;
#1603 = DIRECTION ( 'NONE',  ( 1.000000000000000000, 0.000000000000000000, 0.000000000000000000 ) ) ;
#1604 = DIRECTION ( 'NONE',  ( 0.000000000000000000, 0.000000000000000000, 1.000000000000000000 ) ) ;
#1605 = ORIENTED_EDGE ( 'NONE', *, *, #1855, .T. ) ;
#1606 = VECTOR ( 'NONE', #1483, 1000.000000000000000 ) ;
#1607 = CARTESIAN_POINT ( 'NONE',  ( -15.75000000000000355, 6.000000000000000000, 17.00000000000000000 ) ) ;
#1608 = VECTOR ( 'NONE', #728, 1000.000000000000000 ) ;
#1609 = ORIENTED_EDGE ( 'NONE', *, *, #861, .T. ) ;
#1610 = CARTESIAN_POINT ( 'NONE',  ( -53.50000000000000000, 3.500000000000000000, 12.50000000000000000 ) ) ;
#1611 = EDGE_CURVE ( 'NONE', #29, #817, #907, .T. ) ;
#1612 = DIRECTION ( 'NONE',  ( -1.000000000000000000, 0.000000000000000000, 0.000000000000000000 ) ) ;
#1613 = CARTESIAN_POINT ( 'NONE',  ( 15.75000000000000000, 4.900000000000000355, 17.00000000000000000 ) ) ;
#1614 = ORIENTED_EDGE ( 'NONE', *, *, #1576, .T. ) ;
#1615 = AXIS2_PLACEMENT_3D ( 'NONE', #1377, #536, #1848 ) ;
#1616 = LINE ( 'NONE', #1213, #472 ) ;
#1617 = ORIENTED_EDGE ( 'NONE', *, *, #911, .T. ) ;
#1618 = DIRECTION ( 'NONE',  ( 0.000000000000000000, 0.000000000000000000, -1.000000000000000000 ) ) ;
#1619 = VECTOR ( 'NONE', #1851, 1000.000000000000000 ) ;
#1620 = CARTESIAN_POINT ( 'NONE',  ( 16.50000000000000711, 6.000000000000000000, 17.00000000000000000 ) ) ;
#1621 = CARTESIAN_POINT ( 'NONE',  ( -54.50000000000000000, 6.000000000000000000, 17.00000000000000000 ) ) ;
#1622 = ORIENTED_EDGE ( 'NONE', *, *, #1823, .F. ) ;
#1623 = CARTESIAN_POINT ( 'NONE',  ( -36.00000000000000711, 4.900000000000000355, 13.40000000000000036 ) ) ;
#1624 = VECTOR ( 'NONE', #1179, 1000.000000000000000 ) ;
#1625 = VERTEX_POINT ( 'NONE', #176 ) ;
#1626 = ADVANCED_FACE ( 'NONE', ( #327, #299, #48, #37 ), #1353, .F. ) ;
#1627 = CARTESIAN_POINT ( 'NONE',  ( 3.000000000000000000, 3.500000000000000000, 16.00000000000000000 ) ) ;
#1628 = EDGE_LOOP ( 'NONE', ( #1712, #1140, #252, #986 ) ) ;
#1629 = CARTESIAN_POINT ( 'NONE',  ( -54.50000000000000000, 9.500000000000000000, 15.00000000000000178 ) ) ;
#1630 = EDGE_CURVE ( 'NONE', #922, #43, #1025, .T. ) ;
#1631 = CARTESIAN_POINT ( 'NONE',  ( -37.75000000000000711, 6.000000000000000000, 17.00000000000000000 ) ) ;
#1632 = PERSON_AND_ORGANIZATION ( #18446744073709551615, #18446744073709551615 ) ;
#1633 = ORIENTED_EDGE ( 'NONE', *, *, #1634, .T. ) ;
#1634 = EDGE_CURVE ( 'NONE', #1766, #141, #1616, .T. ) ;
#1635 = DIRECTION ( 'NONE',  ( -0.000000000000000000, -0.000000000000000000, 1.000000000000000000 ) ) ;
#1636 = AXIS2_PLACEMENT_3D ( 'NONE', #1610, #1017, #1581 ) ;
#1637 = ORIENTED_EDGE ( 'NONE', *, *, #1449, .F. ) ;
#1638 = AXIS2_PLACEMENT_3D ( 'NONE', #1035, #158, #1190 ) ;
#1639 = FACE_OUTER_BOUND ( 'NONE', #951, .T. ) ;
#1640 = CIRCLE ( 'NONE', #894, 0.8999999999999998002 ) ;
#1641 = ORIENTED_EDGE ( 'NONE', *, *, #315, .T. ) ;
#1642 = CARTESIAN_POINT ( 'NONE',  ( -3.000000000000002665, 6.000000000000000000, 17.00000000000000000 ) ) ;
#1643 = PLANE ( 'NONE',  #542 ) ;
#1644 = ORIENTED_EDGE ( 'NONE', *, *, #826, .F. ) ;
#1645 = CARTESIAN_POINT ( 'NONE',  ( -3.000000000000002665, 2.500000000000000000, 12.50000000000000000 ) ) ;
#1646 = CARTESIAN_POINT ( 'NONE',  ( -54.50000000000000000, 9.500000000000000000, 12.50000000000000000 ) ) ;
#1647 = CARTESIAN_POINT ( 'NONE',  ( -53.50000000000000000, 6.000000000000000000, 17.00000000000000000 ) ) ;
#1648 = ORIENTED_EDGE ( 'NONE', *, *, #1749, .F. ) ;
#1649 = LINE ( 'NONE', #352, #1753 ) ;
#1650 = EDGE_CURVE ( 'NONE', #1245, #564, #337, .T. ) ;
#1651 = DIRECTION ( 'NONE',  ( 0.000000000000000000, -0.000000000000000000, 1.000000000000000000 ) ) ;
#1652 = ORIENTED_EDGE ( 'NONE', *, *, #142, .F. ) ;
#1653 = LINE ( 'NONE', #1785, #1700 ) ;
#1654 = ADVANCED_FACE ( 'NONE', ( #1332 ), #918, .F. ) ;
#1655 = CIRCLE ( 'NONE', #1838, 0.8999999999999998002 ) ;
#1656 = DIRECTION ( 'NONE',  ( -1.000000000000000000, 0.000000000000000000, 0.000000000000000000 ) ) ;
#1657 = DIRECTION ( 'NONE',  ( 0.000000000000000000, 0.000000000000000000, -1.000000000000000000 ) ) ;
#1658 = ORIENTED_EDGE ( 'NONE', *, *, #993, .F. ) ;
#1659 = DIRECTION ( 'NONE',  ( -0.000000000000000000, 0.000000000000000000, -1.000000000000000000 ) ) ;
#1660 = EDGE_CURVE ( 'NONE', #1766, #570, #805, .T. ) ;
#1661 = PLANE ( 'NONE',  #230 ) ;
#1662 = ORIENTED_EDGE ( 'NONE', *, *, #1200, .F. ) ;
#1663 = LINE ( 'NONE', #937, #862 ) ;
#1664 = CARTESIAN_POINT ( 'NONE',  ( 12.94999999999999929, 3.500000000000000000, 17.00000000000000000 ) ) ;
#1665 = CARTESIAN_POINT ( 'NONE',  ( -47.00000000000000000, 3.700000000000000178, 17.00000000000000000 ) ) ;
#1666 = AXIS2_PLACEMENT_3D ( 'NONE', #138, #435, #1612 ) ;
#1667 = VERTEX_POINT ( 'NONE', #888 ) ;
#1668 = CARTESIAN_POINT ( 'NONE',  ( 16.50000000000000711, 2.500000000000000000, 12.50000000000000000 ) ) ;
#1669 = AXIS2_PLACEMENT_3D ( 'NONE', #210, #345, #491 ) ;
#1670 = CARTESIAN_POINT ( 'NONE',  ( -54.50000000000000000, 5.000000000000000000, 16.00000000000000000 ) ) ;
#1671 = VERTEX_POINT ( 'NONE', #638 ) ;
#1672 = VECTOR ( 'NONE', #1479, 1000.000000000000000 ) ;
#1673 = DIRECTION ( 'NONE',  ( 0.000000000000000000, -0.000000000000000000, -1.000000000000000000 ) ) ;
#1674 = ORIENTED_EDGE ( 'NONE', *, *, #1512, .F. ) ;
#1675 = CARTESIAN_POINT ( 'NONE',  ( 12.24999999999999822, 6.000000000000000888, 15.00000000000000000 ) ) ;
#1676 = DIRECTION ( 'NONE',  ( 0.000000000000000000, 0.000000000000000000, -1.000000000000000000 ) ) ;
#1677 = ORIENTED_EDGE ( 'NONE', *, *, #1611, .F. ) ;
#1678 = DIRECTION ( 'NONE',  ( 1.000000000000000000, 0.000000000000000000, 0.000000000000000000 ) ) ;
#1679 = CARTESIAN_POINT ( 'NONE',  ( -34.25000000000000000, 4.900000000000000355, 13.40000000000000036 ) ) ;
#1680 = VERTEX_POINT ( 'NONE', #1645 ) ;
#1681 = EDGE_CURVE ( 'NONE', #1274, #375, #898, .T. ) ;
#1682 = DIRECTION ( 'NONE',  ( -0.000000000000000000, -0.000000000000000000, 1.000000000000000000 ) ) ;
#1683 = ORIENTED_EDGE ( 'NONE', *, *, #1576, .F. ) ;
#1684 = DIRECTION ( 'NONE',  ( 0.000000000000000000, -0.000000000000000000, -1.000000000000000000 ) ) ;
#1685 = FACE_BOUND ( 'NONE', #1580, .T. ) ;
#1686 = EDGE_CURVE ( 'NONE', #1016, #1274, #1178, .T. ) ;
#1687 = ORIENTED_EDGE ( 'NONE', *, *, #1200, .T. ) ;
#1688 = CARTESIAN_POINT ( 'NONE',  ( 3.000000000000002665, 2.500000000000000000, 15.00000000000000178 ) ) ;
#1689 = CARTESIAN_POINT ( 'NONE',  ( -50.00000000000000000, 6.000000000000000000, 17.00000000000000000 ) ) ;
#1690 = VECTOR ( 'NONE', #990, 1000.000000000000000 ) ;
#1691 = ORIENTED_EDGE ( 'NONE', *, *, #873, .F. ) ;
#1692 = CARTESIAN_POINT ( 'NONE',  ( 13.99999999999999822, 4.900000000000000355, 17.00000000000000000 ) ) ;
#1693 = EDGE_LOOP ( 'NONE', ( #779, #1578, #641, #150 ) ) ;
#1694 = CARTESIAN_POINT ( 'NONE',  ( 13.10198309798921201, 3.386012676508090902, 17.00000000000000000 ) ) ;
#1695 = DIRECTION ( 'NONE',  ( 1.000000000000000000, 0.000000000000000000, 0.000000000000000000 ) ) ;
#1696 = ADVANCED_FACE ( 'NONE', ( #10 ), #598, .F. ) ;
#1697 = ORIENTED_EDGE ( 'NONE', *, *, #942, .F. ) ;
#1698 = DIRECTION ( 'NONE',  ( -0.000000000000000000, 0.000000000000000000, 1.000000000000000000 ) ) ;
#1699 = DIRECTION ( 'NONE',  ( 0.000000000000000000, 0.000000000000000000, 1.000000000000000000 ) ) ;
#1700 = VECTOR ( 'NONE', #460, 1000.000000000000000 ) ;
#1701 = EDGE_LOOP ( 'NONE', ( #679, #220 ) ) ;
#1702 = DIRECTION ( 'NONE',  ( -1.000000000000000000, -0.000000000000000000, -0.000000000000000000 ) ) ;
#1703 = ORIENTED_EDGE ( 'NONE', *, *, #1055, .F. ) ;
#1704 = ADVANCED_FACE ( 'NONE', ( #316 ), #19, .F. ) ;
#1705 = DIRECTION ( 'NONE',  ( -1.000000000000000000, -0.000000000000000000, -0.000000000000000000 ) ) ;
#1706 = PLANE ( 'NONE',  #1061 ) ;
#1707 = EDGE_LOOP ( 'NONE', ( #1898, #1230, #705, #1226 ) ) ;
#1708 = DIRECTION ( 'NONE',  ( 1.000000000000000000, 0.000000000000000000, 0.000000000000000000 ) ) ;
#1709 = EDGE_CURVE ( 'NONE', #22, #876, #567, .T. ) ;
#1710 = CARTESIAN_POINT ( 'NONE',  ( -44.00000000000000000, 2.500000000000000000, 15.00000000000000178 ) ) ;
#1711 = LINE ( 'NONE', #1593, #1774 ) ;
#1712 = ORIENTED_EDGE ( 'NONE', *, *, #1352, .F. ) ;
#1713 = CARTESIAN_POINT ( 'NONE',  ( -15.75000000000000355, 4.900000000000000355, 17.00000000000000000 ) ) ;
#1714 = DIRECTION ( 'NONE',  ( -1.000000000000000000, 0.000000000000000000, 0.000000000000000000 ) ) ;
#1715 = EDGE_CURVE ( 'NONE', #758, #237, #56, .T. ) ;
#1716 = ORIENTED_EDGE ( 'NONE', *, *, #194, .F. ) ;
#1717 = DIRECTION ( 'NONE',  ( 0.000000000000000000, -0.000000000000000000, -1.000000000000000000 ) ) ;
#1718 = DIRECTION ( 'NONE',  ( 0.000000000000000000, 0.000000000000000000, 1.000000000000000000 ) ) ;
#1719 = PERSON_AND_ORGANIZATION_ROLE ( 'creator' ) ;
#1720 = VERTEX_POINT ( 'NONE', #929 ) ;
#1721 = CARTESIAN_POINT ( 'NONE',  ( -54.50000000000000000, 9.500000000000000000, 15.00000000000000178 ) ) ;
#1722 = ORIENTED_EDGE ( 'NONE', *, *, #1686, .T. ) ;
#1723 = DIRECTION ( 'NONE',  ( -0.000000000000000000, -0.000000000000000000, -1.000000000000000000 ) ) ;
#1724 = LINE ( 'NONE', #1113, #1875 ) ;
#1725 = VECTOR ( 'NONE', #500, 1000.000000000000000 ) ;
#1726 = APPROVAL_DATE_TIME ( #1143, #1767 ) ;
#1727 = ORIENTED_EDGE ( 'NONE', *, *, #606, .F. ) ;
#1728 = CARTESIAN_POINT ( 'NONE',  ( -13.99999999999999822, 4.900000000000000355, 13.40000000000000036 ) ) ;
#1729 = VERTEX_POINT ( 'NONE', #1518 ) ;
#1730 = FACE_OUTER_BOUND ( 'NONE', #1871, .T. ) ;
#1731 = VECTOR ( 'NONE', #1396, 1000.000000000000000 ) ;
#1732 = DIRECTION ( 'NONE',  ( 0.000000000000000000, 1.000000000000000000, 0.000000000000000000 ) ) ;
#1733 = DIRECTION ( 'NONE',  ( 0.000000000000000000, 1.000000000000000000, -0.000000000000000000 ) ) ;
#1734 = EDGE_CURVE ( 'NONE', #2, #1784, #645, .T. ) ;
#1735 = ORIENTED_EDGE ( 'NONE', *, *, #1086, .T. ) ;
#1736 = EDGE_CURVE ( 'NONE', #215, #1172, #1405, .T. ) ;
#1737 = DIRECTION ( 'NONE',  ( -0.000000000000000000, -1.000000000000000000, -0.000000000000000000 ) ) ;
#1738 = ORIENTED_EDGE ( 'NONE', *, *, #1896, .F. ) ;
#1739 = CARTESIAN_POINT ( 'NONE',  ( -53.50000000000000000, 0.000000000000000000, 16.00000000000000000 ) ) ;
#1740 = LINE ( 'NONE', #1000, #28 ) ;
#1741 = VECTOR ( 'NONE', #1394, 1000.000000000000000 ) ;
#1742 = EDGE_CURVE ( 'NONE', #1729, #1237, #285, .T. ) ;
#1743 = FACE_OUTER_BOUND ( 'NONE', #154, .T. ) ;
#1744 = ORIENTED_EDGE ( 'NONE', *, *, #1630, .T. ) ;
#1745 = ADVANCED_FACE ( 'NONE', ( #1106 ), #1526, .T. ) ;
#1746 = CARTESIAN_POINT ( 'NONE',  ( -34.25000000000000000, 4.900000000000000355, 17.00000000000000000 ) ) ;
#1747 = VERTEX_POINT ( 'NONE', #816 ) ;
#1748 = DIRECTION ( 'NONE',  ( -1.000000000000000000, 0.000000000000000000, -0.000000000000000000 ) ) ;
#1749 = EDGE_CURVE ( 'NONE', #1531, #1482, #1663, .T. ) ;
#1750 = DIRECTION ( 'NONE',  ( 0.000000000000000000, 1.000000000000000000, 0.000000000000000000 ) ) ;
#1751 = DIRECTION ( 'NONE',  ( 0.000000000000000000, 0.000000000000000000, -1.000000000000000000 ) ) ;
#1752 = ORIENTED_EDGE ( 'NONE', *, *, #1310, .F. ) ;
#1753 = VECTOR ( 'NONE', #310, 1000.000000000000000 ) ;
#1754 = CARTESIAN_POINT ( 'NONE',  ( 0.000000000000000000, 0.000000000000000000, 17.00000000000000000 ) ) ;
#1755 = VECTOR ( 'NONE', #473, 1000.000000000000000 ) ;
#1756 = EDGE_CURVE ( 'NONE', #363, #1527, #1803, .T. ) ;
#1757 = CARTESIAN_POINT ( 'NONE',  ( -50.00000000000000000, 7.022364077828812334, 15.00000000000000000 ) ) ;
#1758 = CARTESIAN_POINT ( 'NONE',  ( -35.10000000000000853, 4.900000000000000355, 12.50000000000000000 ) ) ;
#1759 = AXIS2_PLACEMENT_3D ( 'NONE', #1243, #1847, #512 ) ;
#1760 = CARTESIAN_POINT ( 'NONE',  ( 0.000000000000000000, 6.000000000000000000, 15.00000000000000178 ) ) ;
#1761 = CARTESIAN_POINT ( 'NONE',  ( 0.000000000000000000, 0.000000000000000000, 17.00000000000000000 ) ) ;
#1762 = ORIENTED_EDGE ( 'NONE', *, *, #170, .T. ) ;
#1763 = EDGE_CURVE ( 'NONE', #375, #825, #594, .T. ) ;
#1764 = DIRECTION ( 'NONE',  ( -0.000000000000000000, -0.000000000000000000, -1.000000000000000000 ) ) ;
#1765 = ADVANCED_BREP_SHAPE_REPRESENTATION ( 'Lower Display Mount REF2009', ( #1419, #913 ), #977 ) ;
#1766 = VERTEX_POINT ( 'NONE', #87 ) ;
#1767 = APPROVAL ( #840, 'Deckungsgleich' ) ;
#1768 = DIRECTION ( 'NONE',  ( -1.000000000000000000, 0.000000000000000000, 0.000000000000000000 ) ) ;
#1769 = AXIS2_PLACEMENT_3D ( 'NONE', #956, #1678, #837 ) ;
#1770 = ORIENTED_EDGE ( 'NONE', *, *, #1173, .F. ) ;
#1771 = EDGE_CURVE ( 'NONE', #1308, #1159, #242, .T. ) ;
#1772 = DIRECTION ( 'NONE',  ( -1.000000000000000000, 0.000000000000000000, 0.000000000000000000 ) ) ;
#1773 = CARTESIAN_POINT ( 'NONE',  ( 12.24999999999999822, 4.900000000000000355, 17.00000000000000000 ) ) ;
#1774 = VECTOR ( 'NONE', #1733, 1000.000000000000000 ) ;
#1775 = ORIENTED_EDGE ( 'NONE', *, *, #725, .F. ) ;
#1776 = CARTESIAN_POINT ( 'NONE',  ( -50.00000000000000000, 3.500000000000000000, 16.00000000000000000 ) ) ;
#1777 = AXIS2_PLACEMENT_3D ( 'NONE', #1440, #1008, #445 ) ;
#1778 = DIRECTION ( 'NONE',  ( 0.000000000000000000, 0.000000000000000000, -1.000000000000000000 ) ) ;
#1779 = DIRECTION ( 'NONE',  ( -1.000000000000000000, 0.000000000000000000, 0.000000000000000000 ) ) ;
#1780 = ORIENTED_EDGE ( 'NONE', *, *, #209, .F. ) ;
#1781 = FACE_OUTER_BOUND ( 'NONE', #503, .T. ) ;
#1782 = FACE_OUTER_BOUND ( 'NONE', #26, .T. ) ;
#1783 = COORDINATED_UNIVERSAL_TIME_OFFSET ( 1, 0, .AHEAD. ) ;
#1784 = VERTEX_POINT ( 'NONE', #1250 ) ;
#1785 = CARTESIAN_POINT ( 'NONE',  ( 15.75000000000000000, 4.900000000000000355, 13.40000000000000036 ) ) ;
#1786 = EDGE_CURVE ( 'NONE', #1245, #1159, #314, .T. ) ;
#1787 = CARTESIAN_POINT ( 'NONE',  ( 1.825936341539929187E-17, 3.700000000000000178, 17.00000000000000000 ) ) ;
#1788 = DIRECTION ( 'NONE',  ( 0.000000000000000000, -0.000000000000000000, -1.000000000000000000 ) ) ;
#1789 = ORIENTED_EDGE ( 'NONE', *, *, #1058, .T. ) ;
#1790 = CARTESIAN_POINT ( 'NONE',  ( 3.000000000000002665, 6.000000000000000000, 17.00000000000000000 ) ) ;
#1791 = VECTOR ( 'NONE', #149, 1000.000000000000000 ) ;
#1792 = CARTESIAN_POINT ( 'NONE',  ( -53.50000000000000000, 5.000000000000000000, 15.00000000000000178 ) ) ;
#1793 = DATE_AND_TIME ( #896, #1227 ) ;
#1794 = ORIENTED_EDGE ( 'NONE', *, *, #613, .T. ) ;
#1795 = CARTESIAN_POINT ( 'NONE',  ( -12.25000000000000000, 4.900000000000000355, 13.40000000000000036 ) ) ;
#1796 = EDGE_CURVE ( 'NONE', #1274, #1016, #1873, .T. ) ;
#1797 = CYLINDRICAL_SURFACE ( 'NONE', #78, 3.000000000000000000 ) ;
#1798 = DIRECTION ( 'NONE',  ( 1.000000000000000000, 0.000000000000000000, 0.000000000000000000 ) ) ;
#1799 = ORIENTED_EDGE ( 'NONE', *, *, #1236, .T. ) ;
#1800 = CARTESIAN_POINT ( 'NONE',  ( -54.50000000000000000, 2.500000000000000000, 12.50000000000000000 ) ) ;
#1801 = DIRECTION ( 'NONE',  ( -1.000000000000000000, 0.000000000000000000, 0.000000000000000000 ) ) ;
#1802 = ORIENTED_EDGE ( 'NONE', *, *, #559, .T. ) ;
#1803 = LINE ( 'NONE', #684, #928 ) ;
#1804 = CIRCLE ( 'NONE', #246, 1.749999999999999778 ) ;
#1805 = ADVANCED_FACE ( 'NONE', ( #385 ), #970, .T. ) ;
#1806 = CARTESIAN_POINT ( 'NONE',  ( -44.00000000000000000, 3.700000000000000622, 17.00000000000000000 ) ) ;
#1807 = CARTESIAN_POINT ( 'NONE',  ( -47.00000000000000000, 3.700000000000000178, 12.50000000000000000 ) ) ;
#1808 = ORIENTED_EDGE ( 'NONE', *, *, #1261, .T. ) ;
#1809 = FACE_OUTER_BOUND ( 'NONE', #307, .T. ) ;
#1810 = FACE_OUTER_BOUND ( 'NONE', #300, .T. ) ;
#1811 = VERTEX_POINT ( 'NONE', #824 ) ;
#1812 = DIRECTION ( 'NONE',  ( 0.000000000000000000, 0.000000000000000000, -1.000000000000000000 ) ) ;
#1813 = EDGE_LOOP ( 'NONE', ( #1541, #771, #785, #521 ) ) ;
#1814 = CARTESIAN_POINT ( 'NONE',  ( -53.50000000000000000, 3.500000000000000000, 16.00000000000000000 ) ) ;
#1815 = CARTESIAN_POINT ( 'NONE',  ( -54.50000000000000000, 6.000000000000000000, 17.00000000000000000 ) ) ;
#1816 = EDGE_LOOP ( 'NONE', ( #1497, #906, #1338, #765 ) ) ;
#1817 = CARTESIAN_POINT ( 'NONE',  ( 1.825936341539929187E-17, 3.700000000000000178, 12.50000000000000000 ) ) ;
#1818 = PLANE ( 'NONE',  #1276 ) ;
#1819 = ORIENTED_EDGE ( 'NONE', *, *, #270, .T. ) ;
#1820 = VECTOR ( 'NONE', #1836, 1000.000000000000000 ) ;
#1821 = LINE ( 'NONE', #1374, #1072 ) ;
#1822 = ORIENTED_EDGE ( 'NONE', *, *, #716, .T. ) ;
#1823 = EDGE_CURVE ( 'NONE', #464, #870, #1804, .T. ) ;
#1824 = CARTESIAN_POINT ( 'NONE',  ( 15.75000000000000000, 4.900000000000000355, 17.00000000000000000 ) ) ;
#1825 = LINE ( 'NONE', #648, #236 ) ;
#1826 = EDGE_CURVE ( 'NONE', #1107, #189, #1821, .T. ) ;
#1827 = AXIS2_PLACEMENT_3D ( 'NONE', #1627, #1203, #1060 ) ;
#1828 = ORIENTED_EDGE ( 'NONE', *, *, #716, .F. ) ;
#1829 = PLANE ( 'NONE',  #1283 ) ;
#1830 = EDGE_CURVE ( 'NONE', #743, #1387, #1036, .T. ) ;
#1831 = CARTESIAN_POINT ( 'NONE',  ( -12.24999999999999289, 6.000000000000000000, 17.00000000000000000 ) ) ;
#1832 = EDGE_LOOP ( 'NONE', ( #1454, #1254, #1218, #878 ) ) ;
#1833 = DIRECTION ( 'NONE',  ( 0.000000000000000000, 0.000000000000000000, -1.000000000000000000 ) ) ;
#1834 = VERTEX_POINT ( 'NONE', #950 ) ;
#1835 = EDGE_CURVE ( 'NONE', #922, #1499, #1655, .T. ) ;
#1836 = DIRECTION ( 'NONE',  ( 0.000000000000000000, 0.000000000000000000, -1.000000000000000000 ) ) ;
#1837 = CARTESIAN_POINT ( 'NONE',  ( 0.000000000000000000, 0.000000000000000000, 17.00000000000000000 ) ) ;
#1838 = AXIS2_PLACEMENT_3D ( 'NONE', #1536, #520, #374 ) ;
#1839 = ORIENTED_EDGE ( 'NONE', *, *, #1742, .T. ) ;
#1840 = PLANE ( 'NONE',  #317 ) ;
#1841 = CARTESIAN_POINT ( 'NONE',  ( 16.50000000000000711, 3.499999999999999556, 15.00000000000000178 ) ) ;
#1842 = EDGE_CURVE ( 'NONE', #1680, #1811, #219, .T. ) ;
#1843 = ORIENTED_EDGE ( 'NONE', *, *, #488, .T. ) ;
#1844 = DIRECTION ( 'NONE',  ( 1.000000000000000000, 0.000000000000000000, 0.000000000000000000 ) ) ;
#1845 = AXIS2_PLACEMENT_3D ( 'NONE', #1216, #330, #319 ) ;
#1846 = VERTEX_POINT ( 'NONE', #1127 ) ;
#1847 = DIRECTION ( 'NONE',  ( 0.000000000000000000, -0.000000000000000000, -1.000000000000000000 ) ) ;
#1848 = DIRECTION ( 'NONE',  ( -1.000000000000000000, 0.000000000000000000, 0.000000000000000000 ) ) ;
#1849 = EDGE_CURVE ( 'NONE', #582, #1747, #1568, .T. ) ;
#1850 = EDGE_LOOP ( 'NONE', ( #31, #982, #1545, #821 ) ) ;
#1851 = DIRECTION ( 'NONE',  ( -1.000000000000000000, 0.000000000000000000, -0.000000000000000000 ) ) ;
#1852 = FACE_OUTER_BOUND ( 'NONE', #157, .T. ) ;
#1853 = VECTOR ( 'NONE', #1138, 1000.000000000000000 ) ;
#1854 = VECTOR ( 'NONE', #1459, 1000.000000000000000 ) ;
#1855 = EDGE_CURVE ( 'NONE', #360, #141, #1711, .T. ) ;
#1856 = DIRECTION ( 'NONE',  ( 0.000000000000000000, 0.000000000000000000, -1.000000000000000000 ) ) ;
#1857 = ORIENTED_EDGE ( 'NONE', *, *, #1842, .T. ) ;
#1858 = CIRCLE ( 'NONE', #384, 0.8999999999999980238 ) ;
#1859 = VECTOR ( 'NONE', #1705, 1000.000000000000000 ) ;
#1860 = DIRECTION ( 'NONE',  ( 1.000000000000000000, 0.000000000000000000, 0.000000000000000000 ) ) ;
#1861 = CARTESIAN_POINT ( 'NONE',  ( 12.24999999999999822, 4.900000000000000355, 15.00000000000000000 ) ) ;
#1862 = ORIENTED_EDGE ( 'NONE', *, *, #1296, .F. ) ;
#1863 = CARTESIAN_POINT ( 'NONE',  ( 15.75000000000000000, 4.900000000000000355, 13.40000000000000036 ) ) ;
#1864 = CIRCLE ( 'NONE', #1217, 1.000000000000000888 ) ;
#1865 = LINE ( 'NONE', #1689, #882 ) ;
#1866 = APPLICATION_PROTOCOL_DEFINITION ( 'international standard', 'config_control_design', 1994, #383 ) ;
#1867 = ORIENTED_EDGE ( 'NONE', *, *, #537, .F. ) ;
#1868 = AXIS2_PLACEMENT_3D ( 'NONE', #1275, #84, #1698 ) ;
#1869 = CARTESIAN_POINT ( 'NONE',  ( 16.50000000000000711, 2.500000000000000000, 16.00000000000000000 ) ) ;
#1870 = LINE ( 'NONE', #1721, #1359 ) ;
#1871 = EDGE_LOOP ( 'NONE', ( #675, #1744, #386, #1333 ) ) ;
#1872 = DIRECTION ( 'NONE',  ( -2.877046891623748835E-16, 1.000000000000000000, 0.000000000000000000 ) ) ;
#1873 = CIRCLE ( 'NONE', #335, 0.8999999999999980238 ) ;
#1874 = DIRECTION ( 'NONE',  ( 1.000000000000000000, 0.000000000000000000, 0.000000000000000000 ) ) ;
#1875 = VECTOR ( 'NONE', #946, 1000.000000000000000 ) ;
#1876 = CALENDAR_DATE ( 2026, 4, 4 ) ;
#1877 = ORIENTED_EDGE ( 'NONE', *, *, #1110, .F. ) ;
#1878 = DIRECTION ( 'NONE',  ( 0.000000000000000000, 0.000000000000000000, -1.000000000000000000 ) ) ;
#1879 = EDGE_LOOP ( 'NONE', ( #1186, #262, #106, #1687 ) ) ;
#1880 = FACE_OUTER_BOUND ( 'NONE', #110, .T. ) ;
#1881 = EDGE_CURVE ( 'NONE', #1472, #654, #1002, .T. ) ;
#1882 = CARTESIAN_POINT ( 'NONE',  ( -14.89999999999999858, 4.900000000000000355, 13.40000000000000036 ) ) ;
#1883 = VECTOR ( 'NONE', #1151, 1000.000000000000000 ) ;
#1884 = AXIS2_PLACEMENT_3D ( 'NONE', #1166, #1311, #1571 ) ;
#1885 = ORIENTED_EDGE ( 'NONE', *, *, #186, .F. ) ;
#1886 = AXIS2_PLACEMENT_3D ( 'NONE', #256, #1255, #74 ) ;
#1887 = LINE ( 'NONE', #1291, #104 ) ;
#1888 = ORIENTED_EDGE ( 'NONE', *, *, #1494, .T. ) ;
#1889 = DIRECTION ( 'NONE',  ( 1.000000000000000000, 0.000000000000000000, 0.000000000000000000 ) ) ;
#1890 = AXIS2_PLACEMENT_3D ( 'NONE', #1272, #595, #1860 ) ;
#1891 = CC_DESIGN_PERSON_AND_ORGANIZATION_ASSIGNMENT ( #6, #742, ( #364 ) ) ;
#1892 = FACE_OUTER_BOUND ( 'NONE', #298, .T. ) ;
#1893 = AXIS2_PLACEMENT_3D ( 'NONE', #1815, #1520, #1540 ) ;
#1894 = EDGE_CURVE ( 'NONE', #1671, #363, #274, .T. ) ;
#1895 = VERTEX_POINT ( 'NONE', #268 ) ;
#1896 = EDGE_CURVE ( 'NONE', #280, #440, #1011, .T. ) ;
#1897 = CARTESIAN_POINT ( 'NONE',  ( -37.75000000000000711, 6.000000000000000000, 17.00000000000000000 ) ) ;
#1898 = ORIENTED_EDGE ( 'NONE', *, *, #1458, .F. ) ;
#1899 = LINE ( 'NONE', #566, #1883 ) ;
#1900 = DIRECTION ( 'NONE',  ( 0.000000000000000000, -0.000000000000000000, 1.000000000000000000 ) ) ;
#1901 = AXIS2_PLACEMENT_3D ( 'NONE', #653, #1241, #1546 ) ;
#1902 = CARTESIAN_POINT ( 'NONE',  ( 13.99999999999999822, 4.900000000000000355, 13.40000000000000036 ) ) ;
#1903 = EDGE_CURVE ( 'NONE', #1189, #1107, #42, .T. ) ;
#1904 = PERSON_AND_ORGANIZATION_ROLE ( 'classification_officer' ) ;
#1905 = ORIENTED_EDGE ( 'NONE', *, *, #1826, .T. ) ;
ENDSEC;
END-ISO-10303-21;
