ISO-10303-21;
HEADER;
FILE_DESCRIPTION (( 'STEP AP203' ),
    '1' );
FILE_NAME ('R1-L1 Bar REF2010.STEP',
    '2026-04-04T17:36:11',
    ( '' ),
    ( '' ),
    'SwSTEP 2.0',
    'SolidWorks 2026',
    '' );
FILE_SCHEMA (( 'CONFIG_CONTROL_DESIGN' ));
ENDSEC;

DATA;
#1 = ORIENTED_EDGE ( 'NONE', *, *, #2678, .F. ) ;
#2 = CARTESIAN_POINT ( 'NONE',  ( -59.64709378341554924, 89.40953893117898588, 4.054111698173488598 ) ) ;
#3 = FACE_OUTER_BOUND ( 'NONE', #522, .T. ) ;
#4 = CARTESIAN_POINT ( 'NONE',  ( 38.01000000008891533, 83.09999999994768416, 14.70000000000002061 ) ) ;
#5 = VERTEX_POINT ( 'NONE', #266 ) ;
#6 = DIRECTION ( 'NONE',  ( 0.000000000000000000, 0.000000000000000000, -1.000000000000000000 ) ) ;
#7 = CARTESIAN_POINT ( 'NONE',  ( -47.57910151215834560, 90.00000000000007105, 11.41394802934303065 ) ) ;
#8 = CARTESIAN_POINT ( 'NONE',  ( -72.97804097904422349, 85.29558725038135947, 13.36566270672667933 ) ) ;
#9 = DIRECTION ( 'NONE',  ( 0.000000000000000000, 1.000000000000000000, 0.000000000000000000 ) ) ;
#10 = ORIENTED_EDGE ( 'NONE', *, *, #6130, .F. ) ;
#11 = DIRECTION ( 'NONE',  ( 4.163336342345625335E-16, -0.000000000000000000, 1.000000000000000000 ) ) ;
#12 = CARTESIAN_POINT ( 'NONE',  ( -79.29433385329622297, 83.44193213060037806, 8.481808474455860392 ) ) ;
#13 = CARTESIAN_POINT ( 'NONE',  ( 59.29197421191823025, 89.87938524157179643, 4.551864250192084072 ) ) ;
#14 = CARTESIAN_POINT ( 'NONE',  ( -59.47643782842565940, 89.34485357832082286, 2.223603349172555976 ) ) ;
#15 = DIRECTION ( 'NONE',  ( -0.000000000000000000, -0.000000000000000000, -1.000000000000000000 ) ) ;
#16 = EDGE_CURVE ( 'NONE', #2445, #2344, #3217, .T. ) ;
#17 = CARTESIAN_POINT ( 'NONE',  ( -46.06999999992407879, 89.99999999999998579, 10.67000000000002480 ) ) ;
#18 = EDGE_LOOP ( 'NONE', ( #6908, #4177, #4224, #5923 ) ) ;
#19 = CARTESIAN_POINT ( 'NONE',  ( 58.05692086117108630, 89.34485357832073760, 3.719798729631861534 ) ) ;
#20 = FACE_OUTER_BOUND ( 'NONE', #1763, .T. ) ;
#21 = CARTESIAN_POINT ( 'NONE',  ( 9.804986980587120371, 73.31761717137223400, 36.88536684330890125 ) ) ;
#22 = CARTESIAN_POINT ( 'NONE',  ( -50.49999999999998579, 85.99999999999998579, 17.00403242752945232 ) ) ;
#23 = CARTESIAN_POINT ( 'NONE',  ( 32.33164822575451325, 85.99999999999995737, 8.400038295003122713 ) ) ;
#24 = CIRCLE ( 'NONE', #1318, 1.750000000000001554 ) ;
#25 = ORIENTED_EDGE ( 'NONE', *, *, #3942, .F. ) ;
#26 = CARTESIAN_POINT ( 'NONE',  ( -59.99607422959368819, 89.99999999999997158, 4.803569652502823750 ) ) ;
#27 = EDGE_LOOP ( 'NONE', ( #7389, #4044, #8218, #8158 ) ) ;
#28 = PERSON_AND_ORGANIZATION_ROLE ( 'classification_officer' ) ;
#29 = CARTESIAN_POINT ( 'NONE',  ( -53.99999999999998579, 80.50000000000000000, 12.50000000000000000 ) ) ;
#30 = DIRECTION ( 'NONE',  ( -1.000000000000000000, 0.000000000000000000, 0.000000000000000000 ) ) ;
#31 = ORIENTED_EDGE ( 'NONE', *, *, #2866, .T. ) ;
#32 = CARTESIAN_POINT ( 'NONE',  ( -34.87724626139041106, 85.99999999999997158, 8.358637215888938599 ) ) ;
#33 = CARTESIAN_POINT ( 'NONE',  ( -39.29617691101385191, 89.50000000000004263, 11.56392359714285867 ) ) ;
#34 = CARTESIAN_POINT ( 'NONE',  ( -60.07389438831361161, 89.99999999999998579, 4.209152889579802270 ) ) ;
#35 = EDGE_CURVE ( 'NONE', #2094, #6289, #2903, .T. ) ;
#36 = DIRECTION ( 'NONE',  ( -0.000000000000000000, -0.000000000000000000, 1.000000000000000000 ) ) ;
#37 = ORIENTED_EDGE ( 'NONE', *, *, #2749, .F. ) ;
#38 = CARTESIAN_POINT ( 'NONE',  ( -57.08861775280471562, 87.50000000000001421, 4.587324336446319428 ) ) ;
#39 = ORIENTED_EDGE ( 'NONE', *, *, #2867, .T. ) ;
#40 = EDGE_CURVE ( 'NONE', #2562, #3210, #6983, .T. ) ;
#41 = CARTESIAN_POINT ( 'NONE',  ( -53.30464084954774506, 89.34485357832078023, 6.355847872580675073 ) ) ;
#42 = CIRCLE ( 'NONE', #3649, 2.199999999999998845 ) ;
#43 = ORIENTED_EDGE ( 'NONE', *, *, #1990, .F. ) ;
#44 = CARTESIAN_POINT ( 'NONE',  ( -51.53498746194967595, 84.57389925339897729, 17.00403242752945232 ) ) ;
#45 =( BOUNDED_SURFACE ( )  B_SPLINE_SURFACE ( 3, 2, ( 
 ( #8610, #2443, #3841 ),
 ( #3166, #6494, #5062 ),
 ( #2486, #5192, #4434 ),
 ( #1100, #6586, #5919 ),
 ( #5235, #5737, #6456 ),
 ( #7895, #1638, #968 ),
 ( #7125, #293, #2355 ),
 ( #5106, #7169, #8742 ),
 ( #1862, #8873, #8700 ),
 ( #6803, #3254, #7387 ),
 ( #6720, #644, #7440 ),
 ( #470, #3208, #1272 ),
 ( #4016, #5411, #8157 ),
 ( #5962, #1943, #6134 ),
 ( #6085, #5282, #2529 ),
 ( #8026, #563, #6007 ) ),
 .UNSPECIFIED., .F., .F., .F. ) 
 B_SPLINE_SURFACE_WITH_KNOTS ( ( 4, 2, 2, 2, 2, 2, 2, 4 ),
 ( 3, 3 ),
 ( 0.09804457278071773696, 0.1310445727910979907, 0.1475445727962881037, 0.1557945727988831464, 0.1599195728001806815, 0.1619820728008294353, 0.1630133228011538260, 0.1640445728014782167 ),
 ( 0.000000000000000000, 1.000000000000000000 ),
 .UNSPECIFIED. ) 
 GEOMETRIC_REPRESENTATION_ITEM ( )  RATIONAL_B_SPLINE_SURFACE ( (
 ( 1.000000000000000000, 0.7071067811865573427, 1.000000000000000000),
 ( 1.000000000000000000, 0.7071067811865573427, 1.000000000000000000),
 ( 1.000000000000000000, 0.7071067811865450192, 1.000000000000000000),
 ( 1.000000000000000000, 0.7071067811865450192, 1.000000000000000000),
 ( 1.000000000000000000, 0.7071067811865475727, 1.000000000000000000),
 ( 1.000000000000000000, 0.7071067811865475727, 1.000000000000000000),
 ( 1.000000000000000000, 0.7071067811865475727, 1.000000000000000000),
 ( 1.000000000000000000, 0.7071067811865475727, 1.000000000000000000),
 ( 1.000000000000000000, 0.7071067811865547892, 1.000000000000000000),
 ( 1.000000000000000000, 0.7071067811865547892, 1.000000000000000000),
 ( 1.000000000000000000, 0.7071067811865597852, 1.000000000000000000),
 ( 1.000000000000000000, 0.7071067811865597852, 1.000000000000000000),
 ( 1.000000000000000000, 0.7071067811865547892, 1.000000000000000000),
 ( 1.000000000000000000, 0.7071067811865547892, 1.000000000000000000),
 ( 1.000000000000000000, 0.7073120657075789852, 1.000000000000000000),
 ( 1.000000000000000000, 0.7068466428895359144, 1.000000000000000000) ) ) 
 REPRESENTATION_ITEM ( '' )  SURFACE ( )  );
#46 = CARTESIAN_POINT ( 'NONE',  ( -57.77847274142392564, 89.34485360482068472, 3.994102598782102387 ) ) ;
#47 = CARTESIAN_POINT ( 'NONE',  ( -17.15181817502118022, 86.00000000000000000, 8.399999999999998579 ) ) ;
#48 = AXIS2_PLACEMENT_3D ( 'NONE', #2493, #3760, #3132 ) ;
#49 = CARTESIAN_POINT ( 'NONE',  ( -69.75504353565573012, 85.83390002241495154, 17.00000000000000000 ) ) ;
#50 = CARTESIAN_POINT ( 'NONE',  ( -47.95792119439701651, 90.00000000000000000, 12.35381693585393315 ) ) ;
#51 = CARTESIAN_POINT ( 'NONE',  ( -70.84119410412978368, 85.59629930765264305, 12.29970873050081970 ) ) ;
#52 = CARTESIAN_POINT ( 'NONE',  ( -38.62122637502414335, 89.99999999999994316, 11.61752221282089437 ) ) ;
#53 = VECTOR ( 'NONE', #3136, 1000.000000000000114 ) ;
#54 = ORIENTED_EDGE ( 'NONE', *, *, #2950, .T. ) ;
#55 = CARTESIAN_POINT ( 'NONE',  ( 91.18958458676695500, 77.57797352701723526, 11.16251900367147698 ) ) ;
#56 = CARTESIAN_POINT ( 'NONE',  ( 14.21701480739244161, 90.00000000000018474, -14.99999999999999822 ) ) ;
#57 = VECTOR ( 'NONE', #3061, 1000.000000000000000 ) ;
#58 = EDGE_CURVE ( 'NONE', #1851, #7590, #1063, .T. ) ;
#59 = CARTESIAN_POINT ( 'NONE',  ( 46.56253214837637699, 89.87938517894488655, 9.198419264849507115 ) ) ;
#60 = DIRECTION ( 'NONE',  ( -0.3746065934159061861, 0.9271838545667898668, -4.997964945189721404E-17 ) ) ;
#61 = CARTESIAN_POINT ( 'NONE',  ( -57.64068037920910115, 89.34485357832089392, 4.120182197445799055 ) ) ;
#62 = DIRECTION ( 'NONE',  ( 1.000000000000000000, 0.000000000000000000, 0.000000000000000000 ) ) ;
#63 = LINE ( 'NONE', #5602, #2536 ) ;
#64 = ORIENTED_EDGE ( 'NONE', *, *, #2566, .F. ) ;
#65 = CARTESIAN_POINT ( 'NONE',  ( 58.96124655318264729, 89.34485357832087971, 2.766651497920459946 ) ) ;
#66 = DIRECTION ( 'NONE',  ( -0.000000000000000000, -0.000000000000000000, 1.000000000000000000 ) ) ;
#67 = DIRECTION ( 'NONE',  ( -1.000000000000000000, 0.000000000000000000, 0.000000000000000000 ) ) ;
#69 = EDGE_CURVE ( 'NONE', #4453, #3309, #7816, .T. ) ;
#68 = CARTESIAN_POINT ( 'NONE',  ( 93.22786236320204978, 76.00742725353607909, 11.99716257188146074 ) ) ;
#70 = DIRECTION ( 'NONE',  ( -1.000000000000000000, 0.000000000000000000, 0.000000000000000000 ) ) ;
#71 = ORIENTED_EDGE ( 'NONE', *, *, #2208, .T. ) ;
#72 = DIRECTION ( 'NONE',  ( 0.7880107536067187946, 0.6156614753256623995, 1.794869385978384494E-17 ) ) ;
#73 = ORIENTED_EDGE ( 'NONE', *, *, #133, .T. ) ;
#74 = EDGE_CURVE ( 'NONE', #2345, #571, #1195, .T. ) ;
#75 = CARTESIAN_POINT ( 'NONE',  ( -48.24623271635648791, 85.99999999999998579, 12.21828464515133561 ) ) ;
#76 = LINE ( 'NONE', #800, #1779 ) ;
#77 = ORIENTED_EDGE ( 'NONE', *, *, #5817, .T. ) ;
#78 = VECTOR ( 'NONE', #8487, 1000.000000000000000 ) ;
#79 = CARTESIAN_POINT ( 'NONE',  ( -31.86353280967497170, 85.99999999999998579, 8.390625396772158240 ) ) ;
#80 = B_SPLINE_CURVE_WITH_KNOTS ( 'NONE', 3,
 ( #1274, #2798, #4019, #5550, #4105, #4874, #2887, #6316, #154, #4243, #7796, #5595, #2263, #6984, #287, #244, #1631, #5639, #828, #5731, #2933, #5685, #3617, #4427, #872, #7119, #4385, #959, #3575, #3662 ),
 .UNSPECIFIED., .F., .F.,
 ( 4, 2, 2, 2, 2, 2, 2, 2, 2, 2, 2, 2, 2, 2, 4 ),
 ( 3.469446951953614189E-18, 0.0004084780396029442841, 0.0008169560792058850988, 0.001225434118808826130, 0.001633912158411766728, 0.002450868237617642720, 0.002859346277220562067, 0.003267824316823480981, 0.003676302356426399895, 0.004084780396029318375, 0.004901736475235199571, 0.005310214514838152745, 0.005718692554441105053, 0.006127170594044057360, 0.006535648633647008800 ),
 .UNSPECIFIED. ) ;
#81 = VECTOR ( 'NONE', #8657, 1000.000000000000000 ) ;
#82 = CARTESIAN_POINT ( 'NONE',  ( -39.11198341151513347, 89.99999999999995737, 14.07759626820842414 ) ) ;
#83 = CARTESIAN_POINT ( 'NONE',  ( -59.52650365836795743, 89.99999999999998579, 4.786141547624434445 ) ) ;
#84 = FACE_OUTER_BOUND ( 'NONE', #6302, .T. ) ;
#85 = ORIENTED_EDGE ( 'NONE', *, *, #4007, .T. ) ;
#86 = CARTESIAN_POINT ( 'NONE',  ( -24.99999999999999289, 88.19999999999998863, -0.5062160878754172755 ) ) ;
#87 = VERTEX_POINT ( 'NONE', #5927 ) ;
#88 = ADVANCED_FACE ( 'NONE', ( #8663 ), #570, .T. ) ;
#89 = CYLINDRICAL_SURFACE ( 'NONE', #1497, 1.000000000000000888 ) ;
#90 = VERTEX_POINT ( 'NONE', #1909 ) ;
#91 = CARTESIAN_POINT ( 'NONE',  ( 1.350000000000010969, 89.34485357832085128, 8.400000000000000355 ) ) ;
#92 = CARTESIAN_POINT ( 'NONE',  ( -30.00000000000000000, 86.59999999999999432, 9.500000000000000000 ) ) ;
#93 = CARTESIAN_POINT ( 'NONE',  ( -92.37649211519209302, 80.75123992610802759, 14.92095970434937335 ) ) ;
#94 = ORIENTED_EDGE ( 'NONE', *, *, #4448, .T. ) ;
#95 = EDGE_CURVE ( 'NONE', #7927, #4947, #7092, .T. ) ;
#96 = VECTOR ( 'NONE', #2096, 1000.000000000000000 ) ;
#97 = CIRCLE ( 'NONE', #5132, 0.5000000000000004441 ) ;
#98 = CARTESIAN_POINT ( 'NONE',  ( -47.59082891718213659, 89.99999999999998579, 11.40409296985524179 ) ) ;
#99 = ADVANCED_FACE ( 'NONE', ( #3808 ), #6554, .F. ) ;
#100 = CARTESIAN_POINT ( 'NONE',  ( -47.45814615252105995, 89.99999999999992895, 11.27230225205199687 ) ) ;
#101 = B_SPLINE_CURVE_WITH_KNOTS ( 'NONE', 3,
 ( #2061, #8187, #38, #4178, #5398, #2737, #763, #8276, #6253, #2782, #6921, #2649 ),
 .UNSPECIFIED., .F., .F.,
 ( 4, 2, 2, 2, 2, 4 ),
 ( 0.000000000000000000, 0.06250000000000049960, 0.09375000000000074940, 0.1250000000000009992, 0.1875000000000008882, 0.2148082156711999535 ),
 .UNSPECIFIED. ) ;
#102 = CARTESIAN_POINT ( 'NONE',  ( -70.56622364092908128, 85.60254845172691773, 11.22215175600951831 ) ) ;
#103 = CARTESIAN_POINT ( 'NONE',  ( -15.10279571350761429, 69.34729334594524630, 12.50000000000000000 ) ) ;
#104 = CIRCLE ( 'NONE', #6001, 0.5000000000000004441 ) ;
#105 = EDGE_LOOP ( 'NONE', ( #4006, #620, #4130, #683, #8277 ) ) ;
#106 = CARTESIAN_POINT ( 'NONE',  ( 0.000000000000000000, 82.50000000000000000, 15.00000000000000178 ) ) ;
#107 = FACE_OUTER_BOUND ( 'NONE', #3696, .T. ) ;
#108 = B_SPLINE_CURVE_WITH_KNOTS ( 'NONE', 3,
 ( #3831, #8774, #3202, #1222, #1812, #1178, #6580, #421, #8057, #3962 ),
 .UNSPECIFIED., .F., .F.,
 ( 4, 2, 2, 2, 4 ),
 ( 0.009018172783601242568, 0.01195269462413707864, 0.01488721646467291299, 0.02075626014574458167, 0.03249434750788790516 ),
 .UNSPECIFIED. ) ;
#109 = AXIS2_PLACEMENT_3D ( 'NONE', #1717, #454, #7194 ) ;
#110 = CARTESIAN_POINT ( 'NONE',  ( -60.71081442275158224, 86.00000000000000000, 17.00000000000000000 ) ) ;
#111 = FACE_OUTER_BOUND ( 'NONE', #183, .T. ) ;
#112 = CARTESIAN_POINT ( 'NONE',  ( -56.10552595010847909, 89.34485357832086549, 5.180783711632868993 ) ) ;
#113 = DIRECTION ( 'NONE',  ( -0.000000000000000000, -0.000000000000000000, -1.000000000000000000 ) ) ;
#114 = AXIS2_PLACEMENT_3D ( 'NONE', #629, #8902, #2780 ) ;
#115 = CARTESIAN_POINT ( 'NONE',  ( 92.28006199117881181, 80.62940049957745714, 15.64951592159220795 ) ) ;
#116 = ORIENTED_EDGE ( 'NONE', *, *, #4867, .F. ) ;
#117 = CARTESIAN_POINT ( 'NONE',  ( 56.98507906119042588, 89.34485357832080865, 4.632394627875883408 ) ) ;
#118 = FACE_OUTER_BOUND ( 'NONE', #1425, .T. ) ;
#119 = DIRECTION ( 'NONE',  ( 0.000000000000000000, -1.000000000000000000, 0.000000000000000000 ) ) ;
#120 = CARTESIAN_POINT ( 'NONE',  ( -90.87604797104572185, 81.95845578176006541, 16.95764423394149389 ) ) ;
#121 = CARTESIAN_POINT ( 'NONE',  ( 91.62754580886613098, 81.36669976700150642, 16.09575863100329940 ) ) ;
#122 = EDGE_CURVE ( 'NONE', #5444, #724, #8245, .T. ) ;
#123 = ORIENTED_EDGE ( 'NONE', *, *, #1083, .F. ) ;
#124 = CC_DESIGN_PERSON_AND_ORGANIZATION_ASSIGNMENT ( #5939, #3230, ( #6269 ) ) ;
#125 = CARTESIAN_POINT ( 'NONE',  ( -46.06999999992408590, 75.07760237977390716, 14.76999999999999780 ) ) ;
#126 = ORIENTED_EDGE ( 'NONE', *, *, #8346, .T. ) ;
#127 = B_SPLINE_CURVE_WITH_KNOTS ( 'NONE', 3,
 ( #5821, #8562, #3712, #3164, #2398, #333, #1772 ),
 .UNSPECIFIED., .F., .F.,
 ( 4, 3, 4 ),
 ( 0.000000000000000000, 0.0007033291198769460852, 0.001686135131505192434 ),
 .UNSPECIFIED. ) ;
#128 = CARTESIAN_POINT ( 'NONE',  ( -46.63725564922889077, 86.00000000000000000, 10.42593682404594446 ) ) ;
#129 = DIRECTION ( 'NONE',  ( 0.000000000000000000, 1.000000000000000000, 0.000000000000000000 ) ) ;
#130 = ORIENTED_EDGE ( 'NONE', *, *, #7790, .T. ) ;
#131 = CARTESIAN_POINT ( 'NONE',  ( -75.99960535173904930, 88.41950629174752407, 8.202346913623523861 ) ) ;
#132 = CARTESIAN_POINT ( 'NONE',  ( 93.00303734277980539, 80.19259430237053721, 12.37047640115450697 ) ) ;
#133 = EDGE_CURVE ( 'NONE', #3903, #1273, #2056, .T. ) ;
#134 = CARTESIAN_POINT ( 'NONE',  ( -38.37371853244535913, 89.99999999999997158, 12.69281377704243496 ) ) ;
#135 = CARTESIAN_POINT ( 'NONE',  ( -59.38563104404369852, 90.00000000000000000, 4.934631275797686456 ) ) ;
#136 = CARTESIAN_POINT ( 'NONE',  ( -72.00057539316630084, 84.26388072135330276, 11.22215175600951831 ) ) ;
#137 = ORIENTED_EDGE ( 'NONE', *, *, #6567, .T. ) ;
#138 = LINE ( 'NONE', #1665, #3191 ) ;
#139 = CARTESIAN_POINT ( 'NONE',  ( -57.73362150751905375, 89.34485357832086549, 4.034953414339246258 ) ) ;
#140 = EDGE_CURVE ( 'NONE', #6957, #6607, #8621, .T. ) ;
#141 = VERTEX_POINT ( 'NONE', #1236 ) ;
#142 = CARTESIAN_POINT ( 'NONE',  ( -57.39607381263682129, 89.99999999999998579, 6.534656516881007349 ) ) ;
#143 = CARTESIAN_POINT ( 'NONE',  ( 27.23653962231430725, 79.80006240345578306, 14.20000000000000107 ) ) ;
#144 = ORIENTED_EDGE ( 'NONE', *, *, #3397, .T. ) ;
#145 = CARTESIAN_POINT ( 'NONE',  ( 0.000000000000000000, 80.00000000000000000, 14.20000000000000107 ) ) ;
#146 = LINE ( 'NONE', #4960, #7822 ) ;
#147 = CARTESIAN_POINT ( 'NONE',  ( -62.56250001968160745, 89.99999999998568967, 16.99999999999999289 ) ) ;
#148 = FACE_OUTER_BOUND ( 'NONE', #3993, .T. ) ;
#149 = DIRECTION ( 'NONE',  ( -0.000000000000000000, 0.000000000000000000, 1.000000000000000000 ) ) ;
#150 = VERTEX_POINT ( 'NONE', #3982 ) ;
#151 = EDGE_LOOP ( 'NONE', ( #7294, #1711, #3041, #4311 ) ) ;
#152 = EDGE_CURVE ( 'NONE', #6674, #2304, #6599, .T. ) ;
#153 = ORIENTED_EDGE ( 'NONE', *, *, #2439, .T. ) ;
#154 = CARTESIAN_POINT ( 'NONE',  ( -71.09200074425973526, 85.48839838340305164, 9.853059557591016926 ) ) ;
#155 = CARTESIAN_POINT ( 'NONE',  ( 91.68029325452042144, 81.74280111332332410, 17.00000000000000000 ) ) ;
#156 = CARTESIAN_POINT ( 'NONE',  ( -4.739010447466979414, 86.00000000000000000, -15.00000000000000178 ) ) ;
#157 = DIRECTION ( 'NONE',  ( 0.3746065934159061861, 0.9271838545667898668, -4.997964945189721404E-17 ) ) ;
#158 = CARTESIAN_POINT ( 'NONE',  ( -53.63413324056439535, 89.34485357832092234, 6.247759091708727119 ) ) ;
#159 = LINE ( 'NONE', #1500, #2676 ) ;
#160 = CARTESIAN_POINT ( 'NONE',  ( 29.66582369357791293, 89.34485357832083707, 8.400000000000000355 ) ) ;
#161 = ORIENTED_EDGE ( 'NONE', *, *, #4615, .F. ) ;
#162 = ADVANCED_FACE ( 'NONE', ( #2541 ), #437, .T. ) ;
#163 = CARTESIAN_POINT ( 'NONE',  ( 54.75529031308050776, 89.34485357832082286, 5.828400519109883327 ) ) ;
#164 = DIRECTION ( 'NONE',  ( -1.000000000000000000, 0.000000000000000000, 0.000000000000000000 ) ) ;
#165 = VECTOR ( 'NONE', #1440, 1000.000000000000000 ) ;
#166 = CARTESIAN_POINT ( 'NONE',  ( 35.76222332078768318, 83.00000000000000000, 17.00000000000001421 ) ) ;
#167 = FACE_OUTER_BOUND ( 'NONE', #914, .T. ) ;
#168 = CARTESIAN_POINT ( 'NONE',  ( -61.67567868455343927, 89.99999999998972555, 4.511273049862498219 ) ) ;
#169 = EDGE_CURVE ( 'NONE', #6289, #1344, #4518, .T. ) ;
#170 = ORIENTED_EDGE ( 'NONE', *, *, #1810, .F. ) ;
#171 = PLANE ( 'NONE',  #2396 ) ;
#172 = CARTESIAN_POINT ( 'NONE',  ( 38.48364179885641079, 89.99999999999998579, 10.44565670021492210 ) ) ;
#173 = CARTESIAN_POINT ( 'NONE',  ( 57.47004277595362964, 89.99999999999998579, 6.466786895438397131 ) ) ;
#174 = CARTESIAN_POINT ( 'NONE',  ( -38.84091950016959771, 85.99999999999997158, 10.89145312389488929 ) ) ;
#175 = EDGE_CURVE ( 'NONE', #285, #4772, #7377, .T. ) ;
#176 = ORIENTED_EDGE ( 'NONE', *, *, #6539, .T. ) ;
#177 = CARTESIAN_POINT ( 'NONE',  ( -20.50000000000001776, 85.00000000000000000, 12.50000000000000000 ) ) ;
#178 = FACE_OUTER_BOUND ( 'NONE', #6579, .T. ) ;
#179 = CARTESIAN_POINT ( 'NONE',  ( -39.42747496239293525, 90.00000000000001421, 14.27412923407467638 ) ) ;
#180 = CARTESIAN_POINT ( 'NONE',  ( -55.79126397744241928, 90.00000000000000000, 7.343084265972005475 ) ) ;
#181 = CARTESIAN_POINT ( 'NONE',  ( -11.00024590384077250, 90.00000000000001421, 16.50000000000002132 ) ) ;
#182 = AXIS2_PLACEMENT_3D ( 'NONE', #6119, #6168, #6881 ) ;
#183 = EDGE_LOOP ( 'NONE', ( #2575, #1208, #4404, #8368 ) ) ;
#184 = DIRECTION ( 'NONE',  ( -0.3052099896014290881, -0.9522850740442672102, 0.000000000000000000 ) ) ;
#185 = CARTESIAN_POINT ( 'NONE',  ( -55.21806203482008613, 89.34485357832090813, 5.627464740140623256 ) ) ;
#186 = ORIENTED_EDGE ( 'NONE', *, *, #708, .F. ) ;
#187 = CARTESIAN_POINT ( 'NONE',  ( -56.46097476164892015, 89.99999999999998579, 7.032390250991228164 ) ) ;
#188 = CARTESIAN_POINT ( 'NONE',  ( -21.31192640368340463, 80.93655830395991302, 12.50000000000000000 ) ) ;
#189 = ADVANCED_FACE ( 'NONE', ( #1831 ), #4754, .F. ) ;
#190 = CARTESIAN_POINT ( 'NONE',  ( -1.748270750565812603, 83.02222222222222570, 13.50000000000000000 ) ) ;
#191 = CARTESIAN_POINT ( 'NONE',  ( -51.25798550430069866, 87.30724722967248397, 6.911745237365168215 ) ) ;
#192 = CARTESIAN_POINT ( 'NONE',  ( -38.50000000174957648, 90.00000000000001421, 17.00000000000001066 ) ) ;
#193 = CARTESIAN_POINT ( 'NONE',  ( 43.06078427922813034, 86.00000000000014211, -15.00000000000000178 ) ) ;
#194 = CARTESIAN_POINT ( 'NONE',  ( -38.43058181813156438, 89.99999999999998579, 13.06182572397274555 ) ) ;
#195 = ORIENTED_EDGE ( 'NONE', *, *, #8085, .T. ) ;
#196 = ORIENTED_EDGE ( 'NONE', *, *, #8199, .F. ) ;
#197 = VERTEX_POINT ( 'NONE', #17 ) ;
#198 = CARTESIAN_POINT ( 'NONE',  ( 70.36655842680383444, 85.49414003543847684, 6.469745136402275776 ) ) ;
#199 = CARTESIAN_POINT ( 'NONE',  ( -58.23247440888739845, 88.95865749661668076, 3.735313453637004066 ) ) ;
#201 = CARTESIAN_POINT ( 'NONE',  ( -67.32589563892456397, 85.59691760397426208, -15.00000000000001421 ) ) ;
#200 = VECTOR ( 'NONE', #8848, 1000.000000000000000 ) ;
#202 = CARTESIAN_POINT ( 'NONE',  ( -47.37265055556393634, 89.50000000000004263, 12.05655376629499997 ) ) ;
#203 = CARTESIAN_POINT ( 'NONE',  ( -49.67103350139942819, 89.34485357832090813, 7.241145329559439681 ) ) ;
#204 = LINE ( 'NONE', #2990, #5414 ) ;
#205 = CARTESIAN_POINT ( 'NONE',  ( 51.99999999999998579, 87.50000000000000000, 17.00000000000000711 ) ) ;
#206 = VERTEX_POINT ( 'NONE', #4113 ) ;
#207 = CIRCLE ( 'NONE', #3363, 1.000000000000000888 ) ;
#208 = CARTESIAN_POINT ( 'NONE',  ( 56.49007184936190384, 89.34485357832087971, 4.956305052066799277 ) ) ;
#209 = CARTESIAN_POINT ( 'NONE',  ( -51.65999935143079824, 82.24689295812471812, 14.70000000000002061 ) ) ;
#210 = PLANE ( 'NONE',  #2824 ) ;
#211 = FACE_OUTER_BOUND ( 'NONE', #8472, .T. ) ;
#212 = CARTESIAN_POINT ( 'NONE',  ( 91.71192800190868866, 81.29989341948687809, 16.01463810754569295 ) ) ;
#213 = EDGE_CURVE ( 'NONE', #8234, #2154, #8534, .T. ) ;
#214 = AXIS2_PLACEMENT_3D ( 'NONE', #3332, #8866, #3293 ) ;
#215 = AXIS2_PLACEMENT_3D ( 'NONE', #4472, #3754, #7303 ) ;
#216 = ORIENTED_EDGE ( 'NONE', *, *, #8061, .F. ) ;
#217 = EDGE_CURVE ( 'NONE', #4326, #141, #1636, .T. ) ;
#218 = DIRECTION ( 'NONE',  ( 4.163336342345625335E-16, -0.000000000000000000, 1.000000000000000000 ) ) ;
#219 = ORIENTED_EDGE ( 'NONE', *, *, #6444, .T. ) ;
#220 = CARTESIAN_POINT ( 'NONE',  ( 61.29747366701572275, 89.99999999999998579, 2.919413536303551382 ) ) ;
#221 = CARTESIAN_POINT ( 'NONE',  ( -21.31192640368340463, 77.21902636811576315, 12.50000000000000000 ) ) ;
#222 = ORIENTED_EDGE ( 'NONE', *, *, #7957, .T. ) ;
#223 = CARTESIAN_POINT ( 'NONE',  ( -30.00000000000000000, 88.19999999999998863, 8.397725512736064601 ) ) ;
#224 = CARTESIAN_POINT ( 'NONE',  ( 60.71081442275158224, 86.00000000000000000, 17.00000000000000000 ) ) ;
#225 = CARTESIAN_POINT ( 'NONE',  ( -38.53848946303192236, 89.99999999999997158, 13.35284830211540985 ) ) ;
#226 = CARTESIAN_POINT ( 'NONE',  ( -56.30544191785003960, 90.00000000000001421, 7.104309653647058909 ) ) ;
#227 = CARTESIAN_POINT ( 'NONE',  ( 6.804986980587121259, 76.00000000000000000, 14.20000000000000107 ) ) ;
#228 = ORIENTED_EDGE ( 'NONE', *, *, #2950, .F. ) ;
#229 = AXIS2_PLACEMENT_3D ( 'NONE', #2407, #5157, #7215 ) ;
#230 = CARTESIAN_POINT ( 'NONE',  ( -93.22213527165682478, 76.01316742057154840, 12.06375491662156207 ) ) ;
#231 = CARTESIAN_POINT ( 'NONE',  ( 57.72356865920470170, 89.34174812879972194, 4.032565574563936828 ) ) ;
#232 = ORIENTED_EDGE ( 'NONE', *, *, #122, .T. ) ;
#233 = CARTESIAN_POINT ( 'NONE',  ( -56.31294366032145149, 89.87938522026655619, 6.735777189910875151 ) ) ;
#234 = CARTESIAN_POINT ( 'NONE',  ( 20.50000000000001776, 85.00000000000000000, 15.00000000000000178 ) ) ;
#235 = ADVANCED_FACE ( 'NONE', ( #8118 ), #7332, .T. ) ;
#236 = CARTESIAN_POINT ( 'NONE',  ( 52.56435495636056743, 87.50000000000002842, 6.579259903170996182 ) ) ;
#237 = DIRECTION ( 'NONE',  ( -0.000000000000000000, -0.000000000000000000, 1.000000000000000000 ) ) ;
#238 = CARTESIAN_POINT ( 'NONE',  ( -64.62500002032564339, 90.00000000000000000, 16.50000000000000355 ) ) ;
#239 = CARTESIAN_POINT ( 'NONE',  ( 29.89241749488536470, 89.87938483595196715, 9.868616333578305699 ) ) ;
#240 = ORIENTED_EDGE ( 'NONE', *, *, #5791, .T. ) ;
#241 = EDGE_CURVE ( 'NONE', #3244, #4997, #8715, .T. ) ;
#242 = ORIENTED_EDGE ( 'NONE', *, *, #7449, .F. ) ;
#243 = ORIENTED_EDGE ( 'NONE', *, *, #4253, .F. ) ;
#244 = CARTESIAN_POINT ( 'NONE',  ( -72.78201275763510125, 85.17984361045749608, 9.168717055458248666 ) ) ;
#245 = FACE_OUTER_BOUND ( 'NONE', #7177, .T. ) ;
#246 = AXIS2_PLACEMENT_3D ( 'NONE', #6823, #1963, #1289 ) ;
#247 = DIRECTION ( 'NONE',  ( 0.9271838545667908660, 0.3746065934159035216, 0.000000000000000000 ) ) ;
#248 = AXIS2_PLACEMENT_3D ( 'NONE', #1597, #1502, #6992 ) ;
#249 = CYLINDRICAL_SURFACE ( 'NONE', #8249, 3.000000000000002665 ) ;
#250 = CARTESIAN_POINT ( 'NONE',  ( -46.29985879523256642, 89.50000000000002842, 11.18824195737331628 ) ) ;
#251 = CARTESIAN_POINT ( 'NONE',  ( -56.62580284215635373, 89.34485357832082286, 4.871793088279166462 ) ) ;
#252 = AXIS2_PLACEMENT_3D ( 'NONE', #613, #6100, #4661 ) ;
#253 = DIRECTION ( 'NONE',  ( -1.000000000000000000, 0.000000000000000000, 0.000000000000000000 ) ) ;
#254 = CIRCLE ( 'NONE', #5850, 0.5000000000000000000 ) ;
#255 = FACE_OUTER_BOUND ( 'NONE', #5011, .T. ) ;
#256 = EDGE_LOOP ( 'NONE', ( #5693, #3375, #7347, #8220 ) ) ;
#257 = CIRCLE ( 'NONE', #2829, 0.7999999999999951594 ) ;
#258 = CARTESIAN_POINT ( 'NONE',  ( 48.95792906499146824, 89.34485357832079444, 7.365877044147847386 ) ) ;
#259 = CARTESIAN_POINT ( 'NONE',  ( 74.20271680520185953, 84.91646875323395705, 9.860833388658759802 ) ) ;
#260 = DIRECTION ( 'NONE',  ( 0.002950839323306892782, -0.9999956462641664823, 0.000000000000000000 ) ) ;
#261 = CARTESIAN_POINT ( 'NONE',  ( -91.43128296522189657, 81.10510527916767387, 16.68490848288563200 ) ) ;
#262 = CARTESIAN_POINT ( 'NONE',  ( -63.74061813655110598, 89.99730782745714919, 5.486190032072916445 ) ) ;
#263 = VECTOR ( 'NONE', #414, 1000.000000000000000 ) ;
#264 = ORIENTED_EDGE ( 'NONE', *, *, #1679, .F. ) ;
#265 = CARTESIAN_POINT ( 'NONE',  ( -55.09409885054991918, 90.00000000000002842, 8.012763522839241759 ) ) ;
#266 = CARTESIAN_POINT ( 'NONE',  ( 8.571952736397285832, 79.20004160230385537, 14.20000000000000107 ) ) ;
#267 = CARTESIAN_POINT ( 'NONE',  ( 59.52650365836795743, 89.99999999999998579, 4.786141547624434445 ) ) ;
#268 = CARTESIAN_POINT ( 'NONE',  ( -38.31573927097021937, 85.99999999999997158, 11.54992085022468196 ) ) ;
#269 = ADVANCED_FACE ( 'NONE', ( #3395 ), #8165, .T. ) ;
#270 = CARTESIAN_POINT ( 'NONE',  ( -44.13666666659072035, 89.50000000000002842, 13.97000000000000419 ) ) ;
#271 = DIRECTION ( 'NONE',  ( -1.000000000000000000, 0.000000000000000000, 0.000000000000000000 ) ) ;
#272 = CARTESIAN_POINT ( 'NONE',  ( -38.41268678650312296, 89.99999999999995737, 12.16829439944905999 ) ) ;
#273 = CARTESIAN_POINT ( 'NONE',  ( -57.30865256047468392, 90.00000000000004263, 6.565110733166912738 ) ) ;
#274 = LINE ( 'NONE', #227, #3695 ) ;
#275 = EDGE_LOOP ( 'NONE', ( #85, #6348, #8213, #219 ) ) ;
#276 = CARTESIAN_POINT ( 'NONE',  ( -92.09939712208580431, 80.68529295587106276, 15.96889468149875135 ) ) ;
#277 = CARTESIAN_POINT ( 'NONE',  ( 59.24288961647174290, 89.71891662519772126, 3.963020355013859852 ) ) ;
#278 = ORIENTED_EDGE ( 'NONE', *, *, #5188, .F. ) ;
#279 = CARTESIAN_POINT ( 'NONE',  ( -56.13776251381985816, 89.99999999999997158, 7.188519984850802125 ) ) ;
#280 = CARTESIAN_POINT ( 'NONE',  ( 57.08861775280471562, 87.50000000000001421, 4.587324336446319428 ) ) ;
#281 = CYLINDRICAL_SURFACE ( 'NONE', #5092, 2.000000000000000000 ) ;
#282 = CARTESIAN_POINT ( 'NONE',  ( -46.19498350557974931, 90.00000000000000000, 14.46689881258934207 ) ) ;
#283 = CYLINDRICAL_SURFACE ( 'NONE', #3516, 1.000000000000000888 ) ;
#284 = VERTEX_POINT ( 'NONE', #1995 ) ;
#285 = VERTEX_POINT ( 'NONE', #6186 ) ;
#286 = ORIENTED_EDGE ( 'NONE', *, *, #4013, .T. ) ;
#287 = CARTESIAN_POINT ( 'NONE',  ( -72.51378563983892889, 85.22967698693794603, 9.168030195949054217 ) ) ;
#288 = CARTESIAN_POINT ( 'NONE',  ( 92.83389431418132176, 79.76922673094557581, 11.53308020482186613 ) ) ;
#289 = CARTESIAN_POINT ( 'NONE',  ( -36.41000099991106964, 82.25495999994770102, 15.00000000000000178 ) ) ;
#290 =( BOUNDED_SURFACE ( )  B_SPLINE_SURFACE ( 3, 2, ( 
 ( #5130, #7877, #6566 ),
 ( #5720, #7916, #7784 ),
 ( #3148, #7058, #4371 ),
 ( #1620, #2966, #3056 ),
 ( #1032, #3776, #4455 ),
 ( #8634, #1753, #6438 ) ),
 .UNSPECIFIED., .F., .F., .F. ) 
 B_SPLINE_SURFACE_WITH_KNOTS ( ( 4, 2, 4 ),
 ( 3, 3 ),
 ( 0.03696097344574601068, 0.04255851246460501391, 0.04815605148346401715 ),
 ( 0.000000000000000000, 1.000000000000000000 ),
 .UNSPECIFIED. ) 
 GEOMETRIC_REPRESENTATION_ITEM ( )  RATIONAL_B_SPLINE_SURFACE ( (
 ( 1.000000000000000000, 0.9933130961121738878, 1.000000000000000000),
 ( 1.000000000000000000, 0.9936197015830621204, 1.000000000000000000),
 ( 1.000000000000000000, 0.9938559474522303816, 1.000000000000000000),
 ( 1.000000000000000000, 0.9942027219926061754, 1.000000000000000000),
 ( 1.000000000000000000, 0.9943131763971332360, 1.000000000000000000),
 ( 1.000000000000000000, 0.9943701452112407857, 1.000000000000000000) ) ) 
 REPRESENTATION_ITEM ( '' )  SURFACE ( )  );
#291 = CARTESIAN_POINT ( 'NONE',  ( 71.61895003862223064, 84.50000000000000000, 17.00403242752945232 ) ) ;
#292 = CARTESIAN_POINT ( 'NONE',  ( -47.47001506554654782, 89.50000000000004263, 12.54812282678286017 ) ) ;
#293 = CARTESIAN_POINT ( 'NONE',  ( 55.00000001730050769, 89.99999999999997158, 17.00000000000477840 ) ) ;
#294 = DIRECTION ( 'NONE',  ( -0.000000000000000000, 0.000000000000000000, 1.000000000000000000 ) ) ;
#295 = CYLINDRICAL_SURFACE ( 'NONE', #7140, 1.000000000000000888 ) ;
#296 = ORIENTED_EDGE ( 'NONE', *, *, #4055, .T. ) ;
#297 = CARTESIAN_POINT ( 'NONE',  ( 36.78728939763337991, 89.34485357832085128, 8.322146387168043447 ) ) ;
#298 = DIRECTION ( 'NONE',  ( 0.000000000000000000, 0.000000000000000000, -1.000000000000000000 ) ) ;
#299 = CARTESIAN_POINT ( 'NONE',  ( 0.000000000000000000, 0.000000000000000000, 12.50000000000000000 ) ) ;
#300 = CARTESIAN_POINT ( 'NONE',  ( -67.36889534084274089, 89.85125664687545566, 6.288146572235495668 ) ) ;
#301 = EDGE_CURVE ( 'NONE', #1102, #5877, #5374, .T. ) ;
#302 = ORIENTED_EDGE ( 'NONE', *, *, #923, .T. ) ;
#303 = CARTESIAN_POINT ( 'NONE',  ( -23.37228132326903562, 83.00000000000000000, 15.00000000000000178 ) ) ;
#304 = ORIENTED_EDGE ( 'NONE', *, *, #8070, .F. ) ;
#305 = CARTESIAN_POINT ( 'NONE',  ( 59.30057676484752704, 90.00000000000002842, 5.023115496613145048 ) ) ;
#306 = DIRECTION ( 'NONE',  ( -0.000000000000000000, -0.000000000000000000, 1.000000000000000000 ) ) ;
#307 = CARTESIAN_POINT ( 'NONE',  ( -73.86144079002438900, 88.91230979679360757, 7.727297122284221054 ) ) ;
#308 = CARTESIAN_POINT ( 'NONE',  ( -51.55368108242623038, 85.99999999999995737, 6.848834531184410324 ) ) ;
#309 = CARTESIAN_POINT ( 'NONE',  ( 58.07577625714868930, 88.91092304027327486, 3.699999999999995293 ) ) ;
#310 = CARTESIAN_POINT ( 'NONE',  ( -56.55987113997884563, 89.99999999999998579, 6.977724994697104499 ) ) ;
#311 = CARTESIAN_POINT ( 'NONE',  ( 69.75504353565573012, 85.83390002241495154, 17.00000000000000000 ) ) ;
#312 = EDGE_LOOP ( 'NONE', ( #950, #8589, #5727, #4989, #7233, #2196, #5153, #2305, #8702 ) ) ;
#313 = LINE ( 'NONE', #7688, #6206 ) ;
#314 = LINE ( 'NONE', #582, #3801 ) ;
#315 = VERTEX_POINT ( 'NONE', #5465 ) ;
#316 = CARTESIAN_POINT ( 'NONE',  ( -59.33215210062122225, 89.99999999999997158, 4.990705922021906993 ) ) ;
#317 = EDGE_CURVE ( 'NONE', #2304, #1004, #7582, .T. ) ;
#318 = CC_DESIGN_APPROVAL ( #8092, ( #6770 ) ) ;
#319 = CARTESIAN_POINT ( 'NONE',  ( 55.93577646977460205, 87.50000000000002842, 5.277979241727748239 ) ) ;
#320 = DIRECTION ( 'NONE',  ( -0.000000000000000000, 1.000000000000000000, 0.000000000000000000 ) ) ;
#321 = EDGE_CURVE ( 'NONE', #1587, #3601, #3482, .T. ) ;
#322 = DIRECTION ( 'NONE',  ( -0.000000000000000000, -1.000000000000000000, -0.000000000000000000 ) ) ;
#323 = CARTESIAN_POINT ( 'NONE',  ( 26.99999956769672593, 89.99999999999998579, 10.19999999999937401 ) ) ;
#324 = ORIENTED_EDGE ( 'NONE', *, *, #6567, .F. ) ;
#325 = ORIENTED_EDGE ( 'NONE', *, *, #7031, .T. ) ;
#326 = EDGE_CURVE ( 'NONE', #4293, #8441, #2039, .T. ) ;
#327 = VERTEX_POINT ( 'NONE', #7534 ) ;
#328 = VERTEX_POINT ( 'NONE', #1321 ) ;
#329 = DIRECTION ( 'NONE',  ( -1.000000000000000000, 0.000000000000000000, 0.000000000000000000 ) ) ;
#330 = LOCAL_TIME ( 19, 36, 11.00000000000000000, #3098 ) ;
#331 = CARTESIAN_POINT ( 'NONE',  ( 84.75245343351889460, 84.77760762744102863, 9.711848845722222734 ) ) ;
#332 = PLANE ( 'NONE',  #4940 ) ;
#333 = CARTESIAN_POINT ( 'NONE',  ( -59.34206578583373215, 89.31177661765616449, 3.985370670081747946 ) ) ;
#334 = CARTESIAN_POINT ( 'NONE',  ( -46.97626585156658763, 89.50000000000004263, 11.50266461797589912 ) ) ;
#335 = CARTESIAN_POINT ( 'NONE',  ( 2.247776679298902014, 83.00000000000000000, 15.00000000000000178 ) ) ;
#336 = CARTESIAN_POINT ( 'NONE',  ( -51.77847902126330126, 89.34485357832083707, 6.787048394035649856 ) ) ;
#337 = EDGE_LOOP ( 'NONE', ( #7345, #1428, #8800, #2475, #7556, #8690, #3747 ) ) ;
#338 = CARTESIAN_POINT ( 'NONE',  ( 55.21806203482008613, 89.34485357832090813, 5.627464740140623256 ) ) ;
#339 = VECTOR ( 'NONE', #5075, 1000.000000000000000 ) ;
#340 = CARTESIAN_POINT ( 'NONE',  ( -51.99999999999998579, 86.00000000000000000, 17.00403242752945232 ) ) ;
#341 = CARTESIAN_POINT ( 'NONE',  ( -51.53498746194967595, 79.77102461658081722, 13.10000000000000142 ) ) ;
#342 =( BOUNDED_SURFACE ( )  B_SPLINE_SURFACE ( 3, 2, ( 
 ( #4849, #5340, #666 ),
 ( #6779, #2679, #4077 ),
 ( #3451, #3407, #8759 ),
 ( #8891, #2724, #710 ) ),
 .UNSPECIFIED., .F., .F., .T. ) 
 B_SPLINE_SURFACE_WITH_KNOTS ( ( 4, 4 ),
 ( 3, 3 ),
 ( 0.000000000000000000, 0.0006040322960322498267 ),
 ( 0.000000000000000000, 1.000000000000000000 ),
 .UNSPECIFIED. ) 
 GEOMETRIC_REPRESENTATION_ITEM ( )  RATIONAL_B_SPLINE_SURFACE ( (
 ( 1.000000000000000000, 0.7071067811865127117, 1.000000000000000000),
 ( 1.000000000000000000, 0.7282090669600610466, 1.000000000000000000),
 ( 1.000000000000000000, 0.7479177467979856164, 1.000000000000000000),
 ( 1.000000000000000000, 0.7665143497511811566, 1.000000000000000000) ) ) 
 REPRESENTATION_ITEM ( '' )  SURFACE ( )  );
#343 = CARTESIAN_POINT ( 'NONE',  ( -71.70662899496556975, 88.89819398647009052, 6.771845333520062127 ) ) ;
#344 = AXIS2_PLACEMENT_3D ( 'NONE', #2986, #5733, #8476 ) ;
#345 = ORIENTED_EDGE ( 'NONE', *, *, #1484, .T. ) ;
#346 = CARTESIAN_POINT ( 'NONE',  ( -57.73362150751905375, 89.34485357832086549, 4.034953414339246258 ) ) ;
#347 = CARTESIAN_POINT ( 'NONE',  ( 47.07070760270696042, 89.99999999999997158, 9.828240972799036967 ) ) ;
#348 = EDGE_CURVE ( 'NONE', #7454, #1598, #4418, .T. ) ;
#349 = CARTESIAN_POINT ( 'NONE',  ( 59.54260338571929623, 89.99999999999998579, 4.769171292976064791 ) ) ;
#350 = CARTESIAN_POINT ( 'NONE',  ( 4.739010447466979414, 86.00000000000000000, -15.00000000000000178 ) ) ;
#351 = CARTESIAN_POINT ( 'NONE',  ( -24.99999999999999289, 87.39999999999999147, 8.400000000000000355 ) ) ;
#352 = CARTESIAN_POINT ( 'NONE',  ( 44.31741857672444951, 85.99999999999994316, 7.942869873075065534 ) ) ;
#353 = AXIS2_PLACEMENT_3D ( 'NONE', #3020, #1581, #8598 ) ;
#354 = AXIS2_PLACEMENT_3D ( 'NONE', #681, #1436, #6347 ) ;
#355 = CARTESIAN_POINT ( 'NONE',  ( -38.65654819729156344, 89.99999999999998579, 11.56613008099987816 ) ) ;
#356 = CARTESIAN_POINT ( 'NONE',  ( -53.40045814836236815, 89.99999999999997158, 8.209192072666947837 ) ) ;
#357 = DIRECTION ( 'NONE',  ( 1.000000000000000000, 0.000000000000000000, 0.000000000000000000 ) ) ;
#358 = ORIENTED_EDGE ( 'NONE', *, *, #2658, .T. ) ;
#359 = LINE ( 'NONE', #1166, #2904 ) ;
#360 = CIRCLE ( 'NONE', #6537, 1.424999999999948752 ) ;
#361 = EDGE_LOOP ( 'NONE', ( #1147, #3242, #4441, #8068 ) ) ;
#362 = PLANE ( 'NONE',  #1947 ) ;
#363 = DIRECTION ( 'NONE',  ( -4.163336342345625335E-16, 0.000000000000000000, -1.000000000000000000 ) ) ;
#364 = CARTESIAN_POINT ( 'NONE',  ( 50.70383573368959418, 86.76139852555269272, 7.034723739062341608 ) ) ;
#365 = EDGE_CURVE ( 'NONE', #3846, #635, #63, .T. ) ;
#366 = CARTESIAN_POINT ( 'NONE',  ( -49.90999935143079824, 82.24689295812471812, 17.00000000000000000 ) ) ;
#367 = CARTESIAN_POINT ( 'NONE',  ( 38.55540966407590275, 90.00000000002000888, 10.09083953739971484 ) ) ;
#368 = ORIENTED_EDGE ( 'NONE', *, *, #4340, .T. ) ;
#369 = VERTEX_POINT ( 'NONE', #205 ) ;
#370 = ORIENTED_EDGE ( 'NONE', *, *, #2820, .F. ) ;
#371 = ORIENTED_EDGE ( 'NONE', *, *, #6613, .F. ) ;
#372 = CARTESIAN_POINT ( 'NONE',  ( 90.31400697876469508, 81.72273869471308672, 16.99999999999998579 ) ) ;
#373 = ADVANCED_FACE ( 'NONE', ( #2314 ), #2175, .F. ) ;
#374 = CARTESIAN_POINT ( 'NONE',  ( -30.20949909627083585, 88.17917634643238500, 8.397221457260858557 ) ) ;
#375 = DIRECTION ( 'NONE',  ( 1.000000000000000000, 0.000000000000000000, 0.000000000000000000 ) ) ;
#376 = EDGE_CURVE ( 'NONE', #4984, #4976, #4840, .T. ) ;
#377 = AXIS2_PLACEMENT_3D ( 'NONE', #8645, #2478, #5227 ) ;
#378 = CARTESIAN_POINT ( 'NONE',  ( -53.99999999999998579, 83.00000000000000000, 17.00000000000004974 ) ) ;
#379 = CARTESIAN_POINT ( 'NONE',  ( -47.09284453341659571, 89.49999999999998579, 11.61380165940671816 ) ) ;
#380 = CARTESIAN_POINT ( 'NONE',  ( -37.53576505139719899, 89.34485357832082286, 8.302812151827373199 ) ) ;
#381 = CARTESIAN_POINT ( 'NONE',  ( -35.84995301800734069, 89.34485357832080865, 8.341465847455781457 ) ) ;
#382 = ORIENTED_EDGE ( 'NONE', *, *, #7388, .T. ) ;
#383 = CARTESIAN_POINT ( 'NONE',  ( 60.22970259012877392, 90.00000000000000000, 4.185408263296283238 ) ) ;
#384 = VERTEX_POINT ( 'NONE', #8390 ) ;
#385 = VECTOR ( 'NONE', #6290, 1000.000000000000000 ) ;
#386 = PLANE ( 'NONE',  #1366 ) ;
#387 = CARTESIAN_POINT ( 'NONE',  ( -84.11949799991211307, 85.07416966830398053, 9.569206178205400093 ) ) ;
#388 = AXIS2_PLACEMENT_3D ( 'NONE', #3480, #6413, #4835 ) ;
#389 = VECTOR ( 'NONE', #6284, 1000.000000000000000 ) ;
#390 = ORIENTED_EDGE ( 'NONE', *, *, #8734, .F. ) ;
#391 = DIRECTION ( 'NONE',  ( 0.000000000000000000, 0.000000000000000000, -1.000000000000000000 ) ) ;
#392 = CARTESIAN_POINT ( 'NONE',  ( -73.32181238592393413, 83.73006632573566321, 11.22215175600951831 ) ) ;
#393 = CARTESIAN_POINT ( 'NONE',  ( 57.42982534866889921, 90.00000000000001421, 6.491517328532173892 ) ) ;
#394 = CARTESIAN_POINT ( 'NONE',  ( 24.06011343035047645, 73.74790443272765117, 14.20000000000000107 ) ) ;
#395 = LINE ( 'NONE', #188, #7919 ) ;
#396 = CARTESIAN_POINT ( 'NONE',  ( -14.21701480739244161, 86.00000000000018474, -14.99999999999999822 ) ) ;
#397 = CIRCLE ( 'NONE', #2684, 0.5000000000000034417 ) ;
#398 = CARTESIAN_POINT ( 'NONE',  ( 0.000000000000000000, 86.00000000000000000, 12.50000000000000000 ) ) ;
#399 = VECTOR ( 'NONE', #2163, 1000.000000000000000 ) ;
#400 = B_SPLINE_CURVE_WITH_KNOTS ( 'NONE', 3,
 ( #6647, #989, #2374, #5935 ),
 .UNSPECIFIED., .F., .F.,
 ( 4, 4 ),
 ( 0.003457252543234316973, 0.008879800000000007132 ),
 .UNSPECIFIED. ) ;
#401 = CC_DESIGN_PERSON_AND_ORGANIZATION_ASSIGNMENT ( #4542, #28, ( #4198 ) ) ;
#402 = CARTESIAN_POINT ( 'NONE',  ( -39.60045488926186152, 89.99999999999994316, 10.79160389703222656 ) ) ;
#403 = CARTESIAN_POINT ( 'NONE',  ( -57.99982931271019027, 89.34485357832083707, 3.778724575355054238 ) ) ;
#404 = B_SPLINE_CURVE_WITH_KNOTS ( 'NONE', 3,
 ( #6396, #816, #3607, #1745 ),
 .UNSPECIFIED., .F., .F.,
 ( 4, 4 ),
 ( 0.000000000000000000, 1.000000000000000000 ),
 .UNSPECIFIED. ) ;
#405 = CARTESIAN_POINT ( 'NONE',  ( -12.53906270572150206, 74.84523652348138967, 15.00000000000000000 ) ) ;
#406 = EDGE_LOOP ( 'NONE', ( #4242, #6447, #926, #5438 ) ) ;
#407 = CARTESIAN_POINT ( 'NONE',  ( 59.64709378341554924, 89.40953893117887219, 4.054111698173529454 ) ) ;
#408 = ORIENTED_EDGE ( 'NONE', *, *, #2162, .T. ) ;
#409 = CARTESIAN_POINT ( 'NONE',  ( -59.33488475845986443, 89.87938524157040376, 4.506633490309885914 ) ) ;
#410 = EDGE_CURVE ( 'NONE', #4873, #6577, #7763, .T. ) ;
#411 = EDGE_CURVE ( 'NONE', #864, #906, #971, .T. ) ;
#412 = CARTESIAN_POINT ( 'NONE',  ( -39.41672461899119639, 89.50000000000002842, 13.68086040815357940 ) ) ;
#413 = CARTESIAN_POINT ( 'NONE',  ( -50.54096054875049049, 86.40021199467267365, 7.069107441011700743 ) ) ;
#414 = DIRECTION ( 'NONE',  ( -0.000000000000000000, 0.000000000000000000, -1.000000000000000000 ) ) ;
#415 = ADVANCED_FACE ( 'NONE', ( #255 ), #7128, .F. ) ;
#416 = LINE ( 'NONE', #8553, #973 ) ;
#417 = ORIENTED_EDGE ( 'NONE', *, *, #5837, .F. ) ;
#418 = VECTOR ( 'NONE', #8513, 1000.000000000000000 ) ;
#419 = EDGE_LOOP ( 'NONE', ( #2111, #6814, #3465, #8186 ) ) ;
#420 = ORIENTED_EDGE ( 'NONE', *, *, #4770, .F. ) ;
#421 = CARTESIAN_POINT ( 'NONE',  ( 34.86058410908820804, 86.00000000000000000, 8.402752506445459346 ) ) ;
#422 = CARTESIAN_POINT ( 'NONE',  ( -68.19690070017948358, 89.99333020880688139, 16.49326435081048459 ) ) ;
#423 = LINE ( 'NONE', #5230, #3517 ) ;
#424 = LINE ( 'NONE', #7932, #5512 ) ;
#425 = CARTESIAN_POINT ( 'NONE',  ( 0.000000000000000000, 90.00000000000000000, 10.55265396141691348 ) ) ;
#426 = CARTESIAN_POINT ( 'NONE',  ( -46.64834960005832443, 89.50000000000004263, 13.84577585195617822 ) ) ;
#427 = DIRECTION ( 'NONE',  ( 0.000000000000000000, 0.000000000000000000, -1.000000000000000000 ) ) ;
#428 = CARTESIAN_POINT ( 'NONE',  ( 93.15724964809649578, 79.85510328498259014, 12.68576975618952929 ) ) ;
#429 = ORIENTED_EDGE ( 'NONE', *, *, #5327, .T. ) ;
#430 = CARTESIAN_POINT ( 'NONE',  ( 80.11453826022105318, 87.20064817600996321, 9.118201593628731061 ) ) ;
#431 = ORIENTED_EDGE ( 'NONE', *, *, #7496, .T. ) ;
#432 = EDGE_CURVE ( 'NONE', #3495, #3463, #5143, .T. ) ;
#433 = CARTESIAN_POINT ( 'NONE',  ( 91.77951511961042286, 80.89917166727673248, 16.37008305197848301 ) ) ;
#434 = CARTESIAN_POINT ( 'NONE',  ( -74.51808282918132420, 88.36514886220842868, 7.405433818933192747 ) ) ;
#435 = CARTESIAN_POINT ( 'NONE',  ( 24.14292809016475516, 72.31761717137223400, 36.88536684330890125 ) ) ;
#436 = EDGE_CURVE ( 'NONE', #3101, #1012, #3672, .T. ) ;
#437 = PLANE ( 'NONE',  #1919 ) ;
#438 = CARTESIAN_POINT ( 'NONE',  ( 49.99650794986434477, 90.00000000000001421, 9.011543284369743390 ) ) ;
#439 = CARTESIAN_POINT ( 'NONE',  ( 5.605278422273785033, 86.00000000000000000, 17.00000000000000000 ) ) ;
#440 = CARTESIAN_POINT ( 'NONE',  ( 54.50150509059231041, 80.00000000000000000, 14.20000000000000107 ) ) ;
#441 = CARTESIAN_POINT ( 'NONE',  ( -43.06078427922813034, 86.00000000000014211, -15.00000000000000178 ) ) ;
#442 = FACE_OUTER_BOUND ( 'NONE', #4838, .T. ) ;
#443 = B_SPLINE_SURFACE_WITH_KNOTS ( 'NONE', 1, 3, ( 
 ( #5484, #6115, #8227, #8854, #4134, #34, #2058, #4086, #5577, #8320, #4764, #8901, #2869, #5441, #83, #8273, #2152, #808, #4900, #2779, #7637, #4175, #7597, #6917, #1432, #4858, #4812, #135, #6164, #3500, #1473, #1389, #6878, #3416, #6250, #674, #717, #8362, #3459, #6204, #2692, #2194, #4041, #7505, #8183, #760, #628, #4222, #6963, #2012, #3553, #6300, #1341, #7685, #3366, #1616, #7054, #7871, #7780, #2961, #6343, #8587, #6473, #5756, #1709, #273, #5666, #990, #7148, #2421, #2245, #310, #4274, #226, #3599, #5714, #180, #4367, #6433, #8457, #1570, #3051, #5798, #4994, #6387, #356, #2914, #1661, #8411, #2375, #2290, #3732, #900, #7101, #7736, #1027, #856, #5080, #4451, #4321, #5040, #944, #3690, #7186, #8498, #7014, #3644, #3009, #2331, #5126, #8542, #5170, #7824, #5844, #3771, #4410, #6515, #3095, #1519, #8830, #3438, #2505, #6562, #3861, #6184, #7277, #4063, #2668, #6140, #3144, #6093, #5254 ),
 ( #7954, #5210, #14, #6809, #4704, #5420, #8163, #3816, #8207, #3344, #1794, #6606, #697, #3391, #6766, #445, #2037, #7446, #2757, #1319, #1278, #1992, #1365, #652, #4745, #4539, #2462, #3186, #8878, #608, #4022, #4787, #1122, #7531, #7486, #2713, #4110, #5462, #8000, #4492, #6856, #7913, #1749, #5936, #7228, #1075, #403, #5895, #8630, #8673, #1950, #61, #1413, #1499, #5600, #3479, #1549, #8436, #4879, #251, #6939, #3623, #1452, #834, #6364, #6989, #2802, #6898, #112, #5554, #4199, #2939, #5690, #6226, #5644, #8341, #2131, #3579, #5509, #8251, #6322, #4923, #158, #4301, #7036, #6412, #2083, #2891, #2269, #5020, #2221, #4154, #7579, #4834, #738, #2173, #7617, #7661, #4972, #785, #8388, #878, #203, #8300, #4247, #6275, #7708, #3527, #2849, #7760, #1595, #4343, #922, #7077, #3670, #2989, #4517, #7980, #5874, #380, #5777, #7255, #6629, #2312, #7803, #1820, #1774, #8479, #1010, #3121, #3075, #4566 ) ),
 .UNSPECIFIED., .F., .F., .F.,
 ( 2, 2 ),
 ( 4, 2, 2, 2, 2, 2, 2, 2, 2, 2, 2, 2, 2, 2, 2, 2, 2, 2, 2, 2, 2, 2, 2, 2, 2, 2, 2, 2, 2, 2, 2, 2, 2, 2, 2, 2, 2, 2, 2, 2, 2, 2, 2, 2, 2, 2, 2, 2, 2, 2, 2, 2, 2, 2, 2, 2, 2, 2, 2, 2, 2, 2, 2, 2, 2, 4 ),
 ( 0.000000000000000000, 1.000000000000000000 ),
 ( 0.000000000000000000, 0.001134347944569776521, 0.001701521916854664782, 0.001985108902997108696, 0.002268695889139553043, 0.002410489382210775217, 0.002552282875281997390, 0.002623179621817608477, 0.002694076368353219564, 0.002729524741621025107, 0.002764973114888830651, 0.002782697301522733205, 0.002800421488156635760, 0.002804852534815111507, 0.002809283581473587255, 0.002811499104802825128, 0.002813714628132063002, 0.002815930151461300875, 0.002818145674790538749, 0.002827007768107490243, 0.002835869861424441304, 0.002871318234692246847, 0.002906766607960051957, 0.002977663354495663044, 0.003119456847566885217, 0.003403043833709329564, 0.003970217805994217392, 0.004537391778279106086, 0.004820978764421550433, 0.005104565750563994780, 0.005246359243635216954, 0.005317255990170828041, 0.005388152736706439128, 0.005671739722848882607, 0.005955326708991326087, 0.006238913695133770435, 0.006522500681276214782, 0.006806087667418659129, 0.007373261639703546956, 0.007940435611988434783, 0.008507609584273323478, 0.009074783556558212172, 0.009641957528843100866, 0.009925544514985545214, 0.01020913150112798956, 0.01077630547341287826, 0.01134347944569776521, 0.01162706643184020783, 0.01191065341798265217, 0.01219424040412509652, 0.01247782739026754087, 0.01361217533483731826, 0.01474652327940709391, 0.01588087122397686957, 0.01701521916854664696, 0.01814956711311642434, 0.01928391505768620173, 0.02041826300225597912, 0.02268695889139553043, 0.02495565478053508174, 0.02722435066967463652, 0.02779152464195952521, 0.02835869861424441390, 0.02949304655881418782, 0.03176174244795373913, 0.03629913422623284869 ),
 .UNSPECIFIED. ) ;
#444 = CARTESIAN_POINT ( 'NONE',  ( -38.94838295068878864, 89.99999999999997158, 11.20461059612246935 ) ) ;
#445 = CARTESIAN_POINT ( 'NONE',  ( -58.18845964031815754, 89.34485357832086549, 3.581223721042297914 ) ) ;
#446 = FACE_OUTER_BOUND ( 'NONE', #2842, .T. ) ;
#447 = ORIENTED_EDGE ( 'NONE', *, *, #8328, .T. ) ;
#448 = ADVANCED_FACE ( 'NONE', ( #8482 ), #295, .T. ) ;
#449 = DATE_AND_TIME ( #6695, #330 ) ;
#450 = CYLINDRICAL_SURFACE ( 'NONE', #6266, 0.5000000000000004441 ) ;
#451 = ORIENTED_EDGE ( 'NONE', *, *, #2480, .T. ) ;
#452 = CARTESIAN_POINT ( 'NONE',  ( -59.67791814208904100, 90.00000000000000000, 5.138928736855221224 ) ) ;
#453 = AXIS2_PLACEMENT_3D ( 'NONE', #6774, #8794, #8711 ) ;
#454 = DIRECTION ( 'NONE',  ( 0.000000000000000000, 0.000000000000000000, -1.000000000000000000 ) ) ;
#455 = DIRECTION ( 'NONE',  ( -1.000000000000000000, 0.000000000000000000, 0.000000000000000000 ) ) ;
#456 = CARTESIAN_POINT ( 'NONE',  ( -51.65999935143079824, 82.24689295812471812, 14.70000000000002061 ) ) ;
#457 = CARTESIAN_POINT ( 'NONE',  ( 59.27409810064932572, 90.00000000000002842, 5.552395655731324098 ) ) ;
#458 = EDGE_LOOP ( 'NONE', ( #4191, #6415, #2464, #1333 ) ) ;
#459 = LINE ( 'NONE', #6075, #3907 ) ;
#460 = ORIENTED_EDGE ( 'NONE', *, *, #1000, .F. ) ;
#461 = ORIENTED_EDGE ( 'NONE', *, *, #1729, .T. ) ;
#462 = DIRECTION ( 'NONE',  ( -1.000000000000000000, 0.000000000000000000, 0.000000000000000000 ) ) ;
#463 = CARTESIAN_POINT ( 'NONE',  ( 86.68418405404453608, 84.08688275503995158, 16.99999999999999289 ) ) ;
#464 = CARTESIAN_POINT ( 'NONE',  ( 92.75030628827443024, 80.44671703056010870, 14.53958733010794191 ) ) ;
#465 = VECTOR ( 'NONE', #5268, 1000.000000000000000 ) ;
#466 = ADVANCED_FACE ( 'NONE', ( #4435 ), #6690, .T. ) ;
#467 = CARTESIAN_POINT ( 'NONE',  ( -21.31192640368340108, 69.75150446665328730, 36.88536684330890125 ) ) ;
#468 = CARTESIAN_POINT ( 'NONE',  ( 0.000000000000000000, 80.00000000000000000, 12.50000000000000000 ) ) ;
#469 = CARTESIAN_POINT ( 'NONE',  ( -46.56364734635240410, 89.99999999999997158, 10.73420551227031794 ) ) ;
#470 = CARTESIAN_POINT ( 'NONE',  ( 64.28125002021734247, 89.50000000000000000, 16.99999999999999289 ) ) ;
#471 = LOCAL_TIME ( 19, 36, 11.00000000000000000, #5848 ) ;
#472 = CARTESIAN_POINT ( 'NONE',  ( 93.20011252351622488, 79.81360225121356677, 12.30218614253754694 ) ) ;
#473 = ORIENTED_EDGE ( 'NONE', *, *, #3674, .T. ) ;
#474 = CARTESIAN_POINT ( 'NONE',  ( -26.99999971473014782, 89.95897694302742309, 10.08729007729044014 ) ) ;
#475 = ORIENTED_EDGE ( 'NONE', *, *, #4698, .T. ) ;
#476 = CARTESIAN_POINT ( 'NONE',  ( 92.76800368923780127, 76.43012034606942962, 14.48355691675513413 ) ) ;
#477 = DIRECTION ( 'NONE',  ( 0.000000000000000000, -0.000000000000000000, -1.000000000000000000 ) ) ;
#478 = EDGE_CURVE ( 'NONE', #8450, #5730, #7256, .T. ) ;
#479 = DIRECTION ( 'NONE',  ( 0.000000000000000000, 0.000000000000000000, 1.000000000000000000 ) ) ;
#480 = DIRECTION ( 'NONE',  ( -0.000000000000000000, -0.000000000000000000, -1.000000000000000000 ) ) ;
#481 = CIRCLE ( 'NONE', #5796, 2.000000000000000000 ) ;
#482 = CARTESIAN_POINT ( 'NONE',  ( 54.38781761096731771, 89.99999999999998579, 7.892397811552789300 ) ) ;
#483 = CARTESIAN_POINT ( 'NONE',  ( -8.861216499028216731, 80.00000000000000000, 14.20000000000000107 ) ) ;
#484 = CARTESIAN_POINT ( 'NONE',  ( -2.247776679298902014, 83.00000000000000000, 15.00000000000000178 ) ) ;
#485 = DIRECTION ( 'NONE',  ( -0.000000000000000000, -0.000000000000000000, 1.000000000000000000 ) ) ;
#486 = DIRECTION ( 'NONE',  ( -1.000000000000000000, 0.000000000000000000, 0.000000000000000000 ) ) ;
#487 = AXIS2_PLACEMENT_3D ( 'NONE', #7977, #6583, #1142 ) ;
#488 = EDGE_CURVE ( 'NONE', #3210, #4139, #3849, .T. ) ;
#489 = CARTESIAN_POINT ( 'NONE',  ( -39.11376350326373341, 89.99999999999998579, 11.06199063844307773 ) ) ;
#490 = VECTOR ( 'NONE', #7946, 1000.000000000000000 ) ;
#491 = DIRECTION ( 'NONE',  ( -0.000000000000000000, -0.000000000000000000, 1.000000000000000000 ) ) ;
#492 = ORIENTED_EDGE ( 'NONE', *, *, #152, .F. ) ;
#493 = MECHANICAL_CONTEXT ( 'NONE', #1614, 'mechanical' ) ;
#494 = DIRECTION ( 'NONE',  ( 0.000000000000000000, -1.000000000000000000, -0.000000000000000000 ) ) ;
#495 = EDGE_LOOP ( 'NONE', ( #2142, #881, #3188, #3112 ) ) ;
#496 = CARTESIAN_POINT ( 'NONE',  ( -46.95732726399348422, 85.99999999999998579, 7.654323781006714178 ) ) ;
#497 = CIRCLE ( 'NONE', #634, 1.499999999999994449 ) ;
#498 = CARTESIAN_POINT ( 'NONE',  ( 27.77126218583481787, 76.00000000000000000, 14.20000000000000107 ) ) ;
#499 = PLANE ( 'NONE',  #3507 ) ;
#500 = CIRCLE ( 'NONE', #2791, 1.750000000000001554 ) ;
#501 = CARTESIAN_POINT ( 'NONE',  ( 30.00000000000000000, 86.59999999999999432, 8.397725512736064601 ) ) ;
#502 = CARTESIAN_POINT ( 'NONE',  ( 53.38453761624961658, 89.87938523222365461, 7.877562345892079598 ) ) ;
#503 = AXIS2_PLACEMENT_3D ( 'NONE', #1328, #4072, #2140 ) ;
#504 = ORIENTED_EDGE ( 'NONE', *, *, #4950, .T. ) ;
#505 = CARTESIAN_POINT ( 'NONE',  ( -92.37744407915158718, 80.75042786144952345, 14.91876045886776403 ) ) ;
#506 = VERTEX_POINT ( 'NONE', #4905 ) ;
#507 = EDGE_LOOP ( 'NONE', ( #6118, #8898 ) ) ;
#508 = CARTESIAN_POINT ( 'NONE',  ( 0.000000000000000000, 82.50000000000000000, 15.00000000000000178 ) ) ;
#509 = CARTESIAN_POINT ( 'NONE',  ( 73.62170034365716731, 89.30588855110367774, 16.48152835150770912 ) ) ;
#510 = EDGE_CURVE ( 'NONE', #861, #8745, #5560, .T. ) ;
#511 = CARTESIAN_POINT ( 'NONE',  ( -37.66139843986672275, 85.99999999999994316, 8.313402995911093996 ) ) ;
#512 = LINE ( 'NONE', #2069, #7519 ) ;
#513 = CARTESIAN_POINT ( 'NONE',  ( 30.00000000000000000, 88.19999999999998863, -0.5062160878754172755 ) ) ;
#514 = B_SPLINE_CURVE_WITH_KNOTS ( 'NONE', 3,
 ( #784, #2890, #4922, #6691, #6897, #8757, #7616, #535, #3946, #1878, #3274, #2082, #7408, #1412, #1451, #1246, #2130, #3526, #5599, #6022, #4833, #5553 ),
 .UNSPECIFIED., .F., .F.,
 ( 4, 2, 2, 2, 2, 2, 2, 2, 2, 2, 4 ),
 ( 0.000000000000000000, 0.002193586964840288801, 0.003290380447260423443, 0.004387173929680558519, 0.008774347859361056323, 0.01754869571872205020, 0.02193586964840256795, 0.02412945661324282856, 0.02632304357808308570, 0.03071021750776358611, 0.03509739143744408651 ),
 .UNSPECIFIED. ) ;
#515 = EDGE_CURVE ( 'NONE', #4891, #5532, #2198, .T. ) ;
#516 = CARTESIAN_POINT ( 'NONE',  ( -46.99329437114194974, 89.50000000000005684, 13.62264095794686369 ) ) ;
#517 = CARTESIAN_POINT ( 'NONE',  ( 24.14292809016475516, 73.31761717137223400, 15.00000000000000000 ) ) ;
#518 = CARTESIAN_POINT ( 'NONE',  ( -50.02581328453573661, 89.34485357832096497, 7.174327542454487450 ) ) ;
#519 = ORIENTED_EDGE ( 'NONE', *, *, #1951, .F. ) ;
#520 = AXIS2_PLACEMENT_3D ( 'NONE', #2191, #6337, #986 ) ;
#521 = CARTESIAN_POINT ( 'NONE',  ( 32.28116530738056156, 89.34485357832082286, 8.388248914718701599 ) ) ;
#522 = EDGE_LOOP ( 'NONE', ( #6294, #1841, #7312, #5866 ) ) ;
#523 = DESIGN_CONTEXT ( 'detailed design', #4547, 'design' ) ;
#524 = CARTESIAN_POINT ( 'NONE',  ( -85.44042724363970365, 80.92075558359786669, 9.866890439880199537 ) ) ;
#525 = CARTESIAN_POINT ( 'NONE',  ( -93.03352456396245884, 80.16181012536208073, 12.01343122975534072 ) ) ;
#526 = AXIS2_PLACEMENT_3D ( 'NONE', #8847, #6872, #5524 ) ;
#527 = CARTESIAN_POINT ( 'NONE',  ( 74.09139654056191659, 85.05899921047097223, 12.84400696805141706 ) ) ;
#528 = CARTESIAN_POINT ( 'NONE',  ( -93.11982243510186663, 76.11186649521673075, 12.95046536963117845 ) ) ;
#529 = CARTESIAN_POINT ( 'NONE',  ( 56.55987113997884563, 89.99999999999998579, 6.977724994697104499 ) ) ;
#530 = DIRECTION ( 'NONE',  ( -0.000000000000000000, -0.000000000000000000, 1.000000000000000000 ) ) ;
#531 = DIRECTION ( 'NONE',  ( 0.000000000000000000, 0.000000000000000000, -1.000000000000000000 ) ) ;
#532 = CARTESIAN_POINT ( 'NONE',  ( -67.32589563892456397, 85.59691760397426208, -15.00000000000001421 ) ) ;
#533 = CARTESIAN_POINT ( 'NONE',  ( 58.07577625714868930, 85.99999999999994316, 3.699999999999995737 ) ) ;
#534 = AXIS2_PLACEMENT_3D ( 'NONE', #4625, #7955, #2422 ) ;
#535 = CARTESIAN_POINT ( 'NONE',  ( -65.99610380818045030, 89.44688055969744767, 5.484922902151760482 ) ) ;
#536 = CARTESIAN_POINT ( 'NONE',  ( -2.888894916580853780E-30, 89.99999999999997158, 10.55265396141676781 ) ) ;
#537 = ORIENTED_EDGE ( 'NONE', *, *, #6786, .F. ) ;
#538 = VECTOR ( 'NONE', #4794, 1000.000000000000000 ) ;
#539 = EDGE_CURVE ( 'NONE', #8618, #5, #7244, .T. ) ;
#540 = DIRECTION ( 'NONE',  ( 1.000000000000000000, 0.000000000000000000, 0.000000000000000000 ) ) ;
#541 = VERTEX_POINT ( 'NONE', #7511 ) ;
#542 = CARTESIAN_POINT ( 'NONE',  ( -42.73774158384601662, 85.99999999999994316, 8.056181792965283250 ) ) ;
#543 = B_SPLINE_CURVE_WITH_KNOTS ( 'NONE', 3,
 ( #4686, #7295, #1139, #5911 ),
 .UNSPECIFIED., .F., .F.,
 ( 4, 4 ),
 ( 0.000000000000000000, 0.02700000000000000663 ),
 .UNSPECIFIED. ) ;
#544 = VECTOR ( 'NONE', #2634, 1000.000000000000000 ) ;
#545 = CARTESIAN_POINT ( 'NONE',  ( -38.91775684545417135, 89.50000000000002842, 12.20672789442714290 ) ) ;
#546 = CARTESIAN_POINT ( 'NONE',  ( 40.25777667939014748, 83.00000000000000000, 15.00000000000000178 ) ) ;
#547 = CARTESIAN_POINT ( 'NONE',  ( 30.79999999999998650, 87.40000000000016200, 8.395370510911531525 ) ) ;
#548 = VECTOR ( 'NONE', #4275, 1000.000000000000000 ) ;
#549 = CARTESIAN_POINT ( 'NONE',  ( 59.83113491926698657, 89.99999999999998579, 4.977427385419172623 ) ) ;
#550 = ORIENTED_EDGE ( 'NONE', *, *, #3740, .F. ) ;
#551 = CARTESIAN_POINT ( 'NONE',  ( -92.60129968389897215, 80.29984777121323702, 14.95419175437359804 ) ) ;
#552 = VERTEX_POINT ( 'NONE', #6883 ) ;
#553 = EDGE_CURVE ( 'NONE', #827, #5617, #4138, .T. ) ;
#554 = ORIENTED_EDGE ( 'NONE', *, *, #2658, .F. ) ;
#555 = B_SPLINE_CURVE_WITH_KNOTS ( 'NONE', 3,
 ( #7010, #3594, #4362, #223 ),
 .UNSPECIFIED., .F., .F.,
 ( 4, 4 ),
 ( 0.000000000000000000, 0.09378120212346982565 ),
 .UNSPECIFIED. ) ;
#556 = CARTESIAN_POINT ( 'NONE',  ( 39.75827075065654270, 83.02222222221060122, 13.50000000000000000 ) ) ;
#557 = DIRECTION ( 'NONE',  ( -0.7747913791385933058, -0.6076271815622518169, 0.1746067783312862387 ) ) ;
#558 = CARTESIAN_POINT ( 'NONE',  ( -34.71254102175322487, 80.00000000000000000, 13.10000000000000142 ) ) ;
#559 = CARTESIAN_POINT ( 'NONE',  ( -28.53457416728500462, 89.99999999999968736, -15.00000000000000355 ) ) ;
#560 = ORIENTED_EDGE ( 'NONE', *, *, #8836, .F. ) ;
#561 = CARTESIAN_POINT ( 'NONE',  ( 17.67157287525382259, 86.00000000000000000, 12.49999999999999822 ) ) ;
#562 = CARTESIAN_POINT ( 'NONE',  ( -47.22801658833306249, 89.99999999999994316, 11.06240373179157643 ) ) ;
#563 = CARTESIAN_POINT ( 'NONE',  ( 66.00147650544998612, 90.00018136127602020, 17.00000000000001066 ) ) ;
#564 = ADVANCED_FACE ( 'NONE', ( #7602 ), #5672, .F. ) ;
#565 = VERTEX_POINT ( 'NONE', #1347 ) ;
#566 = CARTESIAN_POINT ( 'NONE',  ( 67.36889534085278797, 89.85125664687430458, 6.288146572234251330 ) ) ;
#567 = CARTESIAN_POINT ( 'NONE',  ( -89.23350695170967128, 78.80726240204211308, 10.72169787012836473 ) ) ;
#568 = CARTESIAN_POINT ( 'NONE',  ( -73.62170034365716731, 89.30588855110367774, 16.48152835150770912 ) ) ;
#569 = LINE ( 'NONE', #6052, #6991 ) ;
#570 = CYLINDRICAL_SURFACE ( 'NONE', #4655, 0.5000000000000004441 ) ;
#571 = VERTEX_POINT ( 'NONE', #6839 ) ;
#572 = CARTESIAN_POINT ( 'NONE',  ( 51.20059538569051227, 90.00000000000001421, 8.769121862016653779 ) ) ;
#573 = CARTESIAN_POINT ( 'NONE',  ( -15.00910350054426523, 69.76991160768594114, 12.50000000000000000 ) ) ;
#574 = ORIENTED_EDGE ( 'NONE', *, *, #8853, .T. ) ;
#575 = DIRECTION ( 'NONE',  ( 0.000000000000000000, 0.000000000000000000, -1.000000000000000000 ) ) ;
#576 = CARTESIAN_POINT ( 'NONE',  ( 39.75827075065654270, 83.02222222221060122, 17.00000000000001066 ) ) ;
#577 = PLANE ( 'NONE',  #4810 ) ;
#578 = ADVANCED_FACE ( 'NONE', ( #4180 ), #89, .T. ) ;
#579 = DIRECTION ( 'NONE',  ( 0.000000000000000000, 0.000000000000000000, -1.000000000000000000 ) ) ;
#580 = CARTESIAN_POINT ( 'NONE',  ( -59.11533652663931804, 90.00000000000000000, 5.697219832919584448 ) ) ;
#581 = ORIENTED_EDGE ( 'NONE', *, *, #539, .T. ) ;
#582 = CARTESIAN_POINT ( 'NONE',  ( -93.25327803998048637, 87.50000000000000000, 11.62759240929138116 ) ) ;
#583 = LINE ( 'NONE', #4672, #5507 ) ;
#584 = ORIENTED_EDGE ( 'NONE', *, *, #7629, .T. ) ;
#585 = CARTESIAN_POINT ( 'NONE',  ( 24.77999835097224945, 72.31761717137223400, 14.20000000000000107 ) ) ;
#586 = CARTESIAN_POINT ( 'NONE',  ( -39.04610343166699238, 89.50000000000002842, 11.88984900934773670 ) ) ;
#587 = CYLINDRICAL_SURFACE ( 'NONE', #6392, 0.5000000000000004441 ) ;
#588 = DIRECTION ( 'NONE',  ( -0.9271838545667908660, 0.3746065934159035216, 0.000000000000000000 ) ) ;
#589 = CARTESIAN_POINT ( 'NONE',  ( 59.75915546392488409, 89.99999999999879208, 4.540910041596020186 ) ) ;
#590 = ORIENTED_EDGE ( 'NONE', *, *, #8270, .T. ) ;
#591 = CARTESIAN_POINT ( 'NONE',  ( -92.76171717620847801, 80.41553431023990584, 13.76850363287945100 ) ) ;
#592 = ORIENTED_EDGE ( 'NONE', *, *, #7797, .F. ) ;
#593 = ORIENTED_EDGE ( 'NONE', *, *, #6042, .F. ) ;
#594 = CARTESIAN_POINT ( 'NONE',  ( 50.49999999999998579, 86.00000000000000000, 17.00000000000000711 ) ) ;
#595 = FACE_OUTER_BOUND ( 'NONE', #2931, .T. ) ;
#596 = CARTESIAN_POINT ( 'NONE',  ( -39.40963459195920393, 89.50000000000007105, 11.45046642064254705 ) ) ;
#597 = CARTESIAN_POINT ( 'NONE',  ( 26.99999999999998934, 86.59999999999999432, 8.400000000000000355 ) ) ;
#598 = EDGE_CURVE ( 'NONE', #4179, #3983, #5044, .T. ) ;
#599 = DIRECTION ( 'NONE',  ( -0.000000000000000000, -0.000000000000000000, 1.000000000000000000 ) ) ;
#600 = ADVANCED_FACE ( 'NONE', ( #4496 ), #1713, .T. ) ;
#601 = CARTESIAN_POINT ( 'NONE',  ( -46.25304592904093681, 89.50000000000000000, 13.95873417156758123 ) ) ;
#602 = CARTESIAN_POINT ( 'NONE',  ( -30.79999999999999361, 87.39999999999999147, 9.500000000000000000 ) ) ;
#603 = ORIENTED_EDGE ( 'NONE', *, *, #3271, .T. ) ;
#604 = CARTESIAN_POINT ( 'NONE',  ( 81.23178107799094505, 82.75985813816338066, 8.918431063698671224 ) ) ;
#605 = CARTESIAN_POINT ( 'NONE',  ( -93.04161135395845861, 76.18412774563319090, 13.38710523632075500 ) ) ;
#606 = CARTESIAN_POINT ( 'NONE',  ( -74.69426855654127451, 89.09403585189154740, 16.47973527775723213 ) ) ;
#607 = VECTOR ( 'NONE', #6436, 1000.000000000000000 ) ;
#608 = CARTESIAN_POINT ( 'NONE',  ( -58.07727362473497834, 89.34485357832083707, 3.698421660122023891 ) ) ;
#609 = DIRECTION ( 'NONE',  ( 0.000000000000000000, 0.000000000000000000, -1.000000000000000000 ) ) ;
#610 = DIRECTION ( 'NONE',  ( -1.000000000000000000, 0.000000000000000000, 0.000000000000000000 ) ) ;
#611 = ORIENTED_EDGE ( 'NONE', *, *, #5115, .F. ) ;
#612 = CARTESIAN_POINT ( 'NONE',  ( 58.08179894661549980, 89.34485357832085128, 3.693651658087765188 ) ) ;
#613 = CARTESIAN_POINT ( 'NONE',  ( 40.25777667939014748, 83.00000000000000000, 13.50000000000000000 ) ) ;
#614 = ORIENTED_EDGE ( 'NONE', *, *, #7074, .F. ) ;
#615 = CARTESIAN_POINT ( 'NONE',  ( 0.000000000000000000, 86.00000000000000000, 12.50000000000000000 ) ) ;
#616 = CARTESIAN_POINT ( 'NONE',  ( 70.27854933162392115, 89.54028380442836976, 6.932435713961332624 ) ) ;
#617 = CARTESIAN_POINT ( 'NONE',  ( 26.99999999999997868, 89.34485360493509631, 8.400000000000000355 ) ) ;
#618 = ADVANCED_FACE ( 'NONE', ( #949 ), #290, .T. ) ;
#619 = CARTESIAN_POINT ( 'NONE',  ( -24.55312006942095948, 85.99999999999998579, 8.400000000000000355 ) ) ;
#620 = ORIENTED_EDGE ( 'NONE', *, *, #8619, .T. ) ;
#621 = DIRECTION ( 'NONE',  ( -0.000000000000000000, -0.000000000000000000, 1.000000000000000000 ) ) ;
#622 = CARTESIAN_POINT ( 'NONE',  ( 24.06011343035047645, 73.74790443272765117, 12.50000000000000000 ) ) ;
#623 = ORIENTED_EDGE ( 'NONE', *, *, #5934, .F. ) ;
#624 = CARTESIAN_POINT ( 'NONE',  ( -35.33113522808785945, 85.99999999999998579, 8.351213476736898400 ) ) ;
#625 = CIRCLE ( 'NONE', #6935, 0.7999999999999951594 ) ;
#626 =( BOUNDED_SURFACE ( )  B_SPLINE_SURFACE ( 3, 2, ( 
 ( #407, #7107, #8461 ),
 ( #5001, #277, #5849 ),
 ( #7190, #7740, #7232 ),
 ( #3648, #2335, #1574 ),
 ( #3099, #1079, #4325 ),
 ( #8592, #6393, #231 ) ),
 .UNSPECIFIED., .F., .F., .F. ) 
 B_SPLINE_SURFACE_WITH_KNOTS ( ( 4, 2, 4 ),
 ( 3, 3 ),
 ( 0.000000000000000000, 0.0009111498003908335671, 0.001822299600781667134 ),
 ( 0.000000000000000000, 1.000000000000000000 ),
 .UNSPECIFIED. ) 
 GEOMETRIC_REPRESENTATION_ITEM ( )  RATIONAL_B_SPLINE_SURFACE ( (
 ( 1.000000000000000000, 0.7665143497509121495, 1.000000000000000000),
 ( 1.000000000000000000, 0.7665143497509121495, 1.000000000000000000),
 ( 1.000000000000000000, 0.7652041754118418249, 1.000000000000000000),
 ( 1.000000000000000000, 0.7691483052325734926, 1.000000000000000000),
 ( 1.000000000000000000, 0.7712360728637110974, 1.000000000000000000),
 ( 1.000000000000000000, 0.7733946536751723499, 1.000000000000000000) ) ) 
 REPRESENTATION_ITEM ( '' )  SURFACE ( )  );
#627 = CARTESIAN_POINT ( 'NONE',  ( -39.21712655908349632, 89.50000000000004263, 11.64612833471856668 ) ) ;
#628 = CARTESIAN_POINT ( 'NONE',  ( -59.28423450653723847, 89.99999999999998579, 5.039807161057965779 ) ) ;
#629 = CARTESIAN_POINT ( 'NONE',  ( 6.804986980587121259, 74.00000000000000000, 15.00000000000000000 ) ) ;
#630 = CARTESIAN_POINT ( 'NONE',  ( 55.99693935292521729, 89.87938544056079593, 6.888455599213920699 ) ) ;
#631 = VERTEX_POINT ( 'NONE', #905 ) ;
#632 = CARTESIAN_POINT ( 'NONE',  ( -36.41000099991106964, 82.25495999994770102, 15.00000000000000178 ) ) ;
#633 = EDGE_LOOP ( 'NONE', ( #7764, #4078, #5448, #7283 ) ) ;
#634 = AXIS2_PLACEMENT_3D ( 'NONE', #1355, #4144, #866 ) ;
#635 = VERTEX_POINT ( 'NONE', #6519 ) ;
#636 = FACE_OUTER_BOUND ( 'NONE', #5117, .T. ) ;
#637 = DIRECTION ( 'NONE',  ( -1.000000000000000000, 0.000000000000000000, 0.000000000000000000 ) ) ;
#638 = CARTESIAN_POINT ( 'NONE',  ( -44.31741857672444951, 89.34485360493506789, 7.942869873075065534 ) ) ;
#639 = FACE_OUTER_BOUND ( 'NONE', #3068, .T. ) ;
#640 = AXIS2_PLACEMENT_3D ( 'NONE', #6078, #8817, #2655 ) ;
#641 = AXIS2_PLACEMENT_3D ( 'NONE', #3704, #7970, #5768 ) ;
#642 = CARTESIAN_POINT ( 'NONE',  ( -73.42790303215109304, 85.50806290505833829, 17.00000000000006040 ) ) ;
#643 = CARTESIAN_POINT ( 'NONE',  ( -46.76867789368426287, 89.99999999999994316, 14.33715207767027700 ) ) ;
#644 = CARTESIAN_POINT ( 'NONE',  ( 63.25000001990012066, 90.00000000000000000, 16.99999999999998224 ) ) ;
#645 = ORIENTED_EDGE ( 'NONE', *, *, #835, .T. ) ;
#646 = ADVANCED_FACE ( 'NONE', ( #3694 ), #626, .T. ) ;
#647 = DIRECTION ( 'NONE',  ( -1.000000000000000000, 0.000000000000000000, -0.000000000000000000 ) ) ;
#648 = CARTESIAN_POINT ( 'NONE',  ( 30.00000000000000000, 88.19999999999998863, 8.397725512736064601 ) ) ;
#649 = EDGE_CURVE ( 'NONE', #3463, #7839, #8670, .T. ) ;
#650 = CARTESIAN_POINT ( 'NONE',  ( 58.92606891396933833, 89.87938524169979360, 4.931602951762852349 ) ) ;
#651 = EDGE_CURVE ( 'NONE', #8441, #6920, #6951, .T. ) ;
#652 = CARTESIAN_POINT ( 'NONE',  ( -58.09186127621011053, 89.34485357832085128, 3.683045248932527826 ) ) ;
#653 = CIRCLE ( 'NONE', #8414, 3.000000000000002665 ) ;
#654 = CARTESIAN_POINT ( 'NONE',  ( 74.76493151947433091, 84.85755456211542480, 11.50126471368050041 ) ) ;
#655 = CARTESIAN_POINT ( 'NONE',  ( 8.100000000000012079, 89.99999999999997158, 10.19999999999993534 ) ) ;
#656 = ORIENTED_EDGE ( 'NONE', *, *, #933, .T. ) ;
#657 = CARTESIAN_POINT ( 'NONE',  ( 26.99999999999997513, 90.00000000000000000, 10.19999999999993712 ) ) ;
#658 = CARTESIAN_POINT ( 'NONE',  ( 70.58103052174375591, 85.59291903715060812, 10.94898720091203970 ) ) ;
#659 = ORIENTED_EDGE ( 'NONE', *, *, #5676, .T. ) ;
#660 = CARTESIAN_POINT ( 'NONE',  ( -90.31400697876470929, 79.86929957979566552, 15.00000000000000178 ) ) ;
#661 = DIRECTION ( 'NONE',  ( -0.4226182617406971653, -0.9063077870366511579, 0.000000000000000000 ) ) ;
#662 = DIRECTION ( 'NONE',  ( 0.000000000000000000, 0.000000000000000000, -1.000000000000000000 ) ) ;
#663 = B_SPLINE_SURFACE_WITH_KNOTS ( 'NONE', 3, 1, ( 
 ( #2545, #2417 ),
 ( #8039, #6510 ),
 ( #7908, #1706 ),
 ( #1117, #5123 ),
 ( #1746, #532 ),
 ( #7224, #7273 ),
 ( #4487, #1069 ),
 ( #4446, #441 ),
 ( #1875, #1836 ),
 ( #6558, #396 ),
 ( #3182, #8755 ),
 ( #7866, #5891 ) ),
 .UNSPECIFIED., .F., .F., .F.,
 ( 4, 1, 1, 1, 2, 1, 1, 1, 4 ),
 ( 2, 2 ),
 ( 0.000000000000000000, 0.09456249999999999378, 0.1891249999999999876, 0.2836874999999999258, 0.3782499999999999751, 0.5336874999999998703, 0.6891249999999999876, 0.8445624999999998828, 1.000000000000000000 ),
 ( 0.000000000000000000, 1.000000000000000000 ),
 .UNSPECIFIED. ) ;
#664 = VECTOR ( 'NONE', #6924, 1000.000000000000000 ) ;
#665 = EDGE_LOOP ( 'NONE', ( #584, #8055, #6305, #7411 ) ) ;
#666 = CARTESIAN_POINT ( 'NONE',  ( 60.11977948795207993, 90.00000000000000000, 4.673175535269195713 ) ) ;
#667 = EDGE_LOOP ( 'NONE', ( #5721, #1434, #1542, #8170 ) ) ;
#668 = CARTESIAN_POINT ( 'NONE',  ( -23.50000000000002132, 85.00000000000000000, 17.00000000000000000 ) ) ;
#669 = CARTESIAN_POINT ( 'NONE',  ( -44.13666666659074167, 89.99999999999987210, 10.67000000000001947 ) ) ;
#670 = VERTEX_POINT ( 'NONE', #6478 ) ;
#671 = CARTESIAN_POINT ( 'NONE',  ( 17.62771867673099990, 83.00000000000000000, 3.694999999999993623 ) ) ;
#672 = CIRCLE ( 'NONE', #1825, 1.000000000000000888 ) ;
#673 = CARTESIAN_POINT ( 'NONE',  ( -38.95913845906073192, 89.50000000000001421, 13.06210087106671125 ) ) ;
#674 = CARTESIAN_POINT ( 'NONE',  ( -59.37858664708247147, 90.00000000000004263, 4.942054882036824637 ) ) ;
#675 = CARTESIAN_POINT ( 'NONE',  ( -59.64293222963175367, 89.96035551558121313, 4.505158812901221665 ) ) ;
#676 = VECTOR ( 'NONE', #3723, 1000.000000000000000 ) ;
#677 = CARTESIAN_POINT ( 'NONE',  ( 70.36849708492128741, 89.81877666453021902, 16.48786822133589780 ) ) ;
#678 = ORIENTED_EDGE ( 'NONE', *, *, #1374, .F. ) ;
#679 = DIRECTION ( 'NONE',  ( 1.000000000000000000, -0.000000000000000000, -0.000000000000000000 ) ) ;
#680 = ORIENTED_EDGE ( 'NONE', *, *, #8292, .T. ) ;
#681 = CARTESIAN_POINT ( 'NONE',  ( -36.41000099991106964, 82.25495999994770102, 17.00000000000000000 ) ) ;
#682 = EDGE_CURVE ( 'NONE', #7675, #700, #314, .T. ) ;
#683 = ORIENTED_EDGE ( 'NONE', *, *, #6021, .F. ) ;
#684 = LINE ( 'NONE', #4773, #3822 ) ;
#685 = DIRECTION ( 'NONE',  ( 0.000000000000000000, 0.000000000000000000, -1.000000000000000000 ) ) ;
#686 = PLANE ( 'NONE',  #4364 ) ;
#687 = VECTOR ( 'NONE', #6482, 1000.000000000000000 ) ;
#688 = EDGE_CURVE ( 'NONE', #8874, #6994, #1073, .T. ) ;
#689 = CARTESIAN_POINT ( 'NONE',  ( -8.861216499028216731, 80.00000000000000000, 12.50000000000000000 ) ) ;
#690 = CARTESIAN_POINT ( 'NONE',  ( -47.84902637681003057, 89.99999999999995737, 11.90214881783803236 ) ) ;
#691 = CARTESIAN_POINT ( 'NONE',  ( -74.36675265338755025, 84.98832690633480524, 12.53642215260135551 ) ) ;
#692 = CARTESIAN_POINT ( 'NONE',  ( -39.01439807119875525, 89.99999999999997158, 11.13859798346829066 ) ) ;
#693 = ORIENTED_EDGE ( 'NONE', *, *, #4828, .F. ) ;
#694 = CARTESIAN_POINT ( 'NONE',  ( 93.03352456396243042, 80.16181012536208073, 12.01343122975533362 ) ) ;
#695 = CARTESIAN_POINT ( 'NONE',  ( -92.68049208571994768, 76.50687071212487922, 14.73674433080311630 ) ) ;
#696 = CARTESIAN_POINT ( 'NONE',  ( 49.34202404474824988, 89.87938526875241507, 8.808624529299272865 ) ) ;
#697 = CARTESIAN_POINT ( 'NONE',  ( -58.28505800442624007, 89.34485357832089392, 3.479402193152072442 ) ) ;
#698 = DIRECTION ( 'NONE',  ( -1.000000000000000000, 2.775557561562891351E-14, 0.000000000000000000 ) ) ;
#699 = CARTESIAN_POINT ( 'NONE',  ( -92.60043425498783165, 80.35550406117594946, 14.96225413482757993 ) ) ;
#700 = VERTEX_POINT ( 'NONE', #3317 ) ;
#701 = CIRCLE ( 'NONE', #5734, 3.000000000000002665 ) ;
#702 = CARTESIAN_POINT ( 'NONE',  ( 58.23675882237218104, 89.34485357832083707, 3.530312957097187621 ) ) ;
#703 = DIRECTION ( 'NONE',  ( -1.000000000000000000, 0.000000000000000000, 0.000000000000000000 ) ) ;
#704 = CARTESIAN_POINT ( 'NONE',  ( -76.69966884770863658, 88.10396874570982106, 16.99999999999999645 ) ) ;
#705 = CARTESIAN_POINT ( 'NONE',  ( 92.83389310168156783, 76.30889113059477324, 11.53307690277786079 ) ) ;
#706 = FACE_OUTER_BOUND ( 'NONE', #8612, .T. ) ;
#707 = EDGE_CURVE ( 'NONE', #3233, #8675, #2232, .T. ) ;
#708 = EDGE_CURVE ( 'NONE', #7150, #7640, #7385, .T. ) ;
#709 = ORIENTED_EDGE ( 'NONE', *, *, #5464, .F. ) ;
#710 = CARTESIAN_POINT ( 'NONE',  ( 59.41310814103508164, 89.87938524157023323, 4.424180496367765336 ) ) ;
#711 = ORIENTED_EDGE ( 'NONE', *, *, #2480, .F. ) ;
#712 = CARTESIAN_POINT ( 'NONE',  ( -36.41000099991106964, 82.25495999994770102, 17.00000000000000000 ) ) ;
#713 = CARTESIAN_POINT ( 'NONE',  ( -92.72397121200467041, 79.76922673094561844, 12.02084747679480614 ) ) ;
#714 = ORIENTED_EDGE ( 'NONE', *, *, #6752, .F. ) ;
#715 = CARTESIAN_POINT ( 'NONE',  ( -35.62411092719546701, 85.99999999999994316, 8.345820274378993986 ) ) ;
#716 = CARTESIAN_POINT ( 'NONE',  ( -39.47372761536082209, 89.50000000000001421, 11.41827345000363714 ) ) ;
#717 = CARTESIAN_POINT ( 'NONE',  ( -59.37808325518608399, 89.99999999999997158, 4.942584886128928545 ) ) ;
#718 = CARTESIAN_POINT ( 'NONE',  ( -20.31192640368340108, 69.75150446665328730, 15.00000000000000000 ) ) ;
#719 = ORIENTED_EDGE ( 'NONE', *, *, #4220, .T. ) ;
#720 = DIRECTION ( 'NONE',  ( 0.000000000000000000, 0.000000000000000000, -1.000000000000000000 ) ) ;
#721 = ORIENTED_EDGE ( 'NONE', *, *, #1588, .F. ) ;
#722 = CARTESIAN_POINT ( 'NONE',  ( 59.99999999999999289, 87.50000000000000000, 17.00403242752945232 ) ) ;
#723 = EDGE_CURVE ( 'NONE', #90, #1012, #7959, .T. ) ;
#724 = VERTEX_POINT ( 'NONE', #4543 ) ;
#725 = CARTESIAN_POINT ( 'NONE',  ( 56.37626025718396505, 89.99999999999998579, 16.50000000000002132 ) ) ;
#726 = DIRECTION ( 'NONE',  ( -1.000000000000000000, 0.000000000000000000, 0.000000000000000000 ) ) ;
#727 = FACE_BOUND ( 'NONE', #1822, .T. ) ;
#728 = CARTESIAN_POINT ( 'NONE',  ( -68.98463498931991467, 85.90231501958614047, 17.00000000000000000 ) ) ;
#729 = CARTESIAN_POINT ( 'NONE',  ( -47.96689355785108688, 89.99999999999992895, 12.69502204962305392 ) ) ;
#730 = DIRECTION ( 'NONE',  ( -1.000000000000000000, 0.000000000000000000, 0.000000000000000000 ) ) ;
#731 = CARTESIAN_POINT ( 'NONE',  ( -38.83854958058976337, 89.99999999999994316, 11.31444282838118909 ) ) ;
#732 = ADVANCED_FACE ( 'NONE', ( #8676 ), #3864, .T. ) ;
#733 = ORIENTED_EDGE ( 'NONE', *, *, #2419, .F. ) ;
#734 = CARTESIAN_POINT ( 'NONE',  ( 78.30591190110446576, 83.75927051624388753, 8.259057967211834494 ) ) ;
#735 = CARTESIAN_POINT ( 'NONE',  ( 95.97699469686101281, 77.76725804572292589, 17.00000000000000000 ) ) ;
#736 = CARTESIAN_POINT ( 'NONE',  ( -68.21999202232849768, 90.00007430521120000, 17.00000000001520917 ) ) ;
#737 = CARTESIAN_POINT ( 'NONE',  ( -72.00057539316630084, 84.26388072135330276, 11.22215175600951831 ) ) ;
#738 = CARTESIAN_POINT ( 'NONE',  ( -51.25687320473893749, 89.34485357832083707, 6.912019339053016687 ) ) ;
#739 = CARTESIAN_POINT ( 'NONE',  ( 93.18924991720514583, 79.80122549566785040, 12.44546705424326305 ) ) ;
#740 = CARTESIAN_POINT ( 'NONE',  ( -91.87777452982135173, 77.18305446903173106, 16.24684844558682428 ) ) ;
#741 = ORIENTED_EDGE ( 'NONE', *, *, #3892, .F. ) ;
#742 = CARTESIAN_POINT ( 'NONE',  ( 57.85699176695661095, 89.34485357832099339, 3.920303844200611287 ) ) ;
#743 = CARTESIAN_POINT ( 'NONE',  ( -26.99999999999998934, 89.87938524157162590, 9.868613674765077448 ) ) ;
#744 = CARTESIAN_POINT ( 'NONE',  ( 0.000000000000000000, 83.09999999999999432, 14.70000000000002061 ) ) ;
#745 = CARTESIAN_POINT ( 'NONE',  ( 60.11977948795215809, 90.00000000000000000, 4.673175535269097125 ) ) ;
#746 = DIRECTION ( 'NONE',  ( -0.6171070287204429849, -0.7868792252333433046, 0.000000000000000000 ) ) ;
#747 = CIRCLE ( 'NONE', #7787, 0.5000000000000003331 ) ;
#748 = EDGE_CURVE ( 'NONE', #6149, #285, #7414, .T. ) ;
#749 = B_SPLINE_CURVE_WITH_KNOTS ( 'NONE', 3,
 ( #7903, #5884, #6597, #3176 ),
 .UNSPECIFIED., .F., .F.,
 ( 4, 4 ),
 ( 0.000000000000000000, 1.000000000000000000 ),
 .UNSPECIFIED. ) ;
#750 = ORIENTED_EDGE ( 'NONE', *, *, #2010, .T. ) ;
#751 = CARTESIAN_POINT ( 'NONE',  ( -59.50096704479425114, 90.00000000000001421, 5.324776686771782508 ) ) ;
#752 = ORIENTED_EDGE ( 'NONE', *, *, #6967, .F. ) ;
#753 = DIRECTION ( 'NONE',  ( 0.000000000000000000, -1.000000000000000000, 0.000000000000000000 ) ) ;
#754 = LINE ( 'NONE', #5437, #1910 ) ;
#755 = ORIENTED_EDGE ( 'NONE', *, *, #5544, .T. ) ;
#756 = EDGE_CURVE ( 'NONE', #6487, #2573, #4718, .T. ) ;
#757 = CARTESIAN_POINT ( 'NONE',  ( -53.99999999999997158, 82.50000000000000000, 15.00000000000000178 ) ) ;
#758 = EDGE_CURVE ( 'NONE', #6325, #506, #4953, .T. ) ;
#759 = CARTESIAN_POINT ( 'NONE',  ( -40.20724426239663529, 89.99999999999997158, 14.46999836967067843 ) ) ;
#760 = CARTESIAN_POINT ( 'NONE',  ( -59.30057676484752704, 90.00000000000002842, 5.023115496613145048 ) ) ;
#761 = CARTESIAN_POINT ( 'NONE',  ( -60.22970259012879524, 89.50000000000000000, 4.185408263296270803 ) ) ;
#762 = ORIENTED_EDGE ( 'NONE', *, *, #8832, .F. ) ;
#763 = CARTESIAN_POINT ( 'NONE',  ( -55.03473674896427070, 87.50000000000004263, 5.712153153431536623 ) ) ;
#764 = VERTEX_POINT ( 'NONE', #4589 ) ;
#765 = CARTESIAN_POINT ( 'NONE',  ( -56.72605250704970103, 89.34485357832083707, 4.807622002337061495 ) ) ;
#766 = AXIS2_PLACEMENT_3D ( 'NONE', #8762, #4037, #6783 ) ;
#767 = ORIENTED_EDGE ( 'NONE', *, *, #4449, .F. ) ;
#768 = CARTESIAN_POINT ( 'NONE',  ( 0.000000000000000000, 90.00000000000000000, 16.50000000000002842 ) ) ;
#769 = CARTESIAN_POINT ( 'NONE',  ( 25.95864661176151600, 74.84523652348138967, 14.20000000000000107 ) ) ;
#770 = CARTESIAN_POINT ( 'NONE',  ( -92.16066806173685677, 80.93400000655303472, 15.38163191781070616 ) ) ;
#771 = ORIENTED_EDGE ( 'NONE', *, *, #649, .T. ) ;
#772 = VECTOR ( 'NONE', #2937, 1000.000000000000000 ) ;
#773 = CARTESIAN_POINT ( 'NONE',  ( -47.22869234966221086, 89.99999999999997158, 14.08097304087794299 ) ) ;
#774 = CARTESIAN_POINT ( 'NONE',  ( -47.86985695126993789, 89.99999999999998579, 11.96051249453678444 ) ) ;
#775 = CARTESIAN_POINT ( 'NONE',  ( -74.57606622673357322, 84.92780243358923542, 12.17433570982209368 ) ) ;
#776 = CARTESIAN_POINT ( 'NONE',  ( -39.11129169354186530, 89.99999999999997158, 11.05903757268777987 ) ) ;
#777 = EDGE_CURVE ( 'NONE', #6281, #1733, #8801, .T. ) ;
#778 = ORIENTED_EDGE ( 'NONE', *, *, #7521, .T. ) ;
#779 = CARTESIAN_POINT ( 'NONE',  ( 88.03727263176860163, 83.13890225029341252, 10.45211482318421758 ) ) ;
#780 = CARTESIAN_POINT ( 'NONE',  ( 76.89373022254517309, 87.64402756324737709, -14.99999999999997513 ) ) ;
#781 = VECTOR ( 'NONE', #2601, 1000.000000000000000 ) ;
#782 = CARTESIAN_POINT ( 'NONE',  ( -92.29437860831626494, 77.11633288412443221, -15.00000000000000000 ) ) ;
#783 = VECTOR ( 'NONE', #6210, 1000.000000000000000 ) ;
#784 = CARTESIAN_POINT ( 'NONE',  ( -60.22970259012879524, 89.50000000000000000, 4.185408263296269027 ) ) ;
#785 = CARTESIAN_POINT ( 'NONE',  ( -50.55522537614211132, 89.34485357832082286, 7.066159711168685575 ) ) ;
#786 = LINE ( 'NONE', #7618, #1531 ) ;
#787 = CARTESIAN_POINT ( 'NONE',  ( 17.54999999999998650, 90.00000000000001421, 10.19999999999994245 ) ) ;
#788 = AXIS2_PLACEMENT_3D ( 'NONE', #1939, #1896, #6002 ) ;
#789 = ORIENTED_EDGE ( 'NONE', *, *, #4254, .T. ) ;
#790 = CARTESIAN_POINT ( 'NONE',  ( 58.18845964031815754, 89.34485357832086549, 3.581223721042297914 ) ) ;
#791 = CARTESIAN_POINT ( 'NONE',  ( 50.49999999999998579, 86.00000000000001421, 12.50000000000000000 ) ) ;
#792 = CARTESIAN_POINT ( 'NONE',  ( -51.53498746194967595, 79.77102461658081722, -0.5062160878754190518 ) ) ;
#793 = CARTESIAN_POINT ( 'NONE',  ( -90.61392201274486524, 82.14650685092840376, 17.00000000000007105 ) ) ;
#794 = CARTESIAN_POINT ( 'NONE',  ( -46.43644703802709017, 89.50000000000007105, 11.20643825266435911 ) ) ;
#795 = ADVANCED_FACE ( 'NONE', ( #7324 ), #450, .T. ) ;
#796 = ORIENTED_EDGE ( 'NONE', *, *, #1030, .T. ) ;
#797 = LINE ( 'NONE', #2323, #1106 ) ;
#798 = VERTEX_POINT ( 'NONE', #3996 ) ;
#799 = CARTESIAN_POINT ( 'NONE',  ( -46.06999999992408590, 85.99999750000007737, 10.37000000000000099 ) ) ;
#800 = CARTESIAN_POINT ( 'NONE',  ( 0.000000000000000000, 82.50000000000000000, 17.00000000000000000 ) ) ;
#801 = ORIENTED_EDGE ( 'NONE', *, *, #6832, .F. ) ;
#802 = AXIS2_PLACEMENT_3D ( 'NONE', #2045, #6236, #2586 ) ;
#803 = CARTESIAN_POINT ( 'NONE',  ( -93.03352456396245884, 80.16181012536208073, 12.01343122975534072 ) ) ;
#804 = CARTESIAN_POINT ( 'NONE',  ( -39.90355296182109157, 89.50000000000002842, 13.93356174733564323 ) ) ;
#805 = AXIS2_PLACEMENT_3D ( 'NONE', #712, #7592, #6292 ) ;
#806 = CARTESIAN_POINT ( 'NONE',  ( -38.47014304857821543, 89.99999999999997158, 13.17948750546319658 ) ) ;
#807 = ADVANCED_FACE ( 'NONE', ( #8046 ), #1250, .T. ) ;
#808 = CARTESIAN_POINT ( 'NONE',  ( -59.45405488528689375, 89.99999999999998579, 4.862507693542105436 ) ) ;
#809 = CARTESIAN_POINT ( 'NONE',  ( -35.51000099991107106, 82.25495999994770102, 17.00000000000000000 ) ) ;
#810 = VERTEX_POINT ( 'NONE', #6697 ) ;
#811 = CARTESIAN_POINT ( 'NONE',  ( -21.31192640368340108, 68.75150446665328730, 15.00000000000000000 ) ) ;
#812 = CARTESIAN_POINT ( 'NONE',  ( -56.47297803322995691, 89.34485357832083707, 4.966745147994825693 ) ) ;
#813 = VECTOR ( 'NONE', #2539, 1000.000000000000000 ) ;
#814 = ORIENTED_EDGE ( 'NONE', *, *, #3354, .F. ) ;
#815 = DIRECTION ( 'NONE',  ( 0.000000000000000000, 0.000000000000000000, 1.000000000000000000 ) ) ;
#816 = CARTESIAN_POINT ( 'NONE',  ( -42.20897288720229312, 89.99999999999997158, 14.46999999999997044 ) ) ;
#817 = DIRECTION ( 'NONE',  ( -1.000000000000000000, 0.000000000000000000, 0.000000000000000000 ) ) ;
#818 = VERTEX_POINT ( 'NONE', #8720 ) ;
#819 = CARTESIAN_POINT ( 'NONE',  ( -67.71224391866543613, 86.22823081774780007, 13.33250072075326109 ) ) ;
#820 = AXIS2_PLACEMENT_3D ( 'NONE', #21, #6328, #6189 ) ;
#821 = CARTESIAN_POINT ( 'NONE',  ( -67.49733080839671118, 86.29890415676739224, 17.00000000000000000 ) ) ;
#822 = EDGE_CURVE ( 'NONE', #4383, #2773, #4687, .T. ) ;
#823 = CARTESIAN_POINT ( 'NONE',  ( -59.12500001859802268, 89.99999999999997158, 16.99999999999762323 ) ) ;
#824 = CARTESIAN_POINT ( 'NONE',  ( -73.98422712139888802, 85.08476854504472442, 12.93473033843882902 ) ) ;
#825 = CARTESIAN_POINT ( 'NONE',  ( -38.38228344507509604, 89.99999999999997158, 12.81875962216932940 ) ) ;
#826 = ORIENTED_EDGE ( 'NONE', *, *, #8034, .T. ) ;
#827 = VERTEX_POINT ( 'NONE', #3358 ) ;
#828 = CARTESIAN_POINT ( 'NONE',  ( -73.30781616085441499, 85.08133144071938148, 9.272839068812050556 ) ) ;
#829 = CARTESIAN_POINT ( 'NONE',  ( 4.739010447466979414, 90.00000000000000000, -15.00000000000000178 ) ) ;
#830 = ADVANCED_FACE ( 'NONE', ( #3906 ), #6108, .T. ) ;
#831 = LINE ( 'NONE', #3577, #2205 ) ;
#832 = B_SPLINE_CURVE_WITH_KNOTS ( 'NONE', 3,
 ( #6500, #3081, #1556, #8395 ),
 .UNSPECIFIED., .F., .F.,
 ( 4, 4 ),
 ( 0.000000000000000000, 0.005799999999999999600 ),
 .UNSPECIFIED. ) ;
#833 = CARTESIAN_POINT ( 'NONE',  ( -2.247776679298901570, 82.50000000000000000, 17.00000000000000000 ) ) ;
#834 = CARTESIAN_POINT ( 'NONE',  ( -56.49007184936190384, 89.34485357832087971, 4.956305052066799277 ) ) ;
#835 = EDGE_CURVE ( 'NONE', #6619, #6325, #6981, .T. ) ;
#836 = CARTESIAN_POINT ( 'NONE',  ( 93.14135772768337063, 79.84539733234517200, 12.82586366357008778 ) ) ;
#837 = VECTOR ( 'NONE', #7467, 1000.000000000000000 ) ;
#838 = CARTESIAN_POINT ( 'NONE',  ( 0.000000000000000000, 83.09999999999999432, 17.00000000000002842 ) ) ;
#839 = ORIENTED_EDGE ( 'NONE', *, *, #2971, .T. ) ;
#840 = CARTESIAN_POINT ( 'NONE',  ( 52.29404831370767681, 89.34485357832086549, 6.652879412009474969 ) ) ;
#841 = CARTESIAN_POINT ( 'NONE',  ( 53.99999999999998579, 83.00000000000000000, 15.00000000000000178 ) ) ;
#842 = FACE_OUTER_BOUND ( 'NONE', #5951, .T. ) ;
#843 = CARTESIAN_POINT ( 'NONE',  ( -10.72644713164820018, 76.00000000000000000, 14.20000000000000107 ) ) ;
#844 = FACE_OUTER_BOUND ( 'NONE', #5993, .T. ) ;
#845 = AXIS2_PLACEMENT_3D ( 'NONE', #1945, #6894, #6762 ) ;
#846 = ORIENTED_EDGE ( 'NONE', *, *, #6786, .T. ) ;
#847 = CARTESIAN_POINT ( 'NONE',  ( -59.99999999999999289, 63.50000000000000000, 17.00000000000000355 ) ) ;
#848 = ORIENTED_EDGE ( 'NONE', *, *, #8106, .T. ) ;
#849 = PLANE ( 'NONE',  #7410 ) ;
#850 = DIRECTION ( 'NONE',  ( -1.000000000000000000, -0.000000000000000000, -0.000000000000000000 ) ) ;
#851 = ORIENTED_EDGE ( 'NONE', *, *, #6598, .T. ) ;
#852 = CARTESIAN_POINT ( 'NONE',  ( -71.71542066595257836, 89.32633116670442064, 7.250974138877048780 ) ) ;
#853 = ADVANCED_FACE ( 'NONE', ( #3950 ), #6026, .T. ) ;
#854 = CARTESIAN_POINT ( 'NONE',  ( 95.97699469686101281, 73.76725804572292589, 17.00000000000000000 ) ) ;
#855 = CARTESIAN_POINT ( 'NONE',  ( -38.62343559771466772, 90.00000000000007105, 13.52010638121928743 ) ) ;
#856 = CARTESIAN_POINT ( 'NONE',  ( -51.38535928186483659, 89.99999999999998579, 8.728557665414433231 ) ) ;
#857 = DIRECTION ( 'NONE',  ( -0.3746065934159061306, 0.9271838545667897558, -4.997964945189720788E-17 ) ) ;
#858 = ORIENTED_EDGE ( 'NONE', *, *, #348, .T. ) ;
#859 = LINE ( 'NONE', #5129, #5344 ) ;
#860 = CARTESIAN_POINT ( 'NONE',  ( -54.28095068959324010, 89.34485357832089392, 6.016450521740273061 ) ) ;
#861 = VERTEX_POINT ( 'NONE', #668 ) ;
#862 = CARTESIAN_POINT ( 'NONE',  ( -58.77966729991690187, 89.99999999999262457, 5.521482094107491356 ) ) ;
#863 = CARTESIAN_POINT ( 'NONE',  ( 70.22171854361363330, 85.56611432619652646, 8.221447032737133398 ) ) ;
#864 = VERTEX_POINT ( 'NONE', #4213 ) ;
#865 = CARTESIAN_POINT ( 'NONE',  ( -68.34475205658222308, 86.00255792380426101, 6.014213644316180662 ) ) ;
#866 = DIRECTION ( 'NONE',  ( -1.000000000000000000, 0.000000000000000000, 0.000000000000000000 ) ) ;
#867 = CARTESIAN_POINT ( 'NONE',  ( -65.65625205659154062, 89.50082993028367184, 16.99999999999999289 ) ) ;
#868 = CARTESIAN_POINT ( 'NONE',  ( -50.80999935143079682, 82.24689295812471812, 17.00000000000000000 ) ) ;
#869 = LINE ( 'NONE', #7569, #8719 ) ;
#870 = VERTEX_POINT ( 'NONE', #3591 ) ;
#871 = ORIENTED_EDGE ( 'NONE', *, *, #4240, .F. ) ;
#872 = CARTESIAN_POINT ( 'NONE',  ( -74.51246484097396205, 84.86560190045557306, 10.30608303235478296 ) ) ;
#873 = CARTESIAN_POINT ( 'NONE',  ( 33.52761121814194922, 90.00000000000002842, 17.00000000000003553 ) ) ;
#874 = ADVANCED_FACE ( 'NONE', ( #2099 ), #849, .F. ) ;
#875 = CARTESIAN_POINT ( 'NONE',  ( -95.97699469686101281, 73.76725804572292589, 17.00000000000000000 ) ) ;
#876 = EDGE_CURVE ( 'NONE', #631, #6111, #8563, .T. ) ;
#877 = CARTESIAN_POINT ( 'NONE',  ( -47.28325798049976214, 89.50000000000007105, 11.86992161383828659 ) ) ;
#878 = CARTESIAN_POINT ( 'NONE',  ( -50.02581328453573661, 89.34485357832096497, 7.174327542454487450 ) ) ;
#879 = CARTESIAN_POINT ( 'NONE',  ( 92.71949944860575954, 80.20508722137586233, 14.65014001901487894 ) ) ;
#880 = CARTESIAN_POINT ( 'NONE',  ( 51.55368108242623038, 89.34485357832083707, 6.848834531184410324 ) ) ;
#881 = ORIENTED_EDGE ( 'NONE', *, *, #8679, .T. ) ;
#882 = CARTESIAN_POINT ( 'NONE',  ( 45.69626145520430782, 89.34485357832080865, 7.801354583849218649 ) ) ;
#883 = EDGE_CURVE ( 'NONE', #2662, #3495, #4281, .T. ) ;
#884 = DIRECTION ( 'NONE',  ( -0.7071067811865435759, 8.659560562354882322E-17, 0.7071067811865515695 ) ) ;
#885 = CIRCLE ( 'NONE', #6765, 1.000000000000000888 ) ;
#886 = LINE ( 'NONE', #2276, #6286 ) ;
#887 = CARTESIAN_POINT ( 'NONE',  ( 68.02037695452530386, 86.12072256739439524, 9.646338738635718002 ) ) ;
#888 = LINE ( 'NONE', #2857, #1917 ) ;
#889 = VERTEX_POINT ( 'NONE', #6242 ) ;
#890 = CARTESIAN_POINT ( 'NONE',  ( -60.22970259012879524, 89.50000000000000000, 4.185408263296269027 ) ) ;
#891 = CARTESIAN_POINT ( 'NONE',  ( 54.08222540694386282, 90.00000000000001421, 8.378914214840094132 ) ) ;
#892 = CARTESIAN_POINT ( 'NONE',  ( 59.39770583955721150, 90.00000000000000000, 4.921903584811409438 ) ) ;
#893 = CARTESIAN_POINT ( 'NONE',  ( -39.18894500987310892, 85.99999999999997158, 10.64877656641134074 ) ) ;
#894 = ORIENTED_EDGE ( 'NONE', *, *, #8066, .T. ) ;
#895 = EDGE_CURVE ( 'NONE', #4767, #7137, #1512, .T. ) ;
#896 = CARTESIAN_POINT ( 'NONE',  ( -62.66918475508623487, 90.00000000000004263, 5.247708825572423130 ) ) ;
#897 = CARTESIAN_POINT ( 'NONE',  ( 76.89373022254517309, 83.64402756324737709, -14.99999999999997513 ) ) ;
#898 = EDGE_CURVE ( 'NONE', #3846, #284, #8221, .T. ) ;
#899 = CARTESIAN_POINT ( 'NONE',  ( -38.81982488883383553, 89.99999999999994316, 13.79798726226052175 ) ) ;
#900 = CARTESIAN_POINT ( 'NONE',  ( -52.03087583601030275, 89.99999999999995737, 8.578755798192460702 ) ) ;
#901 = DIRECTION ( 'NONE',  ( -1.000000000000000000, 0.000000000000000000, 0.000000000000000000 ) ) ;
#902 = AXIS2_PLACEMENT_3D ( 'NONE', #4454, #2872, #1031 ) ;
#903 = EDGE_LOOP ( 'NONE', ( #1437, #846, #6761, #7246, #2750 ) ) ;
#904 = CARTESIAN_POINT ( 'NONE',  ( -61.18750000095632657, 89.50000000000000000, 16.99999999999999289 ) ) ;
#905 = CARTESIAN_POINT ( 'NONE',  ( -21.31192640368340463, 78.00000000000000000, 12.50000000000000000 ) ) ;
#906 = VERTEX_POINT ( 'NONE', #6955 ) ;
#907 = CARTESIAN_POINT ( 'NONE',  ( -55.03424763282050236, 89.87938539800100557, 7.302227076188017918 ) ) ;
#908 = FACE_OUTER_BOUND ( 'NONE', #2043, .T. ) ;
#909 = CARTESIAN_POINT ( 'NONE',  ( 90.60264855163208608, 82.13057789342818182, 16.48120557518707585 ) ) ;
#910 = FACE_OUTER_BOUND ( 'NONE', #1893, .T. ) ;
#911 = CARTESIAN_POINT ( 'NONE',  ( -21.99999999650220772, 90.00000000000001421, 17.00000000000001066 ) ) ;
#912 = CARTESIAN_POINT ( 'NONE',  ( 41.41936630652165263, 89.87938521347668086, 9.653628320151973696 ) ) ;
#913 = VERTEX_POINT ( 'NONE', #4851 ) ;
#914 = EDGE_LOOP ( 'NONE', ( #6753, #8897, #3706, #4575 ) ) ;
#915 = ORIENTED_EDGE ( 'NONE', *, *, #707, .T. ) ;
#916 = CARTESIAN_POINT ( 'NONE',  ( 28.03652402102780528, 79.20004160230385537, 12.50000000000000000 ) ) ;
#917 = DIRECTION ( 'NONE',  ( 0.3746065934159061861, -0.9271838545667898668, 4.997964945189721404E-17 ) ) ;
#919 = CARTESIAN_POINT ( 'NONE',  ( -72.00057539316630084, 84.26388072135330276, 11.22215175600951831 ) ) ;
#918 = CIRCLE ( 'NONE', #5948, 2.000000000000000000 ) ;
#920 = CYLINDRICAL_SURFACE ( 'NONE', #4378, 0.8999999999999980238 ) ;
#921 = CARTESIAN_POINT ( 'NONE',  ( -47.45153474989641751, 89.50000000000001421, 12.34220864972951581 ) ) ;
#922 = CARTESIAN_POINT ( 'NONE',  ( -44.22713051244510751, 89.34485357832083707, 7.941700772904101591 ) ) ;
#923 = EDGE_CURVE ( 'NONE', #3233, #3915, #1426, .T. ) ;
#924 = CARTESIAN_POINT ( 'NONE',  ( 92.28093686422852215, 80.54950109954931747, 15.66061497941605474 ) ) ;
#925 = CARTESIAN_POINT ( 'NONE',  ( 55.33827022511323435, 89.34485357832085128, 5.575658595968937092 ) ) ;
#926 = ORIENTED_EDGE ( 'NONE', *, *, #2147, .T. ) ;
#927 = VECTOR ( 'NONE', #7649, 1000.000000000000000 ) ;
#928 = CARTESIAN_POINT ( 'NONE',  ( 43.48870934822149792, 89.34485357832080865, 8.001893168289464953 ) ) ;
#929 = DIRECTION ( 'NONE',  ( 1.000000000000000000, 0.000000000000000000, 0.000000000000000000 ) ) ;
#930 = LINE ( 'NONE', #5069, #3842 ) ;
#931 = CARTESIAN_POINT ( 'NONE',  ( 93.22213527165682478, 76.01316742057154840, 12.06375491662156207 ) ) ;
#932 = CARTESIAN_POINT ( 'NONE',  ( -63.12182789438067232, 89.50114633798075658, 4.837176849657242705 ) ) ;
#933 = EDGE_CURVE ( 'NONE', #7510, #2032, #2119, .T. ) ;
#934 = AXIS2_PLACEMENT_3D ( 'NONE', #8010, #2472, #4725 ) ;
#935 = VECTOR ( 'NONE', #3294, 1000.000000000000000 ) ;
#936 = VERTEX_POINT ( 'NONE', #8895 ) ;
#937 = CARTESIAN_POINT ( 'NONE',  ( -27.00000000000000000, 90.00000000000000000, 10.55265396141741086 ) ) ;
#938 = ORIENTED_EDGE ( 'NONE', *, *, #8649, .F. ) ;
#939 = CARTESIAN_POINT ( 'NONE',  ( 58.82817698953039809, 90.00000000000004263, 5.473462650664413509 ) ) ;
#940 = CARTESIAN_POINT ( 'NONE',  ( -39.57535686174941958, 85.99999999999997158, 10.47776547887198717 ) ) ;
#941 = CARTESIAN_POINT ( 'NONE',  ( -44.13666666659072035, 89.99999999999994316, 14.46999999999997222 ) ) ;
#942 = CARTESIAN_POINT ( 'NONE',  ( -60.11977948795215099, 89.50000000000000000, 4.673175535269134429 ) ) ;
#943 = CARTESIAN_POINT ( 'NONE',  ( -39.59952799122650191, 90.00000000000000000, 14.34885262946503559 ) ) ;
#944 = CARTESIAN_POINT ( 'NONE',  ( -50.36768717034065190, 90.00000000000012790, 8.941652804194802684 ) ) ;
#945 = CARTESIAN_POINT ( 'NONE',  ( -30.00000000000000000, 87.39999999999999147, -0.5062160878754172755 ) ) ;
#946 = ORIENTED_EDGE ( 'NONE', *, *, #1579, .F. ) ;
#947 = VECTOR ( 'NONE', #4797, 1000.000000000000000 ) ;
#948 = CARTESIAN_POINT ( 'NONE',  ( 68.17859266357565673, 89.49338687602656250, 17.00000000000000711 ) ) ;
#949 = FACE_OUTER_BOUND ( 'NONE', #3616, .T. ) ;
#950 = ORIENTED_EDGE ( 'NONE', *, *, #3290, .F. ) ;
#951 = CARTESIAN_POINT ( 'NONE',  ( -53.58101120806512085, 90.00000000000002842, 8.533012930282858122 ) ) ;
#952 = CARTESIAN_POINT ( 'NONE',  ( -21.31192640368340463, 78.00000000000000000, 15.00000000000000000 ) ) ;
#953 = CARTESIAN_POINT ( 'NONE',  ( 51.01757980652010360, 87.13774914479415656, 6.966314175278801812 ) ) ;
#954 = CARTESIAN_POINT ( 'NONE',  ( -38.50000000174956938, 89.49999999996184386, 17.00000000000000711 ) ) ;
#955 = DIRECTION ( 'NONE',  ( 0.7071067811865435759, 0.000000000000000000, 0.7071067811865515695 ) ) ;
#956 = VERTEX_POINT ( 'NONE', #5571 ) ;
#957 = EDGE_LOOP ( 'NONE', ( #8890, #4212, #4047, #325 ) ) ;
#958 = ORIENTED_EDGE ( 'NONE', *, *, #2351, .F. ) ;
#959 = CARTESIAN_POINT ( 'NONE',  ( -74.72906430361165064, 84.84286729074041489, 10.94885459280736661 ) ) ;
#960 = CARTESIAN_POINT ( 'NONE',  ( 92.34452425181913782, 80.79776110284349500, 15.54292304038729178 ) ) ;
#961 = ADVANCED_FACE ( 'NONE', ( #8314 ), #3544, .F. ) ;
#962 = CIRCLE ( 'NONE', #2103, 0.7999999999999951594 ) ;
#963 = B_SPLINE_CURVE_WITH_KNOTS ( 'NONE', 3,
 ( #6023, #26, #2768, #6909, #751, #580, #8083, #7409, #4669, #3315, #6062, #4211, #265, #5657, #3000, #5612, #2814, #8402, #2859, #3635, #8449, #4892, #5749, #937 ),
 .UNSPECIFIED., .F., .F.,
 ( 4, 2, 2, 2, 2, 2, 2, 2, 2, 2, 2, 4 ),
 ( 0.0005752755156561043881, 0.001108215991544341493, 0.001641156467432578273, 0.002707037419209054434, 0.004838799322762007624, 0.005904680274538484652, 0.006970561226314959946, 0.009102323129867893187, 0.01336584693697375967, 0.01762937074407962615, 0.02615641835829135911, 0.03468346597250308860 ),
 .UNSPECIFIED. ) ;
#964 = CARTESIAN_POINT ( 'NONE',  ( -76.89373022254517309, 83.64402756324737709, -14.99999999999997513 ) ) ;
#965 = VECTOR ( 'NONE', #2697, 1000.000000000000000 ) ;
#966 = DIRECTION ( 'NONE',  ( -1.000000000000000000, 0.000000000000000000, 0.000000000000000000 ) ) ;
#967 = CARTESIAN_POINT ( 'NONE',  ( -47.46947278611548171, 89.50000000000007105, 12.52527024330441563 ) ) ;
#968 = CARTESIAN_POINT ( 'NONE',  ( 52.25000001644485081, 89.99999999999997158, 16.50000000000954969 ) ) ;
#969 = VECTOR ( 'NONE', #3719, 1000.000000000000000 ) ;
#970 = DIRECTION ( 'NONE',  ( 1.000000000000000000, 0.000000000000000000, 0.000000000000000000 ) ) ;
#971 = LINE ( 'NONE', #6367, #2104 ) ;
#972 = ORIENTED_EDGE ( 'NONE', *, *, #7081, .F. ) ;
#973 = VECTOR ( 'NONE', #955, 999.9999999999998863 ) ;
#974 = CARTESIAN_POINT ( 'NONE',  ( 39.02992670236395156, 89.34485357832082286, 8.253547256314632818 ) ) ;
#975 = FACE_BOUND ( 'NONE', #5503, .T. ) ;
#976 = CARTESIAN_POINT ( 'NONE',  ( -23.37228132326903562, 83.00000000000000000, 17.00000000000003553 ) ) ;
#977 =( BOUNDED_SURFACE ( )  B_SPLINE_SURFACE ( 3, 2, ( 
 ( #1001, #323, #5810 ),
 ( #2389, #4461, #239 ),
 ( #3783, #6528, #4503 ),
 ( #2302, #367, #3110 ),
 ( #7792, #5862, #912 ),
 ( #4380, #8600, #5179 ),
 ( #1088, #3827, #6576 ),
 ( #8641, #2474, #6658 ),
 ( #3197, #1932, #3872 ),
 ( #2559, #1261, #1173 ),
 ( #5946, #1299, #1133 ),
 ( #4595, #8730, #502 ),
 ( #8143, #8769, #4552 ),
 ( #7371, #3286, #5396 ),
 ( #5443, #5310, #6117 ),
 ( #7468, #5353, #630 ),
 ( #2603, #8857, #8052 ),
 ( #3240, #2694, #3914 ),
 ( #8096, #8810, #8686 ),
 ( #1889, #1975, #6618 ),
 ( #457, #5992, #4681 ),
 ( #7331, #1806, #4636 ),
 ( #7290, #3325, #6790 ),
 ( #7424, #1216, #6073 ),
 ( #2518, #3957, #5266 ),
 ( #8013, #6706, #1850 ),
 ( #549, #6033, #4003 ),
 ( #6748, #589, #2647 ),
 ( #4727, #4043, #3369 ),
 ( #2014, #1343, #4088 ) ),
 .UNSPECIFIED., .F., .F., .T. ) 
 B_SPLINE_SURFACE_WITH_KNOTS ( ( 4, 2, 2, 2, 2, 2, 2, 2, 2, 2, 2, 2, 2, 2, 4 ),
 ( 3, 3 ),
 ( 0.000000000000000000, 0.008677553653414856252, 0.01735510730682971250, 0.01952449572018342960, 0.02169388413353714323, 0.02603266096024457049, 0.02820204937359828412, 0.02928674358027514094, 0.03037143778695199775, 0.03254082620030571138, 0.03362552040698256473, 0.03376110718281717660, 0.03389669395865178153, 0.03416786751032099834, 0.03471021461365942501 ),
 ( 0.000000000000000000, 1.000000000000000000 ),
 .UNSPECIFIED. ) 
 GEOMETRIC_REPRESENTATION_ITEM ( )  RATIONAL_B_SPLINE_SURFACE ( (
 ( 1.000000000000000000, 0.9848077530121843726, 1.000000000000000000),
 ( 1.000000000000000000, 0.9848077670467850764, 1.000000000000000000),
 ( 1.000000000000000000, 0.9848077531789092287, 1.000000000000000000),
 ( 1.000000000000000000, 0.9848077531789092287, 1.000000000000000000),
 ( 1.000000000000000000, 0.9848077530549785852, 1.000000000000000000),
 ( 1.000000000000000000, 0.9848077530549785852, 1.000000000000000000),
 ( 1.000000000000000000, 0.9848077540038342459, 1.000000000000000000),
 ( 1.000000000000000000, 0.9848077540038342459, 1.000000000000000000),
 ( 1.000000000000000000, 0.9848077562067808488, 1.000000000000000000),
 ( 1.000000000000000000, 0.9848077472965023338, 1.000000000000000000),
 ( 1.000000000000000000, 0.9848077520407358953, 1.000000000000000000),
 ( 1.000000000000000000, 0.9848077520407358953, 1.000000000000000000),
 ( 1.000000000000000000, 0.9848077424619298137, 1.000000000000000000),
 ( 1.000000000000000000, 0.9848077728863701141, 1.000000000000000000),
 ( 1.000000000000000000, 0.9848077605307153926, 1.000000000000000000),
 ( 1.000000000000000000, 0.9848077782956544679, 1.000000000000000000),
 ( 1.000000000000000000, 0.9848077542623645542, 1.000000000000000000),
 ( 1.000000000000000000, 0.9848077483047101843, 1.000000000000000000),
 ( 1.000000000000000000, 0.9848077387255936843, 1.000000000000000000),
 ( 1.000000000000000000, 0.9848077592459230090, 1.000000000000000000),
 ( 1.000000000000000000, 0.9848077530122762990, 1.000000000000000000),
 ( 1.000000000000000000, 0.9848077530122762990, 1.000000000000000000),
 ( 1.000000000000000000, 0.9848077530121859269, 1.000000000000000000),
 ( 1.000000000000000000, 0.9848077530121859269, 1.000000000000000000),
 ( 1.000000000000000000, 0.9848077530122080203, 1.000000000000000000),
 ( 1.000000000000000000, 0.9848077530122080203, 1.000000000000000000),
 ( 1.000000000000000000, 0.9848077530122062440, 1.000000000000000000),
 ( 1.000000000000000000, 0.9848077530122062440, 1.000000000000000000),
 ( 1.000000000000000000, 0.9848077530122065770, 1.000000000000000000),
 ( 1.000000000000000000, 0.9848077530122065770, 1.000000000000000000) ) ) 
 REPRESENTATION_ITEM ( '' )  SURFACE ( )  );
#978 = CARTESIAN_POINT ( 'NONE',  ( -67.43736215860465677, 89.35285731121156516, 5.809724499183495539 ) ) ;
#979 = CIRCLE ( 'NONE', #114, 2.000000000000000000 ) ;
#980 = ORIENTED_EDGE ( 'NONE', *, *, #8765, .T. ) ;
#981 = CARTESIAN_POINT ( 'NONE',  ( -21.31192640368340463, 78.00000000000000000, 36.88536684330890125 ) ) ;
#982 = ORIENTED_EDGE ( 'NONE', *, *, #1431, .F. ) ;
#983 = CARTESIAN_POINT ( 'NONE',  ( 59.42990529425991042, 89.99999999999998579, 4.887963075514661249 ) ) ;
#984 = CARTESIAN_POINT ( 'NONE',  ( 68.34475205658222308, 86.00255792380426101, 6.014213644316180662 ) ) ;
#985 = EDGE_CURVE ( 'NONE', #5174, #3233, #2429, .T. ) ;
#986 = DIRECTION ( 'NONE',  ( -1.000000000000000000, 0.000000000000000000, 0.000000000000000000 ) ) ;
#987 = CARTESIAN_POINT ( 'NONE',  ( -51.55368108242623038, 89.34485360493508210, 6.848834531184410324 ) ) ;
#988 = ADVANCED_FACE ( 'NONE', ( #1465 ), #2051, .F. ) ;
#989 = CARTESIAN_POINT ( 'NONE',  ( 50.50000000000000000, 85.99999999999998579, 8.884968362156206112 ) ) ;
#990 = CARTESIAN_POINT ( 'NONE',  ( -57.06251965219146172, 89.99999999999998579, 6.707923935622853051 ) ) ;
#991 = CARTESIAN_POINT ( 'NONE',  ( 30.00000000000000000, 87.39999999999999147, 9.500000000000000000 ) ) ;
#992 = ORIENTED_EDGE ( 'NONE', *, *, #3604, .T. ) ;
#993 = CARTESIAN_POINT ( 'NONE',  ( 74.75347661744274319, 84.84860501180507697, 11.22215175600951653 ) ) ;
#994 = CARTESIAN_POINT ( 'NONE',  ( -17.62771867673099990, 83.00000000000000000, 17.00000000000003553 ) ) ;
#995 = ORIENTED_EDGE ( 'NONE', *, *, #707, .F. ) ;
#996 = CARTESIAN_POINT ( 'NONE',  ( -45.70386916491674612, 89.87938526039823728, 9.280029248313121926 ) ) ;
#997 = CARTESIAN_POINT ( 'NONE',  ( 55.03473674896427070, 87.50000000000004263, 5.712153153431536623 ) ) ;
#998 = CARTESIAN_POINT ( 'NONE',  ( 26.99999999999998934, 89.87938524157162590, 9.868613674765077448 ) ) ;
#999 = CARTESIAN_POINT ( 'NONE',  ( -63.25000001990012066, 89.50000000000000000, 16.99999999999999289 ) ) ;
#1000 = EDGE_CURVE ( 'NONE', #3026, #1464, #1949, .T. ) ;
#1001 = CARTESIAN_POINT ( 'NONE',  ( 26.99999910764920585, 90.00000000000000000, 10.55265396141629530 ) ) ;
#1002 = ORIENTED_EDGE ( 'NONE', *, *, #410, .F. ) ;
#1003 = ORIENTED_EDGE ( 'NONE', *, *, #1697, .T. ) ;
#1004 = VERTEX_POINT ( 'NONE', #5614 ) ;
#1005 = DIRECTION ( 'NONE',  ( -0.000000000000000000, -0.000000000000000000, -1.000000000000000000 ) ) ;
#1006 = CARTESIAN_POINT ( 'NONE',  ( 82.74868153674886173, 85.67698953723879640, 9.260279346078625906 ) ) ;
#1007 = LINE ( 'NONE', #1728, #2491 ) ;
#1008 = CARTESIAN_POINT ( 'NONE',  ( -23.43640157826236958, 90.00000000000001421, 10.55265396141691703 ) ) ;
#1009 = DIRECTION ( 'NONE',  ( -0.000000000000000000, 0.000000000000000000, -1.000000000000000000 ) ) ;
#1010 = CARTESIAN_POINT ( 'NONE',  ( -32.28116530738056156, 89.34485357832082286, 8.388248914718701599 ) ) ;
#1011 = CARTESIAN_POINT ( 'NONE',  ( -45.32995852396240366, 89.34485357832085128, 7.839103087557253602 ) ) ;
#1012 = VERTEX_POINT ( 'NONE', #2771 ) ;
#1013 = CARTESIAN_POINT ( 'NONE',  ( 55.74206179998265753, 89.34485357832085128, 5.374184739885434325 ) ) ;
#1014 = CARTESIAN_POINT ( 'NONE',  ( -50.49999999999998579, 86.00000000000000000, 17.00000000000000711 ) ) ;
#1015 = CARTESIAN_POINT ( 'NONE',  ( 92.92598387663647941, 76.28981889645794467, 13.94695249769469925 ) ) ;
#1016 = CARTESIAN_POINT ( 'NONE',  ( -82.94473298284376028, 86.06834527340522811, 9.304461447620250070 ) ) ;
#1017 = EDGE_CURVE ( 'NONE', #4984, #1586, #8355, .T. ) ;
#1018 = ORIENTED_EDGE ( 'NONE', *, *, #3017, .F. ) ;
#1019 = DIRECTION ( 'NONE',  ( -1.000000000000000000, 0.000000000000000000, 0.000000000000000000 ) ) ;
#1020 = EDGE_LOOP ( 'NONE', ( #4662, #1509, #7886, #3717, #5636, #2916 ) ) ;
#1021 = CARTESIAN_POINT ( 'NONE',  ( 59.59090256777334815, 90.00000000000004263, 4.718260529030951389 ) ) ;
#1022 = CARTESIAN_POINT ( 'NONE',  ( 69.21774739781940866, 86.00000000000000000, 17.00000000000000000 ) ) ;
#1023 = CARTESIAN_POINT ( 'NONE',  ( -35.51000099991107106, 82.25495999994770102, 13.10000000000000142 ) ) ;
#1024 = CARTESIAN_POINT ( 'NONE',  ( 61.06238090575988764, 86.00000000000000000, -15.00000000000000000 ) ) ;
#1025 = ADVANCED_FACE ( 'NONE', ( #5074 ), #3387, .T. ) ;
#1026 = CARTESIAN_POINT ( 'NONE',  ( -39.57132210616391177, 89.99999999999997158, 10.80284792232971292 ) ) ;
#1027 = CARTESIAN_POINT ( 'NONE',  ( -51.47768587572865329, 90.00000000000001421, 8.707898883535749590 ) ) ;
#1028 = DIRECTION ( 'NONE',  ( 1.000000000000000000, 0.000000000000000000, 0.000000000000000000 ) ) ;
#1029 = ORIENTED_EDGE ( 'NONE', *, *, #7496, .F. ) ;
#1030 = EDGE_CURVE ( 'NONE', #5036, #5224, #5967, .T. ) ;
#1031 = DIRECTION ( 'NONE',  ( 1.000000000000000000, 0.000000000000000000, 0.000000000000000000 ) ) ;
#1032 = CARTESIAN_POINT ( 'NONE',  ( -70.23222778530949029, 85.56074918806974949, 8.076969983109398399 ) ) ;
#1033 = ORIENTED_EDGE ( 'NONE', *, *, #8409, .T. ) ;
#1034 = CARTESIAN_POINT ( 'NONE',  ( -59.03320195289082051, 89.99999999999752731, 5.294429110277349082 ) ) ;
#1035 = EDGE_CURVE ( 'NONE', #2214, #2562, #4901, .T. ) ;
#1036 = CIRCLE ( 'NONE', #6782, 2.000000000000000000 ) ;
#1037 = CARTESIAN_POINT ( 'NONE',  ( 23.32842712474621294, 86.00000000000000000, 8.400000000000000355 ) ) ;
#1038 = CARTESIAN_POINT ( 'NONE',  ( 51.99999999999998579, 87.50000000000000000, 6.730110844732275055 ) ) ;
#1039 = DIRECTION ( 'NONE',  ( -0.000000000000000000, -0.000000000000000000, 1.000000000000000000 ) ) ;
#1040 = FACE_OUTER_BOUND ( 'NONE', #507, .T. ) ;
#1041 = ORIENTED_EDGE ( 'NONE', *, *, #6130, .T. ) ;
#1042 = EDGE_LOOP ( 'NONE', ( #6529, #7091, #5704, #8490, #4250, #1957 ) ) ;
#1043 = ORIENTED_EDGE ( 'NONE', *, *, #95, .F. ) ;
#1044 = ORIENTED_EDGE ( 'NONE', *, *, #7629, .F. ) ;
#1045 = CARTESIAN_POINT ( 'NONE',  ( -80.96478562874152374, 87.26330003873938779, 16.47345878464109603 ) ) ;
#1046 = DIRECTION ( 'NONE',  ( -1.000000000000000000, 0.000000000000000000, 0.000000000000000000 ) ) ;
#1047 = DIRECTION ( 'NONE',  ( -1.000000000000000000, 0.000000000000000000, 0.000000000000000000 ) ) ;
#1048 = CARTESIAN_POINT ( 'NONE',  ( 29.63649281845480132, 78.00000000000000000, 14.20000000000000107 ) ) ;
#1049 = CARTESIAN_POINT ( 'NONE',  ( -47.04434713898587006, 89.50000000000000000, 11.56442462382873693 ) ) ;
#1050 = DIRECTION ( 'NONE',  ( -1.000000000000000000, 0.000000000000000000, 0.000000000000000000 ) ) ;
#1051 = ADVANCED_FACE ( 'NONE', ( #4650 ), #1604, .T. ) ;
#1052 = CARTESIAN_POINT ( 'NONE',  ( -50.99471664511850832, 89.34485357832085128, 6.971451801627630118 ) ) ;
#1053 = EDGE_LOOP ( 'NONE', ( #4171, #8459, #5456, #1751 ) ) ;
#1054 = CARTESIAN_POINT ( 'NONE',  ( 82.94473298284376028, 86.06834527340522811, 9.304461447620250070 ) ) ;
#1055 = ORIENTED_EDGE ( 'NONE', *, *, #1276, .T. ) ;
#1056 = AXIS2_PLACEMENT_3D ( 'NONE', #1859, #7340, #1183 ) ;
#1058 = CARTESIAN_POINT ( 'NONE',  ( -48.17839985231064759, 82.50000000000000000, 15.00000000000000178 ) ) ;
#1057 = APPROVAL ( #8893, 'Deckungsgleich' ) ;
#1059 = CARTESIAN_POINT ( 'NONE',  ( -78.72309813067460027, 87.66191522435156003, 8.808215870081069099 ) ) ;
#1060 = VECTOR ( 'NONE', #5158, 1000.000000000000000 ) ;
#1061 = VERTEX_POINT ( 'NONE', #4697 ) ;
#1062 = DIRECTION ( 'NONE',  ( 0.9755345439457592249, 0.000000000000000000, 0.2198462043532692922 ) ) ;
#1064 = EDGE_CURVE ( 'NONE', #6564, #1622, #3737, .T. ) ;
#1063 = LINE ( 'NONE', #2496, #6235 ) ;
#1065 = EDGE_CURVE ( 'NONE', #4767, #1987, #8293, .T. ) ;
#1066 = CARTESIAN_POINT ( 'NONE',  ( 59.42185543058425878, 90.00000000000002842, 4.896448202838855401 ) ) ;
#1067 = CARTESIAN_POINT ( 'NONE',  ( -58.13740948926525220, 89.87938524598797585, 5.615859921766571006 ) ) ;
#1068 = DIRECTION ( 'NONE',  ( -0.000000000000000000, 1.000000000000000000, -0.000000000000000000 ) ) ;
#1069 = CARTESIAN_POINT ( 'NONE',  ( -52.96619873587256677, 86.00000000000000000, -15.00000000000000178 ) ) ;
#1070 = LINE ( 'NONE', #5892, #1933 ) ;
#1071 = VECTOR ( 'NONE', #3469, 1000.000000000000000 ) ;
#1072 = ADVANCED_FACE ( 'NONE', ( #7574 ), #4784, .F. ) ;
#1073 = CIRCLE ( 'NONE', #2643, 2.000000000000000000 ) ;
#1074 = CARTESIAN_POINT ( 'NONE',  ( 59.03717973181850454, 89.21354672408509145, 3.916661630354272283 ) ) ;
#1075 = CARTESIAN_POINT ( 'NONE',  ( -58.01259245387412733, 89.34485357832086549, 3.765688454320901712 ) ) ;
#1076 = DIRECTION ( 'NONE',  ( 0.4226182617406971098, 0.9063077870366510469, 0.000000000000000000 ) ) ;
#1077 = ORIENTED_EDGE ( 'NONE', *, *, #1165, .F. ) ;
#1078 = PERSON_AND_ORGANIZATION ( #18446744073709551615, #18446744073709551615 ) ;
#1079 = CARTESIAN_POINT ( 'NONE',  ( 58.11651237101859380, 89.35385349897779861, 3.709180279797363866 ) ) ;
#1080 = CIRCLE ( 'NONE', #1217, 0.8999999999999980238 ) ;
#1081 = ORIENTED_EDGE ( 'NONE', *, *, #3131, .T. ) ;
#1082 = CARTESIAN_POINT ( 'NONE',  ( -50.50000001708335162, 86.00000000000000000, 7.077492267574220897 ) ) ;
#1083 = EDGE_CURVE ( 'NONE', #5668, #4025, #8826, .T. ) ;
#1084 = CARTESIAN_POINT ( 'NONE',  ( -39.90625984992421849, 89.50000000000007105, 13.92269067516925141 ) ) ;
#1085 = VECTOR ( 'NONE', #3890, 1000.000000000000000 ) ;
#1086 = CARTESIAN_POINT ( 'NONE',  ( 23.50000000000002132, 85.00000000000000000, 3.694999999999993623 ) ) ;
#1087 = CARTESIAN_POINT ( 'NONE',  ( 23.32842712474619873, 85.99999999999998579, 9.766666666666667496 ) ) ;
#1088 = CARTESIAN_POINT ( 'NONE',  ( 45.77425049348276076, 89.99999999999995737, 9.960479721992223645 ) ) ;
#1089 = VERTEX_POINT ( 'NONE', #2078 ) ;
#1090 = ORIENTED_EDGE ( 'NONE', *, *, #1104, .F. ) ;
#1091 = ORIENTED_EDGE ( 'NONE', *, *, #4880, .F. ) ;
#1092 = DIRECTION ( 'NONE',  ( 1.000000000000000000, 0.000000000000000000, 0.000000000000000000 ) ) ;
#1093 = CARTESIAN_POINT ( 'NONE',  ( 77.90029331903430432, 88.31454598224800634, 17.00000000001125855 ) ) ;
#1094 = CARTESIAN_POINT ( 'NONE',  ( 80.02359137411477263, 86.74140475337837586, 8.646153754633800759 ) ) ;
#1095 = CARTESIAN_POINT ( 'NONE',  ( -49.90999935143079824, 82.24689295812471812, 15.00000000000000178 ) ) ;
#1096 = CIRCLE ( 'NONE', #1816, 0.7999999999999951594 ) ;
#1097 = EDGE_CURVE ( 'NONE', #2695, #6521, #8167, .T. ) ;
#1098 = CARTESIAN_POINT ( 'NONE',  ( -42.20333333325742586, 89.50000000000002842, 11.16999999999999993 ) ) ;
#1099 = CARTESIAN_POINT ( 'NONE',  ( -47.02228704189197117, 89.99999999999997158, 10.92470397005047289 ) ) ;
#1100 = CARTESIAN_POINT ( 'NONE',  ( 38.50000000174956938, 89.49999999996184386, 17.00000000000000711 ) ) ;
#1101 = CARTESIAN_POINT ( 'NONE',  ( -44.59537276565780672, 89.34485357832079444, 7.909277786276605937 ) ) ;
#1102 = VERTEX_POINT ( 'NONE', #1407 ) ;
#1103 = CARTESIAN_POINT ( 'NONE',  ( 66.02079419520032388, 89.93403378444351404, 5.490487121192944464 ) ) ;
#1104 = EDGE_CURVE ( 'NONE', #565, #3244, #7613, .T. ) ;
#1105 = ORIENTED_EDGE ( 'NONE', *, *, #7521, .F. ) ;
#1106 = VECTOR ( 'NONE', #72, 1000.000000000000114 ) ;
#1107 = CARTESIAN_POINT ( 'NONE',  ( 57.73362150751905375, 89.34485357832086549, 4.034953414339246258 ) ) ;
#1108 = DIRECTION ( 'NONE',  ( -1.000000000000000000, 0.000000000000000000, 0.000000000000000000 ) ) ;
#1109 = EDGE_CURVE ( 'NONE', #7428, #2999, #2619, .T. ) ;
#1110 = VECTOR ( 'NONE', #8662, 1000.000000000000000 ) ;
#1111 = LINE ( 'NONE', #5118, #1110 ) ;
#1112 = DIRECTION ( 'NONE',  ( 0.000000000000000000, 0.000000000000000000, -1.000000000000000000 ) ) ;
#1113 = CARTESIAN_POINT ( 'NONE',  ( 55.44445056956783446, 89.99999999999997158, 7.491367151014070913 ) ) ;
#1114 = CARTESIAN_POINT ( 'NONE',  ( -55.39522543991666481, 89.87938538906485064, 7.169301136570284783 ) ) ;
#1115 = AXIS2_PLACEMENT_3D ( 'NONE', #6849, #8244, #2841 ) ;
#1116 = FACE_OUTER_BOUND ( 'NONE', #6901, .T. ) ;
#1117 = CARTESIAN_POINT ( 'NONE',  ( -84.06671369676456607, 82.31421503386509642, 16.99999999999997868 ) ) ;
#1118 = CIRCLE ( 'NONE', #4107, 0.5000000000000000000 ) ;
#1119 = CARTESIAN_POINT ( 'NONE',  ( 55.93577646977460205, 89.34485360493509631, 5.277979241727748239 ) ) ;
#1120 = VECTOR ( 'NONE', #7578, 1000.000000000000000 ) ;
#1121 = CARTESIAN_POINT ( 'NONE',  ( 9.371937135110783856, 78.80006240345578306, 14.20000000000000107 ) ) ;
#1122 = CARTESIAN_POINT ( 'NONE',  ( -58.07537860097384907, 89.34485357832080865, 3.700419161637977794 ) ) ;
#1123 = CARTESIAN_POINT ( 'NONE',  ( -67.49733080839671118, 86.29890415676739224, 17.00000000000000000 ) ) ;
#1124 = ORIENTED_EDGE ( 'NONE', *, *, #1536, .F. ) ;
#1125 = DIRECTION ( 'NONE',  ( 0.000000000000000000, 0.000000000000000000, -1.000000000000000000 ) ) ;
#1126 = CARTESIAN_POINT ( 'NONE',  ( -8.861216499028216731, 78.00000000000000000, 12.50000000000000000 ) ) ;
#1127 = EDGE_CURVE ( 'NONE', #541, #2252, #4584, .T. ) ;
#1128 = VERTEX_POINT ( 'NONE', #4149 ) ;
#1129 = CARTESIAN_POINT ( 'NONE',  ( -46.64945272921753627, 86.00000000000000000, 7.692809177778535457 ) ) ;
#1130 = CARTESIAN_POINT ( 'NONE',  ( -39.45334018309308277, 89.50000000000000000, 13.70804469021076599 ) ) ;
#1131 = DIRECTION ( 'NONE',  ( 1.000000000000000000, 0.000000000000000000, 0.000000000000000000 ) ) ;
#1132 = LINE ( 'NONE', #6032, #4715 ) ;
#1133 = CARTESIAN_POINT ( 'NONE',  ( 51.35115405891014007, 89.87938523730703366, 8.430818030775730776 ) ) ;
#1134 = ORIENTED_EDGE ( 'NONE', *, *, #6428, .T. ) ;
#1135 = AXIS2_PLACEMENT_3D ( 'NONE', #7755, #2307, #5056 ) ;
#1136 = CARTESIAN_POINT ( 'NONE',  ( 17.62771867673099990, 83.00000000000000000, 15.00000000000000178 ) ) ;
#1137 = ORIENTED_EDGE ( 'NONE', *, *, #7627, .F. ) ;
#1138 = ORIENTED_EDGE ( 'NONE', *, *, #4181, .F. ) ;
#1139 = CARTESIAN_POINT ( 'NONE',  ( -17.99999999999998934, 89.87938524157182485, 9.868613674765548183 ) ) ;
#1140 = CARTESIAN_POINT ( 'NONE',  ( -90.60264855163208608, 82.13057789342818182, 16.48120557518707585 ) ) ;
#1141 = CARTESIAN_POINT ( 'NONE',  ( 92.72855042471904596, 80.19726377325841327, 14.60485196184560941 ) ) ;
#1142 = DIRECTION ( 'NONE',  ( 1.000000000000000000, 0.000000000000000000, 0.000000000000000000 ) ) ;
#1143 = FACE_OUTER_BOUND ( 'NONE', #665, .T. ) ;
#1144 = CARTESIAN_POINT ( 'NONE',  ( -46.06999999992408590, 89.50000000000002842, 13.97000000000000242 ) ) ;
#1145 = DIRECTION ( 'NONE',  ( 0.000000000000000000, -1.000000000000000000, 0.000000000000000000 ) ) ;
#1146 = CARTESIAN_POINT ( 'NONE',  ( -43.48870934822149792, 89.34485357832080865, 8.001893168289464953 ) ) ;
#1147 = ORIENTED_EDGE ( 'NONE', *, *, #3871, .F. ) ;
#1148 = CARTESIAN_POINT ( 'NONE',  ( 84.22215856270808843, 85.52627148256560474, 10.03520251165147315 ) ) ;
#1149 = ORIENTED_EDGE ( 'NONE', *, *, #6726, .T. ) ;
#1150 = DIRECTION ( 'NONE',  ( 1.000000000000000000, 0.000000000000000000, 0.000000000000000000 ) ) ;
#1151 = ADVANCED_FACE ( 'NONE', ( #7526 ), #1361, .T. ) ;
#1152 = LINE ( 'NONE', #7987, #1060 ) ;
#1153 = EDGE_LOOP ( 'NONE', ( #8567, #77, #8413, #1811 ) ) ;
#1154 = FACE_OUTER_BOUND ( 'NONE', #7257, .T. ) ;
#1155 = EDGE_CURVE ( 'NONE', #906, #571, #80, .T. ) ;
#1156 = CARTESIAN_POINT ( 'NONE',  ( -93.20011252351622488, 79.81360225121356677, 12.30218614253754694 ) ) ;
#1157 = CARTESIAN_POINT ( 'NONE',  ( 43.25000730176598296, 89.99999999999995737, 9.824859442184953551 ) ) ;
#1158 = CARTESIAN_POINT ( 'NONE',  ( -24.99999999999999289, 87.39999999999999147, -0.5062160878754172755 ) ) ;
#1159 = CARTESIAN_POINT ( 'NONE',  ( 53.99999999999998579, 80.00000000000000000, 12.50000000000000000 ) ) ;
#1160 = DIRECTION ( 'NONE',  ( 0.000000000000000000, -0.000000000000000000, 1.000000000000000000 ) ) ;
#1161 = CARTESIAN_POINT ( 'NONE',  ( -23.32842712474619873, 85.99999999999998579, 9.766666666666667496 ) ) ;
#1162 = CARTESIAN_POINT ( 'NONE',  ( -38.88265557630519709, 89.99999999999997158, 11.27034002552928982 ) ) ;
#1163 = CARTESIAN_POINT ( 'NONE',  ( 66.00000000000092371, 87.50000000000000000, 17.00000000000000000 ) ) ;
#1164 = ORIENTED_EDGE ( 'NONE', *, *, #7352, .T. ) ;
#1165 = EDGE_CURVE ( 'NONE', #764, #6382, #3708, .T. ) ;
#1166 = CARTESIAN_POINT ( 'NONE',  ( -22.87228132326903562, 83.00000000000000000, 3.694999999999993623 ) ) ;
#1167 = DIRECTION ( 'NONE',  ( -1.000000000000000000, -8.249565755581262136E-16, 0.000000000000000000 ) ) ;
#1168 = VERTEX_POINT ( 'NONE', #7032 ) ;
#1169 = PLANE ( 'NONE',  #7989 ) ;
#1170 = DIRECTION ( 'NONE',  ( 4.163336342345625335E-16, -0.000000000000000000, 1.000000000000000000 ) ) ;
#1171 = DIRECTION ( 'NONE',  ( 1.000000000000000000, 0.000000000000000000, 0.000000000000000000 ) ) ;
#1172 = CARTESIAN_POINT ( 'NONE',  ( 30.21129663255285536, 86.60000000000000853, 8.397243766543615706 ) ) ;
#1173 = CARTESIAN_POINT ( 'NONE',  ( 49.95800732478154060, 89.87938528993367981, 8.702257921839635202 ) ) ;
#1174 = ORIENTED_EDGE ( 'NONE', *, *, #8796, .T. ) ;
#1175 = CARTESIAN_POINT ( 'NONE',  ( -92.56279703138355330, 80.59063242614264766, 14.43414026214429136 ) ) ;
#1176 = ORIENTED_EDGE ( 'NONE', *, *, #3449, .T. ) ;
#1177 = ORIENTED_EDGE ( 'NONE', *, *, #2651, .T. ) ;
#1178 = CARTESIAN_POINT ( 'NONE',  ( 42.71680447107227963, 85.99999999999998579, 8.080550348581979847 ) ) ;
#1179 = ORIENTED_EDGE ( 'NONE', *, *, #8776, .F. ) ;
#1180 = DIRECTION ( 'NONE',  ( -1.000000000000000000, 0.000000000000000000, 0.000000000000000000 ) ) ;
#1181 = CARTESIAN_POINT ( 'NONE',  ( -38.90643825258845112, 89.50000000000004263, 12.20355296189700489 ) ) ;
#1182 = VECTOR ( 'NONE', #1977, 1000.000000000000000 ) ;
#1183 = DIRECTION ( 'NONE',  ( 1.000000000000000000, 0.000000000000000000, 0.000000000000000000 ) ) ;
#1184 = CARTESIAN_POINT ( 'NONE',  ( -77.05912879722143316, 84.70118636902911646, 17.00000000000006395 ) ) ;
#1185 = CARTESIAN_POINT ( 'NONE',  ( -47.28256765327880373, 89.50000000000000000, 13.27014975499661098 ) ) ;
#1186 = CARTESIAN_POINT ( 'NONE',  ( 91.45022761986992066, 81.50606786014483873, 16.24707239032179373 ) ) ;
#1187 = CARTESIAN_POINT ( 'NONE',  ( -44.22713051244510751, 89.34485357832083707, 7.941700772904101591 ) ) ;
#1188 = EDGE_LOOP ( 'NONE', ( #5087, #64, #1248, #4284, #6464, #6377 ) ) ;
#1189 = CARTESIAN_POINT ( 'NONE',  ( 35.28715502440938678, 89.34485357832083707, 8.351905473510448985 ) ) ;
#1190 = ORIENTED_EDGE ( 'NONE', *, *, #2590, .F. ) ;
#1191 = CARTESIAN_POINT ( 'NONE',  ( 92.58021170628011021, 76.59429503431840658, 15.00717923019333710 ) ) ;
#1192 = DIRECTION ( 'NONE',  ( 1.000000000000000000, 0.000000000000000000, 0.000000000000000000 ) ) ;
#1193 = ADVANCED_FACE ( 'NONE', ( #7070 ), #6359, .F. ) ;
#1194 = CARTESIAN_POINT ( 'NONE',  ( 38.91000000008891391, 83.09999999994768416, 13.85000000000000675 ) ) ;
#1195 = LINE ( 'NONE', #392, #53 ) ;
#1196 = VECTOR ( 'NONE', #8494, 1000.000000000000000 ) ;
#1197 = CARTESIAN_POINT ( 'NONE',  ( 52.58179795054667238, 89.99999999999995737, 8.439155890018383843 ) ) ;
#1198 = DIRECTION ( 'NONE',  ( 1.000000000000000000, 0.000000000000000000, 0.000000000000000000 ) ) ;
#1199 = CARTESIAN_POINT ( 'NONE',  ( 51.99999999999998579, 86.00000000000000000, 17.00403242752945232 ) ) ;
#1200 = CARTESIAN_POINT ( 'NONE',  ( 17.67157287525383680, 86.00000000000000000, 8.399999999999996803 ) ) ;
#1201 = CARTESIAN_POINT ( 'NONE',  ( 51.55368108242623038, 85.99999999999995737, 6.848834531184410324 ) ) ;
#1202 = VECTOR ( 'NONE', #6987, 1000.000000000000000 ) ;
#1203 = CARTESIAN_POINT ( 'NONE',  ( 0.000000000000000000, 83.09999999999999432, 17.00000000000000000 ) ) ;
#1204 = VECTOR ( 'NONE', #3220, 1000.000000000000000 ) ;
#1205 = DIRECTION ( 'NONE',  ( 0.000000000000000000, -1.000000000000000000, 0.000000000000000000 ) ) ;
#1206 = ORIENTED_EDGE ( 'NONE', *, *, #2820, .T. ) ;
#1207 = CARTESIAN_POINT ( 'NONE',  ( 9.371937135110783856, 79.80006240345578306, 12.50000000000000000 ) ) ;
#1208 = ORIENTED_EDGE ( 'NONE', *, *, #822, .F. ) ;
#1209 = CARTESIAN_POINT ( 'NONE',  ( 93.25327803998048637, 87.50000000000000000, 11.62759240929138116 ) ) ;
#1210 = VECTOR ( 'NONE', #5138, 1000.000000000000000 ) ;
#1211 = CARTESIAN_POINT ( 'NONE',  ( -39.81901527251309858, 89.49999999999998579, 13.89615672140411995 ) ) ;
#1212 = EDGE_CURVE ( 'NONE', #6564, #3057, #4157, .T. ) ;
#1213 = DIRECTION ( 'NONE',  ( 0.000000000000000000, -1.000000000000000000, 0.000000000000000000 ) ) ;
#1214 = VECTOR ( 'NONE', #1213, 1000.000000000000000 ) ;
#1215 = DIRECTION ( 'NONE',  ( 1.000000000000000000, 0.000000000000000000, 0.000000000000000000 ) ) ;
#1216 = CARTESIAN_POINT ( 'NONE',  ( 59.39109433460564702, 90.00000000000029843, 4.929018333515011285 ) ) ;
#1217 = AXIS2_PLACEMENT_3D ( 'NONE', #6317, #8337, #2888 ) ;
#1218 = ORIENTED_EDGE ( 'NONE', *, *, #5875, .F. ) ;
#1219 = FACE_OUTER_BOUND ( 'NONE', #4046, .T. ) ;
#1220 = ORIENTED_EDGE ( 'NONE', *, *, #8853, .F. ) ;
#1221 = ORIENTED_EDGE ( 'NONE', *, *, #8697, .F. ) ;
#1222 = CARTESIAN_POINT ( 'NONE',  ( 46.62619871077581024, 85.99999999999998579, 7.703701296252798869 ) ) ;
#1223 = DIRECTION ( 'NONE',  ( 0.000000000000000000, 0.000000000000000000, 1.000000000000000000 ) ) ;
#1224 = CARTESIAN_POINT ( 'NONE',  ( 93.03352456396237358, 80.16181012536218020, 12.01343122975532474 ) ) ;
#1225 = CARTESIAN_POINT ( 'NONE',  ( -76.89373022254517309, 87.64402756324737709, -14.99999999999997513 ) ) ;
#1226 = CARTESIAN_POINT ( 'NONE',  ( 9.371937135110783856, 79.80006240345578306, 36.88536684330890125 ) ) ;
#1227 = CARTESIAN_POINT ( 'NONE',  ( -47.43854657823445820, 89.50000000000004263, 12.86599360040598228 ) ) ;
#1228 = CARTESIAN_POINT ( 'NONE',  ( 91.63757602987863038, 81.35976769215506010, 16.10667224525124652 ) ) ;
#1229 = ORIENTED_EDGE ( 'NONE', *, *, #1035, .T. ) ;
#1230 = CARTESIAN_POINT ( 'NONE',  ( 60.84276753516274994, 90.00000000000000000, 4.836107928549010282 ) ) ;
#1231 = EDGE_CURVE ( 'NONE', #7640, #3614, #701, .T. ) ;
#1232 = CARTESIAN_POINT ( 'NONE',  ( -72.36258419651977647, 85.17927007175833864, 6.919671222600515925 ) ) ;
#1233 = FACE_OUTER_BOUND ( 'NONE', #406, .T. ) ;
#1234 = VECTOR ( 'NONE', #6221, 1000.000000000000000 ) ;
#1235 = DIRECTION ( 'NONE',  ( -0.9063077870366511579, 0.4226182617406971653, 0.000000000000000000 ) ) ;
#1236 = CARTESIAN_POINT ( 'NONE',  ( -53.99999999999997158, 80.00000000000000000, 15.00000000000000178 ) ) ;
#1237 = EDGE_LOOP ( 'NONE', ( #4416, #4571, #826, #3863 ) ) ;
#1238 = CARTESIAN_POINT ( 'NONE',  ( 44.38111103859912987, 89.99999999999997158, 9.735119340893124473 ) ) ;
#1239 = CARTESIAN_POINT ( 'NONE',  ( 63.25000000098855679, 89.50000000000000000, 16.99999999999998934 ) ) ;
#1240 = ORIENTED_EDGE ( 'NONE', *, *, #3787, .F. ) ;
#1241 = DIRECTION ( 'NONE',  ( 1.000000000000000000, 0.000000000000000000, 0.000000000000000000 ) ) ;
#1242 = CARTESIAN_POINT ( 'NONE',  ( 92.88581673920803894, 76.26881283706410386, 11.54478107062280223 ) ) ;
#1243 = CARTESIAN_POINT ( 'NONE',  ( -23.32842712474621294, 86.00000000000000000, 12.50000000000000711 ) ) ;
#1244 = AXIS2_PLACEMENT_3D ( 'NONE', #3491, #6332, #2951 ) ;
#1245 = CONICAL_SURFACE ( 'NONE', #7426, 1.749999999999999334, 0.7853981633974432830 ) ;
#1246 = CARTESIAN_POINT ( 'NONE',  ( -84.08923486830107663, 85.08809140584753550, 9.562386086945883434 ) ) ;
#1247 = DIRECTION ( 'NONE',  ( -1.000000000000000000, 0.000000000000000000, 0.000000000000000000 ) ) ;
#1248 = ORIENTED_EDGE ( 'NONE', *, *, #5544, .F. ) ;
#1249 = AXIS2_PLACEMENT_3D ( 'NONE', #2762, #8121, #5467 ) ;
#1250 = PLANE ( 'NONE',  #5548 ) ;
#1251 = CARTESIAN_POINT ( 'NONE',  ( -1.749999999999999334, 83.09999999999999432, 17.00000000000002842 ) ) ;
#1252 = ORIENTED_EDGE ( 'NONE', *, *, #4974, .T. ) ;
#1253 = FACE_OUTER_BOUND ( 'NONE', #3998, .T. ) ;
#1254 = EDGE_CURVE ( 'NONE', #4976, #956, #5880, .T. ) ;
#1255 = AXIS2_PLACEMENT_3D ( 'NONE', #5048, #2204, #6351 ) ;
#1256 =( BOUNDED_SURFACE ( )  B_SPLINE_SURFACE ( 3, 2, ( 
 ( #4638, #6750, #4683 ),
 ( #2356, #6457, #2561 ),
 ( #6708, #2605, #5108 ),
 ( #505, #7849, #7334 ),
 ( #3034, #6661, #551 ),
 ( #1175, #3715, #1935 ),
 ( #5312, #4005, #3243 ),
 ( #591, #5994, #3327 ),
 ( #6620, #3916, #1263 ),
 ( #7127, #8732, #2520 ),
 ( #7374, #5355, #7427 ),
 ( #1688, #5949, #1891 ) ),
 .UNSPECIFIED., .F., .F., .T. ) 
 B_SPLINE_SURFACE_WITH_KNOTS ( ( 4, 2, 2, 2, 2, 4 ),
 ( 3, 3 ),
 ( -1.117513200032949072E-13, 0.001077891939511959859, 0.001616837909323815339, 0.002155783879135671037, 0.003233675818759381999, 0.004311567758383092960 ),
 ( 0.000000000000000000, 1.000000000000000000 ),
 .UNSPECIFIED. ) 
 GEOMETRIC_REPRESENTATION_ITEM ( )  RATIONAL_B_SPLINE_SURFACE ( (
 ( 1.000000000000000000, 0.8522579104324404797, 1.000000000000000000),
 ( 1.000000000000000000, 0.8654159899976600068, 1.000000000000000000),
 ( 1.000000000000000000, 0.8732231775433564325, 1.000000000000000000),
 ( 1.000000000000000000, 0.8818833675774603309, 1.000000000000000000),
 ( 1.000000000000000000, 0.8842014164324966119, 1.000000000000000000),
 ( 1.000000000000000000, 0.8881538094630841984, 1.000000000000000000),
 ( 1.000000000000000000, 0.8896964939832266994, 1.000000000000000000),
 ( 1.000000000000000000, 0.8937370644315754120, 1.000000000000000000),
 ( 1.000000000000000000, 0.8954086197775898981, 1.000000000000000000),
 ( 1.000000000000000000, 0.8977797059592960149, 1.000000000000000000),
 ( 1.000000000000000000, 0.8984206526085317668, 1.000000000000000000),
 ( 1.000000000000000000, 0.8987630978526525150, 1.000000000000000000) ) ) 
 REPRESENTATION_ITEM ( '' )  SURFACE ( )  );
#1257 = ADVANCED_FACE ( 'NONE', ( #3748 ), #3027, .T. ) ;
#1258 = CARTESIAN_POINT ( 'NONE',  ( -39.24774621409965647, 89.50000000000001421, 11.61235580828475200 ) ) ;
#1259 = CARTESIAN_POINT ( 'NONE',  ( -5.777789832978502017E-32, 89.50000000000000000, 16.50000000000002842 ) ) ;
#1260 = DIRECTION ( 'NONE',  ( -0.000000000000000000, -0.000000000000000000, 1.000000000000000000 ) ) ;
#1261 = CARTESIAN_POINT ( 'NONE',  ( 50.01718334985962855, 89.99999999997987743, 9.028456092456732307 ) ) ;
#1262 = ORIENTED_EDGE ( 'NONE', *, *, #3965, .T. ) ;
#1263 = CARTESIAN_POINT ( 'NONE',  ( -93.01788643612208318, 79.95448293679447715, 13.53623164916515798 ) ) ;
#1264 = ORIENTED_EDGE ( 'NONE', *, *, #4577, .T. ) ;
#1265 = EDGE_LOOP ( 'NONE', ( #153, #2708, #5748, #1867 ) ) ;
#1266 = FACE_OUTER_BOUND ( 'NONE', #2066, .T. ) ;
#1267 = DIRECTION ( 'NONE',  ( 1.000000000000000000, 0.000000000000000000, 0.000000000000000000 ) ) ;
#1268 = CARTESIAN_POINT ( 'NONE',  ( 93.14400365863430409, 79.84296168483756162, 12.80536758436842071 ) ) ;
#1269 = CARTESIAN_POINT ( 'NONE',  ( 29.00003332307023030, 86.60000000000000853, 8.400005388820067864 ) ) ;
#1270 = CARTESIAN_POINT ( 'NONE',  ( -83.98822058488771347, 82.18157852353022008, 17.00000000000006750 ) ) ;
#1271 = CARTESIAN_POINT ( 'NONE',  ( -47.24646415390649423, 89.50000000000000000, 13.32925342040188710 ) ) ;
#1272 = CARTESIAN_POINT ( 'NONE',  ( 64.28125002021734247, 90.00000000000000000, 16.49999999999999645 ) ) ;
#1273 = VERTEX_POINT ( 'NONE', #1543 ) ;
#1274 = CARTESIAN_POINT ( 'NONE',  ( -70.56622364092908128, 85.60254845172691773, 11.22215175600951831 ) ) ;
#1275 = CARTESIAN_POINT ( 'NONE',  ( 30.40331516589780847, 88.09881508794158833, 8.396684445691400711 ) ) ;
#1276 = EDGE_CURVE ( 'NONE', #1281, #384, #5772, .T. ) ;
#1277 = CARTESIAN_POINT ( 'NONE',  ( -90.61392201274489366, 82.14650685092840376, 16.99999999999998934 ) ) ;
#1278 = CARTESIAN_POINT ( 'NONE',  ( -58.11601086723711518, 89.34485357832085128, 3.657589866959984892 ) ) ;
#1279 = CARTESIAN_POINT ( 'NONE',  ( 72.01973219176529994, 85.45287743473383557, 13.24754075809000931 ) ) ;
#1280 = CARTESIAN_POINT ( 'NONE',  ( 17.54999999999998650, 89.34485357832087971, 8.400000000000003908 ) ) ;
#1281 = VERTEX_POINT ( 'NONE', #2169 ) ;
#1282 = CARTESIAN_POINT ( 'NONE',  ( 58.10393607172360220, 89.34485357832083707, 3.670317557946248144 ) ) ;
#1283 = CARTESIAN_POINT ( 'NONE',  ( -40.26999999992408874, 85.99999999999997158, 10.37000000000000099 ) ) ;
#1284 = VERTEX_POINT ( 'NONE', #5015 ) ;
#1285 = LINE ( 'NONE', #615, #6993 ) ;
#1286 = CARTESIAN_POINT ( 'NONE',  ( 93.14916611485280384, 76.06574234858507566, 11.75111740773345481 ) ) ;
#1287 = DIRECTION ( 'NONE',  ( -1.000000000000000000, 0.000000000000000000, 0.000000000000000000 ) ) ;
#1288 = B_SPLINE_CURVE_WITH_KNOTS ( 'NONE', 3,
 ( #1082, #3909, #3150, #8678, #3193, #8636, #2512, #496, #4674, #3952, #1129, #2468, #6522, #3234, #5853, #8594, #5261, #8007, #1845, #542, #2428, #5175, #1294, #2149, #6245, #6201, #1383, #3320, #2102, #2009, #715, #624, #7503, #2641, #8135, #4131, #32, #1429, #4082, #4897, #79, #5574, #4761, #8269, #2774, #5527, #1969, #4806, #3361, #6828, #4172, #4721, #2054 ),
 .UNSPECIFIED., .F., .F.,
 ( 4, 2, 1, 1, 2, 2, 1, 1, 1, 1, 2, 2, 1, 1, 1, 1, 1, 1, 2, 2, 1, 2, 1, 2, 2, 1, 1, 1, 1, 1, 1, 2, 2, 1, 1, 1, 2, 4 ),
 ( 0.2640390081253119470, 0.3560341321096546219, 0.3675335226076971717, 0.3732832178567184189, 0.3747206416689740083, 0.3761580654812296531, 0.3790329131057408873, 0.4020316941018306500, 0.4480292560940108970, 0.4940268180861910885, 0.4997765133352141120, 0.5012139371474697569, 0.5026513609597252907, 0.5055262085842358033, 0.5170255990822794079, 0.5400243800783663950, 0.5860219420705399251, 0.6090207230666262461, 0.6205201135646695176, 0.6262698088136910979, 0.6320195040627127891, 0.7240146280470478590, 0.7470134090431314045, 0.7498882566676414729, 0.7513256804798966737, 0.7527631042921517635, 0.7585127995411713453, 0.7700121900392105090, 0.8160097520313656094, 0.8620073140235207099, 0.8735067045215589854, 0.8749441283338139641, 0.8756628402399413424, 0.8763815521460684987, 0.8792563997705789003, 0.8850060950195988152, 0.9080048760156789189, 1.000000000000000000 ),
 .UNSPECIFIED. ) ;
#1289 = DIRECTION ( 'NONE',  ( -1.000000000000000000, 0.000000000000000000, 0.000000000000000000 ) ) ;
#1290 = ORIENTED_EDGE ( 'NONE', *, *, #3314, .F. ) ;
#1291 = CARTESIAN_POINT ( 'NONE',  ( 0.000000000000000000, 83.09999999999999432, 12.50000000000000000 ) ) ;
#1292 = CARTESIAN_POINT ( 'NONE',  ( -40.26999999992408874, 86.59999999999999432, 13.96999999999999886 ) ) ;
#1293 = EDGE_LOOP ( 'NONE', ( #6488, #5947, #7601, #6230 ) ) ;
#1294 = CARTESIAN_POINT ( 'NONE',  ( -40.56147177558825945, 85.99999999999995737, 8.185990371426139944 ) ) ;
#1295 = CARTESIAN_POINT ( 'NONE',  ( -38.89238631867790019, 89.50000000000002842, 12.82041106414724219 ) ) ;
#1296 = EDGE_CURVE ( 'NONE', #1936, #6662, #4473, .T. ) ;
#1297 = FACE_OUTER_BOUND ( 'NONE', #8531, .T. ) ;
#1298 = FACE_OUTER_BOUND ( 'NONE', #6450, .T. ) ;
#1299 = CARTESIAN_POINT ( 'NONE',  ( 51.42179719204295196, 89.99999999999003819, 8.755030765219583344 ) ) ;
#1300 = ORIENTED_EDGE ( 'NONE', *, *, #4061, .F. ) ;
#1301 = LINE ( 'NONE', #4045, #5640 ) ;
#1302 = ORIENTED_EDGE ( 'NONE', *, *, #5542, .T. ) ;
#1303 = ADVANCED_FACE ( 'NONE', ( #4337 ), #2346, .F. ) ;
#1304 = AXIS2_PLACEMENT_3D ( 'NONE', #3513, #8582, #2416 ) ;
#1305 = ORIENTED_EDGE ( 'NONE', *, *, #3867, .F. ) ;
#1306 = CARTESIAN_POINT ( 'NONE',  ( 1.350000000000009637, 90.00000000000000000, 10.19999999999993712 ) ) ;
#1307 =( BOUNDED_SURFACE ( )  B_SPLINE_SURFACE ( 3, 2, ( 
 ( #3062, #8552, #4379 ),
 ( #6443, #5633, #2880 ),
 ( #8374, #911, #6353 ),
 ( #3021, #192, #954 ),
 ( #4421, #2207, #3657 ),
 ( #6399, #5767, #2386 ),
 ( #3703, #3610, #5139 ),
 ( #6311, #823, #5093 ),
 ( #8508, #7113, #8425 ),
 ( #4460, #147, #4961 ),
 ( #2258, #7159, #999 ),
 ( #3743, #1673, #3570 ),
 ( #238, #2301, #7882 ),
 ( #7697, #7749, #1719 ),
 ( #4288, #7027, #867 ),
 ( #5008, #4331, #7065 ) ),
 .UNSPECIFIED., .F., .F., .T. ) 
 B_SPLINE_SURFACE_WITH_KNOTS ( ( 4, 2, 2, 2, 2, 2, 2, 4 ),
 ( 3, 3 ),
 ( 0.09804457278071773696, 0.1310445727910979907, 0.1475445727962881037, 0.1557945727988831464, 0.1599195728001806815, 0.1619820728008294353, 0.1630133228011538260, 0.1640445728014782167 ),
 ( 0.000000000000000000, 1.000000000000000000 ),
 .UNSPECIFIED. ) 
 GEOMETRIC_REPRESENTATION_ITEM ( )  RATIONAL_B_SPLINE_SURFACE ( (
 ( 1.000000000000000000, 0.7071067811865573427, 1.000000000000000000),
 ( 1.000000000000000000, 0.7071067811865573427, 1.000000000000000000),
 ( 1.000000000000000000, 0.7071067811865450192, 1.000000000000000000),
 ( 1.000000000000000000, 0.7071067811865450192, 1.000000000000000000),
 ( 1.000000000000000000, 0.7071067811865475727, 1.000000000000000000),
 ( 1.000000000000000000, 0.7071067811865475727, 1.000000000000000000),
 ( 1.000000000000000000, 0.7071067811865475727, 1.000000000000000000),
 ( 1.000000000000000000, 0.7071067811865475727, 1.000000000000000000),
 ( 1.000000000000000000, 0.7071067811865547892, 1.000000000000000000),
 ( 1.000000000000000000, 0.7071067811865547892, 1.000000000000000000),
 ( 1.000000000000000000, 0.7071067811865597852, 1.000000000000000000),
 ( 1.000000000000000000, 0.7071067811865597852, 1.000000000000000000),
 ( 1.000000000000000000, 0.7071067811865547892, 1.000000000000000000),
 ( 1.000000000000000000, 0.7071067811865547892, 1.000000000000000000),
 ( 1.000000000000000000, 0.7073120657075789852, 1.000000000000000000),
 ( 1.000000000000000000, 0.7068466428895359144, 1.000000000000000000) ) ) 
 REPRESENTATION_ITEM ( '' )  SURFACE ( )  );
#1308 = CARTESIAN_POINT ( 'NONE',  ( 40.25777667939014748, 83.00000000000000000, 17.00000000000001066 ) ) ;
#1309 = LINE ( 'NONE', #1470, #935 ) ;
#1310 = CARTESIAN_POINT ( 'NONE',  ( -60.71081442275158224, 90.00000000000000000, 17.00000000000000000 ) ) ;
#1311 = CARTESIAN_POINT ( 'NONE',  ( 54.49999999999998579, 84.50000000000000000, 17.00000000000000000 ) ) ;
#1312 = CARTESIAN_POINT ( 'NONE',  ( -47.73100248541581436, 89.99999999999997158, 13.49306205874232667 ) ) ;
#1313 = LINE ( 'NONE', #3971, #5528 ) ;
#1314 = ORIENTED_EDGE ( 'NONE', *, *, #140, .T. ) ;
#1315 = CARTESIAN_POINT ( 'NONE',  ( -46.06999999992408590, 75.07760237977390716, 10.37000000000000099 ) ) ;
#1316 = CARTESIAN_POINT ( 'NONE',  ( -78.06771201389345549, 83.82515367945414653, 8.205377304239375391 ) ) ;
#1317 = CARTESIAN_POINT ( 'NONE',  ( 56.67553634964825449, 89.87938506482873890, 6.562642995707257398 ) ) ;
#1318 = AXIS2_PLACEMENT_3D ( 'NONE', #8590, #1125, #5342 ) ;
#1319 = CARTESIAN_POINT ( 'NONE',  ( -58.12406073091278103, 89.34485357832083707, 3.649104739635784966 ) ) ;
#1320 = CARTESIAN_POINT ( 'NONE',  ( -3.252606517456513302E-16, 89.87938524157182485, 9.868613674765553512 ) ) ;
#1321 = CARTESIAN_POINT ( 'NONE',  ( 93.22213527165682478, 76.01316742057154840, 12.06375491662156207 ) ) ;
#1322 = EDGE_LOOP ( 'NONE', ( #7109, #4506, #7489, #358, #8256 ) ) ;
#1323 = CARTESIAN_POINT ( 'NONE',  ( 58.07341377749317246, 89.34485357832092234, 3.702488906920148537 ) ) ;
#1324 = CARTESIAN_POINT ( 'NONE',  ( 70.56622364092908128, 85.60254845172691773, 11.22215175600951831 ) ) ;
#1325 = ORIENTED_EDGE ( 'NONE', *, *, #1782, .T. ) ;
#1326 = CARTESIAN_POINT ( 'NONE',  ( -70.33346663212842031, 89.31962144960218097, 17.00000000000000000 ) ) ;
#1327 = CARTESIAN_POINT ( 'NONE',  ( 80.22258463440299181, 87.16246964581456780, 9.142286589106136674 ) ) ;
#1328 = CARTESIAN_POINT ( 'NONE',  ( -59.99999999999999289, 63.50000000000000000, 17.00403242752945232 ) ) ;
#1329 = ADVANCED_FACE ( 'NONE', ( #1493 ), #1856, .T. ) ;
#1330 = EDGE_CURVE ( 'NONE', #284, #8100, #6534, .T. ) ;
#1331 = B_SPLINE_CURVE_WITH_KNOTS ( 'NONE', 3,
 ( #8698, #2614, #1270, #1184, #642, #4014 ),
 .UNSPECIFIED., .F., .F.,
 ( 4, 2, 4 ),
 ( 0.03150401437631889651, 0.4454132434093448500, 0.8593224724423708105 ),
 .UNSPECIFIED. ) ;
#1332 = EDGE_LOOP ( 'NONE', ( #1240, #3650, #7785, #3490 ) ) ;
#1333 = ORIENTED_EDGE ( 'NONE', *, *, #8617, .F. ) ;
#1334 = DIRECTION ( 'NONE',  ( 1.000000000000000000, 0.000000000000000000, 0.000000000000000000 ) ) ;
#1335 = CARTESIAN_POINT ( 'NONE',  ( -48.20520490812376835, 80.00000000000000000, 13.10000000000000142 ) ) ;
#1336 = VERTEX_POINT ( 'NONE', #7975 ) ;
#1337 = CARTESIAN_POINT ( 'NONE',  ( -91.87780581196666674, 77.18303182878143787, 16.24688794321358998 ) ) ;
#1338 = ADVANCED_FACE ( 'NONE', ( #5868 ), #5146, .F. ) ;
#1339 = CIRCLE ( 'NONE', #4505, 1.750000000000001554 ) ;
#1340 = CARTESIAN_POINT ( 'NONE',  ( -39.13192373613364339, 89.50000000000012790, 11.75336507209180503 ) ) ;
#1341 = CARTESIAN_POINT ( 'NONE',  ( -58.68682846957180033, 90.00000000000000000, 5.594807961826256282 ) ) ;
#1342 = CARTESIAN_POINT ( 'NONE',  ( 72.00057539316630084, 84.26388072135330276, 11.22215175600951831 ) ) ;
#1343 = CARTESIAN_POINT ( 'NONE',  ( 60.00430230742981763, 89.99999999999998579, 4.282507879284611185 ) ) ;
#1344 = VERTEX_POINT ( 'NONE', #7888 ) ;
#1345 = LINE ( 'NONE', #4090, #5779 ) ;
#1346 = ORIENTED_EDGE ( 'NONE', *, *, #7529, .F. ) ;
#1347 = CARTESIAN_POINT ( 'NONE',  ( 8.804986980587120371, 73.31761717137223400, 14.20000000000000107 ) ) ;
#1348 = ORIENTED_EDGE ( 'NONE', *, *, #6163, .T. ) ;
#1349 = CARTESIAN_POINT ( 'NONE',  ( 54.49999999999998579, 83.00000000000000000, 17.00000000000000000 ) ) ;
#1350 = CARTESIAN_POINT ( 'NONE',  ( -54.49999999999998579, 80.50000000000000000, 12.50000000000000000 ) ) ;
#1351 = CARTESIAN_POINT ( 'NONE',  ( -91.68029325452042144, 81.74280111332332410, 17.00000000000000000 ) ) ;
#1352 = CIRCLE ( 'NONE', #5670, 0.5000000000000043299 ) ;
#1353 = AXIS2_PLACEMENT_3D ( 'NONE', #8140, #6656, #8727 ) ;
#1354 = ORIENTED_EDGE ( 'NONE', *, *, #2740, .F. ) ;
#1355 = CARTESIAN_POINT ( 'NONE',  ( 51.99999999999998579, 86.00000000000000000, 17.00000000000000711 ) ) ;
#1356 = EDGE_CURVE ( 'NONE', #3588, #1880, #1699, .T. ) ;
#1357 = CARTESIAN_POINT ( 'NONE',  ( -47.81412168272410668, 90.00000000000001421, 11.81567419230079352 ) ) ;
#1358 = CARTESIAN_POINT ( 'NONE',  ( 90.31400697876466666, 81.72273869471308672, 17.00000000000006395 ) ) ;
#1359 = DIRECTION ( 'NONE',  ( 0.000000000000000000, 0.000000000000000000, -1.000000000000000000 ) ) ;
#1360 = ORIENTED_EDGE ( 'NONE', *, *, #5610, .T. ) ;
#1361 = PLANE ( 'NONE',  #845 ) ;
#1362 = CARTESIAN_POINT ( 'NONE',  ( -74.11756265756673656, 84.84836105808658147, 7.315172699998095496 ) ) ;
#1363 = EDGE_CURVE ( 'NONE', #5740, #5730, #2524, .T. ) ;
#1364 = CARTESIAN_POINT ( 'NONE',  ( 29.79906758483456031, 89.87938484882386092, 9.868616247165668653 ) ) ;
#1365 = CARTESIAN_POINT ( 'NONE',  ( -58.09991113988575506, 89.34485357832085128, 3.674560121608335450 ) ) ;
#1366 = AXIS2_PLACEMENT_3D ( 'NONE', #7262, #6594, #1868 ) ;
#1367 = CARTESIAN_POINT ( 'NONE',  ( 0.000000000000000000, 82.50000000000000000, 17.00000000000000000 ) ) ;
#1368 = CARTESIAN_POINT ( 'NONE',  ( -92.50180882792329840, 76.66222119013517045, 15.20029144556019851 ) ) ;
#1369 = ORIENTED_EDGE ( 'NONE', *, *, #5260, .F. ) ;
#1370 = CARTESIAN_POINT ( 'NONE',  ( 58.07458396764828024, 89.34485357832080865, 3.701256447703350716 ) ) ;
#1371 = CARTESIAN_POINT ( 'NONE',  ( 71.00368114590416724, 85.50462031767290227, 9.957582326305079334 ) ) ;
#1372 = CARTESIAN_POINT ( 'NONE',  ( 26.99999999999999645, 85.99999999999997158, 8.400000000000000355 ) ) ;
#1373 = FACE_OUTER_BOUND ( 'NONE', #4182, .T. ) ;
#1374 = EDGE_CURVE ( 'NONE', #7603, #1284, #7238, .T. ) ;
#1375 = LINE ( 'NONE', #6776, #2224 ) ;
#1376 = ADVANCED_FACE ( 'NONE', ( #6666 ), #1547, .T. ) ;
#1377 = ORIENTED_EDGE ( 'NONE', *, *, #7717, .T. ) ;
#1378 = LINE ( 'NONE', #6155, #4836 ) ;
#1379 = ORIENTED_EDGE ( 'NONE', *, *, #2242, .F. ) ;
#1380 = CARTESIAN_POINT ( 'NONE',  ( -1.749999999999999334, 83.09999999999999432, 13.50000000000000000 ) ) ;
#1381 = CARTESIAN_POINT ( 'NONE',  ( -91.03209616004086513, 77.84049934777384294, 16.87256071401212409 ) ) ;
#1382 = ORIENTED_EDGE ( 'NONE', *, *, #95, .T. ) ;
#1383 = CARTESIAN_POINT ( 'NONE',  ( -39.01203637317932049, 85.99999999999998579, 8.251600809316027352 ) ) ;
#1384 = VECTOR ( 'NONE', #7458, 999.9999999999998863 ) ;
#1385 = AXIS2_PLACEMENT_3D ( 'NONE', #7805, #3581, #7711 ) ;
#1386 = EDGE_CURVE ( 'NONE', #4139, #2910, #4480, .T. ) ;
#1387 = CARTESIAN_POINT ( 'NONE',  ( -38.95928434253732320, 89.50000000000004263, 12.07593273211762686 ) ) ;
#1388 = CIRCLE ( 'NONE', #7571, 1.749999999999999334 ) ;
#1389 = CARTESIAN_POINT ( 'NONE',  ( -59.38160611427193913, 90.00000000000000000, 4.938873841833087752 ) ) ;
#1390 = DIRECTION ( 'NONE',  ( 0.000000000000000000, 1.000000000000000000, 0.000000000000000000 ) ) ;
#1391 = CIRCLE ( 'NONE', #4699, 0.5000000000000004441 ) ;
#1392 = ORIENTED_EDGE ( 'NONE', *, *, #8421, .F. ) ;
#1393 = CARTESIAN_POINT ( 'NONE',  ( -38.16000099991106964, 82.25495999994770102, 14.70000000000002061 ) ) ;
#1394 = ORIENTED_EDGE ( 'NONE', *, *, #748, .F. ) ;
#1395 = AXIS2_PLACEMENT_3D ( 'NONE', #7924, #6400, #7883 ) ;
#1396 = CARTESIAN_POINT ( 'NONE',  ( -20.80145098718069008, 69.99795758792305378, 14.20000000000000107 ) ) ;
#1397 = VERTEX_POINT ( 'NONE', #6173 ) ;
#1398 = CARTESIAN_POINT ( 'NONE',  ( -17.54999999999998650, 89.34485357832087971, 8.400000000000003908 ) ) ;
#1399 = CARTESIAN_POINT ( 'NONE',  ( 70.33346663212472549, 89.31962144962263039, 17.00000000000001421 ) ) ;
#1400 = LINE ( 'NONE', #5361, #3065 ) ;
#1401 = VECTOR ( 'NONE', #4176, 1000.000000000000000 ) ;
#1402 = CARTESIAN_POINT ( 'NONE',  ( -46.56820470287605218, 89.99999999999998579, 10.71970597078984255 ) ) ;
#1403 = CARTESIAN_POINT ( 'NONE',  ( -47.87954398664085431, 89.99999999999997158, 11.98990748210038504 ) ) ;
#1404 = CARTESIAN_POINT ( 'NONE',  ( -70.56565571588033947, 85.60658944842325013, 11.36366413569873757 ) ) ;
#1405 = CARTESIAN_POINT ( 'NONE',  ( 38.01000000008891533, 83.09999999994768416, 13.50000000000000000 ) ) ;
#1406 = ORIENTED_EDGE ( 'NONE', *, *, #4273, .F. ) ;
#1407 = CARTESIAN_POINT ( 'NONE',  ( 54.49999999999998579, 80.50000000000000000, 12.50000000000000000 ) ) ;
#1409 = EDGE_CURVE ( 'NONE', #5570, #8601, #4807, .T. ) ;
#1408 = CARTESIAN_POINT ( 'NONE',  ( -58.84598876952954072, 89.69783259189722457, 4.298435760277584450 ) ) ;
#1410 = CARTESIAN_POINT ( 'NONE',  ( -66.00147650544995770, 90.00018136127600599, 16.99999999999999289 ) ) ;
#1411 = B_SPLINE_CURVE_WITH_KNOTS ( 'NONE', 3,
 ( #648, #2079, #4106, #1275, #3301, #7575, #3388, #3259 ),
 .UNSPECIFIED., .F., .F.,
 ( 4, 2, 2, 4 ),
 ( 0.000000000000000000, 0.0003127171425647912520, 0.0006254342851295825040, 0.001250868570259165008 ),
 .UNSPECIFIED. ) ;
#1412 = CARTESIAN_POINT ( 'NONE',  ( -82.07035576804096877, 85.95576447348108218, 9.107412031957403897 ) ) ;
#1413 = CARTESIAN_POINT ( 'NONE',  ( -57.52793316710059912, 89.34485357832086549, 4.217031180300740978 ) ) ;
#1414 = EDGE_CURVE ( 'NONE', #1824, #2979, #4083, .T. ) ;
#1415 = DIRECTION ( 'NONE',  ( -1.000000000000000000, 0.000000000000000000, 0.000000000000000000 ) ) ;
#1416 = CARTESIAN_POINT ( 'NONE',  ( -51.53498746194967595, 80.00000000000000000, 12.50000000000000000 ) ) ;
#1417 = EDGE_CURVE ( 'NONE', #5613, #4772, #2935, .T. ) ;
#1418 = CARTESIAN_POINT ( 'NONE',  ( 58.07877479486306527, 89.34485357832089392, 3.696839345005498600 ) ) ;
#1419 = CARTESIAN_POINT ( 'NONE',  ( 74.44456752087921814, 84.87597750695245225, 10.18588451783513271 ) ) ;
#1420 = LINE ( 'NONE', #6947, #389 ) ;
#1421 = CARTESIAN_POINT ( 'NONE',  ( 82.96596937132220262, 86.09965229993029823, 9.754391458904915879 ) ) ;
#1422 = CARTESIAN_POINT ( 'NONE',  ( -15.38061663056503825, 68.75150446665328730, 14.20000000000000107 ) ) ;
#1423 = ORIENTED_EDGE ( 'NONE', *, *, #5229, .T. ) ;
#1424 = DIRECTION ( 'NONE',  ( -0.000000000000000000, 0.000000000000000000, 1.000000000000000000 ) ) ;
#1425 = EDGE_LOOP ( 'NONE', ( #3192, #7840, #6517, #721 ) ) ;
#1426 = LINE ( 'NONE', #4079, #6693 ) ;
#1427 = CARTESIAN_POINT ( 'NONE',  ( -42.20333333325743297, 90.00000000000000000, 10.67000000000002125 ) ) ;
#1428 = ORIENTED_EDGE ( 'NONE', *, *, #3135, .T. ) ;
#1429 = CARTESIAN_POINT ( 'NONE',  ( -34.69886887662134711, 85.99999999999997158, 8.361414697558251063 ) ) ;
#1430 = CARTESIAN_POINT ( 'NONE',  ( -39.75518470978500574, 89.50000000000001421, 11.26788794276924932 ) ) ;
#1431 = EDGE_CURVE ( 'NONE', #4355, #4670, #1352, .T. ) ;
#1432 = CARTESIAN_POINT ( 'NONE',  ( -59.39368102988230902, 90.00000000000007105, 4.926146288787326633 ) ) ;
#1433 = CARTESIAN_POINT ( 'NONE',  ( -59.75393599747132356, 89.90913554249523543, 4.078189631009103699 ) ) ;
#1434 = ORIENTED_EDGE ( 'NONE', *, *, #8864, .T. ) ;
#1435 = DIRECTION ( 'NONE',  ( -1.000000000000000000, 0.000000000000000000, 0.000000000000000000 ) ) ;
#1436 = DIRECTION ( 'NONE',  ( -0.000000000000000000, -0.000000000000000000, 1.000000000000000000 ) ) ;
#1437 = ORIENTED_EDGE ( 'NONE', *, *, #7718, .T. ) ;
#1438 = CC_DESIGN_PERSON_AND_ORGANIZATION_ASSIGNMENT ( #7231, #3147, ( #4354 ) ) ;
#1439 = CARTESIAN_POINT ( 'NONE',  ( 0.000000000000000000, 86.00000000000000000, 8.400000000000000355 ) ) ;
#1440 = DIRECTION ( 'NONE',  ( 2.847297187420961022E-16, -1.000000000000000000, 0.000000000000000000 ) ) ;
#1441 = CARTESIAN_POINT ( 'NONE',  ( 0.000000000000000000, 82.50000000000000000, 15.00000000000000178 ) ) ;
#1442 = CARTESIAN_POINT ( 'NONE',  ( -46.31863517489894377, 89.99999999999992895, 14.45774010741267013 ) ) ;
#1443 = CARTESIAN_POINT ( 'NONE',  ( -47.77493934605477222, 89.99999999999991473, 13.41085017205235452 ) ) ;
#1444 = CYLINDRICAL_SURFACE ( 'NONE', #2364, 0.5000000000000000000 ) ;
#1445 = FACE_OUTER_BOUND ( 'NONE', #3371, .T. ) ;
#1446 = VERTEX_POINT ( 'NONE', #8103 ) ;
#1447 = CARTESIAN_POINT ( 'NONE',  ( 84.88926393587578900, 85.21329516630039791, 10.18438236244632478 ) ) ;
#1448 = CARTESIAN_POINT ( 'NONE',  ( -57.94853676978340218, 88.87190181982022352, 3.671325343100641625 ) ) ;
#1449 = EDGE_CURVE ( 'NONE', #3746, #2433, #4521, .T. ) ;
#1450 = CARTESIAN_POINT ( 'NONE',  ( -91.68029325452042144, 77.74280111332332410, 17.00000000000000000 ) ) ;
#1451 = CARTESIAN_POINT ( 'NONE',  ( -82.74868153674886173, 85.67698953723879640, 9.260279346078625906 ) ) ;
#1452 = CARTESIAN_POINT ( 'NONE',  ( -56.52410167293235332, 89.34485357832082286, 4.935379556309225535 ) ) ;
#1453 = CARTESIAN_POINT ( 'NONE',  ( -51.53498746194967595, 84.57389925339897729, 12.50000000000000000 ) ) ;
#1454 = CARTESIAN_POINT ( 'NONE',  ( -92.15658222076491768, 76.95443878092868317, 15.86226774505987080 ) ) ;
#1455 = ORIENTED_EDGE ( 'NONE', *, *, #5664, .T. ) ;
#1456 = CARTESIAN_POINT ( 'NONE',  ( 58.41385582323695758, 89.34485357832083707, 3.343640155965095673 ) ) ;
#1457 = CARTESIAN_POINT ( 'NONE',  ( 18.00000000000000355, 89.34485357832083707, 8.400000000000000355 ) ) ;
#1458 = CARTESIAN_POINT ( 'NONE',  ( -30.00000000000000000, 86.59999999999999432, 8.397725512736064601 ) ) ;
#1459 = CARTESIAN_POINT ( 'NONE',  ( 70.09712719647704660, 85.62949661608669771, 9.914394083879985331 ) ) ;
#1460 = CARTESIAN_POINT ( 'NONE',  ( 40.25777667939014748, 83.00000000000000000, 13.50000000000000000 ) ) ;
#1461 = ADVANCED_FACE ( 'NONE', ( #4689 ), #6755, .F. ) ;
#1462 = ORIENTED_EDGE ( 'NONE', *, *, #1363, .F. ) ;
#1463 = DIRECTION ( 'NONE',  ( -1.000000000000000000, 0.000000000000000000, 0.000000000000000000 ) ) ;
#1464 = VERTEX_POINT ( 'NONE', #1350 ) ;
#1465 = FACE_OUTER_BOUND ( 'NONE', #7016, .T. ) ;
#1466 = CC_DESIGN_APPROVAL ( #1057, ( #4198 ) ) ;
#1467 = CARTESIAN_POINT ( 'NONE',  ( -91.34754448113328351, 81.58360059977708545, 16.29456383665513641 ) ) ;
#1468 = VERTEX_POINT ( 'NONE', #3426 ) ;
#1469 = CARTESIAN_POINT ( 'NONE',  ( 60.22970259012879524, 89.50000000000000000, 4.185408263296269027 ) ) ;
#1470 = CARTESIAN_POINT ( 'NONE',  ( -40.26999999992408874, 94.19162435117168286, 11.16999999999999993 ) ) ;
#1471 = ADVANCED_FACE ( 'NONE', ( #3 ), #5405, .T. ) ;
#1472 = CARTESIAN_POINT ( 'NONE',  ( -38.40038143251863545, 89.99999999999997158, 12.90984358705695456 ) ) ;
#1473 = CARTESIAN_POINT ( 'NONE',  ( -59.38261234309921122, 89.99999999999997158, 4.937813196170946384 ) ) ;
#1474 = DIRECTION ( 'NONE',  ( 1.000000000000000000, 0.000000000000000000, 0.000000000000000000 ) ) ;
#1475 = ORIENTED_EDGE ( 'NONE', *, *, #2959, .T. ) ;
#1476 = FACE_OUTER_BOUND ( 'NONE', #3865, .T. ) ;
#1477 = ADVANCED_FACE ( 'NONE', ( #3964 ), #6712, .T. ) ;
#1478 = CARTESIAN_POINT ( 'NONE',  ( -56.17695511687977472, 89.34485357832083707, 5.140772713469187849 ) ) ;
#1479 = CIRCLE ( 'NONE', #6800, 1.000000000000000888 ) ;
#1480 = ORIENTED_EDGE ( 'NONE', *, *, #3904, .T. ) ;
#1481 = CARTESIAN_POINT ( 'NONE',  ( 92.16066806173685677, 80.93400000655303472, 15.38163191781070616 ) ) ;
#1482 = LINE ( 'NONE', #6972, #5473 ) ;
#1483 = CARTESIAN_POINT ( 'NONE',  ( -92.44255697483615108, 80.69462890629361596, 14.76099675288461910 ) ) ;
#1484 = EDGE_CURVE ( 'NONE', #3309, #6435, #2024, .T. ) ;
#1485 = CARTESIAN_POINT ( 'NONE',  ( -36.41000099991106964, 82.25495999994770102, 14.70000000000002061 ) ) ;
#1486 = CIRCLE ( 'NONE', #6089, 2.000000000000001776 ) ;
#1487 = CARTESIAN_POINT ( 'NONE',  ( 24.06011343035047645, 72.74790443272765117, 36.88536684330890125 ) ) ;
#1488 = CARTESIAN_POINT ( 'NONE',  ( -47.80151053681623807, 90.00000000000000000, 11.78715169788457828 ) ) ;
#1489 = CARTESIAN_POINT ( 'NONE',  ( 84.06671369676456607, 82.31421503386509642, 16.99999999999997868 ) ) ;
#1490 = DIRECTION ( 'NONE',  ( 0.000000000000000000, -0.000000000000000000, 1.000000000000000000 ) ) ;
#1491 = ORIENTED_EDGE ( 'NONE', *, *, #4495, .T. ) ;
#1492 = ORIENTED_EDGE ( 'NONE', *, *, #169, .T. ) ;
#1493 = FACE_OUTER_BOUND ( 'NONE', #7459, .T. ) ;
#1494 = CARTESIAN_POINT ( 'NONE',  ( 5.605278422273785033, 90.00000000000000000, 17.00000000000000000 ) ) ;
#1495 = VECTOR ( 'NONE', #5765, 1000.000000000000000 ) ;
#1496 = CARTESIAN_POINT ( 'NONE',  ( -84.06671369676456607, 82.31421503386509642, 16.99999999999997868 ) ) ;
#1497 = AXIS2_PLACEMENT_3D ( 'NONE', #6922, #4227, #6968 ) ;
#1498 = CARTESIAN_POINT ( 'NONE',  ( 26.99999999999999645, 85.99999999999997158, 8.400000000000000355 ) ) ;
#1499 = CARTESIAN_POINT ( 'NONE',  ( -57.29410492614316297, 89.34485357832083707, 4.405827920576891543 ) ) ;
#1500 = CARTESIAN_POINT ( 'NONE',  ( 24.77999835097224945, 72.31761717137223400, 15.00000000000000000 ) ) ;
#1501 = ADVANCED_FACE ( 'NONE', ( #595 ), #7431, .F. ) ;
#1502 = DIRECTION ( 'NONE',  ( -0.000000000000000000, -0.000000000000000000, 1.000000000000000000 ) ) ;
#1503 = ORIENTED_EDGE ( 'NONE', *, *, #8139, .T. ) ;
#1504 = CARTESIAN_POINT ( 'NONE',  ( 51.60506487187515745, 89.34485357832080865, 6.829814159755021485 ) ) ;
#1505 = CARTESIAN_POINT ( 'NONE',  ( 72.91757005786712398, 85.15451544370124282, 9.182281996212138253 ) ) ;
#1506 = CARTESIAN_POINT ( 'NONE',  ( 36.26000000008891533, 83.09999999994768416, 14.70000000000002061 ) ) ;
#1507 = CARTESIAN_POINT ( 'NONE',  ( 67.49346608467050146, 86.30017469314418577, 17.06609606578777516 ) ) ;
#1508 = CARTESIAN_POINT ( 'NONE',  ( -46.93036540788897071, 89.50000000000004263, 11.45046642064254883 ) ) ;
#1509 = ORIENTED_EDGE ( 'NONE', *, *, #2297, .T. ) ;
#1510 = FACE_OUTER_BOUND ( 'NONE', #5852, .T. ) ;
#1511 = VERTEX_POINT ( 'NONE', #8150 ) ;
#1512 = LINE ( 'NONE', #3409, #3104 ) ;
#1513 = CARTESIAN_POINT ( 'NONE',  ( -90.82520248829661114, 81.97309088505015495, 16.48168140894207312 ) ) ;
#1514 = ORIENTED_EDGE ( 'NONE', *, *, #7869, .T. ) ;
#1515 = CARTESIAN_POINT ( 'NONE',  ( 8.804986980587120371, 72.31761717137223400, 15.00000000000000000 ) ) ;
#1516 = CARTESIAN_POINT ( 'NONE',  ( -55.33827022511323435, 89.34485360493509631, 5.575658595968937092 ) ) ;
#1517 = CIRCLE ( 'NONE', #4684, 0.8999999999999980238 ) ;
#1518 = CARTESIAN_POINT ( 'NONE',  ( -38.60899751443236028, 89.99999999999995737, 11.64693794125765791 ) ) ;
#1519 = CARTESIAN_POINT ( 'NONE',  ( -39.09782423949413044, 89.99999999999995737, 10.05228671916263572 ) ) ;
#1520 = CARTESIAN_POINT ( 'NONE',  ( 0.000000000000000000, 86.00000000000000000, 17.00000000000000000 ) ) ;
#1521 = ORIENTED_EDGE ( 'NONE', *, *, #6276, .F. ) ;
#1522 = CARTESIAN_POINT ( 'NONE',  ( -2.247776679298902014, 83.00000000000000000, 17.00000000000002842 ) ) ;
#1523 = EDGE_CURVE ( 'NONE', #5033, #6281, #1981, .T. ) ;
#1524 = DIRECTION ( 'NONE',  ( -1.000000000000000000, 0.000000000000000000, 0.000000000000000000 ) ) ;
#1525 = AXIS2_PLACEMENT_3D ( 'NONE', #4034, #1424, #4125 ) ;
#1526 = ORIENTED_EDGE ( 'NONE', *, *, #5747, .F. ) ;
#1527 = CARTESIAN_POINT ( 'NONE',  ( -58.56304424209089632, 89.87938529046543579, 5.270407973864593920 ) ) ;
#1528 = EDGE_CURVE ( 'NONE', #3328, #3818, #8399, .T. ) ;
#1529 = CARTESIAN_POINT ( 'NONE',  ( -10.98585569632041903, 78.17609970412598841, 12.49999999999999645 ) ) ;
#1530 = ORIENTED_EDGE ( 'NONE', *, *, #3781, .F. ) ;
#1531 = VECTOR ( 'NONE', #5022, 1000.000000000000000 ) ;
#1532 = CARTESIAN_POINT ( 'NONE',  ( -20.15021956348438081, 76.23218752725426839, 12.50000000000000000 ) ) ;
#1533 = CIRCLE ( 'NONE', #4269, 0.5000000000000004441 ) ;
#1534 = DIRECTION ( 'NONE',  ( 1.000000000000000000, -0.000000000000000000, -0.000000000000000000 ) ) ;
#1535 = FACE_OUTER_BOUND ( 'NONE', #667, .T. ) ;
#1536 = EDGE_CURVE ( 'NONE', #3101, #8892, #8327, .T. ) ;
#1537 = CARTESIAN_POINT ( 'NONE',  ( 69.21774739781940866, 86.00000000000000000, 17.00000000000000000 ) ) ;
#1538 = DIRECTION ( 'NONE',  ( -1.000000000000000000, 0.000000000000000000, 0.000000000000000000 ) ) ;
#1539 = ORIENTED_EDGE ( 'NONE', *, *, #5630, .T. ) ;
#1540 = AXIS2_PLACEMENT_3D ( 'NONE', #7491, #7400, #3985 ) ;
#1541 = ORIENTED_EDGE ( 'NONE', *, *, #1000, .T. ) ;
#1542 = ORIENTED_EDGE ( 'NONE', *, *, #6087, .T. ) ;
#1543 = CARTESIAN_POINT ( 'NONE',  ( 92.83389431418132176, 79.76922673094557581, 11.53308020482186613 ) ) ;
#1544 = CARTESIAN_POINT ( 'NONE',  ( -59.41310814103975702, 89.87938524157182485, 4.424180496369289450 ) ) ;
#1545 = AXIS2_PLACEMENT_3D ( 'NONE', #8330, #4911, #7648 ) ;
#1546 = CARTESIAN_POINT ( 'NONE',  ( -97.90079786713343424, 71.58182856297453611, 17.00000000000000000 ) ) ;
#1547 =( BOUNDED_SURFACE ( )  B_SPLINE_SURFACE ( 3, 2, ( 
 ( #4559, #4466, #372 ),
 ( #5816, #7930, #7338 ),
 ( #3115, #3878, #463 ),
 ( #8605, #1895, #5185 ),
 ( #6624, #1768, #4510 ),
 ( #7248, #1093, #3832 ),
 ( #5912, #2479, #3920 ),
 ( #5954, #5274, #8019 ),
 ( #509, #3247, #8737 ),
 ( #2565, #8193, #1399 ),
 ( #2743, #6213, #4141 ),
 ( #2609, #8236, #4010 ) ),
 .UNSPECIFIED., .F., .F., .T. ) 
 B_SPLINE_SURFACE_WITH_KNOTS ( ( 4, 2, 2, 2, 2, 4 ),
 ( 3, 3 ),
 ( -1.387778780781445676E-17, 0.006442841828472489762, 0.01288568365694499340, 0.01610710457118124522, 0.01932852548541749704, 0.02577136731389000068 ),
 ( 0.000000000000000000, 1.000000000000000000 ),
 .UNSPECIFIED. ) 
 GEOMETRIC_REPRESENTATION_ITEM ( )  RATIONAL_B_SPLINE_SURFACE ( (
 ( 1.000000000000000000, 0.6936898263540293152, 1.000000000000000000),
 ( 1.000000000000000000, 0.6909148310882435862, 1.000000000000000000),
 ( 1.000000000000000000, 0.6891533571092112176, 1.000000000000000000),
 ( 1.000000000000000000, 0.6876119230940085369, 1.000000000000000000),
 ( 1.000000000000000000, 0.6878268086310390661, 1.000000000000000000),
 ( 1.000000000000000000, 0.6896349025902571706, 1.000000000000000000),
 ( 1.000000000000000000, 0.6904877609019244300, 1.000000000000000000),
 ( 1.000000000000000000, 0.6926300781371814708, 1.000000000000000000),
 ( 1.000000000000000000, 0.6939240795333003753, 1.000000000000000000),
 ( 1.000000000000000000, 0.6984506396351969348, 1.000000000000000000),
 ( 1.000000000000000000, 0.7023206915839603770, 1.000000000000000000),
 ( 1.000000000000000000, 0.7068466428895457954, 1.000000000000000000) ) ) 
 REPRESENTATION_ITEM ( '' )  SURFACE ( )  );
#1548 = CARTESIAN_POINT ( 'NONE',  ( -47.25974357977985818, 89.50000000000002842, 11.83068243736798308 ) ) ;
#1549 = CARTESIAN_POINT ( 'NONE',  ( -56.92137921484156493, 89.34485357832090813, 4.676718347926800412 ) ) ;
#1550 = CARTESIAN_POINT ( 'NONE',  ( 0.000000000000000000, 82.50000000000000000, 17.00000000000000000 ) ) ;
#1551 = CARTESIAN_POINT ( 'NONE',  ( 40.32613827112415805, 89.34485357832083707, 8.229776529308063360 ) ) ;
#1552 = ORIENTED_EDGE ( 'NONE', *, *, #5933, .T. ) ;
#1553 = CARTESIAN_POINT ( 'NONE',  ( 49.67103350139942819, 89.34485357832090813, 7.241145329559439681 ) ) ;
#1554 = DIRECTION ( 'NONE',  ( 0.000000000000000000, 0.000000000000000000, -1.000000000000000000 ) ) ;
#1555 = EDGE_CURVE ( 'NONE', #3423, #7752, #7533, .T. ) ;
#1556 = CARTESIAN_POINT ( 'NONE',  ( -42.20755968245374135, 85.99999999999998579, 10.37000000000000455 ) ) ;
#1558 = EDGE_CURVE ( 'NONE', #4004, #3614, #3652, .T. ) ;
#1557 = CARTESIAN_POINT ( 'NONE',  ( 68.67365476794890355, 85.90650254700265975, 15.31950281695976024 ) ) ;
#1559 = CARTESIAN_POINT ( 'NONE',  ( -47.43356174725973062, 89.50000000000004263, 12.20355296189700667 ) ) ;
#1560 = ORIENTED_EDGE ( 'NONE', *, *, #8438, .F. ) ;
#1561 = DIRECTION ( 'NONE',  ( 1.000000000000000000, 0.000000000000000000, 0.000000000000000000 ) ) ;
#1562 = ORIENTED_EDGE ( 'NONE', *, *, #4318, .F. ) ;
#1563 = B_SPLINE_CURVE_WITH_KNOTS ( 'NONE', 3,
 ( #1038, #8551, #2385, #7881, #3780, #1672, #953, #7922, #2299, #364, #3106, #5049, #8507, #7789 ),
 .UNSPECIFIED., .F., .F.,
 ( 4, 2, 2, 2, 2, 2, 4 ),
 ( 0.000000000000000000, 0.0005938862350978212686, 0.0008908293526467320114, 0.001187772470195642537, 0.001484715587744553280, 0.001781658705293464023, 0.002375544940391323238 ),
 .UNSPECIFIED. ) ;
#1564 = CARTESIAN_POINT ( 'NONE',  ( 59.38009658201425367, 89.99999999999997158, 4.940464593206616684 ) ) ;
#1565 = CARTESIAN_POINT ( 'NONE',  ( -38.95310888856254650, 85.99999999999997158, 10.80206980508242331 ) ) ;
#1566 = ORIENTED_EDGE ( 'NONE', *, *, #7444, .T. ) ;
#1567 = CARTESIAN_POINT ( 'NONE',  ( 60.22970259012879524, 89.50000000000000000, 4.185408263296269027 ) ) ;
#1568 = CARTESIAN_POINT ( 'NONE',  ( -56.23109488393692601, 89.34485360493509631, 5.116004955257705156 ) ) ;
#1569 = CARTESIAN_POINT ( 'NONE',  ( -38.47026031487518338, 90.00000000000001421, 11.95780379995426479 ) ) ;
#1570 = CARTESIAN_POINT ( 'NONE',  ( -54.74254904896274354, 90.00000000000001421, 7.765541337812088329 ) ) ;
#1571 = FACE_OUTER_BOUND ( 'NONE', #7560, .T. ) ;
#1572 = ORIENTED_EDGE ( 'NONE', *, *, #8619, .F. ) ;
#1573 = DIRECTION ( 'NONE',  ( -0.9063077870366511579, 0.4226182617406971653, 0.000000000000000000 ) ) ;
#1574 = CARTESIAN_POINT ( 'NONE',  ( 58.28511183088631498, 89.51725080177713778, 4.165833227243858516 ) ) ;
#1575 = ORIENTED_EDGE ( 'NONE', *, *, #7819, .F. ) ;
#1576 = B_SPLINE_CURVE_WITH_KNOTS ( 'NONE', 3,
 ( #4491, #7227, #3815, #4153, #2801, #6988, #3478, #6274, #2172, #4668 ),
 .UNSPECIFIED., .F., .F.,
 ( 4, 2, 2, 2, 4 ),
 ( 3.469446951953614189E-18, 0.0004969345063169167609, 0.0009938690126338300523, 0.001490803518950743235, 0.001987738025267656635 ),
 .UNSPECIFIED. ) ;
#1577 = CARTESIAN_POINT ( 'NONE',  ( -59.27409810064572326, 89.99999999999990052, 5.552395655726065193 ) ) ;
#1578 = DIRECTION ( 'NONE',  ( 0.000000000000000000, 0.000000000000000000, -1.000000000000000000 ) ) ;
#1579 = EDGE_CURVE ( 'NONE', #3309, #4453, #1601, .T. ) ;
#1580 = CARTESIAN_POINT ( 'NONE',  ( 83.99756410243951166, 85.98542411642033301, 16.47333374866598277 ) ) ;
#1581 = DIRECTION ( 'NONE',  ( -0.000000000000000000, 1.000000000000000000, 0.000000000000000000 ) ) ;
#1582 = EDGE_CURVE ( 'NONE', #631, #5194, #395, .T. ) ;
#1583 = CARTESIAN_POINT ( 'NONE',  ( -46.50103063352980826, 89.99999999999998579, 14.42149741384588602 ) ) ;
#1584 = CARTESIAN_POINT ( 'NONE',  ( -74.72064367273807761, 84.87952949151828363, 11.78460212932211171 ) ) ;
#1585 = ORIENTED_EDGE ( 'NONE', *, *, #4254, .F. ) ;
#1586 = VERTEX_POINT ( 'NONE', #5205 ) ;
#1587 = VERTEX_POINT ( 'NONE', #5838 ) ;
#1588 = EDGE_CURVE ( 'NONE', #870, #6659, #2834, .T. ) ;
#1589 = VERTEX_POINT ( 'NONE', #6258 ) ;
#1590 = CARTESIAN_POINT ( 'NONE',  ( 24.55312006942095948, 85.99999999999998579, 8.400000000000000355 ) ) ;
#1591 = CARTESIAN_POINT ( 'NONE',  ( 0.000000000000000000, 90.00000000000000000, -15.00000000000000000 ) ) ;
#1592 = CARTESIAN_POINT ( 'NONE',  ( -75.46988545351376843, 85.27193442551127589, 17.00000000000001421 ) ) ;
#1593 = CARTESIAN_POINT ( 'NONE',  ( 66.00000000000093792, 89.49981558091647571, 16.50000000000000000 ) ) ;
#1594 = CARTESIAN_POINT ( 'NONE',  ( -46.69080792231578414, 89.50000000000007105, 11.31432582752339044 ) ) ;
#1595 = CARTESIAN_POINT ( 'NONE',  ( -45.32995852396240366, 89.34485357832085128, 7.839103087557253602 ) ) ;
#1596 = LINE ( 'NONE', #1550, #5710 ) ;
#1597 = CARTESIAN_POINT ( 'NONE',  ( 30.00000000000000000, 87.39999999999999147, -0.5062160878754172755 ) ) ;
#1598 = VERTEX_POINT ( 'NONE', #7022 ) ;
#1599 = CARTESIAN_POINT ( 'NONE',  ( 50.46708883491702125, 89.34485357832083707, 7.084447249815521097 ) ) ;
#1600 = DIRECTION ( 'NONE',  ( -0.000000000000000000, 0.000000000000000000, -1.000000000000000000 ) ) ;
#1601 = CIRCLE ( 'NONE', #3613, 0.8999999999999980238 ) ;
#1602 = CARTESIAN_POINT ( 'NONE',  ( -46.06999999992408590, 80.00000000000000000, 12.57000000000000028 ) ) ;
#1603 = CARTESIAN_POINT ( 'NONE',  ( 25.04923587720140432, 72.89499890963153916, 15.00000000000000000 ) ) ;
#1604 =( BOUNDED_SURFACE ( )  B_SPLINE_SURFACE ( 3, 2, ( 
 ( #6009, #383, #3211 ),
 ( #1230, #7941, #2446 ),
 ( #3128, #3928, #4476 ),
 ( #5878, #5324, #5286 ),
 ( #4523, #8613, #4611 ),
 ( #6049, #3973, #6632 ),
 ( #5195, #8703, #7259 ),
 ( #7984, #1103, #5240 ),
 ( #566, #2574, #5922 ),
 ( #3300, #2532, #8783 ),
 ( #7213, #8067, #6676 ),
 ( #6590, #1902, #8029 ),
 ( #430, #3169, #5155 ),
 ( #7391, #7346, #2489 ),
 ( #7898, #1054, #7307 ),
 ( #1148, #5457, #3434 ),
 ( #1447, #2033, #3340 ),
 ( #2663, #2127, #779 ),
 ( #1988, #4192, #5413 ),
 ( #694, #3523, #4739 ) ),
 .UNSPECIFIED., .F., .F., .F. ) 
 B_SPLINE_SURFACE_WITH_KNOTS ( ( 4, 2, 2, 2, 2, 2, 2, 2, 2, 4 ),
 ( 3, 3 ),
 ( 0.000000000000000000, 0.002197188709391365187, 0.003295783064087047780, 0.004394377418782730374, 0.008788754837565460748, 0.01757750967513092150, 0.02197188709391365014, 0.02416907580330501792, 0.02636626451269638224, 0.03515501935026184299 ),
 ( 0.000000000000000000, 1.000000000000000000 ),
 .UNSPECIFIED. ) 
 GEOMETRIC_REPRESENTATION_ITEM ( )  RATIONAL_B_SPLINE_SURFACE ( (
 ( 1.000000000000000000, 0.7071067811865585639, 1.000000000000000000),
 ( 1.000000000000000000, 0.7071067811865585639, 1.000000000000000000),
 ( 1.000000000000000000, 0.7071067811865452413, 1.000000000000000000),
 ( 1.000000000000000000, 0.7071067811865452413, 1.000000000000000000),
 ( 1.000000000000000000, 0.7068786101700755831, 1.000000000000000000),
 ( 1.000000000000000000, 0.7091580967062974805, 1.000000000000000000),
 ( 1.000000000000000000, 0.7102788361961650532, 1.000000000000000000),
 ( 1.000000000000000000, 0.7157879065389206596, 1.000000000000000000),
 ( 1.000000000000000000, 0.7198923966120870377, 1.000000000000000000),
 ( 1.000000000000000000, 0.7313127285311794568, 1.000000000000000000),
 ( 1.000000000000000000, 0.7377414571166297508, 1.000000000000000000),
 ( 1.000000000000000000, 0.7456549221056452126, 1.000000000000000000),
 ( 1.000000000000000000, 0.7479969628293193784, 1.000000000000000000),
 ( 1.000000000000000000, 0.7510349763867455453, 1.000000000000000000),
 ( 1.000000000000000000, 0.7519641803754124609, 1.000000000000000000),
 ( 1.000000000000000000, 0.7536409737739730996, 1.000000000000000000),
 ( 1.000000000000000000, 0.7543904395599823065, 1.000000000000000000),
 ( 1.000000000000000000, 0.7576857940410220982, 1.000000000000000000),
 ( 1.000000000000000000, 0.7588878495659742152, 1.000000000000000000),
 ( 1.000000000000000000, 0.7584780383413338711, 1.000000000000000000) ) ) 
 REPRESENTATION_ITEM ( '' )  SURFACE ( )  );
#1605 = CARTESIAN_POINT ( 'NONE',  ( -60.84276753516274994, 90.00000000000000000, 4.836107928549010282 ) ) ;
#1606 = ORIENTED_EDGE ( 'NONE', *, *, #5800, .F. ) ;
#1607 = DIRECTION ( 'NONE',  ( 1.000000000000000000, 2.891205793294679411E-15, 4.336808689942019215E-16 ) ) ;
#1608 = ORIENTED_EDGE ( 'NONE', *, *, #7607, .F. ) ;
#1609 = CARTESIAN_POINT ( 'NONE',  ( 59.10193499031672815, 90.00000000000008527, 5.220503942393271757 ) ) ;
#1610 = CARTESIAN_POINT ( 'NONE',  ( -46.06999999992408590, 86.59999999999999432, 14.76999999999999780 ) ) ;
#1611 = CARTESIAN_POINT ( 'NONE',  ( 0.000000000000000000, 82.50000000000000000, 17.00000000000000000 ) ) ;
#1612 = VECTOR ( 'NONE', #2155, 1000.000000000000000 ) ;
#1613 = CARTESIAN_POINT ( 'NONE',  ( 5.605278422273785033, 86.00000000000000000, 17.00000000000000000 ) ) ;
#1614 = APPLICATION_CONTEXT ( 'configuration controlled 3d designs of mechanical parts and assemblies' ) ;
#1615 = CARTESIAN_POINT ( 'NONE',  ( -38.72407918816868744, 89.99999999999995737, 13.67632751134598124 ) ) ;
#1616 = CARTESIAN_POINT ( 'NONE',  ( -58.01983274643928468, 89.99999999999997158, 6.105336228332992832 ) ) ;
#1617 = CARTESIAN_POINT ( 'NONE',  ( -46.06999999992408590, 85.99999999999998579, 12.57000000000000028 ) ) ;
#1618 = ORIENTED_EDGE ( 'NONE', *, *, #3012, .F. ) ;
#1619 = CARTESIAN_POINT ( 'NONE',  ( -27.49999999965681852, 89.50000000000001421, 17.00000000000001066 ) ) ;
#1620 = CARTESIAN_POINT ( 'NONE',  ( -70.09712719647704660, 85.62949661608669771, 9.914394083879985331 ) ) ;
#1621 = EDGE_CURVE ( 'NONE', #3522, #1880, #5620, .T. ) ;
#1622 = VERTEX_POINT ( 'NONE', #3811 ) ;
#1623 = CARTESIAN_POINT ( 'NONE',  ( -38.55540966415630066, 89.99999999997994848, 10.09083953745491868 ) ) ;
#1624 = CARTESIAN_POINT ( 'NONE',  ( 51.99999999999998579, 84.50000000000000000, 17.00000000000000355 ) ) ;
#1625 = CARTESIAN_POINT ( 'NONE',  ( 0.000000000000000000, 82.50000000000000000, 15.00000000000000178 ) ) ;
#1626 = CARTESIAN_POINT ( 'NONE',  ( -92.72397121200468462, 79.76922673094557581, 12.02084747679474219 ) ) ;
#1627 = ORIENTED_EDGE ( 'NONE', *, *, #7573, .T. ) ;
#1628 = VECTOR ( 'NONE', #6626, 1000.000000000000000 ) ;
#1629 = ORIENTED_EDGE ( 'NONE', *, *, #5401, .T. ) ;
#1630 = ORIENTED_EDGE ( 'NONE', *, *, #5189, .F. ) ;
#1631 = CARTESIAN_POINT ( 'NONE',  ( -72.91757005786708135, 85.15451544370124282, 9.182281996212148911 ) ) ;
#1632 = CARTESIAN_POINT ( 'NONE',  ( 92.80425341208091083, 80.39901507565097916, 14.36758278264461453 ) ) ;
#1634 = AXIS2_PLACEMENT_3D ( 'NONE', #2408, #2449, #1108 ) ;
#1633 = DIRECTION ( 'NONE',  ( -1.000000000000000000, 0.000000000000000000, 0.000000000000000000 ) ) ;
#1635 = CARTESIAN_POINT ( 'NONE',  ( 38.91000000008891391, 83.09999999994768416, 12.50000000000000000 ) ) ;
#1636 = CIRCLE ( 'NONE', #1683, 0.5000000000000004441 ) ;
#1637 = CARTESIAN_POINT ( 'NONE',  ( -46.56403200633256745, 89.50000000000004263, 11.25926648355248005 ) ) ;
#1638 = CARTESIAN_POINT ( 'NONE',  ( 52.25000001643531533, 89.99999999996178701, 17.00000000003340261 ) ) ;
#1639 = ADVANCED_FACE ( 'NONE', ( #908 ), #2158, .T. ) ;
#1640 = CARTESIAN_POINT ( 'NONE',  ( 20.50000000000001776, 85.00000000000000000, 12.50000000000000000 ) ) ;
#1641 = DIRECTION ( 'NONE',  ( -1.000000000000000000, 0.000000000000000000, 0.000000000000000000 ) ) ;
#1642 = ORIENTED_EDGE ( 'NONE', *, *, #8295, .T. ) ;
#1643 = EDGE_CURVE ( 'NONE', #4347, #5174, #404, .T. ) ;
#1644 = AXIS2_PLACEMENT_3D ( 'NONE', #1226, #7437, #4605 ) ;
#1645 = CARTESIAN_POINT ( 'NONE',  ( 46.42691992129123690, 89.34485357832083707, 7.719883199565852117 ) ) ;
#1646 = DIRECTION ( 'NONE',  ( 1.000000000000000000, 0.000000000000000000, -0.000000000000000000 ) ) ;
#1647 = CARTESIAN_POINT ( 'NONE',  ( 67.73053806253626874, 86.22140658558322457, 13.35266103863913401 ) ) ;
#1648 = CARTESIAN_POINT ( 'NONE',  ( -47.29330094362005354, 89.50000000000004263, 13.27506657251925581 ) ) ;
#1649 = CIRCLE ( 'NONE', #5671, 1.000000000000000888 ) ;
#1650 = AXIS2_PLACEMENT_3D ( 'NONE', #6020, #4665, #8040 ) ;
#1651 = ORIENTED_EDGE ( 'NONE', *, *, #4216, .F. ) ;
#1652 = DIRECTION ( 'NONE',  ( -1.000000000000000000, 0.000000000000000000, 0.000000000000000000 ) ) ;
#1653 = DIRECTION ( 'NONE',  ( 1.000000000000000000, 0.000000000000000000, 0.000000000000000000 ) ) ;
#1654 = CARTESIAN_POINT ( 'NONE',  ( 59.38261234309921122, 89.99999999999997158, 4.937813196170946384 ) ) ;
#1655 = CARTESIAN_POINT ( 'NONE',  ( -39.31335609997665159, 85.99999999999997158, 10.58384622208997961 ) ) ;
#1656 = CARTESIAN_POINT ( 'NONE',  ( -60.84818099284758119, 90.00000000000000000, 4.837327903927220341 ) ) ;
#1657 = CARTESIAN_POINT ( 'NONE',  ( 24.14292809016475516, 73.31761717137223400, 36.88536684330890125 ) ) ;
#1658 = EDGE_CURVE ( 'NONE', #3077, #1446, #3139, .T. ) ;
#1659 = B_SPLINE_CURVE_WITH_KNOTS ( 'NONE', 1,
 ( #5500, #2795 ),
 .UNSPECIFIED., .F., .F.,
 ( 2, 2 ),
 ( 0.000000000000000000, 1.000000000000000000 ),
 .UNSPECIFIED. ) ;
#1660 = CARTESIAN_POINT ( 'NONE',  ( -38.36997955372222435, 89.99999999999997158, 12.59969044936609350 ) ) ;
#1661 = CARTESIAN_POINT ( 'NONE',  ( -53.12856784104703678, 89.99999999999998579, 8.288526546229888936 ) ) ;
#1662 = DIRECTION ( 'NONE',  ( -0.000000000000000000, -0.000000000000000000, 1.000000000000000000 ) ) ;
#1663 = VERTEX_POINT ( 'NONE', #769 ) ;
#1664 = AXIS2_PLACEMENT_3D ( 'NONE', #5298, #3092, #5931 ) ;
#1665 = CARTESIAN_POINT ( 'NONE',  ( -2.247776679298902014, 82.50000000000000000, 15.00000000000000178 ) ) ;
#1666 = CARTESIAN_POINT ( 'NONE',  ( -38.14276047496073119, 82.50000000000000000, 13.50000000000000000 ) ) ;
#1667 = VERTEX_POINT ( 'NONE', #92 ) ;
#1668 = CARTESIAN_POINT ( 'NONE',  ( -41.41936630653046336, 89.87938521353875387, 9.653628320322242828 ) ) ;
#1669 = EDGE_CURVE ( 'NONE', #2435, #3360, #4486, .T. ) ;
#1670 = VECTOR ( 'NONE', #2683, 1000.000000000000000 ) ;
#1671 = DIRECTION ( 'NONE',  ( 0.000000000000000000, 0.000000000000000000, -1.000000000000000000 ) ) ;
#1672 = CARTESIAN_POINT ( 'NONE',  ( 51.09520986528612951, 87.20034813426721598, 6.948925970851946410 ) ) ;
#1673 = CARTESIAN_POINT ( 'NONE',  ( -64.28125002021734247, 90.00000000000000000, 16.99999999999998224 ) ) ;
#1674 = CARTESIAN_POINT ( 'NONE',  ( 5.605278422273785033, 86.00000000000000000, 17.00000000000000000 ) ) ;
#1675 = ORIENTED_EDGE ( 'NONE', *, *, #8626, .T. ) ;
#1676 = ORIENTED_EDGE ( 'NONE', *, *, #321, .F. ) ;
#1677 = ORIENTED_EDGE ( 'NONE', *, *, #8836, .T. ) ;
#1678 = DIRECTION ( 'NONE',  ( 0.000000000000000000, 0.000000000000000000, 1.000000000000000000 ) ) ;
#1679 = EDGE_CURVE ( 'NONE', #4673, #1061, #6557, .T. ) ;
#1680 = CARTESIAN_POINT ( 'NONE',  ( 30.00000000000000000, 88.19999999999998863, 8.397725512736064601 ) ) ;
#1681 = CIRCLE ( 'NONE', #4112, 0.5000000000000004441 ) ;
#1682 = CARTESIAN_POINT ( 'NONE',  ( -23.31192640368340108, 80.00000000000000000, 12.50000000000000000 ) ) ;
#1683 = AXIS2_PLACEMENT_3D ( 'NONE', #6768, #5557, #610 ) ;
#1684 = DIRECTION ( 'NONE',  ( 4.163336342345625335E-16, -0.000000000000000000, 1.000000000000000000 ) ) ;
#1685 = CARTESIAN_POINT ( 'NONE',  ( -46.43374014992389931, 89.50000000000004263, 11.21730932483072252 ) ) ;
#1686 = CARTESIAN_POINT ( 'NONE',  ( 0.000000000000000000, 83.09999999999999432, 13.85000000000001030 ) ) ;
#1687 = AXIS2_PLACEMENT_3D ( 'NONE', #8486, #7132, #1646 ) ;
#1688 = CARTESIAN_POINT ( 'NONE',  ( -93.03352456396237358, 80.16181012536218020, 12.01343122975532474 ) ) ;
#1689 = CARTESIAN_POINT ( 'NONE',  ( 92.15658222076491768, 76.95443878092868317, 15.86226774505987080 ) ) ;
#1690 = ORIENTED_EDGE ( 'NONE', *, *, #7777, .F. ) ;
#1691 = EDGE_CURVE ( 'NONE', #7162, #6564, #2002, .T. ) ;
#1692 = AXIS2_PLACEMENT_3D ( 'NONE', #2975, #5725, #8468 ) ;
#1693 = CARTESIAN_POINT ( 'NONE',  ( 53.30464084954774506, 89.34485357832078023, 6.355847872580675073 ) ) ;
#1694 = CARTESIAN_POINT ( 'NONE',  ( -1.748270750565812603, 83.02222222222222570, 15.00000000000000178 ) ) ;
#1695 = CARTESIAN_POINT ( 'NONE',  ( -49.90999935143079824, 82.24689295812471812, 17.00000000000000000 ) ) ;
#1696 = CARTESIAN_POINT ( 'NONE',  ( -84.95859636891619004, 85.15909116235609133, 9.758305162604047567 ) ) ;
#1697 = EDGE_CURVE ( 'NONE', #1284, #3406, #1482, .T. ) ;
#1698 = VECTOR ( 'NONE', #3285, 1000.000000000000000 ) ;
#1699 = B_SPLINE_CURVE_WITH_KNOTS ( 'NONE', 3,
 ( #3203, #422, #7380, #5316, #5228, #2394, #3790, #7296, #1045, #8646, #3161, #2437, #6581, #1140 ),
 .UNSPECIFIED., .F., .F.,
 ( 4, 2, 2, 2, 2, 2, 4 ),
 ( 0.000000000000000000, 0.006523805908785880459, 0.009785708863178841505, 0.01304761181757180082, 0.01630951477196476013, 0.01957141772635772117, 0.02609522363514366061 ),
 .UNSPECIFIED. ) ;
#1700 = ORIENTED_EDGE ( 'NONE', *, *, #5317, .F. ) ;
#1701 = EDGE_CURVE ( 'NONE', #2698, #1281, #885, .T. ) ;
#1702 = CARTESIAN_POINT ( 'NONE',  ( -16.01768689137253077, 69.75150446665328730, 12.50000000000000000 ) ) ;
#1703 = VERTEX_POINT ( 'NONE', #5675 ) ;
#1704 = CARTESIAN_POINT ( 'NONE',  ( 59.39368102988230902, 90.00000000000007105, 4.926146288787326633 ) ) ;
#1705 = CARTESIAN_POINT ( 'NONE',  ( -15.00910350054426523, 69.76991160768594114, 14.20000000000000107 ) ) ;
#1706 = CARTESIAN_POINT ( 'NONE',  ( -86.32565558825329788, 80.27767862025989132, -15.00000000000002665 ) ) ;
#1707 = CARTESIAN_POINT ( 'NONE',  ( -55.93577646977460205, 85.99999999999997158, 5.277979241727748239 ) ) ;
#1708 = CARTESIAN_POINT ( 'NONE',  ( 59.34206578583373215, 89.31177661765616449, 3.985370670081747946 ) ) ;
#1709 = CARTESIAN_POINT ( 'NONE',  ( -57.40966888297719350, 89.99999999999998579, 6.503827693298157797 ) ) ;
#1710 = LINE ( 'NONE', #1840, #8284 ) ;
#1711 = ORIENTED_EDGE ( 'NONE', *, *, #4017, .T. ) ;
#1712 = DIRECTION ( 'NONE',  ( -0.000000000000000000, -0.000000000000000000, 1.000000000000000000 ) ) ;
#1713 = SPHERICAL_SURFACE ( 'NONE', #1928, 0.5000000000000000000 ) ;
#1714 = ORIENTED_EDGE ( 'NONE', *, *, #985, .F. ) ;
#1715 = CARTESIAN_POINT ( 'NONE',  ( -47.16838316086396787, 89.99999999998993871, 9.445983884172420630 ) ) ;
#1716 = EDGE_CURVE ( 'NONE', #1468, #936, #4955, .T. ) ;
#1717 = CARTESIAN_POINT ( 'NONE',  ( 40.25777667939014748, 83.00000000000000000, 15.00000000000000178 ) ) ;
#1718 = CARTESIAN_POINT ( 'NONE',  ( -46.06999999992408590, 86.59999999999999432, 11.16999999999999993 ) ) ;
#1719 = CARTESIAN_POINT ( 'NONE',  ( -65.31250002054666481, 89.50000000000000000, 17.00000000000000711 ) ) ;
#1720 = CARTESIAN_POINT ( 'NONE',  ( -34.66000099991106964, 82.25495999994770102, 14.70000000000002061 ) ) ;
#1721 = ORIENTED_EDGE ( 'NONE', *, *, #7173, .F. ) ;
#1722 = EDGE_LOOP ( 'NONE', ( #1552, #5647, #228, #7265 ) ) ;
#1723 = CC_DESIGN_PERSON_AND_ORGANIZATION_ASSIGNMENT ( #3819, #5213, ( #6770 ) ) ;
#1724 = ORIENTED_EDGE ( 'NONE', *, *, #1701, .T. ) ;
#1725 = ORIENTED_EDGE ( 'NONE', *, *, #8023, .T. ) ;
#1726 = DIRECTION ( 'NONE',  ( 0.000000000000000000, 0.000000000000000000, -1.000000000000000000 ) ) ;
#1727 = CARTESIAN_POINT ( 'NONE',  ( 92.78517996515122945, 80.15063809607021028, 14.42917094227921559 ) ) ;
#1728 = CARTESIAN_POINT ( 'NONE',  ( 0.000000000000000000, 86.00000000000000000, 12.50000000000000000 ) ) ;
#1729 = EDGE_CURVE ( 'NONE', #4025, #3210, #3621, .T. ) ;
#1730 = CARTESIAN_POINT ( 'NONE',  ( 0.000000000000000000, 80.00000000000000000, 14.76999999999999780 ) ) ;
#1731 = CARTESIAN_POINT ( 'NONE',  ( -46.52098472733507606, 89.50000000000007105, 11.24384327859590016 ) ) ;
#1732 = CARTESIAN_POINT ( 'NONE',  ( 93.22212687559714084, 79.79176304499883088, 12.06375359326712982 ) ) ;
#1733 = VERTEX_POINT ( 'NONE', #2922 ) ;
#1734 = EDGE_CURVE ( 'NONE', #7201, #8632, #2883, .T. ) ;
#1735 = ORIENTED_EDGE ( 'NONE', *, *, #2755, .T. ) ;
#1736 = FACE_OUTER_BOUND ( 'NONE', #6913, .T. ) ;
#1737 = CARTESIAN_POINT ( 'NONE',  ( -50.50000000000000000, 85.99999999999998579, 8.884968362156206112 ) ) ;
#1738 = ORIENTED_EDGE ( 'NONE', *, *, #8796, .F. ) ;
#1739 = CARTESIAN_POINT ( 'NONE',  ( -57.98928105359829033, 89.42385251975763083, 4.095678901389957716 ) ) ;
#1740 = CARTESIAN_POINT ( 'NONE',  ( -93.11982243510186663, 79.89045515234563766, 12.95046536963117845 ) ) ;
#1741 = AXIS2_PLACEMENT_3D ( 'NONE', #4283, #5005, #7062 ) ;
#1742 = CARTESIAN_POINT ( 'NONE',  ( 57.78747803230633906, 90.00000000000000000, 6.263999330563954970 ) ) ;
#1743 = CARTESIAN_POINT ( 'NONE',  ( -52.74823977212992787, 89.87938524390220607, 8.059250237352502566 ) ) ;
#1744 = ADVANCED_FACE ( 'NONE', ( #3939 ), #5930, .F. ) ;
#1745 = CARTESIAN_POINT ( 'NONE',  ( -46.06999999992410011, 89.99999999999997158, 14.46999999999996867 ) ) ;
#1746 = CARTESIAN_POINT ( 'NONE',  ( -75.46988545351376843, 85.27193442551127589, 17.00000000000001421 ) ) ;
#1747 = CARTESIAN_POINT ( 'NONE',  ( 45.64396435564658816, 85.99999999999992895, 7.820046010421676463 ) ) ;
#1748 = DIRECTION ( 'NONE',  ( -0.000000000000000000, -0.000000000000000000, -1.000000000000000000 ) ) ;
#1749 = CARTESIAN_POINT ( 'NONE',  ( -58.05061712317715461, 89.34485357832087971, 3.726376734889192299 ) ) ;
#1750 = CARTESIAN_POINT ( 'NONE',  ( -17.67157287525382259, 86.00000000000000000, 12.49999999999999822 ) ) ;
#1751 = ORIENTED_EDGE ( 'NONE', *, *, #7217, .F. ) ;
#1752 = APPROVAL_DATE_TIME ( #7958, #7706 ) ;
#1753 = CARTESIAN_POINT ( 'NONE',  ( -69.34036286350894329, 85.63304766501313736, 6.094671929252560183 ) ) ;
#1754 = ORIENTED_EDGE ( 'NONE', *, *, #1065, .F. ) ;
#1755 = CARTESIAN_POINT ( 'NONE',  ( -60.13756847361356961, 90.00000000000001421, 4.654424682538524038 ) ) ;
#1756 = ADVANCED_FACE ( 'NONE', ( #1116 ), #4029, .F. ) ;
#1757 = CIRCLE ( 'NONE', #8654, 0.8999999999999980238 ) ;
#1758 = LINE ( 'NONE', #2515, #8296 ) ;
#1759 = CARTESIAN_POINT ( 'NONE',  ( -51.80564296770103994, 87.49999999999994316, 6.780405814940801079 ) ) ;
#1760 = CARTESIAN_POINT ( 'NONE',  ( -10.67383207310151683, 78.84523652348138967, 36.88536684330890125 ) ) ;
#1761 = EDGE_CURVE ( 'NONE', #7700, #2225, #2453, .T. ) ;
#1762 = DIRECTION ( 'NONE',  ( -0.9755345439457587808, 0.000000000000000000, 0.2198462043532717070 ) ) ;
#1763 = EDGE_LOOP ( 'NONE', ( #3159, #1892, #3509, #7549 ) ) ;
#1764 = ORIENTED_EDGE ( 'NONE', *, *, #58, .T. ) ;
#1765 = ORIENTED_EDGE ( 'NONE', *, *, #3342, .F. ) ;
#1766 = CARTESIAN_POINT ( 'NONE',  ( 0.000000000000000000, 0.000000000000000000, 12.50000000000000000 ) ) ;
#1767 = ORIENTED_EDGE ( 'NONE', *, *, #7991, .F. ) ;
#1768 = CARTESIAN_POINT ( 'NONE',  ( 81.03889438834863768, 87.31092378570538415, 16.99999999997738342 ) ) ;
#1769 = EDGE_CURVE ( 'NONE', #7927, #87, #5916, .T. ) ;
#1770 = CARTESIAN_POINT ( 'NONE',  ( 92.11267286788206832, 80.67603878204133139, 15.95224455805380259 ) ) ;
#1771 = CARTESIAN_POINT ( 'NONE',  ( -51.65999935143079824, 82.24689295812471812, 13.50000000000000000 ) ) ;
#1772 = CARTESIAN_POINT ( 'NONE',  ( -59.64709378341554924, 89.40953893117898588, 4.054111698173488598 ) ) ;
#1773 = CARTESIAN_POINT ( 'NONE',  ( -46.58481529006317601, 89.50000000000002842, 13.87211205723074592 ) ) ;
#1774 = CARTESIAN_POINT ( 'NONE',  ( -34.16073597995431044, 89.34485357832079444, 8.369183605057273212 ) ) ;
#1775 = CARTESIAN_POINT ( 'NONE',  ( -45.69626145520430782, 89.34485357832080865, 7.801354583849218649 ) ) ;
#1776 = ORIENTED_EDGE ( 'NONE', *, *, #1155, .F. ) ;
#1777 = CARTESIAN_POINT ( 'NONE',  ( 26.99999999999997868, 89.34485357832085128, 8.400000000000002132 ) ) ;
#1778 = ORIENTED_EDGE ( 'NONE', *, *, #4469, .T. ) ;
#1779 = VECTOR ( 'NONE', #850, 1000.000000000000000 ) ;
#1780 = PLANE ( 'NONE',  #229 ) ;
#1781 = CARTESIAN_POINT ( 'NONE',  ( -88.18249111125707884, 83.56968866061552603, 10.92144204674847785 ) ) ;
#1782 = EDGE_CURVE ( 'NONE', #2377, #870, #97, .T. ) ;
#1783 = DIRECTION ( 'NONE',  ( -1.000000000000000000, 0.000000000000000000, 0.000000000000000000 ) ) ;
#1784 = CIRCLE ( 'NONE', #7671, 0.5000000000000004441 ) ;
#1785 = DIRECTION ( 'NONE',  ( 0.000000000000000000, 0.000000000000000000, 1.000000000000000000 ) ) ;
#1786 = CARTESIAN_POINT ( 'NONE',  ( 51.38535928186483659, 89.99999999999998579, 8.728557665414433231 ) ) ;
#1787 = CARTESIAN_POINT ( 'NONE',  ( -59.29197421191823025, 89.87938524157179643, 4.551864250192084072 ) ) ;
#1788 = DIRECTION ( 'NONE',  ( -0.000000000000000000, 0.000000000000000000, -1.000000000000000000 ) ) ;
#1789 = CYLINDRICAL_SURFACE ( 'NONE', #1664, 1.750000000000001554 ) ;
#1790 = CARTESIAN_POINT ( 'NONE',  ( 57.61667484712965859, 89.34485360493505368, 4.183925452116379340 ) ) ;
#1791 = AXIS2_PLACEMENT_3D ( 'NONE', #2700, #6039, #1267 ) ;
#1792 = AXIS2_PLACEMENT_3D ( 'NONE', #8682, #6616, #1848 ) ;
#1793 = CARTESIAN_POINT ( 'NONE',  ( 18.00000000000000355, 89.87938524152623643, 9.868613674640171141 ) ) ;
#1794 = CARTESIAN_POINT ( 'NONE',  ( -58.38165636853427998, 89.34485357832085128, 3.377580665261838089 ) ) ;
#1795 = LINE ( 'NONE', #7229, #3258 ) ;
#1796 = ORIENTED_EDGE ( 'NONE', *, *, #4722, .F. ) ;
#1797 = SECURITY_CLASSIFICATION_LEVEL ( 'unclassified' ) ;
#1798 = CARTESIAN_POINT ( 'NONE',  ( -46.06999999992408590, 94.19162435117168286, 11.16999999999999993 ) ) ;
#1799 = ORIENTED_EDGE ( 'NONE', *, *, #5542, .F. ) ;
#1800 = CARTESIAN_POINT ( 'NONE',  ( -59.42207855416713613, 90.00000000000000000, 4.896213014753960202 ) ) ;
#1801 = CARTESIAN_POINT ( 'NONE',  ( 2.247776679298902014, 83.00000000000000000, 17.00000000000002842 ) ) ;
#1802 = CONICAL_SURFACE ( 'NONE', #2948, 1.750000000000001554, 0.7853981633974425058 ) ;
#1803 = CARTESIAN_POINT ( 'NONE',  ( -50.49999999999998579, 86.20092456010975468, 7.077532001695709063 ) ) ;
#1804 = EDGE_CURVE ( 'NONE', #2877, #2377, #3181, .T. ) ;
#1805 = CARTESIAN_POINT ( 'NONE',  ( 69.75504353565573012, 85.83390002241495154, 17.00000000000000000 ) ) ;
#1806 = CARTESIAN_POINT ( 'NONE',  ( 59.30245666729123144, 89.99999999999970157, 5.021299579801943302 ) ) ;
#1807 = B_SPLINE_SURFACE_WITH_KNOTS ( 'NONE', 1, 3, ( 
 ( #6826, #3455, #4759, #6873 ),
 ( #6067, #1427, #669, #2595 ) ),
 .UNSPECIFIED., .F., .F., .F.,
 ( 2, 2 ),
 ( 4, 4 ),
 ( 0.000000000000000000, 1.000000000000000000 ),
 ( 0.000000000000000000, 0.005799999999999999600 ),
 .UNSPECIFIED. ) ;
#1808 = VERTEX_POINT ( 'NONE', #5382 ) ;
#1809 = EDGE_LOOP ( 'NONE', ( #6010, #4587, #2134, #2781 ) ) ;
#1810 = EDGE_CURVE ( 'NONE', #3299, #5222, #8666, .T. ) ;
#1811 = ORIENTED_EDGE ( 'NONE', *, *, #6701, .T. ) ;
#1812 = CARTESIAN_POINT ( 'NONE',  ( 45.65078626337255230, 85.99999999999995737, 7.811477014496620797 ) ) ;
#1813 = DIRECTION ( 'NONE',  ( 0.000000000000000000, 0.000000000000000000, 1.000000000000000000 ) ) ;
#1814 = CARTESIAN_POINT ( 'NONE',  ( 92.56347503742027527, 80.60978791066845872, 15.04973748122193911 ) ) ;
#1815 = LINE ( 'NONE', #1682, #6654 ) ;
#1816 = AXIS2_PLACEMENT_3D ( 'NONE', #7379, #3160, #462 ) ;
#1817 = ADVANCED_FACE ( 'NONE', ( #1835 ), #3310, .F. ) ;
#1818 = FACE_OUTER_BOUND ( 'NONE', #4637, .T. ) ;
#1819 = CARTESIAN_POINT ( 'NONE',  ( -46.97589680453741323, 89.50000000000000000, 13.63765309935101833 ) ) ;
#1820 = CARTESIAN_POINT ( 'NONE',  ( -34.53628046296010723, 89.34485357832079444, 8.364062271939470605 ) ) ;
#1821 = CARTESIAN_POINT ( 'NONE',  ( 93.11982243510186663, 79.89045515234563766, 12.95046536963117845 ) ) ;
#1822 = EDGE_LOOP ( 'NONE', ( #5770, #6827 ) ) ;
#1823 = CARTESIAN_POINT ( 'NONE',  ( 34.16073597995431044, 89.34485357832079444, 8.369183605057273212 ) ) ;
#1824 = VERTEX_POINT ( 'NONE', #1958 ) ;
#1825 = AXIS2_PLACEMENT_3D ( 'NONE', #1702, #5831, #8707 ) ;
#1826 = CARTESIAN_POINT ( 'NONE',  ( 91.87780581196666674, 77.18303182878143787, 16.24688794321358998 ) ) ;
#1827 = CARTESIAN_POINT ( 'NONE',  ( -93.03352456396243042, 80.16181012536208073, 12.01343122975533362 ) ) ;
#1828 = EDGE_CURVE ( 'NONE', #150, #8450, #4712, .T. ) ;
#1829 = CIRCLE ( 'NONE', #6568, 3.000000000000002665 ) ;
#1830 = CARTESIAN_POINT ( 'NONE',  ( -26.99999999999999645, 86.39999999999999147, 8.400000000000000355 ) ) ;
#1831 = FACE_OUTER_BOUND ( 'NONE', #4137, .T. ) ;
#1832 = EDGE_CURVE ( 'NONE', #5391, #4004, #1285, .T. ) ;
#1833 = CARTESIAN_POINT ( 'NONE',  ( 52.03087583601030275, 89.99999999999995737, 8.578755798192460702 ) ) ;
#1834 = CARTESIAN_POINT ( 'NONE',  ( 14.21701480739244161, 86.00000000000018474, -14.99999999999999822 ) ) ;
#1835 = FACE_OUTER_BOUND ( 'NONE', #7279, .T. ) ;
#1836 = CARTESIAN_POINT ( 'NONE',  ( -28.53457416728500462, 85.99999999999968736, -15.00000000000000355 ) ) ;
#1837 = CARTESIAN_POINT ( 'NONE',  ( 55.93577646977460205, 85.99999999999997158, 5.277979241727748239 ) ) ;
#1838 = AXIS2_PLACEMENT_3D ( 'NONE', #3953, #3236, #7880 ) ;
#1839 = CARTESIAN_POINT ( 'NONE',  ( -38.84110033021187292, 89.99999999999998579, 11.31617416854665592 ) ) ;
#1840 = CARTESIAN_POINT ( 'NONE',  ( 0.000000000000000000, 80.00000000000000000, 12.50000000000000000 ) ) ;
#1841 = ORIENTED_EDGE ( 'NONE', *, *, #6589, .F. ) ;
#1842 = CYLINDRICAL_SURFACE ( 'NONE', #4051, 0.8999999999999968026 ) ;
#1843 = DIRECTION ( 'NONE',  ( -0.000000000000000000, -0.000000000000000000, -1.000000000000000000 ) ) ;
#1844 = VERTEX_POINT ( 'NONE', #3352 ) ;
#1845 = CARTESIAN_POINT ( 'NONE',  ( -42.89432278318234637, 85.99999999999997158, 8.045128359651332772 ) ) ;
#1846 = B_SPLINE_CURVE_WITH_KNOTS ( 'NONE', 3,
 ( #2996, #2229, #6373, #5699 ),
 .UNSPECIFIED., .F., .F.,
 ( 4, 4 ),
 ( 0.000000000000000000, 0.0007589010751701925298 ),
 .UNSPECIFIED. ) ;
#1847 = CARTESIAN_POINT ( 'NONE',  ( 9.371937135110783856, 78.80006240345578306, 12.50000000000000000 ) ) ;
#1848 = DIRECTION ( 'NONE',  ( 1.000000000000000000, 0.000000000000000000, 0.000000000000000000 ) ) ;
#1849 = CARTESIAN_POINT ( 'NONE',  ( -34.71254102175322487, 86.00000000000000000, -0.5062160878754190518 ) ) ;
#1850 = CARTESIAN_POINT ( 'NONE',  ( 59.27359804760217799, 89.87938524157236486, 4.571234030880765964 ) ) ;
#1851 = VERTEX_POINT ( 'NONE', #6102 ) ;
#1852 = CARTESIAN_POINT ( 'NONE',  ( 0.000000000000000000, 0.000000000000000000, 15.00000000000000178 ) ) ;
#1853 = ORIENTED_EDGE ( 'NONE', *, *, #5519, .F. ) ;
#1854 = ORIENTED_EDGE ( 'NONE', *, *, #7748, .T. ) ;
#1855 = CARTESIAN_POINT ( 'NONE',  ( -8.861216499028216731, 78.00000000000000000, 14.20000000000000107 ) ) ;
#1856 = CYLINDRICAL_SURFACE ( 'NONE', #7020, 1.000000000000000888 ) ;
#1857 = EDGE_CURVE ( 'NONE', #3345, #5444, #2499, .T. ) ;
#1858 = CARTESIAN_POINT ( 'NONE',  ( 92.95009152431958910, 80.26898256399992704, 13.84708869142319720 ) ) ;
#1859 = CARTESIAN_POINT ( 'NONE',  ( 27.77126218583481787, 74.00000000000000000, 36.88536684330890125 ) ) ;
#1860 = CARTESIAN_POINT ( 'NONE',  ( -20.80145098718069008, 69.99795758792305378, 14.20000000000000107 ) ) ;
#1861 = CARTESIAN_POINT ( 'NONE',  ( -47.34579905075703721, 89.50000000000000000, 13.14828606202482142 ) ) ;
#1862 = CARTESIAN_POINT ( 'NONE',  ( 60.50000001902569124, 89.50000000002862066, 17.00000000000000711 ) ) ;
#1863 = ADVANCED_FACE ( 'NONE', ( #8840 ), #2673, .T. ) ;
#1864 = CARTESIAN_POINT ( 'NONE',  ( -39.02992670236395156, 89.34485357832082286, 8.253547256314632818 ) ) ;
#1865 = ORIENTED_EDGE ( 'NONE', *, *, #3072, .F. ) ;
#1866 = CARTESIAN_POINT ( 'NONE',  ( 33.03351799997508920, 89.34485357832090813, 8.382364759403964527 ) ) ;
#1867 = ORIENTED_EDGE ( 'NONE', *, *, #6742, .T. ) ;
#1868 = DIRECTION ( 'NONE',  ( 0.000000000000000000, -0.000000000000000000, -1.000000000000000000 ) ) ;
#1869 = DIRECTION ( 'NONE',  ( 0.000000000000000000, -0.000000000000000000, -1.000000000000000000 ) ) ;
#1870 = CARTESIAN_POINT ( 'NONE',  ( -91.78858918934925271, 81.23815957597909687, 15.91974552590476755 ) ) ;
#1871 = CARTESIAN_POINT ( 'NONE',  ( 92.72397121200467041, 79.76922673094560423, 12.02084747679483101 ) ) ;
#1872 = CARTESIAN_POINT ( 'NONE',  ( 45.88576858466188213, 89.99999999999998579, 9.591378710500833904 ) ) ;
#1873 = CARTESIAN_POINT ( 'NONE',  ( 1.747776679298902236, 83.00000000000000000, 17.00000000000002842 ) ) ;
#1874 = CARTESIAN_POINT ( 'NONE',  ( -26.99999999999999645, 88.96323571888056847, 8.400000000000000355 ) ) ;
#1875 = CARTESIAN_POINT ( 'NONE',  ( -33.52761121814194922, 86.00000000000001421, 17.00000000000003553 ) ) ;
#1876 = CARTESIAN_POINT ( 'NONE',  ( 53.48332420469114368, 85.99999999999995737, 6.307480072997183385 ) ) ;
#1877 = B_SPLINE_SURFACE_WITH_KNOTS ( 'NONE', 1, 3, ( 
 ( #1885, #7965, #5943, #7368, #6572, #6524, #1084, #1211, #3823, #8009, #5262, #5307, #3105, #1130, #412, #4633, #3154, #6702, #5903, #4548, #3060, #5806, #8550, #6114, #6829, #5483, #4762, #8225, #6203, #4811, #8182, #2057, #673, #4085, #3414, #6162, #2011, #1295, #5529, #2644, #8900, #7552, #5393, #4724, #8806, #2732, #3322, #4040, #8272, #8852, #6070, #8093, #2105, #545, #7465, #5440, #1387, #4133, #6787, #586, #4676, #6876, #1929, #1340, #8138, #627, #1258, #33, #2690, #2777, #1971, #8766, #7504, #3365, #716, #3458, #6030, #4857, #7596, #1430, #4174, #6744, #7420, #3282, #2600, #5349, #4000, #7100, #4898, #7053 ),
 ( #6916, #759, #4992, #6342, #7735, #2960, #5713, #7823, #943, #2823, #179, #7636, #3643, #5576, #82, #3499, #8319, #7013, #3551, #2913, #6386, #6299, #899, #8456, #1615, #2151, #855, #7684, #3598, #225, #6432, #5665, #2289, #806, #2330, #8410, #6248, #1472, #5039, #3008, #7779, #4320, #134, #4366, #1660, #4221, #6962, #5755, #3689, #2868, #4944, #272, #2244, #8497, #5621, #1569, #5079, #8360, #2193, #1518, #4271, #355, #5980, #8672, #3731, #1839, #1162, #444, #5300, #6605, #6561, #5209, #489, #5894, #2504, #4585, #7185, #8716, #2461, #1026, #402, #3770, #5125, #8629, #5253, #2549, #3143, #5797, #3901, #7320 ) ),
 .UNSPECIFIED., .F., .F., .F.,
 ( 2, 2 ),
 ( 4, 2, 2, 2, 2, 2, 2, 2, 2, 2, 2, 2, 2, 2, 2, 2, 2, 2, 2, 2, 2, 2, 2, 2, 2, 2, 2, 2, 2, 2, 2, 2, 2, 2, 2, 2, 2, 2, 2, 2, 2, 2, 2, 2, 4 ),
 ( 0.000000000000000000, 1.000000000000000000 ),
 ( 0.000000000000000000, 0.0001855952902874087628, 0.0003711905805748175256, 0.0005567858708622262613, 0.0007423811611496350512, 0.0009279764514370438411, 0.001113571741724452523, 0.001299167032011861421, 0.001391964677155565870, 0.001484762322299270102, 0.001577559967442974335, 0.001670357612586678784, 0.001855952902874087682, 0.002041548193161496147, 0.002134345838305200596, 0.002227143483448905045, 0.002319941128592609494, 0.002412738773736313944, 0.002598334064023722842, 0.002691131709167427291, 0.002783929354311131740, 0.002876726999454836189, 0.002969524644598540205, 0.003155119934885948670, 0.003247917580029653119, 0.003340715225173357568, 0.003433512870317062017, 0.003526310515460766466, 0.003711905805748175365, 0.003897501096035583829, 0.003990298741179287845, 0.004083096386322992294, 0.004268691676610401192, 0.004454286966897810091, 0.004547084612041514540, 0.004639882257185218989, 0.004732679902328923438, 0.004825477547472627887, 0.005011072837760036786, 0.005196668128047445684, 0.005289465773191150133, 0.005382263418334854582, 0.005567858708622263481, 0.005753453998909672379, 0.005939049289197080410 ),
 .UNSPECIFIED. ) ;
#1878 = CARTESIAN_POINT ( 'NONE',  ( -71.68808109040551813, 88.90093966567550865, 6.767665382700750243 ) ) ;
#1879 = DIRECTION ( 'NONE',  ( 0.000000000000000000, -0.000000000000000000, 1.000000000000000000 ) ) ;
#1880 = VERTEX_POINT ( 'NONE', #4533 ) ;
#1881 = DATE_TIME_ROLE ( 'creation_date' ) ;
#1882 = CARTESIAN_POINT ( 'NONE',  ( 17.50000000000001421, 85.00000000000000000, 3.694999999999993623 ) ) ;
#1883 = ORIENTED_EDGE ( 'NONE', *, *, #8361, .T. ) ;
#1884 = CARTESIAN_POINT ( 'NONE',  ( -59.27359804759768735, 89.87938524157236486, 4.571234030885573674 ) ) ;
#1885 = CARTESIAN_POINT ( 'NONE',  ( -40.26999999992408164, 89.50000000000002842, 13.97000000000000774 ) ) ;
#1886 = DIRECTION ( 'NONE',  ( -0.5570659408810945123, 0.4489470057497310096, 0.6986588033787393126 ) ) ;
#1887 = CARTESIAN_POINT ( 'NONE',  ( 30.69916038891320653, 86.99732353802548346, 8.395731560832668805 ) ) ;
#1888 = EDGE_CURVE ( 'NONE', #2144, #1168, #2677, .T. ) ;
#1889 = CARTESIAN_POINT ( 'NONE',  ( 59.01019274119976643, 90.00000000000002842, 5.788669581908138184 ) ) ;
#1890 = ORIENTED_EDGE ( 'NONE', *, *, #7350, .F. ) ;
#1891 = CARTESIAN_POINT ( 'NONE',  ( -93.22212687541590981, 79.76922673094573213, 12.06375359537079284 ) ) ;
#1892 = ORIENTED_EDGE ( 'NONE', *, *, #4197, .T. ) ;
#1893 = EDGE_LOOP ( 'NONE', ( #1077, #3574, #4903, #6063 ) ) ;
#1894 = DIRECTION ( 'NONE',  ( 0.000000000000000000, 0.000000000000000000, 1.000000000000000000 ) ) ;
#1895 = CARTESIAN_POINT ( 'NONE',  ( 83.05018292540334812, 86.49056337749360068, 16.99999999998506439 ) ) ;
#1896 = DIRECTION ( 'NONE',  ( 0.000000000000000000, 0.000000000000000000, -1.000000000000000000 ) ) ;
#1897 = CARTESIAN_POINT ( 'NONE',  ( -5.605278422273785033, 90.00000000000000000, 17.00000000000000000 ) ) ;
#1898 = PLANE ( 'NONE',  #6385 ) ;
#1899 = CARTESIAN_POINT ( 'NONE',  ( -46.43196712837483631, 89.50000000000001421, 13.92317411079180367 ) ) ;
#1900 = LINE ( 'NONE', #868, #2070 ) ;
#1901 = ORIENTED_EDGE ( 'NONE', *, *, #3151, .F. ) ;
#1902 = CARTESIAN_POINT ( 'NONE',  ( 78.80147967469100934, 87.61543439261633637, 8.370738988367264710 ) ) ;
#1903 = ORIENTED_EDGE ( 'NONE', *, *, #5294, .F. ) ;
#1904 = CARTESIAN_POINT ( 'NONE',  ( -92.57700893885032656, 76.59709430331530200, 15.01606049225188322 ) ) ;
#1905 = CARTESIAN_POINT ( 'NONE',  ( -66.00147541926334327, 89.99981326875506227, 16.49963217656421577 ) ) ;
#1906 = EDGE_CURVE ( 'NONE', #3522, #8084, #8758, .T. ) ;
#1907 = ADVANCED_FACE ( 'NONE', ( #842 ), #1245, .F. ) ;
#1908 = FACE_OUTER_BOUND ( 'NONE', #1042, .T. ) ;
#1909 = CARTESIAN_POINT ( 'NONE',  ( -51.99999999999998579, 84.50000000000000000, 17.00000000000000355 ) ) ;
#1910 = VECTOR ( 'NONE', #7415, 1000.000000000000000 ) ;
#1911 = ADVANCED_FACE ( 'NONE', ( #2000 ), #7585, .T. ) ;
#1912 = CARTESIAN_POINT ( 'NONE',  ( 47.75986933652144018, 89.99999999999998579, 9.365808313064437840 ) ) ;
#1913 = CARTESIAN_POINT ( 'NONE',  ( 27.49999999965681852, 89.50000000000001421, 17.00000000000001066 ) ) ;
#1914 = DIRECTION ( 'NONE',  ( -0.000000000000000000, -0.000000000000000000, -1.000000000000000000 ) ) ;
#1915 = CARTESIAN_POINT ( 'NONE',  ( 53.99999999999997158, 80.00000000000000000, 12.50000000000000000 ) ) ;
#1916 = DIRECTION ( 'NONE',  ( 0.000000000000000000, 0.000000000000000000, -1.000000000000000000 ) ) ;
#1917 = VECTOR ( 'NONE', #4400, 1000.000000000000000 ) ;
#1918 = LINE ( 'NONE', #8128, #1120 ) ;
#1919 = AXIS2_PLACEMENT_3D ( 'NONE', #3177, #5246, #7904 ) ;
#1920 = CARTESIAN_POINT ( 'NONE',  ( 58.07577625714868930, 88.91092304027327486, 3.699999999999995293 ) ) ;
#1921 = ORIENTED_EDGE ( 'NONE', *, *, #8595, .T. ) ;
#1922 =( NAMED_UNIT ( * ) PLANE_ANGLE_UNIT ( ) SI_UNIT ( $, .RADIAN. ) );
#1923 = DIRECTION ( 'NONE',  ( 0.000000000000000000, 0.000000000000000000, 1.000000000000000000 ) ) ;
#1924 = DIRECTION ( 'NONE',  ( -4.163336342345625335E-16, 0.000000000000000000, -1.000000000000000000 ) ) ;
#1925 = EDGE_LOOP ( 'NONE', ( #196, #6694, #3605, #7770 ) ) ;
#1926 = FACE_OUTER_BOUND ( 'NONE', #2477, .T. ) ;
#1927 = VECTOR ( 'NONE', #237, 1000.000000000000000 ) ;
#1928 = AXIS2_PLACEMENT_3D ( 'NONE', #2380, #5900, #5173 ) ;
#1929 = CARTESIAN_POINT ( 'NONE',  ( -39.09353584594165909, 89.50000000000002842, 11.81074657959809038 ) ) ;
#1930 = DIRECTION ( 'NONE',  ( 1.000000000000000000, 0.000000000000000000, 0.000000000000000000 ) ) ;
#1931 = CARTESIAN_POINT ( 'NONE',  ( -51.53498746194967595, 0.000000000000000000, 12.50000000000000000 ) ) ;
#1932 = CARTESIAN_POINT ( 'NONE',  ( 47.88368516261068208, 90.00000000001004707, 9.352668793898263999 ) ) ;
#1933 = VECTOR ( 'NONE', #7404, 1000.000000000000000 ) ;
#1934 = VERTEX_POINT ( 'NONE', #6150 ) ;
#1935 = CARTESIAN_POINT ( 'NONE',  ( -92.72855042471785225, 80.19726377326469446, 14.60485196184887791 ) ) ;
#1936 = VERTEX_POINT ( 'NONE', #1372 ) ;
#1937 = DIRECTION ( 'NONE',  ( 1.000000000000000000, 0.000000000000000000, 0.000000000000000000 ) ) ;
#1938 = DIRECTION ( 'NONE',  ( 1.000000000000000000, 0.000000000000000000, 0.000000000000000000 ) ) ;
#1939 = CARTESIAN_POINT ( 'NONE',  ( 38.01000000008891533, 83.09999999994768416, 15.00000000000000178 ) ) ;
#1940 = CARTESIAN_POINT ( 'NONE',  ( -68.34475205658222308, 86.00255792380426101, 6.014213644316180662 ) ) ;
#1941 = CARTESIAN_POINT ( 'NONE',  ( -69.75504353565573012, 85.83390002241495154, 17.00000000000000000 ) ) ;
#1942 = CARTESIAN_POINT ( 'NONE',  ( -47.45146463107989376, 89.50000000000004263, 12.79820966247139680 ) ) ;
#1943 = CARTESIAN_POINT ( 'NONE',  ( 65.31250002054667902, 90.00000000000000000, 16.99999999999999289 ) ) ;
#1944 = ORIENTED_EDGE ( 'NONE', *, *, #1588, .T. ) ;
#1945 = CARTESIAN_POINT ( 'NONE',  ( 54.50150509059258752, 1.890900807134406942E-13, 14.20000000000000107 ) ) ;
#1946 = CARTESIAN_POINT ( 'NONE',  ( -76.82555130077126648, 84.17712306210334816, 7.925444297590414244 ) ) ;
#1947 = AXIS2_PLACEMENT_3D ( 'NONE', #5216, #5306, #8090 ) ;
#1948 = DIRECTION ( 'NONE',  ( 0.000000000000000000, 0.000000000000000000, -1.000000000000000000 ) ) ;
#1949 = CIRCLE ( 'NONE', #7845, 0.5000000000000004441 ) ;
#1950 = CARTESIAN_POINT ( 'NONE',  ( -57.80367866209441274, 89.34485357832086549, 3.970788797554452465 ) ) ;
#1951 = EDGE_CURVE ( 'NONE', #1273, #1622, #4255, .T. ) ;
#1952 = CARTESIAN_POINT ( 'NONE',  ( -23.37228132326903562, 83.00000000000000000, 15.00000000000000178 ) ) ;
#1953 = CARTESIAN_POINT ( 'NONE',  ( -92.85811371118323621, 76.35143919529879497, 14.23538844584020957 ) ) ;
#1954 = VERTEX_POINT ( 'NONE', #6234 ) ;
#1955 = CARTESIAN_POINT ( 'NONE',  ( 34.56223883224443227, 90.00000000000000000, 10.16387712495300200 ) ) ;
#1956 = PLANE ( 'NONE',  #1249 ) ;
#1957 = ORIENTED_EDGE ( 'NONE', *, *, #1991, .T. ) ;
#1958 = CARTESIAN_POINT ( 'NONE',  ( -48.15999935143079824, 82.24689295812471812, 15.00000000000000178 ) ) ;
#1959 = CARTESIAN_POINT ( 'NONE',  ( -20.31192640368340108, 68.75150446665328730, 12.50000000000000000 ) ) ;
#1960 = ADVANCED_FACE ( 'NONE', ( #4070 ), #2090, .T. ) ;
#1961 = CIRCLE ( 'NONE', #2972, 1.000000000000000888 ) ;
#1962 = EDGE_CURVE ( 'NONE', #1464, #4326, #3535, .T. ) ;
#1963 = DIRECTION ( 'NONE',  ( -4.163336342345625335E-16, 0.000000000000000000, -1.000000000000000000 ) ) ;
#1964 = ORIENTED_EDGE ( 'NONE', *, *, #8206, .F. ) ;
#1965 = CARTESIAN_POINT ( 'NONE',  ( -40.26999999992408874, 89.50000000000005684, 13.96999999999999886 ) ) ;
#1966 = FACE_OUTER_BOUND ( 'NONE', #6267, .T. ) ;
#1967 = EDGE_LOOP ( 'NONE', ( #6048, #8246, #43, #7056 ) ) ;
#1968 = VERTEX_POINT ( 'NONE', #2855 ) ;
#1969 = CARTESIAN_POINT ( 'NONE',  ( -30.95329516390318148, 85.99999999999995737, 8.394728208676214720 ) ) ;
#1970 = AXIS2_PLACEMENT_3D ( 'NONE', #1626, #4423, #1762 ) ;
#1971 = CARTESIAN_POINT ( 'NONE',  ( -39.36410319531078272, 89.50000000000000000, 11.50234690064897336 ) ) ;
#1972 = LINE ( 'NONE', #3195, #781 ) ;
#1973 = CARTESIAN_POINT ( 'NONE',  ( -67.32589563892456397, 85.59691760397426208, -15.00000000000001421 ) ) ;
#1974 = CIRCLE ( 'NONE', #3710, 1.000000000000000888 ) ;
#1975 = CARTESIAN_POINT ( 'NONE',  ( 58.77966729993639916, 90.00000000000000000, 5.521482094113110861 ) ) ;
#1976 = EDGE_LOOP ( 'NONE', ( #7362, #8815, #8418, #958 ) ) ;
#1977 = DIRECTION ( 'NONE',  ( 0.000000000000000000, 0.000000000000000000, -1.000000000000000000 ) ) ;
#1978 = ORIENTED_EDGE ( 'NONE', *, *, #4677, .F. ) ;
#1979 = ORIENTED_EDGE ( 'NONE', *, *, #6271, .T. ) ;
#1980 = CARTESIAN_POINT ( 'NONE',  ( -17.54999999999998650, 90.00000000000001421, 10.19999999999994245 ) ) ;
#1981 = LINE ( 'NONE', #4732, #5238 ) ;
#1982 = CARTESIAN_POINT ( 'NONE',  ( -44.31741857672444951, 85.99999999999994316, 7.942869873075065534 ) ) ;
#1983 = CARTESIAN_POINT ( 'NONE',  ( -92.29437860831626494, 81.11633288412444642, -15.00000000000000000 ) ) ;
#1984 = CARTESIAN_POINT ( 'NONE',  ( -21.31192640368340463, 77.21902636811576315, 14.20000000000000107 ) ) ;
#1985 = CARTESIAN_POINT ( 'NONE',  ( -47.76066117835136282, 89.99999999999998579, 11.70244800496983828 ) ) ;
#1986 = CARTESIAN_POINT ( 'NONE',  ( 91.87777453040715159, 80.83978022226104088, 16.24684844485212309 ) ) ;
#1987 = VERTEX_POINT ( 'NONE', #7538 ) ;
#1988 = CARTESIAN_POINT ( 'NONE',  ( 90.68311880550565718, 82.00509447221000414, 11.48308815867432209 ) ) ;
#1989 = CARTESIAN_POINT ( 'NONE',  ( -93.01321028249677170, 76.21018824418297299, 13.53302321496694205 ) ) ;
#1990 = EDGE_CURVE ( 'NONE', #3546, #4783, #1533, .T. ) ;
#1991 = EDGE_CURVE ( 'NONE', #5603, #8763, #1420, .T. ) ;
#1992 = CARTESIAN_POINT ( 'NONE',  ( -58.10393607172360220, 89.34485357832083707, 3.670317557946248144 ) ) ;
#1993 = CARTESIAN_POINT ( 'NONE',  ( 70.57956962760853514, 85.60865063828762800, 11.50340917815123021 ) ) ;
#1994 = ADVANCED_FACE ( 'NONE', ( #3446 ), #3401, .F. ) ;
#1995 = CARTESIAN_POINT ( 'NONE',  ( -34.71254102175322487, 86.00000000000000000, 13.10000000000000142 ) ) ;
#1996 = ORIENTED_EDGE ( 'NONE', *, *, #923, .F. ) ;
#1997 = CARTESIAN_POINT ( 'NONE',  ( 58.76804982496652485, 89.34485357832083707, 2.970294553700919327 ) ) ;
#1998 = CARTESIAN_POINT ( 'NONE',  ( 46.75000000098835073, 89.49999999999992895, 17.00000000000002132 ) ) ;
#1999 = ORIENTED_EDGE ( 'NONE', *, *, #1761, .F. ) ;
#2000 = FACE_OUTER_BOUND ( 'NONE', #3461, .T. ) ;
#2001 = LINE ( 'NONE', #22, #7405 ) ;
#2002 = B_SPLINE_CURVE_WITH_KNOTS ( 'NONE', 3,
 ( #8624, #4184, #4908, #8370, #863, #7645 ),
 .UNSPECIFIED., .F., .F.,
 ( 4, 2, 4 ),
 ( 0.000000000000000000, 0.005277243678041304564, 0.01055448735608260913 ),
 .UNSPECIFIED. ) ;
#2003 = DIRECTION ( 'NONE',  ( -0.000000000000000000, -0.000000000000000000, -1.000000000000000000 ) ) ;
#2004 = DIRECTION ( 'NONE',  ( -0.000000000000000000, -0.000000000000000000, 1.000000000000000000 ) ) ;
#2005 = ORIENTED_EDGE ( 'NONE', *, *, #2613, .T. ) ;
#2006 = CARTESIAN_POINT ( 'NONE',  ( -47.39059650953785763, 86.00000000000000000, 10.80478606302208178 ) ) ;
#2007 = CARTESIAN_POINT ( 'NONE',  ( -21.31192640368340108, 69.75150446665328730, 36.88536684330890125 ) ) ;
#2008 = ORIENTED_EDGE ( 'NONE', *, *, #6123, .F. ) ;
#2009 = CARTESIAN_POINT ( 'NONE',  ( -36.90787191169469139, 85.99999999999994316, 8.319923086445740523 ) ) ;
#2010 = EDGE_CURVE ( 'NONE', #3291, #1586, #1388, .T. ) ;
#2011 = CARTESIAN_POINT ( 'NONE',  ( -38.90576265349670848, 89.50000000000001421, 12.88771957007310753 ) ) ;
#2012 = CARTESIAN_POINT ( 'NONE',  ( -59.10193499031672815, 90.00000000000008527, 5.220503942393271757 ) ) ;
#2013 = CARTESIAN_POINT ( 'NONE',  ( -61.06238090575988764, 86.00000000000000000, -15.00000000000000000 ) ) ;
#2014 = CARTESIAN_POINT ( 'NONE',  ( 60.26014189535160170, 90.00000000000000000, 4.525223601385782501 ) ) ;
#2015 = ORIENTED_EDGE ( 'NONE', *, *, #3251, .T. ) ;
#2016 = CARTESIAN_POINT ( 'NONE',  ( -46.06999999992407879, 89.99999999999998579, 10.67000000000002480 ) ) ;
#2017 = ORIENTED_EDGE ( 'NONE', *, *, #6087, .F. ) ;
#2018 = EDGE_CURVE ( 'NONE', #8644, #8770, #2720, .T. ) ;
#2019 = CARTESIAN_POINT ( 'NONE',  ( -51.25687320473893749, 89.34485357832083707, 6.912019339053016687 ) ) ;
#2020 = B_SPLINE_CURVE_WITH_KNOTS ( 'NONE', 3,
 ( #3372, #6208, #6836, #3420, #7557, #8905, #5489, #3735, #276, #7875 ),
 .UNSPECIFIED., .F., .F.,
 ( 4, 2, 2, 2, 4 ),
 ( 0.0004381828494244717465, 0.001591529594609433686, 0.002744876339794395572, 0.003898223084979357458, 0.005051569830164318910 ),
 .UNSPECIFIED. ) ;
#2021 = VECTOR ( 'NONE', #1068, 1000.000000000000000 ) ;
#2022 = ORIENTED_EDGE ( 'NONE', *, *, #2508, .F. ) ;
#2023 = CARTESIAN_POINT ( 'NONE',  ( 92.37649211519209302, 80.75123992610802759, 14.92095970434937335 ) ) ;
#2024 = LINE ( 'NONE', #5359, #6095 ) ;
#2025 = CARTESIAN_POINT ( 'NONE',  ( -48.28455850954408390, 85.99999999999994316, 7.486847599870300130 ) ) ;
#2026 = CARTESIAN_POINT ( 'NONE',  ( -33.52761121814194922, 90.00000000000002842, 17.00000000000003553 ) ) ;
#2027 = CARTESIAN_POINT ( 'NONE',  ( -21.56717675574722293, 69.87248310377550808, 12.50000000000000000 ) ) ;
#2028 = CARTESIAN_POINT ( 'NONE',  ( -47.83788289686385298, 89.99999999999998579, 11.87318011140037655 ) ) ;
#2029 = CARTESIAN_POINT ( 'NONE',  ( 90.82665997051039142, 81.97205951894150644, 16.48168451791101674 ) ) ;
#2030 = CARTESIAN_POINT ( 'NONE',  ( -39.31612616400466464, 89.99999999999997158, 14.21787991911413940 ) ) ;
#2031 = ADVANCED_FACE ( 'NONE', ( #2179 ), #4796, .F. ) ;
#2032 = VERTEX_POINT ( 'NONE', #8171 ) ;
#2033 = CARTESIAN_POINT ( 'NONE',  ( 84.95859636891619004, 85.15909116235609133, 9.758305162602759708 ) ) ;
#2034 = CARTESIAN_POINT ( 'NONE',  ( -89.44877169665511474, 78.67252074494962244, 10.77020987557301268 ) ) ;
#2035 = CARTESIAN_POINT ( 'NONE',  ( -88.80338433003251453, 83.40380066265063874, 16.47735863963563574 ) ) ;
#2036 = B_SPLINE_CURVE_WITH_KNOTS ( 'NONE', 3,
 ( #6283, #7584, #1457, #6233 ),
 .UNSPECIFIED., .F., .F.,
 ( 4, 4 ),
 ( 0.000000000000000000, 1.000000000000000000 ),
 .UNSPECIFIED. ) ;
#2037 = CARTESIAN_POINT ( 'NONE',  ( -58.17235991296683295, 89.34485357832089392, 3.598193975690667124 ) ) ;
#2038 = CARTESIAN_POINT ( 'NONE',  ( 70.67786986824211226, 85.60719080531640657, 11.91478247166821269 ) ) ;
#2039 = LINE ( 'NONE', #7488, #7861 ) ;
#2040 = ORIENTED_EDGE ( 'NONE', *, *, #7933, .T. ) ;
#2041 = CARTESIAN_POINT ( 'NONE',  ( 59.73403346604711572, 89.34485357832085128, 1.952079274798612429 ) ) ;
#2042 = CARTESIAN_POINT ( 'NONE',  ( 70.78429629919050114, 85.54636627350730294, 10.30066549836815959 ) ) ;
#2043 = EDGE_LOOP ( 'NONE', ( #3036, #4335, #6448, #1033 ) ) ;
#2044 = CARTESIAN_POINT ( 'NONE',  ( 0.000000000000000000, 82.50000000000000000, 15.00000000000000178 ) ) ;
#2045 = CARTESIAN_POINT ( 'NONE',  ( 53.99999999999998579, 83.00000000000000000, 17.00000000000000711 ) ) ;
#2046 = CARTESIAN_POINT ( 'NONE',  ( 90.60264855163208608, 82.13057789342818182, 16.48120557518707585 ) ) ;
#2047 = EDGE_CURVE ( 'NONE', #6932, #4791, #5120, .T. ) ;
#2048 = ORIENTED_EDGE ( 'NONE', *, *, #777, .F. ) ;
#2049 = LINE ( 'NONE', #3992, #96 ) ;
#2050 = VERTEX_POINT ( 'NONE', #1506 ) ;
#2051 = CYLINDRICAL_SURFACE ( 'NONE', #805, 0.8999999999999980238 ) ;
#2052 = DIRECTION ( 'NONE',  ( 0.000000000000000000, -0.000000000000000000, 1.000000000000000000 ) ) ;
#2053 = ORIENTED_EDGE ( 'NONE', *, *, #8894, .F. ) ;
#2054 = CARTESIAN_POINT ( 'NONE',  ( -26.99999999999999645, 85.99999999999997158, 8.400000000000000355 ) ) ;
#2055 = AXIS2_PLACEMENT_3D ( 'NONE', #4, #2744, #8238 ) ;
#2056 = CIRCLE ( 'NONE', #5517, 0.5000000000000004441 ) ;
#2057 = CARTESIAN_POINT ( 'NONE',  ( -38.96734944428416014, 89.50000000000005684, 13.08344623370499527 ) ) ;
#2058 = CARTESIAN_POINT ( 'NONE',  ( -60.00949547890826352, 90.00000000000001421, 4.277033908173287102 ) ) ;
#2059 = DIRECTION ( 'NONE',  ( 0.3746065934159061861, 0.9271838545667898668, -4.997964945189721404E-17 ) ) ;
#2060 = ORIENTED_EDGE ( 'NONE', *, *, #4974, .F. ) ;
#2061 = CARTESIAN_POINT ( 'NONE',  ( -58.07577625714868930, 87.50000000000000000, 3.699999999999994849 ) ) ;
#2062 = ORIENTED_EDGE ( 'NONE', *, *, #4656, .T. ) ;
#2063 = ADVANCED_FACE ( 'NONE', ( #4398 ), #3758, .F. ) ;
#2064 = VECTOR ( 'NONE', #3568, 1000.000000000000227 ) ;
#2065 = CARTESIAN_POINT ( 'NONE',  ( -56.54117674866918009, 89.34485357832085128, 4.924809479787947808 ) ) ;
#2066 = EDGE_LOOP ( 'NONE', ( #6101, #2640, #8325, #7542 ) ) ;
#2067 = CARTESIAN_POINT ( 'NONE',  ( 93.00293201318118008, 80.19270065757264376, 12.37170993018262166 ) ) ;
#2068 = DIRECTION ( 'NONE',  ( 4.163336342345625335E-16, -0.000000000000000000, 1.000000000000000000 ) ) ;
#2069 = CARTESIAN_POINT ( 'NONE',  ( 29.63649281845480132, 80.00000000000000000, 12.50000000000000000 ) ) ;
#2070 = VECTOR ( 'NONE', #6848, 1000.000000000000000 ) ;
#2071 = AXIS2_PLACEMENT_3D ( 'NONE', #1460, #2003, #1287 ) ;
#2072 = CARTESIAN_POINT ( 'NONE',  ( 0.000000000000000000, 82.50000000000000000, 15.00000000000000178 ) ) ;
#2073 = EDGE_CURVE ( 'NONE', #2563, #541, #4980, .T. ) ;
#2074 = CARTESIAN_POINT ( 'NONE',  ( -46.91096918831618012, 90.00000000000001421, 14.27487505356948816 ) ) ;
#2075 = CARTESIAN_POINT ( 'NONE',  ( -72.15447641384565713, 85.43277885329713683, 13.28957857439387702 ) ) ;
#2076 = CARTESIAN_POINT ( 'NONE',  ( 0.000000000000000000, 82.50000000000000000, 15.00000000000000178 ) ) ;
#2077 = ORIENTED_EDGE ( 'NONE', *, *, #1104, .T. ) ;
#2078 = CARTESIAN_POINT ( 'NONE',  ( -40.26999999992409585, 89.99999999999998579, 10.67000000000002657 ) ) ;
#2079 = CARTESIAN_POINT ( 'NONE',  ( 30.10573959671395272, 88.20000000000000284, 8.397484431524821602 ) ) ;
#2080 = CARTESIAN_POINT ( 'NONE',  ( -70.38626633326246917, 89.81734979271547559, 16.48782418947281414 ) ) ;
#2081 = B_SPLINE_CURVE_WITH_KNOTS ( 'NONE', 3,
 ( #6398, #1759, #2257, #5858, #191, #2974, #2339, #7834, #7158, #2924, #5678, #413, #1803, #3238 ),
 .UNSPECIFIED., .F., .F.,
 ( 4, 2, 2, 2, 2, 2, 4 ),
 ( 0.000000000000000000, 0.0005938862350978212686, 0.0008908293526467320114, 0.001187772470195642537, 0.001484715587744553280, 0.001781658705293464023, 0.002375544940391323238 ),
 .UNSPECIFIED. ) ;
#2082 = CARTESIAN_POINT ( 'NONE',  ( -78.64864064142268774, 87.19602567543532246, 8.336295224629864720 ) ) ;
#2083 = CARTESIAN_POINT ( 'NONE',  ( -52.80260599796839927, 89.34485357832087971, 6.508925140054838465 ) ) ;
#2084 = AXIS2_PLACEMENT_3D ( 'NONE', #5114, #5198, #7854 ) ;
#2085 = CARTESIAN_POINT ( 'NONE',  ( -8.861216499028216731, 78.00000000000000000, 12.50000000000000000 ) ) ;
#2086 = DIRECTION ( 'NONE',  ( 1.000000000000000000, -0.000000000000000000, -0.000000000000000000 ) ) ;
#2087 = ORIENTED_EDGE ( 'NONE', *, *, #6339, .T. ) ;
#2088 = CARTESIAN_POINT ( 'NONE',  ( 58.31725745912889636, 89.34485357832085128, 3.445461683855325585 ) ) ;
#2089 = DIRECTION ( 'NONE',  ( 0.000000000000000000, 0.000000000000000000, 1.000000000000000000 ) ) ;
#2090 = CYLINDRICAL_SURFACE ( 'NONE', #820, 1.000000000000000888 ) ;
#2091 = CARTESIAN_POINT ( 'NONE',  ( -16.17081034074328727, 70.75675044854743589, 14.20000000000000107 ) ) ;
#2092 = FACE_OUTER_BOUND ( 'NONE', #5921, .T. ) ;
#2093 = EDGE_CURVE ( 'NONE', #5627, #5033, #8867, .T. ) ;
#2094 = VERTEX_POINT ( 'NONE', #4438 ) ;
#2095 = ADVANCED_FACE ( 'NONE', ( #4308 ), #2995, .F. ) ;
#2096 = DIRECTION ( 'NONE',  ( 0.000000000000000000, 0.000000000000000000, 1.000000000000000000 ) ) ;
#2097 = EDGE_LOOP ( 'NONE', ( #5637, #5964, #656, #5375, #3908, #4816, #3798 ) ) ;
#2098 = CALENDAR_DATE ( 2026, 4, 4 ) ;
#2099 = FACE_OUTER_BOUND ( 'NONE', #8381, .T. ) ;
#2100 = CARTESIAN_POINT ( 'NONE',  ( -90.31400299807005183, 78.35798982636892163, 16.99999999999999289 ) ) ;
#2101 = ORIENTED_EDGE ( 'NONE', *, *, #2300, .T. ) ;
#2102 = CARTESIAN_POINT ( 'NONE',  ( -37.93666237334961977, 85.99999999999998579, 8.291357317804404659 ) ) ;
#2103 = AXIS2_PLACEMENT_3D ( 'NONE', #991, #6474, #4902 ) ;
#2104 = VECTOR ( 'NONE', #4304, 999.9999999999998863 ) ;
#2105 = CARTESIAN_POINT ( 'NONE',  ( -38.90654185684374511, 89.50000000000002842, 12.25138761206703641 ) ) ;
#2106 = AXIS2_PLACEMENT_3D ( 'NONE', #7174, #5650, #260 ) ;
#2107 = CARTESIAN_POINT ( 'NONE',  ( -23.31192640368339752, 80.00000000000000000, 12.50000000000000000 ) ) ;
#2108 = CARTESIAN_POINT ( 'NONE',  ( -36.41000099991106964, 82.25495999994770102, 13.50000000000000000 ) ) ;
#2109 = ORIENTED_EDGE ( 'NONE', *, *, #4296, .T. ) ;
#2110 = CARTESIAN_POINT ( 'NONE',  ( -93.22212687541598086, 79.76922673094563265, 12.06375359537077685 ) ) ;
#2111 = ORIENTED_EDGE ( 'NONE', *, *, #5196, .F. ) ;
#2112 = AXIS2_PLACEMENT_3D ( 'NONE', #6736, #3578, #2848 ) ;
#2113 = CARTESIAN_POINT ( 'NONE',  ( -55.66825217890072963, 89.34485357832083707, 5.411510030706090824 ) ) ;
#2114 = ORIENTED_EDGE ( 'NONE', *, *, #1828, .F. ) ;
#2115 = CARTESIAN_POINT ( 'NONE',  ( 5.372468904044456650, 86.00000000000000000, 8.400000000000003908 ) ) ;
#2116 = CARTESIAN_POINT ( 'NONE',  ( 38.01000000008891533, 83.09999999994768416, 17.00000000000000000 ) ) ;
#2117 = CARTESIAN_POINT ( 'NONE',  ( -92.56201947955071319, 80.59130990686165319, 14.43643642362271784 ) ) ;
#2118 = CIRCLE ( 'NONE', #7152, 0.5000000000000003331 ) ;
#2119 = B_SPLINE_CURVE_WITH_KNOTS ( 'NONE', 3,
 ( #8176, #2188, #75, #4936, #4758, #7007, #2816, #6825, #3454, #4803, #2006, #7500, #6197, #128, #6157, #799 ),
 .UNSPECIFIED., .F., .F.,
 ( 4, 2, 2, 2, 2, 2, 2, 4 ),
 ( 3.469446951953614189E-18, 0.0004208747109694759556, 0.0008417494219389484418, 0.001262624132908420982, 0.001683498843877893414, 0.002104373554847366063, 0.002525248265816838495, 0.003366997687755783359 ),
 .UNSPECIFIED. ) ;
#2120 = CARTESIAN_POINT ( 'NONE',  ( -46.06999999992408590, 80.00000000000000000, 14.76999999999999780 ) ) ;
#2121 =( BOUNDED_SURFACE ( )  B_SPLINE_SURFACE ( 3, 2, ( 
 ( #4062, #1277, #6808 ),
 ( #2666, #4021, #2035 ),
 ( #8071, #8250, #4108 ),
 ( #2622, #6051, #6725 ),
 ( #3390, #8786, #6764 ),
 ( #6139, #5417, #8162 ),
 ( #5508, #2712, #5461 ),
 ( #3977, #8204, #606 ),
 ( #6855, #6896, #568 ),
 ( #3436, #2754, #2080 ),
 ( #4832, #736, #7577 ),
 ( #6224, #1410, #1905 ) ),
 .UNSPECIFIED., .F., .F., .T. ) 
 B_SPLINE_SURFACE_WITH_KNOTS ( ( 4, 2, 2, 2, 2, 4 ),
 ( 3, 3 ),
 ( -1.387778780781445676E-17, 0.006442841828472489762, 0.01288568365694499340, 0.01610710457118124522, 0.01932852548541749704, 0.02577136731389000068 ),
 ( 0.000000000000000000, 1.000000000000000000 ),
 .UNSPECIFIED. ) 
 GEOMETRIC_REPRESENTATION_ITEM ( )  RATIONAL_B_SPLINE_SURFACE ( (
 ( 1.000000000000000000, 0.6936898263540293152, 1.000000000000000000),
 ( 1.000000000000000000, 0.6909148310882435862, 1.000000000000000000),
 ( 1.000000000000000000, 0.6891533571092112176, 1.000000000000000000),
 ( 1.000000000000000000, 0.6876119230940085369, 1.000000000000000000),
 ( 1.000000000000000000, 0.6878268086310390661, 1.000000000000000000),
 ( 1.000000000000000000, 0.6896349025902571706, 1.000000000000000000),
 ( 1.000000000000000000, 0.6904877609019244300, 1.000000000000000000),
 ( 1.000000000000000000, 0.6926300781371814708, 1.000000000000000000),
 ( 1.000000000000000000, 0.6939240795333003753, 1.000000000000000000),
 ( 1.000000000000000000, 0.6984506396351969348, 1.000000000000000000),
 ( 1.000000000000000000, 0.7023206915839603770, 1.000000000000000000),
 ( 1.000000000000000000, 0.7068466428895457954, 1.000000000000000000) ) ) 
 REPRESENTATION_ITEM ( '' )  SURFACE ( )  );
#2122 = CARTESIAN_POINT ( 'NONE',  ( -47.39161704915947837, 89.99999999999997158, 13.93538940387751879 ) ) ;
#2123 = CARTESIAN_POINT ( 'NONE',  ( -71.00335573868501626, 85.58132035456300457, 12.53685196128922996 ) ) ;
#2124 = CARTESIAN_POINT ( 'NONE',  ( -38.36991337623441467, 89.99999999999998579, 12.69309295695087592 ) ) ;
#2125 = ORIENTED_EDGE ( 'NONE', *, *, #8864, .F. ) ;
#2126 = ADVANCED_FACE ( 'NONE', ( #5113 ), #7041, .F. ) ;
#2127 = CARTESIAN_POINT ( 'NONE',  ( 88.23631601577268668, 83.51857117691302790, 10.49697118705783261 ) ) ;
#2128 = CARTESIAN_POINT ( 'NONE',  ( -93.14012618583861070, 76.09303191668384159, 12.83171723156977251 ) ) ;
#2129 = FACE_OUTER_BOUND ( 'NONE', #5412, .T. ) ;
#2130 = CARTESIAN_POINT ( 'NONE',  ( -84.75245343351889460, 84.77760762744102863, 9.711848845722222734 ) ) ;
#2131 = CARTESIAN_POINT ( 'NONE',  ( -55.06509868914753270, 89.34485357832085128, 5.695937062630346048 ) ) ;
#2132 = LINE ( 'NONE', #5691, #8142 ) ;
#2133 = DIRECTION ( 'NONE',  ( 0.000000000000000000, 0.000000000000000000, 1.000000000000000000 ) ) ;
#2134 = ORIENTED_EDGE ( 'NONE', *, *, #5154, .T. ) ;
#2135 = EDGE_CURVE ( 'NONE', #3546, #4947, #8526, .T. ) ;
#2136 = CARTESIAN_POINT ( 'NONE',  ( 58.12406073091278103, 89.34485357832083707, 3.649104739635784966 ) ) ;
#2137 = CARTESIAN_POINT ( 'NONE',  ( 74.72906430361163643, 84.84286729074042910, 10.94885459280736484 ) ) ;
#2138 = DIRECTION ( 'NONE',  ( 0.000000000000000000, 0.000000000000000000, 1.000000000000000000 ) ) ;
#2139 = CARTESIAN_POINT ( 'NONE',  ( -91.67842290648486880, 80.96027537941205310, 16.49687049215384960 ) ) ;
#2140 = DIRECTION ( 'NONE',  ( 1.000000000000000000, 0.000000000000000000, 0.000000000000000000 ) ) ;
#2141 = B_SPLINE_CURVE_WITH_KNOTS ( 'NONE', 3,
 ( #3311, #8215, #5428, #3487, #1421, #1327, #4664, #8795, #3402, #5518, #4752, #6151, #616, #2674, #8886, #7586, #3447, #3353, #2631, #6905, #2721, #745 ),
 .UNSPECIFIED., .F., .F.,
 ( 4, 2, 2, 2, 2, 2, 2, 2, 2, 2, 4 ),
 ( 3.179800655392250756E-17, 0.008926571854556482333, 0.01338985778183471656, 0.01785314370911295426, 0.02008478667275209739, 0.02231642963639124400, 0.02677971556366948516, 0.03124300149094773327, 0.03235882297276728575, 0.03347464445458684518, 0.03570628741822594321 ),
 .UNSPECIFIED. ) ;
#2142 = ORIENTED_EDGE ( 'NONE', *, *, #5616, .T. ) ;
#2143 = CARTESIAN_POINT ( 'NONE',  ( 90.31400697876470929, 81.86929957979566552, 16.99999999999998934 ) ) ;
#2144 = VERTEX_POINT ( 'NONE', #1694 ) ;
#2145 = CARTESIAN_POINT ( 'NONE',  ( -46.06999999992408590, 89.50000000000002842, 13.97000000000000064 ) ) ;
#2146 = CARTESIAN_POINT ( 'NONE',  ( -38.63876314236610199, 85.99999999999997158, 11.08714565630837079 ) ) ;
#2147 = EDGE_CURVE ( 'NONE', #8084, #3588, #3699, .T. ) ;
#2148 = ORIENTED_EDGE ( 'NONE', *, *, #4448, .F. ) ;
#2149 = CARTESIAN_POINT ( 'NONE',  ( -39.66803376762671718, 85.99999999999995737, 8.225662750797441802 ) ) ;
#2150 = B_SPLINE_CURVE_WITH_KNOTS ( 'NONE', 3,
 ( #7995, #6019, #7183, #1200 ),
 .UNSPECIFIED., .F., .F.,
 ( 4, 4 ),
 ( 0.000000000000000000, 0.004100000000000002948 ),
 .UNSPECIFIED. ) ;
#2151 = CARTESIAN_POINT ( 'NONE',  ( -38.65534799869125493, 89.99999999999998579, 13.57335954928627153 ) ) ;
#2152 = CARTESIAN_POINT ( 'NONE',  ( -59.47820447631389129, 90.00000000000004263, 4.837052311569553176 ) ) ;
#2153 = CARTESIAN_POINT ( 'NONE',  ( 0.000000000000000000, 90.00000000000000000, 16.50000000000002842 ) ) ;
#2154 = VERTEX_POINT ( 'NONE', #1014 ) ;
#2155 = DIRECTION ( 'NONE',  ( -0.000000000000000000, -0.000000000000000000, -1.000000000000000000 ) ) ;
#2156 = CARTESIAN_POINT ( 'NONE',  ( -56.98507906119042588, 89.34485357832080865, 4.632394627875883408 ) ) ;
#2157 = VERTEX_POINT ( 'NONE', #3677 ) ;
#2158 = PLANE ( 'NONE',  #1304 ) ;
#2159 = B_SPLINE_CURVE_WITH_KNOTS ( 'NONE', 3,
 ( #3839, #1008, #4390, #6410, #425 ),
 .UNSPECIFIED., .F., .F.,
 ( 4, 1, 4 ),
 ( 0.000000000000000000, 0.01073656203431383981, 0.02699999999999999623 ),
 .UNSPECIFIED. ) ;
#2160 = DIRECTION ( 'NONE',  ( -0.000000000000000000, 0.000000000000000000, 1.000000000000000000 ) ) ;
#2161 = VERTEX_POINT ( 'NONE', #2900 ) ;
#2162 = EDGE_CURVE ( 'NONE', #2032, #2435, #832, .T. ) ;
#2163 = DIRECTION ( 'NONE',  ( -1.000000000000000000, 0.000000000000000000, 0.000000000000000000 ) ) ;
#2164 = CYLINDRICAL_SURFACE ( 'NONE', #5232, 1.000000000000000888 ) ;
#2165 = CARTESIAN_POINT ( 'NONE',  ( -47.52017511101422542, 89.99999999999995737, 11.34201273773946816 ) ) ;
#2166 = CARTESIAN_POINT ( 'NONE',  ( 76.89373022254517309, 83.64402756324737709, -14.99999999999997513 ) ) ;
#2167 = CARTESIAN_POINT ( 'NONE',  ( -38.76024567895024120, 89.99999999999997158, 11.40973047263016760 ) ) ;
#2168 = ORIENTED_EDGE ( 'NONE', *, *, #4999, .F. ) ;
#2169 = CARTESIAN_POINT ( 'NONE',  ( 28.03652402102780528, 79.20004160230385537, 14.20000000000000107 ) ) ;
#2170 = CARTESIAN_POINT ( 'NONE',  ( -1.749999999999999334, 83.09999999999999432, 14.70000000000002061 ) ) ;
#2171 = CARTESIAN_POINT ( 'NONE',  ( -14.21701480739244161, 86.00000000000018474, -14.99999999999999822 ) ) ;
#2172 = CARTESIAN_POINT ( 'NONE',  ( -90.46249382499091496, 81.64392182832328615, 17.00000000000000000 ) ) ;
#2173 = CARTESIAN_POINT ( 'NONE',  ( -51.08217865516894562, 89.34485357832087971, 6.951880797282526281 ) ) ;
#2174 = CARTESIAN_POINT ( 'NONE',  ( 9.626830880257903900, 73.74790443272765117, 14.20000000000000107 ) ) ;
#2175 = CYLINDRICAL_SURFACE ( 'NONE', #1385, 2.000000000000000000 ) ;
#2176 = ORIENTED_EDGE ( 'NONE', *, *, #1064, .T. ) ;
#2177 = CARTESIAN_POINT ( 'NONE',  ( 56.92137921484156493, 89.34485357832090813, 4.676718347926800412 ) ) ;
#2178 = CARTESIAN_POINT ( 'NONE',  ( -70.22171854361363330, 85.56611432619652646, 8.221447032737133398 ) ) ;
#2179 = FACE_OUTER_BOUND ( 'NONE', #8429, .T. ) ;
#2180 = CARTESIAN_POINT ( 'NONE',  ( -91.96367203804507540, 81.11401639877387026, 16.13911784153323126 ) ) ;
#2181 = CARTESIAN_POINT ( 'NONE',  ( -60.11977948795213678, 90.00000000000000000, 4.673175535269146863 ) ) ;
#2182 = AXIS2_PLACEMENT_3D ( 'NONE', #7292, #3199, #5063 ) ;
#2183 = EDGE_CURVE ( 'NONE', #141, #2723, #886, .T. ) ;
#2184 = VERTEX_POINT ( 'NONE', #2319 ) ;
#2185 = EDGE_CURVE ( 'NONE', #6169, #7839, #6418, .T. ) ;
#2186 = CARTESIAN_POINT ( 'NONE',  ( -23.50000000000002132, 85.00000000000000000, 3.694999999999993623 ) ) ;
#2187 = ORIENTED_EDGE ( 'NONE', *, *, #1804, .T. ) ;
#2188 = CARTESIAN_POINT ( 'NONE',  ( -48.26435798925148646, 85.99999999999995737, 12.35776058360766960 ) ) ;
#2189 = CARTESIAN_POINT ( 'NONE',  ( -38.07111391829094060, 86.00000000000000000, 12.50000000000000000 ) ) ;
#2190 = ORIENTED_EDGE ( 'NONE', *, *, #5712, .F. ) ;
#2191 = CARTESIAN_POINT ( 'NONE',  ( -40.26999999992408874, 86.00000000000000000, 12.56999999999999851 ) ) ;
#2192 = CARTESIAN_POINT ( 'NONE',  ( 59.99999999999999289, 63.50000000000000000, 17.00403242752945232 ) ) ;
#2193 = CARTESIAN_POINT ( 'NONE',  ( -38.56506065379345927, 89.99999999999998579, 11.72914982794762651 ) ) ;
#2194 = CARTESIAN_POINT ( 'NONE',  ( -59.35741211341186130, 89.99999999999998579, 4.964278211165901844 ) ) ;
#2195 = DIRECTION ( 'NONE',  ( 0.9271838545667897558, 0.3746065934159061306, 0.000000000000000000 ) ) ;
#2196 = ORIENTED_EDGE ( 'NONE', *, *, #4698, .F. ) ;
#2197 = DIRECTION ( 'NONE',  ( -0.000000000000000000, -0.000000000000000000, 1.000000000000000000 ) ) ;
#2198 = LINE ( 'NONE', #1396, #7672 ) ;
#2199 = VECTOR ( 'NONE', #2639, 1000.000000000000000 ) ;
#2200 = ORIENTED_EDGE ( 'NONE', *, *, #365, .F. ) ;
#2201 = CARTESIAN_POINT ( 'NONE',  ( -57.22501683872869904, 89.87938526679313611, 6.250299716044727560 ) ) ;
#2202 = DIRECTION ( 'NONE',  ( -1.000000000000000000, 0.000000000000000000, 0.000000000000000000 ) ) ;
#2203 = ORIENTED_EDGE ( 'NONE', *, *, #411, .F. ) ;
#2204 = DIRECTION ( 'NONE',  ( 0.000000000000000000, 0.000000000000000000, -1.000000000000000000 ) ) ;
#2205 = VECTOR ( 'NONE', #6319, 1000.000000000000000 ) ;
#2206 = CARTESIAN_POINT ( 'NONE',  ( -47.22991684143005386, 89.99999999999998579, 11.06005014934257247 ) ) ;
#2207 = CARTESIAN_POINT ( 'NONE',  ( -44.00000001384026405, 90.00000000007629808, 16.99999999993322319 ) ) ;
#2208 = EDGE_CURVE ( 'NONE', #2573, #8644, #930, .T. ) ;
#2209 = CARTESIAN_POINT ( 'NONE',  ( -73.25298883673832506, 85.24321888414071680, 13.31368823707375348 ) ) ;
#2210 = CARTESIAN_POINT ( 'NONE',  ( -40.26999999992407453, 89.99999999999997158, 14.46999999999997222 ) ) ;
#2211 = ORIENTED_EDGE ( 'NONE', *, *, #5491, .F. ) ;
#2212 = B_SPLINE_CURVE_WITH_KNOTS ( 'NONE', 3,
 ( #3308, #5425, #6685, #1239, #8169, #5333, #1998, #1913, #4750, #6056 ),
 .UNSPECIFIED., .F., .F.,
 ( 4, 2, 1, 1, 1, 1, 4 ),
 ( 0.000000000000000000, 0.002062499999999999663, 0.004124999999999999327, 0.008250000000000061104, 0.01650000000000018466, 0.03300000000000043870, 0.06600000000000093292 ),
 .UNSPECIFIED. ) ;
#2213 = ORIENTED_EDGE ( 'NONE', *, *, #74, .F. ) ;
#2214 = VERTEX_POINT ( 'NONE', #6372 ) ;
#2215 = DIRECTION ( 'NONE',  ( -4.163336342345625335E-16, 0.000000000000000000, -1.000000000000000000 ) ) ;
#2216 = CARTESIAN_POINT ( 'NONE',  ( -59.64709378341554924, 89.40953893117887219, 4.054111698173529454 ) ) ;
#2217 = AXIS2_PLACEMENT_3D ( 'NONE', #5450, #5495, #7605 ) ;
#2218 = CARTESIAN_POINT ( 'NONE',  ( 59.41310814103970017, 89.87938524157181064, 4.424180496369286786 ) ) ;
#2219 = VECTOR ( 'NONE', #1167, 1000.000000000000000 ) ;
#2220 = CARTESIAN_POINT ( 'NONE',  ( -47.20909954542813836, 89.50000000000002842, 11.75481130742923419 ) ) ;
#2221 = CARTESIAN_POINT ( 'NONE',  ( -52.12289313991032458, 89.34485357832083707, 6.698598677657630063 ) ) ;
#2222 = DIRECTION ( 'NONE',  ( -1.000000000000000000, 0.000000000000000000, 0.000000000000000000 ) ) ;
#2223 = CARTESIAN_POINT ( 'NONE',  ( 55.93577646977460205, 89.34485357832085128, 5.277979241727748239 ) ) ;
#2224 = VECTOR ( 'NONE', #5384, 1000.000000000000000 ) ;
#2225 = VERTEX_POINT ( 'NONE', #5698 ) ;
#2226 = CARTESIAN_POINT ( 'NONE',  ( 51.08217865516894562, 89.34485357832087971, 6.951880797282526281 ) ) ;
#2227 = CARTESIAN_POINT ( 'NONE',  ( 74.28997153995450731, 84.90137646151967488, 9.963976370359107548 ) ) ;
#2228 = CARTESIAN_POINT ( 'NONE',  ( 58.07577625714868930, 86.00000000000000000, 3.699999999999993960 ) ) ;
#2229 = CARTESIAN_POINT ( 'NONE',  ( -59.87811804329400900, 90.00000000000000000, 4.588026333909621002 ) ) ;
#2230 = CARTESIAN_POINT ( 'NONE',  ( -61.67567868455367375, 89.49999999998972555, 4.511273049856349360 ) ) ;
#2231 = CIRCLE ( 'NONE', #2804, 0.7999999999999951594 ) ;
#2232 = B_SPLINE_CURVE_WITH_KNOTS ( 'NONE', 3,
 ( #5940, #2638, #5258, #1965 ),
 .UNSPECIFIED., .F., .F.,
 ( 4, 4 ),
 ( 0.000000000000000000, 1.000000000000000000 ),
 .UNSPECIFIED. ) ;
#2233 = ORIENTED_EDGE ( 'NONE', *, *, #1716, .T. ) ;
#2234 = CARTESIAN_POINT ( 'NONE',  ( 22.96195541994489275, 83.28571428571429180, 17.00000000000000000 ) ) ;
#2235 = CARTESIAN_POINT ( 'NONE',  ( 27.00000000000000000, 90.00000000000000000, 10.55265396141741086 ) ) ;
#2236 = CARTESIAN_POINT ( 'NONE',  ( 59.38110299795393843, 90.00000000000000000, 4.939404162476544791 ) ) ;
#2237 = CARTESIAN_POINT ( 'NONE',  ( 76.89373022254517309, 83.64402756324737709, -14.99999999999997513 ) ) ;
#2238 = ORIENTED_EDGE ( 'NONE', *, *, #4302, .F. ) ;
#2239 = ADVANCED_FACE ( 'NONE', ( #7809, #975 ), #210, .F. ) ;
#2240 = CARTESIAN_POINT ( 'NONE',  ( -46.06999999992408590, 86.59999999999999432, 10.37000000000000099 ) ) ;
#2241 = CARTESIAN_POINT ( 'NONE',  ( -57.61667484712965859, 89.34485360493505368, 4.183925452116379340 ) ) ;
#2242 = EDGE_CURVE ( 'NONE', #5815, #5313, #6571, .T. ) ;
#2243 = CIRCLE ( 'NONE', #7267, 1.000000000000000888 ) ;
#2244 = CARTESIAN_POINT ( 'NONE',  ( -38.41959252002953207, 89.99999999999995737, 12.13759747351959462 ) ) ;
#2245 = CARTESIAN_POINT ( 'NONE',  ( -56.72837730883551188, 90.00000000000001421, 6.890322567100755080 ) ) ;
#2246 = EDGE_CURVE ( 'NONE', #5740, #724, #869, .T. ) ;
#2247 = PLANE ( 'NONE',  #3990 ) ;
#2248 = ORIENTED_EDGE ( 'NONE', *, *, #6365, .T. ) ;
#2249 = CARTESIAN_POINT ( 'NONE',  ( 24.77999835097224945, 72.31761717137223400, 36.88536684330890125 ) ) ;
#2250 = CARTESIAN_POINT ( 'NONE',  ( -56.52410167293235332, 89.34485357832082286, 4.935379556309225535 ) ) ;
#2251 = AXIS2_PLACEMENT_3D ( 'NONE', #7043, #4403, #7674 ) ;
#2252 = VERTEX_POINT ( 'NONE', #4290 ) ;
#2253 = CARTESIAN_POINT ( 'NONE',  ( -54.05288965144283964, 89.87938515874915879, 7.668481278421306335 ) ) ;
#2254 = DIRECTION ( 'NONE',  ( -0.000000000000000000, -0.000000000000000000, 1.000000000000000000 ) ) ;
#2255 = B_SPLINE_CURVE_WITH_KNOTS ( 'NONE', 3,
 ( #8301, #739, #836, #4924, #2805, #879, #7762, #924, #4303, #8389 ),
 .UNSPECIFIED., .F., .F.,
 ( 4, 2, 2, 2, 4 ),
 ( 0.0004381828494244717465, 0.001591529594609433686, 0.002744876339794395572, 0.003898223084979357458, 0.005051569830164318910 ),
 .UNSPECIFIED. ) ;
#2256 = CARTESIAN_POINT ( 'NONE',  ( 58.07577625714868930, 87.50000000000000000, 3.699999999999994849 ) ) ;
#2257 = CARTESIAN_POINT ( 'NONE',  ( -51.61449005960736258, 87.46265280727280356, 6.827558396454746159 ) ) ;
#2258 = CARTESIAN_POINT ( 'NONE',  ( -63.25000001990012066, 90.00000000000000000, 16.49999999999999645 ) ) ;
#2259 = CARTESIAN_POINT ( 'NONE',  ( -38.16000099991106964, 82.25495999994770102, 15.00000000000000178 ) ) ;
#2260 = ORIENTED_EDGE ( 'NONE', *, *, #2010, .F. ) ;
#2261 = EDGE_LOOP ( 'NONE', ( #7525, #2187, #4864, #1462, #3421, #4896, #2815, #4497 ) ) ;
#2262 = VERTEX_POINT ( 'NONE', #3472 ) ;
#2263 = CARTESIAN_POINT ( 'NONE',  ( -72.11731129847326827, 85.30261200294550861, 9.231189476065271293 ) ) ;
#2264 = VECTOR ( 'NONE', #1894, 1000.000000000000000 ) ;
#2265 = LINE ( 'NONE', #2170, #3085 ) ;
#2266 = CIRCLE ( 'NONE', #4569, 1.750000000000001554 ) ;
#2267 = DIRECTION ( 'NONE',  ( 0.000000000000000000, 0.000000000000000000, 1.000000000000000000 ) ) ;
#2268 = CARTESIAN_POINT ( 'NONE',  ( 51.99999999999998579, 84.50000000000000000, 17.00403242752945232 ) ) ;
#2269 = CARTESIAN_POINT ( 'NONE',  ( -52.54906543844063549, 89.34485357832085128, 6.581908733209295370 ) ) ;
#2270 = DIRECTION ( 'NONE',  ( -0.000000000000000000, -0.000000000000000000, 1.000000000000000000 ) ) ;
#2271 = DIRECTION ( 'NONE',  ( 0.000000000000000000, 0.000000000000000000, 1.000000000000000000 ) ) ;
#2272 = ORIENTED_EDGE ( 'NONE', *, *, #5898, .F. ) ;
#2273 = CARTESIAN_POINT ( 'NONE',  ( 54.59809066786603893, 89.34485357832080865, 5.892556639972235999 ) ) ;
#2274 = CARTESIAN_POINT ( 'NONE',  ( -70.09377476137161977, 85.63137986795651102, 9.974705298393315545 ) ) ;
#2275 = ADVANCED_FACE ( 'NONE', ( #6313 ), #3521, .F. ) ;
#2276 = CARTESIAN_POINT ( 'NONE',  ( 0.000000000000000000, 80.00000000000000000, 15.00000000000000178 ) ) ;
#2277 = DIRECTION ( 'NONE',  ( -0.000000000000000000, -0.000000000000000000, 1.000000000000000000 ) ) ;
#2278 = CARTESIAN_POINT ( 'NONE',  ( -46.93036540788897071, 89.50000000000004263, 13.68953357935745352 ) ) ;
#2279 = EDGE_CURVE ( 'NONE', #4612, #3848, #7029, .T. ) ;
#2280 = VECTOR ( 'NONE', #3474, 1000.000000000000000 ) ;
#2281 = VERTEX_POINT ( 'NONE', #2882 ) ;
#2282 = CARTESIAN_POINT ( 'NONE',  ( -59.99999999999999289, 87.50000000000000000, 17.00000000000000711 ) ) ;
#2283 = ORIENTED_EDGE ( 'NONE', *, *, #2678, .T. ) ;
#2284 = CARTESIAN_POINT ( 'NONE',  ( 59.49430420366527272, 90.00000000000001421, 4.820082056921175528 ) ) ;
#2285 = DIRECTION ( 'NONE',  ( 1.000000000000000000, -0.000000000000000000, -0.000000000000000000 ) ) ;
#2286 = ORIENTED_EDGE ( 'NONE', *, *, #4349, .F. ) ;
#2287 = CARTESIAN_POINT ( 'NONE',  ( 30.00000000000000000, 86.59999999999999432, 8.397725512736064601 ) ) ;
#2288 = DIRECTION ( 'NONE',  ( 0.000000000000000000, 0.000000000000000000, -1.000000000000000000 ) ) ;
#2289 = CARTESIAN_POINT ( 'NONE',  ( -38.49097362303813696, 89.99999999999997158, 13.23785118216194689 ) ) ;
#2290 = CARTESIAN_POINT ( 'NONE',  ( -52.58179795054667238, 89.99999999999995737, 8.439155890018383843 ) ) ;
#2291 = CARTESIAN_POINT ( 'NONE',  ( -33.52761121814194922, 86.00000000000001421, 17.00000000000003553 ) ) ;
#2292 = ORIENTED_EDGE ( 'NONE', *, *, #6320, .F. ) ;
#2293 = CARTESIAN_POINT ( 'NONE',  ( -63.25000000098855679, 89.50000000000000000, 16.99999999999998934 ) ) ;
#2294 = CARTESIAN_POINT ( 'NONE',  ( 57.73362150751905375, 89.34485357832086549, 4.034953414339246258 ) ) ;
#2295 = VERTEX_POINT ( 'NONE', #4147 ) ;
#2296 = CARTESIAN_POINT ( 'NONE',  ( -38.54508656810919831, 89.87938524347603675, 9.759588888800227124 ) ) ;
#2297 = EDGE_CURVE ( 'NONE', #3015, #4544, #5136, .T. ) ;
#2298 = CARTESIAN_POINT ( 'NONE',  ( 56.23109488393692601, 87.50000000000002842, 5.116004955257705156 ) ) ;
#2299 = CARTESIAN_POINT ( 'NONE',  ( 50.81495224749161821, 86.92489531529176361, 7.010834167534724770 ) ) ;
#2300 = EDGE_CURVE ( 'NONE', #8745, #8441, #7865, .T. ) ;
#2301 = CARTESIAN_POINT ( 'NONE',  ( -64.62500002032564339, 90.00000000000000000, 16.99999999999999289 ) ) ;
#2302 = CARTESIAN_POINT ( 'NONE',  ( 38.56639527358330355, 89.99999999999982947, 10.44334911443961111 ) ) ;
#2303 = EDGE_LOOP ( 'NONE', ( #3887, #2436, #4369, #4323 ) ) ;
#2304 = VERTEX_POINT ( 'NONE', #7611 ) ;
#2305 = ORIENTED_EDGE ( 'NONE', *, *, #7964, .F. ) ;
#2306 = ORIENTED_EDGE ( 'NONE', *, *, #6696, .T. ) ;
#2307 = DIRECTION ( 'NONE',  ( -0.000000000000000000, -0.000000000000000000, -1.000000000000000000 ) ) ;
#2308 = CARTESIAN_POINT ( 'NONE',  ( -57.83433213460249789, 89.26465842064281730, 3.645588217009215537 ) ) ;
#2309 = CARTESIAN_POINT ( 'NONE',  ( -30.00000000000000000, 87.39999999999999147, 9.500000000000000000 ) ) ;
#2310 = FACE_OUTER_BOUND ( 'NONE', #4228, .T. ) ;
#2311 = CARTESIAN_POINT ( 'NONE',  ( -46.38951474435137357, 89.50000000000005684, 11.20618183464432605 ) ) ;
#2312 = CARTESIAN_POINT ( 'NONE',  ( -35.28715502440938678, 89.34485357832083707, 8.351905473510448985 ) ) ;
#2313 = DIRECTION ( 'NONE',  ( -0.000000000000000000, -0.000000000000000000, 1.000000000000000000 ) ) ;
#2314 = FACE_OUTER_BOUND ( 'NONE', #6822, .T. ) ;
#2315 = ORIENTED_EDGE ( 'NONE', *, *, #8658, .T. ) ;
#2316 = CARTESIAN_POINT ( 'NONE',  ( 50.55522537614211132, 89.34485357832082286, 7.066159711168685575 ) ) ;
#2317 = DIRECTION ( 'NONE',  ( 1.000000000000000000, 0.000000000000000000, 0.000000000000000000 ) ) ;
#2318 = ADVANCED_FACE ( 'NONE', ( #1445 ), #7652, .F. ) ;
#2319 = CARTESIAN_POINT ( 'NONE',  ( 39.75777667939014748, 83.00000000000000000, 15.00000000000000178 ) ) ;
#2320 = DIRECTION ( 'NONE',  ( -1.000000000000000000, -5.092766168005307240E-16, -0.000000000000000000 ) ) ;
#2321 = CARTESIAN_POINT ( 'NONE',  ( -66.00552082991981706, 89.44645509953035400, 5.487045119656571046 ) ) ;
#2322 = ORIENTED_EDGE ( 'NONE', *, *, #3303, .F. ) ;
#2323 = CARTESIAN_POINT ( 'NONE',  ( 73.32181238592393413, 83.73006632573566321, 11.22215175600951831 ) ) ;
#2324 = ORIENTED_EDGE ( 'NONE', *, *, #6971, .F. ) ;
#2325 = CARTESIAN_POINT ( 'NONE',  ( 59.37355102738327872, 90.00000000000000000, 4.947352969362455610 ) ) ;
#2326 = CARTESIAN_POINT ( 'NONE',  ( -38.38584839814258487, 85.99999999999997158, 11.42547908450331740 ) ) ;
#2327 = CARTESIAN_POINT ( 'NONE',  ( -82.96596937132220262, 86.09965229993029823, 9.754391458904915879 ) ) ;
#2328 = CIRCLE ( 'NONE', #8217, 1.750000000000001554 ) ;
#2329 = CARTESIAN_POINT ( 'NONE',  ( -54.11283635740337417, 85.99999999999998579, 6.092455011653398422 ) ) ;
#2330 = CARTESIAN_POINT ( 'NONE',  ( -38.46045601320734164, 89.99999999999998579, 13.15009251789959421 ) ) ;
#2331 = CARTESIAN_POINT ( 'NONE',  ( -46.63636904106285641, 89.99999999999995737, 9.507684377648955021 ) ) ;
#2332 = FACE_OUTER_BOUND ( 'NONE', #3820, .T. ) ;
#2333 = EDGE_LOOP ( 'NONE', ( #6356, #1090, #8279, #8379, #7873 ) ) ;
#2334 = CARTESIAN_POINT ( 'NONE',  ( 80.84845858702297505, 86.81786493555271988, 16.99999999999998934 ) ) ;
#2335 = CARTESIAN_POINT ( 'NONE',  ( 58.39744843270966612, 89.44473863938389968, 3.772491955541893205 ) ) ;
#2336 = ORIENTED_EDGE ( 'NONE', *, *, #7481, .F. ) ;
#2337 = CARTESIAN_POINT ( 'NONE',  ( -41.45405777402635294, 89.99999999999998579, 10.33718766374287767 ) ) ;
#2338 = CARTESIAN_POINT ( 'NONE',  ( 53.48332420469114368, 87.50000000000001421, 6.307480072997183385 ) ) ;
#2339 = CARTESIAN_POINT ( 'NONE',  ( -51.01757980652010360, 87.13774914479415656, 6.966314175278801812 ) ) ;
#2340 = EDGE_CURVE ( 'NONE', #1089, #4347, #4152, .T. ) ;
#2341 = CARTESIAN_POINT ( 'NONE',  ( 24.99999999999999289, 86.59999999999999432, 9.500000000000000000 ) ) ;
#2342 = FACE_OUTER_BOUND ( 'NONE', #6860, .T. ) ;
#2343 = ORIENTED_EDGE ( 'NONE', *, *, #3368, .F. ) ;
#2344 = VERTEX_POINT ( 'NONE', #103 ) ;
#2345 = VERTEX_POINT ( 'NONE', #7524 ) ;
#2346 = PLANE ( 'NONE',  #6161 ) ;
#2347 = EDGE_CURVE ( 'NONE', #5110, #764, #104, .T. ) ;
#2348 = CARTESIAN_POINT ( 'NONE',  ( 65.99610380818045030, 89.44688055969744767, 5.484922902151760482 ) ) ;
#2350 = CIRCLE ( 'NONE', #344, 1.000000000000000888 ) ;
#2349 = CARTESIAN_POINT ( 'NONE',  ( -93.22786236320204978, 76.00742725353607909, 11.99716257188146074 ) ) ;
#2351 = EDGE_CURVE ( 'NONE', #1663, #4639, #8838, .T. ) ;
#2352 = CARTESIAN_POINT ( 'NONE',  ( 39.76000000008891533, 83.09999999994768416, 14.70000000000002061 ) ) ;
#2353 = AXIS2_PLACEMENT_3D ( 'NONE', #3266, #480, #7220 ) ;
#2354 = DIRECTION ( 'NONE',  ( -0.9755345439457527856, 0.000000000000000000, -0.2198462043532989352 ) ) ;
#2355 = CARTESIAN_POINT ( 'NONE',  ( 55.00000001729095800, 89.99999999999997158, 16.50000000000477840 ) ) ;
#2356 = CARTESIAN_POINT ( 'NONE',  ( -91.99359921795071671, 81.07306877184737459, 15.66598044605211904 ) ) ;
#2357 = CARTESIAN_POINT ( 'NONE',  ( 91.97249852036095774, 77.10584978171316095, 16.12416677040028645 ) ) ;
#2358 = ORIENTED_EDGE ( 'NONE', *, *, #6402, .F. ) ;
#2359 = CIRCLE ( 'NONE', #4226, 0.8999999999999980238 ) ;
#2360 = CARTESIAN_POINT ( 'NONE',  ( 35.84995301800734069, 89.34485357832080865, 8.341465847455781457 ) ) ;
#2361 = DIRECTION ( 'NONE',  ( 0.000000000000000000, 0.000000000000000000, -1.000000000000000000 ) ) ;
#2362 = CYLINDRICAL_SURFACE ( 'NONE', #6260, 0.8999999999999980238 ) ;
#2363 = CARTESIAN_POINT ( 'NONE',  ( -47.18953357928154446, 89.50000000000004263, 13.43036540796488154 ) ) ;
#2364 = AXIS2_PLACEMENT_3D ( 'NONE', #5681, #3520, #730 ) ;
#2365 = VECTOR ( 'NONE', #3435, 1000.000000000000000 ) ;
#2366 = EDGE_LOOP ( 'NONE', ( #5558, #3986, #8811, #4018, #7837, #3326 ) ) ;
#2367 = DIRECTION ( 'NONE',  ( 0.000000000000000000, 0.000000000000000000, -1.000000000000000000 ) ) ;
#2368 = CARTESIAN_POINT ( 'NONE',  ( 57.38845890875076350, 90.00000000000000000, 6.948980870303172352 ) ) ;
#2369 = CARTESIAN_POINT ( 'NONE',  ( 58.01983274643928468, 89.99999999999997158, 6.105336228332992832 ) ) ;
#2370 = DIRECTION ( 'NONE',  ( -1.000000000000000000, 0.000000000000000000, 0.000000000000000000 ) ) ;
#2371 = ADVANCED_FACE ( 'NONE', ( #4069 ), #2628, .F. ) ;
#2372 = DIRECTION ( 'NONE',  ( -1.000000000000000000, -0.000000000000000000, -0.000000000000000000 ) ) ;
#2373 = CARTESIAN_POINT ( 'NONE',  ( 86.32565558825329788, 80.27767862025989132, -15.00000000000002665 ) ) ;
#2374 = CARTESIAN_POINT ( 'NONE',  ( 50.50000000000000000, 85.99999999999997158, 10.69248418107810039 ) ) ;
#2375 = CARTESIAN_POINT ( 'NONE',  ( -52.76458043386567454, 90.00000000000000000, 8.390336108215610267 ) ) ;
#2376 = CARTESIAN_POINT ( 'NONE',  ( 0.000000000000000000, 84.50000000000000000, 12.50000000000000000 ) ) ;
#2377 = VERTEX_POINT ( 'NONE', #6016 ) ;
#2378 = CIRCLE ( 'NONE', #802, 0.5000000000000004441 ) ;
#2379 = DIRECTION ( 'NONE',  ( -0.000000000000000000, -0.000000000000000000, 1.000000000000000000 ) ) ;
#2380 = CARTESIAN_POINT ( 'NONE',  ( 92.72397121200468462, 79.76922673094557581, 12.02084747679474219 ) ) ;
#2381 = ORIENTED_EDGE ( 'NONE', *, *, #1409, .F. ) ;
#2382 = CARTESIAN_POINT ( 'NONE',  ( -56.28762338197392268, 90.00000000000000000, 7.507841797797476069 ) ) ;
#2383 = AXIS2_PLACEMENT_3D ( 'NONE', #4150, #6934, #8383 ) ;
#2384 = CARTESIAN_POINT ( 'NONE',  ( 29.63649281845480132, 78.00000000000000000, 12.50000000000000000 ) ) ;
#2385 = CARTESIAN_POINT ( 'NONE',  ( 51.61449005960736258, 87.46265280727280356, 6.827558396454746159 ) ) ;
#2386 = CARTESIAN_POINT ( 'NONE',  ( -52.25000001644485081, 89.49999999996180122, 17.00000000000000711 ) ) ;
#2387 = EDGE_CURVE ( 'NONE', #764, #3546, #4710, .T. ) ;
#2388 = VECTOR ( 'NONE', #7872, 1000.000000000000000 ) ;
#2389 = CARTESIAN_POINT ( 'NONE',  ( 29.89236037217608910, 89.99999999999998579, 10.55265773500305215 ) ) ;
#2390 = ORIENTED_EDGE ( 'NONE', *, *, #1558, .F. ) ;
#2391 = ORIENTED_EDGE ( 'NONE', *, *, #3682, .T. ) ;
#2392 = ORIENTED_EDGE ( 'NONE', *, *, #5820, .T. ) ;
#2393 = ORIENTED_EDGE ( 'NONE', *, *, #4743, .F. ) ;
#2394 = CARTESIAN_POINT ( 'NONE',  ( -76.78448260850345264, 88.59821611960069276, 16.47682494816222487 ) ) ;
#2395 = CARTESIAN_POINT ( 'NONE',  ( 63.11708567079401888, 89.50113582874118379, 4.836108143415931870 ) ) ;
#2396 = AXIS2_PLACEMENT_3D ( 'NONE', #125, #2906, #5703 ) ;
#2397 = CARTESIAN_POINT ( 'NONE',  ( 25.95864661176151600, 74.84523652348138967, 15.00000000000000000 ) ) ;
#2398 = CARTESIAN_POINT ( 'NONE',  ( -59.03717973181850454, 89.21354672408509145, 3.916661630354272283 ) ) ;
#2399 = FACE_OUTER_BOUND ( 'NONE', #2860, .T. ) ;
#2400 = CARTESIAN_POINT ( 'NONE',  ( -40.26999999992407453, 89.99999999999997158, 14.46999999999997222 ) ) ;
#2401 = CIRCLE ( 'NONE', #8581, 3.000000000000002665 ) ;
#2402 = EDGE_CURVE ( 'NONE', #1598, #861, #2401, .T. ) ;
#2403 = CARTESIAN_POINT ( 'NONE',  ( -34.16073597995431044, 89.34485357832079444, 8.369183605057273212 ) ) ;
#2404 = ORIENTED_EDGE ( 'NONE', *, *, #7626, .T. ) ;
#2405 = CONICAL_SURFACE ( 'NONE', #1545, 1.750000000000001554, 0.7853981633974425058 ) ;
#2406 = CARTESIAN_POINT ( 'NONE',  ( 55.88861968356263787, 89.34485357832085128, 5.298167004778345124 ) ) ;
#2407 = CARTESIAN_POINT ( 'NONE',  ( 0.000000000000000000, 76.00000000000000000, 14.20000000000000107 ) ) ;
#2408 = CARTESIAN_POINT ( 'NONE',  ( 38.01000000008891533, 83.09999999994768416, 13.50000000000000000 ) ) ;
#2409 = AXIS2_PLACEMENT_3D ( 'NONE', #8274, #1390, #8321 ) ;
#2410 = ORIENTED_EDGE ( 'NONE', *, *, #5403, .T. ) ;
#2411 = CARTESIAN_POINT ( 'NONE',  ( -58.24450157684129437, 89.50443831761683100, 4.156202082340933579 ) ) ;
#2412 = ADVANCED_FACE ( 'NONE', ( #3351 ), #1956, .F. ) ;
#2413 = CARTESIAN_POINT ( 'NONE',  ( -26.99999999999998934, 89.87938524157162590, 9.868613674765077448 ) ) ;
#2414 = CARTESIAN_POINT ( 'NONE',  ( 59.40575570323283472, 90.00000000000000000, 4.913418457487220614 ) ) ;
#2415 = CARTESIAN_POINT ( 'NONE',  ( -29.79906758483456031, 89.87938484882386092, 9.868616247165668653 ) ) ;
#2416 = DIRECTION ( 'NONE',  ( 0.9868388408614894303, 0.1617068401990212900, 0.000000000000000000 ) ) ;
#2417 = CARTESIAN_POINT ( 'NONE',  ( -95.14494239437750878, 75.33172216039557156, -15.00000000000000000 ) ) ;
#2418 = CARTESIAN_POINT ( 'NONE',  ( 29.63649281845480132, 80.00000000000000000, 14.20000000000000107 ) ) ;
#2419 = EDGE_CURVE ( 'NONE', #2992, #3915, #2538, .T. ) ;
#2420 = LINE ( 'NONE', #7912, #3980 ) ;
#2421 = CARTESIAN_POINT ( 'NONE',  ( -56.81226785030217030, 89.99999999999998579, 6.845708409054926058 ) ) ;
#2422 = DIRECTION ( 'NONE',  ( -1.000000000000000000, 0.000000000000000000, 0.000000000000000000 ) ) ;
#2423 = ORIENTED_EDGE ( 'NONE', *, *, #7135, .T. ) ;
#2424 = ADVANCED_FACE ( 'NONE', ( #20 ), #3122, .F. ) ;
#2425 = CALENDAR_DATE ( 2026, 4, 4 ) ;
#2426 = DIRECTION ( 'NONE',  ( 4.163336342345625335E-16, -0.000000000000000000, 1.000000000000000000 ) ) ;
#2427 = ORIENTED_EDGE ( 'NONE', *, *, #6512, .T. ) ;
#2428 = CARTESIAN_POINT ( 'NONE',  ( -42.36420374319185811, 85.99999999999998579, 8.081715245433009898 ) ) ;
#2429 = B_SPLINE_CURVE_WITH_KNOTS ( 'NONE', 1,
 ( #2861, #2145 ),
 .UNSPECIFIED., .F., .F.,
 ( 2, 2 ),
 ( 0.000000000000000000, 1.000000000000000000 ),
 .UNSPECIFIED. ) ;
#2430 = CARTESIAN_POINT ( 'NONE',  ( 0.000000000000000000, 80.00000000000000000, 14.20000000000000107 ) ) ;
#2431 = DIRECTION ( 'NONE',  ( -0.000000000000000000, 0.000000000000000000, 1.000000000000000000 ) ) ;
#2432 = LINE ( 'NONE', #3782, #4132 ) ;
#2433 = VERTEX_POINT ( 'NONE', #2582 ) ;
#2434 = ORIENTED_EDGE ( 'NONE', *, *, #7761, .F. ) ;
#2435 = VERTEX_POINT ( 'NONE', #1283 ) ;
#2436 = ORIENTED_EDGE ( 'NONE', *, *, #2740, .T. ) ;
#2437 = CARTESIAN_POINT ( 'NONE',  ( -86.93497393005507945, 84.52037695227883773, 16.47493040708452483 ) ) ;
#2438 = CARTESIAN_POINT ( 'NONE',  ( -22.96195541994489275, 83.28571428571429180, 15.00000000000000178 ) ) ;
#2439 = EDGE_CURVE ( 'NONE', #3339, #4028, #7356, .T. ) ;
#2440 = DIRECTION ( 'NONE',  ( 0.000000000000000000, 0.000000000000000000, -1.000000000000000000 ) ) ;
#2441 = CARTESIAN_POINT ( 'NONE',  ( 53.99999999999998579, 80.00000000000000000, 14.20000000000000107 ) ) ;
#2442 = CARTESIAN_POINT ( 'NONE',  ( -46.74047200862160167, 89.99999999999997158, 10.79114737053491346 ) ) ;
#2443 = CARTESIAN_POINT ( 'NONE',  ( 2.081668171172754982E-16, 90.00000000000000000, 17.00000000000001421 ) ) ;
#2444 = CARTESIAN_POINT ( 'NONE',  ( -37.53576505139719899, 89.34485357832082286, 8.302812151827373199 ) ) ;
#2445 = VERTEX_POINT ( 'NONE', #573 ) ;
#2446 = CARTESIAN_POINT ( 'NONE',  ( 60.95269063733931603, 89.49999999997942268, 4.348340656575885532 ) ) ;
#2447 = ORIENTED_EDGE ( 'NONE', *, *, #5244, .F. ) ;
#2448 = CARTESIAN_POINT ( 'NONE',  ( 90.89767966803827903, 81.40628422663688468, 16.91859932595338734 ) ) ;
#2449 = DIRECTION ( 'NONE',  ( -0.000000000000000000, -0.000000000000000000, -1.000000000000000000 ) ) ;
#2450 = VERTEX_POINT ( 'NONE', #8258 ) ;
#2451 = FACE_OUTER_BOUND ( 'NONE', #5325, .T. ) ;
#2452 = DIRECTION ( 'NONE',  ( -0.000000000000000000, 1.000000000000000000, 0.000000000000000000 ) ) ;
#2453 = CIRCLE ( 'NONE', #4755, 0.8999999999999968026 ) ;
#2454 = CARTESIAN_POINT ( 'NONE',  ( 50.36768717034065190, 90.00000000000012790, 8.941652804194802684 ) ) ;
#2455 = CARTESIAN_POINT ( 'NONE',  ( -50.71904090898067352, 89.87938525163040993, 8.562116619547881058 ) ) ;
#2456 = CARTESIAN_POINT ( 'NONE',  ( 53.99999999999998579, 82.50000000000000000, 17.00000000000000000 ) ) ;
#2457 = CARTESIAN_POINT ( 'NONE',  ( -91.48683264249655167, 80.83978022226106930, 15.93513633363908788 ) ) ;
#2458 = DIRECTION ( 'NONE',  ( -1.000000000000000000, -0.000000000000000000, -0.000000000000000000 ) ) ;
#2459 = ADVANCED_FACE ( 'NONE', ( #6772 ), #3938, .T. ) ;
#2460 = EDGE_CURVE ( 'NONE', #4124, #8614, #2212, .T. ) ;
#2461 = CARTESIAN_POINT ( 'NONE',  ( -39.48509697117054884, 89.99999999999998579, 10.83858991520234838 ) ) ;
#2462 = CARTESIAN_POINT ( 'NONE',  ( -58.08179894661549980, 89.34485357832085128, 3.693651658087765188 ) ) ;
#2463 = DIRECTION ( 'NONE',  ( 1.000000000000000000, 0.000000000000000000, 0.000000000000000000 ) ) ;
#2464 = ORIENTED_EDGE ( 'NONE', *, *, #5464, .T. ) ;
#2465 = PERSON_AND_ORGANIZATION_ROLE ( 'design_supplier' ) ;
#2466 = CARTESIAN_POINT ( 'NONE',  ( 0.000000000000000000, 80.00000000000000000, 12.50000000000000000 ) ) ;
#2467 = ORIENTED_EDGE ( 'NONE', *, *, #1231, .T. ) ;
#2468 = CARTESIAN_POINT ( 'NONE',  ( -45.93404869950485647, 85.99999999999998579, 7.777519433912924107 ) ) ;
#2469 = ADVANCED_FACE ( 'NONE', ( #6148 ), #6188, .T. ) ;
#2470 = CIRCLE ( 'NONE', #6496, 1.499999999999994449 ) ;
#2471 = CARTESIAN_POINT ( 'NONE',  ( 51.99999999999998579, 86.00000000000000000, 12.50000000000000000 ) ) ;
#2472 = DIRECTION ( 'NONE',  ( 0.000000000000000000, 0.000000000000000000, -1.000000000000000000 ) ) ;
#2473 = CARTESIAN_POINT ( 'NONE',  ( 40.25777667939013327, 82.50000000000000000, 17.00000000000000000 ) ) ;
#2474 = CARTESIAN_POINT ( 'NONE',  ( 47.16838316087638816, 89.99999999999492672, 9.445983884206928138 ) ) ;
#2475 = ORIENTED_EDGE ( 'NONE', *, *, #8070, .T. ) ;
#2476 = ORIENTED_EDGE ( 'NONE', *, *, #5934, .T. ) ;
#2477 = EDGE_LOOP ( 'NONE', ( #5024, #2077, #7447, #1778 ) ) ;
#2478 = DIRECTION ( 'NONE',  ( 0.000000000000000000, 0.000000000000000000, 1.000000000000000000 ) ) ;
#2479 = CARTESIAN_POINT ( 'NONE',  ( 76.83541475358789796, 88.61009021203696534, 17.00000000000375167 ) ) ;
#2480 = EDGE_CURVE ( 'NONE', #1511, #8791, #5432, .T. ) ;
#2481 = CARTESIAN_POINT ( 'NONE',  ( 74.49509866684884685, 88.36991008043206364, 7.400254114246783033 ) ) ;
#2482 = LINE ( 'NONE', #5231, #5223 ) ;
#2483 = ADVANCED_FACE ( 'NONE', ( #4307 ), #3485, .F. ) ;
#2484 = FACE_OUTER_BOUND ( 'NONE', #4818, .T. ) ;
#2485 = CARTESIAN_POINT ( 'NONE',  ( -47.38071565731081591, 89.50000000000002842, 13.06406726788235773 ) ) ;
#2486 = CARTESIAN_POINT ( 'NONE',  ( 21.99999999650220772, 89.50000000007634071, 17.00000000000001421 ) ) ;
#2487 = CARTESIAN_POINT ( 'NONE',  ( -47.87960440753119684, 89.34485357832076602, 7.531899405231220257 ) ) ;
#2488 = ORIENTED_EDGE ( 'NONE', *, *, #1417, .T. ) ;
#2489 = CARTESIAN_POINT ( 'NONE',  ( 82.10499442512507073, 85.94185021529673918, 9.115218190469267512 ) ) ;
#2490 = ORIENTED_EDGE ( 'NONE', *, *, #2183, .F. ) ;
#2491 = VECTOR ( 'NONE', #5774, 1000.000000000000000 ) ;
#2492 = DIRECTION ( 'NONE',  ( -0.000000000000000000, -0.000000000000000000, 1.000000000000000000 ) ) ;
#2493 = CARTESIAN_POINT ( 'NONE',  ( -36.41000099991106964, 82.25495999994770102, 17.00000000000004263 ) ) ;
#2494 = CARTESIAN_POINT ( 'NONE',  ( -38.13479509172441340, 86.00000000000000000, 13.10000000000000142 ) ) ;
#2495 = CONICAL_SURFACE ( 'NONE', #7963, 1.750000000000001554, 0.7853981633974425058 ) ;
#2496 = CARTESIAN_POINT ( 'NONE',  ( -24.99999999999999289, 86.59999999999999432, -0.5062160878754172755 ) ) ;
#2497 = CARTESIAN_POINT ( 'NONE',  ( 42.11834008088896297, 90.00000000000004263, 9.903479181340152593 ) ) ;
#2498 = CARTESIAN_POINT ( 'NONE',  ( 49.98220724804973969, 85.99999999999994316, 16.99999999999997513 ) ) ;
#2499 = LINE ( 'NONE', #1159, #6280 ) ;
#2500 = FACE_OUTER_BOUND ( 'NONE', #1237, .T. ) ;
#2501 = CARTESIAN_POINT ( 'NONE',  ( -23.32842712474621294, 86.00000000000000000, 8.400000000000000355 ) ) ;
#2502 = AXIS2_PLACEMENT_3D ( 'NONE', #1308, #6796, #2970 ) ;
#2503 = CIRCLE ( 'NONE', #4084, 0.5000000000000000000 ) ;
#2504 = CARTESIAN_POINT ( 'NONE',  ( -39.18934462087396042, 89.99999999999997158, 11.00694253929066946 ) ) ;
#2505 = CARTESIAN_POINT ( 'NONE',  ( -35.88551616127729460, 89.99999999999997158, 10.14111514648425860 ) ) ;
#2506 = FACE_OUTER_BOUND ( 'NONE', #8772, .T. ) ;
#2507 = ORIENTED_EDGE ( 'NONE', *, *, #4495, .F. ) ;
#2508 = EDGE_CURVE ( 'NONE', #7089, #670, #4252, .T. ) ;
#2509 = COORDINATED_UNIVERSAL_TIME_OFFSET ( 1, 0, .AHEAD. ) ;
#2510 = DIRECTION ( 'NONE',  ( 1.000000000000000000, 0.000000000000000000, 0.000000000000000000 ) ) ;
#2511 = ORIENTED_EDGE ( 'NONE', *, *, #6523, .F. ) ;
#2512 = CARTESIAN_POINT ( 'NONE',  ( -46.99059751287337861, 85.99999999999998579, 7.650119988954423356 ) ) ;
#2513 =( BOUNDED_SURFACE ( )  B_SPLINE_SURFACE ( 3, 2, ( 
 ( #1507, #7086, #4930 ),
 ( #6419, #1557, #6285 ),
 ( #1647, #2946, #2901 ),
 ( #887, #7810, #1459 ),
 ( #4889, #3720, #5745 ),
 ( #5608, #4256, #7133 ) ),
 .UNSPECIFIED., .F., .F., .T. ) 
 B_SPLINE_SURFACE_WITH_KNOTS ( ( 4, 2, 4 ),
 ( 3, 3 ),
 ( 0.03696097344574601068, 0.04255851246460501391, 0.04815605148346401715 ),
 ( 0.000000000000000000, 1.000000000000000000 ),
 .UNSPECIFIED. ) 
 GEOMETRIC_REPRESENTATION_ITEM ( )  RATIONAL_B_SPLINE_SURFACE ( (
 ( 1.000000000000000000, 0.9933130961121738878, 1.000000000000000000),
 ( 1.000000000000000000, 0.9936197015830621204, 1.000000000000000000),
 ( 1.000000000000000000, 0.9938559474522303816, 1.000000000000000000),
 ( 1.000000000000000000, 0.9942027219926061754, 1.000000000000000000),
 ( 1.000000000000000000, 0.9943131763971332360, 1.000000000000000000),
 ( 1.000000000000000000, 0.9943701452112407857, 1.000000000000000000) ) ) 
 REPRESENTATION_ITEM ( '' )  SURFACE ( )  );
#2514 = EDGE_CURVE ( 'NONE', #2295, #7230, #7766, .T. ) ;
#2515 = CARTESIAN_POINT ( 'NONE',  ( -20.31192640368340108, 68.75150446665328730, 36.88536684330890125 ) ) ;
#2516 = CARTESIAN_POINT ( 'NONE',  ( 91.48683264249655167, 80.83978022226106930, 15.93513633363908788 ) ) ;
#2517 = DIRECTION ( 'NONE',  ( -0.000000000000000000, -0.000000000000000000, 1.000000000000000000 ) ) ;
#2518 = CARTESIAN_POINT ( 'NONE',  ( 59.67791814208970891, 89.99999999999992895, 5.138928736855747914 ) ) ;
#2519 = ORIENTED_EDGE ( 'NONE', *, *, #4885, .T. ) ;
#2520 = CARTESIAN_POINT ( 'NONE',  ( -93.14400365863129139, 79.84296168484254963, 12.80536758438582901 ) ) ;
#2521 = ORIENTED_EDGE ( 'NONE', *, *, #8318, .F. ) ;
#2522 = ORIENTED_EDGE ( 'NONE', *, *, #6745, .F. ) ;
#2523 = DIRECTION ( 'NONE',  ( -1.000000000000000000, 0.000000000000000000, 0.000000000000000000 ) ) ;
#2524 = LINE ( 'NONE', #8058, #6593 ) ;
#2525 = CARTESIAN_POINT ( 'NONE',  ( 84.08923486830107663, 85.08809140584753550, 9.562386086945883434 ) ) ;
#2526 = CARTESIAN_POINT ( 'NONE',  ( -46.06999999992408590, 75.07760237977390716, 14.76999999999999780 ) ) ;
#2527 = DIRECTION ( 'NONE',  ( 1.000000000000000000, 0.000000000000000000, -4.163336342345625335E-16 ) ) ;
#2528 = CARTESIAN_POINT ( 'NONE',  ( -47.07547990191056897, 89.99999999999995737, 10.95666831126485441 ) ) ;
#2529 = CARTESIAN_POINT ( 'NONE',  ( 65.65508876974418229, 90.00083614365479434, 16.50063687021157932 ) ) ;
#2530 = CARTESIAN_POINT ( 'NONE',  ( -46.79115348210829950, 89.34485357832082286, 7.676157550321645040 ) ) ;
#2531 = ORIENTED_EDGE ( 'NONE', *, *, #883, .T. ) ;
#2532 = CARTESIAN_POINT ( 'NONE',  ( 71.74843258739565499, 89.36262687257428183, 6.781266179951174422 ) ) ;
#2533 = EDGE_LOOP ( 'NONE', ( #5526, #8548, #1776, #2203 ) ) ;
#2534 = CIRCLE ( 'NONE', #7564, 2.199999999999998845 ) ;
#2535 = FACE_OUTER_BOUND ( 'NONE', #7940, .T. ) ;
#2536 = VECTOR ( 'NONE', #1641, 1000.000000000000000 ) ;
#2537 = DIRECTION ( 'NONE',  ( -1.000000000000000000, 0.000000000000000000, 0.000000000000000000 ) ) ;
#2538 = CIRCLE ( 'NONE', #3263, 1.400000000000000133 ) ;
#2539 = DIRECTION ( 'NONE',  ( -0.000000000000000000, -0.000000000000000000, 1.000000000000000000 ) ) ;
#2540 = AXIS2_PLACEMENT_3D ( 'NONE', #2384, #6615, #5988 ) ;
#2541 = FACE_OUTER_BOUND ( 'NONE', #275, .T. ) ;
#2542 = CARTESIAN_POINT ( 'NONE',  ( 55.96357355916084231, 90.00000000000005684, 7.265973980155966849 ) ) ;
#2543 = CARTESIAN_POINT ( 'NONE',  ( -54.74204602281108123, 89.87938526557829277, 7.423865335635524865 ) ) ;
#2544 = CARTESIAN_POINT ( 'NONE',  ( -26.99999999999999645, 88.19999999999998863, 8.400000000000000355 ) ) ;
#2545 = CARTESIAN_POINT ( 'NONE',  ( -97.90079786713343424, 71.58182856297453611, 17.00000000000000000 ) ) ;
#2546 = CARTESIAN_POINT ( 'NONE',  ( 58.07577625714868930, 89.34485360493506789, 3.699999999999995737 ) ) ;
#2547 = VECTOR ( 'NONE', #5178, 1000.000000000000000 ) ;
#2548 = ADVANCED_FACE ( 'NONE', ( #6996 ), #5697, .T. ) ;
#2549 = CARTESIAN_POINT ( 'NONE',  ( -39.96037238418308846, 89.99999999999995737, 10.69437716388422288 ) ) ;
#2550 = LINE ( 'NONE', #5301, #7704 ) ;
#2551 = ORIENTED_EDGE ( 'NONE', *, *, #6820, .T. ) ;
#2552 = DIRECTION ( 'NONE',  ( 1.000000000000000000, 0.000000000000000000, 0.000000000000000000 ) ) ;
#2553 = DIRECTION ( 'NONE',  ( -0.000000000000000000, 0.000000000000000000, -1.000000000000000000 ) ) ;
#2554 = ORIENTED_EDGE ( 'NONE', *, *, #2689, .F. ) ;
#2555 = CARTESIAN_POINT ( 'NONE',  ( -60.01499505187562278, 89.99999999999995737, 4.783625763691156330 ) ) ;
#2556 = FACE_OUTER_BOUND ( 'NONE', #8316, .T. ) ;
#2557 = LINE ( 'NONE', #5308, #5101 ) ;
#2558 = CARTESIAN_POINT ( 'NONE',  ( -38.16000099991106964, 82.25495999994770102, 13.50000000000000000 ) ) ;
#2559 = CARTESIAN_POINT ( 'NONE',  ( 50.08015714134354113, 89.99999999999997158, 9.375588928755396623 ) ) ;
#2560 = ORIENTED_EDGE ( 'NONE', *, *, #5783, .T. ) ;
#2561 = CARTESIAN_POINT ( 'NONE',  ( -92.11267286788324782, 80.67603878204049295, 15.95224455805231401 ) ) ;
#2562 = VERTEX_POINT ( 'NONE', #743 ) ;
#2563 = VERTEX_POINT ( 'NONE', #8306 ) ;
#2564 = CYLINDRICAL_SURFACE ( 'NONE', #4977, 1.000000000000000888 ) ;
#2565 = CARTESIAN_POINT ( 'NONE',  ( 70.38626633326246917, 89.81734979271547559, 16.48782418947281414 ) ) ;
#2566 = EDGE_CURVE ( 'NONE', #5523, #2157, #2787, .T. ) ;
#2567 = CARTESIAN_POINT ( 'NONE',  ( -38.86999999992408306, 89.50000000000002842, 12.38674042854059110 ) ) ;
#2568 = CARTESIAN_POINT ( 'NONE',  ( -9.504219849281998993E-15, 87.99999999999995737, 10.55265396141676781 ) ) ;
#2569 = EDGE_CURVE ( 'NONE', #384, #1128, #8843, .T. ) ;
#2570 = CARTESIAN_POINT ( 'NONE',  ( 66.00000000000092371, 84.50000000000000000, 17.00000000000000000 ) ) ;
#2571 = CARTESIAN_POINT ( 'NONE',  ( -46.56334902883313021, 89.50000000000001421, 13.88039712850255292 ) ) ;
#2572 = FACE_OUTER_BOUND ( 'NONE', #1722, .T. ) ;
#2573 = VERTEX_POINT ( 'NONE', #7666 ) ;
#2574 = CARTESIAN_POINT ( 'NONE',  ( 67.46603098110014685, 89.83449011074655743, 5.816185297365039197 ) ) ;
#2575 = ORIENTED_EDGE ( 'NONE', *, *, #3604, .F. ) ;
#2576 = CARTESIAN_POINT ( 'NONE',  ( -92.66283216510962006, 76.52230400056217263, 14.78576633894631343 ) ) ;
#2577 = CARTESIAN_POINT ( 'NONE',  ( -82.26093139046673741, 86.35136607598337832, 9.150360103339471252 ) ) ;
#2578 = CARTESIAN_POINT ( 'NONE',  ( 71.40943987789090386, 85.53509283808739383, 12.91933977033932379 ) ) ;
#2579 = EDGE_CURVE ( 'NONE', #7502, #3495, #2036, .T. ) ;
#2580 = DIRECTION ( 'NONE',  ( -1.000000000000000000, 0.000000000000000000, 0.000000000000000000 ) ) ;
#2581 = CARTESIAN_POINT ( 'NONE',  ( 36.83060439980371115, 89.99999999999988631, 10.12163591407530916 ) ) ;
#2582 = CARTESIAN_POINT ( 'NONE',  ( -50.80999935143079682, 82.24689295812471812, 13.10000000000000142 ) ) ;
#2583 = VERTEX_POINT ( 'NONE', #791 ) ;
#2584 = B_SPLINE_CURVE_WITH_KNOTS ( 'NONE', 3,
 ( #1826, #3130, #4572, #6634, #1191, #5881, #476, #1015, #3215, #4525, #8615, #3759 ),
 .UNSPECIFIED., .F., .F.,
 ( 4, 2, 2, 2, 2, 4 ),
 ( 0.001345123909003600625, 0.002501439933971894014, 0.003079597946456054045, 0.003657755958940213208, 0.004814071983908543677, 0.005970388008876875013 ),
 .UNSPECIFIED. ) ;
#2585 = DIRECTION ( 'NONE',  ( 0.3746065934159061861, 0.9271838545667898668, -4.997964945189721404E-17 ) ) ;
#2586 = DIRECTION ( 'NONE',  ( -1.000000000000000000, 0.000000000000000000, 0.000000000000000000 ) ) ;
#2587 = CARTESIAN_POINT ( 'NONE',  ( 48.28455850954408390, 89.34485360493506789, 7.486847599870300130 ) ) ;
#2588 = B_SPLINE_SURFACE_WITH_KNOTS ( 'NONE', 3, 1, ( 
 ( #8315, #3494 ),
 ( #7818, #4265 ),
 ( #6956, #5660 ),
 ( #8405, #2237 ),
 ( #4988, #4532 ),
 ( #1022, #7181 ),
 ( #8580, #3766 ),
 ( #2498, #3810 ),
 ( #5975, #5122 ),
 ( #3046, #1834 ),
 ( #439, #350 ),
 ( #6509, #3091 ) ),
 .UNSPECIFIED., .F., .F., .F.,
 ( 4, 1, 1, 1, 2, 1, 1, 1, 4 ),
 ( 2, 2 ),
 ( 0.000000000000000000, 0.09456249999999999378, 0.1891249999999999876, 0.2836874999999999258, 0.3782499999999999751, 0.5336874999999998703, 0.6891249999999999876, 0.8445624999999998828, 1.000000000000000000 ),
 ( 0.000000000000000000, 1.000000000000000000 ),
 .UNSPECIFIED. ) ;
#2589 = DIRECTION ( 'NONE',  ( 1.000000000000000000, 0.000000000000000000, 0.000000000000000000 ) ) ;
#2590 = EDGE_CURVE ( 'NONE', #4947, #6382, #7715, .T. ) ;
#2591 = CARTESIAN_POINT ( 'NONE',  ( -26.99999999999999645, 85.99999999999997158, 8.400000000000000355 ) ) ;
#2592 = ORIENTED_EDGE ( 'NONE', *, *, #510, .T. ) ;
#2593 = CARTESIAN_POINT ( 'NONE',  ( -8.861216499028213178, 80.00000000000000000, 12.50000000000000000 ) ) ;
#2594 = DIRECTION ( 'NONE',  ( 1.000000000000000000, 0.000000000000000000, 0.000000000000000000 ) ) ;
#2595 = CARTESIAN_POINT ( 'NONE',  ( -46.06999999992408590, 89.99999999999998579, 10.67000000000003013 ) ) ;
#2596 = ORIENTED_EDGE ( 'NONE', *, *, #2439, .F. ) ;
#2597 = ORIENTED_EDGE ( 'NONE', *, *, #8469, .T. ) ;
#2598 = CARTESIAN_POINT ( 'NONE',  ( -59.51400862047326257, 90.00000000000000000, 4.799312203892725393 ) ) ;
#2599 = ADVANCED_FACE ( 'NONE', ( #118 ), #2854, .T. ) ;
#2600 = CARTESIAN_POINT ( 'NONE',  ( -39.95239848042513842, 89.50000000000000000, 11.20573874769250367 ) ) ;
#2601 = DIRECTION ( 'NONE',  ( -0.000000000000000000, -0.000000000000000000, 1.000000000000000000 ) ) ;
#2602 = LINE ( 'NONE', #8095, #3566 ) ;
#2603 = CARTESIAN_POINT ( 'NONE',  ( 56.61850616985665852, 90.00000000000000000, 7.348039281819955804 ) ) ;
#2604 = ORIENTED_EDGE ( 'NONE', *, *, #2279, .T. ) ;
#2605 = CARTESIAN_POINT ( 'NONE',  ( -92.34452425181896729, 80.79776110284359447, 15.54292304038851036 ) ) ;
#2606 = ORIENTED_EDGE ( 'NONE', *, *, #1127, .F. ) ;
#2607 = ORIENTED_EDGE ( 'NONE', *, *, #1962, .T. ) ;
#2608 = CARTESIAN_POINT ( 'NONE',  ( -23.31192640368339752, 80.00000000000000000, 15.00000000000000178 ) ) ;
#2609 = CARTESIAN_POINT ( 'NONE',  ( 66.00147541926334327, 89.99981326875506227, 16.49963217656421577 ) ) ;
#2610 = CARTESIAN_POINT ( 'NONE',  ( -39.04669905622813530, 89.50000000000004263, 13.27506657251925226 ) ) ;
#2611 = CIRCLE ( 'NONE', #3335, 0.9999999999999991118 ) ;
#2612 = DIRECTION ( 'NONE',  ( 0.000000000000000000, 1.000000000000000000, 0.000000000000000000 ) ) ;
#2613 = EDGE_CURVE ( 'NONE', #4814, #5603, #2243, .T. ) ;
#2614 = CARTESIAN_POINT ( 'NONE',  ( -87.28951663572939879, 80.46769504669610740, 17.00000000000006395 ) ) ;
#2615 = CARTESIAN_POINT ( 'NONE',  ( -46.86627238448735966, 89.50000000000001421, 13.72172654999634034 ) ) ;
#2616 = CARTESIAN_POINT ( 'NONE',  ( -20.31192640368340463, 77.21902636811576315, 14.20000000000000107 ) ) ;
#2617 = ORIENTED_EDGE ( 'NONE', *, *, #5708, .F. ) ;
#2618 = ADVANCED_FACE ( 'NONE', ( #1266 ), #2564, .T. ) ;
#2619 = LINE ( 'NONE', #5368, #7309 ) ;
#2620 = CARTESIAN_POINT ( 'NONE',  ( -88.69371155506763671, 79.14190827746114110, 10.60004972366793297 ) ) ;
#2621 = EDGE_CURVE ( 'NONE', #3198, #4767, #1096, .T. ) ;
#2622 = CARTESIAN_POINT ( 'NONE',  ( -82.84050863794163888, 86.00513479463231192, 16.99999999999999289 ) ) ;
#2623 = CARTESIAN_POINT ( 'NONE',  ( 18.12771867673100346, 83.00000000000000000, 15.00000000000000178 ) ) ;
#2624 = CARTESIAN_POINT ( 'NONE',  ( -91.87777452982135173, 80.96164312616063796, 16.24684844558682428 ) ) ;
#2625 = AXIS2_PLACEMENT_3D ( 'NONE', #8696, #3118, #8560 ) ;
#2626 = EDGE_LOOP ( 'NONE', ( #6171, #2797, #6196, #3287, #3200, #382, #741, #4481 ) ) ;
#2627 = CARTESIAN_POINT ( 'NONE',  ( 56.22020371527448646, 90.00000000000000000, 7.145345110138217493 ) ) ;
#2628 = CYLINDRICAL_SURFACE ( 'NONE', #4272, 0.7999999999999951594 ) ;
#2629 = ORIENTED_EDGE ( 'NONE', *, *, #5582, .T. ) ;
#2630 = DIRECTION ( 'NONE',  ( -0.000000000000000000, -0.000000000000000000, -1.000000000000000000 ) ) ;
#2631 = CARTESIAN_POINT ( 'NONE',  ( 62.66918475508623487, 90.00000000000004263, 5.247708825572423130 ) ) ;
#2632 = DIRECTION ( 'NONE',  ( -0.000000000000000000, 1.000000000000000000, -0.000000000000000000 ) ) ;
#2633 = AXIS2_PLACEMENT_3D ( 'NONE', #2309, #7799, #1633 ) ;
#2634 = DIRECTION ( 'NONE',  ( -1.000000000000000000, 0.000000000000000000, 0.000000000000000000 ) ) ;
#2635 = DIRECTION ( 'NONE',  ( -0.000000000000000000, -0.000000000000000000, -1.000000000000000000 ) ) ;
#2636 = ORIENTED_EDGE ( 'NONE', *, *, #1417, .F. ) ;
#2637 = ADVANCED_FACE ( 'NONE', ( #5273 ), #7247, .F. ) ;
#2638 = CARTESIAN_POINT ( 'NONE',  ( -44.13666666659076299, 89.50000000000004263, 13.97000000000000064 ) ) ;
#2639 = DIRECTION ( 'NONE',  ( -3.469446951953611428E-15, 1.000000000000000000, 0.000000000000000000 ) ) ;
#2640 = ORIENTED_EDGE ( 'NONE', *, *, #7679, .F. ) ;
#2641 = CARTESIAN_POINT ( 'NONE',  ( -34.98382315060020886, 85.99999999999998579, 8.356927326251682331 ) ) ;
#2642 = VECTOR ( 'NONE', #5091, 1000.000000000000000 ) ;
#2643 = AXIS2_PLACEMENT_3D ( 'NONE', #1126, #6739, #2510 ) ;
#2644 = CARTESIAN_POINT ( 'NONE',  ( -38.88172715147734237, 89.50000000000004263, 12.75228896837440828 ) ) ;
#2645 = LINE ( 'NONE', #6830, #7968 ) ;
#2646 = CARTESIAN_POINT ( 'NONE',  ( -86.32565558825329788, 80.27767862025989132, -15.00000000000002665 ) ) ;
#2647 = CARTESIAN_POINT ( 'NONE',  ( 59.51874489103399668, 89.87938524156699316, 4.312831868605784713 ) ) ;
#2648 = ORIENTED_EDGE ( 'NONE', *, *, #6807, .F. ) ;
#2649 = CARTESIAN_POINT ( 'NONE',  ( -51.99999999999998579, 87.50000000000000000, 6.730110844732275055 ) ) ;
#2650 = EDGE_LOOP ( 'NONE', ( #1354, #73, #1138 ) ) ;
#2651 = EDGE_CURVE ( 'NONE', #2154, #90, #7696, .T. ) ;
#2652 = EDGE_CURVE ( 'NONE', #5879, #3328, #3292, .T. ) ;
#2653 = ORIENTED_EDGE ( 'NONE', *, *, #2047, .T. ) ;
#2654 = CARTESIAN_POINT ( 'NONE',  ( -8.100000000000015632, 89.34485357832080865, 8.400000000000002132 ) ) ;
#2655 = DIRECTION ( 'NONE',  ( -0.4226182617406971653, -0.9063077870366511579, 0.000000000000000000 ) ) ;
#2656 = CARTESIAN_POINT ( 'NONE',  ( -37.66139843986672275, 89.34485360493506789, 8.313402995911093996 ) ) ;
#2657 = CARTESIAN_POINT ( 'NONE',  ( -43.06078427922813034, 90.00000000000015632, -15.00000000000000178 ) ) ;
#2658 = EDGE_CURVE ( 'NONE', #7047, #8017, #5358, .T. ) ;
#2659 = CARTESIAN_POINT ( 'NONE',  ( -51.99999999999998579, 86.00000000000000000, 12.50000000000000000 ) ) ;
#2660 = CARTESIAN_POINT ( 'NONE',  ( -47.61453207221109807, 90.00000000000001421, 13.67829025930392639 ) ) ;
#2661 = CARTESIAN_POINT ( 'NONE',  ( 59.41310814103970017, 89.87938524157181064, 4.424180496369286786 ) ) ;
#2662 = VERTEX_POINT ( 'NONE', #6038 ) ;
#2663 = CARTESIAN_POINT ( 'NONE',  ( 88.18249111125717832, 83.56968866061572498, 10.92144204675362396 ) ) ;
#2664 = LINE ( 'NONE', #8202, #2365 ) ;
#2665 = VECTOR ( 'NONE', #2317, 1000.000000000000000 ) ;
#2666 = CARTESIAN_POINT ( 'NONE',  ( -88.53581268896898848, 82.98122683950961687, 16.99999999999998579 ) ) ;
#2667 = EDGE_CURVE ( 'NONE', #7887, #5287, #3389, .T. ) ;
#2668 = CARTESIAN_POINT ( 'NONE',  ( -33.04986174655098097, 90.00000000000005684, 10.18229690163880896 ) ) ;
#2669 = LINE ( 'NONE', #8788, #4561 ) ;
#2670 = CARTESIAN_POINT ( 'NONE',  ( 9.804986980587120371, 73.31761717137223400, 15.00000000000000000 ) ) ;
#2671 = CARTESIAN_POINT ( 'NONE',  ( 58.08280989817967566, 89.34485357832083707, 3.692585991045890914 ) ) ;
#2672 = CARTESIAN_POINT ( 'NONE',  ( 35.76222332078768318, 82.50000000000000000, 15.00000000000000178 ) ) ;
#2673 = CYLINDRICAL_SURFACE ( 'NONE', #7712, 1.000000000000000888 ) ;
#2674 = CARTESIAN_POINT ( 'NONE',  ( 67.39296567186818265, 89.84950607775854792, 6.293471497729369979 ) ) ;
#2675 = LINE ( 'NONE', #1422, #7250 ) ;
#2676 = VECTOR ( 'NONE', #3529, 999.9999999999998863 ) ;
#2677 = CIRCLE ( 'NONE', #5415, 0.5000000000000000000 ) ;
#2678 = EDGE_CURVE ( 'NONE', #5995, #3229, #1517, .T. ) ;
#2679 = CARTESIAN_POINT ( 'NONE',  ( 59.98961140198727549, 89.97104545701218115, 4.131301377237419636 ) ) ;
#2680 = VERTEX_POINT ( 'NONE', #8692 ) ;
#2681 = VECTOR ( 'NONE', #3612, 1000.000000000000000 ) ;
#2682 = CALENDAR_DATE ( 2026, 4, 4 ) ;
#2683 = DIRECTION ( 'NONE',  ( 0.000000000000000000, 1.000000000000000000, 0.000000000000000000 ) ) ;
#2684 = AXIS2_PLACEMENT_3D ( 'NONE', #7430, #7974, #6623 ) ;
#2685 = FACE_OUTER_BOUND ( 'NONE', #4465, .T. ) ;
#2686 = ORIENTED_EDGE ( 'NONE', *, *, #8409, .F. ) ;
#2687 = DIRECTION ( 'NONE',  ( 1.000000000000000000, 0.000000000000000000, 0.000000000000000000 ) ) ;
#2688 = CONICAL_SURFACE ( 'NONE', #7576, 1.424999999999948752, 0.5235987755983000369 ) ;
#2689 = EDGE_CURVE ( 'NONE', #206, #1936, #108, .T. ) ;
#2690 = CARTESIAN_POINT ( 'NONE',  ( -39.31273799965579485, 89.50000000000000000, 11.54815120534187045 ) ) ;
#2691 = EDGE_CURVE ( 'NONE', #7985, #2562, #543, .T. ) ;
#2692 = CARTESIAN_POINT ( 'NONE',  ( -59.36750217886289249, 90.00000000000000000, 4.953703661604654584 ) ) ;
#2693 = LINE ( 'NONE', #3460, #1401 ) ;
#2694 = CARTESIAN_POINT ( 'NONE',  ( 57.39607381264172403, 90.00000000000000000, 6.534656516902385803 ) ) ;
#2695 = VERTEX_POINT ( 'NONE', #594 ) ;
#2696 = CARTESIAN_POINT ( 'NONE',  ( -23.32842712474621294, 86.00000000000000000, 8.400000000000000355 ) ) ;
#2697 = DIRECTION ( 'NONE',  ( -1.000000000000000000, 0.000000000000000000, 0.000000000000000000 ) ) ;
#2698 = VERTEX_POINT ( 'NONE', #6711 ) ;
#2699 = CARTESIAN_POINT ( 'NONE',  ( 27.50061475960191615, 90.00000000000005684, 16.50000000000001066 ) ) ;
#2700 = CARTESIAN_POINT ( 'NONE',  ( -20.50000000000001776, 85.00000000000000000, 8.400000000000000355 ) ) ;
#2701 = B_SPLINE_CURVE_WITH_KNOTS ( 'NONE', 3,
 ( #8777, #5318, #804, #8818, #4602, #8021, #2610, #8104, #6961, #2567, #1181, #6756, #2702, #596, #7475, #3966, #6714, #7339 ),
 .UNSPECIFIED., .F., .F.,
 ( 4, 2, 2, 2, 2, 2, 2, 2, 4 ),
 ( 0.000000000000000000, 0.1250000000000000000, 0.2500000000000000000, 0.3750000000000000000, 0.5000000000000000000, 0.6250000000000000000, 0.7500000000000000000, 0.8750000000000000000, 1.000000000000000000 ),
 .UNSPECIFIED. ) ;
#2702 = CARTESIAN_POINT ( 'NONE',  ( -39.15046642056664439, 89.50000000000004263, 11.70963459203511547 ) ) ;
#2703 = CARTESIAN_POINT ( 'NONE',  ( -54.49999999999998579, 86.00000000000001421, 12.50000000000000000 ) ) ;
#2704 = AXIS2_PLACEMENT_3D ( 'NONE', #8875, #2709, #8112 ) ;
#2705 = CARTESIAN_POINT ( 'NONE',  ( -47.92005291923572230, 90.00000000000001421, 13.06874301580307751 ) ) ;
#2706 = CARTESIAN_POINT ( 'NONE',  ( -47.86973968497301968, 90.00000000000001421, 13.18219620004573223 ) ) ;
#2707 = CARTESIAN_POINT ( 'NONE',  ( 91.04471921652761068, 81.81221471279980051, 16.43417059487933329 ) ) ;
#2708 = ORIENTED_EDGE ( 'NONE', *, *, #7679, .T. ) ;
#2709 = DIRECTION ( 'NONE',  ( 0.000000000000000000, 0.000000000000000000, -1.000000000000000000 ) ) ;
#2710 = ADVANCED_FACE ( 'NONE', ( #3919 ), #6665, .F. ) ;
#2711 = CARTESIAN_POINT ( 'NONE',  ( -92.08286590370046554, 77.01499638690742700, 15.96581331448275876 ) ) ;
#2712 = CARTESIAN_POINT ( 'NONE',  ( -76.83541475358789796, 88.61009021203696534, 17.00000000000375167 ) ) ;
#2713 = CARTESIAN_POINT ( 'NONE',  ( -58.07341377749317246, 89.34485357832092234, 3.702488906920148537 ) ) ;
#2714 = CARTESIAN_POINT ( 'NONE',  ( 73.63653082769158686, 85.16314381821263169, 13.15486353808827857 ) ) ;
#2715 = CARTESIAN_POINT ( 'NONE',  ( -1.350000000000009637, 90.00000000000000000, 10.19999999999993712 ) ) ;
#2716 = ORIENTED_EDGE ( 'NONE', *, *, #3012, .T. ) ;
#2717 = CARTESIAN_POINT ( 'NONE',  ( 28.51249049287961412, 89.99999999999994316, 10.20000165318919905 ) ) ;
#2718 = CARTESIAN_POINT ( 'NONE',  ( 70.67762189742722967, 85.56846810068256559, 10.55023004910801454 ) ) ;
#2719 = ORIENTED_EDGE ( 'NONE', *, *, #7573, .F. ) ;
#2720 = LINE ( 'NONE', #8349, #5564 ) ;
#2721 = CARTESIAN_POINT ( 'NONE',  ( 60.84818099284758119, 90.00000000000000000, 4.837327903927220341 ) ) ;
#2722 = CARTESIAN_POINT ( 'NONE',  ( 54.49999999999998579, 84.50000000000000000, 12.50000000000000000 ) ) ;
#2723 = VERTEX_POINT ( 'NONE', #2608 ) ;
#2724 = CARTESIAN_POINT ( 'NONE',  ( 59.52513802321614378, 89.80937801707838730, 4.026627780617460850 ) ) ;
#2725 = ORIENTED_EDGE ( 'NONE', *, *, #1643, .F. ) ;
#2726 = DATE_TIME_ROLE ( 'classification_date' ) ;
#2727 = CARTESIAN_POINT ( 'NONE',  ( -34.71254102175322487, 86.00000000000000000, -0.5062160878754190518 ) ) ;
#2728 = CARTESIAN_POINT ( 'NONE',  ( 38.01000000008891533, 83.09999999994768416, 17.00000000000001066 ) ) ;
#2729 = ORIENTED_EDGE ( 'NONE', *, *, #7725, .T. ) ;
#2730 = DIRECTION ( 'NONE',  ( 0.000000000000000000, 0.000000000000000000, -1.000000000000000000 ) ) ;
#2731 = ADVANCED_FACE ( 'NONE', ( #8102 ), #5998, .F. ) ;
#2732 = CARTESIAN_POINT ( 'NONE',  ( -38.87003109006870005, 89.50000000000011369, 12.52340756328877092 ) ) ;
#2733 = CARTESIAN_POINT ( 'NONE',  ( -40.26999999992408874, 89.49999999998297540, 11.16999999999999993 ) ) ;
#2734 = FACE_OUTER_BOUND ( 'NONE', #7754, .T. ) ;
#2735 = CARTESIAN_POINT ( 'NONE',  ( 79.93428711176848367, 87.63667483552464432, 16.47396220323582483 ) ) ;
#2736 = ORIENTED_EDGE ( 'NONE', *, *, #317, .F. ) ;
#2737 = CARTESIAN_POINT ( 'NONE',  ( -55.33827022511323435, 87.50000000000002842, 5.575658595968937092 ) ) ;
#2738 = ORIENTED_EDGE ( 'NONE', *, *, #7297, .T. ) ;
#2739 = CARTESIAN_POINT ( 'NONE',  ( -56.31778033840406295, 89.34485357832086549, 5.059775816021542916 ) ) ;
#2740 = EDGE_CURVE ( 'NONE', #3903, #2161, #397, .T. ) ;
#2741 = ORIENTED_EDGE ( 'NONE', *, *, #4876, .F. ) ;
#2742 = CARTESIAN_POINT ( 'NONE',  ( 65.31396007499678547, 90.00184349188808142, 16.50162631316880280 ) ) ;
#2743 = CARTESIAN_POINT ( 'NONE',  ( 68.20575756577844118, 89.99330405460744942, 16.49323866149245177 ) ) ;
#2744 = DIRECTION ( 'NONE',  ( 0.000000000000000000, 0.000000000000000000, -1.000000000000000000 ) ) ;
#2745 = CARTESIAN_POINT ( 'NONE',  ( -46.32118725805813853, 89.99999999999997158, 10.67000652558570728 ) ) ;
#2746 = CARTESIAN_POINT ( 'NONE',  ( -47.93961856732948235, 89.99999999999995737, 12.23015641294302469 ) ) ;
#2747 = CARTESIAN_POINT ( 'NONE',  ( -72.56219347204560677, 85.36763420936313196, 13.36113269468580533 ) ) ;
#2748 = DIRECTION ( 'NONE',  ( 1.000000000000000000, 0.000000000000000000, -0.000000000000000000 ) ) ;
#2749 = EDGE_CURVE ( 'NONE', #3406, #8406, #5953, .T. ) ;
#2750 = ORIENTED_EDGE ( 'NONE', *, *, #317, .T. ) ;
#2751 = CARTESIAN_POINT ( 'NONE',  ( 89.47589499777041055, 78.71058056034549111, 10.77632237545574512 ) ) ;
#2752 = VECTOR ( 'NONE', #113, 1000.000000000000000 ) ;
#2753 = CARTESIAN_POINT ( 'NONE',  ( -70.86631261836008377, 85.42501366149971886, 6.582471859254987123 ) ) ;
#2754 = CARTESIAN_POINT ( 'NONE',  ( -70.39668000980681484, 89.82831668556481475, 17.00000000002238210 ) ) ;
#2755 = EDGE_CURVE ( 'NONE', #2262, #2161, #5362, .T. ) ;
#2756 = LOCAL_TIME ( 19, 36, 11.00000000000000000, #3995 ) ;
#2757 = CARTESIAN_POINT ( 'NONE',  ( -58.14016045826414825, 89.34485357832086549, 3.632134484987417089 ) ) ;
#2758 = CARTESIAN_POINT ( 'NONE',  ( 71.64196673359187173, 85.50553278523427991, 13.07442988626397451 ) ) ;
#2759 = CARTESIAN_POINT ( 'NONE',  ( -92.60043425498783165, 76.57691540404704256, 14.96225413482757993 ) ) ;
#2760 = EDGE_LOOP ( 'NONE', ( #5259, #94, #6578, #7738 ) ) ;
#2761 = CARTESIAN_POINT ( 'NONE',  ( 58.03164370480708811, 89.34485357832083707, 3.746062567206769334 ) ) ;
#2762 = CARTESIAN_POINT ( 'NONE',  ( -34.71254102175322487, 79.77102461658081722, -0.5062160878754190518 ) ) ;
#2763 = CARTESIAN_POINT ( 'NONE',  ( -30.80000000000003624, 87.29570651368027256, 8.395370510911531525 ) ) ;
#2764 = DIRECTION ( 'NONE',  ( 0.000000000000000000, 0.000000000000000000, -1.000000000000000000 ) ) ;
#2765 = CARTESIAN_POINT ( 'NONE',  ( 62.85594850508815767, 87.50000000000000000, 4.777258341476790626 ) ) ;
#2766 = VECTOR ( 'NONE', #6715, 1000.000000000000227 ) ;
#2767 = VERTEX_POINT ( 'NONE', #2 ) ;
#2768 = CARTESIAN_POINT ( 'NONE',  ( -59.87236897123580803, 90.00000000000000000, 4.933963769737240490 ) ) ;
#2769 = ORIENTED_EDGE ( 'NONE', *, *, #213, .T. ) ;
#2770 = APPROVAL_DATE_TIME ( #5477, #1057 ) ;
#2771 = CARTESIAN_POINT ( 'NONE',  ( -54.49999999999998579, 84.50000000000000000, 17.00000000000000000 ) ) ;
#2772 = CARTESIAN_POINT ( 'NONE',  ( 9.626830880257903900, 73.74790443272765117, 14.20000000000000107 ) ) ;
#2773 = VERTEX_POINT ( 'NONE', #7473 ) ;
#2774 = CARTESIAN_POINT ( 'NONE',  ( -30.98952664685027614, 85.99999999999998579, 8.394582945330531842 ) ) ;
#2775 = AXIS2_PLACEMENT_3D ( 'NONE', #8032, #1869, #7349 ) ;
#2776 = CLOSED_SHELL ( 'NONE', ( #4499, #6341, #795, #4104, #5983, #8568, #2424, #7653, #5485, #3235, #7330, #1744, #2275, #5431, #8888, #988, #7138, #7433, #4529, #2710, #3033, #415, #7252, #5435, #1817, #3569, #4899, #6550, #8789, #2936, #1501, #8203, #4604, #807, #7543, #5604, #2731, #7367, #4763, #5808, #2318, #4208, #1994, #2637, #6369, #3945, #4075, #4053, #8116, #5217, #1477, #466, #6907, #3749, #6867, #3933, #2095, #5430, #5763, #8529, #5960, #1025, #235, #3405, #6915, #6408, #6476, #6778, #5766, #3838, #6249, #1376, #6202, #8384, #600, #1051, #7800, #646, #3321, #8671, #2371, #3501, #2126, #4413, #3262, #3894, #4847, #4831, #189, #830, #4165, #2063, #3512, #5914, #1756, #6124, #2845, #618, #6941, #7406, #2897, #7517, #1911, #8480, #3415, #4393, #7050, #5009, #6471, #4259, #7304, #3700, #5279, #5459, #1338, #2483, #1303, #3506, #564, #6861, #1461, #4287, #3347, #1193, #99, #2930, #2928, #6192, #732, #7962, #1072, #3152, #7911, #7541, #2239, #961, #2412, #874, #3183, #2031, #7268, #5159, #3597, #2469, #6677, #8465, #1151, #5502, #1639, #3981, #162, #4741, #5594, #2976, #3994, #373, #8160, #8310, #6614, #1907, #6495, #3453, #3174, #6777, #7026, #4956, #5893, #269, #88, #5885, #2599, #853, #2459, #7935, #2548, #3007, #5270, #1471, #448, #3910, #1960, #2618, #7023, #1863, #1257, #5955, #6375, #578, #5680, #5535, #1329 ) ) ;
#2777 = CARTESIAN_POINT ( 'NONE',  ( -39.34670562870628174, 89.50000000000005684, 11.51735904205317240 ) ) ;
#2778 = EDGE_CURVE ( 'NONE', #5388, #6577, #684, .T. ) ;
#2779 = CARTESIAN_POINT ( 'NONE',  ( -59.42990529425991042, 89.99999999999998579, 4.887963075514661249 ) ) ;
#2780 = DIRECTION ( 'NONE',  ( -1.000000000000000000, 0.000000000000000000, 0.000000000000000000 ) ) ;
#2781 = ORIENTED_EDGE ( 'NONE', *, *, #553, .T. ) ;
#2782 = CARTESIAN_POINT ( 'NONE',  ( -52.56435495636056743, 87.50000000000002842, 6.579259903170996182 ) ) ;
#2783 = EDGE_LOOP ( 'NONE', ( #5573, #1137, #4853, #7535, #554 ) ) ;
#2784 = VECTOR ( 'NONE', #4693, 1000.000000000000000 ) ;
#2785 = DIRECTION ( 'NONE',  ( 0.000000000000000000, -0.000000000000000000, 1.000000000000000000 ) ) ;
#2786 = ORIENTED_EDGE ( 'NONE', *, *, #3787, .T. ) ;
#2787 = B_SPLINE_CURVE_WITH_KNOTS ( 'NONE', 3,
 ( #8443, #4979, #6903, #2274, #2178, #7040 ),
 .UNSPECIFIED., .F., .F.,
 ( 4, 2, 4 ),
 ( 0.000000000000000000, 0.005277243678041304564, 0.01055448735608260913 ),
 .UNSPECIFIED. ) ;
#2788 = CARTESIAN_POINT ( 'NONE',  ( 54.50150509059232462, 77.00000000000000000, 15.00000000000000178 ) ) ;
#2789 = DIRECTION ( 'NONE',  ( 0.6171070287204429849, -0.7868792252333433046, 0.000000000000000000 ) ) ;
#2790 = FACE_BOUND ( 'NONE', #8656, .T. ) ;
#2791 = AXIS2_PLACEMENT_3D ( 'NONE', #7750, #7568, #2881 ) ;
#2792 = VECTOR ( 'NONE', #2632, 1000.000000000000000 ) ;
#2793 = CARTESIAN_POINT ( 'NONE',  ( -47.02388709753234508, 89.99999999999997158, 10.92212893949340469 ) ) ;
#2794 = CARTESIAN_POINT ( 'NONE',  ( -47.71562752947717456, 89.99999999999994316, 13.52020323892412179 ) ) ;
#2795 = CARTESIAN_POINT ( 'NONE',  ( -40.26999999992409585, 89.99999999999998579, 10.67000000000002657 ) ) ;
#2796 = CARTESIAN_POINT ( 'NONE',  ( -38.37017454866743549, 89.99999999999997158, 12.31996239215092537 ) ) ;
#2797 = ORIENTED_EDGE ( 'NONE', *, *, #6700, .T. ) ;
#2798 = CARTESIAN_POINT ( 'NONE',  ( -70.56677625407286314, 85.59861640489536683, 11.08445471095074630 ) ) ;
#2799 = CARTESIAN_POINT ( 'NONE',  ( 0.8999999999999968026, 83.09999999999999432, 12.50000000000000000 ) ) ;
#2800 =( BOUNDED_CURVE ( )  B_SPLINE_CURVE ( 3, ( #8842, #2765, #4120, #4845 ),
 .UNSPECIFIED., .F., .F. ) 
 B_SPLINE_CURVE_WITH_KNOTS ( ( 4, 4 ),
 ( 1.570796326794897002, 1.925911124230476057 ),
 .UNSPECIFIED. ) 
 CURVE ( )  GEOMETRIC_REPRESENTATION_ITEM ( )  RATIONAL_B_SPLINE_CURVE ( ( 1.000000000000000000, 0.9895187035110177831, 0.9895187035110177831, 1.000000000000000000 ) ) 
 REPRESENTATION_ITEM ( '' )  );
#2801 = CARTESIAN_POINT ( 'NONE',  ( -91.30463129092650831, 81.17681158720786527, 16.74375052957494958 ) ) ;
#2802 = CARTESIAN_POINT ( 'NONE',  ( -56.31778033840406295, 89.34485357832086549, 5.059775816021542916 ) ) ;
#2803 = EDGE_CURVE ( 'NONE', #1128, #6619, #5494, .T. ) ;
#2804 = AXIS2_PLACEMENT_3D ( 'NONE', #351, #485, #5977 ) ;
#2805 = CARTESIAN_POINT ( 'NONE',  ( 92.92882814877252429, 80.03128122033655245, 13.93660043335644083 ) ) ;
#2806 = CARTESIAN_POINT ( 'NONE',  ( -92.28006199117881181, 80.62940049957745714, 15.64951592159220795 ) ) ;
#2807 = CARTESIAN_POINT ( 'NONE',  ( 59.09004437199338611, 89.34485357832083707, 2.630889460733491614 ) ) ;
#2808 = CARTESIAN_POINT ( 'NONE',  ( 73.30781616085444341, 85.08133144071939569, 9.272839068812052332 ) ) ;
#2809 = DIRECTION ( 'NONE',  ( 1.000000000000000000, 0.000000000000000000, 0.000000000000000000 ) ) ;
#2810 = CARTESIAN_POINT ( 'NONE',  ( -91.45022761987058857, 81.50606786014444083, 16.24707239032383299 ) ) ;
#2811 = AXIS2_PLACEMENT_3D ( 'NONE', #7632, #5478, #8265 ) ;
#2812 = LINE ( 'NONE', #4890, #7830 ) ;
#2813 = ORIENTED_EDGE ( 'NONE', *, *, #411, .T. ) ;
#2814 = CARTESIAN_POINT ( 'NONE',  ( -49.91712316401239491, 89.99999999999998579, 9.404555839258129879 ) ) ;
#2815 = ORIENTED_EDGE ( 'NONE', *, *, #301, .T. ) ;
#2816 = CARTESIAN_POINT ( 'NONE',  ( -47.95585346288862638, 86.00000000000000000, 11.42836254024802578 ) ) ;
#2817 = DIRECTION ( 'NONE',  ( 1.000000000000000000, 0.000000000000000000, 0.000000000000000000 ) ) ;
#2818 = ORIENTED_EDGE ( 'NONE', *, *, #7471, .F. ) ;
#2819 = DIRECTION ( 'NONE',  ( 1.000000000000000000, 0.000000000000000000, 0.000000000000000000 ) ) ;
#2820 = EDGE_CURVE ( 'NONE', #8428, #327, #3445, .T. ) ;
#2821 = CIRCLE ( 'NONE', #3394, 1.000000000000000888 ) ;
#2822 = AXIS2_PLACEMENT_3D ( 'NONE', #838, #6324, #7663 ) ;
#2823 = CARTESIAN_POINT ( 'NONE',  ( -39.48449400340741988, 89.99999999999994316, 14.30115136602155701 ) ) ;
#2824 = AXIS2_PLACEMENT_3D ( 'NONE', #8444, #5027, #2748 ) ;
#2825 = CARTESIAN_POINT ( 'NONE',  ( -30.00000000000000000, 86.59999999999999432, 8.397725512736064601 ) ) ;
#2826 = FACE_OUTER_BOUND ( 'NONE', #5813, .T. ) ;
#2827 = ORIENTED_EDGE ( 'NONE', *, *, #7264, .F. ) ;
#2828 = DIRECTION ( 'NONE',  ( -1.000000000000000000, 0.000000000000000000, 0.000000000000000000 ) ) ;
#2829 = AXIS2_PLACEMENT_3D ( 'NONE', #4376, #4234, #2923 ) ;
#2830 = CARTESIAN_POINT ( 'NONE',  ( -56.10552595010847909, 89.34485357832086549, 5.180783711632868993 ) ) ;
#2831 = ORIENTED_EDGE ( 'NONE', *, *, #6807, .T. ) ;
#2832 = B_SPLINE_CURVE_WITH_KNOTS ( 'NONE', 3,
 ( #6979, #3471, #1584, #775, #6178, #691, #8375, #8426, #824, #4238, #6217, #2209, #8, #2747, #8243, #2075, #5634, #4825, #4871, #3571, #6930, #2123, #51, #6312, #5546, #4188, #1404, #102 ),
 .UNSPECIFIED., .F., .F.,
 ( 4, 2, 2, 2, 2, 2, 2, 2, 2, 2, 2, 2, 2, 4 ),
 ( 0.006535648633647008800, 0.007375241079662525970, 0.007795037302670275448, 0.008214833525678024925, 0.008634629748685774403, 0.009054425971693522146, 0.009894018417709017632, 0.01031381464071674629, 0.01073361086372447495, 0.01115340708673220188, 0.01157320330973992881, 0.01241279575575535490, 0.01283259197876306101, 0.01325238820177076886 ),
 .UNSPECIFIED. ) ;
#2833 = CARTESIAN_POINT ( 'NONE',  ( 11.26825767104127429, 86.00000000000001421, 8.399999999999995026 ) ) ;
#2834 = LINE ( 'NONE', #2456, #8205 ) ;
#2835 = CARTESIAN_POINT ( 'NONE',  ( -92.83734982062540553, 80.34712377603550237, 13.42783295930791709 ) ) ;
#2836 = EDGE_LOOP ( 'NONE', ( #7741, #6869, #5513, #6698 ) ) ;
#2837 = VECTOR ( 'NONE', #6918, 1000.000000000000000 ) ;
#2838 = CARTESIAN_POINT ( 'NONE',  ( 59.99999999999999289, 87.50000000000000000, 4.133642548916050430 ) ) ;
#2839 = CARTESIAN_POINT ( 'NONE',  ( -47.97002044612595739, 89.99999999999998579, 12.54030955063388397 ) ) ;
#2840 = CARTESIAN_POINT ( 'NONE',  ( 95.14494239437750878, 75.33172216039557156, -15.00000000000000000 ) ) ;
#2841 = DIRECTION ( 'NONE',  ( 1.000000000000000000, 0.000000000000000000, 0.000000000000000000 ) ) ;
#2842 = EDGE_LOOP ( 'NONE', ( #593, #5801, #2168, #8500 ) ) ;
#2843 = CARTESIAN_POINT ( 'NONE',  ( 26.99999999999999645, 85.99999999999997158, 8.400000000000000355 ) ) ;
#2844 = CARTESIAN_POINT ( 'NONE',  ( -58.28511183096237147, 89.51725080177702409, 4.165833227164358554 ) ) ;
#2845 = ADVANCED_FACE ( 'NONE', ( #7561 ), #7555, .F. ) ;
#2846 = CARTESIAN_POINT ( 'NONE',  ( 58.80336830629715195, 89.68386317819924614, 4.288387694131740702 ) ) ;
#2847 = EDGE_CURVE ( 'NONE', #8884, #1934, #4140, .T. ) ;
#2848 = DIRECTION ( 'NONE',  ( 0.000000000000000000, -0.000000000000000000, -1.000000000000000000 ) ) ;
#2849 = CARTESIAN_POINT ( 'NONE',  ( -46.42691992129123690, 89.34485357832083707, 7.719883199565852117 ) ) ;
#2850 = CARTESIAN_POINT ( 'NONE',  ( 0.000000000000000000, 0.000000000000000000, 14.20000000000000107 ) ) ;
#2851 = CARTESIAN_POINT ( 'NONE',  ( 92.50180882792329840, 76.66222119013517045, 15.20029144556019851 ) ) ;
#2852 = ORIENTED_EDGE ( 'NONE', *, *, #7964, .T. ) ;
#2853 = CARTESIAN_POINT ( 'NONE',  ( 58.01259245387412733, 89.34485357832086549, 3.765688454320901712 ) ) ;
#2854 = CYLINDRICAL_SURFACE ( 'NONE', #7285, 0.5000000000000004441 ) ;
#2855 = CARTESIAN_POINT ( 'NONE',  ( 59.41310814103970017, 89.87938524157181064, 4.424180496369286786 ) ) ;
#2856 = CARTESIAN_POINT ( 'NONE',  ( -90.82665997051090301, 81.97205951894113696, 16.48168451791102029 ) ) ;
#2857 = CARTESIAN_POINT ( 'NONE',  ( -90.31400697876470929, 81.86929957979566552, 16.99999999999998934 ) ) ;
#2858 = ORIENTED_EDGE ( 'NONE', *, *, #7848, .F. ) ;
#2859 = CARTESIAN_POINT ( 'NONE',  ( -45.64075747032758557, 89.99999999999995737, 9.983124850630900937 ) ) ;
#2860 = EDGE_LOOP ( 'NONE', ( #2827, #5272, #5305, #8122, #3492 ) ) ;
#2861 = CARTESIAN_POINT ( 'NONE',  ( -46.06999999992410011, 89.99999999999997158, 14.46999999999996867 ) ) ;
#2862 = CARTESIAN_POINT ( 'NONE',  ( -39.71220939057681676, 85.99999999999992895, 10.43726416004441582 ) ) ;
#2863 = ORIENTED_EDGE ( 'NONE', *, *, #7627, .T. ) ;
#2864 = CARTESIAN_POINT ( 'NONE',  ( -64.12613265671315332, 89.99135562948825395, 5.571343561824666502 ) ) ;
#2865 = CARTESIAN_POINT ( 'NONE',  ( 92.29437860831626494, 77.11633288412443221, -15.00000000000000000 ) ) ;
#2866 = EDGE_CURVE ( 'NONE', #5071, #5031, #8424, .T. ) ;
#2867 = EDGE_CURVE ( 'NONE', #8352, #6156, #6212, .T. ) ;
#2868 = CARTESIAN_POINT ( 'NONE',  ( -38.39515514335544566, 89.99999999999998579, 12.26028688664594313 ) ) ;
#2869 = CARTESIAN_POINT ( 'NONE',  ( -59.59090256777334815, 90.00000000000004263, 4.718260529030951389 ) ) ;
#2870 = CARTESIAN_POINT ( 'NONE',  ( 0.000000000000000000, 86.00000000000000000, -15.00000000000000000 ) ) ;
#2871 = ORIENTED_EDGE ( 'NONE', *, *, #6044, .T. ) ;
#2872 = DIRECTION ( 'NONE',  ( -0.000000000000000000, 0.000000000000000000, -1.000000000000000000 ) ) ;
#2873 = CARTESIAN_POINT ( 'NONE',  ( -56.92137921484156493, 89.34485357832090813, 4.676718347926800412 ) ) ;
#2874 = ORIENTED_EDGE ( 'NONE', *, *, #5715, .T. ) ;
#2875 = CARTESIAN_POINT ( 'NONE',  ( -32.78569568029816850, 89.99999999999980105, 10.55224872561990956 ) ) ;
#2876 = DIRECTION ( 'NONE',  ( -0.000000000000000000, -0.000000000000000000, 1.000000000000000000 ) ) ;
#2877 = VERTEX_POINT ( 'NONE', #1349 ) ;
#2878 = CARTESIAN_POINT ( 'NONE',  ( 25.04923587720140432, 72.89499890963153916, 36.88536684330890125 ) ) ;
#2879 = CARTESIAN_POINT ( 'NONE',  ( 54.49999999999998579, 80.00000000000000000, 15.00000000000000178 ) ) ;
#2880 = CARTESIAN_POINT ( 'NONE',  ( -11.00000001474446520, 89.50000000000000000, 17.00000000000002487 ) ) ;
#2881 = DIRECTION ( 'NONE',  ( -1.000000000000000000, 0.000000000000000000, 0.000000000000000000 ) ) ;
#2882 = CARTESIAN_POINT ( 'NONE',  ( 37.11000000008891675, 83.09999999994768416, 13.85000000000000675 ) ) ;
#2883 = CIRCLE ( 'NONE', #4334, 1.424999999999948752 ) ;
#2884 = VERTEX_POINT ( 'NONE', #2788 ) ;
#2885 = ORIENTED_EDGE ( 'NONE', *, *, #5115, .T. ) ;
#2886 = ORIENTED_EDGE ( 'NONE', *, *, #5708, .T. ) ;
#2887 = CARTESIAN_POINT ( 'NONE',  ( -70.84948703582435314, 85.53367108451196543, 10.18211757313411603 ) ) ;
#2888 = DIRECTION ( 'NONE',  ( 1.000000000000000000, 0.000000000000000000, 0.000000000000000000 ) ) ;
#2889 = DIRECTION ( 'NONE',  ( -1.000000000000000000, 0.000000000000000000, 0.000000000000000000 ) ) ;
#2890 = CARTESIAN_POINT ( 'NONE',  ( -60.95150547821035047, 89.50000000000000000, 4.348073569431018193 ) ) ;
#2891 = CARTESIAN_POINT ( 'NONE',  ( -52.63379492479050015, 89.34485357832082286, 6.557849541680354832 ) ) ;
#2892 = EDGE_CURVE ( 'NONE', #8554, #5367, #8596, .T. ) ;
#2893 = DIRECTION ( 'NONE',  ( -3.469446951953611428E-15, 1.000000000000000000, 0.000000000000000000 ) ) ;
#2894 = CARTESIAN_POINT ( 'NONE',  ( 37.66139843986672275, 89.34485357832082286, 8.313402995911093996 ) ) ;
#2895 = VERTEX_POINT ( 'NONE', #4183 ) ;
#2896 = B_SPLINE_CURVE_WITH_KNOTS ( 'NONE', 3,
 ( #984, #5793, #8536, #8710 ),
 .UNSPECIFIED., .F., .F.,
 ( 4, 4 ),
 ( 8.673617379884035472E-19, 0.01102297330037910195 ),
 .UNSPECIFIED. ) ;
#2897 = ADVANCED_FACE ( 'NONE', ( #636 ), #5225, .T. ) ;
#2898 = CARTESIAN_POINT ( 'NONE',  ( 53.13843589074910057, 89.34485357832093655, 6.408075503122998562 ) ) ;
#2899 = CARTESIAN_POINT ( 'NONE',  ( 73.91006958787863823, 84.96865958655666873, 9.575568114425932364 ) ) ;
#2900 = CARTESIAN_POINT ( 'NONE',  ( 93.03352456396245884, 80.16181012536208073, 12.01343122975534072 ) ) ;
#2901 = CARTESIAN_POINT ( 'NONE',  ( 69.88039840221148324, 85.74853852515569486, 13.58995355962748341 ) ) ;
#2902 = CARTESIAN_POINT ( 'NONE',  ( -61.56575558237681633, 90.00000000000001421, 4.999040321829595790 ) ) ;
#2903 = B_SPLINE_CURVE_WITH_KNOTS ( 'NONE', 3,
 ( #7006, #5790, #7141, #6466, #7044, #8533, #3088, #7728, #2368, #6507, #5119, #5658, #6379, #891, #7862, #7179, #3764, #347, #3590, #6333, #172, #2907, #8403, #2235 ),
 .UNSPECIFIED., .F., .F.,
 ( 4, 2, 2, 2, 2, 2, 2, 2, 2, 2, 2, 4 ),
 ( 0.0005752755156561043881, 0.001108215991544341493, 0.001641156467432578273, 0.002707037419209054434, 0.004838799322762007624, 0.005904680274538484652, 0.006970561226314959946, 0.009102323129867893187, 0.01336584693697375967, 0.01762937074407962615, 0.02615641835829135911, 0.03468346597250308860 ),
 .UNSPECIFIED. ) ;
#2904 = VECTOR ( 'NONE', #7280, 1000.000000000000000 ) ;
#2905 = ORIENTED_EDGE ( 'NONE', *, *, #2667, .T. ) ;
#2906 = DIRECTION ( 'NONE',  ( -0.000000000000000000, 0.000000000000000000, 1.000000000000000000 ) ) ;
#2907 = CARTESIAN_POINT ( 'NONE',  ( 32.74426023806569930, 89.99999999999998579, 10.55226427357635544 ) ) ;
#2908 = CARTESIAN_POINT ( 'NONE',  ( 59.68750093188134542, 90.00000000000000000, 4.616439001140727250 ) ) ;
#2909 = CARTESIAN_POINT ( 'NONE',  ( -15.38061663056503825, 68.75150446665328730, 12.50000000000000000 ) ) ;
#2910 = VERTEX_POINT ( 'NONE', #7918 ) ;
#2911 = DIRECTION ( 'NONE',  ( -0.000000000000000000, -0.000000000000000000, -1.000000000000000000 ) ) ;
#2912 = LINE ( 'NONE', #7184, #5818 ) ;
#2913 = CARTESIAN_POINT ( 'NONE',  ( -38.90335354471544349, 89.99999999999995737, 13.89032593872898147 ) ) ;
#2914 = CARTESIAN_POINT ( 'NONE',  ( -53.30994722796516783, 90.00000000000001421, 8.235959407123877085 ) ) ;
#2915 = DIRECTION ( 'NONE',  ( -1.000000000000000000, 0.000000000000000000, 0.000000000000000000 ) ) ;
#2916 = ORIENTED_EDGE ( 'NONE', *, *, #2279, .F. ) ;
#2917 = CARTESIAN_POINT ( 'NONE',  ( -64.62500000101003650, 89.49999999999998579, 16.99999999999999289 ) ) ;
#2918 = CARTESIAN_POINT ( 'NONE',  ( -56.49007184936190384, 89.34485357832087971, 4.956305052066799277 ) ) ;
#2919 = AXIS2_PLACEMENT_3D ( 'NONE', #1158, #3897, #6641 ) ;
#2920 = ORIENTED_EDGE ( 'NONE', *, *, #1691, .F. ) ;
#2921 = CARTESIAN_POINT ( 'NONE',  ( -57.79218999504757193, 89.87938512945223124, 5.887811818573285727 ) ) ;
#2922 = CARTESIAN_POINT ( 'NONE',  ( -50.49999999999998579, 85.99999999999998579, 13.10000000000000142 ) ) ;
#2923 = DIRECTION ( 'NONE',  ( -1.000000000000000000, 0.000000000000000000, 0.000000000000000000 ) ) ;
#2924 = CARTESIAN_POINT ( 'NONE',  ( -50.70383573368959418, 86.76139852555269272, 7.034723739062341608 ) ) ;
#2925 = CIRCLE ( 'NONE', #4522, 1.000000000000000888 ) ;
#2926 = CARTESIAN_POINT ( 'NONE',  ( -46.31841947515407298, 89.99999999999994316, 14.45471066141313088 ) ) ;
#2927 = LINE ( 'NONE', #7610, #6246 ) ;
#2928 = ADVANCED_FACE ( 'NONE', ( #5347 ), #362, .T. ) ;
#2929 = CARTESIAN_POINT ( 'NONE',  ( -39.42768093141496877, 89.99999999999998579, 10.86238645507033418 ) ) ;
#2930 = ADVANCED_FACE ( 'NONE', ( #4591 ), #3866, .F. ) ;
#2931 = EDGE_LOOP ( 'NONE', ( #8863, #2233, #1627, #4464 ) ) ;
#2932 = ORIENTED_EDGE ( 'NONE', *, *, #4577, .F. ) ;
#2933 = CARTESIAN_POINT ( 'NONE',  ( -73.91006958787862402, 84.96865958655666873, 9.575568114425932364 ) ) ;
#2934 = CARTESIAN_POINT ( 'NONE',  ( 28.53457416728500462, 89.99999999999968736, -15.00000000000000355 ) ) ;
#2935 = CIRCLE ( 'NONE', #5965, 0.5000000000000004441 ) ;
#2936 = ADVANCED_FACE ( 'NONE', ( #1926 ), #1169, .F. ) ;
#2937 = DIRECTION ( 'NONE',  ( 0.000000000000000000, 0.000000000000000000, -1.000000000000000000 ) ) ;
#2938 = CARTESIAN_POINT ( 'NONE',  ( -47.39621038512630946, 89.50000000000002842, 12.12090394334288490 ) ) ;
#2939 = CARTESIAN_POINT ( 'NONE',  ( -55.74206179998265753, 89.34485357832085128, 5.374184739885434325 ) ) ;
#2940 = DIRECTION ( 'NONE',  ( 0.000000000000000000, 0.000000000000000000, 1.000000000000000000 ) ) ;
#2941 = CARTESIAN_POINT ( 'NONE',  ( 26.99999999999998934, 89.34485357832085128, 8.400000000000000355 ) ) ;
#2942 = EDGE_LOOP ( 'NONE', ( #7655, #417, #4166, #4089 ) ) ;
#2943 = CARTESIAN_POINT ( 'NONE',  ( 56.17695511687977472, 89.34485357832083707, 5.140772713469187849 ) ) ;
#2944 = CARTESIAN_POINT ( 'NONE',  ( 71.61329558224232983, 85.39418943626736791, 9.420418425631620352 ) ) ;
#2945 = DIRECTION ( 'NONE',  ( -1.000000000000000000, 0.000000000000000000, 0.000000000000000000 ) ) ;
#2946 = CARTESIAN_POINT ( 'NONE',  ( 68.77880170320153752, 85.86464026998875454, 13.47310343939472865 ) ) ;
#2947 = CARTESIAN_POINT ( 'NONE',  ( -46.25325957138349509, 89.50000000000005684, 11.16999999999999993 ) ) ;
#2948 = AXIS2_PLACEMENT_3D ( 'NONE', #3586, #2277, #7768 ) ;
#2949 = ORIENTED_EDGE ( 'NONE', *, *, #3843, .T. ) ;
#2950 = EDGE_CURVE ( 'NONE', #3929, #4081, #1118, .T. ) ;
#2951 = DIRECTION ( 'NONE',  ( -1.000000000000000000, 0.000000000000000000, 0.000000000000000000 ) ) ;
#2952 = VERTEX_POINT ( 'NONE', #6570 ) ;
#2953 = CARTESIAN_POINT ( 'NONE',  ( 59.35741211341186130, 89.99999999999998579, 4.964278211165901844 ) ) ;
#2954 = CARTESIAN_POINT ( 'NONE',  ( -91.62754580886613098, 81.36669976700150642, 16.09575863100329940 ) ) ;
#2955 = ORIENTED_EDGE ( 'NONE', *, *, #7156, .F. ) ;
#2956 = CARTESIAN_POINT ( 'NONE',  ( -40.26999999992408874, 86.59999999999999432, 14.76999999999999602 ) ) ;
#2957 = CARTESIAN_POINT ( 'NONE',  ( 28.53457416728500462, 85.99999999999968736, -15.00000000000000355 ) ) ;
#2958 = AXIS2_PLACEMENT_3D ( 'NONE', #6653, #8048, #7326 ) ;
#2959 = EDGE_CURVE ( 'NONE', #6169, #5617, #5902, .T. ) ;
#2960 = CARTESIAN_POINT ( 'NONE',  ( -39.83637284677272561, 89.99999999999994316, 14.42089608155407809 ) ) ;
#2961 = CARTESIAN_POINT ( 'NONE',  ( -57.58999350830833208, 89.99999999999997158, 6.391789741039673345 ) ) ;
#2962 = DIRECTION ( 'NONE',  ( -0.000000000000000000, -0.000000000000000000, 1.000000000000000000 ) ) ;
#2963 = B_SPLINE_SURFACE_WITH_KNOTS ( 'NONE', 1, 3, ( 
 ( #3753, #7894, #4300, #8478, #250, #2311, #1685, #1731, #1637, #7168, #1594, #6541, #5061, #4971, #8387, #334, #4471, #7208, #1049, #4342, #379, #3120, #7707, #7035, #2220, #1548, #877, #6411, #3622, #7802, #6363, #202, #4391, #2938, #5689, #8435, #3713, #7076, #921, #3669, #2988, #5736, #7124, #967, #292, #3031, #8063, #8025, #6671, #1942, #7342, #1227, #6045, #8652, #7439, #3924, #2485, #1861, #5234, #6585, #1185, #3970, #1271, #4606, #7254, #5365, #3297, #8741, #4015, #516, #1819, #6759, #3253, #6006, #2615, #8780, #4565, #4694, #426, #1773, #2571, #5961, #3840, #1899, #8109, #7979, #601, #7302, #6719, #1144 ),
 ( #5873, #5191, #5321, #8609, #3882, #6628, #469, #3207, #2442, #4647, #7936, #1099, #2528, #7386, #562, #4516, #3165, #8699, #5918, #5281, #100, #6890, #2165, #7, #4145, #7650, #6847, #1985, #8197, #1488, #1357, #2028, #690, #774, #1403, #6084, #7479, #2746, #4824, #6929, #50, #6978, #4100, #4237, #2839, #5590, #729, #4913, #5499, #3470, #3338, #3430, #4736, #4780, #8823, #2706, #8286, #6216, #1443, #1312, #2794, #6177, #3519, #2660, #5545, #4056, #7522, #2122, #7609, #4870, #8242, #4187, #6263, #7566, #8332, #5410, #8156, #2074, #6802, #643, #3383, #6133, #8872, #5454, #1583, #5809, #2926, #282, #7835, #5679 ) ),
 .UNSPECIFIED., .F., .F., .F.,
 ( 2, 2 ),
 ( 4, 2, 2, 2, 2, 2, 2, 2, 2, 2, 2, 2, 2, 2, 2, 2, 2, 2, 2, 2, 2, 2, 2, 2, 2, 2, 2, 2, 2, 2, 2, 2, 2, 2, 2, 2, 2, 2, 2, 2, 2, 2, 2, 2, 4 ),
 ( 0.000000000000000000, 1.000000000000000000 ),
 ( 0.000000000000000000, 0.0001855952902874097657, 0.0003711905805748195314, 0.0005567858708622292971, 0.0007423811611496390628, 0.0009279764514370488285, 0.001113571741724458594, 0.001299167032011868360, 0.001391964677155573243, 0.001484762322299278126, 0.001577559967442983008, 0.001670357612586687891, 0.001855952902874097657, 0.002041548193161507423, 0.002134345838305212305, 0.002227143483448917188, 0.002319941128592622071, 0.002412738773736326954, 0.002598334064023736720, 0.002691131709167441603, 0.002783929354311146485, 0.002876726999454851368, 0.002969524644598556251, 0.003155119934885966017, 0.003247917580029670900, 0.003340715225173375783, 0.003433512870317080665, 0.003526310515460785548, 0.003711905805748195314, 0.003897501096035605080, 0.003990298741179310396, 0.004083096386323014845, 0.004268691676610424611, 0.004454286966897834377, 0.004547084612041538826, 0.004639882257185244142, 0.004732679902328949459, 0.004825477547472653908, 0.005011072837760063674, 0.005196668128047473439, 0.005289465773191177889, 0.005382263418334883205, 0.005567858708622292971, 0.005753453998909702737, 0.005939049289197112502 ),
 .UNSPECIFIED. ) ;
#2964 = EDGE_LOOP ( 'NONE', ( #2211, #7690, #5611, #4520 ) ) ;
#2965 = FACE_OUTER_BOUND ( 'NONE', #4555, .T. ) ;
#2966 = CARTESIAN_POINT ( 'NONE',  ( -69.03176094035706001, 85.76201259989007042, 9.782258562664898349 ) ) ;
#2967 = VECTOR ( 'NONE', #5255, 1000.000000000000000 ) ;
#2968 = ORIENTED_EDGE ( 'NONE', *, *, #6745, .T. ) ;
#2969 = CARTESIAN_POINT ( 'NONE',  ( -57.57810883475784181, 90.00000000000001421, 6.837262702399018899 ) ) ;
#2970 = DIRECTION ( 'NONE',  ( -1.000000000000000000, 0.000000000000000000, 0.000000000000000000 ) ) ;
#2971 = EDGE_CURVE ( 'NONE', #1703, #7451, #1288, .T. ) ;
#2972 = AXIS2_PLACEMENT_3D ( 'NONE', #6366, #5555, #6277 ) ;
#2973 = PLANE ( 'NONE',  #8012 ) ;
#2974 = CARTESIAN_POINT ( 'NONE',  ( -51.09520986528612951, 87.20034813426721598, 6.948925970851946410 ) ) ;
#2975 = CARTESIAN_POINT ( 'NONE',  ( 72.00057539316630084, 84.26388072135330276, 11.22215175600951831 ) ) ;
#2976 = ADVANCED_FACE ( 'NONE', ( #6113 ), #8179, .F. ) ;
#2977 = CARTESIAN_POINT ( 'NONE',  ( 28.53457416728500462, 85.99999999999968736, -15.00000000000000355 ) ) ;
#2978 = EDGE_LOOP ( 'NONE', ( #7897, #2592, #2101, #7558, #3573, #5476, #4402, #7902, #7472, #3692, #2306, #1630, #1348, #2488, #7971, #7508, #6357, #1382, #5534, #8904, #4609, #2087, #504, #6199, #5181, #2521, #3289, #6479, #1853, #6769, #7612, #1346, #6097, #5184, #7171, #5847, #7917, #8053, #2125, #5002, #1585, #755, #4091, #8335, #3681, #2769, #1177, #4456, #611, #3661, #590, #3634, #8175, #6037, #6404, #144, #858 ) ) ;
#2979 = VERTEX_POINT ( 'NONE', #6069 ) ;
#2980 = B_SPLINE_CURVE_WITH_KNOTS ( 'NONE', 3,
 ( #2256, #7063, #280, #2298, #319, #3608, #997, #5090, #2338, #236, #4419, #5006 ),
 .UNSPECIFIED., .F., .F.,
 ( 4, 2, 2, 2, 2, 4 ),
 ( 0.000000000000000000, 0.06250000000000049960, 0.09375000000000074940, 0.1250000000000009992, 0.1875000000000008882, 0.2148082156711999535 ),
 .UNSPECIFIED. ) ;
#2981 = ORIENTED_EDGE ( 'NONE', *, *, #2514, .F. ) ;
#2982 = ORIENTED_EDGE ( 'NONE', *, *, #4667, .T. ) ;
#2983 = DIRECTION ( 'NONE',  ( -1.000000000000000000, -0.000000000000000000, -0.000000000000000000 ) ) ;
#2984 = CARTESIAN_POINT ( 'NONE',  ( -59.13095705373877564, 89.78895504081641832, 4.360595002672266851 ) ) ;
#2985 = VECTOR ( 'NONE', #6455, 1000.000000000000000 ) ;
#2986 = CARTESIAN_POINT ( 'NONE',  ( -20.63974414698166626, 69.01111874706155902, 14.20000000000000107 ) ) ;
#2987 = PLANE ( 'NONE',  #8680 ) ;
#2988 = CARTESIAN_POINT ( 'NONE',  ( -47.46109982743104183, 89.50000000000002842, 12.41070721589230352 ) ) ;
#2989 = CARTESIAN_POINT ( 'NONE',  ( -42.00670909684822618, 89.34485357832093655, 8.106895743527148923 ) ) ;
#2990 = CARTESIAN_POINT ( 'NONE',  ( -11.73045664315804970, 77.61187912500518848, 14.20000000000000107 ) ) ;
#2991 = DIRECTION ( 'NONE',  ( 1.000000000000000000, 0.000000000000000000, 0.000000000000000000 ) ) ;
#2992 = VERTEX_POINT ( 'NONE', #6875 ) ;
#2993 = CARTESIAN_POINT ( 'NONE',  ( 50.73127401634462785, 89.34485357832087971, 7.028929525120894084 ) ) ;
#2994 = DIRECTION ( 'NONE',  ( 1.000000000000000000, 0.000000000000000000, 0.000000000000000000 ) ) ;
#2995 = CYLINDRICAL_SURFACE ( 'NONE', #4844, 1.499999999999994449 ) ;
#2996 = CARTESIAN_POINT ( 'NONE',  ( -60.11977948795215809, 90.00000000000000000, 4.673175535269097125 ) ) ;
#2997 = CARTESIAN_POINT ( 'NONE',  ( -64.20490531849810623, 89.49184502893726290, 5.081258888771761129 ) ) ;
#2998 = B_SPLINE_CURVE_WITH_KNOTS ( 'NONE', 3,
 ( #7139, #7005, #4312, #890 ),
 .UNSPECIFIED., .F., .F.,
 ( 4, 4 ),
 ( 0.000000000000000000, 0.0006040322960282143178 ),
 .UNSPECIFIED. ) ;
#2999 = VERTEX_POINT ( 'NONE', #1337 ) ;
#3000 = CARTESIAN_POINT ( 'NONE',  ( -53.39799418705511869, 89.99999999999998579, 8.587001089451824498 ) ) ;
#3001 = ADVANCED_BREP_SHAPE_REPRESENTATION ( 'R1-L1 Bar REF2010', ( #6592, #4345 ), #7071 ) ;
#3002 = ORIENTED_EDGE ( 'NONE', *, *, #2347, .T. ) ;
#3003 = CARTESIAN_POINT ( 'NONE',  ( 57.70894711557060930, 90.00000000000001421, 6.315647210011888113 ) ) ;
#3004 = CARTESIAN_POINT ( 'NONE',  ( -38.54769881744561388, 85.99999999999997158, 11.19390624544023005 ) ) ;
#3005 = DIRECTION ( 'NONE',  ( 0.000000000000000000, 0.000000000000000000, 1.000000000000000000 ) ) ;
#3006 = DIRECTION ( 'NONE',  ( 0.000000000000000000, 0.000000000000000000, -1.000000000000000000 ) ) ;
#3007 = ADVANCED_FACE ( 'NONE', ( #8224 ), #8317, .T. ) ;
#3008 = CARTESIAN_POINT ( 'NONE',  ( -38.38591541988904510, 89.99999999999995737, 12.81739217136528808 ) ) ;
#3009 = CARTESIAN_POINT ( 'NONE',  ( -47.01120683104431208, 89.99999999999998579, 9.462690335298930222 ) ) ;
#3010 = CARTESIAN_POINT ( 'NONE',  ( -43.06078427922813034, 86.00000000000014211, -15.00000000000000178 ) ) ;
#3011 = VERTEX_POINT ( 'NONE', #4854 ) ;
#3012 = EDGE_CURVE ( 'NONE', #3541, #1824, #7723, .T. ) ;
#3013 = CARTESIAN_POINT ( 'NONE',  ( 66.00000000000093792, 89.49981558091647571, 17.00000000000000000 ) ) ;
#3014 = CARTESIAN_POINT ( 'NONE',  ( 57.77847274142392564, 89.34485360482068472, 3.994102598782102387 ) ) ;
#3015 = VERTEX_POINT ( 'NONE', #3496 ) ;
#3016 = CARTESIAN_POINT ( 'NONE',  ( -59.30245666729049248, 90.00000000000029843, 5.021299579804548330 ) ) ;
#3017 = EDGE_CURVE ( 'NONE', #5532, #3299, #3457, .T. ) ;
#3018 = B_SPLINE_CURVE_WITH_KNOTS ( 'NONE', 3,
 ( #7776, #3728, #3547, #1469 ),
 .UNSPECIFIED., .F., .F.,
 ( 4, 4 ),
 ( 0.000000000000000000, 0.0006040322960282143178 ),
 .UNSPECIFIED. ) ;
#3019 = LINE ( 'NONE', #145, #399 ) ;
#3020 = CARTESIAN_POINT ( 'NONE',  ( 0.000000000000000000, 82.50000000000000000, 15.00000000000000178 ) ) ;
#3021 = CARTESIAN_POINT ( 'NONE',  ( -38.50000000174956938, 90.00000000000001421, 16.50000000000000711 ) ) ;
#3022 = CARTESIAN_POINT ( 'NONE',  ( 27.23653962231430725, 78.80006240345578306, 14.20000000000000107 ) ) ;
#3023 = ORIENTED_EDGE ( 'NONE', *, *, #723, .F. ) ;
#3024 = EDGE_LOOP ( 'NONE', ( #714, #278, #1700, #7188 ) ) ;
#3025 = B_SPLINE_CURVE_WITH_KNOTS ( 'NONE', 3,
 ( #3204, #8606, #4386, #7798, #2395, #7889, #6625, #2348, #3709, #3791, #2481, #6535, #1094, #7165, #1006, #2525, #331, #5913, #3750, #3116, #8647, #288 ),
 .UNSPECIFIED., .F., .F.,
 ( 4, 2, 2, 2, 2, 2, 2, 2, 2, 2, 4 ),
 ( 0.000000000000000000, 0.002193586964840288801, 0.003290380447260423443, 0.004387173929680558519, 0.008774347859361056323, 0.01754869571872205020, 0.02193586964840256795, 0.02412945661324282856, 0.02632304357808308570, 0.03071021750776358611, 0.03509739143744408651 ),
 .UNSPECIFIED. ) ;
#3026 = VERTEX_POINT ( 'NONE', #6160 ) ;
#3027 = CYLINDRICAL_SURFACE ( 'NONE', #4299, 1.000000000000000888 ) ;
#3028 = CARTESIAN_POINT ( 'NONE',  ( -30.10573959671395272, 88.20000000000000284, 8.397484431524821602 ) ) ;
#3029 = FACE_BOUND ( 'NONE', #495, .T. ) ;
#3030 = CARTESIAN_POINT ( 'NONE',  ( 8.804986980587118595, 81.07301891966139351, 15.00000000000000000 ) ) ;
#3031 = CARTESIAN_POINT ( 'NONE',  ( -47.46996890977944616, 89.50000000000009948, 12.61659243671123320 ) ) ;
#3032 = CARTESIAN_POINT ( 'NONE',  ( 58.07577625714868930, 87.50000000000000000, 3.699999999999994849 ) ) ;
#3033 = ADVANCED_FACE ( 'NONE', ( #1253 ), #8899, .F. ) ;
#3034 = CARTESIAN_POINT ( 'NONE',  ( -92.44345693803450104, 80.69385549230570120, 14.75873281400791548 ) ) ;
#3035 = CARTESIAN_POINT ( 'NONE',  ( 91.87777452982135173, 77.18305446903173106, 16.24684844558682428 ) ) ;
#3036 = ORIENTED_EDGE ( 'NONE', *, *, #4776, .T. ) ;
#3037 = CARTESIAN_POINT ( 'NONE',  ( 52.88679125961918004, 89.34485357832080865, 6.484027743922204046 ) ) ;
#3038 = CARTESIAN_POINT ( 'NONE',  ( 2.247776679298902014, 82.50000000000000000, 15.00000000000000178 ) ) ;
#3039 = DIRECTION ( 'NONE',  ( -0.000000000000000000, 0.000000000000000000, 1.000000000000000000 ) ) ;
#3040 = CARTESIAN_POINT ( 'NONE',  ( 91.34754448113328351, 81.58360059977708545, 16.29456383665513641 ) ) ;
#3041 = ORIENTED_EDGE ( 'NONE', *, *, #4216, .T. ) ;
#3042 =( BOUNDED_CURVE ( )  B_SPLINE_CURVE ( 3, ( #5103, #8060, #4734, #1940 ),
 .UNSPECIFIED., .F., .T. ) 
 B_SPLINE_CURVE_WITH_KNOTS ( ( 4, 4 ),
 ( 1.570796326794897002, 1.925911124230476057 ),
 .UNSPECIFIED. ) 
 CURVE ( )  GEOMETRIC_REPRESENTATION_ITEM ( )  RATIONAL_B_SPLINE_CURVE ( ( 1.000000000000000000, 0.9895187035110177831, 0.9895187035110177831, 1.000000000000000000 ) ) 
 REPRESENTATION_ITEM ( '' )  );
#3043 = DIRECTION ( 'NONE',  ( 0.000000000000000000, 0.000000000000000000, -1.000000000000000000 ) ) ;
#3044 = VERTEX_POINT ( 'NONE', #7595 ) ;
#3045 = CARTESIAN_POINT ( 'NONE',  ( 59.23501175403297481, 90.00000000000004263, 5.089657039082049472 ) ) ;
#3046 = CARTESIAN_POINT ( 'NONE',  ( 16.82234849141332589, 86.00000000000000000, 16.99999999999997158 ) ) ;
#3047 = LINE ( 'NONE', #7732, #8268 ) ;
#3048 = LOCAL_TIME ( 19, 36, 11.00000000000000000, #2509 ) ;
#3049 = FACE_OUTER_BOUND ( 'NONE', #151, .T. ) ;
#3050 = CARTESIAN_POINT ( 'NONE',  ( 58.29482222254036827, 88.97834399907510772, 3.749364140274804580 ) ) ;
#3051 = CARTESIAN_POINT ( 'NONE',  ( -54.38781761096731771, 89.99999999999998579, 7.892397811552789300 ) ) ;
#3052 = CARTESIAN_POINT ( 'NONE',  ( -51.99999999999998579, 84.50000000000000000, 17.00403242752945232 ) ) ;
#3053 = CC_DESIGN_APPROVAL ( #7706, ( #4354 ) ) ;
#3054 = VERTEX_POINT ( 'NONE', #757 ) ;
#3055 = CARTESIAN_POINT ( 'NONE',  ( 74.59118626967696741, 88.60502802999724281, 17.00000000000000711 ) ) ;
#3056 = CARTESIAN_POINT ( 'NONE',  ( -68.02037695452530386, 86.12072256739439524, 9.646338738635718002 ) ) ;
#3057 = VERTEX_POINT ( 'NONE', #3999 ) ;
#3058 = CARTESIAN_POINT ( 'NONE',  ( -59.58584984647482941, 90.00000000000000000, 5.235666487336347430 ) ) ;
#3059 = EDGE_CURVE ( 'NONE', #1663, #1844, #6743, .T. ) ;
#3060 = CARTESIAN_POINT ( 'NONE',  ( -39.24715546643152919, 89.50000000000004263, 13.52619834059328241 ) ) ;
#3061 = DIRECTION ( 'NONE',  ( 0.000000000000000000, 0.000000000000000000, 1.000000000000000000 ) ) ;
#3062 = CARTESIAN_POINT ( 'NONE',  ( -5.345529420184391292E-47, 90.00000000000000000, 16.50000000000002842 ) ) ;
#3063 = FACE_OUTER_BOUND ( 'NONE', #6207, .T. ) ;
#3064 = ORIENTED_EDGE ( 'NONE', *, *, #1449, .F. ) ;
#3065 = VECTOR ( 'NONE', #8105, 1000.000000000000000 ) ;
#3066 = VERTEX_POINT ( 'NONE', #1567 ) ;
#3067 = ORIENTED_EDGE ( 'NONE', *, *, #1697, .F. ) ;
#3068 = EDGE_LOOP ( 'NONE', ( #7365, #8089, #7972, #6880, #6923, #7588, #2858, #7161 ) ) ;
#3069 = CARTESIAN_POINT ( 'NONE',  ( 39.75777667939014748, 83.00000000000000000, 17.00000000000001066 ) ) ;
#3071 = CIRCLE ( 'NONE', #5086, 0.5000000000000004441 ) ;
#3070 = CARTESIAN_POINT ( 'NONE',  ( -93.07393536206285489, 76.12354699319395479, 11.65881141610755556 ) ) ;
#3072 = EDGE_CURVE ( 'NONE', #3245, #7510, #3047, .T. ) ;
#3073 = DIRECTION ( 'NONE',  ( -0.9999956462641665933, 0.002950839323296721665, 0.000000000000000000 ) ) ;
#3074 = DIRECTION ( 'NONE',  ( -1.000000000000000000, 0.000000000000000000, 0.000000000000000000 ) ) ;
#3075 = CARTESIAN_POINT ( 'NONE',  ( -28.51250017483374677, 89.34485357832082286, 8.400003390806672243 ) ) ;
#3076 = CARTESIAN_POINT ( 'NONE',  ( -52.12289313991032458, 89.34485357832083707, 6.698598677657630063 ) ) ;
#3077 = VERTEX_POINT ( 'NONE', #3687 ) ;
#3078 = CARTESIAN_POINT ( 'NONE',  ( 54.12077039654187161, 89.34485357832086549, 6.076260961125117710 ) ) ;
#3079 = EDGE_CURVE ( 'NONE', #4355, #6220, #7734, .T. ) ;
#3080 = VECTOR ( 'NONE', #8004, 1000.000000000000000 ) ;
#3081 = CARTESIAN_POINT ( 'NONE',  ( -44.14105789225671117, 85.99999999999998579, 10.37000000000000099 ) ) ;
#3082 = DIRECTION ( 'NONE',  ( -0.000000000000000000, -1.000000000000000000, -0.000000000000000000 ) ) ;
#3083 = CARTESIAN_POINT ( 'NONE',  ( -88.23631601577268668, 83.51857117691302790, 10.49697118705269716 ) ) ;
#3084 = EDGE_CURVE ( 'NONE', #5694, #4997, #8537, .T. ) ;
#3085 = VECTOR ( 'NONE', #5641, 999.9999999999998863 ) ;
#3086 = EDGE_LOOP ( 'NONE', ( #5938, #5579, #7325, #2886 ) ) ;
#3087 = CARTESIAN_POINT ( 'NONE',  ( -59.10838964024579667, 89.78172212262197149, 4.355509216390199612 ) ) ;
#3088 = CARTESIAN_POINT ( 'NONE',  ( 58.84477429425432149, 90.00000000000000000, 5.928118130208140713 ) ) ;
#3089 = B_SPLINE_CURVE_WITH_KNOTS ( 'NONE', 3,
 ( #865, #5631, #819, #5723 ),
 .UNSPECIFIED., .F., .F.,
 ( 4, 4 ),
 ( 8.673617379884035472E-19, 0.01102297330037910195 ),
 .UNSPECIFIED. ) ;
#3090 = CARTESIAN_POINT ( 'NONE',  ( 59.03424025825162857, 90.00000000000000000, 5.284599118924933059 ) ) ;
#3091 = CARTESIAN_POINT ( 'NONE',  ( 0.000000000000000000, 86.00000000000000000, -15.00000000000000000 ) ) ;
#3092 = DIRECTION ( 'NONE',  ( -0.000000000000000000, -0.000000000000000000, -1.000000000000000000 ) ) ;
#3093 = CARTESIAN_POINT ( 'NONE',  ( 44.31741857672444951, 89.34485360493506789, 7.942869873075065534 ) ) ;
#3094 = FACE_OUTER_BOUND ( 'NONE', #7068, .T. ) ;
#3095 = CARTESIAN_POINT ( 'NONE',  ( -39.85324984437892937, 90.00000000000001421, 10.02196551876077812 ) ) ;
#3096 = DIRECTION ( 'NONE',  ( 0.000000000000000000, -0.000000000000000000, -1.000000000000000000 ) ) ;
#3097 = EDGE_LOOP ( 'NONE', ( #2447, #3067, #678, #1903 ) ) ;
#3098 = COORDINATED_UNIVERSAL_TIME_OFFSET ( 1, 0, .AHEAD. ) ;
#3099 = CARTESIAN_POINT ( 'NONE',  ( 58.23247440895020333, 88.95865749663467170, 3.735313453651158966 ) ) ;
#3100 = EDGE_CURVE ( 'NONE', #6844, #6920, #5076, .T. ) ;
#3101 = VERTEX_POINT ( 'NONE', #4267 ) ;
#3102 = CARTESIAN_POINT ( 'NONE',  ( 8.804986980587118595, 81.07301891966139351, 36.88536684330890125 ) ) ;
#3103 = VECTOR ( 'NONE', #3534, 1000.000000000000000 ) ;
#3104 = VECTOR ( 'NONE', #1334, 1000.000000000000000 ) ;
#3105 = CARTESIAN_POINT ( 'NONE',  ( -39.52912007214457191, 89.50000000000005684, 13.75877071801537355 ) ) ;
#3106 = CARTESIAN_POINT ( 'NONE',  ( 50.65587303764903737, 86.67310040062891119, 7.044894698864221816 ) ) ;
#3107 = DIRECTION ( 'NONE',  ( 0.000000000000000000, -1.000000000000000000, 0.000000000000000000 ) ) ;
#3108 = VECTOR ( 'NONE', #6516, 1000.000000000000000 ) ;
#3109 = B_SPLINE_CURVE_WITH_KNOTS ( 'NONE', 3,
 ( #4064, #5329, #5421, #3393 ),
 .UNSPECIFIED., .F., .F.,
 ( 4, 4 ),
 ( 0.000000000000000000, 0.002133940310443218410 ),
 .UNSPECIFIED. ) ;
#3110 = CARTESIAN_POINT ( 'NONE',  ( 38.54508656784853571, 89.87938524348071212, 9.759588888817882335 ) ) ;
#3111 = ORIENTED_EDGE ( 'NONE', *, *, #3557, .T. ) ;
#3112 = ORIENTED_EDGE ( 'NONE', *, *, #1643, .T. ) ;
#3113 = VERTEX_POINT ( 'NONE', #8454 ) ;
#3114 = ORIENTED_EDGE ( 'NONE', *, *, #8398, .F. ) ;
#3115 = CARTESIAN_POINT ( 'NONE',  ( 86.92983547652967502, 84.52239325081612265, 16.47493175562436463 ) ) ;
#3116 = CARTESIAN_POINT ( 'NONE',  ( 90.47484327263599369, 81.52104580401760359, 11.00144509197217957 ) ) ;
#3117 = CIRCLE ( 'NONE', #8856, 3.000000000000002665 ) ;
#3118 = DIRECTION ( 'NONE',  ( -0.08549310740531042285, -0.08616281433108310961, -0.9926061142329980491 ) ) ;
#3119 = CARTESIAN_POINT ( 'NONE',  ( 0.000000000000000000, 86.00000000000000000, 8.400000000000000355 ) ) ;
#3120 = CARTESIAN_POINT ( 'NONE',  ( -47.12362215132053223, 89.50000000000007105, 11.64782507988435079 ) ) ;
#3121 = CARTESIAN_POINT ( 'NONE',  ( -30.02184859616410506, 89.34485357832083707, 8.399981716010158195 ) ) ;
#3122 = CONICAL_SURFACE ( 'NONE', #5418, 1.750000000000001554, 0.7853981633974425058 ) ;
#3123 = VECTOR ( 'NONE', #4545, 1000.000000000000114 ) ;
#3124 = CARTESIAN_POINT ( 'NONE',  ( -50.73127401634462785, 89.34485357832087971, 7.028929525120894084 ) ) ;
#3125 = ORIENTED_EDGE ( 'NONE', *, *, #6402, .T. ) ;
#3126 = EDGE_CURVE ( 'NONE', #3531, #3066, #3018, .T. ) ;
#3127 = VECTOR ( 'NONE', #1671, 1000.000000000000000 ) ;
#3128 = CARTESIAN_POINT ( 'NONE',  ( 61.56575558237681633, 90.00000000000001421, 4.999040321829595790 ) ) ;
#3129 = ORIENTED_EDGE ( 'NONE', *, *, #1127, .T. ) ;
#3130 = CARTESIAN_POINT ( 'NONE',  ( 92.09440833617013311, 77.00705066434413482, 15.97507039694804121 ) ) ;
#3131 = EDGE_CURVE ( 'NONE', #4025, #6674, #555, .T. ) ;
#3132 = DIRECTION ( 'NONE',  ( -1.000000000000000000, 0.000000000000000000, 0.000000000000000000 ) ) ;
#3133 = EDGE_LOOP ( 'NONE', ( #3064, #8688 ) ) ;
#3134 = CARTESIAN_POINT ( 'NONE',  ( -66.00000000000093792, 89.49981558091647571, 17.00000000000000000 ) ) ;
#3135 = EDGE_CURVE ( 'NONE', #5391, #8100, #4401, .T. ) ;
#3136 = DIRECTION ( 'NONE',  ( -0.7880107536067187946, 0.6156614753256623995, -1.045159860549517408E-16 ) ) ;
#3137 = CARTESIAN_POINT ( 'NONE',  ( 35.12936852919445130, 89.99999999999995737, 10.15484728116600088 ) ) ;
#3138 = CARTESIAN_POINT ( 'NONE',  ( -59.17196774028553108, 89.87938524141468122, 4.681039817345634013 ) ) ;
#3139 = LINE ( 'NONE', #7907, #165 ) ;
#3140 = CARTESIAN_POINT ( 'NONE',  ( -54.49999999999998579, 86.00000000000001421, 12.50000000000000000 ) ) ;
#3141 = CARTESIAN_POINT ( 'NONE',  ( -38.14276047496073119, 82.50000000000000000, 17.00000000000004263 ) ) ;
#3142 = VECTOR ( 'NONE', #4642, 1000.000000000000000 ) ;
#3143 = CARTESIAN_POINT ( 'NONE',  ( -40.02158052469410876, 89.99999999999995737, 10.68528933858688035 ) ) ;
#3144 = CARTESIAN_POINT ( 'NONE',  ( -30.02498805227000389, 90.00000000000001421, 10.19998946731680967 ) ) ;
#3145 = CARTESIAN_POINT ( 'NONE',  ( -8.999999999999978684, 90.00000000049955418, 10.20000000230266757 ) ) ;
#3146 = ORIENTED_EDGE ( 'NONE', *, *, #7051, .T. ) ;
#3147 = PERSON_AND_ORGANIZATION_ROLE ( 'creator' ) ;
#3148 = CARTESIAN_POINT ( 'NONE',  ( -69.88039840221148324, 85.74853852515569486, 13.58995355962748341 ) ) ;
#3149 = VERTEX_POINT ( 'NONE', #2956 ) ;
#3150 = CARTESIAN_POINT ( 'NONE',  ( -48.64869171275649506, 86.00000000000000000, 7.424835620533964509 ) ) ;
#3151 = EDGE_CURVE ( 'NONE', #7628, #7150, #653, .T. ) ;
#3152 = ADVANCED_FACE ( 'NONE', ( #7144 ), #6469, .F. ) ;
#3153 =( BOUNDED_SURFACE ( )  B_SPLINE_SURFACE ( 3, 2, ( 
 ( #7343, #5455, #1986 ),
 ( #1228, #6760, #3298 ),
 ( #1186, #6046, #8824 ),
 ( #2707, #4695, #6672 ),
 ( #2029, #4737, #8110 ),
 ( #8198, #8781, #1358 ) ),
 .UNSPECIFIED., .F., .F., .T. ) 
 B_SPLINE_SURFACE_WITH_KNOTS ( ( 4, 2, 4 ),
 ( 3, 3 ),
 ( 0.000000000000000000, 0.0008005208399052234818, 0.001601041679810446964 ),
 ( 0.000000000000000000, 1.000000000000000000 ),
 .UNSPECIFIED. ) 
 GEOMETRIC_REPRESENTATION_ITEM ( )  RATIONAL_B_SPLINE_SURFACE ( (
 ( 1.000000000000000000, 0.8522579104283438678, 1.000000000000000000),
 ( 1.000000000000000000, 0.8325875642296036716, 1.000000000000000000),
 ( 1.000000000000000000, 0.8081410669067556896, 1.000000000000000000),
 ( 1.000000000000000000, 0.7542101675921812909, 1.000000000000000000),
 ( 1.000000000000000000, 0.7247470146280898806, 1.000000000000000000),
 ( 1.000000000000000000, 0.6936898263540209886, 1.000000000000000000) ) ) 
 REPRESENTATION_ITEM ( '' )  SURFACE ( )  );
#3154 = CARTESIAN_POINT ( 'NONE',  ( -39.34638953610237166, 89.50000000000002842, 13.62236447122089444 ) ) ;
#3155 = CARTESIAN_POINT ( 'NONE',  ( 0.000000000000000000, 82.50000000000000000, 15.00000000000000178 ) ) ;
#3156 = CARTESIAN_POINT ( 'NONE',  ( 23.32842712474621294, 86.00000000000000000, 12.50000000000000711 ) ) ;
#3157 = ORIENTED_EDGE ( 'NONE', *, *, #8181, .T. ) ;
#3158 = ORIENTED_EDGE ( 'NONE', *, *, #8226, .F. ) ;
#3159 = ORIENTED_EDGE ( 'NONE', *, *, #69, .F. ) ;
#3160 = DIRECTION ( 'NONE',  ( 0.000000000000000000, 0.000000000000000000, -1.000000000000000000 ) ) ;
#3161 = CARTESIAN_POINT ( 'NONE',  ( -83.99756410243951166, 85.98542411642033301, 16.47333374866598277 ) ) ;
#3162 = CARTESIAN_POINT ( 'NONE',  ( 91.99359921795114303, 81.07306877184704774, 15.66598044605160212 ) ) ;
#3163 = DIRECTION ( 'NONE',  ( -2.847297187420961022E-16, 1.000000000000000000, 0.000000000000000000 ) ) ;
#3164 = CARTESIAN_POINT ( 'NONE',  ( -58.73195875167213842, 89.11641937738025376, 3.847877111763311042 ) ) ;
#3165 = CARTESIAN_POINT ( 'NONE',  ( -47.32347134368138342, 89.99999999999998579, 11.14179107477240294 ) ) ;
#3166 = CARTESIAN_POINT ( 'NONE',  ( 11.00000001474446520, 89.50000000000000000, 17.00000000000002487 ) ) ;
#3167 = CARTESIAN_POINT ( 'NONE',  ( 93.21185735207352252, 76.02346365113758964, 12.18298650181867337 ) ) ;
#3168 = VERTEX_POINT ( 'NONE', #2240 ) ;
#3169 = CARTESIAN_POINT ( 'NONE',  ( 80.19109678833943633, 87.15205661530566772, 8.683902730060584219 ) ) ;
#3170 = VERTEX_POINT ( 'NONE', #2287 ) ;
#3171 = B_SPLINE_SURFACE_WITH_KNOTS ( 'NONE', 3, 1, ( 
 ( #4821, #4691 ),
 ( #6041, #1983 ),
 ( #1351, #3380 ),
 ( #8819, #1225 ),
 ( #6003, #5407 ),
 ( #7435, #3295 ),
 ( #1310, #4052 ),
 ( #5319, #2657 ),
 ( #2026, #559 ),
 ( #8153, #3427 ),
 ( #1897, #4644 ),
 ( #5496, #8195 ) ),
 .UNSPECIFIED., .F., .F., .F.,
 ( 4, 1, 1, 1, 2, 1, 1, 1, 4 ),
 ( 2, 2 ),
 ( 0.000000000000000000, 0.09456249999999999378, 0.1891249999999999876, 0.2836874999999999258, 0.3782499999999999751, 0.5336874999999998703, 0.6891249999999999876, 0.8445624999999998828, 1.000000000000000000 ),
 ( 0.000000000000000000, 1.000000000000000000 ),
 .UNSPECIFIED. ) ;
#3172 = PLANE ( 'NONE',  #4968 ) ;
#3173 = CARTESIAN_POINT ( 'NONE',  ( -74.52021091540952114, 88.85293277159212266, 7.873108930366631064 ) ) ;
#3174 = ADVANCED_FACE ( 'NONE', ( #4407 ), #3814, .T. ) ;
#3175 = EDGE_CURVE ( 'NONE', #3915, #5071, #7950, .T. ) ;
#3176 = CARTESIAN_POINT ( 'NONE',  ( 26.99999999999998934, 89.87938524157162590, 9.868613674765077448 ) ) ;
#3177 = CARTESIAN_POINT ( 'NONE',  ( 7.331352469500174607, 78.80006240345578306, 14.20000000000000107 ) ) ;
#3178 = VECTOR ( 'NONE', #3562, 1000.000000000000000 ) ;
#3179 = CARTESIAN_POINT ( 'NONE',  ( 49.25272650949647613, 89.99999999999995737, 9.141640785987961593 ) ) ;
#3180 = DIRECTION ( 'NONE',  ( -0.000000000000000000, -0.000000000000000000, -1.000000000000000000 ) ) ;
#3181 = LINE ( 'NONE', #7994, #8575 ) ;
#3182 = CARTESIAN_POINT ( 'NONE',  ( -5.605278422273785033, 86.00000000000000000, 17.00000000000000000 ) ) ;
#3183 = ADVANCED_FACE ( 'NONE', ( #3767, #8625 ), #3857, .F. ) ;
#3184 = PLANE ( 'NONE',  #6960 ) ;
#3185 = CARTESIAN_POINT ( 'NONE',  ( -4.085370526156571322E-15, 90.00000000000000000, 10.19999999999996021 ) ) ;
#3186 = CARTESIAN_POINT ( 'NONE',  ( -58.07978648069660466, 89.34485357832085128, 3.695772939918804845 ) ) ;
#3187 = CARTESIAN_POINT ( 'NONE',  ( -18.00000000000002487, 89.99999999999997158, 10.55265396132314493 ) ) ;
#3188 = ORIENTED_EDGE ( 'NONE', *, *, #2340, .T. ) ;
#3189 = DIRECTION ( 'NONE',  ( 0.000000000000000000, 0.000000000000000000, 1.000000000000000000 ) ) ;
#3190 = DIRECTION ( 'NONE',  ( -0.9755345439457592249, 0.000000000000000000, 0.2198462043532692922 ) ) ;
#3191 = VECTOR ( 'NONE', #8415, 1000.000000000000000 ) ;
#3192 = ORIENTED_EDGE ( 'NONE', *, *, #1782, .F. ) ;
#3193 = CARTESIAN_POINT ( 'NONE',  ( -47.28855039642017744, 86.00000000000000000, 7.611869485162952031 ) ) ;
#3194 = DIRECTION ( 'NONE',  ( -1.000000000000000000, 0.000000000000000000, 0.000000000000000000 ) ) ;
#3195 = CARTESIAN_POINT ( 'NONE',  ( 8.571952736397285832, 79.20004160230385537, 36.88536684330890125 ) ) ;
#3196 = LINE ( 'NONE', #2558, #2547 ) ;
#3197 = CARTESIAN_POINT ( 'NONE',  ( 47.93167140663759795, 90.00000000000000000, 9.702079290111893073 ) ) ;
#3198 = VERTEX_POINT ( 'NONE', #3812 ) ;
#3199 = DIRECTION ( 'NONE',  ( -0.000000000000000000, 0.000000000000000000, -1.000000000000000000 ) ) ;
#3200 = ORIENTED_EDGE ( 'NONE', *, *, #6636, .F. ) ;
#3201 = ORIENTED_EDGE ( 'NONE', *, *, #1857, .F. ) ;
#3202 = CARTESIAN_POINT ( 'NONE',  ( 48.56959261344397305, 85.99999999999998579, 7.436091971860943950 ) ) ;
#3203 = CARTESIAN_POINT ( 'NONE',  ( -66.00147541926334327, 89.99981326875506227, 16.49963217656421932 ) ) ;
#3204 = CARTESIAN_POINT ( 'NONE',  ( 60.22970259012879524, 89.50000000000000000, 4.185408263296269027 ) ) ;
#3205 = CARTESIAN_POINT ( 'NONE',  ( 53.50150509059232462, 76.00000000000000000, 15.00000000000000178 ) ) ;
#3206 = DIRECTION ( 'NONE',  ( 0.000000000000000000, -1.000000000000000000, 0.000000000000000000 ) ) ;
#3207 = CARTESIAN_POINT ( 'NONE',  ( -46.68205070141041801, 90.00000000000002842, 10.77021587809443837 ) ) ;
#3208 = CARTESIAN_POINT ( 'NONE',  ( 64.28125002021734247, 90.00000000000000000, 16.99999999999998224 ) ) ;
#3209 = CARTESIAN_POINT ( 'NONE',  ( -30.02184859616410506, 89.34485357832083707, 8.399981716010158195 ) ) ;
#3210 = VERTEX_POINT ( 'NONE', #6643 ) ;
#3211 = CARTESIAN_POINT ( 'NONE',  ( 60.22970259012876681, 89.50000000000000000, 4.185408263296269027 ) ) ;
#3212 = EDGE_CURVE ( 'NONE', #1851, #5668, #2231, .T. ) ;
#3213 = VERTEX_POINT ( 'NONE', #6603 ) ;
#3214 = AXIS2_PLACEMENT_3D ( 'NONE', #4868, #2160, #4185 ) ;
#3215 = CARTESIAN_POINT ( 'NONE',  ( 93.00922504721808082, 76.21421406870526027, 13.57954504234404070 ) ) ;
#3216 = CARTESIAN_POINT ( 'NONE',  ( 24.14292809016475516, 73.31761717137223400, 12.50000000000000000 ) ) ;
#3217 = CIRCLE ( 'NONE', #6664, 1.000000000000000888 ) ;
#3218 = LINE ( 'NONE', #981, #676 ) ;
#3219 = AXIS2_PLACEMENT_3D ( 'NONE', #2659, #6132, #7978 ) ;
#3220 = DIRECTION ( 'NONE',  ( 0.000000000000000000, 0.000000000000000000, 1.000000000000000000 ) ) ;
#3221 = CARTESIAN_POINT ( 'NONE',  ( 51.75443681757761993, 90.00000000000000000, 8.644341927781137969 ) ) ;
#3222 = DIRECTION ( 'NONE',  ( -0.000000000000000000, -0.000000000000000000, -1.000000000000000000 ) ) ;
#3223 = CARTESIAN_POINT ( 'NONE',  ( -90.31400697876470929, 81.72273869471308672, 16.99999999999998934 ) ) ;
#3224 = CARTESIAN_POINT ( 'NONE',  ( 36.26000000008891533, 83.09999999994768416, 13.50000000000000000 ) ) ;
#3225 = CARTESIAN_POINT ( 'NONE',  ( 55.33827022511323435, 89.34485360493509631, 5.575658595968937092 ) ) ;
#3226 = CIRCLE ( 'NONE', #6675, 0.8999999999999968026 ) ;
#3227 = VECTOR ( 'NONE', #5472, 1000.000000000000000 ) ;
#3228 = CARTESIAN_POINT ( 'NONE',  ( 9.804986980587120371, 73.31761717137223400, 12.50000000000000000 ) ) ;
#3229 = VERTEX_POINT ( 'NONE', #1023 ) ;
#3230 = PERSON_AND_ORGANIZATION_ROLE ( 'design_owner' ) ;
#3231 = EDGE_CURVE ( 'NONE', #1808, #2050, #5167, .T. ) ;
#3232 = CARTESIAN_POINT ( 'NONE',  ( -34.71254102175322487, 86.00000000000000000, 13.10000000000000142 ) ) ;
#3233 = VERTEX_POINT ( 'NONE', #8712 ) ;
#3234 = CARTESIAN_POINT ( 'NONE',  ( -43.65216628072989380, 85.99999999999998579, 7.990006307737033353 ) ) ;
#3235 = ADVANCED_FACE ( 'NONE', ( #2500 ), #1789, .F. ) ;
#3236 = DIRECTION ( 'NONE',  ( 0.000000000000000000, -1.000000000000000000, 0.000000000000000000 ) ) ;
#3237 = AXIS2_PLACEMENT_3D ( 'NONE', #6914, #2730, #7551 ) ;
#3238 = CARTESIAN_POINT ( 'NONE',  ( -50.50000001708335162, 86.00000000000000000, 7.077492267574220897 ) ) ;
#3239 = DIRECTION ( 'NONE',  ( -0.000000000000000000, -0.000000000000000000, -1.000000000000000000 ) ) ;
#3240 = CARTESIAN_POINT ( 'NONE',  ( 57.57810883476521724, 90.00000000000000000, 6.837262702405371151 ) ) ;
#3241 = B_SPLINE_SURFACE_WITH_KNOTS ( 'NONE', 3, 1, ( 
 ( #8288, #2840 ),
 ( #5591, #4962 ),
 ( #8333, #7698 ),
 ( #1489, #2166 ),
 ( #4914, #7651 ),
 ( #1537, #4289 ),
 ( #7028, #3611 ),
 ( #6354, #193 ),
 ( #7114, #2977 ),
 ( #4332, #5051 ),
 ( #1674, #7066 ),
 ( #6485, #5141 ) ),
 .UNSPECIFIED., .F., .F., .F.,
 ( 4, 1, 1, 1, 2, 1, 1, 1, 4 ),
 ( 2, 2 ),
 ( 0.000000000000000000, 0.09456249999999999378, 0.1891249999999999876, 0.2836874999999999258, 0.3782499999999999751, 0.5336874999999998703, 0.6891249999999999876, 0.8445624999999998828, 1.000000000000000000 ),
 ( 0.000000000000000000, 1.000000000000000000 ),
 .UNSPECIFIED. ) ;
#3242 = ORIENTED_EDGE ( 'NONE', *, *, #5377, .T. ) ;
#3243 = CARTESIAN_POINT ( 'NONE',  ( -92.78517996515159894, 80.15063809606772338, 14.42917094227793839 ) ) ;
#3244 = VERTEX_POINT ( 'NONE', #8583 ) ;
#3245 = VERTEX_POINT ( 'NONE', #5250 ) ;
#3246 = CARTESIAN_POINT ( 'NONE',  ( -36.41000099991106964, 82.25495999994770102, 13.10000000000000142 ) ) ;
#3247 = CARTESIAN_POINT ( 'NONE',  ( 73.62746411477809261, 89.32437810657312127, 16.99999999998875921 ) ) ;
#3248 = B_SPLINE_CURVE_WITH_KNOTS ( 'NONE', 3,
 ( #2501, #1161, #3900, #1243 ),
 .UNSPECIFIED., .F., .F.,
 ( 4, 4 ),
 ( 0.001355082741506277028, 0.005455082741506283445 ),
 .UNSPECIFIED. ) ;
#3249 = CARTESIAN_POINT ( 'NONE',  ( 24.14292809016475516, 72.31761717137223400, 12.50000000000000000 ) ) ;
#3250 = DIRECTION ( 'NONE',  ( 0.000000000000000000, 0.000000000000000000, -1.000000000000000000 ) ) ;
#3251 = EDGE_CURVE ( 'NONE', #5488, #8554, #2150, .T. ) ;
#3252 = DIRECTION ( 'NONE',  ( -0.000000000000000000, -0.000000000000000000, 1.000000000000000000 ) ) ;
#3253 = CARTESIAN_POINT ( 'NONE',  ( -46.92196373430539325, 89.50000000000002842, 13.68116479272611308 ) ) ;
#3254 = CARTESIAN_POINT ( 'NONE',  ( 62.56250001968160745, 89.99999999998568967, 16.99999999999999289 ) ) ;
#3255 = ORIENTED_EDGE ( 'NONE', *, *, #688, .T. ) ;
#3256 = CARTESIAN_POINT ( 'NONE',  ( 29.23576146312289481, 73.74790443272765117, 14.20000000000000107 ) ) ;
#3257 = ORIENTED_EDGE ( 'NONE', *, *, #3761, .T. ) ;
#3258 = VECTOR ( 'NONE', #1076, 1000.000000000000114 ) ;
#3259 = CARTESIAN_POINT ( 'NONE',  ( 30.79999999999998650, 87.40000000000016200, 8.395370510911531525 ) ) ;
#3260 = VECTOR ( 'NONE', #6053, 1000.000000000000000 ) ;
#3261 = CARTESIAN_POINT ( 'NONE',  ( -71.74843258742275509, 89.36262687257350024, 6.781266179946447537 ) ) ;
#3262 = ADVANCED_FACE ( 'NONE', ( #4534 ), #663, .F. ) ;
#3263 = AXIS2_PLACEMENT_3D ( 'NONE', #8076, #6731, #2089 ) ;
#3264 = CARTESIAN_POINT ( 'NONE',  ( 2.247776679298902014, 83.00000000000000000, 17.00000000000002842 ) ) ;
#3265 = CIRCLE ( 'NONE', #1255, 1.749999999999999334 ) ;
#3266 = CARTESIAN_POINT ( 'NONE',  ( -49.90999935143079824, 82.24689295812471812, 13.50000000000000000 ) ) ;
#3267 = CARTESIAN_POINT ( 'NONE',  ( 51.47768587572865329, 90.00000000000001421, 8.707898883535749590 ) ) ;
#3268 = DIRECTION ( 'NONE',  ( 1.000000000000000000, 0.000000000000000000, 0.000000000000000000 ) ) ;
#3269 = CARTESIAN_POINT ( 'NONE',  ( 0.000000000000000000, 83.09999999999999432, 13.50000000000000000 ) ) ;
#3270 = DIRECTION ( 'NONE',  ( -0.000000000000000000, -0.000000000000000000, -1.000000000000000000 ) ) ;
#3271 = EDGE_CURVE ( 'NONE', #1464, #3101, #4622, .T. ) ;
#3272 = CARTESIAN_POINT ( 'NONE',  ( 52.20425240504775388, 85.99999999999995737, 6.685758146086896225 ) ) ;
#3273 = CIRCLE ( 'NONE', #4429, 0.8999999999999980238 ) ;
#3274 = CARTESIAN_POINT ( 'NONE',  ( -74.49509866684884685, 88.36991008043206364, 7.400254114246783033 ) ) ;
#3275 = LINE ( 'NONE', #8543, #2388 ) ;
#3276 = ORIENTED_EDGE ( 'NONE', *, *, #6276, .T. ) ;
#3277 = CARTESIAN_POINT ( 'NONE',  ( -51.99999999999998579, 84.50000000000000000, 12.50000000000000000 ) ) ;
#3278 = DIRECTION ( 'NONE',  ( 0.000000000000000000, -0.000000000000000000, -1.000000000000000000 ) ) ;
#3279 = VERTEX_POINT ( 'NONE', #7358 ) ;
#3280 = EDGE_CURVE ( 'NONE', #7428, #8149, #5252, .T. ) ;
#3281 = CARTESIAN_POINT ( 'NONE',  ( -59.83113491926243199, 90.00000000000000000, 4.977427385415020389 ) ) ;
#3282 = CARTESIAN_POINT ( 'NONE',  ( -39.90803287147335965, 89.50000000000007105, 11.21682588920816492 ) ) ;
#3283 = EDGE_CURVE ( 'NONE', #1733, #3245, #2001, .T. ) ;
#3284 = DIRECTION ( 'NONE',  ( 1.000000000000000000, 0.000000000000000000, 0.000000000000000000 ) ) ;
#3285 = DIRECTION ( 'NONE',  ( -0.000000000000000000, -0.000000000000000000, 1.000000000000000000 ) ) ;
#3286 = CARTESIAN_POINT ( 'NONE',  ( 55.15576944010845040, 90.00000000000504485, 7.610586608593862046 ) ) ;
#3287 = ORIENTED_EDGE ( 'NONE', *, *, #3231, .F. ) ;
#3288 = DIRECTION ( 'NONE',  ( 0.000000000000000000, 0.000000000000000000, -1.000000000000000000 ) ) ;
#3289 = ORIENTED_EDGE ( 'NONE', *, *, #3333, .T. ) ;
#3290 = EDGE_CURVE ( 'NONE', #7675, #2910, #6868, .T. ) ;
#3291 = VERTEX_POINT ( 'NONE', #4030 ) ;
#3292 = LINE ( 'NONE', #556, #2264 ) ;
#3293 = DIRECTION ( 'NONE',  ( -0.000000000000000000, 0.000000000000000000, -1.000000000000000000 ) ) ;
#3294 = DIRECTION ( 'NONE',  ( 0.000000000000000000, -1.000000000000000000, 0.000000000000000000 ) ) ;
#3295 = CARTESIAN_POINT ( 'NONE',  ( -61.06238090575988764, 90.00000000000000000, -15.00000000000000000 ) ) ;
#3296 = CARTESIAN_POINT ( 'NONE',  ( 30.79999999999999361, 87.39999999999999147, -0.5062160878754172755 ) ) ;
#3297 = CARTESIAN_POINT ( 'NONE',  ( -47.09225378574841159, 89.50000000000001421, 13.52764419171514199 ) ) ;
#3298 = CARTESIAN_POINT ( 'NONE',  ( 91.67842290648577830, 80.96027537941151309, 16.49687049215269852 ) ) ;
#3299 = VERTEX_POINT ( 'NONE', #2091 ) ;
#3300 = CARTESIAN_POINT ( 'NONE',  ( 71.68049106582003560, 89.39168247551275215, 7.242862313534263130 ) ) ;
#3301 = CARTESIAN_POINT ( 'NONE',  ( 30.49208143212097966, 88.03934169762811734, 8.396413901403336766 ) ) ;
#3302 = CARTESIAN_POINT ( 'NONE',  ( 58.41014832486084174, 89.87938509405101684, 5.400810573047536423 ) ) ;
#3303 = EDGE_CURVE ( 'NONE', #2161, #2094, #2141, .T. ) ;
#3304 = DIRECTION ( 'NONE',  ( -1.000000000000000000, 0.000000000000000000, 0.000000000000000000 ) ) ;
#3305 = CARTESIAN_POINT ( 'NONE',  ( 14.45099041820380492, 90.00000000000002842, 10.55265396141689571 ) ) ;
#3306 = ORIENTED_EDGE ( 'NONE', *, *, #8438, .T. ) ;
#3307 = CARTESIAN_POINT ( 'NONE',  ( 35.69648921470202652, 89.99999999999995737, 10.14477106737028400 ) ) ;
#3308 = CARTESIAN_POINT ( 'NONE',  ( 66.00000000000093792, 89.49981558091647571, 17.00000000000000000 ) ) ;
#3309 = VERTEX_POINT ( 'NONE', #6775 ) ;
#3310 = CYLINDRICAL_SURFACE ( 'NONE', #4700, 1.499999999999994449 ) ;
#3311 = CARTESIAN_POINT ( 'NONE',  ( 93.03352456396245884, 80.16181012536208073, 12.01343122975534072 ) ) ;
#3312 = CARTESIAN_POINT ( 'NONE',  ( 66.00000000000092371, 86.00000000000000000, 17.00000000000000000 ) ) ;
#3313 = DIRECTION ( 'NONE',  ( -1.000000000000000000, 0.000000000000000000, -0.000000000000000000 ) ) ;
#3314 = EDGE_CURVE ( 'NONE', #7603, #5603, #4071, .T. ) ;
#3315 = CARTESIAN_POINT ( 'NONE',  ( -56.42337216926608789, 90.00000000000002842, 7.443629202932417144 ) ) ;
#3316 = ORIENTED_EDGE ( 'NONE', *, *, #140, .F. ) ;
#3317 = CARTESIAN_POINT ( 'NONE',  ( -59.99999999999999289, 87.50000000000000000, 4.133642548916050430 ) ) ;
#3318 = CARTESIAN_POINT ( 'NONE',  ( 24.99999999999999289, 87.39999999999999147, 9.500000000000000000 ) ) ;
#3319 = VERTEX_POINT ( 'NONE', #8172 ) ;
#3320 = CARTESIAN_POINT ( 'NONE',  ( -38.89924891861885214, 85.99999999999995737, 8.255828817833871014 ) ) ;
#3321 = ADVANCED_FACE ( 'NONE', ( #8260 ), #5471, .F. ) ;
#3322 = CARTESIAN_POINT ( 'NONE',  ( -38.87228895724103950, 89.50000000000001421, 12.47787848975142033 ) ) ;
#3323 = CARTESIAN_POINT ( 'NONE',  ( -17.62771867673099990, 83.00000000000000000, 3.694999999999993623 ) ) ;
#3324 = CARTESIAN_POINT ( 'NONE',  ( -92.29437860831626494, 77.11633288412443221, -15.00000000000000000 ) ) ;
#3325 = CARTESIAN_POINT ( 'NONE',  ( 59.33215210058268951, 89.99999999999968736, 4.990705922060159061 ) ) ;
#3326 = ORIENTED_EDGE ( 'NONE', *, *, #3283, .F. ) ;
#3327 = CARTESIAN_POINT ( 'NONE',  ( -92.93850219023748593, 80.02304341478819083, 13.89662342326750810 ) ) ;
#3328 = VERTEX_POINT ( 'NONE', #576 ) ;
#3329 = B_SPLINE_CURVE_WITH_KNOTS ( 'NONE', 3,
 ( #7251, #8515, #4468, #4562, #3070, #6491, #5187, #5957, #2349, #7843 ),
 .UNSPECIFIED., .F., .F.,
 ( 4, 2, 2, 2, 4 ),
 ( 0.000000000000000000, 0.0001969198354533390947, 0.0003938396709066781893, 0.0005907595063600172298, 0.0007876793418133563787 ),
 .UNSPECIFIED. ) ;
#3330 = ORIENTED_EDGE ( 'NONE', *, *, #1363, .T. ) ;
#3331 = DIRECTION ( 'NONE',  ( 4.163336342345625335E-16, 0.000000000000000000, -1.000000000000000000 ) ) ;
#3332 = CARTESIAN_POINT ( 'NONE',  ( 54.49999999999998579, 86.00000000000001421, 12.50000000000000000 ) ) ;
#3333 = EDGE_CURVE ( 'NONE', #6659, #2877, #2378, .T. ) ;
#3334 = CARTESIAN_POINT ( 'NONE',  ( -29.66582369357791293, 85.99999999999995737, 8.400000000000000355 ) ) ;
#3335 = AXIS2_PLACEMENT_3D ( 'NONE', #8054, #2313, #8689 ) ;
#3336 = DIRECTION ( 'NONE',  ( 0.000000000000000000, 0.000000000000000000, -1.000000000000000000 ) ) ;
#3337 = DIRECTION ( 'NONE',  ( -0.000000000000000000, -0.000000000000000000, 1.000000000000000000 ) ) ;
#3338 = CARTESIAN_POINT ( 'NONE',  ( -47.93951554011960781, 89.99999999999995737, 12.91041800183400667 ) ) ;
#3339 = VERTEX_POINT ( 'NONE', #1959 ) ;
#3340 = CARTESIAN_POINT ( 'NONE',  ( 84.77947577772378907, 84.76459074538372818, 9.717938593997203611 ) ) ;
#3341 = CARTESIAN_POINT ( 'NONE',  ( -75.35278915660829568, 84.56459069657596217, 7.593543014013302894 ) ) ;
#3342 = EDGE_CURVE ( 'NONE', #5995, #4453, #7494, .T. ) ;
#3343 = CARTESIAN_POINT ( 'NONE',  ( 26.99999999999998934, 89.87938524157162590, 9.868613674765077448 ) ) ;
#3344 = CARTESIAN_POINT ( 'NONE',  ( -58.41385582323695758, 89.34485357832083707, 3.343640155965095673 ) ) ;
#3345 = VERTEX_POINT ( 'NONE', #1915 ) ;
#3346 = CARTESIAN_POINT ( 'NONE',  ( 71.29997936162624228, 85.54813498130768323, 12.83006981171181771 ) ) ;
#3347 = ADVANCED_FACE ( 'NONE', ( #1373 ), #6190, .F. ) ;
#3348 = CARTESIAN_POINT ( 'NONE',  ( -1.350000000000010969, 89.34485357832085128, 8.400000000000000355 ) ) ;
#3349 = CIRCLE ( 'NONE', #5363, 0.7999999999999951594 ) ;
#3350 = CARTESIAN_POINT ( 'NONE',  ( 58.07978648069660466, 89.34485357832085128, 3.695772939918804845 ) ) ;
#3351 = FACE_OUTER_BOUND ( 'NONE', #7080, .T. ) ;
#3352 = CARTESIAN_POINT ( 'NONE',  ( 25.04923587720140432, 72.89499890963153916, 14.20000000000000107 ) ) ;
#3353 = CARTESIAN_POINT ( 'NONE',  ( 63.03345306697841011, 90.00118208156955291, 5.330030478466380117 ) ) ;
#3354 = EDGE_CURVE ( 'NONE', #870, #670, #4713, .T. ) ;
#3355 = CARTESIAN_POINT ( 'NONE',  ( 40.32613827112415805, 85.99999999999995737, 8.229776529308063360 ) ) ;
#3356 = CARTESIAN_POINT ( 'NONE',  ( -17.67157287525382259, 86.00000000000000000, 12.49999999999999822 ) ) ;
#3357 = ORIENTED_EDGE ( 'NONE', *, *, #7777, .T. ) ;
#3358 = CARTESIAN_POINT ( 'NONE',  ( 59.99999999999999289, 87.50000000000000000, 17.00000000000000711 ) ) ;
#3359 = CARTESIAN_POINT ( 'NONE',  ( 23.50000000000002132, 85.00000000000000000, 12.50000000000000000 ) ) ;
#3360 = VERTEX_POINT ( 'NONE', #6865 ) ;
#3361 = CARTESIAN_POINT ( 'NONE',  ( -30.64624500094113202, 85.99999999999995737, 8.395861226712094449 ) ) ;
#3362 = AXIS2_PLACEMENT_3D ( 'NONE', #6489, #1726, #329 ) ;
#3363 = AXIS2_PLACEMENT_3D ( 'NONE', #4286, #5453, #8196 ) ;
#3364 = AXIS2_PLACEMENT_3D ( 'NONE', #6255, #5626, #8367 ) ;
#3365 = CARTESIAN_POINT ( 'NONE',  ( -39.45496897384553137, 89.50000000000005684, 11.43146959812764862 ) ) ;
#3366 = CARTESIAN_POINT ( 'NONE',  ( -58.24802108186757010, 90.00000000000004263, 5.941887294648294571 ) ) ;
#3367 = CARTESIAN_POINT ( 'NONE',  ( -59.83659170354132328, 89.47027352236729314, 4.096816898856582512 ) ) ;
#3368 = EDGE_CURVE ( 'NONE', #1622, #328, #3968, .T. ) ;
#3369 = CARTESIAN_POINT ( 'NONE',  ( 59.64131831281545715, 89.87938524155970299, 4.183630787380814731 ) ) ;
#3370 = VECTOR ( 'NONE', #8887, 1000.000000000000000 ) ;
#3371 = EDGE_LOOP ( 'NONE', ( #4475, #6663, #1799, #980 ) ) ;
#3372 = CARTESIAN_POINT ( 'NONE',  ( -93.22212687541598086, 79.76922673094563265, 12.06375359537077685 ) ) ;
#3373 = ORIENTED_EDGE ( 'NONE', *, *, #2566, .T. ) ;
#3374 = CARTESIAN_POINT ( 'NONE',  ( -50.46708883491702125, 89.34485357832083707, 7.084447249815521097 ) ) ;
#3375 = ORIENTED_EDGE ( 'NONE', *, *, #7095, .T. ) ;
#3376 = B_SPLINE_CURVE_WITH_KNOTS ( 'NONE', 3,
 ( #8871, #8155, #7384, #7478 ),
 .UNSPECIFIED., .F., .F.,
 ( 4, 4 ),
 ( 0.000000000000000000, 0.09378120212346982565 ),
 .UNSPECIFIED. ) ;
#3377 = CARTESIAN_POINT ( 'NONE',  ( -29.89238978041290551, 90.00000000018064839, 10.20000316205135249 ) ) ;
#3378 = CARTESIAN_POINT ( 'NONE',  ( -57.94344679378824736, 89.27017835440193494, 3.835634595588861551 ) ) ;
#3379 = DIRECTION ( 'NONE',  ( 0.7071067811865441310, 0.000000000000000000, 0.7071067811865510144 ) ) ;
#3380 = CARTESIAN_POINT ( 'NONE',  ( -86.32565558825329788, 84.27767862025989132, -15.00000000000002665 ) ) ;
#3381 = LINE ( 'NONE', #1984, #6238 ) ;
#3382 =( BOUNDED_SURFACE ( )  B_SPLINE_SURFACE ( 3, 2, ( 
 ( #3834, #6582, #7205 ),
 ( #1770, #8695, #3162 ),
 ( #7842, #960, #7976 ),
 ( #4511, #1814, #8559 ),
 ( #5147, #4560, #3879 ),
 ( #1141, #464, #4467 ),
 ( #1727, #1632, #6452 ),
 ( #6079, #1858, #5275 ),
 ( #5360, #4219, #8738 ),
 ( #1268, #8868, #4011 ),
 ( #4643, #7381, #132 ),
 ( #6040, #4733, #1224 ) ),
 .UNSPECIFIED., .F., .F., .F. ) 
 B_SPLINE_SURFACE_WITH_KNOTS ( ( 4, 2, 2, 2, 2, 4 ),
 ( 3, 3 ),
 ( -1.117513200032949072E-13, 0.001077891939511959859, 0.001616837909323815339, 0.002155783879135671037, 0.003233675818759381999, 0.004311567758383092960 ),
 ( 0.000000000000000000, 1.000000000000000000 ),
 .UNSPECIFIED. ) 
 GEOMETRIC_REPRESENTATION_ITEM ( )  RATIONAL_B_SPLINE_SURFACE ( (
 ( 1.000000000000000000, 0.8522579104324404797, 1.000000000000000000),
 ( 1.000000000000000000, 0.8654159899971188841, 1.000000000000000000),
 ( 1.000000000000000000, 0.8732231775440769672, 1.000000000000000000),
 ( 1.000000000000000000, 0.8818833675771000635, 1.000000000000000000),
 ( 1.000000000000000000, 0.8842014164336792215, 1.000000000000000000),
 ( 1.000000000000000000, 0.8881538094619015888, 1.000000000000000000),
 ( 1.000000000000000000, 0.8896964939835847463, 1.000000000000000000),
 ( 1.000000000000000000, 0.8937370644308592071, 1.000000000000000000),
 ( 1.000000000000000000, 0.8954086197789661306, 1.000000000000000000),
 ( 1.000000000000000000, 0.8977797059579197825, 1.000000000000000000),
 ( 1.000000000000000000, 0.8984206526095651624, 1.000000000000000000),
 ( 1.000000000000000000, 0.8987630978526525150, 1.000000000000000000) ) ) 
 REPRESENTATION_ITEM ( '' )  SURFACE ( )  );
#3383 = CARTESIAN_POINT ( 'NONE',  ( -46.73954511058636285, 89.99999999999995737, 14.34839610296776158 ) ) ;
#3384 = CARTESIAN_POINT ( 'NONE',  ( 60.11977948795215809, 90.00000000000000000, 4.673175535269097125 ) ) ;
#3385 = ORIENTED_EDGE ( 'NONE', *, *, #5676, .F. ) ;
#3386 = CARTESIAN_POINT ( 'NONE',  ( 51.99999999999998579, 86.00000000000000000, 17.00000000000000711 ) ) ;
#3387 = B_SPLINE_SURFACE_WITH_KNOTS ( 'NONE', 1, 3, ( 
 ( #220, #4314, #4405, #4484, #8451, #7180, #5659, #7045, #7729, #8579, #2908, #7221, #1021, #349, #267, #2284, #5705, #7773, #7817, #983, #1066, #8404, #2414, #892, #1704, #4359, #3637, #5164, #3765, #6380, #1654, #6467, #2236, #1564, #8535, #6508, #4987, #7905, #2325, #7142, #8493, #2953, #4444, #3725, #5121, #305, #7093, #3045, #5034, #1609, #3090, #939, #5792, #6334, #3685, #2369, #6425, #1742, #3003, #5751, #7863, #5835, #173, #393, #5974, #7947, #3984, #3937, #5332, #6600, #4531, #529, #6640, #4709, #2627, #2542, #5888, #1113, #4619, #7270, #8709, #482, #8664, #3896, #7355, #8792, #4660, #4579, #3854, #8120, #1197, #7452, #1833, #3221, #5378, #3267, #1786, #572, #5202, #7399, #8036, #2454, #438, #3179, #3809, #5247, #1912, #6684, #5928, #1872, #6015, #8751, #1238, #7315, #1157, #2497, #7992, #5295, #6555, #6730, #2581, #8075, #3307, #6055, #3137, #1955, #8622, #5605, #4115, #4749, #2717, #657 ),
 ( #8347, #2041, #8305, #2807, #65, #1997, #4839, #3398, #6862, #1456, #8168, #2088, #8257, #702, #8837, #790, #4927, #4886, #6771, #2136, #5559, #1282, #3443, #3484, #4026, #2671, #612, #3350, #1418, #6099, #7621, #4793, #7536, #1370, #3533, #1323, #8211, #7583, #5514, #5424, #6187, #19, #6232, #4203, #2761, #2853, #4159, #6902, #6945, #742, #8882, #6815, #6147, #7490, #6282, #117, #2177, #4068, #5466, #4397, #5067, #8569, #7852, #208, #6326, #5025, #4251, #2943, #3718, #7172, #2406, #1013, #7807, #3757, #3583, #338, #8484, #163, #2273, #3628, #3078, #5826, #7765, #1693, #2898, #3037, #7714, #5696, #7665, #840, #5648, #5741, #1504, #8393, #5782, #2226, #4437, #4978, #2993, #2316, #1599, #8442, #1553, #258, #6370, #4306, #6995, #7039, #1645, #882, #8523, #4348, #7082, #928, #6499, #3675, #6416, #7131, #974, #6460, #297, #2360, #5112, #1189, #3888, #6723, #1823, #1866, #521, #4570, #3847, #1777 ) ),
 .UNSPECIFIED., .F., .F., .F.,
 ( 2, 2 ),
 ( 4, 2, 2, 2, 2, 2, 2, 2, 2, 2, 2, 2, 2, 2, 2, 2, 2, 2, 2, 2, 2, 2, 2, 2, 2, 2, 2, 2, 2, 2, 2, 2, 2, 2, 2, 2, 2, 2, 2, 2, 2, 2, 2, 2, 2, 2, 2, 2, 2, 2, 2, 2, 2, 2, 2, 2, 2, 2, 2, 2, 2, 2, 2, 2, 2, 4 ),
 ( 0.000000000000000000, 1.000000000000000000 ),
 ( 0.000000000000000000, 0.001134347944569776521, 0.001701521916854664782, 0.001985108902997108696, 0.002268695889139553043, 0.002410489382210775217, 0.002552282875281997390, 0.002623179621817608477, 0.002694076368353219564, 0.002729524741621025107, 0.002764973114888830651, 0.002782697301522733205, 0.002800421488156635760, 0.002804852534815111507, 0.002809283581473587255, 0.002811499104802825128, 0.002813714628132063002, 0.002815930151461300875, 0.002818145674790538749, 0.002827007768107490243, 0.002835869861424441304, 0.002871318234692246847, 0.002906766607960051957, 0.002977663354495663044, 0.003119456847566885217, 0.003403043833709329564, 0.003970217805994217392, 0.004537391778279106086, 0.004820978764421550433, 0.005104565750563994780, 0.005246359243635216954, 0.005317255990170828041, 0.005388152736706439128, 0.005671739722848882607, 0.005955326708991326087, 0.006238913695133770435, 0.006522500681276214782, 0.006806087667418659129, 0.007373261639703546956, 0.007940435611988434783, 0.008507609584273323478, 0.009074783556558212172, 0.009641957528843100866, 0.009925544514985545214, 0.01020913150112798956, 0.01077630547341287826, 0.01134347944569776521, 0.01162706643184020783, 0.01191065341798265217, 0.01219424040412509652, 0.01247782739026754087, 0.01361217533483731826, 0.01474652327940709391, 0.01588087122397686957, 0.01701521916854664696, 0.01814956711311642434, 0.01928391505768620173, 0.02041826300225597912, 0.02268695889139553043, 0.02495565478053508174, 0.02722435066967463652, 0.02779152464195952521, 0.02835869861424441390, 0.02949304655881418782, 0.03176174244795373913, 0.03629913422623284869 ),
 .UNSPECIFIED. ) ;
#3388 = CARTESIAN_POINT ( 'NONE',  ( 30.79999999999997584, 87.60876719088300035, 8.395370510911531525 ) ) ;
#3389 = CIRCLE ( 'NONE', #7002, 2.000000000000000000 ) ;
#3390 = CARTESIAN_POINT ( 'NONE',  ( -80.84845858705905641, 86.81786493563807028, 17.00000000000000000 ) ) ;
#3391 = CARTESIAN_POINT ( 'NONE',  ( -58.23675882237218104, 89.34485357832083707, 3.530312957097187621 ) ) ;
#3392 = EDGE_CURVE ( 'NONE', #1844, #913, #5651, .T. ) ;
#3393 = CARTESIAN_POINT ( 'NONE',  ( -68.34475205658222308, 86.00255792380426101, 6.014213644316180662 ) ) ;
#3394 = AXIS2_PLACEMENT_3D ( 'NONE', #3228, #3096, #2463 ) ;
#3395 = FACE_OUTER_BOUND ( 'NONE', #6175, .T. ) ;
#3396 = EDGE_LOOP ( 'NONE', ( #3762, #8835, #130, #451 ) ) ;
#3397 = EDGE_CURVE ( 'NONE', #8770, #7454, #4536, .T. ) ;
#3398 = CARTESIAN_POINT ( 'NONE',  ( 58.57485309675040241, 89.34485357832083707, 3.173937609481371602 ) ) ;
#3399 = CARTESIAN_POINT ( 'NONE',  ( -20.50000000000001776, 85.00000000000000000, 17.00000000000000000 ) ) ;
#3400 = ORIENTED_EDGE ( 'NONE', *, *, #5664, .F. ) ;
#3401 = PLANE ( 'NONE',  #8290 ) ;
#3402 = CARTESIAN_POINT ( 'NONE',  ( 75.99960535173904930, 88.41950629174752407, 8.202346913623523861 ) ) ;
#3403 = DIRECTION ( 'NONE',  ( -0.4226182617406971653, -0.9063077870366511579, 0.000000000000000000 ) ) ;
#3404 = AXIS2_PLACEMENT_3D ( 'NONE', #303, #3934, #6727 ) ;
#3405 = ADVANCED_FACE ( 'NONE', ( #211 ), #2513, .T. ) ;
#3406 = VERTEX_POINT ( 'NONE', #843 ) ;
#3407 = CARTESIAN_POINT ( 'NONE',  ( 59.75393599749699547, 89.90913554250387563, 4.078189631015097127 ) ) ;
#3408 = ORIENTED_EDGE ( 'NONE', *, *, #8023, .F. ) ;
#3409 = CARTESIAN_POINT ( 'NONE',  ( 26.99999999999999645, 88.19999999999998863, 8.400000000000000355 ) ) ;
#3410 = DIRECTION ( 'NONE',  ( 0.000000000000000000, 1.000000000000000000, 0.000000000000000000 ) ) ;
#3411 = ORIENTED_EDGE ( 'NONE', *, *, #2183, .T. ) ;
#3412 = CARTESIAN_POINT ( 'NONE',  ( -49.90999935143079824, 82.24689295812471812, 15.00000000000000178 ) ) ;
#3413 = VECTOR ( 'NONE', #7235, 1000.000000000000000 ) ;
#3414 = CARTESIAN_POINT ( 'NONE',  ( -38.93665179918541952, 89.50000000000004263, 12.99743659213654645 ) ) ;
#3415 = ADVANCED_FACE ( 'NONE', ( #167 ), #3437, .T. ) ;
#3416 = CARTESIAN_POINT ( 'NONE',  ( -59.38009658201425367, 89.99999999999997158, 4.940464593206616684 ) ) ;
#3417 = CARTESIAN_POINT ( 'NONE',  ( 26.99999999999999645, 85.99999999999997158, 8.400000000000000355 ) ) ;
#3418 = CARTESIAN_POINT ( 'NONE',  ( 74.65945601369965345, 89.10124433017391254, 16.47979099399890401 ) ) ;
#3419 = ORIENTED_EDGE ( 'NONE', *, *, #7193, .F. ) ;
#3420 = CARTESIAN_POINT ( 'NONE',  ( -93.01093711563342481, 79.96052469589753287, 13.57094453688553770 ) ) ;
#3421 = ORIENTED_EDGE ( 'NONE', *, *, #2246, .T. ) ;
#3422 = CARTESIAN_POINT ( 'NONE',  ( -55.06509868914753270, 89.34485357832085128, 5.695937062630346048 ) ) ;
#3423 = VERTEX_POINT ( 'NONE', #7668 ) ;
#3424 = EDGE_CURVE ( 'NONE', #2583, #3011, #3536, .T. ) ;
#3425 = CARTESIAN_POINT ( 'NONE',  ( 11.00024590384077250, 90.00000000000001421, 16.50000000000002132 ) ) ;
#3426 = CARTESIAN_POINT ( 'NONE',  ( -10.98585569632041725, 78.17609970412598841, 14.20000000000000107 ) ) ;
#3427 = CARTESIAN_POINT ( 'NONE',  ( -14.21701480739244161, 90.00000000000018474, -14.99999999999999822 ) ) ;
#3428 = VECTOR ( 'NONE', #2983, 1000.000000000000000 ) ;
#3429 = CARTESIAN_POINT ( 'NONE',  ( -47.97008666633536933, 89.99999999999998579, 12.44682203276454580 ) ) ;
#3430 = CARTESIAN_POINT ( 'NONE',  ( -47.92731321334507300, 89.99999999999998579, 12.97170560055092636 ) ) ;
#3431 = DIRECTION ( 'NONE',  ( -0.000000000000000000, 1.000000000000000000, -0.000000000000000000 ) ) ;
#3432 = CARTESIAN_POINT ( 'NONE',  ( -39.01368469739600897, 90.00000000000000000, 14.00082426415749737 ) ) ;
#3433 = ORIENTED_EDGE ( 'NONE', *, *, #1296, .T. ) ;
#3434 = CARTESIAN_POINT ( 'NONE',  ( 84.11949799991211307, 85.07416966830398053, 9.569206178205400093 ) ) ;
#3435 = DIRECTION ( 'NONE',  ( -1.981317963297091180E-16, 1.000000000000000000, 0.000000000000000000 ) ) ;
#3436 = CARTESIAN_POINT ( 'NONE',  ( -70.33346663212472549, 89.31962144962263039, 17.00000000000001421 ) ) ;
#3437 =( BOUNDED_SURFACE ( )  B_SPLINE_SURFACE ( 3, 2, ( 
 ( #4352, #2180, #5028 ),
 ( #2139, #7720, #4206 ),
 ( #261, #4309, #2810 ),
 ( #6948, #5563, #8308 ),
 ( #8396, #120, #2856 ),
 ( #3631, #793, #8350 ) ),
 .UNSPECIFIED., .F., .F., .F. ) 
 B_SPLINE_SURFACE_WITH_KNOTS ( ( 4, 2, 4 ),
 ( 3, 3 ),
 ( 0.000000000000000000, 0.0008005208399052234818, 0.001601041679810446964 ),
 ( 0.000000000000000000, 1.000000000000000000 ),
 .UNSPECIFIED. ) 
 GEOMETRIC_REPRESENTATION_ITEM ( )  RATIONAL_B_SPLINE_SURFACE ( (
 ( 1.000000000000000000, 0.8522579104283438678, 1.000000000000000000),
 ( 1.000000000000000000, 0.8325875642302301705, 1.000000000000000000),
 ( 1.000000000000000000, 0.8081410669059215790, 1.000000000000000000),
 ( 1.000000000000000000, 0.7542101675930154014, 1.000000000000000000),
 ( 1.000000000000000000, 0.7247470146274633818, 1.000000000000000000),
 ( 1.000000000000000000, 0.6936898263540209886, 1.000000000000000000) ) ) 
 REPRESENTATION_ITEM ( '' )  SURFACE ( )  );
#3438 = CARTESIAN_POINT ( 'NONE',  ( -36.83060439980371115, 89.99999999999988631, 10.12163591407530916 ) ) ;
#3439 = PLANE ( 'NONE',  #8439 ) ;
#3440 = CARTESIAN_POINT ( 'NONE',  ( 27.00000000000000355, 89.99999999999998579, 10.19999999999993534 ) ) ;
#3441 = ORIENTED_EDGE ( 'NONE', *, *, #4190, .T. ) ;
#3442 = B_SPLINE_CURVE_WITH_KNOTS ( 'NONE', 3,
 ( #4909, #8283, #770, #93, #1483, #2117, #4232, #7646, #2835, #5586, #6973, #6740 ),
 .UNSPECIFIED., .F., .F.,
 ( 4, 2, 2, 2, 2, 4 ),
 ( 0.000000000000000000, 0.001077327540558859062, 0.001615991310838288484, 0.002154655081117718123, 0.003231982621676581739, 0.004309310162235445787 ),
 .UNSPECIFIED. ) ;
#3443 = CARTESIAN_POINT ( 'NONE',  ( 58.09991113988575506, 89.34485357832085128, 3.674560121608335450 ) ) ;
#3444 = CARTESIAN_POINT ( 'NONE',  ( -36.41000099991106964, 82.25495999994770102, 14.70000000000002061 ) ) ;
#3445 = B_SPLINE_CURVE_WITH_KNOTS ( 'NONE', 3,
 ( #768, #3425, #2699, #6970, #725, #8148, #8816, #6172, #2742, #5449 ),
 .UNSPECIFIED., .F., .F.,
 ( 4, 1, 1, 1, 1, 2, 4 ),
 ( 0.000000000000000000, 0.03300073771152234325, 0.04950110656728350100, 0.05775129099516407988, 0.06187638320910435891, 0.06393892931607450536, 0.06600147542304463100 ),
 .UNSPECIFIED. ) ;
#3446 = FACE_OUTER_BOUND ( 'NONE', #419, .T. ) ;
#3447 = CARTESIAN_POINT ( 'NONE',  ( 63.76214677508097850, 89.99704467278040454, 5.490944934403551692 ) ) ;
#3448 = CARTESIAN_POINT ( 'NONE',  ( -38.14276047496073119, 82.50000000000000000, 15.00000000000000178 ) ) ;
#3449 = EDGE_CURVE ( 'NONE', #6220, #6047, #1846, .T. ) ;
#3450 = ORIENTED_EDGE ( 'NONE', *, *, #1555, .T. ) ;
#3451 = CARTESIAN_POINT ( 'NONE',  ( 59.83659170353647738, 89.47027352237725495, 4.096816898855491829 ) ) ;
#3452 = ORIENTED_EDGE ( 'NONE', *, *, #6927, .T. ) ;
#3453 = ADVANCED_FACE ( 'NONE', ( #8445 ), #1802, .F. ) ;
#3454 = CARTESIAN_POINT ( 'NONE',  ( -47.70222624003930179, 86.00000000000000000, 11.08823477192226292 ) ) ;
#3455 = CARTESIAN_POINT ( 'NONE',  ( -42.20333333325743297, 89.50000000000008527, 11.16999999999999815 ) ) ;
#3456 = VERTEX_POINT ( 'NONE', #1603 ) ;
#3457 = LINE ( 'NONE', #8804, #5832 ) ;
#3458 = CARTESIAN_POINT ( 'NONE',  ( -39.53078467702453480, 89.50000000000004263, 11.38018888535965090 ) ) ;
#3459 = CARTESIAN_POINT ( 'NONE',  ( -59.37355102738327872, 90.00000000000000000, 4.947352969362455610 ) ) ;
#3460 = CARTESIAN_POINT ( 'NONE',  ( -26.99999999999999645, 86.59999999999999432, 8.400000000000000355 ) ) ;
#3461 = EDGE_LOOP ( 'NONE', ( #5788, #5241, #789, #801 ) ) ;
#3462 = DIRECTION ( 'NONE',  ( -1.000000000000000000, 0.000000000000000000, 0.000000000000000000 ) ) ;
#3463 = VERTEX_POINT ( 'NONE', #1107 ) ;
#3464 = CARTESIAN_POINT ( 'NONE',  ( -55.74206179998265753, 89.34485357832085128, 5.374184739885434325 ) ) ;
#3465 = ORIENTED_EDGE ( 'NONE', *, *, #8488, .T. ) ;
#3466 = CARTESIAN_POINT ( 'NONE',  ( -15.38061663056503825, 68.75150446665328730, 14.19999999999999751 ) ) ;
#3467 = CARTESIAN_POINT ( 'NONE',  ( 17.62771867673099990, 83.00000000000000000, 17.00000000000002132 ) ) ;
#3468 = CARTESIAN_POINT ( 'NONE',  ( 0.000000000000000000, 86.00000000000000000, 8.400000000000000355 ) ) ;
#3469 = DIRECTION ( 'NONE',  ( -0.000000000000000000, -0.000000000000000000, 1.000000000000000000 ) ) ;
#3470 = CARTESIAN_POINT ( 'NONE',  ( -47.94484485649270766, 89.99999999999995737, 12.87971311335405034 ) ) ;
#3471 = CARTESIAN_POINT ( 'NONE',  ( -74.76493151947435933, 84.85755456211542480, 11.50126471368049685 ) ) ;
#3472 = CARTESIAN_POINT ( 'NONE',  ( 91.78858918934925271, 81.23815957597909687, 15.91974552590476755 ) ) ;
#3473 = EDGE_LOOP ( 'NONE', ( #1526, #2597, #796, #8166 ) ) ;
#3474 = DIRECTION ( 'NONE',  ( -1.000000000000000000, 0.000000000000000000, 0.000000000000000000 ) ) ;
#3475 = CONICAL_SURFACE ( 'NONE', #4488, 1.750000000000001554, 0.7853981633974425058 ) ;
#3476 = CARTESIAN_POINT ( 'NONE',  ( 75.46988545351376843, 89.27193442551127589, 17.00000000000001421 ) ) ;
#3477 = FACE_OUTER_BOUND ( 'NONE', #1188, .T. ) ;
#3478 = CARTESIAN_POINT ( 'NONE',  ( -90.89767966803827903, 81.40628422663688468, 16.91859932595338734 ) ) ;
#3479 = CARTESIAN_POINT ( 'NONE',  ( -56.98507906119042588, 89.34485357832080865, 4.632394627875883408 ) ) ;
#3480 = CARTESIAN_POINT ( 'NONE',  ( 92.72397121200467041, 79.76922673094561844, 12.02084747679480614 ) ) ;
#3481 = EDGE_CURVE ( 'NONE', #315, #3929, #5291, .T. ) ;
#3482 = LINE ( 'NONE', #1416, #8287 ) ;
#3483 = ORIENTED_EDGE ( 'NONE', *, *, #6200, .F. ) ;
#3484 = CARTESIAN_POINT ( 'NONE',  ( 58.09186127621011053, 89.34485357832085128, 3.683045248932527826 ) ) ;
#3485 = PLANE ( 'NONE',  #4119 ) ;
#3486 = CARTESIAN_POINT ( 'NONE',  ( -68.17859266357565673, 89.49338687602656250, 17.00000000000000711 ) ) ;
#3487 = CARTESIAN_POINT ( 'NONE',  ( 84.30642074517841422, 85.50671186784363442, 10.05391990114315881 ) ) ;
#3488 = FACE_OUTER_BOUND ( 'NONE', #7069, .T. ) ;
#3489 = VECTOR ( 'NONE', #3222, 1000.000000000000000 ) ;
#3490 = ORIENTED_EDGE ( 'NONE', *, *, #3833, .F. ) ;
#3491 = CARTESIAN_POINT ( 'NONE',  ( 65.99999999999998579, 43.50000000000000000, 17.00000000000000000 ) ) ;
#3492 = ORIENTED_EDGE ( 'NONE', *, *, #6742, .F. ) ;
#3493 = CARTESIAN_POINT ( 'NONE',  ( 26.99999999999998934, 89.87938524157162590, 9.868613674765077448 ) ) ;
#3494 = CARTESIAN_POINT ( 'NONE',  ( 95.14494239437750878, 75.33172216039557156, -15.00000000000000000 ) ) ;
#3495 = VERTEX_POINT ( 'NONE', #5970 ) ;
#3496 = CARTESIAN_POINT ( 'NONE',  ( 8.804986980587120371, 73.31761717137223400, 12.50000000000000000 ) ) ;
#3497 = CIRCLE ( 'NONE', #8530, 1.750000000000001554 ) ;
#3498 = AXIS2_PLACEMENT_3D ( 'NONE', #7269, #5293, #7990 ) ;
#3499 = CARTESIAN_POINT ( 'NONE',  ( -39.04006777269495387, 89.99999999999997158, 14.01852658988979172 ) ) ;
#3500 = CARTESIAN_POINT ( 'NONE',  ( -59.38311545684781123, 89.99999999999998579, 4.937282872576128412 ) ) ;
#3501 = ADVANCED_FACE ( 'NONE', ( #8031 ), #386, .F. ) ;
#3502 = DIRECTION ( 'NONE',  ( -1.000000000000000000, 0.000000000000000000, 0.000000000000000000 ) ) ;
#3503 = ORIENTED_EDGE ( 'NONE', *, *, #5029, .F. ) ;
#3504 = LINE ( 'NONE', #7641, #1612 ) ;
#3505 = ORIENTED_EDGE ( 'NONE', *, *, #3271, .F. ) ;
#3506 = ADVANCED_FACE ( 'NONE', ( #8571 ), #2362, .F. ) ;
#3507 = AXIS2_PLACEMENT_3D ( 'NONE', #3155, #7966, #7287 ) ;
#3508 = CARTESIAN_POINT ( 'NONE',  ( -57.29410492614316297, 89.34485357832083707, 4.405827920576891543 ) ) ;
#3509 = ORIENTED_EDGE ( 'NONE', *, *, #8127, .F. ) ;
#3510 = AXIS2_PLACEMENT_3D ( 'NONE', #8278, #7689, #1524 ) ;
#3511 = CARTESIAN_POINT ( 'NONE',  ( -27.00000000000000355, 89.99999999999998579, 10.19999999999993534 ) ) ;
#3512 = ADVANCED_FACE ( 'NONE', ( #4614 ), #3172, .T. ) ;
#3513 = CARTESIAN_POINT ( 'NONE',  ( -21.56717675574722293, 76.00000000000000000, 14.20000000000000107 ) ) ;
#3514 = CARTESIAN_POINT ( 'NONE',  ( -5.372468904044456650, 86.00000000000000000, 8.400000000000003908 ) ) ;
#3515 = ORIENTED_EDGE ( 'NONE', *, *, #8694, .T. ) ;
#3516 = AXIS2_PLACEMENT_3D ( 'NONE', #7241, #3744, #5221 ) ;
#3517 = VECTOR ( 'NONE', #7298, 1000.000000000000000 ) ;
#3518 = CARTESIAN_POINT ( 'NONE',  ( -47.95773093075982985, 89.99999999999995737, 12.32131272940805999 ) ) ;
#3519 = CARTESIAN_POINT ( 'NONE',  ( -47.66662992318594405, 89.99999999999995737, 13.60041535625972209 ) ) ;
#3520 = DIRECTION ( 'NONE',  ( -0.000000000000000000, -0.000000000000000000, -1.000000000000000000 ) ) ;
#3521 = CYLINDRICAL_SURFACE ( 'NONE', #7721, 1.750000000000001554 ) ;
#3522 = VERTEX_POINT ( 'NONE', #4439 ) ;
#3523 = CARTESIAN_POINT ( 'NONE',  ( 93.08855014692927909, 80.11043214163021275, 11.59046937529615029 ) ) ;
#3524 = CARTESIAN_POINT ( 'NONE',  ( -59.08160854777171522, 89.22798628135298316, 3.926674096453992124 ) ) ;
#3525 = CARTESIAN_POINT ( 'NONE',  ( -69.21774739781940866, 86.00000000000000000, 17.00000000000000000 ) ) ;
#3526 = CARTESIAN_POINT ( 'NONE',  ( -86.72044168406902998, 83.79693182247338257, 10.15535415240804973 ) ) ;
#3527 = CARTESIAN_POINT ( 'NONE',  ( -46.79115348210829950, 89.34485357832082286, 7.676157550321645040 ) ) ;
#3528 = VECTOR ( 'NONE', #4582, 1000.000000000000000 ) ;
#3529 = DIRECTION ( 'NONE',  ( -0.4226182617406971653, -0.9063077870366511579, 0.000000000000000000 ) ) ;
#3530 = CARTESIAN_POINT ( 'NONE',  ( 92.15658222076491768, 80.73302743805759008, 15.86226774505987080 ) ) ;
#3531 = VERTEX_POINT ( 'NONE', #7175 ) ;
#3532 = AXIS2_PLACEMENT_3D ( 'NONE', #8018, #3331, #6754 ) ;
#3533 = CARTESIAN_POINT ( 'NONE',  ( 58.07419762178489719, 89.34485357832078023, 3.701663427270221796 ) ) ;
#3534 = DIRECTION ( 'NONE',  ( -0.000000000000000000, -0.000000000000000000, -1.000000000000000000 ) ) ;
#3535 = LINE ( 'NONE', #8214, #3549 ) ;
#3537 = EDGE_CURVE ( 'NONE', #3360, #3168, #7986, .T. ) ;
#3536 = LINE ( 'NONE', #6999, #7258 ) ;
#3538 = AXIS2_PLACEMENT_3D ( 'NONE', #1315, #6805, #647 ) ;
#3539 = CARTESIAN_POINT ( 'NONE',  ( -46.77506657244335031, 89.50000000000004263, 13.79330094369596083 ) ) ;
#3540 = VECTOR ( 'NONE', #1561, 1000.000000000000000 ) ;
#3541 = VERTEX_POINT ( 'NONE', #1058 ) ;
#3542 = CYLINDRICAL_SURFACE ( 'NONE', #7418, 0.5000000000000004441 ) ;
#3543 = EDGE_LOOP ( 'NONE', ( #8814, #2248 ) ) ;
#3544 = PLANE ( 'NONE',  #2811 ) ;
#3545 = CARTESIAN_POINT ( 'NONE',  ( 0.000000000000000000, 82.50000000000000000, 17.00000000000000000 ) ) ;
#3546 = VERTEX_POINT ( 'NONE', #5924 ) ;
#3547 = CARTESIAN_POINT ( 'NONE',  ( 60.03104401106447341, 89.50000000000000000, 4.140638618960707618 ) ) ;
#3548 = AXIS2_PLACEMENT_3D ( 'NONE', #4155, #2270, #7078 ) ;
#3549 = VECTOR ( 'NONE', #6904, 1000.000000000000000 ) ;
#3550 = CARTESIAN_POINT ( 'NONE',  ( -26.99999999999997868, 85.99999999999997158, 8.400000000000000355 ) ) ;
#3551 = CARTESIAN_POINT ( 'NONE',  ( -38.94767173976919139, 89.99999999999998579, 13.93470943908917548 ) ) ;
#3552 = VECTOR ( 'NONE', #5379, 1000.000000000000000 ) ;
#3553 = CARTESIAN_POINT ( 'NONE',  ( -59.03424025825162857, 90.00000000000000000, 5.284599118924933059 ) ) ;
#3554 = CARTESIAN_POINT ( 'NONE',  ( -28.53457416728500462, 85.99999999999968736, -15.00000000000000355 ) ) ;
#3555 = EDGE_LOOP ( 'NONE', ( #592, #992, #6254, #4802 ) ) ;
#3556 = CARTESIAN_POINT ( 'NONE',  ( -50.49999999999998579, 86.00000000000000000, 17.00403242752945232 ) ) ;
#3557 = EDGE_CURVE ( 'NONE', #8077, #4891, #5979, .T. ) ;
#3558 = AXIS2_PLACEMENT_3D ( 'NONE', #1498, #579, #3313 ) ;
#3559 = CARTESIAN_POINT ( 'NONE',  ( -53.63413324056439535, 89.34485357832092234, 6.247759091708727119 ) ) ;
#3560 = ORIENTED_EDGE ( 'NONE', *, *, #5401, .F. ) ;
#3561 = CARTESIAN_POINT ( 'NONE',  ( 7.331352469500174607, 78.80006240345578306, 12.50000000000000000 ) ) ;
#3562 = DIRECTION ( 'NONE',  ( 1.000000000000000000, -5.092766168005307240E-16, -0.000000000000000000 ) ) ;
#3563 = DIRECTION ( 'NONE',  ( 0.000000000000000000, -1.387778780781445676E-14, -1.000000000000000000 ) ) ;
#3564 = ORIENTED_EDGE ( 'NONE', *, *, #2667, .F. ) ;
#3565 = EDGE_CURVE ( 'NONE', #3705, #328, #2584, .T. ) ;
#3566 = VECTOR ( 'NONE', #3956, 1000.000000000000000 ) ;
#3567 = DIRECTION ( 'NONE',  ( 1.000000000000000000, 0.000000000000000000, 0.000000000000000000 ) ) ;
#3568 = DIRECTION ( 'NONE',  ( 0.9868388408614894303, 0.1617068401990213178, 0.000000000000000000 ) ) ;
#3569 = ADVANCED_FACE ( 'NONE', ( #2535 ), #6462, .F. ) ;
#3570 = CARTESIAN_POINT ( 'NONE',  ( -64.28125002021734247, 89.50000000000000000, 16.99999999999999289 ) ) ;
#3571 = CARTESIAN_POINT ( 'NONE',  ( -71.40943987789088965, 85.53509283808740804, 12.91933977033932202 ) ) ;
#3572 = CARTESIAN_POINT ( 'NONE',  ( -40.26999999992409585, 89.99999999999998579, 10.67000000000002657 ) ) ;
#3573 = ORIENTED_EDGE ( 'NONE', *, *, #3100, .F. ) ;
#3574 = ORIENTED_EDGE ( 'NONE', *, *, #2387, .T. ) ;
#3575 = CARTESIAN_POINT ( 'NONE',  ( -74.74790358501738297, 84.84425088167512286, 11.08635787849394916 ) ) ;
#3576 = CARTESIAN_POINT ( 'NONE',  ( -58.11651237095122013, 89.35385349895393858, 3.709180279793606427 ) ) ;
#3577 = CARTESIAN_POINT ( 'NONE',  ( -40.26999999992408874, 94.19162435117168286, 13.96999999999999886 ) ) ;
#3578 = DIRECTION ( 'NONE',  ( 0.000000000000000000, -1.000000000000000000, 0.000000000000000000 ) ) ;
#3579 = CARTESIAN_POINT ( 'NONE',  ( -54.75529031308050776, 89.34485357832082286, 5.828400519109883327 ) ) ;
#3580 = DIRECTION ( 'NONE',  ( 0.000000000000000000, 0.000000000000000000, -1.000000000000000000 ) ) ;
#3581 = DIRECTION ( 'NONE',  ( 0.000000000000000000, 0.000000000000000000, -1.000000000000000000 ) ) ;
#3582 = ORIENTED_EDGE ( 'NONE', *, *, #7471, .T. ) ;
#3583 = CARTESIAN_POINT ( 'NONE',  ( 55.44440611564620269, 89.34485357832083707, 5.521072530563187364 ) ) ;
#3584 = DIRECTION ( 'NONE',  ( -1.000000000000000000, 0.000000000000000000, 0.000000000000000000 ) ) ;
#3585 = CARTESIAN_POINT ( 'NONE',  ( -74.59118626967696741, 88.60502802999724281, 17.00000000000000711 ) ) ;
#3586 = CARTESIAN_POINT ( 'NONE',  ( -49.90999935143079824, 82.24689295812471812, 14.70000000000002061 ) ) ;
#3587 = CARTESIAN_POINT ( 'NONE',  ( -47.43356174725972352, 89.50000000000004263, 12.93644703810299568 ) ) ;
#3588 = VERTEX_POINT ( 'NONE', #8527 ) ;
#3589 = CARTESIAN_POINT ( 'NONE',  ( -10.67383207310151683, 78.84523652348138967, 14.20000000000000107 ) ) ;
#3590 = CARTESIAN_POINT ( 'NONE',  ( 45.64075747032758557, 89.99999999999995737, 9.983124850630900937 ) ) ;
#3591 = CARTESIAN_POINT ( 'NONE',  ( 53.99999999999997158, 82.50000000000000000, 15.00000000000000178 ) ) ;
#3592 = CARTESIAN_POINT ( 'NONE',  ( -21.31192640368340108, 68.75150446665328730, 36.88536684330890125 ) ) ;
#3593 = EDGE_LOOP ( 'NONE', ( #4568, #2560, #2531, #7291 ) ) ;
#3594 = CARTESIAN_POINT ( 'NONE',  ( -28.00001660253184710, 88.20000000000000284, 8.400000000000000355 ) ) ;
#3595 = CARTESIAN_POINT ( 'NONE',  ( 67.32589563892456397, 85.59691760397426208, -15.00000000000001421 ) ) ;
#3596 = EDGE_CURVE ( 'NONE', #6156, #1587, #6502, .T. ) ;
#3597 = ADVANCED_FACE ( 'NONE', ( #1736 ), #1780, .T. ) ;
#3598 = CARTESIAN_POINT ( 'NONE',  ( -38.56524128315517430, 89.99999999999997158, 13.40951220539918864 ) ) ;
#3599 = CARTESIAN_POINT ( 'NONE',  ( -56.22020371527448646, 90.00000000000000000, 7.145345110138217493 ) ) ;
#3600 = CARTESIAN_POINT ( 'NONE',  ( -63.25141394708441567, 89.99999999999998579, 16.50000000000000000 ) ) ;
#3601 = VERTEX_POINT ( 'NONE', #3802 ) ;
#3602 = CARTESIAN_POINT ( 'NONE',  ( 73.53110293441626766, 88.81434170875205325, 17.00000000000000355 ) ) ;
#3603 = CARTESIAN_POINT ( 'NONE',  ( -54.75529031308050776, 89.34485357832082286, 5.828400519109883327 ) ) ;
#3604 = EDGE_CURVE ( 'NONE', #2773, #7700, #5458, .T. ) ;
#3605 = ORIENTED_EDGE ( 'NONE', *, *, #3397, .F. ) ;
#3606 = CARTESIAN_POINT ( 'NONE',  ( -47.88368516260867835, 90.00000000000503064, 9.352668793895039911 ) ) ;
#3607 = CARTESIAN_POINT ( 'NONE',  ( -44.14253948670765482, 89.99999999999997158, 14.46999999999996511 ) ) ;
#3608 = CARTESIAN_POINT ( 'NONE',  ( 55.33827022511323435, 87.50000000000002842, 5.575658595968937092 ) ) ;
#3609 = CARTESIAN_POINT ( 'NONE',  ( 24.14292809016475516, 72.31761717137223400, 15.00000000000000000 ) ) ;
#3610 = CARTESIAN_POINT ( 'NONE',  ( -55.00000001730050769, 89.99999999999997158, 17.00000000000477840 ) ) ;
#3611 = CARTESIAN_POINT ( 'NONE',  ( 52.96619873587256677, 86.00000000000000000, -15.00000000000000178 ) ) ;
#3612 = DIRECTION ( 'NONE',  ( 1.000000000000000000, 0.000000000000000000, 0.000000000000000000 ) ) ;
#3613 = AXIS2_PLACEMENT_3D ( 'NONE', #4231, #2254, #5890 ) ;
#3614 = VERTEX_POINT ( 'NONE', #4653 ) ;
#3615 = ORIENTED_EDGE ( 'NONE', *, *, #8722, .F. ) ;
#3616 = EDGE_LOOP ( 'NONE', ( #2874, #3373, #7782, #2427 ) ) ;
#3617 = CARTESIAN_POINT ( 'NONE',  ( -74.28997153995449310, 84.90137646151967488, 9.963976370359102219 ) ) ;
#3618 = CARTESIAN_POINT ( 'NONE',  ( 84.06671369676456607, 86.31421503386511063, 16.99999999999997868 ) ) ;
#3619 = CARTESIAN_POINT ( 'NONE',  ( -61.06238090575988764, 86.00000000000000000, -15.00000000000000000 ) ) ;
#3620 = EDGE_CURVE ( 'NONE', #565, #818, #2664, .T. ) ;
#3621 = B_SPLINE_CURVE_WITH_KNOTS ( 'NONE', 3,
 ( #2544, #7949, #1874, #8754 ),
 .UNSPECIFIED., .F., .F.,
 ( 4, 4 ),
 ( 0.5500000000000048184, 0.8362133945802208146 ),
 .UNSPECIFIED. ) ;
#3622 = CARTESIAN_POINT ( 'NONE',  ( -47.32613800175477081, 89.50000000000002842, 11.95141205917905758 ) ) ;
#3623 = CARTESIAN_POINT ( 'NONE',  ( -56.54117674866918009, 89.34485357832085128, 4.924809479787947808 ) ) ;
#3624 = CARTESIAN_POINT ( 'NONE',  ( 54.50150509059231041, 80.00000000000000000, 15.00000000000000178 ) ) ;
#3625 = CARTESIAN_POINT ( 'NONE',  ( 57.36066803906248168, 89.34485357832083707, 4.374641807749386047 ) ) ;
#3626 = ORIENTED_EDGE ( 'NONE', *, *, #7245, .F. ) ;
#3627 = EDGE_CURVE ( 'NONE', #2157, #3213, #4859, .T. ) ;
#3628 = CARTESIAN_POINT ( 'NONE',  ( 54.28095068959324010, 89.34485357832089392, 6.016450521740273061 ) ) ;
#3629 = CARTESIAN_POINT ( 'NONE',  ( 72.11731129847326827, 85.30261200294553703, 9.231189476065274846 ) ) ;
#3630 = DIRECTION ( 'NONE',  ( 1.000000000000000000, -0.000000000000000000, -0.000000000000000000 ) ) ;
#3631 = CARTESIAN_POINT ( 'NONE',  ( -90.31400697876466666, 81.72273869471308672, 17.00000000000006395 ) ) ;
#3632 = CARTESIAN_POINT ( 'NONE',  ( -63.01118967511604296, 90.00115884893898510, 5.325115016369094789 ) ) ;
#3633 = AXIS2_PLACEMENT_3D ( 'NONE', #2850, #3580, #5601 ) ;
#3634 = ORIENTED_EDGE ( 'NONE', *, *, #8398, .T. ) ;
#3635 = CARTESIAN_POINT ( 'NONE',  ( -41.35069998212379971, 89.99999999999995737, 10.34169384221076271 ) ) ;
#3636 = EDGE_LOOP ( 'NONE', ( #5226, #623, #8401, #938 ) ) ;
#3637 = CARTESIAN_POINT ( 'NONE',  ( 59.38764350996260788, 90.00000000000000000, 4.932509993966646356 ) ) ;
#3638 = PLANE ( 'NONE',  #4790 ) ;
#3639 = EDGE_CURVE ( 'NONE', #3828, #889, #1411, .T. ) ;
#3640 = EDGE_LOOP ( 'NONE', ( #2286, #6459, #6721, #2686 ) ) ;
#3641 = CARTESIAN_POINT ( 'NONE',  ( -90.70323945292886947, 81.98931503740051596, 11.48762816034127177 ) ) ;
#3642 = CARTESIAN_POINT ( 'NONE',  ( 93.22212687541598086, 79.76922673094563265, 12.06375359537077685 ) ) ;
#3643 = CARTESIAN_POINT ( 'NONE',  ( -39.26452009793760567, 90.00000000000002842, 14.18333168873513372 ) ) ;
#3644 = CARTESIAN_POINT ( 'NONE',  ( -47.75986933652144018, 89.99999999999998579, 9.365808313064437840 ) ) ;
#3645 = CARTESIAN_POINT ( 'NONE',  ( 53.99999999999998579, 80.50000000000000000, 12.50000000000000000 ) ) ;
#3646 = ORIENTED_EDGE ( 'NONE', *, *, #3942, .T. ) ;
#3647 = CARTESIAN_POINT ( 'NONE',  ( 70.33346663212842031, 89.31962144960218097, 17.00000000000000000 ) ) ;
#3648 = CARTESIAN_POINT ( 'NONE',  ( 58.51582737383094468, 89.04740449153530335, 3.799169802159795051 ) ) ;
#3649 = AXIS2_PLACEMENT_3D ( 'NONE', #5345, #3410, #7593 ) ;
#3650 = ORIENTED_EDGE ( 'NONE', *, *, #3392, .T. ) ;
#3651 = CARTESIAN_POINT ( 'NONE',  ( -55.28509024289251528, 90.00000000000000000, 7.938735938842705231 ) ) ;
#3652 = LINE ( 'NONE', #8420, #3178 ) ;
#3653 = EDGE_CURVE ( 'NONE', #2999, #8753, #4744, .T. ) ;
#3654 = DIRECTION ( 'NONE',  ( 1.000000000000000000, 0.000000000000000000, 0.000000000000000000 ) ) ;
#3655 = CARTESIAN_POINT ( 'NONE',  ( -46.06999999992408590, 94.19162435117168286, 11.16999999999999993 ) ) ;
#3656 = AXIS2_PLACEMENT_3D ( 'NONE', #468, #3206, #3923 ) ;
#3657 = CARTESIAN_POINT ( 'NONE',  ( -44.00000001382117887, 89.50000000007629808, 17.00000000000001066 ) ) ;
#3658 = CARTESIAN_POINT ( 'NONE',  ( 23.37228132326902852, 82.50000000000000000, 15.00000000000000178 ) ) ;
#3659 = ORIENTED_EDGE ( 'NONE', *, *, #4776, .F. ) ;
#3660 = ORIENTED_EDGE ( 'NONE', *, *, #35, .F. ) ;
#3661 = ORIENTED_EDGE ( 'NONE', *, *, #5317, .T. ) ;
#3662 = CARTESIAN_POINT ( 'NONE',  ( -74.75347661744271477, 84.84860501180509118, 11.22215175600951831 ) ) ;
#3663 = CARTESIAN_POINT ( 'NONE',  ( 95.14494239437750878, 79.33172216039558577, -15.00000000000000000 ) ) ;
#3664 = AXIS2_PLACEMENT_3D ( 'NONE', #234, #1578, #7745 ) ;
#3665 = AXIS2_PLACEMENT_3D ( 'NONE', #1259, #6071, #8807 ) ;
#3666 = AXIS2_PLACEMENT_3D ( 'NONE', #6906, #6821, #746 ) ;
#3667 = CARTESIAN_POINT ( 'NONE',  ( -92.72397121200467041, 79.76922673094560423, 12.02084747679483101 ) ) ;
#3668 = DIRECTION ( 'NONE',  ( -0.000000000000000000, -0.000000000000000000, 1.000000000000000000 ) ) ;
#3669 = CARTESIAN_POINT ( 'NONE',  ( -47.45827284837083226, 89.50000000000004263, 12.38771103162557097 ) ) ;
#3670 = CARTESIAN_POINT ( 'NONE',  ( -43.11868323835358296, 89.34485357832080865, 8.029644378699419605 ) ) ;
#3671 = FACE_OUTER_BOUND ( 'NONE', #8223, .T. ) ;
#3672 = LINE ( 'NONE', #5739, #5135 ) ;
#3673 = ORIENTED_EDGE ( 'NONE', *, *, #2185, .T. ) ;
#3674 = EDGE_CURVE ( 'NONE', #2281, #8275, #1080, .T. ) ;
#3675 = CARTESIAN_POINT ( 'NONE',  ( 42.00670909684822618, 89.34485357832093655, 8.106895743527148923 ) ) ;
#3676 = CARTESIAN_POINT ( 'NONE',  ( 74.75347661744274319, 84.84860501180507697, 11.22215175600951653 ) ) ;
#3677 = CARTESIAN_POINT ( 'NONE',  ( -70.36655842680383444, 85.49414003543847684, 6.469745136402275776 ) ) ;
#3678 = CARTESIAN_POINT ( 'NONE',  ( 93.18022939111497749, 76.04203732983364716, 11.80615023395717067 ) ) ;
#3679 = CARTESIAN_POINT ( 'NONE',  ( -62.76016075536911387, 90.00000000000515854, 4.755671639772586445 ) ) ;
#3680 = VECTOR ( 'NONE', #3940, 1000.000000000000000 ) ;
#3681 = ORIENTED_EDGE ( 'NONE', *, *, #6021, .T. ) ;
#3682 = EDGE_CURVE ( 'NONE', #2345, #864, #360, .T. ) ;
#3683 = LINE ( 'NONE', #2186, #7275 ) ;
#3684 = ORIENTED_EDGE ( 'NONE', *, *, #6797, .F. ) ;
#3685 = CARTESIAN_POINT ( 'NONE',  ( 58.24802108186757010, 90.00000000000004263, 5.941887294648294571 ) ) ;
#3686 = CARTESIAN_POINT ( 'NONE',  ( -46.06999999992410011, 89.99999999999997158, 14.46999999999996867 ) ) ;
#3687 = CARTESIAN_POINT ( 'NONE',  ( -21.31192640368340463, 77.21902636811576315, 14.20000000000000107 ) ) ;
#3688 = CARTESIAN_POINT ( 'NONE',  ( -55.03473674896427070, 89.34485360493511052, 5.712153153431536623 ) ) ;
#3689 = CARTESIAN_POINT ( 'NONE',  ( -38.38603054337703213, 89.99999999999995737, 12.32175705817038391 ) ) ;
#3690 = CARTESIAN_POINT ( 'NONE',  ( -49.99650794986434477, 90.00000000000001421, 9.011543284369743390 ) ) ;
#3691 = DIRECTION ( 'NONE',  ( -0.000000000000000000, -0.000000000000000000, 1.000000000000000000 ) ) ;
#3692 = ORIENTED_EDGE ( 'NONE', *, *, #8298, .T. ) ;
#3693 = CARTESIAN_POINT ( 'NONE',  ( -59.99999999999999289, 87.50000000000000000, 17.00403242752945232 ) ) ;
#3694 = FACE_OUTER_BOUND ( 'NONE', #5771, .T. ) ;
#3695 = VECTOR ( 'NONE', #2962, 1000.000000000000000 ) ;
#3696 = EDGE_LOOP ( 'NONE', ( #1735, #5537, #4381, #1492, #1964, #1206, #5334, #719 ) ) ;
#3697 = CARTESIAN_POINT ( 'NONE',  ( -54.26873785259414262, 90.00000000000000000, 8.318051189405391455 ) ) ;
#3698 = AXIS2_PLACEMENT_3D ( 'NONE', #2670, #5423, #6096 ) ;
#3699 = CIRCLE ( 'NONE', #2106, 0.4999999999999951705 ) ;
#3700 = ADVANCED_FACE ( 'NONE', ( #245 ), #4884, .T. ) ;
#3701 = LINE ( 'NONE', #190, #5422 ) ;
#3702 = CARTESIAN_POINT ( 'NONE',  ( -3.252606517456513302E-16, 89.87938524157182485, 9.868613674765553512 ) ) ;
#3703 = CARTESIAN_POINT ( 'NONE',  ( -55.00000001729095800, 89.99999999999997158, 16.50000000000477840 ) ) ;
#3704 = CARTESIAN_POINT ( 'NONE',  ( -36.41000099991106964, 82.25495999994770102, 15.00000000000000178 ) ) ;
#3705 = VERTEX_POINT ( 'NONE', #8294 ) ;
#3706 = ORIENTED_EDGE ( 'NONE', *, *, #1621, .T. ) ;
#3707 = ORIENTED_EDGE ( 'NONE', *, *, #2569, .F. ) ;
#3708 = LINE ( 'NONE', #106, #3428 ) ;
#3709 = CARTESIAN_POINT ( 'NONE',  ( 67.42564048259829690, 89.35371758601652914, 5.807082905408420537 ) ) ;
#3710 = AXIS2_PLACEMENT_3D ( 'NONE', #4042, #36, #4680 ) ;
#3711 = CARTESIAN_POINT ( 'NONE',  ( 58.24450157684129437, 89.50443831761683100, 4.156202082340933579 ) ) ;
#3712 = CARTESIAN_POINT ( 'NONE',  ( -58.51353416395469509, 89.04691235774510005, 3.798653004995260041 ) ) ;
#3713 = CARTESIAN_POINT ( 'NONE',  ( -47.43423734635145195, 89.50000000000008527, 12.25228042992689659 ) ) ;
#3714 = CYLINDRICAL_SURFACE ( 'NONE', #5239, 1.400000000000000133 ) ;
#3715 = CARTESIAN_POINT ( 'NONE',  ( -92.75030628826935697, 80.44671703056394563, 14.53958733010832205 ) ) ;
#3716 = CARTESIAN_POINT ( 'NONE',  ( 54.11283635740337417, 89.34485357832086549, 6.092455011653398422 ) ) ;
#3717 = ORIENTED_EDGE ( 'NONE', *, *, #5085, .T. ) ;
#3718 = CARTESIAN_POINT ( 'NONE',  ( 56.10552595010847909, 89.34485357832086549, 5.180783711632868993 ) ) ;
#3719 = DIRECTION ( 'NONE',  ( 0.000000000000000000, 0.000000000000000000, -1.000000000000000000 ) ) ;
#3720 = CARTESIAN_POINT ( 'NONE',  ( 69.17944727215905232, 85.70124639714285308, 7.938437076353550559 ) ) ;
#3721 = CARTESIAN_POINT ( 'NONE',  ( 0.000000000000000000, 86.00000000000000000, 1.000000000000000888 ) ) ;
#3722 = ORIENTED_EDGE ( 'NONE', *, *, #8546, .F. ) ;
#3723 = DIRECTION ( 'NONE',  ( -0.000000000000000000, -0.000000000000000000, -1.000000000000000000 ) ) ;
#3724 = ORIENTED_EDGE ( 'NONE', *, *, #1165, .T. ) ;
#3725 = CARTESIAN_POINT ( 'NONE',  ( 59.33311307465370277, 90.00000000000001421, 4.989561925677843846 ) ) ;
#3726 = CARTESIAN_POINT ( 'NONE',  ( -56.67553634964825449, 89.87938506482873890, 6.562642995707257398 ) ) ;
#3727 = EDGE_CURVE ( 'NONE', #8275, #2281, #8547, .T. ) ;
#3728 = CARTESIAN_POINT ( 'NONE',  ( 59.83676952520357162, 89.47033052894278171, 4.096856972698905253 ) ) ;
#3729 = CARTESIAN_POINT ( 'NONE',  ( -46.06999999992408590, 86.59999999999999432, 13.97000000000000064 ) ) ;
#3730 =( BOUNDED_SURFACE ( )  B_SPLINE_SURFACE ( 3, 2, ( 
 ( #6831, #5486, #761 ),
 ( #5531, #4860, #6789 ),
 ( #675, #1433, #3367 ),
 ( #8228, #6116, #4813 ) ),
 .UNSPECIFIED., .F., .F., .F. ) 
 B_SPLINE_SURFACE_WITH_KNOTS ( ( 4, 4 ),
 ( 3, 3 ),
 ( 0.000000000000000000, 0.0006040322960322513446 ),
 ( 0.000000000000000000, 1.000000000000000000 ),
 .UNSPECIFIED. ) 
 GEOMETRIC_REPRESENTATION_ITEM ( )  RATIONAL_B_SPLINE_SURFACE ( (
 ( 1.000000000000000000, 0.7071067811865127117, 1.000000000000000000),
 ( 1.000000000000000000, 0.7282090669601378741, 1.000000000000000000),
 ( 1.000000000000000000, 0.7479177467980121508, 1.000000000000000000),
 ( 1.000000000000000000, 0.7665143497512311166, 1.000000000000000000) ) ) 
 REPRESENTATION_ITEM ( '' )  SURFACE ( )  );
#3731 = CARTESIAN_POINT ( 'NONE',  ( -38.76250341802248300, 89.99999999999995737, 11.41186043918336424 ) ) ;
#3732 = CARTESIAN_POINT ( 'NONE',  ( -52.21503136449698701, 90.00000000000001421, 8.533345994479983432 ) ) ;
#3733 = CARTESIAN_POINT ( 'NONE',  ( 68.98463498931991467, 85.90231501958614047, 17.00000000000000000 ) ) ;
#3734 = ORIENTED_EDGE ( 'NONE', *, *, #5656, .T. ) ;
#3735 = CARTESIAN_POINT ( 'NONE',  ( -92.28093686422852215, 80.54950109954931747, 15.66061497941605474 ) ) ;
#3736 = DIRECTION ( 'NONE',  ( -1.000000000000000000, 0.000000000000000000, 0.000000000000000000 ) ) ;
#3737 = B_SPLINE_CURVE_WITH_KNOTS ( 'NONE', 3,
 ( #6088, #7483, #6268, #4059, #734, #5504, #604, #6851, #8247, #2751, #55, #6136 ),
 .UNSPECIFIED., .F., .F.,
 ( 4, 2, 2, 2, 2, 4 ),
 ( 0.01257125911926205118, 0.01878567193114833236, 0.02189287833709147382, 0.02500008474303461181, 0.03121449755492091555, 0.03742891036680721234 ),
 .UNSPECIFIED. ) ;
#3738 = ORIENTED_EDGE ( 'NONE', *, *, #3639, .T. ) ;
#3739 = CARTESIAN_POINT ( 'NONE',  ( -55.48565754018412122, 89.99999999999998579, 7.477245670423362967 ) ) ;
#3740 = EDGE_CURVE ( 'NONE', #7700, #1586, #2265, .T. ) ;
#3741 = CARTESIAN_POINT ( 'NONE',  ( -9.000000000000019540, 89.34485357832080865, 8.400000000000002132 ) ) ;
#3742 = DIRECTION ( 'NONE',  ( 0.000000000000000000, -0.000000000000000000, 1.000000000000000000 ) ) ;
#3743 = CARTESIAN_POINT ( 'NONE',  ( -64.28125002021734247, 90.00000000000000000, 16.49999999999999645 ) ) ;
#3744 = DIRECTION ( 'NONE',  ( 0.000000000000000000, 0.000000000000000000, 1.000000000000000000 ) ) ;
#3745 = ORIENTED_EDGE ( 'NONE', *, *, #7182, .T. ) ;
#3746 = VERTEX_POINT ( 'NONE', #6270 ) ;
#3747 = ORIENTED_EDGE ( 'NONE', *, *, #1669, .F. ) ;
#3748 = FACE_OUTER_BOUND ( 'NONE', #5728, .T. ) ;
#3749 = ADVANCED_FACE ( 'NONE', ( #107 ), #6834, .F. ) ;
#3750 = CARTESIAN_POINT ( 'NONE',  ( 87.99856743258280289, 83.07991687893937183, 10.44339222983011162 ) ) ;
#3751 = DIRECTION ( 'NONE',  ( 0.000000000000000000, 1.000000000000000000, 0.000000000000000000 ) ) ;
#3752 = CARTESIAN_POINT ( 'NONE',  ( -38.07111391829094060, 86.00000000000000000, 12.50000000000000000 ) ) ;
#3753 = CARTESIAN_POINT ( 'NONE',  ( -46.06999999992407879, 89.50000000000004263, 11.16999999999999638 ) ) ;
#3754 = DIRECTION ( 'NONE',  ( 4.163336342345625335E-16, -0.000000000000000000, 1.000000000000000000 ) ) ;
#3755 = CARTESIAN_POINT ( 'NONE',  ( -51.34405541973615783, 89.34485357832085128, 6.891739572279981019 ) ) ;
#3756 = ORIENTED_EDGE ( 'NONE', *, *, #348, .F. ) ;
#3757 = CARTESIAN_POINT ( 'NONE',  ( 55.51934826241058829, 89.34485357832086549, 5.484991092396644952 ) ) ;
#3758 = CYLINDRICAL_SURFACE ( 'NONE', #4993, 1.499999999999994449 ) ;
#3759 = CARTESIAN_POINT ( 'NONE',  ( 93.22213527165682478, 76.01316742057154840, 12.06375491662156207 ) ) ;
#3760 = DIRECTION ( 'NONE',  ( -4.163336342345625335E-16, 0.000000000000000000, -1.000000000000000000 ) ) ;
#3761 = EDGE_CURVE ( 'NONE', #5284, #3299, #4235, .T. ) ;
#3762 = ORIENTED_EDGE ( 'NONE', *, *, #7933, .F. ) ;
#3763 = CARTESIAN_POINT ( 'NONE',  ( -46.06999999992408590, 89.50000000000004263, 11.16999999999999993 ) ) ;
#3764 = CARTESIAN_POINT ( 'NONE',  ( 49.91712316401239491, 89.99999999999998579, 9.404555839258129879 ) ) ;
#3765 = CARTESIAN_POINT ( 'NONE',  ( 59.38462482067868820, 90.00000000000002842, 4.935691927733937945 ) ) ;
#3766 = CARTESIAN_POINT ( 'NONE',  ( 52.96619873587256677, 86.00000000000000000, -15.00000000000000178 ) ) ;
#3767 = FACE_OUTER_BOUND ( 'NONE', #7678, .T. ) ;
#3768 = AXIS2_PLACEMENT_3D ( 'NONE', #7600, #8230, #1435 ) ;
#3769 = CARTESIAN_POINT ( 'NONE',  ( 52.96619873587256677, 86.00000000000000000, -15.00000000000000178 ) ) ;
#3770 = CARTESIAN_POINT ( 'NONE',  ( -39.65951809612961654, 90.00000000000000000, 10.77047340365458084 ) ) ;
#3771 = CARTESIAN_POINT ( 'NONE',  ( -43.25000730176598296, 89.99999999999995737, 9.824859442184953551 ) ) ;
#3772 = B_SPLINE_CURVE_WITH_KNOTS ( 'NONE', 3,
 ( #3343, #1364, #7530, #7485, #5371, #8877, #59, #696, #4702, #8115, #7394, #6183, #6092, #1317, #4786, #8829, #3302, #7445, #650, #4151, #13, #4742 ),
 .UNSPECIFIED., .F., .F.,
 ( 4, 2, 2, 2, 2, 2, 2, 2, 2, 2, 4 ),
 ( 0.000000000000000000, 0.008397193232414633390, 0.01679438646482926678, 0.02099298308103658348, 0.02519157969724390017, 0.02729087800534756025, 0.02939017631345121340, 0.03148947462155487348, 0.03253912377560670699, 0.03306394835263262721, 0.03358877292965854744 ),
 .UNSPECIFIED. ) ;
#3773 = PLANE ( 'NONE',  #5991 ) ;
#3774 = ORIENTED_EDGE ( 'NONE', *, *, #2018, .T. ) ;
#3775 = APPROVAL_ROLE ( '' ) ;
#3776 = CARTESIAN_POINT ( 'NONE',  ( -69.17944727215702017, 85.70124639709193559, 7.938437076355255861 ) ) ;
#3777 = ORIENTED_EDGE ( 'NONE', *, *, #1769, .T. ) ;
#3778 = DIRECTION ( 'NONE',  ( 1.000000000000000000, 1.981317963297091180E-16, -0.000000000000000000 ) ) ;
#3779 = DIRECTION ( 'NONE',  ( -1.000000000000000000, 0.000000000000000000, 0.000000000000000000 ) ) ;
#3780 = CARTESIAN_POINT ( 'NONE',  ( 51.25798550430069866, 87.30724722967248397, 6.911745237365168215 ) ) ;
#3781 = EDGE_CURVE ( 'NONE', #3066, #1273, #3025, .T. ) ;
#3782 = CARTESIAN_POINT ( 'NONE',  ( -49.00999935143079966, 82.24689295812471812, 17.00000000000000000 ) ) ;
#3783 = CARTESIAN_POINT ( 'NONE',  ( 32.78569568022795266, 90.00000000000011369, 10.55224872562991756 ) ) ;
#3784 = ORIENTED_EDGE ( 'NONE', *, *, #4856, .F. ) ;
#3785 = VECTOR ( 'NONE', #2612, 1000.000000000000000 ) ;
#3786 = ORIENTED_EDGE ( 'NONE', *, *, #3892, .T. ) ;
#3787 = EDGE_CURVE ( 'NONE', #1844, #5224, #6247, .T. ) ;
#3788 = ORIENTED_EDGE ( 'NONE', *, *, #4164, .F. ) ;
#3789 = ORIENTED_EDGE ( 'NONE', *, *, #7130, .T. ) ;
#3790 = CARTESIAN_POINT ( 'NONE',  ( -77.84325246896887052, 88.30454655474225945, 16.47564502079909232 ) ) ;
#3791 = CARTESIAN_POINT ( 'NONE',  ( 71.68808109040551813, 88.90093966567550865, 6.767665382700750243 ) ) ;
#3793 = VECTOR ( 'NONE', #4431, 1000.000000000000000 ) ;
#3792 = CARTESIAN_POINT ( 'NONE',  ( 9.804986980587120371, 72.31761717137223400, 12.50000000000000000 ) ) ;
#3794 = DIRECTION ( 'NONE',  ( 1.000000000000000000, 0.000000000000000000, 0.000000000000000000 ) ) ;
#3795 = CARTESIAN_POINT ( 'NONE',  ( -21.31192640368340108, 69.75150446665328730, 15.00000000000000000 ) ) ;
#3796 = CARTESIAN_POINT ( 'NONE',  ( -40.26999999992408874, 89.50000000000005684, 13.96999999999999886 ) ) ;
#3797 = CARTESIAN_POINT ( 'NONE',  ( -52.54906543844063549, 89.34485357832085128, 6.581908733209295370 ) ) ;
#3798 = ORIENTED_EDGE ( 'NONE', *, *, #2093, .T. ) ;
#3799 = CARTESIAN_POINT ( 'NONE',  ( -26.99999999999998934, 89.87938524157162590, 9.868613674765077448 ) ) ;
#3800 = ORIENTED_EDGE ( 'NONE', *, *, #8626, .F. ) ;
#3801 = VECTOR ( 'NONE', #3190, 1000.000000000000114 ) ;
#3802 = CARTESIAN_POINT ( 'NONE',  ( -51.53498746194967595, 80.00000000000000000, 12.50000000000000000 ) ) ;
#3803 = CARTESIAN_POINT ( 'NONE',  ( -78.67806597062367757, 87.18682924598741124, 8.342926508961955534 ) ) ;
#3804 = AXIS2_PLACEMENT_3D ( 'NONE', #942, #7012, #7821 ) ;
#3805 = ORIENTED_EDGE ( 'NONE', *, *, #6153, .F. ) ;
#3806 = CARTESIAN_POINT ( 'NONE',  ( -26.99999999999999645, 85.99999999999997158, 8.400000000000000355 ) ) ;
#3807 = EDGE_CURVE ( 'NONE', #6674, #6932, #8282, .T. ) ;
#3808 = FACE_OUTER_BOUND ( 'NONE', #7333, .T. ) ;
#3809 = CARTESIAN_POINT ( 'NONE',  ( 48.88012310079921008, 90.00000000000002842, 9.201839716052058193 ) ) ;
#3810 = CARTESIAN_POINT ( 'NONE',  ( 43.06078427922813034, 86.00000000000014211, -15.00000000000000178 ) ) ;
#3811 = CARTESIAN_POINT ( 'NONE',  ( 92.83389310168156783, 76.30889113059477324, 11.53307690277786079 ) ) ;
#3812 = CARTESIAN_POINT ( 'NONE',  ( 24.99999999999999289, 86.59999999999999432, 8.400000000000000355 ) ) ;
#3813 = CARTESIAN_POINT ( 'NONE',  ( 45.64396435564658816, 89.34485360493505368, 7.820046010421676463 ) ) ;
#3814 = B_SPLINE_SURFACE_WITH_KNOTS ( 'NONE', 1, 3, ( 
 ( #5753, #270, #4990, #5709 ),
 ( #5037, #941, #3899, #5206 ) ),
 .UNSPECIFIED., .F., .F., .F.,
 ( 2, 2 ),
 ( 4, 4 ),
 ( 0.000000000000000000, 1.000000000000000000 ),
 ( 0.000000000000000000, 0.005800000000000020417 ),
 .UNSPECIFIED. ) ;
#3815 = CARTESIAN_POINT ( 'NONE',  ( -91.67059592432239867, 80.96393029359462901, 16.47728316390862346 ) ) ;
#3816 = CARTESIAN_POINT ( 'NONE',  ( -58.57485309675040241, 89.34485357832083707, 3.173937609481371602 ) ) ;
#3817 = FACE_OUTER_BOUND ( 'NONE', #5673, .T. ) ;
#3818 = VERTEX_POINT ( 'NONE', #3069 ) ;
#3819 = PERSON_AND_ORGANIZATION ( #18446744073709551615, #18446744073709551615 ) ;
#3820 = EDGE_LOOP ( 'NONE', ( #3789, #2391 ) ) ;
#3821 = CARTESIAN_POINT ( 'NONE',  ( -59.88172888568514196, 90.00000000000743228, 4.411708960437097815 ) ) ;
#3822 = VECTOR ( 'NONE', #8192, 1000.000000000000227 ) ;
#3823 = CARTESIAN_POINT ( 'NONE',  ( -39.77596799351556456, 89.50000000000005684, 13.88073351644746545 ) ) ;
#3824 = DIRECTION ( 'NONE',  ( 1.000000000000000000, 0.000000000000000000, 0.000000000000000000 ) ) ;
#3825 = CARTESIAN_POINT ( 'NONE',  ( 90.46202251618737478, 78.25473239991180208, 17.00000058923950519 ) ) ;
#3826 = AXIS2_PLACEMENT_3D ( 'NONE', #6106, #2635, #5433 ) ;
#3827 = CARTESIAN_POINT ( 'NONE',  ( 45.73796570924583449, 90.00000000000497380, 9.609676474546997582 ) ) ;
#3828 = VERTEX_POINT ( 'NONE', #1680 ) ;
#3829 = VERTEX_POINT ( 'NONE', #2438 ) ;
#3830 = ORIENTED_EDGE ( 'NONE', *, *, #6145, .F. ) ;
#3831 = CARTESIAN_POINT ( 'NONE',  ( 50.50000001708335162, 86.00000000000000000, 7.077492267574220897 ) ) ;
#3832 = CARTESIAN_POINT ( 'NONE',  ( 77.75190033139790557, 87.81076786037922943, 17.00000000000000000 ) ) ;
#3833 = EDGE_CURVE ( 'NONE', #5224, #5013, #423, .T. ) ;
#3834 = CARTESIAN_POINT ( 'NONE',  ( 91.87777453048016696, 80.83978022221016602, 16.24684844476054124 ) ) ;
#3835 = AXIS2_PLACEMENT_3D ( 'NONE', #7219, #5245, #1062 ) ;
#3836 = VECTOR ( 'NONE', #575, 1000.000000000000000 ) ;
#3837 = FACE_OUTER_BOUND ( 'NONE', #7306, .T. ) ;
#3838 = ADVANCED_FACE ( 'NONE', ( #7931 ), #3382, .T. ) ;
#3839 = CARTESIAN_POINT ( 'NONE',  ( -27.00000000000000000, 90.00000000000000000, 10.55265396141741086 ) ) ;
#3840 = CARTESIAN_POINT ( 'NONE',  ( -46.49790848116600017, 89.50000000000002842, 13.90320160935635663 ) ) ;
#3841 = CARTESIAN_POINT ( 'NONE',  ( 5.345529420184391292E-47, 90.00000000000000000, 16.50000000000002842 ) ) ;
#3842 = VECTOR ( 'NONE', #3630, 1000.000000000000000 ) ;
#3843 = EDGE_CURVE ( 'NONE', #8675, #6120, #2701, .T. ) ;
#3844 = AXIS2_PLACEMENT_3D ( 'NONE', #671, #7464, #2687 ) ;
#3845 = CARTESIAN_POINT ( 'NONE',  ( 93.11982243510186663, 76.11186649521673075, 12.95046536963117845 ) ) ;
#3846 = VERTEX_POINT ( 'NONE', #558 ) ;
#3847 = CARTESIAN_POINT ( 'NONE',  ( 28.51250017483374677, 89.34485357832082286, 8.400003390806672243 ) ) ;
#3848 = VERTEX_POINT ( 'NONE', #3249 ) ;
#3849 = B_SPLINE_CURVE_WITH_KNOTS ( 'NONE', 3,
 ( #5920, #6122, #3209, #5152, #6673, #2403, #4608, #7981, #8566, #7211, #381, #4771, #2444, #1864, #5963, #7896, #4567, #8701, #1146, #1187, #1101, #1011, #1775, #8655, #2530, #5283, #2487, #5447, #7305, #3926, #518, #3374, #5193, #3124, #5876, #1052, #8189, #2019, #3755, #6497, #336, #3076, #5824, #3797, #7939, #6170, #4863, #4092, #41, #3559, #7018, #8416, #860, #7642, #3603, #3422, #185, #8324, #8907, #2113, #3464, #4951, #8232, #2830, #1478, #2739, #5492, #812, #2918, #2250, #2065, #4817, #5581, #765, #7559, #2873, #2156, #6304, #3508, #5536, #4279, #139 ),
 .UNSPECIFIED., .F., .F.,
 ( 4, 2, 2, 2, 2, 2, 2, 2, 2, 2, 2, 2, 2, 2, 2, 2, 2, 2, 2, 2, 2, 2, 2, 2, 2, 2, 2, 2, 2, 2, 2, 2, 2, 2, 2, 2, 2, 2, 2, 2, 4 ),
 ( 0.000000000000000000, 0.1354975972022835762, 0.2032463958034252671, 0.2371207951039960571, 0.2540579947542814798, 0.2709951944045669303, 0.3387439930057087323, 0.4064927916068504232, 0.4742415902079921142, 0.5081159895085629596, 0.5419903888091338606, 0.5758647881097048726, 0.6097391874102756626, 0.6436135867108465636, 0.6774879860114173535, 0.7113623853119882545, 0.7198309851371309520, 0.7282995849622736495, 0.7367681847874164580, 0.7452367846125590445, 0.7621739842628444395, 0.7791111839131299455, 0.7875797837382727540, 0.7960483835634154515, 0.8129855832137008464, 0.8299227828639862414, 0.8468599825142717474, 0.8637971821645571424, 0.8807343818148426484, 0.8892029816399852349, 0.8976715814651281544, 0.9061401812902707409, 0.9146087811154134384, 0.9230773809405561359, 0.9251945308968418935, 0.9273116808531275401, 0.9315459807656988334, 0.9400145805908415308, 0.9484831804159842283, 0.9654203800662699564, 0.9815420924528702740 ),
 .UNSPECIFIED. ) ;
#3850 = CARTESIAN_POINT ( 'NONE',  ( 91.43397122838609903, 81.10229102111937038, 16.66384470223246694 ) ) ;
#3851 = CARTESIAN_POINT ( 'NONE',  ( -50.50000001708335162, 86.00000000000000000, 7.077492267574220897 ) ) ;
#3852 = CYLINDRICAL_SURFACE ( 'NONE', #7282, 2.000000000000001776 ) ;
#3853 = DIRECTION ( 'NONE',  ( -0.000000000000000000, -0.000000000000000000, 1.000000000000000000 ) ) ;
#3854 = CARTESIAN_POINT ( 'NONE',  ( 53.03769991946363405, 89.99999999999998579, 8.314327825485523960 ) ) ;
#3855 = CARTESIAN_POINT ( 'NONE',  ( -58.79955203818851572, 89.87938527674363343, 5.052164173991317675 ) ) ;
#3856 = DIRECTION ( 'NONE',  ( -1.000000000000000000, 0.000000000000000000, 0.000000000000000000 ) ) ;
#3857 = PLANE ( 'NONE',  #7120 ) ;
#3858 = FACE_OUTER_BOUND ( 'NONE', #3473, .T. ) ;
#3860 = CARTESIAN_POINT ( 'NONE',  ( 8.999999999999987566, 89.87938524049704370, 9.868613671812662247 ) ) ;
#3859 = B_SPLINE_CURVE_WITH_KNOTS ( 'NONE', 3,
 ( #2016, #8146, #4136, #7509 ),
 .UNSPECIFIED., .F., .F.,
 ( 4, 4 ),
 ( 0.000000000000000000, 1.000000000000000000 ),
 .UNSPECIFIED. ) ;
#3861 = CARTESIAN_POINT ( 'NONE',  ( -35.31841277722075745, 89.99999999999998579, 10.15163458292040310 ) ) ;
#3862 = CARTESIAN_POINT ( 'NONE',  ( -20.31192640368340108, 68.75150446665328730, 15.00000000000000000 ) ) ;
#3863 = ORIENTED_EDGE ( 'NONE', *, *, #4656, .F. ) ;
#3864 = PLANE ( 'NONE',  #5376 ) ;
#3865 = EDGE_LOOP ( 'NONE', ( #2629, #1360, #2863, #1754, #8453 ) ) ;
#3866 = CYLINDRICAL_SURFACE ( 'NONE', #2958, 1.400000000000000133 ) ;
#3867 = EDGE_CURVE ( 'NONE', #2225, #3291, #8059, .T. ) ;
#3868 = LINE ( 'NONE', #498, #3413 ) ;
#3869 = FACE_OUTER_BOUND ( 'NONE', #5490, .T. ) ;
#3870 = CARTESIAN_POINT ( 'NONE',  ( 90.31400299807005183, 78.35798982636892163, 16.99999999999999289 ) ) ;
#3871 = EDGE_CURVE ( 'NONE', #6120, #5031, #1309, .T. ) ;
#3872 = CARTESIAN_POINT ( 'NONE',  ( 47.83859283960713071, 89.87938522004368735, 9.024330333372709845 ) ) ;
#3873 = VERTEX_POINT ( 'NONE', #3921 ) ;
#3874 = DIRECTION ( 'NONE',  ( 0.000000000000000000, 0.000000000000000000, -1.000000000000000000 ) ) ;
#3875 = ORIENTED_EDGE ( 'NONE', *, *, #6546, .F. ) ;
#3876 = ORIENTED_EDGE ( 'NONE', *, *, #8546, .T. ) ;
#3877 = DIRECTION ( 'NONE',  ( -0.000000000000000000, 0.000000000000000000, 1.000000000000000000 ) ) ;
#3878 = CARTESIAN_POINT ( 'NONE',  ( 86.94067848070798732, 84.54643893765933171, 17.00000000001487521 ) ) ;
#3879 = CARTESIAN_POINT ( 'NONE',  ( 92.44345693803032304, 80.69385549230892707, 14.75873281400620840 ) ) ;
#3880 = CARTESIAN_POINT ( 'NONE',  ( -51.64159885055094890, 82.50000000000000000, 15.00000000000000178 ) ) ;
#3881 = DIRECTION ( 'NONE',  ( -0.1617068401990213178, 0.9868388408614895413, 0.000000000000000000 ) ) ;
#3882 = CARTESIAN_POINT ( 'NONE',  ( -46.38195122212843557, 89.99999999999997158, 10.69475694214958494 ) ) ;
#3883 = DIRECTION ( 'NONE',  ( -0.000000000000000000, -0.000000000000000000, 1.000000000000000000 ) ) ;
#3884 = B_SPLINE_CURVE_WITH_KNOTS ( 'NONE', 3,
 ( #6949, #7722, #4310, #3040, #7669, #121, #212, #7811 ),
 .UNSPECIFIED., .F., .F.,
 ( 4, 2, 2, 4 ),
 ( 0.000000000000000000, 0.0008159748374188937952, 0.001223962256128338904, 0.001631949674837783904 ),
 .UNSPECIFIED. ) ;
#3885 = CARTESIAN_POINT ( 'NONE',  ( 92.60043425498783165, 80.35550406117594946, 14.96225413482757993 ) ) ;
#3886 = ORIENTED_EDGE ( 'NONE', *, *, #8042, .T. ) ;
#3887 = ORIENTED_EDGE ( 'NONE', *, *, #8376, .F. ) ;
#3888 = CARTESIAN_POINT ( 'NONE',  ( 35.09939218621693158, 89.34485357832083707, 8.355096428807391007 ) ) ;
#3889 = EDGE_LOOP ( 'NONE', ( #7775, #5341, #8483, #10 ) ) ;
#3890 = DIRECTION ( 'NONE',  ( -1.000000000000000000, -0.000000000000000000, -0.000000000000000000 ) ) ;
#3891 = CARTESIAN_POINT ( 'NONE',  ( -90.74250530740350484, 81.94960057517641872, 11.06176533670378426 ) ) ;
#3892 = EDGE_CURVE ( 'NONE', #5879, #5110, #8113, .T. ) ;
#3893 = CARTESIAN_POINT ( 'NONE',  ( -23.31192640368340108, 78.00000000000000000, 12.50000000000000000 ) ) ;
#3894 = ADVANCED_FACE ( 'NONE', ( #6667 ), #8628, .F. ) ;
#3895 = DIRECTION ( 'NONE',  ( -1.000000000000000000, 0.000000000000000000, 0.000000000000000000 ) ) ;
#3896 = CARTESIAN_POINT ( 'NONE',  ( 53.85135813275727656, 89.99999999999997158, 8.070877958817428421 ) ) ;
#3897 = DIRECTION ( 'NONE',  ( 0.000000000000000000, 0.000000000000000000, 1.000000000000000000 ) ) ;
#3898 = DIRECTION ( 'NONE',  ( 0.000000000000000000, 0.000000000000000000, 1.000000000000000000 ) ) ;
#3899 = CARTESIAN_POINT ( 'NONE',  ( -42.20333333325745429, 89.99999999999991473, 14.46999999999995978 ) ) ;
#3900 = CARTESIAN_POINT ( 'NONE',  ( -23.32842712474621649, 86.00000000000000000, 11.13333333333333819 ) ) ;
#3901 = CARTESIAN_POINT ( 'NONE',  ( -40.20724446947672703, 89.99999999999991473, 10.67000172030468619 ) ) ;
#3902 = DIRECTION ( 'NONE',  ( 0.000000000000000000, 1.000000000000000000, 0.000000000000000000 ) ) ;
#3903 = VERTEX_POINT ( 'NONE', #3642 ) ;
#3904 = EDGE_CURVE ( 'NONE', #6220, #3873, #5385, .T. ) ;
#3905 = DIRECTION ( 'NONE',  ( 1.000000000000000000, 0.000000000000000000, 0.000000000000000000 ) ) ;
#3906 = FACE_OUTER_BOUND ( 'NONE', #105, .T. ) ;
#3907 = VECTOR ( 'NONE', #4554, 1000.000000000000000 ) ;
#3908 = ORIENTED_EDGE ( 'NONE', *, *, #6042, .T. ) ;
#3909 = CARTESIAN_POINT ( 'NONE',  ( -49.61069771982838006, 86.00000000000000000, 7.261418830908296762 ) ) ;
#3910 = ADVANCED_FACE ( 'NONE', ( #178 ), #7867, .T. ) ;
#3911 = FACE_OUTER_BOUND ( 'NONE', #1153, .T. ) ;
#3912 = CYLINDRICAL_SURFACE ( 'NONE', #934, 0.9999999999999991118 ) ;
#3913 = DIRECTION ( 'NONE',  ( 0.3746065934159061861, -0.9271838545667898668, 4.997964945189721404E-17 ) ) ;
#3914 = CARTESIAN_POINT ( 'NONE',  ( 57.22501683871701061, 89.87938526679664619, 6.250299716061827660 ) ) ;
#3915 = VERTEX_POINT ( 'NONE', #3729 ) ;
#3916 = CARTESIAN_POINT ( 'NONE',  ( -93.02662189295875805, 80.19920044485721178, 13.49278094046397491 ) ) ;
#3917 = ORIENTED_EDGE ( 'NONE', *, *, #6512, .F. ) ;
#3918 = EDGE_LOOP ( 'NONE', ( #2008, #7687, #537, #8131, #6036 ) ) ;
#3919 = FACE_OUTER_BOUND ( 'NONE', #6649, .T. ) ;
#3920 = CARTESIAN_POINT ( 'NONE',  ( 76.69966884770559545, 88.10396874568239411, 16.99999999999999645 ) ) ;
#3921 = CARTESIAN_POINT ( 'NONE',  ( -60.22970259012879524, 89.50000000000000000, 4.185408263296269027 ) ) ;
#3922 = AXIS2_PLACEMENT_3D ( 'NONE', #2703, #4142, #3336 ) ;
#3923 = DIRECTION ( 'NONE',  ( 0.000000000000000000, -0.000000000000000000, -1.000000000000000000 ) ) ;
#3924 = CARTESIAN_POINT ( 'NONE',  ( -47.39612397838138946, 89.50000000000007105, 13.02109193687585353 ) ) ;
#3925 = CARTESIAN_POINT ( 'NONE',  ( 59.87811804329400900, 90.00000000000000000, 4.588026333909621002 ) ) ;
#3926 = CARTESIAN_POINT ( 'NONE',  ( -49.67103350139942819, 89.34485357832090813, 7.241145329559439681 ) ) ;
#3927 = ORIENTED_EDGE ( 'NONE', *, *, #4190, .F. ) ;
#3928 = CARTESIAN_POINT ( 'NONE',  ( 61.67567868455343927, 89.99999999998972555, 4.511273049862498219 ) ) ;
#3929 = VERTEX_POINT ( 'NONE', #6470 ) ;
#3930 = CARTESIAN_POINT ( 'NONE',  ( -85.90162311798901840, 80.68926641776006647, 9.970825418983013222 ) ) ;
#3931 = LINE ( 'NONE', #6681, #7812 ) ;
#3932 = AXIS2_PLACEMENT_3D ( 'NONE', #8074, #3853, #6639 ) ;
#3933 = ADVANCED_FACE ( 'NONE', ( #7049 ), #6338, .F. ) ;
#3934 = DIRECTION ( 'NONE',  ( 0.000000000000000000, 0.000000000000000000, -1.000000000000000000 ) ) ;
#3935 = AXIS2_PLACEMENT_3D ( 'NONE', #1625, #320, #3742 ) ;
#3936 = CARTESIAN_POINT ( 'NONE',  ( -93.15724964809649578, 76.07651462785368324, 12.68576975618952929 ) ) ;
#3937 = CARTESIAN_POINT ( 'NONE',  ( 57.06251965219146172, 89.99999999999998579, 6.707923935622853051 ) ) ;
#3938 = CYLINDRICAL_SURFACE ( 'NONE', #252, 0.5000000000000004441 ) ;
#3939 = FACE_OUTER_BOUND ( 'NONE', #4966, .T. ) ;
#3940 = DIRECTION ( 'NONE',  ( 1.000000000000000000, -0.000000000000000000, 0.000000000000000000 ) ) ;
#3941 = CARTESIAN_POINT ( 'NONE',  ( 49.59878483206426125, 89.34485360493508210, 7.277719665233581381 ) ) ;
#3942 = EDGE_CURVE ( 'NONE', #2695, #2583, #2912, .T. ) ;
#3943 = AXIS2_PLACEMENT_3D ( 'NONE', #2616, #5366, #7523 ) ;
#3944 = AXIS2_PLACEMENT_3D ( 'NONE', #1657, #8408, #271 ) ;
#3945 = ADVANCED_FACE ( 'NONE', ( #3049 ), #7261, .T. ) ;
#3946 = CARTESIAN_POINT ( 'NONE',  ( -67.42564048259829690, 89.35371758601652914, 5.807082905408420537 ) ) ;
#3947 = CARTESIAN_POINT ( 'NONE',  ( -27.00000000000000000, 89.99999999999994316, 10.19999999999989804 ) ) ;
#3948 = ORIENTED_EDGE ( 'NONE', *, *, #2419, .T. ) ;
#3949 = CALENDAR_DATE ( 2026, 4, 4 ) ;
#3950 = FACE_OUTER_BOUND ( 'NONE', #7634, .T. ) ;
#3951 = ORIENTED_EDGE ( 'NONE', *, *, #876, .T. ) ;
#3952 = CARTESIAN_POINT ( 'NONE',  ( -46.90235661963061631, 85.99999999999997158, 7.661231539260440648 ) ) ;
#3953 = CARTESIAN_POINT ( 'NONE',  ( 0.000000000000000000, 76.00000000000000000, 14.20000000000000107 ) ) ;
#3954 = VECTOR ( 'NONE', #3270, 1000.000000000000000 ) ;
#3955 = DIRECTION ( 'NONE',  ( 0.000000000000000000, 0.000000000000000000, -1.000000000000000000 ) ) ;
#3956 = DIRECTION ( 'NONE',  ( -0.000000000000000000, -0.000000000000000000, 1.000000000000000000 ) ) ;
#3957 = CARTESIAN_POINT ( 'NONE',  ( 59.42207855416774009, 89.99999999999972999, 4.896213014755160131 ) ) ;
#3958 = ORIENTED_EDGE ( 'NONE', *, *, #7264, .T. ) ;
#3959 = PLANE ( 'NONE',  #7639 ) ;
#3960 = EDGE_LOOP ( 'NONE', ( #1765, #2283, #3582, #6135 ) ) ;
#3961 = ORIENTED_EDGE ( 'NONE', *, *, #598, .F. ) ;
#3962 = CARTESIAN_POINT ( 'NONE',  ( 26.99999999999999645, 85.99999999999997158, 8.400000000000000355 ) ) ;
#3963 = VECTOR ( 'NONE', #7676, 1000.000000000000000 ) ;
#3964 = FACE_OUTER_BOUND ( 'NONE', #2261, .T. ) ;
#3965 = EDGE_CURVE ( 'NONE', #4772, #7752, #1070, .T. ) ;
#3966 = CARTESIAN_POINT ( 'NONE',  ( -39.90355296182110578, 89.50000000000007105, 11.20643825266435556 ) ) ;
#3967 = CARTESIAN_POINT ( 'NONE',  ( 36.26172924952129506, 83.02222222221060122, 17.00000000000001066 ) ) ;
#3968 = B_SPLINE_CURVE_WITH_KNOTS ( 'NONE', 3,
 ( #705, #1242, #3988, #6059, #8124, #1286, #3678, #4981, #68, #931 ),
 .UNSPECIFIED., .F., .F.,
 ( 4, 2, 2, 2, 4 ),
 ( 0.000000000000000000, 0.0001969198354533390947, 0.0003938396709066781893, 0.0005907595063600172298, 0.0007876793418133563787 ),
 .UNSPECIFIED. ) ;
#3969 = FACE_OUTER_BOUND ( 'NONE', #4769, .T. ) ;
#3970 = CARTESIAN_POINT ( 'NONE',  ( -47.25885922291668351, 89.50000000000005684, 13.30969362452652760 ) ) ;
#3971 = CARTESIAN_POINT ( 'NONE',  ( 0.000000000000000000, 80.00000000000000000, 12.50000000000000000 ) ) ;
#3972 = VERTEX_POINT ( 'NONE', #2418 ) ;
#3973 = CARTESIAN_POINT ( 'NONE',  ( 63.84929463321039123, 89.99442131198301809, 5.001118559683757958 ) ) ;
#3974 = AXIS2_PLACEMENT_3D ( 'NONE', #5522, #7544, #1247 ) ;
#3975 = DIRECTION ( 'NONE',  ( -0.000000000000000000, -0.000000000000000000, 1.000000000000000000 ) ) ;
#3976 = AXIS2_PLACEMENT_3D ( 'NONE', #6900, #4789, #6228 ) ;
#3977 = CARTESIAN_POINT ( 'NONE',  ( -74.59118626967983801, 88.60502803002472660, 16.99999999999999645 ) ) ;
#3978 = AXIS2_PLACEMENT_3D ( 'NONE', #2076, #6265, #1490 ) ;
#3979 = CARTESIAN_POINT ( 'NONE',  ( 72.56219347204557835, 85.36763420936313196, 13.36113269468580533 ) ) ;
#3980 = VECTOR ( 'NONE', #1748, 1000.000000000000000 ) ;
#3981 = ADVANCED_FACE ( 'NONE', ( #3858 ), #3184, .T. ) ;
#3982 = CARTESIAN_POINT ( 'NONE',  ( 54.50150509059231041, 80.00000000000000000, 14.20000000000000107 ) ) ;
#3983 = VERTEX_POINT ( 'NONE', #3141 ) ;
#3984 = CARTESIAN_POINT ( 'NONE',  ( 57.22707283636686526, 90.00000000000001421, 6.613279690174576508 ) ) ;
#3985 = DIRECTION ( 'NONE',  ( 0.000000000000000000, 0.000000000000000000, 1.000000000000000000 ) ) ;
#3986 = ORIENTED_EDGE ( 'NONE', *, *, #213, .F. ) ;
#3987 = CARTESIAN_POINT ( 'NONE',  ( 53.99999999999998579, 83.00000000000000000, 15.00000000000000178 ) ) ;
#3988 = CARTESIAN_POINT ( 'NONE',  ( 92.93543597418235436, 76.23048591784819905, 11.56443784384756235 ) ) ;
#3989 = CARTESIAN_POINT ( 'NONE',  ( 49.59878483206426125, 85.99999999999995737, 7.277719665233581381 ) ) ;
#3990 = AXIS2_PLACEMENT_3D ( 'NONE', #136, #857, #2195 ) ;
#3991 = FACE_OUTER_BOUND ( 'NONE', #7884, .T. ) ;
#3992 = CARTESIAN_POINT ( 'NONE',  ( 1.748270750565812603, 83.02222222222222570, 13.50000000000000000 ) ) ;
#3993 = EDGE_LOOP ( 'NONE', ( #2176, #8006, #6893, #8144, #1514, #7116 ) ) ;
#3994 = ADVANCED_FACE ( 'NONE', ( #442 ), #6559, .F. ) ;
#3995 = COORDINATED_UNIVERSAL_TIME_OFFSET ( 1, 0, .AHEAD. ) ;
#3996 = CARTESIAN_POINT ( 'NONE',  ( -54.49999999999998579, 83.00000000000000000, 17.00000000000000000 ) ) ;
#3997 = CARTESIAN_POINT ( 'NONE',  ( -23.31192640368340108, 78.00000000000000000, 15.00000000000000178 ) ) ;
#3998 = EDGE_LOOP ( 'NONE', ( #4494, #3515, #1738, #4910, #4748, #1029 ) ) ;
#3999 = CARTESIAN_POINT ( 'NONE',  ( 68.34475205658222308, 86.00255792380426101, 6.014213644316180662 ) ) ;
#4000 = CARTESIAN_POINT ( 'NONE',  ( -40.08695407080725914, 89.50000000000000000, 11.18126582843243888 ) ) ;
#4001 = CARTESIAN_POINT ( 'NONE',  ( -53.99999999999998579, 80.50000000000000000, 12.50000000000000000 ) ) ;
#4002 = LINE ( 'NONE', #8184, #2837 ) ;
#4003 = CARTESIAN_POINT ( 'NONE',  ( 59.33488475848846377, 89.87938524157421227, 4.506633490294940536 ) ) ;
#4004 = VERTEX_POINT ( 'NONE', #8081 ) ;
#4005 = CARTESIAN_POINT ( 'NONE',  ( -92.80425341208588463, 80.39901507564979966, 14.36758278264530908 ) ) ;
#4006 = ORIENTED_EDGE ( 'NONE', *, *, #682, .F. ) ;
#4007 = EDGE_CURVE ( 'NONE', #2698, #6780, #5208, .T. ) ;
#4008 = ORIENTED_EDGE ( 'NONE', *, *, #6481, .F. ) ;
#4009 = DIRECTION ( 'NONE',  ( -0.000000000000000000, 1.000000000000000000, 0.000000000000000000 ) ) ;
#4010 = CARTESIAN_POINT ( 'NONE',  ( 66.00000000000092371, 89.49981558091647571, 16.99999999999999289 ) ) ;
#4011 = CARTESIAN_POINT ( 'NONE',  ( 92.95858684311231457, 80.23516913899763381, 12.72753662409037112 ) ) ;
#4012 = CARTESIAN_POINT ( 'NONE',  ( 28.00001660253188263, 86.60000000000000853, 8.400000000000000355 ) ) ;
#4013 = EDGE_CURVE ( 'NONE', #1336, #4293, #7681, .T. ) ;
#4014 = CARTESIAN_POINT ( 'NONE',  ( -69.75504353565573012, 85.83390002241495154, 17.00000000000000000 ) ) ;
#4015 = CARTESIAN_POINT ( 'NONE',  ( -47.02726200019233715, 89.50000000000000000, 13.59184879465809104 ) ) ;
#4016 = CARTESIAN_POINT ( 'NONE',  ( 64.62500002032564339, 89.50000000000000000, 17.00000000000000711 ) ) ;
#4017 = EDGE_CURVE ( 'NONE', #5488, #6751, #5840, .T. ) ;
#4018 = ORIENTED_EDGE ( 'NONE', *, *, #5875, .T. ) ;
#4019 = CARTESIAN_POINT ( 'NONE',  ( -70.58103052174377012, 85.59291903715063654, 10.94898720091204147 ) ) ;
#4020 = CARTESIAN_POINT ( 'NONE',  ( -77.32351244769445486, 84.03854134430514478, 8.037664688704053262 ) ) ;
#4021 = CARTESIAN_POINT ( 'NONE',  ( -88.80901270584440965, 83.42882223887522741, 17.00000000001137224 ) ) ;
#4022 = CARTESIAN_POINT ( 'NONE',  ( -58.07679148338822017, 89.34485357832082286, 3.698929875986079807 ) ) ;
#4023 = CARTESIAN_POINT ( 'NONE',  ( -15.38061663056503825, 68.75150446665328730, 36.88536684330890125 ) ) ;
#4024 = CARTESIAN_POINT ( 'NONE',  ( -92.15658222076491768, 80.73302743805759008, 15.86226774505987080 ) ) ;
#4025 = VERTEX_POINT ( 'NONE', #7319 ) ;
#4026 = CARTESIAN_POINT ( 'NONE',  ( 58.08781746995341422, 89.34485357832087971, 3.687307917099995613 ) ) ;
#4027 = CARTESIAN_POINT ( 'NONE',  ( -21.31192640368340108, 68.75150446665328730, 12.50000000000000000 ) ) ;
#4028 = VERTEX_POINT ( 'NONE', #4535 ) ;
#4029 = CYLINDRICAL_SURFACE ( 'NONE', #8637, 3.000000000000002665 ) ;
#4030 = CARTESIAN_POINT ( 'NONE',  ( 1.749999999999999334, 83.09999999999999432, 14.70000000000002061 ) ) ;
#4031 = CARTESIAN_POINT ( 'NONE',  ( 29.66582369357791293, 85.99999999999995737, 8.400000000000000355 ) ) ;
#4032 = EDGE_CURVE ( 'NONE', #8601, #3614, #3248, .T. ) ;
#4033 = VECTOR ( 'NONE', #6350, 1000.000000000000000 ) ;
#4034 = CARTESIAN_POINT ( 'NONE',  ( 0.000000000000000000, 83.09999999999999432, 12.50000000000000000 ) ) ;
#4035 = ORIENTED_EDGE ( 'NONE', *, *, #3807, .T. ) ;
#4036 = DIRECTION ( 'NONE',  ( -0.000000000000000000, -0.000000000000000000, 1.000000000000000000 ) ) ;
#4037 = DIRECTION ( 'NONE',  ( 0.000000000000000000, -0.000000000000000000, -1.000000000000000000 ) ) ;
#4038 = ORIENTED_EDGE ( 'NONE', *, *, #3131, .F. ) ;
#4039 = DIRECTION ( 'NONE',  ( -1.000000000000000000, 0.000000000000000000, 0.000000000000000000 ) ) ;
#4040 = CARTESIAN_POINT ( 'NONE',  ( -38.87901335144314885, 89.50000000000002842, 12.40976071820788285 ) ) ;
#4041 = CARTESIAN_POINT ( 'NONE',  ( -59.34932345747370874, 90.00000000000002842, 4.972718778635271342 ) ) ;
#4042 = CARTESIAN_POINT ( 'NONE',  ( -16.00910350054426701, 69.76991160768594114, 14.20000000000000107 ) ) ;
#4043 = CARTESIAN_POINT ( 'NONE',  ( 59.88172888568095686, 89.99999999999998579, 4.411708960402711099 ) ) ;
#4044 = ORIENTED_EDGE ( 'NONE', *, *, #40, .T. ) ;
#4045 = CARTESIAN_POINT ( 'NONE',  ( 0.000000000000000000, 82.50000000000000000, 17.00000000000000000 ) ) ;
#4046 = EDGE_LOOP ( 'NONE', ( #195, #5638, #1252, #8345, #1164, #1325, #5269, #1149, #5986, #3786, #3002, #3724, #6256, #3450, #1854, #1921, #4148, #3129, #1041, #7038, #5346, #1302, #286, #6840, #7831, #7163, #7794, #3125, #6505, #8016, #5357, #2716, #6024, #1264, #5314, #8576, #7813, #6336, #3411, #5399, #3316, #3958, #4598, #2005, #1290, #7926, #4916, #7851, #8147, #4708, #5624, #1979, #4412, #368 ) ) ;
#4047 = ORIENTED_EDGE ( 'NONE', *, *, #8376, .T. ) ;
#4048 = CARTESIAN_POINT ( 'NONE',  ( 92.76120218962797992, 80.41599643340744308, 13.77063776973975529 ) ) ;
#4049 = DIRECTION ( 'NONE',  ( 0.7071067811865435759, 0.000000000000000000, 0.7071067811865515695 ) ) ;
#4050 = CARTESIAN_POINT ( 'NONE',  ( -32.33164822575451325, 85.99999999999995737, 8.400038295003122713 ) ) ;
#4051 = AXIS2_PLACEMENT_3D ( 'NONE', #6565, #6650, #2552 ) ;
#4052 = CARTESIAN_POINT ( 'NONE',  ( -52.96619873587256677, 90.00000000000000000, -15.00000000000000178 ) ) ;
#4053 = ADVANCED_FACE ( 'NONE', ( #6646 ), #4613, .T. ) ;
#4054 = CYLINDRICAL_SURFACE ( 'NONE', #8392, 2.000000000000000000 ) ;
#4055 = EDGE_CURVE ( 'NONE', #5356, #8134, #1375, .T. ) ;
#4056 = CARTESIAN_POINT ( 'NONE',  ( -47.49889966963623777, 89.99999999999998579, 13.82382583145332866 ) ) ;
#4057 = DIRECTION ( 'NONE',  ( 1.000000000000000000, 0.000000000000000000, 0.000000000000000000 ) ) ;
#4058 = ORIENTED_EDGE ( 'NONE', *, *, #2073, .T. ) ;
#4059 = CARTESIAN_POINT ( 'NONE',  ( 77.32191260005403421, 84.04916068335181478, 8.037304147458021575 ) ) ;
#4060 = CARTESIAN_POINT ( 'NONE',  ( -84.06543310209923447, 81.58263559803668841, 9.557022127269775069 ) ) ;
#4061 = EDGE_CURVE ( 'NONE', #5897, #3149, #8125, .T. ) ;
#4062 = CARTESIAN_POINT ( 'NONE',  ( -90.31400697876469508, 81.72273869471308672, 16.99999999999998579 ) ) ;
#4063 = CARTESIAN_POINT ( 'NONE',  ( -34.18414392071628072, 89.99999999999995737, 10.16903284527950113 ) ) ;
#4064 = CARTESIAN_POINT ( 'NONE',  ( -70.36655842680383444, 85.49414003543847684, 6.469745136402275776 ) ) ;
#4065 = CARTESIAN_POINT ( 'NONE',  ( -92.28006199117881181, 76.85081184244855024, 15.64951592159220795 ) ) ;
#4066 = AXIS2_PLACEMENT_3D ( 'NONE', #378, #1684, #7253 ) ;
#4067 = ORIENTED_EDGE ( 'NONE', *, *, #1528, .F. ) ;
#4068 = CARTESIAN_POINT ( 'NONE',  ( 56.79187539242722949, 89.34485357832085128, 4.764325845764617817 ) ) ;
#4069 = FACE_OUTER_BOUND ( 'NONE', #2964, .T. ) ;
#4070 = FACE_OUTER_BOUND ( 'NONE', #2333, .T. ) ;
#4071 = LINE ( 'NONE', #6734, #6689 ) ;
#4072 = DIRECTION ( 'NONE',  ( 0.000000000000000000, 0.000000000000000000, -1.000000000000000000 ) ) ;
#4073 = EDGE_CURVE ( 'NONE', #5617, #3057, #2800, .T. ) ;
#4074 = VECTOR ( 'NONE', #2527, 1000.000000000000000 ) ;
#4075 = ADVANCED_FACE ( 'NONE', ( #2092 ), #5520, .F. ) ;
#4076 = ORIENTED_EDGE ( 'NONE', *, *, #7748, .F. ) ;
#4077 = CARTESIAN_POINT ( 'NONE',  ( 59.87906275424979441, 89.99999999999997158, 4.588359201973491786 ) ) ;
#4078 = ORIENTED_EDGE ( 'NONE', *, *, #5372, .T. ) ;
#4079 = CARTESIAN_POINT ( 'NONE',  ( -46.06999999992408590, 94.19162435117168286, 13.97000000000000064 ) ) ;
#4080 = CARTESIAN_POINT ( 'NONE',  ( 23.37228132326902852, 82.50000000000000000, 17.00000000000000000 ) ) ;
#4081 = VERTEX_POINT ( 'NONE', #2046 ) ;
#4082 = CARTESIAN_POINT ( 'NONE',  ( -34.08444296631653003, 85.99999999999995737, 8.370357170729585405 ) ) ;
#4083 = CIRCLE ( 'NONE', #8683, 1.750000000000001554 ) ;
#4084 = AXIS2_PLACEMENT_3D ( 'NONE', #335, #427, #1050 ) ;
#4085 = CARTESIAN_POINT ( 'NONE',  ( -38.94378961472185807, 89.50000000000004263, 13.01909605665709257 ) ) ;
#4086 = CARTESIAN_POINT ( 'NONE',  ( -59.88069766009749628, 89.99999999999998579, 4.412795945360254990 ) ) ;
#4087 = CARTESIAN_POINT ( 'NONE',  ( -52.96619873587256677, 86.00000000000000000, -15.00000000000000178 ) ) ;
#4088 = CARTESIAN_POINT ( 'NONE',  ( 59.76389173455485349, 89.87938524157181064, 4.054429706277437262 ) ) ;
#4089 = ORIENTED_EDGE ( 'NONE', *, *, #3727, .T. ) ;
#4090 = CARTESIAN_POINT ( 'NONE',  ( 38.91000000008891391, 83.09999999994768416, 17.00000000000000000 ) ) ;
#4091 = ORIENTED_EDGE ( 'NONE', *, *, #5715, .F. ) ;
#4092 = CARTESIAN_POINT ( 'NONE',  ( -53.13843589074910057, 89.34485357832093655, 6.408075503122998562 ) ) ;
#4093 = EDGE_LOOP ( 'NONE', ( #752, #2358, #5863, #2238, #3961, #1221, #4333, #4158 ) ) ;
#4094 = CARTESIAN_POINT ( 'NONE',  ( -29.89236037212340236, 89.99999999999998579, 10.55265773500305215 ) ) ;
#4095 = CARTESIAN_POINT ( 'NONE',  ( -57.73362150751905375, 89.34485357832086549, 4.034953414339246258 ) ) ;
#4096 = FACE_OUTER_BOUND ( 'NONE', #312, .T. ) ;
#4097 = VECTOR ( 'NONE', #3082, 1000.000000000000000 ) ;
#4098 = EDGE_LOOP ( 'NONE', ( #2604, #1725, #8200, #2423 ) ) ;
#4099 = CARTESIAN_POINT ( 'NONE',  ( -47.96982536573753464, 90.00000000000000000, 12.82020762841822403 ) ) ;
#4100 = CARTESIAN_POINT ( 'NONE',  ( -47.96628146740284393, 90.00000000000000000, 12.44718622295755317 ) ) ;
#4101 = CARTESIAN_POINT ( 'NONE',  ( 27.00000000000000000, 90.00000000000000000, 10.55265396141741086 ) ) ;
#4102 = CARTESIAN_POINT ( 'NONE',  ( 8.804986980587120371, 72.31761717137223400, 12.50000000000000000 ) ) ;
#4103 = ORIENTED_EDGE ( 'NONE', *, *, #4627, .T. ) ;
#4104 = ADVANCED_FACE ( 'NONE', ( #3488 ), #6104, .T. ) ;
#4105 = CARTESIAN_POINT ( 'NONE',  ( -70.67762189742724388, 85.56846810068257980, 10.55023004910801632 ) ) ;
#4106 = CARTESIAN_POINT ( 'NONE',  ( 30.20949909627083585, 88.17917634643238500, 8.397221457260858557 ) ) ;
#4107 = AXIS2_PLACEMENT_3D ( 'NONE', #7417, #7961, #4632 ) ;
#4108 = CARTESIAN_POINT ( 'NONE',  ( -86.92983547652967502, 84.52239325081612265, 16.47493175562436463 ) ) ;
#4109 = EDGE_CURVE ( 'NONE', #7887, #1468, #2675, .T. ) ;
#4110 = CARTESIAN_POINT ( 'NONE',  ( -58.07302436417131020, 89.34485357832082286, 3.702898903784812568 ) ) ;
#4111 = DIRECTION ( 'NONE',  ( 4.163336342345625335E-16, -0.000000000000000000, 1.000000000000000000 ) ) ;
#4112 = AXIS2_PLACEMENT_3D ( 'NONE', #3645, #4411, #6388 ) ;
#4113 = CARTESIAN_POINT ( 'NONE',  ( 50.50000001708335162, 86.00000000000000000, 7.077492267574220897 ) ) ;
#4114 = ORIENTED_EDGE ( 'NONE', *, *, #6927, .F. ) ;
#4115 = CARTESIAN_POINT ( 'NONE',  ( 32.29364323972152562, 89.99999999999995737, 10.18820849497304870 ) ) ;
#4116 = CARTESIAN_POINT ( 'NONE',  ( 71.09200074425972105, 85.48839838340302322, 9.853059557591016926 ) ) ;
#4117 = DIRECTION ( 'NONE',  ( 0.000000000000000000, 0.000000000000000000, 1.000000000000000000 ) ) ;
#4118 = DIRECTION ( 'NONE',  ( -1.000000000000000000, 0.000000000000000000, 0.000000000000000000 ) ) ;
#4119 = AXIS2_PLACEMENT_3D ( 'NONE', #4350, #6417, #1600 ) ;
#4120 = CARTESIAN_POINT ( 'NONE',  ( 65.66699594561768549, 86.99556551385957448, 5.410755242117296859 ) ) ;
#4121 = VECTOR ( 'NONE', #7396, 1000.000000000000000 ) ;
#4122 = VECTOR ( 'NONE', #5339, 1000.000000000000000 ) ;
#4123 = B_SPLINE_CURVE_WITH_KNOTS ( 'NONE', 3,
 ( #8740, #4912, #1442, #8285, #5632, #5498, #8373, #773, #6352, #4779, #5543, #2705, #4099, #3429, #3518, #6261, #7565, #7025, #98, #4186, #2206, #2793, #7608, #1402, #2745, #4236 ),
 .UNSPECIFIED., .F., .F.,
 ( 4, 2, 2, 2, 2, 2, 2, 2, 2, 2, 2, 2, 4 ),
 ( 0.000000000000000000, 0.06249999999999929223, 0.1249999999999985845, 0.1874999999999978906, 0.2499999999999971689, 0.3749999999999988343, 0.5000000000000005551, 0.5625000000000014433, 0.6250000000000022204, 0.7500000000000025535, 0.8125000000000012212, 0.8749999999999998890, 1.000000000000000000 ),
 .UNSPECIFIED. ) ;
#4124 = VERTEX_POINT ( 'NONE', #4163 ) ;
#4125 = DIRECTION ( 'NONE',  ( 1.000000000000000000, 0.000000000000000000, 0.000000000000000000 ) ) ;
#4126 = ORIENTED_EDGE ( 'NONE', *, *, #8734, .T. ) ;
#4127 = PERSON_AND_ORGANIZATION ( #18446744073709551615, #18446744073709551615 ) ;
#4128 = DIRECTION ( 'NONE',  ( 0.000000000000000000, -0.000000000000000000, -1.000000000000000000 ) ) ;
#4129 = CARTESIAN_POINT ( 'NONE',  ( -90.89360550517758952, 77.94316099334498915, 16.91972416021729586 ) ) ;
#4130 = ORIENTED_EDGE ( 'NONE', *, *, #4361, .F. ) ;
#4131 = CARTESIAN_POINT ( 'NONE',  ( -34.94534702115966240, 85.99999999999992895, 8.357547257022014620 ) ) ;
#4132 = VECTOR ( 'NONE', #2517, 1000.000000000000000 ) ;
#4133 = CARTESIAN_POINT ( 'NONE',  ( -38.99420094909113743, 89.50000000000004263, 11.99171393797516494 ) ) ;
#4134 = CARTESIAN_POINT ( 'NONE',  ( -60.26709111652977668, 90.00000000000004263, 4.005509833799343333 ) ) ;
#4135 = VERTEX_POINT ( 'NONE', #5429 ) ;
#4136 = CARTESIAN_POINT ( 'NONE',  ( -42.20766829547724086, 89.99999999999997158, 10.67000000000003546 ) ) ;
#4137 = EDGE_LOOP ( 'NONE', ( #8357, #5684, #390, #8380 ) ) ;
#4138 = LINE ( 'NONE', #722, #783 ) ;
#4139 = VERTEX_POINT ( 'NONE', #8173 ) ;
#4140 = LINE ( 'NONE', #3466, #6977 ) ;
#4141 = CARTESIAN_POINT ( 'NONE',  ( 68.17855668370172850, 89.49338698206271658, 16.99999999999999289 ) ) ;
#4142 = DIRECTION ( 'NONE',  ( -1.000000000000000000, 0.000000000000000000, 0.000000000000000000 ) ) ;
#4143 = EDGE_CURVE ( 'NONE', #2877, #5593, #6735, .T. ) ;
#4144 = DIRECTION ( 'NONE',  ( 4.163336342345625335E-16, -0.000000000000000000, 1.000000000000000000 ) ) ;
#4145 = CARTESIAN_POINT ( 'NONE',  ( -47.61592081167950141, 89.99999999999995737, 11.46367248865400157 ) ) ;
#4146 = FACE_BOUND ( 'NONE', #4933, .T. ) ;
#4147 = CARTESIAN_POINT ( 'NONE',  ( -50.80999935143079682, 82.24689295812471812, 13.85000000000000675 ) ) ;
#4148 = ORIENTED_EDGE ( 'NONE', *, *, #5712, .T. ) ;
#4149 = CARTESIAN_POINT ( 'NONE',  ( 27.23653962231430725, 78.80006240345578306, 12.50000000000000000 ) ) ;
#4150 = CARTESIAN_POINT ( 'NONE',  ( 38.01000000008891533, 83.09999999994768416, 13.85000000000000675 ) ) ;
#4151 = CARTESIAN_POINT ( 'NONE',  ( 59.17196774028553108, 89.87938524141468122, 4.681039817345634013 ) ) ;
#4152 = B_SPLINE_CURVE_WITH_KNOTS ( 'NONE', 3,
 ( #3572, #4826, #6892, #6980, #4872, #2929, #6355, #776, #692, #731, #2167, #52, #4189, #6931, #2796, #2124, #825, #194, #5635, #5547, #8289, #3432, #5682, #2030, #7699, #4782, #8377, #2210 ),
 .UNSPECIFIED., .F., .F.,
 ( 4, 2, 2, 2, 2, 2, 2, 2, 2, 2, 2, 2, 2, 4 ),
 ( 0.000000000000000000, 0.06249999999999866773, 0.1249999999999973355, 0.1874999999999960032, 0.2499999999999946709, 0.3124999999999933387, 0.3749999999999920064, 0.4999999999999915623, 0.5624999999999913403, 0.6249999999999911182, 0.7499999999999914513, 0.8124999999999927836, 0.8749999999999941158, 1.000000000000000000 ),
 .UNSPECIFIED. ) ;
#4153 = CARTESIAN_POINT ( 'NONE',  ( -91.43397122838609903, 81.10229102111937038, 16.66384470223246694 ) ) ;
#4154 = CARTESIAN_POINT ( 'NONE',  ( -51.77847902126330126, 89.34485357832083707, 6.787048394035649856 ) ) ;
#4155 = CARTESIAN_POINT ( 'NONE',  ( -20.50000000000001776, 85.00000000000000000, 15.00000000000000178 ) ) ;
#4156 = DIRECTION ( 'NONE',  ( 0.000000000000000000, 0.000000000000000000, 1.000000000000000000 ) ) ;
#4157 = B_SPLINE_CURVE_WITH_KNOTS ( 'NONE', 3,
 ( #198, #8382, #7164, #6405 ),
 .UNSPECIFIED., .F., .F.,
 ( 4, 4 ),
 ( 0.000000000000000000, 0.002133940310443218410 ),
 .UNSPECIFIED. ) ;
#4158 = ORIENTED_EDGE ( 'NONE', *, *, #8894, .T. ) ;
#4159 = CARTESIAN_POINT ( 'NONE',  ( 57.99982931271019027, 89.34485357832083707, 3.778724575355054238 ) ) ;
#4160 = CARTESIAN_POINT ( 'NONE',  ( 23.37228132326903562, 82.50000000000000000, 15.00000000000000178 ) ) ;
#4161 = CARTESIAN_POINT ( 'NONE',  ( 92.83389431418132176, 75.98101890060043218, 11.53308020482186436 ) ) ;
#4162 = DIRECTION ( 'NONE',  ( -0.7818837758212267008, 0.000000000000000000, 0.6234242224260634346 ) ) ;
#4163 = CARTESIAN_POINT ( 'NONE',  ( 66.00000000000093792, 89.49981558091647571, 17.00000000000000000 ) ) ;
#4164 = EDGE_CURVE ( 'NONE', #5877, #5593, #4753, .T. ) ;
#4165 = ADVANCED_FACE ( 'NONE', ( #706 ), #7495, .F. ) ;
#4166 = ORIENTED_EDGE ( 'NONE', *, *, #8722, .T. ) ;
#4167 = LINE ( 'NONE', #6870, #6845 ) ;
#4168 = ORIENTED_EDGE ( 'NONE', *, *, #6153, .T. ) ;
#4169 = CARTESIAN_POINT ( 'NONE',  ( 26.99999999999998934, 89.34485357832085128, 8.400000000000000355 ) ) ;
#4170 = DIRECTION ( 'NONE',  ( 0.000000000000000000, 1.000000000000000000, 0.000000000000000000 ) ) ;
#4171 = ORIENTED_EDGE ( 'NONE', *, *, #7031, .F. ) ;
#4172 = CARTESIAN_POINT ( 'NONE',  ( -29.37064106070483049, 85.99999999999995737, 8.399015310444518434 ) ) ;
#4173 = B_SPLINE_CURVE_WITH_KNOTS ( 'NONE', 3,
 ( #5972, #3087, #5926, #7988, #2411, #1739, #346 ),
 .UNSPECIFIED., .F., .F.,
 ( 4, 3, 4 ),
 ( 0.000000000000000000, 0.0009818170644309088049, 0.001804971296074578098 ),
 .UNSPECIFIED. ) ;
#4174 = CARTESIAN_POINT ( 'NONE',  ( -39.77665097101507996, 89.50000000000000000, 11.25960287149743877 ) ) ;
#4175 = CARTESIAN_POINT ( 'NONE',  ( -59.40978063507069606, 89.99999999999995737, 4.909175893825129755 ) ) ;
#4176 = DIRECTION ( 'NONE',  ( 1.000000000000000000, 0.000000000000000000, 0.000000000000000000 ) ) ;
#4177 = ORIENTED_EDGE ( 'NONE', *, *, #2514, .T. ) ;
#4178 = CARTESIAN_POINT ( 'NONE',  ( -56.23109488393692601, 87.50000000000002842, 5.116004955257705156 ) ) ;
#4179 = VERTEX_POINT ( 'NONE', #3448 ) ;
#4180 = FACE_OUTER_BOUND ( 'NONE', #6952, .T. ) ;
#4181 = EDGE_CURVE ( 'NONE', #2161, #1273, #7413, .T. ) ;
#4182 = EDGE_LOOP ( 'NONE', ( #1575, #6824, #8365, #176 ) ) ;
#4183 = CARTESIAN_POINT ( 'NONE',  ( -48.15999935143079824, 82.24689295812471812, 14.70000000000002061 ) ) ;
#4184 = CARTESIAN_POINT ( 'NONE',  ( 69.80700103303956894, 85.79379297318412512, 15.24192815087697284 ) ) ;
#4185 = DIRECTION ( 'NONE',  ( 1.000000000000000000, 0.000000000000000000, 0.000000000000000000 ) ) ;
#4186 = CARTESIAN_POINT ( 'NONE',  ( -47.32631657781770684, 89.99999999999998579, 11.13917698170873471 ) ) ;
#4187 = CARTESIAN_POINT ( 'NONE',  ( -47.25099103256575006, 90.00000000000000000, 14.05870520566396564 ) ) ;
#4188 = CARTESIAN_POINT ( 'NONE',  ( -70.57956962760853514, 85.60865063828762800, 11.50340917815122843 ) ) ;
#4189 = CARTESIAN_POINT ( 'NONE',  ( -38.56230150068520857, 89.99999999999997158, 11.72792336299718663 ) ) ;
#4190 = EDGE_CURVE ( 'NONE', #7230, #2895, #5102, .T. ) ;
#4191 = ORIENTED_EDGE ( 'NONE', *, *, #8139, .F. ) ;
#4192 = CARTESIAN_POINT ( 'NONE',  ( 90.74250530740297904, 81.94960057517681662, 11.06176533670366879 ) ) ;
#4193 = AXIS2_PLACEMENT_3D ( 'NONE', #2249, #1573, #5669 ) ;
#4194 = CARTESIAN_POINT ( 'NONE',  ( -58.51582737392153177, 89.04740449153530335, 3.799169802180210276 ) ) ;
#4195 = DIRECTION ( 'NONE',  ( 0.000000000000000000, 0.000000000000000000, -1.000000000000000000 ) ) ;
#4196 = DIRECTION ( 'NONE',  ( 0.9271838545667908660, 0.3746065934159035216, 0.000000000000000000 ) ) ;
#4197 = EDGE_CURVE ( 'NONE', #4453, #8677, #2812, .T. ) ;
#4198 = SECURITY_CLASSIFICATION ( '', '', #1797 ) ;
#4199 = CARTESIAN_POINT ( 'NONE',  ( -55.88861968356263787, 89.34485357832085128, 5.298167004778345124 ) ) ;
#4200 = CYLINDRICAL_SURFACE ( 'NONE', #388, 0.5000000000000004441 ) ;
#4201 = CARTESIAN_POINT ( 'NONE',  ( -91.97249852036095774, 80.88443843884206785, 16.12416677040028645 ) ) ;
#4202 = ORIENTED_EDGE ( 'NONE', *, *, #651, .F. ) ;
#4203 = CARTESIAN_POINT ( 'NONE',  ( 58.03797854499736530, 89.34485357832090813, 3.739508653676204109 ) ) ;
#4204 = CARTESIAN_POINT ( 'NONE',  ( 72.78201275763512967, 85.17984361045753872, 9.168717055458255771 ) ) ;
#4205 = CARTESIAN_POINT ( 'NONE',  ( 0.000000000000000000, 83.09999999999999432, 14.70000000000002061 ) ) ;
#4206 = CARTESIAN_POINT ( 'NONE',  ( -91.63757602987898565, 81.35976769215476168, 16.10667224525080599 ) ) ;
#4207 = DIRECTION ( 'NONE',  ( 0.000000000000000000, 0.000000000000000000, -1.000000000000000000 ) ) ;
#4208 = ADVANCED_FACE ( 'NONE', ( #7625 ), #577, .F. ) ;
#4209 = VECTOR ( 'NONE', #4895, 1000.000000000000114 ) ;
#4210 = ORIENTED_EDGE ( 'NONE', *, *, #6262, .F. ) ;
#4211 = CARTESIAN_POINT ( 'NONE',  ( -55.42895783846734759, 90.00000000000002842, 7.881635512934727750 ) ) ;
#4212 = ORIENTED_EDGE ( 'NONE', *, *, #4615, .T. ) ;
#4213 = CARTESIAN_POINT ( 'NONE',  ( -70.67933840040866755, 84.79769511697095652, 11.22215175600951831 ) ) ;
#4214 = CARTESIAN_POINT ( 'NONE',  ( -20.31192640368340463, 77.21902636811576315, 12.50000000000000000 ) ) ;
#4215 = ORIENTED_EDGE ( 'NONE', *, *, #5616, .F. ) ;
#4216 = EDGE_CURVE ( 'NONE', #6751, #5367, #5030, .T. ) ;
#4217 = CARTESIAN_POINT ( 'NONE',  ( -84.30642074517841422, 85.50671186784363442, 10.05391990114315881 ) ) ;
#4218 = AXIS2_PLACEMENT_3D ( 'NONE', #919, #6409, #247 ) ;
#4219 = CARTESIAN_POINT ( 'NONE',  ( 93.02662189294639461, 80.19920044485962762, 13.49278094047091336 ) ) ;
#4220 = EDGE_CURVE ( 'NONE', #4081, #2262, #3884, .T. ) ;
#4221 = CARTESIAN_POINT ( 'NONE',  ( -38.37004219369178770, 90.00000000000002842, 12.50676740732047065 ) ) ;
#4222 = CARTESIAN_POINT ( 'NONE',  ( -59.23501175403297481, 90.00000000000004263, 5.089657039082049472 ) ) ;
#4223 = LINE ( 'NONE', #8363, #7998 ) ;
#4224 = ORIENTED_EDGE ( 'NONE', *, *, #8034, .F. ) ;
#4225 = LINE ( 'NONE', #811, #6360 ) ;
#4226 = AXIS2_PLACEMENT_3D ( 'NONE', #5807, #2431, #3824 ) ;
#4227 = DIRECTION ( 'NONE',  ( -0.000000000000000000, 0.000000000000000000, -1.000000000000000000 ) ) ;
#4228 = EDGE_LOOP ( 'NONE', ( #3722, #7654, #5446, #1262, #6588, #1455, #3777, #1606 ) ) ;
#4229 = AXIS2_PLACEMENT_3D ( 'NONE', #6065, #5389, #5304 ) ;
#4230 = CARTESIAN_POINT ( 'NONE',  ( 91.99288706137228644, 81.07364225917895340, 15.66686198539021824 ) ) ;
#4231 = CARTESIAN_POINT ( 'NONE',  ( -36.41000099991106964, 82.25495999994770102, 13.85000000000000675 ) ) ;
#4232 = CARTESIAN_POINT ( 'NONE',  ( -92.61569883974841844, 80.54437345757298772, 14.27162689046723365 ) ) ;
#4233 = ORIENTED_EDGE ( 'NONE', *, *, #8809, .F. ) ;
#4234 = DIRECTION ( 'NONE',  ( -0.000000000000000000, -0.000000000000000000, -1.000000000000000000 ) ) ;
#4235 = CIRCLE ( 'NONE', #4666, 1.000000000000000888 ) ;
#4236 = CARTESIAN_POINT ( 'NONE',  ( -46.06999999992407879, 89.99999999999998579, 10.67000000000002480 ) ) ;
#4237 = CARTESIAN_POINT ( 'NONE',  ( -47.96928449546953743, 90.00000000000000000, 12.50929533019884943 ) ) ;
#4238 = CARTESIAN_POINT ( 'NONE',  ( -73.75716573775821416, 85.13673612919795630, 13.08960804375141151 ) ) ;
#4239 = DIRECTION ( 'NONE',  ( -0.000000000000000000, -0.000000000000000000, -1.000000000000000000 ) ) ;
#4240 = EDGE_CURVE ( 'NONE', #4305, #3233, #5814, .T. ) ;
#4241 = ORIENTED_EDGE ( 'NONE', *, *, #5290, .F. ) ;
#4242 = ORIENTED_EDGE ( 'NONE', *, *, #1621, .F. ) ;
#4243 = CARTESIAN_POINT ( 'NONE',  ( -71.38151800353358567, 85.43574821199378277, 9.571106702933679600 ) ) ;
#4244 = CARTESIAN_POINT ( 'NONE',  ( -72.00057539316630084, 84.26388072135330276, 11.22215175600951831 ) ) ;
#4245 = CARTESIAN_POINT ( 'NONE',  ( -37.31000099991106822, 82.25495999994770102, 13.85000000000000675 ) ) ;
#4246 = FACE_OUTER_BOUND ( 'NONE', #3396, .T. ) ;
#4247 = CARTESIAN_POINT ( 'NONE',  ( -48.59962185124295786, 89.34485357832090813, 7.423779701825079513 ) ) ;
#4248 = CARTESIAN_POINT ( 'NONE',  ( -53.99999999999998579, 80.00000000000000000, 12.50000000000000000 ) ) ;
#4249 = DIRECTION ( 'NONE',  ( 0.000000000000000000, 0.000000000000000000, -1.000000000000000000 ) ) ;
#4250 = ORIENTED_EDGE ( 'NONE', *, *, #3314, .T. ) ;
#4251 = CARTESIAN_POINT ( 'NONE',  ( 56.31778033840406295, 89.34485357832086549, 5.059775816021542916 ) ) ;
#4252 = LINE ( 'NONE', #8485, #6121 ) ;
#4253 = EDGE_CURVE ( 'NONE', #5212, #2144, #6679, .T. ) ;
#4254 = EDGE_CURVE ( 'NONE', #1397, #3522, #888, .T. ) ;
#4255 = LINE ( 'NONE', #4161, #5851 ) ;
#4256 = CARTESIAN_POINT ( 'NONE',  ( 69.34036286350894329, 85.63304766501313736, 6.094671929252560183 ) ) ;
#4257 = AXIS2_PLACEMENT_3D ( 'NONE', #7281, #1923, #4894 ) ;
#4258 = DIRECTION ( 'NONE',  ( 0.000000000000000000, 0.000000000000000000, -1.000000000000000000 ) ) ;
#4259 = ADVANCED_FACE ( 'NONE', ( #844 ), #5865, .T. ) ;
#4260 = CIRCLE ( 'NONE', #1525, 0.8999999999999968026 ) ;
#4261 = ORIENTED_EDGE ( 'NONE', *, *, #7099, .F. ) ;
#4262 = CARTESIAN_POINT ( 'NONE',  ( -3.252606517456513302E-16, 89.87938524157182485, 9.868613674765553512 ) ) ;
#4263 = ORIENTED_EDGE ( 'NONE', *, *, #5519, .T. ) ;
#4264 = DIRECTION ( 'NONE',  ( -1.000000000000000000, -8.249565755581263122E-16, 0.000000000000000000 ) ) ;
#4265 = CARTESIAN_POINT ( 'NONE',  ( 92.29437860831626494, 77.11633288412443221, -15.00000000000000000 ) ) ;
#4266 = ORIENTED_EDGE ( 'NONE', *, *, #2749, .T. ) ;
#4267 = CARTESIAN_POINT ( 'NONE',  ( -54.49999999999998579, 84.50000000000000000, 12.50000000000000000 ) ) ;
#4268 = CIRCLE ( 'NONE', #7710, 1.750000000000001554 ) ;
#4269 = AXIS2_PLACEMENT_3D ( 'NONE', #166, #4842, #67 ) ;
#4270 = CARTESIAN_POINT ( 'NONE',  ( -53.48332420469114368, 85.99999999999995737, 6.307480072997183385 ) ) ;
#4271 = CARTESIAN_POINT ( 'NONE',  ( -38.62437247037096455, 89.99999999999995737, 11.61979676107586634 ) ) ;
#4272 = AXIS2_PLACEMENT_3D ( 'NONE', #5515, #530, #3268 ) ;
#4273 = EDGE_CURVE ( 'NONE', #1703, #3245, #7102, .T. ) ;
#4274 = CARTESIAN_POINT ( 'NONE',  ( -56.47527584923842880, 89.99999999999998579, 7.020500188631658922 ) ) ;
#4275 = DIRECTION ( 'NONE',  ( -0.000000000000000000, -0.000000000000000000, -1.000000000000000000 ) ) ;
#4276 = ORIENTED_EDGE ( 'NONE', *, *, #6444, .F. ) ;
#4277 = DIRECTION ( 'NONE',  ( 4.163336342345625335E-16, -0.000000000000000000, 1.000000000000000000 ) ) ;
#4278 = AXIS2_PLACEMENT_3D ( 'NONE', #4878, #157, #6061 ) ;
#4279 = CARTESIAN_POINT ( 'NONE',  ( -57.62981368084103195, 89.34485357832089392, 4.129502628617116144 ) ) ;
#4280 = ORIENTED_EDGE ( 'NONE', *, *, #1254, .F. ) ;
#4281 = B_SPLINE_CURVE_WITH_KNOTS ( 'NONE', 1,
 ( #3493, #4169 ),
 .UNSPECIFIED., .F., .F.,
 ( 2, 2 ),
 ( 0.1841035140193705566, 1.000000000000000000 ),
 .UNSPECIFIED. ) ;
#4282 = CARTESIAN_POINT ( 'NONE',  ( -59.09375420092760578, 89.87938524159389431, 4.760518286404613164 ) ) ;
#4283 = CARTESIAN_POINT ( 'NONE',  ( -90.31400697876470929, 81.72273869471308672, 16.49999999999998934 ) ) ;
#4284 = ORIENTED_EDGE ( 'NONE', *, *, #5004, .F. ) ;
#4285 = CARTESIAN_POINT ( 'NONE',  ( -93.22212687541595244, 76.01317438852737496, 12.06375359537086034 ) ) ;
#4286 = CARTESIAN_POINT ( 'NONE',  ( 9.371937135110783856, 79.80006240345578306, 14.20000000000000107 ) ) ;
#4287 = ADVANCED_FACE ( 'NONE', ( #4526 ), #7311, .F. ) ;
#4288 = CARTESIAN_POINT ( 'NONE',  ( -65.65508876974418229, 90.00083614365479434, 16.50063687021157932 ) ) ;
#4289 = CARTESIAN_POINT ( 'NONE',  ( 61.06238090575988764, 86.00000000000000000, -15.00000000000000000 ) ) ;
#4290 = CARTESIAN_POINT ( 'NONE',  ( 1.747776679298902236, 83.00000000000000000, 15.00000000000000178 ) ) ;
#4291 = ORIENTED_EDGE ( 'NONE', *, *, #7683, .F. ) ;
#4292 = ORIENTED_EDGE ( 'NONE', *, *, #5021, .T. ) ;
#4293 = VERTEX_POINT ( 'NONE', #4440 ) ;
#4294 = DIRECTION ( 'NONE',  ( 1.000000000000000000, 0.000000000000000000, 0.000000000000000000 ) ) ;
#4295 = CARTESIAN_POINT ( 'NONE',  ( 43.06078427922813034, 90.00000000000015632, -15.00000000000000178 ) ) ;
#4296 = EDGE_CURVE ( 'NONE', #369, #5521, #1152, .T. ) ;
#4297 = B_SPLINE_CURVE_WITH_KNOTS ( 'NONE', 1,
 ( #7266, #3763 ),
 .UNSPECIFIED., .F., .F.,
 ( 2, 2 ),
 ( 0.000000000000000000, 1.000000000000000000 ),
 .UNSPECIFIED. ) ;
#4298 = CARTESIAN_POINT ( 'NONE',  ( -5.605278422273785033, 86.00000000000000000, 17.00000000000000000 ) ) ;
#4299 = AXIS2_PLACEMENT_3D ( 'NONE', #7702, #8431, #4294 ) ;
#4300 = CARTESIAN_POINT ( 'NONE',  ( -46.16233659357796881, 89.50000000000002842, 11.17228291802541662 ) ) ;
#4301 = CARTESIAN_POINT ( 'NONE',  ( -53.30464084954774506, 89.34485357832078023, 6.355847872580675073 ) ) ;
#4302 = EDGE_CURVE ( 'NONE', #3983, #6487, #6660, .T. ) ;
#4303 = CARTESIAN_POINT ( 'NONE',  ( 92.09939712208580431, 80.68529295587106276, 15.96889468149875135 ) ) ;
#4304 = DIRECTION ( 'NONE',  ( 0.1391731009600729041, 0.9902680687415693628, -4.328364609758395101E-17 ) ) ;
#4305 = VERTEX_POINT ( 'NONE', #5828 ) ;
#4306 = CARTESIAN_POINT ( 'NONE',  ( 47.87960440753119684, 89.34485357832076602, 7.531899405231220257 ) ) ;
#4307 = FACE_OUTER_BOUND ( 'NONE', #3918, .T. ) ;
#4308 = FACE_OUTER_BOUND ( 'NONE', #5908, .T. ) ;
#4309 = CARTESIAN_POINT ( 'NONE',  ( -91.58882644216434699, 81.41672073027649503, 16.57538238179775192 ) ) ;
#4310 = CARTESIAN_POINT ( 'NONE',  ( 91.04345216141111052, 81.81315109627637128, 16.43452440154901950 ) ) ;
#4311 = ORIENTED_EDGE ( 'NONE', *, *, #2892, .F. ) ;
#4312 = CARTESIAN_POINT ( 'NONE',  ( -60.03104401106447341, 89.50000000000001421, 4.140638618960707618 ) ) ;
#4313 = ORIENTED_EDGE ( 'NONE', *, *, #7910, .F. ) ;
#4314 = CARTESIAN_POINT ( 'NONE',  ( 61.03987802939420959, 89.99999999999997158, 3.190937610677485381 ) ) ;
#4315 = CARTESIAN_POINT ( 'NONE',  ( -91.44589045030866714, 81.50815312850190253, 16.23558539102008424 ) ) ;
#4316 = EDGE_LOOP ( 'NONE', ( #1642, #851, #4631, #4952 ) ) ;
#4317 = CARTESIAN_POINT ( 'NONE',  ( -60.11977948795215809, 90.00000000000000000, 4.673175535269097125 ) ) ;
#4318 = EDGE_CURVE ( 'NONE', #913, #3848, #5369, .T. ) ;
#4319 = CARTESIAN_POINT ( 'NONE',  ( -58.07577625714868930, 89.34485360493506789, 3.699999999999995737 ) ) ;
#4320 = CARTESIAN_POINT ( 'NONE',  ( -38.37598598327077326, 89.99999999999998579, 12.72390619379457455 ) ) ;
#4321 = CARTESIAN_POINT ( 'NONE',  ( -50.92318311929908248, 89.99999999999998579, 8.828155163513445203 ) ) ;
#4322 = CARTESIAN_POINT ( 'NONE',  ( -4.739010447466979414, 86.00000000000000000, -15.00000000000000178 ) ) ;
#4323 = ORIENTED_EDGE ( 'NONE', *, *, #5933, .F. ) ;
#4324 = CARTESIAN_POINT ( 'NONE',  ( -59.53717068123516043, 89.40953893118069118, 4.541878970145798888 ) ) ;
#4325 = CARTESIAN_POINT ( 'NONE',  ( 58.00449035519225305, 89.42850333249653261, 4.099294183187830676 ) ) ;
#4326 = VERTEX_POINT ( 'NONE', #5971 ) ;
#4327 = CARTESIAN_POINT ( 'NONE',  ( -53.47972011164218742, 90.00000000000001421, 8.195098263298911334 ) ) ;
#4328 = DIRECTION ( 'NONE',  ( 1.000000000000000000, 0.000000000000000000, 0.000000000000000000 ) ) ;
#4329 = LINE ( 'NONE', #2878, #3127 ) ;
#4330 = LINE ( 'NONE', #1718, #1495 ) ;
#4331 = CARTESIAN_POINT ( 'NONE',  ( -66.00147650544998612, 90.00018136127602020, 17.00000000000001066 ) ) ;
#4332 = CARTESIAN_POINT ( 'NONE',  ( 16.82234849141332589, 86.00000000000000000, 16.99999999999997158 ) ) ;
#4333 = ORIENTED_EDGE ( 'NONE', *, *, #7074, .T. ) ;
#4334 = AXIS2_PLACEMENT_3D ( 'NONE', #7357, #2585, #8123 ) ;
#4335 = ORIENTED_EDGE ( 'NONE', *, *, #410, .T. ) ;
#4336 = ORIENTED_EDGE ( 'NONE', *, *, #6589, .T. ) ;
#4337 = FACE_OUTER_BOUND ( 'NONE', #903, .T. ) ;
#4338 = CARTESIAN_POINT ( 'NONE',  ( -16.00910350054426701, 69.76991160768594114, 14.20000000000000107 ) ) ;
#4339 = DIRECTION ( 'NONE',  ( 1.000000000000000000, 0.000000000000000000, 0.000000000000000000 ) ) ;
#4340 = EDGE_CURVE ( 'NONE', #4639, #2680, #1486, .T. ) ;
#4341 = FACE_OUTER_BOUND ( 'NONE', #4730, .T. ) ;
#4342 = CARTESIAN_POINT ( 'NONE',  ( -47.07700265113019356, 89.50000000000005684, 11.59712825567361705 ) ) ;
#4343 = CARTESIAN_POINT ( 'NONE',  ( -44.59537276565780672, 89.34485357832079444, 7.909277786276605937 ) ) ;
#4344 = CARTESIAN_POINT ( 'NONE',  ( 20.50000000000001776, 85.00000000000000000, 12.50000000000000000 ) ) ;
#4345 = AXIS2_PLACEMENT_3D ( 'NONE', #4588, #3189, #3905 ) ;
#4346 = CARTESIAN_POINT ( 'NONE',  ( 57.73362150751905375, 89.34485357832086549, 4.034953414339246258 ) ) ;
#4347 = VERTEX_POINT ( 'NONE', #5289 ) ;
#4348 = CARTESIAN_POINT ( 'NONE',  ( 44.59537276565780672, 89.34485357832079444, 7.909277786276605937 ) ) ;
#4349 = EDGE_CURVE ( 'NONE', #936, #5388, #7373, .T. ) ;
#4350 = CARTESIAN_POINT ( 'NONE',  ( -24.99999999999999289, 86.59999999999999432, -0.5062160878754172755 ) ) ;
#4351 = DIRECTION ( 'NONE',  ( -1.000000000000000000, -0.000000000000000000, -0.000000000000000000 ) ) ;
#4352 = CARTESIAN_POINT ( 'NONE',  ( -91.87777453040715159, 80.83978022226104088, 16.24684844485212309 ) ) ;
#4353 = CARTESIAN_POINT ( 'NONE',  ( -62.65023765319248383, 90.00000000000001421, 5.243438911748362408 ) ) ;
#4354 = PRODUCT_DEFINITION_FORMATION_WITH_SPECIFIED_SOURCE ( 'Symmetrisch', '', #6269, .NOT_KNOWN. ) ;
#4355 = VERTEX_POINT ( 'NONE', #525 ) ;
#4356 = DIRECTION ( 'NONE',  ( -0.000000000000000000, 1.000000000000000000, -0.000000000000000000 ) ) ;
#4357 = ORIENTED_EDGE ( 'NONE', *, *, #933, .F. ) ;
#4358 = B_SPLINE_CURVE_WITH_KNOTS ( 'NONE', 3,
 ( #3384, #3925, #4648, #2661 ),
 .UNSPECIFIED., .F., .F.,
 ( 4, 4 ),
 ( 0.000000000000000000, 0.0007589010751701925298 ),
 .UNSPECIFIED. ) ;
#4359 = CARTESIAN_POINT ( 'NONE',  ( 59.38864971238131574, 89.99999999999998579, 4.931449317972661284 ) ) ;
#4360 = CARTESIAN_POINT ( 'NONE',  ( -91.04345216141111052, 81.81315109627637128, 16.43452440154901950 ) ) ;
#4361 = EDGE_CURVE ( 'NONE', #8234, #5469, #3931, .T. ) ;
#4362 = CARTESIAN_POINT ( 'NONE',  ( -29.00003332307016279, 88.20000000000000284, 8.400005388820067864 ) ) ;
#4363 = CARTESIAN_POINT ( 'NONE',  ( 4.739010447466979414, 86.00000000000000000, -15.00000000000000178 ) ) ;
#4364 = AXIS2_PLACEMENT_3D ( 'NONE', #5452, #4778, #6843 ) ;
#4365 = EDGE_CURVE ( 'NONE', #2662, #1968, #3772, .T. ) ;
#4366 = CARTESIAN_POINT ( 'NONE',  ( -38.37071550437865852, 90.00000000000000000, 12.63070466980113338 ) ) ;
#4367 = CARTESIAN_POINT ( 'NONE',  ( -55.44445056956783446, 89.99999999999997158, 7.491367151014070913 ) ) ;
#4368 = CARTESIAN_POINT ( 'NONE',  ( -56.37626025718396505, 89.99999999999998579, 16.50000000000002132 ) ) ;
#4369 = ORIENTED_EDGE ( 'NONE', *, *, #2755, .F. ) ;
#4370 = CARTESIAN_POINT ( 'NONE',  ( 88.53576226103268709, 82.98126252931835722, 16.99999999999998934 ) ) ;
#4371 = CARTESIAN_POINT ( 'NONE',  ( -67.73053806253626874, 86.22140658558322457, 13.35266103863913401 ) ) ;
#4372 = CIRCLE ( 'NONE', #487, 1.000000000000000888 ) ;
#4373 = ORIENTED_EDGE ( 'NONE', *, *, #3175, .T. ) ;
#4374 = CARTESIAN_POINT ( 'NONE',  ( -50.08015714135373742, 90.00000000000002842, 9.375588928770460129 ) ) ;
#4375 = AXIS2_PLACEMENT_3D ( 'NONE', #4659, #7397, #7354 ) ;
#4376 = CARTESIAN_POINT ( 'NONE',  ( -30.00000000000000000, 87.39999999999999147, 9.500000000000000000 ) ) ;
#4377 = CARTESIAN_POINT ( 'NONE',  ( 90.31400697876470929, 79.86929957979566552, 15.00000000000000178 ) ) ;
#4378 = AXIS2_PLACEMENT_3D ( 'NONE', #7758, #3668, #3794 ) ;
#4379 = CARTESIAN_POINT ( 'NONE',  ( -2.081668171172813161E-16, 89.50000000000000000, 17.00000000000002842 ) ) ;
#4380 = CARTESIAN_POINT ( 'NONE',  ( 45.05461875307060637, 89.99999999999997158, 10.03096888237997675 ) ) ;
#4381 = ORIENTED_EDGE ( 'NONE', *, *, #35, .T. ) ;
#4382 = ORIENTED_EDGE ( 'NONE', *, *, #365, .T. ) ;
#4383 = VERTEX_POINT ( 'NONE', #2799 ) ;
#4384 = ORIENTED_EDGE ( 'NONE', *, *, #8020, .T. ) ;
#4385 = CARTESIAN_POINT ( 'NONE',  ( -74.66670370570227533, 84.84614597990621121, 10.68369779423457899 ) ) ;
#4386 = CARTESIAN_POINT ( 'NONE',  ( 61.67330836629191282, 89.49999999999998579, 4.510738875565774464 ) ) ;
#4387 = AXIS2_PLACEMENT_3D ( 'NONE', #517, #5322, #4781 ) ;
#4388 = VECTOR ( 'NONE', #4207, 1000.000000000000000 ) ;
#4389 = CARTESIAN_POINT ( 'NONE',  ( 9.626830880257903900, 73.74790443272765117, 12.50000000000000000 ) ) ;
#4390 = CARTESIAN_POINT ( 'NONE',  ( -14.45099041820380492, 90.00000000000002842, 10.55265396141689571 ) ) ;
#4391 = CARTESIAN_POINT ( 'NONE',  ( -47.38086154078742140, 89.50000000000002842, 12.07789912893328044 ) ) ;
#4392 = DIRECTION ( 'NONE',  ( 0.000000000000000000, 0.000000000000000000, -1.000000000000000000 ) ) ;
#4393 = ADVANCED_FACE ( 'NONE', ( #1233 ), #2121, .T. ) ;
#4394 = DIRECTION ( 'NONE',  ( -0.000000000000000000, -0.000000000000000000, 1.000000000000000000 ) ) ;
#4395 = CARTESIAN_POINT ( 'NONE',  ( 52.20425240504775388, 89.34485357832083707, 6.685758146086896225 ) ) ;
#4396 = EDGE_LOOP ( 'NONE', ( #2507, #2949, #5909, #8733 ) ) ;
#4397 = CARTESIAN_POINT ( 'NONE',  ( 56.62580284215635373, 89.34485357832082286, 4.871793088279166462 ) ) ;
#4398 = FACE_OUTER_BOUND ( 'NONE', #2366, .T. ) ;
#4399 = CARTESIAN_POINT ( 'NONE',  ( 25.04923587720140432, 72.89499890963153916, 36.88536684330890125 ) ) ;
#4400 = DIRECTION ( 'NONE',  ( -0.000000000000000000, 1.000000000000000000, -0.000000000000000000 ) ) ;
#4401 = CIRCLE ( 'NONE', #520, 2.200000000000000622 ) ;
#4402 = ORIENTED_EDGE ( 'NONE', *, *, #7761, .T. ) ;
#4403 = DIRECTION ( 'NONE',  ( -0.000000000000000000, 1.000000000000000000, -0.000000000000000000 ) ) ;
#4404 = ORIENTED_EDGE ( 'NONE', *, *, #7874, .T. ) ;
#4405 = CARTESIAN_POINT ( 'NONE',  ( 60.78228239177275327, 90.00000000000000000, 3.462461685051430926 ) ) ;
#4406 = CARTESIAN_POINT ( 'NONE',  ( -54.49999999999998579, 86.00000000000001421, 17.00000000000000000 ) ) ;
#4407 = FACE_OUTER_BOUND ( 'NONE', #5172, .T. ) ;
#4408 = CARTESIAN_POINT ( 'NONE',  ( -57.08861775280471562, 85.99999999999995737, 4.587324336446319428 ) ) ;
#4409 = CARTESIAN_POINT ( 'NONE',  ( -24.99999999999999289, 86.59999999999999432, 9.500000000000000000 ) ) ;
#4410 = CARTESIAN_POINT ( 'NONE',  ( -42.11834008088896297, 90.00000000000004263, 9.903479181340152593 ) ) ;
#4411 = DIRECTION ( 'NONE',  ( 0.000000000000000000, -0.000000000000000000, -1.000000000000000000 ) ) ;
#4412 = ORIENTED_EDGE ( 'NONE', *, *, #8346, .F. ) ;
#4413 = ADVANCED_FACE ( 'NONE', ( #3477, #4654 ), #5907, .F. ) ;
#4414 = DIRECTION ( 'NONE',  ( -0.000000000000000000, -0.000000000000000000, -1.000000000000000000 ) ) ;
#4415 = CARTESIAN_POINT ( 'NONE',  ( 58.07577625714866087, 89.03267999891895101, 3.700000000000003286 ) ) ;
#4416 = ORIENTED_EDGE ( 'NONE', *, *, #1414, .F. ) ;
#4417 = CARTESIAN_POINT ( 'NONE',  ( -55.35815613760878762, 89.87938530101516221, 7.171282754678474092 ) ) ;
#4418 = CIRCLE ( 'NONE', #3976, 0.5000000000000004441 ) ;
#4419 = CARTESIAN_POINT ( 'NONE',  ( 52.28281484529800593, 87.50000000000002842, 6.656925099660215395 ) ) ;
#4420 = CARTESIAN_POINT ( 'NONE',  ( -22.87228132326903562, 83.00000000000000000, 15.00000000000000178 ) ) ;
#4421 = CARTESIAN_POINT ( 'NONE',  ( -44.00000001382117887, 89.99999999999997158, 16.49999999998092548 ) ) ;
#4422 = AXIS2_PLACEMENT_3D ( 'NONE', #2471, #8681, #4500 ) ;
#4423 = DIRECTION ( 'NONE',  ( 0.000000000000000000, -1.000000000000000000, 0.000000000000000000 ) ) ;
#4424 = ORIENTED_EDGE ( 'NONE', *, *, #3674, .F. ) ;
#4425 = ORIENTED_EDGE ( 'NONE', *, *, #8342, .T. ) ;
#4426 = ORIENTED_EDGE ( 'NONE', *, *, #8516, .T. ) ;
#4427 = CARTESIAN_POINT ( 'NONE',  ( -74.44456752087914708, 84.87597750695246646, 10.18588451783512561 ) ) ;
#4428 = DIRECTION ( 'NONE',  ( -0.000000000000000000, -0.000000000000000000, 1.000000000000000000 ) ) ;
#4429 = AXIS2_PLACEMENT_3D ( 'NONE', #6301, #1662, #1474 ) ;
#4430 = EDGE_CURVE ( 'NONE', #1954, #6315, #3497, .T. ) ;
#4431 = DIRECTION ( 'NONE',  ( 0.000000000000000000, -0.000000000000000000, 1.000000000000000000 ) ) ;
#4432 = DIRECTION ( 'NONE',  ( 0.000000000000000000, 0.000000000000000000, 1.000000000000000000 ) ) ;
#4433 = DIRECTION ( 'NONE',  ( -0.2198462043532940779, 0.000000000000000000, 0.9755345439457537848 ) ) ;
#4434 = CARTESIAN_POINT ( 'NONE',  ( 21.99999999650220772, 90.00000000000001421, 16.50000000000000711 ) ) ;
#4435 = FACE_OUTER_BOUND ( 'NONE', #957, .T. ) ;
#4436 = ORIENTED_EDGE ( 'NONE', *, *, #5337, .T. ) ;
#4437 = CARTESIAN_POINT ( 'NONE',  ( 50.99471664511850832, 89.34485357832085128, 6.971451801627630118 ) ) ;
#4438 = CARTESIAN_POINT ( 'NONE',  ( 60.11977948795215809, 90.00000000000000000, 4.673175535269097125 ) ) ;
#4439 = CARTESIAN_POINT ( 'NONE',  ( -90.31400697876470929, 81.72273869471308672, 16.99999999999998934 ) ) ;
#4440 = CARTESIAN_POINT ( 'NONE',  ( -18.03804458005514277, 83.28571428571429180, 15.00000000000000178 ) ) ;
#4441 = ORIENTED_EDGE ( 'NONE', *, *, #5854, .T. ) ;
#4442 = DIRECTION ( 'NONE',  ( 1.000000000000000000, 0.000000000000000000, 0.000000000000000000 ) ) ;
#4443 = ORIENTED_EDGE ( 'NONE', *, *, #7297, .F. ) ;
#4444 = CARTESIAN_POINT ( 'NONE',  ( 59.34932345747370874, 90.00000000000002842, 4.972718778635271342 ) ) ;
#4445 = CARTESIAN_POINT ( 'NONE',  ( -12.53906270572150206, 74.84523652348138967, 36.88536684330890125 ) ) ;
#4446 = CARTESIAN_POINT ( 'NONE',  ( -49.98220724804973969, 85.99999999999994316, 16.99999999999997513 ) ) ;
#4447 = DIRECTION ( 'NONE',  ( -1.000000000000000000, 0.000000000000000000, 0.000000000000000000 ) ) ;
#4448 = EDGE_CURVE ( 'NONE', #1968, #3463, #5381, .T. ) ;
#4449 = EDGE_CURVE ( 'NONE', #8643, #4670, #3071, .T. ) ;
#4450 = CARTESIAN_POINT ( 'NONE',  ( 59.64709378341554924, 89.40953893117898588, 4.054111698173488598 ) ) ;
#4451 = CARTESIAN_POINT ( 'NONE',  ( -51.10815950250259476, 90.00000000000001421, 8.789036933815662422 ) ) ;
#4452 = CARTESIAN_POINT ( 'NONE',  ( -23.50000000000002132, 85.00000000000000000, 12.50000000000000000 ) ) ;
#4453 = VERTEX_POINT ( 'NONE', #4245 ) ;
#4454 = CARTESIAN_POINT ( 'NONE',  ( -36.41000099991106964, 82.25495999994770102, 13.10000000000000142 ) ) ;
#4455 = CARTESIAN_POINT ( 'NONE',  ( -68.18138786445220489, 86.06318985656565701, 7.796474841899631691 ) ) ;
#4456 = ORIENTED_EDGE ( 'NONE', *, *, #723, .T. ) ;
#4457 = CARTESIAN_POINT ( 'NONE',  ( -55.15576944012117622, 90.00000000000001421, 7.610586608575232503 ) ) ;
#4458 = CARTESIAN_POINT ( 'NONE',  ( 39.76000000008891533, 83.09999999994768416, 13.50000000000000000 ) ) ;
#4459 = CARTESIAN_POINT ( 'NONE',  ( -34.71254102175322487, 80.00000000000000000, 12.50000000000000000 ) ) ;
#4460 = CARTESIAN_POINT ( 'NONE',  ( -62.56250001968160745, 90.00000000000000000, 16.50000000000000355 ) ) ;
#4461 = CARTESIAN_POINT ( 'NONE',  ( 29.89238978035271188, 90.00000000018061996, 10.20000316205134894 ) ) ;
#4462 = VERTEX_POINT ( 'NONE', #7705 ) ;
#4463 = EDGE_LOOP ( 'NONE', ( #6209, #370, #2017, #8097 ) ) ;
#4464 = ORIENTED_EDGE ( 'NONE', *, *, #7059, .T. ) ;
#4465 = EDGE_LOOP ( 'NONE', ( #8731, #7693, #3886, #5055 ) ) ;
#4466 = CARTESIAN_POINT ( 'NONE',  ( 90.61392201274489366, 82.14650685092840376, 16.99999999999998934 ) ) ;
#4467 = CARTESIAN_POINT ( 'NONE',  ( 92.56279703138773129, 80.59063242613942180, 14.43414026214599843 ) ) ;
#4468 = CARTESIAN_POINT ( 'NONE',  ( -92.93543597418235436, 76.23048591784819905, 11.56443784384756235 ) ) ;
#4469 = EDGE_CURVE ( 'NONE', #8210, #818, #4970, .T. ) ;
#4470 = CARTESIAN_POINT ( 'NONE',  ( -46.06999999992408590, 89.50000000000004263, 11.16999999999999993 ) ) ;
#4471 = CARTESIAN_POINT ( 'NONE',  ( -46.99361046374581008, 89.50000000000004263, 11.51763552877909369 ) ) ;
#4472 = CARTESIAN_POINT ( 'NONE',  ( 17.62771867673099990, 83.00000000000000000, 17.00000000000002132 ) ) ;
#4473 = B_SPLINE_CURVE_WITH_KNOTS ( 'NONE', 3,
 ( #2843, #7841, #1590, #4917 ),
 .UNSPECIFIED., .F., .F.,
 ( 4, 4 ),
 ( 0.000000000000000000, 0.003671572875253811818 ),
 .UNSPECIFIED. ) ;
#4474 = CARTESIAN_POINT ( 'NONE',  ( 0.000000000000000000, 80.00000000000000000, 15.00000000000000178 ) ) ;
#4475 = ORIENTED_EDGE ( 'NONE', *, *, #3100, .T. ) ;
#4476 = CARTESIAN_POINT ( 'NONE',  ( 61.67567868455367375, 89.49999999998972555, 4.511273049856349360 ) ) ;
#4477 = ORIENTED_EDGE ( 'NONE', *, *, #2093, .F. ) ;
#4478 = CARTESIAN_POINT ( 'NONE',  ( 90.61029751180105052, 81.56407309468644939, 16.98340845561010681 ) ) ;
#4479 = CARTESIAN_POINT ( 'NONE',  ( 27.77126218583481787, 74.00000000000000000, 15.00000000000000000 ) ) ;
#4480 = B_SPLINE_CURVE_WITH_KNOTS ( 'NONE', 3,
 ( #4095, #46, #8775, #5539, #3378, #4774, #6887, #7514 ),
 .UNSPECIFIED., .F., .F.,
 ( 4, 2, 2, 4 ),
 ( 0.000000000000000000, 0.0001798602159513167814, 0.0003597204319026335627, 0.0007194408638052773169 ),
 .UNSPECIFIED. ) ;
#4481 = ORIENTED_EDGE ( 'NONE', *, *, #2652, .T. ) ;
#4482 = DIRECTION ( 'NONE',  ( 0.000000000000000000, -1.000000000000000000, 0.000000000000000000 ) ) ;
#4483 = CARTESIAN_POINT ( 'NONE',  ( 23.43640157826236958, 90.00000000000001421, 10.55265396141691703 ) ) ;
#4484 = CARTESIAN_POINT ( 'NONE',  ( 60.39588893534050129, 89.99999999999998579, 3.869747796612366564 ) ) ;
#4485 = CARTESIAN_POINT ( 'NONE',  ( -53.41857025271054482, 89.87938522625248083, 7.868903777002852706 ) ) ;
#4486 = LINE ( 'NONE', #7223, #2021 ) ;
#4487 = CARTESIAN_POINT ( 'NONE',  ( -60.71081442275158224, 86.00000000000000000, 17.00000000000000000 ) ) ;
#4488 = AXIS2_PLACEMENT_3D ( 'NONE', #8099, #4394, #970 ) ;
#4489 = DIRECTION ( 'NONE',  ( 0.000000000000000000, -0.000000000000000000, 1.000000000000000000 ) ) ;
#4490 = EDGE_CURVE ( 'NONE', #3015, #565, #5058, .T. ) ;
#4491 = CARTESIAN_POINT ( 'NONE',  ( -91.87777453040715159, 80.83978022226104088, 16.24684844485212309 ) ) ;
#4492 = CARTESIAN_POINT ( 'NONE',  ( -58.06635220955078580, 89.34485357832087971, 3.709912750277745808 ) ) ;
#4493 = CARTESIAN_POINT ( 'NONE',  ( 0.000000000000000000, 80.00000000000000000, 12.50000000000000000 ) ) ;
#4494 = ORIENTED_EDGE ( 'NONE', *, *, #2651, .F. ) ;
#4495 = EDGE_CURVE ( 'NONE', #8675, #5071, #831, .T. ) ;
#4496 = FACE_OUTER_BOUND ( 'NONE', #2650, .T. ) ;
#4497 = ORIENTED_EDGE ( 'NONE', *, *, #4164, .T. ) ;
#4498 = CARTESIAN_POINT ( 'NONE',  ( -59.18166798129223594, 89.87938524157152642, 4.668134841747018982 ) ) ;
#4499 = ADVANCED_FACE ( 'NONE', ( #2129 ), #7034, .T. ) ;
#4500 = DIRECTION ( 'NONE',  ( 1.000000000000000000, 0.000000000000000000, 0.000000000000000000 ) ) ;
#4501 = LINE ( 'NONE', #5724, #1210 ) ;
#4502 = CARTESIAN_POINT ( 'NONE',  ( 91.03209616004086513, 77.84049934777384294, 16.87256071401212409 ) ) ;
#4503 = CARTESIAN_POINT ( 'NONE',  ( 32.78123639556279301, 89.87938524228955828, 9.868171078558900078 ) ) ;
#4504 = ORIENTED_EDGE ( 'NONE', *, *, #2073, .F. ) ;
#4505 = AXIS2_PLACEMENT_3D ( 'NONE', #2728, #1924, #8088 ) ;
#4506 = ORIENTED_EDGE ( 'NONE', *, *, #6885, .T. ) ;
#4507 = ORIENTED_EDGE ( 'NONE', *, *, #7204, .T. ) ;
#4508 = DIRECTION ( 'NONE',  ( 0.000000000000000000, -0.000000000000000000, 1.000000000000000000 ) ) ;
#4509 = ORIENTED_EDGE ( 'NONE', *, *, #8136, .F. ) ;
#4510 = CARTESIAN_POINT ( 'NONE',  ( 80.84845858705905641, 86.81786493563807028, 17.00000000000000000 ) ) ;
#4511 = CARTESIAN_POINT ( 'NONE',  ( 92.53063630428658826, 80.35603762699915364, 15.12738647069829412 ) ) ;
#4512 = LINE ( 'NONE', #2526, #8385 ) ;
#4513 = B_SPLINE_CURVE_WITH_KNOTS ( 'NONE', 3,
 ( #5479, #4719, #8802, #1381, #4129, #8177, #5525, #2100 ),
 .UNSPECIFIED., .F., .F.,
 ( 4, 2, 2, 4 ),
 ( 0.000000000000000000, 0.001063457036887167657, 0.001595185555330738258, 0.002126914073774308859 ),
 .UNSPECIFIED. ) ;
#4514 = VECTOR ( 'NONE', #6043, 1000.000000000000000 ) ;
#4515 = DIRECTION ( 'NONE',  ( -0.002950839323306892782, -0.9999956462641664823, 0.000000000000000000 ) ) ;
#4516 = CARTESIAN_POINT ( 'NONE',  ( -47.29993222715316392, 89.99999999999998579, 11.12147341011018042 ) ) ;
#4517 = CARTESIAN_POINT ( 'NONE',  ( -41.26401788376784907, 89.34485357832082286, 8.150282276710553830 ) ) ;
#4518 = B_SPLINE_CURVE_WITH_KNOTS ( 'NONE', 3,
 ( #8035, #4483, #3305, #4528, #5973 ),
 .UNSPECIFIED., .F., .F.,
 ( 4, 1, 4 ),
 ( 0.000000000000000000, 0.01073656203431383981, 0.02699999999999999623 ),
 .UNSPECIFIED. ) ;
#4519 = CARTESIAN_POINT ( 'NONE',  ( 92.98249058415687784, 80.01752324817029205, 13.73020063661249246 ) ) ;
#4520 = ORIENTED_EDGE ( 'NONE', *, *, #7477, .T. ) ;
#4521 = CIRCLE ( 'NONE', #6811, 0.8999999999999980238 ) ;
#4522 = AXIS2_PLACEMENT_3D ( 'NONE', #7207, #6454, #5917 ) ;
#4523 = CARTESIAN_POINT ( 'NONE',  ( 63.01118967511604296, 90.00115884893898510, 5.325115016369094789 ) ) ;
#4524 = EDGE_LOOP ( 'NONE', ( #4424, #1503, #3784, #709 ) ) ;
#4525 = CARTESIAN_POINT ( 'NONE',  ( 93.14096504590658299, 76.09228787310063069, 12.82926890720085389 ) ) ;
#4526 = FACE_OUTER_BOUND ( 'NONE', #8473, .T. ) ;
#4527 = CARTESIAN_POINT ( 'NONE',  ( 36.26000000008891533, 83.09999999994768416, 14.70000000000002061 ) ) ;
#4529 = ADVANCED_FACE ( 'NONE', ( #7073 ), #8098, .T. ) ;
#4528 = CARTESIAN_POINT ( 'NONE',  ( 5.430743128657470997, 90.00000000000000000, 10.55265396141691525 ) ) ;
#4530 = EDGE_CURVE ( 'NONE', #5532, #1446, #2350, .T. ) ;
#4531 = CARTESIAN_POINT ( 'NONE',  ( 56.72837730883551188, 90.00000000000001421, 6.890322567100755080 ) ) ;
#4532 = CARTESIAN_POINT ( 'NONE',  ( 67.32589563892456397, 85.59691760397426208, -15.00000000000001421 ) ) ;
#4533 = CARTESIAN_POINT ( 'NONE',  ( -90.60264855163208608, 82.13057789342818182, 16.48120557518707585 ) ) ;
#4534 = FACE_OUTER_BOUND ( 'NONE', #5901, .T. ) ;
#4535 = CARTESIAN_POINT ( 'NONE',  ( -16.01768689137253077, 68.75150446665328730, 12.50000000000000000 ) ) ;
#4536 = CIRCLE ( 'NONE', #8831, 0.5000000000000004441 ) ;
#4537 = EDGE_CURVE ( 'NONE', #6211, #2304, #6520, .T. ) ;
#4538 = CARTESIAN_POINT ( 'NONE',  ( 27.00000000000000355, 89.87938524157178222, 9.868613674765484234 ) ) ;
#4539 = CARTESIAN_POINT ( 'NONE',  ( -58.08280989817967566, 89.34485357832083707, 3.692585991045890914 ) ) ;
#4540 = LINE ( 'NONE', #1163, #3108 ) ;
#4541 = ORIENTED_EDGE ( 'NONE', *, *, #8061, .T. ) ;
#4542 = PERSON_AND_ORGANIZATION ( #18446744073709551615, #18446744073709551615 ) ;
#4543 = CARTESIAN_POINT ( 'NONE',  ( 54.49999999999998579, 80.50000000000000000, 14.20000000000000107 ) ) ;
#4544 = VERTEX_POINT ( 'NONE', #4389 ) ;
#4545 = DIRECTION ( 'NONE',  ( 0.9755345439457592249, 0.000000000000000000, 0.2198462043532692922 ) ) ;
#4546 = AXIS2_PLACEMENT_3D ( 'NONE', #1766, #3877, #1937 ) ;
#4547 = APPLICATION_CONTEXT ( 'configuration controlled 3d designs of mechanical parts and assemblies' ) ;
#4548 = CARTESIAN_POINT ( 'NONE',  ( -39.26299734871796687, 89.50000000000004263, 13.54287174432635688 ) ) ;
#4549 = CARTESIAN_POINT ( 'NONE',  ( -40.26999999992408874, 80.00000000000000000, 14.76999999999999780 ) ) ;
#4550 = CARTESIAN_POINT ( 'NONE',  ( 90.89360550517758952, 77.94316099334498915, 16.91972416021729586 ) ) ;
#4551 = AXIS2_PLACEMENT_3D ( 'NONE', #8577, #3043, #1019 ) ;
#4552 = CARTESIAN_POINT ( 'NONE',  ( 54.05288965150546687, 89.87938515873392475, 7.668481278353419306 ) ) ;
#4553 = EDGE_LOOP ( 'NONE', ( #7214, #1764, #7973, #3800 ) ) ;
#4554 = DIRECTION ( 'NONE',  ( 1.000000000000000000, -0.000000000000000000, -0.000000000000000000 ) ) ;
#4555 = EDGE_LOOP ( 'NONE', ( #137, #6074, #8239, #126 ) ) ;
#4556 = ORIENTED_EDGE ( 'NONE', *, *, #6717, .T. ) ;
#4557 = DIRECTION ( 'NONE',  ( 1.000000000000000000, 0.000000000000000000, 0.000000000000000000 ) ) ;
#4558 = ORIENTED_EDGE ( 'NONE', *, *, #895, .F. ) ;
#4559 = CARTESIAN_POINT ( 'NONE',  ( 90.60264855163208608, 82.13057789342819603, 16.48120557518706875 ) ) ;
#4560 = CARTESIAN_POINT ( 'NONE',  ( 92.63011552358973688, 80.55194432919532233, 14.88064730875809794 ) ) ;
#4561 = VECTOR ( 'NONE', #15, 1000.000000000000000 ) ;
#4562 = CARTESIAN_POINT ( 'NONE',  ( -93.02961950968224869, 76.15775779050896688, 11.62134000900891273 ) ) ;
#4563 = EDGE_CURVE ( 'NONE', #3213, #8753, #3329, .T. ) ;
#4564 = DIRECTION ( 'NONE',  ( -1.000000000000000000, 0.000000000000000000, 0.000000000000000000 ) ) ;
#4565 = CARTESIAN_POINT ( 'NONE',  ( -46.77007826792249290, 89.50000000000004263, 13.78324725724886157 ) ) ;
#4566 = CARTESIAN_POINT ( 'NONE',  ( -26.99999999999997868, 89.34485357832085128, 8.400000000000002132 ) ) ;
#4567 = CARTESIAN_POINT ( 'NONE',  ( -42.00670909684822618, 89.34485357832093655, 8.106895743527148923 ) ) ;
#4568 = ORIENTED_EDGE ( 'NONE', *, *, #8295, .F. ) ;
#4569 = AXIS2_PLACEMENT_3D ( 'NONE', #7286, #363, #7921 ) ;
#4570 = CARTESIAN_POINT ( 'NONE',  ( 30.02184859616410506, 89.34485357832083707, 8.399981716010158195 ) ) ;
#4571 = ORIENTED_EDGE ( 'NONE', *, *, #6613, .T. ) ;
#4572 = CARTESIAN_POINT ( 'NONE',  ( 92.27526763447944802, 76.85531394819618356, 15.67069329583585535 ) ) ;
#4573 = CARTESIAN_POINT ( 'NONE',  ( -78.80147967469100934, 87.61543439261633637, 8.370738988367264710 ) ) ;
#4574 = EDGE_CURVE ( 'NONE', #8077, #1446, #7206, .T. ) ;
#4575 = ORIENTED_EDGE ( 'NONE', *, *, #5161, .T. ) ;
#4576 = LINE ( 'NONE', #4527, #5276 ) ;
#4577 = EDGE_CURVE ( 'NONE', #2979, #4673, #8240, .T. ) ;
#4578 = CARTESIAN_POINT ( 'NONE',  ( -93.21185735207352252, 79.80205230826649654, 12.18298650181867337 ) ) ;
#4579 = CARTESIAN_POINT ( 'NONE',  ( 53.12856784104703678, 89.99999999999998579, 8.288526546229888936 ) ) ;
#4580 = CARTESIAN_POINT ( 'NONE',  ( -49.34202404474824988, 89.87938526875241507, 8.808624529299272865 ) ) ;
#4581 = DIRECTION ( 'NONE',  ( -1.000000000000000000, 0.000000000000000000, 0.000000000000000000 ) ) ;
#4582 = DIRECTION ( 'NONE',  ( 0.000000000000000000, 1.000000000000000000, 0.000000000000000000 ) ) ;
#4583 = CARTESIAN_POINT ( 'NONE',  ( 55.03473674896427070, 85.99999999999998579, 5.712153153431536623 ) ) ;
#4584 = CIRCLE ( 'NONE', #2704, 0.5000000000000000000 ) ;
#4585 = CARTESIAN_POINT ( 'NONE',  ( -39.26677920456048554, 89.99999999999998579, 10.95525634441680474 ) ) ;
#4586 = CARTESIAN_POINT ( 'NONE',  ( -3.903127820947863294E-15, 89.87938524157178222, 9.868613674765414956 ) ) ;
#4587 = ORIENTED_EDGE ( 'NONE', *, *, #5260, .T. ) ;
#4588 = CARTESIAN_POINT ( 'NONE',  ( 0.000000000000000000, 0.000000000000000000, 0.000000000000000000 ) ) ;
#4589 = CARTESIAN_POINT ( 'NONE',  ( 35.76222332078766897, 82.50000000000000000, 15.00000000000000178 ) ) ;
#4590 = ORIENTED_EDGE ( 'NONE', *, *, #5861, .F. ) ;
#4591 = FACE_OUTER_BOUND ( 'NONE', #8264, .T. ) ;
#4592 = CARTESIAN_POINT ( 'NONE',  ( 53.99999999999997158, 82.50000000000000000, 17.00000000000000000 ) ) ;
#4593 = CARTESIAN_POINT ( 'NONE',  ( -23.37228132326903562, 83.00000000000000000, 3.694999999999993623 ) ) ;
#4594 = CARTESIAN_POINT ( 'NONE',  ( 30.41669952049003456, 86.68521224490473287, 8.396656917847634460 ) ) ;
#4595 = CARTESIAN_POINT ( 'NONE',  ( 53.58101120806497164, 89.99999999999997158, 8.533012930287890541 ) ) ;
#4596 = ORIENTED_EDGE ( 'NONE', *, *, #6271, .F. ) ;
#4597 = DIRECTION ( 'NONE',  ( -1.000000000000000000, 0.000000000000000000, 0.000000000000000000 ) ) ;
#4598 = ORIENTED_EDGE ( 'NONE', *, *, #8650, .F. ) ;
#4599 = ORIENTED_EDGE ( 'NONE', *, *, #6123, .T. ) ;
#4600 = DIRECTION ( 'NONE',  ( 0.000000000000000000, 0.000000000000000000, -1.000000000000000000 ) ) ;
#4601 = DIRECTION ( 'NONE',  ( -1.000000000000000000, 0.000000000000000000, 0.000000000000000000 ) ) ;
#4602 = CARTESIAN_POINT ( 'NONE',  ( -39.40963459195921104, 89.50000000000004263, 13.68953357935744819 ) ) ;
#4603 = DIRECTION ( 'NONE',  ( 1.000000000000000000, 2.847297187420961022E-16, -0.000000000000000000 ) ) ;
#4604 = ADVANCED_FACE ( 'NONE', ( #3837 ), #332, .F. ) ;
#4605 = DIRECTION ( 'NONE',  ( -1.000000000000000000, 0.000000000000000000, 0.000000000000000000 ) ) ;
#4606 = CARTESIAN_POINT ( 'NONE',  ( -47.20807626371460941, 89.50000000000008527, 13.38663492790821152 ) ) ;
#4607 = CARTESIAN_POINT ( 'NONE',  ( -60.11977948795215809, 90.00000000000000000, 4.673175535269097125 ) ) ;
#4608 = CARTESIAN_POINT ( 'NONE',  ( -34.53628046296010723, 89.34485357832079444, 8.364062271939470605 ) ) ;
#4609 = ORIENTED_EDGE ( 'NONE', *, *, #6636, .T. ) ;
#4610 = EDGE_CURVE ( 'NONE', #3339, #8077, #4372, .T. ) ;
#4611 = CARTESIAN_POINT ( 'NONE',  ( 63.12182789438067232, 89.50114633798075658, 4.837176849657242705 ) ) ;
#4612 = VERTEX_POINT ( 'NONE', #3792 ) ;
#4613 = B_SPLINE_SURFACE_WITH_KNOTS ( 'NONE', 3, 1, ( 
 ( #533, #2546 ),
 ( #7951, #1790 ),
 ( #5251, #7996 ),
 ( #7274, #8584 ),
 ( #1837, #1119 ),
 ( #6688, #3225 ),
 ( #4583, #5978 ),
 ( #5299, #5168 ),
 ( #1876, #4623 ),
 ( #3272, #7359 ),
 ( #1201, #7909 ),
 ( #3989, #3941 ),
 ( #7225, #2587 ),
 ( #1747, #3813 ),
 ( #352, #3093 ),
 ( #3355, #4798 ),
 ( #4714, #6152 ),
 ( #23, #6191 ),
 ( #4031, #7540 ),
 ( #8261, #617 ) ),
 .UNSPECIFIED., .F., .F., .F.,
 ( 4, 2, 2, 2, 2, 2, 2, 2, 2, 4 ),
 ( 2, 2 ),
 ( 0.000000000000000000, 0.06250000000000049960, 0.09375000000000074940, 0.1250000000000009992, 0.1875000000000008882, 0.2500000000000007772, 0.3750000000000006106, 0.5000000000000004441, 0.7500000000000002220, 1.000000000000000000 ),
 ( 0.000000000000000000, 1.000000000000000000 ),
 .UNSPECIFIED. ) ;
#4614 = FACE_OUTER_BOUND ( 'NONE', #7878, .T. ) ;
#4615 = EDGE_CURVE ( 'NONE', #328, #3903, #424, .T. ) ;
#4616 = CARTESIAN_POINT ( 'NONE',  ( -82.78289392792231638, 85.66255797088064128, 9.267989441418665209 ) ) ;
#4617 = DIRECTION ( 'NONE',  ( 1.000000000000000000, 0.000000000000000000, 0.000000000000000000 ) ) ;
#4618 = CARTESIAN_POINT ( 'NONE',  ( -93.22212687559714084, 76.01317438786992398, 12.06375359326712982 ) ) ;
#4619 = CARTESIAN_POINT ( 'NONE',  ( 55.26995546567906104, 89.99999999999997158, 7.562563352606315625 ) ) ;
#4620 = CARTESIAN_POINT ( 'NONE',  ( -32.59875279665399006, 89.87938526393027416, 9.868342771442998540 ) ) ;
#4621 = CARTESIAN_POINT ( 'NONE',  ( -82.84050863792965913, 86.00513479463209876, 16.99999999999998934 ) ) ;
#4622 = LINE ( 'NONE', #3140, #3528 ) ;
#4623 = CARTESIAN_POINT ( 'NONE',  ( 53.48332420469114368, 89.34485360493508210, 6.307480072997183385 ) ) ;
#4624 = CARTESIAN_POINT ( 'NONE',  ( 0.000000000000000000, 80.00000000000000000, 14.20000000000000107 ) ) ;
#4625 = CARTESIAN_POINT ( 'NONE',  ( 20.50000000000001776, 85.00000000000000000, 8.400000000000000355 ) ) ;
#4626 = ORIENTED_EDGE ( 'NONE', *, *, #1017, .F. ) ;
#4627 = EDGE_CURVE ( 'NONE', #8643, #4355, #7808, .T. ) ;
#4628 = CARTESIAN_POINT ( 'NONE',  ( 0.000000000000000000, 89.50000000000000000, 17.00000000000001421 ) ) ;
#4629 = DIRECTION ( 'NONE',  ( 0.000000000000000000, -1.000000000000000000, 0.000000000000000000 ) ) ;
#4630 = CIRCLE ( 'NONE', #3768, 1.750000000000001554 ) ;
#4631 = ORIENTED_EDGE ( 'NONE', *, *, #40, .F. ) ;
#4632 = DIRECTION ( 'NONE',  ( -0.5776914063335691907, -0.8162552536114808799, 0.000000000000000000 ) ) ;
#4633 = CARTESIAN_POINT ( 'NONE',  ( -39.36373414828153727, 89.50000000000002842, 13.63733538202408191 ) ) ;
#4634 = CARTESIAN_POINT ( 'NONE',  ( -59.41310814103970017, 89.87938524157181064, 4.424180496369286786 ) ) ;
#4635 = CARTESIAN_POINT ( 'NONE',  ( 23.32842712474621649, 86.00000000000000000, 11.13333333333333819 ) ) ;
#4636 = CARTESIAN_POINT ( 'NONE',  ( 59.06525999161821261, 89.87938524153010178, 4.789874493213867268 ) ) ;
#4637 = EDGE_LOOP ( 'NONE', ( #3385, #7416, #6784, #6424 ) ) ;
#4638 = CARTESIAN_POINT ( 'NONE',  ( -91.78858918941303102, 81.23815957592775305, 15.91974552582580138 ) ) ;
#4639 = VERTEX_POINT ( 'NONE', #2397 ) ;
#4640 = ORIENTED_EDGE ( 'NONE', *, *, #6318, .F. ) ;
#4641 = DIRECTION ( 'NONE',  ( -1.000000000000000000, 0.000000000000000000, 0.000000000000000000 ) ) ;
#4642 = DIRECTION ( 'NONE',  ( -1.000000000000000000, -8.249565755581262136E-16, 0.000000000000000000 ) ) ;
#4643 = CARTESIAN_POINT ( 'NONE',  ( 93.19023212130687739, 79.80026952642882065, 12.43406330689478878 ) ) ;
#4644 = CARTESIAN_POINT ( 'NONE',  ( -4.739010447466979414, 90.00000000000000000, -15.00000000000000178 ) ) ;
#4645 = CIRCLE ( 'NONE', #6513, 1.999999999999998224 ) ;
#4646 = CARTESIAN_POINT ( 'NONE',  ( 27.77126218583481787, 76.00000000000000000, 14.20000000000000107 ) ) ;
#4647 = CARTESIAN_POINT ( 'NONE',  ( -46.85550599644080449, 90.00000000000002842, 10.83884863397846132 ) ) ;
#4648 = CARTESIAN_POINT ( 'NONE',  ( 59.64249901024645339, 89.96020288692730560, 4.505006171063003606 ) ) ;
#4649 = ORIENTED_EDGE ( 'NONE', *, *, #2508, .T. ) ;
#4650 = FACE_OUTER_BOUND ( 'NONE', #5215, .T. ) ;
#4651 = ORIENTED_EDGE ( 'NONE', *, *, #6797, .T. ) ;
#4652 = AXIS2_PLACEMENT_3D ( 'NONE', #3216, #477, #1192 ) ;
#4653 = CARTESIAN_POINT ( 'NONE',  ( -23.32842712474621294, 86.00000000000000000, 12.50000000000000711 ) ) ;
#4654 = FACE_BOUND ( 'NONE', #3543, .T. ) ;
#4655 = AXIS2_PLACEMENT_3D ( 'NONE', #8750, #1112, #2580 ) ;
#4656 = EDGE_CURVE ( 'NONE', #2979, #7230, #5915, .T. ) ;
#4657 = CARTESIAN_POINT ( 'NONE',  ( 73.98422712139890223, 85.08476854504475284, 12.93473033843883613 ) ) ;
#4658 = AXIS2_PLACEMENT_3D ( 'NONE', #2516, #1886, #4679 ) ;
#4659 = CARTESIAN_POINT ( 'NONE',  ( 53.99999999999998579, 80.50000000000000000, 14.20000000000000107 ) ) ;
#4660 = CARTESIAN_POINT ( 'NONE',  ( 53.30994722796516783, 90.00000000000001421, 8.235959407123877085 ) ) ;
#4661 = DIRECTION ( 'NONE',  ( -1.000000000000000000, 0.000000000000000000, 0.000000000000000000 ) ) ;
#4662 = ORIENTED_EDGE ( 'NONE', *, *, #7670, .T. ) ;
#4663 = DIRECTION ( 'NONE',  ( 0.000000000000000000, 0.000000000000000000, 1.000000000000000000 ) ) ;
#4664 = CARTESIAN_POINT ( 'NONE',  ( 78.82856746937670778, 87.62887141330195107, 8.831700837937148663 ) ) ;
#4665 = DIRECTION ( 'NONE',  ( 0.000000000000000000, 0.000000000000000000, -1.000000000000000000 ) ) ;
#4666 = AXIS2_PLACEMENT_3D ( 'NONE', #4338, #5186, #1046 ) ;
#4667 = EDGE_CURVE ( 'NONE', #7060, #5982, #3349, .T. ) ;
#4668 = CARTESIAN_POINT ( 'NONE',  ( -90.31400697876470929, 81.72273869471308672, 16.99999999999998934 ) ) ;
#4669 = CARTESIAN_POINT ( 'NONE',  ( -57.38845890875076350, 90.00000000000000000, 6.948980870303172352 ) ) ;
#4670 = VERTEX_POINT ( 'NONE', #7166 ) ;
#4671 = DIRECTION ( 'NONE',  ( 0.000000000000000000, -0.000000000000000000, -1.000000000000000000 ) ) ;
#4672 = CARTESIAN_POINT ( 'NONE',  ( -54.49999999999998579, 83.00000000000000000, 17.00000000000000000 ) ) ;
#4673 = VERTEX_POINT ( 'NONE', #3880 ) ;
#4674 = CARTESIAN_POINT ( 'NONE',  ( -46.94442132052249406, 85.99999999999998579, 7.655948563464652246 ) ) ;
#4675 = EDGE_CURVE ( 'NONE', #5180, #3149, #2482, .T. ) ;
#4676 = CARTESIAN_POINT ( 'NONE',  ( -39.05743234656930696, 89.50000000000001421, 11.86985024500336650 ) ) ;
#4677 = EDGE_CURVE ( 'NONE', #6111, #2723, #1815, .T. ) ;
#4678 = AXIS2_PLACEMENT_3D ( 'NONE', #7539, #4843, #6103 ) ;
#4679 = DIRECTION ( 'NONE',  ( 0.7818837758212267008, 0.000000000000000000, 0.6234242224260634346 ) ) ;
#4680 = DIRECTION ( 'NONE',  ( -1.000000000000000000, 0.000000000000000000, 0.000000000000000000 ) ) ;
#4681 = CARTESIAN_POINT ( 'NONE',  ( 58.80683362037945727, 89.87938524191028478, 5.052019851084073920 ) ) ;
#4682 = ORIENTED_EDGE ( 'NONE', *, *, #2971, .F. ) ;
#4683 = CARTESIAN_POINT ( 'NONE',  ( -91.87777453048016696, 80.83978022221016602, 16.24684844476054124 ) ) ;
#4684 = AXIS2_PLACEMENT_3D ( 'NONE', #3246, #7337, #1092 ) ;
#4685 = EDGE_LOOP ( 'NONE', ( #54, #4008, #7191, #6241 ) ) ;
#4686 = CARTESIAN_POINT ( 'NONE',  ( -3.252606517456513302E-16, 89.87938524157182485, 9.868613674765553512 ) ) ;
#4687 = CIRCLE ( 'NONE', #5834, 0.8999999999999968026 ) ;
#4688 = EDGE_LOOP ( 'NONE', ( #1043, #3400, #4986, #1190 ) ) ;
#4689 = FACE_OUTER_BOUND ( 'NONE', #2942, .T. ) ;
#4690 = CARTESIAN_POINT ( 'NONE',  ( -26.99999999999997868, 89.34485360493509631, 8.400000000000000355 ) ) ;
#4691 = CARTESIAN_POINT ( 'NONE',  ( -95.14494239437750878, 79.33172216039558577, -15.00000000000000000 ) ) ;
#4692 = CIRCLE ( 'NONE', #3826, 0.7999999999999951594 ) ;
#4693 = DIRECTION ( 'NONE',  ( -1.000000000000000000, -0.000000000000000000, -0.000000000000000000 ) ) ;
#4694 = CARTESIAN_POINT ( 'NONE',  ( -46.68966150716037333, 89.50000000000007105, 13.82622372368278363 ) ) ;
#4695 = CARTESIAN_POINT ( 'NONE',  ( 91.13159150327550151, 81.76824440181889031, 16.86371194444588539 ) ) ;
#4696 = ORIENTED_EDGE ( 'NONE', *, *, #8844, .T. ) ;
#4697 = CARTESIAN_POINT ( 'NONE',  ( -51.64159885055094890, 82.50000000000000000, 17.00000000000000000 ) ) ;
#4698 = EDGE_CURVE ( 'NONE', #4670, #3213, #7891, .T. ) ;
#4699 = AXIS2_PLACEMENT_3D ( 'NONE', #1952, #6013, #3304 ) ;
#4700 = AXIS2_PLACEMENT_3D ( 'NONE', #1199, #5297, #6058 ) ;
#4701 = CARTESIAN_POINT ( 'NONE',  ( -81.22036674053040883, 82.75524314371770629, 8.915858731666988390 ) ) ;
#4702 = CARTESIAN_POINT ( 'NONE',  ( 50.71904090898067352, 89.87938525163040993, 8.562116619547881058 ) ) ;
#4703 = VECTOR ( 'NONE', #4351, 1000.000000000000000 ) ;
#4704 = CARTESIAN_POINT ( 'NONE',  ( -58.96124655318264729, 89.34485357832087971, 2.766651497920459946 ) ) ;
#4705 = CARTESIAN_POINT ( 'NONE',  ( 73.25298883673832506, 85.24321888414073101, 13.31368823707376237 ) ) ;
#4706 = AXIS2_PLACEMENT_3D ( 'NONE', #8638, #8597, #3779 ) ;
#4707 = DIRECTION ( 'NONE',  ( 1.000000000000000000, 0.000000000000000000, 0.000000000000000000 ) ) ;
#4708 = ORIENTED_EDGE ( 'NONE', *, *, #241, .T. ) ;
#4709 = CARTESIAN_POINT ( 'NONE',  ( 56.30544191785003960, 90.00000000000001421, 7.104309653647058909 ) ) ;
#4710 = LINE ( 'NONE', #2672, #3552 ) ;
#4711 = ORIENTED_EDGE ( 'NONE', *, *, #1212, .T. ) ;
#4712 = LINE ( 'NONE', #440, #8859 ) ;
#4713 = LINE ( 'NONE', #7403, #4822 ) ;
#4714 = CARTESIAN_POINT ( 'NONE',  ( 37.66139843986672275, 85.99999999999994316, 8.313402995911093996 ) ) ;
#4715 = VECTOR ( 'NONE', #3239, 1000.000000000000000 ) ;
#4716 = CARTESIAN_POINT ( 'NONE',  ( -17.67157287525384035, 86.00000000000001421, 9.766666666666663943 ) ) ;
#4717 = VERTEX_POINT ( 'NONE', #3205 ) ;
#4718 = LINE ( 'NONE', #6781, #8108 ) ;
#4719 = CARTESIAN_POINT ( 'NONE',  ( -91.67630499562217494, 77.34673342590053835, 16.49952666181980376 ) ) ;
#4720 = ORIENTED_EDGE ( 'NONE', *, *, #3231, .T. ) ;
#4721 = CARTESIAN_POINT ( 'NONE',  ( -28.30462858413867622, 85.99999999999997158, 8.400000000000005684 ) ) ;
#4722 = EDGE_CURVE ( 'NONE', #7628, #6751, #1007, .T. ) ;
#4723 = EDGE_CURVE ( 'NONE', #5627, #5180, #4512, .T. ) ;
#4724 = CARTESIAN_POINT ( 'NONE',  ( -38.87052721373272135, 89.50000000000005684, 12.61472975669556895 ) ) ;
#4725 = DIRECTION ( 'NONE',  ( -1.000000000000000000, 0.000000000000000000, 0.000000000000000000 ) ) ;
#4726 = CARTESIAN_POINT ( 'NONE',  ( -69.21774739781940866, 86.00000000000000000, 17.00000000000000000 ) ) ;
#4727 = CARTESIAN_POINT ( 'NONE',  ( 60.13756847358823165, 89.99999999999998579, 4.654424682514199496 ) ) ;
#4728 = ORIENTED_EDGE ( 'NONE', *, *, #3280, .T. ) ;
#4729 = DIRECTION ( 'NONE',  ( -1.000000000000000000, 0.000000000000000000, 0.000000000000000000 ) ) ;
#4730 = EDGE_LOOP ( 'NONE', ( #4038, #123, #1675, #2736, #492 ) ) ;
#4731 = CARTESIAN_POINT ( 'NONE',  ( -29.89241749508082080, 89.87938483595196715, 9.868616333578305699 ) ) ;
#4732 = CARTESIAN_POINT ( 'NONE',  ( -48.20520490812376835, 75.07760237977390716, 13.10000000000000142 ) ) ;
#4733 = CARTESIAN_POINT ( 'NONE',  ( 93.22393030291237892, 80.01222963575824565, 12.04281514531430552 ) ) ;
#4734 = CARTESIAN_POINT ( 'NONE',  ( -65.66699594561768549, 86.99556551385957448, 5.410755242117296859 ) ) ;
#4735 = CARTESIAN_POINT ( 'NONE',  ( 51.99999999999998579, 87.50000000000000000, 6.730110844732275055 ) ) ;
#4736 = CARTESIAN_POINT ( 'NONE',  ( -47.92040747981864968, 89.99999999999995737, 13.00240252648038286 ) ) ;
#4737 = CARTESIAN_POINT ( 'NONE',  ( 90.87604797104518184, 81.95845578176044910, 16.95764423394158271 ) ) ;
#4738 = ORIENTED_EDGE ( 'NONE', *, *, #7529, .T. ) ;
#4739 = CARTESIAN_POINT ( 'NONE',  ( 92.83389431418130755, 79.76922673094559002, 11.53308020482185370 ) ) ;
#4740 = CARTESIAN_POINT ( 'NONE',  ( -72.86499740015436544, 85.08728716794644242, 7.032894928025934966 ) ) ;
#4741 = ADVANCED_FACE ( 'NONE', ( #6668 ), #8022, .F. ) ;
#4742 = CARTESIAN_POINT ( 'NONE',  ( 59.41310814103970017, 89.87938524157181064, 4.424180496369286786 ) ) ;
#4743 = EDGE_CURVE ( 'NONE', #700, #4462, #3042, .T. ) ;
#4744 = B_SPLINE_CURVE_WITH_KNOTS ( 'NONE', 3,
 ( #6680, #6090, #6138, #6853, #8876, #2711, #5370, #8746, #1904, #2576, #695, #6050, #8114, #5326, #7393, #8784, #1989, #605, #8161, #5687, #2128, #6361, #8432 ),
 .UNSPECIFIED., .F., .F.,
 ( 4, 2, 2, 1, 1, 2, 2, 1, 1, 2, 1, 2, 2, 4 ),
 ( 0.2106824774419788493, 0.2332832943378240487, 0.2558841112336692758, 0.3010857450253625611, 0.3914890126087446909, 0.4818922801921268206, 0.5044930970879708543, 0.5270939139838149989, 0.5722955477754992915, 0.6626988153588696528, 0.7079004491505537233, 0.7305012660463950924, 0.7531020829422364615, 0.9339086181089701899 ),
 .UNSPECIFIED. ) ;
#4745 = CARTESIAN_POINT ( 'NONE',  ( -58.08781746995341422, 89.34485357832087971, 3.687307917099995613 ) ) ;
#4746 = CARTESIAN_POINT ( 'NONE',  ( 70.56565571588032526, 85.60658944842323592, 11.36366413569873757 ) ) ;
#4747 = CARTESIAN_POINT ( 'NONE',  ( 54.49999999999998579, 86.00000000000001421, 12.50000000000000000 ) ) ;
#4748 = ORIENTED_EDGE ( 'NONE', *, *, #5566, .F. ) ;
#4749 = CARTESIAN_POINT ( 'NONE',  ( 30.02498805227000389, 90.00000000000001421, 10.19998946731680967 ) ) ;
#4750 = CARTESIAN_POINT ( 'NONE',  ( 11.00000000017192114, 89.50000000000000000, 17.00000000000002487 ) ) ;
#4751 = DIRECTION ( 'NONE',  ( -1.000000000000000000, 0.000000000000000000, 0.000000000000000000 ) ) ;
#4752 = CARTESIAN_POINT ( 'NONE',  ( 73.86144079002438900, 88.91230979679360757, 7.727297122284221054 ) ) ;
#4753 = LINE ( 'NONE', #2722, #3227 ) ;
#4754 = B_SPLINE_SURFACE_WITH_KNOTS ( 'NONE', 3, 1, ( 
 ( #4618, #8578 ),
 ( #5163, #4578 ),
 ( #7314, #1156 ),
 ( #3936, #6683 ),
 ( #528, #1740 ),
 ( #8254, #7619 ),
 ( #1953, #7450 ),
 ( #2759, #699 ),
 ( #1368, #4837 ),
 ( #4065, #2806 ),
 ( #1454, #4024 ),
 ( #6813, #4201 ),
 ( #6942, #6859 ),
 ( #740, #2624 ) ),
 .UNSPECIFIED., .F., .F., .F.,
 ( 4, 2, 2, 2, 2, 2, 4 ),
 ( 2, 2 ),
 ( 0.000000000000000000, 0.05633295384194525468, 0.1813329538419448106, 0.4313329538419451437, 0.5563329538419452547, 0.6813329538419454767, 0.7214930623748520011 ),
 ( 0.000000000000000000, 1.000000000000000000 ),
 .UNSPECIFIED. ) ;
#4755 = AXIS2_PLACEMENT_3D ( 'NONE', #8038, #7402, #1241 ) ;
#4756 = LINE ( 'NONE', #4801, #1384 ) ;
#4757 = ORIENTED_EDGE ( 'NONE', *, *, #7245, .T. ) ;
#4758 = CARTESIAN_POINT ( 'NONE',  ( -48.13907288553707531, 86.00000000000000000, 11.80913747967582417 ) ) ;
#4759 = CARTESIAN_POINT ( 'NONE',  ( -44.13666666659074167, 89.49999999999994316, 11.16999999999999282 ) ) ;
#4760 = ORIENTED_EDGE ( 'NONE', *, *, #1065, .T. ) ;
#4761 = CARTESIAN_POINT ( 'NONE',  ( -31.01769556466016908, 85.99999999999997158, 8.394468355151117223 ) ) ;
#4762 = CARTESIAN_POINT ( 'NONE',  ( -39.05674201934848355, 89.50000000000009948, 13.27007838616169266 ) ) ;
#4763 = ADVANCED_FACE ( 'NONE', ( #3029, #639 ), #3171, .T. ) ;
#4764 = CARTESIAN_POINT ( 'NONE',  ( -59.68750093188134542, 90.00000000000000000, 4.616439001140727250 ) ) ;
#4765 = CARTESIAN_POINT ( 'NONE',  ( -60.71081442275158224, 86.00000000000000000, 17.00000000000000000 ) ) ;
#4766 = CARTESIAN_POINT ( 'NONE',  ( 66.00147541926334327, 89.99981326875506227, 16.49963217656421932 ) ) ;
#4767 = VERTEX_POINT ( 'NONE', #7476 ) ;
#4768 = CARTESIAN_POINT ( 'NONE',  ( -23.37228132326902852, 82.50000000000000000, 15.00000000000000178 ) ) ;
#4769 = EDGE_LOOP ( 'NONE', ( #8602, #242, #6835, #8111 ) ) ;
#4770 = EDGE_CURVE ( 'NONE', #1936, #2952, #7563, .T. ) ;
#4771 = CARTESIAN_POINT ( 'NONE',  ( -36.78728939763337991, 89.34485357832085128, 8.322146387168043447 ) ) ;
#4772 = VERTEX_POINT ( 'NONE', #7382 ) ;
#4773 = CARTESIAN_POINT ( 'NONE',  ( -21.56717675574722293, 76.00000000000000000, 12.50000000000000000 ) ) ;
#4774 = CARTESIAN_POINT ( 'NONE',  ( -58.04018722641414740, 89.15229676901718392, 3.738148623489297773 ) ) ;
#4775 = CARTESIAN_POINT ( 'NONE',  ( -48.28455850954408390, 89.34485360493506789, 7.486847599870300130 ) ) ;
#4776 = EDGE_CURVE ( 'NONE', #6475, #4873, #7516, .T. ) ;
#4777 = VECTOR ( 'NONE', #6323, 1000.000000000000000 ) ;
#4778 = DIRECTION ( 'NONE',  ( 0.2198462043532693200, 0.000000000000000000, 0.9755345439457593359 ) ) ;
#4779 = CARTESIAN_POINT ( 'NONE',  ( -47.58940104737180832, 90.00000000000000000, 13.73760824892508481 ) ) ;
#4780 = CARTESIAN_POINT ( 'NONE',  ( -47.90518713813342799, 89.99999999999995737, 13.06301214327747218 ) ) ;
#4781 = DIRECTION ( 'NONE',  ( -1.000000000000000000, 0.000000000000000000, 0.000000000000000000 ) ) ;
#4782 = CARTESIAN_POINT ( 'NONE',  ( -39.77184443905191813, 89.99999999999994316, 14.42031439196019882 ) ) ;
#4783 = VERTEX_POINT ( 'NONE', #3967 ) ;
#4784 = PLANE ( 'NONE',  #3538 ) ;
#4785 = CARTESIAN_POINT ( 'NONE',  ( -80.26100650249433954, 83.10594108803067570, 8.699657564574946989 ) ) ;
#4786 = CARTESIAN_POINT ( 'NONE',  ( 57.28641024176326368, 89.87938522569719169, 6.217630962489867130 ) ) ;
#4787 = CARTESIAN_POINT ( 'NONE',  ( -58.07573784728874244, 89.34485357832087971, 3.700040490260187553 ) ) ;
#4788 = CARTESIAN_POINT ( 'NONE',  ( 74.72064367273809182, 84.87952949151828363, 11.78460212932210815 ) ) ;
#4789 = DIRECTION ( 'NONE',  ( 4.163336342345625335E-16, -0.000000000000000000, 1.000000000000000000 ) ) ;
#4790 = AXIS2_PLACEMENT_3D ( 'NONE', #3592, #129, #7730 ) ;
#4791 = VERTEX_POINT ( 'NONE', #6174 ) ;
#4792 = B_SPLINE_CURVE_WITH_KNOTS ( 'NONE', 3,
 ( #2153, #181, #7055, #7781, #4368, #5667, #3600, #5716, #8499, #8412 ),
 .UNSPECIFIED., .F., .F.,
 ( 4, 1, 1, 1, 1, 2, 4 ),
 ( 0.000000000000000000, 0.03300073771152234325, 0.04950110656728350100, 0.05775129099516407988, 0.06187638320910435891, 0.06393892931607450536, 0.06600147542304463100 ),
 .UNSPECIFIED. ) ;
#4793 = CARTESIAN_POINT ( 'NONE',  ( 58.07573784728874244, 89.34485357832087971, 3.700040490260187553 ) ) ;
#4794 = DIRECTION ( 'NONE',  ( 0.000000000000000000, 0.000000000000000000, 1.000000000000000000 ) ) ;
#4795 = ORIENTED_EDGE ( 'NONE', *, *, #478, .F. ) ;
#4796 = PLANE ( 'NONE',  #5856 ) ;
#4797 = DIRECTION ( 'NONE',  ( -0.000000000000000000, -0.000000000000000000, 1.000000000000000000 ) ) ;
#4798 = CARTESIAN_POINT ( 'NONE',  ( 40.32613827112415805, 89.34485360493508210, 8.229776529308063360 ) ) ;
#4799 = VECTOR ( 'NONE', #3252, 1000.000000000000000 ) ;
#4800 = ORIENTED_EDGE ( 'NONE', *, *, #758, .T. ) ;
#4801 = CARTESIAN_POINT ( 'NONE',  ( 70.67933840040866755, 84.79769511697095652, 11.22215175600951831 ) ) ;
#4802 = ORIENTED_EDGE ( 'NONE', *, *, #7874, .F. ) ;
#4803 = CARTESIAN_POINT ( 'NONE',  ( -47.50020054419848492, 86.00000000000000000, 10.89240735182281306 ) ) ;
#4804 = DIRECTION ( 'NONE',  ( 0.000000000000000000, 0.000000000000000000, -1.000000000000000000 ) ) ;
#4805 = ORIENTED_EDGE ( 'NONE', *, *, #5491, .T. ) ;
#4806 = CARTESIAN_POINT ( 'NONE',  ( -30.88501201263989060, 85.99999999999997158, 8.394993853685686958 ) ) ;
#4807 = CIRCLE ( 'NONE', #1791, 3.000000000000002665 ) ;
#4808 = CIRCLE ( 'NONE', #1353, 2.199999999999998845 ) ;
#4809 = EDGE_CURVE ( 'NONE', #1284, #6252, #1400, .T. ) ;
#4810 = AXIS2_PLACEMENT_3D ( 'NONE', #3312, #6060, #8797 ) ;
#4811 = CARTESIAN_POINT ( 'NONE',  ( -38.99415013063603652, 89.50000000000002842, 13.14683559103196231 ) ) ;
#4812 = CARTESIAN_POINT ( 'NONE',  ( -59.38764350996260788, 90.00000000000000000, 4.932509993966646356 ) ) ;
#4813 = CARTESIAN_POINT ( 'NONE',  ( -59.64709378341176205, 89.40953893117767848, 4.054111698172639500 ) ) ;
#4814 = VERTEX_POINT ( 'NONE', #6799 ) ;
#4815 = CARTESIAN_POINT ( 'NONE',  ( 70.67933840040866755, 84.79769511697095652, 11.22215175600951831 ) ) ;
#4816 = ORIENTED_EDGE ( 'NONE', *, *, #4723, .F. ) ;
#4817 = CARTESIAN_POINT ( 'NONE',  ( -56.59211679416225849, 89.34485357832089392, 4.893066534811995716 ) ) ;
#4818 = EDGE_LOOP ( 'NONE', ( #1379, #3734, #473, #3615 ) ) ;
#4819 = CARTESIAN_POINT ( 'NONE',  ( -8.100000000000012079, 89.99999999999997158, 10.19999999999993534 ) ) ;
#4820 = CARTESIAN_POINT ( 'NONE',  ( -92.72397121200469883, 79.76922673094559002, 12.02084747679476529 ) ) ;
#4821 = CARTESIAN_POINT ( 'NONE',  ( -97.90079786713343424, 75.58182856297455032, 17.00000000000000000 ) ) ;
#4822 = VECTOR ( 'NONE', #5383, 1000.000000000000000 ) ;
#4823 = DIRECTION ( 'NONE',  ( -1.000000000000000000, -0.000000000000000000, -0.000000000000000000 ) ) ;
#4824 = CARTESIAN_POINT ( 'NONE',  ( -47.94494001774345548, 89.99999999999997158, 12.26085459606151318 ) ) ;
#4825 = CARTESIAN_POINT ( 'NONE',  ( -71.76407445467468449, 85.48915356387679765, 13.13998998447177158 ) ) ;
#4826 = CARTESIAN_POINT ( 'NONE',  ( -40.14522556511888496, 89.99999999999998579, 10.67000342041636252 ) ) ;
#4827 = EDGE_LOOP ( 'NONE', ( #4382, #8313, #5128, #7518 ) ) ;
#4828 = EDGE_CURVE ( 'NONE', #3170, #2952, #6231, .T. ) ;
#4829 = DIRECTION ( 'NONE',  ( -1.000000000000000000, 0.000000000000000000, 0.000000000000000000 ) ) ;
#4830 = CARTESIAN_POINT ( 'NONE',  ( -70.36655842680383444, 85.49414003543847684, 6.469745136402275776 ) ) ;
#4831 = ADVANCED_FACE ( 'NONE', ( #6129 ), #8870, .T. ) ;
#4832 = CARTESIAN_POINT ( 'NONE',  ( -68.17855668370172850, 89.49338698206271658, 16.99999999999999289 ) ) ;
#4833 = CARTESIAN_POINT ( 'NONE',  ( -91.67458466466511879, 80.67841089827170720, 11.27181849174568207 ) ) ;
#4834 = CARTESIAN_POINT ( 'NONE',  ( -51.34405541973615783, 89.34485357832085128, 6.891739572279981019 ) ) ;
#4835 = DIRECTION ( 'NONE',  ( 0.000000000000000000, 0.000000000000000000, 1.000000000000000000 ) ) ;
#4836 = VECTOR ( 'NONE', #2004, 1000.000000000000000 ) ;
#4837 = CARTESIAN_POINT ( 'NONE',  ( -92.50180882792329840, 80.44080984726407735, 15.20029144556019851 ) ) ;
#4838 = EDGE_LOOP ( 'NONE', ( #5781, #1055, #7067, #116 ) ) ;
#4839 = CARTESIAN_POINT ( 'NONE',  ( 58.70365091556115544, 89.34485357832085128, 3.038175572294410376 ) ) ;
#4840 = CIRCLE ( 'NONE', #2822, 1.749999999999999334 ) ;
#4841 = CARTESIAN_POINT ( 'NONE',  ( 74.51246484097396205, 84.86560190045562990, 10.30608303235478473 ) ) ;
#4842 = DIRECTION ( 'NONE',  ( 4.163336342345625335E-16, -0.000000000000000000, 1.000000000000000000 ) ) ;
#4843 = DIRECTION ( 'NONE',  ( -0.000000000000000000, -0.000000000000000000, 1.000000000000000000 ) ) ;
#4844 = AXIS2_PLACEMENT_3D ( 'NONE', #7767, #5744, #2945 ) ;
#4845 = CARTESIAN_POINT ( 'NONE',  ( 68.34475205658222308, 86.00255792380426101, 6.014213644316180662 ) ) ;
#4846 = CIRCLE ( 'NONE', #1692, 1.424999999999948752 ) ;
#4847 = ADVANCED_FACE ( 'NONE', ( #4096 ), #686, .F. ) ;
#4848 = ORIENTED_EDGE ( 'NONE', *, *, #2579, .T. ) ;
#4849 = CARTESIAN_POINT ( 'NONE',  ( 60.22970259012879524, 89.50000000000000000, 4.185408263296270803 ) ) ;
#4850 = ORIENTED_EDGE ( 'NONE', *, *, #822, .T. ) ;
#4851 = CARTESIAN_POINT ( 'NONE',  ( 25.04923587720140432, 72.89499890963153916, 12.50000000000000000 ) ) ;
#4852 = CARTESIAN_POINT ( 'NONE',  ( 20.50000000000001776, 85.00000000000000000, 12.50000000000000000 ) ) ;
#4853 = ORIENTED_EDGE ( 'NONE', *, *, #4667, .F. ) ;
#4854 = CARTESIAN_POINT ( 'NONE',  ( 23.32842712474621294, 86.00000000000000000, 12.50000000000000711 ) ) ;
#4855 = AXIS2_PLACEMENT_3D ( 'NONE', #6617, #3913, #6574 ) ;
#4856 = EDGE_CURVE ( 'NONE', #8743, #2050, #6082, .T. ) ;
#4857 = CARTESIAN_POINT ( 'NONE',  ( -39.65033849268780841, 89.50000000000004263, 11.31377627631723115 ) ) ;
#4858 = CARTESIAN_POINT ( 'NONE',  ( -59.38864971238131574, 89.99999999999998579, 4.931449317972661284 ) ) ;
#4859 = B_SPLINE_CURVE_WITH_KNOTS ( 'NONE', 3,
 ( #4830, #2753, #5416, #6011, #1232, #4740, #1362, #3341, #7484, #1946, #4020, #1316, #12, #4785, #4701, #6724, #8248, #4060, #524, #3930, #7443, #6806, #2620, #567, #2034, #7527, #6763, #6182, #5505, #8069 ),
 .UNSPECIFIED., .F., .F.,
 ( 4, 2, 2, 1, 2, 2, 1, 1, 2, 2, 2, 2, 1, 1, 2, 2, 1, 4 ),
 ( 0.3309924224860708586, 0.3719218221732473739, 0.3923865220168356593, 0.4128512218604240003, 0.4947100212347795289, 0.5151747210783690356, 0.5356394209219585978, 0.5765688206091377221, 0.6174982202963168465, 0.6584276199834959709, 0.7402864193578545526, 0.7812158190450341211, 0.8221452187322136895, 0.8630746184193932580, 0.8733069683411880391, 0.8835393182629829312, 0.9040040181065732705, 0.9858628174809334066 ),
 .UNSPECIFIED. ) ;
#4860 = CARTESIAN_POINT ( 'NONE',  ( -59.98961140199968156, 89.97104545707189516, 4.131301377239865680 ) ) ;
#4861 = ORIENTED_EDGE ( 'NONE', *, *, #1701, .F. ) ;
#4862 = CARTESIAN_POINT ( 'NONE',  ( 6.971983938970289785, 80.00000000000000000, 14.20000000000000107 ) ) ;
#4863 = CARTESIAN_POINT ( 'NONE',  ( -52.88679125961918004, 89.34485357832080865, 6.484027743922204046 ) ) ;
#4864 = ORIENTED_EDGE ( 'NONE', *, *, #7352, .F. ) ;
#4865 = DIRECTION ( 'NONE',  ( -0.000000000000000000, -0.000000000000000000, 1.000000000000000000 ) ) ;
#4866 = DIRECTION ( 'NONE',  ( -0.000000000000000000, -0.000000000000000000, 1.000000000000000000 ) ) ;
#4867 = EDGE_CURVE ( 'NONE', #3972, #6982, #512, .T. ) ;
#4868 = CARTESIAN_POINT ( 'NONE',  ( 0.000000000000000000, 0.000000000000000000, 12.50000000000000000 ) ) ;
#4869 = CARTESIAN_POINT ( 'NONE',  ( 22.96195541994488920, 83.28571428571429180, 3.694999999999993623 ) ) ;
#4870 = CARTESIAN_POINT ( 'NONE',  ( -47.32304236086255145, 89.99999999999997158, 13.99858415721355520 ) ) ;
#4871 = CARTESIAN_POINT ( 'NONE',  ( -71.64196673359185752, 85.50553278523429412, 13.07442988626397806 ) ) ;
#4872 = CARTESIAN_POINT ( 'NONE',  ( -39.65747985758395089, 89.99999999999997158, 10.76713738483751293 ) ) ;
#4873 = VERTEX_POINT ( 'NONE', #8739 ) ;
#4874 = CARTESIAN_POINT ( 'NONE',  ( -70.78429629919050114, 85.54636627350731715, 10.30066549836815604 ) ) ;
#4876 = EDGE_CURVE ( 'NONE', #1344, #7985, #481, .T. ) ;
#4875 = CARTESIAN_POINT ( 'NONE',  ( 92.29437860831626494, 81.11633288412444642, -15.00000000000000000 ) ) ;
#4877 = CARTESIAN_POINT ( 'NONE',  ( -52.96619873587256677, 86.00000000000000000, -15.00000000000000178 ) ) ;
#4878 = CARTESIAN_POINT ( 'NONE',  ( 72.00057539316630084, 84.26388072135330276, 11.22215175600951831 ) ) ;
#4879 = CARTESIAN_POINT ( 'NONE',  ( -56.72605250704970103, 89.34485357832083707, 4.807622002337061495 ) ) ;
#4880 = EDGE_CURVE ( 'NONE', #5570, #5367, #5598, .T. ) ;
#4881 = FACE_OUTER_BOUND ( 'NONE', #4883, .T. ) ;
#4882 = DIRECTION ( 'NONE',  ( 1.000000000000000000, 0.000000000000000000, 0.000000000000000000 ) ) ;
#4883 = EDGE_LOOP ( 'NONE', ( #8603, #2410, #7620, #2315, #6028, #2786, #6154, #7492, #7498, #4696, #37, #8825, #6239, #2738, #3257, #1018, #5052, #7772, #3276, #3659, #6551, #5402, #2905, #3875, #581, #5098, #8718, #1724, #429, #7115, #232, #5302, #4114 ) ) ;
#4884 =( BOUNDED_SURFACE ( )  B_SPLINE_SURFACE ( 3, 2, ( 
 ( #1544, #6985, #2216 ),
 ( #2984, #5551, #5057 ),
 ( #1408, #7072, #3524 ),
 ( #2844, #5732, #4194 ),
 ( #8475, #3576, #199 ),
 ( #7033, #2308, #1448 ) ),
 .UNSPECIFIED., .F., .F., .F. ) 
 B_SPLINE_SURFACE_WITH_KNOTS ( ( 4, 2, 4 ),
 ( 3, 3 ),
 ( 0.000000000000000000, 0.0009111498003908335671, 0.001822299600781667134 ),
 ( 0.000000000000000000, 1.000000000000000000 ),
 .UNSPECIFIED. ) 
 GEOMETRIC_REPRESENTATION_ITEM ( )  RATIONAL_B_SPLINE_SURFACE ( (
 ( 1.000000000000000000, 0.7665143497509121495, 1.000000000000000000),
 ( 1.000000000000000000, 0.7665143497509121495, 1.000000000000000000),
 ( 1.000000000000000000, 0.7652041754988881950, 1.000000000000000000),
 ( 1.000000000000000000, 0.7691483051455271225, 1.000000000000000000),
 ( 1.000000000000000000, 0.7712360729290879124, 1.000000000000000000),
 ( 1.000000000000000000, 0.7733946536751723499, 1.000000000000000000) ) ) 
 REPRESENTATION_ITEM ( '' )  SURFACE ( )  );
#4885 = EDGE_CURVE ( 'NONE', #3054, #4673, #8329, .T. ) ;
#4886 = CARTESIAN_POINT ( 'NONE',  ( 58.14821032193978567, 89.34485357832083707, 3.623649357663221160 ) ) ;
#4887 = CARTESIAN_POINT ( 'NONE',  ( 74.74790358501735454, 84.84425088167510864, 11.08635787849394561 ) ) ;
#4888 = CARTESIAN_POINT ( 'NONE',  ( -30.69916038891320653, 86.99732353802548346, 8.395731560832668805 ) ) ;
#4889 = CARTESIAN_POINT ( 'NONE',  ( 68.18138786444713162, 86.06318985656753284, 7.796474841899102337 ) ) ;
#4890 = CARTESIAN_POINT ( 'NONE',  ( -38.16000099991106964, 82.25495999994770102, 14.70000000000002061 ) ) ;
#4891 = VERTEX_POINT ( 'NONE', #6259 ) ;
#4892 = CARTESIAN_POINT ( 'NONE',  ( -32.74426023806569930, 89.99999999999998579, 10.55226427357635544 ) ) ;
#4893 = ORIENTED_EDGE ( 'NONE', *, *, #2621, .T. ) ;
#4894 = DIRECTION ( 'NONE',  ( 1.000000000000000000, 0.000000000000000000, 0.000000000000000000 ) ) ;
#4895 = DIRECTION ( 'NONE',  ( 0.4226182617406971098, 0.9063077870366510469, 0.000000000000000000 ) ) ;
#4896 = ORIENTED_EDGE ( 'NONE', *, *, #8776, .T. ) ;
#4897 = CARTESIAN_POINT ( 'NONE',  ( -33.02070449747787251, 85.99999999999997158, 8.382490850371068447 ) ) ;
#4898 = CARTESIAN_POINT ( 'NONE',  ( -40.22375908275233769, 89.49999999999997158, 11.17000126759291945 ) ) ;
#4899 = ADVANCED_FACE ( 'NONE', ( #2790, #727, #6926 ), #5540, .F. ) ;
#4900 = CARTESIAN_POINT ( 'NONE',  ( -59.44600502161122080, 90.00000000000001421, 4.870992820866299589 ) ) ;
#4901 = B_SPLINE_CURVE_WITH_KNOTS ( 'NONE', 3,
 ( #6545, #8744, #474, #3799 ),
 .UNSPECIFIED., .F., .F.,
 ( 4, 4 ),
 ( 0.000000000000000000, 1.000000000000000000 ),
 .UNSPECIFIED. ) ;
#4902 = DIRECTION ( 'NONE',  ( 1.000000000000000000, 0.000000000000000000, 0.000000000000000000 ) ) ;
#4903 = ORIENTED_EDGE ( 'NONE', *, *, #2135, .T. ) ;
#4904 = PLANE ( 'NONE',  #182 ) ;
#4905 = CARTESIAN_POINT ( 'NONE',  ( 6.971983938970288008, 80.00000000000000000, 12.50000000000000000 ) ) ;
#4906 = ORIENTED_EDGE ( 'NONE', *, *, #7350, .T. ) ;
#4907 = CARTESIAN_POINT ( 'NONE',  ( -26.99999910764920585, 90.00000000000000000, 10.55265396141629530 ) ) ;
#4908 = CARTESIAN_POINT ( 'NONE',  ( 69.88636764285547542, 85.74521847478185066, 13.48530664947886315 ) ) ;
#4909 = CARTESIAN_POINT ( 'NONE',  ( -91.78858918934925271, 81.23815957597909687, 15.91974552590476755 ) ) ;
#4910 = ORIENTED_EDGE ( 'NONE', *, *, #2867, .F. ) ;
#4911 = DIRECTION ( 'NONE',  ( -0.000000000000000000, -0.000000000000000000, 1.000000000000000000 ) ) ;
#4912 = CARTESIAN_POINT ( 'NONE',  ( -46.19462343210063437, 89.99999999999995737, 14.46999658372303266 ) ) ;
#4913 = CARTESIAN_POINT ( 'NONE',  ( -47.95776759429104175, 89.99999999999998579, 12.78746759671785682 ) ) ;
#4914 = CARTESIAN_POINT ( 'NONE',  ( 75.46988545351376843, 85.27193442551127589, 17.00000000000001421 ) ) ;
#4915 = CARTESIAN_POINT ( 'NONE',  ( -20.50000000000001776, 85.00000000000000000, 17.00000000000000000 ) ) ;
#4916 = ORIENTED_EDGE ( 'NONE', *, *, #4809, .T. ) ;
#4917 = CARTESIAN_POINT ( 'NONE',  ( 23.32842712474621294, 86.00000000000000000, 8.400000000000000355 ) ) ;
#4918 = CIRCLE ( 'NONE', #7210, 2.000000000000001776 ) ;
#4919 = CARTESIAN_POINT ( 'NONE',  ( 69.21774739781940866, 90.00000000000000000, 17.00000000000000000 ) ) ;
#4920 = EDGE_CURVE ( 'NONE', #8149, #4355, #3442, .T. ) ;
#4921 = DIRECTION ( 'NONE',  ( -0.000000000000000000, -1.000000000000000000, -0.000000000000000000 ) ) ;
#4922 = CARTESIAN_POINT ( 'NONE',  ( -61.67330836629191282, 89.49999999999998579, 4.510738875565774464 ) ) ;
#4923 = CARTESIAN_POINT ( 'NONE',  ( -53.79737289390864419, 89.34485357832083707, 6.191912045496762218 ) ) ;
#4924 = CARTESIAN_POINT ( 'NONE',  ( 93.01093711563342481, 79.96052469589753287, 13.57094453688553770 ) ) ;
#4925 = CARTESIAN_POINT ( 'NONE',  ( -20.15021956348438081, 76.23218752725426839, 12.49999999999999822 ) ) ;
#4926 = ORIENTED_EDGE ( 'NONE', *, *, #1951, .T. ) ;
#4927 = CARTESIAN_POINT ( 'NONE',  ( 58.17235991296683295, 89.34485357832089392, 3.598193975690667124 ) ) ;
#4928 = CARTESIAN_POINT ( 'NONE',  ( 74.66670370570228954, 84.84614597990622542, 10.68369779423458255 ) ) ;
#4929 = DIRECTION ( 'NONE',  ( -1.000000000000000000, 0.000000000000000000, 0.000000000000000000 ) ) ;
#4930 = CARTESIAN_POINT ( 'NONE',  ( 69.74743081239448372, 85.84000086990521083, 17.26489318699590569 ) ) ;
#4931 = CARTESIAN_POINT ( 'NONE',  ( -60.95269063733931603, 89.49999999997942268, 4.348340656575885532 ) ) ;
#4932 = EDGE_CURVE ( 'NONE', #3818, #2184, #754, .T. ) ;
#4933 = EDGE_LOOP ( 'NONE', ( #711, #7713 ) ) ;
#4934 = FACE_OUTER_BOUND ( 'NONE', #2097, .T. ) ;
#4935 = ORIENTED_EDGE ( 'NONE', *, *, #7890, .F. ) ;
#4936 = CARTESIAN_POINT ( 'NONE',  ( -48.18390809611689463, 85.99999999999992895, 11.94463203811079843 ) ) ;
#4937 = FACE_OUTER_BOUND ( 'NONE', #1265, .T. ) ;
#4938 = ORIENTED_EDGE ( 'NONE', *, *, #3596, .T. ) ;
#4939 = CARTESIAN_POINT ( 'NONE',  ( -67.39296567186818265, 89.84950607775854792, 6.293471497729369979 ) ) ;
#4940 = AXIS2_PLACEMENT_3D ( 'NONE', #5819, #4603, #3163 ) ;
#4941 = CARTESIAN_POINT ( 'NONE',  ( 49.98220724804973969, 85.99999999999994316, 16.99999999999997513 ) ) ;
#4942 = B_SPLINE_CURVE_WITH_KNOTS ( 'NONE', 3,
 ( #5836, #2415, #4620, #5165, #7993, #7906, #5203, #4580, #2455, #1743, #4485, #2543, #1114, #3726, #7222, #1067, #7948, #3855, #6556, #3138, #1787, #5889 ),
 .UNSPECIFIED., .F., .F.,
 ( 4, 2, 2, 2, 2, 2, 2, 2, 2, 2, 4 ),
 ( 0.000000000000000000, 0.008397193232414633390, 0.01679438646482926678, 0.02099298308103658348, 0.02519157969724390017, 0.02729087800534756025, 0.02939017631345121340, 0.03148947462155487348, 0.03253912377560670699, 0.03306394835263262721, 0.03358877292965854744 ),
 .UNSPECIFIED. ) ;
#4943 = EDGE_CURVE ( 'NONE', #1446, #6957, #7548, .T. ) ;
#4944 = CARTESIAN_POINT ( 'NONE',  ( -38.40048445972853841, 89.99999999999998579, 12.22958199816597613 ) ) ;
#4945 = CARTESIAN_POINT ( 'NONE',  ( -29.00003332307023030, 86.60000000000000853, 8.400005388820067864 ) ) ;
#4946 = DIRECTION ( 'NONE',  ( 8.249565755581263122E-16, -1.000000000000000000, -0.000000000000000000 ) ) ;
#4947 = VERTEX_POINT ( 'NONE', #4080 ) ;
#4948 = DIRECTION ( 'NONE',  ( -0.9310853676316689365, 0.2984154252949024477, 0.2098291498535474753 ) ) ;
#4949 = CIRCLE ( 'NONE', #4658, 0.4999999999999981681 ) ;
#4950 = EDGE_CURVE ( 'NONE', #3113, #3328, #1339, .T. ) ;
#4951 = CARTESIAN_POINT ( 'NONE',  ( -55.88861968356263787, 89.34485357832085128, 5.298167004778345124 ) ) ;
#4952 = ORIENTED_EDGE ( 'NONE', *, *, #2691, .F. ) ;
#4953 = CIRCLE ( 'NONE', #6098, 2.000000000000000000 ) ;
#4954 = CARTESIAN_POINT ( 'NONE',  ( -45.05461875307822339, 89.99999999999998579, 10.03096888233791439 ) ) ;
#4955 = LINE ( 'NONE', #1529, #4033 ) ;
#4956 = ADVANCED_FACE ( 'NONE', ( #2685 ), #1807, .T. ) ;
#4957 = ORIENTED_EDGE ( 'NONE', *, *, #6365, .F. ) ;
#4958 = CARTESIAN_POINT ( 'NONE',  ( 86.93497393005507945, 84.52037695227883773, 16.47493040708452483 ) ) ;
#4959 = VECTOR ( 'NONE', #6604, 1000.000000000000000 ) ;
#4960 = CARTESIAN_POINT ( 'NONE',  ( 29.23576146312289481, 73.74790443272765117, 12.50000000000000000 ) ) ;
#4961 = CARTESIAN_POINT ( 'NONE',  ( -62.56250001968160745, 89.49999999998568967, 17.00000000000000711 ) ) ;
#4962 = CARTESIAN_POINT ( 'NONE',  ( 92.29437860831626494, 77.11633288412443221, -15.00000000000000000 ) ) ;
#4963 = CARTESIAN_POINT ( 'NONE',  ( 35.76222332078768318, 83.00000000000000000, 15.00000000000000178 ) ) ;
#4964 = ORIENTED_EDGE ( 'NONE', *, *, #6523, .T. ) ;
#4965 = ORIENTED_EDGE ( 'NONE', *, *, #3424, .T. ) ;
#4966 = EDGE_LOOP ( 'NONE', ( #4280, #7572, #750, #4626, #2434, #4336, #243, #2729 ) ) ;
#4967 = DIRECTION ( 'NONE',  ( -1.000000000000000000, 0.000000000000000000, 0.000000000000000000 ) ) ;
#4968 = AXIS2_PLACEMENT_3D ( 'NONE', #5242, #7900, #8705 ) ;
#4969 = CARTESIAN_POINT ( 'NONE',  ( 61.06238090575988764, 90.00000000000000000, -15.00000000000000000 ) ) ;
#4970 = LINE ( 'NONE', #5017, #772 ) ;
#4971 = CARTESIAN_POINT ( 'NONE',  ( -46.88665981675504213, 89.50000000000002842, 11.43195530978923102 ) ) ;
#4972 = CARTESIAN_POINT ( 'NONE',  ( -50.73127401634462785, 89.34485357832087971, 7.028929525120894084 ) ) ;
#4973 = DIRECTION ( 'NONE',  ( -4.163336342345625335E-16, 0.000000000000000000, -1.000000000000000000 ) ) ;
#4974 = EDGE_CURVE ( 'NONE', #2884, #8450, #6158, .T. ) ;
#4975 = CARTESIAN_POINT ( 'NONE',  ( 32.33164822575451325, 89.34485357832083707, 8.400038295003122713 ) ) ;
#4976 = VERTEX_POINT ( 'NONE', #8896 ) ;
#4977 = AXIS2_PLACEMENT_3D ( 'NONE', #8736, #4600, #2523 ) ;
#4978 = CARTESIAN_POINT ( 'NONE',  ( 50.81925175711557330, 89.34485357832085128, 7.009974434848101232 ) ) ;
#4979 = CARTESIAN_POINT ( 'NONE',  ( -69.80700103303956894, 85.79379297318412512, 15.24192815087697284 ) ) ;
#4980 = LINE ( 'NONE', #3038, #969 ) ;
#4981 = CARTESIAN_POINT ( 'NONE',  ( 93.22007102692143121, 76.01250466651427473, 11.93056234110413705 ) ) ;
#4982 = CARTESIAN_POINT ( 'NONE',  ( 0.000000000000000000, 83.09999999999999432, 15.00000000000000178 ) ) ;
#4983 = AXIS2_PLACEMENT_3D ( 'NONE', #8263, #8174, #6737 ) ;
#4984 = VERTEX_POINT ( 'NONE', #1251 ) ;
#4985 = DIRECTION ( 'NONE',  ( -0.000000000000000000, -0.000000000000000000, -1.000000000000000000 ) ) ;
#4986 = ORIENTED_EDGE ( 'NONE', *, *, #6431, .F. ) ;
#4987 = CARTESIAN_POINT ( 'NONE',  ( 59.37808325518608399, 89.99999999999997158, 4.942584886128928545 ) ) ;
#4988 = CARTESIAN_POINT ( 'NONE',  ( 75.46988545351376843, 85.27193442551127589, 17.00000000000001421 ) ) ;
#4989 = ORIENTED_EDGE ( 'NONE', *, *, #8237, .F. ) ;
#4990 = CARTESIAN_POINT ( 'NONE',  ( -42.20333333325745429, 89.49999999999997158, 13.96999999999998998 ) ) ;
#4991 = CARTESIAN_POINT ( 'NONE',  ( 84.06671369676456607, 82.31421503386509642, 16.99999999999997868 ) ) ;
#4992 = CARTESIAN_POINT ( 'NONE',  ( -40.14468605139379775, 89.99999999999995737, 14.46690175410833312 ) ) ;
#4993 = AXIS2_PLACEMENT_3D ( 'NONE', #340, #2361, #7853 ) ;
#4994 = CARTESIAN_POINT ( 'NONE',  ( -53.85135813275727656, 89.99999999999997158, 8.070877958817428421 ) ) ;
#4995 = CARTESIAN_POINT ( 'NONE',  ( -49.98220724804973969, 85.99999999999994316, 16.99999999999997513 ) ) ;
#4996 = AXIS2_PLACEMENT_3D ( 'NONE', #7083, #5742, #929 ) ;
#4997 = VERTEX_POINT ( 'NONE', #7501 ) ;
#4998 = CARTESIAN_POINT ( 'NONE',  ( -51.99999999999998579, 86.00000000000000000, 13.10000000000000142 ) ) ;
#4999 = EDGE_CURVE ( 'NONE', #3149, #3360, #42, .T. ) ;
#5000 = CIRCLE ( 'NONE', #109, 0.5000000000000004441 ) ;
#5001 = CARTESIAN_POINT ( 'NONE',  ( 59.36430773058349075, 89.31890522221709716, 3.990383108811933699 ) ) ;
#5002 = ORIENTED_EDGE ( 'NONE', *, *, #1906, .F. ) ;
#5003 = CARTESIAN_POINT ( 'NONE',  ( -57.98043251799414577, 90.00000000001472245, 6.161617169743800027 ) ) ;
#5004 = EDGE_CURVE ( 'NONE', #2999, #1397, #4513, .T. ) ;
#5005 = DIRECTION ( 'NONE',  ( -0.8162552536114874302, -0.5776914063335600868, -0.000000000000000000 ) ) ;
#5006 = CARTESIAN_POINT ( 'NONE',  ( 51.99999999999998579, 87.50000000000000000, 6.730110844732275055 ) ) ;
#5007 = DIRECTION ( 'NONE',  ( 0.000000000000000000, 1.000000000000000000, 0.000000000000000000 ) ) ;
#5008 = CARTESIAN_POINT ( 'NONE',  ( -66.00147541926337169, 89.99981326875507648, 16.49963217656421577 ) ) ;
#5009 = ADVANCED_FACE ( 'NONE', ( #1966 ), #8222, .T. ) ;
#5010 = CARTESIAN_POINT ( 'NONE',  ( 54.50150509059232462, 77.00000000000000000, 14.20000000000000107 ) ) ;
#5011 = EDGE_LOOP ( 'NONE', ( #3738, #4805, #2982, #7030 ) ) ;
#5012 = ORIENTED_EDGE ( 'NONE', *, *, #326, .T. ) ;
#5013 = VERTEX_POINT ( 'NONE', #622 ) ;
#5014 = ORIENTED_EDGE ( 'NONE', *, *, #7204, .F. ) ;
#5015 = CARTESIAN_POINT ( 'NONE',  ( -10.72644713164820018, 76.00000000000000000, 15.00000000000000178 ) ) ;
#5016 = CARTESIAN_POINT ( 'NONE',  ( 86.32565558825329788, 84.27767862025989132, -15.00000000000002665 ) ) ;
#5017 = CARTESIAN_POINT ( 'NONE',  ( 8.804986980587120371, 74.00000000000000000, 36.88536684330890125 ) ) ;
#5018 = AXIS2_PLACEMENT_3D ( 'NONE', #3386, #11, #4829 ) ;
#5019 = CARTESIAN_POINT ( 'NONE',  ( 29.63649281845479422, 80.00000000000000000, 12.50000000000000000 ) ) ;
#5020 = CARTESIAN_POINT ( 'NONE',  ( -52.29404831370767681, 89.34485357832086549, 6.652879412009474969 ) ) ;
#5021 = EDGE_CURVE ( 'NONE', #5434, #798, #583, .T. ) ;
#5022 = DIRECTION ( 'NONE',  ( 0.000000000000000000, 1.000000000000000000, 0.000000000000000000 ) ) ;
#5023 = CARTESIAN_POINT ( 'NONE',  ( 53.50150509059232462, 77.00000000000000000, 14.20000000000000107 ) ) ;
#5024 = ORIENTED_EDGE ( 'NONE', *, *, #3620, .F. ) ;
#5025 = CARTESIAN_POINT ( 'NONE',  ( 56.38733529452170501, 89.34485357832089392, 5.018700963895248890 ) ) ;
#5026 = CARTESIAN_POINT ( 'NONE',  ( 73.17973819597824559, 85.10539559453266634, 9.234392722621006300 ) ) ;
#5027 = DIRECTION ( 'NONE',  ( 0.000000000000000000, -0.000000000000000000, 1.000000000000000000 ) ) ;
#5029 = EDGE_CURVE ( 'NONE', #2723, #6607, #8091, .T. ) ;
#5028 = CARTESIAN_POINT ( 'NONE',  ( -91.78858918934925271, 81.23815957597909687, 15.91974552590475334 ) ) ;
#5030 = LINE ( 'NONE', #3721, #4388 ) ;
#5031 = VERTEX_POINT ( 'NONE', #5390 ) ;
#5032 = CARTESIAN_POINT ( 'NONE',  ( 0.000000000000000000, 80.00000000000000000, 12.50000000000000000 ) ) ;
#5033 = VERTEX_POINT ( 'NONE', #1335 ) ;
#5034 = CARTESIAN_POINT ( 'NONE',  ( 59.20193528145149031, 89.99999999999998579, 5.122590136416105722 ) ) ;
#5035 = CARTESIAN_POINT ( 'NONE',  ( 1.748270750565812603, 83.02222222222222570, 15.00000000000000178 ) ) ;
#5036 = VERTEX_POINT ( 'NONE', #2772 ) ;
#5037 = CARTESIAN_POINT ( 'NONE',  ( -46.06999999992410011, 89.99999999999997158, 14.46999999999997044 ) ) ;
#5038 = CARTESIAN_POINT ( 'NONE',  ( 14.21701480739244161, 86.00000000000018474, -14.99999999999999822 ) ) ;
#5039 = CARTESIAN_POINT ( 'NONE',  ( -38.39505998210471205, 89.99999999999998579, 12.87914540393846607 ) ) ;
#5040 = CARTESIAN_POINT ( 'NONE',  ( -50.83064229642901921, 89.99999999999998579, 8.847356123998618926 ) ) ;
#5041 = DIRECTION ( 'NONE',  ( -0.000000000000000000, -0.000000000000000000, -1.000000000000000000 ) ) ;
#5042 = ORIENTED_EDGE ( 'NONE', *, *, #708, .T. ) ;
#5043 = CARTESIAN_POINT ( 'NONE',  ( -46.75000000098835073, 89.49999999999992895, 17.00000000000002132 ) ) ;
#5044 = LINE ( 'NONE', #1666, #8540 ) ;
#5045 = ORIENTED_EDGE ( 'NONE', *, *, #898, .T. ) ;
#5046 = CARTESIAN_POINT ( 'NONE',  ( -45.02173443522232077, 90.00000000000000000, 9.679838572604309022 ) ) ;
#5047 = EDGE_CURVE ( 'NONE', #1987, #7047, #625, .T. ) ;
#5048 = CARTESIAN_POINT ( 'NONE',  ( 0.000000000000000000, 83.09999999999999432, 14.70000000000002061 ) ) ;
#5049 = CARTESIAN_POINT ( 'NONE',  ( 50.54096054875049049, 86.40021199467267365, 7.069107441011700743 ) ) ;
#5050 = LINE ( 'NONE', #1760, #6716 ) ;
#5051 = CARTESIAN_POINT ( 'NONE',  ( 14.21701480739244161, 86.00000000000018474, -14.99999999999999822 ) ) ;
#5052 = ORIENTED_EDGE ( 'NONE', *, *, #4530, .T. ) ;
#5053 = ORIENTED_EDGE ( 'NONE', *, *, #8617, .T. ) ;
#5054 = EDGE_CURVE ( 'NONE', #5488, #6149, #7226, .T. ) ;
#5055 = ORIENTED_EDGE ( 'NONE', *, *, #5377, .F. ) ;
#5056 = DIRECTION ( 'NONE',  ( -1.000000000000000000, 0.000000000000000000, 0.000000000000000000 ) ) ;
#5057 = CARTESIAN_POINT ( 'NONE',  ( -59.36430773064547139, 89.31890522223694973, 3.990383108825901637 ) ) ;
#5058 = LINE ( 'NONE', #7757, #1202 ) ;
#5059 = B_SPLINE_CURVE_WITH_KNOTS ( 'NONE', 3,
 ( #7143, #1513, #4360, #1467, #4315, #2954, #5572, #7008 ),
 .UNSPECIFIED., .F., .F.,
 ( 4, 2, 2, 4 ),
 ( 0.000000000000000000, 0.0008159748374188937952, 0.001223962256128338904, 0.001631949674837783904 ),
 .UNSPECIFIED. ) ;
#5060 = DIRECTION ( 'NONE',  ( 1.000000000000000000, 0.000000000000000000, 0.000000000000000000 ) ) ;
#5061 = CARTESIAN_POINT ( 'NONE',  ( -46.81087992770363115, 89.50000000000002842, 11.38122928198461814 ) ) ;
#5062 = CARTESIAN_POINT ( 'NONE',  ( 11.00000001474445099, 90.00000000000000000, 16.50000000022901148 ) ) ;
#5063 = DIRECTION ( 'NONE',  ( 1.000000000000000000, 0.000000000000000000, 0.000000000000000000 ) ) ;
#5064 = CIRCLE ( 'NONE', #5487, 0.5000000000000004441 ) ;
#5065 = CARTESIAN_POINT ( 'NONE',  ( 53.48332420469114368, 89.34485357832083707, 6.307480072997183385 ) ) ;
#5066 = ORIENTED_EDGE ( 'NONE', *, *, #4722, .T. ) ;
#5067 = CARTESIAN_POINT ( 'NONE',  ( 56.59211679416225849, 89.34485357832089392, 4.893066534811995716 ) ) ;
#5068 = CARTESIAN_POINT ( 'NONE',  ( 91.78858918934925271, 81.23815957597909687, 15.91974552590476755 ) ) ;
#5069 = CARTESIAN_POINT ( 'NONE',  ( 0.000000000000000000, 82.50000000000000000, 15.00000000000000178 ) ) ;
#5070 = CARTESIAN_POINT ( 'NONE',  ( -66.02079419520032388, 89.93403378444351404, 5.490487121192944464 ) ) ;
#5071 = VERTEX_POINT ( 'NONE', #1292 ) ;
#5072 = FACE_OUTER_BOUND ( 'NONE', #1967, .T. ) ;
#5073 = CARTESIAN_POINT ( 'NONE',  ( -16.00910350054426701, 69.76991160768594114, 12.50000000000000000 ) ) ;
#5074 = FACE_OUTER_BOUND ( 'NONE', #2760, .T. ) ;
#5075 = DIRECTION ( 'NONE',  ( 0.000000000000000000, 1.000000000000000000, 0.000000000000000000 ) ) ;
#5076 = LINE ( 'NONE', #1611, #5541 ) ;
#5077 = CARTESIAN_POINT ( 'NONE',  ( -57.61667484712965859, 85.99999999999992895, 4.183925452116379340 ) ) ;
#5078 = AXIS2_PLACEMENT_3D ( 'NONE', #713, #4170, #6027 ) ;
#5079 = CARTESIAN_POINT ( 'NONE',  ( -38.49117160775638524, 90.00000000000000000, 11.89948013644535862 ) ) ;
#5080 = CARTESIAN_POINT ( 'NONE',  ( -51.20059538569051227, 90.00000000000001421, 8.769121862016653779 ) ) ;
#5081 = CARTESIAN_POINT ( 'NONE',  ( -26.99999999999999645, 85.99999999999997158, 8.400000000000000355 ) ) ;
#5082 = EDGE_LOOP ( 'NONE', ( #4263, #3788, #2404, #2324 ) ) ;
#5083 = CARTESIAN_POINT ( 'NONE',  ( 77.75190033141598178, 87.81076786042191884, 16.99999999999998224 ) ) ;
#5084 = CARTESIAN_POINT ( 'NONE',  ( 57.94344679378824736, 89.27017835440193494, 3.835634595588861551 ) ) ;
#5085 = EDGE_CURVE ( 'NONE', #5013, #913, #5654, .T. ) ;
#5086 = AXIS2_PLACEMENT_3D ( 'NONE', #3667, #4921, #6362 ) ;
#5087 = ORIENTED_EDGE ( 'NONE', *, *, #3627, .F. ) ;
#5088 = CARTESIAN_POINT ( 'NONE',  ( -49.95800732476698158, 89.87938528994770593, 8.702257921880736546 ) ) ;
#5089 = AXIS2_PLACEMENT_3D ( 'NONE', #5330, #5886, #3895 ) ;
#5090 = CARTESIAN_POINT ( 'NONE',  ( 54.11283635740337417, 87.50000000000004263, 6.092455011653398422 ) ) ;
#5091 = DIRECTION ( 'NONE',  ( 0.000000000000000000, -1.000000000000000000, 0.000000000000000000 ) ) ;
#5092 = AXIS2_PLACEMENT_3D ( 'NONE', #4377, #5007, #7236 ) ;
#5093 = CARTESIAN_POINT ( 'NONE',  ( -59.12500001860279752, 89.49999999999997158, 17.00000000000000711 ) ) ;
#5094 = PLANE ( 'NONE',  #5140 ) ;
#5095 = ORIENTED_EDGE ( 'NONE', *, *, #1558, .T. ) ;
#5096 = ORIENTED_EDGE ( 'NONE', *, *, #3072, .T. ) ;
#5097 = VERTEX_POINT ( 'NONE', #3359 ) ;
#5098 = ORIENTED_EDGE ( 'NONE', *, *, #5653, .T. ) ;
#5099 = CARTESIAN_POINT ( 'NONE',  ( 0.000000000000000000, 83.09999999999999432, 17.00000000000002842 ) ) ;
#5100 = CARTESIAN_POINT ( 'NONE',  ( -30.79999999999997584, 87.60876719088300035, 8.395370510911531525 ) ) ;
#5101 = VECTOR ( 'NONE', #1930, 1000.000000000000000 ) ;
#5102 = CIRCLE ( 'NONE', #8687, 1.750000000000001554 ) ;
#5103 = CARTESIAN_POINT ( 'NONE',  ( -59.99999999999999289, 87.50000000000000000, 4.133642548916050430 ) ) ;
#5104 = DIRECTION ( 'NONE',  ( 0.000000000000000000, -0.000000000000000000, 1.000000000000000000 ) ) ;
#5105 = CARTESIAN_POINT ( 'NONE',  ( -20.31192640368340108, 69.75150446665328730, 36.88536684330890125 ) ) ;
#5106 = CARTESIAN_POINT ( 'NONE',  ( 59.12500001860279752, 89.49999999999997158, 17.00000000000000711 ) ) ;
#5107 = EDGE_CURVE ( 'NONE', #2435, #5391, #5482, .T. ) ;
#5108 = CARTESIAN_POINT ( 'NONE',  ( -92.29693220951027399, 80.53748877429741526, 15.63212224058495359 ) ) ;
#5109 = CARTESIAN_POINT ( 'NONE',  ( 91.97249852036095774, 80.88443843884206785, 16.12416677040028645 ) ) ;
#5110 = VERTEX_POINT ( 'NONE', #8452 ) ;
#5111 = EDGE_CURVE ( 'NONE', #8763, #2344, #7094, .T. ) ;
#5112 = CARTESIAN_POINT ( 'NONE',  ( 35.66239828762336117, 89.34485357832080865, 8.345093343698481547 ) ) ;
#5113 = FACE_OUTER_BOUND ( 'NONE', #2783, .T. ) ;
#5114 = CARTESIAN_POINT ( 'NONE',  ( -20.63974414698166626, 69.01111874706155902, 12.50000000000000000 ) ) ;
#5115 = EDGE_CURVE ( 'NONE', #798, #1012, #7633, .T. ) ;
#5116 = CARTESIAN_POINT ( 'NONE',  ( -46.43644703802707596, 89.50000000000002842, 13.93356174733563968 ) ) ;
#5117 = EDGE_LOOP ( 'NONE', ( #6167, #1229, #1423, #6910 ) ) ;
#5118 = CARTESIAN_POINT ( 'NONE',  ( 0.000000000000000000, 76.00000000000000000, 15.00000000000000178 ) ) ;
#5119 = CARTESIAN_POINT ( 'NONE',  ( 56.09283283264876019, 89.99999999999998579, 7.597571183391687910 ) ) ;
#5120 = B_SPLINE_CURVE_WITH_KNOTS ( 'NONE', 3,
 ( #6864, #2763, #5516, #4888, #8259, #7623, #7667, #1458 ),
 .UNSPECIFIED., .F., .F.,
 ( 4, 2, 2, 4 ),
 ( 0.001250868570259165008, 0.001563315759802376198, 0.001875762949345587387, 0.002500657328432009767 ),
 .UNSPECIFIED. ) ;
#5121 = CARTESIAN_POINT ( 'NONE',  ( 59.32499134777066985, 89.99999999999998579, 4.997964505249518297 ) ) ;
#5122 = CARTESIAN_POINT ( 'NONE',  ( 28.53457416728500462, 85.99999999999968736, -15.00000000000000355 ) ) ;
#5123 = CARTESIAN_POINT ( 'NONE',  ( -76.89373022254517309, 83.64402756324737709, -14.99999999999997513 ) ) ;
#5124 = CARTESIAN_POINT ( 'NONE',  ( -52.20425240504775388, 85.99999999999995737, 6.685758146086896225 ) ) ;
#5125 = CARTESIAN_POINT ( 'NONE',  ( -39.68926706109576941, 89.99999999999997158, 10.76065495873064926 ) ) ;
#5126 = CARTESIAN_POINT ( 'NONE',  ( -45.88576858466188213, 89.99999999999998579, 9.591378710500833904 ) ) ;
#5127 = LINE ( 'NONE', #7278, #2967 ) ;
#5128 = ORIENTED_EDGE ( 'NONE', *, *, #1330, .F. ) ;
#5129 = CARTESIAN_POINT ( 'NONE',  ( -15.10279571350761429, 69.34729334594524630, 14.19999999999999929 ) ) ;
#5130 = CARTESIAN_POINT ( 'NONE',  ( -69.74743081239448372, 85.84000086990521083, 17.26489318699590569 ) ) ;
#5131 = CIRCLE ( 'NONE', #1244, 42.49999999999999289 ) ;
#5132 = AXIS2_PLACEMENT_3D ( 'NONE', #3987, #531, #4581 ) ;
#5133 = ORIENTED_EDGE ( 'NONE', *, *, #4365, .F. ) ;
#5134 = CARTESIAN_POINT ( 'NONE',  ( -58.18075605509014281, 90.00000000000002842, 6.452994742628519909 ) ) ;
#5135 = VECTOR ( 'NONE', #2271, 1000.000000000000000 ) ;
#5136 = CIRCLE ( 'NONE', #1115, 1.000000000000000888 ) ;
#5137 = CARTESIAN_POINT ( 'NONE',  ( -30.00000000000000000, 88.19999999999998863, 8.397725512736064601 ) ) ;
#5138 = DIRECTION ( 'NONE',  ( 0.000000000000000000, 0.000000000000000000, 1.000000000000000000 ) ) ;
#5139 = CARTESIAN_POINT ( 'NONE',  ( -55.00000001729095800, 89.49999999999997158, 17.00000000000000711 ) ) ;
#5140 = AXIS2_PLACEMENT_3D ( 'NONE', #5726, #8509, #7198 ) ;
#5141 = CARTESIAN_POINT ( 'NONE',  ( 0.000000000000000000, 86.00000000000000000, -15.00000000000000000 ) ) ;
#5142 = ORIENTED_EDGE ( 'NONE', *, *, #6608, .T. ) ;
#5143 = B_SPLINE_CURVE_WITH_KNOTS ( 'NONE', 3,
 ( #2941, #160, #4975, #2894, #1551, #7079, #5692, #7037, #7850, #880, #4395, #5065, #3716, #5646, #925, #2223, #8440, #6458, #3625, #4346 ),
 .UNSPECIFIED., .F., .F.,
 ( 4, 2, 2, 2, 2, 2, 2, 2, 2, 4 ),
 ( 0.000000000000000000, 0.2499999999999998057, 0.4999999999999996114, 0.6249999999999994449, 0.7499999999999993339, 0.8124999999999991118, 0.8749999999999990008, 0.9062499999999993339, 0.9374999999999996669, 0.9849984556698954119 ),
 .UNSPECIFIED. ) ;
#5144 = ORIENTED_EDGE ( 'NONE', *, *, #8378, .T. ) ;
#5145 = ORIENTED_EDGE ( 'NONE', *, *, #1064, .F. ) ;
#5146 = CYLINDRICAL_SURFACE ( 'NONE', #7742, 0.7999999999999951594 ) ;
#5147 = CARTESIAN_POINT ( 'NONE',  ( 92.60129968389777844, 80.29984777121951822, 14.95419175437686832 ) ) ;
#5148 = DIRECTION ( 'NONE',  ( -0.000000000000000000, -0.000000000000000000, -1.000000000000000000 ) ) ;
#5149 = CARTESIAN_POINT ( 'NONE',  ( -40.26999999992408874, 89.49999999998297540, 11.16999999999999993 ) ) ;
#5150 = CARTESIAN_POINT ( 'NONE',  ( -10.67383207310151860, 78.84523652348138967, 12.50000000000000000 ) ) ;
#5151 = FACE_OUTER_BOUND ( 'NONE', #4463, .T. ) ;
#5152 = CARTESIAN_POINT ( 'NONE',  ( -32.28116530738056156, 89.34485357832082286, 8.388248914718701599 ) ) ;
#5153 = ORIENTED_EDGE ( 'NONE', *, *, #6854, .F. ) ;
#5154 = EDGE_CURVE ( 'NONE', #810, #827, #7084, .T. ) ;
#5155 = CARTESIAN_POINT ( 'NONE',  ( 80.05512781397611377, 86.73049189926871350, 8.653260798300635770 ) ) ;
#5156 = B_SPLINE_CURVE_WITH_KNOTS ( 'NONE', 3,
 ( #6434, #5757, #3733, #311 ),
 .UNSPECIFIED., .F., .F.,
 ( 4, 4 ),
 ( 0.000000000000000000, 0.002305090062325174192 ),
 .UNSPECIFIED. ) ;
#5157 = DIRECTION ( 'NONE',  ( 0.000000000000000000, -1.000000000000000000, 0.000000000000000000 ) ) ;
#5158 = DIRECTION ( 'NONE',  ( 0.000000000000000000, 0.000000000000000000, -1.000000000000000000 ) ) ;
#5159 = ADVANCED_FACE ( 'NONE', ( #4937 ), #3638, .F. ) ;
#5160 = ORIENTED_EDGE ( 'NONE', *, *, #169, .F. ) ;
#5161 = EDGE_CURVE ( 'NONE', #1880, #8149, #5059, .T. ) ;
#5162 = CARTESIAN_POINT ( 'NONE',  ( -26.99999999999998934, 86.59999999999999432, 8.400000000000000355 ) ) ;
#5163 = CARTESIAN_POINT ( 'NONE',  ( -93.21185735207352252, 76.02346365113758964, 12.18298650181867337 ) ) ;
#5164 = CARTESIAN_POINT ( 'NONE',  ( 59.38563104404369852, 90.00000000000000000, 4.934631275797686456 ) ) ;
#5165 = CARTESIAN_POINT ( 'NONE',  ( -38.19301763571395014, 89.87938521888327159, 9.769186305150723726 ) ) ;
#5166 = DIRECTION ( 'NONE',  ( 2.847297187420960529E-16, -1.000000000000000000, 0.000000000000000000 ) ) ;
#5167 = LINE ( 'NONE', #3224, #3954 ) ;
#5168 = CARTESIAN_POINT ( 'NONE',  ( 54.11283635740337417, 89.34485360493511052, 6.092455011653398422 ) ) ;
#5169 = CARTESIAN_POINT ( 'NONE',  ( 18.00000000000000355, 90.00000000012488499, 10.19999999971106597 ) ) ;
#5170 = CARTESIAN_POINT ( 'NONE',  ( -44.75767067821470846, 89.99999999999998579, 9.701968190801537162 ) ) ;
#5171 = DIRECTION ( 'NONE',  ( -1.000000000000000000, 0.000000000000000000, -0.000000000000000000 ) ) ;
#5172 = EDGE_LOOP ( 'NONE', ( #1714, #2725, #3805, #995 ) ) ;
#5173 = DIRECTION ( 'NONE',  ( 0.9755345439457587808, 0.000000000000000000, 0.2198462043532717070 ) ) ;
#5174 = VERTEX_POINT ( 'NONE', #3686 ) ;
#5175 = CARTESIAN_POINT ( 'NONE',  ( -41.54189101567417453, 85.99999999999992895, 8.133645824020881321 ) ) ;
#5176 = LINE ( 'NONE', #2430, #8724 ) ;
#5177 = LINE ( 'NONE', #4459, #57 ) ;
#5178 = DIRECTION ( 'NONE',  ( -0.000000000000000000, -0.000000000000000000, -1.000000000000000000 ) ) ;
#5179 = CARTESIAN_POINT ( 'NONE',  ( 44.99083328428680062, 89.87938524901676374, 9.349884010356158015 ) ) ;
#5180 = VERTEX_POINT ( 'NONE', #1610 ) ;
#5181 = ORIENTED_EDGE ( 'NONE', *, *, #7890, .T. ) ;
#5182 = CC_DESIGN_PERSON_AND_ORGANIZATION_ASSIGNMENT ( #8633, #2465, ( #4354 ) ) ;
#5183 = ORIENTED_EDGE ( 'NONE', *, *, #7860, .T. ) ;
#5184 = ORIENTED_EDGE ( 'NONE', *, *, #7481, .T. ) ;
#5185 = CARTESIAN_POINT ( 'NONE',  ( 82.84050863794163888, 86.00513479463231192, 16.99999999999999289 ) ) ;
#5186 = DIRECTION ( 'NONE',  ( -0.000000000000000000, -0.000000000000000000, 1.000000000000000000 ) ) ;
#5187 = CARTESIAN_POINT ( 'NONE',  ( -93.18022939111497749, 76.04203732983364716, 11.80615023395717067 ) ) ;
#5188 = EDGE_CURVE ( 'NONE', #4135, #3054, #6243, .T. ) ;
#5189 = EDGE_CURVE ( 'NONE', #8134, #2563, #76, .T. ) ;
#5190 = DIRECTION ( 'NONE',  ( 0.000000000000000000, 1.000000000000000000, 0.000000000000000000 ) ) ;
#5191 = CARTESIAN_POINT ( 'NONE',  ( -46.13275573745151803, 89.99999999999997158, 10.67000163032930793 ) ) ;
#5192 = CARTESIAN_POINT ( 'NONE',  ( 21.99999999650220772, 90.00000000000001421, 17.00000000000001066 ) ) ;
#5193 = CARTESIAN_POINT ( 'NONE',  ( -50.55522537614211132, 89.34485357832082286, 7.066159711168685575 ) ) ;
#5194 = VERTEX_POINT ( 'NONE', #221 ) ;
#5195 = CARTESIAN_POINT ( 'NONE',  ( 64.10479298397549996, 89.99175603747667651, 5.566629576080623920 ) ) ;
#5196 = EDGE_CURVE ( 'NONE', #552, #3983, #5706, .T. ) ;
#5197 = ORIENTED_EDGE ( 'NONE', *, *, #8127, .T. ) ;
#5198 = DIRECTION ( 'NONE',  ( 0.000000000000000000, -0.000000000000000000, -1.000000000000000000 ) ) ;
#5199 = CARTESIAN_POINT ( 'NONE',  ( -84.22215856270808843, 85.52627148256560474, 10.03520251165147315 ) ) ;
#5200 = CARTESIAN_POINT ( 'NONE',  ( -26.99999999999998934, 86.59999999999999432, 8.400000000000000355 ) ) ;
#5201 = CARTESIAN_POINT ( 'NONE',  ( -21.31192640368340463, 80.93655830395991302, 15.00000000000000000 ) ) ;
#5202 = CARTESIAN_POINT ( 'NONE',  ( 51.10815950250259476, 90.00000000000001421, 8.789036933815662422 ) ) ;
#5203 = CARTESIAN_POINT ( 'NONE',  ( -46.56253214837637699, 89.87938517894488655, 9.198419264849507115 ) ) ;
#5204 = EDGE_CURVE ( 'NONE', #6577, #5194, #1479, .T. ) ;
#5205 = CARTESIAN_POINT ( 'NONE',  ( -1.749999999999999334, 83.09999999999999432, 14.70000000000002061 ) ) ;
#5206 = CARTESIAN_POINT ( 'NONE',  ( -40.26999999992408164, 90.00000000000000000, 14.46999999999997044 ) ) ;
#5207 = AXIS2_PLACEMENT_3D ( 'NONE', #1522, #4277, #7017 ) ;
#5208 = LINE ( 'NONE', #8668, #8255 ) ;
#5209 = CARTESIAN_POINT ( 'NONE',  ( -39.08900896728241747, 89.99999999999997158, 11.08129479433602782 ) ) ;
#5210 = CARTESIAN_POINT ( 'NONE',  ( -59.73403346604711572, 89.34485357832085128, 1.952079274798612429 ) ) ;
#5211 = CARTESIAN_POINT ( 'NONE',  ( -17.99999999999999645, 89.87938524152623643, 9.868613674640171141 ) ) ;
#5212 = VERTEX_POINT ( 'NONE', #5035 ) ;
#5213 = PERSON_AND_ORGANIZATION_ROLE ( 'creator' ) ;
#5214 = DIRECTION ( 'NONE',  ( -0.000000000000000000, 0.000000000000000000, 1.000000000000000000 ) ) ;
#5215 = EDGE_LOOP ( 'NONE', ( #6017, #1530, #7795, #2322 ) ) ;
#5216 = CARTESIAN_POINT ( 'NONE',  ( -46.06999999992408590, 94.19162435117168286, 13.97000000000000064 ) ) ;
#5217 = ADVANCED_FACE ( 'NONE', ( #6426 ), #2588, .T. ) ;
#5218 = DIRECTION ( 'NONE',  ( -1.000000000000000000, 0.000000000000000000, 0.000000000000000000 ) ) ;
#5219 = CYLINDRICAL_SURFACE ( 'NONE', #7383, 0.5000000000000004441 ) ;
#5220 = DIRECTION ( 'NONE',  ( -0.000000000000000000, -0.000000000000000000, 1.000000000000000000 ) ) ;
#5221 = DIRECTION ( 'NONE',  ( 1.000000000000000000, 0.000000000000000000, 0.000000000000000000 ) ) ;
#5222 = VERTEX_POINT ( 'NONE', #7864 ) ;
#5223 = VECTOR ( 'NONE', #5871, 1000.000000000000000 ) ;
#5224 = VERTEX_POINT ( 'NONE', #394 ) ;
#5225 =( BOUNDED_SURFACE ( )  B_SPLINE_SURFACE ( 3, 2, ( 
 ( #5584, #8326, #4907 ),
 ( #4731, #3377, #4094 ),
 ( #6841, #7155, #2875 ),
 ( #2296, #1623, #8464 ),
 ( #1668, #8419, #2337 ),
 ( #8369, #5046, #4954 ),
 ( #996, #7786, #6306 ),
 ( #7691, #1715, #7879 ),
 ( #5722, #3606, #6349 ),
 ( #5088, #5628, #4374 ),
 ( #6480, #6440, #7832 ),
 ( #5674, #4327, #951 ),
 ( #2253, #7061, #3697 ),
 ( #907, #4457, #3651 ),
 ( #4417, #3739, #7021 ),
 ( #6395, #279, #2382 ),
 ( #233, #187, #7192 ),
 ( #2201, #142, #2969 ),
 ( #2921, #5003, #5134 ),
 ( #1527, #862, #7110 ),
 ( #7744, #1034, #1577 ),
 ( #5762, #3016, #8504 ),
 ( #4282, #316, #3058 ),
 ( #5805, #8549, #5987 ),
 ( #4498, #1800, #452 ),
 ( #1884, #2598, #6029 ),
 ( #409, #7234, #3281 ),
 ( #5942, #8723, #2555 ),
 ( #8764, #3821, #1755 ),
 ( #7366, #6699, #6612 ) ),
 .UNSPECIFIED., .F., .F., .T. ) 
 B_SPLINE_SURFACE_WITH_KNOTS ( ( 4, 2, 2, 2, 2, 2, 2, 2, 2, 2, 2, 2, 2, 2, 4 ),
 ( 3, 3 ),
 ( 0.000000000000000000, 0.008677553653414906559, 0.01735510730682981312, 0.01952449572018354063, 0.02169388413353726813, 0.02603266096024471968, 0.02820204937359844372, 0.02928674358027530747, 0.03037143778695217122, 0.03254082620030589873, 0.03362552040698275901, 0.03376110718281737089, 0.03389669395865197582, 0.03416786751032119263, 0.03471021461365962624 ),
 ( 0.000000000000000000, 1.000000000000000000 ),
 .UNSPECIFIED. ) 
 GEOMETRIC_REPRESENTATION_ITEM ( )  RATIONAL_B_SPLINE_SURFACE ( (
 ( 1.000000000000000000, 0.9848077530121843726, 1.000000000000000000),
 ( 1.000000000000000000, 0.9848077670467856315, 1.000000000000000000),
 ( 1.000000000000000000, 0.9848077531789100059, 1.000000000000000000),
 ( 1.000000000000000000, 0.9848077531789100059, 1.000000000000000000),
 ( 1.000000000000000000, 0.9848077530549789183, 1.000000000000000000),
 ( 1.000000000000000000, 0.9848077530549789183, 1.000000000000000000),
 ( 1.000000000000000000, 0.9848077540038336908, 1.000000000000000000),
 ( 1.000000000000000000, 0.9848077540038336908, 1.000000000000000000),
 ( 1.000000000000000000, 0.9848077562072626856, 1.000000000000000000),
 ( 1.000000000000000000, 0.9848077472955366618, 1.000000000000000000),
 ( 1.000000000000000000, 0.9848077520407374497, 1.000000000000000000),
 ( 1.000000000000000000, 0.9848077520407374497, 1.000000000000000000),
 ( 1.000000000000000000, 0.9848077424620899079, 1.000000000000000000),
 ( 1.000000000000000000, 0.9848077728862894009, 1.000000000000000000),
 ( 1.000000000000000000, 0.9848077605303693360, 1.000000000000000000),
 ( 1.000000000000000000, 0.9848077782959958615, 1.000000000000000000),
 ( 1.000000000000000000, 0.9848077542623255853, 1.000000000000000000),
 ( 1.000000000000000000, 0.9848077483047918967, 1.000000000000000000),
 ( 1.000000000000000000, 0.9848077387265001814, 1.000000000000000000),
 ( 1.000000000000000000, 0.9848077592454727025, 1.000000000000000000),
 ( 1.000000000000000000, 0.9848077530122759660, 1.000000000000000000),
 ( 1.000000000000000000, 0.9848077530122759660, 1.000000000000000000),
 ( 1.000000000000000000, 0.9848077530121872591, 1.000000000000000000),
 ( 1.000000000000000000, 0.9848077530121872591, 1.000000000000000000),
 ( 1.000000000000000000, 0.9848077530122084644, 1.000000000000000000),
 ( 1.000000000000000000, 0.9848077530122084644, 1.000000000000000000),
 ( 1.000000000000000000, 0.9848077530122071321, 1.000000000000000000),
 ( 1.000000000000000000, 0.9848077530122071321, 1.000000000000000000),
 ( 1.000000000000000000, 0.9848077530122080203, 1.000000000000000000),
 ( 1.000000000000000000, 0.9848077530122080203, 1.000000000000000000) ) ) 
 REPRESENTATION_ITEM ( '' )  SURFACE ( )  );
#5226 = ORIENTED_EDGE ( 'NONE', *, *, #5653, .F. ) ;
#5227 = DIRECTION ( 'NONE',  ( -1.000000000000000000, 0.000000000000000000, 0.000000000000000000 ) ) ;
#5228 = CARTESIAN_POINT ( 'NONE',  ( -74.65945601369965345, 89.10124433017391254, 16.47979099399890401 ) ) ;
#5229 = EDGE_CURVE ( 'NONE', #2562, #6047, #4942, .T. ) ;
#5230 = CARTESIAN_POINT ( 'NONE',  ( 24.06011343035047645, 73.74790443272765117, 12.50000000000000000 ) ) ;
#5231 = CARTESIAN_POINT ( 'NONE',  ( -46.06999999992408590, 86.59999999999999432, 14.76999999999999780 ) ) ;
#5232 = AXIS2_PLACEMENT_3D ( 'NONE', #1487, #6215, #7695 ) ;
#5233 = CARTESIAN_POINT ( 'NONE',  ( -51.99999999999998579, 87.50000000000000000, 6.730110844732275055 ) ) ;
#5234 = CARTESIAN_POINT ( 'NONE',  ( -47.32627109707301827, 89.49999999999997158, 13.18957381098594439 ) ) ;
#5235 = CARTESIAN_POINT ( 'NONE',  ( 44.00000001382117887, 89.50000000007629808, 17.00000000000001066 ) ) ;
#5236 = CARTESIAN_POINT ( 'NONE',  ( 92.85811371118323621, 76.35143919529879497, 14.23538844584020957 ) ) ;
#5237 = ORIENTED_EDGE ( 'NONE', *, *, #7173, .T. ) ;
#5238 = VECTOR ( 'NONE', #7474, 1000.000000000000000 ) ;
#5239 = AXIS2_PLACEMENT_3D ( 'NONE', #7847, #1145, #4392 ) ;
#5240 = CARTESIAN_POINT ( 'NONE',  ( 66.00552082991981706, 89.44645509953035400, 5.487045119656571046 ) ) ;
#5241 = ORIENTED_EDGE ( 'NONE', *, *, #5004, .T. ) ;
#5242 = CARTESIAN_POINT ( 'NONE',  ( -71.61895003862223064, 84.50000000000000000, 17.00403242752945232 ) ) ;
#5243 = CARTESIAN_POINT ( 'NONE',  ( -90.51017052509511984, 81.59159824184037291, 11.00940643215389336 ) ) ;
#5244 = EDGE_CURVE ( 'NONE', #3406, #1934, #918, .T. ) ;
#5245 = DIRECTION ( 'NONE',  ( -0.2198462043532693200, 0.000000000000000000, 0.9755345439457593359 ) ) ;
#5246 = DIRECTION ( 'NONE',  ( 0.000000000000000000, -1.000000000000000000, 0.000000000000000000 ) ) ;
#5247 = CARTESIAN_POINT ( 'NONE',  ( 48.13369478416166203, 89.99999999999994316, 9.313925315979947328 ) ) ;
#5248 = CARTESIAN_POINT ( 'NONE',  ( -10.72644713164820018, 74.00000000000000000, 14.20000000000000107 ) ) ;
#5249 = CARTESIAN_POINT ( 'NONE',  ( -20.63974414698166626, 69.01111874706155902, 36.88536684330890125 ) ) ;
#5250 = CARTESIAN_POINT ( 'NONE',  ( -50.49999999999998579, 85.99999999999997158, 12.50000000000000355 ) ) ;
#5251 = CARTESIAN_POINT ( 'NONE',  ( 57.08861775280471562, 85.99999999999995737, 4.587324336446319428 ) ) ;
#5252 = CIRCLE ( 'NONE', #8558, 0.4999999999999981681 ) ;
#5253 = CARTESIAN_POINT ( 'NONE',  ( -39.83896936631837349, 89.99999999999998579, 10.71850258615411633 ) ) ;
#5254 = CARTESIAN_POINT ( 'NONE',  ( -26.99999999999997513, 90.00000000000000000, 10.19999999999993712 ) ) ;
#5255 = DIRECTION ( 'NONE',  ( -1.000000000000000000, -0.000000000000000000, -0.000000000000000000 ) ) ;
#5256 = ORIENTED_EDGE ( 'NONE', *, *, #3126, .T. ) ;
#5257 = FACE_OUTER_BOUND ( 'NONE', #3555, .T. ) ;
#5258 = CARTESIAN_POINT ( 'NONE',  ( -42.20333333325742586, 89.50000000000004263, 13.97000000000000064 ) ) ;
#5259 = ORIENTED_EDGE ( 'NONE', *, *, #4365, .T. ) ;
#5260 = EDGE_CURVE ( 'NONE', #3057, #810, #2896, .T. ) ;
#5261 = CARTESIAN_POINT ( 'NONE',  ( -42.96527135420543431, 85.99999999999994316, 8.040065308874600802 ) ) ;
#5262 = CARTESIAN_POINT ( 'NONE',  ( -39.64919207753248287, 89.50000000000005684, 13.82567417247654795 ) ) ;
#5263 = FACE_OUTER_BOUND ( 'NONE', #1925, .T. ) ;
#5264 = CARTESIAN_POINT ( 'NONE',  ( 23.32842712474621294, 86.00000000000000000, 8.400000000000000355 ) ) ;
#5265 = VECTOR ( 'NONE', #3691, 1000.000000000000000 ) ;
#5266 = CARTESIAN_POINT ( 'NONE',  ( 59.18166798129345096, 89.87938524157155484, 4.668134841745853691 ) ) ;
#5267 = VERTEX_POINT ( 'NONE', #1873 ) ;
#5268 = DIRECTION ( 'NONE',  ( 0.000000000000000000, 0.000000000000000000, 1.000000000000000000 ) ) ;
#5269 = ORIENTED_EDGE ( 'NONE', *, *, #3354, .T. ) ;
#5270 = ADVANCED_FACE ( 'NONE', ( #6601 ), #8623, .T. ) ;
#5271 = VECTOR ( 'NONE', #4249, 1000.000000000000000 ) ;
#5272 = ORIENTED_EDGE ( 'NONE', *, *, #4943, .F. ) ;
#5273 = FACE_OUTER_BOUND ( 'NONE', #8735, .T. ) ;
#5274 = CARTESIAN_POINT ( 'NONE',  ( 74.70023271946772070, 89.11430724696013783, 16.99999999999623057 ) ) ;
#5275 = CARTESIAN_POINT ( 'NONE',  ( 92.76171717621431867, 80.41553431023535836, 13.76850363288137302 ) ) ;
#5276 = VECTOR ( 'NONE', #5789, 999.9999999999998863 ) ;
#5277 = DIRECTION ( 'NONE',  ( -0.000000000000000000, 1.000000000000000000, -0.000000000000000000 ) ) ;
#5278 = AXIS2_PLACEMENT_3D ( 'NONE', #5822, #2354, #4433 ) ;
#5279 = ADVANCED_FACE ( 'NONE', ( #5929 ), #8665, .F. ) ;
#5280 = DIRECTION ( 'NONE',  ( 0.000000000000000000, 0.000000000000000000, -1.000000000000000000 ) ) ;
#5281 = CARTESIAN_POINT ( 'NONE',  ( -47.43664645513271694, 90.00000000000000000, 11.24967406127099245 ) ) ;
#5282 = CARTESIAN_POINT ( 'NONE',  ( 65.65531282105111188, 90.00019806563980751, 16.99999999999644729 ) ) ;
#5283 = CARTESIAN_POINT ( 'NONE',  ( -47.51794496029754100, 89.34485357832087971, 7.582106290433798357 ) ) ;
#5284 = VERTEX_POINT ( 'NONE', #1705 ) ;
#5285 = VECTOR ( 'NONE', #3107, 1000.000000000000000 ) ;
#5286 = CARTESIAN_POINT ( 'NONE',  ( 62.76016075536901440, 89.50000000000515854, 4.755671639775663095 ) ) ;
#5287 = VERTEX_POINT ( 'NONE', #483 ) ;
#5288 = CARTESIAN_POINT ( 'NONE',  ( 91.03655348067633213, 81.32875243587795921, 16.87080971502026827 ) ) ;
#5289 = CARTESIAN_POINT ( 'NONE',  ( -40.26999999992407453, 89.99999999999997158, 14.46999999999997222 ) ) ;
#5290 = EDGE_CURVE ( 'NONE', #6920, #1336, #8037, .T. ) ;
#5291 = B_SPLINE_CURVE_WITH_KNOTS ( 'NONE', 3,
 ( #6548, #433, #8660, #3850, #7310, #5288, #2448, #4478, #7943, #5827 ),
 .UNSPECIFIED., .F., .F.,
 ( 4, 2, 2, 2, 4 ),
 ( 3.469446951953614189E-18, 0.0004969345063169167609, 0.0009938690126338300523, 0.001490803518950743235, 0.001987738025267656635 ),
 .UNSPECIFIED. ) ;
#5292 = CARTESIAN_POINT ( 'NONE',  ( -40.26999999992408874, 80.00000000000000000, 12.56999999999999851 ) ) ;
#5293 = DIRECTION ( 'NONE',  ( 0.000000000000000000, 0.000000000000000000, 1.000000000000000000 ) ) ;
#5294 = EDGE_CURVE ( 'NONE', #1934, #7603, #6468, .T. ) ;
#5295 = CARTESIAN_POINT ( 'NONE',  ( 39.85324984437892937, 90.00000000000001421, 10.02196551876077812 ) ) ;
#5296 = CARTESIAN_POINT ( 'NONE',  ( -17.62771867673099990, 82.50000000000000000, 15.00000000000000178 ) ) ;
#5297 = DIRECTION ( 'NONE',  ( 0.000000000000000000, 0.000000000000000000, -1.000000000000000000 ) ) ;
#5298 = CARTESIAN_POINT ( 'NONE',  ( -49.90999935143079824, 82.24689295812471812, 13.50000000000000000 ) ) ;
#5299 = CARTESIAN_POINT ( 'NONE',  ( 54.11283635740337417, 85.99999999999998579, 6.092455011653398422 ) ) ;
#5300 = CARTESIAN_POINT ( 'NONE',  ( -38.97085871384570765, 89.99999999999994316, 11.18320520724969747 ) ) ;
#5301 = CARTESIAN_POINT ( 'NONE',  ( -16.01768689137253077, 68.75150446665328730, 36.88536684330890125 ) ) ;
#5302 = ORIENTED_EDGE ( 'NONE', *, *, #2246, .F. ) ;
#5303 = DATE_AND_TIME ( #3949, #3048 ) ;
#5304 = DIRECTION ( 'NONE',  ( -1.000000000000000000, 0.000000000000000000, 0.000000000000000000 ) ) ;
#5305 = ORIENTED_EDGE ( 'NONE', *, *, #4574, .F. ) ;
#5306 = DIRECTION ( 'NONE',  ( 0.000000000000000000, 0.000000000000000000, -1.000000000000000000 ) ) ;
#5307 = CARTESIAN_POINT ( 'NONE',  ( -39.56831481110572923, 89.50000000000002842, 13.78232339048871147 ) ) ;
#5308 = CARTESIAN_POINT ( 'NONE',  ( 0.000000000000000000, 80.00000000000000000, 12.50000000000000000 ) ) ;
#5309 = CARTESIAN_POINT ( 'NONE',  ( 24.99999999999999289, 86.59999999999999432, -0.5062160878754172755 ) ) ;
#5310 = CARTESIAN_POINT ( 'NONE',  ( 55.48565754018150642, 89.99999999999243983, 7.477245670407983269 ) ) ;
#5311 = ORIENTED_EDGE ( 'NONE', *, *, #8785, .F. ) ;
#5312 = CARTESIAN_POINT ( 'NONE',  ( -92.61641223980602433, 80.54374786512217099, 14.26934923017026158 ) ) ;
#5313 = VERTEX_POINT ( 'NONE', #1635 ) ;
#5314 = ORIENTED_EDGE ( 'NONE', *, *, #4885, .F. ) ;
#5315 = DIRECTION ( 'NONE',  ( 0.000000000000000000, 0.000000000000000000, -1.000000000000000000 ) ) ;
#5316 = CARTESIAN_POINT ( 'NONE',  ( -73.59108015058917829, 89.31140745315293827, 16.48158329449396575 ) ) ;
#5317 = EDGE_CURVE ( 'NONE', #798, #4135, #7952, .T. ) ;
#5318 = CARTESIAN_POINT ( 'NONE',  ( -40.08674042846467955, 89.50000000000002842, 13.96999999999999353 ) ) ;
#5319 = CARTESIAN_POINT ( 'NONE',  ( -49.98220724804973969, 89.99999999999994316, 16.99999999999997513 ) ) ;
#5320 = LINE ( 'NONE', #3296, #4514 ) ;
#5321 = CARTESIAN_POINT ( 'NONE',  ( -46.19531394845434136, 89.99999999999997158, 10.67309824589166212 ) ) ;
#5322 = DIRECTION ( 'NONE',  ( -0.000000000000000000, -0.000000000000000000, 1.000000000000000000 ) ) ;
#5323 = ORIENTED_EDGE ( 'NONE', *, *, #5506, .F. ) ;
#5324 = CARTESIAN_POINT ( 'NONE',  ( 62.76016075536911387, 90.00000000000515854, 4.755671639772586445 ) ) ;
#5325 = EDGE_LOOP ( 'NONE', ( #3673, #2831, #5256, #7336, #4926, #5145, #4711, #7199, #7401 ) ) ;
#5326 = CARTESIAN_POINT ( 'NONE',  ( -92.84657993949326737, 76.36056066023624567, 14.22748454145961539 ) ) ;
#5327 = EDGE_CURVE ( 'NONE', #1281, #3972, #4645, .T. ) ;
#5328 = CARTESIAN_POINT ( 'NONE',  ( -84.29274755989484902, 85.47248796031355766, 9.608249652789080386 ) ) ;
#5329 = CARTESIAN_POINT ( 'NONE',  ( -69.67494703124012290, 85.58981256655326320, 6.313986028639448023 ) ) ;
#5330 = CARTESIAN_POINT ( 'NONE',  ( 23.37228132326903562, 83.00000000000000000, 17.00000000000001776 ) ) ;
#5331 = B_SPLINE_CURVE_WITH_KNOTS ( 'NONE', 3,
 ( #5264, #1087, #4635, #3156 ),
 .UNSPECIFIED., .F., .F.,
 ( 4, 4 ),
 ( 0.001355082741506277028, 0.005455082741506283445 ),
 .UNSPECIFIED. ) ;
#5332 = CARTESIAN_POINT ( 'NONE',  ( 56.97940816952761622, 90.00000000000001421, 6.754473739803547261 ) ) ;
#5333 = CARTESIAN_POINT ( 'NONE',  ( 56.37500000088112984, 89.50000000000002842, 17.00000000000000000 ) ) ;
#5334 = ORIENTED_EDGE ( 'NONE', *, *, #6481, .T. ) ;
#5335 = DIRECTION ( 'NONE',  ( -1.000000000000000000, 0.000000000000000000, 0.000000000000000000 ) ) ;
#5336 = DIRECTION ( 'NONE',  ( -0.000000000000000000, -0.000000000000000000, -1.000000000000000000 ) ) ;
#5337 = EDGE_CURVE ( 'NONE', #2910, #2767, #127, .T. ) ;
#5338 = DIRECTION ( 'NONE',  ( 0.000000000000000000, 1.000000000000000000, 0.000000000000000000 ) ) ;
#5339 = DIRECTION ( 'NONE',  ( 0.000000000000000000, 0.000000000000000000, 1.000000000000000000 ) ) ;
#5340 = CARTESIAN_POINT ( 'NONE',  ( 60.22970259012872418, 90.00000000000007105, 4.185408263296269027 ) ) ;
#5341 = ORIENTED_EDGE ( 'NONE', *, *, #8298, .F. ) ;
#5342 = DIRECTION ( 'NONE',  ( -1.000000000000000000, 0.000000000000000000, 0.000000000000000000 ) ) ;
#5343 = DIRECTION ( 'NONE',  ( 1.000000000000000000, 0.000000000000000000, 0.000000000000000000 ) ) ;
#5344 = VECTOR ( 'NONE', #1712, 1000.000000000000000 ) ;
#5345 = CARTESIAN_POINT ( 'NONE',  ( -40.26999999992408874, 86.59999999999999432, 12.56999999999999851 ) ) ;
#5346 = ORIENTED_EDGE ( 'NONE', *, *, #1888, .T. ) ;
#5347 = FACE_OUTER_BOUND ( 'NONE', #6837, .T. ) ;
#5348 = APPROVAL_PERSON_ORGANIZATION ( #4127, #1057, #7546 ) ;
#5349 = CARTESIAN_POINT ( 'NONE',  ( -40.04185333569387240, 89.50000000000005684, 11.18796212075676699 ) ) ;
#5350 = CARTESIAN_POINT ( 'NONE',  ( -66.00000000000092371, 87.50000000000000000, 17.00000000000000000 ) ) ;
#5351 = LINE ( 'NONE', #1931, #5285 ) ;
#5352 = EDGE_CURVE ( 'NONE', #4124, #327, #8400, .T. ) ;
#5353 = CARTESIAN_POINT ( 'NONE',  ( 56.13776251382228111, 90.00000000000758860, 7.188519984866391432 ) ) ;
#5354 = ORIENTED_EDGE ( 'NONE', *, *, #4770, .T. ) ;
#5355 = CARTESIAN_POINT ( 'NONE',  ( -93.19300512698735872, 80.04330669023788403, 12.40810987741319948 ) ) ;
#5356 = VERTEX_POINT ( 'NONE', #7167 ) ;
#5357 = ORIENTED_EDGE ( 'NONE', *, *, #8488, .F. ) ;
#5358 = LINE ( 'NONE', #7928, #8561 ) ;
#5359 = CARTESIAN_POINT ( 'NONE',  ( -34.66000099991106964, 82.25495999994770102, 14.70000000000002061 ) ) ;
#5360 = CARTESIAN_POINT ( 'NONE',  ( 93.01788643611907048, 79.95448293679946516, 13.53623164918256627 ) ) ;
#5361 = CARTESIAN_POINT ( 'NONE',  ( 0.000000000000000000, 76.00000000000000000, 15.00000000000000178 ) ) ;
#5362 = B_SPLINE_CURVE_WITH_KNOTS ( 'NONE', 3,
 ( #5068, #4230, #1481, #2023, #8235, #6126, #8865, #4048, #7604, #5404, #2067, #6795 ),
 .UNSPECIFIED., .F., .F.,
 ( 4, 2, 2, 2, 2, 4 ),
 ( 0.000000000000000000, 0.001077327540558859062, 0.001615991310838288484, 0.002154655081117718123, 0.003231982621676581739, 0.004309310162235445787 ),
 .UNSPECIFIED. ) ;
#5363 = AXIS2_PLACEMENT_3D ( 'NONE', #8648, #6538, #375 ) ;
#5364 = DIRECTION ( 'NONE',  ( 0.7071067811865435759, 0.000000000000000000, 0.7071067811865515695 ) ) ;
#5365 = CARTESIAN_POINT ( 'NONE',  ( -47.12287344076460727, 89.50000000000004263, 13.49387166528138948 ) ) ;
#5366 = DIRECTION ( 'NONE',  ( -0.000000000000000000, -0.000000000000000000, 1.000000000000000000 ) ) ;
#5367 = VERTEX_POINT ( 'NONE', #3119 ) ;
#5368 = CARTESIAN_POINT ( 'NONE',  ( -91.87777453040715159, 81.18305446903171685, 16.24684844485212309 ) ) ;
#5369 = CIRCLE ( 'NONE', #4652, 1.000000000000000888 ) ;
#5370 = CARTESIAN_POINT ( 'NONE',  ( -92.22029082520990073, 76.90105895663424462, 15.75411873156483367 ) ) ;
#5371 = CARTESIAN_POINT ( 'NONE',  ( 40.98771264360100020, 89.87938527617784246, 9.672599961380516476 ) ) ;
#5372 = EDGE_CURVE ( 'NONE', #2214, #1344, #2159, .T. ) ;
#5373 = CARTESIAN_POINT ( 'NONE',  ( 74.28208258960518151, 85.01090111215026468, 12.64509742292347561 ) ) ;
#5374 = LINE ( 'NONE', #4747, #3260 ) ;
#5375 = ORIENTED_EDGE ( 'NONE', *, *, #6320, .T. ) ;
#5376 = AXIS2_PLACEMENT_3D ( 'NONE', #1798, #5214, #2594 ) ;
#5377 = EDGE_CURVE ( 'NONE', #6120, #4305, #7419, .T. ) ;
#5378 = CARTESIAN_POINT ( 'NONE',  ( 51.66222300763446640, 89.99999999999998579, 8.665791563912623729 ) ) ;
#5379 = DIRECTION ( 'NONE',  ( -0.000000000000000000, -0.000000000000000000, 1.000000000000000000 ) ) ;
#5380 = ORIENTED_EDGE ( 'NONE', *, *, #4530, .F. ) ;
#5381 = B_SPLINE_CURVE_WITH_KNOTS ( 'NONE', 3,
 ( #2218, #5552, #2846, #5642, #3711, #8297, #8339 ),
 .UNSPECIFIED., .F., .F.,
 ( 4, 3, 4 ),
 ( 0.000000000000000000, 0.0009818170644309088049, 0.001804971296074578098 ),
 .UNSPECIFIED. ) ;
#5382 = CARTESIAN_POINT ( 'NONE',  ( 36.26000000008891533, 83.09999999994768416, 17.00000000000001066 ) ) ;
#5383 = DIRECTION ( 'NONE',  ( -1.000000000000000000, -0.000000000000000000, -0.000000000000000000 ) ) ;
#5384 = DIRECTION ( 'NONE',  ( 0.000000000000000000, 0.000000000000000000, 1.000000000000000000 ) ) ;
#5385 = CIRCLE ( 'NONE', #3804, 0.4999999999999996669 ) ;
#5386 = FACE_OUTER_BOUND ( 'NONE', #6358, .T. ) ;
#5387 = CARTESIAN_POINT ( 'NONE',  ( -0.8999999999999968026, 83.09999999999999432, 13.85000000000001030 ) ) ;
#5388 = VERTEX_POINT ( 'NONE', #5872 ) ;
#5389 = DIRECTION ( 'NONE',  ( -0.000000000000000000, -0.000000000000000000, -1.000000000000000000 ) ) ;
#5390 = CARTESIAN_POINT ( 'NONE',  ( -40.26999999992408874, 86.59999999999999432, 11.16999999999999993 ) ) ;
#5391 = VERTEX_POINT ( 'NONE', #3752 ) ;
#5392 = DIRECTION ( 'NONE',  ( 0.9868388408614894303, 0.1617068401990213178, 0.000000000000000000 ) ) ;
#5393 = CARTESIAN_POINT ( 'NONE',  ( -38.87273997125553393, 89.50000000000002842, 12.66049436203127065 ) ) ;
#5394 = DIRECTION ( 'NONE',  ( 0.000000000000000000, 0.000000000000000000, 1.000000000000000000 ) ) ;
#5395 = CARTESIAN_POINT ( 'NONE',  ( -76.89373022254517309, 83.64402756324737709, -14.99999999999997513 ) ) ;
#5396 = CARTESIAN_POINT ( 'NONE',  ( 55.03424763278900400, 89.87938539800862259, 7.302227076222128410 ) ) ;
#5397 = ORIENTED_EDGE ( 'NONE', *, *, #515, .F. ) ;
#5398 = CARTESIAN_POINT ( 'NONE',  ( -55.93577646977460205, 87.50000000000002842, 5.277979241727748239 ) ) ;
#5399 = ORIENTED_EDGE ( 'NONE', *, *, #5029, .T. ) ;
#5400 = AXIS2_PLACEMENT_3D ( 'NONE', #5606, #7622, #2994 ) ;
#5401 = EDGE_CURVE ( 'NONE', #5897, #5627, #7893, .T. ) ;
#5402 = ORIENTED_EDGE ( 'NONE', *, *, #4109, .F. ) ;
#5403 = EDGE_CURVE ( 'NONE', #6314, #3319, #2925, .T. ) ;
#5404 = CARTESIAN_POINT ( 'NONE',  ( 92.95841715826929885, 80.23533061721454374, 12.72882422857209939 ) ) ;
#5405 = CYLINDRICAL_SURFACE ( 'NONE', #2217, 0.5000000000000000000 ) ;
#5406 = CARTESIAN_POINT ( 'NONE',  ( 1.749999999999999334, 83.09999999999999432, 14.70000000000002061 ) ) ;
#5407 = CARTESIAN_POINT ( 'NONE',  ( -67.32589563892456397, 89.59691760397427629, -15.00000000000001421 ) ) ;
#5408 = AXIS2_PLACEMENT_3D ( 'NONE', #4493, #1205, #6648 ) ;
#5409 = CARTESIAN_POINT ( 'NONE',  ( -17.67157287525383680, 86.00000000000000000, 8.399999999999996803 ) ) ;
#5410 = CARTESIAN_POINT ( 'NONE',  ( -47.07322079528779568, 90.00000000000000000, 14.18474365558316208 ) ) ;
#5411 = CARTESIAN_POINT ( 'NONE',  ( 64.62500002032564339, 90.00000000000000000, 16.99999999999999289 ) ) ;
#5412 = EDGE_LOOP ( 'NONE', ( #6850, #6678, #4443, #762 ) ) ;
#5413 = CARTESIAN_POINT ( 'NONE',  ( 90.51017052509460825, 81.59159824184077081, 11.00940643215377612 ) ) ;
#5414 = VECTOR ( 'NONE', #2940, 1000.000000000000000 ) ;
#5415 = AXIS2_PLACEMENT_3D ( 'NONE', #484, #7272, #6642 ) ;
#5416 = CARTESIAN_POINT ( 'NONE',  ( -71.36418472558415260, 85.34880278588981639, 6.694672184405810356 ) ) ;
#5417 = CARTESIAN_POINT ( 'NONE',  ( -77.90029331903430432, 88.31454598224800634, 17.00000000001125500 ) ) ;
#5418 = AXIS2_PLACEMENT_3D ( 'NONE', #3444, #8212, #7453 ) ;
#5419 = AXIS2_PLACEMENT_3D ( 'NONE', #8850, #5439, #2819 ) ;
#5420 = CARTESIAN_POINT ( 'NONE',  ( -58.76804982496652485, 89.34485357832083707, 2.970294553700919327 ) ) ;
#5421 = CARTESIAN_POINT ( 'NONE',  ( -69.00099793858734643, 85.75919851586367315, 6.162105041065438549 ) ) ;
#5422 = VECTOR ( 'NONE', #6397, 1000.000000000000000 ) ;
#5423 = DIRECTION ( 'NONE',  ( -0.000000000000000000, -0.000000000000000000, 1.000000000000000000 ) ) ;
#5424 = CARTESIAN_POINT ( 'NONE',  ( 58.06635220955078580, 89.34485357832087971, 3.709912750277745808 ) ) ;
#5425 = CARTESIAN_POINT ( 'NONE',  ( 65.31250001132754335, 89.50184429175030232, 17.00000000000000355 ) ) ;
#5426 = ORIENTED_EDGE ( 'NONE', *, *, #8270, .F. ) ;
#5427 = DIRECTION ( 'NONE',  ( 0.000000000000000000, -0.000000000000000000, 1.000000000000000000 ) ) ;
#5428 = CARTESIAN_POINT ( 'NONE',  ( 88.22447241676333363, 83.54348977580558255, 10.93087088602229962 ) ) ;
#5429 = CARTESIAN_POINT ( 'NONE',  ( -53.99999999999997158, 82.50000000000000000, 17.00000000000000000 ) ) ;
#5430 = ADVANCED_FACE ( 'NONE', ( #8651 ), #6492, .T. ) ;
#5431 = ADVANCED_FACE ( 'NONE', ( #2484 ), #920, .F. ) ;
#5432 = B_SPLINE_CURVE_WITH_KNOTS ( 'NONE', 3,
 ( #1324, #6816, #658, #8883, #2718, #2042, #7537, #1371, #4116, #6863, #2944, #6371, #3629, #5561, #8394, #4204, #1505, #5026, #2808, #5649, #2899, #259, #2227, #1419, #4841, #8348, #4928, #2137, #4887, #3676 ),
 .UNSPECIFIED., .F., .F.,
 ( 4, 2, 2, 2, 2, 2, 2, 2, 2, 2, 2, 2, 2, 2, 4 ),
 ( 3.469446951953614189E-18, 0.0004084780396029505183, 0.0008169560792058975672, 0.001225434118808844562, 0.001633912158411791665, 0.002450868237617680450, 0.002859346277220601099, 0.003267824316823521747, 0.003676302356426442829, 0.004084780396029364345, 0.004901736475235248143, 0.005310214514838188307, 0.005718692554441127604, 0.006127170594044067768, 0.006535648633647007065 ),
 .UNSPECIFIED. ) ;
#5433 = DIRECTION ( 'NONE',  ( -1.000000000000000000, 0.000000000000000000, 0.000000000000000000 ) ) ;
#5434 = VERTEX_POINT ( 'NONE', #6540 ) ;
#5435 = ADVANCED_FACE ( 'NONE', ( #2310 ), #249, .F. ) ;
#5436 = CARTESIAN_POINT ( 'NONE',  ( -34.71254102175322487, 79.77102461658081722, 13.10000000000000142 ) ) ;
#5437 = CARTESIAN_POINT ( 'NONE',  ( 39.75777667939014748, 83.00000000000000000, 13.50000000000000000 ) ) ;
#5438 = ORIENTED_EDGE ( 'NONE', *, *, #1356, .T. ) ;
#5439 = DIRECTION ( 'NONE',  ( 0.000000000000000000, 0.000000000000000000, 1.000000000000000000 ) ) ;
#5440 = CARTESIAN_POINT ( 'NONE',  ( -38.94387602146680649, 89.50000000000007105, 12.11890806312415236 ) ) ;
#5441 = CARTESIAN_POINT ( 'NONE',  ( -59.54260338571929623, 89.99999999999998579, 4.769171292976064791 ) ) ;
#5442 = DIRECTION ( 'NONE',  ( -0.000000000000000000, -0.000000000000000000, -1.000000000000000000 ) ) ;
#5443 = CARTESIAN_POINT ( 'NONE',  ( 55.62134170078383733, 90.00000000000002842, 7.802844591401922436 ) ) ;
#5444 = VERTEX_POINT ( 'NONE', #2441 ) ;
#5445 = DIRECTION ( 'NONE',  ( 0.000000000000000000, 0.000000000000000000, 1.000000000000000000 ) ) ;
#5446 = ORIENTED_EDGE ( 'NONE', *, *, #175, .T. ) ;
#5447 = CARTESIAN_POINT ( 'NONE',  ( -48.59962185124295786, 89.34485357832090813, 7.423779701825079513 ) ) ;
#5448 = ORIENTED_EDGE ( 'NONE', *, *, #4876, .T. ) ;
#5449 = CARTESIAN_POINT ( 'NONE',  ( 66.00147541926334327, 89.99981326875506227, 16.49963217656421932 ) ) ;
#5450 = CARTESIAN_POINT ( 'NONE',  ( -2.247776679298902014, 83.00000000000000000, 13.50000000000000000 ) ) ;
#5451 = CARTESIAN_POINT ( 'NONE',  ( -29.66582369357791293, 89.34485360493508210, 8.400000000000000355 ) ) ;
#5452 = CARTESIAN_POINT ( 'NONE',  ( -93.25327803998048637, 75.98101890060043218, 11.62759240929138116 ) ) ;
#5453 = DIRECTION ( 'NONE',  ( -0.000000000000000000, -0.000000000000000000, 1.000000000000000000 ) ) ;
#5454 = CARTESIAN_POINT ( 'NONE',  ( -46.56124110282151918, 89.99999999999995737, 14.40645057893165237 ) ) ;
#5455 = CARTESIAN_POINT ( 'NONE',  ( 91.96367203804507540, 81.11401639877387026, 16.13911784153323126 ) ) ;
#5456 = ORIENTED_EDGE ( 'NONE', *, *, #7997, .F. ) ;
#5457 = CARTESIAN_POINT ( 'NONE',  ( 84.29274755989484902, 85.47248796031355766, 9.608249652789080386 ) ) ;
#5458 = LINE ( 'NONE', #8828, #6406 ) ;
#5459 = ADVANCED_FACE ( 'NONE', ( #4341 ), #2987, .F. ) ;
#5460 = EDGE_CURVE ( 'NONE', #3244, #8210, #7801, .T. ) ;
#5461 = CARTESIAN_POINT ( 'NONE',  ( -76.82756892509621593, 88.58694628788421710, 16.47677220057683556 ) ) ;
#5462 = CARTESIAN_POINT ( 'NONE',  ( -58.07105130043188979, 89.34485357832114971, 3.704975603200310719 ) ) ;
#5463 = CARTESIAN_POINT ( 'NONE',  ( 72.15447641384567135, 85.43277885329716526, 13.28957857439388413 ) ) ;
#5464 = EDGE_CURVE ( 'NONE', #8275, #8743, #8517, .T. ) ;
#5465 = CARTESIAN_POINT ( 'NONE',  ( 91.87777453040715159, 80.83978022226104088, 16.24684844485212309 ) ) ;
#5466 = CARTESIAN_POINT ( 'NONE',  ( 56.72605250704970103, 89.34485357832083707, 4.807622002337061495 ) ) ;
#5467 = DIRECTION ( 'NONE',  ( 0.000000000000000000, 0.000000000000000000, -1.000000000000000000 ) ) ;
#5468 = B_SPLINE_CURVE_WITH_KNOTS ( 'NONE', 3,
 ( #6346, #7057, #2917, #2293, #904, #6390, #5043, #1619, #6609, #4628 ),
 .UNSPECIFIED., .F., .F.,
 ( 4, 2, 1, 1, 1, 1, 4 ),
 ( 0.000000000000000000, 0.002062499999999999663, 0.004124999999999999327, 0.008250000000000061104, 0.01650000000000018466, 0.03300000000000043870, 0.06600000000000093292 ),
 .UNSPECIFIED. ) ;
#5469 = VERTEX_POINT ( 'NONE', #5233 ) ;
#5470 = CARTESIAN_POINT ( 'NONE',  ( -77.75190033141598178, 87.81076786042191884, 16.99999999999998224 ) ) ;
#5471 = CYLINDRICAL_SURFACE ( 'NONE', #4678, 0.7999999999999951594 ) ;
#5472 = DIRECTION ( 'NONE',  ( 0.000000000000000000, -0.000000000000000000, 1.000000000000000000 ) ) ;
#5473 = VECTOR ( 'NONE', #6307, 1000.000000000000000 ) ;
#5474 = ORIENTED_EDGE ( 'NONE', *, *, #4574, .T. ) ;
#5475 = CARTESIAN_POINT ( 'NONE',  ( -17.67157287525382259, 86.00000000000000000, 11.13333333333333108 ) ) ;
#5476 = ORIENTED_EDGE ( 'NONE', *, *, #8862, .T. ) ;
#5477 = DATE_AND_TIME ( #2682, #2756 ) ;
#5478 = DIRECTION ( 'NONE',  ( -8.249565755581263122E-16, 1.000000000000000000, 0.000000000000000000 ) ) ;
#5479 = CARTESIAN_POINT ( 'NONE',  ( -91.87780581196666674, 77.18303182878143787, 16.24688794321358998 ) ) ;
#5480 = ORIENTED_EDGE ( 'NONE', *, *, #758, .F. ) ;
#5481 = DIRECTION ( 'NONE',  ( -0.4226182617406971653, -0.9063077870366511579, 0.000000000000000000 ) ) ;
#5482 = B_SPLINE_CURVE_WITH_KNOTS ( 'NONE', 3,
 ( #6109, #5615, #6381, #2862, #940, #1655, #893, #1565, #174, #2146, #3004, #2326, #268, #5752, #7046, #2189 ),
 .UNSPECIFIED., .F., .F.,
 ( 4, 2, 2, 2, 2, 2, 2, 4 ),
 ( 0.000000000000000000, 0.0004208747109694737872, 0.0008417494219389475745, 0.001262624132908421416, 0.001683498843877895149, 0.002104373554847369099, 0.002525248265816842832, 0.003366997687755790298 ),
 .UNSPECIFIED. ) ;
#5483 = CARTESIAN_POINT ( 'NONE',  ( -39.08025642006831646, 89.50000000000004263, 13.30931756263199972 ) ) ;
#5484 = CARTESIAN_POINT ( 'NONE',  ( -61.29747366701572275, 89.99999999999998579, 2.919413536303551382 ) ) ;
#5485 = ADVANCED_FACE ( 'NONE', ( #5959 ), #2495, .F. ) ;
#5486 = CARTESIAN_POINT ( 'NONE',  ( -60.22970259012872418, 90.00000000000007105, 4.185408263296269027 ) ) ;
#5487 = AXIS2_PLACEMENT_3D ( 'NONE', #1136, #3874, #4597 ) ;
#5488 = VERTEX_POINT ( 'NONE', #561 ) ;
#5489 = CARTESIAN_POINT ( 'NONE',  ( -92.59145824204641428, 80.30918025364773882, 15.00146627396829935 ) ) ;
#5490 = EDGE_LOOP ( 'NONE', ( #1394, #8430, #2015, #778, #5549, #8030, #8512, #3157 ) ) ;
#5491 = EDGE_CURVE ( 'NONE', #889, #7060, #5320, .T. ) ;
#5492 = CARTESIAN_POINT ( 'NONE',  ( -56.38733529452170501, 89.34485357832089392, 5.018700963895248890 ) ) ;
#5493 = EDGE_LOOP ( 'NONE', ( #2981, #4233, #1134, #3927 ) ) ;
#5494 = LINE ( 'NONE', #3561, #664 ) ;
#5495 = DIRECTION ( 'NONE',  ( -0.000000000000000000, -0.000000000000000000, -1.000000000000000000 ) ) ;
#5496 = CARTESIAN_POINT ( 'NONE',  ( 0.000000000000000000, 90.00000000000000000, 17.00000000000000000 ) ) ;
#5497 = ORIENTED_EDGE ( 'NONE', *, *, #5582, .F. ) ;
#5498 = CARTESIAN_POINT ( 'NONE',  ( -46.91226610081477588, 90.00000000000001421, 14.27763548111710001 ) ) ;
#5499 = CARTESIAN_POINT ( 'NONE',  ( -47.95396945647113540, 89.99999999999998579, 12.81824294182958468 ) ) ;
#5500 = CARTESIAN_POINT ( 'NONE',  ( -40.26999999992408874, 89.49999999998297540, 11.16999999999999993 ) ) ;
#5501 = DIRECTION ( 'NONE',  ( -0.000000000000000000, -0.000000000000000000, -1.000000000000000000 ) ) ;
#5502 = ADVANCED_FACE ( 'NONE', ( #1818 ), #1898, .T. ) ;
#5503 = EDGE_LOOP ( 'NONE', ( #560, #1 ) ) ;
#5504 = CARTESIAN_POINT ( 'NONE',  ( 80.26622635927310512, 83.11286206143597610, 8.700833910094573298 ) ) ;
#5505 = CARTESIAN_POINT ( 'NONE',  ( -92.02024759374388907, 76.93689304997269574, 11.34971699714995275 ) ) ;
#5506 = EDGE_CURVE ( 'NONE', #5194, #3077, #3381, .T. ) ;
#5508 = CARTESIAN_POINT ( 'NONE',  ( -76.69966884770559545, 88.10396874568239411, 16.99999999999999645 ) ) ;
#5507 = VECTOR ( 'NONE', #2052, 1000.000000000000000 ) ;
#5509 = CARTESIAN_POINT ( 'NONE',  ( -54.59809066786603893, 89.34485357832080865, 5.892556639972235999 ) ) ;
#5510 = FACE_OUTER_BOUND ( 'NONE', #8371, .T. ) ;
#5511 = CARTESIAN_POINT ( 'NONE',  ( 27.00000000000000000, 89.34485357832083707, 8.400000000000000355 ) ) ;
#5512 = VECTOR ( 'NONE', #3751, 1000.000000000000000 ) ;
#5513 = ORIENTED_EDGE ( 'NONE', *, *, #152, .T. ) ;
#5514 = CARTESIAN_POINT ( 'NONE',  ( 58.06949243520828219, 89.34485357832090813, 3.706614638294599029 ) ) ;
#5515 = CARTESIAN_POINT ( 'NONE',  ( 30.00000000000000000, 87.39999999999999147, -0.5062160878754172755 ) ) ;
#5516 = CARTESIAN_POINT ( 'NONE',  ( -30.77926674761170389, 87.19091408818317745, 8.395447548968610008 ) ) ;
#5517 = AXIS2_PLACEMENT_3D ( 'NONE', #1871, #2452, #6014 ) ;
#5519 = EDGE_CURVE ( 'NONE', #6521, #5593, #6083, .T. ) ;
#5518 = CARTESIAN_POINT ( 'NONE',  ( 74.57523146337796049, 88.75876277281069804, 7.885819617619707955 ) ) ;
#5520 = PLANE ( 'NONE',  #6105 ) ;
#5521 = VERTEX_POINT ( 'NONE', #4735 ) ;
#5522 = CARTESIAN_POINT ( 'NONE',  ( 9.626830880257903900, 72.74790443272765117, 14.20000000000000107 ) ) ;
#5523 = VERTEX_POINT ( 'NONE', #1941 ) ;
#5524 = DIRECTION ( 'NONE',  ( 1.000000000000000000, 0.000000000000000000, 0.000000000000000000 ) ) ;
#5525 = CARTESIAN_POINT ( 'NONE',  ( -90.46202251618737478, 78.25473239991180208, 17.00000058923950519 ) ) ;
#5526 = ORIENTED_EDGE ( 'NONE', *, *, #3682, .F. ) ;
#5527 = CARTESIAN_POINT ( 'NONE',  ( -30.97919550333781302, 85.99999999999998579, 8.394624535001696586 ) ) ;
#5528 = VECTOR ( 'NONE', #4057, 1000.000000000000000 ) ;
#5529 = CARTESIAN_POINT ( 'NONE',  ( -38.88846524995175713, 89.50000000000001421, 12.79779135027047232 ) ) ;
#5530 = CARTESIAN_POINT ( 'NONE',  ( -26.99999999999998934, 86.59999999999999432, 8.400000000000000355 ) ) ;
#5531 = CARTESIAN_POINT ( 'NONE',  ( -59.87906275423366509, 89.99999999999997158, 4.588359202021525363 ) ) ;
#5532 = VERTEX_POINT ( 'NONE', #1860 ) ;
#5533 = LINE ( 'NONE', #86, #8787 ) ;
#5534 = ORIENTED_EDGE ( 'NONE', *, *, #2135, .F. ) ;
#5535 = ADVANCED_FACE ( 'NONE', ( #8107 ), #8821, .T. ) ;
#5536 = CARTESIAN_POINT ( 'NONE',  ( -57.52230402071489834, 89.34485357832086549, 4.221576245019210916 ) ) ;
#5537 = ORIENTED_EDGE ( 'NONE', *, *, #3303, .T. ) ;
#5538 = CARTESIAN_POINT ( 'NONE',  ( 17.67157287525383680, 86.00000000000000000, 8.399999999999996803 ) ) ;
#5539 = CARTESIAN_POINT ( 'NONE',  ( -57.90517909910656158, 89.29914716785896189, 3.873471756696281521 ) ) ;
#5540 = PLANE ( 'NONE',  #3214 ) ;
#5541 = VECTOR ( 'NONE', #2372, 1000.000000000000000 ) ;
#5542 = EDGE_CURVE ( 'NONE', #1168, #1336, #6718, .T. ) ;
#5543 = CARTESIAN_POINT ( 'NONE',  ( -47.73021704176771607, 89.99999999999997158, 13.52659364621378835 ) ) ;
#5544 = EDGE_CURVE ( 'NONE', #1397, #5523, #1331, .T. ) ;
#5545 = CARTESIAN_POINT ( 'NONE',  ( -47.57749658182574137, 89.99999999999995737, 13.72813956081662035 ) ) ;
#5546 = CARTESIAN_POINT ( 'NONE',  ( -70.63560761843339719, 85.60897383441664488, 11.77943598124572766 ) ) ;
#5547 = CARTESIAN_POINT ( 'NONE',  ( -38.60954724535058347, 89.99999999999995737, 13.52683487571459331 ) ) ;
#5548 = AXIS2_PLACEMENT_3D ( 'NONE', #2466, #4629, #4671 ) ;
#5549 = ORIENTED_EDGE ( 'NONE', *, *, #7193, .T. ) ;
#5550 = CARTESIAN_POINT ( 'NONE',  ( -70.63612416109830860, 85.57790606615681384, 10.68238765526807832 ) ) ;
#5551 = CARTESIAN_POINT ( 'NONE',  ( -59.24288961651373597, 89.71891662521119315, 3.963020355023320285 ) ) ;
#5552 = CARTESIAN_POINT ( 'NONE',  ( 59.10838964024579667, 89.78172212262197149, 4.355509216390199612 ) ) ;
#5553 = CARTESIAN_POINT ( 'NONE',  ( -92.83389431418132176, 79.76922673094557581, 11.53308020482186613 ) ) ;
#5554 = CARTESIAN_POINT ( 'NONE',  ( -55.96129436686664604, 89.34485357832083707, 5.259513501926715406 ) ) ;
#5555 = DIRECTION ( 'NONE',  ( 0.000000000000000000, -0.000000000000000000, -1.000000000000000000 ) ) ;
#5556 = AXIS2_PLACEMENT_3D ( 'NONE', #5981, #491, #1028 ) ;
#5557 = DIRECTION ( 'NONE',  ( -0.000000000000000000, -0.000000000000000000, 1.000000000000000000 ) ) ;
#5558 = ORIENTED_EDGE ( 'NONE', *, *, #8694, .F. ) ;
#5559 = CARTESIAN_POINT ( 'NONE',  ( 58.11601086723711518, 89.34485357832085128, 3.657589866959984892 ) ) ;
#5560 = CIRCLE ( 'NONE', #3364, 3.000000000000002665 ) ;
#5561 = CARTESIAN_POINT ( 'NONE',  ( 72.38084612403753226, 85.25423559895686765, 9.180523282913188865 ) ) ;
#5562 = DIRECTION ( 'NONE',  ( -0.000000000000000000, -0.000000000000000000, 1.000000000000000000 ) ) ;
#5563 = CARTESIAN_POINT ( 'NONE',  ( -91.13159150327190616, 81.76824440181484022, 16.86371194444331323 ) ) ;
#5564 = VECTOR ( 'NONE', #2138, 1000.000000000000000 ) ;
#5565 = DIRECTION ( 'NONE',  ( -0.7071067811865435759, 8.659560562354882322E-17, 0.7071067811865515695 ) ) ;
#5566 = EDGE_CURVE ( 'NONE', #8892, #8352, #6950, .T. ) ;
#5567 = VECTOR ( 'NONE', #322, 1000.000000000000000 ) ;
#5568 = VERTEX_POINT ( 'NONE', #4646 ) ;
#5569 = CYLINDRICAL_SURFACE ( 'NONE', #2251, 2.199999999999998845 ) ;
#5570 = VERTEX_POINT ( 'NONE', #5409 ) ;
#5571 = CARTESIAN_POINT ( 'NONE',  ( 1.748270750565812603, 83.02222222222222570, 17.00000000000002842 ) ) ;
#5572 = CARTESIAN_POINT ( 'NONE',  ( -91.71192800190868866, 81.29989341948687809, 16.01463810754569295 ) ) ;
#5573 = ORIENTED_EDGE ( 'NONE', *, *, #5047, .F. ) ;
#5574 = CARTESIAN_POINT ( 'NONE',  ( -31.17129489166743284, 85.99999999999997158, 8.393834266399377242 ) ) ;
#5575 = CIRCLE ( 'NONE', #7876, 2.200000000000000622 ) ;
#5576 = CARTESIAN_POINT ( 'NONE',  ( -39.16167596279631624, 89.99999999999991473, 14.11448922242886006 ) ) ;
#5577 = CARTESIAN_POINT ( 'NONE',  ( -59.81629875069215529, 90.00000000000004263, 4.480676963953751368 ) ) ;
#5578 = CARTESIAN_POINT ( 'NONE',  ( -97.90079786713343424, 71.58182856297453611, 17.00000000000000000 ) ) ;
#5579 = ORIENTED_EDGE ( 'NONE', *, *, #6877, .T. ) ;
#5580 = CARTESIAN_POINT ( 'NONE',  ( 27.77126218583481787, 74.00000000000000000, 14.20000000000000107 ) ) ;
#5581 = CARTESIAN_POINT ( 'NONE',  ( -56.62580284215635373, 89.34485357832082286, 4.871793088279166462 ) ) ;
#5582 = EDGE_CURVE ( 'NONE', #7137, #3828, #3376, .T. ) ;
#5583 = ORIENTED_EDGE ( 'NONE', *, *, #16, .T. ) ;
#5584 = CARTESIAN_POINT ( 'NONE',  ( -26.99999999999997513, 89.87938524157162590, 9.868613674765031263 ) ) ;
#5585 = CARTESIAN_POINT ( 'NONE',  ( -51.64159885055094890, 82.50000000000000000, 13.50000000000000000 ) ) ;
#5586 = CARTESIAN_POINT ( 'NONE',  ( -92.95841715826929885, 80.23533061721454374, 12.72882422857209939 ) ) ;
#5587 = ORIENTED_EDGE ( 'NONE', *, *, #4723, .T. ) ;
#5588 = FACE_OUTER_BOUND ( 'NONE', #458, .T. ) ;
#5589 = LINE ( 'NONE', #7520, #1071 ) ;
#5590 = CARTESIAN_POINT ( 'NONE',  ( -47.96995780615637273, 90.00000000000004263, 12.63323259267953524 ) ) ;
#5591 = CARTESIAN_POINT ( 'NONE',  ( 95.97699469686101281, 73.76725804572292589, 17.00000000000000000 ) ) ;
#5592 = CARTESIAN_POINT ( 'NONE',  ( 38.01000000008891533, 83.09999999994768416, 12.50000000000000000 ) ) ;
#5593 = VERTEX_POINT ( 'NONE', #1311 ) ;
#5594 = ADVANCED_FACE ( 'NONE', ( #3969 ), #4054, .F. ) ;
#5595 = CARTESIAN_POINT ( 'NONE',  ( -71.98632485075953014, 85.32649725209928704, 9.269835796082565693 ) ) ;
#5596 = CARTESIAN_POINT ( 'NONE',  ( 67.32589563892456397, 89.59691760397427629, -15.00000000000001421 ) ) ;
#5597 = CARTESIAN_POINT ( 'NONE',  ( -43.06078427922813034, 86.00000000000014211, -15.00000000000000178 ) ) ;
#5598 = B_SPLINE_CURVE_WITH_KNOTS ( 'NONE', 3,
 ( #6214, #47, #6888, #3514, #3468 ),
 .UNSPECIFIED., .F., .F.,
 ( 4, 1, 4 ),
 ( 0.009328427124746158094, 0.01088985370898064471, 0.02699999999999999623 ),
 .UNSPECIFIED. ) ;
#5599 = CARTESIAN_POINT ( 'NONE',  ( -87.99856743258280289, 83.07991687893937183, 10.44339222983011162 ) ) ;
#5600 = CARTESIAN_POINT ( 'NONE',  ( -57.17302159083293844, 89.34485357832095076, 4.497773160964901429 ) ) ;
#5601 = DIRECTION ( 'NONE',  ( -1.000000000000000000, 0.000000000000000000, -0.000000000000000000 ) ) ;
#5602 = CARTESIAN_POINT ( 'NONE',  ( 0.000000000000000000, 80.00000000000000000, 13.10000000000000142 ) ) ;
#5603 = VERTEX_POINT ( 'NONE', #7341 ) ;
#5604 = ADVANCED_FACE ( 'NONE', ( #1143 ), #6627, .T. ) ;
#5605 = CARTESIAN_POINT ( 'NONE',  ( 33.04986174655098097, 90.00000000000005684, 10.18229690163880896 ) ) ;
#5606 = CARTESIAN_POINT ( 'NONE',  ( 23.37228132326903562, 83.00000000000000000, 3.694999999999993623 ) ) ;
#5607 = DIRECTION ( 'NONE',  ( 0.000000000000000000, 1.000000000000000000, 0.000000000000000000 ) ) ;
#5608 = CARTESIAN_POINT ( 'NONE',  ( 68.35077424651522904, 86.00032376397605560, 5.948473245646846763 ) ) ;
#5609 = CARTESIAN_POINT ( 'NONE',  ( -60.22970259012876681, 89.50000000000000000, 4.185408263296269027 ) ) ;
#5610 = EDGE_CURVE ( 'NONE', #3828, #5982, #6670, .T. ) ;
#5611 = ORIENTED_EDGE ( 'NONE', *, *, #7743, .T. ) ;
#5612 = CARTESIAN_POINT ( 'NONE',  ( -51.32526994601314385, 89.99999999999998579, 9.136499691308372917 ) ) ;
#5613 = VERTEX_POINT ( 'NONE', #6005 ) ;
#5614 = CARTESIAN_POINT ( 'NONE',  ( -24.99999999999999289, 88.19999999999998863, 9.500000000000000000 ) ) ;
#5615 = CARTESIAN_POINT ( 'NONE',  ( -40.12768852745766424, 85.99999999999995737, 10.36999999999999922 ) ) ;
#5616 = EDGE_CURVE ( 'NONE', #5174, #197, #4123, .T. ) ;
#5617 = VERTEX_POINT ( 'NONE', #2838 ) ;
#5618 = CARTESIAN_POINT ( 'NONE',  ( -61.57658249774306825, 89.99999999999997158, 5.001480272585305364 ) ) ;
#5619 = CARTESIAN_POINT ( 'NONE',  ( 91.68029325452042144, 77.74280111332332410, 17.00000000000000000 ) ) ;
#5620 = CIRCLE ( 'NONE', #1741, 0.5000000000000000000 ) ;
#5621 = CARTESIAN_POINT ( 'NONE',  ( -38.44314953296825621, 89.99999999999994316, 12.04694410113754799 ) ) ;
#5622 = DIRECTION ( 'NONE',  ( 0.000000000000000000, 0.000000000000000000, 1.000000000000000000 ) ) ;
#5623 = CYLINDRICAL_SURFACE ( 'NONE', #6272, 0.7999999999999951594 ) ;
#5624 = ORIENTED_EDGE ( 'NONE', *, *, #3084, .F. ) ;
#5625 = DIRECTION ( 'NONE',  ( 0.000000000000000000, -0.000000000000000000, 1.000000000000000000 ) ) ;
#5626 = DIRECTION ( 'NONE',  ( -0.000000000000000000, -0.000000000000000000, -1.000000000000000000 ) ) ;
#5627 = VERTEX_POINT ( 'NONE', #2120 ) ;
#5628 = CARTESIAN_POINT ( 'NONE',  ( -50.01718334986622239, 89.99999999998992450, 9.028456092462773697 ) ) ;
#5629 = DIRECTION ( 'NONE',  ( 0.000000000000000000, 0.000000000000000000, 1.000000000000000000 ) ) ;
#5630 = EDGE_CURVE ( 'NONE', #369, #2695, #497, .T. ) ;
#5631 = CARTESIAN_POINT ( 'NONE',  ( -68.00994574244742807, 86.12671606119884871, 9.671229069171802806 ) ) ;
#5632 = CARTESIAN_POINT ( 'NONE',  ( -46.68257310988267506, 90.00000000000001421, 14.37284067897501671 ) ) ;
#5633 = CARTESIAN_POINT ( 'NONE',  ( -11.00000001474445277, 90.00000000000000000, 17.00000000030532732 ) ) ;
#5634 = CARTESIAN_POINT ( 'NONE',  ( -72.01973219176531416, 85.45287743473384978, 13.24754075809000575 ) ) ;
#5635 = CARTESIAN_POINT ( 'NONE',  ( -38.46622294240594186, 89.99999999999997158, 13.17994183436680267 ) ) ;
#5636 = ORIENTED_EDGE ( 'NONE', *, *, #4318, .T. ) ;
#5637 = ORIENTED_EDGE ( 'NONE', *, *, #1523, .T. ) ;
#5638 = ORIENTED_EDGE ( 'NONE', *, *, #6145, .T. ) ;
#5639 = CARTESIAN_POINT ( 'NONE',  ( -73.17973819597828822, 85.10539559453266634, 9.234392722621020511 ) ) ;
#5640 = VECTOR ( 'NONE', #679, 1000.000000000000000 ) ;
#5641 = DIRECTION ( 'NONE',  ( -0.7071067811865441310, 8.659560562354889717E-17, 0.7071067811865510144 ) ) ;
#5642 = CARTESIAN_POINT ( 'NONE',  ( 58.49937481230436731, 89.58626568777300747, 4.216485818664962970 ) ) ;
#5643 = LINE ( 'NONE', #4624, #544 ) ;
#5644 = CARTESIAN_POINT ( 'NONE',  ( -55.44440611564620269, 89.34485357832083707, 5.521072530563187364 ) ) ;
#5645 = CARTESIAN_POINT ( 'NONE',  ( 6.804986980587121259, 76.00000000000000000, 14.20000000000000107 ) ) ;
#5646 = CARTESIAN_POINT ( 'NONE',  ( 55.03473674896427070, 89.34485357832086549, 5.712153153431536623 ) ) ;
#5647 = ORIENTED_EDGE ( 'NONE', *, *, #4220, .F. ) ;
#5648 = CARTESIAN_POINT ( 'NONE',  ( 52.12289313991032458, 89.34485357832083707, 6.698598677657630063 ) ) ;
#5649 = CARTESIAN_POINT ( 'NONE',  ( 73.68283649190537687, 85.01103685553484013, 9.426439266944321105 ) ) ;
#5650 = DIRECTION ( 'NONE',  ( -0.9999956462641665933, -0.002950839323296721665, -0.000000000000000000 ) ) ;
#5651 = LINE ( 'NONE', #4399, #78 ) ;
#5652 = CARTESIAN_POINT ( 'NONE',  ( -62.76016075536901440, 89.50000000000515854, 4.755671639775663095 ) ) ;
#5653 = EDGE_CURVE ( 'NONE', #5, #6780, #207, .T. ) ;
#5654 = CIRCLE ( 'NONE', #766, 1.000000000000000888 ) ;
#5655 = ORIENTED_EDGE ( 'NONE', *, *, #3212, .T. ) ;
#5656 = EDGE_CURVE ( 'NONE', #5815, #2281, #5589, .T. ) ;
#5657 = CARTESIAN_POINT ( 'NONE',  ( -54.08222540694386282, 90.00000000000001421, 8.378914214840094132 ) ) ;
#5658 = CARTESIAN_POINT ( 'NONE',  ( 55.42895783846734759, 90.00000000000002842, 7.881635512934727750 ) ) ;
#5659 = CARTESIAN_POINT ( 'NONE',  ( 60.00949547890826352, 90.00000000000001421, 4.277033908173287102 ) ) ;
#5660 = CARTESIAN_POINT ( 'NONE',  ( 86.32565558825329788, 80.27767862025989132, -15.00000000000002665 ) ) ;
#5661 = ORIENTED_EDGE ( 'NONE', *, *, #8726, .F. ) ;
#5662 = CARTESIAN_POINT ( 'NONE',  ( -40.26999999992408874, 75.07760237977390716, 12.56999999999999851 ) ) ;
#5663 = CARTESIAN_POINT ( 'NONE',  ( 69.21774739781940866, 86.00000000000000000, 17.00000000000000000 ) ) ;
#5664 = EDGE_CURVE ( 'NONE', #3423, #7927, #6176, .T. ) ;
#5665 = CARTESIAN_POINT ( 'NONE',  ( -38.50211710298428613, 89.99999999999998579, 13.26681988859961159 ) ) ;
#5666 = CARTESIAN_POINT ( 'NONE',  ( -57.22707283636686526, 90.00000000000001421, 6.613279690174576508 ) ) ;
#5667 = CARTESIAN_POINT ( 'NONE',  ( -61.18886784011426272, 89.99999999999995737, 16.50000000000000355 ) ) ;
#5668 = VERTEX_POINT ( 'NONE', #6928 ) ;
#5669 = DIRECTION ( 'NONE',  ( -0.4226182617406971653, -0.9063077870366511579, 0.000000000000000000 ) ) ;
#5670 = AXIS2_PLACEMENT_3D ( 'NONE', #4820, #557, #2789 ) ;
#5671 = AXIS2_PLACEMENT_3D ( 'NONE', #7209, #7937, #8653 ) ;
#5672 = CYLINDRICAL_SURFACE ( 'NONE', #354, 0.8999999999999980238 ) ;
#5673 = EDGE_LOOP ( 'NONE', ( #1999, #5833, #2260, #1305 ) ) ;
#5674 = CARTESIAN_POINT ( 'NONE',  ( -53.38453761625723359, 89.87938523222378251, 7.877562345890166462 ) ) ;
#5675 = CARTESIAN_POINT ( 'NONE',  ( -50.50000001708335162, 86.00000000000000000, 7.077492267574220897 ) ) ;
#5676 = EDGE_CURVE ( 'NONE', #4891, #5222, #8331, .T. ) ;
#5677 = CARTESIAN_POINT ( 'NONE',  ( -34.67724152486140810, 82.50000000000000000, 17.00000000000000000 ) ) ;
#5678 = CARTESIAN_POINT ( 'NONE',  ( -50.65587303764903737, 86.67310040062891119, 7.044894698864221816 ) ) ;
#5679 = CARTESIAN_POINT ( 'NONE',  ( -46.06999999992408590, 89.99999999999997158, 14.46999999999997399 ) ) ;
#5680 = ADVANCED_FACE ( 'NONE', ( #8241 ), #2164, .T. ) ;
#5681 = CARTESIAN_POINT ( 'NONE',  ( 2.247776679298902014, 83.00000000000000000, 13.50000000000000000 ) ) ;
#5682 = CARTESIAN_POINT ( 'NONE',  ( -39.11006989672926437, 89.99999999999997158, 14.07994099204987037 ) ) ;
#5683 = ORIENTED_EDGE ( 'NONE', *, *, #3596, .F. ) ;
#5684 = ORIENTED_EDGE ( 'NONE', *, *, #1109, .F. ) ;
#5685 = CARTESIAN_POINT ( 'NONE',  ( -74.20271680520183111, 84.91646875323395705, 9.860833388658758025 ) ) ;
#5686 = VECTOR ( 'NONE', #8358, 1000.000000000000000 ) ;
#5687 = CARTESIAN_POINT ( 'NONE',  ( -93.06943786546052877, 76.15849014963924901, 13.23687179249120227 ) ) ;
#5688 = CARTESIAN_POINT ( 'NONE',  ( -16.00910350054426701, 69.76991160768594114, 14.20000000000000107 ) ) ;
#5689 = CARTESIAN_POINT ( 'NONE',  ( -47.40334820066277643, 89.50000000000001421, 12.14256340786343102 ) ) ;
#5690 = CARTESIAN_POINT ( 'NONE',  ( -55.66825217890072963, 89.34485357832083707, 5.411510030706090824 ) ) ;
#5691 = CARTESIAN_POINT ( 'NONE',  ( 54.50150509059258752, 1.890900807134406942E-13, 14.20000000000000107 ) ) ;
#5692 = CARTESIAN_POINT ( 'NONE',  ( 45.64396435564658816, 89.34485357832080865, 7.820046010421676463 ) ) ;
#5693 = ORIENTED_EDGE ( 'NONE', *, *, #1832, .T. ) ;
#5694 = VERTEX_POINT ( 'NONE', #3609 ) ;
#5695 = AXIS2_PLACEMENT_3D ( 'NONE', #6886, #7513, #815 ) ;
#5696 = CARTESIAN_POINT ( 'NONE',  ( 52.63379492479050015, 89.34485357832082286, 6.557849541680354832 ) ) ;
#5697 = CYLINDRICAL_SURFACE ( 'NONE', #5400, 0.5000000000000004441 ) ;
#5698 = CARTESIAN_POINT ( 'NONE',  ( 0.8999999999999968026, 83.09999999999999432, 13.85000000000001030 ) ) ;
#5699 = CARTESIAN_POINT ( 'NONE',  ( -59.41310814103970017, 89.87938524157181064, 4.424180496369286786 ) ) ;
#5700 = CARTESIAN_POINT ( 'NONE',  ( -46.77506657244335031, 89.50000000000002842, 11.34669905630403797 ) ) ;
#5701 = AXIS2_PLACEMENT_3D ( 'NONE', #7630, #218, #1463 ) ;
#5702 = EDGE_LOOP ( 'NONE', ( #1081, #4035, #2653, #4599, #4509, #4682, #1218, #1572, #7308, #8522, #7647, #7242 ) ) ;
#5703 = DIRECTION ( 'NONE',  ( 1.000000000000000000, 0.000000000000000000, 0.000000000000000000 ) ) ;
#5704 = ORIENTED_EDGE ( 'NONE', *, *, #2847, .T. ) ;
#5705 = CARTESIAN_POINT ( 'NONE',  ( 59.47820447631389129, 90.00000000000004263, 4.837052311569553176 ) ) ;
#5706 = LINE ( 'NONE', #3545, #6223 ) ;
#5707 = ORIENTED_EDGE ( 'NONE', *, *, #4610, .T. ) ;
#5708 = EDGE_CURVE ( 'NONE', #5287, #8874, #6846, .T. ) ;
#5709 = CARTESIAN_POINT ( 'NONE',  ( -40.26999999992408164, 89.50000000000005684, 13.97000000000000064 ) ) ;
#5710 = VECTOR ( 'NONE', #5738, 1000.000000000000000 ) ;
#5711 = CARTESIAN_POINT ( 'NONE',  ( 16.82234849141332589, 86.00000000000000000, 16.99999999999997158 ) ) ;
#5712 = EDGE_CURVE ( 'NONE', #5356, #541, #6976, .T. ) ;
#5713 = CARTESIAN_POINT ( 'NONE',  ( -39.77635265349570659, 90.00000000000002842, 14.40579448772965243 ) ) ;
#5714 = CARTESIAN_POINT ( 'NONE',  ( -55.96357355916084231, 90.00000000000005684, 7.265973980155966849 ) ) ;
#5715 = EDGE_CURVE ( 'NONE', #7673, #5523, #7570, .T. ) ;
#5716 = CARTESIAN_POINT ( 'NONE',  ( -64.62644468506448447, 89.99999999999998579, 16.50000000000000000 ) ) ;
#5717 = ORIENTED_EDGE ( 'NONE', *, *, #6044, .F. ) ;
#5718 = CARTESIAN_POINT ( 'NONE',  ( 86.68418405405650162, 84.08688275504010790, 16.99999999999999645 ) ) ;
#5719 = VECTOR ( 'NONE', #5906, 1000.000000000000000 ) ;
#5720 = CARTESIAN_POINT ( 'NONE',  ( -69.79888986856259692, 85.79883234502182177, 15.42700891212846770 ) ) ;
#5721 = ORIENTED_EDGE ( 'NONE', *, *, #2147, .F. ) ;
#5722 = CARTESIAN_POINT ( 'NONE',  ( -47.83859283961469089, 89.87938522003666719, 9.024330333352104105 ) ) ;
#5723 = CARTESIAN_POINT ( 'NONE',  ( -67.49733080839671118, 86.29890415676739224, 17.00000000000000000 ) ) ;
#5724 = CARTESIAN_POINT ( 'NONE',  ( 53.50150509059232462, 76.00000000000000000, 14.20000000000000107 ) ) ;
#5725 = DIRECTION ( 'NONE',  ( 0.3746065934159061861, 0.9271838545667898668, -4.997964945189721404E-17 ) ) ;
#5726 = CARTESIAN_POINT ( 'NONE',  ( 72.00057539316630084, 84.26388072135330276, 11.22215175600951831 ) ) ;
#5727 = ORIENTED_EDGE ( 'NONE', *, *, #4743, .T. ) ;
#5728 = EDGE_LOOP ( 'NONE', ( #1521, #5323, #6591, #1002 ) ) ;
#5729 = ORIENTED_EDGE ( 'NONE', *, *, #69, .T. ) ;
#5730 = VERTEX_POINT ( 'NONE', #2879 ) ;
#5731 = CARTESIAN_POINT ( 'NONE',  ( -73.68283649190540530, 85.01103685553481171, 9.426439266944317552 ) ) ;
#5732 = CARTESIAN_POINT ( 'NONE',  ( -58.39744843275891384, 89.44473863947435177, 3.772491955317451851 ) ) ;
#5733 = DIRECTION ( 'NONE',  ( -0.000000000000000000, -0.000000000000000000, 1.000000000000000000 ) ) ;
#5734 = AXIS2_PLACEMENT_3D ( 'NONE', #8336, #1005, #6451 ) ;
#5735 = DIRECTION ( 'NONE',  ( 0.000000000000000000, 1.000000000000000000, 0.000000000000000000 ) ) ;
#5736 = CARTESIAN_POINT ( 'NONE',  ( -47.46558927535230765, 89.50000000000005684, 12.45659543615141018 ) ) ;
#5737 = CARTESIAN_POINT ( 'NONE',  ( 44.00000001384026405, 90.00000000007629808, 16.99999999993322319 ) ) ;
#5738 = DIRECTION ( 'NONE',  ( -1.000000000000000000, -0.000000000000000000, -0.000000000000000000 ) ) ;
#5739 = CARTESIAN_POINT ( 'NONE',  ( -54.49999999999998579, 84.50000000000000000, 12.50000000000000000 ) ) ;
#5740 = VERTEX_POINT ( 'NONE', #6310 ) ;
#5741 = CARTESIAN_POINT ( 'NONE',  ( 51.77847902126330126, 89.34485357832083707, 6.787048394035649856 ) ) ;
#5742 = DIRECTION ( 'NONE',  ( 0.000000000000000000, -0.000000000000000000, -1.000000000000000000 ) ) ;
#5743 = B_SPLINE_CURVE_WITH_KNOTS ( 'NONE', 3,
 ( #3702, #6525, #8423, #998 ),
 .UNSPECIFIED., .F., .F.,
 ( 4, 4 ),
 ( 0.000000000000000000, 0.02700000000000000663 ),
 .UNSPECIFIED. ) ;
#5744 = DIRECTION ( 'NONE',  ( 0.000000000000000000, 0.000000000000000000, -1.000000000000000000 ) ) ;
#5745 = CARTESIAN_POINT ( 'NONE',  ( 70.23222778535777877, 85.56074918806281460, 8.076969983113711393 ) ) ;
#5746 = CARTESIAN_POINT ( 'NONE',  ( -64.21309548884168805, 89.98731361567367060, 5.083104623369884223 ) ) ;
#5747 = EDGE_CURVE ( 'NONE', #4544, #5013, #146, .T. ) ;
#5748 = ORIENTED_EDGE ( 'NONE', *, *, #8650, .T. ) ;
#5749 = CARTESIAN_POINT ( 'NONE',  ( -29.87180731080174922, 89.99999999999994316, 10.55265770776307299 ) ) ;
#5750 = ORIENTED_EDGE ( 'NONE', *, *, #6598, .F. ) ;
#5751 = CARTESIAN_POINT ( 'NONE',  ( 57.58999350830833208, 89.99999999999997158, 6.391789741039673345 ) ) ;
#5752 = CARTESIAN_POINT ( 'NONE',  ( -38.14507146342582189, 85.99999999999997158, 11.93481137531778202 ) ) ;
#5753 = CARTESIAN_POINT ( 'NONE',  ( -46.06999999992410011, 89.50000000000002842, 13.96999999999999709 ) ) ;
#5754 = CARTESIAN_POINT ( 'NONE',  ( 97.90079786713343424, 71.58182856297453611, 17.00000000000000000 ) ) ;
#5755 = CARTESIAN_POINT ( 'NONE',  ( -38.38223240555713289, 89.99999999999995737, 12.35253240328212954 ) ) ;
#5756 = CARTESIAN_POINT ( 'NONE',  ( -57.42982534866889921, 90.00000000000001421, 6.491517328532173892 ) ) ;
#5757 = CARTESIAN_POINT ( 'NONE',  ( 68.23206281607575363, 86.05729039852661799, 17.00000000000001066 ) ) ;
#5758 = ORIENTED_EDGE ( 'NONE', *, *, #432, .T. ) ;
#5759 = CARTESIAN_POINT ( 'NONE',  ( 39.76000000008891533, 83.09999999994768416, 14.70000000000002061 ) ) ;
#5760 = CARTESIAN_POINT ( 'NONE',  ( 57.82183502586936186, 89.33664524864330758, 3.953511738376879414 ) ) ;
#5761 = ORIENTED_EDGE ( 'NONE', *, *, #5783, .F. ) ;
#5762 = CARTESIAN_POINT ( 'NONE',  ( -59.06525999161618046, 89.87938524153071285, 4.789874493218262863 ) ) ;
#5763 = ADVANCED_FACE ( 'NONE', ( #6483 ), #6442, .F. ) ;
#5764 = CARTESIAN_POINT ( 'NONE',  ( 70.36655842680383444, 85.49414003543847684, 6.469745136402275776 ) ) ;
#5765 = DIRECTION ( 'NONE',  ( -1.000000000000000000, 0.000000000000000000, -0.000000000000000000 ) ) ;
#5766 = ADVANCED_FACE ( 'NONE', ( #7195 ), #281, .T. ) ;
#5767 = CARTESIAN_POINT ( 'NONE',  ( -52.25000001643531533, 89.99999999996178701, 17.00000000003340261 ) ) ;
#5768 = DIRECTION ( 'NONE',  ( -1.000000000000000000, 0.000000000000000000, 0.000000000000000000 ) ) ;
#5769 = ORIENTED_EDGE ( 'NONE', *, *, #3761, .F. ) ;
#5770 = ORIENTED_EDGE ( 'NONE', *, *, #5837, .T. ) ;
#5771 = EDGE_LOOP ( 'NONE', ( #7372, #2148, #4906, #2648 ) ) ;
#5772 = LINE ( 'NONE', #916, #418 ) ;
#5773 = CARTESIAN_POINT ( 'NONE',  ( -30.40331516589780847, 88.09881508794158833, 8.396684445691400711 ) ) ;
#5774 = DIRECTION ( 'NONE',  ( 1.000000000000000000, -5.092766168005307240E-16, -0.000000000000000000 ) ) ;
#5775 = DIRECTION ( 'NONE',  ( -1.981317963297091180E-16, 1.000000000000000000, 0.000000000000000000 ) ) ;
#5776 = LINE ( 'NONE', #2268, #8585 ) ;
#5777 = CARTESIAN_POINT ( 'NONE',  ( -36.78728939763337991, 89.34485357832085128, 8.322146387168043447 ) ) ;
#5778 = LINE ( 'NONE', #8520, #465 ) ;
#5779 = VECTOR ( 'NONE', #7470, 1000.000000000000000 ) ;
#5780 = CARTESIAN_POINT ( 'NONE',  ( 91.87777452982135173, 80.96164312616063796, 16.24684844558682428 ) ) ;
#5781 = ORIENTED_EDGE ( 'NONE', *, *, #5327, .F. ) ;
#5782 = CARTESIAN_POINT ( 'NONE',  ( 51.25687320473893749, 89.34485357832083707, 6.912019339053016687 ) ) ;
#5783 = EDGE_CURVE ( 'NONE', #7985, #2662, #5743, .T. ) ;
#5784 = DIRECTION ( 'NONE',  ( 0.000000000000000000, -1.000000000000000000, 0.000000000000000000 ) ) ;
#5785 = DIRECTION ( 'NONE',  ( 1.000000000000000000, 0.000000000000000000, 0.000000000000000000 ) ) ;
#5786 = CARTESIAN_POINT ( 'NONE',  ( -46.06999999992408590, 89.50000000000004263, 11.16999999999999993 ) ) ;
#5787 = B_SPLINE_CURVE_WITH_KNOTS ( 'NONE', 3,
 ( #3806, #8620, #1830, #5200 ),
 .UNSPECIFIED., .F., .F.,
 ( 4, 4 ),
 ( 0.000000000000000000, 0.1500000000000076272 ),
 .UNSPECIFIED. ) ;
#5788 = ORIENTED_EDGE ( 'NONE', *, *, #1109, .T. ) ;
#5789 = DIRECTION ( 'NONE',  ( -0.7071067811865435759, 8.659560562354882322E-17, 0.7071067811865515695 ) ) ;
#5790 = CARTESIAN_POINT ( 'NONE',  ( 59.99607422959368819, 89.99999999999997158, 4.803569652502823750 ) ) ;
#5791 = EDGE_CURVE ( 'NONE', #1589, #3846, #5177, .T. ) ;
#5792 = CARTESIAN_POINT ( 'NONE',  ( 58.68682846957180033, 90.00000000000000000, 5.594807961826256282 ) ) ;
#5793 = CARTESIAN_POINT ( 'NONE',  ( 68.00994574244742807, 86.12671606119884871, 9.671229069171802806 ) ) ;
#5794 = CARTESIAN_POINT ( 'NONE',  ( -74.57523146337796049, 88.75876277281069804, 7.885819617619707955 ) ) ;
#5795 = CARTESIAN_POINT ( 'NONE',  ( 95.14494239437750878, 75.33172216039557156, -15.00000000000000000 ) ) ;
#5796 = AXIS2_PLACEMENT_3D ( 'NONE', #2568, #817, #3563 ) ;
#5797 = CARTESIAN_POINT ( 'NONE',  ( -40.14501649426842533, 89.99999999999998579, 10.67310118741062830 ) ) ;
#5798 = CARTESIAN_POINT ( 'NONE',  ( -54.20954635365887953, 90.00000000000002842, 7.953375636401523785 ) ) ;
#5799 = DIRECTION ( 'NONE',  ( 0.000000000000000000, 0.000000000000000000, -1.000000000000000000 ) ) ;
#5800 = EDGE_CURVE ( 'NONE', #5097, #87, #7747, .T. ) ;
#5801 = ORIENTED_EDGE ( 'NONE', *, *, #3537, .F. ) ;
#5802 = CARTESIAN_POINT ( 'NONE',  ( -49.90999935143079824, 82.24689295812471812, 13.85000000000000675 ) ) ;
#5803 = DIRECTION ( 'NONE',  ( 0.000000000000000000, 0.000000000000000000, 1.000000000000000000 ) ) ;
#5804 = ORIENTED_EDGE ( 'NONE', *, *, #7095, .F. ) ;
#5805 = CARTESIAN_POINT ( 'NONE',  ( -59.15029948506948898, 89.87938524154940012, 4.701339290613897326 ) ) ;
#5806 = CARTESIAN_POINT ( 'NONE',  ( -39.21637784852767084, 89.50000000000007105, 13.49217492011561070 ) ) ;
#5807 = CARTESIAN_POINT ( 'NONE',  ( 38.01000000008891533, 83.09999999994768416, 12.50000000000000000 ) ) ;
#5808 = ADVANCED_FACE ( 'NONE', ( #910 ), #8467, .F. ) ;
#5809 = CARTESIAN_POINT ( 'NONE',  ( -46.37962761566509329, 89.99999999999995737, 14.44562283611576881 ) ) ;
#5810 = CARTESIAN_POINT ( 'NONE',  ( 26.99999999999997513, 89.87938524157162590, 9.868613674765031263 ) ) ;
#5811 = VERTEX_POINT ( 'NONE', #4420 ) ;
#5812 = ORIENTED_EDGE ( 'NONE', *, *, #4349, .T. ) ;
#5813 = EDGE_LOOP ( 'NONE', ( #2390, #8782, #7751, #7202, #4357, #1865, #1406, #839, #1377, #6547 ) ) ;
#5814 = B_SPLINE_CURVE_WITH_KNOTS ( 'NONE', 3,
 ( #5786, #2947, #794, #5700, #1508, #8446, #8528, #1559, #6330, #7087, #3587, #1648, #2363, #2278, #3539, #5116, #7769, #7855 ),
 .UNSPECIFIED., .F., .F.,
 ( 4, 2, 2, 2, 2, 2, 2, 2, 4 ),
 ( 0.000000000000000000, 0.1250000000000000000, 0.2500000000000000000, 0.3750000000000000000, 0.5000000000000000000, 0.6250000000000000000, 0.7500000000000000000, 0.8750000000000000000, 1.000000000000000000 ),
 .UNSPECIFIED. ) ;
#5815 = VERTEX_POINT ( 'NONE', #7112 ) ;
#5816 = CARTESIAN_POINT ( 'NONE',  ( 88.80338433003251453, 83.40380066265063874, 16.47735863963563574 ) ) ;
#5817 = EDGE_CURVE ( 'NONE', #3319, #4717, #4501, .T. ) ;
#5818 = VECTOR ( 'NONE', #2288, 1000.000000000000000 ) ;
#5819 = CARTESIAN_POINT ( 'NONE',  ( -21.31192640368340463, 80.93655830395991302, 36.88536684330890125 ) ) ;
#5820 = EDGE_CURVE ( 'NONE', #5031, #2992, #4330, .T. ) ;
#5821 = CARTESIAN_POINT ( 'NONE',  ( -58.07577625714868930, 88.91092304027327486, 3.699999999999995293 ) ) ;
#5822 = CARTESIAN_POINT ( 'NONE',  ( 60.11977948795215099, 89.50000000000000000, 4.673175535269134429 ) ) ;
#5823 = FACE_OUTER_BOUND ( 'NONE', #4396, .T. ) ;
#5824 = CARTESIAN_POINT ( 'NONE',  ( -52.29404831370767681, 89.34485357832086549, 6.652879412009474969 ) ) ;
#5825 = ORIENTED_EDGE ( 'NONE', *, *, #6726, .F. ) ;
#5826 = CARTESIAN_POINT ( 'NONE',  ( 53.79737289390864419, 89.34485357832083707, 6.191912045496762218 ) ) ;
#5827 = CARTESIAN_POINT ( 'NONE',  ( 90.31400697876470929, 81.72273869471308672, 16.99999999999998934 ) ) ;
#5828 = CARTESIAN_POINT ( 'NONE',  ( -46.06999999992408590, 89.50000000000004263, 11.16999999999999993 ) ) ;
#5829 = AXIS2_PLACEMENT_3D ( 'NONE', #8079, #5336, #4118 ) ;
#5830 = ORIENTED_EDGE ( 'NONE', *, *, #4032, .F. ) ;
#5832 = VECTOR ( 'NONE', #5392, 1000.000000000000227 ) ;
#5831 = DIRECTION ( 'NONE',  ( 0.000000000000000000, -0.000000000000000000, -1.000000000000000000 ) ) ;
#5833 = ORIENTED_EDGE ( 'NONE', *, *, #3740, .T. ) ;
#5834 = AXIS2_PLACEMENT_3D ( 'NONE', #1291, #8087, #8761 ) ;
#5835 = CARTESIAN_POINT ( 'NONE',  ( 57.49010460943052436, 90.00000000000000000, 6.454367828634336668 ) ) ;
#5836 = CARTESIAN_POINT ( 'NONE',  ( -26.99999999999998934, 89.87938524157162590, 9.868613674765077448 ) ) ;
#5837 = EDGE_CURVE ( 'NONE', #5313, #5815, #2359, .T. ) ;
#5838 = CARTESIAN_POINT ( 'NONE',  ( -51.53498746194967595, 80.00000000000000000, 13.10000000000000142 ) ) ;
#5839 = DIRECTION ( 'NONE',  ( 1.000000000000000000, 0.000000000000000000, -0.000000000000000000 ) ) ;
#5840 = LINE ( 'NONE', #398, #4959 ) ;
#5841 = CIRCLE ( 'NONE', #246, 1.749999999999999334 ) ;
#5842 = PRODUCT_RELATED_PRODUCT_CATEGORY ( 'detail', '', ( #6269 ) ) ;
#5843 = CARTESIAN_POINT ( 'NONE',  ( -8.456776945386937741E-15, 89.87938524157181064, 9.868613674765544630 ) ) ;
#5844 = CARTESIAN_POINT ( 'NONE',  ( -43.62720546792758114, 89.99999999999997158, 9.796574015258936896 ) ) ;
#5845 = FACE_OUTER_BOUND ( 'NONE', #633, .T. ) ;
#5846 = B_SPLINE_SURFACE_WITH_KNOTS ( 'NONE', 3, 1, ( 
 ( #5578, #7422 ),
 ( #6747, #3324 ),
 ( #8808, #2646 ),
 ( #8855, #5395 ),
 ( #8141, #1973 ),
 ( #4726, #2013 ),
 ( #4765, #4087 ),
 ( #4995, #3010 ),
 ( #2291, #3554 ),
 ( #7686, #6344 ),
 ( #7825, #4322 ),
 ( #1520, #2870 ) ),
 .UNSPECIFIED., .F., .F., .F.,
 ( 4, 1, 1, 1, 2, 1, 1, 1, 4 ),
 ( 2, 2 ),
 ( 0.000000000000000000, 0.09456249999999999378, 0.1891249999999999876, 0.2836874999999999258, 0.3782499999999999751, 0.5336874999999998703, 0.6891249999999999876, 0.8445624999999998828, 1.000000000000000000 ),
 ( 0.000000000000000000, 1.000000000000000000 ),
 .UNSPECIFIED. ) ;
#5847 = ORIENTED_EDGE ( 'NONE', *, *, #7997, .T. ) ;
#5848 = COORDINATED_UNIVERSAL_TIME_OFFSET ( 1, 0, .AHEAD. ) ;
#5849 = CARTESIAN_POINT ( 'NONE',  ( 59.13095705370095345, 89.78895504080431067, 4.360595002663743891 ) ) ;
#5850 = AXIS2_PLACEMENT_3D ( 'NONE', #3264, #4111, #698 ) ;
#5851 = VECTOR ( 'NONE', #119, 1000.000000000000000 ) ;
#5852 = EDGE_LOOP ( 'NONE', ( #1629, #5587, #6793, #1300 ) ) ;
#5853 = CARTESIAN_POINT ( 'NONE',  ( -43.06063868071955625, 85.99999999999997158, 8.033205686171779547 ) ) ;
#5854 = EDGE_CURVE ( 'NONE', #4305, #2992, #7064, .T. ) ;
#5855 = B_SPLINE_CURVE_WITH_KNOTS ( 'NONE', 3,
 ( #2825, #4945, #6788, #5530 ),
 .UNSPECIFIED., .F., .F.,
 ( 4, 4 ),
 ( 0.9062187978765271490, 1.000000000000000000 ),
 .UNSPECIFIED. ) ;
#5856 = AXIS2_PLACEMENT_3D ( 'NONE', #792, #4929, #4117 ) ;
#5857 = CARTESIAN_POINT ( 'NONE',  ( 0.000000000000000000, 86.00000000000000000, 12.50000000000000000 ) ) ;
#5858 = CARTESIAN_POINT ( 'NONE',  ( -51.34380178702751607, 87.35236707017098468, 6.891809305684124531 ) ) ;
#5859 = CARTESIAN_POINT ( 'NONE',  ( 91.87780581196666674, 77.18303182878143787, 16.24688794321358998 ) ) ;
#5860 = VECTOR ( 'NONE', #6655, 1000.000000000000000 ) ;
#5861 = EDGE_CURVE ( 'NONE', #5521, #206, #1563, .T. ) ;
#5862 = CARTESIAN_POINT ( 'NONE',  ( 41.43617274031817743, 89.99999999999997158, 9.984781647820140549 ) ) ;
#5863 = ORIENTED_EDGE ( 'NONE', *, *, #756, .F. ) ;
#5864 = ORIENTED_EDGE ( 'NONE', *, *, #6967, .T. ) ;
#5865 =( BOUNDED_SURFACE ( )  B_SPLINE_SURFACE ( 3, 2, ( 
 ( #5609, #8351, #2181 ),
 ( #4931, #7001, #1605 ),
 ( #2230, #168, #2902 ),
 ( #5652, #3679, #4353 ),
 ( #932, #8397, #3632 ),
 ( #6374, #6420, #262 ),
 ( #2997, #5746, #8489 ),
 ( #2321, #5070, #7134 ),
 ( #978, #6463, #300 ),
 ( #343, #3261, #6596 ),
 ( #434, #7901, #3173 ),
 ( #3803, #4573, #1059 ),
 ( #8747, #5925, #7176 ),
 ( #8661, #2577, #8573 ),
 ( #4616, #1016, #6503 ),
 ( #387, #5328, #5199 ),
 ( #7944, #1696, #7216 ),
 ( #5882, #3083, #1781 ),
 ( #5243, #3891, #6012 ),
 ( #6635, #8616, #1827 ) ),
 .UNSPECIFIED., .F., .F., .F. ) 
 B_SPLINE_SURFACE_WITH_KNOTS ( ( 4, 2, 2, 2, 2, 2, 2, 2, 2, 4 ),
 ( 3, 3 ),
 ( 0.000000000000000000, 0.002197188709391365187, 0.003295783064087047780, 0.004394377418782730374, 0.008788754837565460748, 0.01757750967513092150, 0.02197188709391365014, 0.02416907580330501792, 0.02636626451269638224, 0.03515501935026184299 ),
 ( 0.000000000000000000, 1.000000000000000000 ),
 .UNSPECIFIED. ) 
 GEOMETRIC_REPRESENTATION_ITEM ( )  RATIONAL_B_SPLINE_SURFACE ( (
 ( 1.000000000000000000, 0.7071067811865585639, 1.000000000000000000),
 ( 1.000000000000000000, 0.7071067811865585639, 1.000000000000000000),
 ( 1.000000000000000000, 0.7071067811865452413, 1.000000000000000000),
 ( 1.000000000000000000, 0.7071067811865452413, 1.000000000000000000),
 ( 1.000000000000000000, 0.7068786101700755831, 1.000000000000000000),
 ( 1.000000000000000000, 0.7091580967062974805, 1.000000000000000000),
 ( 1.000000000000000000, 0.7102788361961650532, 1.000000000000000000),
 ( 1.000000000000000000, 0.7157879065389206596, 1.000000000000000000),
 ( 1.000000000000000000, 0.7198923966129825436, 1.000000000000000000),
 ( 1.000000000000000000, 0.7313127285293883340, 1.000000000000000000),
 ( 1.000000000000000000, 0.7377414571166297508, 1.000000000000000000),
 ( 1.000000000000000000, 0.7456549221056452126, 1.000000000000000000),
 ( 1.000000000000000000, 0.7479969628293193784, 1.000000000000000000),
 ( 1.000000000000000000, 0.7510349763867455453, 1.000000000000000000),
 ( 1.000000000000000000, 0.7519641803754124609, 1.000000000000000000),
 ( 1.000000000000000000, 0.7536409737739730996, 1.000000000000000000),
 ( 1.000000000000000000, 0.7543904395599823065, 1.000000000000000000),
 ( 1.000000000000000000, 0.7576857940410220982, 1.000000000000000000),
 ( 1.000000000000000000, 0.7588878495659742152, 1.000000000000000000),
 ( 1.000000000000000000, 0.7584780383413338711, 1.000000000000000000) ) ) 
 REPRESENTATION_ITEM ( '' )  SURFACE ( )  );
#5866 = ORIENTED_EDGE ( 'NONE', *, *, #8765, .F. ) ;
#5867 = EDGE_LOOP ( 'NONE', ( #5497, #4757, #5758, #771, #8462, #4964, #6439, #7126, #5354, #693, #2955, #8691 ) ) ;
#5868 = FACE_OUTER_BOUND ( 'NONE', #2836, .T. ) ;
#5869 = CARTESIAN_POINT ( 'NONE',  ( -30.71349496778819343, 87.81777110909895612, 8.395700123801661974 ) ) ;
#5870 = CONICAL_SURFACE ( 'NONE', #7011, 1.424999999999948752, 0.5235987755983000369 ) ;
#5871 = DIRECTION ( 'NONE',  ( 1.000000000000000000, 0.000000000000000000, 0.000000000000000000 ) ) ;
#5872 = CARTESIAN_POINT ( 'NONE',  ( -11.73045664315804970, 77.61187912500518848, 12.50000000000000000 ) ) ;
#5873 = CARTESIAN_POINT ( 'NONE',  ( -46.06999999992407169, 89.99999999999998579, 10.67000000000002480 ) ) ;
#5874 = CARTESIAN_POINT ( 'NONE',  ( -39.02992670236395156, 89.34485357832082286, 8.253547256314632818 ) ) ;
#5875 = EDGE_CURVE ( 'NONE', #5469, #1703, #2081, .T. ) ;
#5876 = CARTESIAN_POINT ( 'NONE',  ( -50.81925175711557330, 89.34485357832085128, 7.009974434848101232 ) ) ;
#5877 = VERTEX_POINT ( 'NONE', #5944 ) ;
#5878 = CARTESIAN_POINT ( 'NONE',  ( 62.65023765319248383, 90.00000000000001421, 5.243438911748362408 ) ) ;
#5879 = VERTEX_POINT ( 'NONE', #6703 ) ;
#5880 = CIRCLE ( 'NONE', #8881, 1.749999999999999334 ) ;
#5881 = CARTESIAN_POINT ( 'NONE',  ( 92.70978244795125534, 76.48139524496303920, 14.65999098904793030 ) ) ;
#5882 = CARTESIAN_POINT ( 'NONE',  ( -88.03727263176747897, 83.13890225029341252, 10.45211482318396712 ) ) ;
#5883 = EDGE_LOOP ( 'NONE', ( #8002, #4426, #3745, #6965 ) ) ;
#5884 = CARTESIAN_POINT ( 'NONE',  ( 27.00000000000000000, 89.99999999999997158, 10.31994339448423936 ) ) ;
#5885 = ADVANCED_FACE ( 'NONE', ( #8094 ), #5219, .T. ) ;
#5886 = DIRECTION ( 'NONE',  ( 4.163336342345625335E-16, -0.000000000000000000, 1.000000000000000000 ) ) ;
#5887 = B_SPLINE_CURVE_WITH_KNOTS ( 'NONE', 3,
 ( #5859, #8599, #7923, #4502, #4550, #7240, #3825, #3870 ),
 .UNSPECIFIED., .F., .F.,
 ( 4, 2, 2, 4 ),
 ( 0.000000000000000000, 0.001063457036887167657, 0.001595185555330738258, 0.002126914073774308859 ),
 .UNSPECIFIED. ) ;
#5888 = CARTESIAN_POINT ( 'NONE',  ( 55.79126397744241928, 90.00000000000000000, 7.343084265972005475 ) ) ;
#5889 = CARTESIAN_POINT ( 'NONE',  ( -59.41310814103970017, 89.87938524157181064, 4.424180496369286786 ) ) ;
#5890 = DIRECTION ( 'NONE',  ( 1.000000000000000000, 0.000000000000000000, 0.000000000000000000 ) ) ;
#5891 = CARTESIAN_POINT ( 'NONE',  ( 0.000000000000000000, 86.00000000000000000, -15.00000000000000000 ) ) ;
#5892 = CARTESIAN_POINT ( 'NONE',  ( 18.03804458005514633, 83.28571428571429180, 3.694999999999993623 ) ) ;
#5893 = ADVANCED_FACE ( 'NONE', ( #1297 ), #8050, .T. ) ;
#5894 = CARTESIAN_POINT ( 'NONE',  ( -39.16388646453184208, 89.99999999999995737, 11.02485159745904220 ) ) ;
#5895 = CARTESIAN_POINT ( 'NONE',  ( -57.96135234885709053, 89.34485357832086549, 3.817691757908885819 ) ) ;
#5896 = FACE_BOUND ( 'NONE', #8065, .T. ) ;
#5897 = VERTEX_POINT ( 'NONE', #4549 ) ;
#5898 = EDGE_CURVE ( 'NONE', #2184, #5879, #1784, .T. ) ;
#5899 =( NAMED_UNIT ( * ) SI_UNIT ( $, .STERADIAN. ) SOLID_ANGLE_UNIT ( ) );
#5900 = DIRECTION ( 'NONE',  ( 0.000000000000000000, 1.000000000000000000, -0.000000000000000000 ) ) ;
#5901 = EDGE_LOOP ( 'NONE', ( #3357, #8448, #1651, #1796 ) ) ;
#5902 = LINE ( 'NONE', #1209, #3123 ) ;
#5903 = CARTESIAN_POINT ( 'NONE',  ( -39.29565286086231168, 89.50000000000001421, 13.57557537617126542 ) ) ;
#5904 = CARTESIAN_POINT ( 'NONE',  ( -37.31000099991106822, 82.25495999994770102, 13.10000000000000142 ) ) ;
#5905 = CYLINDRICAL_SURFACE ( 'NONE', #6722, 0.8999999999999980238 ) ;
#5906 = DIRECTION ( 'NONE',  ( 0.000000000000000000, 0.000000000000000000, 1.000000000000000000 ) ) ;
#5907 = B_SPLINE_SURFACE_WITH_KNOTS ( 'NONE', 3, 1, ( 
 ( #1546, #6936 ),
 ( #875, #782 ),
 ( #1450, #7615 ),
 ( #1496, #964 ),
 ( #1592, #201 ),
 ( #3525, #3619 ),
 ( #110, #4877 ),
 ( #7122, #5597 ),
 ( #6453, #8386 ),
 ( #6273, #2171 ),
 ( #4298, #156 ),
 ( #7659, #8434 ) ),
 .UNSPECIFIED., .F., .F., .F.,
 ( 4, 1, 1, 1, 2, 1, 1, 1, 4 ),
 ( 2, 2 ),
 ( 0.000000000000000000, 0.09456249999999999378, 0.1891249999999999876, 0.2836874999999999258, 0.3782499999999999751, 0.5336874999999998703, 0.6891249999999999876, 0.8445624999999998828, 1.000000000000000000 ),
 ( 0.000000000000000000, 1.000000000000000000 ),
 .UNSPECIFIED. ) ;
#5908 = EDGE_LOOP ( 'NONE', ( #25, #6741, #6533, #2968 ) ) ;
#5909 = ORIENTED_EDGE ( 'NONE', *, *, #3871, .T. ) ;
#5910 = ORIENTED_EDGE ( 'NONE', *, *, #1409, .T. ) ;
#5911 = CARTESIAN_POINT ( 'NONE',  ( -26.99999999999998934, 89.87938524157162590, 9.868613674765077448 ) ) ;
#5912 = CARTESIAN_POINT ( 'NONE',  ( 76.82756892509621593, 88.58694628788421710, 16.47677220057683556 ) ) ;
#5913 = CARTESIAN_POINT ( 'NONE',  ( 86.72044168406902998, 83.79693182247338257, 10.15535415240804973 ) ) ;
#5914 = ADVANCED_FACE ( 'NONE', ( #6573 ), #499, .F. ) ;
#5915 = LINE ( 'NONE', #1771, #6376 ) ;
#5916 = CIRCLE ( 'NONE', #453, 3.000000000000002665 ) ;
#5917 = DIRECTION ( 'NONE',  ( -1.000000000000000000, 0.000000000000000000, 0.000000000000000000 ) ) ;
#5918 = CARTESIAN_POINT ( 'NONE',  ( -47.39232826007897614, 89.99999999999994316, 11.20529056091081443 ) ) ;
#5919 = CARTESIAN_POINT ( 'NONE',  ( 38.50000000174956938, 90.00000000000001421, 16.50000000000000711 ) ) ;
#5920 = CARTESIAN_POINT ( 'NONE',  ( -26.99999999999998934, 89.34485357832085128, 8.400000000000000355 ) ) ;
#5921 = EDGE_LOOP ( 'NONE', ( #2190, #296, #6193, #4058 ) ) ;
#5922 = CARTESIAN_POINT ( 'NONE',  ( 67.43736215861366645, 89.35285731121156516, 5.809724499185524138 ) ) ;
#5923 = ORIENTED_EDGE ( 'NONE', *, *, #6428, .F. ) ;
#5924 = CARTESIAN_POINT ( 'NONE',  ( 35.76222332078766897, 82.50000000000000000, 17.00000000000000000 ) ) ;
#5925 = CARTESIAN_POINT ( 'NONE',  ( -80.19109678830821508, 87.15205661530566772, 8.683902730059283925 ) ) ;
#5926 = CARTESIAN_POINT ( 'NONE',  ( -58.80336830629715195, 89.68386317819924614, 4.288387694131740702 ) ) ;
#5927 = CARTESIAN_POINT ( 'NONE',  ( 23.50000000000002132, 85.00000000000000000, 17.00000000000000000 ) ) ;
#5928 = CARTESIAN_POINT ( 'NONE',  ( 46.63636904106285641, 89.99999999999995737, 9.507684377648955021 ) ) ;
#5929 = FACE_OUTER_BOUND ( 'NONE', #4553, .T. ) ;
#5930 = CYLINDRICAL_SURFACE ( 'NONE', #6340, 1.749999999999999334 ) ;
#5931 = DIRECTION ( 'NONE',  ( -1.000000000000000000, 0.000000000000000000, 0.000000000000000000 ) ) ;
#5932 = CARTESIAN_POINT ( 'NONE',  ( 0.000000000000000000, 86.00000000000000000, -15.00000000000000000 ) ) ;
#5933 = EDGE_CURVE ( 'NONE', #315, #2262, #4949, .T. ) ;
#5934 = EDGE_CURVE ( 'NONE', #6325, #5, #1972, .T. ) ;
#5935 = CARTESIAN_POINT ( 'NONE',  ( 50.49999999999998579, 86.00000000000001421, 12.50000000000000000 ) ) ;
#5936 = CARTESIAN_POINT ( 'NONE',  ( -58.03797854499736530, 89.34485357832090813, 3.739508653676204109 ) ) ;
#5937 = CARTESIAN_POINT ( 'NONE',  ( 0.000000000000000000, 89.34485357832085128, 8.400000000000000355 ) ) ;
#5938 = ORIENTED_EDGE ( 'NONE', *, *, #6262, .T. ) ;
#5939 = PERSON_AND_ORGANIZATION ( #18446744073709551615, #18446744073709551615 ) ;
#5940 = CARTESIAN_POINT ( 'NONE',  ( -46.06999999992408590, 89.50000000000002842, 13.97000000000000064 ) ) ;
#5941 = ORIENTED_EDGE ( 'NONE', *, *, #539, .F. ) ;
#5942 = CARTESIAN_POINT ( 'NONE',  ( -59.51874489109010113, 89.87938524157456754, 4.312831868576870065 ) ) ;
#5943 = CARTESIAN_POINT ( 'NONE',  ( -40.17766340627019162, 89.50000000000001421, 13.96771708197458217 ) ) ;
#5944 = CARTESIAN_POINT ( 'NONE',  ( 54.49999999999998579, 84.50000000000000000, 12.50000000000000000 ) ) ;
#5945 = CARTESIAN_POINT ( 'NONE',  ( 26.99999999999999645, 88.19999999999998863, 8.400000000000000355 ) ) ;
#5946 = CARTESIAN_POINT ( 'NONE',  ( 51.49697404421646496, 90.00000000000007105, 9.100050751510437408 ) ) ;
#5947 = ORIENTED_EDGE ( 'NONE', *, *, #6297, .T. ) ;
#5948 = AXIS2_PLACEMENT_3D ( 'NONE', #5248, #306, #2370 ) ;
#5949 = CARTESIAN_POINT ( 'NONE',  ( -93.22393030291237892, 80.01222963575824565, 12.04281514531430552 ) ) ;
#5950 = ORIENTED_EDGE ( 'NONE', *, *, #1276, .F. ) ;
#5951 = EDGE_LOOP ( 'NONE', ( #550, #3483, #7594, #8556 ) ) ;
#5952 = AXIS2_PLACEMENT_3D ( 'NONE', #6143, #8880, #4707 ) ;
#5953 = LINE ( 'NONE', #6077, #2665 ) ;
#5954 = CARTESIAN_POINT ( 'NONE',  ( 74.69426855654127451, 89.09403585189154740, 16.47973527775723213 ) ) ;
#5955 = ADVANCED_FACE ( 'NONE', ( #6031 ), #3912, .T. ) ;
#5956 = CARTESIAN_POINT ( 'NONE',  ( -30.79999999999998650, 87.40000000000016200, 8.395370510911531525 ) ) ;
#5957 = CARTESIAN_POINT ( 'NONE',  ( -93.22007102692143121, 76.01250466651427473, 11.93056234110413705 ) ) ;
#5958 = VECTOR ( 'NONE', #4823, 1000.000000000000000 ) ;
#5959 = FACE_OUTER_BOUND ( 'NONE', #4524, .T. ) ;
#5960 = ADVANCED_FACE ( 'NONE', ( #3869 ), #8767, .F. ) ;
#5961 = CARTESIAN_POINT ( 'NONE',  ( -46.51982877114109982, 89.50000000000004263, 13.89596696572823475 ) ) ;
#5962 = CARTESIAN_POINT ( 'NONE',  ( 65.31250002054666481, 89.50000000000000000, 17.00000000000000711 ) ) ;
#5963 = CARTESIAN_POINT ( 'NONE',  ( -39.77559587698559085, 89.34485357832085128, 8.223608146210910519 ) ) ;
#5964 = ORIENTED_EDGE ( 'NONE', *, *, #7395, .T. ) ;
#5965 = AXIS2_PLACEMENT_3D ( 'NONE', #3467, #2068, #637 ) ;
#5966 = CIRCLE ( 'NONE', #3943, 1.000000000000000888 ) ;
#5967 = LINE ( 'NONE', #3256, #81 ) ;
#5968 = EDGE_LOOP ( 'NONE', ( #7960, #1721, #3830, #8849 ) ) ;
#5969 = VECTOR ( 'NONE', #3379, 999.9999999999998863 ) ;
#5970 = CARTESIAN_POINT ( 'NONE',  ( 26.99999999999998934, 89.34485357832085128, 8.400000000000000355 ) ) ;
#5971 = CARTESIAN_POINT ( 'NONE',  ( -54.49999999999998579, 80.50000000000000000, 15.00000000000000178 ) ) ;
#5972 = CARTESIAN_POINT ( 'NONE',  ( -59.41310814103970017, 89.87938524157181064, 4.424180496369286786 ) ) ;
#5973 = CARTESIAN_POINT ( 'NONE',  ( 0.000000000000000000, 90.00000000000000000, 10.55265396141691348 ) ) ;
#5974 = CARTESIAN_POINT ( 'NONE',  ( 57.40966888297719350, 89.99999999999998579, 6.503827693298157797 ) ) ;
#5975 = CARTESIAN_POINT ( 'NONE',  ( 33.52761121814194922, 86.00000000000001421, 17.00000000000003553 ) ) ;
#5976 = CARTESIAN_POINT ( 'NONE',  ( -86.68418405405650162, 84.08688275504010790, 16.99999999999999645 ) ) ;
#5977 = DIRECTION ( 'NONE',  ( 1.000000000000000000, 0.000000000000000000, 0.000000000000000000 ) ) ;
#5978 = CARTESIAN_POINT ( 'NONE',  ( 55.03473674896427070, 89.34485360493511052, 5.712153153431536623 ) ) ;
#5979 = CIRCLE ( 'NONE', #2084, 1.000000000000000888 ) ;
#5980 = CARTESIAN_POINT ( 'NONE',  ( -38.67337007666221638, 89.99999999999997158, 11.53958464374025361 ) ) ;
#5981 = CARTESIAN_POINT ( 'NONE',  ( 0.000000000000000000, 83.09999999999999432, 14.70000000000002061 ) ) ;
#5982 = VERTEX_POINT ( 'NONE', #7466 ) ;
#5983 = ADVANCED_FACE ( 'NONE', ( #5263 ), #587, .T. ) ;
#5984 = APPROVAL_ROLE ( '' ) ;
#5985 = CARTESIAN_POINT ( 'NONE',  ( 17.62771867673099990, 83.00000000000000000, 3.694999999999993623 ) ) ;
#5986 = ORIENTED_EDGE ( 'NONE', *, *, #5898, .T. ) ;
#5987 = CARTESIAN_POINT ( 'NONE',  ( -59.64734286113920092, 90.00000000000000000, 5.171309310311347218 ) ) ;
#5988 = DIRECTION ( 'NONE',  ( 1.000000000000000000, 0.000000000000000000, 0.000000000000000000 ) ) ;
#5989 = LINE ( 'NONE', #5350, #7106 ) ;
#5990 = CARTESIAN_POINT ( 'NONE',  ( 9.804986980587120371, 72.31761717137223400, 36.88536684330890125 ) ) ;
#5991 = AXIS2_PLACEMENT_3D ( 'NONE', #8674, #3902, #1879 ) ;
#5992 = CARTESIAN_POINT ( 'NONE',  ( 59.03320195288045369, 90.00000000000248690, 5.294429110303362052 ) ) ;
#5993 = EDGE_LOOP ( 'NONE', ( #982, #7322, #1480, #7117 ) ) ;
#5994 = CARTESIAN_POINT ( 'NONE',  ( -92.95009152430955623, 80.26898256400248499, 13.84708869142222909 ) ) ;
#5995 = VERTEX_POINT ( 'NONE', #5904 ) ;
#5996 = VECTOR ( 'NONE', #2086, 1000.000000000000000 ) ;
#5997 = ORIENTED_EDGE ( 'NONE', *, *, #3537, .T. ) ;
#5998 = PLANE ( 'NONE',  #4546 ) ;
#5999 = ORIENTED_EDGE ( 'NONE', *, *, #5047, .T. ) ;
#6000 = CARTESIAN_POINT ( 'NONE',  ( -30.00000000000000000, 87.39999999999999147, -0.5062160878754172755 ) ) ;
#6001 = AXIS2_PLACEMENT_3D ( 'NONE', #4963, #1359, #6179 ) ;
#6002 = DIRECTION ( 'NONE',  ( -1.000000000000000000, 0.000000000000000000, 0.000000000000000000 ) ) ;
#6003 = CARTESIAN_POINT ( 'NONE',  ( -75.46988545351376843, 89.27193442551127589, 17.00000000000001421 ) ) ;
#6004 = AXIS2_PLACEMENT_3D ( 'NONE', #5105, #1009, #3074 ) ;
#6005 = CARTESIAN_POINT ( 'NONE',  ( 18.12771867673100346, 83.00000000000000000, 17.00000000000002132 ) ) ;
#6006 = CARTESIAN_POINT ( 'NONE',  ( -46.88503102600265748, 89.50000000000005684, 13.70853040187233063 ) ) ;
#6007 = CARTESIAN_POINT ( 'NONE',  ( 66.00147541926337169, 89.99981326875507648, 16.49963217656421577 ) ) ;
#6008 = ORIENTED_EDGE ( 'NONE', *, *, #4627, .F. ) ;
#6009 = CARTESIAN_POINT ( 'NONE',  ( 60.11977948795213678, 90.00000000000000000, 4.673175535269146863 ) ) ;
#6010 = ORIENTED_EDGE ( 'NONE', *, *, #4073, .T. ) ;
#6011 = CARTESIAN_POINT ( 'NONE',  ( -72.10814027942473103, 85.22388564982593095, 6.862329809381190415 ) ) ;
#6012 = CARTESIAN_POINT ( 'NONE',  ( -90.68311880550616877, 82.00509447220962045, 11.48308815867443755 ) ) ;
#6013 = DIRECTION ( 'NONE',  ( 0.000000000000000000, 0.000000000000000000, -1.000000000000000000 ) ) ;
#6014 = DIRECTION ( 'NONE',  ( 0.000000000000000000, 0.000000000000000000, 1.000000000000000000 ) ) ;
#6015 = CARTESIAN_POINT ( 'NONE',  ( 45.51000865619146651, 89.99999999999998579, 9.630097632386878104 ) ) ;
#6016 = CARTESIAN_POINT ( 'NONE',  ( 54.49999999999998579, 83.00000000000000000, 15.00000000000000178 ) ) ;
#6017 = ORIENTED_EDGE ( 'NONE', *, *, #4181, .T. ) ;
#6018 = CARTESIAN_POINT ( 'NONE',  ( -16.17081034074328727, 70.75675044854743589, 12.49999999999999645 ) ) ;
#6019 = CARTESIAN_POINT ( 'NONE',  ( 17.67157287525382259, 86.00000000000000000, 11.13333333333333108 ) ) ;
#6020 = CARTESIAN_POINT ( 'NONE',  ( -17.62771867673099990, 83.00000000000000000, 15.00000000000000178 ) ) ;
#6021 = EDGE_CURVE ( 'NONE', #7956, #8234, #5989, .T. ) ;
#6022 = CARTESIAN_POINT ( 'NONE',  ( -90.47484327263599369, 81.52104580401760359, 11.00144509197217957 ) ) ;
#6023 = CARTESIAN_POINT ( 'NONE',  ( -60.11977948795215809, 90.00000000000000000, 4.673175535269097125 ) ) ;
#6024 = ORIENTED_EDGE ( 'NONE', *, *, #1414, .T. ) ;
#6025 = APPLICATION_PROTOCOL_DEFINITION ( 'international standard', 'config_control_design', 1994, #4547 ) ;
#6026 = CYLINDRICAL_SURFACE ( 'NONE', #4257, 0.5000000000000004441 ) ;
#6027 = DIRECTION ( 'NONE',  ( 0.000000000000000000, 0.000000000000000000, 1.000000000000000000 ) ) ;
#6028 = ORIENTED_EDGE ( 'NONE', *, *, #3059, .T. ) ;
#6029 = CARTESIAN_POINT ( 'NONE',  ( -59.76984820839516743, 90.00000000000000000, 5.042027925993116000 ) ) ;
#6030 = CARTESIAN_POINT ( 'NONE',  ( -39.56992173192568885, 89.50000000000001421, 11.35675274275110880 ) ) ;
#6031 = FACE_OUTER_BOUND ( 'NONE', #3640, .T. ) ;
#6032 = CARTESIAN_POINT ( 'NONE',  ( 54.50150509059232462, 77.00000000000000000, 14.20000000000000107 ) ) ;
#6033 = CARTESIAN_POINT ( 'NONE',  ( 59.57529533135524957, 90.00000000000062528, 4.734711663310845253 ) ) ;
#6034 = ORIENTED_EDGE ( 'NONE', *, *, #8328, .F. ) ;
#6035 = CARTESIAN_POINT ( 'NONE',  ( 17.67157287525383680, 86.00000000000000000, 8.399999999999996803 ) ) ;
#6036 = ORIENTED_EDGE ( 'NONE', *, *, #7237, .F. ) ;
#6037 = ORIENTED_EDGE ( 'NONE', *, *, #4302, .T. ) ;
#6038 = CARTESIAN_POINT ( 'NONE',  ( 26.99999999999998934, 89.87938524157162590, 9.868613674765077448 ) ) ;
#6039 = DIRECTION ( 'NONE',  ( -0.000000000000000000, -0.000000000000000000, 1.000000000000000000 ) ) ;
#6040 = CARTESIAN_POINT ( 'NONE',  ( 93.22212687541590981, 79.76922673094573213, 12.06375359537079284 ) ) ;
#6041 = CARTESIAN_POINT ( 'NONE',  ( -95.97699469686101281, 77.76725804572292589, 17.00000000000000000 ) ) ;
#6042 = EDGE_CURVE ( 'NONE', #3168, #5180, #4808, .T. ) ;
#6043 = DIRECTION ( 'NONE',  ( -0.000000000000000000, -0.000000000000000000, 1.000000000000000000 ) ) ;
#6044 = EDGE_CURVE ( 'NONE', #1589, #6111, #2557, .T. ) ;
#6045 = CARTESIAN_POINT ( 'NONE',  ( -47.43345814300442242, 89.50000000000000000, 12.88861238793294106 ) ) ;
#6046 = CARTESIAN_POINT ( 'NONE',  ( 91.58882644216052427, 81.41672073027308443, 16.57538238179564871 ) ) ;
#6047 = VERTEX_POINT ( 'NONE', #4634 ) ;
#6048 = ORIENTED_EDGE ( 'NONE', *, *, #2347, .F. ) ;
#6049 = CARTESIAN_POINT ( 'NONE',  ( 63.74061813655110598, 89.99730782745714919, 5.486190032072916445 ) ) ;
#6050 = CARTESIAN_POINT ( 'NONE',  ( -92.70956795767392578, 76.48140578825466207, 14.65381928628688080 ) ) ;
#6051 = CARTESIAN_POINT ( 'NONE',  ( -83.05018292540334812, 86.49056337749360068, 16.99999999998506439 ) ) ;
#6052 = CARTESIAN_POINT ( 'NONE',  ( 0.000000000000000000, 90.00000000000000000, 1.000000000000000888 ) ) ;
#6053 = DIRECTION ( 'NONE',  ( -0.000000000000000000, 1.000000000000000000, -0.000000000000000000 ) ) ;
#6054 = ORIENTED_EDGE ( 'NONE', *, *, #1212, .F. ) ;
#6055 = CARTESIAN_POINT ( 'NONE',  ( 35.31841277722075745, 89.99999999999998579, 10.15163458292040310 ) ) ;
#6056 = CARTESIAN_POINT ( 'NONE',  ( 0.000000000000000000, 89.50000000000000000, 17.00000000000001421 ) ) ;
#6057 = ORIENTED_EDGE ( 'NONE', *, *, #7626, .F. ) ;
#6058 = DIRECTION ( 'NONE',  ( -1.000000000000000000, 0.000000000000000000, 0.000000000000000000 ) ) ;
#6059 = CARTESIAN_POINT ( 'NONE',  ( 93.02961950968224869, 76.15775779050896688, 11.62134000900891273 ) ) ;
#6060 = DIRECTION ( 'NONE',  ( -4.163336342345625335E-16, 0.000000000000000000, -1.000000000000000000 ) ) ;
#6061 = DIRECTION ( 'NONE',  ( -0.9271838545667908660, 0.3746065934159035216, 0.000000000000000000 ) ) ;
#6062 = CARTESIAN_POINT ( 'NONE',  ( -56.09283283264876019, 89.99999999999998579, 7.597571183391687910 ) ) ;
#6063 = ORIENTED_EDGE ( 'NONE', *, *, #2590, .T. ) ;
#6064 = SHAPE_DEFINITION_REPRESENTATION ( #7856, #3001 ) ;
#6065 = CARTESIAN_POINT ( 'NONE',  ( -20.50000000000001776, 85.00000000000000000, 12.50000000000000000 ) ) ;
#6066 = VECTOR ( 'NONE', #1415, 1000.000000000000000 ) ;
#6067 = CARTESIAN_POINT ( 'NONE',  ( -40.26999999992408874, 89.99999999999997158, 10.67000000000002657 ) ) ;
#6068 = ORIENTED_EDGE ( 'NONE', *, *, #7460, .T. ) ;
#6069 = CARTESIAN_POINT ( 'NONE',  ( -51.65999935143079824, 82.24689295812471812, 15.00000000000000178 ) ) ;
#6070 = CARTESIAN_POINT ( 'NONE',  ( -38.89246223346433595, 89.50000000000001421, 12.31916568285916114 ) ) ;
#6071 = DIRECTION ( 'NONE',  ( -1.000000000000000000, 0.000000000000000000, 0.000000000000000000 ) ) ;
#6072 = DIRECTION ( 'NONE',  ( 0.3052099896014290881, -0.9522850740442672102, 0.000000000000000000 ) ) ;
#6073 = CARTESIAN_POINT ( 'NONE',  ( 59.15029948514585101, 89.87938524155029540, 4.701339290537392301 ) ) ;
#6074 = ORIENTED_EDGE ( 'NONE', *, *, #3059, .F. ) ;
#6075 = CARTESIAN_POINT ( 'NONE',  ( 0.000000000000000000, 82.50000000000000000, 15.00000000000000178 ) ) ;
#6076 = ORIENTED_EDGE ( 'NONE', *, *, #1962, .F. ) ;
#6077 = CARTESIAN_POINT ( 'NONE',  ( 0.000000000000000000, 76.00000000000000000, 14.20000000000000107 ) ) ;
#6078 = CARTESIAN_POINT ( 'NONE',  ( -15.38061663056503825, 68.75150446665328730, 36.88536684330890125 ) ) ;
#6079 = CARTESIAN_POINT ( 'NONE',  ( 92.93850219023822490, 80.02304341478321703, 13.89662342326495192 ) ) ;
#6080 = CARTESIAN_POINT ( 'NONE',  ( 30.00000000000000000, 86.59999999999999432, 8.397725512736064601 ) ) ;
#6081 = EDGE_CURVE ( 'NONE', #8100, #635, #7421, .T. ) ;
#6082 = CIRCLE ( 'NONE', #2055, 1.750000000000001554 ) ;
#6083 = LINE ( 'NONE', #2570, #4074 ) ;
#6084 = CARTESIAN_POINT ( 'NONE',  ( -47.90643141567093011, 89.99999999999998579, 12.07872864997610840 ) ) ;
#6085 = CARTESIAN_POINT ( 'NONE',  ( 65.65625205659154062, 89.50082993028367184, 16.99999999999999289 ) ) ;
#6086 = ORIENTED_EDGE ( 'NONE', *, *, #6700, .F. ) ;
#6087 = EDGE_CURVE ( 'NONE', #8614, #8428, #6812, .T. ) ;
#6088 = CARTESIAN_POINT ( 'NONE',  ( 70.36655842680383444, 85.49414003543847684, 6.469745136402275776 ) ) ;
#6089 = AXIS2_PLACEMENT_3D ( 'NONE', #4479, #8706, #2537 ) ;
#6090 = CARTESIAN_POINT ( 'NONE',  ( -91.90515089094942880, 77.16081733037704282, 16.21263873085574403 ) ) ;
#6091 = EDGE_CURVE ( 'NONE', #6932, #6211, #2645, .T. ) ;
#6092 = CARTESIAN_POINT ( 'NONE',  ( 55.39522543991666481, 89.87938538906485064, 7.169301136570284783 ) ) ;
#6093 = CARTESIAN_POINT ( 'NONE',  ( -28.51249049287961412, 89.99999999999994316, 10.20000165318919905 ) ) ;
#6094 = CARTESIAN_POINT ( 'NONE',  ( 71.00335573868503047, 85.58132035456306141, 12.53685196128923707 ) ) ;
#6095 = VECTOR ( 'NONE', #4049, 999.9999999999998863 ) ;
#6096 = DIRECTION ( 'NONE',  ( -1.000000000000000000, 0.000000000000000000, 0.000000000000000000 ) ) ;
#6097 = ORIENTED_EDGE ( 'NONE', *, *, #5154, .F. ) ;
#6098 = AXIS2_PLACEMENT_3D ( 'NONE', #6610, #8132, #5343 ) ;
#6099 = CARTESIAN_POINT ( 'NONE',  ( 58.07727362473497834, 89.34485357832083707, 3.698421660122023891 ) ) ;
#6100 = DIRECTION ( 'NONE',  ( -0.000000000000000000, -0.000000000000000000, -1.000000000000000000 ) ) ;
#6101 = ORIENTED_EDGE ( 'NONE', *, *, #2613, .F. ) ;
#6102 = CARTESIAN_POINT ( 'NONE',  ( -24.99999999999999289, 86.59999999999999432, 8.400000000000000355 ) ) ;
#6103 = DIRECTION ( 'NONE',  ( 1.000000000000000000, 0.000000000000000000, 0.000000000000000000 ) ) ;
#6104 = CYLINDRICAL_SURFACE ( 'NONE', #2071, 0.5000000000000004441 ) ;
#6105 = AXIS2_PLACEMENT_3D ( 'NONE', #6866, #7587, #8309 ) ;
#6106 = CARTESIAN_POINT ( 'NONE',  ( -24.99999999999999289, 87.39999999999999147, 9.500000000000000000 ) ) ;
#6107 = EDGE_LOOP ( 'NONE', ( #3452, #3330, #4795, #2114 ) ) ;
#6108 = PLANE ( 'NONE',  #8271 ) ;
#6109 = CARTESIAN_POINT ( 'NONE',  ( -40.26999999992408874, 85.99999999999997158, 10.37000000000000099 ) ) ;
#6110 = ORIENTED_EDGE ( 'NONE', *, *, #2297, .F. ) ;
#6111 = VERTEX_POINT ( 'NONE', #2107 ) ;
#6112 = VECTOR ( 'NONE', #5481, 999.9999999999998863 ) ;
#6113 = FACE_OUTER_BOUND ( 'NONE', #3097, .T. ) ;
#6114 = CARTESIAN_POINT ( 'NONE',  ( -39.15803046459383552, 89.50000000000007105, 13.42182776785240961 ) ) ;
#6115 = CARTESIAN_POINT ( 'NONE',  ( -61.03987802939420959, 89.99999999999997158, 3.190937610677485381 ) ) ;
#6116 = CARTESIAN_POINT ( 'NONE',  ( -59.52513802321622194, 89.80937801707833046, 4.026627780617475061 ) ) ;
#6117 = CARTESIAN_POINT ( 'NONE',  ( 55.35815613761204190, 89.87938530101179424, 7.171282754666931325 ) ) ;
#6118 = ORIENTED_EDGE ( 'NONE', *, *, #7051, .F. ) ;
#6119 = CARTESIAN_POINT ( 'NONE',  ( 24.99999999999999289, 88.19999999999998863, -0.5062160878754172755 ) ) ;
#6120 = VERTEX_POINT ( 'NONE', #2733 ) ;
#6121 = VECTOR ( 'NONE', #6946, 1000.000000000000000 ) ;
#6122 = CARTESIAN_POINT ( 'NONE',  ( -28.51250017483374677, 89.34485357832082286, 8.400003390806672243 ) ) ;
#6123 = EDGE_CURVE ( 'NONE', #4791, #8056, #5855, .T. ) ;
#6124 = ADVANCED_FACE ( 'NONE', ( #7553 ), #443, .F. ) ;
#6125 = ORIENTED_EDGE ( 'NONE', *, *, #4013, .F. ) ;
#6126 = CARTESIAN_POINT ( 'NONE',  ( 92.56201947955071319, 80.59130990686165319, 14.43643642362271784 ) ) ;
#6127 = CARTESIAN_POINT ( 'NONE',  ( -49.90999935143079824, 82.24689295812471812, 13.10000000000000142 ) ) ;
#6128 = CARTESIAN_POINT ( 'NONE',  ( -45.64396435564658816, 85.99999999999992895, 7.820046010421676463 ) ) ;
#6129 = FACE_OUTER_BOUND ( 'NONE', #8604, .T. ) ;
#6130 = EDGE_CURVE ( 'NONE', #2252, #5212, #2503, .T. ) ;
#6131 = CIRCLE ( 'NONE', #534, 3.000000000000002665 ) ;
#6132 = DIRECTION ( 'NONE',  ( 0.000000000000000000, 0.000000000000000000, 1.000000000000000000 ) ) ;
#6133 = CARTESIAN_POINT ( 'NONE',  ( -46.68048190371857231, 89.99999999999998579, 14.36952659634540730 ) ) ;
#6134 = CARTESIAN_POINT ( 'NONE',  ( 65.31250002054666481, 90.00000000000000000, 16.50000000000000355 ) ) ;
#6135 = ORIENTED_EDGE ( 'NONE', *, *, #1579, .T. ) ;
#6136 = CARTESIAN_POINT ( 'NONE',  ( 92.83389310168156783, 76.30889113059477324, 11.53307690277786079 ) ) ;
#6137 = AXIS2_PLACEMENT_3D ( 'NONE', #7945, #391, #1783 ) ;
#6138 = CARTESIAN_POINT ( 'NONE',  ( -91.93211841946181551, 77.13882672661073059, 16.17752475168921578 ) ) ;
#6139 = CARTESIAN_POINT ( 'NONE',  ( -77.75190033139790557, 87.81076786037922943, 17.00000000000000000 ) ) ;
#6140 = CARTESIAN_POINT ( 'NONE',  ( -32.29364323972152562, 89.99999999999995737, 10.18820849497304870 ) ) ;
#6141 = CARTESIAN_POINT ( 'NONE',  ( 74.51440386043739750, 84.94660199710192217, 12.30024158354503427 ) ) ;
#6142 = CONICAL_SURFACE ( 'NONE', #7289, 1.750000000000001554, 0.7853981633974425058 ) ;
#6143 = CARTESIAN_POINT ( 'NONE',  ( -51.99999999999998579, 86.00000000000000000, 17.00000000000000711 ) ) ;
#6144 = ORIENTED_EDGE ( 'NONE', *, *, #8595, .F. ) ;
#6145 = EDGE_CURVE ( 'NONE', #4717, #2884, #1649, .T. ) ;
#6146 =( BOUNDED_SURFACE ( )  B_SPLINE_SURFACE ( 3, 2, ( 
 ( #4538, #7953, #7276 ),
 ( #1793, #5169, #8041 ),
 ( #3860, #7999, #6514 ),
 ( #5843, #3185, #8586 ) ),
 .UNSPECIFIED., .F., .F., .T. ) 
 B_SPLINE_SURFACE_WITH_KNOTS ( ( 4, 4 ),
 ( 3, 3 ),
 ( -1.040834085586084257E-17, 0.02699999999999999623 ),
 ( 0.000000000000000000, 1.000000000000000000 ),
 .UNSPECIFIED. ) 
 GEOMETRIC_REPRESENTATION_ITEM ( )  RATIONAL_B_SPLINE_SURFACE ( (
 ( 1.000000000000000000, 0.9848077530122081313, 1.000000000000000000),
 ( 1.000000000000000000, 0.9848077530122081313, 1.000000000000000000),
 ( 1.000000000000000000, 0.9848077530122076872, 1.000000000000000000),
 ( 1.000000000000000000, 0.9848077530122076872, 1.000000000000000000) ) ) 
 REPRESENTATION_ITEM ( '' )  SURFACE ( )  );
#6147 = CARTESIAN_POINT ( 'NONE',  ( 57.52793316710059912, 89.34485357832086549, 4.217031180300740978 ) ) ;
#6148 = FACE_OUTER_BOUND ( 'NONE', #6107, .T. ) ;
#6149 = VERTEX_POINT ( 'NONE', #8519 ) ;
#6150 = CARTESIAN_POINT ( 'NONE',  ( -12.53906270572150028, 74.84523652348138967, 14.19999999999999751 ) ) ;
#6151 = CARTESIAN_POINT ( 'NONE',  ( 71.71542066595257836, 89.32633116670442064, 7.250974138877048780 ) ) ;
#6152 = CARTESIAN_POINT ( 'NONE',  ( 37.66139843986672275, 89.34485360493506789, 8.313402995911093996 ) ) ;
#6153 = EDGE_CURVE ( 'NONE', #8675, #4347, #7892, .T. ) ;
#6154 = ORIENTED_EDGE ( 'NONE', *, *, #1030, .F. ) ;
#6155 = CARTESIAN_POINT ( 'NONE',  ( 30.00000000000000000, 86.59999999999999432, -0.5062160878754172755 ) ) ;
#6156 = VERTEX_POINT ( 'NONE', #8565 ) ;
#6157 = CARTESIAN_POINT ( 'NONE',  ( -46.35462294485691359, 85.99999999999998579, 10.36999999999999744 ) ) ;
#6158 = LINE ( 'NONE', #6198, #2199 ) ;
#6159 = EDGE_LOOP ( 'NONE', ( #6498, #4067, #6794, #2272 ) ) ;
#6160 = CARTESIAN_POINT ( 'NONE',  ( -53.99999999999997158, 80.00000000000000000, 12.50000000000000000 ) ) ;
#6161 = AXIS2_PLACEMENT_3D ( 'NONE', #8474, #1678, #7656 ) ;
#6162 = CARTESIAN_POINT ( 'NONE',  ( -38.91684000937370058, 89.50000000000008527, 12.93198941580709516 ) ) ;
#6163 = EDGE_CURVE ( 'NONE', #8134, #5613, #8253, .T. ) ;
#6164 = CARTESIAN_POINT ( 'NONE',  ( -59.38462482067868820, 90.00000000000002842, 4.935691927733937945 ) ) ;
#6165 = PLANE ( 'NONE',  #2409 ) ;
#6166 = CARTESIAN_POINT ( 'NONE',  ( 76.78448260850345264, 88.59821611960069276, 16.47682494816222487 ) ) ;
#6167 = ORIENTED_EDGE ( 'NONE', *, *, #7848, .T. ) ;
#6168 = DIRECTION ( 'NONE',  ( -0.000000000000000000, 1.000000000000000000, 0.000000000000000000 ) ) ;
#6169 = VERTEX_POINT ( 'NONE', #3032 ) ;
#6170 = CARTESIAN_POINT ( 'NONE',  ( -52.80260599796839927, 89.34485357832087971, 6.508925140054838465 ) ) ;
#6171 = ORIENTED_EDGE ( 'NONE', *, *, #4950, .F. ) ;
#6172 = CARTESIAN_POINT ( 'NONE',  ( 64.62644468506448447, 89.99999999999998579, 16.50000000000000000 ) ) ;
#6173 = CARTESIAN_POINT ( 'NONE',  ( -90.31400299807005183, 78.35798982636892163, 16.99999999999999289 ) ) ;
#6174 = CARTESIAN_POINT ( 'NONE',  ( -30.00000000000000000, 86.59999999999999432, 8.397725512736064601 ) ) ;
#6175 = EDGE_LOOP ( 'NONE', ( #6707, #8119, #6569, #3756 ) ) ;
#6176 = LINE ( 'NONE', #4869, #927 ) ;
#6177 = CARTESIAN_POINT ( 'NONE',  ( -47.68345180255662541, 90.00000000000000000, 13.57386991900011708 ) ) ;
#6178 = CARTESIAN_POINT ( 'NONE',  ( -74.51440386043741171, 84.94660199710189374, 12.30024158354503605 ) ) ;
#6179 = DIRECTION ( 'NONE',  ( -1.000000000000000000, 0.000000000000000000, 0.000000000000000000 ) ) ;
#6180 = ORIENTED_EDGE ( 'NONE', *, *, #1582, .F. ) ;
#6181 = CARTESIAN_POINT ( 'NONE',  ( -26.99999999999999645, 88.19999999999998863, 8.400000000000000355 ) ) ;
#6182 = CARTESIAN_POINT ( 'NONE',  ( -90.97285148107744135, 77.68690572922783133, 11.11367608885701408 ) ) ;
#6183 = CARTESIAN_POINT ( 'NONE',  ( 54.74204602281108123, 89.87938526557829277, 7.423865335635524865 ) ) ;
#6184 = CARTESIAN_POINT ( 'NONE',  ( -35.12936852919445130, 89.99999999999995737, 10.15484728116600088 ) ) ;
#6185 = LINE ( 'NONE', #1367, #4121 ) ;
#6186 = CARTESIAN_POINT ( 'NONE',  ( 17.50000000000001421, 85.00000000000000000, 17.00000000000000000 ) ) ;
#6187 = CARTESIAN_POINT ( 'NONE',  ( 58.06478112677562109, 89.34485357832087971, 3.711561045895958255 ) ) ;
#6188 = PLANE ( 'NONE',  #1540 ) ;
#6189 = DIRECTION ( 'NONE',  ( -1.000000000000000000, 0.000000000000000000, 0.000000000000000000 ) ) ;
#6190 = CYLINDRICAL_SURFACE ( 'NONE', #5829, 1.749999999999999334 ) ;
#6191 = CARTESIAN_POINT ( 'NONE',  ( 32.33164822575451325, 89.34485360493508210, 8.400038295003122713 ) ) ;
#6192 = ADVANCED_FACE ( 'NONE', ( #5823 ), #3714, .F. ) ;
#6193 = ORIENTED_EDGE ( 'NONE', *, *, #5189, .T. ) ;
#6194 = B_SPLINE_CURVE_WITH_KNOTS ( 'NONE', 3,
 ( #309, #3050, #8541, #7870, #1074, #1708, #4450 ),
 .UNSPECIFIED., .F., .F.,
 ( 4, 3, 4 ),
 ( 0.000000000000000000, 0.0007033291198769460852, 0.001686135131505192434 ),
 .UNSPECIFIED. ) ;
#6195 = DIRECTION ( 'NONE',  ( -0.000000000000000000, -0.000000000000000000, -1.000000000000000000 ) ) ;
#6196 = ORIENTED_EDGE ( 'NONE', *, *, #4856, .T. ) ;
#6197 = CARTESIAN_POINT ( 'NONE',  ( -47.02738163336879040, 86.00000000000000000, 10.58427170124401862 ) ) ;
#6198 = CARTESIAN_POINT ( 'NONE',  ( 54.50150509059258752, 1.890900807134406942E-13, 15.00000000000000178 ) ) ;
#6199 = ORIENTED_EDGE ( 'NONE', *, *, #1528, .T. ) ;
#6200 = EDGE_CURVE ( 'NONE', #2225, #7700, #3226, .T. ) ;
#6201 = CARTESIAN_POINT ( 'NONE',  ( -39.08097611217836942, 85.99999999999997158, 8.248977459104612109 ) ) ;
#6202 = ADVANCED_FACE ( 'NONE', ( #5151 ), #45, .T. ) ;
#6203 = CARTESIAN_POINT ( 'NONE',  ( -39.01386199809341093, 89.50000000000002842, 13.18858794082091634 ) ) ;
#6204 = CARTESIAN_POINT ( 'NONE',  ( -59.36951915422878301, 90.00000000000002842, 4.951587559680392658 ) ) ;
#6205 = FACE_OUTER_BOUND ( 'NONE', #4098, .T. ) ;
#6206 = VECTOR ( 'NONE', #4414, 1000.000000000000000 ) ;
#6207 = EDGE_LOOP ( 'NONE', ( #1608, #7019, #170, #5769 ) ) ;
#6208 = CARTESIAN_POINT ( 'NONE',  ( -93.18924991720514583, 79.80122549566785040, 12.44546705424326305 ) ) ;
#6209 = ORIENTED_EDGE ( 'NONE', *, *, #5352, .T. ) ;
#6210 = DIRECTION ( 'NONE',  ( 0.000000000000000000, 0.000000000000000000, -1.000000000000000000 ) ) ;
#6211 = VERTEX_POINT ( 'NONE', #602 ) ;
#6212 = LINE ( 'NONE', #44, #6838 ) ;
#6213 = CARTESIAN_POINT ( 'NONE',  ( 68.21999202232849768, 90.00007430521120000, 17.00000000001520917 ) ) ;
#6214 = CARTESIAN_POINT ( 'NONE',  ( -17.67157287525383680, 86.00000000000000000, 8.399999999999996803 ) ) ;
#6215 = DIRECTION ( 'NONE',  ( 0.000000000000000000, 0.000000000000000000, -1.000000000000000000 ) ) ;
#6216 = CARTESIAN_POINT ( 'NONE',  ( -47.80144156891166318, 89.99999999999994316, 13.35481679846225234 ) ) ;
#6217 = CARTESIAN_POINT ( 'NONE',  ( -73.63653082769157265, 85.16314381821263169, 13.15486353808826436 ) ) ;
#6218 = DIRECTION ( 'NONE',  ( 1.000000000000000000, 0.000000000000000000, 0.000000000000000000 ) ) ;
#6219 = EDGE_CURVE ( 'NONE', #2094, #1968, #4358, .T. ) ;
#6220 = VERTEX_POINT ( 'NONE', #4607 ) ;
#6221 = DIRECTION ( 'NONE',  ( -0.000000000000000000, -0.000000000000000000, 1.000000000000000000 ) ) ;
#6222 = CARTESIAN_POINT ( 'NONE',  ( 49.98220724804973969, 89.99999999999994316, 16.99999999999997513 ) ) ;
#6224 = CARTESIAN_POINT ( 'NONE',  ( -66.00000000000092371, 89.49981558091647571, 16.99999999999999289 ) ) ;
#6223 = VECTOR ( 'NONE', #2285, 1000.000000000000000 ) ;
#6225 = FACE_OUTER_BOUND ( 'NONE', #7942, .T. ) ;
#6226 = CARTESIAN_POINT ( 'NONE',  ( -55.51934826241058829, 89.34485357832086549, 5.484991092396644952 ) ) ;
#6227 = CARTESIAN_POINT ( 'NONE',  ( -18.03804458005514277, 83.28571428571429180, 17.00000000000000000 ) ) ;
#6228 = DIRECTION ( 'NONE',  ( -1.000000000000000000, 0.000000000000000000, 0.000000000000000000 ) ) ;
#6229 = AXIS2_PLACEMENT_3D ( 'NONE', #5688, #2267, #4339 ) ;
#6230 = ORIENTED_EDGE ( 'NONE', *, *, #7182, .F. ) ;
#6231 = B_SPLINE_CURVE_WITH_KNOTS ( 'NONE', 3,
 ( #6080, #1269, #4012, #597 ),
 .UNSPECIFIED., .F., .F.,
 ( 4, 4 ),
 ( 0.9062187978765271490, 1.000000000000000000 ),
 .UNSPECIFIED. ) ;
#6232 = CARTESIAN_POINT ( 'NONE',  ( 58.05061712317715461, 89.34485357832087971, 3.726376734889192299 ) ) ;
#6233 = CARTESIAN_POINT ( 'NONE',  ( 26.99999999999998934, 89.34485357832085128, 8.400000000000000355 ) ) ;
#6234 = CARTESIAN_POINT ( 'NONE',  ( -34.66000099991106964, 82.25495999994770102, 15.00000000000000178 ) ) ;
#6235 = VECTOR ( 'NONE', #1785, 1000.000000000000000 ) ;
#6236 = DIRECTION ( 'NONE',  ( 4.163336342345625335E-16, -0.000000000000000000, 1.000000000000000000 ) ) ;
#6237 = CARTESIAN_POINT ( 'NONE',  ( -49.90999935143079824, 82.24689295812471812, 14.70000000000002061 ) ) ;
#6238 = VECTOR ( 'NONE', #3337, 1000.000000000000000 ) ;
#6239 = ORIENTED_EDGE ( 'NONE', *, *, #2847, .F. ) ;
#6240 = LINE ( 'NONE', #2143, #8851 ) ;
#6241 = ORIENTED_EDGE ( 'NONE', *, *, #8748, .F. ) ;
#6242 = CARTESIAN_POINT ( 'NONE',  ( 30.79999999999998650, 87.40000000000016200, 8.395370510911531525 ) ) ;
#6243 = LINE ( 'NONE', #6335, #1196 ) ;
#6244 = EDGE_LOOP ( 'NONE', ( #4126, #4728, #7701, #6008 ) ) ;
#6245 = CARTESIAN_POINT ( 'NONE',  ( -39.27750897276557396, 85.99999999999997158, 8.241351820611946266 ) ) ;
#6246 = VECTOR ( 'NONE', #3431, 1000.000000000000000 ) ;
#6247 = CIRCLE ( 'NONE', #7392, 1.000000000000000888 ) ;
#6248 = CARTESIAN_POINT ( 'NONE',  ( -38.41853502977269841, 89.99999999999995737, 13.00119084509920420 ) ) ;
#6249 = ADVANCED_FACE ( 'NONE', ( #2572 ), #3153, .T. ) ;
#6250 = CARTESIAN_POINT ( 'NONE',  ( -59.37959331605284774, 89.99999999999995737, 4.940994741957920766 ) ) ;
#6251 = CARTESIAN_POINT ( 'NONE',  ( 59.53717068123516043, 89.40953893118069118, 4.541878970145798888 ) ) ;
#6252 = VERTEX_POINT ( 'NONE', #7480 ) ;
#6253 = CARTESIAN_POINT ( 'NONE',  ( -53.48332420469114368, 87.50000000000001421, 6.307480072997183385 ) ) ;
#6254 = ORIENTED_EDGE ( 'NONE', *, *, #1761, .T. ) ;
#6255 = CARTESIAN_POINT ( 'NONE',  ( -20.50000000000001776, 85.00000000000000000, 17.00000000000000000 ) ) ;
#6256 = ORIENTED_EDGE ( 'NONE', *, *, #6431, .T. ) ;
#6257 = CARTESIAN_POINT ( 'NONE',  ( -27.00000000000000000, 89.34485357832083707, 8.400000000000000355 ) ) ;
#6258 = CARTESIAN_POINT ( 'NONE',  ( -34.71254102175322487, 80.00000000000000000, 12.50000000000000000 ) ) ;
#6259 = CARTESIAN_POINT ( 'NONE',  ( -20.80145098718069008, 69.99795758792305378, 12.50000000000000000 ) ) ;
#6260 = AXIS2_PLACEMENT_3D ( 'NONE', #1695, #2492, #1150 ) ;
#6261 = CARTESIAN_POINT ( 'NONE',  ( -47.90940380572979507, 89.99999999999998579, 12.07810192444983244 ) ) ;
#6262 = EDGE_CURVE ( 'NONE', #8874, #506, #1313, .T. ) ;
#6263 = CARTESIAN_POINT ( 'NONE',  ( -47.22623649658445544, 89.99999999999997158, 14.07800936155692284 ) ) ;
#6264 = CARTESIAN_POINT ( 'NONE',  ( 8.571952736397285832, 79.20004160230385537, 12.50000000000000000 ) ) ;
#6265 = DIRECTION ( 'NONE',  ( -0.000000000000000000, 1.000000000000000000, 0.000000000000000000 ) ) ;
#6266 = AXIS2_PLACEMENT_3D ( 'NONE', #5985, #621, #7461 ) ;
#6267 = EDGE_LOOP ( 'NONE', ( #8510, #475, #8659, #5142 ) ) ;
#6268 = CARTESIAN_POINT ( 'NONE',  ( 74.35907225656373498, 84.82481792454018432, 7.369599238736772584 ) ) ;
#6269 = PRODUCT ( 'R1-L1 Bar REF2010', 'R1-L1 Bar REF2010', '', ( #493 ) ) ;
#6270 = CARTESIAN_POINT ( 'NONE',  ( -49.00999935143079966, 82.24689295812471812, 13.10000000000000142 ) ) ;
#6271 = EDGE_CURVE ( 'NONE', #5694, #3456, #8684, .T. ) ;
#6272 = AXIS2_PLACEMENT_3D ( 'NONE', #945, #7638, #901 ) ;
#6273 = CARTESIAN_POINT ( 'NONE',  ( -16.82234849141332589, 86.00000000000000000, 16.99999999999997158 ) ) ;
#6274 = CARTESIAN_POINT ( 'NONE',  ( -90.61029751180105052, 81.56407309468644939, 16.98340845561010681 ) ) ;
#6275 = CARTESIAN_POINT ( 'NONE',  ( -47.87960440753119684, 89.34485357832076602, 7.531899405231220257 ) ) ;
#6276 = EDGE_CURVE ( 'NONE', #3077, #4873, #5966, .T. ) ;
#6277 = DIRECTION ( 'NONE',  ( 1.000000000000000000, 0.000000000000000000, 0.000000000000000000 ) ) ;
#6278 = VECTOR ( 'NONE', #6423, 1000.000000000000000 ) ;
#6279 = CARTESIAN_POINT ( 'NONE',  ( 92.28006199117881181, 76.85081184244855024, 15.64951592159220795 ) ) ;
#6280 = VECTOR ( 'NONE', #3898, 1000.000000000000000 ) ;
#6281 = VERTEX_POINT ( 'NONE', #8064 ) ;
#6282 = CARTESIAN_POINT ( 'NONE',  ( 57.17302159083293844, 89.34485357832095076, 4.497773160964901429 ) ) ;
#6283 = CARTESIAN_POINT ( 'NONE',  ( 0.000000000000000000, 89.34485357832085128, 8.400000000000000355 ) ) ;
#6284 = DIRECTION ( 'NONE',  ( 0.000000000000000000, 0.000000000000000000, -1.000000000000000000 ) ) ;
#6285 = CARTESIAN_POINT ( 'NONE',  ( 69.79888986856259692, 85.79883234502182177, 15.42700891212846770 ) ) ;
#6286 = VECTOR ( 'NONE', #7719, 1000.000000000000000 ) ;
#6287 = DIRECTION ( 'NONE',  ( -1.000000000000000000, 0.000000000000000000, 0.000000000000000000 ) ) ;
#6288 = VECTOR ( 'NONE', #8506, 1000.000000000000000 ) ;
#6289 = VERTEX_POINT ( 'NONE', #4101 ) ;
#6290 = DIRECTION ( 'NONE',  ( -0.000000000000000000, -0.000000000000000000, 1.000000000000000000 ) ) ;
#6291 = ORIENTED_EDGE ( 'NONE', *, *, #3283, .T. ) ;
#6292 = DIRECTION ( 'NONE',  ( 1.000000000000000000, 0.000000000000000000, 0.000000000000000000 ) ) ;
#6293 = CARTESIAN_POINT ( 'NONE',  ( 59.99999999999999289, 63.50000000000000000, 17.00000000000000355 ) ) ;
#6294 = ORIENTED_EDGE ( 'NONE', *, *, #1888, .F. ) ;
#6295 = CARTESIAN_POINT ( 'NONE',  ( -88.22447241676333363, 83.54348977580558255, 10.93087088602229962 ) ) ;
#6296 = CIRCLE ( 'NONE', #6437, 1.000000000000000888 ) ;
#6297 = EDGE_CURVE ( 'NONE', #2433, #2295, #1900, .T. ) ;
#6298 = CARTESIAN_POINT ( 'NONE',  ( -49.59878483206426125, 89.34485360493508210, 7.277719665233581381 ) ) ;
#6299 = CARTESIAN_POINT ( 'NONE',  ( -38.84008422302897401, 90.00000000000001421, 13.82152310587118826 ) ) ;
#6300 = CARTESIAN_POINT ( 'NONE',  ( -58.82817698953039809, 90.00000000000004263, 5.473462650664413509 ) ) ;
#6301 = CARTESIAN_POINT ( 'NONE',  ( -49.90999935143079824, 82.24689295812471812, 13.85000000000000675 ) ) ;
#6302 = EDGE_LOOP ( 'NONE', ( #6652, #5864, #5197, #614 ) ) ;
#6303 = CARTESIAN_POINT ( 'NONE',  ( 90.31400697876470929, 81.72273869471308672, 16.99999999999998934 ) ) ;
#6304 = CARTESIAN_POINT ( 'NONE',  ( -57.17302159083293844, 89.34485357832095076, 4.497773160964901429 ) ) ;
#6305 = ORIENTED_EDGE ( 'NONE', *, *, #6644, .T. ) ;
#6306 = CARTESIAN_POINT ( 'NONE',  ( -45.77425049347787223, 90.00000000000000000, 9.960479722014840220 ) ) ;
#6307 = DIRECTION ( 'NONE',  ( -0.000000000000000000, -0.000000000000000000, -1.000000000000000000 ) ) ;
#6308 = ORIENTED_EDGE ( 'NONE', *, *, #777, .T. ) ;
#6309 = CARTESIAN_POINT ( 'NONE',  ( 88.81057544185962627, 83.39871197850723661, 16.47737401466813267 ) ) ;
#6310 = CARTESIAN_POINT ( 'NONE',  ( 54.49999999999998579, 80.00000000000000000, 14.20000000000000107 ) ) ;
#6311 = CARTESIAN_POINT ( 'NONE',  ( -59.12500001860279752, 89.99999999999997158, 16.49999999999761968 ) ) ;
#6312 = CARTESIAN_POINT ( 'NONE',  ( -70.67786986824208384, 85.60719080531637815, 11.91478247166820914 ) ) ;
#6313 = FACE_OUTER_BOUND ( 'NONE', #2626, .T. ) ;
#6314 = VERTEX_POINT ( 'NONE', #5010 ) ;
#6315 = VERTEX_POINT ( 'NONE', #2259 ) ;
#6316 = CARTESIAN_POINT ( 'NONE',  ( -71.00368114590418145, 85.50462031767288806, 9.957582326305081111 ) ) ;
#6317 = CARTESIAN_POINT ( 'NONE',  ( 38.01000000008891533, 83.09999999994768416, 13.85000000000000675 ) ) ;
#6318 = EDGE_CURVE ( 'NONE', #6120, #1089, #1659, .T. ) ;
#6319 = DIRECTION ( 'NONE',  ( 0.000000000000000000, -1.000000000000000000, 0.000000000000000000 ) ) ;
#6320 = EDGE_CURVE ( 'NONE', #2032, #3168, #2927, .T. ) ;
#6321 = LINE ( 'NONE', #6938, #4122 ) ;
#6322 = CARTESIAN_POINT ( 'NONE',  ( -54.12077039654187161, 89.34485357832086549, 6.076260961125117710 ) ) ;
#6323 = DIRECTION ( 'NONE',  ( 0.000000000000000000, -0.000000000000000000, 1.000000000000000000 ) ) ;
#6324 = DIRECTION ( 'NONE',  ( -4.163336342345625335E-16, 0.000000000000000000, -1.000000000000000000 ) ) ;
#6325 = VERTEX_POINT ( 'NONE', #6264 ) ;
#6326 = CARTESIAN_POINT ( 'NONE',  ( 56.47297803322995691, 89.34485357832083707, 4.966745147994825693 ) ) ;
#6327 = CARTESIAN_POINT ( 'NONE',  ( -16.01768689137253077, 69.75150446665328730, 15.00000000000000000 ) ) ;
#6328 = DIRECTION ( 'NONE',  ( -0.000000000000000000, 0.000000000000000000, -1.000000000000000000 ) ) ;
#6329 = DIRECTION ( 'NONE',  ( -1.000000000000000000, 0.000000000000000000, 0.000000000000000000 ) ) ;
#6330 = CARTESIAN_POINT ( 'NONE',  ( -47.46999999992408448, 89.50000000000004263, 12.38674042854059643 ) ) ;
#6331 = ORIENTED_EDGE ( 'NONE', *, *, #8421, .T. ) ;
#6332 = DIRECTION ( 'NONE',  ( 0.000000000000000000, 0.000000000000000000, 1.000000000000000000 ) ) ;
#6333 = CARTESIAN_POINT ( 'NONE',  ( 41.35069998212379971, 89.99999999999995737, 10.34169384221076271 ) ) ;
#6334 = CARTESIAN_POINT ( 'NONE',  ( 58.39675093950343410, 90.00000000000000000, 5.829020770587231226 ) ) ;
#6335 = CARTESIAN_POINT ( 'NONE',  ( -53.99999999999998579, 82.50000000000000000, 15.00000000000000178 ) ) ;
#6336 = ORIENTED_EDGE ( 'NONE', *, *, #217, .T. ) ;
#6337 = DIRECTION ( 'NONE',  ( 8.249565755581263122E-16, -1.000000000000000000, -0.000000000000000000 ) ) ;
#6338 = CYLINDRICAL_SURFACE ( 'NONE', #8827, 23.99999999999999289 ) ;
#6339 = EDGE_CURVE ( 'NONE', #1808, #3113, #500, .T. ) ;
#6340 = AXIS2_PLACEMENT_3D ( 'NONE', #3269, #1914, #8078 ) ;
#6341 = ADVANCED_FACE ( 'NONE', ( #6891 ), #1444, .T. ) ;
#6342 = CARTESIAN_POINT ( 'NONE',  ( -40.01975912686499726, 89.99999999999998579, 14.45449462500619298 ) ) ;
#6343 = CARTESIAN_POINT ( 'NONE',  ( -57.55015066566701876, 90.00000000000004263, 6.416950451611386441 ) ) ;
#6344 = CARTESIAN_POINT ( 'NONE',  ( -14.21701480739244161, 86.00000000000018474, -14.99999999999999822 ) ) ;
#6345 = ORIENTED_EDGE ( 'NONE', *, *, #2621, .F. ) ;
#6346 = CARTESIAN_POINT ( 'NONE',  ( -66.00000000000093792, 89.49981558091647571, 17.00000000000000000 ) ) ;
#6347 = DIRECTION ( 'NONE',  ( 1.000000000000000000, 0.000000000000000000, 0.000000000000000000 ) ) ;
#6348 = ORIENTED_EDGE ( 'NONE', *, *, #8649, .T. ) ;
#6349 = CARTESIAN_POINT ( 'NONE',  ( -47.93167140663270231, 89.99999999999994316, 9.702079290104340004 ) ) ;
#6350 = DIRECTION ( 'NONE',  ( -0.000000000000000000, 0.000000000000000000, -1.000000000000000000 ) ) ;
#6351 = DIRECTION ( 'NONE',  ( -1.000000000000000000, 0.000000000000000000, 0.000000000000000000 ) ) ;
#6352 = CARTESIAN_POINT ( 'NONE',  ( -47.32558873724504878, 90.00000000000000000, 14.00141526665029623 ) ) ;
#6353 = CARTESIAN_POINT ( 'NONE',  ( -21.99999999650220772, 89.50000000007634071, 17.00000000000001421 ) ) ;
#6354 = CARTESIAN_POINT ( 'NONE',  ( 49.98220724804973969, 85.99999999999994316, 16.99999999999997513 ) ) ;
#6355 = CARTESIAN_POINT ( 'NONE',  ( -39.31902060399707466, 89.99999999999997158, 10.92039004264431235 ) ) ;
#6356 = ORIENTED_EDGE ( 'NONE', *, *, #241, .F. ) ;
#6357 = ORIENTED_EDGE ( 'NONE', *, *, #1769, .F. ) ;
#6358 = EDGE_LOOP ( 'NONE', ( #2213, #6773, #2813, #4957 ) ) ;
#6359 = CYLINDRICAL_SURFACE ( 'NONE', #1135, 1.750000000000001554 ) ;
#6360 = VECTOR ( 'NONE', #2828, 1000.000000000000000 ) ;
#6361 = CARTESIAN_POINT ( 'NONE',  ( -93.18841748534950398, 76.04695788493810937, 12.45568443854327434 ) ) ;
#6362 = DIRECTION ( 'NONE',  ( 0.000000000000000000, 0.000000000000000000, 1.000000000000000000 ) ) ;
#6363 = CARTESIAN_POINT ( 'NONE',  ( -47.35514229251360518, 89.50000000000007105, 12.01418098380056776 ) ) ;
#6364 = CARTESIAN_POINT ( 'NONE',  ( -56.47297803322995691, 89.34485357832083707, 4.966745147994825693 ) ) ;
#6365 = EDGE_CURVE ( 'NONE', #571, #906, #2832, .T. ) ;
#6366 = CARTESIAN_POINT ( 'NONE',  ( -16.00910350054426701, 69.76991160768594114, 12.50000000000000000 ) ) ;
#6367 = CARTESIAN_POINT ( 'NONE',  ( -70.67933840040866755, 84.79769511697095652, 11.22215175600951831 ) ) ;
#6368 = ORIENTED_EDGE ( 'NONE', *, *, #1523, .F. ) ;
#6369 = ADVANCED_FACE ( 'NONE', ( #148, #4146 ), #3241, .T. ) ;
#6370 = CARTESIAN_POINT ( 'NONE',  ( 48.59962185124295786, 89.34485357832090813, 7.423779701825079513 ) ) ;
#6371 = CARTESIAN_POINT ( 'NONE',  ( 71.98632485075954435, 85.32649725209928704, 9.269835796082547930 ) ) ;
#6372 = CARTESIAN_POINT ( 'NONE',  ( -27.00000000000000000, 90.00000000000000000, 10.55265396141741086 ) ) ;
#6373 = CARTESIAN_POINT ( 'NONE',  ( -59.64249901024625444, 89.96020288692871247, 4.505006171062885478 ) ) ;
#6374 = CARTESIAN_POINT ( 'NONE',  ( -63.84424065506555479, 89.49733689768807210, 4.999979596519039227 ) ) ;
#6375 = ADVANCED_FACE ( 'NONE', ( #3063 ), #283, .T. ) ;
#6376 = VECTOR ( 'NONE', #5148, 1000.000000000000000 ) ;
#6377 = ORIENTED_EDGE ( 'NONE', *, *, #4563, .F. ) ;
#6378 = DIRECTION ( 'NONE',  ( 0.000000000000000000, 0.000000000000000000, 1.000000000000000000 ) ) ;
#6379 = CARTESIAN_POINT ( 'NONE',  ( 55.09409885054991918, 90.00000000000002842, 8.012763522839241759 ) ) ;
#6380 = CARTESIAN_POINT ( 'NONE',  ( 59.38311545684781123, 89.99999999999998579, 4.937282872576128412 ) ) ;
#6381 = CARTESIAN_POINT ( 'NONE',  ( -39.98770649614083794, 85.99999999999998579, 10.38367822481940905 ) ) ;
#6382 = VERTEX_POINT ( 'NONE', #3658 ) ;
#6383 = CARTESIAN_POINT ( 'NONE',  ( -80.22258463440299181, 87.16246964581456780, 9.142286589106136674 ) ) ;
#6384 = CARTESIAN_POINT ( 'NONE',  ( 75.46988545351376843, 85.27193442551127589, 17.00000000000001421 ) ) ;
#6385 = AXIS2_PLACEMENT_3D ( 'NONE', #8024, #3881, #6801 ) ;
#6386 = CARTESIAN_POINT ( 'NONE',  ( -38.88185384732707206, 89.99999999999998579, 13.86769774794799304 ) ) ;
#6387 = CARTESIAN_POINT ( 'NONE',  ( -53.67144126231740131, 90.00000000000005684, 8.127402708447338142 ) ) ;
#6388 = DIRECTION ( 'NONE',  ( 1.000000000000000000, 0.000000000000000000, 0.000000000000000000 ) ) ;
#6389 = ORIENTED_EDGE ( 'NONE', *, *, #8042, .F. ) ;
#6390 = CARTESIAN_POINT ( 'NONE',  ( -56.37500000088112984, 89.50000000000002842, 17.00000000000000000 ) ) ;
#6391 = VECTOR ( 'NONE', #4328, 1000.000000000000000 ) ;
#6392 = AXIS2_PLACEMENT_3D ( 'NONE', #4593, #7328, #1171 ) ;
#6393 = CARTESIAN_POINT ( 'NONE',  ( 57.83433213460249789, 89.26465842064281730, 3.645588217009215537 ) ) ;
#6394 = ORIENTED_EDGE ( 'NONE', *, *, #1231, .F. ) ;
#6395 = CARTESIAN_POINT ( 'NONE',  ( -55.99693935292906133, 89.87938544055737111, 6.888455599201930291 ) ) ;
#6396 = CARTESIAN_POINT ( 'NONE',  ( -40.26999999992407453, 89.99999999999997158, 14.46999999999997222 ) ) ;
#6397 = DIRECTION ( 'NONE',  ( -0.000000000000000000, -0.000000000000000000, -1.000000000000000000 ) ) ;
#6398 = CARTESIAN_POINT ( 'NONE',  ( -51.99999999999998579, 87.50000000000000000, 6.730110844732275055 ) ) ;
#6399 = CARTESIAN_POINT ( 'NONE',  ( -52.25000001644485081, 89.99999999999997158, 16.50000000000954969 ) ) ;
#6400 = DIRECTION ( 'NONE',  ( 0.000000000000000000, 0.000000000000000000, -1.000000000000000000 ) ) ;
#6401 = ORIENTED_EDGE ( 'NONE', *, *, #8572, .F. ) ;
#6402 = EDGE_CURVE ( 'NONE', #2573, #1954, #7390, .T. ) ;
#6403 = ORIENTED_EDGE ( 'NONE', *, *, #4197, .F. ) ;
#6404 = ORIENTED_EDGE ( 'NONE', *, *, #8726, .T. ) ;
#6405 = CARTESIAN_POINT ( 'NONE',  ( 68.34475205658222308, 86.00255792380426101, 6.014213644316180662 ) ) ;
#6406 = VECTOR ( 'NONE', #3975, 1000.000000000000000 ) ;
#6407 = DIRECTION ( 'NONE',  ( 0.9271838545667908660, 0.3746065934159035216, 0.000000000000000000 ) ) ;
#6408 = ADVANCED_FACE ( 'NONE', ( #1040 ), #5094, .F. ) ;
#6409 = DIRECTION ( 'NONE',  ( -0.3746065934159061861, 0.9271838545667898668, -4.997964945189721404E-17 ) ) ;
#6410 = CARTESIAN_POINT ( 'NONE',  ( -5.430743128657470997, 90.00000000000000000, 10.55265396141691525 ) ) ;
#6411 = CARTESIAN_POINT ( 'NONE',  ( -47.31575034192302809, 89.50000000000005684, 11.93075116155676874 ) ) ;
#6412 = CARTESIAN_POINT ( 'NONE',  ( -52.88679125961918004, 89.34485357832080865, 6.484027743922204046 ) ) ;
#6413 = DIRECTION ( 'NONE',  ( 0.000000000000000000, 1.000000000000000000, 0.000000000000000000 ) ) ;
#6414 = DIRECTION ( 'NONE',  ( 0.000000000000000000, 0.000000000000000000, 1.000000000000000000 ) ) ;
#6415 = ORIENTED_EDGE ( 'NONE', *, *, #3727, .F. ) ;
#6416 = CARTESIAN_POINT ( 'NONE',  ( 41.26401788376784907, 89.34485357832082286, 8.150282276710553830 ) ) ;
#6417 = DIRECTION ( 'NONE',  ( 0.000000000000000000, -1.000000000000000000, -0.000000000000000000 ) ) ;
#6418 = LINE ( 'NONE', #2228, #7432 ) ;
#6419 = CARTESIAN_POINT ( 'NONE',  ( 67.60187208521115565, 86.26454616400530995, 15.20802233962035999 ) ) ;
#6420 = CARTESIAN_POINT ( 'NONE',  ( -63.84929463321039123, 89.99442131198301809, 5.001118559683757958 ) ) ;
#6421 = AXIS2_PLACEMENT_3D ( 'NONE', #847, #7771, #1607 ) ;
#6422 = ORIENTED_EDGE ( 'NONE', *, *, #6163, .F. ) ;
#6423 = DIRECTION ( 'NONE',  ( 0.000000000000000000, 0.000000000000000000, 1.000000000000000000 ) ) ;
#6424 = ORIENTED_EDGE ( 'NONE', *, *, #1810, .T. ) ;
#6425 = CARTESIAN_POINT ( 'NONE',  ( 57.94292120108758581, 90.00000000000002842, 6.158844245596608147 ) ) ;
#6426 = FACE_OUTER_BOUND ( 'NONE', #7726, .T. ) ;
#6427 = AXIS2_PLACEMENT_3D ( 'NONE', #1602, #5784, #298 ) ;
#6428 = EDGE_CURVE ( 'NONE', #3044, #2895, #416, .T. ) ;
#6429 = CARTESIAN_POINT ( 'NONE',  ( -63.76214677508097850, 89.99704467278040454, 5.490944934403551692 ) ) ;
#6430 = CARTESIAN_POINT ( 'NONE',  ( -56.23109488393692601, 85.99999999999997158, 5.116004955257705156 ) ) ;
#6431 = EDGE_CURVE ( 'NONE', #6382, #3423, #7868, .T. ) ;
#6432 = CARTESIAN_POINT ( 'NONE',  ( -38.52587831712405375, 90.00000000000001421, 13.32432580769919284 ) ) ;
#6433 = CARTESIAN_POINT ( 'NONE',  ( -55.26995546567906104, 89.99999999999997158, 7.562563352606315625 ) ) ;
#6434 = CARTESIAN_POINT ( 'NONE',  ( 67.49733080839671118, 86.29890415676739224, 17.00000000000000000 ) ) ;
#6435 = VERTEX_POINT ( 'NONE', #1720 ) ;
#6436 = DIRECTION ( 'NONE',  ( 0.000000000000000000, 0.000000000000000000, -1.000000000000000000 ) ) ;
#6437 = AXIS2_PLACEMENT_3D ( 'NONE', #718, #1260, #7506 ) ;
#6438 = CARTESIAN_POINT ( 'NONE',  ( -68.35077424651522904, 86.00032376397605560, 5.948473245646846763 ) ) ;
#6439 = ORIENTED_EDGE ( 'NONE', *, *, #5861, .T. ) ;
#6440 = CARTESIAN_POINT ( 'NONE',  ( -51.42179719203307542, 90.00000000000001421, 8.755030765233289713 ) ) ;
#6441 = LINE ( 'NONE', #4285, #6288 ) ;
#6442 = PLANE ( 'NONE',  #3935 ) ;
#6443 = CARTESIAN_POINT ( 'NONE',  ( -11.00000001474445099, 90.00000000000000000, 16.50000000022901148 ) ) ;
#6444 = EDGE_CURVE ( 'NONE', #1128, #2698, #6446, .T. ) ;
#6445 = B_SPLINE_CURVE_WITH_KNOTS ( 'NONE', 3,
 ( #2591, #8129, #619, #8219 ),
 .UNSPECIFIED., .F., .F.,
 ( 4, 4 ),
 ( 0.000000000000000000, 0.003671572875253811818 ),
 .UNSPECIFIED. ) ;
#6446 = LINE ( 'NONE', #3022, #5719 ) ;
#6447 = ORIENTED_EDGE ( 'NONE', *, *, #1906, .T. ) ;
#6448 = ORIENTED_EDGE ( 'NONE', *, *, #2778, .F. ) ;
#6449 = ORIENTED_EDGE ( 'NONE', *, *, #2402, .F. ) ;
#6450 = EDGE_LOOP ( 'NONE', ( #3146, #2040, #680, #7376 ) ) ;
#6451 = DIRECTION ( 'NONE',  ( -1.000000000000000000, 0.000000000000000000, 0.000000000000000000 ) ) ;
#6452 = CARTESIAN_POINT ( 'NONE',  ( 92.61641223980311111, 80.54374786512443052, 14.26934923016930057 ) ) ;
#6453 = CARTESIAN_POINT ( 'NONE',  ( -33.52761121814194922, 86.00000000000001421, 17.00000000000003553 ) ) ;
#6454 = DIRECTION ( 'NONE',  ( 0.000000000000000000, 0.000000000000000000, -1.000000000000000000 ) ) ;
#6455 = DIRECTION ( 'NONE',  ( -0.000000000000000000, -0.000000000000000000, -1.000000000000000000 ) ) ;
#6456 = CARTESIAN_POINT ( 'NONE',  ( 44.00000001382117887, 89.99999999999997158, 16.49999999998092548 ) ) ;
#6457 = CARTESIAN_POINT ( 'NONE',  ( -92.17196736257621126, 80.94351393957096263, 15.85574412127995991 ) ) ;
#6458 = CARTESIAN_POINT ( 'NONE',  ( 56.95139996793646020, 89.34485357832083707, 4.671921944335024612 ) ) ;
#6459 = ORIENTED_EDGE ( 'NONE', *, *, #1716, .F. ) ;
#6460 = CARTESIAN_POINT ( 'NONE',  ( 37.53576505139719899, 89.34485357832082286, 8.302812151827373199 ) ) ;
#6461 = CARTESIAN_POINT ( 'NONE',  ( 0.000000000000000000, 82.50000000000000000, 17.00000000000000000 ) ) ;
#6462 = PLANE ( 'NONE',  #7983 ) ;
#6463 = CARTESIAN_POINT ( 'NONE',  ( -67.46603098109173402, 89.83449011074635848, 5.816185297368639873 ) ) ;
#6464 = ORIENTED_EDGE ( 'NONE', *, *, #3653, .T. ) ;
#6465 = DIRECTION ( 'NONE',  ( 0.000000000000000000, 0.000000000000000000, 1.000000000000000000 ) ) ;
#6466 = CARTESIAN_POINT ( 'NONE',  ( 59.62495845451843479, 89.99999999999998579, 5.194752004204087115 ) ) ;
#6467 = CARTESIAN_POINT ( 'NONE',  ( 59.38160611427193913, 90.00000000000000000, 4.938873841833087752 ) ) ;
#6468 = LINE ( 'NONE', #4445, #8524 ) ;
#6469 = CYLINDRICAL_SURFACE ( 'NONE', #7550, 2.199999999999998845 ) ;
#6470 = CARTESIAN_POINT ( 'NONE',  ( 90.31400697876470929, 81.72273869471308672, 16.99999999999998934 ) ) ;
#6471 = ADVANCED_FACE ( 'NONE', ( #2342 ), #7836, .T. ) ;
#6472 = DIRECTION ( 'NONE',  ( -1.000000000000000000, 0.000000000000000000, 0.000000000000000000 ) ) ;
#6473 = CARTESIAN_POINT ( 'NONE',  ( -57.47004277595362964, 89.99999999999998579, 6.466786895438397131 ) ) ;
#6474 = DIRECTION ( 'NONE',  ( 0.000000000000000000, 0.000000000000000000, 1.000000000000000000 ) ) ;
#6475 = VERTEX_POINT ( 'NONE', #8470 ) ;
#6476 = ADVANCED_FACE ( 'NONE', ( #7160 ), #977, .T. ) ;
#6477 = DIRECTION ( 'NONE',  ( 1.000000000000000000, 0.000000000000000000, 0.000000000000000000 ) ) ;
#6478 = CARTESIAN_POINT ( 'NONE',  ( 40.25777667939013327, 82.50000000000000000, 15.00000000000000178 ) ) ;
#6479 = ORIENTED_EDGE ( 'NONE', *, *, #4143, .T. ) ;
#6480 = CARTESIAN_POINT ( 'NONE',  ( -51.35115405889530393, 89.87938523730680629, 8.430818030779564154 ) ) ;
#6481 = EDGE_CURVE ( 'NONE', #327, #4081, #8525, .T. ) ;
#6482 = DIRECTION ( 'NONE',  ( -0.000000000000000000, -0.000000000000000000, -1.000000000000000000 ) ) ;
#6483 = FACE_OUTER_BOUND ( 'NONE', #6874, .T. ) ;
#6484 = LINE ( 'NONE', #7791, #5567 ) ;
#6485 = CARTESIAN_POINT ( 'NONE',  ( 0.000000000000000000, 86.00000000000000000, 17.00000000000000000 ) ) ;
#6486 = ORIENTED_EDGE ( 'NONE', *, *, #8136, .T. ) ;
#6487 = VERTEX_POINT ( 'NONE', #5677 ) ;
#6488 = ORIENTED_EDGE ( 'NONE', *, *, #1449, .T. ) ;
#6489 = CARTESIAN_POINT ( 'NONE',  ( -10.72644713164820018, 74.00000000000000000, 15.00000000000000000 ) ) ;
#6490 = CARTESIAN_POINT ( 'NONE',  ( -30.00000000000000000, 88.19999999999998863, 8.397725512736064601 ) ) ;
#6491 = CARTESIAN_POINT ( 'NONE',  ( -93.14916611485280384, 76.06574234858507566, 11.75111740773345481 ) ) ;
#6492 = PLANE ( 'NONE',  #7098 ) ;
#6493 = LINE ( 'NONE', #8518, #2985 ) ;
#6494 = CARTESIAN_POINT ( 'NONE',  ( 11.00000001474445277, 90.00000000000000000, 17.00000000030532732 ) ) ;
#6495 = ADVANCED_FACE ( 'NONE', ( #7694 ), #6142, .F. ) ;
#6496 = AXIS2_PLACEMENT_3D ( 'NONE', #4998, #5625, #8460 ) ;
#6497 = CARTESIAN_POINT ( 'NONE',  ( -51.60506487187515745, 89.34485357832080865, 6.829814159755021485 ) ) ;
#6498 = ORIENTED_EDGE ( 'NONE', *, *, #4932, .F. ) ;
#6499 = CARTESIAN_POINT ( 'NONE',  ( 43.11868323835358296, 89.34485357832080865, 8.029644378699419605 ) ) ;
#6500 = CARTESIAN_POINT ( 'NONE',  ( -46.06999999992408590, 85.99999750000007737, 10.37000000000000099 ) ) ;
#6502 = LINE ( 'NONE', #341, #4097 ) ;
#6501 = CC_DESIGN_DATE_AND_TIME_ASSIGNMENT ( #449, #1881, ( #6770 ) ) ;
#6503 = CARTESIAN_POINT ( 'NONE',  ( -82.87121867953467813, 86.12109613843547606, 9.733342963288261984 ) ) ;
#6504 = CC_DESIGN_SECURITY_CLASSIFICATION ( #4198, ( #4354 ) ) ;
#6505 = ORIENTED_EDGE ( 'NONE', *, *, #4430, .T. ) ;
#6506 = PLANE ( 'NONE',  #3835 ) ;
#6507 = CARTESIAN_POINT ( 'NONE',  ( 56.42337216926608789, 90.00000000000002842, 7.443629202932417144 ) ) ;
#6508 = CARTESIAN_POINT ( 'NONE',  ( 59.37858664708247147, 90.00000000000004263, 4.942054882036824637 ) ) ;
#6509 = CARTESIAN_POINT ( 'NONE',  ( 0.000000000000000000, 86.00000000000000000, 17.00000000000000000 ) ) ;
#6510 = CARTESIAN_POINT ( 'NONE',  ( -92.29437860831626494, 77.11633288412443221, -15.00000000000000000 ) ) ;
#6511 = CARTESIAN_POINT ( 'NONE',  ( -58.07577625714868930, 85.99999999999994316, 3.699999999999995737 ) ) ;
#6512 = EDGE_CURVE ( 'NONE', #4462, #7673, #3089, .T. ) ;
#6513 = AXIS2_PLACEMENT_3D ( 'NONE', #1048, #7123, #966 ) ;
#6514 = CARTESIAN_POINT ( 'NONE',  ( 8.999999999999980460, 89.99999999999995737, 10.55265395849734489 ) ) ;
#6515 = CARTESIAN_POINT ( 'NONE',  ( -41.36350001457029180, 89.99999999999995737, 9.947564319162562896 ) ) ;
#6516 = DIRECTION ( 'NONE',  ( -1.000000000000000000, 0.000000000000000000, 4.163336342345625335E-16 ) ) ;
#6517 = ORIENTED_EDGE ( 'NONE', *, *, #3333, .F. ) ;
#6518 = APPLICATION_PROTOCOL_DEFINITION ( 'international standard', 'config_control_design', 1994, #1614 ) ;
#6519 = CARTESIAN_POINT ( 'NONE',  ( -38.13479509172441340, 80.00000000000000000, 13.10000000000000142 ) ) ;
#6520 = CIRCLE ( 'NONE', #2633, 0.7999999999999951594 ) ;
#6521 = VERTEX_POINT ( 'NONE', #1624 ) ;
#6522 = CARTESIAN_POINT ( 'NONE',  ( -44.73435402167203279, 85.99999999999997158, 7.900232776353529829 ) ) ;
#6523 = EDGE_CURVE ( 'NONE', #6169, #5521, #2980, .T. ) ;
#6524 = CARTESIAN_POINT ( 'NONE',  ( -39.95048525549677976, 89.50000000000002842, 13.93381816535567097 ) ) ;
#6525 = CARTESIAN_POINT ( 'NONE',  ( 9.000000000000014211, 89.87938524157178222, 9.868613674765539301 ) ) ;
#6526 = VECTOR ( 'NONE', #7844, 1000.000000000000000 ) ;
#6527 = LINE ( 'NONE', #1849, #1698 ) ;
#6528 = CARTESIAN_POINT ( 'NONE',  ( 32.78339671561517576, 89.99999999997990585, 10.19957550330673790 ) ) ;
#6529 = ORIENTED_EDGE ( 'NONE', *, *, #5111, .T. ) ;
#6530 = ORIENTED_EDGE ( 'NONE', *, *, #7237, .T. ) ;
#6531 = VECTOR ( 'NONE', #4036, 1000.000000000000000 ) ;
#6532 = ORIENTED_EDGE ( 'NONE', *, *, #5566, .T. ) ;
#6533 = ORIENTED_EDGE ( 'NONE', *, *, #6971, .T. ) ;
#6534 = LINE ( 'NONE', #8693, #3142 ) ;
#6535 = CARTESIAN_POINT ( 'NONE',  ( 78.64864064142268774, 87.19602567543532246, 8.336295224629864720 ) ) ;
#6536 = B_SPLINE_CURVE_WITH_KNOTS ( 'NONE', 3,
 ( #8208, #654, #4788, #7487, #6141, #6682, #5373, #527, #4657, #8117, #2714, #4705, #7448, #3979, #8879, #5463, #1279, #6767, #2758, #2578, #3346, #6094, #8833, #2038, #8164, #1993, #4746, #6857 ),
 .UNSPECIFIED., .F., .F.,
 ( 4, 2, 2, 2, 2, 2, 2, 2, 2, 2, 2, 2, 2, 4 ),
 ( 0.006535648633647007065, 0.007375241079662502551, 0.007795037302670242488, 0.008214833525677983292, 0.008634629748685724096, 0.009054425971693463165, 0.009894018417708943039, 0.01031381464071666476, 0.01073361086372438822, 0.01115340708673211167, 0.01157320330973983166, 0.01241279575575530633, 0.01283259197876303846, 0.01325238820177076886 ),
 .UNSPECIFIED. ) ;
#6537 = AXIS2_PLACEMENT_3D ( 'NONE', #4244, #917, #6407 ) ;
#6538 = DIRECTION ( 'NONE',  ( 0.000000000000000000, 0.000000000000000000, 1.000000000000000000 ) ) ;
#6539 = EDGE_CURVE ( 'NONE', #1586, #3291, #3265, .T. ) ;
#6540 = CARTESIAN_POINT ( 'NONE',  ( -54.49999999999998579, 83.00000000000000000, 15.00000000000000178 ) ) ;
#6541 = CARTESIAN_POINT ( 'NONE',  ( -46.77168518874231040, 89.50000000000004263, 11.35767660951134062 ) ) ;
#6542 = DIRECTION ( 'NONE',  ( 1.000000000000000000, 0.000000000000000000, 0.000000000000000000 ) ) ;
#6543 = CARTESIAN_POINT ( 'NONE',  ( 93.22212687559714084, 76.01317438786992398, 12.06375359326712982 ) ) ;
#6544 = ORIENTED_EDGE ( 'NONE', *, *, #436, .F. ) ;
#6545 = CARTESIAN_POINT ( 'NONE',  ( -27.00000000000000000, 90.00000000000000000, 10.55265396141741086 ) ) ;
#6546 = EDGE_CURVE ( 'NONE', #8618, #5287, #3019, .T. ) ;
#6547 = ORIENTED_EDGE ( 'NONE', *, *, #4032, .T. ) ;
#6548 = CARTESIAN_POINT ( 'NONE',  ( 91.87777453040715159, 80.83978022226104088, 16.24684844485212309 ) ) ;
#6549 = CARTESIAN_POINT ( 'NONE',  ( -50.50000000000000000, 85.99999999999997158, 10.69248418107810039 ) ) ;
#6550 = ADVANCED_FACE ( 'NONE', ( #6975 ), #2973, .F. ) ;
#6551 = ORIENTED_EDGE ( 'NONE', *, *, #8505, .T. ) ;
#6553 = VECTOR ( 'NONE', #884, 999.9999999999998863 ) ;
#6552 = LINE ( 'NONE', #7178, #8433 ) ;
#6554 = CYLINDRICAL_SURFACE ( 'NONE', #2353, 1.750000000000001554 ) ;
#6555 = CARTESIAN_POINT ( 'NONE',  ( 39.09782423949413044, 89.99999999999995737, 10.05228671916263572 ) ) ;
#6556 = CARTESIAN_POINT ( 'NONE',  ( -58.92606891396933833, 89.87938524169979360, 4.931602951762852349 ) ) ;
#6557 = LINE ( 'NONE', #5585, #7052 ) ;
#6558 = CARTESIAN_POINT ( 'NONE',  ( -16.82234849141332589, 86.00000000000000000, 16.99999999999997158 ) ) ;
#6559 = CYLINDRICAL_SURFACE ( 'NONE', #7108, 1.999999999999998224 ) ;
#6560 = CIRCLE ( 'NONE', #5701, 0.5000000000000004441 ) ;
#6561 = CARTESIAN_POINT ( 'NONE',  ( -39.04056862223452384, 89.99999999999997158, 11.12104222230922979 ) ) ;
#6562 = CARTESIAN_POINT ( 'NONE',  ( -35.69648921470202652, 89.99999999999995737, 10.14477106737028400 ) ) ;
#6563 = CARTESIAN_POINT ( 'NONE',  ( -26.99999999999998934, 89.99999999999997158, 10.55265396141681933 ) ) ;
#6564 = VERTEX_POINT ( 'NONE', #5764 ) ;
#6565 = CARTESIAN_POINT ( 'NONE',  ( 0.000000000000000000, 83.09999999999999432, 17.00000000000000000 ) ) ;
#6566 = CARTESIAN_POINT ( 'NONE',  ( -67.49346608467050146, 86.30017469314418577, 17.06609606578777516 ) ) ;
#6567 = EDGE_CURVE ( 'NONE', #3456, #1844, #4329, .T. ) ;
#6568 = AXIS2_PLACEMENT_3D ( 'NONE', #4344, #6990, #62 ) ;
#6569 = ORIENTED_EDGE ( 'NONE', *, *, #7460, .F. ) ;
#6570 = CARTESIAN_POINT ( 'NONE',  ( 26.99999999999998934, 86.59999999999999432, 8.400000000000000355 ) ) ;
#6571 = CIRCLE ( 'NONE', #6713, 0.8999999999999980238 ) ;
#6572 = CARTESIAN_POINT ( 'NONE',  ( -40.04014120461553006, 89.50000000000002842, 13.95175804262665409 ) ) ;
#6573 = FACE_OUTER_BOUND ( 'NONE', #8191, .T. ) ;
#6574 = DIRECTION ( 'NONE',  ( 0.9271838545667908660, 0.3746065934159035216, 0.000000000000000000 ) ) ;
#6575 = CONICAL_SURFACE ( 'NONE', #4278, 1.424999999999948752, 0.5235987755983000369 ) ;
#6576 = CARTESIAN_POINT ( 'NONE',  ( 45.70386916488941154, 89.87938526038855969, 9.280029248289602961 ) ) ;
#6577 = VERTEX_POINT ( 'NONE', #1532 ) ;
#6578 = ORIENTED_EDGE ( 'NONE', *, *, #432, .F. ) ;
#6579 = EDGE_LOOP ( 'NONE', ( #4596, #3408, #1562, #7643, #324 ) ) ;
#6580 = CARTESIAN_POINT ( 'NONE',  ( 40.75128516052816252, 85.99999999999995737, 8.188498166788988897 ) ) ;
#6581 = CARTESIAN_POINT ( 'NONE',  ( -88.81057544185962627, 83.39871197850723661, 16.47737401466813267 ) ) ;
#6582 = CARTESIAN_POINT ( 'NONE',  ( 91.96367203811087165, 81.11401639872008218, 16.13911784144372064 ) ) ;
#6583 = DIRECTION ( 'NONE',  ( 0.000000000000000000, -0.000000000000000000, -1.000000000000000000 ) ) ;
#6584 = CARTESIAN_POINT ( 'NONE',  ( 20.50000000000001776, 85.00000000000000000, 3.694999999999993623 ) ) ;
#6585 = CARTESIAN_POINT ( 'NONE',  ( -47.29389656818117516, 89.50000000000004263, 13.25015099065225321 ) ) ;
#6586 = CARTESIAN_POINT ( 'NONE',  ( 38.50000000174957648, 90.00000000000001421, 17.00000000000001066 ) ) ;
#6587 = CARTESIAN_POINT ( 'NONE',  ( 93.20011252351622488, 76.03501359408465987, 12.30218614253754694 ) ) ;
#6588 = ORIENTED_EDGE ( 'NONE', *, *, #1555, .F. ) ;
#6589 = EDGE_CURVE ( 'NONE', #8704, #2144, #3701, .T. ) ;
#6590 = CARTESIAN_POINT ( 'NONE',  ( 78.72309813067460027, 87.66191522435156003, 8.808215870081069099 ) ) ;
#6591 = ORIENTED_EDGE ( 'NONE', *, *, #5204, .F. ) ;
#6592 = MANIFOLD_SOLID_BREP ( 'Basisteil-R1-L1_Bar-1', #2776 ) ;
#6593 = VECTOR ( 'NONE', #1813, 1000.000000000000000 ) ;
#6594 = DIRECTION ( 'NONE',  ( 0.000000000000000000, -1.000000000000000000, 0.000000000000000000 ) ) ;
#6595 = EDGE_CURVE ( 'NONE', #1667, #6211, #257, .T. ) ;
#6596 = CARTESIAN_POINT ( 'NONE',  ( -71.68049106584012975, 89.39168247551044999, 7.242862313531773566 ) ) ;
#6597 = CARTESIAN_POINT ( 'NONE',  ( 26.99999999999999645, 89.95897694302746572, 10.08729007729092331 ) ) ;
#6598 = EDGE_CURVE ( 'NONE', #7502, #3210, #6937, .T. ) ;
#6599 = LINE ( 'NONE', #6728, #1204 ) ;
#6600 = CARTESIAN_POINT ( 'NONE',  ( 56.81226785030217030, 89.99999999999998579, 6.845708409054926058 ) ) ;
#6601 = FACE_OUTER_BOUND ( 'NONE', #3889, .T. ) ;
#6602 = CARTESIAN_POINT ( 'NONE',  ( -88.53576226103268709, 82.98126252931835722, 16.99999999999998934 ) ) ;
#6603 = CARTESIAN_POINT ( 'NONE',  ( -92.83389310168156783, 76.30889113059477324, 11.53307690277786079 ) ) ;
#6604 = DIRECTION ( 'NONE',  ( -1.000000000000000000, -5.092766168005307240E-16, -0.000000000000000000 ) ) ;
#6605 = CARTESIAN_POINT ( 'NONE',  ( -39.01695763898565161, 90.00000000000000000, 11.14141584278645780 ) ) ;
#6606 = CARTESIAN_POINT ( 'NONE',  ( -58.31725745912889636, 89.34485357832085128, 3.445461683855325585 ) ) ;
#6607 = VERTEX_POINT ( 'NONE', #952 ) ;
#6608 = EDGE_CURVE ( 'NONE', #8753, #8643, #6441, .T. ) ;
#6609 = CARTESIAN_POINT ( 'NONE',  ( -11.00000000017192114, 89.50000000000000000, 17.00000000000002487 ) ) ;
#6610 = CARTESIAN_POINT ( 'NONE',  ( 6.971983938970289785, 78.00000000000000000, 12.50000000000000000 ) ) ;
#6611 = ORIENTED_EDGE ( 'NONE', *, *, #7449, .T. ) ;
#6612 = CARTESIAN_POINT ( 'NONE',  ( -60.26014189535173671, 90.00000000000000000, 4.525223601385651051 ) ) ;
#6613 = EDGE_CURVE ( 'NONE', #1824, #2895, #7833, .T. ) ;
#6614 = ADVANCED_FACE ( 'NONE', ( #5588 ), #2405, .F. ) ;
#6615 = DIRECTION ( 'NONE',  ( -0.000000000000000000, 0.000000000000000000, 1.000000000000000000 ) ) ;
#6616 = DIRECTION ( 'NONE',  ( -0.000000000000000000, -0.000000000000000000, 1.000000000000000000 ) ) ;
#6617 = CARTESIAN_POINT ( 'NONE',  ( -72.00057539316630084, 84.26388072135330276, 11.22215175600951831 ) ) ;
#6618 = CARTESIAN_POINT ( 'NONE',  ( 58.56304424212539317, 89.87938529047521286, 5.270407973871420459 ) ) ;
#6619 = VERTEX_POINT ( 'NONE', #1847 ) ;
#6620 = CARTESIAN_POINT ( 'NONE',  ( -92.83773481326022647, 80.34677304506045914, 13.42591660272064047 ) ) ;
#6621 = EDGE_LOOP ( 'NONE', ( #3660, #6631, #5133, #216 ) ) ;
#6622 = ORIENTED_EDGE ( 'NONE', *, *, #5188, .T. ) ;
#6623 = DIRECTION ( 'NONE',  ( -2.775557561562872103E-14, 0.9962536359412952347, -0.08647943613223431358 ) ) ;
#6624 = CARTESIAN_POINT ( 'NONE',  ( 81.02527100965504303, 87.28548813266546347, 16.47310426567407404 ) ) ;
#6625 = CARTESIAN_POINT ( 'NONE',  ( 64.19840450240180019, 89.49196130215740652, 5.079793866592032359 ) ) ;
#6626 = DIRECTION ( 'NONE',  ( 0.000000000000000000, -1.000000000000000000, 0.000000000000000000 ) ) ;
#6627 = PLANE ( 'NONE',  #3656 ) ;
#6628 = CARTESIAN_POINT ( 'NONE',  ( -46.50362715307538508, 90.00000000000000000, 10.71910391844591182 ) ) ;
#6629 = CARTESIAN_POINT ( 'NONE',  ( -35.66239828762336117, 89.34485357832080865, 8.345093343698481547 ) ) ;
#6630 = CARTESIAN_POINT ( 'NONE',  ( 92.85811371118323621, 80.13002785242770187, 14.23538844584020957 ) ) ;
#6631 = ORIENTED_EDGE ( 'NONE', *, *, #6219, .T. ) ;
#6632 = CARTESIAN_POINT ( 'NONE',  ( 63.84424065506555479, 89.49733689768807210, 4.999979596519039227 ) ) ;
#6633 = ORIENTED_EDGE ( 'NONE', *, *, #4932, .T. ) ;
#6634 = CARTESIAN_POINT ( 'NONE',  ( 92.50861558376588789, 76.65612643188507036, 15.17827015894951437 ) ) ;
#6635 = CARTESIAN_POINT ( 'NONE',  ( -92.83389431418130755, 79.76922673094559002, 11.53308020482185370 ) ) ;
#6636 = EDGE_CURVE ( 'NONE', #4783, #1808, #2266, .T. ) ;
#6637 = CIRCLE ( 'NONE', #902, 0.8999999999999980238 ) ;
#6638 = CARTESIAN_POINT ( 'NONE',  ( -21.31192640368340108, 69.75150446665328730, 12.50000000000000000 ) ) ;
#6639 = DIRECTION ( 'NONE',  ( 1.000000000000000000, 0.000000000000000000, 0.000000000000000000 ) ) ;
#6640 = CARTESIAN_POINT ( 'NONE',  ( 56.47527584923842880, 89.99999999999998579, 7.020500188631658922 ) ) ;
#6641 = DIRECTION ( 'NONE',  ( -1.000000000000000000, 0.000000000000000000, 0.000000000000000000 ) ) ;
#6642 = DIRECTION ( 'NONE',  ( -1.000000000000000000, 0.000000000000000000, 0.000000000000000000 ) ) ;
#6643 = CARTESIAN_POINT ( 'NONE',  ( -26.99999999999998934, 89.34485357832085128, 8.400000000000000355 ) ) ;
#6644 = EDGE_CURVE ( 'NONE', #5444, #3972, #5176, .T. ) ;
#6645 = LOCAL_TIME ( 19, 36, 11.00000000000000000, #7591 ) ;
#6646 = FACE_OUTER_BOUND ( 'NONE', #5867, .T. ) ;
#6647 = CARTESIAN_POINT ( 'NONE',  ( 50.50000001708335162, 86.00000000000000000, 7.077492267574220897 ) ) ;
#6648 = DIRECTION ( 'NONE',  ( 0.000000000000000000, -0.000000000000000000, -1.000000000000000000 ) ) ;
#6649 = EDGE_LOOP ( 'NONE', ( #7929, #8773, #8267, #7335, #2467, #5830, #2381, #1690 ) ) ;
#6650 = DIRECTION ( 'NONE',  ( -0.000000000000000000, -0.000000000000000000, 1.000000000000000000 ) ) ;
#6651 = CARTESIAN_POINT ( 'NONE',  ( -51.99999999999998579, 87.50000000000000000, 17.00403242752945232 ) ) ;
#6652 = ORIENTED_EDGE ( 'NONE', *, *, #4430, .F. ) ;
#6653 = CARTESIAN_POINT ( 'NONE',  ( -46.06999999992408590, 94.19162435117168286, 12.57000000000000028 ) ) ;
#6654 = VECTOR ( 'NONE', #7299, 1000.000000000000000 ) ;
#6655 = DIRECTION ( 'NONE',  ( -0.000000000000000000, -0.000000000000000000, -1.000000000000000000 ) ) ;
#6656 = DIRECTION ( 'NONE',  ( 0.000000000000000000, 1.000000000000000000, 0.000000000000000000 ) ) ;
#6657 = FACE_OUTER_BOUND ( 'NONE', #1293, .T. ) ;
#6658 = CARTESIAN_POINT ( 'NONE',  ( 47.12712585643048158, 89.87938523837998162, 9.117156085884651873 ) ) ;
#6659 = VERTEX_POINT ( 'NONE', #4592 ) ;
#6660 = CIRCLE ( 'NONE', #48, 1.750000000000001554 ) ;
#6661 = CARTESIAN_POINT ( 'NONE',  ( -92.63011552359468226, 80.55194432919159908, 14.88064730875816899 ) ) ;
#6662 = VERTEX_POINT ( 'NONE', #1037 ) ;
#6663 = ORIENTED_EDGE ( 'NONE', *, *, #5290, .T. ) ;
#6664 = AXIS2_PLACEMENT_3D ( 'NONE', #5073, #7815, #1653 ) ;
#6665 = CYLINDRICAL_SURFACE ( 'NONE', #377, 3.000000000000002665 ) ;
#6666 = FACE_OUTER_BOUND ( 'NONE', #4685, .T. ) ;
#6667 = FACE_OUTER_BOUND ( 'NONE', #5702, .T. ) ;
#6668 = FACE_OUTER_BOUND ( 'NONE', #1976, .T. ) ;
#6669 = VECTOR ( 'NONE', #6, 1000.000000000000000 ) ;
#6670 = LINE ( 'NONE', #513, #4799 ) ;
#6671 = CARTESIAN_POINT ( 'NONE',  ( -47.45818802053772600, 89.50000000000001421, 12.75291585187443744 ) ) ;
#6672 = CARTESIAN_POINT ( 'NONE',  ( 90.89660534310391427, 81.40799295468032426, 16.93592390642832513 ) ) ;
#6673 = CARTESIAN_POINT ( 'NONE',  ( -33.03351799997508920, 89.34485357832090813, 8.382364759403964527 ) ) ;
#6674 = VERTEX_POINT ( 'NONE', #5137 ) ;
#6675 = AXIS2_PLACEMENT_3D ( 'NONE', #1686, #3883, #6542 ) ;
#6676 = CARTESIAN_POINT ( 'NONE',  ( 74.51808282918132420, 88.36514886220842868, 7.405433818933192747 ) ) ;
#6677 = ADVANCED_FACE ( 'NONE', ( #3911 ), #7327, .T. ) ;
#6678 = ORIENTED_EDGE ( 'NONE', *, *, #7607, .T. ) ;
#6679 = CIRCLE ( 'NONE', #6943, 1.749999999999999334 ) ;
#6680 = CARTESIAN_POINT ( 'NONE',  ( -91.87780581196666674, 77.18303182878143787, 16.24688794321358998 ) ) ;
#6681 = CARTESIAN_POINT ( 'NONE',  ( -51.99999999999998579, 87.50000000000000000, 17.00403242752945232 ) ) ;
#6682 = CARTESIAN_POINT ( 'NONE',  ( 74.36675265338750762, 84.98832690633480524, 12.53642215260134662 ) ) ;
#6683 = CARTESIAN_POINT ( 'NONE',  ( -93.15724964809649578, 79.85510328498259014, 12.68576975618952929 ) ) ;
#6684 = CARTESIAN_POINT ( 'NONE',  ( 47.01120683104431208, 89.99999999999998579, 9.462690335298930222 ) ) ;
#6685 = CARTESIAN_POINT ( 'NONE',  ( 64.62500000101003650, 89.49999999999998579, 16.99999999999999289 ) ) ;
#6686 = CARTESIAN_POINT ( 'NONE',  ( -80.84845858702297505, 86.81786493555271988, 16.99999999999998934 ) ) ;
#6687 = DIRECTION ( 'NONE',  ( -0.5570659408810945123, -0.4489470057497310096, -0.6986588033787393126 ) ) ;
#6688 = CARTESIAN_POINT ( 'NONE',  ( 55.33827022511323435, 85.99999999999997158, 5.575658595968937092 ) ) ;
#6689 = VECTOR ( 'NONE', #661, 999.9999999999998863 ) ;
#6690 = B_SPLINE_SURFACE_WITH_KNOTS ( 'NONE', 3, 1, ( 
 ( #3035, #5780 ),
 ( #7170, #8521 ),
 ( #2357, #5109 ),
 ( #1689, #3530 ),
 ( #6279, #115 ),
 ( #2851, #8344 ),
 ( #8027, #3885 ),
 ( #5236, #6630 ),
 ( #7344, #4519 ),
 ( #3845, #1821 ),
 ( #8861, #428 ),
 ( #6587, #472 ),
 ( #3167, #8611 ),
 ( #6543, #1732 ) ),
 .UNSPECIFIED., .F., .F., .F.,
 ( 4, 2, 2, 2, 2, 2, 4 ),
 ( 2, 2 ),
 ( 0.2098398914670936977, 0.2500000000000002776, 0.3750000000000004441, 0.5000000000000005551, 0.7500000000000008882, 0.8750000000000004441, 0.9313329538419456988 ),
 ( 0.000000000000000000, 1.000000000000000000 ),
 .UNSPECIFIED. ) ;
#6691 = CARTESIAN_POINT ( 'NONE',  ( -62.75601269841425989, 89.49999999999998579, 4.754736834767901321 ) ) ;
#6692 = CARTESIAN_POINT ( 'NONE',  ( -8.999999999999968026, 89.99999999999997158, 10.55265396377425624 ) ) ;
#6693 = VECTOR ( 'NONE', #753, 1000.000000000000000 ) ;
#6694 = ORIENTED_EDGE ( 'NONE', *, *, #8889, .T. ) ;
#6695 = CALENDAR_DATE ( 2026, 4, 4 ) ;
#6696 = EDGE_CURVE ( 'NONE', #5267, #2563, #7724, .T. ) ;
#6697 = CARTESIAN_POINT ( 'NONE',  ( 67.49733080839671118, 86.29890415676739224, 17.00000000000000000 ) ) ;
#6698 = ORIENTED_EDGE ( 'NONE', *, *, #4537, .F. ) ;
#6699 = CARTESIAN_POINT ( 'NONE',  ( -60.00430230742986026, 90.00000000000001421, 4.282507879284649377 ) ) ;
#6700 = EDGE_CURVE ( 'NONE', #3113, #8743, #8049, .T. ) ;
#6701 = EDGE_CURVE ( 'NONE', #2680, #5568, #3868, .T. ) ;
#6702 = CARTESIAN_POINT ( 'NONE',  ( -39.31236294722101832, 89.50000000000005684, 13.59149853813370434 ) ) ;
#6703 = CARTESIAN_POINT ( 'NONE',  ( 39.75827075065654270, 83.02222222221060122, 15.00000000000000178 ) ) ;
#6704 = CARTESIAN_POINT ( 'NONE',  ( 30.79999999999999361, 87.39999999999999147, 9.500000000000000000 ) ) ;
#6705 = CONICAL_SURFACE ( 'NONE', #5556, 1.749999999999999334, 0.7853981633974432830 ) ;
#6706 = CARTESIAN_POINT ( 'NONE',  ( 59.51400862047525209, 90.00000000000065370, 4.799312203887145856 ) ) ;
#6707 = ORIENTED_EDGE ( 'NONE', *, *, #8889, .F. ) ;
#6708 = CARTESIAN_POINT ( 'NONE',  ( -92.16160662707771678, 80.93321699241826650, 15.37995988009851267 ) ) ;
#6709 = ORIENTED_EDGE ( 'NONE', *, *, #8338, .T. ) ;
#6710 = ORIENTED_EDGE ( 'NONE', *, *, #6091, .T. ) ;
#6711 = CARTESIAN_POINT ( 'NONE',  ( 27.23653962231430725, 78.80006240345578306, 14.20000000000000107 ) ) ;
#6712 = PLANE ( 'NONE',  #214 ) ;
#6713 = AXIS2_PLACEMENT_3D ( 'NONE', #5592, #149, #6218 ) ;
#6714 = CARTESIAN_POINT ( 'NONE',  ( -40.08674042846468666, 89.50000000000005684, 11.16999999999999815 ) ) ;
#6715 = DIRECTION ( 'NONE',  ( -0.9868388408614894303, -0.1617068401990213178, -0.000000000000000000 ) ) ;
#6716 = VECTOR ( 'NONE', #8728, 1000.000000000000000 ) ;
#6717 = EDGE_CURVE ( 'NONE', #6982, #384, #8447, .T. ) ;
#6718 = LINE ( 'NONE', #8779, #2784 ) ;
#6719 = CARTESIAN_POINT ( 'NONE',  ( -46.11624091709580142, 89.49999999999998579, 13.96999873240708112 ) ) ;
#6720 = CARTESIAN_POINT ( 'NONE',  ( 63.25000001990012066, 89.50000000000000000, 16.99999999999999289 ) ) ;
#6721 = ORIENTED_EDGE ( 'NONE', *, *, #8505, .F. ) ;
#6722 = AXIS2_PLACEMENT_3D ( 'NONE', #366, #1039, #7196 ) ;
#6723 = CARTESIAN_POINT ( 'NONE',  ( 34.53628046296010723, 89.34485357832079444, 8.364062271939470605 ) ) ;
#6724 = CARTESIAN_POINT ( 'NONE',  ( -81.70315481589177864, 82.56996179795640955, 9.024659723424722557 ) ) ;
#6725 = CARTESIAN_POINT ( 'NONE',  ( -83.04079275806579119, 86.46316250287081573, 16.47280956276213715 ) ) ;
#6726 = EDGE_CURVE ( 'NONE', #670, #2184, #5000, .T. ) ;
#6727 = DIRECTION ( 'NONE',  ( -1.000000000000000000, 0.000000000000000000, 0.000000000000000000 ) ) ;
#6728 = CARTESIAN_POINT ( 'NONE',  ( -30.00000000000000000, 88.19999999999998863, -0.5062160878754172755 ) ) ;
#6729 = ORIENTED_EDGE ( 'NONE', *, *, #7081, .T. ) ;
#6730 = CARTESIAN_POINT ( 'NONE',  ( 37.58650073291369154, 89.99999999999998579, 10.10211745793827554 ) ) ;
#6731 = DIRECTION ( 'NONE',  ( 0.000000000000000000, 1.000000000000000000, 0.000000000000000000 ) ) ;
#6732 = ORIENTED_EDGE ( 'NONE', *, *, #1828, .T. ) ;
#6733 = CARTESIAN_POINT ( 'NONE',  ( -20.50000000000001776, 85.00000000000000000, 3.694999999999993623 ) ) ;
#6734 = CARTESIAN_POINT ( 'NONE',  ( -15.38061663056503825, 68.75150446665328730, 15.00000000000000000 ) ) ;
#6735 = LINE ( 'NONE', #8216, #3370 ) ;
#6736 = CARTESIAN_POINT ( 'NONE',  ( 51.99999999999998579, 87.50000000000000000, 17.00403242752945232 ) ) ;
#6737 = DIRECTION ( 'NONE',  ( -1.000000000000000000, 0.000000000000000000, 0.000000000000000000 ) ) ;
#6738 = EDGE_LOOP ( 'NONE', ( #8511, #1541, #603, #7260, #6532, #4507 ) ) ;
#6739 = DIRECTION ( 'NONE',  ( -0.000000000000000000, 0.000000000000000000, 1.000000000000000000 ) ) ;
#6740 = CARTESIAN_POINT ( 'NONE',  ( -93.03352456396245884, 80.16181012536208073, 12.01343122975534072 ) ) ;
#6741 = ORIENTED_EDGE ( 'NONE', *, *, #1097, .T. ) ;
#6742 = EDGE_CURVE ( 'NONE', #7512, #3339, #1758, .T. ) ;
#6743 = LINE ( 'NONE', #585, #6112 ) ;
#6744 = CARTESIAN_POINT ( 'NONE',  ( -39.82017122870708903, 89.50000000000005684, 11.24403303427175693 ) ) ;
#6745 = EDGE_CURVE ( 'NONE', #3279, #2583, #7146, .T. ) ;
#6746 = DIRECTION ( 'NONE',  ( 0.000000000000000000, 0.000000000000000000, 1.000000000000000000 ) ) ;
#6747 = CARTESIAN_POINT ( 'NONE',  ( -95.97699469686101281, 73.76725804572292589, 17.00000000000000000 ) ) ;
#6748 = CARTESIAN_POINT ( 'NONE',  ( 60.01499505186627204, 90.00000000000002842, 4.783625763683376775 ) ) ;
#6749 = ORIENTED_EDGE ( 'NONE', *, *, #2047, .F. ) ;
#6750 = CARTESIAN_POINT ( 'NONE',  ( -91.96367203811087165, 81.11401639872008218, 16.13911784144372064 ) ) ;
#6751 = VERTEX_POINT ( 'NONE', #5857 ) ;
#6752 = EDGE_CURVE ( 'NONE', #3054, #5434, #6858, .T. ) ;
#6753 = ORIENTED_EDGE ( 'NONE', *, *, #3280, .F. ) ;
#6754 = DIRECTION ( 'NONE',  ( 1.000000000000000000, 0.000000000000000000, 0.000000000000000000 ) ) ;
#6755 = CYLINDRICAL_SURFACE ( 'NONE', #7967, 0.8999999999999980238 ) ;
#6756 = CARTESIAN_POINT ( 'NONE',  ( -39.04669905622813530, 89.50000000000007105, 11.86493342748073765 ) ) ;
#6757 = CARTESIAN_POINT ( 'NONE',  ( -21.56717675574722293, 76.00000000000000000, 14.20000000000000107 ) ) ;
#6758 = CARTESIAN_POINT ( 'NONE',  ( 38.01000000008891533, 83.09999999994768416, 14.70000000000002061 ) ) ;
#6759 = CARTESIAN_POINT ( 'NONE',  ( -46.94020391871277553, 89.50000000000008527, 13.66694067785776667 ) ) ;
#6760 = CARTESIAN_POINT ( 'NONE',  ( 91.79704300809622453, 81.25106358489050251, 16.38426064896978573 ) ) ;
#6761 = ORIENTED_EDGE ( 'NONE', *, *, #6595, .T. ) ;
#6762 = DIRECTION ( 'NONE',  ( -3.469446951953611428E-15, 1.000000000000000000, 0.000000000000000000 ) ) ;
#6763 = CARTESIAN_POINT ( 'NONE',  ( -89.88753322869369811, 78.39318522015291535, 10.86908905728270724 ) ) ;
#6765 = AXIS2_PLACEMENT_3D ( 'NONE', #143, #2876, #2202 ) ;
#6764 = CARTESIAN_POINT ( 'NONE',  ( -81.02527100965504303, 87.28548813266546347, 16.47310426567407404 ) ) ;
#6766 = CARTESIAN_POINT ( 'NONE',  ( -58.22065909502086356, 89.34485357832083707, 3.547283211745559051 ) ) ;
#6767 = CARTESIAN_POINT ( 'NONE',  ( 71.76407445467465607, 85.48915356387679765, 13.13998998447178401 ) ) ;
#6768 = CARTESIAN_POINT ( 'NONE',  ( -53.99999999999998579, 80.50000000000000000, 15.00000000000000178 ) ) ;
#6769 = ORIENTED_EDGE ( 'NONE', *, *, #1097, .F. ) ;
#6770 = PRODUCT_DEFINITION ( 'Allgemein', '', #4354, #523 ) ;
#6771 = CARTESIAN_POINT ( 'NONE',  ( 58.14016045826414825, 89.34485357832086549, 3.632134484987417089 ) ) ;
#6772 = FACE_OUTER_BOUND ( 'NONE', #6159, .T. ) ;
#6773 = ORIENTED_EDGE ( 'NONE', *, *, #7130, .F. ) ;
#6774 = CARTESIAN_POINT ( 'NONE',  ( 20.50000000000001776, 85.00000000000000000, 17.00000000000000000 ) ) ;
#6775 = CARTESIAN_POINT ( 'NONE',  ( -35.51000099991107106, 82.25495999994770102, 13.85000000000000675 ) ) ;
#6776 = CARTESIAN_POINT ( 'NONE',  ( 17.62771867673099990, 82.50000000000000000, 15.00000000000000178 ) ) ;
#6777 = ADVANCED_FACE ( 'NONE', ( #2556 ), #1877, .T. ) ;
#6778 = ADVANCED_FACE ( 'NONE', ( #3094 ), #6146, .T. ) ;
#6779 = CARTESIAN_POINT ( 'NONE',  ( 60.03122968571055651, 89.49999999256587557, 4.140680462549375385 ) ) ;
#6780 = VERTEX_POINT ( 'NONE', #1121 ) ;
#6781 = CARTESIAN_POINT ( 'NONE',  ( -34.67724152486140810, 82.50000000000000000, 13.50000000000000000 ) ) ;
#6782 = AXIS2_PLACEMENT_3D ( 'NONE', #8366, #2197, #7739 ) ;
#6783 = DIRECTION ( 'NONE',  ( 1.000000000000000000, 0.000000000000000000, 0.000000000000000000 ) ) ;
#6784 = ORIENTED_EDGE ( 'NONE', *, *, #3017, .T. ) ;
#6785 = DIRECTION ( 'NONE',  ( 0.000000000000000000, 0.000000000000000000, -1.000000000000000000 ) ) ;
#6786 = EDGE_CURVE ( 'NONE', #7590, #1667, #7147, .T. ) ;
#6787 = CARTESIAN_POINT ( 'NONE',  ( -39.01372890277521321, 89.50000000000001421, 11.95042618901404019 ) ) ;
#6788 = CARTESIAN_POINT ( 'NONE',  ( -28.00001660253188263, 86.60000000000000853, 8.400000000000000355 ) ) ;
#6789 = CARTESIAN_POINT ( 'NONE',  ( -60.03122968570691143, 89.49999999257011041, 4.140680462548554708 ) ) ;
#6790 = CARTESIAN_POINT ( 'NONE',  ( 59.09375420084692365, 89.87938524159298481, 4.760518286485558193 ) ) ;
#6791 = ORIENTED_EDGE ( 'NONE', *, *, #8469, .F. ) ;
#6792 = CARTESIAN_POINT ( 'NONE',  ( -1.748270750565812603, 83.02222222222222570, 17.00000000000002842 ) ) ;
#6793 = ORIENTED_EDGE ( 'NONE', *, *, #4675, .T. ) ;
#6794 = ORIENTED_EDGE ( 'NONE', *, *, #2652, .F. ) ;
#6795 = CARTESIAN_POINT ( 'NONE',  ( 93.03352456396245884, 80.16181012536208073, 12.01343122975534072 ) ) ;
#6796 = DIRECTION ( 'NONE',  ( 4.163336342345625335E-16, -0.000000000000000000, 1.000000000000000000 ) ) ;
#6797 = EDGE_CURVE ( 'NONE', #206, #2583, #400, .T. ) ;
#6798 = CARTESIAN_POINT ( 'NONE',  ( -40.32613827112415805, 85.99999999999995737, 8.229776529308063360 ) ) ;
#6799 = CARTESIAN_POINT ( 'NONE',  ( -16.01768689137253077, 68.75150446665328730, 15.00000000000000000 ) ) ;
#6800 = AXIS2_PLACEMENT_3D ( 'NONE', #4214, #7677, #2817 ) ;
#6801 = DIRECTION ( 'NONE',  ( -0.9868388408614894303, -0.1617068401990212900, 0.000000000000000000 ) ) ;
#6802 = CARTESIAN_POINT ( 'NONE',  ( -46.85490302867768975, 90.00000000000002842, 14.30141008479761489 ) ) ;
#6803 = CARTESIAN_POINT ( 'NONE',  ( 62.56250001968160745, 89.49999999998568967, 17.00000000000000711 ) ) ;
#6804 = ORIENTED_EDGE ( 'NONE', *, *, #6219, .F. ) ;
#6805 = DIRECTION ( 'NONE',  ( 0.000000000000000000, 0.000000000000000000, -1.000000000000000000 ) ) ;
#6806 = CARTESIAN_POINT ( 'NONE',  ( -87.70737803260638543, 79.72439644740548204, 10.37776986439978089 ) ) ;
#6807 = EDGE_CURVE ( 'NONE', #7839, #3531, #6194, .T. ) ;
#6808 = CARTESIAN_POINT ( 'NONE',  ( -90.60264855163208608, 82.13057789342819603, 16.48120557518706875 ) ) ;
#6809 = CARTESIAN_POINT ( 'NONE',  ( -59.09004437199338611, 89.34485357832083707, 2.630889460733491614 ) ) ;
#6810 = CARTESIAN_POINT ( 'NONE',  ( -51.99999999999998579, 87.50000000000000000, 17.00000000000000711 ) ) ;
#6811 = AXIS2_PLACEMENT_3D ( 'NONE', #6127, #8281, #1938 ) ;
#6812 = CIRCLE ( 'NONE', #3665, 0.5000000000000004441 ) ;
#6813 = CARTESIAN_POINT ( 'NONE',  ( -91.97249852036095774, 77.10584978171316095, 16.12416677040028645 ) ) ;
#6814 = ORIENTED_EDGE ( 'NONE', *, *, #8226, .T. ) ;
#6815 = CARTESIAN_POINT ( 'NONE',  ( 57.64068037920910115, 89.34485357832089392, 4.120182197445799055 ) ) ;
#6816 = CARTESIAN_POINT ( 'NONE',  ( 70.56677625407284893, 85.59861640489539525, 11.08445471095074453 ) ) ;
#6817 = ORIENTED_EDGE ( 'NONE', *, *, #6885, .F. ) ;
#6818 = DIRECTION ( 'NONE',  ( 0.000000000000000000, 0.000000000000000000, -1.000000000000000000 ) ) ;
#6819 = CARTESIAN_POINT ( 'NONE',  ( -58.07577625714868930, 88.91092304027327486, 3.699999999999995293 ) ) ;
#6820 = EDGE_CURVE ( 'NONE', #5267, #2252, #2420, .T. ) ;
#6821 = DIRECTION ( 'NONE',  ( -0.7747913791385933058, 0.6076271815622518169, -0.1746067783312862387 ) ) ;
#6822 = EDGE_LOOP ( 'NONE', ( #5480, #2476, #5941, #7118 ) ) ;
#6823 = CARTESIAN_POINT ( 'NONE',  ( 0.000000000000000000, 83.09999999999999432, 17.00000000000002842 ) ) ;
#6824 = ORIENTED_EDGE ( 'NONE', *, *, #376, .F. ) ;
#6825 = CARTESIAN_POINT ( 'NONE',  ( -47.79513396406406400, 85.99999999999998579, 11.19752334116204473 ) ) ;
#6826 = CARTESIAN_POINT ( 'NONE',  ( -40.26999999992408874, 89.50000000000002842, 11.16999999999999993 ) ) ;
#6827 = ORIENTED_EDGE ( 'NONE', *, *, #2242, .T. ) ;
#6828 = CARTESIAN_POINT ( 'NONE',  ( -30.40598378207220165, 85.99999999999997158, 8.396553586555802084 ) ) ;
#6829 = CARTESIAN_POINT ( 'NONE',  ( -39.13090045442009313, 89.50000000000001421, 13.38518869257073085 ) ) ;
#6830 = CARTESIAN_POINT ( 'NONE',  ( -30.79999999999999361, 87.39999999999999147, -0.5062160878754172755 ) ) ;
#6831 = CARTESIAN_POINT ( 'NONE',  ( -60.11977948795207993, 90.00000000000000000, 4.673175535269195713 ) ) ;
#6832 = EDGE_CURVE ( 'NONE', #7428, #3522, #1576, .T. ) ;
#6833 = CARTESIAN_POINT ( 'NONE',  ( 73.59108015058917829, 89.31140745315293827, 16.48158329449396575 ) ) ;
#6834 = B_SPLINE_SURFACE_WITH_KNOTS ( 'NONE', 3, 1, ( 
 ( #6895, #3663 ),
 ( #735, #4875 ),
 ( #155, #5016 ),
 ( #3618, #780 ),
 ( #3476, #5596 ),
 ( #4919, #4969 ),
 ( #7703, #7614 ),
 ( #6222, #4295 ),
 ( #873, #2934 ),
 ( #7657, #56 ),
 ( #1494, #829 ),
 ( #7756, #1591 ) ),
 .UNSPECIFIED., .F., .F., .F.,
 ( 4, 1, 1, 1, 2, 1, 1, 1, 4 ),
 ( 2, 2 ),
 ( 0.000000000000000000, 0.09456249999999999378, 0.1891249999999999876, 0.2836874999999999258, 0.3782499999999999751, 0.5336874999999998703, 0.6891249999999999876, 0.8445624999999998828, 1.000000000000000000 ),
 ( 0.000000000000000000, 1.000000000000000000 ),
 .UNSPECIFIED. ) ;
#6835 = ORIENTED_EDGE ( 'NONE', *, *, #8844, .F. ) ;
#6836 = CARTESIAN_POINT ( 'NONE',  ( -93.14135772768337063, 79.84539733234517200, 12.82586366357008778 ) ) ;
#6837 = EDGE_LOOP ( 'NONE', ( #1996, #915, #1491, #6882 ) ) ;
#6838 = VECTOR ( 'NONE', #4865, 1000.000000000000000 ) ;
#6839 = CARTESIAN_POINT ( 'NONE',  ( -74.75347661744271477, 84.84860501180509118, 11.22215175600951831 ) ) ;
#6840 = ORIENTED_EDGE ( 'NONE', *, *, #8342, .F. ) ;
#6841 = CARTESIAN_POINT ( 'NONE',  ( -32.78123639530263489, 89.87938524229423365, 9.868171078576626343 ) ) ;
#6842 = CARTESIAN_POINT ( 'NONE',  ( -49.90999935143079824, 82.24689295812471812, 15.00000000000000178 ) ) ;
#6843 = DIRECTION ( 'NONE',  ( -0.9755345439457592249, 0.000000000000000000, 0.2198462043532692922 ) ) ;
#6844 = VERTEX_POINT ( 'NONE', #833 ) ;
#6845 = VECTOR ( 'NONE', #6195, 1000.000000000000000 ) ;
#6846 = LINE ( 'NONE', #689, #6669 ) ;
#6847 = CARTESIAN_POINT ( 'NONE',  ( -47.71656440213355665, 90.00000000000001421, 11.61989361878070248 ) ) ;
#6848 = DIRECTION ( 'NONE',  ( -0.000000000000000000, -0.000000000000000000, 1.000000000000000000 ) ) ;
#6849 = CARTESIAN_POINT ( 'NONE',  ( 9.626830880257903900, 72.74790443272765117, 12.50000000000000000 ) ) ;
#6850 = ORIENTED_EDGE ( 'NONE', *, *, #16, .F. ) ;
#6851 = CARTESIAN_POINT ( 'NONE',  ( 84.08230670934932505, 81.61169320620206236, 9.560824758882253249 ) ) ;
#6852 = CIRCLE ( 'NONE', #3548, 3.000000000000002665 ) ;
#6854 = EDGE_CURVE ( 'NONE', #3873, #4670, #514, .T. ) ;
#6853 = CARTESIAN_POINT ( 'NONE',  ( -91.98536755986805247, 77.09525363025085198, 16.10564632742773128 ) ) ;
#6855 = CARTESIAN_POINT ( 'NONE',  ( -73.53110293441808665, 88.81434170874177880, 17.00000000000001421 ) ) ;
#6856 = CARTESIAN_POINT ( 'NONE',  ( -58.06478112677562109, 89.34485357832087971, 3.711561045895958255 ) ) ;
#6857 = CARTESIAN_POINT ( 'NONE',  ( 70.56622364092908128, 85.60254845172691773, 11.22215175600951831 ) ) ;
#6858 = CIRCLE ( 'NONE', #4706, 0.5000000000000004441 ) ;
#6859 = CARTESIAN_POINT ( 'NONE',  ( -91.92595187057374062, 80.92250234589337765, 16.18642557505686597 ) ) ;
#6860 = EDGE_LOOP ( 'NONE', ( #4103, #7200, #767 ) ) ;
#6861 = ADVANCED_FACE ( 'NONE', ( #111 ), #8340, .F. ) ;
#6862 = CARTESIAN_POINT ( 'NONE',  ( 58.51045418734504722, 89.34485357832089392, 3.241818628074874198 ) ) ;
#6863 = CARTESIAN_POINT ( 'NONE',  ( 71.38151800353357146, 85.43574821199376856, 9.571106702933677823 ) ) ;
#6864 = CARTESIAN_POINT ( 'NONE',  ( -30.79999999999998650, 87.40000000000016200, 8.395370510911531525 ) ) ;
#6865 = CARTESIAN_POINT ( 'NONE',  ( -40.26999999992408874, 86.59999999999999432, 10.37000000000000099 ) ) ;
#6866 = CARTESIAN_POINT ( 'NONE',  ( 0.000000000000000000, 82.50000000000000000, 15.00000000000000178 ) ) ;
#6867 = ADVANCED_FACE ( 'NONE', ( #6225 ), #8082, .T. ) ;
#6868 = B_SPLINE_CURVE_WITH_KNOTS ( 'NONE', 1,
 ( #7456, #6819 ),
 .UNSPECIFIED., .F., .F.,
 ( 2, 2 ),
 ( 0.3750000000000000000, 0.7277307600683194933 ),
 .UNSPECIFIED. ) ;
#6869 = ORIENTED_EDGE ( 'NONE', *, *, #3807, .F. ) ;
#6870 = CARTESIAN_POINT ( 'NONE',  ( 1.749999999999999334, 83.09999999999999432, 13.50000000000000000 ) ) ;
#6871 = EDGE_LOOP ( 'NONE', ( #6403, #946, #345, #2053 ) ) ;
#6872 = DIRECTION ( 'NONE',  ( -0.000000000000000000, 0.000000000000000000, 1.000000000000000000 ) ) ;
#6873 = CARTESIAN_POINT ( 'NONE',  ( -46.06999999992408590, 89.50000000000004263, 11.17000000000000526 ) ) ;
#6874 = EDGE_LOOP ( 'NONE', ( #814, #1944, #8311, #4649 ) ) ;
#6875 = CARTESIAN_POINT ( 'NONE',  ( -46.06999999992408590, 86.59999999999999432, 11.16999999999999993 ) ) ;
#6876 = CARTESIAN_POINT ( 'NONE',  ( -39.08114077693149113, 89.50000000000004263, 11.83030637547347830 ) ) ;
#6877 = EDGE_CURVE ( 'NONE', #506, #8618, #6321, .T. ) ;
#6878 = CARTESIAN_POINT ( 'NONE',  ( -59.38110299795393843, 90.00000000000000000, 4.939404162476544791 ) ) ;
#6879 = CYLINDRICAL_SURFACE ( 'NONE', #8302, 1.750000000000001554 ) ;
#6880 = ORIENTED_EDGE ( 'NONE', *, *, #7407, .F. ) ;
#6881 = DIRECTION ( 'NONE',  ( 0.000000000000000000, -0.000000000000000000, 1.000000000000000000 ) ) ;
#6882 = ORIENTED_EDGE ( 'NONE', *, *, #3175, .F. ) ;
#6883 = CARTESIAN_POINT ( 'NONE',  ( -48.17839985231064759, 82.50000000000000000, 17.00000000000000000 ) ) ;
#6884 = ORIENTED_EDGE ( 'NONE', *, *, #4677, .T. ) ;
#6885 = EDGE_CURVE ( 'NONE', #2952, #3198, #1918, .T. ) ;
#6886 = CARTESIAN_POINT ( 'NONE',  ( -40.26999999992408874, 86.59999999999999432, 12.56999999999999851 ) ) ;
#6887 = CARTESIAN_POINT ( 'NONE',  ( -58.07577625714866087, 89.03267999891895101, 3.700000000000003286 ) ) ;
#6888 = CARTESIAN_POINT ( 'NONE',  ( -11.26825767104127429, 86.00000000000001421, 8.399999999999995026 ) ) ;
#6889 = CARTESIAN_POINT ( 'NONE',  ( -68.23206281607575363, 86.05729039852661799, 17.00000000000001066 ) ) ;
#6890 = CARTESIAN_POINT ( 'NONE',  ( -47.49991577681923616, 90.00000000000001421, 11.31847689412879099 ) ) ;
#6891 = FACE_OUTER_BOUND ( 'NONE', #8858, .T. ) ;
#6892 = CARTESIAN_POINT ( 'NONE',  ( -40.02138728688289149, 90.00000000000000000, 10.68225543517739240 ) ) ;
#6893 = ORIENTED_EDGE ( 'NONE', *, *, #3565, .F. ) ;
#6894 = DIRECTION ( 'NONE',  ( 1.000000000000000000, 3.469446951953611428E-15, -0.000000000000000000 ) ) ;
#6895 = CARTESIAN_POINT ( 'NONE',  ( 97.90079786713343424, 75.58182856297455032, 17.00000000000000000 ) ) ;
#6896 = CARTESIAN_POINT ( 'NONE',  ( -73.62746411477809261, 89.32437810657312127, 16.99999999998875921 ) ) ;
#6897 = CARTESIAN_POINT ( 'NONE',  ( -63.11708567079401888, 89.50113582874118379, 4.836108143415931870 ) ) ;
#6898 = CARTESIAN_POINT ( 'NONE',  ( -56.17695511687977472, 89.34485357832083707, 5.140772713469187849 ) ) ;
#6899 = CARTESIAN_POINT ( 'NONE',  ( -49.90999935143079824, 82.24689295812471812, 17.00000000000004974 ) ) ;
#6900 = CARTESIAN_POINT ( 'NONE',  ( -23.37228132326903562, 83.00000000000000000, 17.00000000000003553 ) ) ;
#6901 = EDGE_LOOP ( 'NONE', ( #4313, #5042, #5183, #6449, #6068, #4425, #5012, #8354 ) ) ;
#6902 = CARTESIAN_POINT ( 'NONE',  ( 57.96135234885709053, 89.34485357832086549, 3.817691757908885819 ) ) ;
#6903 = CARTESIAN_POINT ( 'NONE',  ( -69.88636764285547542, 85.74521847478185066, 13.48530664947886315 ) ) ;
#6904 = DIRECTION ( 'NONE',  ( 0.000000000000000000, 0.000000000000000000, 1.000000000000000000 ) ) ;
#6905 = CARTESIAN_POINT ( 'NONE',  ( 61.57658249774306825, 89.99999999999997158, 5.001480272585305364 ) ) ;
#6906 = CARTESIAN_POINT ( 'NONE',  ( 92.72397121200469883, 79.76922673094559002, 12.02084747679476529 ) ) ;
#6907 = ADVANCED_FACE ( 'NONE', ( #3991 ), #7660, .T. ) ;
#6908 = ORIENTED_EDGE ( 'NONE', *, *, #7378, .F. ) ;
#6909 = CARTESIAN_POINT ( 'NONE',  ( -59.62495845451843479, 89.99999999999998579, 5.194752004204087115 ) ) ;
#6910 = ORIENTED_EDGE ( 'NONE', *, *, #3449, .F. ) ;
#6911 = DIRECTION ( 'NONE',  ( -8.249565755581263122E-16, 1.000000000000000000, 0.000000000000000000 ) ) ;
#6912 = DIRECTION ( 'NONE',  ( 1.000000000000000000, 0.000000000000000000, 0.000000000000000000 ) ) ;
#6913 = EDGE_LOOP ( 'NONE', ( #4266, #6611, #7042, #1003 ) ) ;
#6914 = CARTESIAN_POINT ( 'NONE',  ( -51.99999999999998579, 86.00000000000000000, 17.00403242752945232 ) ) ;
#6915 = ADVANCED_FACE ( 'NONE', ( #4246 ), #6575, .T. ) ;
#6916 = CARTESIAN_POINT ( 'NONE',  ( -40.26999999992408164, 89.99999999999997158, 14.46999999999997577 ) ) ;
#6917 = CARTESIAN_POINT ( 'NONE',  ( -59.39770583955721150, 90.00000000000000000, 4.921903584811409438 ) ) ;
#6918 = DIRECTION ( 'NONE',  ( 0.000000000000000000, 1.000000000000000000, 0.000000000000000000 ) ) ;
#6919 = APPROVAL_PERSON_ORGANIZATION ( #1078, #8092, #5984 ) ;
#6920 = VERTEX_POINT ( 'NONE', #8798 ) ;
#6921 = CARTESIAN_POINT ( 'NONE',  ( -52.28281484529800593, 87.50000000000002842, 6.656925099660215395 ) ) ;
#6922 = CARTESIAN_POINT ( 'NONE',  ( 9.626830880257903900, 72.74790443272765117, 36.88536684330890125 ) ) ;
#6923 = ORIENTED_EDGE ( 'NONE', *, *, #8206, .T. ) ;
#6924 = DIRECTION ( 'NONE',  ( -1.000000000000000000, -0.000000000000000000, -0.000000000000000000 ) ) ;
#6925 = DIRECTION ( 'NONE',  ( 0.000000000000000000, -0.000000000000000000, 1.000000000000000000 ) ) ;
#6926 = FACE_OUTER_BOUND ( 'NONE', #8044, .T. ) ;
#6927 = EDGE_CURVE ( 'NONE', #150, #5740, #5643, .T. ) ;
#6928 = CARTESIAN_POINT ( 'NONE',  ( -24.99999999999999289, 88.19999999999998863, 8.400000000000000355 ) ) ;
#6929 = CARTESIAN_POINT ( 'NONE',  ( -47.95408457995912244, 89.99999999999997158, 12.32260782863468940 ) ) ;
#6930 = CARTESIAN_POINT ( 'NONE',  ( -71.29997936162628491, 85.54813498130768323, 12.83006981171181415 ) ) ;
#6931 = CARTESIAN_POINT ( 'NONE',  ( -38.41999205666893857, 89.99999999999997158, 12.07114828098027459 ) ) ;
#6932 = VERTEX_POINT ( 'NONE', #7360 ) ;
#6933 = DIRECTION ( 'NONE',  ( 0.000000000000000000, -0.000000000000000000, 1.000000000000000000 ) ) ;
#6934 = DIRECTION ( 'NONE',  ( -0.000000000000000000, -0.000000000000000000, 1.000000000000000000 ) ) ;
#6936 = CARTESIAN_POINT ( 'NONE',  ( -95.14494239437750878, 75.33172216039557156, -15.00000000000000000 ) ) ;
#6935 = AXIS2_PLACEMENT_3D ( 'NONE', #3318, #8266, #8133 ) ;
#6937 = B_SPLINE_CURVE_WITH_KNOTS ( 'NONE', 3,
 ( #7024, #3741, #8422, #7111 ),
 .UNSPECIFIED., .F., .F.,
 ( 4, 4 ),
 ( 0.000000000000000000, 1.000000000000000000 ),
 .UNSPECIFIED. ) ;
#6938 = CARTESIAN_POINT ( 'NONE',  ( 6.971983938970289785, 80.00000000000000000, 14.20000000000000107 ) ) ;
#6939 = CARTESIAN_POINT ( 'NONE',  ( -56.59211679416225849, 89.34485357832089392, 4.893066534811995716 ) ) ;
#6940 = PLANE ( 'NONE',  #3633 ) ;
#6941 = ADVANCED_FACE ( 'NONE', ( #5386 ), #2688, .T. ) ;
#6942 = CARTESIAN_POINT ( 'NONE',  ( -91.92595187057374062, 77.14391368876447075, 16.18642557505686597 ) ) ;
#6943 = AXIS2_PLACEMENT_3D ( 'NONE', #4982, #4258, #6287 ) ;
#6944 = ORIENTED_EDGE ( 'NONE', *, *, #133, .F. ) ;
#6945 = CARTESIAN_POINT ( 'NONE',  ( 57.93545098211601641, 89.34485357832083707, 3.843481651880320538 ) ) ;
#6946 = DIRECTION ( 'NONE',  ( 0.000000000000000000, 0.000000000000000000, -1.000000000000000000 ) ) ;
#6947 = CARTESIAN_POINT ( 'NONE',  ( -15.11137910433588161, 69.32888620491259246, 36.88536684330890125 ) ) ;
#6948 = CARTESIAN_POINT ( 'NONE',  ( -90.89660534310021944, 81.40799295467660102, 16.93592390643005530 ) ) ;
#6949 = CARTESIAN_POINT ( 'NONE',  ( 90.60264855163208608, 82.13057789342818182, 16.48120557518707585 ) ) ;
#6950 = CIRCLE ( 'NONE', #3219, 1.499999999999994449 ) ;
#6951 = CIRCLE ( 'NONE', #8822, 0.5000000000000004441 ) ;
#6952 = EDGE_LOOP ( 'NONE', ( #6110, #8391, #4291, #6791 ) ) ;
#6953 = LINE ( 'NONE', #8353, #6278 ) ;
#6954 = ORIENTED_EDGE ( 'NONE', *, *, #217, .F. ) ;
#6955 = CARTESIAN_POINT ( 'NONE',  ( -70.56622364092908128, 85.60254845172691773, 11.22215175600951831 ) ) ;
#6956 = CARTESIAN_POINT ( 'NONE',  ( 91.68029325452042144, 77.74280111332332410, 17.00000000000000000 ) ) ;
#6957 = VERTEX_POINT ( 'NONE', #3795 ) ;
#6958 = CARTESIAN_POINT ( 'NONE',  ( -63.03345306697841011, 90.00118208156955291, 5.330030478466380117 ) ) ;
#6959 = B_SPLINE_CURVE_WITH_KNOTS ( 'NONE', 1,
 ( #1320, #7532 ),
 .UNSPECIFIED., .F., .F.,
 ( 2, 2 ),
 ( 0.1841035140191061292, 1.000000000000000000 ),
 .UNSPECIFIED. ) ;
#6960 = AXIS2_PLACEMENT_3D ( 'NONE', #8756, #5338, #4489 ) ;
#6961 = CARTESIAN_POINT ( 'NONE',  ( -38.86999999992409727, 89.50000000000004263, 12.75325957145939881 ) ) ;
#6962 = CARTESIAN_POINT ( 'NONE',  ( -38.37310644199710907, 90.00000000000000000, 12.44497795037692534 ) ) ;
#6963 = CARTESIAN_POINT ( 'NONE',  ( -59.20193528145149031, 89.99999999999998579, 5.122590136416105722 ) ) ;
#6964 = LINE ( 'NONE', #7015, #548 ) ;
#6965 = ORIENTED_EDGE ( 'NONE', *, *, #8809, .T. ) ;
#6966 = CARTESIAN_POINT ( 'NONE',  ( -40.26999999992408874, 89.50000000000005684, 13.96999999999999886 ) ) ;
#6967 = EDGE_CURVE ( 'NONE', #1954, #6435, #6493, .T. ) ;
#6968 = DIRECTION ( 'NONE',  ( -1.000000000000000000, 0.000000000000000000, 0.000000000000000000 ) ) ;
#6969 = ORIENTED_EDGE ( 'NONE', *, *, #7717, .F. ) ;
#6970 = CARTESIAN_POINT ( 'NONE',  ( 46.75104509132329156, 90.00000000000000000, 16.49999999999998934 ) ) ;
#6971 = EDGE_CURVE ( 'NONE', #6521, #3279, #5776, .T. ) ;
#6972 = CARTESIAN_POINT ( 'NONE',  ( -10.72644713164820018, 76.00000000000000000, 14.20000000000000107 ) ) ;
#6973 = CARTESIAN_POINT ( 'NONE',  ( -93.00293201318118008, 80.19270065757264376, 12.37170993018262166 ) ) ;
#6974 = EDGE_LOOP ( 'NONE', ( #2060, #5237, #5144, #6732 ) ) ;
#6975 = FACE_OUTER_BOUND ( 'NONE', #1020, .T. ) ;
#6976 = LINE ( 'NONE', #2072, #5958 ) ;
#6977 = VECTOR ( 'NONE', #7644, 1000.000000000000114 ) ;
#6978 = CARTESIAN_POINT ( 'NONE',  ( -47.96401401657740848, 89.99999999999997158, 12.41609380620540470 ) ) ;
#6979 = CARTESIAN_POINT ( 'NONE',  ( -74.75347661744271477, 84.84860501180509118, 11.22215175600951831 ) ) ;
#6980 = CARTESIAN_POINT ( 'NONE',  ( -39.77795446361856335, 89.99999999999997158, 10.73062431486095036 ) ) ;
#6981 = CIRCLE ( 'NONE', #8130, 1.000000000000000888 ) ;
#6982 = VERTEX_POINT ( 'NONE', #5019 ) ;
#6983 = B_SPLINE_CURVE_WITH_KNOTS ( 'NONE', 1,
 ( #2413, #8708 ),
 .UNSPECIFIED., .F., .F.,
 ( 2, 2 ),
 ( 0.1841035140193760244, 1.000000000000000000 ),
 .UNSPECIFIED. ) ;
#6984 = CARTESIAN_POINT ( 'NONE',  ( -72.38084612403753226, 85.25423559895686765, 9.180523282913188865 ) ) ;
#6985 = CARTESIAN_POINT ( 'NONE',  ( -59.52513802322069125, 89.80937801708020629, 4.026627780618531105 ) ) ;
#6986 = CIRCLE ( 'NONE', #4551, 1.750000000000001554 ) ;
#6987 = DIRECTION ( 'NONE',  ( 0.000000000000000000, -0.000000000000000000, 1.000000000000000000 ) ) ;
#6988 = CARTESIAN_POINT ( 'NONE',  ( -91.03655348067633213, 81.32875243587795921, 16.87080971502026827 ) ) ;
#6989 = CARTESIAN_POINT ( 'NONE',  ( -56.38733529452170501, 89.34485357832089392, 5.018700963895248890 ) ) ;
#6990 = DIRECTION ( 'NONE',  ( -0.000000000000000000, 0.000000000000000000, 1.000000000000000000 ) ) ;
#6991 = VECTOR ( 'NONE', #609, 1000.000000000000000 ) ;
#6992 = DIRECTION ( 'NONE',  ( 1.000000000000000000, 0.000000000000000000, 0.000000000000000000 ) ) ;
#6993 = VECTOR ( 'NONE', #7317, 1000.000000000000000 ) ;
#6994 = VERTEX_POINT ( 'NONE', #5150 ) ;
#6995 = CARTESIAN_POINT ( 'NONE',  ( 47.51794496029754100, 89.34485357832087971, 7.582106290433798357 ) ) ;
#6996 = FACE_OUTER_BOUND ( 'NONE', #4688, .T. ) ;
#6997 = EDGE_CURVE ( 'NONE', #2094, #3066, #8008, .T. ) ;
#6998 = CARTESIAN_POINT ( 'NONE',  ( -66.00000000000093792, 89.49981558091647571, 17.00000000000000000 ) ) ;
#6999 = CARTESIAN_POINT ( 'NONE',  ( 0.000000000000000000, 86.00000000000000000, 12.50000000000000000 ) ) ;
#7000 = VECTOR ( 'NONE', #1198, 1000.000000000000000 ) ;
#7001 = CARTESIAN_POINT ( 'NONE',  ( -60.95269063734313875, 89.99999999997943689, 4.348340656555068406 ) ) ;
#7002 = AXIS2_PLACEMENT_3D ( 'NONE', #1855, #5315, #4641 ) ;
#7003 = VECTOR ( 'NONE', #6472, 1000.000000000000000 ) ;
#7004 = ORIENTED_EDGE ( 'NONE', *, *, #3965, .F. ) ;
#7005 = CARTESIAN_POINT ( 'NONE',  ( -59.83676952520334424, 89.47033052894433069, 4.096856972698852850 ) ) ;
#7006 = CARTESIAN_POINT ( 'NONE',  ( 60.11977948795215809, 90.00000000000000000, 4.673175535269097125 ) ) ;
#7007 = CARTESIAN_POINT ( 'NONE',  ( -48.02470946593914647, 85.99999999999998579, 11.55064467221482971 ) ) ;
#7008 = CARTESIAN_POINT ( 'NONE',  ( -91.78858918934925271, 81.23815957597909687, 15.91974552590476755 ) ) ;
#7009 = ORIENTED_EDGE ( 'NONE', *, *, #301, .F. ) ;
#7010 = CARTESIAN_POINT ( 'NONE',  ( -26.99999999999999645, 88.19999999999998863, 8.400000000000000355 ) ) ;
#7011 = AXIS2_PLACEMENT_3D ( 'NONE', #1342, #2059, #588 ) ;
#7012 = DIRECTION ( 'NONE',  ( -0.9755345439457527856, -0.000000000000000000, 0.2198462043532989352 ) ) ;
#7013 = CARTESIAN_POINT ( 'NONE',  ( -38.97034971411206783, 90.00000000000000000, 13.95631944461076479 ) ) ;
#7014 = CARTESIAN_POINT ( 'NONE',  ( -48.13369478416166203, 89.99999999999994316, 9.313925315979947328 ) ) ;
#7015 = CARTESIAN_POINT ( 'NONE',  ( 36.26172924952129506, 83.02222222221060122, 13.50000000000000000 ) ) ;
#7016 = EDGE_LOOP ( 'NONE', ( #1677, #8229, #5729, #2818 ) ) ;
#7017 = DIRECTION ( 'NONE',  ( -1.000000000000000000, 0.000000000000000000, 0.000000000000000000 ) ) ;
#7018 = CARTESIAN_POINT ( 'NONE',  ( -53.79737289390864419, 89.34485357832083707, 6.191912045496762218 ) ) ;
#7019 = ORIENTED_EDGE ( 'NONE', *, *, #8361, .F. ) ;
#7020 = AXIS2_PLACEMENT_3D ( 'NONE', #7203, #8557, #4601 ) ;
#7021 = CARTESIAN_POINT ( 'NONE',  ( -55.62134170078903139, 90.00000000000000000, 7.802844591417148479 ) ) ;
#7022 = CARTESIAN_POINT ( 'NONE',  ( -22.96195541994489275, 83.28571428571429180, 17.00000000000000000 ) ) ;
#7023 = ADVANCED_FACE ( 'NONE', ( #2399 ), #7759, .T. ) ;
#7024 = CARTESIAN_POINT ( 'NONE',  ( 0.000000000000000000, 89.34485357832085128, 8.400000000000000355 ) ) ;
#7025 = CARTESIAN_POINT ( 'NONE',  ( -47.73041345570240424, 90.00000000000001421, 11.61306993120932951 ) ) ;
#7026 = ADVANCED_FACE ( 'NONE', ( #7846 ), #2963, .T. ) ;
#7027 = CARTESIAN_POINT ( 'NONE',  ( -65.65531282105111188, 90.00019806563980751, 16.99999999999644729 ) ) ;
#7028 = CARTESIAN_POINT ( 'NONE',  ( 60.71081442275158224, 86.00000000000000000, 17.00000000000000000 ) ) ;
#7029 = LINE ( 'NONE', #4102, #2681 ) ;
#7030 = ORIENTED_EDGE ( 'NONE', *, *, #5610, .F. ) ;
#7031 = EDGE_CURVE ( 'NONE', #315, #3705, #6484, .T. ) ;
#7032 = CARTESIAN_POINT ( 'NONE',  ( -2.247776679298901570, 82.50000000000000000, 15.00000000000000178 ) ) ;
#7033 = CARTESIAN_POINT ( 'NONE',  ( -57.72356865920470170, 89.34174812879972194, 4.032565574563936828 ) ) ;
#7034 = CYLINDRICAL_SURFACE ( 'NONE', #6229, 1.000000000000000888 ) ;
#7035 = CARTESIAN_POINT ( 'NONE',  ( -47.18196953525462334, 89.50000000000012790, 11.71817223214747550 ) ) ;
#7036 = CARTESIAN_POINT ( 'NONE',  ( -53.13843589074910057, 89.34485357832093655, 6.408075503122998562 ) ) ;
#7037 = CARTESIAN_POINT ( 'NONE',  ( 48.28455850954408390, 89.34485357832082286, 7.486847599870300130 ) ) ;
#7038 = ORIENTED_EDGE ( 'NONE', *, *, #4253, .T. ) ;
#7039 = CARTESIAN_POINT ( 'NONE',  ( 46.79115348210829950, 89.34485357832082286, 7.676157550321645040 ) ) ;
#7040 = CARTESIAN_POINT ( 'NONE',  ( -70.36655842680383444, 85.49414003543847684, 6.469745136402275776 ) ) ;
#7041 = PLANE ( 'NONE',  #1687 ) ;
#7042 = ORIENTED_EDGE ( 'NONE', *, *, #4809, .F. ) ;
#7043 = CARTESIAN_POINT ( 'NONE',  ( -46.06999999992408590, 75.07760237977390716, 12.57000000000000028 ) ) ;
#7044 = CARTESIAN_POINT ( 'NONE',  ( 59.50096704479425114, 90.00000000000001421, 5.324776686771782508 ) ) ;
#7045 = CARTESIAN_POINT ( 'NONE',  ( 59.88069766009749628, 89.99999999999998579, 4.412795945360254990 ) ) ;
#7046 = CARTESIAN_POINT ( 'NONE',  ( -38.08017010290243576, 85.99999999999997158, 12.21552116721536230 ) ) ;
#7047 = VERTEX_POINT ( 'NONE', #2341 ) ;
#7048 = CARTESIAN_POINT ( 'NONE',  ( -70.27854933162392115, 89.54028380442836976, 6.932435713961332624 ) ) ;
#7049 = FACE_OUTER_BOUND ( 'NONE', #1809, .T. ) ;
#7050 = ADVANCED_FACE ( 'NONE', ( #1535 ), #1307, .T. ) ;
#7051 = EDGE_CURVE ( 'NONE', #8632, #7201, #4846, .T. ) ;
#7052 = VECTOR ( 'NONE', #5629, 1000.000000000000000 ) ;
#7053 = CARTESIAN_POINT ( 'NONE',  ( -40.26999999992409585, 89.50000000000004263, 11.17000000000000348 ) ) ;
#7054 = CARTESIAN_POINT ( 'NONE',  ( -57.94292120108758581, 90.00000000000002842, 6.158844245596608147 ) ) ;
#7055 = CARTESIAN_POINT ( 'NONE',  ( -27.50061475960191615, 90.00000000000005684, 16.50000000000001066 ) ) ;
#7056 = ORIENTED_EDGE ( 'NONE', *, *, #2387, .F. ) ;
#7057 = CARTESIAN_POINT ( 'NONE',  ( -65.31250001132754335, 89.50184429175030232, 17.00000000000000355 ) ) ;
#7058 = CARTESIAN_POINT ( 'NONE',  ( -68.77880170320152331, 85.86464026998875454, 13.47310343939472865 ) ) ;
#7059 = EDGE_CURVE ( 'NONE', #6994, #7887, #5050, .T. ) ;
#7060 = VERTEX_POINT ( 'NONE', #6704 ) ;
#7061 = CARTESIAN_POINT ( 'NONE',  ( -54.15745824520573848, 89.99999999999997158, 7.983168276733708879 ) ) ;
#7062 = DIRECTION ( 'NONE',  ( 0.5776914063335691907, -0.8162552536114808799, 0.000000000000000000 ) ) ;
#7063 = CARTESIAN_POINT ( 'NONE',  ( 57.61667484712965859, 87.49999999999998579, 4.183925452116379340 ) ) ;
#7064 = LINE ( 'NONE', #3655, #2642 ) ;
#7065 = CARTESIAN_POINT ( 'NONE',  ( -66.00000000000096634, 89.49981558091648992, 16.99999999999999289 ) ) ;
#7066 = CARTESIAN_POINT ( 'NONE',  ( 4.739010447466979414, 86.00000000000000000, -15.00000000000000178 ) ) ;
#7067 = ORIENTED_EDGE ( 'NONE', *, *, #6717, .F. ) ;
#7068 = EDGE_LOOP ( 'NONE', ( #4541, #5761, #2741, #5160 ) ) ;
#7069 = EDGE_LOOP ( 'NONE', ( #4935, #6633, #5825, #2022 ) ) ;
#7070 = FACE_OUTER_BOUND ( 'NONE', #4093, .T. ) ;
#7071 =( GEOMETRIC_REPRESENTATION_CONTEXT ( 3 ) GLOBAL_UNCERTAINTY_ASSIGNED_CONTEXT ( ( #7899 ) ) GLOBAL_UNIT_ASSIGNED_CONTEXT ( ( #8003, #1922, #5899 ) ) REPRESENTATION_CONTEXT ( 'NONE', 'WORKASPACE' ) );
#7072 = CARTESIAN_POINT ( 'NONE',  ( -58.95895064869448277, 89.62942578397753834, 3.899031945359257456 ) ) ;
#7073 = FACE_OUTER_BOUND ( 'NONE', #2533, .T. ) ;
#7074 = EDGE_CURVE ( 'NONE', #6315, #8677, #3196, .T. ) ;
#7075 = CARTESIAN_POINT ( 'NONE',  ( -24.99999999999999289, 88.19999999999998863, -0.5062160878754172755 ) ) ;
#7076 = CARTESIAN_POINT ( 'NONE',  ( -47.44761368117020339, 89.50000000000001421, 12.31958893585274595 ) ) ;
#7077 = CARTESIAN_POINT ( 'NONE',  ( -43.48870934822149792, 89.34485357832080865, 8.001893168289464953 ) ) ;
#7078 = DIRECTION ( 'NONE',  ( 1.000000000000000000, 0.000000000000000000, 0.000000000000000000 ) ) ;
#7079 = CARTESIAN_POINT ( 'NONE',  ( 44.31741857672444951, 89.34485357832082286, 7.942869873075065534 ) ) ;
#7080 = EDGE_LOOP ( 'NONE', ( #240, #5045, #5804, #6034 ) ) ;
#7081 = EDGE_CURVE ( 'NONE', #8262, #5613, #2602, .T. ) ;
#7082 = CARTESIAN_POINT ( 'NONE',  ( 44.22713051244510751, 89.34485357832083707, 7.941700772904101591 ) ) ;
#7083 = CARTESIAN_POINT ( 'NONE',  ( 27.23653962231430725, 79.80006240345578306, 12.50000000000000000 ) ) ;
#7084 = CIRCLE ( 'NONE', #8805, 23.99999999999999289 ) ;
#7085 = DIRECTION ( 'NONE',  ( 0.000000000000000000, 1.000000000000000000, 0.000000000000000000 ) ) ;
#7086 = CARTESIAN_POINT ( 'NONE',  ( 68.59349369097381555, 85.93864151758859293, 17.16683741724360956 ) ) ;
#7087 = CARTESIAN_POINT ( 'NONE',  ( -47.46999999992407737, 89.50000000000004263, 12.75325957145940414 ) ) ;
#7088 = VECTOR ( 'NONE', #7606, 1000.000000000000000 ) ;
#7089 = VERTEX_POINT ( 'NONE', #2473 ) ;
#7090 = CARTESIAN_POINT ( 'NONE',  ( 30.00000000000000000, 86.59999999999999432, 9.500000000000000000 ) ) ;
#7091 = ORIENTED_EDGE ( 'NONE', *, *, #8832, .T. ) ;
#7092 = CIRCLE ( 'NONE', #5089, 0.5000000000000004441 ) ;
#7093 = CARTESIAN_POINT ( 'NONE',  ( 59.28423450653723847, 89.99999999999998579, 5.039807161057965779 ) ) ;
#7094 = LINE ( 'NONE', #2909, #4209 ) ;
#7095 = EDGE_CURVE ( 'NONE', #4004, #284, #6527, .T. ) ;
#7096 = DIRECTION ( 'NONE',  ( -1.000000000000000000, 0.000000000000000000, 0.000000000000000000 ) ) ;
#7097 = CARTESIAN_POINT ( 'NONE',  ( -54.11283635740337417, 89.34485360493511052, 6.092455011653398422 ) ) ;
#7098 = AXIS2_PLACEMENT_3D ( 'NONE', #291, #5190, #5104 ) ;
#7099 = EDGE_CURVE ( 'NONE', #3198, #7047, #8011, .T. ) ;
#7100 = CARTESIAN_POINT ( 'NONE',  ( -40.17790689049359543, 89.50000000000005684, 11.17228508546041965 ) ) ;
#7101 = CARTESIAN_POINT ( 'NONE',  ( -51.75443681757761993, 90.00000000000000000, 8.644341927781137969 ) ) ;
#7102 = B_SPLINE_CURVE_WITH_KNOTS ( 'NONE', 3,
 ( #3851, #1737, #6549, #7263 ),
 .UNSPECIFIED., .F., .F.,
 ( 4, 4 ),
 ( 0.003457252543234316973, 0.008879800000000007132 ),
 .UNSPECIFIED. ) ;
#7103 = LINE ( 'NONE', #809, #5265 ) ;
#7104 = EDGE_LOOP ( 'NONE', ( #460, #1560, #6954, #6076 ) ) ;
#7105 = CARTESIAN_POINT ( 'NONE',  ( 82.84050863792965913, 86.00513479463209876, 16.99999999999998934 ) ) ;
#7106 = VECTOR ( 'NONE', #8639, 1000.000000000000000 ) ;
#7107 = CARTESIAN_POINT ( 'NONE',  ( 59.52513802322069125, 89.80937801708020629, 4.026627780618531105 ) ) ;
#7108 = AXIS2_PLACEMENT_3D ( 'NONE', #8627, #1916, #486 ) ;
#7109 = ORIENTED_EDGE ( 'NONE', *, *, #4828, .T. ) ;
#7110 = CARTESIAN_POINT ( 'NONE',  ( -59.01019274118881697, 89.99999999999998579, 5.788669581894358984 ) ) ;
#7111 = CARTESIAN_POINT ( 'NONE',  ( -26.99999999999998934, 89.34485357832085128, 8.400000000000000355 ) ) ;
#7112 = CARTESIAN_POINT ( 'NONE',  ( 37.11000000008891675, 83.09999999994768416, 12.50000000000000000 ) ) ;
#7113 = CARTESIAN_POINT ( 'NONE',  ( -60.50000001902569124, 90.00000000002863487, 16.99999999999999289 ) ) ;
#7114 = CARTESIAN_POINT ( 'NONE',  ( 33.52761121814194922, 86.00000000000001421, 17.00000000000003553 ) ) ;
#7115 = ORIENTED_EDGE ( 'NONE', *, *, #6644, .F. ) ;
#7116 = ORIENTED_EDGE ( 'NONE', *, *, #1691, .T. ) ;
#7117 = ORIENTED_EDGE ( 'NONE', *, *, #6854, .T. ) ;
#7118 = ORIENTED_EDGE ( 'NONE', *, *, #6877, .F. ) ;
#7119 = CARTESIAN_POINT ( 'NONE',  ( -74.62340021939122892, 84.85072047847388887, 10.55513906212338604 ) ) ;
#7120 = AXIS2_PLACEMENT_3D ( 'NONE', #7318, #1160, #5839 ) ;
#7121 = DIRECTION ( 'NONE',  ( -1.000000000000000000, 0.000000000000000000, 0.000000000000000000 ) ) ;
#7122 = CARTESIAN_POINT ( 'NONE',  ( -49.98220724804973969, 85.99999999999994316, 16.99999999999997513 ) ) ;
#7123 = DIRECTION ( 'NONE',  ( 0.000000000000000000, 0.000000000000000000, -1.000000000000000000 ) ) ;
#7124 = CARTESIAN_POINT ( 'NONE',  ( -47.46726002859269045, 89.50000000000004263, 12.47950563796871748 ) ) ;
#7125 = CARTESIAN_POINT ( 'NONE',  ( 55.00000001729095800, 89.49999999999997158, 17.00000000000000711 ) ) ;
#7126 = ORIENTED_EDGE ( 'NONE', *, *, #2689, .T. ) ;
#7127 = CARTESIAN_POINT ( 'NONE',  ( -92.95858684311043874, 80.23516913899908332, 12.72753662408965525 ) ) ;
#7128 = CYLINDRICAL_SURFACE ( 'NONE', #248, 0.7999999999999951594 ) ;
#7129 = ORIENTED_EDGE ( 'NONE', *, *, #5111, .F. ) ;
#7130 = EDGE_CURVE ( 'NONE', #864, #2345, #8729, .T. ) ;
#7131 = CARTESIAN_POINT ( 'NONE',  ( 39.77559587698559085, 89.34485357832085128, 8.223608146210910519 ) ) ;
#7132 = DIRECTION ( 'NONE',  ( 0.000000000000000000, 0.000000000000000000, 1.000000000000000000 ) ) ;
#7133 = CARTESIAN_POINT ( 'NONE',  ( 70.38586476082646470, 85.48454742635811954, 6.237587571034262979 ) ) ;
#7134 = CARTESIAN_POINT ( 'NONE',  ( -65.92297024762207514, 89.94587177762198849, 5.968338854977840668 ) ) ;
#7135 = EDGE_CURVE ( 'NONE', #4997, #4612, #7969, .T. ) ;
#7136 = VECTOR ( 'NONE', #5799, 1000.000000000000000 ) ;
#7137 = VERTEX_POINT ( 'NONE', #5945 ) ;
#7138 = ADVANCED_FACE ( 'NONE', ( #6657 ), #5905, .F. ) ;
#7139 = CARTESIAN_POINT ( 'NONE',  ( -59.64709378341554924, 89.40953893117898588, 4.054111698173488598 ) ) ;
#7140 = AXIS2_PLACEMENT_3D ( 'NONE', #5023, #6414, #2991 ) ;
#7141 = CARTESIAN_POINT ( 'NONE',  ( 59.87236897123580803, 90.00000000000000000, 4.933963769737240490 ) ) ;
#7142 = CARTESIAN_POINT ( 'NONE',  ( 59.36951915422878301, 90.00000000000002842, 4.951587559680392658 ) ) ;
#7143 = CARTESIAN_POINT ( 'NONE',  ( -90.60264855163208608, 82.13057789342818182, 16.48120557518707585 ) ) ;
#7144 = FACE_OUTER_BOUND ( 'NONE', #337, .T. ) ;
#7145 = CARTESIAN_POINT ( 'NONE',  ( -57.08861775280471562, 89.34485360493508210, 4.587324336446319428 ) ) ;
#7146 = CIRCLE ( 'NONE', #4422, 1.499999999999994449 ) ;
#7147 = LINE ( 'NONE', #4409, #7003 ) ;
#7148 = CARTESIAN_POINT ( 'NONE',  ( -56.97940816952761622, 90.00000000000001421, 6.754473739803547261 ) ) ;
#7149 = LINE ( 'NONE', #3052, #7136 ) ;
#7150 = VERTEX_POINT ( 'NONE', #7288 ) ;
#7151 = PLANE ( 'NONE',  #4193 ) ;
#7152 = AXIS2_PLACEMENT_3D ( 'NONE', #6251, #7598, #6072 ) ;
#7153 = CARTESIAN_POINT ( 'NONE',  ( 58.07577625714868930, 88.91092304027327486, 3.699999999999995293 ) ) ;
#7154 = ORIENTED_EDGE ( 'NONE', *, *, #4296, .F. ) ;
#7155 = CARTESIAN_POINT ( 'NONE',  ( -32.78339671553505497, 90.00000000002003731, 10.19957550325161577 ) ) ;
#7156 = EDGE_CURVE ( 'NONE', #889, #3170, #7920, .T. ) ;
#7157 = CARTESIAN_POINT ( 'NONE',  ( -48.15999935143079824, 82.24689295812471812, 13.50000000000000000 ) ) ;
#7158 = CARTESIAN_POINT ( 'NONE',  ( -50.81495224749161821, 86.92489531529176361, 7.010834167534724770 ) ) ;
#7159 = CARTESIAN_POINT ( 'NONE',  ( -63.25000001990012066, 90.00000000000000000, 16.99999999999998224 ) ) ;
#7160 = FACE_OUTER_BOUND ( 'NONE', #6621, .T. ) ;
#7161 = ORIENTED_EDGE ( 'NONE', *, *, #3079, .F. ) ;
#7162 = VERTEX_POINT ( 'NONE', #1805 ) ;
#7163 = ORIENTED_EDGE ( 'NONE', *, *, #8199, .T. ) ;
#7164 = CARTESIAN_POINT ( 'NONE',  ( 69.00099793858734643, 85.75919851586367315, 6.162105041065438549 ) ) ;
#7165 = CARTESIAN_POINT ( 'NONE',  ( 82.07035576804096877, 85.95576447348108218, 9.107412031957403897 ) ) ;
#7166 = CARTESIAN_POINT ( 'NONE',  ( -92.83389431418132176, 79.76922673094557581, 11.53308020482186613 ) ) ;
#7167 = CARTESIAN_POINT ( 'NONE',  ( 17.62771867673099635, 82.50000000000000000, 15.00000000000000178 ) ) ;
#7168 = CARTESIAN_POINT ( 'NONE',  ( -46.64879389209454530, 89.50000000000007105, 11.29441478293101042 ) ) ;
#7169 = CARTESIAN_POINT ( 'NONE',  ( 59.12500001859802268, 89.99999999999997158, 16.99999999999762323 ) ) ;
#7170 = CARTESIAN_POINT ( 'NONE',  ( 91.92595187057374062, 77.14391368876447075, 16.18642557505686597 ) ) ;
#7171 = ORIENTED_EDGE ( 'NONE', *, *, #7869, .F. ) ;
#7172 = CARTESIAN_POINT ( 'NONE',  ( 55.96129436686664604, 89.34485357832083707, 5.259513501926715406 ) ) ;
#7173 = EDGE_CURVE ( 'NONE', #2884, #6314, #1132, .T. ) ;
#7174 = CARTESIAN_POINT ( 'NONE',  ( -66.00000000000093792, 89.49981558091647571, 16.50000000000000000 ) ) ;
#7175 = CARTESIAN_POINT ( 'NONE',  ( 59.64709378341554924, 89.40953893117898588, 4.054111698173488598 ) ) ;
#7176 = CARTESIAN_POINT ( 'NONE',  ( -80.11453826019409519, 87.20064817602053608, 9.118201593626915624 ) ) ;
#7177 = EDGE_LOOP ( 'NONE', ( #8555, #4436, #1220, #848 ) ) ;
#7178 = CARTESIAN_POINT ( 'NONE',  ( -54.49999999999998579, 80.00000000000000000, 15.00000000000000178 ) ) ;
#7179 = CARTESIAN_POINT ( 'NONE',  ( 51.32526994601314385, 89.99999999999998579, 9.136499691308372917 ) ) ;
#7180 = CARTESIAN_POINT ( 'NONE',  ( 60.07389438831361161, 89.99999999999998579, 4.209152889579802270 ) ) ;
#7181 = CARTESIAN_POINT ( 'NONE',  ( 61.06238090575988764, 86.00000000000000000, -15.00000000000000000 ) ) ;
#7182 = EDGE_CURVE ( 'NONE', #3746, #3044, #2432, .T. ) ;
#7183 = CARTESIAN_POINT ( 'NONE',  ( 17.67157287525384035, 86.00000000000001421, 9.766666666666663943 ) ) ;
#7184 = CARTESIAN_POINT ( 'NONE',  ( 50.49999999999998579, 86.00000000000000000, 17.00403242752945232 ) ) ;
#7185 = CARTESIAN_POINT ( 'NONE',  ( -39.31989377906914740, 90.00000000000000000, 10.92345015087656535 ) ) ;
#7186 = CARTESIAN_POINT ( 'NONE',  ( -49.25272650949647613, 89.99999999999995737, 9.141640785987961593 ) ) ;
#7187 = CARTESIAN_POINT ( 'NONE',  ( -9.000000000000000000, 89.87938524236280102, 9.868613676938773338 ) ) ;
#7188 = ORIENTED_EDGE ( 'NONE', *, *, #5021, .F. ) ;
#7189 = CARTESIAN_POINT ( 'NONE',  ( 76.69966884770863658, 88.10396874570982106, 16.99999999999999645 ) ) ;
#7190 = CARTESIAN_POINT ( 'NONE',  ( 59.08160854786230232, 89.22798628135298316, 3.926674096474407349 ) ) ;
#7191 = ORIENTED_EDGE ( 'NONE', *, *, #5352, .F. ) ;
#7192 = CARTESIAN_POINT ( 'NONE',  ( -56.61850616986058782, 90.00000000000001421, 7.348039281823035118 ) ) ;
#7193 = EDGE_CURVE ( 'NONE', #6662, #3011, #5331, .T. ) ;
#7194 = DIRECTION ( 'NONE',  ( -1.000000000000000000, 0.000000000000000000, 0.000000000000000000 ) ) ;
#7195 = FACE_OUTER_BOUND ( 'NONE', #1053, .T. ) ;
#7196 = DIRECTION ( 'NONE',  ( 1.000000000000000000, 0.000000000000000000, 0.000000000000000000 ) ) ;
#7197 = EDGE_CURVE ( 'NONE', #5568, #3319, #8640, .T. ) ;
#7198 = DIRECTION ( 'NONE',  ( -0.9271838545667897558, 0.3746065934159061306, 0.000000000000000000 ) ) ;
#7199 = ORIENTED_EDGE ( 'NONE', *, *, #4073, .F. ) ;
#7200 = ORIENTED_EDGE ( 'NONE', *, *, #1431, .T. ) ;
#7201 = VERTEX_POINT ( 'NONE', #8768 ) ;
#7202 = ORIENTED_EDGE ( 'NONE', *, *, #2162, .F. ) ;
#7203 = CARTESIAN_POINT ( 'NONE',  ( 27.23653962231430725, 79.80006240345578306, 12.50000000000000000 ) ) ;
#7204 = EDGE_CURVE ( 'NONE', #8352, #3601, #5351, .T. ) ;
#7205 = CARTESIAN_POINT ( 'NONE',  ( 91.78858918941303102, 81.23815957592775305, 15.91974552582580138 ) ) ;
#7206 = LINE ( 'NONE', #467, #3793 ) ;
#7207 = CARTESIAN_POINT ( 'NONE',  ( 53.50150509059232462, 77.00000000000000000, 14.20000000000000107 ) ) ;
#7208 = CARTESIAN_POINT ( 'NONE',  ( -47.02763705262712080, 89.50000000000004263, 11.54850146186627491 ) ) ;
#7209 = CARTESIAN_POINT ( 'NONE',  ( 53.50150509059232462, 77.00000000000000000, 15.00000000000000178 ) ) ;
#7210 = AXIS2_PLACEMENT_3D ( 'NONE', #5580, #8323, #3462 ) ;
#7211 = CARTESIAN_POINT ( 'NONE',  ( -35.66239828762336117, 89.34485357832080865, 8.345093343698481547 ) ) ;
#7212 = ORIENTED_EDGE ( 'NONE', *, *, #5791, .F. ) ;
#7213 = CARTESIAN_POINT ( 'NONE',  ( 74.52021091540952114, 88.85293277159212266, 7.873108930366631064 ) ) ;
#7214 = ORIENTED_EDGE ( 'NONE', *, *, #3212, .F. ) ;
#7215 = DIRECTION ( 'NONE',  ( 0.000000000000000000, -0.000000000000000000, -1.000000000000000000 ) ) ;
#7216 = CARTESIAN_POINT ( 'NONE',  ( -84.88926393587581742, 85.21329516630044054, 10.18438236244761264 ) ) ;
#7217 = EDGE_CURVE ( 'NONE', #3705, #2450, #5887, .T. ) ;
#7218 = ORIENTED_EDGE ( 'NONE', *, *, #5854, .F. ) ;
#7219 = CARTESIAN_POINT ( 'NONE',  ( 93.25327803998048637, 75.98101890060043218, 11.62759240929138116 ) ) ;
#7220 = DIRECTION ( 'NONE',  ( -1.000000000000000000, 0.000000000000000000, 0.000000000000000000 ) ) ;
#7221 = CARTESIAN_POINT ( 'NONE',  ( 59.62310202247601154, 90.00000000000000000, 4.684320019734204976 ) ) ;
#7222 = CARTESIAN_POINT ( 'NONE',  ( -57.28641024176326368, 89.87938522569719169, 6.217630962489867130 ) ) ;
#7223 = CARTESIAN_POINT ( 'NONE',  ( -40.26999999992408874, 75.07760237977390716, 10.37000000000000099 ) ) ;
#7224 = CARTESIAN_POINT ( 'NONE',  ( -69.21774739781940866, 86.00000000000000000, 17.00000000000000000 ) ) ;
#7225 = CARTESIAN_POINT ( 'NONE',  ( 48.28455850954408390, 85.99999999999994316, 7.486847599870300130 ) ) ;
#7226 = CIRCLE ( 'NONE', #8669, 3.000000000000002665 ) ;
#7227 = CARTESIAN_POINT ( 'NONE',  ( -91.77951511961042286, 80.89917166727673248, 16.37008305197848301 ) ) ;
#7228 = CARTESIAN_POINT ( 'NONE',  ( -58.03164370480708811, 89.34485357832083707, 3.746062567206769334 ) ) ;
#7229 = CARTESIAN_POINT ( 'NONE',  ( -15.38061663056503825, 68.75150446665328730, 12.50000000000000000 ) ) ;
#7230 = VERTEX_POINT ( 'NONE', #456 ) ;
#7231 = PERSON_AND_ORGANIZATION ( #18446744073709551615, #18446744073709551615 ) ;
#7232 = CARTESIAN_POINT ( 'NONE',  ( 58.84598876960559721, 89.69783259189712510, 4.298435760198084488 ) ) ;
#7233 = ORIENTED_EDGE ( 'NONE', *, *, #3627, .T. ) ;
#7234 = CARTESIAN_POINT ( 'NONE',  ( -59.57529533133845234, 89.99999999999873523, 4.734711663316060637 ) ) ;
#7235 = DIRECTION ( 'NONE',  ( -0.000000000000000000, -0.000000000000000000, -1.000000000000000000 ) ) ;
#7236 = DIRECTION ( 'NONE',  ( 0.000000000000000000, 0.000000000000000000, 1.000000000000000000 ) ) ;
#7237 = EDGE_CURVE ( 'NONE', #8056, #1851, #2693, .T. ) ;
#7238 = CIRCLE ( 'NONE', #3362, 2.000000000000000000 ) ;
#7239 = VECTOR ( 'NONE', #5775, 1000.000000000000000 ) ;
#7240 = CARTESIAN_POINT ( 'NONE',  ( 90.60894197151615970, 78.15002305368075497, 16.98350413490686606 ) ) ;
#7241 = CARTESIAN_POINT ( 'NONE',  ( -16.00910350054426701, 69.76991160768594114, 14.20000000000000107 ) ) ;
#7242 = ORIENTED_EDGE ( 'NONE', *, *, #1729, .F. ) ;
#7243 = ORIENTED_EDGE ( 'NONE', *, *, #3843, .F. ) ;
#7244 = CIRCLE ( 'NONE', #3510, 2.000000000000000000 ) ;
#7245 = EDGE_CURVE ( 'NONE', #7137, #3495, #7554, .T. ) ;
#7246 = ORIENTED_EDGE ( 'NONE', *, *, #4537, .T. ) ;
#7247 = PLANE ( 'NONE',  #8126 ) ;
#7248 = CARTESIAN_POINT ( 'NONE',  ( 77.89220336552472190, 88.29022992066471431, 16.47559593563480718 ) ) ;
#7249 = CARTESIAN_POINT ( 'NONE',  ( -30.49208143212097966, 88.03934169762811734, 8.396413901403336766 ) ) ;
#7250 = VECTOR ( 'NONE', #3403, 999.9999999999998863 ) ;
#7251 = CARTESIAN_POINT ( 'NONE',  ( -92.83389310168156783, 76.30889113059477324, 11.53307690277786079 ) ) ;
#7252 = ADVANCED_FACE ( 'NONE', ( #1298 ), #5870, .T. ) ;
#7253 = DIRECTION ( 'NONE',  ( -1.000000000000000000, 0.000000000000000000, 0.000000000000000000 ) ) ;
#7254 = CARTESIAN_POINT ( 'NONE',  ( -47.18078695500956599, 89.50000000000001421, 13.42336599218070248 ) ) ;
#7255 = CARTESIAN_POINT ( 'NONE',  ( -35.84995301800734069, 89.34485357832080865, 8.341465847455781457 ) ) ;
#7256 = LINE ( 'NONE', #4474, #965 ) ;
#7257 = EDGE_LOOP ( 'NONE', ( #8291, #7375, #3503, #1978 ) ) ;
#7258 = VECTOR ( 'NONE', #2320, 1000.000000000000000 ) ;
#7259 = CARTESIAN_POINT ( 'NONE',  ( 64.20490531849810623, 89.49184502893726290, 5.081258888771761129 ) ) ;
#7260 = ORIENTED_EDGE ( 'NONE', *, *, #1536, .T. ) ;
#7261 = B_SPLINE_SURFACE_WITH_KNOTS ( 'NONE', 3, 1, ( 
 ( #5754, #5795 ),
 ( #854, #2865 ),
 ( #5619, #2373 ),
 ( #4991, #897 ),
 ( #6384, #3595 ),
 ( #5663, #1024 ),
 ( #224, #3769 ),
 ( #4941, #8359 ),
 ( #7682, #2957 ),
 ( #5711, #5038 ),
 ( #1613, #4363 ),
 ( #8713, #5932 ) ),
 .UNSPECIFIED., .F., .F., .F.,
 ( 4, 1, 1, 1, 2, 1, 1, 1, 4 ),
 ( 2, 2 ),
 ( 0.000000000000000000, 0.09456249999999999378, 0.1891249999999999876, 0.2836874999999999258, 0.3782499999999999751, 0.5336874999999998703, 0.6891249999999999876, 0.8445624999999998828, 1.000000000000000000 ),
 ( 0.000000000000000000, 1.000000000000000000 ),
 .UNSPECIFIED. ) ;
#7262 = CARTESIAN_POINT ( 'NONE',  ( 24.99999999999999289, 86.59999999999999432, -0.5062160878754172755 ) ) ;
#7263 = CARTESIAN_POINT ( 'NONE',  ( -50.49999999999998579, 85.99999999999997158, 12.50000000000000355 ) ) ;
#7264 = EDGE_CURVE ( 'NONE', #6957, #7512, #6296, .T. ) ;
#7265 = ORIENTED_EDGE ( 'NONE', *, *, #3481, .F. ) ;
#7267 = AXIS2_PLACEMENT_3D ( 'NONE', #6327, #66, #164 ) ;
#7266 = CARTESIAN_POINT ( 'NONE',  ( -46.06999999992407879, 89.99999999999998579, 10.67000000000002480 ) ) ;
#7268 = ADVANCED_FACE ( 'NONE', ( #6205 ), #6165, .F. ) ;
#7269 = CARTESIAN_POINT ( 'NONE',  ( 20.50000000000001776, 85.00000000000000000, 17.00000000000000000 ) ) ;
#7270 = CARTESIAN_POINT ( 'NONE',  ( 54.91901038492860465, 90.00000000000002842, 7.699665815214496334 ) ) ;
#7271 = CARTESIAN_POINT ( 'NONE',  ( 2.247776679298902014, 83.00000000000000000, 13.50000000000000000 ) ) ;
#7272 = DIRECTION ( 'NONE',  ( 0.000000000000000000, 0.000000000000000000, -1.000000000000000000 ) ) ;
#7273 = CARTESIAN_POINT ( 'NONE',  ( -61.06238090575988764, 86.00000000000000000, -15.00000000000000000 ) ) ;
#7274 = CARTESIAN_POINT ( 'NONE',  ( 56.23109488393692601, 85.99999999999997158, 5.116004955257705156 ) ) ;
#7275 = VECTOR ( 'NONE', #6378, 1000.000000000000000 ) ;
#7276 = CARTESIAN_POINT ( 'NONE',  ( 26.99999999999998934, 89.99999999999997158, 10.55265396141681933 ) ) ;
#7277 = CARTESIAN_POINT ( 'NONE',  ( -34.56223883224443227, 90.00000000000000000, 10.16387712495300200 ) ) ;
#7278 = CARTESIAN_POINT ( 'NONE',  ( 24.99999999999999289, 88.19999999999998863, 9.500000000000000000 ) ) ;
#7279 = EDGE_LOOP ( 'NONE', ( #1539, #3646, #3684, #4590, #7154 ) ) ;
#7280 = DIRECTION ( 'NONE',  ( 0.000000000000000000, 0.000000000000000000, 1.000000000000000000 ) ) ;
#7281 = CARTESIAN_POINT ( 'NONE',  ( 53.99999999999998579, 80.50000000000000000, 12.50000000000000000 ) ) ;
#7282 = AXIS2_PLACEMENT_3D ( 'NONE', #3893, #479, #4617 ) ;
#7283 = ORIENTED_EDGE ( 'NONE', *, *, #2691, .T. ) ;
#7284 = DIRECTION ( 'NONE',  ( -1.981317963297091180E-16, 1.000000000000000000, 0.000000000000000000 ) ) ;
#7285 = AXIS2_PLACEMENT_3D ( 'NONE', #841, #1554, #3584 ) ;
#7286 = CARTESIAN_POINT ( 'NONE',  ( 38.01000000008891533, 83.09999999994768416, 17.00000000000001066 ) ) ;
#7287 = DIRECTION ( 'NONE',  ( 0.000000000000000000, -0.000000000000000000, 1.000000000000000000 ) ) ;
#7288 = CARTESIAN_POINT ( 'NONE',  ( -17.50000000000001421, 85.00000000000000000, 12.50000000000000000 ) ) ;
#7289 = AXIS2_PLACEMENT_3D ( 'NONE', #1485, #7746, #3567 ) ;
#7290 = CARTESIAN_POINT ( 'NONE',  ( 59.58584984647531968, 90.00000000000002842, 5.235666487335258523 ) ) ;
#7291 = ORIENTED_EDGE ( 'NONE', *, *, #2579, .F. ) ;
#7292 = CARTESIAN_POINT ( 'NONE',  ( -49.90999935143079824, 82.24689295812471812, 13.10000000000000142 ) ) ;
#7293 = ORIENTED_EDGE ( 'NONE', *, *, #1582, .T. ) ;
#7294 = ORIENTED_EDGE ( 'NONE', *, *, #3251, .F. ) ;
#7295 = CARTESIAN_POINT ( 'NONE',  ( -9.000000000000014211, 89.87938524157178222, 9.868613674765539301 ) ) ;
#7296 = CARTESIAN_POINT ( 'NONE',  ( -79.93428711176848367, 87.63667483552464432, 16.47396220323582483 ) ) ;
#7297 = EDGE_CURVE ( 'NONE', #8884, #5284, #1974, .T. ) ;
#7298 = DIRECTION ( 'NONE',  ( 0.000000000000000000, -0.000000000000000000, -1.000000000000000000 ) ) ;
#7299 = DIRECTION ( 'NONE',  ( 0.000000000000000000, 0.000000000000000000, 1.000000000000000000 ) ) ;
#7300 = EDGE_CURVE ( 'NONE', #6252, #8210, #979, .T. ) ;
#7301 = CARTESIAN_POINT ( 'NONE',  ( 6.804986980587121259, 74.00000000000000000, 36.88536684330890125 ) ) ;
#7302 = CARTESIAN_POINT ( 'NONE',  ( -46.16209310935456500, 89.50000000000005684, 13.96771491453953828 ) ) ;
#7303 = DIRECTION ( 'NONE',  ( -1.000000000000000000, 0.000000000000000000, 0.000000000000000000 ) ) ;
#7304 = ADVANCED_FACE ( 'NONE', ( #2734 ), #3730, .T. ) ;
#7305 = CARTESIAN_POINT ( 'NONE',  ( -48.95792906499146824, 89.34485357832079444, 7.365877044147847386 ) ) ;
#7306 = EDGE_LOOP ( 'NONE', ( #8760, #8178, #1314, #8839, #7293, #7925 ) ) ;
#7307 = CARTESIAN_POINT ( 'NONE',  ( 82.78289392792231638, 85.66255797088064128, 9.267989441418665209 ) ) ;
#7308 = ORIENTED_EDGE ( 'NONE', *, *, #3290, .T. ) ;
#7309 = VECTOR ( 'NONE', #8159, 1000.000000000000000 ) ;
#7310 = CARTESIAN_POINT ( 'NONE',  ( 91.30463129092650831, 81.17681158720786527, 16.74375052957494958 ) ) ;
#7311 = CYLINDRICAL_SURFACE ( 'NONE', #1634, 1.750000000000001554 ) ;
#7312 = ORIENTED_EDGE ( 'NONE', *, *, #8862, .F. ) ;
#7313 = LINE ( 'NONE', #435, #813 ) ;
#7314 = CARTESIAN_POINT ( 'NONE',  ( -93.20011252351622488, 76.03501359408465987, 12.30218614253754694 ) ) ;
#7315 = CARTESIAN_POINT ( 'NONE',  ( 43.62720546792758114, 89.99999999999997158, 9.796574015258936896 ) ) ;
#7316 = DIRECTION ( 'NONE',  ( -1.000000000000000000, 0.000000000000000000, 0.000000000000000000 ) ) ;
#7317 = DIRECTION ( 'NONE',  ( 1.000000000000000000, -5.092766168005307240E-16, -0.000000000000000000 ) ) ;
#7318 = CARTESIAN_POINT ( 'NONE',  ( 0.000000000000000000, 0.000000000000000000, 13.10000000000000142 ) ) ;
#7319 = CARTESIAN_POINT ( 'NONE',  ( -26.99999999999999645, 88.19999999999998863, 8.400000000000000355 ) ) ;
#7320 = CARTESIAN_POINT ( 'NONE',  ( -40.26999999992409585, 89.99999999999998579, 10.67000000000002657 ) ) ;
#7321 = CARTESIAN_POINT ( 'NONE',  ( -24.99999999999999289, 86.59999999999999432, 9.500000000000000000 ) ) ;
#7322 = ORIENTED_EDGE ( 'NONE', *, *, #3079, .T. ) ;
#7323 = CARTESIAN_POINT ( 'NONE',  ( -15.10279571350761429, 69.34729334594524630, 14.19999999999999751 ) ) ;
#7324 = FACE_OUTER_BOUND ( 'NONE', #7482, .T. ) ;
#7325 = ORIENTED_EDGE ( 'NONE', *, *, #6546, .T. ) ;
#7326 = DIRECTION ( 'NONE',  ( 0.000000000000000000, 0.000000000000000000, -1.000000000000000000 ) ) ;
#7327 = PLANE ( 'NONE',  #1838 ) ;
#7328 = DIRECTION ( 'NONE',  ( 0.000000000000000000, 0.000000000000000000, 1.000000000000000000 ) ) ;
#7329 = CARTESIAN_POINT ( 'NONE',  ( 30.64050948076927128, 86.90919697296430968, 8.395935406620164798 ) ) ;
#7330 = ADVANCED_FACE ( 'NONE', ( #84 ), #6879, .F. ) ;
#7331 = CARTESIAN_POINT ( 'NONE',  ( 59.55487609725641818, 90.00000000000000000, 5.267577012951648818 ) ) ;
#7332 = B_SPLINE_SURFACE_WITH_KNOTS ( 'NONE', 1, 3, ( 
 ( #3440, #787, #655, #2715 ),
 ( #5511, #1280, #8303, #3348 ) ),
 .UNSPECIFIED., .F., .F., .F.,
 ( 2, 2 ),
 ( 4, 4 ),
 ( 0.000000000000000000, 1.000000000000000000 ),
 ( 0.000000000000000000, 0.02835000000000000020 ),
 .UNSPECIFIED. ) ;
#7333 = EDGE_LOOP ( 'NONE', ( #371, #1618, #3158, #3114, #264, #2932, #2062, #3441 ) ) ;
#7334 = CARTESIAN_POINT ( 'NONE',  ( -92.53063630428701458, 80.35603762699790309, 15.12738647069739173 ) ) ;
#7335 = ORIENTED_EDGE ( 'NONE', *, *, #7860, .F. ) ;
#7336 = ORIENTED_EDGE ( 'NONE', *, *, #3781, .T. ) ;
#7337 = DIRECTION ( 'NONE',  ( -0.000000000000000000, 0.000000000000000000, -1.000000000000000000 ) ) ;
#7338 = CARTESIAN_POINT ( 'NONE',  ( 88.53581268896898848, 82.98122683950961687, 16.99999999999998579 ) ) ;
#7339 = CARTESIAN_POINT ( 'NONE',  ( -40.26999999992408874, 89.49999999998297540, 11.16999999999999993 ) ) ;
#7340 = DIRECTION ( 'NONE',  ( 0.000000000000000000, 0.000000000000000000, 1.000000000000000000 ) ) ;
#7341 = CARTESIAN_POINT ( 'NONE',  ( -15.11137910433588161, 69.32888620491259246, 15.00000000000000000 ) ) ;
#7342 = CARTESIAN_POINT ( 'NONE',  ( -47.44753776638380316, 89.50000000000001421, 12.82083431714081811 ) ) ;
#7343 = CARTESIAN_POINT ( 'NONE',  ( 91.78858918934925271, 81.23815957597909687, 15.91974552590475334 ) ) ;
#7344 = CARTESIAN_POINT ( 'NONE',  ( 92.98249058415687784, 76.23893459104138515, 13.73020063661249246 ) ) ;
#7345 = ORIENTED_EDGE ( 'NONE', *, *, #5107, .T. ) ;
#7346 = CARTESIAN_POINT ( 'NONE',  ( 82.26093139045119074, 86.35136607598337832, 9.150360103338821105 ) ) ;
#7347 = ORIENTED_EDGE ( 'NONE', *, *, #1330, .T. ) ;
#7348 = CARTESIAN_POINT ( 'NONE',  ( -46.06999999992408590, 86.59999999999999432, 10.37000000000000099 ) ) ;
#7349 = DIRECTION ( 'NONE',  ( 1.000000000000000000, 0.000000000000000000, 0.000000000000000000 ) ) ;
#7350 = EDGE_CURVE ( 'NONE', #1968, #3531, #2118, .T. ) ;
#7351 = AXIS2_PLACEMENT_3D ( 'NONE', #1640, #294, #8015 ) ;
#7352 = EDGE_CURVE ( 'NONE', #5730, #2377, #4002, .T. ) ;
#7353 = DIRECTION ( 'NONE',  ( 0.000000000000000000, 0.000000000000000000, -1.000000000000000000 ) ) ;
#7354 = DIRECTION ( 'NONE',  ( -1.000000000000000000, 0.000000000000000000, 0.000000000000000000 ) ) ;
#7355 = CARTESIAN_POINT ( 'NONE',  ( 53.67144126231740131, 90.00000000000005684, 8.127402708447338142 ) ) ;
#7356 = LINE ( 'NONE', #4027, #7000 ) ;
#7357 = CARTESIAN_POINT ( 'NONE',  ( 72.00057539316630084, 84.26388072135330276, 11.22215175600951831 ) ) ;
#7358 = CARTESIAN_POINT ( 'NONE',  ( 51.99999999999998579, 84.50000000000000000, 12.50000000000000000 ) ) ;
#7359 = CARTESIAN_POINT ( 'NONE',  ( 52.20425240504775388, 89.34485360493508210, 6.685758146086896225 ) ) ;
#7360 = CARTESIAN_POINT ( 'NONE',  ( -30.79999999999998650, 87.40000000000016200, 8.395370510911531525 ) ) ;
#7361 = CARTESIAN_POINT ( 'NONE',  ( -18.00000000000002132, 90.00000000012488499, 10.19999999971106597 ) ) ;
#7362 = ORIENTED_EDGE ( 'NONE', *, *, #8658, .F. ) ;
#7363 = APPROVAL_STATUS ( 'not_yet_approved' ) ;
#7364 = CARTESIAN_POINT ( 'NONE',  ( -66.00000000000092371, 84.50000000000000000, 17.00000000000000000 ) ) ;
#7365 = ORIENTED_EDGE ( 'NONE', *, *, #4920, .F. ) ;
#7366 = CARTESIAN_POINT ( 'NONE',  ( -59.76389173455473269, 89.87938524157181064, 4.054429706277620227 ) ) ;
#7367 = ADVANCED_FACE ( 'NONE', ( #2826 ), #5846, .F. ) ;
#7368 = CARTESIAN_POINT ( 'NONE',  ( -40.08561198819633375, 89.50000000000004263, 13.95857498684668307 ) ) ;
#7369 = CARTESIAN_POINT ( 'NONE',  ( -38.13479509172441340, 75.07760237977390716, 13.10000000000000142 ) ) ;
#7370 = CARTESIAN_POINT ( 'NONE',  ( 0.000000000000000000, 76.00000000000000000, 14.20000000000000107 ) ) ;
#7371 = CARTESIAN_POINT ( 'NONE',  ( 55.28509024290240603, 90.00000000000002842, 7.938735938859438512 ) ) ;
#7372 = ORIENTED_EDGE ( 'NONE', *, *, #649, .F. ) ;
#7373 = CIRCLE ( 'NONE', #2775, 0.9999999999999991118 ) ;
#7374 = CARTESIAN_POINT ( 'NONE',  ( -93.00303734277963486, 80.19259430237067932, 12.37047640115479830 ) ) ;
#7375 = ORIENTED_EDGE ( 'NONE', *, *, #8180, .F. ) ;
#7376 = ORIENTED_EDGE ( 'NONE', *, *, #7790, .F. ) ;
#7377 = CIRCLE ( 'NONE', #3498, 3.000000000000002665 ) ;
#7378 = EDGE_CURVE ( 'NONE', #2295, #3044, #3273, .T. ) ;
#7379 = CARTESIAN_POINT ( 'NONE',  ( 24.99999999999999289, 87.39999999999999147, 8.400000000000000355 ) ) ;
#7380 = CARTESIAN_POINT ( 'NONE',  ( -70.36849708492128741, 89.81877666453021902, 16.48786822133589780 ) ) ;
#7381 = CARTESIAN_POINT ( 'NONE',  ( 93.19300512698231387, 80.04330669022543532, 12.40810987741997806 ) ) ;
#7382 = CARTESIAN_POINT ( 'NONE',  ( 18.03804458005514277, 83.28571428571429180, 17.00000000000000000 ) ) ;
#7383 = AXIS2_PLACEMENT_3D ( 'NONE', #4001, #5394, #1131 ) ;
#7384 = CARTESIAN_POINT ( 'NONE',  ( 29.00003332307016279, 88.20000000000000284, 8.400005388820067864 ) ) ;
#7385 = CIRCLE ( 'NONE', #4229, 3.000000000000002665 ) ;
#7386 = CARTESIAN_POINT ( 'NONE',  ( -47.17832403705180866, 89.99999999999998579, 11.02551077757111564 ) ) ;
#7387 = CARTESIAN_POINT ( 'NONE',  ( 62.56250001968160745, 90.00000000000000000, 16.50000000000000355 ) ) ;
#7388 = EDGE_CURVE ( 'NONE', #4783, #5110, #6964, .T. ) ;
#7389 = ORIENTED_EDGE ( 'NONE', *, *, #5229, .F. ) ;
#7390 = CIRCLE ( 'NONE', #641, 1.750000000000001554 ) ;
#7391 = CARTESIAN_POINT ( 'NONE',  ( 82.18609696834641909, 86.40343279068721927, 9.580376066061948137 ) ) ;
#7392 = AXIS2_PLACEMENT_3D ( 'NONE', #8514, #4428, #7121 ) ;
#7393 = CARTESIAN_POINT ( 'NONE',  ( -92.91768779224399566, 76.29679812345904111, 13.95604581646688480 ) ) ;
#7394 = CARTESIAN_POINT ( 'NONE',  ( 53.41857025271054482, 89.87938522625248083, 7.868903777002852706 ) ) ;
#7395 = EDGE_CURVE ( 'NONE', #6281, #7510, #5575, .T. ) ;
#7396 = DIRECTION ( 'NONE',  ( 1.000000000000000000, -0.000000000000000000, -0.000000000000000000 ) ) ;
#7397 = DIRECTION ( 'NONE',  ( -0.000000000000000000, -0.000000000000000000, 1.000000000000000000 ) ) ;
#7398 =( BOUNDED_SURFACE ( )  B_SPLINE_SURFACE ( 3, 2, ( 
 ( #6563, #3947, #8043 ),
 ( #3187, #7361, #5211 ),
 ( #6692, #3145, #7187 ),
 ( #536, #7914, #4586 ) ),
 .UNSPECIFIED., .F., .F., .T. ) 
 B_SPLINE_SURFACE_WITH_KNOTS ( ( 4, 4 ),
 ( 3, 3 ),
 ( -1.040834085586084257E-17, 0.02699999999999998929 ),
 ( 0.000000000000000000, 1.000000000000000000 ),
 .UNSPECIFIED. ) 
 GEOMETRIC_REPRESENTATION_ITEM ( )  RATIONAL_B_SPLINE_SURFACE ( (
 ( 1.000000000000000000, 0.9848077530122081313, 1.000000000000000000),
 ( 1.000000000000000000, 0.9848077530122081313, 1.000000000000000000),
 ( 1.000000000000000000, 0.9848077530122074652, 1.000000000000000000),
 ( 1.000000000000000000, 0.9848077530122074652, 1.000000000000000000) ) ) 
 REPRESENTATION_ITEM ( '' )  SURFACE ( )  );
#7399 = CARTESIAN_POINT ( 'NONE',  ( 50.92318311929908248, 89.99999999999998579, 8.828155163513445203 ) ) ;
#7400 = DIRECTION ( 'NONE',  ( 0.000000000000000000, 1.000000000000000000, -0.000000000000000000 ) ) ;
#7401 = ORIENTED_EDGE ( 'NONE', *, *, #2959, .F. ) ;
#7402 = DIRECTION ( 'NONE',  ( -0.000000000000000000, -0.000000000000000000, 1.000000000000000000 ) ) ;
#7403 = CARTESIAN_POINT ( 'NONE',  ( 0.000000000000000000, 82.50000000000000000, 15.00000000000000178 ) ) ;
#7404 = DIRECTION ( 'NONE',  ( 0.000000000000000000, 0.000000000000000000, -1.000000000000000000 ) ) ;
#7405 = VECTOR ( 'NONE', #2764, 1000.000000000000000 ) ;
#7406 = ADVANCED_FACE ( 'NONE', ( #2332 ), #2247, .F. ) ;
#7407 = EDGE_CURVE ( 'NONE', #8428, #3588, #4792, .T. ) ;
#7408 = CARTESIAN_POINT ( 'NONE',  ( -80.02359137411477263, 86.74140475337837586, 8.646153754633800759 ) ) ;
#7409 = CARTESIAN_POINT ( 'NONE',  ( -57.99832035515936468, 89.99999999999997158, 6.575926902514760641 ) ) ;
#7410 = AXIS2_PLACEMENT_3D ( 'NONE', #2727, #6911, #4264 ) ;
#7411 = ORIENTED_EDGE ( 'NONE', *, *, #4867, .T. ) ;
#7412 = APPROVAL_STATUS ( 'not_yet_approved' ) ;
#7413 = CIRCLE ( 'NONE', #3666, 0.5000000000000043299 ) ;
#7414 = LINE ( 'NONE', #1882, #6531 ) ;
#7415 = DIRECTION ( 'NONE',  ( -0.000000000000000000, -0.000000000000000000, -1.000000000000000000 ) ) ;
#7416 = ORIENTED_EDGE ( 'NONE', *, *, #515, .T. ) ;
#7417 = CARTESIAN_POINT ( 'NONE',  ( 90.31400697876470929, 81.72273869471308672, 16.49999999999998934 ) ) ;
#7418 = AXIS2_PLACEMENT_3D ( 'NONE', #7814, #4985, #1652 ) ;
#7419 = B_SPLINE_CURVE_WITH_KNOTS ( 'NONE', 3,
 ( #5149, #1098, #7934, #4470 ),
 .UNSPECIFIED., .F., .F.,
 ( 4, 4 ),
 ( 0.000000000000000000, 1.000000000000000000 ),
 .UNSPECIFIED. ) ;
#7420 = CARTESIAN_POINT ( 'NONE',  ( -39.84209151868216026, 89.50000000000001421, 11.23679839064363328 ) ) ;
#7421 = LINE ( 'NONE', #7369, #1214 ) ;
#7422 = CARTESIAN_POINT ( 'NONE',  ( -95.14494239437750878, 75.33172216039557156, -15.00000000000000000 ) ) ;
#7423 = CIRCLE ( 'NONE', #6137, 1.750000000000001554 ) ;
#7424 = CARTESIAN_POINT ( 'NONE',  ( 59.64734286113844774, 89.99999999999997158, 5.171309310312729224 ) ) ;
#7425 = EDGE_LOOP ( 'NONE', ( #4893, #4760, #5999, #4261 ) ) ;
#7426 = AXIS2_PLACEMENT_3D ( 'NONE', #4205, #5562, #2809 ) ;
#7427 = CARTESIAN_POINT ( 'NONE',  ( -93.19023212130807110, 79.80026952643331128, 12.43406330688092964 ) ) ;
#7428 = VERTEX_POINT ( 'NONE', #7737 ) ;
#7429 = ORIENTED_EDGE ( 'NONE', *, *, #2569, .T. ) ;
#7430 = CARTESIAN_POINT ( 'NONE',  ( 92.72397121200468462, 79.76922673094557581, 12.02084747679474219 ) ) ;
#7431 = PLANE ( 'NONE',  #640 ) ;
#7432 = VECTOR ( 'NONE', #7085, 1000.000000000000000 ) ;
#7433 = ADVANCED_FACE ( 'NONE', ( #1571 ), #5623, .F. ) ;
#7434 = CARTESIAN_POINT ( 'NONE',  ( -32.33164822575451325, 89.34485360493508210, 8.400038295003122713 ) ) ;
#7435 = CARTESIAN_POINT ( 'NONE',  ( -69.21774739781940866, 90.00000000000000000, 17.00000000000000000 ) ) ;
#7436 = AXIS2_PLACEMENT_3D ( 'NONE', #1203, #8299, #2589 ) ;
#7437 = DIRECTION ( 'NONE',  ( 0.000000000000000000, 0.000000000000000000, -1.000000000000000000 ) ) ;
#7438 = CC_DESIGN_DATE_AND_TIME_ASSIGNMENT ( #7499, #2726, ( #4198 ) ) ;
#7439 = CARTESIAN_POINT ( 'NONE',  ( -47.41610034399673879, 89.50000000000001421, 12.95540960968808797 ) ) ;
#7440 = CARTESIAN_POINT ( 'NONE',  ( 63.25000001990012066, 90.00000000000000000, 16.49999999999999645 ) ) ;
#7441 = ORIENTED_EDGE ( 'NONE', *, *, #3557, .F. ) ;
#7442 = CARTESIAN_POINT ( 'NONE',  ( 8.804986980587120371, 73.31761717137223400, 36.88536684330890125 ) ) ;
#7443 = CARTESIAN_POINT ( 'NONE',  ( -86.80972788498854698, 80.21389788798182963, 10.17547566680762117 ) ) ;
#7444 = EDGE_CURVE ( 'NONE', #1102, #3345, #1681, .T. ) ;
#7445 = CARTESIAN_POINT ( 'NONE',  ( 58.79955203818851572, 89.87938527674363343, 5.052164173991317675 ) ) ;
#7446 = CARTESIAN_POINT ( 'NONE',  ( -58.14821032193978567, 89.34485357832083707, 3.623649357663221160 ) ) ;
#7447 = ORIENTED_EDGE ( 'NONE', *, *, #5460, .T. ) ;
#7448 = CARTESIAN_POINT ( 'NONE',  ( 72.97804097904416665, 85.29558725038133105, 13.36566270672667933 ) ) ;
#7449 = EDGE_CURVE ( 'NONE', #8406, #6252, #274, .T. ) ;
#7450 = CARTESIAN_POINT ( 'NONE',  ( -92.85811371118323621, 80.13002785242770187, 14.23538844584020957 ) ) ;
#7451 = VERTEX_POINT ( 'NONE', #5081 ) ;
#7452 = CARTESIAN_POINT ( 'NONE',  ( 52.21503136449698701, 90.00000000000001421, 8.533345994479983432 ) ) ;
#7453 = DIRECTION ( 'NONE',  ( 1.000000000000000000, 0.000000000000000000, 0.000000000000000000 ) ) ;
#7454 = VERTEX_POINT ( 'NONE', #8458 ) ;
#7455 = DIRECTION ( 'NONE',  ( 0.000000000000000000, 0.000000000000000000, 1.000000000000000000 ) ) ;
#7456 = CARTESIAN_POINT ( 'NONE',  ( -58.07577625714868930, 87.50000000000000000, 3.699999999999994849 ) ) ;
#7457 = CARTESIAN_POINT ( 'NONE',  ( -40.26999999992408874, 75.07760237977390716, 14.76999999999999602 ) ) ;
#7458 = DIRECTION ( 'NONE',  ( -0.1391731009600729041, 0.9902680687415693628, -4.328364609758395101E-17 ) ) ;
#7459 = EDGE_LOOP ( 'NONE', ( #3707, #5950, #4861, #4276 ) ) ;
#7460 = EDGE_CURVE ( 'NONE', #1598, #3829, #4223, .T. ) ;
#7461 = DIRECTION ( 'NONE',  ( 1.000000000000000000, 0.000000000000000000, 0.000000000000000000 ) ) ;
#7462 = DIRECTION ( 'NONE',  ( -0.000000000000000000, 0.000000000000000000, 1.000000000000000000 ) ) ;
#7463 = ORIENTED_EDGE ( 'NONE', *, *, #6696, .F. ) ;
#7464 = DIRECTION ( 'NONE',  ( -0.000000000000000000, -0.000000000000000000, 1.000000000000000000 ) ) ;
#7465 = CARTESIAN_POINT ( 'NONE',  ( -38.92389965585143585, 89.50000000000000000, 12.18459039031188951 ) ) ;
#7466 = CARTESIAN_POINT ( 'NONE',  ( 30.00000000000000000, 88.19999999999998863, 9.500000000000000000 ) ) ;
#7467 = DIRECTION ( 'NONE',  ( 0.000000000000000000, 1.000000000000000000, 0.000000000000000000 ) ) ;
#7468 = CARTESIAN_POINT ( 'NONE',  ( 56.28762338197884674, 90.00000000000000000, 7.507841797812904616 ) ) ;
#7469 = ORIENTED_EDGE ( 'NONE', *, *, #2778, .T. ) ;
#7470 = DIRECTION ( 'NONE',  ( -0.000000000000000000, -0.000000000000000000, 1.000000000000000000 ) ) ;
#7471 = EDGE_CURVE ( 'NONE', #3229, #3309, #7103, .T. ) ;
#7472 = ORIENTED_EDGE ( 'NONE', *, *, #1254, .T. ) ;
#7473 = CARTESIAN_POINT ( 'NONE',  ( -0.8999999999999968026, 83.09999999999999432, 12.50000000000000000 ) ) ;
#7474 = DIRECTION ( 'NONE',  ( -0.000000000000000000, 1.000000000000000000, -0.000000000000000000 ) ) ;
#7475 = CARTESIAN_POINT ( 'NONE',  ( -39.56493342740483854, 89.50000000000004263, 11.34669905630403619 ) ) ;
#7476 = CARTESIAN_POINT ( 'NONE',  ( 24.99999999999999289, 88.19999999999998863, 8.400000000000000355 ) ) ;
#7477 = EDGE_CURVE ( 'NONE', #8017, #7060, #962, .T. ) ;
#7478 = CARTESIAN_POINT ( 'NONE',  ( 30.00000000000000000, 88.19999999999998863, 8.397725512736064601 ) ) ;
#7479 = CARTESIAN_POINT ( 'NONE',  ( -47.92146497007546913, 90.00000000000004263, 12.13880915490079104 ) ) ;
#7480 = CARTESIAN_POINT ( 'NONE',  ( 6.804986980587121259, 76.00000000000000000, 15.00000000000000178 ) ) ;
#7481 = EDGE_CURVE ( 'NONE', #810, #7162, #5156, .T. ) ;
#7482 = EDGE_LOOP ( 'NONE', ( #6144, #6729, #6422, #8803 ) ) ;
#7483 = CARTESIAN_POINT ( 'NONE',  ( 72.36944373564729460, 85.21704830498654815, 6.921217086500123905 ) ) ;
#7484 = CARTESIAN_POINT ( 'NONE',  ( -76.57414464895319384, 84.24494493374457704, 7.868787361662943347 ) ) ;
#7485 = CARTESIAN_POINT ( 'NONE',  ( 38.19301763571395014, 89.87938521888327159, 9.769186305150723726 ) ) ;
#7486 = CARTESIAN_POINT ( 'NONE',  ( -58.07419762178489719, 89.34485357832078023, 3.701663427270221796 ) ) ;
#7487 = CARTESIAN_POINT ( 'NONE',  ( 74.57606622673357322, 84.92780243358926384, 12.17433570982208657 ) ) ;
#7488 = CARTESIAN_POINT ( 'NONE',  ( -18.03804458005514633, 83.28571428571429180, 3.694999999999993623 ) ) ;
#7489 = ORIENTED_EDGE ( 'NONE', *, *, #7099, .T. ) ;
#7490 = CARTESIAN_POINT ( 'NONE',  ( 57.29410492614316297, 89.34485357832083707, 4.405827920576891543 ) ) ;
#7491 = CARTESIAN_POINT ( 'NONE',  ( 0.000000000000000000, 80.00000000000000000, 14.20000000000000107 ) ) ;
#7492 = ORIENTED_EDGE ( 'NONE', *, *, #7683, .T. ) ;
#7493 = CARTESIAN_POINT ( 'NONE',  ( -73.53110293441626766, 88.81434170875205325, 17.00000000000000355 ) ) ;
#7494 = LINE ( 'NONE', #8841, #947 ) ;
#7495 = CYLINDRICAL_SURFACE ( 'NONE', #503, 23.99999999999999289 ) ;
#7496 = EDGE_CURVE ( 'NONE', #90, #8892, #7149, .T. ) ;
#7497 = FACE_OUTER_BOUND ( 'NONE', #7982, .T. ) ;
#7498 = ORIENTED_EDGE ( 'NONE', *, *, #3620, .T. ) ;
#7499 = DATE_AND_TIME ( #2098, #6645 ) ;
#7500 = CARTESIAN_POINT ( 'NONE',  ( -47.15399113587818647, 86.00000000000000000, 10.65038581957776564 ) ) ;
#7501 = CARTESIAN_POINT ( 'NONE',  ( 9.804986980587120371, 72.31761717137223400, 15.00000000000000000 ) ) ;
#7502 = VERTEX_POINT ( 'NONE', #5937 ) ;
#7503 = CARTESIAN_POINT ( 'NONE',  ( -35.03351291793524780, 85.99999999999995737, 8.356118806051838988 ) ) ;
#7504 = CARTESIAN_POINT ( 'NONE',  ( -39.41803626554280982, 89.50000000000000000, 11.45883520727388394 ) ) ;
#7505 = CARTESIAN_POINT ( 'NONE',  ( -59.33311307465370277, 90.00000000000001421, 4.989561925677843846 ) ) ;
#7506 = DIRECTION ( 'NONE',  ( -1.000000000000000000, 0.000000000000000000, 0.000000000000000000 ) ) ;
#7507 = CARTESIAN_POINT ( 'NONE',  ( 68.19690070017948358, 89.99333020880688139, 16.49326435081048459 ) ) ;
#7508 = ORIENTED_EDGE ( 'NONE', *, *, #8181, .F. ) ;
#7509 = CARTESIAN_POINT ( 'NONE',  ( -40.26999999992409585, 89.99999999999998579, 10.67000000000002657 ) ) ;
#7510 = VERTEX_POINT ( 'NONE', #8001 ) ;
#7511 = CARTESIAN_POINT ( 'NONE',  ( 2.247776679298901570, 82.50000000000000000, 15.00000000000000178 ) ) ;
#7512 = VERTEX_POINT ( 'NONE', #3862 ) ;
#7513 = DIRECTION ( 'NONE',  ( 0.000000000000000000, 1.000000000000000000, 0.000000000000000000 ) ) ;
#7514 = CARTESIAN_POINT ( 'NONE',  ( -58.07577625714868930, 88.91092304027327486, 3.699999999999995293 ) ) ;
#7515 = CARTESIAN_POINT ( 'NONE',  ( -49.59878483206426125, 85.99999999999995737, 7.277719665233581381 ) ) ;
#7516 = LINE ( 'NONE', #6757, #2766 ) ;
#7517 = ADVANCED_FACE ( 'NONE', ( #5845 ), #7398, .T. ) ;
#7518 = ORIENTED_EDGE ( 'NONE', *, *, #898, .F. ) ;
#7519 = VECTOR ( 'NONE', #3250, 1000.000000000000000 ) ;
#7520 = CARTESIAN_POINT ( 'NONE',  ( 37.11000000008891675, 83.09999999994768416, 17.00000000000000000 ) ) ;
#7521 = EDGE_CURVE ( 'NONE', #8554, #6662, #6131, .T. ) ;
#7522 = CARTESIAN_POINT ( 'NONE',  ( -47.45734442354291360, 89.99999999999998579, 13.86965997447063259 ) ) ;
#7523 = DIRECTION ( 'NONE',  ( -1.000000000000000000, 0.000000000000000000, 0.000000000000000000 ) ) ;
#7524 = CARTESIAN_POINT ( 'NONE',  ( -73.32181238592393413, 83.73006632573566321, 11.22215175600951831 ) ) ;
#7525 = ORIENTED_EDGE ( 'NONE', *, *, #4143, .F. ) ;
#7526 = FACE_OUTER_BOUND ( 'NONE', #6974, .T. ) ;
#7527 = CARTESIAN_POINT ( 'NONE',  ( -89.55966242459551552, 78.60244507613057863, 10.79520018041353246 ) ) ;
#7528 = VECTOR ( 'NONE', #5364, 999.9999999999998863 ) ;
#7529 = EDGE_CURVE ( 'NONE', #827, #369, #4540, .T. ) ;
#7530 = CARTESIAN_POINT ( 'NONE',  ( 32.59875279665399006, 89.87938526393027416, 9.868342771442998540 ) ) ;
#7531 = CARTESIAN_POINT ( 'NONE',  ( -58.07458396764828024, 89.34485357832080865, 3.701256447703350716 ) ) ;
#7532 = CARTESIAN_POINT ( 'NONE',  ( 0.000000000000000000, 89.34485357832085128, 8.400000000000000355 ) ) ;
#7533 = CIRCLE ( 'NONE', #3664, 3.000000000000002665 ) ;
#7534 = CARTESIAN_POINT ( 'NONE',  ( 66.00147541926334327, 89.99981326875506227, 16.49963217656421932 ) ) ;
#7535 = ORIENTED_EDGE ( 'NONE', *, *, #7477, .F. ) ;
#7536 = CARTESIAN_POINT ( 'NONE',  ( 58.07537860097384907, 89.34485357832080865, 3.700419161637977794 ) ) ;
#7537 = CARTESIAN_POINT ( 'NONE',  ( 70.84948703582436735, 85.53367108451196543, 10.18211757313411781 ) ) ;
#7538 = CARTESIAN_POINT ( 'NONE',  ( 24.99999999999999289, 88.19999999999998863, 9.500000000000000000 ) ) ;
#7539 = CARTESIAN_POINT ( 'NONE',  ( 24.99999999999999289, 87.39999999999999147, -0.5062160878754172755 ) ) ;
#7540 = CARTESIAN_POINT ( 'NONE',  ( 29.66582369357791293, 89.34485360493508210, 8.400000000000000355 ) ) ;
#7541 = ADVANCED_FACE ( 'NONE', ( #5896, #446 ), #3773, .F. ) ;
#7542 = ORIENTED_EDGE ( 'NONE', *, *, #1991, .F. ) ;
#7543 = ADVANCED_FACE ( 'NONE', ( #2506 ), #8588, .T. ) ;
#7544 = DIRECTION ( 'NONE',  ( -0.000000000000000000, -0.000000000000000000, 1.000000000000000000 ) ) ;
#7545 = ORIENTED_EDGE ( 'NONE', *, *, #6595, .F. ) ;
#7546 = APPROVAL_ROLE ( '' ) ;
#7547 = DIRECTION ( 'NONE',  ( 1.000000000000000000, 0.000000000000000000, 0.000000000000000000 ) ) ;
#7548 = LINE ( 'NONE', #2007, #200 ) ;
#7549 = ORIENTED_EDGE ( 'NONE', *, *, #1484, .F. ) ;
#7550 = AXIS2_PLACEMENT_3D ( 'NONE', #5662, #8407, #3005 ) ;
#7551 = DIRECTION ( 'NONE',  ( 1.000000000000000000, 0.000000000000000000, 0.000000000000000000 ) ) ;
#7552 = CARTESIAN_POINT ( 'NONE',  ( -38.87441072449585988, 89.50000000000005684, 12.68340456384857262 ) ) ;
#7553 = FACE_OUTER_BOUND ( 'NONE', #27, .T. ) ;
#7554 = LINE ( 'NONE', #3417, #837 ) ;
#7555 = B_SPLINE_SURFACE_WITH_KNOTS ( 'NONE', 1, 3, ( 
 ( #3511, #1980, #4819, #1306 ),
 ( #6257, #1398, #2654, #91 ) ),
 .UNSPECIFIED., .F., .F., .F.,
 ( 2, 2 ),
 ( 4, 4 ),
 ( 0.000000000000000000, 1.000000000000000000 ),
 ( 0.000000000000000000, 0.02835000000000000020 ),
 .UNSPECIFIED. ) ;
#7556 = ORIENTED_EDGE ( 'NONE', *, *, #4061, .T. ) ;
#7557 = CARTESIAN_POINT ( 'NONE',  ( -92.92882814877252429, 80.03128122033655245, 13.93660043335644083 ) ) ;
#7558 = ORIENTED_EDGE ( 'NONE', *, *, #651, .T. ) ;
#7559 = CARTESIAN_POINT ( 'NONE',  ( -56.79187539242722949, 89.34485357832085128, 4.764325845764617817 ) ) ;
#7560 = EDGE_LOOP ( 'NONE', ( #6749, #6710, #7545, #6401 ) ) ;
#7561 = FACE_OUTER_BOUND ( 'NONE', #4316, .T. ) ;
#7562 = DIRECTION ( 'NONE',  ( 1.000000000000000000, 0.000000000000000000, 0.000000000000000000 ) ) ;
#7563 = LINE ( 'NONE', #8778, #3785 ) ;
#7564 = AXIS2_PLACEMENT_3D ( 'NONE', #5292, #4482, #2367 ) ;
#7565 = CARTESIAN_POINT ( 'NONE',  ( -47.87379670683978361, 89.99999999999998579, 11.96010576217121546 ) ) ;
#7566 = CARTESIAN_POINT ( 'NONE',  ( -47.17611353531636098, 90.00000000000000000, 14.11514840254093528 ) ) ;
#7567 = AXIS2_PLACEMENT_3D ( 'NONE', #8834, #2133, #4882 ) ;
#7568 = DIRECTION ( 'NONE',  ( -4.163336342345625335E-16, 0.000000000000000000, -1.000000000000000000 ) ) ;
#7569 = CARTESIAN_POINT ( 'NONE',  ( 54.49999999999998579, 86.00000000000001421, 14.20000000000000107 ) ) ;
#7570 = B_SPLINE_CURVE_WITH_KNOTS ( 'NONE', 3,
 ( #821, #6889, #728, #49 ),
 .UNSPECIFIED., .F., .F.,
 ( 4, 4 ),
 ( 0.000000000000000000, 0.002305090062325174192 ),
 .UNSPECIFIED. ) ;
#7571 = AXIS2_PLACEMENT_3D ( 'NONE', #744, #6818, #4751 ) ;
#7572 = ORIENTED_EDGE ( 'NONE', *, *, #7819, .T. ) ;
#7573 = EDGE_CURVE ( 'NONE', #936, #6994, #1795, .T. ) ;
#7574 = FACE_OUTER_BOUND ( 'NONE', #8721, .T. ) ;
#7575 = CARTESIAN_POINT ( 'NONE',  ( 30.71349496778819343, 87.81777110909895612, 8.395700123801661974 ) ) ;
#7576 = AXIS2_PLACEMENT_3D ( 'NONE', #737, #60, #4196 ) ;
#7577 = CARTESIAN_POINT ( 'NONE',  ( -68.20575756577844118, 89.99330405460744942, 16.49323866149245177 ) ) ;
#7578 = DIRECTION ( 'NONE',  ( -1.000000000000000000, 0.000000000000000000, 0.000000000000000000 ) ) ;
#7579 = CARTESIAN_POINT ( 'NONE',  ( -51.60506487187515745, 89.34485357832080865, 6.829814159755021485 ) ) ;
#7580 = CARTESIAN_POINT ( 'NONE',  ( 0.000000000000000000, 80.00000000000000000, 13.10000000000000142 ) ) ;
#7581 = VECTOR ( 'NONE', #1215, 1000.000000000000000 ) ;
#7582 = LINE ( 'NONE', #8209, #5996 ) ;
#7583 = CARTESIAN_POINT ( 'NONE',  ( 58.07105130043188979, 89.34485357832114971, 3.704975603200310719 ) ) ;
#7584 = CARTESIAN_POINT ( 'NONE',  ( 9.000000000000000000, 89.34485357832085128, 8.400000000000000355 ) ) ;
#7585 = CYLINDRICAL_SURFACE ( 'NONE', #8145, 2.000000000000000000 ) ;
#7586 = CARTESIAN_POINT ( 'NONE',  ( 64.12613265671315332, 89.99135562948825395, 5.571343561824666502 ) ) ;
#7587 = DIRECTION ( 'NONE',  ( -0.000000000000000000, 1.000000000000000000, 0.000000000000000000 ) ) ;
#7588 = ORIENTED_EDGE ( 'NONE', *, *, #5372, .F. ) ;
#7589 = CARTESIAN_POINT ( 'NONE',  ( 18.03804458005514277, 83.28571428571429180, 15.00000000000000178 ) ) ;
#7590 = VERTEX_POINT ( 'NONE', #7321 ) ;
#7591 = COORDINATED_UNIVERSAL_TIME_OFFSET ( 1, 0, .AHEAD. ) ;
#7592 = DIRECTION ( 'NONE',  ( -0.000000000000000000, -0.000000000000000000, 1.000000000000000000 ) ) ;
#7593 = DIRECTION ( 'NONE',  ( 0.000000000000000000, 0.000000000000000000, 1.000000000000000000 ) ) ;
#7594 = ORIENTED_EDGE ( 'NONE', *, *, #3867, .T. ) ;
#7595 = CARTESIAN_POINT ( 'NONE',  ( -49.00999935143079966, 82.24689295812471812, 13.85000000000000675 ) ) ;
#7596 = CARTESIAN_POINT ( 'NONE',  ( -39.69165039978989284, 89.50000000000005684, 11.29422414804377972 ) ) ;
#7597 = CARTESIAN_POINT ( 'NONE',  ( -59.40575570323283472, 90.00000000000000000, 4.913418457487220614 ) ) ;
#7598 = DIRECTION ( 'NONE',  ( -0.9310853676316689365, -0.2984154252949024477, -0.2098291498535474753 ) ) ;
#7599 = ORIENTED_EDGE ( 'NONE', *, *, #5204, .T. ) ;
#7600 = CARTESIAN_POINT ( 'NONE',  ( 38.01000000008891533, 83.09999999994768416, 14.70000000000002061 ) ) ;
#7601 = ORIENTED_EDGE ( 'NONE', *, *, #7378, .T. ) ;
#7602 = FACE_OUTER_BOUND ( 'NONE', #3960, .T. ) ;
#7603 = VERTEX_POINT ( 'NONE', #405 ) ;
#7604 = CARTESIAN_POINT ( 'NONE',  ( 92.83734982062540553, 80.34712377603550237, 13.42783295930791709 ) ) ;
#7605 = DIRECTION ( 'NONE',  ( -1.000000000000000000, 0.000000000000000000, 0.000000000000000000 ) ) ;
#7606 = DIRECTION ( 'NONE',  ( 1.000000000000000000, -0.000000000000000000, -0.000000000000000000 ) ) ;
#7607 = EDGE_CURVE ( 'NONE', #2445, #5284, #3275, .T. ) ;
#7608 = CARTESIAN_POINT ( 'NONE',  ( -46.91288115235876433, 89.99999999999997158, 10.86264401799011381 ) ) ;
#7609 = CARTESIAN_POINT ( 'NONE',  ( -47.36914128600245277, 89.99999999999997158, 13.95679479275027468 ) ) ;
#7610 = CARTESIAN_POINT ( 'NONE',  ( -46.06999999992408590, 75.07760237977390716, 10.37000000000000099 ) ) ;
#7611 = CARTESIAN_POINT ( 'NONE',  ( -30.00000000000000000, 88.19999999999998863, 9.500000000000000000 ) ) ;
#7612 = ORIENTED_EDGE ( 'NONE', *, *, #5630, .F. ) ;
#7613 = LINE ( 'NONE', #7442, #8463 ) ;
#7614 = CARTESIAN_POINT ( 'NONE',  ( 52.96619873587256677, 90.00000000000000000, -15.00000000000000178 ) ) ;
#7615 = CARTESIAN_POINT ( 'NONE',  ( -86.32565558825329788, 80.27767862025989132, -15.00000000000002665 ) ) ;
#7616 = CARTESIAN_POINT ( 'NONE',  ( -64.19840450240180019, 89.49196130215740652, 5.079793866592032359 ) ) ;
#7617 = CARTESIAN_POINT ( 'NONE',  ( -50.99471664511850832, 89.34485357832085128, 6.971451801627630118 ) ) ;
#7618 = CARTESIAN_POINT ( 'NONE',  ( -34.71254102175322487, 0.000000000000000000, 12.50000000000000000 ) ) ;
#7619 = CARTESIAN_POINT ( 'NONE',  ( -92.98249058415687784, 80.01752324817029205, 13.73020063661249246 ) ) ;
#7620 = ORIENTED_EDGE ( 'NONE', *, *, #7197, .F. ) ;
#7621 = CARTESIAN_POINT ( 'NONE',  ( 58.07679148338822017, 89.34485357832082286, 3.698929875986079807 ) ) ;
#7622 = DIRECTION ( 'NONE',  ( -0.000000000000000000, -0.000000000000000000, 1.000000000000000000 ) ) ;
#7623 = CARTESIAN_POINT ( 'NONE',  ( -30.41669952049003456, 86.68521224490473287, 8.396656917847634460 ) ) ;
#7624 = DIRECTION ( 'NONE',  ( 4.163336342345625335E-16, -0.000000000000000000, 1.000000000000000000 ) ) ;
#7625 = FACE_OUTER_BOUND ( 'NONE', #2978, .T. ) ;
#7626 = EDGE_CURVE ( 'NONE', #5877, #3279, #8631, .T. ) ;
#7627 = EDGE_CURVE ( 'NONE', #5982, #1987, #5127, .T. ) ;
#7628 = VERTEX_POINT ( 'NONE', #1750 ) ;
#7629 = EDGE_CURVE ( 'NONE', #6982, #3345, #1710, .T. ) ;
#7630 = CARTESIAN_POINT ( 'NONE',  ( 40.25777667939014748, 83.00000000000000000, 17.00000000000001066 ) ) ;
#7631 = ORIENTED_EDGE ( 'NONE', *, *, #3424, .F. ) ;
#7632 = CARTESIAN_POINT ( 'NONE',  ( -34.71254102175322487, 86.00000000000000000, -0.5062160878754190518 ) ) ;
#7633 = LINE ( 'NONE', #4406, #339 ) ;
#7634 = EDGE_LOOP ( 'NONE', ( #8642, #1179, #8544, #3201 ) ) ;
#7635 = CARTESIAN_POINT ( 'NONE',  ( -78.82856746937670778, 87.62887141330195107, 8.831700837937148663 ) ) ;
#7636 = CARTESIAN_POINT ( 'NONE',  ( -39.31771295795605425, 89.99999999999995737, 14.21529602994952768 ) ) ;
#7637 = CARTESIAN_POINT ( 'NONE',  ( -59.42185543058425878, 90.00000000000002842, 4.896448202838855401 ) ) ;
#7638 = DIRECTION ( 'NONE',  ( 0.000000000000000000, 0.000000000000000000, 1.000000000000000000 ) ) ;
#7639 = AXIS2_PLACEMENT_3D ( 'NONE', #1852, #3288, #7804 ) ;
#7640 = VERTEX_POINT ( 'NONE', #4452 ) ;
#7641 = CARTESIAN_POINT ( 'NONE',  ( 9.371937135110783856, 78.80006240345578306, 12.50000000000000000 ) ) ;
#7642 = CARTESIAN_POINT ( 'NONE',  ( -54.59809066786603893, 89.34485357832080865, 5.892556639972235999 ) ) ;
#7643 = ORIENTED_EDGE ( 'NONE', *, *, #3392, .F. ) ;
#7644 = DIRECTION ( 'NONE',  ( 0.4226182617406971098, 0.9063077870366510469, 0.000000000000000000 ) ) ;
#7645 = CARTESIAN_POINT ( 'NONE',  ( 70.36655842680383444, 85.49414003543847684, 6.469745136402275776 ) ) ;
#7646 = CARTESIAN_POINT ( 'NONE',  ( -92.76120218962797992, 80.41599643340744308, 13.77063776973975529 ) ) ;
#7647 = ORIENTED_EDGE ( 'NONE', *, *, #488, .F. ) ;
#7648 = DIRECTION ( 'NONE',  ( 1.000000000000000000, 0.000000000000000000, 0.000000000000000000 ) ) ;
#7649 = DIRECTION ( 'NONE',  ( -0.000000000000000000, -0.000000000000000000, 1.000000000000000000 ) ) ;
#7650 = CARTESIAN_POINT ( 'NONE',  ( -47.68465200115691971, 89.99999999999998579, 11.56664045071370417 ) ) ;
#7651 = CARTESIAN_POINT ( 'NONE',  ( 67.32589563892456397, 85.59691760397426208, -15.00000000000001421 ) ) ;
#7652 = PLANE ( 'NONE',  #3978 ) ;
#7653 = ADVANCED_FACE ( 'NONE', ( #3817 ), #6705, .F. ) ;
#7654 = ORIENTED_EDGE ( 'NONE', *, *, #748, .T. ) ;
#7655 = ORIENTED_EDGE ( 'NONE', *, *, #5656, .F. ) ;
#7656 = DIRECTION ( 'NONE',  ( -1.000000000000000000, 0.000000000000000000, 0.000000000000000000 ) ) ;
#7657 = CARTESIAN_POINT ( 'NONE',  ( 16.82234849141332589, 90.00000000000000000, 16.99999999999997158 ) ) ;
#7659 = CARTESIAN_POINT ( 'NONE',  ( 0.000000000000000000, 86.00000000000000000, 17.00000000000000000 ) ) ;
#7658 = AXIS2_PLACEMENT_3D ( 'NONE', #3997, #4804, #30 ) ;
#7660 = PLANE ( 'NONE',  #3558 ) ;
#7661 = CARTESIAN_POINT ( 'NONE',  ( -50.81925175711557330, 89.34485357832085128, 7.009974434848101232 ) ) ;
#7662 = CARTESIAN_POINT ( 'NONE',  ( 0.000000000000000000, 90.00000000000000000, 16.50000000000002842 ) ) ;
#7663 = DIRECTION ( 'NONE',  ( -1.000000000000000000, 0.000000000000000000, 0.000000000000000000 ) ) ;
#7664 = ORIENTED_EDGE ( 'NONE', *, *, #7797, .T. ) ;
#7665 = CARTESIAN_POINT ( 'NONE',  ( 52.54906543844063549, 89.34485357832085128, 6.581908733209295370 ) ) ;
#7666 = CARTESIAN_POINT ( 'NONE',  ( -34.67724152486139388, 82.50000000000000000, 15.00000000000000178 ) ) ;
#7667 = CARTESIAN_POINT ( 'NONE',  ( -30.21129663255285536, 86.60000000000000853, 8.397243766543615706 ) ) ;
#7668 = CARTESIAN_POINT ( 'NONE',  ( 22.96195541994489275, 83.28571428571429180, 15.00000000000000178 ) ) ;
#7669 = CARTESIAN_POINT ( 'NONE',  ( 91.44589045030866714, 81.50815312850190253, 16.23558539102008424 ) ) ;
#7670 = EDGE_CURVE ( 'NONE', #4612, #3015, #2821, .T. ) ;
#7671 = AXIS2_PLACEMENT_3D ( 'NONE', #546, #3955, #455 ) ;
#7672 = VECTOR ( 'NONE', #2785, 1000.000000000000000 ) ;
#7673 = VERTEX_POINT ( 'NONE', #1123 ) ;
#7674 = DIRECTION ( 'NONE',  ( 0.000000000000000000, 0.000000000000000000, 1.000000000000000000 ) ) ;
#7675 = VERTEX_POINT ( 'NONE', #8717 ) ;
#7676 = DIRECTION ( 'NONE',  ( -0.000000000000000000, -0.000000000000000000, -1.000000000000000000 ) ) ;
#7677 = DIRECTION ( 'NONE',  ( 0.000000000000000000, -0.000000000000000000, -1.000000000000000000 ) ) ;
#7678 = EDGE_LOOP ( 'NONE', ( #1174, #2048, #6368, #6331, #5683 ) ) ;
#7679 = EDGE_CURVE ( 'NONE', #4028, #4814, #2550, .T. ) ;
#7680 = CARTESIAN_POINT ( 'NONE',  ( -65.94425217552746687, 89.94476131767929417, 5.973044283574247437 ) ) ;
#7681 = CIRCLE ( 'NONE', #1650, 0.5000000000000004441 ) ;
#7682 = CARTESIAN_POINT ( 'NONE',  ( 33.52761121814194922, 86.00000000000001421, 17.00000000000003553 ) ) ;
#7683 = EDGE_CURVE ( 'NONE', #5036, #565, #7857, .T. ) ;
#7684 = CARTESIAN_POINT ( 'NONE',  ( -38.57933882149677629, 89.99999999999997158, 13.43755199503013742 ) ) ;
#7685 = CARTESIAN_POINT ( 'NONE',  ( -58.39675093950343410, 90.00000000000000000, 5.829020770587231226 ) ) ;
#7686 = CARTESIAN_POINT ( 'NONE',  ( -16.82234849141332589, 86.00000000000000000, 16.99999999999997158 ) ) ;
#7687 = ORIENTED_EDGE ( 'NONE', *, *, #8572, .T. ) ;
#7688 = CARTESIAN_POINT ( 'NONE',  ( 54.49999999999998579, 80.50000000000000000, 12.50000000000000000 ) ) ;
#7689 = DIRECTION ( 'NONE',  ( 0.000000000000000000, 0.000000000000000000, -1.000000000000000000 ) ) ;
#7690 = ORIENTED_EDGE ( 'NONE', *, *, #7156, .T. ) ;
#7691 = CARTESIAN_POINT ( 'NONE',  ( -47.12712585640338858, 89.87938523837036087, 9.117156085861156001 ) ) ;
#7692 = CARTESIAN_POINT ( 'NONE',  ( 0.000000000000000000, 84.50000000000000000, 12.50000000000000000 ) ) ;
#7693 = ORIENTED_EDGE ( 'NONE', *, *, #8679, .F. ) ;
#7694 = FACE_OUTER_BOUND ( 'NONE', #6871, .T. ) ;
#7695 = DIRECTION ( 'NONE',  ( -1.000000000000000000, 0.000000000000000000, 0.000000000000000000 ) ) ;
#7696 = CIRCLE ( 'NONE', #3532, 1.499999999999994449 ) ;
#7697 = CARTESIAN_POINT ( 'NONE',  ( -65.31250002054666481, 90.00000000000000000, 16.50000000000000355 ) ) ;
#7698 = CARTESIAN_POINT ( 'NONE',  ( 86.32565558825329788, 80.27767862025989132, -15.00000000000002665 ) ) ;
#7699 = CARTESIAN_POINT ( 'NONE',  ( -39.42709427644947340, 89.99999999999998579, 14.27734580063484060 ) ) ;
#7700 = VERTEX_POINT ( 'NONE', #5387 ) ;
#7701 = ORIENTED_EDGE ( 'NONE', *, *, #4920, .T. ) ;
#7702 = CARTESIAN_POINT ( 'NONE',  ( -20.31192640368340463, 77.21902636811576315, 14.20000000000000107 ) ) ;
#7703 = CARTESIAN_POINT ( 'NONE',  ( 60.71081442275158224, 90.00000000000000000, 17.00000000000000000 ) ) ;
#7704 = VECTOR ( 'NONE', #8799, 1000.000000000000000 ) ;
#7705 = CARTESIAN_POINT ( 'NONE',  ( -68.34475205658222308, 86.00255792380426101, 6.014213644316180662 ) ) ;
#7706 = APPROVAL ( #7412, 'Deckungsgleich' ) ;
#7707 = CARTESIAN_POINT ( 'NONE',  ( -47.13855008177998940, 89.50000000000001421, 11.66516728043959539 ) ) ;
#7708 = CARTESIAN_POINT ( 'NONE',  ( -47.51794496029754100, 89.34485357832087971, 7.582106290433798357 ) ) ;
#7709 = FACE_OUTER_BOUND ( 'NONE', #6244, .T. ) ;
#7710 = AXIS2_PLACEMENT_3D ( 'NONE', #6899, #4973, #253 ) ;
#7711 = DIRECTION ( 'NONE',  ( -1.000000000000000000, 0.000000000000000000, 0.000000000000000000 ) ) ;
#7712 = AXIS2_PLACEMENT_3D ( 'NONE', #5249, #1788, #3856 ) ;
#7713 = ORIENTED_EDGE ( 'NONE', *, *, #8292, .F. ) ;
#7714 = CARTESIAN_POINT ( 'NONE',  ( 52.80260599796839927, 89.34485357832087971, 6.508925140054838465 ) ) ;
#7715 = LINE ( 'NONE', #4160, #3103 ) ;
#7716 = B_SPLINE_CURVE_WITH_KNOTS ( 'NONE', 3,
 ( #6303, #4370, #5718, #7105, #2334, #5083, #7189, #3055, #3602, #3647, #948, #3013 ),
 .UNSPECIFIED., .F., .F.,
 ( 4, 2, 2, 2, 2, 4 ),
 ( 0.000000000000000000, 0.006442841828472477619, 0.01288568365694495524, 0.01610710457118119318, 0.01932852548541743459, 0.02577136731388995211 ),
 .UNSPECIFIED. ) ;
#7717 = EDGE_CURVE ( 'NONE', #7451, #8601, #6445, .T. ) ;
#7718 = EDGE_CURVE ( 'NONE', #1004, #7590, #4692, .T. ) ;
#7719 = DIRECTION ( 'NONE',  ( 1.000000000000000000, 0.000000000000000000, 0.000000000000000000 ) ) ;
#7720 = CARTESIAN_POINT ( 'NONE',  ( -91.79704300809689244, 81.25106358488993408, 16.38426064896878387 ) ) ;
#7721 = AXIS2_PLACEMENT_3D ( 'NONE', #1405, #5501, #1538 ) ;
#7722 = CARTESIAN_POINT ( 'NONE',  ( 90.82520248829661114, 81.97309088505015495, 16.48168140894207312 ) ) ;
#7723 = CIRCLE ( 'NONE', #8869, 1.750000000000001554 ) ;
#7724 = CIRCLE ( 'NONE', #8154, 0.5000000000000000000 ) ;
#7725 = EDGE_CURVE ( 'NONE', #5212, #956, #2049, .T. ) ;
#7726 = EDGE_LOOP ( 'NONE', ( #3419, #7915, #2554, #4651, #4965 ) ) ;
#7727 = CARTESIAN_POINT ( 'NONE',  ( 0.8999999999999968026, 83.09999999999999432, 17.00000000000000000 ) ) ;
#7728 = CARTESIAN_POINT ( 'NONE',  ( 57.99832035515936468, 89.99999999999997158, 6.575926902514760641 ) ) ;
#7729 = CARTESIAN_POINT ( 'NONE',  ( 59.81629875069215529, 90.00000000000004263, 4.480676963953751368 ) ) ;
#7730 = DIRECTION ( 'NONE',  ( 0.000000000000000000, -0.000000000000000000, 1.000000000000000000 ) ) ;
#7731 = ORIENTED_EDGE ( 'NONE', *, *, #985, .T. ) ;
#7732 = CARTESIAN_POINT ( 'NONE',  ( 0.000000000000000000, 86.00000000000000000, 12.50000000000000000 ) ) ;
#7733 = CARTESIAN_POINT ( 'NONE',  ( -52.20425240504775388, 89.34485360493508210, 6.685758146086896225 ) ) ;
#7734 = B_SPLINE_CURVE_WITH_KNOTS ( 'NONE', 3,
 ( #803, #3641, #6295, #4217, #2327, #6383, #7635, #8495, #131, #5794, #307, #852, #7048, #4939, #7680, #2864, #6429, #6958, #896, #5618, #1656, #4317 ),
 .UNSPECIFIED., .F., .F.,
 ( 4, 2, 2, 2, 2, 2, 2, 2, 2, 2, 4 ),
 ( 3.179800655392250756E-17, 0.008926571854556482333, 0.01338985778183471656, 0.01785314370911295426, 0.02008478667275209739, 0.02231642963639124400, 0.02677971556366948516, 0.03124300149094773327, 0.03235882297276728575, 0.03347464445458684518, 0.03570628741822594321 ),
 .UNSPECIFIED. ) ;
#7735 = CARTESIAN_POINT ( 'NONE',  ( -39.95804877771962538, 90.00000000000000000, 14.44524305785038010 ) ) ;
#7736 = CARTESIAN_POINT ( 'NONE',  ( -51.66222300763446640, 89.99999999999998579, 8.665791563912623729 ) ) ;
#7737 = CARTESIAN_POINT ( 'NONE',  ( -91.87777453040715159, 80.83978022226104088, 16.24684844485212309 ) ) ;
#7738 = ORIENTED_EDGE ( 'NONE', *, *, #883, .F. ) ;
#7739 = DIRECTION ( 'NONE',  ( -1.000000000000000000, 0.000000000000000000, 0.000000000000000000 ) ) ;
#7740 = CARTESIAN_POINT ( 'NONE',  ( 58.95895064880786407, 89.62942578408950567, 3.899031945148053069 ) ) ;
#7741 = ORIENTED_EDGE ( 'NONE', *, *, #6091, .F. ) ;
#7742 = AXIS2_PLACEMENT_3D ( 'NONE', #6000, #1223, #1180 ) ;
#7743 = EDGE_CURVE ( 'NONE', #3170, #8017, #1378, .T. ) ;
#7744 = CARTESIAN_POINT ( 'NONE',  ( -58.80683362040376494, 89.87938524190543887, 5.052019851040054910 ) ) ;
#7745 = DIRECTION ( 'NONE',  ( -1.000000000000000000, 0.000000000000000000, 0.000000000000000000 ) ) ;
#7746 = DIRECTION ( 'NONE',  ( -0.000000000000000000, -0.000000000000000000, 1.000000000000000000 ) ) ;
#7747 = LINE ( 'NONE', #1086, #1927 ) ;
#7748 = EDGE_CURVE ( 'NONE', #7752, #8262, #8714, .T. ) ;
#7749 = CARTESIAN_POINT ( 'NONE',  ( -65.31250002054667902, 90.00000000000000000, 16.99999999999999289 ) ) ;
#7750 = CARTESIAN_POINT ( 'NONE',  ( 38.01000000008891533, 83.09999999994768416, 17.00000000000001066 ) ) ;
#7751 = ORIENTED_EDGE ( 'NONE', *, *, #5107, .F. ) ;
#7752 = VERTEX_POINT ( 'NONE', #7589 ) ;
#7753 = ORIENTED_EDGE ( 'NONE', *, *, #3126, .F. ) ;
#7754 = EDGE_LOOP ( 'NONE', ( #8304, #1176, #574, #2852 ) ) ;
#7755 = CARTESIAN_POINT ( 'NONE',  ( -36.41000099991106964, 82.25495999994770102, 13.50000000000000000 ) ) ;
#7756 = CARTESIAN_POINT ( 'NONE',  ( 0.000000000000000000, 90.00000000000000000, 17.00000000000000000 ) ) ;
#7757 = CARTESIAN_POINT ( 'NONE',  ( 8.804986980587120371, 73.31761717137223400, 36.88536684330890125 ) ) ;
#7758 = CARTESIAN_POINT ( 'NONE',  ( 38.01000000008891533, 83.09999999994768416, 17.00000000000000000 ) ) ;
#7759 = CYLINDRICAL_SURFACE ( 'NONE', #6004, 1.000000000000000888 ) ;
#7760 = CARTESIAN_POINT ( 'NONE',  ( -45.69626145520430782, 89.34485357832080865, 7.801354583849218649 ) ) ;
#7761 = EDGE_CURVE ( 'NONE', #8704, #4984, #5841, .T. ) ;
#7762 = CARTESIAN_POINT ( 'NONE',  ( 92.59145824204641428, 80.30918025364773882, 15.00146627396829935 ) ) ;
#7763 = LINE ( 'NONE', #4925, #5271 ) ;
#7764 = ORIENTED_EDGE ( 'NONE', *, *, #1035, .F. ) ;
#7765 = CARTESIAN_POINT ( 'NONE',  ( 53.63413324056439535, 89.34485357832092234, 6.247759091708727119 ) ) ;
#7766 = LINE ( 'NONE', #209, #6553 ) ;
#7767 = CARTESIAN_POINT ( 'NONE',  ( 51.99999999999998579, 86.00000000000000000, 17.00403242752945232 ) ) ;
#7768 = DIRECTION ( 'NONE',  ( 1.000000000000000000, 0.000000000000000000, 0.000000000000000000 ) ) ;
#7769 = CARTESIAN_POINT ( 'NONE',  ( -46.25325957138350219, 89.50000000000005684, 13.97000000000000242 ) ) ;
#7770 = ORIENTED_EDGE ( 'NONE', *, *, #2018, .F. ) ;
#7771 = DIRECTION ( 'NONE',  ( 4.163336342345625335E-16, 0.000000000000000000, -1.000000000000000000 ) ) ;
#7772 = ORIENTED_EDGE ( 'NONE', *, *, #1658, .F. ) ;
#7773 = CARTESIAN_POINT ( 'NONE',  ( 59.45405488528689375, 89.99999999999998579, 4.862507693542105436 ) ) ;
#7774 = DIRECTION ( 'NONE',  ( -1.000000000000000000, 2.891205793294679411E-15, 4.336808689942019215E-16 ) ) ;
#7775 = ORIENTED_EDGE ( 'NONE', *, *, #6820, .F. ) ;
#7776 = CARTESIAN_POINT ( 'NONE',  ( 59.64709378341554924, 89.40953893117898588, 4.054111698173488598 ) ) ;
#7777 = EDGE_CURVE ( 'NONE', #7628, #5570, #7829, .T. ) ;
#7778 = CARTESIAN_POINT ( 'NONE',  ( -53.48332420469114368, 89.34485360493508210, 6.307480072997183385 ) ) ;
#7779 = CARTESIAN_POINT ( 'NONE',  ( -38.38207880545113682, 89.99999999999995737, 12.78618306414603900 ) ) ;
#7780 = CARTESIAN_POINT ( 'NONE',  ( -57.70894711557060930, 90.00000000000001421, 6.315647210011888113 ) ) ;
#7781 = CARTESIAN_POINT ( 'NONE',  ( -46.75104509132329156, 90.00000000000000000, 16.49999999999998934 ) ) ;
#7782 = ORIENTED_EDGE ( 'NONE', *, *, #8237, .T. ) ;
#7783 = LINE ( 'NONE', #3693, #607 ) ;
#7784 = CARTESIAN_POINT ( 'NONE',  ( -67.60187208521115565, 86.26454616400530995, 15.20802233962036887 ) ) ;
#7785 = ORIENTED_EDGE ( 'NONE', *, *, #5085, .F. ) ;
#7786 = CARTESIAN_POINT ( 'NONE',  ( -45.73796570925853189, 90.00000000001004707, 9.609676474581544170 ) ) ;
#7787 = AXIS2_PLACEMENT_3D ( 'NONE', #4324, #4948, #184 ) ;
#7788 = DIRECTION ( 'NONE',  ( -0.000000000000000000, 0.000000000000000000, 1.000000000000000000 ) ) ;
#7789 = CARTESIAN_POINT ( 'NONE',  ( 50.50000001708335162, 86.00000000000000000, 7.077492267574220897 ) ) ;
#7790 = EDGE_CURVE ( 'NONE', #8632, #1511, #4756, .T. ) ;
#7791 = CARTESIAN_POINT ( 'NONE',  ( 91.87777453040715159, 81.18305446903171685, 16.24684844485212309 ) ) ;
#7792 = CARTESIAN_POINT ( 'NONE',  ( 41.45405777405636627, 89.99999999999997158, 10.33718766357494268 ) ) ;
#7793 = ORIENTED_EDGE ( 'NONE', *, *, #1679, .T. ) ;
#7794 = ORIENTED_EDGE ( 'NONE', *, *, #2208, .F. ) ;
#7795 = ORIENTED_EDGE ( 'NONE', *, *, #6997, .F. ) ;
#7796 = CARTESIAN_POINT ( 'NONE',  ( -71.61329558224232983, 85.39418943626735370, 9.420418425631636339 ) ) ;
#7797 = EDGE_CURVE ( 'NONE', #2773, #4383, #4260, .T. ) ;
#7798 = CARTESIAN_POINT ( 'NONE',  ( 62.75601269841425989, 89.49999999999998579, 4.754736834767901321 ) ) ;
#7799 = DIRECTION ( 'NONE',  ( -0.000000000000000000, -0.000000000000000000, -1.000000000000000000 ) ) ;
#7800 = ADVANCED_FACE ( 'NONE', ( #7497 ), #342, .T. ) ;
#7801 = LINE ( 'NONE', #3030, #7239 ) ;
#7802 = CARTESIAN_POINT ( 'NONE',  ( -47.34584986921212391, 89.50000000000005684, 11.99316440896803115 ) ) ;
#7803 = CARTESIAN_POINT ( 'NONE',  ( -35.09939218621693158, 89.34485357832083707, 8.355096428807391007 ) ) ;
#7804 = DIRECTION ( 'NONE',  ( -1.000000000000000000, 0.000000000000000000, -0.000000000000000000 ) ) ;
#7805 = CARTESIAN_POINT ( 'NONE',  ( 6.971983938970289785, 78.00000000000000000, 36.88536684330890125 ) ) ;
#7806 = ORIENTED_EDGE ( 'NONE', *, *, #436, .T. ) ;
#7807 = CARTESIAN_POINT ( 'NONE',  ( 55.66825217890072963, 89.34485357832083707, 5.411510030706090824 ) ) ;
#7808 = CIRCLE ( 'NONE', #2625, 0.5000000000000034417 ) ;
#7809 = FACE_OUTER_BOUND ( 'NONE', #4827, .T. ) ;
#7810 = CARTESIAN_POINT ( 'NONE',  ( 69.03176094035707422, 85.76201259989007042, 9.782258562664898349 ) ) ;
#7811 = CARTESIAN_POINT ( 'NONE',  ( 91.78858918934925271, 81.23815957597909687, 15.91974552590476755 ) ) ;
#7812 = VECTOR ( 'NONE', #1948, 1000.000000000000000 ) ;
#7813 = ORIENTED_EDGE ( 'NONE', *, *, #8020, .F. ) ;
#7814 = CARTESIAN_POINT ( 'NONE',  ( 35.76222332078768318, 83.00000000000000000, 13.50000000000000000 ) ) ;
#7815 = DIRECTION ( 'NONE',  ( 0.000000000000000000, -0.000000000000000000, -1.000000000000000000 ) ) ;
#7816 = CIRCLE ( 'NONE', #3932, 0.8999999999999980238 ) ;
#7817 = CARTESIAN_POINT ( 'NONE',  ( 59.44600502161122080, 90.00000000000001421, 4.870992820866299589 ) ) ;
#7818 = CARTESIAN_POINT ( 'NONE',  ( 95.97699469686101281, 73.76725804572292589, 17.00000000000000000 ) ) ;
#7819 = EDGE_CURVE ( 'NONE', #4976, #3291, #4167, .T. ) ;
#7820 = DIRECTION ( 'NONE',  ( 1.000000000000000000, -5.092766168005307240E-16, -0.000000000000000000 ) ) ;
#7821 = DIRECTION ( 'NONE',  ( 0.2198462043532940779, 0.000000000000000000, 0.9755345439457537848 ) ) ;
#7822 = VECTOR ( 'NONE', #1534, 1000.000000000000000 ) ;
#7823 = CARTESIAN_POINT ( 'NONE',  ( -39.65794929843774952, 89.99999999999991473, 14.36978412190557108 ) ) ;
#7824 = CARTESIAN_POINT ( 'NONE',  ( -44.38111103859912987, 89.99999999999997158, 9.735119340893124473 ) ) ;
#7825 = CARTESIAN_POINT ( 'NONE',  ( -5.605278422273785033, 86.00000000000000000, 17.00000000000000000 ) ) ;
#7826 = ORIENTED_EDGE ( 'NONE', *, *, #4017, .F. ) ;
#7827 = CARTESIAN_POINT ( 'NONE',  ( -15.11137910433588161, 69.32888620491259246, 12.50000000000000000 ) ) ;
#7828 = CARTESIAN_POINT ( 'NONE',  ( 58.04018722641414740, 89.15229676901718392, 3.738148623489297773 ) ) ;
#7829 = B_SPLINE_CURVE_WITH_KNOTS ( 'NONE', 3,
 ( #3356, #5475, #4716, #8845 ),
 .UNSPECIFIED., .F., .F.,
 ( 4, 4 ),
 ( 0.000000000000000000, 0.004100000000000002948 ),
 .UNSPECIFIED. ) ;
#7830 = VECTOR ( 'NONE', #5565, 999.9999999999998863 ) ;
#7831 = ORIENTED_EDGE ( 'NONE', *, *, #8190, .T. ) ;
#7832 = CARTESIAN_POINT ( 'NONE',  ( -51.49697404421659996, 89.99999999999992895, 9.100050751520395664 ) ) ;
#7833 = LINE ( 'NONE', #7157, #687 ) ;
#7834 = CARTESIAN_POINT ( 'NONE',  ( -50.87777132222213794, 87.00011266755802808, 6.997191548217037038 ) ) ;
#7835 = CARTESIAN_POINT ( 'NONE',  ( -46.13275553037141208, 89.99999999999991473, 14.46999827969531260 ) ) ;
#7836 = SPHERICAL_SURFACE ( 'NONE', #1970, 0.5000000000000000000 ) ;
#7837 = ORIENTED_EDGE ( 'NONE', *, *, #4273, .T. ) ;
#7838 = ORIENTED_EDGE ( 'NONE', *, *, #756, .T. ) ;
#7839 = VERTEX_POINT ( 'NONE', #1920 ) ;
#7840 = ORIENTED_EDGE ( 'NONE', *, *, #1804, .F. ) ;
#7841 = CARTESIAN_POINT ( 'NONE',  ( 25.77702176116326171, 85.99999999999998579, 8.400000000000000355 ) ) ;
#7842 = CARTESIAN_POINT ( 'NONE',  ( 92.29693220951109822, 80.53748877429491415, 15.63212224058314881 ) ) ;
#7843 = CARTESIAN_POINT ( 'NONE',  ( -93.22213527165682478, 76.01316742057154840, 12.06375491662156207 ) ) ;
#7844 = DIRECTION ( 'NONE',  ( -1.000000000000000000, 0.000000000000000000, 0.000000000000000000 ) ) ;
#7845 = AXIS2_PLACEMENT_3D ( 'NONE', #29, #4128, #7547 ) ;
#7846 = FACE_OUTER_BOUND ( 'NONE', #8503, .T. ) ;
#7847 = CARTESIAN_POINT ( 'NONE',  ( -40.26999999992408874, 94.19162435117168286, 12.56999999999999851 ) ) ;
#7848 = EDGE_CURVE ( 'NONE', #6220, #2214, #963, .T. ) ;
#7849 = CARTESIAN_POINT ( 'NONE',  ( -92.56347503742024685, 80.60978791066848714, 15.04973748122154120 ) ) ;
#7850 = CARTESIAN_POINT ( 'NONE',  ( 49.59878483206426125, 89.34485357832083707, 7.277719665233581381 ) ) ;
#7851 = ORIENTED_EDGE ( 'NONE', *, *, #7300, .T. ) ;
#7852 = CARTESIAN_POINT ( 'NONE',  ( 56.52410167293235332, 89.34485357832082286, 4.935379556309225535 ) ) ;
#7853 = DIRECTION ( 'NONE',  ( 1.000000000000000000, 0.000000000000000000, 0.000000000000000000 ) ) ;
#7854 = DIRECTION ( 'NONE',  ( 1.000000000000000000, 0.000000000000000000, 0.000000000000000000 ) ) ;
#7855 = CARTESIAN_POINT ( 'NONE',  ( -46.06999999992408590, 89.50000000000002842, 13.97000000000000064 ) ) ;
#7856 = PRODUCT_DEFINITION_SHAPE ( 'NONE', 'NONE',  #6770 ) ;
#7857 = CIRCLE ( 'NONE', #3974, 1.000000000000000888 ) ;
#7858 = ORIENTED_EDGE ( 'NONE', *, *, #688, .F. ) ;
#7859 = CARTESIAN_POINT ( 'NONE',  ( 20.50000000000001776, 85.00000000000000000, 17.00000000000000000 ) ) ;
#7860 = EDGE_CURVE ( 'NONE', #7640, #861, #3683, .T. ) ;
#7861 = VECTOR ( 'NONE', #4156, 1000.000000000000000 ) ;
#7862 = CARTESIAN_POINT ( 'NONE',  ( 53.39799418705511869, 89.99999999999998579, 8.587001089451824498 ) ) ;
#7863 = CARTESIAN_POINT ( 'NONE',  ( 57.55015066566701876, 90.00000000000004263, 6.416950451611386441 ) ) ;
#7864 = CARTESIAN_POINT ( 'NONE',  ( -16.17081034074328727, 70.75675044854743589, 12.50000000000000000 ) ) ;
#7865 = CIRCLE ( 'NONE', #8151, 3.000000000000002665 ) ;
#7866 = CARTESIAN_POINT ( 'NONE',  ( 0.000000000000000000, 86.00000000000000000, 17.00000000000000000 ) ) ;
#7867 = CYLINDRICAL_SURFACE ( 'NONE', #3944, 1.000000000000000888 ) ;
#7868 = CIRCLE ( 'NONE', #1395, 0.5000000000000004441 ) ;
#7869 = EDGE_CURVE ( 'NONE', #2450, #7162, #5131, .T. ) ;
#7870 = CARTESIAN_POINT ( 'NONE',  ( 58.73195875167213842, 89.11641937738025376, 3.847877111763311042 ) ) ;
#7871 = CARTESIAN_POINT ( 'NONE',  ( -57.78747803230633906, 90.00000000000000000, 6.263999330563954970 ) ) ;
#7872 = DIRECTION ( 'NONE',  ( 0.000000000000000000, 0.000000000000000000, 1.000000000000000000 ) ) ;
#7873 = ORIENTED_EDGE ( 'NONE', *, *, #7135, .F. ) ;
#7874 = EDGE_CURVE ( 'NONE', #4383, #2225, #8491, .T. ) ;
#7875 = CARTESIAN_POINT ( 'NONE',  ( -91.87777453040715159, 80.83978022226104088, 16.24684844485212309 ) ) ;
#7876 = AXIS2_PLACEMENT_3D ( 'NONE', #1617, #4946, #2915 ) ;
#7877 = CARTESIAN_POINT ( 'NONE',  ( -68.59349369097381555, 85.93864151758859293, 17.16683741724360956 ) ) ;
#7878 = EDGE_LOOP ( 'NONE', ( #3023, #431, #1124, #7806 ) ) ;
#7879 = CARTESIAN_POINT ( 'NONE',  ( -47.21228826727723060, 90.00000000000000000, 9.795915118714399128 ) ) ;
#7880 = DIRECTION ( 'NONE',  ( 0.000000000000000000, -0.000000000000000000, -1.000000000000000000 ) ) ;
#7881 = CARTESIAN_POINT ( 'NONE',  ( 51.34380178702751607, 87.35236707017098468, 6.891809305684124531 ) ) ;
#7882 = CARTESIAN_POINT ( 'NONE',  ( -64.62500002032564339, 89.50000000000000000, 17.00000000000000711 ) ) ;
#7883 = DIRECTION ( 'NONE',  ( -1.000000000000000000, 0.000000000000000000, 0.000000000000000000 ) ) ;
#7884 = EDGE_LOOP ( 'NONE', ( #4558, #6345, #6817, #420, #3433, #1105, #8427, #1091, #5910, #6969, #6486, #6530, #5655, #7885, #461, #5750, #4848, #3626 ) ) ;
#7885 = ORIENTED_EDGE ( 'NONE', *, *, #1083, .T. ) ;
#7886 = ORIENTED_EDGE ( 'NONE', *, *, #5747, .T. ) ;
#7887 = VERTEX_POINT ( 'NONE', #3589 ) ;
#7888 = CARTESIAN_POINT ( 'NONE',  ( 0.000000000000000000, 90.00000000000000000, 10.55265396141691348 ) ) ;
#7889 = CARTESIAN_POINT ( 'NONE',  ( 63.83832485521907785, 89.49740308802572031, 4.998646413445163361 ) ) ;
#7890 = EDGE_CURVE ( 'NONE', #3818, #7089, #6560, .T. ) ;
#7891 = LINE ( 'NONE', #8607, #1628 ) ;
#7892 = B_SPLINE_CURVE_WITH_KNOTS ( 'NONE', 1,
 ( #3796, #2400 ),
 .UNSPECIFIED., .F., .F.,
 ( 2, 2 ),
 ( 0.000000000000000000, 1.000000000000000000 ),
 .UNSPECIFIED. ) ;
#7893 = LINE ( 'NONE', #1730, #6526 ) ;
#7894 = CARTESIAN_POINT ( 'NONE',  ( -46.11624106968113068, 89.50000000000002842, 11.17000120129526231 ) ) ;
#7895 = CARTESIAN_POINT ( 'NONE',  ( 52.25000001644485081, 89.49999999996180122, 17.00000000000000711 ) ) ;
#7896 = CARTESIAN_POINT ( 'NONE',  ( -41.26401788376784907, 89.34485357832082286, 8.150282276710553830 ) ) ;
#7897 = ORIENTED_EDGE ( 'NONE', *, *, #2402, .T. ) ;
#7898 = CARTESIAN_POINT ( 'NONE',  ( 82.87121867953467813, 86.12109613843547606, 9.733342963288261984 ) ) ;
#7899 = UNCERTAINTY_MEASURE_WITH_UNIT (LENGTH_MEASURE( 1.000000000000000082E-05 ), #8003, 'distance_accuracy_value', 'NONE');
#7900 = DIRECTION ( 'NONE',  ( 0.000000000000000000, 1.000000000000000000, 0.000000000000000000 ) ) ;
#7901 = CARTESIAN_POINT ( 'NONE',  ( -74.59242456710957470, 88.81880354745877071, 7.422187453126108281 ) ) ;
#7902 = ORIENTED_EDGE ( 'NONE', *, *, #376, .T. ) ;
#7903 = CARTESIAN_POINT ( 'NONE',  ( 27.00000000000000000, 90.00000000000000000, 10.55265396141741086 ) ) ;
#7904 = DIRECTION ( 'NONE',  ( 0.000000000000000000, -0.000000000000000000, -1.000000000000000000 ) ) ;
#7905 = CARTESIAN_POINT ( 'NONE',  ( 59.37556589478626989, 90.00000000000017053, 4.945234446066971046 ) ) ;
#7906 = CARTESIAN_POINT ( 'NONE',  ( -45.17008882554764426, 89.87938522862728519, 9.341294855355169346 ) ) ;
#7907 = CARTESIAN_POINT ( 'NONE',  ( -21.31192640368340463, 80.93655830395991302, 14.20000000000000107 ) ) ;
#7908 = CARTESIAN_POINT ( 'NONE',  ( -91.68029325452042144, 77.74280111332332410, 17.00000000000000000 ) ) ;
#7909 = CARTESIAN_POINT ( 'NONE',  ( 51.55368108242623038, 89.34485360493508210, 6.848834531184410324 ) ) ;
#7910 = EDGE_CURVE ( 'NONE', #7150, #8745, #6953, .T. ) ;
#7911 = ADVANCED_FACE ( 'NONE', ( #1510 ), #171, .F. ) ;
#7912 = CARTESIAN_POINT ( 'NONE',  ( 1.747776679298902236, 83.00000000000000000, 13.50000000000000000 ) ) ;
#7913 = CARTESIAN_POINT ( 'NONE',  ( -58.05692086117108630, 89.34485357832073760, 3.719798729631861534 ) ) ;
#7914 = CARTESIAN_POINT ( 'NONE',  ( -2.006168375313418297E-15, 89.99999999999995737, 10.19999999999982343 ) ) ;
#7915 = ORIENTED_EDGE ( 'NONE', *, *, #1296, .F. ) ;
#7916 = CARTESIAN_POINT ( 'NONE',  ( -68.67365476794890355, 85.90650254700265975, 15.31950281695976024 ) ) ;
#7917 = ORIENTED_EDGE ( 'NONE', *, *, #8748, .T. ) ;
#7918 = CARTESIAN_POINT ( 'NONE',  ( -58.07577625714868930, 88.91092304027327486, 3.699999999999995293 ) ) ;
#7919 = VECTOR ( 'NONE', #5166, 1000.000000000000000 ) ;
#7920 = B_SPLINE_CURVE_WITH_KNOTS ( 'NONE', 3,
 ( #547, #8051, #8685, #1887, #7329, #4594, #1172, #501 ),
 .UNSPECIFIED., .F., .F.,
 ( 4, 2, 2, 4 ),
 ( 0.001250868570259165008, 0.001563315759802376198, 0.001875762949345587387, 0.002500657328432009767 ),
 .UNSPECIFIED. ) ;
#7921 = DIRECTION ( 'NONE',  ( -1.000000000000000000, 0.000000000000000000, 0.000000000000000000 ) ) ;
#7922 = CARTESIAN_POINT ( 'NONE',  ( 50.87777132222213794, 87.00011266755802808, 6.997191548217037038 ) ) ;
#7923 = CARTESIAN_POINT ( 'NONE',  ( 91.43584167891995662, 77.53571726647464857, 16.68226921306822774 ) ) ;
#7924 = CARTESIAN_POINT ( 'NONE',  ( 23.37228132326903562, 83.00000000000000000, 15.00000000000000178 ) ) ;
#7925 = ORIENTED_EDGE ( 'NONE', *, *, #5506, .T. ) ;
#7926 = ORIENTED_EDGE ( 'NONE', *, *, #1374, .T. ) ;
#7927 = VERTEX_POINT ( 'NONE', #2234 ) ;
#7928 = CARTESIAN_POINT ( 'NONE',  ( 24.99999999999999289, 86.59999999999999432, 9.500000000000000000 ) ) ;
#7929 = ORIENTED_EDGE ( 'NONE', *, *, #3151, .T. ) ;
#7930 = CARTESIAN_POINT ( 'NONE',  ( 88.80901270584440965, 83.42882223887522741, 17.00000000001137224 ) ) ;
#7931 = FACE_OUTER_BOUND ( 'NONE', #2303, .T. ) ;
#7932 = CARTESIAN_POINT ( 'NONE',  ( 93.22212687541595244, 76.01317438852737496, 12.06375359537086034 ) ) ;
#7933 = EDGE_CURVE ( 'NONE', #7201, #8791, #797, .T. ) ;
#7934 = CARTESIAN_POINT ( 'NONE',  ( -44.13666666659075588, 89.50000000000004263, 11.16999999999999993 ) ) ;
#7935 = ADVANCED_FACE ( 'NONE', ( #5072 ), #3542, .T. ) ;
#7936 = CARTESIAN_POINT ( 'NONE',  ( -46.91252503745535307, 90.00000000000002842, 10.86587076592530998 ) ) ;
#7937 = DIRECTION ( 'NONE',  ( -0.000000000000000000, -0.000000000000000000, 1.000000000000000000 ) ) ;
#7938 = CIRCLE ( 'NONE', #5207, 0.5000000000000000000 ) ;
#7939 = CARTESIAN_POINT ( 'NONE',  ( -52.63379492479050015, 89.34485357832082286, 6.557849541680354832 ) ) ;
#7940 = EDGE_LOOP ( 'NONE', ( #5707, #3111, #659, #1883, #5583, #7129, #894, #2596 ) ) ;
#7941 = CARTESIAN_POINT ( 'NONE',  ( 60.95269063734313875, 89.99999999997943689, 4.348340656555068406 ) ) ;
#7942 = EDGE_LOOP ( 'NONE', ( #1475, #8471, #4738, #2109, #2511 ) ) ;
#7943 = CARTESIAN_POINT ( 'NONE',  ( 90.46249382499091496, 81.64392182832328615, 17.00000000000000000 ) ) ;
#7944 = CARTESIAN_POINT ( 'NONE',  ( -84.77947577772407328, 84.76459074538372818, 9.717938593997267560 ) ) ;
#7945 = CARTESIAN_POINT ( 'NONE',  ( -36.41000099991106964, 82.25495999994770102, 14.70000000000002061 ) ) ;
#7946 = DIRECTION ( 'NONE',  ( -2.847297187420961022E-16, 1.000000000000000000, 0.000000000000000000 ) ) ;
#7947 = CARTESIAN_POINT ( 'NONE',  ( 57.30865256047468392, 90.00000000000004263, 6.565110733166912738 ) ) ;
#7948 = CARTESIAN_POINT ( 'NONE',  ( -58.41014832486084174, 89.87938509405101684, 5.400810573047536423 ) ) ;
#7949 = CARTESIAN_POINT ( 'NONE',  ( -26.99999999999999645, 88.58161785944027145, 8.400000000000000355 ) ) ;
#7950 = LINE ( 'NONE', #8667, #3680 ) ;
#7951 = CARTESIAN_POINT ( 'NONE',  ( 57.61667484712965859, 85.99999999999992895, 4.183925452116379340 ) ) ;
#7952 = CIRCLE ( 'NONE', #4066, 0.5000000000000004441 ) ;
#7953 = CARTESIAN_POINT ( 'NONE',  ( 27.00000000000000000, 89.99999999999994316, 10.19999999999989804 ) ) ;
#7954 = CARTESIAN_POINT ( 'NONE',  ( -59.99162910366862889, 89.34485357832082286, 1.680555200424669549 ) ) ;
#7955 = DIRECTION ( 'NONE',  ( 0.000000000000000000, 0.000000000000000000, -1.000000000000000000 ) ) ;
#7956 = VERTEX_POINT ( 'NONE', #2282 ) ;
#7957 = EDGE_CURVE ( 'NONE', #3026, #3601, #8312, .T. ) ;
#7958 = DATE_AND_TIME ( #2425, #471 ) ;
#7959 = LINE ( 'NONE', #7364, #3080 ) ;
#7960 = ORIENTED_EDGE ( 'NONE', *, *, #5403, .F. ) ;
#7961 = DIRECTION ( 'NONE',  ( -0.8162552536114874302, 0.5776914063335600868, 0.000000000000000000 ) ) ;
#7962 = ADVANCED_FACE ( 'NONE', ( #4934 ), #5569, .F. ) ;
#7963 = AXIS2_PLACEMENT_3D ( 'NONE', #6758, #599, #8062 ) ;
#7964 = EDGE_CURVE ( 'NONE', #2767, #3873, #2998, .T. ) ;
#7965 = CARTESIAN_POINT ( 'NONE',  ( -40.22375893016701554, 89.50000000000002842, 13.96999879870472583 ) ) ;
#7966 = DIRECTION ( 'NONE',  ( -0.000000000000000000, 1.000000000000000000, 0.000000000000000000 ) ) ;
#7967 = AXIS2_PLACEMENT_3D ( 'NONE', #2116, #4866, #7562 ) ;
#7968 = VECTOR ( 'NONE', #5622, 1000.000000000000000 ) ;
#7969 = LINE ( 'NONE', #5990, #263 ) ;
#7970 = DIRECTION ( 'NONE',  ( 0.000000000000000000, 0.000000000000000000, -1.000000000000000000 ) ) ;
#7971 = ORIENTED_EDGE ( 'NONE', *, *, #175, .F. ) ;
#7972 = ORIENTED_EDGE ( 'NONE', *, *, #1356, .F. ) ;
#7973 = ORIENTED_EDGE ( 'NONE', *, *, #7718, .F. ) ;
#7974 = DIRECTION ( 'NONE',  ( -0.08549310740531042285, 0.08616281433108310961, 0.9926061142329980491 ) ) ;
#7975 = CARTESIAN_POINT ( 'NONE',  ( -17.62771867673099635, 82.50000000000000000, 15.00000000000000178 ) ) ;
#7976 = CARTESIAN_POINT ( 'NONE',  ( 92.16160662707932261, 80.93321699241712963, 15.37995988010199078 ) ) ;
#7977 = CARTESIAN_POINT ( 'NONE',  ( -20.31192640368340108, 69.75150446665328730, 12.50000000000000000 ) ) ;
#7978 = DIRECTION ( 'NONE',  ( -1.000000000000000000, 0.000000000000000000, 0.000000000000000000 ) ) ;
#7979 = CARTESIAN_POINT ( 'NONE',  ( -46.29814666415432356, 89.50000000000001421, 13.95203787924322647 ) ) ;
#7980 = CARTESIAN_POINT ( 'NONE',  ( -39.77559587698559085, 89.34485357832085128, 8.223608146210910519 ) ) ;
#7981 = CARTESIAN_POINT ( 'NONE',  ( -35.09939218621693158, 89.34485357832083707, 8.355096428807391007 ) ) ;
#7982 = EDGE_LOOP ( 'NONE', ( #8846, #7753, #1890, #6804 ) ) ;
#7983 = AXIS2_PLACEMENT_3D ( 'NONE', #299, #3039, #5785 ) ;
#7984 = CARTESIAN_POINT ( 'NONE',  ( 65.92297024762207514, 89.94587177762198849, 5.968338854977840668 ) ) ;
#7985 = VERTEX_POINT ( 'NONE', #4262 ) ;
#7986 = LINE ( 'NONE', #7348, #1085 ) ;
#7987 = CARTESIAN_POINT ( 'NONE',  ( 51.99999999999998579, 87.50000000000000000, 17.00403242752945232 ) ) ;
#7989 = AXIS2_PLACEMENT_3D ( 'NONE', #3102, #3778, #7284 ) ;
#7988 = CARTESIAN_POINT ( 'NONE',  ( -58.49937481230436731, 89.58626568777300747, 4.216485818664962970 ) ) ;
#7990 = DIRECTION ( 'NONE',  ( 1.000000000000000000, 0.000000000000000000, 0.000000000000000000 ) ) ;
#7991 = EDGE_CURVE ( 'NONE', #7673, #7956, #8570, .T. ) ;
#7992 = CARTESIAN_POINT ( 'NONE',  ( 41.36350001457029180, 89.99999999999995737, 9.947564319162562896 ) ) ;
#7993 = CARTESIAN_POINT ( 'NONE',  ( -40.98771264360100020, 89.87938527617784246, 9.672599961380516476 ) ) ;
#7994 = CARTESIAN_POINT ( 'NONE',  ( 54.49999999999998579, 83.00000000000000000, 15.00000000000000178 ) ) ;
#7995 = CARTESIAN_POINT ( 'NONE',  ( 17.67157287525382259, 86.00000000000000000, 12.49999999999999822 ) ) ;
#7996 = CARTESIAN_POINT ( 'NONE',  ( 57.08861775280471562, 89.34485360493508210, 4.587324336446319428 ) ) ;
#7997 = EDGE_CURVE ( 'NONE', #2450, #3929, #6240, .T. ) ;
#7998 = VECTOR ( 'NONE', #5041, 1000.000000000000000 ) ;
#7999 = CARTESIAN_POINT ( 'NONE',  ( 8.999999999999987566, 89.99999999956284569, 10.19999999674474900 ) ) ;
#8000 = CARTESIAN_POINT ( 'NONE',  ( -58.06949243520828219, 89.34485357832090813, 3.706614638294599029 ) ) ;
#8001 = CARTESIAN_POINT ( 'NONE',  ( -48.26888608155723404, 85.99999999999998579, 12.50000000000000000 ) ) ;
#8002 = ORIENTED_EDGE ( 'NONE', *, *, #6297, .F. ) ;
#8003 =( LENGTH_UNIT ( ) NAMED_UNIT ( * ) SI_UNIT ( .MILLI., .METRE. ) );
#8004 = DIRECTION ( 'NONE',  ( -1.000000000000000000, 0.000000000000000000, -4.163336342345625335E-16 ) ) ;
#8005 = AXIS2_PLACEMENT_3D ( 'NONE', #2085, #7353, #2222 ) ;
#8006 = ORIENTED_EDGE ( 'NONE', *, *, #3368, .T. ) ;
#8007 = CARTESIAN_POINT ( 'NONE',  ( -42.93690778665929031, 85.99999999999997158, 8.042093265390471757 ) ) ;
#8008 = CIRCLE ( 'NONE', #5278, 0.4999999999999996669 ) ;
#8009 = CARTESIAN_POINT ( 'NONE',  ( -39.69120610775366487, 89.50000000000000000, 13.84558521706900791 ) ) ;
#8010 = CARTESIAN_POINT ( 'NONE',  ( -11.89216348335707174, 78.59871796586669745, 14.20000000000000107 ) ) ;
#8011 = LINE ( 'NONE', #5309, #8591 ) ;
#8012 = AXIS2_PLACEMENT_3D ( 'NONE', #8466, #7788, #3654 ) ;
#8013 = CARTESIAN_POINT ( 'NONE',  ( 59.76984820839352608, 90.00000000000017053, 5.042027925992599968 ) ) ;
#8014 = ORIENTED_EDGE ( 'NONE', *, *, #5054, .T. ) ;
#8015 = DIRECTION ( 'NONE',  ( 1.000000000000000000, 0.000000000000000000, 0.000000000000000000 ) ) ;
#8016 = ORIENTED_EDGE ( 'NONE', *, *, #8697, .T. ) ;
#8017 = VERTEX_POINT ( 'NONE', #7090 ) ;
#8018 = CARTESIAN_POINT ( 'NONE',  ( -51.99999999999998579, 86.00000000000000000, 17.00000000000000711 ) ) ;
#8019 = CARTESIAN_POINT ( 'NONE',  ( 74.59118626967983801, 88.60502803002472660, 16.99999999999999645 ) ) ;
#8020 = EDGE_CURVE ( 'NONE', #4326, #5434, #6552, .T. ) ;
#8021 = CARTESIAN_POINT ( 'NONE',  ( -39.15046642056662307, 89.50000000000004263, 13.43036540796487621 ) ) ;
#8022 = CYLINDRICAL_SURFACE ( 'NONE', #1056, 2.000000000000001776 ) ;
#8023 = EDGE_CURVE ( 'NONE', #3848, #5694, #7313, .T. ) ;
#8024 = CARTESIAN_POINT ( 'NONE',  ( -21.56717675574722293, 69.87248310377550808, 14.20000000000000107 ) ) ;
#8025 = CARTESIAN_POINT ( 'NONE',  ( -47.46098664840501158, 89.50000000000002842, 12.73023928179210351 ) ) ;
#8026 = CARTESIAN_POINT ( 'NONE',  ( 66.00000000000096634, 89.49981558091648992, 16.99999999999999289 ) ) ;
#8027 = CARTESIAN_POINT ( 'NONE',  ( 92.60043425498783165, 76.57691540404704256, 14.96225413482757993 ) ) ;
#8028 = ORIENTED_EDGE ( 'NONE', *, *, #6339, .F. ) ;
#8029 = CARTESIAN_POINT ( 'NONE',  ( 78.67806597062367757, 87.18682924598741124, 8.342926508961955534 ) ) ;
#8030 = ORIENTED_EDGE ( 'NONE', *, *, #8338, .F. ) ;
#8031 = FACE_OUTER_BOUND ( 'NONE', #1322, .T. ) ;
#8032 = CARTESIAN_POINT ( 'NONE',  ( -11.89216348335707174, 78.59871796586669745, 12.50000000000000000 ) ) ;
#8033 = CARTESIAN_POINT ( 'NONE',  ( 17.62771867673099635, 82.50000000000000000, 17.00000000000000000 ) ) ;
#8034 = EDGE_CURVE ( 'NONE', #2895, #7230, #6986, .T. ) ;
#8035 = CARTESIAN_POINT ( 'NONE',  ( 27.00000000000000000, 90.00000000000000000, 10.55265396141741086 ) ) ;
#8036 = CARTESIAN_POINT ( 'NONE',  ( 50.83064229642901921, 89.99999999999998579, 8.847356123998618926 ) ) ;
#8037 = LINE ( 'NONE', #5296, #3489 ) ;
#8038 = CARTESIAN_POINT ( 'NONE',  ( 0.000000000000000000, 83.09999999999999432, 13.85000000000001030 ) ) ;
#8039 = CARTESIAN_POINT ( 'NONE',  ( -95.97699469686101281, 73.76725804572292589, 17.00000000000000000 ) ) ;
#8040 = DIRECTION ( 'NONE',  ( -1.000000000000000000, 0.000000000000000000, 0.000000000000000000 ) ) ;
#8041 = CARTESIAN_POINT ( 'NONE',  ( 18.00000000000001066, 89.99999999999997158, 10.55265396132314493 ) ) ;
#8042 = EDGE_CURVE ( 'NONE', #197, #4305, #4297, .T. ) ;
#8043 = CARTESIAN_POINT ( 'NONE',  ( -27.00000000000000355, 89.87938524157178222, 9.868613674765484234 ) ) ;
#8044 = EDGE_LOOP ( 'NONE', ( #7469, #7599, #6180, #3951, #5717, #447, #5095, #6394, #186, #1901, #5066, #7826, #8014, #3876, #6709, #7631, #2522, #6057, #7009, #1566, #1044, #4556, #7429, #8417, #645, #4800, #4210, #3255, #2719, #5812 ) ) ;
#8045 = APPROVAL_DATE_TIME ( #5303, #8092 ) ;
#8046 = FACE_OUTER_BOUND ( 'NONE', #3086, .T. ) ;
#8047 = EDGE_LOOP ( 'NONE', ( #7441, #5474, #5380, #5397 ) ) ;
#8048 = DIRECTION ( 'NONE',  ( 0.000000000000000000, -1.000000000000000000, 0.000000000000000000 ) ) ;
#8049 = LINE ( 'NONE', #4458, #5860 ) ;
#8050 = CYLINDRICAL_SURFACE ( 'NONE', #8539, 0.5000000000000004441 ) ;
#8051 = CARTESIAN_POINT ( 'NONE',  ( 30.80000000000003624, 87.29570651368027256, 8.395370510911531525 ) ) ;
#8052 = CARTESIAN_POINT ( 'NONE',  ( 56.31294366032705057, 89.87938522026477983, 6.735777189902388606 ) ) ;
#8053 = ORIENTED_EDGE ( 'NONE', *, *, #2460, .T. ) ;
#8054 = CARTESIAN_POINT ( 'NONE',  ( -11.89216348335707174, 78.59871796586669745, 14.20000000000000107 ) ) ;
#8055 = ORIENTED_EDGE ( 'NONE', *, *, #1857, .T. ) ;
#8056 = VERTEX_POINT ( 'NONE', #5162 ) ;
#8057 = CARTESIAN_POINT ( 'NONE',  ( 30.93026191682260517, 85.99999999999998579, 8.400000000000000355 ) ) ;
#8058 = CARTESIAN_POINT ( 'NONE',  ( 54.49999999999998579, 80.00000000000000000, 12.50000000000000000 ) ) ;
#8059 = LINE ( 'NONE', #5406, #5969 ) ;
#8060 = CARTESIAN_POINT ( 'NONE',  ( -62.85594850508815767, 87.50000000000000000, 4.777258341476790626 ) ) ;
#8061 = EDGE_CURVE ( 'NONE', #6289, #2662, #749, .T. ) ;
#8062 = DIRECTION ( 'NONE',  ( 1.000000000000000000, 0.000000000000000000, 0.000000000000000000 ) ) ;
#8063 = CARTESIAN_POINT ( 'NONE',  ( -47.46771104260717777, 89.50000000000001421, 12.66212151024857135 ) ) ;
#8064 = CARTESIAN_POINT ( 'NONE',  ( -48.20520490812376835, 86.00000000000000000, 13.10000000000000142 ) ) ;
#8065 = EDGE_LOOP ( 'NONE', ( #3948, #4373, #31, #2392 ) ) ;
#8066 = EDGE_CURVE ( 'NONE', #8763, #4028, #672, .T. ) ;
#8067 = CARTESIAN_POINT ( 'NONE',  ( 74.59242456710957470, 88.81880354745877071, 7.422187453126108281 ) ) ;
#8068 = ORIENTED_EDGE ( 'NONE', *, *, #5820, .F. ) ;
#8069 = CARTESIAN_POINT ( 'NONE',  ( -92.83389310168156783, 76.30889113059477324, 11.53307690277786079 ) ) ;
#8070 = EDGE_CURVE ( 'NONE', #635, #5897, #2534, .T. ) ;
#8071 = CARTESIAN_POINT ( 'NONE',  ( -86.68418405404453608, 84.08688275503995158, 16.99999999999999289 ) ) ;
#8072 = CIRCLE ( 'NONE', #7351, 3.000000000000002665 ) ;
#8073 = CARTESIAN_POINT ( 'NONE',  ( 8.804986980587120371, 74.00000000000000000, 15.00000000000000000 ) ) ;
#8074 = CARTESIAN_POINT ( 'NONE',  ( -36.41000099991106964, 82.25495999994770102, 13.85000000000000675 ) ) ;
#8075 = CARTESIAN_POINT ( 'NONE',  ( 35.88551616127729460, 89.99999999999997158, 10.14111514648425860 ) ) ;
#8076 = CARTESIAN_POINT ( 'NONE',  ( -46.06999999992408590, 86.59999999999999432, 12.57000000000000028 ) ) ;
#8077 = VERTEX_POINT ( 'NONE', #6638 ) ;
#8078 = DIRECTION ( 'NONE',  ( -1.000000000000000000, 0.000000000000000000, 0.000000000000000000 ) ) ;
#8079 = CARTESIAN_POINT ( 'NONE',  ( 0.000000000000000000, 83.09999999999999432, 13.50000000000000000 ) ) ;
#8080 = APPROVAL_PERSON_ORGANIZATION ( #8086, #7706, #3775 ) ;
#8081 = CARTESIAN_POINT ( 'NONE',  ( -34.71254102175322487, 86.00000000000000000, 12.50000000000002132 ) ) ;
#8082 = PLANE ( 'NONE',  #2112 ) ;
#8083 = CARTESIAN_POINT ( 'NONE',  ( -58.84477429425432149, 90.00000000000000000, 5.928118130208140713 ) ) ;
#8084 = VERTEX_POINT ( 'NONE', #3134 ) ;
#8085 = EDGE_CURVE ( 'NONE', #2680, #4717, #1111, .T. ) ;
#8086 = PERSON_AND_ORGANIZATION ( #18446744073709551615, #18446744073709551615 ) ;
#8087 = DIRECTION ( 'NONE',  ( -0.000000000000000000, 0.000000000000000000, 1.000000000000000000 ) ) ;
#8088 = DIRECTION ( 'NONE',  ( -1.000000000000000000, 0.000000000000000000, 0.000000000000000000 ) ) ;
#8089 = ORIENTED_EDGE ( 'NONE', *, *, #5161, .F. ) ;
#8090 = DIRECTION ( 'NONE',  ( -1.000000000000000000, 0.000000000000000000, -0.000000000000000000 ) ) ;
#8091 = CIRCLE ( 'NONE', #7658, 2.000000000000001776 ) ;
#8092 = APPROVAL ( #7363, 'Deckungsgleich' ) ;
#8093 = CARTESIAN_POINT ( 'NONE',  ( -38.90145342161373065, 89.50000000000004263, 12.27400639959401119 ) ) ;
#8094 = FACE_OUTER_BOUND ( 'NONE', #7104, .T. ) ;
#8095 = CARTESIAN_POINT ( 'NONE',  ( 18.12771867673100346, 83.00000000000000000, 3.694999999999993623 ) ) ;
#8096 = CARTESIAN_POINT ( 'NONE',  ( 58.18075605506791703, 89.99999999999994316, 6.452994742601277700 ) ) ;
#8097 = ORIENTED_EDGE ( 'NONE', *, *, #2460, .F. ) ;
#8098 = CONICAL_SURFACE ( 'NONE', #4218, 1.424999999999948752, 0.5235987755983000369 ) ;
#8099 = CARTESIAN_POINT ( 'NONE',  ( -49.90999935143079824, 82.24689295812471812, 14.70000000000002061 ) ) ;
#8100 = VERTEX_POINT ( 'NONE', #2494 ) ;
#8101 = ORIENTED_EDGE ( 'NONE', *, *, #2340, .F. ) ;
#8102 = FACE_OUTER_BOUND ( 'NONE', #6738, .T. ) ;
#8103 = CARTESIAN_POINT ( 'NONE',  ( -21.31192640368340108, 69.75150446665328730, 14.20000000000000107 ) ) ;
#8104 = CARTESIAN_POINT ( 'NONE',  ( -38.90643825258845823, 89.50000000000004263, 12.93644703810298324 ) ) ;
#8105 = DIRECTION ( 'NONE',  ( 1.000000000000000000, 0.000000000000000000, 0.000000000000000000 ) ) ;
#8106 = EDGE_CURVE ( 'NONE', #6047, #4139, #4173, .T. ) ;
#8107 = FACE_OUTER_BOUND ( 'NONE', #3636, .T. ) ;
#8108 = VECTOR ( 'NONE', #1843, 1000.000000000000000 ) ;
#8109 = CARTESIAN_POINT ( 'NONE',  ( -46.38760151942304333, 89.50000000000004263, 13.93426125230750401 ) ) ;
#8110 = CARTESIAN_POINT ( 'NONE',  ( 90.60919529187364674, 81.56605264076026174, 17.00000000000007105 ) ) ;
#8111 = ORIENTED_EDGE ( 'NONE', *, *, #4469, .F. ) ;
#8112 = DIRECTION ( 'NONE',  ( -1.000000000000000000, 0.000000000000000000, 0.000000000000000000 ) ) ;
#8113 = CIRCLE ( 'NONE', #788, 1.750000000000001554 ) ;
#8114 = CARTESIAN_POINT ( 'NONE',  ( -92.75237014553587755, 76.44383320697015449, 14.52829853994033904 ) ) ;
#8115 = CARTESIAN_POINT ( 'NONE',  ( 52.74823977212992787, 89.87938524390220607, 8.059250237352502566 ) ) ;
#8116 = ADVANCED_FACE ( 'NONE', ( #2451 ), #6506, .F. ) ;
#8117 = CARTESIAN_POINT ( 'NONE',  ( 73.75716573775825680, 85.13673612919797051, 13.08960804375141684 ) ) ;
#8118 = FACE_OUTER_BOUND ( 'NONE', #3593, .T. ) ;
#8119 = ORIENTED_EDGE ( 'NONE', *, *, #8190, .F. ) ;
#8120 = CARTESIAN_POINT ( 'NONE',  ( 52.76458043386567454, 90.00000000000000000, 8.390336108215610267 ) ) ;
#8121 = DIRECTION ( 'NONE',  ( 1.000000000000000000, -0.000000000000000000, 0.000000000000000000 ) ) ;
#8122 = ORIENTED_EDGE ( 'NONE', *, *, #4610, .F. ) ;
#8123 = DIRECTION ( 'NONE',  ( -0.9271838545667908660, 0.3746065934159035216, 0.000000000000000000 ) ) ;
#8124 = CARTESIAN_POINT ( 'NONE',  ( 93.07393536206285489, 76.12354699319395479, 11.65881141610755556 ) ) ;
#8125 = LINE ( 'NONE', #7457, #2792 ) ;
#8126 = AXIS2_PLACEMENT_3D ( 'NONE', #508, #4009, #4508 ) ;
#8127 = EDGE_CURVE ( 'NONE', #6435, #8677, #7423, .T. ) ;
#8128 = CARTESIAN_POINT ( 'NONE',  ( 26.99999999999999645, 86.59999999999999432, 8.400000000000000355 ) ) ;
#8129 = CARTESIAN_POINT ( 'NONE',  ( -25.77702176116326171, 85.99999999999998579, 8.400000000000000355 ) ) ;
#8130 = AXIS2_PLACEMENT_3D ( 'NONE', #1207, #3278, #540 ) ;
#8131 = ORIENTED_EDGE ( 'NONE', *, *, #58, .F. ) ;
#8132 = DIRECTION ( 'NONE',  ( -0.000000000000000000, 0.000000000000000000, 1.000000000000000000 ) ) ;
#8133 = DIRECTION ( 'NONE',  ( 1.000000000000000000, 0.000000000000000000, 0.000000000000000000 ) ) ;
#8134 = VERTEX_POINT ( 'NONE', #8033 ) ;
#8135 = CARTESIAN_POINT ( 'NONE',  ( -34.97254685277042086, 85.99999999999998579, 8.357109537740333494 ) ) ;
#8136 = EDGE_CURVE ( 'NONE', #7451, #8056, #5787, .T. ) ;
#8137 = VECTOR ( 'NONE', #5171, 1000.000000000000000 ) ;
#8138 = CARTESIAN_POINT ( 'NONE',  ( -39.15921304483867260, 89.50000000000001421, 11.71663400781930520 ) ) ;
#8139 = EDGE_CURVE ( 'NONE', #2281, #2050, #4576, .T. ) ;
#8140 = CARTESIAN_POINT ( 'NONE',  ( -46.06999999992408590, 86.59999999999999432, 12.57000000000000028 ) ) ;
#8141 = CARTESIAN_POINT ( 'NONE',  ( -75.46988545351376843, 85.27193442551127589, 17.00000000000001421 ) ) ;
#8142 = VECTOR ( 'NONE', #2893, 1000.000000000000000 ) ;
#8143 = CARTESIAN_POINT ( 'NONE',  ( 54.26873785257393479, 89.99999999999994316, 8.318051189372253518 ) ) ;
#8144 = ORIENTED_EDGE ( 'NONE', *, *, #7217, .T. ) ;
#8145 = AXIS2_PLACEMENT_3D ( 'NONE', #660, #5607, #8307 ) ;
#8146 = CARTESIAN_POINT ( 'NONE',  ( -44.14117173971798991, 89.99999999999997158, 10.67000000000003190 ) ) ;
#8147 = ORIENTED_EDGE ( 'NONE', *, *, #5460, .F. ) ;
#8148 = CARTESIAN_POINT ( 'NONE',  ( 61.18886784011426272, 89.99999999999995737, 16.50000000000000355 ) ) ;
#8149 = VERTEX_POINT ( 'NONE', #1870 ) ;
#8150 = CARTESIAN_POINT ( 'NONE',  ( 70.56622364092908128, 85.60254845172691773, 11.22215175600951831 ) ) ;
#8151 = AXIS2_PLACEMENT_3D ( 'NONE', #4915, #4239, #8334 ) ;
#8152 = CARTESIAN_POINT ( 'NONE',  ( -40.32613827112415805, 89.34485360493508210, 8.229776529308063360 ) ) ;
#8153 = CARTESIAN_POINT ( 'NONE',  ( -16.82234849141332589, 90.00000000000000000, 16.99999999999997158 ) ) ;
#8154 = AXIS2_PLACEMENT_3D ( 'NONE', #1801, #1170, #3194 ) ;
#8155 = CARTESIAN_POINT ( 'NONE',  ( 28.00001660253184710, 88.20000000000000284, 8.400000000000000355 ) ) ;
#8156 = CARTESIAN_POINT ( 'NONE',  ( -47.02010622077905566, 89.99999999999998579, 14.21654984912340858 ) ) ;
#8157 = CARTESIAN_POINT ( 'NONE',  ( 64.62500002032564339, 90.00000000000000000, 16.50000000000000355 ) ) ;
#8158 = ORIENTED_EDGE ( 'NONE', *, *, #8106, .F. ) ;
#8159 = DIRECTION ( 'NONE',  ( -0.000000000000000000, -1.000000000000000000, -0.000000000000000000 ) ) ;
#8160 = ADVANCED_FACE ( 'NONE', ( #1154 ), #3852, .F. ) ;
#8161 = CARTESIAN_POINT ( 'NONE',  ( -93.06001756053478857, 76.16718860562210125, 13.28907113084182967 ) ) ;
#8162 = CARTESIAN_POINT ( 'NONE',  ( -77.89220336552472190, 88.29022992066471431, 16.47559593563480718 ) ) ;
#8163 = CARTESIAN_POINT ( 'NONE',  ( -58.70365091556115544, 89.34485357832085128, 3.038175572294410376 ) ) ;
#8164 = CARTESIAN_POINT ( 'NONE',  ( 70.63560761843342561, 85.60897383441668751, 11.77943598124573299 ) ) ;
#8165 = CYLINDRICAL_SURFACE ( 'NONE', #7567, 0.5000000000000004441 ) ;
#8166 = ORIENTED_EDGE ( 'NONE', *, *, #3833, .T. ) ;
#8167 = CIRCLE ( 'NONE', #5018, 1.499999999999994449 ) ;
#8168 = CARTESIAN_POINT ( 'NONE',  ( 58.38165636853427998, 89.34485357832085128, 3.377580665261838089 ) ) ;
#8169 = CARTESIAN_POINT ( 'NONE',  ( 61.18750000095632657, 89.50000000000000000, 16.99999999999999289 ) ) ;
#8170 = ORIENTED_EDGE ( 'NONE', *, *, #7407, .T. ) ;
#8171 = CARTESIAN_POINT ( 'NONE',  ( -46.06999999992408590, 85.99999750000007737, 10.37000000000000099 ) ) ;
#8172 = CARTESIAN_POINT ( 'NONE',  ( 53.50150509059232462, 76.00000000000000000, 14.20000000000000107 ) ) ;
#8173 = CARTESIAN_POINT ( 'NONE',  ( -57.73362150751905375, 89.34485357832086549, 4.034953414339246258 ) ) ;
#8174 = DIRECTION ( 'NONE',  ( 0.000000000000000000, 0.000000000000000000, -1.000000000000000000 ) ) ;
#8175 = ORIENTED_EDGE ( 'NONE', *, *, #5196, .T. ) ;
#8176 = CARTESIAN_POINT ( 'NONE',  ( -48.26888608155723404, 85.99999999999998579, 12.50000000000000000 ) ) ;
#8177 = CARTESIAN_POINT ( 'NONE',  ( -90.60894197151615970, 78.15002305368075497, 16.98350413490686606 ) ) ;
#8178 = ORIENTED_EDGE ( 'NONE', *, *, #4943, .T. ) ;
#8179 = CYLINDRICAL_SURFACE ( 'NONE', #5419, 2.000000000000000000 ) ;
#8180 = EDGE_CURVE ( 'NONE', #6607, #631, #3218, .T. ) ;
#8181 = EDGE_CURVE ( 'NONE', #87, #285, #3117, .T. ) ;
#8182 = CARTESIAN_POINT ( 'NONE',  ( -38.98485770733456235, 89.50000000000005684, 13.12581901619942393 ) ) ;
#8183 = CARTESIAN_POINT ( 'NONE',  ( -59.32499134777066985, 89.99999999999998579, 4.997964505249518297 ) ) ;
#8184 = CARTESIAN_POINT ( 'NONE',  ( 54.49999999999998579, 80.00000000000000000, 15.00000000000000178 ) ) ;
#8185 = CARTESIAN_POINT ( 'NONE',  ( 80.96478562874152374, 87.26330003873938779, 16.47345878464109603 ) ) ;
#8186 = ORIENTED_EDGE ( 'NONE', *, *, #598, .T. ) ;
#8187 = CARTESIAN_POINT ( 'NONE',  ( -57.61667484712965859, 87.49999999999998579, 4.183925452116379340 ) ) ;
#8188 = ORIENTED_EDGE ( 'NONE', *, *, #7059, .F. ) ;
#8189 = CARTESIAN_POINT ( 'NONE',  ( -51.08217865516894562, 89.34485357832087971, 6.951880797282526281 ) ) ;
#8190 = EDGE_CURVE ( 'NONE', #3829, #5811, #8574, .T. ) ;
#8191 = EDGE_LOOP ( 'NONE', ( #71, #3774, #5661, #7838 ) ) ;
#8192 = DIRECTION ( 'NONE',  ( -0.9868388408614894303, -0.1617068401990213178, -0.000000000000000000 ) ) ;
#8193 = CARTESIAN_POINT ( 'NONE',  ( 70.39668000980681484, 89.82831668556481475, 17.00000000002238210 ) ) ;
#8194 = CARTESIAN_POINT ( 'NONE',  ( -45.64396435564658816, 89.34485360493505368, 7.820046010421676463 ) ) ;
#8195 = CARTESIAN_POINT ( 'NONE',  ( 0.000000000000000000, 90.00000000000000000, -15.00000000000000000 ) ) ;
#8196 = DIRECTION ( 'NONE',  ( -1.000000000000000000, 0.000000000000000000, 0.000000000000000000 ) ) ;
#8197 = CARTESIAN_POINT ( 'NONE',  ( -47.77475871669301455, 89.99999999999997158, 11.73048779460078705 ) ) ;
#8198 = CARTESIAN_POINT ( 'NONE',  ( 90.60264855163207187, 82.13057789342819603, 16.48120557518714335 ) ) ;
#8199 = EDGE_CURVE ( 'NONE', #5811, #8644, #1391, .T. ) ;
#8200 = ORIENTED_EDGE ( 'NONE', *, *, #3084, .T. ) ;
#8201 = CARTESIAN_POINT ( 'NONE',  ( 24.99999999999999289, 88.19999999999998863, -0.5062160878754172755 ) ) ;
#8202 = CARTESIAN_POINT ( 'NONE',  ( 8.804986980587118595, 81.07301891966139351, 14.20000000000000107 ) ) ;
#8203 = ADVANCED_FACE ( 'NONE', ( #1908 ), #3439, .F. ) ;
#8205 = VECTOR ( 'NONE', #6925, 1000.000000000000000 ) ;
#8204 = CARTESIAN_POINT ( 'NONE',  ( -74.70023271946772070, 89.11430724696013783, 16.99999999999623057 ) ) ;
#8206 = EDGE_CURVE ( 'NONE', #8428, #1344, #569, .T. ) ;
#8207 = CARTESIAN_POINT ( 'NONE',  ( -58.51045418734504722, 89.34485357832089392, 3.241818628074874198 ) ) ;
#8208 = CARTESIAN_POINT ( 'NONE',  ( 74.75347661744274319, 84.84860501180507697, 11.22215175600951653 ) ) ;
#8209 = CARTESIAN_POINT ( 'NONE',  ( -24.99999999999999289, 88.19999999999998863, 9.500000000000000000 ) ) ;
#8210 = VERTEX_POINT ( 'NONE', #8073 ) ;
#8211 = CARTESIAN_POINT ( 'NONE',  ( 58.07302436417131020, 89.34485357832082286, 3.702898903784812568 ) ) ;
#8212 = DIRECTION ( 'NONE',  ( -0.000000000000000000, -0.000000000000000000, 1.000000000000000000 ) ) ;
#8213 = ORIENTED_EDGE ( 'NONE', *, *, #2803, .F. ) ;
#8214 = CARTESIAN_POINT ( 'NONE',  ( -54.49999999999998579, 80.50000000000000000, 12.50000000000000000 ) ) ;
#8215 = CARTESIAN_POINT ( 'NONE',  ( 90.70323945292886947, 81.98931503740051596, 11.48762816034127177 ) ) ;
#8216 = CARTESIAN_POINT ( 'NONE',  ( 54.49999999999998579, 86.00000000000001421, 17.00000000000000000 ) ) ;
#8217 = AXIS2_PLACEMENT_3D ( 'NONE', #632, #720, #4729 ) ;
#8218 = ORIENTED_EDGE ( 'NONE', *, *, #488, .T. ) ;
#8219 = CARTESIAN_POINT ( 'NONE',  ( -23.32842712474621294, 86.00000000000000000, 8.400000000000000355 ) ) ;
#8220 = ORIENTED_EDGE ( 'NONE', *, *, #3135, .F. ) ;
#8221 = LINE ( 'NONE', #5436, #1670 ) ;
#8222 = CYLINDRICAL_SURFACE ( 'NONE', #5078, 0.5000000000000004441 ) ;
#8223 = EDGE_LOOP ( 'NONE', ( #6944, #161, #2343, #519 ) ) ;
#8224 = FACE_OUTER_BOUND ( 'NONE', #8492, .T. ) ;
#8225 = CARTESIAN_POINT ( 'NONE',  ( -39.02424965792510392, 89.50000000000002842, 13.20924883844321940 ) ) ;
#8226 = EDGE_CURVE ( 'NONE', #552, #3541, #2669, .T. ) ;
#8227 = CARTESIAN_POINT ( 'NONE',  ( -60.78228239177275327, 90.00000000000000000, 3.462461685051430926 ) ) ;
#8228 = CARTESIAN_POINT ( 'NONE',  ( -59.41310814103514559, 89.87938524157023323, 4.424180496367703164 ) ) ;
#8229 = ORIENTED_EDGE ( 'NONE', *, *, #3342, .T. ) ;
#8230 = DIRECTION ( 'NONE',  ( 0.000000000000000000, 0.000000000000000000, -1.000000000000000000 ) ) ;
#8231 = ORIENTED_EDGE ( 'NONE', *, *, #326, .F. ) ;
#8232 = CARTESIAN_POINT ( 'NONE',  ( -55.96129436686664604, 89.34485357832083707, 5.259513501926715406 ) ) ;
#8233 = AXIS2_PLACEMENT_3D ( 'NONE', #7271, #3180, #7316 ) ;
#8234 = VERTEX_POINT ( 'NONE', #6810 ) ;
#8235 = CARTESIAN_POINT ( 'NONE',  ( 92.44255697483615108, 80.69462890629361596, 14.76099675288461910 ) ) ;
#8236 = CARTESIAN_POINT ( 'NONE',  ( 66.00147650544995770, 90.00018136127600599, 16.99999999999999289 ) ) ;
#8237 = EDGE_CURVE ( 'NONE', #2157, #4462, #3109, .T. ) ;
#8238 = DIRECTION ( 'NONE',  ( -1.000000000000000000, 0.000000000000000000, 0.000000000000000000 ) ) ;
#8239 = ORIENTED_EDGE ( 'NONE', *, *, #2351, .T. ) ;
#8240 = CIRCLE ( 'NONE', #8812, 1.750000000000001554 ) ;
#8241 = FACE_OUTER_BOUND ( 'NONE', #1332, .T. ) ;
#8242 = CARTESIAN_POINT ( 'NONE',  ( -47.29943137761367922, 89.99999999999997158, 14.01895777769075835 ) ) ;
#8243 = CARTESIAN_POINT ( 'NONE',  ( -72.42521769210864591, 85.39021826509454627, 13.34605639018752221 ) ) ;
#8244 = DIRECTION ( 'NONE',  ( 0.000000000000000000, -0.000000000000000000, -1.000000000000000000 ) ) ;
#8245 = CIRCLE ( 'NONE', #4375, 0.5000000000000004441 ) ;
#8246 = ORIENTED_EDGE ( 'NONE', *, *, #7388, .F. ) ;
#8247 = CARTESIAN_POINT ( 'NONE',  ( 85.92227517878836807, 80.72747800863396606, 9.975479561877651946 ) ) ;
#8248 = CARTESIAN_POINT ( 'NONE',  ( -83.13111499516224967, 81.99493715162630281, 9.346464448155902716 ) ) ;
#8249 = AXIS2_PLACEMENT_3D ( 'NONE', #6584, #8608, #5060 ) ;
#8250 = CARTESIAN_POINT ( 'NONE',  ( -86.94067848070798732, 84.54643893765933171, 17.00000000001487521 ) ) ;
#8251 = CARTESIAN_POINT ( 'NONE',  ( -54.28095068959324010, 89.34485357832089392, 6.016450521740273061 ) ) ;
#8252 = CYLINDRICAL_SURFACE ( 'NONE', #8005, 2.000000000000000000 ) ;
#8253 = CIRCLE ( 'NONE', #215, 0.5000000000000004441 ) ;
#8254 = CARTESIAN_POINT ( 'NONE',  ( -92.98249058415687784, 76.23893459104138515, 13.73020063661249246 ) ) ;
#8255 = VECTOR ( 'NONE', #2458, 1000.000000000000000 ) ;
#8256 = ORIENTED_EDGE ( 'NONE', *, *, #7743, .F. ) ;
#8257 = CARTESIAN_POINT ( 'NONE',  ( 58.28505800442624007, 89.34485357832089392, 3.479402193152072442 ) ) ;
#8258 = CARTESIAN_POINT ( 'NONE',  ( 90.31400299807005183, 78.35798982636892163, 16.99999999999999289 ) ) ;
#8259 = CARTESIAN_POINT ( 'NONE',  ( -30.64050948076927128, 86.90919697296430968, 8.395935406620164798 ) ) ;
#8260 = FACE_OUTER_BOUND ( 'NONE', #7425, .T. ) ;
#8261 = CARTESIAN_POINT ( 'NONE',  ( 26.99999999999997868, 85.99999999999997158, 8.400000000000000355 ) ) ;
#8262 = VERTEX_POINT ( 'NONE', #2623 ) ;
#8263 = CARTESIAN_POINT ( 'NONE',  ( 17.62771867673099990, 83.00000000000000000, 15.00000000000000178 ) ) ;
#8264 = EDGE_LOOP ( 'NONE', ( #7218, #8322, #302, #733 ) ) ;
#8265 = DIRECTION ( 'NONE',  ( -1.000000000000000000, -8.249565755581263122E-16, 0.000000000000000000 ) ) ;
#8266 = DIRECTION ( 'NONE',  ( 0.000000000000000000, 0.000000000000000000, 1.000000000000000000 ) ) ;
#8267 = ORIENTED_EDGE ( 'NONE', *, *, #510, .F. ) ;
#8268 = VECTOR ( 'NONE', #7820, 1000.000000000000000 ) ;
#8269 = CARTESIAN_POINT ( 'NONE',  ( -30.99206521860181596, 85.99999999999998579, 8.394572734808559034 ) ) ;
#8270 = EDGE_CURVE ( 'NONE', #4135, #1061, #6185, .T. ) ;
#8271 = AXIS2_PLACEMENT_3D ( 'NONE', #6651, #494, #2553 ) ;
#8272 = CARTESIAN_POINT ( 'NONE',  ( -38.88181197931046285, 89.50000000000001421, 12.38708414812554182 ) ) ;
#8273 = CARTESIAN_POINT ( 'NONE',  ( -59.49430420366527272, 90.00000000000001421, 4.820082056921175528 ) ) ;
#8274 = CARTESIAN_POINT ( 'NONE',  ( 8.804986980587120371, 72.31761717137223400, 36.88536684330890125 ) ) ;
#8275 = VERTEX_POINT ( 'NONE', #1194 ) ;
#8276 = CARTESIAN_POINT ( 'NONE',  ( -54.11283635740337417, 87.50000000000004263, 6.092455011653398422 ) ) ;
#8277 = ORIENTED_EDGE ( 'NONE', *, *, #8785, .T. ) ;
#8278 = CARTESIAN_POINT ( 'NONE',  ( 6.971983938970289785, 78.00000000000000000, 14.20000000000000107 ) ) ;
#8279 = ORIENTED_EDGE ( 'NONE', *, *, #4490, .F. ) ;
#8280 = CARTESIAN_POINT ( 'NONE',  ( 17.15181817502118022, 86.00000000000000000, 8.399999999999998579 ) ) ;
#8281 = DIRECTION ( 'NONE',  ( -0.000000000000000000, 0.000000000000000000, -1.000000000000000000 ) ) ;
#8282 = B_SPLINE_CURVE_WITH_KNOTS ( 'NONE', 3,
 ( #6490, #3028, #374, #5773, #7249, #5869, #5100, #5956 ),
 .UNSPECIFIED., .F., .F.,
 ( 4, 2, 2, 4 ),
 ( 0.000000000000000000, 0.0003127171425647912520, 0.0006254342851295825040, 0.001250868570259165008 ),
 .UNSPECIFIED. ) ;
#8283 = CARTESIAN_POINT ( 'NONE',  ( -91.99288706137228644, 81.07364225917895340, 15.66686198539021824 ) ) ;
#8284 = VECTOR ( 'NONE', #357, 1000.000000000000000 ) ;
#8285 = CARTESIAN_POINT ( 'NONE',  ( -46.56202307429597198, 89.99999999999997158, 14.40938014254898469 ) ) ;
#8286 = CARTESIAN_POINT ( 'NONE',  ( -47.84882839209177519, 89.99999999999997158, 13.24051986355461530 ) ) ;
#8287 = VECTOR ( 'NONE', #8790, 1000.000000000000000 ) ;
#8288 = CARTESIAN_POINT ( 'NONE',  ( 97.90079786713343424, 71.58182856297453611, 17.00000000000000000 ) ) ;
#8289 = CARTESIAN_POINT ( 'NONE',  ( -38.74916853193493438, 89.99999999999995737, 13.73590453841224068 ) ) ;
#8290 = AXIS2_PLACEMENT_3D ( 'NONE', #2044, #8885, #5427 ) ;
#8291 = ORIENTED_EDGE ( 'NONE', *, *, #876, .F. ) ;
#8292 = EDGE_CURVE ( 'NONE', #8791, #1511, #6536, .T. ) ;
#8293 = LINE ( 'NONE', #8201, #1234 ) ;
#8294 = CARTESIAN_POINT ( 'NONE',  ( 91.87780581196666674, 77.18303182878143787, 16.24688794321358998 ) ) ;
#8295 = EDGE_CURVE ( 'NONE', #7985, #7502, #6959, .T. ) ;
#8296 = VECTOR ( 'NONE', #8725, 1000.000000000000000 ) ;
#8297 = CARTESIAN_POINT ( 'NONE',  ( 57.98928105359829033, 89.42385251975763083, 4.095678901389957716 ) ) ;
#8298 = EDGE_CURVE ( 'NONE', #956, #5267, #254, .T. ) ;
#8299 = DIRECTION ( 'NONE',  ( -0.000000000000000000, -0.000000000000000000, 1.000000000000000000 ) ) ;
#8300 = CARTESIAN_POINT ( 'NONE',  ( -48.95792906499146824, 89.34485357832079444, 7.365877044147847386 ) ) ;
#8301 = CARTESIAN_POINT ( 'NONE',  ( 93.22212687541598086, 79.76922673094563265, 12.06375359537077685 ) ) ;
#8302 = AXIS2_PLACEMENT_3D ( 'NONE', #2108, #5442, #3502 ) ;
#8303 = CARTESIAN_POINT ( 'NONE',  ( 8.100000000000015632, 89.34485357832080865, 8.400000000000002132 ) ) ;
#8304 = ORIENTED_EDGE ( 'NONE', *, *, #3904, .F. ) ;
#8305 = CARTESIAN_POINT ( 'NONE',  ( 59.47643782842565940, 89.34485357832082286, 2.223603349172555976 ) ) ;
#8306 = CARTESIAN_POINT ( 'NONE',  ( 2.247776679298901570, 82.50000000000000000, 17.00000000000000000 ) ) ;
#8307 = DIRECTION ( 'NONE',  ( 0.000000000000000000, 0.000000000000000000, 1.000000000000000000 ) ) ;
#8308 = CARTESIAN_POINT ( 'NONE',  ( -91.04471921652692856, 81.81221471280019841, 16.43417059487729404 ) ) ;
#8309 = DIRECTION ( 'NONE',  ( 0.000000000000000000, -0.000000000000000000, 1.000000000000000000 ) ) ;
#8310 = ADVANCED_FACE ( 'NONE', ( #5510 ), #8252, .F. ) ;
#8311 = ORIENTED_EDGE ( 'NONE', *, *, #8318, .T. ) ;
#8312 = LINE ( 'NONE', #5032, #3540 ) ;
#8313 = ORIENTED_EDGE ( 'NONE', *, *, #6081, .F. ) ;
#8314 = FACE_OUTER_BOUND ( 'NONE', #256, .T. ) ;
#8315 = CARTESIAN_POINT ( 'NONE',  ( 97.90079786713343424, 71.58182856297453611, 17.00000000000000000 ) ) ;
#8316 = EDGE_LOOP ( 'NONE', ( #4168, #8101, #4640, #7243 ) ) ;
#8317 = CYLINDRICAL_SURFACE ( 'NONE', #3844, 0.5000000000000004441 ) ;
#8318 = EDGE_CURVE ( 'NONE', #6659, #7089, #1596, .T. ) ;
#8319 = CARTESIAN_POINT ( 'NONE',  ( -39.01652865616680543, 89.99999999999997158, 13.99820892522758164 ) ) ;
#8320 = CARTESIAN_POINT ( 'NONE',  ( -59.71970038658407987, 89.99999999999997158, 4.582498491843975508 ) ) ;
#8321 = DIRECTION ( 'NONE',  ( 0.000000000000000000, -0.000000000000000000, 1.000000000000000000 ) ) ;
#8322 = ORIENTED_EDGE ( 'NONE', *, *, #4240, .T. ) ;
#8323 = DIRECTION ( 'NONE',  ( -0.000000000000000000, -0.000000000000000000, 1.000000000000000000 ) ) ;
#8324 = CARTESIAN_POINT ( 'NONE',  ( -55.44440611564620269, 89.34485357832083707, 5.521072530563187364 ) ) ;
#8325 = ORIENTED_EDGE ( 'NONE', *, *, #8066, .F. ) ;
#8326 = CARTESIAN_POINT ( 'NONE',  ( -26.99999956769672593, 89.99999999999998579, 10.19999999999937401 ) ) ;
#8327 = LINE ( 'NONE', #7692, #6391 ) ;
#8328 = EDGE_CURVE ( 'NONE', #1589, #4004, #786, .T. ) ;
#8329 = LINE ( 'NONE', #1441, #7088 ) ;
#8330 = CARTESIAN_POINT ( 'NONE',  ( 38.01000000008891533, 83.09999999994768416, 14.70000000000002061 ) ) ;
#8331 = LINE ( 'NONE', #2027, #2064 ) ;
#8332 = CARTESIAN_POINT ( 'NONE',  ( -47.15065537897422843, 89.99999999999995737, 14.13305746070929914 ) ) ;
#8333 = CARTESIAN_POINT ( 'NONE',  ( 91.68029325452042144, 77.74280111332332410, 17.00000000000000000 ) ) ;
#8334 = DIRECTION ( 'NONE',  ( -1.000000000000000000, 0.000000000000000000, 0.000000000000000000 ) ) ;
#8335 = ORIENTED_EDGE ( 'NONE', *, *, #7991, .T. ) ;
#8336 = CARTESIAN_POINT ( 'NONE',  ( -20.50000000000001776, 85.00000000000000000, 12.50000000000000000 ) ) ;
#8338 = EDGE_CURVE ( 'NONE', #5097, #3011, #1829, .T. ) ;
#8337 = DIRECTION ( 'NONE',  ( -0.000000000000000000, -0.000000000000000000, 1.000000000000000000 ) ) ;
#8339 = CARTESIAN_POINT ( 'NONE',  ( 57.73362150751905375, 89.34485357832086549, 4.034953414339246258 ) ) ;
#8340 = CYLINDRICAL_SURFACE ( 'NONE', #7436, 0.8999999999999968026 ) ;
#8341 = CARTESIAN_POINT ( 'NONE',  ( -55.21806203482008613, 89.34485357832090813, 5.627464740140623256 ) ) ;
#8342 = EDGE_CURVE ( 'NONE', #3829, #4293, #6852, .T. ) ;
#8343 = LINE ( 'NONE', #2174, #4777 ) ;
#8344 = CARTESIAN_POINT ( 'NONE',  ( 92.50180882792329840, 80.44080984726407735, 15.20029144556019851 ) ) ;
#8345 = ORIENTED_EDGE ( 'NONE', *, *, #478, .T. ) ;
#8346 = EDGE_CURVE ( 'NONE', #4639, #3456, #159, .T. ) ;
#8347 = CARTESIAN_POINT ( 'NONE',  ( 59.99162910366862889, 89.34485357832082286, 1.680555200424669549 ) ) ;
#8348 = CARTESIAN_POINT ( 'NONE',  ( 74.62340021939129997, 84.85072047847393151, 10.55513906212338426 ) ) ;
#8349 = CARTESIAN_POINT ( 'NONE',  ( -23.37228132326903562, 82.50000000000000000, 15.00000000000000178 ) ) ;
#8350 = CARTESIAN_POINT ( 'NONE',  ( -90.60264855163207187, 82.13057789342819603, 16.48120557518714335 ) ) ;
#8351 = CARTESIAN_POINT ( 'NONE',  ( -60.22970259012877392, 90.00000000000000000, 4.185408263296283238 ) ) ;
#8352 = VERTEX_POINT ( 'NONE', #1453 ) ;
#8353 = CARTESIAN_POINT ( 'NONE',  ( -17.50000000000001421, 85.00000000000000000, 3.694999999999993623 ) ) ;
#8354 = ORIENTED_EDGE ( 'NONE', *, *, #2300, .F. ) ;
#8355 = LINE ( 'NONE', #1380, #3963 ) ;
#8356 = DIRECTION ( 'NONE',  ( 4.163336342345625335E-16, -0.000000000000000000, 1.000000000000000000 ) ) ;
#8357 = ORIENTED_EDGE ( 'NONE', *, *, #3653, .F. ) ;
#8358 = DIRECTION ( 'NONE',  ( -1.000000000000000000, 0.000000000000000000, 0.000000000000000000 ) ) ;
#8359 = CARTESIAN_POINT ( 'NONE',  ( 43.06078427922813034, 86.00000000000014211, -15.00000000000000178 ) ) ;
#8360 = CARTESIAN_POINT ( 'NONE',  ( -38.53855843093651856, 89.99999999999997158, 11.78518320153773580 ) ) ;
#8361 = EDGE_CURVE ( 'NONE', #5222, #2445, #1961, .T. ) ;
#8362 = CARTESIAN_POINT ( 'NONE',  ( -59.37556589478626989, 90.00000000000017053, 4.945234446066971046 ) ) ;
#8363 = CARTESIAN_POINT ( 'NONE',  ( -22.96195541994488920, 83.28571428571429180, 3.694999999999993623 ) ) ;
#8364 = CIRCLE ( 'NONE', #2182, 0.8999999999999980238 ) ;
#8365 = ORIENTED_EDGE ( 'NONE', *, *, #1017, .T. ) ;
#8366 = CARTESIAN_POINT ( 'NONE',  ( 6.804986980587121259, 74.00000000000000000, 14.20000000000000107 ) ) ;
#8367 = DIRECTION ( 'NONE',  ( -1.000000000000000000, 0.000000000000000000, 0.000000000000000000 ) ) ;
#8368 = ORIENTED_EDGE ( 'NONE', *, *, #6200, .T. ) ;
#8369 = CARTESIAN_POINT ( 'NONE',  ( -44.99083328428471162, 89.87938524900127391, 9.349884010313521898 ) ) ;
#8370 = CARTESIAN_POINT ( 'NONE',  ( 70.09377476137161977, 85.63137986795651102, 9.974705298393315545 ) ) ;
#8371 = EDGE_LOOP ( 'NONE', ( #3564, #8188, #7858, #2617 ) ) ;
#8372 = CARTESIAN_POINT ( 'NONE',  ( 82.99587757650800768, 86.43802055449349098, 16.47314359246976778 ) ) ;
#8373 = CARTESIAN_POINT ( 'NONE',  ( -47.02099535249531215, 89.99999999999997158, 14.21959934378990020 ) ) ;
#8374 = CARTESIAN_POINT ( 'NONE',  ( -21.99999999650220772, 90.00000000000001421, 16.50000000000000711 ) ) ;
#8375 = CARTESIAN_POINT ( 'NONE',  ( -74.28208258960523835, 85.01090111215026468, 12.64509742292347561 ) ) ;
#8376 = EDGE_CURVE ( 'NONE', #3903, #315, #2255, .T. ) ;
#8377 = CARTESIAN_POINT ( 'NONE',  ( -40.01882974443759622, 89.99999999999997158, 14.46999347485594889 ) ) ;
#8378 = EDGE_CURVE ( 'NONE', #6314, #150, #2132, .T. ) ;
#8379 = ORIENTED_EDGE ( 'NONE', *, *, #7670, .F. ) ;
#8380 = ORIENTED_EDGE ( 'NONE', *, *, #6608, .F. ) ;
#8381 = EDGE_LOOP ( 'NONE', ( #6291, #5096, #8906, #6308 ) ) ;
#8382 = CARTESIAN_POINT ( 'NONE',  ( 69.67494703124012290, 85.58981256655326320, 6.313986028639448023 ) ) ;
#8383 = DIRECTION ( 'NONE',  ( 1.000000000000000000, 0.000000000000000000, 0.000000000000000000 ) ) ;
#8384 = ADVANCED_FACE ( 'NONE', ( #3671 ), #4200, .T. ) ;
#8386 = CARTESIAN_POINT ( 'NONE',  ( -28.53457416728500462, 85.99999999999968736, -15.00000000000000355 ) ) ;
#8385 = VECTOR ( 'NONE', #5277, 1000.000000000000000 ) ;
#8387 = CARTESIAN_POINT ( 'NONE',  ( -46.92327538085701377, 89.50000000000001421, 11.45913959184643183 ) ) ;
#8388 = CARTESIAN_POINT ( 'NONE',  ( -50.46708883491702125, 89.34485357832083707, 7.084447249815521097 ) ) ;
#8389 = CARTESIAN_POINT ( 'NONE',  ( 91.87777453040715159, 80.83978022226104088, 16.24684844485212309 ) ) ;
#8390 = CARTESIAN_POINT ( 'NONE',  ( 28.03652402102780528, 79.20004160230385537, 12.50000000000000000 ) ) ;
#8391 = ORIENTED_EDGE ( 'NONE', *, *, #4490, .T. ) ;
#8392 = AXIS2_PLACEMENT_3D ( 'NONE', #7301, #5280, #4564 ) ;
#8393 = CARTESIAN_POINT ( 'NONE',  ( 51.34405541973615783, 89.34485357832085128, 6.891739572279981019 ) ) ;
#8394 = CARTESIAN_POINT ( 'NONE',  ( 72.51378563983888625, 85.22967698693794603, 9.168030195949050665 ) ) ;
#8395 = CARTESIAN_POINT ( 'NONE',  ( -40.26999999992408874, 85.99999999999997158, 10.37000000000000099 ) ) ;
#8396 = CARTESIAN_POINT ( 'NONE',  ( -90.60919529187465571, 81.56605264075973594, 17.00000000000007105 ) ) ;
#8397 = CARTESIAN_POINT ( 'NONE',  ( -63.12060625366655842, 90.00148343693325614, 4.836901541032665897 ) ) ;
#8398 = EDGE_CURVE ( 'NONE', #1061, #552, #4268, .T. ) ;
#8399 = CIRCLE ( 'NONE', #2502, 0.5000000000000004441 ) ;
#8400 = CIRCLE ( 'NONE', #8820, 0.4999999999999951705 ) ;
#8401 = ORIENTED_EDGE ( 'NONE', *, *, #835, .F. ) ;
#8402 = CARTESIAN_POINT ( 'NONE',  ( -47.07070760270696042, 89.99999999999997158, 9.828240972799036967 ) ) ;
#8403 = CARTESIAN_POINT ( 'NONE',  ( 29.87180731080174922, 89.99999999999994316, 10.55265770776307299 ) ) ;
#8404 = CARTESIAN_POINT ( 'NONE',  ( 59.40978063507069606, 89.99999999999995737, 4.909175893825129755 ) ) ;
#8405 = CARTESIAN_POINT ( 'NONE',  ( 84.06671369676456607, 82.31421503386509642, 16.99999999999997868 ) ) ;
#8406 = VERTEX_POINT ( 'NONE', #5645 ) ;
#8407 = DIRECTION ( 'NONE',  ( -0.000000000000000000, 1.000000000000000000, -0.000000000000000000 ) ) ;
#8408 = DIRECTION ( 'NONE',  ( 0.000000000000000000, 0.000000000000000000, -1.000000000000000000 ) ) ;
#8409 = EDGE_CURVE ( 'NONE', #5388, #6475, #204, .T. ) ;
#8410 = CARTESIAN_POINT ( 'NONE',  ( -38.43356858417718769, 90.00000000000004263, 13.06127135002389572 ) ) ;
#8411 = CARTESIAN_POINT ( 'NONE',  ( -53.03769991946363405, 89.99999999999998579, 8.314327825485523960 ) ) ;
#8412 = CARTESIAN_POINT ( 'NONE',  ( -66.00147541926334327, 89.99981326875506227, 16.49963217656421932 ) ) ;
#8413 = ORIENTED_EDGE ( 'NONE', *, *, #8085, .F. ) ;
#8414 = AXIS2_PLACEMENT_3D ( 'NONE', #177, #2911, #7096 ) ;
#8415 = DIRECTION ( 'NONE',  ( -0.000000000000000000, -0.000000000000000000, 1.000000000000000000 ) ) ;
#8416 = CARTESIAN_POINT ( 'NONE',  ( -54.12077039654187161, 89.34485357832086549, 6.076260961125117710 ) ) ;
#8417 = ORIENTED_EDGE ( 'NONE', *, *, #2803, .T. ) ;
#8418 = ORIENTED_EDGE ( 'NONE', *, *, #4340, .F. ) ;
#8419 = CARTESIAN_POINT ( 'NONE',  ( -41.43617274031824849, 90.00000000000000000, 9.984781647965515816 ) ) ;
#8420 = CARTESIAN_POINT ( 'NONE',  ( 0.000000000000000000, 86.00000000000000000, 12.50000000000000000 ) ) ;
#8421 = EDGE_CURVE ( 'NONE', #5033, #1587, #8481, .T. ) ;
#8422 = CARTESIAN_POINT ( 'NONE',  ( -17.99999999999999289, 89.34485357832087971, 8.400000000000003908 ) ) ;
#8423 = CARTESIAN_POINT ( 'NONE',  ( 17.99999999999998934, 89.87938524157182485, 9.868613674765548183 ) ) ;
#8424 = CIRCLE ( 'NONE', #5695, 1.400000000000000133 ) ;
#8425 = CARTESIAN_POINT ( 'NONE',  ( -60.50000001902569124, 89.50000000002862066, 17.00000000000000711 ) ) ;
#8426 = CARTESIAN_POINT ( 'NONE',  ( -74.09139654056195923, 85.05899921047097223, 12.84400696805141884 ) ) ;
#8427 = ORIENTED_EDGE ( 'NONE', *, *, #2892, .T. ) ;
#8428 = VERTEX_POINT ( 'NONE', #7662 ) ;
#8429 = EDGE_LOOP ( 'NONE', ( #8593, #5014, #39, #4938 ) ) ;
#8430 = ORIENTED_EDGE ( 'NONE', *, *, #5054, .F. ) ;
#8431 = DIRECTION ( 'NONE',  ( 0.000000000000000000, 0.000000000000000000, 1.000000000000000000 ) ) ;
#8432 = CARTESIAN_POINT ( 'NONE',  ( -93.22213527165682478, 76.01316742057154840, 12.06375491662156207 ) ) ;
#8433 = VECTOR ( 'NONE', #8532, 1000.000000000000000 ) ;
#8434 = CARTESIAN_POINT ( 'NONE',  ( 0.000000000000000000, 86.00000000000000000, -15.00000000000000000 ) ) ;
#8435 = CARTESIAN_POINT ( 'NONE',  ( -47.42315999047438169, 89.50000000000005684, 12.20801058419291607 ) ) ;
#8436 = CARTESIAN_POINT ( 'NONE',  ( -56.79187539242722949, 89.34485357832085128, 4.764325845764617817 ) ) ;
#8437 = LINE ( 'NONE', #4248, #2752 ) ;
#8438 = EDGE_CURVE ( 'NONE', #141, #3026, #8437, .T. ) ;
#8439 = AXIS2_PLACEMENT_3D ( 'NONE', #4023, #1235, #8749 ) ;
#8440 = CARTESIAN_POINT ( 'NONE',  ( 56.23109488393692601, 89.34485357832085128, 5.116004955257705156 ) ) ;
#8441 = VERTEX_POINT ( 'NONE', #6227 ) ;
#8442 = CARTESIAN_POINT ( 'NONE',  ( 50.02581328453573661, 89.34485357832096497, 7.174327542454487450 ) ) ;
#8443 = CARTESIAN_POINT ( 'NONE',  ( -69.75504353565573012, 85.83390002241495154, 17.00000000000000000 ) ) ;
#8444 = CARTESIAN_POINT ( 'NONE',  ( 0.000000000000000000, 0.000000000000000000, 13.10000000000000142 ) ) ;
#8445 = FACE_OUTER_BOUND ( 'NONE', #5493, .T. ) ;
#8446 = CARTESIAN_POINT ( 'NONE',  ( -47.18953357928153736, 89.50000000000007105, 11.70963459203512080 ) ) ;
#8447 = CIRCLE ( 'NONE', #2540, 1.999999999999998224 ) ;
#8448 = ORIENTED_EDGE ( 'NONE', *, *, #4880, .T. ) ;
#8449 = CARTESIAN_POINT ( 'NONE',  ( -38.48364179885641079, 89.99999999999998579, 10.44565670021492210 ) ) ;
#8450 = VERTEX_POINT ( 'NONE', #3624 ) ;
#8451 = CARTESIAN_POINT ( 'NONE',  ( 60.26709111652977668, 90.00000000000004263, 4.005509833799343333 ) ) ;
#8452 = CARTESIAN_POINT ( 'NONE',  ( 36.26172924952129506, 83.02222222221060122, 15.00000000000000178 ) ) ;
#8453 = ORIENTED_EDGE ( 'NONE', *, *, #895, .T. ) ;
#8454 = CARTESIAN_POINT ( 'NONE',  ( 39.76000000008891533, 83.09999999994768416, 17.00000000000001066 ) ) ;
#8455 = CARTESIAN_POINT ( 'NONE',  ( -55.33827022511323435, 85.99999999999997158, 5.575658595968937092 ) ) ;
#8456 = CARTESIAN_POINT ( 'NONE',  ( -38.76089848769007773, 90.00000000000004263, 13.72605197065692906 ) ) ;
#8457 = CARTESIAN_POINT ( 'NONE',  ( -54.91901038492860465, 90.00000000000002842, 7.699665815214496334 ) ) ;
#8458 = CARTESIAN_POINT ( 'NONE',  ( -22.87228132326903562, 83.00000000000000000, 17.00000000000003553 ) ) ;
#8459 = ORIENTED_EDGE ( 'NONE', *, *, #3481, .T. ) ;
#8460 = DIRECTION ( 'NONE',  ( 1.000000000000000000, 0.000000000000000000, 0.000000000000000000 ) ) ;
#8461 = CARTESIAN_POINT ( 'NONE',  ( 59.41310814103975702, 89.87938524157182485, 4.424180496369289450 ) ) ;
#8462 = ORIENTED_EDGE ( 'NONE', *, *, #2185, .F. ) ;
#8463 = VECTOR ( 'NONE', #6933, 1000.000000000000000 ) ;
#8464 = CARTESIAN_POINT ( 'NONE',  ( -38.56639527351314456, 90.00000000000014211, 10.44334911444966352 ) ) ;
#8465 = ADVANCED_FACE ( 'NONE', ( #4881 ), #6940, .T. ) ;
#8466 = CARTESIAN_POINT ( 'NONE',  ( 0.000000000000000000, 0.000000000000000000, 12.50000000000000000 ) ) ;
#8467 = PLANE ( 'NONE',  #353 ) ;
#8468 = DIRECTION ( 'NONE',  ( -0.9271838545667908660, 0.3746065934159035216, 0.000000000000000000 ) ) ;
#8469 = EDGE_CURVE ( 'NONE', #4544, #5036, #8343, .T. ) ;
#8470 = CARTESIAN_POINT ( 'NONE',  ( -11.73045664315804970, 77.61187912500518848, 14.20000000000000107 ) ) ;
#8471 = ORIENTED_EDGE ( 'NONE', *, *, #553, .F. ) ;
#8472 = EDGE_LOOP ( 'NONE', ( #2336, #1369, #6054, #2920 ) ) ;
#8473 = EDGE_LOOP ( 'NONE', ( #6086, #8028, #4720, #5053 ) ) ;
#8474 = CARTESIAN_POINT ( 'NONE',  ( -24.99999999999999289, 87.39999999999999147, 9.500000000000000000 ) ) ;
#8475 = CARTESIAN_POINT ( 'NONE',  ( -58.00449035515316609, 89.42850333248618711, 4.099294183184901463 ) ) ;
#8476 = DIRECTION ( 'NONE',  ( -1.000000000000000000, 0.000000000000000000, 0.000000000000000000 ) ) ;
#8477 = DIRECTION ( 'NONE',  ( 0.000000000000000000, 0.000000000000000000, 1.000000000000000000 ) ) ;
#8478 = CARTESIAN_POINT ( 'NONE',  ( -46.25438801165181957, 89.50000000000005684, 11.18142501315330861 ) ) ;
#8479 = CARTESIAN_POINT ( 'NONE',  ( -33.03351799997508920, 89.34485357832090813, 8.382364759403964527 ) ) ;
#8480 = ADVANCED_FACE ( 'NONE', ( #7709 ), #1256, .T. ) ;
#8481 = LINE ( 'NONE', #7580, #6066 ) ;
#8482 = FACE_OUTER_BOUND ( 'NONE', #5968, .T. ) ;
#8483 = ORIENTED_EDGE ( 'NONE', *, *, #7725, .F. ) ;
#8484 = CARTESIAN_POINT ( 'NONE',  ( 55.06509868914753270, 89.34485357832085128, 5.695937062630346048 ) ) ;
#8485 = CARTESIAN_POINT ( 'NONE',  ( 40.25777667939014748, 82.50000000000000000, 15.00000000000000178 ) ) ;
#8486 = CARTESIAN_POINT ( 'NONE',  ( 24.99999999999999289, 87.39999999999999147, 9.500000000000000000 ) ) ;
#8488 = EDGE_CURVE ( 'NONE', #3541, #4179, #459, .T. ) ;
#8487 = DIRECTION ( 'NONE',  ( 0.000000000000000000, 0.000000000000000000, -1.000000000000000000 ) ) ;
#8489 = CARTESIAN_POINT ( 'NONE',  ( -64.10479298397549996, 89.99175603747667651, 5.566629576080623920 ) ) ;
#8490 = ORIENTED_EDGE ( 'NONE', *, *, #5294, .T. ) ;
#8491 = LINE ( 'NONE', #7727, #385 ) ;
#8492 = EDGE_LOOP ( 'NONE', ( #972, #4076, #7004, #2636 ) ) ;
#8493 = CARTESIAN_POINT ( 'NONE',  ( 59.36750217886289249, 90.00000000000000000, 4.953703661604654584 ) ) ;
#8494 = DIRECTION ( 'NONE',  ( -0.000000000000000000, 0.000000000000000000, -1.000000000000000000 ) ) ;
#8495 = CARTESIAN_POINT ( 'NONE',  ( -76.71094407378666347, 88.23354544069140104, 8.360520027651045183 ) ) ;
#8496 = CARTESIAN_POINT ( 'NONE',  ( -55.03473674896427070, 85.99999999999998579, 5.712153153431536623 ) ) ;
#8497 = CARTESIAN_POINT ( 'NONE',  ( -38.43481286171476086, 89.99999999999998579, 12.07698785672250708 ) ) ;
#8498 = CARTESIAN_POINT ( 'NONE',  ( -48.88012310079921008, 90.00000000000002842, 9.201839716052058193 ) ) ;
#8499 = CARTESIAN_POINT ( 'NONE',  ( -65.31396007499678547, 90.00184349188808142, 16.50162631316880280 ) ) ;
#8500 = ORIENTED_EDGE ( 'NONE', *, *, #4675, .F. ) ;
#8501 = CARTESIAN_POINT ( 'NONE',  ( -17.50000000000001421, 85.00000000000000000, 17.00000000000000000 ) ) ;
#8502 = CARTESIAN_POINT ( 'NONE',  ( 57.90517909910656158, 89.29914716785896189, 3.873471756696281521 ) ) ;
#8503 = EDGE_LOOP ( 'NONE', ( #7731, #871, #6389, #4215 ) ) ;
#8504 = CARTESIAN_POINT ( 'NONE',  ( -59.55487609725698661, 90.00000000000001421, 5.267577012952112447 ) ) ;
#8505 = EDGE_CURVE ( 'NONE', #6475, #1468, #2611, .T. ) ;
#8506 = DIRECTION ( 'NONE',  ( 0.000000000000000000, 1.000000000000000000, 0.000000000000000000 ) ) ;
#8507 = CARTESIAN_POINT ( 'NONE',  ( 50.49999999999998579, 86.20092456010975468, 7.077532001695709063 ) ) ;
#8508 = CARTESIAN_POINT ( 'NONE',  ( -60.50000001902569124, 90.00000000000000000, 16.50000000000000355 ) ) ;
#8509 = DIRECTION ( 'NONE',  ( 0.3746065934159061306, 0.9271838545667897558, -4.997964945189720788E-17 ) ) ;
#8510 = ORIENTED_EDGE ( 'NONE', *, *, #4449, .T. ) ;
#8511 = ORIENTED_EDGE ( 'NONE', *, *, #7957, .F. ) ;
#8512 = ORIENTED_EDGE ( 'NONE', *, *, #5800, .T. ) ;
#8513 = DIRECTION ( 'NONE',  ( 0.000000000000000000, 0.000000000000000000, -1.000000000000000000 ) ) ;
#8514 = CARTESIAN_POINT ( 'NONE',  ( 24.06011343035047645, 72.74790443272765117, 14.20000000000000107 ) ) ;
#8515 = CARTESIAN_POINT ( 'NONE',  ( -92.88581673920803894, 76.26881283706410386, 11.54478107062280223 ) ) ;
#8516 = EDGE_CURVE ( 'NONE', #2433, #3746, #8364, .T. ) ;
#8517 = LINE ( 'NONE', #2352, #7528 ) ;
#8518 = CARTESIAN_POINT ( 'NONE',  ( -34.66000099991106964, 82.25495999994770102, 13.50000000000000000 ) ) ;
#8519 = CARTESIAN_POINT ( 'NONE',  ( 17.50000000000001421, 85.00000000000000000, 12.50000000000000000 ) ) ;
#8520 = CARTESIAN_POINT ( 'NONE',  ( -30.00000000000000000, 86.59999999999999432, -0.5062160878754172755 ) ) ;
#8521 = CARTESIAN_POINT ( 'NONE',  ( 91.92595187057374062, 80.92250234589337765, 16.18642557505686597 ) ) ;
#8522 = ORIENTED_EDGE ( 'NONE', *, *, #1386, .F. ) ;
#8523 = CARTESIAN_POINT ( 'NONE',  ( 45.32995852396240366, 89.34485357832085128, 7.839103087557253602 ) ) ;
#8524 = VECTOR ( 'NONE', #4432, 1000.000000000000000 ) ;
#8525 = B_SPLINE_CURVE_WITH_KNOTS ( 'NONE', 3,
 ( #4766, #7507, #677, #6833, #3418, #6166, #8903, #2735, #8185, #8372, #1580, #4958, #6309, #909 ),
 .UNSPECIFIED., .F., .F.,
 ( 4, 2, 2, 2, 2, 2, 4 ),
 ( 0.000000000000000000, 0.006523805908785880459, 0.009785708863178841505, 0.01304761181757180082, 0.01630951477196476013, 0.01957141772635772117, 0.02609522363514366061 ),
 .UNSPECIFIED. ) ;
#8526 = LINE ( 'NONE', #6461, #4703 ) ;
#8527 = CARTESIAN_POINT ( 'NONE',  ( -66.00147541926334327, 89.99981326875506227, 16.49963217656421932 ) ) ;
#8528 = CARTESIAN_POINT ( 'NONE',  ( -47.29330094362003933, 89.50000000000004263, 11.86493342748073943 ) ) ;
#8529 = ADVANCED_FACE ( 'NONE', ( #1219 ), #3959, .F. ) ;
#8530 = AXIS2_PLACEMENT_3D ( 'NONE', #289, #4195, #2889 ) ;
#8531 = EDGE_LOOP ( 'NONE', ( #6125, #4241, #4202, #8231 ) ) ;
#8532 = DIRECTION ( 'NONE',  ( 0.000000000000000000, 1.000000000000000000, 0.000000000000000000 ) ) ;
#8533 = CARTESIAN_POINT ( 'NONE',  ( 59.11533652663931804, 90.00000000000000000, 5.697219832919584448 ) ) ;
#8534 = CIRCLE ( 'NONE', #5952, 1.499999999999994449 ) ;
#8535 = CARTESIAN_POINT ( 'NONE',  ( 59.37959331605284774, 89.99999999999995737, 4.940994741957920766 ) ) ;
#8536 = CARTESIAN_POINT ( 'NONE',  ( 67.71224391866543613, 86.22823081774780007, 13.33250072075326109 ) ) ;
#8537 = LINE ( 'NONE', #1515, #5686 ) ;
#8538 = CARTESIAN_POINT ( 'NONE',  ( -55.93577646977460205, 89.34485360493509631, 5.277979241727748239 ) ) ;
#8539 = AXIS2_PLACEMENT_3D ( 'NONE', #3323, #6746, #3284 ) ;
#8540 = VECTOR ( 'NONE', #5803, 1000.000000000000000 ) ;
#8541 = CARTESIAN_POINT ( 'NONE',  ( 58.51353416395469509, 89.04691235774510005, 3.798653004995260041 ) ) ;
#8542 = CARTESIAN_POINT ( 'NONE',  ( -45.51000865619146651, 89.99999999999998579, 9.630097632386878104 ) ) ;
#8543 = CARTESIAN_POINT ( 'NONE',  ( -15.00910350054426523, 69.76991160768594114, 14.20000000000000107 ) ) ;
#8544 = ORIENTED_EDGE ( 'NONE', *, *, #122, .F. ) ;
#8545 = CARTESIAN_POINT ( 'NONE',  ( -23.37228132326902852, 82.50000000000000000, 17.00000000000000000 ) ) ;
#8546 = EDGE_CURVE ( 'NONE', #6149, #5097, #8072, .T. ) ;
#8547 = CIRCLE ( 'NONE', #2383, 0.8999999999999980238 ) ;
#8548 = ORIENTED_EDGE ( 'NONE', *, *, #74, .T. ) ;
#8549 = CARTESIAN_POINT ( 'NONE',  ( -59.39109433456944487, 89.99999999999997158, 4.929018333550916786 ) ) ;
#8550 = CARTESIAN_POINT ( 'NONE',  ( -39.20144991806805024, 89.50000000000000000, 13.47483271956043538 ) ) ;
#8551 = CARTESIAN_POINT ( 'NONE',  ( 51.80564296770103994, 87.49999999999994316, 6.780405814940801079 ) ) ;
#8552 = CARTESIAN_POINT ( 'NONE',  ( -2.081668171172754982E-16, 90.00000000000000000, 17.00000000000001421 ) ) ;
#8553 = CARTESIAN_POINT ( 'NONE',  ( -48.15999935143079824, 82.24689295812471812, 14.70000000000002061 ) ) ;
#8554 = VERTEX_POINT ( 'NONE', #6035 ) ;
#8555 = ORIENTED_EDGE ( 'NONE', *, *, #1386, .T. ) ;
#8556 = ORIENTED_EDGE ( 'NONE', *, *, #6539, .F. ) ;
#8557 = DIRECTION ( 'NONE',  ( 0.000000000000000000, 0.000000000000000000, -1.000000000000000000 ) ) ;
#8558 = AXIS2_PLACEMENT_3D ( 'NONE', #2457, #6687, #4162 ) ;
#8559 = CARTESIAN_POINT ( 'NONE',  ( 92.37744407915077716, 80.75042786145009188, 14.91876045886602498 ) ) ;
#8560 = DIRECTION ( 'NONE',  ( 2.775557561562872103E-14, 0.9962536359412952347, -0.08647943613223431358 ) ) ;
#8561 = VECTOR ( 'NONE', #4557, 1000.000000000000000 ) ;
#8562 = CARTESIAN_POINT ( 'NONE',  ( -58.29482222254036827, 88.97834399907510772, 3.749364140274804580 ) ) ;
#8563 = CIRCLE ( 'NONE', #526, 2.000000000000001776 ) ;
#8564 = DIRECTION ( 'NONE',  ( 0.000000000000000000, 0.000000000000000000, -1.000000000000000000 ) ) ;
#8565 = CARTESIAN_POINT ( 'NONE',  ( -51.53498746194967595, 84.57389925339897729, 13.10000000000000142 ) ) ;
#8566 = CARTESIAN_POINT ( 'NONE',  ( -35.28715502440938678, 89.34485357832083707, 8.351905473510448985 ) ) ;
#8567 = ORIENTED_EDGE ( 'NONE', *, *, #7197, .T. ) ;
#8568 = ADVANCED_FACE ( 'NONE', ( #8771 ), #3475, .F. ) ;
#8569 = CARTESIAN_POINT ( 'NONE',  ( 56.54117674866918009, 89.34485357832085128, 4.924809479787947808 ) ) ;
#8570 = CIRCLE ( 'NONE', #6421, 23.99999999999999289 ) ;
#8571 = FACE_OUTER_BOUND ( 'NONE', #5883, .T. ) ;
#8572 = EDGE_CURVE ( 'NONE', #4791, #1667, #5778, .T. ) ;
#8573 = CARTESIAN_POINT ( 'NONE',  ( -82.18609696835990519, 86.40343279068193283, 9.580376066062854079 ) ) ;
#8574 = CIRCLE ( 'NONE', #3404, 0.5000000000000004441 ) ;
#8575 = VECTOR ( 'NONE', #2630, 1000.000000000000000 ) ;
#8576 = ORIENTED_EDGE ( 'NONE', *, *, #6752, .T. ) ;
#8577 = CARTESIAN_POINT ( 'NONE',  ( -49.90999935143079824, 82.24689295812471812, 14.70000000000002061 ) ) ;
#8578 = CARTESIAN_POINT ( 'NONE',  ( -93.22212687559714084, 79.79176304499883088, 12.06375359326712982 ) ) ;
#8579 = CARTESIAN_POINT ( 'NONE',  ( 59.71970038658407987, 89.99999999999997158, 4.582498491843975508 ) ) ;
#8580 = CARTESIAN_POINT ( 'NONE',  ( 60.71081442275158224, 86.00000000000000000, 17.00000000000000000 ) ) ;
#8581 = AXIS2_PLACEMENT_3D ( 'NONE', #3399, #8793, #703 ) ;
#8582 = DIRECTION ( 'NONE',  ( 0.1617068401990213178, -0.9868388408614895413, 0.000000000000000000 ) ) ;
#8583 = CARTESIAN_POINT ( 'NONE',  ( 8.804986980587120371, 73.31761717137223400, 15.00000000000000000 ) ) ;
#8584 = CARTESIAN_POINT ( 'NONE',  ( 56.23109488393692601, 89.34485360493509631, 5.116004955257705156 ) ) ;
#8585 = VECTOR ( 'NONE', #8564, 1000.000000000000000 ) ;
#8586 = CARTESIAN_POINT ( 'NONE',  ( 5.238529448733281520E-29, 90.00000000000000000, 10.55265396141688328 ) ) ;
#8587 = CARTESIAN_POINT ( 'NONE',  ( -57.49010460943052436, 90.00000000000000000, 6.454367828634336668 ) ) ;
#8588 = PLANE ( 'NONE',  #5408 ) ;
#8589 = ORIENTED_EDGE ( 'NONE', *, *, #682, .T. ) ;
#8590 = CARTESIAN_POINT ( 'NONE',  ( -36.41000099991106964, 82.25495999994770102, 14.70000000000002061 ) ) ;
#8591 = VECTOR ( 'NONE', #5220, 1000.000000000000000 ) ;
#8592 = CARTESIAN_POINT ( 'NONE',  ( 57.94853676978340218, 88.87190181982022352, 3.671325343100641625 ) ) ;
#8593 = ORIENTED_EDGE ( 'NONE', *, *, #321, .T. ) ;
#8594 = CARTESIAN_POINT ( 'NONE',  ( -42.97819497969784663, 85.99999999999997158, 8.039138813034028885 ) ) ;
#8595 = EDGE_CURVE ( 'NONE', #8262, #5356, #5064, .T. ) ;
#8596 = B_SPLINE_CURVE_WITH_KNOTS ( 'NONE', 3,
 ( #5538, #8280, #2833, #2115, #1439 ),
 .UNSPECIFIED., .F., .F.,
 ( 4, 1, 4 ),
 ( 0.009328427124746158094, 0.01088985370898064471, 0.02699999999999999623 ),
 .UNSPECIFIED. ) ;
#8597 = DIRECTION ( 'NONE',  ( 0.000000000000000000, 0.000000000000000000, -1.000000000000000000 ) ) ;
#8598 = DIRECTION ( 'NONE',  ( 0.000000000000000000, -0.000000000000000000, 1.000000000000000000 ) ) ;
#8599 = CARTESIAN_POINT ( 'NONE',  ( 91.67630499562217494, 77.34673342590053835, 16.49952666181980376 ) ) ;
#8600 = CARTESIAN_POINT ( 'NONE',  ( 45.02173443522222840, 89.99999999999997158, 9.679838572640724337 ) ) ;
#8601 = VERTEX_POINT ( 'NONE', #2696 ) ;
#8602 = ORIENTED_EDGE ( 'NONE', *, *, #7300, .F. ) ;
#8603 = ORIENTED_EDGE ( 'NONE', *, *, #8378, .F. ) ;
#8604 = EDGE_LOOP ( 'NONE', ( #4384, #4292, #2885, #6544, #3505, #2607 ) ) ;
#8605 = CARTESIAN_POINT ( 'NONE',  ( 83.04079275806579119, 86.46316250287081573, 16.47280956276213715 ) ) ;
#8606 = CARTESIAN_POINT ( 'NONE',  ( 60.95150547821035047, 89.50000000000000000, 4.348073569431018193 ) ) ;
#8607 = CARTESIAN_POINT ( 'NONE',  ( -92.83389431418132176, 75.98101890060043218, 11.53308020482186436 ) ) ;
#8608 = DIRECTION ( 'NONE',  ( -0.000000000000000000, -0.000000000000000000, 1.000000000000000000 ) ) ;
#8609 = CARTESIAN_POINT ( 'NONE',  ( -46.32024087298315607, 90.00000000000000000, 10.68550537499379871 ) ) ;
#8610 = CARTESIAN_POINT ( 'NONE',  ( 2.081668171172813161E-16, 89.50000000000000000, 17.00000000000002842 ) ) ;
#8611 = CARTESIAN_POINT ( 'NONE',  ( 93.21185735207352252, 79.80205230826649654, 12.18298650181867337 ) ) ;
#8612 = EDGE_LOOP ( 'NONE', ( #2393, #5311, #1767, #3917 ) ) ;
#8613 = CARTESIAN_POINT ( 'NONE',  ( 63.12060625366655842, 90.00148343693325614, 4.836901541032665897 ) ) ;
#8614 = VERTEX_POINT ( 'NONE', #8813 ) ;
#8615 = CARTESIAN_POINT ( 'NONE',  ( 93.18923992034289938, 76.04612326514167364, 12.44553220052539899 ) ) ;
#8616 = CARTESIAN_POINT ( 'NONE',  ( -93.08855014692927909, 80.11043214163021275, 11.59046937529615029 ) ) ;
#8617 = EDGE_CURVE ( 'NONE', #2050, #8743, #4630, .T. ) ;
#8618 = VERTEX_POINT ( 'NONE', #4862 ) ;
#8619 = EDGE_CURVE ( 'NONE', #7675, #5469, #101, .T. ) ;
#8620 = CARTESIAN_POINT ( 'NONE',  ( -26.99999999999999645, 86.19999999999997442, 8.400000000000000355 ) ) ;
#8621 = LINE ( 'NONE', #5201, #490 ) ;
#8622 = CARTESIAN_POINT ( 'NONE',  ( 34.18414392071628072, 89.99999999999995737, 10.16903284527950113 ) ) ;
#8623 = CYLINDRICAL_SURFACE ( 'NONE', #8233, 0.5000000000000000000 ) ;
#8624 = CARTESIAN_POINT ( 'NONE',  ( 69.75504353565573012, 85.83390002241495154, 17.00000000000000000 ) ) ;
#8625 = FACE_BOUND ( 'NONE', #3133, .T. ) ;
#8626 = EDGE_CURVE ( 'NONE', #5668, #1004, #5533, .T. ) ;
#8627 = CARTESIAN_POINT ( 'NONE',  ( 29.63649281845480132, 78.00000000000000000, 12.50000000000000000 ) ) ;
#8628 = B_SPLINE_SURFACE_WITH_KNOTS ( 'NONE', 3, 1, ( 
 ( #3550, #4690 ),
 ( #3334, #5451 ),
 ( #4050, #7434 ),
 ( #511, #2656 ),
 ( #6798, #8152 ),
 ( #1982, #638 ),
 ( #6128, #8194 ),
 ( #2025, #4775 ),
 ( #7515, #6298 ),
 ( #308, #987 ),
 ( #5124, #7733 ),
 ( #4270, #7778 ),
 ( #2329, #7097 ),
 ( #8496, #3688 ),
 ( #8455, #1516 ),
 ( #1707, #8538 ),
 ( #6430, #1568 ),
 ( #4408, #7145 ),
 ( #5077, #2241 ),
 ( #6511, #4319 ) ),
 .UNSPECIFIED., .F., .F., .F.,
 ( 4, 2, 2, 2, 2, 2, 2, 2, 2, 4 ),
 ( 2, 2 ),
 ( 0.000000000000000000, 0.2499999999999997780, 0.4999999999999995559, 0.6249999999999993339, 0.7499999999999992228, 0.8124999999999991118, 0.8749999999999990008, 0.9062499999999992228, 0.9374999999999995559, 1.000000000000000000 ),
 ( 0.000000000000000000, 1.000000000000000000 ),
 .UNSPECIFIED. ) ;
#8629 = CARTESIAN_POINT ( 'NONE',  ( -39.77875889702669099, 89.99999999999998579, 10.73354942106832510 ) ) ;
#8630 = CARTESIAN_POINT ( 'NONE',  ( -57.93545098211601641, 89.34485357832083707, 3.843481651880320538 ) ) ;
#8631 = LINE ( 'NONE', #2376, #8137 ) ;
#8632 = VERTEX_POINT ( 'NONE', #4815 ) ;
#8633 = PERSON_AND_ORGANIZATION ( #18446744073709551615, #18446744073709551615 ) ;
#8634 = CARTESIAN_POINT ( 'NONE',  ( -70.38586476082646470, 85.48454742635811954, 6.237587571034262979 ) ) ;
#8635 = ORIENTED_EDGE ( 'NONE', *, *, #1669, .T. ) ;
#8636 = CARTESIAN_POINT ( 'NONE',  ( -47.07368401517154410, 85.99999999999997158, 7.639585425973038468 ) ) ;
#8637 = AXIS2_PLACEMENT_3D ( 'NONE', #6733, #4663, #5335 ) ;
#8638 = CARTESIAN_POINT ( 'NONE',  ( -53.99999999999998579, 83.00000000000000000, 15.00000000000000178 ) ) ;
#8639 = DIRECTION ( 'NONE',  ( 1.000000000000000000, 0.000000000000000000, 4.163336342345625335E-16 ) ) ;
#8640 = LINE ( 'NONE', #7370, #7581 ) ;
#8641 = CARTESIAN_POINT ( 'NONE',  ( 47.21228826727207917, 89.99999999999998579, 9.795915118736980176 ) ) ;
#8642 = ORIENTED_EDGE ( 'NONE', *, *, #7444, .F. ) ;
#8643 = VERTEX_POINT ( 'NONE', #2110 ) ;
#8644 = VERTEX_POINT ( 'NONE', #4768 ) ;
#8645 = CARTESIAN_POINT ( 'NONE',  ( -20.50000000000001776, 85.00000000000000000, 3.694999999999993623 ) ) ;
#8646 = CARTESIAN_POINT ( 'NONE',  ( -82.99587757650800768, 86.43802055449349098, 16.47314359246976778 ) ) ;
#8647 = CARTESIAN_POINT ( 'NONE',  ( 91.67458466466511879, 80.67841089827170720, 11.27181849174568207 ) ) ;
#8648 = CARTESIAN_POINT ( 'NONE',  ( 30.00000000000000000, 87.39999999999999147, 9.500000000000000000 ) ) ;
#8649 = EDGE_CURVE ( 'NONE', #6780, #6619, #3504, .T. ) ;
#8650 = EDGE_CURVE ( 'NONE', #4814, #7512, #4225, .T. ) ;
#8651 = FACE_OUTER_BOUND ( 'NONE', #5082, .T. ) ;
#8652 = CARTESIAN_POINT ( 'NONE',  ( -47.42224315439401749, 89.50000000000002842, 12.93327210557285056 ) ) ;
#8653 = DIRECTION ( 'NONE',  ( -1.000000000000000000, 0.000000000000000000, 0.000000000000000000 ) ) ;
#8654 = AXIS2_PLACEMENT_3D ( 'NONE', #5802, #2379, #6477 ) ;
#8655 = CARTESIAN_POINT ( 'NONE',  ( -46.42691992129123690, 89.34485357832083707, 7.719883199565852117 ) ) ;
#8656 = EDGE_LOOP ( 'NONE', ( #4850, #7664 ) ) ;
#8657 = DIRECTION ( 'NONE',  ( 1.000000000000000000, -0.000000000000000000, -0.000000000000000000 ) ) ;
#8658 = EDGE_CURVE ( 'NONE', #5568, #1663, #4918, .T. ) ;
#8659 = ORIENTED_EDGE ( 'NONE', *, *, #4563, .T. ) ;
#8660 = CARTESIAN_POINT ( 'NONE',  ( 91.67059592432239867, 80.96393029359462901, 16.47728316390862346 ) ) ;
#8661 = CARTESIAN_POINT ( 'NONE',  ( -82.10499442514003476, 85.94185021529673918, 9.115218190472639037 ) ) ;
#8662 = DIRECTION ( 'NONE',  ( 1.000000000000000000, 0.000000000000000000, 0.000000000000000000 ) ) ;
#8663 = FACE_OUTER_BOUND ( 'NONE', #3024, .T. ) ;
#8664 = CARTESIAN_POINT ( 'NONE',  ( 54.20954635365887953, 90.00000000000002842, 7.953375636401523785 ) ) ;
#8665 = CYLINDRICAL_SURFACE ( 'NONE', #2919, 0.7999999999999951594 ) ;
#8666 = LINE ( 'NONE', #6018, #3836 ) ;
#8667 = CARTESIAN_POINT ( 'NONE',  ( -46.06999999992408590, 86.59999999999999432, 13.97000000000000064 ) ) ;
#8668 = CARTESIAN_POINT ( 'NONE',  ( 7.331352469500174607, 78.80006240345578306, 14.20000000000000107 ) ) ;
#8669 = AXIS2_PLACEMENT_3D ( 'NONE', #4852, #7462, #6912 ) ;
#8670 = B_SPLINE_CURVE_WITH_KNOTS ( 'NONE', 3,
 ( #2294, #3014, #5760, #8502, #5084, #7828, #4415, #7153 ),
 .UNSPECIFIED., .F., .F.,
 ( 4, 2, 2, 4 ),
 ( 0.000000000000000000, 0.0001798602159513167814, 0.0003597204319026335627, 0.0007194408638052773169 ),
 .UNSPECIFIED. ) ;
#8671 = ADVANCED_FACE ( 'NONE', ( #1476 ), #4904, .F. ) ;
#8672 = CARTESIAN_POINT ( 'NONE',  ( -38.72546792763712631, 90.00000000000005684, 11.46170974069608306 ) ) ;
#8673 = CARTESIAN_POINT ( 'NONE',  ( -57.85699176695661095, 89.34485357832099339, 3.920303844200611287 ) ) ;
#8674 = CARTESIAN_POINT ( 'NONE',  ( -46.06999999992408590, 86.59999999999999432, 12.57000000000000028 ) ) ;
#8675 = VERTEX_POINT ( 'NONE', #6966 ) ;
#8676 = FACE_OUTER_BOUND ( 'NONE', #361, .T. ) ;
#8677 = VERTEX_POINT ( 'NONE', #1393 ) ;
#8678 = CARTESIAN_POINT ( 'NONE',  ( -47.48432232774528217, 85.99999999999995737, 7.585563153700985772 ) ) ;
#8679 = EDGE_CURVE ( 'NONE', #197, #1089, #3859, .T. ) ;
#8680 = AXIS2_PLACEMENT_3D ( 'NONE', #7075, #5735, #8477 ) ;
#8681 = DIRECTION ( 'NONE',  ( 0.000000000000000000, -0.000000000000000000, -1.000000000000000000 ) ) ;
#8682 = CARTESIAN_POINT ( 'NONE',  ( 20.50000000000001776, 85.00000000000000000, 3.694999999999993623 ) ) ;
#8683 = AXIS2_PLACEMENT_3D ( 'NONE', #6842, #685, #726 ) ;
#8684 = CIRCLE ( 'NONE', #4387, 1.000000000000000888 ) ;
#8685 = CARTESIAN_POINT ( 'NONE',  ( 30.77926674761170389, 87.19091408818317745, 8.395447548968610008 ) ) ;
#8686 = CARTESIAN_POINT ( 'NONE',  ( 57.79218999497879850, 89.87938512943264868, 5.887811818559335109 ) ) ;
#8687 = AXIS2_PLACEMENT_3D ( 'NONE', #6237, #662, #70 ) ;
#8688 = ORIENTED_EDGE ( 'NONE', *, *, #8516, .F. ) ;
#8689 = DIRECTION ( 'NONE',  ( -1.000000000000000000, 0.000000000000000000, 0.000000000000000000 ) ) ;
#8690 = ORIENTED_EDGE ( 'NONE', *, *, #4999, .T. ) ;
#8691 = ORIENTED_EDGE ( 'NONE', *, *, #3639, .F. ) ;
#8692 = CARTESIAN_POINT ( 'NONE',  ( 27.77126218583481787, 76.00000000000000000, 15.00000000000000178 ) ) ;
#8693 = CARTESIAN_POINT ( 'NONE',  ( -34.71254102175322487, 86.00000000000000000, 13.10000000000000142 ) ) ;
#8694 = EDGE_CURVE ( 'NONE', #2154, #1733, #8860, .T. ) ;
#8695 = CARTESIAN_POINT ( 'NONE',  ( 92.17196736257608336, 80.94351393957110474, 15.85574412128014821 ) ) ;
#8696 = CARTESIAN_POINT ( 'NONE',  ( -92.72397121200468462, 79.76922673094557581, 12.02084747679474219 ) ) ;
#8697 = EDGE_CURVE ( 'NONE', #6315, #4179, #2328, .T. ) ;
#8698 = CARTESIAN_POINT ( 'NONE',  ( -90.31400299807005183, 78.35798982636892163, 16.99999999999999289 ) ) ;
#8699 = CARTESIAN_POINT ( 'NONE',  ( -47.36965028573607128, 89.99999999999998579, 11.18368055538921269 ) ) ;
#8700 = CARTESIAN_POINT ( 'NONE',  ( 60.50000001902569124, 90.00000000000000000, 16.50000000000000355 ) ) ;
#8701 = CARTESIAN_POINT ( 'NONE',  ( -43.11868323835358296, 89.34485357832080865, 8.029644378699419605 ) ) ;
#8702 = ORIENTED_EDGE ( 'NONE', *, *, #5337, .F. ) ;
#8703 = CARTESIAN_POINT ( 'NONE',  ( 64.21309548884168805, 89.98731361567367060, 5.083104623369884223 ) ) ;
#8704 = VERTEX_POINT ( 'NONE', #6792 ) ;
#8705 = DIRECTION ( 'NONE',  ( 0.000000000000000000, 0.000000000000000000, 1.000000000000000000 ) ) ;
#8706 = DIRECTION ( 'NONE',  ( 0.000000000000000000, 0.000000000000000000, -1.000000000000000000 ) ) ;
#8707 = DIRECTION ( 'NONE',  ( 1.000000000000000000, 0.000000000000000000, 0.000000000000000000 ) ) ;
#8708 = CARTESIAN_POINT ( 'NONE',  ( -26.99999999999998934, 89.34485357832085128, 8.400000000000000355 ) ) ;
#8709 = CARTESIAN_POINT ( 'NONE',  ( 54.74254904896274354, 90.00000000000001421, 7.765541337812088329 ) ) ;
#8710 = CARTESIAN_POINT ( 'NONE',  ( 67.49733080839671118, 86.29890415676739224, 17.00000000000000000 ) ) ;
#8711 = DIRECTION ( 'NONE',  ( 1.000000000000000000, 0.000000000000000000, 0.000000000000000000 ) ) ;
#8712 = CARTESIAN_POINT ( 'NONE',  ( -46.06999999992408590, 89.50000000000002842, 13.97000000000000064 ) ) ;
#8713 = CARTESIAN_POINT ( 'NONE',  ( 0.000000000000000000, 86.00000000000000000, 17.00000000000000000 ) ) ;
#8714 = CIRCLE ( 'NONE', #4983, 0.5000000000000004441 ) ;
#8715 = CIRCLE ( 'NONE', #3698, 1.000000000000000888 ) ;
#8716 = CARTESIAN_POINT ( 'NONE',  ( -39.42903081153198031, 89.99999999999994316, 10.86512494643052484 ) ) ;
#8717 = CARTESIAN_POINT ( 'NONE',  ( -58.07577625714868930, 87.50000000000000000, 3.699999999999994849 ) ) ;
#8718 = ORIENTED_EDGE ( 'NONE', *, *, #4007, .F. ) ;
#8719 = VECTOR ( 'NONE', #9, 1000.000000000000000 ) ;
#8720 = CARTESIAN_POINT ( 'NONE',  ( 8.804986980587120371, 74.00000000000000000, 14.20000000000000107 ) ) ;
#8721 = EDGE_LOOP ( 'NONE', ( #408, #8635, #5997, #2292 ) ) ;
#8722 = EDGE_CURVE ( 'NONE', #5313, #8275, #1345, .T. ) ;
#8723 = CARTESIAN_POINT ( 'NONE',  ( -59.75915546395811617, 90.00000000000244427, 4.540910041585824786 ) ) ;
#8724 = VECTOR ( 'NONE', #5218, 1000.000000000000000 ) ;
#8725 = DIRECTION ( 'NONE',  ( -0.000000000000000000, 0.000000000000000000, -1.000000000000000000 ) ) ;
#8726 = EDGE_CURVE ( 'NONE', #6487, #8770, #1301, .T. ) ;
#8727 = DIRECTION ( 'NONE',  ( 0.000000000000000000, 0.000000000000000000, 1.000000000000000000 ) ) ;
#8728 = DIRECTION ( 'NONE',  ( -0.000000000000000000, -0.000000000000000000, 1.000000000000000000 ) ) ;
#8729 = CIRCLE ( 'NONE', #4855, 1.424999999999948752 ) ;
#8730 = CARTESIAN_POINT ( 'NONE',  ( 53.47972011163707862, 90.00000000000500222, 8.195098263305814257 ) ) ;
#8731 = ORIENTED_EDGE ( 'NONE', *, *, #6318, .T. ) ;
#8732 = CARTESIAN_POINT ( 'NONE',  ( -93.14814233031137292, 80.08633719549521857, 12.77423015399338091 ) ) ;
#8733 = ORIENTED_EDGE ( 'NONE', *, *, #2866, .F. ) ;
#8734 = EDGE_CURVE ( 'NONE', #8643, #7428, #2020, .T. ) ;
#8735 = EDGE_LOOP ( 'NONE', ( #5426, #6622, #2519, #7793 ) ) ;
#8736 = CARTESIAN_POINT ( 'NONE',  ( -16.01768689137253077, 69.75150446665328730, 36.88536684330890125 ) ) ;
#8737 = CARTESIAN_POINT ( 'NONE',  ( 73.53110293441808665, 88.81434170874177880, 17.00000000000001421 ) ) ;
#8738 = CARTESIAN_POINT ( 'NONE',  ( 92.83773481325835064, 80.34677304506192286, 13.42591660271992637 ) ) ;
#8739 = CARTESIAN_POINT ( 'NONE',  ( -20.15021956348438081, 76.23218752725426839, 14.20000000000000107 ) ) ;
#8740 = CARTESIAN_POINT ( 'NONE',  ( -46.06999999992410011, 89.99999999999997158, 14.46999999999996867 ) ) ;
#8741 = CARTESIAN_POINT ( 'NONE',  ( -47.04382308883442931, 89.50000000000004263, 13.57607640285717032 ) ) ;
#8742 = CARTESIAN_POINT ( 'NONE',  ( 59.12500001860279752, 89.99999999999997158, 16.49999999999761968 ) ) ;
#8743 = VERTEX_POINT ( 'NONE', #5759 ) ;
#8744 = CARTESIAN_POINT ( 'NONE',  ( -26.99999941122701941, 90.00000000000000000, 10.31994339448373488 ) ) ;
#8745 = VERTEX_POINT ( 'NONE', #8501 ) ;
#8746 = CARTESIAN_POINT ( 'NONE',  ( -92.42976168760841915, 76.72418673184674276, 15.36537309278562802 ) ) ;
#8747 = CARTESIAN_POINT ( 'NONE',  ( -80.05512781394618571, 86.73049189926871350, 8.653260798293892719 ) ) ;
#8748 = EDGE_CURVE ( 'NONE', #3929, #4124, #7716, .T. ) ;
#8749 = DIRECTION ( 'NONE',  ( -0.4226182617406971653, -0.9063077870366511579, 0.000000000000000000 ) ) ;
#8750 = CARTESIAN_POINT ( 'NONE',  ( -53.99999999999998579, 83.00000000000000000, 12.50000000000000000 ) ) ;
#8751 = CARTESIAN_POINT ( 'NONE',  ( 44.75767067821470846, 89.99999999999998579, 9.701968190801537162 ) ) ;
#8752 = CARTESIAN_POINT ( 'NONE',  ( 25.95864661176151600, 74.84523652348138967, 36.88536684330890125 ) ) ;
#8753 = VERTEX_POINT ( 'NONE', #230 ) ;
#8754 = CARTESIAN_POINT ( 'NONE',  ( -26.99999999999998934, 89.34485357832085128, 8.400000000000000355 ) ) ;
#8755 = CARTESIAN_POINT ( 'NONE',  ( -4.739010447466979414, 86.00000000000000000, -15.00000000000000178 ) ) ;
#8756 = CARTESIAN_POINT ( 'NONE',  ( 29.23576146312289481, 73.74790443272765117, 14.20000000000000107 ) ) ;
#8757 = CARTESIAN_POINT ( 'NONE',  ( -63.83832485521907785, 89.49740308802572031, 4.998646413445163361 ) ) ;
#8758 = B_SPLINE_CURVE_WITH_KNOTS ( 'NONE', 3,
 ( #3223, #6602, #5976, #4621, #6686, #5470, #704, #3585, #7493, #1326, #3486, #6998 ),
 .UNSPECIFIED., .F., .F.,
 ( 4, 2, 2, 2, 2, 4 ),
 ( 0.000000000000000000, 0.006442841828472477619, 0.01288568365694495524, 0.01610710457118119318, 0.01932852548541743459, 0.02577136731388995211 ),
 .UNSPECIFIED. ) ;
#8759 = CARTESIAN_POINT ( 'NONE',  ( 59.64293222963670615, 89.96035551557974941, 4.505158812890095454 ) ) ;
#8760 = ORIENTED_EDGE ( 'NONE', *, *, #1658, .T. ) ;
#8761 = DIRECTION ( 'NONE',  ( 1.000000000000000000, 0.000000000000000000, 0.000000000000000000 ) ) ;
#8762 = CARTESIAN_POINT ( 'NONE',  ( 24.06011343035047645, 72.74790443272765117, 12.50000000000000000 ) ) ;
#8763 = VERTEX_POINT ( 'NONE', #7827 ) ;
#8764 = CARTESIAN_POINT ( 'NONE',  ( -59.64131831281219576, 89.87938524157316067, 4.183630787437991216 ) ) ;
#8765 = EDGE_CURVE ( 'NONE', #1168, #6844, #138, .T. ) ;
#8766 = CARTESIAN_POINT ( 'NONE',  ( -39.39979608113539911, 89.50000000000005684, 11.47305932214223212 ) ) ;
#8767 = CYLINDRICAL_SURFACE ( 'NONE', #1792, 3.000000000000002665 ) ;
#8768 = CARTESIAN_POINT ( 'NONE',  ( 73.32181238592393413, 83.73006632573566321, 11.22215175600951831 ) ) ;
#8769 = CARTESIAN_POINT ( 'NONE',  ( 54.15745824523057905, 89.99999999998998135, 7.983168276696853027 ) ) ;
#8770 = VERTEX_POINT ( 'NONE', #8545 ) ;
#8771 = FACE_OUTER_BOUND ( 'NONE', #18, .T. ) ;
#8772 = EDGE_LOOP ( 'NONE', ( #2490, #3306, #222, #1676, #1392, #4477, #3560, #304, #2200, #7212, #2871, #6884 ) ) ;
#8773 = ORIENTED_EDGE ( 'NONE', *, *, #7910, .T. ) ;
#8774 = CARTESIAN_POINT ( 'NONE',  ( 49.53762012757977118, 86.00000000000000000, 7.276581031581959458 ) ) ;
#8775 = CARTESIAN_POINT ( 'NONE',  ( -57.82183502586936186, 89.33664524864330758, 3.953511738376879414 ) ) ;
#8776 = EDGE_CURVE ( 'NONE', #724, #1102, #313, .T. ) ;
#8777 = CARTESIAN_POINT ( 'NONE',  ( -40.26999999992408874, 89.50000000000005684, 13.96999999999999886 ) ) ;
#8778 = CARTESIAN_POINT ( 'NONE',  ( 26.99999999999999645, 85.99999999999997158, 8.400000000000000355 ) ) ;
#8779 = CARTESIAN_POINT ( 'NONE',  ( 0.000000000000000000, 82.50000000000000000, 15.00000000000000178 ) ) ;
#8780 = CARTESIAN_POINT ( 'NONE',  ( -46.80921532282374642, 89.50000000000004263, 13.75981111464031947 ) ) ;
#8781 = CARTESIAN_POINT ( 'NONE',  ( 90.61392201274486524, 82.14650685092840376, 17.00000000000007105 ) ) ;
#8782 = ORIENTED_EDGE ( 'NONE', *, *, #1832, .F. ) ;
#8783 = CARTESIAN_POINT ( 'NONE',  ( 71.70662899494756459, 88.89819398647009052, 6.771845333516004928 ) ) ;
#8784 = CARTESIAN_POINT ( 'NONE',  ( -92.98243053600403130, 76.23819798465041231, 13.67554165489653073 ) ) ;
#8785 = EDGE_CURVE ( 'NONE', #7956, #700, #7783, .T. ) ;
#8786 = CARTESIAN_POINT ( 'NONE',  ( -81.03889438834863768, 87.31092378570538415, 16.99999999997738342 ) ) ;
#8787 = VECTOR ( 'NONE', #5445, 1000.000000000000000 ) ;
#8788 = CARTESIAN_POINT ( 'NONE',  ( -48.17839985231064759, 82.50000000000000000, 13.50000000000000000 ) ) ;
#8789 = ADVANCED_FACE ( 'NONE', ( #2965 ), #7151, .F. ) ;
#8790 = DIRECTION ( 'NONE',  ( 0.000000000000000000, 0.000000000000000000, -1.000000000000000000 ) ) ;
#8791 = VERTEX_POINT ( 'NONE', #993 ) ;
#8792 = CARTESIAN_POINT ( 'NONE',  ( 53.40045814836236815, 89.99999999999997158, 8.209192072666947837 ) ) ;
#8793 = DIRECTION ( 'NONE',  ( -0.000000000000000000, -0.000000000000000000, -1.000000000000000000 ) ) ;
#8794 = DIRECTION ( 'NONE',  ( 0.000000000000000000, 0.000000000000000000, 1.000000000000000000 ) ) ;
#8795 = CARTESIAN_POINT ( 'NONE',  ( 76.71094407378666347, 88.23354544069140104, 8.360520027651045183 ) ) ;
#8796 = EDGE_CURVE ( 'NONE', #6156, #1733, #2470, .T. ) ;
#8797 = DIRECTION ( 'NONE',  ( -1.000000000000000000, 0.000000000000000000, 4.163336342345625335E-16 ) ) ;
#8798 = CARTESIAN_POINT ( 'NONE',  ( -17.62771867673099635, 82.50000000000000000, 17.00000000000000000 ) ) ;
#8799 = DIRECTION ( 'NONE',  ( -0.000000000000000000, -0.000000000000000000, 1.000000000000000000 ) ) ;
#8800 = ORIENTED_EDGE ( 'NONE', *, *, #6081, .T. ) ;
#8801 = LINE ( 'NONE', #3232, #2219 ) ;
#8802 = CARTESIAN_POINT ( 'NONE',  ( -91.43584167891995662, 77.53571726647464857, 16.68226921306822774 ) ) ;
#8803 = ORIENTED_EDGE ( 'NONE', *, *, #4055, .F. ) ;
#8804 = CARTESIAN_POINT ( 'NONE',  ( -21.56717675574722293, 69.87248310377550808, 14.20000000000000107 ) ) ;
#8805 = AXIS2_PLACEMENT_3D ( 'NONE', #6293, #8356, #7774 ) ;
#8806 = CARTESIAN_POINT ( 'NONE',  ( -38.86998493430165524, 89.50000000000001421, 12.59187717321712263 ) ) ;
#8807 = DIRECTION ( 'NONE',  ( 0.000000000000000000, 0.000000000000000000, -1.000000000000000000 ) ) ;
#8808 = CARTESIAN_POINT ( 'NONE',  ( -91.68029325452042144, 77.74280111332332410, 17.00000000000000000 ) ) ;
#8809 = EDGE_CURVE ( 'NONE', #3044, #2295, #1757, .T. ) ;
#8810 = CARTESIAN_POINT ( 'NONE',  ( 57.98043251795431274, 90.00000000000002842, 6.161617169733117905 ) ) ;
#8811 = ORIENTED_EDGE ( 'NONE', *, *, #4361, .T. ) ;
#8812 = AXIS2_PLACEMENT_3D ( 'NONE', #1095, #2440, #1047 ) ;
#8813 = CARTESIAN_POINT ( 'NONE',  ( 0.000000000000000000, 89.50000000000000000, 17.00000000000001421 ) ) ;
#8814 = ORIENTED_EDGE ( 'NONE', *, *, #1155, .T. ) ;
#8815 = ORIENTED_EDGE ( 'NONE', *, *, #6701, .F. ) ;
#8816 = CARTESIAN_POINT ( 'NONE',  ( 63.25141394708441567, 89.99999999999998579, 16.50000000000000000 ) ) ;
#8817 = DIRECTION ( 'NONE',  ( -0.9063077870366511579, 0.4226182617406971653, 0.000000000000000000 ) ) ;
#8818 = CARTESIAN_POINT ( 'NONE',  ( -39.56493342740482433, 89.50000000000002842, 13.79330094369596083 ) ) ;
#8819 = CARTESIAN_POINT ( 'NONE',  ( -84.06671369676456607, 86.31421503386511063, 16.99999999999997868 ) ) ;
#8820 = AXIS2_PLACEMENT_3D ( 'NONE', #1593, #3073, #4515 ) ;
#8821 = CYLINDRICAL_SURFACE ( 'NONE', #1644, 1.000000000000000888 ) ;
#8822 = AXIS2_PLACEMENT_3D ( 'NONE', #994, #2426, #3736 ) ;
#8823 = CARTESIAN_POINT ( 'NONE',  ( -47.89685046687991843, 89.99999999999994316, 13.09305589886242593 ) ) ;
#8824 = CARTESIAN_POINT ( 'NONE',  ( 91.43128296521820175, 81.10510527916395063, 16.68490848288735862 ) ) ;
#8825 = ORIENTED_EDGE ( 'NONE', *, *, #5244, .T. ) ;
#8826 = LINE ( 'NONE', #6181, #2280 ) ;
#8827 = AXIS2_PLACEMENT_3D ( 'NONE', #2192, #3006, #4447 ) ;
#8828 = CARTESIAN_POINT ( 'NONE',  ( -0.8999999999999968026, 83.09999999999999432, 17.00000000000000000 ) ) ;
#8829 = CARTESIAN_POINT ( 'NONE',  ( 58.13740948926525220, 89.87938524598797585, 5.615859921766571006 ) ) ;
#8830 = CARTESIAN_POINT ( 'NONE',  ( -37.58650073291369154, 89.99999999999998579, 10.10211745793827554 ) ) ;
#8831 = AXIS2_PLACEMENT_3D ( 'NONE', #976, #7624, #6329 ) ;
#8832 = EDGE_CURVE ( 'NONE', #2344, #8884, #859, .T. ) ;
#8833 = CARTESIAN_POINT ( 'NONE',  ( 70.84119410412979789, 85.59629930765267147, 12.29970873050082325 ) ) ;
#8834 = CARTESIAN_POINT ( 'NONE',  ( -23.37228132326903562, 83.00000000000000000, 3.694999999999993623 ) ) ;
#8835 = ORIENTED_EDGE ( 'NONE', *, *, #1734, .T. ) ;
#8836 = EDGE_CURVE ( 'NONE', #3229, #5995, #6637, .T. ) ;
#8837 = CARTESIAN_POINT ( 'NONE',  ( 58.22065909502086356, 89.34485357832083707, 3.547283211745559051 ) ) ;
#8838 = LINE ( 'NONE', #8752, #538 ) ;
#8839 = ORIENTED_EDGE ( 'NONE', *, *, #8180, .T. ) ;
#8840 = FACE_OUTER_BOUND ( 'NONE', #8047, .T. ) ;
#8841 = CARTESIAN_POINT ( 'NONE',  ( -37.31000099991106822, 82.25495999994770102, 17.00000000000000000 ) ) ;
#8842 = CARTESIAN_POINT ( 'NONE',  ( 59.99999999999999289, 87.50000000000000000, 4.133642548916050430 ) ) ;
#8843 = CIRCLE ( 'NONE', #4996, 1.000000000000000888 ) ;
#8844 = EDGE_CURVE ( 'NONE', #818, #8406, #1036, .T. ) ;
#8845 = CARTESIAN_POINT ( 'NONE',  ( -17.67157287525383680, 86.00000000000000000, 8.399999999999996803 ) ) ;
#8846 = ORIENTED_EDGE ( 'NONE', *, *, #6997, .T. ) ;
#8847 = CARTESIAN_POINT ( 'NONE',  ( -23.31192640368340108, 78.00000000000000000, 12.50000000000000000 ) ) ;
#8848 = DIRECTION ( 'NONE',  ( 0.000000000000000000, -0.000000000000000000, 1.000000000000000000 ) ) ;
#8849 = ORIENTED_EDGE ( 'NONE', *, *, #5817, .F. ) ;
#8850 = CARTESIAN_POINT ( 'NONE',  ( -10.72644713164820018, 74.00000000000000000, 36.88536684330890125 ) ) ;
#8851 = VECTOR ( 'NONE', #4356, 1000.000000000000000 ) ;
#8852 = CARTESIAN_POINT ( 'NONE',  ( -38.88853536876821693, 89.50000000000004263, 12.34179033752858601 ) ) ;
#8853 = EDGE_CURVE ( 'NONE', #6047, #2767, #747, .T. ) ;
#8854 = CARTESIAN_POINT ( 'NONE',  ( -60.39588893534050129, 89.99999999999998579, 3.869747796612366564 ) ) ;
#8855 = CARTESIAN_POINT ( 'NONE',  ( -84.06671369676456607, 82.31421503386509642, 16.99999999999997868 ) ) ;
#8856 = AXIS2_PLACEMENT_3D ( 'NONE', #7859, #6465, #4442 ) ;
#8857 = CARTESIAN_POINT ( 'NONE',  ( 56.46097476164624851, 90.00000000000000000, 7.032390250980564694 ) ) ;
#8858 = EDGE_LOOP ( 'NONE', ( #7463, #2551, #2606, #4504 ) ) ;
#8859 = VECTOR ( 'NONE', #7455, 1000.000000000000000 ) ;
#8860 = LINE ( 'NONE', #3556, #1182 ) ;
#8861 = CARTESIAN_POINT ( 'NONE',  ( 93.15724964809649578, 76.07651462785368324, 12.68576975618952929 ) ) ;
#8862 = EDGE_CURVE ( 'NONE', #6844, #8704, #7938, .T. ) ;
#8863 = ORIENTED_EDGE ( 'NONE', *, *, #4109, .T. ) ;
#8864 = EDGE_CURVE ( 'NONE', #8084, #8614, #5468, .T. ) ;
#8865 = CARTESIAN_POINT ( 'NONE',  ( 92.61569883974841844, 80.54437345757298772, 14.27162689046723365 ) ) ;
#8866 = DIRECTION ( 'NONE',  ( 1.000000000000000000, 0.000000000000000000, -0.000000000000000000 ) ) ;
#8867 = CIRCLE ( 'NONE', #6427, 2.199999999999998845 ) ;
#8868 = CARTESIAN_POINT ( 'NONE',  ( 93.14814233032387847, 80.08633719549263219, 12.77423015398536243 ) ) ;
#8869 = AXIS2_PLACEMENT_3D ( 'NONE', #3412, #6785, #4039 ) ;
#8870 = PLANE ( 'NONE',  #3922 ) ;
#8871 = CARTESIAN_POINT ( 'NONE',  ( 26.99999999999999645, 88.19999999999998863, 8.400000000000000355 ) ) ;
#8872 = CARTESIAN_POINT ( 'NONE',  ( -46.65073293875240523, 89.99999999999998579, 14.37934504126934065 ) ) ;
#8873 = CARTESIAN_POINT ( 'NONE',  ( 60.50000001902569124, 90.00000000002863487, 16.99999999999999289 ) ) ;
#8874 = VERTEX_POINT ( 'NONE', #2593 ) ;
#8875 = CARTESIAN_POINT ( 'NONE',  ( 2.247776679298902014, 83.00000000000000000, 15.00000000000000178 ) ) ;
#8876 = CARTESIAN_POINT ( 'NONE',  ( -92.01216756857017742, 77.07324058160557456, 16.06806847255013082 ) ) ;
#8877 = CARTESIAN_POINT ( 'NONE',  ( 45.17008882554764426, 89.87938522862728519, 9.341294855355169346 ) ) ;
#8878 = CARTESIAN_POINT ( 'NONE',  ( -58.07877479486306527, 89.34485357832089392, 3.696839345005498600 ) ) ;
#8879 = CARTESIAN_POINT ( 'NONE',  ( 72.42521769210864591, 85.39021826509457469, 13.34605639018752399 ) ) ;
#8880 = DIRECTION ( 'NONE',  ( 4.163336342345625335E-16, 0.000000000000000000, -1.000000000000000000 ) ) ;
#8881 = AXIS2_PLACEMENT_3D ( 'NONE', #5099, #2215, #4967 ) ;
#8882 = CARTESIAN_POINT ( 'NONE',  ( 57.80367866209441274, 89.34485357832086549, 3.970788797554452465 ) ) ;
#8883 = CARTESIAN_POINT ( 'NONE',  ( 70.63612416109829439, 85.57790606615679962, 10.68238765526807832 ) ) ;
#8884 = VERTEX_POINT ( 'NONE', #7323 ) ;
#8885 = DIRECTION ( 'NONE',  ( -0.000000000000000000, 1.000000000000000000, 0.000000000000000000 ) ) ;
#8886 = CARTESIAN_POINT ( 'NONE',  ( 65.94425217552746687, 89.94476131767929417, 5.973044283574247437 ) ) ;
#8887 = DIRECTION ( 'NONE',  ( -0.000000000000000000, 1.000000000000000000, -0.000000000000000000 ) ) ;
#8888 = ADVANCED_FACE ( 'NONE', ( #5257 ), #1842, .F. ) ;
#8889 = EDGE_CURVE ( 'NONE', #5811, #7454, #359, .T. ) ;
#8890 = ORIENTED_EDGE ( 'NONE', *, *, #3565, .T. ) ;
#8891 = CARTESIAN_POINT ( 'NONE',  ( 59.64709378341176205, 89.40953893117767848, 4.054111698172639500 ) ) ;
#8892 = VERTEX_POINT ( 'NONE', #3277 ) ;
#8893 = APPROVAL_STATUS ( 'not_yet_approved' ) ;
#8894 = EDGE_CURVE ( 'NONE', #8677, #6435, #24, .T. ) ;
#8895 = CARTESIAN_POINT ( 'NONE',  ( -10.98585569632042080, 78.17609970412598841, 12.50000000000000000 ) ) ;
#8896 = CARTESIAN_POINT ( 'NONE',  ( 1.749999999999999334, 83.09999999999999432, 17.00000000000002842 ) ) ;
#8897 = ORIENTED_EDGE ( 'NONE', *, *, #6832, .T. ) ;
#8898 = ORIENTED_EDGE ( 'NONE', *, *, #1734, .F. ) ;
#8899 = CYLINDRICAL_SURFACE ( 'NONE', #3237, 1.499999999999994449 ) ;
#8900 = CARTESIAN_POINT ( 'NONE',  ( -38.87890017241712570, 89.50000000000000000, 12.72929278410767928 ) ) ;
#8901 = CARTESIAN_POINT ( 'NONE',  ( -59.62310202247601154, 90.00000000000000000, 4.684320019734204976 ) ) ;
#8902 = DIRECTION ( 'NONE',  ( 0.000000000000000000, 0.000000000000000000, -1.000000000000000000 ) ) ;
#8903 = CARTESIAN_POINT ( 'NONE',  ( 77.84325246896887052, 88.30454655474225945, 16.47564502079909232 ) ) ;
#8904 = ORIENTED_EDGE ( 'NONE', *, *, #1990, .T. ) ;
#8905 = CARTESIAN_POINT ( 'NONE',  ( -92.71949944860575954, 80.20508722137586233, 14.65014001901487894 ) ) ;
#8906 = ORIENTED_EDGE ( 'NONE', *, *, #7395, .F. ) ;
#8907 = CARTESIAN_POINT ( 'NONE',  ( -55.51934826241058829, 89.34485357832086549, 5.484991092396644952 ) ) ;
ENDSEC;
END-ISO-10303-21;
