ISO-10303-21;
HEADER;
FILE_DESCRIPTION (( 'STEP AP203' ),
    '1' );
FILE_NAME ('R2 Button REF2012.STEP',
    '2026-04-04T17:36:11',
    ( '' ),
    ( '' ),
    'SwSTEP 2.0',
    'SolidWorks 2026',
    '' );
FILE_SCHEMA (( 'CONFIG_CONTROL_DESIGN' ));
ENDSEC;

DATA;
#1 = CARTESIAN_POINT ( 'NONE',  ( 69.44543427076446562, 4.014424106943151216, 78.24864135742174653 ) ) ;
#2 = CARTESIAN_POINT ( 'NONE',  ( 82.32388425394370302, -8.652007630906780378, 81.80833322681704090 ) ) ;
#3 = CARTESIAN_POINT ( 'NONE',  ( 74.68742760229855548, 4.438039949233076875, 81.55671523083250918 ) ) ;
#4 = ORIENTED_EDGE ( 'NONE', *, *, #2186, .F. ) ;
#5 = CARTESIAN_POINT ( 'NONE',  ( 81.94310596952153958, 7.675935580217023713, 82.19610363370321693 ) ) ;
#6 = CARTESIAN_POINT ( 'NONE',  ( 90.53469637385141766, -10.50239405793466752, 75.52311887008895042 ) ) ;
#7 = DIRECTION ( 'NONE',  ( 0.000000000000000000, 1.000000000000000000, -0.000000000000000000 ) ) ;
#8 = CARTESIAN_POINT ( 'NONE',  ( 90.60744896350232125, -8.408420656172802765, 79.12121380641407598 ) ) ;
#9 = VECTOR ( 'NONE', #2064, 1000.000000000000000 ) ;
#10 = CARTESIAN_POINT ( 'NONE',  ( 65.35049574461177713, -2.765350540368090027, 88.87641775471301742 ) ) ;
#11 = CARTESIAN_POINT ( 'NONE',  ( 62.94588614508603541, -1.199999999999999734, 74.98213743785622398 ) ) ;
#12 = ORIENTED_EDGE ( 'NONE', *, *, #787, .F. ) ;
#13 = CARTESIAN_POINT ( 'NONE',  ( 62.71511110779744058, -1.470058964952612790, 80.99999999999998579 ) ) ;
#14 = CARTESIAN_POINT ( 'NONE',  ( 84.26798468523567465, 4.928461005490560431, 77.54545385960987858 ) ) ;
#15 = ORIENTED_EDGE ( 'NONE', *, *, #1416, .T. ) ;
#16 = CARTESIAN_POINT ( 'NONE',  ( 66.16662329898993278, 3.691545262666206195, 87.74772678322491970 ) ) ;
#17 = CARTESIAN_POINT ( 'NONE',  ( 65.19759645556031558, 1.031743292635400211, 77.88293261972474113 ) ) ;
#18 = CARTESIAN_POINT ( 'NONE',  ( 66.22067063949540966, -3.371507384021699139, 86.90746474236814834 ) ) ;
#19 = LINE ( 'NONE', #2027, #3271 ) ;
#20 = CARTESIAN_POINT ( 'NONE',  ( 83.56279590698667903, 2.738956911593305232, 78.27694783888499330 ) ) ;
#21 = ORIENTED_EDGE ( 'NONE', *, *, #2634, .F. ) ;
#22 = CARTESIAN_POINT ( 'NONE',  ( 93.33454845036953884, -9.476377313751946474, 79.65717934420037238 ) ) ;
#23 = EDGE_CURVE ( 'NONE', #676, #2510, #1011, .T. ) ;
#24 = VERTEX_POINT ( 'NONE', #3030 ) ;
#25 = CARTESIAN_POINT ( 'NONE',  ( 86.62940375019906014, -9.622298354981408508, 71.96590712322911543 ) ) ;
#26 = CARTESIAN_POINT ( 'NONE',  ( 76.65122268171819542, 6.570427861459239516, 84.84974689653317625 ) ) ;
#27 = LINE ( 'NONE', #1999, #38 ) ;
#28 = CARTESIAN_POINT ( 'NONE',  ( 69.97199427522532744, 6.547868013838453294, 86.62913692985215164 ) ) ;
#29 = CARTESIAN_POINT ( 'NONE',  ( 90.61868856945083905, -9.496243490851389524, 76.23001298780971524 ) ) ;
#30 = ORIENTED_EDGE ( 'NONE', *, *, #2580, .F. ) ;
#31 = CARTESIAN_POINT ( 'NONE',  ( 90.53619783257721565, -8.647056409552460465, 78.92639113771279824 ) ) ;
#32 = CARTESIAN_POINT ( 'NONE',  ( 80.26594733169827123, 6.566185964889445614, 79.11011451042099907 ) ) ;
#33 = VERTEX_POINT ( 'NONE', #1609 ) ;
#34 = CARTESIAN_POINT ( 'NONE',  ( 98.45228707334354112, -12.87027948883124928, 24.54691211133984652 ) ) ;
#35 = FACE_OUTER_BOUND ( 'NONE', #3668, .T. ) ;
#36 = DIRECTION ( 'NONE',  ( -0.000000000000000000, -0.000000000000000000, 1.000000000000000000 ) ) ;
#37 = CARTESIAN_POINT ( 'NONE',  ( 60.76542879555849908, -20.32202039797827098, 80.99999999999998579 ) ) ;
#38 = VECTOR ( 'NONE', #254, 1000.000000000000000 ) ;
#39 = CARTESIAN_POINT ( 'NONE',  ( 92.38917760922180378, -5.332850630157410343, 75.28003434394277349 ) ) ;
#40 = CARTESIAN_POINT ( 'NONE',  ( 83.00554337349340983, 5.870326647971605638, 77.98881827772558495 ) ) ;
#41 = ORIENTED_EDGE ( 'NONE', *, *, #1316, .T. ) ;
#42 = CARTESIAN_POINT ( 'NONE',  ( 93.11382624099444172, -10.44535554432527746, 79.94907720921189309 ) ) ;
#43 = B_SPLINE_CURVE_WITH_KNOTS ( 'NONE', 3,
 ( #3232, #1247, #432, #2379 ),
 .UNSPECIFIED., .F., .F.,
 ( 4, 4 ),
 ( 0.000000000000000000, 0.003207926246827523531 ),
 .UNSPECIFIED. ) ;
#44 = CIRCLE ( 'NONE', #3359, 0.5000000000000065503 ) ;
#45 = ORIENTED_EDGE ( 'NONE', *, *, #2066, .F. ) ;
#46 = CARTESIAN_POINT ( 'NONE',  ( 74.37897013372170818, -1.692951197642262429, 85.46286556635575948 ) ) ;
#47 = DIRECTION ( 'NONE',  ( 0.6427876096865435818, 0.7660444431189744607, 0.000000000000000000 ) ) ;
#48 = DIRECTION ( 'NONE',  ( 0.000000000000000000, 0.000000000000000000, 1.000000000000000000 ) ) ;
#49 = CARTESIAN_POINT ( 'NONE',  ( 77.16555686263339453, 4.487989113961773135, 84.69265772564943973 ) ) ;
#50 = CARTESIAN_POINT ( 'NONE',  ( 70.60052053489955881, -6.010033513352006196, 76.78883821762789808 ) ) ;
#51 = CARTESIAN_POINT ( 'NONE',  ( 91.34258113605837082, -9.292868436916393193, 74.69389230029041471 ) ) ;
#52 = CARTESIAN_POINT ( 'NONE',  ( 70.38608149158085325, 4.472602958561227915, 78.32962441814780163 ) ) ;
#53 = B_SPLINE_CURVE_WITH_KNOTS ( 'NONE', 3,
 ( #2159, #2123, #1884, #2380 ),
 .UNSPECIFIED., .F., .F.,
 ( 4, 4 ),
 ( 0.000000000000000000, 0.003004678066285652958 ),
 .UNSPECIFIED. ) ;
#54 = DIRECTION ( 'NONE',  ( -0.2419218955996572384, 0.000000000000000000, 0.9702957262759991375 ) ) ;
#55 = VERTEX_POINT ( 'NONE', #3627 ) ;
#56 = ADVANCED_FACE ( 'NONE', ( #1351 ), #447, .T. ) ;
#57 = CARTESIAN_POINT ( 'NONE',  ( 90.22436825091244827, -8.647610407104721730, 75.45075529848321594 ) ) ;
#58 = CARTESIAN_POINT ( 'NONE',  ( 70.41203549887902113, -5.967556575960617948, 77.89214641920482052 ) ) ;
#59 = CARTESIAN_POINT ( 'NONE',  ( 87.37291886846585953, -8.764777697668158396, 78.37148712298059650 ) ) ;
#60 = CARTESIAN_POINT ( 'NONE',  ( 85.85513438212396409, -8.522603460455300706, 79.96727414634409570 ) ) ;
#61 = B_SPLINE_CURVE_WITH_KNOTS ( 'NONE', 3,
 ( #1326, #227, #534, #244, #2457, #766, #3081, #1373, #1358, #468, #485, #1665, #2805, #2475, #3647, #3018, #1077, #192, #3356, #2213, #1091, #3597, #261, #3581, #3036, #747, #1043, #3341, #1617, #2755, #2880, #608, #1745, #1122, #1424, #2008, #2243, #1443, #2561, #3682, #3139, #2542, #16, #2260, #3176, #3158, #3397, #2581, #2319, #1989 ),
 .UNSPECIFIED., .F., .F.,
 ( 4, 2, 2, 2, 2, 2, 2, 2, 2, 2, 2, 2, 2, 2, 2, 2, 2, 2, 2, 2, 2, 2, 2, 2, 4 ),
 ( 0.0006465374631901918022, 0.002119286770633170298, 0.003592036078076149119, 0.006537534692962096786, 0.008010284000405071270, 0.009483033307848045754, 0.01242853192273401033, 0.01537403053761997318, 0.01831952915250593256, 0.01979227845994891571, 0.02126502776739189540, 0.02273777707483487509, 0.02421052638227785825, 0.02568327568972083794, 0.02715602499716381416, 0.03010152361204977700, 0.03157427291949275322, 0.03304702222693572250, 0.03599252084182168882, 0.03893801945670764125, 0.04041076876415064523, 0.04188351807159365614, 0.04482901668647965715, 0.04630176599392266112, 0.04777451530136567204 ),
 .UNSPECIFIED. ) ;
#62 = CARTESIAN_POINT ( 'NONE',  ( 69.93485950504677362, 5.512920365281861912, 82.75152967025839246 ) ) ;
#63 = CARTESIAN_POINT ( 'NONE',  ( 63.10973623206597694, -3.296833337075380399, 86.66657596013186549 ) ) ;
#64 = ORIENTED_EDGE ( 'NONE', *, *, #3228, .T. ) ;
#65 = CARTESIAN_POINT ( 'NONE',  ( 61.25319606753065216, -3.903522967155605539, 80.99999999999998579 ) ) ;
#66 = CARTESIAN_POINT ( 'NONE',  ( 74.43694994889081329, 5.928986188258217105, 72.71113035231985577 ) ) ;
#67 = ORIENTED_EDGE ( 'NONE', *, *, #2600, .T. ) ;
#68 = CARTESIAN_POINT ( 'NONE',  ( 60.32110379576126746, -0.9536767112424417991, 86.75998956477640434 ) ) ;
#69 = B_SPLINE_CURVE_WITH_KNOTS ( 'NONE', 3,
 ( #627, #356, #2679, #154, #2417, #1264, #120, #980 ),
 .UNSPECIFIED., .F., .F.,
 ( 4, 2, 2, 4 ),
 ( 0.000000000000000000, 0.0003473715613894402159, 0.0006947431227788804318, 0.001389486245557759996 ),
 .UNSPECIFIED. ) ;
#70 = DIRECTION ( 'NONE',  ( -0.08577561732748278933, 0.000000000000000000, 0.9963144802079759721 ) ) ;
#71 = VECTOR ( 'NONE', #886, 1000.000000000000000 ) ;
#72 = VECTOR ( 'NONE', #2636, 1000.000000000000000 ) ;
#73 = AXIS2_PLACEMENT_3D ( 'NONE', #936, #406, #47 ) ;
#74 = CARTESIAN_POINT ( 'NONE',  ( 69.46213421453060732, -2.715454001006918805, 88.28981647651031039 ) ) ;
#75 = DIRECTION ( 'NONE',  ( 0.000000000000000000, 0.000000000000000000, 1.000000000000000000 ) ) ;
#76 = ORIENTED_EDGE ( 'NONE', *, *, #3263, .T. ) ;
#77 = DIRECTION ( 'NONE',  ( -0.3732787861277760411, 0.08412200757512153237, -0.9238974162040421989 ) ) ;
#78 = CARTESIAN_POINT ( 'NONE',  ( 88.87302080982080099, 0.08983828381860453627, 76.06086105029761768 ) ) ;
#79 = ORIENTED_EDGE ( 'NONE', *, *, #2730, .F. ) ;
#80 = CARTESIAN_POINT ( 'NONE',  ( 74.69259001419352728, 1.656559526538808891, 84.04891474935762119 ) ) ;
#81 = CARTESIAN_POINT ( 'NONE',  ( 86.04003268549818984, -9.489477849217177408, 74.32974535230735569 ) ) ;
#82 = CARTESIAN_POINT ( 'NONE',  ( 77.49047441776423284, -1.562217437032104250, 83.78465098655297538 ) ) ;
#83 = EDGE_CURVE ( 'NONE', #118, #1844, #1594, .T. ) ;
#84 = CARTESIAN_POINT ( 'NONE',  ( 75.10404203292328873, -7.024945915698282306, 84.04480120451869141 ) ) ;
#85 = CARTESIAN_POINT ( 'NONE',  ( 63.24005394150184145, -2.866258834595301508, 87.03770126794485407 ) ) ;
#86 = ORIENTED_EDGE ( 'NONE', *, *, #2066, .T. ) ;
#87 = DIRECTION ( 'NONE',  ( 0.000000000000000000, 1.000000000000000000, 0.000000000000000000 ) ) ;
#88 = CARTESIAN_POINT ( 'NONE',  ( 81.33807942457721651, -4.580561689028828098, 85.00926709843049878 ) ) ;
#89 = ORIENTED_EDGE ( 'NONE', *, *, #1254, .F. ) ;
#90 = CARTESIAN_POINT ( 'NONE',  ( 60.59490753794993623, 0.5209743111807370042, 86.57280671779658121 ) ) ;
#91 = CARTESIAN_POINT ( 'NONE',  ( 66.20249905857168926, -3.367516703243862430, 86.90862938474089106 ) ) ;
#92 = CALENDAR_DATE ( 2026, 4, 4 ) ;
#93 =( BOUNDED_SURFACE ( )  B_SPLINE_SURFACE ( 3, 2, ( 
 ( #29, #3433, #1155 ),
 ( #3660, #860, #291 ),
 ( #2240, #2595, #1739 ),
 ( #3077, #1101, #3093 ) ),
 .UNSPECIFIED., .F., .F., .T. ) 
 B_SPLINE_SURFACE_WITH_KNOTS ( ( 4, 4 ),
 ( 3, 3 ),
 ( 0.007519750287916921599, 0.01149997348913840700 ),
 ( 0.000000000000000000, 1.000000000000000000 ),
 .UNSPECIFIED. ) 
 GEOMETRIC_REPRESENTATION_ITEM ( )  RATIONAL_B_SPLINE_SURFACE ( (
 ( 1.000000000000000000, 0.7933533070111987717, 1.000000000000000000),
 ( 1.000000000000000000, 0.7933532577605308944, 1.000000000000000000),
 ( 1.000000000000000000, 0.7933532262888821629, 1.000000000000000000),
 ( 1.000000000000000000, 0.7933532640632997568, 1.000000000000000000) ) ) 
 REPRESENTATION_ITEM ( '' )  SURFACE ( )  );
#94 = VECTOR ( 'NONE', #219, 1000.000000000000114 ) ;
#95 = CARTESIAN_POINT ( 'NONE',  ( 58.56980505994575736, -3.298794686161497403, 89.09999999999999432 ) ) ;
#96 = CARTESIAN_POINT ( 'NONE',  ( 79.57365829596743367, -8.032217443325636808, 86.11875731866150829 ) ) ;
#97 = ORIENTED_EDGE ( 'NONE', *, *, #134, .F. ) ;
#98 = CARTESIAN_POINT ( 'NONE',  ( 93.11382624099432803, -10.44535554431281632, 79.94907720921000305 ) ) ;
#99 = CARTESIAN_POINT ( 'NONE',  ( 71.30766702676372404, -5.512969032179576345, 88.67517350249110564 ) ) ;
#100 = VERTEX_POINT ( 'NONE', #1300 ) ;
#101 = CARTESIAN_POINT ( 'NONE',  ( 91.08578716180629442, -9.601508704907809388, 79.11524558692219955 ) ) ;
#102 = PLANE ( 'NONE',  #3217 ) ;
#103 = CARTESIAN_POINT ( 'NONE',  ( 77.78318287227372707, -0.2989274050545771555, 83.38602844308510953 ) ) ;
#104 = CARTESIAN_POINT ( 'NONE',  ( 58.79016532119923966, -3.065791114256749328, 85.07468563724972910 ) ) ;
#105 = EDGE_LOOP ( 'NONE', ( #1246, #3392, #2126, #1422 ) ) ;
#106 = CARTESIAN_POINT ( 'NONE',  ( 91.92417568273013728, -2.772592795116505027, 78.97223938121507558 ) ) ;
#107 = CARTESIAN_POINT ( 'NONE',  ( 89.76366495427326697, 0.1118167886262423499, 79.55731998389785531 ) ) ;
#108 = ORIENTED_EDGE ( 'NONE', *, *, #989, .T. ) ;
#109 = CARTESIAN_POINT ( 'NONE',  ( 66.92985025328353288, -5.600198915349698936, 87.83360613133771722 ) ) ;
#110 = CYLINDRICAL_SURFACE ( 'NONE', #2339, 0.5000000000000004441 ) ;
#111 = PERSON_AND_ORGANIZATION_ROLE ( 'classification_officer' ) ;
#112 = EDGE_CURVE ( 'NONE', #889, #1734, #2212, .T. ) ;
#113 = CARTESIAN_POINT ( 'NONE',  ( 61.88995261096000178, -0.6403101668892356990, 88.72494280000481126 ) ) ;
#114 = FACE_OUTER_BOUND ( 'NONE', #3638, .T. ) ;
#115 = ORIENTED_EDGE ( 'NONE', *, *, #1311, .F. ) ;
#116 = LINE ( 'NONE', #3248, #408 ) ;
#117 = EDGE_CURVE ( 'NONE', #2425, #2302, #1053, .T. ) ;
#118 = VERTEX_POINT ( 'NONE', #1576 ) ;
#119 = AXIS2_PLACEMENT_3D ( 'NONE', #3053, #2776, #1078 ) ;
#120 = CARTESIAN_POINT ( 'NONE',  ( 87.40066636992396809, -8.242611191177717345, 77.36875517147976211 ) ) ;
#121 = CIRCLE ( 'NONE', #3499, 0.9500000000000063949 ) ;
#122 = CARTESIAN_POINT ( 'NONE',  ( 61.46670476689087792, 0.1535959468829976027, 88.17608699020277641 ) ) ;
#123 = CARTESIAN_POINT ( 'NONE',  ( 70.51816237983345559, -2.615066710829665908, 83.66466699765572912 ) ) ;
#124 = CARTESIAN_POINT ( 'NONE',  ( 59.30176872567378865, -3.463749822433357828, 85.16795878049076407 ) ) ;
#125 = ORIENTED_EDGE ( 'NONE', *, *, #1573, .F. ) ;
#126 = LINE ( 'NONE', #1251, #1489 ) ;
#127 = CARTESIAN_POINT ( 'NONE',  ( 92.87496939879305557, -10.77305199105078160, 80.17747730826697250 ) ) ;
#128 = ORIENTED_EDGE ( 'NONE', *, *, #2199, .F. ) ;
#129 = CARTESIAN_POINT ( 'NONE',  ( 75.82652938841192736, 7.911958800162401495, 83.18454167518270026 ) ) ;
#130 = LINE ( 'NONE', #1516, #2998 ) ;
#131 = CARTESIAN_POINT ( 'NONE',  ( 59.78018165955332108, -1.856324025228662356, 88.45243079842541079 ) ) ;
#132 = LINE ( 'NONE', #2038, #1319 ) ;
#133 = ORIENTED_EDGE ( 'NONE', *, *, #2800, .F. ) ;
#134 = EDGE_CURVE ( 'NONE', #2929, #1058, #2971, .T. ) ;
#135 = DIRECTION ( 'NONE',  ( 0.000000000000000000, 0.000000000000000000, 1.000000000000000000 ) ) ;
#136 = ORIENTED_EDGE ( 'NONE', *, *, #1092, .T. ) ;
#137 = CARTESIAN_POINT ( 'NONE',  ( 74.00661940787119875, 0.9675897906420624084, 84.39626187920184464 ) ) ;
#138 = LINE ( 'NONE', #3576, #308 ) ;
#139 = DIRECTION ( 'NONE',  ( 0.000000000000000000, 0.1625281627501269366, 0.9867039050865605843 ) ) ;
#140 = VECTOR ( 'NONE', #2183, 1000.000000000000000 ) ;
#141 = CARTESIAN_POINT ( 'NONE',  ( 65.44649093803117523, -4.848522779550008543, 85.32141508530528995 ) ) ;
#142 = CARTESIAN_POINT ( 'NONE',  ( 63.09712885458539233, -3.293992141852580602, 86.51885901366595988 ) ) ;
#143 = ORIENTED_EDGE ( 'NONE', *, *, #2181, .T. ) ;
#144 = FACE_BOUND ( 'NONE', #1522, .T. ) ;
#145 = CARTESIAN_POINT ( 'NONE',  ( 85.98507779123997352, 5.586722070452992739, 80.57333065721175558 ) ) ;
#146 = ORIENTED_EDGE ( 'NONE', *, *, #1230, .F. ) ;
#147 = CARTESIAN_POINT ( 'NONE',  ( 81.35969800030939325, 1.859292650620661735, 81.86781590573517065 ) ) ;
#148 = CARTESIAN_POINT ( 'NONE',  ( 72.25944372980278274, 5.274806310656580344, 73.96149298693065077 ) ) ;
#149 = CARTESIAN_POINT ( 'NONE',  ( 61.96247637324380264, -1.815673066950080239, 88.89168922344740054 ) ) ;
#150 = CARTESIAN_POINT ( 'NONE',  ( 89.92424694184457223, -10.36482333691025737, 82.09780176198772494 ) ) ;
#151 = DIRECTION ( 'NONE',  ( 0.000000000000000000, 0.000000000000000000, -1.000000000000000000 ) ) ;
#152 = CARTESIAN_POINT ( 'NONE',  ( 93.01566734909773970, -11.00230529661021883, 76.10335622496653230 ) ) ;
#153 = ORIENTED_EDGE ( 'NONE', *, *, #1161, .F. ) ;
#154 = CARTESIAN_POINT ( 'NONE',  ( 87.35219226871313936, -8.676023354629474937, 77.91735034830652751 ) ) ;
#155 = CARTESIAN_POINT ( 'NONE',  ( 92.73589536439064318, -10.99845567470580932, 76.30883075089461443 ) ) ;
#156 = CARTESIAN_POINT ( 'NONE',  ( 70.23334728866744570, 0.8195287925930093698, 82.95972490985749914 ) ) ;
#157 = CARTESIAN_POINT ( 'NONE',  ( 63.18906870494824091, 0.2936982985277492020, 84.53307794082441262 ) ) ;
#158 = CARTESIAN_POINT ( 'NONE',  ( 68.91990841353452879, 3.694695236982666664, 81.94938632335289697 ) ) ;
#159 = ORIENTED_EDGE ( 'NONE', *, *, #631, .T. ) ;
#160 = FACE_OUTER_BOUND ( 'NONE', #970, .T. ) ;
#161 = CARTESIAN_POINT ( 'NONE',  ( 83.72015211695074299, -8.966670183706130004, 85.24534527990682875 ) ) ;
#162 = APPLICATION_CONTEXT ( 'configuration controlled 3d designs of mechanical parts and assemblies' ) ;
#163 = ORIENTED_EDGE ( 'NONE', *, *, #2547, .T. ) ;
#164 = CARTESIAN_POINT ( 'NONE',  ( 86.66907378336560441, -6.128216817431300534, 81.22390244599544928 ) ) ;
#165 = CARTESIAN_POINT ( 'NONE',  ( 72.39940628056491789, 5.325649651251248784, 77.58274664250100727 ) ) ;
#166 = CARTESIAN_POINT ( 'NONE',  ( 62.33208888623794053, -1.148665160109344940, 84.77716648826434209 ) ) ;
#167 = CARTESIAN_POINT ( 'NONE',  ( 60.03342940104622016, -3.628636676879603673, 89.22360424117916011 ) ) ;
#168 = CARTESIAN_POINT ( 'NONE',  ( 63.17104043405726088, -3.717669304773732808, 89.21769509641127627 ) ) ;
#169 = DIRECTION ( 'NONE',  ( 0.000000000000000000, 0.000000000000000000, 1.000000000000000000 ) ) ;
#170 = FACE_OUTER_BOUND ( 'NONE', #1994, .T. ) ;
#171 = VERTEX_POINT ( 'NONE', #2205 ) ;
#172 = CARTESIAN_POINT ( 'NONE',  ( 93.35634810627057334, -9.673398986908761543, 79.43534639508523298 ) ) ;
#173 = CARTESIAN_POINT ( 'NONE',  ( 78.73134166711440685, 6.275505102820695846, 79.16695446460482799 ) ) ;
#174 = EDGE_CURVE ( 'NONE', #2929, #2233, #3266, .T. ) ;
#175 = CARTESIAN_POINT ( 'NONE',  ( 62.79151032991178738, -1.379009917526427875, 80.99999999999998579 ) ) ;
#176 = CARTESIAN_POINT ( 'NONE',  ( 58.80526767456280623, -3.278004717327983819, 85.10705218075629830 ) ) ;
#177 = CARTESIAN_POINT ( 'NONE',  ( 91.90537265120134691, -10.05067652216103546, 76.68961015654527102 ) ) ;
#178 = EDGE_LOOP ( 'NONE', ( #4, #789, #2889, #2247 ) ) ;
#179 = VERTEX_POINT ( 'NONE', #2452 ) ;
#180 = CARTESIAN_POINT ( 'NONE',  ( 80.38795501647103947, -5.954492004963258367, 84.37058633858021039 ) ) ;
#181 = CARTESIAN_POINT ( 'NONE',  ( 72.02410232301619430, 5.186267517211906153, 77.90048256906239033 ) ) ;
#182 = CARTESIAN_POINT ( 'NONE',  ( 90.57753745467464057, -9.820701612284143067, 81.50346370908766858 ) ) ;
#183 = EDGE_CURVE ( 'NONE', #2818, #440, #3046, .T. ) ;
#184 = CARTESIAN_POINT ( 'NONE',  ( 59.46804449617545885, -2.909257405398294249, 89.06405466125572445 ) ) ;
#185 = CARTESIAN_POINT ( 'NONE',  ( 79.18701783445520448, 6.237999614865858966, 78.99661401839009045 ) ) ;
#186 = CARTESIAN_POINT ( 'NONE',  ( 70.18087107037773364, -5.915461422083661880, 84.48339116259903392 ) ) ;
#187 = CARTESIAN_POINT ( 'NONE',  ( 87.16772763514879330, 4.593361790897286134, 76.12692426164944948 ) ) ;
#188 = CARTESIAN_POINT ( 'NONE',  ( 76.78433088162083209, 8.316270928738946466, 83.76764112093114534 ) ) ;
#189 = CARTESIAN_POINT ( 'NONE',  ( 60.76542879555849908, -3.793599864980734537, 65.55983515722148525 ) ) ;
#190 = AXIS2_PLACEMENT_3D ( 'NONE', #3501, #467, #3216 ) ;
#191 = VECTOR ( 'NONE', #2509, 1000.000000000000000 ) ;
#192 = CARTESIAN_POINT ( 'NONE',  ( 85.89528498988607907, 5.248513986455984437, 80.67446690869890347 ) ) ;
#193 = EDGE_CURVE ( 'NONE', #100, #2809, #1546, .T. ) ;
#194 = PLANE ( 'NONE',  #1357 ) ;
#195 = ORIENTED_EDGE ( 'NONE', *, *, #2741, .T. ) ;
#196 = CARTESIAN_POINT ( 'NONE',  ( 91.34644233332124941, -10.26337288176162410, 74.84852664626220076 ) ) ;
#197 = ORIENTED_EDGE ( 'NONE', *, *, #1688, .T. ) ;
#198 = CARTESIAN_POINT ( 'NONE',  ( 65.94454326245879372, -3.935684692542303242, 85.46003925969499448 ) ) ;
#199 = CARTESIAN_POINT ( 'NONE',  ( 61.55682615019022563, -0.4977585275588564673, 88.72927741093600673 ) ) ;
#200 = CARTESIAN_POINT ( 'NONE',  ( 62.62793320003884645, -0.7960916362886143460, 84.71231064015265133 ) ) ;
#201 = CARTESIAN_POINT ( 'NONE',  ( 61.20574146925994796, -3.892828611559918883, 88.67965717658061919 ) ) ;
#202 = DIRECTION ( 'NONE',  ( -0.9478986130028166368, 0.2136181783343425178, -0.2363376680778024042 ) ) ;
#203 = CARTESIAN_POINT ( 'NONE',  ( 60.98175919087272234, -3.842352025107839353, 65.35983515722148240 ) ) ;
#204 = CARTESIAN_POINT ( 'NONE',  ( 59.13884917342934955, -2.620634319592429762, 85.02710217273909166 ) ) ;
#205 = CARTESIAN_POINT ( 'NONE',  ( 83.36885485837615306, 7.146811309191044792, 77.61630381382562405 ) ) ;
#206 = CARTESIAN_POINT ( 'NONE',  ( 91.36615517811488019, 19.38220775909731586, 70.01708857342747194 ) ) ;
#207 = ORIENTED_EDGE ( 'NONE', *, *, #3487, .T. ) ;
#208 = CARTESIAN_POINT ( 'NONE',  ( 69.69811220214197078, -12.87027948883124928, 81.63497158371121998 ) ) ;
#209 = CARTESIAN_POINT ( 'NONE',  ( 2.343178261550299180, 10.39750194229730873, -1.608423588047427223E-15 ) ) ;
#210 = ORIENTED_EDGE ( 'NONE', *, *, #2169, .F. ) ;
#211 = CARTESIAN_POINT ( 'NONE',  ( 69.43665861414027063, 24.32423324955794541, 77.60086396259237063 ) ) ;
#212 = ADVANCED_FACE ( 'NONE', ( #2134 ), #723, .F. ) ;
#213 = PRODUCT ( 'R2 Button REF2012', 'R2 Button REF2012', '', ( #1381 ) ) ;
#214 = ORIENTED_EDGE ( 'NONE', *, *, #1562, .T. ) ;
#215 = CARTESIAN_POINT ( 'NONE',  ( 86.46093687400329486, -8.249050992170671393, 82.07861573204580452 ) ) ;
#216 = CARTESIAN_POINT ( 'NONE',  ( 66.56962853665936564, 3.973488179575335177, 87.64490322072032313 ) ) ;
#217 = PLANE ( 'NONE',  #1463 ) ;
#218 = CARTESIAN_POINT ( 'NONE',  ( 64.52636246192980707, -4.641162871832832160, 89.33871861037370365 ) ) ;
#219 = DIRECTION ( 'NONE',  ( 0.3732787861277738206, -0.08412200757512104665, 0.9238974162040430871 ) ) ;
#220 = CARTESIAN_POINT ( 'NONE',  ( 64.87448202818482912, 1.496675784548451071, 86.23478354418583081 ) ) ;
#221 = SECURITY_CLASSIFICATION ( '', '', #1517 ) ;
#222 = CARTESIAN_POINT ( 'NONE',  ( 75.17720459376785413, 8.182151131330241967, 80.85872342047836980 ) ) ;
#223 = EDGE_CURVE ( 'NONE', #1376, #2702, #741, .T. ) ;
#224 = CARTESIAN_POINT ( 'NONE',  ( 80.48554252451646107, 8.052313904606526407, 82.35312371950713839 ) ) ;
#225 = CARTESIAN_POINT ( 'NONE',  ( 85.55488482236020786, -12.87027948883124928, 74.20878440450752578 ) ) ;
#226 = ORIENTED_EDGE ( 'NONE', *, *, #3502, .T. ) ;
#227 = CARTESIAN_POINT ( 'NONE',  ( 93.10541843089548308, -9.959561421785714685, 79.87837249970539233 ) ) ;
#228 = CARTESIAN_POINT ( 'NONE',  ( 61.47882251250450736, -2.165548426446282537, 86.95809613733655397 ) ) ;
#229 = CARTESIAN_POINT ( 'NONE',  ( 91.36615517811488019, 19.38220775909731586, 70.01708857342747194 ) ) ;
#230 = AXIS2_PLACEMENT_3D ( 'NONE', #785, #2178, #2196 ) ;
#231 = CARTESIAN_POINT ( 'NONE',  ( 81.26997621734025756, -8.414499197174595935, 82.20686367501643588 ) ) ;
#232 = VERTEX_POINT ( 'NONE', #2832 ) ;
#233 = CARTESIAN_POINT ( 'NONE',  ( 80.57651344728316190, 8.034559930033799091, 82.75019589095545314 ) ) ;
#234 = CARTESIAN_POINT ( 'NONE',  ( 87.64717784679740475, -9.851663653641390184, 82.55300178548587553 ) ) ;
#235 = FACE_OUTER_BOUND ( 'NONE', #1419, .T. ) ;
#236 = CARTESIAN_POINT ( 'NONE',  ( 75.24571888415002263, 1.335370750796088554E-14, 82.95275764439759314 ) ) ;
#237 = CARTESIAN_POINT ( 'NONE',  ( 86.04003268549820405, 1.300000000000000711, 74.32974535230735569 ) ) ;
#238 = EDGE_CURVE ( 'NONE', #3602, #2586, #3641, .T. ) ;
#239 = CARTESIAN_POINT ( 'NONE',  ( 67.52126321709430101, 5.246217263136059294, 83.34254338741591539 ) ) ;
#240 = EDGE_CURVE ( 'NONE', #3345, #1679, #1213, .T. ) ;
#241 = CARTESIAN_POINT ( 'NONE',  ( 91.73802858680789996, -2.292423556237089599, 78.68767100022225236 ) ) ;
#242 = CARTESIAN_POINT ( 'NONE',  ( 87.30041430880788766, -8.748438089462586831, 77.52197245000233750 ) ) ;
#243 = B_SPLINE_CURVE_WITH_KNOTS ( 'NONE', 3,
 ( #2624, #703, #2661, #137, #2938, #1560, #3478, #80, #3536, #431, #1206, #726, #1523, #2378, #650, #2395, #3555, #2644, #2102, #1785, #926, #1505, #2137, #2121 ),
 .UNSPECIFIED., .F., .F.,
 ( 4, 2, 2, 2, 2, 2, 2, 2, 2, 2, 2, 4 ),
 ( 0.007301281702647350637, 0.008078609462499509661, 0.008855937222351669552, 0.009244601102277760774, 0.009633264982203855464, 0.01002192886212994669, 0.01041059274205604138, 0.01079925662198213433, 0.01118792050190822729, 0.01196524826176040279, 0.01274257602161257830, 0.01351990378146475380 ),
 .UNSPECIFIED. ) ;
#244 = CARTESIAN_POINT ( 'NONE',  ( 93.01206920260426614, -8.508029502149170753, 79.64947354244861799 ) ) ;
#245 = EDGE_CURVE ( 'NONE', #2072, #607, #2167, .T. ) ;
#246 = CARTESIAN_POINT ( 'NONE',  ( 73.92448189139233250, 1.352821967683938502E-14, 83.48657204001526111 ) ) ;
#247 = CIRCLE ( 'NONE', #719, 54.00000000000000711 ) ;
#248 = VECTOR ( 'NONE', #1452, 1000.000000000000000 ) ;
#249 = CARTESIAN_POINT ( 'NONE',  ( 59.37046645590078953, -3.479231524574398104, 85.09999999999999432 ) ) ;
#250 = VERTEX_POINT ( 'NONE', #2782 ) ;
#251 = CARTESIAN_POINT ( 'NONE',  ( 83.14425019364000491, 7.224152514893307675, 81.31550037532913677 ) ) ;
#252 = CARTESIAN_POINT ( 'NONE',  ( 72.45639085104731691, -6.428271952274898560, 68.61206585110895162 ) ) ;
#253 = CARTESIAN_POINT ( 'NONE',  ( 91.34642346415854774, -10.25863015428885561, 65.73416240211768979 ) ) ;
#254 = DIRECTION ( 'NONE',  ( -0.000000000000000000, -0.000000000000000000, 1.000000000000000000 ) ) ;
#255 = DIRECTION ( 'NONE',  ( -0.000000000000000000, -1.000000000000000000, 0.000000000000000000 ) ) ;
#256 = EDGE_CURVE ( 'NONE', #3001, #2327, #2514, .T. ) ;
#257 = CARTESIAN_POINT ( 'NONE',  ( 65.41203549886695612, 1.214927472071144932, 72.89214641920483473 ) ) ;
#258 = CARTESIAN_POINT ( 'NONE',  ( 84.42796427073395193, 6.585649300100117287, 80.81810372914844720 ) ) ;
#259 = CARTESIAN_POINT ( 'NONE',  ( 68.78214124577846178, -23.69306751008017287, 88.85554795213791124 ) ) ;
#260 = EDGE_LOOP ( 'NONE', ( #159, #2447, #673, #1550, #1170, #3201, #1309, #64, #2792, #986, #3249, #2643 ) ) ;
#261 = CARTESIAN_POINT ( 'NONE',  ( 83.10652158298614722, 6.857729223078522729, 81.78351153874156410 ) ) ;
#262 = CARTESIAN_POINT ( 'NONE',  ( 90.71495211519088286, -3.623976245259450835, 77.83520534966905302 ) ) ;
#263 = CARTESIAN_POINT ( 'NONE',  ( 56.96046431397714116, -21.02893755314818236, 90.22846293068346313 ) ) ;
#264 = CIRCLE ( 'NONE', #743, 0.4999999999999983347 ) ;
#265 = ORIENTED_EDGE ( 'NONE', *, *, #2468, .T. ) ;
#266 = CARTESIAN_POINT ( 'NONE',  ( 84.91562519568748257, 6.297239737000847271, 80.99448439303559155 ) ) ;
#267 = EDGE_CURVE ( 'NONE', #934, #2678, #702, .T. ) ;
#268 = CARTESIAN_POINT ( 'NONE',  ( 87.16465527843247685, 10.00000000000000000, 71.88591324636234958 ) ) ;
#269 = CARTESIAN_POINT ( 'NONE',  ( 91.34644233332127783, -10.26337288175498053, 84.84974689653317625 ) ) ;
#270 = PERSON_AND_ORGANIZATION ( #18446744073709551615, #18446744073709551615 ) ;
#271 = CARTESIAN_POINT ( 'NONE',  ( 71.91373200143787869, 1.300000000000002487, 68.08343100419487826 ) ) ;
#272 = CARTESIAN_POINT ( 'NONE',  ( 65.24940077141599204, 2.959328041198909354, 87.98837171005564528 ) ) ;
#273 = VERTEX_POINT ( 'NONE', #1098 ) ;
#274 = CARTESIAN_POINT ( 'NONE',  ( 63.75729198680168963, -0.3107173252627841720, 66.04980210503553906 ) ) ;
#275 = DIRECTION ( 'NONE',  ( 0.000000000000000000, -1.000000000000000000, 0.000000000000000000 ) ) ;
#276 = APPROVAL_PERSON_ORGANIZATION ( #1395, #1403, #2270 ) ;
#277 = CARTESIAN_POINT ( 'NONE',  ( 70.18404131386098754, 4.377543169135658552, 70.89170950519326198 ) ) ;
#278 = CARTESIAN_POINT ( 'NONE',  ( 79.06758178568243522, 1.501357251011015803, 79.99917796166369044 ) ) ;
#279 = CARTESIAN_POINT ( 'NONE',  ( 60.76542879555849908, -3.793599864980732761, 65.55983515722148525 ) ) ;
#280 = CARTESIAN_POINT ( 'NONE',  ( 65.19759645556031558, 1.031743292635400211, 77.88293261972474113 ) ) ;
#281 = CARTESIAN_POINT ( 'NONE',  ( 79.49806046868260978, -6.703216741670926737, 82.40912926013491813 ) ) ;
#282 = ORIENTED_EDGE ( 'NONE', *, *, #2872, .T. ) ;
#283 = CARTESIAN_POINT ( 'NONE',  ( 76.91693067468163747, 7.877014857460459929, 84.25966887627991753 ) ) ;
#284 = VECTOR ( 'NONE', #1774, 1000.000000000000114 ) ;
#285 = VECTOR ( 'NONE', #623, 1000.000000000000000 ) ;
#286 = CARTESIAN_POINT ( 'NONE',  ( 70.38608149158085325, -3.500000000000000000, 78.32962441814780163 ) ) ;
#287 = B_SPLINE_CURVE_WITH_KNOTS ( 'NONE', 3,
 ( #944, #1823, #2956, #415 ),
 .UNSPECIFIED., .F., .F.,
 ( 4, 4 ),
 ( 0.000000000000000000, 0.003381575066907080082 ),
 .UNSPECIFIED. ) ;
#288 = FACE_OUTER_BOUND ( 'NONE', #2599, .T. ) ;
#289 = CARTESIAN_POINT ( 'NONE',  ( 90.17654460214360768, -8.890075692493411452, 75.52678173457557875 ) ) ;
#290 = CARTESIAN_POINT ( 'NONE',  ( 65.40400927506905759, -4.160822385686737235, 89.17178011515254354 ) ) ;
#291 = CARTESIAN_POINT ( 'NONE',  ( 89.20022124625695881, -8.416808770790577654, 76.18229093712693611 ) ) ;
#292 = ORIENTED_EDGE ( 'NONE', *, *, #384, .F. ) ;
#293 = CARTESIAN_POINT ( 'NONE',  ( 90.70710269468889919, -7.886908793075186885, 78.92191088286998024 ) ) ;
#294 = DIRECTION ( 'NONE',  ( 0.8452618332215873220, 0.5343523493902516686, 0.000000000000000000 ) ) ;
#295 = ORIENTED_EDGE ( 'NONE', *, *, #2523, .T. ) ;
#296 = DIRECTION ( 'NONE',  ( 0.000000000000000000, 1.000000000000000000, -0.000000000000000000 ) ) ;
#297 = CARTESIAN_POINT ( 'NONE',  ( 69.93988125753332952, 4.248960901463326501, 82.23337099428596275 ) ) ;
#298 = EDGE_CURVE ( 'NONE', #883, #1288, #3386, .T. ) ;
#299 = CARTESIAN_POINT ( 'NONE',  ( 70.41203549887902113, -5.967556575960617948, 72.89214641920479210 ) ) ;
#300 = CARTESIAN_POINT ( 'NONE',  ( 75.17079756546684166, 1.333034886086334867E-14, 82.76732087348423761 ) ) ;
#301 = CARTESIAN_POINT ( 'NONE',  ( 69.46213421453060732, -2.715454001006918805, 84.28981647651031039 ) ) ;
#302 = ORIENTED_EDGE ( 'NONE', *, *, #223, .T. ) ;
#303 = CARTESIAN_POINT ( 'NONE',  ( 87.03278690584441790, 4.332404123500062987, 80.24433248826905185 ) ) ;
#304 = EDGE_LOOP ( 'NONE', ( #1956, #2069, #2652 ) ) ;
#305 = CARTESIAN_POINT ( 'NONE',  ( 65.19759645556031558, -3.500000000000000000, 77.88293261972474113 ) ) ;
#306 = FACE_OUTER_BOUND ( 'NONE', #3445, .T. ) ;
#307 = PERSON_AND_ORGANIZATION ( #18446744073709551615, #18446744073709551615 ) ;
#308 = VECTOR ( 'NONE', #1000, 1000.000000000000000 ) ;
#309 = CARTESIAN_POINT ( 'NONE',  ( 81.62668000762795373, 6.389171770217337176, 82.53891905477752289 ) ) ;
#310 = CARTESIAN_POINT ( 'NONE',  ( 60.96542879555850192, 10.00000000000000000, 65.35983515722148240 ) ) ;
#311 = ORIENTED_EDGE ( 'NONE', *, *, #83, .F. ) ;
#312 = CARTESIAN_POINT ( 'NONE',  ( 62.95707856880243725, -3.262430446842387255, 85.16090848373946187 ) ) ;
#313 = FACE_OUTER_BOUND ( 'NONE', #2900, .T. ) ;
#314 = VERTEX_POINT ( 'NONE', #2250 ) ;
#315 = CARTESIAN_POINT ( 'NONE',  ( 65.62647454219772669, 1.393905082635094050, 72.90136021868487148 ) ) ;
#316 = CARTESIAN_POINT ( 'NONE',  ( 91.81547285797766733, -8.982671174055061769, 78.47569597971602207 ) ) ;
#317 = DIRECTION ( 'NONE',  ( -0.000000000000000000, -1.000000000000000000, -0.000000000000000000 ) ) ;
#318 = CARTESIAN_POINT ( 'NONE',  ( 65.98369646143115119, -4.969587272867866723, 88.49465935056034027 ) ) ;
#319 = CARTESIAN_POINT ( 'NONE',  ( 89.75923878299934699, -9.838755135633856952, 78.05274353871490689 ) ) ;
#320 = CARTESIAN_POINT ( 'NONE',  ( 79.84108741754914718, 6.847975767229504740, 79.24758609886136185 ) ) ;
#321 = ADVANCED_FACE ( 'NONE', ( #288 ), #2813, .F. ) ;
#322 = EDGE_LOOP ( 'NONE', ( #76, #3372, #1584, #67, #3164, #2936 ) ) ;
#323 = CARTESIAN_POINT ( 'NONE',  ( 92.75086526242785112, -6.570365600088816649, 79.37031580079393223 ) ) ;
#324 =( BOUNDED_SURFACE ( )  B_SPLINE_SURFACE ( 3, 2, ( 
 ( #199, #1049, #1552 ),
 ( #1623, #3282, #3587 ),
 ( #1333, #2728, #2690 ),
 ( #716, #737, #2985 ),
 ( #2464, #442, #1031 ),
 ( #1275, #460, #2762 ),
 ( #2707, #2166, #1294 ),
 ( #2184, #1910, #3042 ),
 ( #216, #3299, #3314 ),
 ( #2407, #1876, #2388 ),
 ( #3006, #3025, #774 ),
 ( #1925, #2235, #1362 ),
 ( #836, #2482, #802 ),
 ( #541, #1692, #2550 ),
 ( #2266, #1096, #1713 ),
 ( #1637, #3669, #2810 ),
 ( #855, #508, #2848 ),
 ( #3127, #1130, #3622 ),
 ( #1957, #3084, #2830 ),
 ( #283, #1653, #1392 ),
 ( #1411, #2528, #1377 ),
 ( #2780, #2201, #1111 ),
 ( #1081, #790, #3105 ),
 ( #2793, #233, #3346 ),
 ( #2498, #3362, #1670 ),
 ( #3639, #5, #1995 ),
 ( #2219, #1348, #2248 ),
 ( #1942, #3329, #251 ),
 ( #816, #1065, #3070 ),
 ( #3404, #524, #580 ),
 ( #3652, #266, #2511 ),
 ( #1978, #3381, #3056 ),
 ( #561, #891, #3146 ),
 ( #303, #1752, #1773 ),
 ( #1792, #2368, #3202 ),
 ( #2050, #2089, #3485 ),
 ( #2303, #950, #2070 ),
 ( #1169, #657, #1511 ),
 ( #2886, #2926, #385 ),
 ( #595, #2650, #3181 ),
 ( #3220, #106, #1234 ),
 ( #2587, #872, #2032 ),
 ( #3505, #2283, #932 ),
 ( #363, #912, #674 ),
 ( #323, #1812, #1430 ),
 ( #1731, #2568, #1211 ),
 ( #2866, #3424, #343 ),
 ( #3466, #22, #1450 ),
 ( #636, #2014, #1192 ),
 ( #42, #1149, #3444 ) ),
 .UNSPECIFIED., .F., .F., .T. ) 
 B_SPLINE_SURFACE_WITH_KNOTS ( ( 4, 2, 2, 2, 2, 2, 2, 2, 2, 2, 2, 2, 2, 2, 2, 2, 2, 2, 2, 2, 2, 2, 2, 2, 4 ),
 ( 3, 3 ),
 ( 0.004355936997988087492, 0.005819938937017337180, 0.007283940876046586001, 0.01021194475410508451, 0.01167594669313433420, 0.01313994863216358389, 0.01606795251022208326, 0.01899595638828058264, 0.02045995832730983233, 0.02192396026633908201, 0.02485196414439758139, 0.02631596608342683108, 0.02777996802245608077, 0.02924396996148533046, 0.03070797190051458014, 0.03217197383954382983, 0.03363597577857307952, 0.03656397965663157890, 0.03949198353469007827, 0.04241998741274857765, 0.04388398935177782734, 0.04534799129080707702, 0.04827599516886557640, 0.04973999710789482609, 0.05120399904692407578 ),
 ( 0.000000000000000000, 1.000000000000000000 ),
 .UNSPECIFIED. ) 
 GEOMETRIC_REPRESENTATION_ITEM ( )  RATIONAL_B_SPLINE_SURFACE ( (
 ( 1.000000000000000000, 0.7157376819945220348, 1.000000000000000000),
 ( 1.000000000000000000, 0.7122817747055311122, 1.000000000000000000),
 ( 1.000000000000000000, 0.7100571421939551042, 1.000000000000000000),
 ( 1.000000000000000000, 0.7064736350197829973, 1.000000000000000000),
 ( 1.000000000000000000, 0.7051939581068585872, 1.000000000000000000),
 ( 1.000000000000000000, 0.7022340451487544266, 1.000000000000000000),
 ( 1.000000000000000000, 0.7013220493899962049, 1.000000000000000000),
 ( 1.000000000000000000, 0.7008230842517048087, 1.000000000000000000),
 ( 1.000000000000000000, 0.7008697997234207833, 1.000000000000000000),
 ( 1.000000000000000000, 0.7013698024155849975, 1.000000000000000000),
 ( 1.000000000000000000, 0.7018314528202063141, 1.000000000000000000),
 ( 1.000000000000000000, 0.7038026602838670653, 1.000000000000000000),
 ( 1.000000000000000000, 0.7057657391754641463, 1.000000000000000000),
 ( 1.000000000000000000, 0.7113077850295979054, 1.000000000000000000),
 ( 1.000000000000000000, 0.7150180773935133072, 1.000000000000000000),
 ( 1.000000000000000000, 0.7221406965639075581, 1.000000000000000000),
 ( 1.000000000000000000, 0.7247574592771941493, 1.000000000000000000),
 ( 1.000000000000000000, 0.7304939182555691968, 1.000000000000000000),
 ( 1.000000000000000000, 0.7336200756620731012, 1.000000000000000000),
 ( 1.000000000000000000, 0.7437387035387832412, 1.000000000000000000),
 ( 1.000000000000000000, 0.7515928807055929362, 1.000000000000000000),
 ( 1.000000000000000000, 0.7643734024746197120, 1.000000000000000000),
 ( 1.000000000000000000, 0.7687751540936526018, 1.000000000000000000),
 ( 1.000000000000000000, 0.7778222292124962189, 1.000000000000000000),
 ( 1.000000000000000000, 0.7824634186526674418, 1.000000000000000000),
 ( 1.000000000000000000, 0.7918647409966604878, 1.000000000000000000),
 ( 1.000000000000000000, 0.7966526970021670095, 1.000000000000000000),
 ( 1.000000000000000000, 0.8058104547441680143, 1.000000000000000000),
 ( 1.000000000000000000, 0.8102455444151978048, 1.000000000000000000),
 ( 1.000000000000000000, 0.8187556403867214394, 1.000000000000000000),
 ( 1.000000000000000000, 0.8228442889243228198, 1.000000000000000000),
 ( 1.000000000000000000, 0.8305853499973256948, 1.000000000000000000),
 ( 1.000000000000000000, 0.8342745362897843187, 1.000000000000000000),
 ( 1.000000000000000000, 0.8444504046934047103, 1.000000000000000000),
 ( 1.000000000000000000, 0.8500681353317318667, 1.000000000000000000),
 ( 1.000000000000000000, 0.8590718505628667234, 1.000000000000000000),
 ( 1.000000000000000000, 0.8625281327423042210, 1.000000000000000000),
 ( 1.000000000000000000, 0.8672220767417864185, 1.000000000000000000),
 ( 1.000000000000000000, 0.8687040982448733795, 1.000000000000000000),
 ( 1.000000000000000000, 0.8696361528022419352, 1.000000000000000000),
 ( 1.000000000000000000, 0.8697410187129364090, 1.000000000000000000),
 ( 1.000000000000000000, 0.8696049783865980043, 1.000000000000000000),
 ( 1.000000000000000000, 0.8693565409879440153, 1.000000000000000000),
 ( 1.000000000000000000, 0.8679802388532733559, 1.000000000000000000),
 ( 1.000000000000000000, 0.8664087576839800686, 1.000000000000000000),
 ( 1.000000000000000000, 0.8653076550392376776, 1.000000000000000000),
 ( 1.000000000000000000, 0.8647761314692403722, 1.000000000000000000),
 ( 1.000000000000000000, 0.8667601471764050380, 1.000000000000000000),
 ( 1.000000000000000000, 0.8689648418369170235, 1.000000000000000000),
 ( 1.000000000000000000, 0.8758805100743183303, 1.000000000000000000) ) ) 
 REPRESENTATION_ITEM ( '' )  SURFACE ( )  );
#325 = ORIENTED_EDGE ( 'NONE', *, *, #2420, .F. ) ;
#326 = CARTESIAN_POINT ( 'NONE',  ( 87.44695352218434437, -8.781462127462670963, 79.23892945956494316 ) ) ;
#327 = EDGE_CURVE ( 'NONE', #273, #55, #3672, .T. ) ;
#328 = CARTESIAN_POINT ( 'NONE',  ( 68.53913238393349161, 3.463754997429317584, 82.10322982548110815 ) ) ;
#329 = DATE_AND_TIME ( #2852, #3244 ) ;
#330 = CARTESIAN_POINT ( 'NONE',  ( 67.40198556755430559, -5.289212527136107234, 89.21247881307255057 ) ) ;
#331 = CARTESIAN_POINT ( 'NONE',  ( 63.02253869203941150, -1.112133089697167510, 74.63848013244367507 ) ) ;
#332 = EDGE_LOOP ( 'NONE', ( #1953, #128 ) ) ;
#333 = PLANE ( 'NONE',  #1241 ) ;
#334 = CARTESIAN_POINT ( 'NONE',  ( 88.10872409901153901, 1.234489294755473310, 76.24714188882403221 ) ) ;
#335 = ORIENTED_EDGE ( 'NONE', *, *, #1635, .F. ) ;
#336 = CARTESIAN_POINT ( 'NONE',  ( 71.75245288498928176, 5.084266301817620182, 71.28275842985878796 ) ) ;
#337 = FACE_OUTER_BOUND ( 'NONE', #2031, .T. ) ;
#338 = CARTESIAN_POINT ( 'NONE',  ( 63.56578033359809865, -4.424686339890643971, 31.34339483329404175 ) ) ;
#339 = CC_DESIGN_SECURITY_CLASSIFICATION ( #221, ( #1824 ) ) ;
#340 = CARTESIAN_POINT ( 'NONE',  ( 87.84431502538247116, -9.178578960888399862, 79.03590277791306562 ) ) ;
#341 = CARTESIAN_POINT ( 'NONE',  ( 76.72887912827593482, -7.391118769670326216, 83.63851536328957081 ) ) ;
#342 = EDGE_LOOP ( 'NONE', ( #3524, #2705, #2099, #801 ) ) ;
#343 = CARTESIAN_POINT ( 'NONE',  ( 93.26812288080736835, -8.535630838628001982, 79.21802130477131243 ) ) ;
#344 = CARTESIAN_POINT ( 'NONE',  ( 68.53913238393349161, 3.463754997429317584, 82.10322982548110815 ) ) ;
#345 = AXIS2_PLACEMENT_3D ( 'NONE', #2483, #3623, #3330 ) ;
#346 = ORIENTED_EDGE ( 'NONE', *, *, #2992, .T. ) ;
#347 = FACE_OUTER_BOUND ( 'NONE', #752, .T. ) ;
#348 = CARTESIAN_POINT ( 'NONE',  ( 59.09736733652199092, -2.670070447752771248, 85.03257094280499473 ) ) ;
#349 = ADVANCED_FACE ( 'NONE', ( #235 ), #794, .F. ) ;
#350 = CARTESIAN_POINT ( 'NONE',  ( 79.03768954595909690, -3.906343184069805741, 85.79769995972826280 ) ) ;
#351 = CARTESIAN_POINT ( 'NONE',  ( 82.58998713508565004, -8.711976505186870057, 85.78653185939494108 ) ) ;
#352 = VERTEX_POINT ( 'NONE', #1434 ) ;
#353 = FACE_OUTER_BOUND ( 'NONE', #3542, .T. ) ;
#354 = DIRECTION ( 'NONE',  ( -0.000000000000000000, 1.000000000000000000, -0.000000000000000000 ) ) ;
#355 = ORIENTED_EDGE ( 'NONE', *, *, #1635, .T. ) ;
#356 = CARTESIAN_POINT ( 'NONE',  ( 87.36293573796577050, -8.762527902044190853, 78.25451770916627936 ) ) ;
#357 = LINE ( 'NONE', #2009, #3331 ) ;
#358 = CYLINDRICAL_SURFACE ( 'NONE', #1186, 0.2000000000000057288 ) ;
#359 = CARTESIAN_POINT ( 'NONE',  ( 84.14010407136414926, -7.988287180611770566, 80.69890809605924176 ) ) ;
#360 = ADVANCED_FACE ( 'NONE', ( #306 ), #2024, .F. ) ;
#361 = CARTESIAN_POINT ( 'NONE',  ( 75.32200278825030182, -5.763789121109568647, 83.62300262459378075 ) ) ;
#362 = VERTEX_POINT ( 'NONE', #3224 ) ;
#363 = CARTESIAN_POINT ( 'NONE',  ( 92.55077248057303052, -5.628865454491301712, 79.26244680654559716 ) ) ;
#364 = CARTESIAN_POINT ( 'NONE',  ( 80.58987837855012515, -6.982649406827675875, 86.04152444409055533 ) ) ;
#365 = EDGE_LOOP ( 'NONE', ( #1924, #3180, #1754, #2481 ) ) ;
#366 = DIRECTION ( 'NONE',  ( -0.2198462043528370824, -0.9755345439458565915, 0.000000000000000000 ) ) ;
#367 = CARTESIAN_POINT ( 'NONE',  ( 61.25319606753033952, -3.903522967156882739, 85.48928259185389322 ) ) ;
#368 = EDGE_CURVE ( 'NONE', #3395, #2726, #130, .T. ) ;
#369 = AXIS2_PLACEMENT_3D ( 'NONE', #37, #2845, #3177 ) ;
#370 = AXIS2_PLACEMENT_3D ( 'NONE', #2019, #2255, #568 ) ;
#371 = DESIGN_CONTEXT ( 'detailed design', #1482, 'design' ) ;
#372 = CARTESIAN_POINT ( 'NONE',  ( 58.79491201280066548, -3.118588700132904901, 89.07978998461368292 ) ) ;
#373 = CARTESIAN_POINT ( 'NONE',  ( 86.68444436803623887, -8.929096949901255797, 83.64763450385747490 ) ) ;
#374 = CARTESIAN_POINT ( 'NONE',  ( 90.91785806205888321, -6.422886380437295095, 74.55716457604793845 ) ) ;
#375 = DIRECTION ( 'NONE',  ( 0.2415631543415887317, -0.05443860796428284798, -0.9688568936780358465 ) ) ;
#376 = CARTESIAN_POINT ( 'NONE',  ( 62.43252421318651102, -3.554796001063918798, 89.20971740834733055 ) ) ;
#377 = ORIENTED_EDGE ( 'NONE', *, *, #240, .T. ) ;
#378 = EDGE_CURVE ( 'NONE', #1547, #118, #1184, .T. ) ;
#379 = LINE ( 'NONE', #2920, #581 ) ;
#380 = DIRECTION ( 'NONE',  ( -0.2419218955996600418, 0.000000000000000000, 0.9702957262759983603 ) ) ;
#381 = DIRECTION ( 'NONE',  ( 0.000000000000000000, -1.000000000000000000, 0.000000000000000000 ) ) ;
#382 = CARTESIAN_POINT ( 'NONE',  ( 67.52822762389106970, 4.359890070803963624, 83.42800663389442661 ) ) ;
#383 = VERTEX_POINT ( 'NONE', #2074 ) ;
#384 = EDGE_CURVE ( 'NONE', #3227, #1815, #3611, .T. ) ;
#385 = CARTESIAN_POINT ( 'NONE',  ( 91.15637918742230283, -0.9323077963939533364, 78.71953555565569616 ) ) ;
#386 = CARTESIAN_POINT ( 'NONE',  ( 93.37843419622880958, -10.08271303861092072, 79.76585150138343749 ) ) ;
#387 = ADVANCED_FACE ( 'NONE', ( #2095 ), #110, .F. ) ;
#388 = ORIENTED_EDGE ( 'NONE', *, *, #2494, .T. ) ;
#389 = CARTESIAN_POINT ( 'NONE',  ( 61.88615839418412889, 7.287475751965785342, 85.82395023371130094 ) ) ;
#390 = DIRECTION ( 'NONE',  ( 0.000000000000000000, 0.000000000000000000, -1.000000000000000000 ) ) ;
#391 = PERSON_AND_ORGANIZATION ( #18446744073709551615, #18446744073709551615 ) ;
#392 = CLOSED_SHELL ( 'NONE', ( #3521, #2471, #764, #873, #360, #2841, #3545, #1853, #1481, #1915, #2288, #1726, #3637, #1125, #2871, #827, #1285, #1267, #1412, #2085, #465, #1194, #1036, #1832, #924, #1838, #3420, #321, #2504, #2337, #3128, #2928, #56, #3601, #2267, #977, #349, #3239, #2630, #1949, #3540, #839, #2081, #509, #1756, #1927, #1298, #2532, #2239, #956, #3360, #2359, #2973, #2217, #3625, #649, #2105, #1236, #387, #525, #1284, #3289, #558, #3207, #1693, #491, #619, #212 ) ) ;
#393 = CARTESIAN_POINT ( 'NONE',  ( 58.56980505994576447, -3.298794686161497403, 89.09999999999999432 ) ) ;
#394 = CARTESIAN_POINT ( 'NONE',  ( 93.11382624099434224, -10.44535554431279323, 79.94907720920997463 ) ) ;
#395 = ORIENTED_EDGE ( 'NONE', *, *, #3145, .T. ) ;
#396 = CARTESIAN_POINT ( 'NONE',  ( 65.51334663961560523, 1.299999999999999156, 69.72717453017331479 ) ) ;
#397 = ORIENTED_EDGE ( 'NONE', *, *, #2220, .F. ) ;
#398 = CARTESIAN_POINT ( 'NONE',  ( 82.99169302092460043, 5.081562059803654385, 75.60201939765752854 ) ) ;
#399 = CARTESIAN_POINT ( 'NONE',  ( 65.19759645556031558, -3.500000000000000000, 77.88293261972474113 ) ) ;
#400 = CARTESIAN_POINT ( 'NONE',  ( 60.99716820953260310, -0.7329542293423345622, 84.77880023194123282 ) ) ;
#401 = ORIENTED_EDGE ( 'NONE', *, *, #2353, .T. ) ;
#402 = CARTESIAN_POINT ( 'NONE',  ( 87.90384694051391534, -7.236115204732454842, 80.45024819322054555 ) ) ;
#403 = CARTESIAN_POINT ( 'NONE',  ( 86.64692466871916565, -6.830953919187933820, 82.98649587204890565 ) ) ;
#404 = VERTEX_POINT ( 'NONE', #1239 ) ;
#405 = PLANE ( 'NONE',  #3044 ) ;
#406 = DIRECTION ( 'NONE',  ( 0.7660444431189744607, -0.6427876096865435818, 0.000000000000000000 ) ) ;
#407 = B_SPLINE_CURVE_WITH_KNOTS ( 'NONE', 3,
 ( #1947, #3074, #1337, #1577, #186, #1881 ),
 .UNSPECIFIED., .F., .F.,
 ( 4, 2, 4 ),
 ( 0.005065601318307924594, 0.008417851164763406543, 0.01034712131600304744 ),
 .UNSPECIFIED. ) ;
#408 = VECTOR ( 'NONE', #375, 1000.000000000000114 ) ;
#409 = CARTESIAN_POINT ( 'NONE',  ( 59.46804449617329169, -2.909257405400926366, 89.06405466125613657 ) ) ;
#410 = CARTESIAN_POINT ( 'NONE',  ( 61.00398125444029063, -3.509304115086164799, 85.40831505500067067 ) ) ;
#411 = ORIENTED_EDGE ( 'NONE', *, *, #1958, .T. ) ;
#412 = CARTESIAN_POINT ( 'NONE',  ( 85.71811691303230418, -9.416930996674420129, 74.76478955034812657 ) ) ;
#413 = ORIENTED_EDGE ( 'NONE', *, *, #2000, .T. ) ;
#414 = VECTOR ( 'NONE', #1904, 1000.000000000000227 ) ;
#415 = CARTESIAN_POINT ( 'NONE',  ( 87.37291886846585953, -8.764777697668158396, 78.37148712298059650 ) ) ;
#416 = DIRECTION ( 'NONE',  ( 0.000000000000000000, 1.000000000000000000, 0.000000000000000000 ) ) ;
#417 = DIRECTION ( 'NONE',  ( 0.01235945160496360398, 0.9866285397157633641, -0.1625157486964423081 ) ) ;
#418 = EDGE_CURVE ( 'NONE', #1121, #352, #264, .T. ) ;
#419 = CARTESIAN_POINT ( 'NONE',  ( 63.47796620679818602, -4.404896571721654830, 85.35598950320695621 ) ) ;
#420 = ORIENTED_EDGE ( 'NONE', *, *, #3149, .T. ) ;
#421 = CARTESIAN_POINT ( 'NONE',  ( 70.38608149158085325, 10.32832126602183997, 78.32962441814780163 ) ) ;
#422 = CARTESIAN_POINT ( 'NONE',  ( 84.77666970789020695, 2.041442819438125333, 81.81720037014575553 ) ) ;
#423 = ORIENTED_EDGE ( 'NONE', *, *, #618, .T. ) ;
#424 = CARTESIAN_POINT ( 'NONE',  ( 86.38717390072699231, -8.980559941151843972, 82.36719618755583383 ) ) ;
#425 = APPROVAL_DATE_TIME ( #2655, #2342 ) ;
#426 = CARTESIAN_POINT ( 'NONE',  ( 90.22299222841334654, -10.43210632527389770, 79.91958890136957905 ) ) ;
#427 = DIRECTION ( 'NONE',  ( -0.6982962682350908334, 0.1573678605621149917, 0.6982962682350871697 ) ) ;
#428 = CARTESIAN_POINT ( 'NONE',  ( 82.13373286675845009, 5.498030674067368118, 76.14773279086674052 ) ) ;
#429 = CARTESIAN_POINT ( 'NONE',  ( 79.61483222433970752, -8.041496388839650677, 81.35367032791063480 ) ) ;
#430 = ORIENTED_EDGE ( 'NONE', *, *, #1398, .F. ) ;
#431 = CARTESIAN_POINT ( 'NONE',  ( 75.02656734717012910, 1.810149722995898047, 83.91191812193882527 ) ) ;
#432 = CARTESIAN_POINT ( 'NONE',  ( 60.17538338888086002, -2.115561995813493468, 88.94942924289247799 ) ) ;
#433 = PLANE ( 'NONE',  #3578 ) ;
#434 = CARTESIAN_POINT ( 'NONE',  ( 59.24518299208020267, -2.758241493713996739, 85.03706896461228837 ) ) ;
#435 = FACE_OUTER_BOUND ( 'NONE', #1064, .T. ) ;
#436 = ORIENTED_EDGE ( 'NONE', *, *, #626, .F. ) ;
#437 = DIRECTION ( 'NONE',  ( -0.08502343775359154365, 0.01916085923062329707, -0.9961946980917462113 ) ) ;
#438 = CARTESIAN_POINT ( 'NONE',  ( 89.48192995375318048, -10.26514289859506945, 82.37592835939348390 ) ) ;
#439 = CC_DESIGN_PERSON_AND_ORGANIZATION_ASSIGNMENT ( #270, #3448, ( #213 ) ) ;
#440 = VERTEX_POINT ( 'NONE', #328 ) ;
#441 = CARTESIAN_POINT ( 'NONE',  ( 73.91837939216983955, -5.275371052970929675, 86.56278765718870716 ) ) ;
#442 = CARTESIAN_POINT ( 'NONE',  ( 62.87583739750869682, 1.631249311288640813, 88.41904488074000312 ) ) ;
#443 = CARTESIAN_POINT ( 'NONE',  ( 91.53312489125748641, -10.04775966616735516, 80.92534496378945619 ) ) ;
#444 = EDGE_CURVE ( 'NONE', #1195, #2462, #1253, .T. ) ;
#445 = CARTESIAN_POINT ( 'NONE',  ( 59.87430619141368027, -1.744150776235389388, 88.92669113852730334 ) ) ;
#446 = CARTESIAN_POINT ( 'NONE',  ( 61.20574146925645920, -3.892828611558837526, 88.67965717638956846 ) ) ;
#447 = PLANE ( 'NONE',  #3472 ) ;
#448 = CARTESIAN_POINT ( 'NONE',  ( 59.43876024158485194, -2.263214226669510332, 88.51172459343862897 ) ) ;
#449 = ORIENTED_EDGE ( 'NONE', *, *, #1435, .T. ) ;
#450 = VECTOR ( 'NONE', #151, 1000.000000000000000 ) ;
#451 = DIRECTION ( 'NONE',  ( -0.3746065934159131805, 0.000000000000000000, -0.9271838545667869802 ) ) ;
#452 = LINE ( 'NONE', #2396, #2560 ) ;
#453 = CARTESIAN_POINT ( 'NONE',  ( 73.76469271537821726, -0.3001189149705996151, 84.72743848266190980 ) ) ;
#454 = CARTESIAN_POINT ( 'NONE',  ( 58.81376893779105330, -3.353774320533602804, 85.12382476737310810 ) ) ;
#455 = CARTESIAN_POINT ( 'NONE',  ( 93.32692249335993040, -11.13164939067811332, 75.89999999999888303 ) ) ;
#456 = ORIENTED_EDGE ( 'NONE', *, *, #3377, .F. ) ;
#457 = CARTESIAN_POINT ( 'NONE',  ( 62.91543289493498037, -3.594738135616582841, 85.24860506930090764 ) ) ;
#458 = ORIENTED_EDGE ( 'NONE', *, *, #2879, .F. ) ;
#459 = CARTESIAN_POINT ( 'NONE',  ( 87.50680045842338473, -8.708723613143448006, 79.72346614876238391 ) ) ;
#460 = CARTESIAN_POINT ( 'NONE',  ( 63.95955725162350802, 2.632788563364468537, 88.20137167829487623 ) ) ;
#461 = CARTESIAN_POINT ( 'NONE',  ( 67.04043752606727935, 3.107647415170180505, 83.66607814597008996 ) ) ;
#462 = CARTESIAN_POINT ( 'NONE',  ( 67.44419033448977530, -5.298723782139332705, 88.55572524027171255 ) ) ;
#463 = CARTESIAN_POINT ( 'NONE',  ( 80.53745410404026472, 5.994786107115679386, 78.48125491951383026 ) ) ;
#464 = CARTESIAN_POINT ( 'NONE',  ( 90.71495211519086865, -3.623976245259418416, 77.84751747709039194 ) ) ;
#465 = ADVANCED_FACE ( 'NONE', ( #2637 ), #2949, .F. ) ;
#466 = CARTESIAN_POINT ( 'NONE',  ( 80.94581881990418992, 7.952257362696943055, 82.17374427916746527 ) ) ;
#467 = DIRECTION ( 'NONE',  ( 0.7660444431190644998, -0.6427876096864364452, 0.000000000000000000 ) ) ;
#468 = CARTESIAN_POINT ( 'NONE',  ( 91.69330757257451125, -2.850694941007398953, 79.11765845247060724 ) ) ;
#469 = CARTESIAN_POINT ( 'NONE',  ( 68.53913238393349161, 3.463754997429317584, 82.10322982548110815 ) ) ;
#470 = ORIENTED_EDGE ( 'NONE', *, *, #2489, .T. ) ;
#471 = CARTESIAN_POINT ( 'NONE',  ( 91.31713103818887589, -9.221023439186355475, 72.92124173439712820 ) ) ;
#472 = ORIENTED_EDGE ( 'NONE', *, *, #3336, .T. ) ;
#473 = CARTESIAN_POINT ( 'NONE',  ( 65.97153603232605690, -3.592657750216001755, 84.89904324214386122 ) ) ;
#474 = CARTESIAN_POINT ( 'NONE',  ( 71.86346846171926472, 5.123961740103762708, 73.67533496711567409 ) ) ;
#475 = DIRECTION ( 'NONE',  ( -0.000000000000000000, 1.000000000000000000, -0.000000000000000000 ) ) ;
#476 = CARTESIAN_POINT ( 'NONE',  ( 81.45002412117403878, -8.455074744697643752, 84.14513201519024221 ) ) ;
#477 = EDGE_CURVE ( 'NONE', #179, #3094, #3421, .T. ) ;
#478 = CARTESIAN_POINT ( 'NONE',  ( 63.04070246010701339, -4.306354930515898793, 88.72834756427364766 ) ) ;
#479 = DIRECTION ( 'NONE',  ( 0.000000000000000000, 0.000000000000000000, 1.000000000000000000 ) ) ;
#480 = CARTESIAN_POINT ( 'NONE',  ( 67.75389855934398042, 3.638720033647464991, 83.46942997450685198 ) ) ;
#481 = EDGE_CURVE ( 'NONE', #1118, #1121, #1216, .T. ) ;
#482 = CARTESIAN_POINT ( 'NONE',  ( 59.39773940602892566, -2.312100954813080200, 84.99272865059126048 ) ) ;
#483 = CARTESIAN_POINT ( 'NONE',  ( 93.24075883475245519, -7.784449556113735014, 75.38232521527159236 ) ) ;
#484 = CARTESIAN_POINT ( 'NONE',  ( 70.80310638391165412, 1.300000000000000711, 70.26535031824579391 ) ) ;
#485 = CARTESIAN_POINT ( 'NONE',  ( 91.51477575457016655, -2.391007928491414081, 79.11698319594366069 ) ) ;
#486 = CARTESIAN_POINT ( 'NONE',  ( -11.25570708026492284, 12.43706408612037784, 47.34696086036728957 ) ) ;
#487 = ORIENTED_EDGE ( 'NONE', *, *, #3258, .F. ) ;
#488 = CARTESIAN_POINT ( 'NONE',  ( 71.03569882670508662, 1.299999999999997380, 71.10405157197706671 ) ) ;
#489 = CARTESIAN_POINT ( 'NONE',  ( 81.24060260405006773, -0.4661403357506908041, 84.02945496524664293 ) ) ;
#490 = VECTOR ( 'NONE', #1686, 1000.000000000000000 ) ;
#491 = ADVANCED_FACE ( 'NONE', ( #3510 ), #1473, .T. ) ;
#492 = ORIENTED_EDGE ( 'NONE', *, *, #2547, .F. ) ;
#493 = CARTESIAN_POINT ( 'NONE',  ( 86.82567636777307030, -4.725288495033662883, 80.71818385650709615 ) ) ;
#494 = CARTESIAN_POINT ( 'NONE',  ( 72.00222762430564671, 5.177860050663430691, 73.76238245905310009 ) ) ;
#495 = CARTESIAN_POINT ( 'NONE',  ( 59.46804449617564359, -2.909257405398431029, 89.06405466125578130 ) ) ;
#496 = EDGE_CURVE ( 'NONE', #3354, #2829, #769, .T. ) ;
#497 = CARTESIAN_POINT ( 'NONE',  ( 60.21652286165581103, -3.669898570276042271, 85.23415156951969607 ) ) ;
#498 = CARTESIAN_POINT ( 'NONE',  ( 68.53913238393349161, -12.87027948883124928, 82.10322982548110815 ) ) ;
#499 = DIRECTION ( 'NONE',  ( 0.9271838545667895337, 0.000000000000000000, -0.3746065934159067412 ) ) ;
#500 = CARTESIAN_POINT ( 'NONE',  ( 92.84582018472961806, -10.51068878992315980, 79.53205883932271547 ) ) ;
#501 = CARTESIAN_POINT ( 'NONE',  ( 84.83422647714475318, 6.346829148588009950, 80.66238614030905296 ) ) ;
#502 = CARTESIAN_POINT ( 'NONE',  ( 58.97971687144426056, -3.072587347867478336, 85.07639038764374106 ) ) ;
#503 = VERTEX_POINT ( 'NONE', #3548 ) ;
#504 = CARTESIAN_POINT ( 'NONE',  ( 89.78526326300367089, -7.670273041484397147, 79.45422976629632217 ) ) ;
#505 = CARTESIAN_POINT ( 'NONE',  ( 60.85628471334463541, -2.907460085120956439, 87.08742639456723111 ) ) ;
#506 = CARTESIAN_POINT ( 'NONE',  ( 76.40176323921157575, 22.75457913092904150, 76.55879833974131543 ) ) ;
#507 = VERTEX_POINT ( 'NONE', #3262 ) ;
#508 = CARTESIAN_POINT ( 'NONE',  ( 74.06973908676732776, 7.905176458478472057, 85.24817550146472911 ) ) ;
#509 = ADVANCED_FACE ( 'NONE', ( #2967 ), #324, .T. ) ;
#510 = CARTESIAN_POINT ( 'NONE',  ( 66.75425459727190969, -5.143240048623466620, 89.24885599284777982 ) ) ;
#511 = CARTESIAN_POINT ( 'NONE',  ( 63.05452470778651275, -2.936116142708642407, 85.14451527457360669 ) ) ;
#512 = CARTESIAN_POINT ( 'NONE',  ( 63.51541706824699673, 0.2615704520178691594, 84.50439986778316381 ) ) ;
#513 = CARTESIAN_POINT ( 'NONE',  ( 63.41986511623762368, -0.6728935715980242094, 76.93064280558095902 ) ) ;
#514 = EDGE_CURVE ( 'NONE', #1794, #815, #1492, .T. ) ;
#515 = DIRECTION ( 'NONE',  ( -0.9755345439459630619, 0.2198462043523656262, 0.000000000000000000 ) ) ;
#516 = CARTESIAN_POINT ( 'NONE',  ( 89.08760260623398608, 2.466723223885987970, 79.17516014450512785 ) ) ;
#517 = CARTESIAN_POINT ( 'NONE',  ( 69.43665861414027063, 24.32423324955794541, 77.60086396259237063 ) ) ;
#518 = AXIS2_PLACEMENT_3D ( 'NONE', #2228, #1952, #2839 ) ;
#519 = ORIENTED_EDGE ( 'NONE', *, *, #3487, .F. ) ;
#520 = CARTESIAN_POINT ( 'NONE',  ( 58.94225738019181904, 1.300000000000000044, 68.08881796861685132 ) ) ;
#521 = CARTESIAN_POINT ( 'NONE',  ( 88.18377291637638393, 1.279125870026795120, 78.19345162983474040 ) ) ;
#522 = CARTESIAN_POINT ( 'NONE',  ( 60.41203549887899982, -3.713959245997219938, 72.89214641920479210 ) ) ;
#523 = ORIENTED_EDGE ( 'NONE', *, *, #3653, .F. ) ;
#524 = CARTESIAN_POINT ( 'NONE',  ( 84.51141066739077701, 6.538547046408459629, 81.15579856265927106 ) ) ;
#525 = ADVANCED_FACE ( 'NONE', ( #1469 ), #2908, .T. ) ;
#526 = LINE ( 'NONE', #1496, #1962 ) ;
#527 = CARTESIAN_POINT ( 'NONE',  ( 63.79742936927326724, -1.199999999999999956, 80.99999999999998579 ) ) ;
#528 = CARTESIAN_POINT ( 'NONE',  ( 71.91373200143785027, -6.305978498824962308, 68.08343100419486404 ) ) ;
#529 = B_SPLINE_CURVE_WITH_KNOTS ( 'NONE', 3,
 ( #1746, #2881, #3215, #173 ),
 .UNSPECIFIED., .F., .F.,
 ( 4, 4 ),
 ( 1.390486644391990834E-17, 0.001095562205791703785 ),
 .UNSPECIFIED. ) ;
#530 = CARTESIAN_POINT ( 'NONE',  ( 74.08071987403093317, -12.87027948883124928, 74.13989114451979390 ) ) ;
#531 = CARTESIAN_POINT ( 'NONE',  ( 85.62790937850860473, 5.823947481081257926, 80.36234873378052157 ) ) ;
#532 = CARTESIAN_POINT ( 'NONE',  ( 68.70052053489955313, -5.581850020658960965, 74.88883821762789239 ) ) ;
#533 = EDGE_CURVE ( 'NONE', #2620, #1461, #2253, .T. ) ;
#534 = CARTESIAN_POINT ( 'NONE',  ( 93.08548884950909041, -9.474809089274673468, 79.80160025920685030 ) ) ;
#535 = FACE_BOUND ( 'NONE', #1471, .T. ) ;
#536 = AXIS2_PLACEMENT_3D ( 'NONE', #300, #2647, #1709 ) ;
#537 = VECTOR ( 'NONE', #3391, 1000.000000000000000 ) ;
#538 = VECTOR ( 'NONE', #437, 1000.000000000000114 ) ;
#539 = CARTESIAN_POINT ( 'NONE',  ( 70.60052053489955881, -6.010033513352006196, 74.88883821762789239 ) ) ;
#540 = ORIENTED_EDGE ( 'NONE', *, *, #2169, .T. ) ;
#541 = CARTESIAN_POINT ( 'NONE',  ( 71.54797031936573148, 6.638616499480375133, 86.18117966394355278 ) ) ;
#542 = B_SPLINE_CURVE_WITH_KNOTS ( 'NONE', 3,
 ( #3166, #805, #1396, #3092 ),
 .UNSPECIFIED., .F., .F.,
 ( 4, 4 ),
 ( 0.000000000000000000, 0.003000321266803125837 ),
 .UNSPECIFIED. ) ;
#543 = CARTESIAN_POINT ( 'NONE',  ( 59.37046672063112140, -3.479231584234161900, 85.17188014711665289 ) ) ;
#544 = CARTESIAN_POINT ( 'NONE',  ( 63.02766901255701981, -3.278338690399055011, 85.70501840468614319 ) ) ;
#545 = CARTESIAN_POINT ( 'NONE',  ( 90.70710269468889919, -7.886908793075186885, 78.92191088286998024 ) ) ;
#546 = CARTESIAN_POINT ( 'NONE',  ( 62.70289330473083567, -4.230226349458675372, 84.47559016942116727 ) ) ;
#547 = CARTESIAN_POINT ( 'NONE',  ( 78.07475584545163372, -7.694425187299697377, 87.25903934576558640 ) ) ;
#548 = CARTESIAN_POINT ( 'NONE',  ( 64.87367039051255801, 0.7475764132413730279, 72.94705046098978585 ) ) ;
#549 = ORIENTED_EDGE ( 'NONE', *, *, #618, .F. ) ;
#550 = CARTESIAN_POINT ( 'NONE',  ( 64.09504187791608842, -2.759112302811877804, 84.90835222055642362 ) ) ;
#551 = DIRECTION ( 'NONE',  ( -0.6386762295862977723, -0.7611446910952022193, 0.1129222430658366333 ) ) ;
#552 = CARTESIAN_POINT ( 'NONE',  ( 72.95467235323225452, 5.535699266180699851, 71.58250540885501323 ) ) ;
#553 = CARTESIAN_POINT ( 'NONE',  ( 65.62647454219772669, 1.393905082635094050, 72.90136021868487148 ) ) ;
#554 = CARTESIAN_POINT ( 'NONE',  ( 70.80310638391165412, -5.914860119773688751, 70.26535031824579391 ) ) ;
#555 = CARTESIAN_POINT ( 'NONE',  ( 62.91386990462982709, -22.37059544747232920, 89.89264633184066611 ) ) ;
#556 = VECTOR ( 'NONE', #2501, 1000.000000000000000 ) ;
#557 = CARTESIAN_POINT ( 'NONE',  ( 86.15448369101548565, -2.992456990617251567, 78.22268018725719685 ) ) ;
#558 = ADVANCED_FACE ( 'NONE', ( #3562 ), #968, .F. ) ;
#559 = CARTESIAN_POINT ( 'NONE',  ( 79.03768954595909690, -3.906343184069805741, 81.79769995972826280 ) ) ;
#560 = ORIENTED_EDGE ( 'NONE', *, *, #1109, .F. ) ;
#561 = CARTESIAN_POINT ( 'NONE',  ( 85.93831694772092078, 5.216119325261242778, 80.65793963147380907 ) ) ;
#562 =( BOUNDED_SURFACE ( )  B_SPLINE_SURFACE ( 3, 2, ( 
 ( #3136, #2539, #2021 ),
 ( #3679, #587, #3661 ),
 ( #1457, #1177, #550 ),
 ( #2819, #312, #3455 ) ),
 .UNSPECIFIED., .F., .F., .T. ) 
 B_SPLINE_SURFACE_WITH_KNOTS ( ( 4, 4 ),
 ( 3, 3 ),
 ( 0.007861073320589164262, 0.01094290695073341091 ),
 ( 0.000000000000000000, 1.000000000000000000 ),
 .UNSPECIFIED. ) 
 GEOMETRIC_REPRESENTATION_ITEM ( )  RATIONAL_B_SPLINE_SURFACE ( (
 ( 1.000000000000000000, 0.7933532782168780662, 1.000000000000000000),
 ( 1.000000000000000000, 0.7933532635942357469, 1.000000000000000000),
 ( 1.000000000000000000, 0.7933532773401342775, 1.000000000000000000),
 ( 1.000000000000000000, 0.7933533036655839865, 1.000000000000000000) ) ) 
 REPRESENTATION_ITEM ( '' )  SURFACE ( )  );
#563 = DIRECTION ( 'NONE',  ( 0.000000000000000000, 1.000000000000000000, -0.000000000000000000 ) ) ;
#564 = CARTESIAN_POINT ( 'NONE',  ( 81.35734508148537714, 6.084291238779671041, 65.73416240211768979 ) ) ;
#565 = CALENDAR_DATE ( 2026, 4, 4 ) ;
#566 = EDGE_CURVE ( 'NONE', #3354, #2620, #1830, .T. ) ;
#567 = CARTESIAN_POINT ( 'NONE',  ( 78.41204855902653037, 0.3139153537071737166, 85.03587794710333014 ) ) ;
#568 = DIRECTION ( 'NONE',  ( 0.9702957262759952517, 0.000000000000000000, 0.2419218955996731146 ) ) ;
#569 = ORIENTED_EDGE ( 'NONE', *, *, #3367, .T. ) ;
#570 = CARTESIAN_POINT ( 'NONE',  ( 90.55940071317778006, -8.556283815172717411, 78.95701454768678218 ) ) ;
#571 = CARTESIAN_POINT ( 'NONE',  ( 91.83911207021195366, -10.79635683098498333, 76.90678805961159981 ) ) ;
#572 = ORIENTED_EDGE ( 'NONE', *, *, #1028, .F. ) ;
#573 = AXIS2_PLACEMENT_3D ( 'NONE', #236, #1301, #499 ) ;
#574 = CARTESIAN_POINT ( 'NONE',  ( 74.61512652658299771, 5.968056863365379883, 71.99650313170920413 ) ) ;
#575 = CARTESIAN_POINT ( 'NONE',  ( 65.51890088878690221, 1.304809296522648321, 72.89366337440455368 ) ) ;
#576 = DIRECTION ( 'NONE',  ( 0.7071067811865493491, 0.000000000000000000, -0.7071067811865456854 ) ) ;
#577 = DIRECTION ( 'NONE',  ( 0.9755345439458567025, -0.2198462043528371102, 0.000000000000000000 ) ) ;
#578 = CARTESIAN_POINT ( 'NONE',  ( 69.37366162215786858, -4.729713981463303796, 84.77930617381124989 ) ) ;
#579 = VERTEX_POINT ( 'NONE', #402 ) ;
#580 = CARTESIAN_POINT ( 'NONE',  ( 84.41323322488649694, 6.594120478042596822, 80.82375977627528130 ) ) ;
#581 = VECTOR ( 'NONE', #2063, 1000.000000000000000 ) ;
#582 = CARTESIAN_POINT ( 'NONE',  ( 72.14632444423132540, -6.358395469629973817, 68.92213225792613684 ) ) ;
#583 = CARTESIAN_POINT ( 'NONE',  ( 88.33616203146189605, 0.3194501054569939269, 84.84974689653317625 ) ) ;
#584 = CARTESIAN_POINT ( 'NONE',  ( 63.18906870494824091, 0.2936982985277492020, 88.53307794082442683 ) ) ;
#585 = LINE ( 'NONE', #530, #3383 ) ;
#586 = VERTEX_POINT ( 'NONE', #2944 ) ;
#587 = CARTESIAN_POINT ( 'NONE',  ( 64.93617119587720765, -3.708438232898694231, 85.02337401445763021 ) ) ;
#588 = EDGE_LOOP ( 'NONE', ( #413, #2015, #1504, #3504, #2474, #2865, #1906, #2284, #1432, #1263, #3080 ) ) ;
#589 = EDGE_CURVE ( 'NONE', #2405, #681, #2180, .T. ) ;
#590 = CARTESIAN_POINT ( 'NONE',  ( 68.30033392691677818, 3.334749917403696085, 70.42204850446546516 ) ) ;
#591 = CARTESIAN_POINT ( 'NONE',  ( 65.41203549887902113, -4.840757910978918055, 72.89214641920480631 ) ) ;
#592 = DIRECTION ( 'NONE',  ( 0.9271838545667874243, 0.000000000000000000, -0.3746065934159119593 ) ) ;
#593 = CARTESIAN_POINT ( 'NONE',  ( 82.44678453659618356, -0.9370126013283336386, 79.58781176739569219 ) ) ;
#594 = ORIENTED_EDGE ( 'NONE', *, *, #2992, .F. ) ;
#595 = CARTESIAN_POINT ( 'NONE',  ( 91.51831794286867705, -2.400018925587382057, 79.11696794715977887 ) ) ;
#596 = VERTEX_POINT ( 'NONE', #2685 ) ;
#597 = CARTESIAN_POINT ( 'NONE',  ( 61.18302222159698545, -0.1844837456189377944, 84.72643468610804973 ) ) ;
#598 = CARTESIAN_POINT ( 'NONE',  ( 62.94737083057487581, -4.285321739406617425, 87.34006167849199187 ) ) ;
#599 = CARTESIAN_POINT ( 'NONE',  ( 63.09712885458539233, -3.293992141852580602, 86.51885901366595988 ) ) ;
#600 = EDGE_CURVE ( 'NONE', #2678, #2462, #1423, .T. ) ;
#601 = AXIS2_PLACEMENT_3D ( 'NONE', #3684, #2298, #1124 ) ;
#602 = CARTESIAN_POINT ( 'NONE',  ( 83.00554337349340983, 5.870326647971605638, 81.98881827772558495 ) ) ;
#603 = FACE_OUTER_BOUND ( 'NONE', #2856, .T. ) ;
#604 = ORIENTED_EDGE ( 'NONE', *, *, #2937, .T. ) ;
#605 = CARTESIAN_POINT ( 'NONE',  ( 63.12716776041177269, -2.540992529831882951, 84.96162735878334615 ) ) ;
#606 = DIRECTION ( 'NONE',  ( -0.9755345439459622847, 0.2198462043523685960, 0.000000000000000000 ) ) ;
#607 = VERTEX_POINT ( 'NONE', #3310 ) ;
#608 = CARTESIAN_POINT ( 'NONE',  ( 75.50626101942359014, 7.701307497468458330, 84.78917227904661047 ) ) ;
#609 = CARTESIAN_POINT ( 'NONE',  ( 65.88099961459245435, -4.946443538884678581, 87.29139049864740230 ) ) ;
#610 = DIRECTION ( 'NONE',  ( -0.2198462043528370824, -0.9755345439458565915, 0.000000000000000000 ) ) ;
#611 = CARTESIAN_POINT ( 'NONE',  ( 69.83368121662448402, 3.442280765092196937, 83.04869921205410321 ) ) ;
#612 = ORIENTED_EDGE ( 'NONE', *, *, #3051, .T. ) ;
#613 = DIRECTION ( 'NONE',  ( 0.000000000000000000, 0.000000000000000000, -1.000000000000000000 ) ) ;
#614 = DIRECTION ( 'NONE',  ( 0.3732787861277726549, -0.08412200757512078297, 0.9238974162040435312 ) ) ;
#615 = ORIENTED_EDGE ( 'NONE', *, *, #245, .T. ) ;
#616 = CARTESIAN_POINT ( 'NONE',  ( 61.15033354782816843, 3.473700280012092190, 86.22066019361098199 ) ) ;
#617 = CARTESIAN_POINT ( 'NONE',  ( 66.01347230961314949, -4.293483397356197884, 87.12772222427479107 ) ) ;
#618 = EDGE_CURVE ( 'NONE', #2324, #1385, #2444, .T. ) ;
#619 = ADVANCED_FACE ( 'NONE', ( #144, #1530 ), #2669, .T. ) ;
#620 = CARTESIAN_POINT ( 'NONE',  ( 67.52126321709430101, 5.246217263136059294, 87.34254338741591539 ) ) ;
#621 = CARTESIAN_POINT ( 'NONE',  ( 63.05364892937234345, -3.766404220268747327, 87.22114238205369929 ) ) ;
#622 = ORIENTED_EDGE ( 'NONE', *, *, #2566, .T. ) ;
#623 = DIRECTION ( 'NONE',  ( 0.000000000000000000, 0.000000000000000000, -1.000000000000000000 ) ) ;
#624 = CARTESIAN_POINT ( 'NONE',  ( 91.41441677368486296, -6.287830079261350846, 76.06260192783199159 ) ) ;
#625 = ORIENTED_EDGE ( 'NONE', *, *, #2389, .T. ) ;
#626 = EDGE_CURVE ( 'NONE', #2897, #911, #126, .T. ) ;
#627 = CARTESIAN_POINT ( 'NONE',  ( 87.37291886846585953, -8.764777697668158396, 78.37148712298059650 ) ) ;
#628 = LINE ( 'NONE', #1767, #1431 ) ;
#629 = CARTESIAN_POINT ( 'NONE',  ( 92.84582018472954701, -10.51068878993172362, 79.53205883932612608 ) ) ;
#630 = CARTESIAN_POINT ( 'NONE',  ( 90.17930156151375343, 0.9785900854671896187, 75.15622443039954703 ) ) ;
#631 = EDGE_CURVE ( 'NONE', #1302, #3468, #1271, .T. ) ;
#632 = CARTESIAN_POINT ( 'NONE',  ( 81.95844900600116034, 7.692054542360181379, 78.19070448630800740 ) ) ;
#633 = CARTESIAN_POINT ( 'NONE',  ( 75.43098771616560327, 6.132467932040526648, 78.67161868099091748 ) ) ;
#634 = VERTEX_POINT ( 'NONE', #1027 ) ;
#635 = B_SPLINE_CURVE_WITH_KNOTS ( 'NONE', 3,
 ( #863, #2061, #3174, #2006 ),
 .UNSPECIFIED., .F., .F.,
 ( 4, 4 ),
 ( 1.964531255190340430E-17, 0.0006007816969048196528 ),
 .UNSPECIFIED. ) ;
#636 = CARTESIAN_POINT ( 'NONE',  ( 93.10533258353196118, -9.954601077851288338, 79.87765054648478724 ) ) ;
#637 = LINE ( 'NONE', #546, #284 ) ;
#638 = AXIS2_PLACEMENT_3D ( 'NONE', #902, #294, #3412 ) ;
#639 = ORIENTED_EDGE ( 'NONE', *, *, #1814, .F. ) ;
#640 = CARTESIAN_POINT ( 'NONE',  ( 75.57851067529671241, 6.388803828636388182, 83.48760827505972770 ) ) ;
#641 = EDGE_CURVE ( 'NONE', #883, #2849, #2725, .T. ) ;
#642 = CARTESIAN_POINT ( 'NONE',  ( 63.75336913580014198, -0.3070876964132305820, 84.33505049093662365 ) ) ;
#643 = CARTESIAN_POINT ( 'NONE',  ( 62.10979768697883685, -3.736049279202438900, 89.25153761325668711 ) ) ;
#644 = CARTESIAN_POINT ( 'NONE',  ( 91.54729517038614972, -10.05115494550653388, 80.91667709024818578 ) ) ;
#645 = EDGE_LOOP ( 'NONE', ( #569, #2377, #1468, #3240 ) ) ;
#646 = CARTESIAN_POINT ( 'NONE',  ( 65.96326386852801704, -3.939903563327601610, 85.67938311362478032 ) ) ;
#647 = CARTESIAN_POINT ( 'NONE',  ( 86.97712284425509210, 2.654972158028172213, 76.57787485330973709 ) ) ;
#648 = ORIENTED_EDGE ( 'NONE', *, *, #2937, .F. ) ;
#649 = ADVANCED_FACE ( 'NONE', ( #160 ), #1602, .F. ) ;
#650 = CARTESIAN_POINT ( 'NONE',  ( 75.87621273254238474, 1.889431999199233436, 83.61316296801405201 ) ) ;
#651 = FACE_OUTER_BOUND ( 'NONE', #1800, .T. ) ;
#652 = CARTESIAN_POINT ( 'NONE',  ( 90.13506042909114058, -9.255607965802717274, 75.98274525496906051 ) ) ;
#653 = EDGE_CURVE ( 'NONE', #1195, #1794, #2740, .T. ) ;
#654 = CARTESIAN_POINT ( 'NONE',  ( 62.15641012916262298, -4.107071046925353741, 85.32835268224093284 ) ) ;
#655 = CARTESIAN_POINT ( 'NONE',  ( 63.26968088472326457, -2.723667770940637389, 87.00974338772908823 ) ) ;
#656 = ORIENTED_EDGE ( 'NONE', *, *, #3650, .F. ) ;
#657 = CARTESIAN_POINT ( 'NONE',  ( 90.71612327823218891, -0.07012129389911525568, 79.07269714387096826 ) ) ;
#658 = CARTESIAN_POINT ( 'NONE',  ( 82.44678453659618356, -0.9370126013283336386, 83.58781176739570640 ) ) ;
#659 = ORIENTED_EDGE ( 'NONE', *, *, #2461, .F. ) ;
#660 = CARTESIAN_POINT ( 'NONE',  ( 62.92273950908366942, -3.254691805512818892, 84.47559016942116727 ) ) ;
#661 = CARTESIAN_POINT ( 'NONE',  ( 65.62647454219772669, 10.32832126602183997, 72.90136021868487148 ) ) ;
#662 = AXIS2_PLACEMENT_3D ( 'NONE', #2631, #87, #2346 ) ;
#663 = CARTESIAN_POINT ( 'NONE',  ( 60.52786201597336202, -0.9652732743761696099, 88.83004832859641908 ) ) ;
#664 = CARTESIAN_POINT ( 'NONE',  ( 92.73589708255349251, -10.99845606190466718, 79.53205883932400866 ) ) ;
#665 = ORIENTED_EDGE ( 'NONE', *, *, #193, .T. ) ;
#666 = LINE ( 'NONE', #2118, #2001 ) ;
#667 = VECTOR ( 'NONE', #2034, 1000.000000000000114 ) ;
#668 = ORIENTED_EDGE ( 'NONE', *, *, #496, .F. ) ;
#669 = CARTESIAN_POINT ( 'NONE',  ( 74.61512652658299771, 5.968056863365379883, 71.99650313170920413 ) ) ;
#670 = DIRECTION ( 'NONE',  ( 0.9755345439458567025, -0.2198462043528371102, 0.000000000000000000 ) ) ;
#671 = CARTESIAN_POINT ( 'NONE',  ( 62.94588614508603541, -1.199999999999999956, 80.99999999999998579 ) ) ;
#672 = CARTESIAN_POINT ( 'NONE',  ( 65.29361289802214685, 1.522582611964177879, 84.14294308760896968 ) ) ;
#673 = ORIENTED_EDGE ( 'NONE', *, *, #3415, .T. ) ;
#674 = CARTESIAN_POINT ( 'NONE',  ( 92.80097404945094297, -5.612448804970458838, 78.83320985643734957 ) ) ;
#675 = CARTESIAN_POINT ( 'NONE',  ( 84.71519259344476893, 6.442047806436169033, 81.07318446997675210 ) ) ;
#676 = VERTEX_POINT ( 'NONE', #196 ) ;
#677 = DIRECTION ( 'NONE',  ( 0.000000000000000000, 0.000000000000000000, 1.000000000000000000 ) ) ;
#678 = CARTESIAN_POINT ( 'NONE',  ( 71.15665977450493074, -12.87027948883124928, 70.61890370883907053 ) ) ;
#679 = CARTESIAN_POINT ( 'NONE',  ( 61.04793524995859855, -1.315203797463118329, 88.83303190726621779 ) ) ;
#680 = CARTESIAN_POINT ( 'NONE',  ( 93.05528756081270103, -11.07043381480674427, 80.08462786374612108 ) ) ;
#681 = VERTEX_POINT ( 'NONE', #2724 ) ;
#682 = DIRECTION ( 'NONE',  ( 0.2198462043528370824, 0.9755345439458565915, 0.000000000000000000 ) ) ;
#683 =( BOUNDED_CURVE ( )  B_SPLINE_CURVE ( 3, ( #1445, #58, #299, #591 ),
 .UNSPECIFIED., .F., .F. ) 
 B_SPLINE_CURVE_WITH_KNOTS ( ( 4, 4 ),
 ( 1.570796326794896558, 4.712388980384689674 ),
 .UNSPECIFIED. ) 
 CURVE ( )  GEOMETRIC_REPRESENTATION_ITEM ( )  RATIONAL_B_SPLINE_CURVE ( ( 1.000000000000000000, 0.3333333333333333703, 0.3333333333333333703, 1.000000000000000000 ) ) 
 REPRESENTATION_ITEM ( '' )  );
#684 = ORIENTED_EDGE ( 'NONE', *, *, #2664, .F. ) ;
#685 = EDGE_CURVE ( 'NONE', #1328, #2405, #704, .T. ) ;
#686 = CARTESIAN_POINT ( 'NONE',  ( 69.69811220214197078, 4.122496593092538575, 81.63497158371121998 ) ) ;
#687 = CARTESIAN_POINT ( 'NONE',  ( 82.81338141051490709, -12.87027948883124928, 76.31718820491681754 ) ) ;
#688 = CARTESIAN_POINT ( 'NONE',  ( 74.27612943620350450, -1.551601384942067785, 84.84998192004186990 ) ) ;
#689 = CARTESIAN_POINT ( 'NONE',  ( 60.76420150481055771, -3.793323283065463958, 85.26871167953420638 ) ) ;
#690 = ORIENTED_EDGE ( 'NONE', *, *, #1398, .T. ) ;
#691 = CARTESIAN_POINT ( 'NONE',  ( 91.21861213755589404, -8.183381095225971791, 72.89667821365999600 ) ) ;
#692 = CARTESIAN_POINT ( 'NONE',  ( 92.67089933239802235, -4.886881312535319211, 79.02364542673478809 ) ) ;
#693 = ORIENTED_EDGE ( 'NONE', *, *, #1180, .T. ) ;
#694 = CARTESIAN_POINT ( 'NONE',  ( 60.05729454597248917, -2.422211480261479366, 86.97433599202977916 ) ) ;
#695 = CARTESIAN_POINT ( 'NONE',  ( 72.92883005528130980, 5.507181522049005018, 74.91280323382875395 ) ) ;
#696 = APPROVAL_STATUS ( 'not_yet_approved' ) ;
#697 = CARTESIAN_POINT ( 'NONE',  ( 61.16006806497165371, -3.062932693829539144, 89.11727631453354093 ) ) ;
#698 = CARTESIAN_POINT ( 'NONE',  ( 91.16422600373559249, -10.64426468722423635, 80.51131825447784252 ) ) ;
#699 = CARTESIAN_POINT ( 'NONE',  ( 88.16554812080032377, 0.2730091119088423057, 75.39715784015101008 ) ) ;
#700 = CARTESIAN_POINT ( 'NONE',  ( 85.43392387456037795, -9.352885329417231830, 74.69393226764552196 ) ) ;
#701 = VERTEX_POINT ( 'NONE', #1310 ) ;
#702 = B_SPLINE_CURVE_WITH_KNOTS ( 'NONE', 3,
 ( #2269, #544, #838, #511, #2851, #1960 ),
 .UNSPECIFIED., .F., .F.,
 ( 4, 2, 4 ),
 ( 0.000000000000000000, 0.0006512881739151811684, 0.001302576347830362337 ),
 .UNSPECIFIED. ) ;
#703 = CARTESIAN_POINT ( 'NONE',  ( 73.76643857757076717, 0.2560734578087707214, 84.61110865000647152 ) ) ;
#704 =( BOUNDED_CURVE ( )  B_SPLINE_CURVE ( 3, ( #3649, #522, #1651, #1079 ),
 .UNSPECIFIED., .F., .F. ) 
 B_SPLINE_CURVE_WITH_KNOTS ( ( 4, 4 ),
 ( 4.712388980384689674, 7.853981633974482790 ),
 .UNSPECIFIED. ) 
 CURVE ( )  GEOMETRIC_REPRESENTATION_ITEM ( )  RATIONAL_B_SPLINE_CURVE ( ( 1.000000000000000000, 0.3333333333333333703, 0.3333333333333333703, 1.000000000000000000 ) ) 
 REPRESENTATION_ITEM ( '' )  );
#705 = DIRECTION ( 'NONE',  ( 0.000000000000000000, 0.000000000000000000, -1.000000000000000000 ) ) ;
#706 = CARTESIAN_POINT ( 'NONE',  ( 75.37647295685127347, -2.329250717280672678, 84.69149824570902751 ) ) ;
#707 = CARTESIAN_POINT ( 'NONE',  ( 59.98301484381911308, -3.172318752298044497, 85.12564879334374268 ) ) ;
#708 = FACE_OUTER_BOUND ( 'NONE', #1714, .T. ) ;
#709 = ORIENTED_EDGE ( 'NONE', *, *, #653, .T. ) ;
#710 = CARTESIAN_POINT ( 'NONE',  ( 91.34436541157744216, -9.741342628737768905, 72.92803202632272530 ) ) ;
#711 = CARTESIAN_POINT ( 'NONE',  ( 91.84748799697484856, -6.237913784810809048, 79.79384850732226653 ) ) ;
#712 = EDGE_CURVE ( 'NONE', #3602, #3354, #1694, .T. ) ;
#713 = B_SPLINE_CURVE_WITH_KNOTS ( 'NONE', 3,
 ( #3411, #1762, #274, #2898, #2597, #2857 ),
 .UNSPECIFIED., .F., .F.,
 ( 4, 2, 4 ),
 ( 0.0003550877624189346504, 0.002170599853659702441, 0.003986111944900470883 ),
 .UNSPECIFIED. ) ;
#714 = ORIENTED_EDGE ( 'NONE', *, *, #2461, .T. ) ;
#715 = CARTESIAN_POINT ( 'NONE',  ( 87.15156105325095837, -1.913033182507666297, 79.74217731601267189 ) ) ;
#716 = CARTESIAN_POINT ( 'NONE',  ( 62.87843662396022637, 0.9322772963321346307, 88.48541751467426764 ) ) ;
#717 = CARTESIAN_POINT ( 'NONE',  ( 69.32906203512054333, 4.496957570130795112, 83.01454553274739112 ) ) ;
#718 = CARTESIAN_POINT ( 'NONE',  ( 59.29174389886797059, -3.389334172590479088, 89.15128760024852284 ) ) ;
#719 = AXIS2_PLACEMENT_3D ( 'NONE', #338, #2011, #577 ) ;
#721 = CARTESIAN_POINT ( 'NONE',  ( 90.21560772978568821, -10.43048432629144884, 81.08866403659956745 ) ) ;
#720 = VECTOR ( 'NONE', #2570, 1000.000000000000000 ) ;
#722 = VECTOR ( 'NONE', #3237, 1000.000000000000114 ) ;
#723 = CYLINDRICAL_SURFACE ( 'NONE', #2512, 0.9500000000000063949 ) ;
#724 = CARTESIAN_POINT ( 'NONE',  ( 93.19163267324738342, -10.87885646233897319, 75.96058042110639974 ) ) ;
#725 = ORIENTED_EDGE ( 'NONE', *, *, #368, .F. ) ;
#726 = CARTESIAN_POINT ( 'NONE',  ( 75.38272504984603017, 1.892573310066637760, 83.77896937152051748 ) ) ;
#727 = CARTESIAN_POINT ( 'NONE',  ( 87.42726464537878428, 1.300000000000000266, 75.19092794101965183 ) ) ;
#728 = CARTESIAN_POINT ( 'NONE',  ( 73.85403403769828401, -0.7438010315436780484, 84.79597953253427534 ) ) ;
#729 = B_SPLINE_CURVE_WITH_KNOTS ( 'NONE', 3,
 ( #1643, #2252, #2051, #2784 ),
 .UNSPECIFIED., .F., .F.,
 ( 4, 4 ),
 ( 0.000000000000000000, 0.003322877436177930268 ),
 .UNSPECIFIED. ) ;
#730 = CARTESIAN_POINT ( 'NONE',  ( 61.04793524995859855, -1.315203797463118329, 84.83303190726620358 ) ) ;
#731 = CARTESIAN_POINT ( 'NONE',  ( 93.03890295265914290, -10.54274856746512157, 76.03182201944549945 ) ) ;
#732 = ORIENTED_EDGE ( 'NONE', *, *, #1526, .F. ) ;
#733 = DIRECTION ( 'NONE',  ( 0.000000000000000000, 0.000000000000000000, -1.000000000000000000 ) ) ;
#734 = CARTESIAN_POINT ( 'NONE',  ( 81.26997621734025756, -8.414499197174595935, 86.20686367501643588 ) ) ;
#735 = ORIENTED_EDGE ( 'NONE', *, *, #3022, .T. ) ;
#736 = CARTESIAN_POINT ( 'NONE',  ( 87.68711715492112546, -8.177127139741426021, 80.39824728016577637 ) ) ;
#737 = CARTESIAN_POINT ( 'NONE',  ( 62.52379054608788067, 1.286206989529474320, 88.48614129050093879 ) ) ;
#738 = DIRECTION ( 'NONE',  ( -0.7071067811865456854, 0.000000000000000000, -0.7071067811865493491 ) ) ;
#739 = EDGE_CURVE ( 'NONE', #250, #2567, #2791, .T. ) ;
#740 = CARTESIAN_POINT ( 'NONE',  ( 62.42945727293006541, -3.554120402601652184, 89.20969478502871652 ) ) ;
#741 = LINE ( 'NONE', #758, #3596 ) ;
#742 = CARTESIAN_POINT ( 'NONE',  ( 90.01448495477198719, -1.880509563417645635, 77.85297120810082561 ) ) ;
#743 = AXIS2_PLACEMENT_3D ( 'NONE', #2035, #2673, #2374 ) ;
#744 = CARTESIAN_POINT ( 'NONE',  ( 90.17930156151375343, 0.9785900854671896187, 78.89479095861322833 ) ) ;
#745 = CARTESIAN_POINT ( 'NONE',  ( 72.18347023388038508, 7.393138871540193335, 85.39235620970060836 ) ) ;
#746 = CARTESIAN_POINT ( 'NONE',  ( 73.75407218778224205, -0.1503278723434496866, 84.69910008548330893 ) ) ;
#747 = CARTESIAN_POINT ( 'NONE',  ( 80.93076313093808949, 7.557323960549577890, 82.66734640556060754 ) ) ;
#748 = CARTESIAN_POINT ( 'NONE',  ( 93.11693083869086252, -8.210115165051858455, 75.54303767315836637 ) ) ;
#749 = EDGE_LOOP ( 'NONE', ( #470, #2612, #3126, #2200, #835, #893, #3260, #1683, #1356 ) ) ;
#750 = CARTESIAN_POINT ( 'NONE',  ( 62.98111678959572401, -3.267847693862093728, 85.15957965363460858 ) ) ;
#751 = EDGE_CURVE ( 'NONE', #2033, #3144, #2369, .T. ) ;
#752 = EDGE_LOOP ( 'NONE', ( #295, #2348, #2914, #3564, #844, #2360 ) ) ;
#753 = CARTESIAN_POINT ( 'NONE',  ( 87.86738374037990695, -7.421570958755759229, 80.50969169223277788 ) ) ;
#754 = CARTESIAN_POINT ( 'NONE',  ( 72.61293330628669196, 5.401093372871789811, 77.33128632656146806 ) ) ;
#755 = CARTESIAN_POINT ( 'NONE',  ( 85.43392387456037795, -9.462218122317969105, 74.69393226764552196 ) ) ;
#756 = CC_DESIGN_PERSON_AND_ORGANIZATION_ASSIGNMENT ( #2096, #111, ( #221 ) ) ;
#757 = CARTESIAN_POINT ( 'NONE',  ( 92.10741897665127453, -10.85682240376456242, 79.92404424996431089 ) ) ;
#758 = CARTESIAN_POINT ( 'NONE',  ( -11.25570708026492284, 12.43706408612037784, 47.34696086036728957 ) ) ;
#759 = CARTESIAN_POINT ( 'NONE',  ( 76.82523742930946753, 6.814243155210288450, 82.45966181350527791 ) ) ;
#760 = CARTESIAN_POINT ( 'NONE',  ( 93.34578095819396992, -10.51695177618803356, 79.55529635429546431 ) ) ;
#761 = CARTESIAN_POINT ( 'NONE',  ( 91.92020823170942379, -2.761662213737505311, 78.68835878042877141 ) ) ;
#762 = FACE_OUTER_BOUND ( 'NONE', #1669, .T. ) ;
#763 = AXIS2_PLACEMENT_3D ( 'NONE', #208, #1059, #2508 ) ;
#764 = ADVANCED_FACE ( 'NONE', ( #1955 ), #2317, .T. ) ;
#765 = AXIS2_PLACEMENT_3D ( 'NONE', #3435, #2557, #2838 ) ;
#766 = CARTESIAN_POINT ( 'NONE',  ( 92.75372046817297189, -6.585302925775217808, 79.37215367993199777 ) ) ;
#767 = CARTESIAN_POINT ( 'NONE',  ( 91.43404987464589340, -10.70507212274527831, 77.18796270061322673 ) ) ;
#768 = ORIENTED_EDGE ( 'NONE', *, *, #2566, .F. ) ;
#769 = B_SPLINE_CURVE_WITH_KNOTS ( 'NONE', 3,
 ( #1257, #3428, #1796, #2131, #1892, #2113, #181, #3567, #165, #754, #3529, #3242, #992, #2430, #2449, #1835, #1858, #695, #1590, #2744, #3604, #1009, #148, #494, #474, #1314, #1571, #972, #1605, #2151 ),
 .UNSPECIFIED., .F., .F.,
 ( 4, 2, 2, 2, 2, 2, 2, 2, 2, 2, 2, 2, 2, 2, 4 ),
 ( 0.000000000000000000, 0.001015437969146259231, 0.001523156953719412374, 0.002030875938292565300, 0.002538594922865718660, 0.003046313907438871586, 0.003554032892012024512, 0.004061751876585177438, 0.005077189845731439055, 0.005584908830304588512, 0.006092627814877739703, 0.006600346799450889160, 0.007108065784024040351, 0.007615784768597189808, 0.008123503753170340999 ),
 .UNSPECIFIED. ) ;
#770 = DIRECTION ( 'NONE',  ( 0.000000000000000000, 1.000000000000000000, 0.000000000000000000 ) ) ;
#771 = EDGE_CURVE ( 'NONE', #2668, #3468, #3035, .T. ) ;
#772 = VERTEX_POINT ( 'NONE', #833 ) ;
#773 = CARTESIAN_POINT ( 'NONE',  ( 80.22118742909414379, -7.429285063332435435, 84.89545126154727939 ) ) ;
#774 = CARTESIAN_POINT ( 'NONE',  ( 67.40852948544501544, 5.123611474885264805, 86.83654515559035758 ) ) ;
#775 = CARTESIAN_POINT ( 'NONE',  ( 61.17009504199963033, -3.772070143446532686, 85.46261250735275894 ) ) ;
#776 = B_SPLINE_SURFACE_WITH_KNOTS ( 'NONE', 3, 1, ( 
 ( #2502, #3610 ),
 ( #2453, #2750 ),
 ( #3628, #1018 ),
 ( #2155, #2469 ),
 ( #1070, #3286 ),
 ( #464, #3349 ),
 ( #742, #1037 ),
 ( #779, #3047 ),
 ( #1595, #2733 ),
 ( #1322, #3591 ),
 ( #2172, #1365 ),
 ( #3303, #2206 ),
 ( #1914, #3642 ),
 ( #1054, #2190 ),
 ( #759, #1930 ),
 ( #1898, #1610 ),
 ( #3031, #1085 ),
 ( #804, #1627 ),
 ( #2767, #480 ),
 ( #220, #795 ),
 ( #3059, #512 ),
 ( #1642, #2515 ) ),
 .UNSPECIFIED., .F., .F., .F.,
 ( 4, 2, 2, 2, 2, 2, 2, 2, 2, 2, 4 ),
 ( 2, 2 ),
 ( 0.000000000000000000, 0.06250000000000026368, 0.1250000000000005274, 0.2500000000000011657, 0.3750000000000018319, 0.5000000000000024425, 0.5625000000000025535, 0.6250000000000027756, 0.7500000000000017764, 0.8750000000000008882, 1.000000000000000000 ),
 ( 0.000000000000000000, 1.000000000000000000 ),
 .UNSPECIFIED. ) ;
#777 = CARTESIAN_POINT ( 'NONE',  ( 59.37046645590082505, -3.479231524574407874, 88.57101345230907441 ) ) ;
#778 = CARTESIAN_POINT ( 'NONE',  ( 85.41380988673905961, 3.456143156804900585, 76.52353994651458891 ) ) ;
#779 = CARTESIAN_POINT ( 'NONE',  ( 88.18377291637632709, 1.279125870026844636, 78.20575758283010259 ) ) ;
#780 = PLANE ( 'NONE',  #2445 ) ;
#781 = CARTESIAN_POINT ( 'NONE',  ( 64.65978339560484756, 3.207838468635201501, 87.53144720711328830 ) ) ;
#782 = CARTESIAN_POINT ( 'NONE',  ( 87.73204061465209236, -8.845709278502047468, 82.57921135729095852 ) ) ;
#783 = EDGE_LOOP ( 'NONE', ( #3157, #2129, #560, #2194 ) ) ;
#784 = DIRECTION ( 'NONE',  ( 0.08502343775359157141, -0.01916085923062345667, 0.9961946980917462113 ) ) ;
#785 = CARTESIAN_POINT ( 'NONE',  ( 63.79742936927326724, -20.32202039797827098, 80.99999999999998579 ) ) ;
#786 = CARTESIAN_POINT ( 'NONE',  ( 66.81798516748332872, 2.344437742542422765, 78.02243660650476897 ) ) ;
#787 = EDGE_CURVE ( 'NONE', #1743, #3038, #1790, .T. ) ;
#788 = VECTOR ( 'NONE', #576, 1000.000000000000000 ) ;
#789 = ORIENTED_EDGE ( 'NONE', *, *, #3008, .F. ) ;
#790 = CARTESIAN_POINT ( 'NONE',  ( 79.65328869788935151, 8.193444761499868889, 83.12130007522189601 ) ) ;
#791 = LINE ( 'NONE', #755, #2236 ) ;
#792 = EDGE_CURVE ( 'NONE', #232, #2974, #1938, .T. ) ;
#793 = CARTESIAN_POINT ( 'NONE',  ( 63.04110666235922622, -4.306446021444513050, 89.34450553397316241 ) ) ;
#794 = PLANE ( 'NONE',  #1513 ) ;
#795 = CARTESIAN_POINT ( 'NONE',  ( 64.87448202818482912, 1.496675784548451071, 84.20942148272020233 ) ) ;
#796 = CARTESIAN_POINT ( 'NONE',  ( 84.71519259344476893, 6.442047806436169033, 77.07318446997675210 ) ) ;
#797 = CARTESIAN_POINT ( 'NONE',  ( 93.35634810627061597, -9.673398986909379715, 75.69677986687165117 ) ) ;
#798 = CARTESIAN_POINT ( 'NONE',  ( 59.04186237767091683, -2.736218681870791425, 85.03988845500008154 ) ) ;
#799 = DIRECTION ( 'NONE',  ( 0.000000000000000000, -1.000000000000000000, 0.000000000000000000 ) ) ;
#800 = CARTESIAN_POINT ( 'NONE',  ( 65.41203549887902113, -1.199999999999999734, 75.39214641920482052 ) ) ;
#801 = ORIENTED_EDGE ( 'NONE', *, *, #1219, .F. ) ;
#802 = CARTESIAN_POINT ( 'NONE',  ( 69.50471734630171738, 6.288893976145814690, 86.24006384514399315 ) ) ;
#803 = DIRECTION ( 'NONE',  ( -2.792670573020103201E-12, 7.514656831187508887E-12, -1.000000000000000000 ) ) ;
#804 = CARTESIAN_POINT ( 'NONE',  ( 69.31064467690755748, 4.562231309977330618, 85.04774794795454795 ) ) ;
#805 = CARTESIAN_POINT ( 'NONE',  ( 64.99332060826294821, -3.721317409172173463, 85.78815094980896561 ) ) ;
#806 = FACE_OUTER_BOUND ( 'NONE', #105, .T. ) ;
#807 = CARTESIAN_POINT ( 'NONE',  ( 65.21311785899332847, 3.674534460459901286, 83.93256431637196613 ) ) ;
#808 = CARTESIAN_POINT ( 'NONE',  ( 64.69943339073856237, 0.5920350023249134619, 77.80194367452561721 ) ) ;
#809 = DIRECTION ( 'NONE',  ( 0.000000000000000000, 0.000000000000000000, -1.000000000000000000 ) ) ;
#810 = AXIS2_PLACEMENT_3D ( 'NONE', #1340, #551, #1969 ) ;
#811 = ORIENTED_EDGE ( 'NONE', *, *, #1671, .T. ) ;
#812 = CARTESIAN_POINT ( 'NONE',  ( 87.41926617722739934, -9.800301540654963617, 81.49039848950845055 ) ) ;
#813 = FACE_BOUND ( 'NONE', #3633, .T. ) ;
#814 = FACE_OUTER_BOUND ( 'NONE', #2415, .T. ) ;
#815 = VERTEX_POINT ( 'NONE', #2545 ) ;
#816 = CARTESIAN_POINT ( 'NONE',  ( 83.57318856398050855, 6.648912920024066864, 81.59440873961852958 ) ) ;
#817 = EDGE_CURVE ( 'NONE', #1273, #2059, #1923, .T. ) ;
#818 = CARTESIAN_POINT ( 'NONE',  ( 60.52786201596575211, -0.9652732743852354691, 84.83004832859754174 ) ) ;
#819 = CARTESIAN_POINT ( 'NONE',  ( 92.84582018472943332, -10.51068878994397870, 79.53205883932606923 ) ) ;
#820 = CARTESIAN_POINT ( 'NONE',  ( 90.01634443242907935, -9.702168111785622884, 75.78115339332219946 ) ) ;
#821 = CARTESIAN_POINT ( 'NONE',  ( 93.32692249335993040, -11.13164939067811332, 79.89999999999888303 ) ) ;
#822 = DIRECTION ( 'NONE',  ( 0.000000000000000000, 0.000000000000000000, -1.000000000000000000 ) ) ;
#823 = ORIENTED_EDGE ( 'NONE', *, *, #3377, .T. ) ;
#824 = CARTESIAN_POINT ( 'NONE',  ( 90.48949884219683781, -8.820250898349756952, 78.84089060535721671 ) ) ;
#825 = CARTESIAN_POINT ( 'NONE',  ( 61.25319606753033952, -3.903522967156882739, 85.48928259185389322 ) ) ;
#826 = VERTEX_POINT ( 'NONE', #539 ) ;
#827 = ADVANCED_FACE ( 'NONE', ( #814 ), #2416, .F. ) ;
#828 = CYLINDRICAL_SURFACE ( 'NONE', #1708, 0.5000000000000004441 ) ;
#829 = LINE ( 'NONE', #246, #3554 ) ;
#830 = CARTESIAN_POINT ( 'NONE',  ( 80.79345397652252814, -2.471430384150180348, 83.16770611550833792 ) ) ;
#831 = AXIS2_PLACEMENT_3D ( 'NONE', #629, #2280, #3160 ) ;
#832 = VECTOR ( 'NONE', #822, 1000.000000000000000 ) ;
#833 = CARTESIAN_POINT ( 'NONE',  ( 87.42726464537878428, 1.300000000000000266, 75.19092794101965183 ) ) ;
#834 = CARTESIAN_POINT ( 'NONE',  ( 67.51307277128975670, 2.583258195372404753, 83.64806005337952399 ) ) ;
#835 = ORIENTED_EDGE ( 'NONE', *, *, #3396, .T. ) ;
#836 = CARTESIAN_POINT ( 'NONE',  ( 69.84421736709926165, 5.895894962233222181, 86.72212519963211719 ) ) ;
#837 = DIRECTION ( 'NONE',  ( -0.3746065934159153454, 0.000000000000000000, -0.9271838545667860920 ) ) ;
#838 = CARTESIAN_POINT ( 'NONE',  ( 63.02547064732875981, -3.203189845727769658, 85.49166768322557175 ) ) ;
#839 = ADVANCED_FACE ( 'NONE', ( #1360 ), #2496, .T. ) ;
#840 = CARTESIAN_POINT ( 'NONE',  ( 64.07435732000307382, -3.514220087896027245, 86.51589528236694093 ) ) ;
#841 = CARTESIAN_POINT ( 'NONE',  ( 89.31808386378253317, -8.443370300302220244, 76.09749236197755806 ) ) ;
#842 = CARTESIAN_POINT ( 'NONE',  ( 75.01908562837596151, 6.931988868526149261, 85.07456643539424590 ) ) ;
#843 = CARTESIAN_POINT ( 'NONE',  ( 62.78406500833362713, -4.248519182909396896, 85.42665522748821161 ) ) ;
#844 = ORIENTED_EDGE ( 'NONE', *, *, #600, .T. ) ;
#845 = CARTESIAN_POINT ( 'NONE',  ( 90.36162395063200847, -9.223338427983108545, 78.42793298139859814 ) ) ;
#846 = SPHERICAL_SURFACE ( 'NONE', #1295, 0.5000000000000000000 ) ;
#847 = VERTEX_POINT ( 'NONE', #851 ) ;
#848 = DIRECTION ( 'NONE',  ( 0.2419218955996641218, 0.000000000000000000, -0.9702957262759973611 ) ) ;
#849 = PLANE ( 'NONE',  #1766 ) ;
#850 = CARTESIAN_POINT ( 'NONE',  ( 79.47990186782158162, -8.011088519721564438, 77.68287202317333140 ) ) ;
#851 = CARTESIAN_POINT ( 'NONE',  ( 61.14692972212678512, -0.2274971115271960109, 88.23262536388644151 ) ) ;
#852 = CARTESIAN_POINT ( 'NONE',  ( 71.27606146325605607, -6.162273236600960047, 84.77426662227030363 ) ) ;
#853 = ORIENTED_EDGE ( 'NONE', *, *, #2606, .T. ) ;
#854 = B_SPLINE_CURVE_WITH_KNOTS ( 'NONE', 3,
 ( #1010, #2152, #775, #2763 ),
 .UNSPECIFIED., .F., .F.,
 ( 4, 4 ),
 ( 4.867445203917508613E-16, 0.0004733627239391406346 ),
 .UNSPECIFIED. ) ;
#855 = CARTESIAN_POINT ( 'NONE',  ( 74.18752217226682433, 7.444990215422593316, 85.27022913968130524 ) ) ;
#856 = CARTESIAN_POINT ( 'NONE',  ( 72.33920679166837431, -6.401863383941831742, 68.18951378390428886 ) ) ;
#857 = DIRECTION ( 'NONE',  ( -0.3732787861277726549, 0.08412200757512078297, -0.9238974162040435312 ) ) ;
#858 = EDGE_CURVE ( 'NONE', #2149, #2897, #2577, .T. ) ;
#859 = CARTESIAN_POINT ( 'NONE',  ( 67.39154487528563209, -2.708926338974533721, 88.62495135781387035 ) ) ;
#860 = CARTESIAN_POINT ( 'NONE',  ( 89.14411721901373653, -9.163934485030607036, 76.34803322220342636 ) ) ;
#861 = ORIENTED_EDGE ( 'NONE', *, *, #2730, .T. ) ;
#862 = CARTESIAN_POINT ( 'NONE',  ( 61.18302222159698545, -0.1844837456189377944, 84.72643468610804973 ) ) ;
#863 = CARTESIAN_POINT ( 'NONE',  ( 79.25513791177203871, 6.220869441205977068, 77.12656171043326481 ) ) ;
#864 = ORIENTED_EDGE ( 'NONE', *, *, #2891, .F. ) ;
#865 = CARTESIAN_POINT ( 'NONE',  ( 66.42235791231021835, 2.050551231951881714, 72.96988013759421676 ) ) ;
#866 = CARTESIAN_POINT ( 'NONE',  ( 67.75389855934407990, 3.638720033647489860, 85.48251283882301266 ) ) ;
#867 = CARTESIAN_POINT ( 'NONE',  ( 0.000000000000000000, 1.300000000000000044, 0.000000000000000000 ) ) ;
#868 = AXIS2_PLACEMENT_3D ( 'NONE', #2100, #1821, #3191 ) ;
#869 = CARTESIAN_POINT ( 'NONE',  ( 90.17990674478969026, -8.873029672425044367, 75.52143685333646772 ) ) ;
#870 = CARTESIAN_POINT ( 'NONE',  ( 75.77002361261288854, -3.227876003911080982, 82.81003266008639230 ) ) ;
#871 = ORIENTED_EDGE ( 'NONE', *, *, #2199, .T. ) ;
#872 = CARTESIAN_POINT ( 'NONE',  ( 92.25054275703982398, -3.703534244501867079, 78.99591556013707816 ) ) ;
#873 = ADVANCED_FACE ( 'NONE', ( #2863 ), #358, .T. ) ;
#874 = AXIS2_PLACEMENT_3D ( 'NONE', #2861, #3118, #2522 ) ;
#875 = ORIENTED_EDGE ( 'NONE', *, *, #238, .T. ) ;
#876 = CARTESIAN_POINT ( 'NONE',  ( 63.12716776041177269, -2.540992529831882951, 84.96162735878334615 ) ) ;
#877 = CARTESIAN_POINT ( 'NONE',  ( 65.46997030961226471, 1.279385139515538672, 83.72609856590240440 ) ) ;
#878 = CARTESIAN_POINT ( 'NONE',  ( 71.27606146325605607, -6.162273236600960047, 88.77426662227030363 ) ) ;
#879 = CARTESIAN_POINT ( 'NONE',  ( 77.74071508899896799, 5.136407792150077256E-14, 83.33598445016664868 ) ) ;
#880 = VERTEX_POINT ( 'NONE', #59 ) ;
#881 = CARTESIAN_POINT ( 'NONE',  ( 65.62647454219772669, 1.393905082635094050, 72.90136021868487148 ) ) ;
#882 = CARTESIAN_POINT ( 'NONE',  ( 78.98328793211088339, 6.761150663792353299, 79.61403370668362811 ) ) ;
#883 = VERTEX_POINT ( 'NONE', #3481 ) ;
#884 = CARTESIAN_POINT ( 'NONE',  ( 69.87754727584217562, 4.244467096821337826, 73.26734745993856279 ) ) ;
#885 = DIRECTION ( 'NONE',  ( 0.000000000000000000, 1.000000000000000000, 0.000000000000000000 ) ) ;
#886 = DIRECTION ( 'NONE',  ( -0.000000000000000000, 1.000000000000000000, -0.000000000000000000 ) ) ;
#887 = CARTESIAN_POINT ( 'NONE',  ( 89.55095306610986938, -5.882485996286603402, 77.05029334615285563 ) ) ;
#888 = CARTESIAN_POINT ( 'NONE',  ( 71.35986574897628998, -5.045051701835857827, 84.46804678501882790 ) ) ;
#889 = VERTEX_POINT ( 'NONE', #3419 ) ;
#890 = EDGE_CURVE ( 'NONE', #2549, #2567, #247, .T. ) ;
#891 = CARTESIAN_POINT ( 'NONE',  ( 86.09082756166648664, 5.482362363288997287, 80.53456684512831032 ) ) ;
#892 = EDGE_CURVE ( 'NONE', #1815, #2549, #19, .T. ) ;
#893 = ORIENTED_EDGE ( 'NONE', *, *, #2343, .F. ) ;
#894 = LINE ( 'NONE', #2112, #248 ) ;
#895 = EDGE_CURVE ( 'NONE', #3219, #3094, #1507, .T. ) ;
#896 = CARTESIAN_POINT ( 'NONE',  ( 61.12724704919652652, -3.875139130012667188, 87.29371645124555812 ) ) ;
#897 = CARTESIAN_POINT ( 'NONE',  ( 90.22436825091244827, -8.647610407104721730, 75.45075529848321594 ) ) ;
#898 = CARTESIAN_POINT ( 'NONE',  ( 77.85680404640926611, 8.397171352784241094, 83.84032276752861890 ) ) ;
#899 = CARTESIAN_POINT ( 'NONE',  ( 78.73134166711440685, 6.275505102820695846, 79.16695446460482799 ) ) ;
#900 = ORIENTED_EDGE ( 'NONE', *, *, #982, .T. ) ;
#901 = LINE ( 'NONE', #13, #2371 ) ;
#902 = CARTESIAN_POINT ( 'NONE',  ( 61.25319606753065216, -3.903522967155605539, 85.09999999999999432 ) ) ;
#903 = EDGE_LOOP ( 'NONE', ( #12, #1156, #2569, #540, #2497, #3023, #3222, #656 ) ) ;
#904 = CARTESIAN_POINT ( 'NONE',  ( 73.77412831345840516, 5.783642231677329271, 71.78681872683618792 ) ) ;
#905 = CARTESIAN_POINT ( 'NONE',  ( 64.09235907689874523, -3.518276958998987514, 87.12824383716350951 ) ) ;
#906 = CARTESIAN_POINT ( 'NONE',  ( 90.25143289251731460, -9.413478849556067729, 77.67705245584927809 ) ) ;
#907 = CARTESIAN_POINT ( 'NONE',  ( 87.48451945537094332, -9.815007001994546343, 79.47481710043346936 ) ) ;
#908 = EDGE_CURVE ( 'NONE', #3001, #2033, #2321, .T. ) ;
#909 = CARTESIAN_POINT ( 'NONE',  ( 80.00020220030103246, -0.07395886194496140154, 80.47662940403071730 ) ) ;
#910 = CARTESIAN_POINT ( 'NONE',  ( 74.01871522000851655, 5.832472263605263052, 79.24221380746402588 ) ) ;
#911 = VERTEX_POINT ( 'NONE', #906 ) ;
#912 = CARTESIAN_POINT ( 'NONE',  ( 92.79467746883346990, -5.586900220087612112, 79.11814920889689517 ) ) ;
#913 = CARTESIAN_POINT ( 'NONE',  ( 93.32692249335993040, -11.13164939067811154, 79.89999999999888303 ) ) ;
#914 = AXIS2_PLACEMENT_3D ( 'NONE', #1152, #3073, #1084 ) ;
#915 = ORIENTED_EDGE ( 'NONE', *, *, #1316, .F. ) ;
#916 = CARTESIAN_POINT ( 'NONE',  ( 59.80880765682868372, -3.947013677431071343, 87.27709970919778470 ) ) ;
#917 = CARTESIAN_POINT ( 'NONE',  ( 64.81115198075632122, 0.7314291375967809650, 65.73416240211768979 ) ) ;
#918 = PERSON_AND_ORGANIZATION ( #18446744073709551615, #18446744073709551615 ) ;
#919 = CARTESIAN_POINT ( 'NONE',  ( 69.83368121662448402, 3.442280765092196937, 87.04869921205410321 ) ) ;
#920 = CARTESIAN_POINT ( 'NONE',  ( 61.57516299574066210, -2.828596222867234999, 85.18875165788304571 ) ) ;
#921 = CARTESIAN_POINT ( 'NONE',  ( 91.01476771495575235, -6.898544276714660306, 74.56013552644949982 ) ) ;
#922 = DIRECTION ( 'NONE',  ( 0.2198462043528370824, 0.9755345439458565915, 0.000000000000000000 ) ) ;
#923 = LINE ( 'NONE', #1742, #1591 ) ;
#924 = ADVANCED_FACE ( 'NONE', ( #2045 ), #1747, .T. ) ;
#925 = ORIENTED_EDGE ( 'NONE', *, *, #1676, .T. ) ;
#926 = CARTESIAN_POINT ( 'NONE',  ( 77.35307517303698432, 0.9590095627785543142, 83.27505639404562032 ) ) ;
#927 = CARTESIAN_POINT ( 'NONE',  ( 62.33204315830429465, -1.148693143884660151, 86.77704220637497201 ) ) ;
#928 = CARTESIAN_POINT ( 'NONE',  ( 76.65613393253291008, -2.290455830413546501, 84.25635014161620973 ) ) ;
#929 = VECTOR ( 'NONE', #2870, 1000.000000000000114 ) ;
#930 = CARTESIAN_POINT ( 'NONE',  ( 58.56980505994576447, -3.298794686161497403, 85.09999999999999432 ) ) ;
#931 = ORIENTED_EDGE ( 'NONE', *, *, #2691, .T. ) ;
#932 = CARTESIAN_POINT ( 'NONE',  ( 92.40232816316431297, -4.186511506646622749, 78.73488707819528543 ) ) ;
#933 = CARTESIAN_POINT ( 'NONE',  ( 81.67006220502075564, -7.273633319095713645, 85.65644389700526062 ) ) ;
#934 = VERTEX_POINT ( 'NONE', #3142 ) ;
#935 = CARTESIAN_POINT ( 'NONE',  ( 59.92813835292147928, -3.187618996121827308, 87.11236571302202947 ) ) ;
#936 = CARTESIAN_POINT ( 'NONE',  ( 62.71511110779744058, -1.470058964952612790, 89.35609991047562062 ) ) ;
#937 = COORDINATED_UNIVERSAL_TIME_OFFSET ( 1, 0, .AHEAD. ) ;
#938 = CARTESIAN_POINT ( 'NONE',  ( 58.56980505994575026, -3.298794686161497403, 89.09999999999999432 ) ) ;
#939 = CYLINDRICAL_SURFACE ( 'NONE', #1015, 2.500000000000015987 ) ;
#940 = ORIENTED_EDGE ( 'NONE', *, *, #2800, .T. ) ;
#941 = CARTESIAN_POINT ( 'NONE',  ( 59.48038955807705008, -2.991464252601521601, 88.57101345230911704 ) ) ;
#942 = CARTESIAN_POINT ( 'NONE',  ( 74.19646767800732334, -6.151593666437100261, 88.13356787412575954 ) ) ;
#943 = ORIENTED_EDGE ( 'NONE', *, *, #566, .F. ) ;
#944 = CARTESIAN_POINT ( 'NONE',  ( 90.15582711583365949, -9.391933157249681585, 76.55686759440868627 ) ) ;
#945 = PLANE ( 'NONE',  #1408 ) ;
#946 = CARTESIAN_POINT ( 'NONE',  ( 59.09736733651973850, -2.670070447755455323, 88.57101345230947231 ) ) ;
#947 = CARTESIAN_POINT ( 'NONE',  ( 58.56980505994575026, -3.298794686161497403, 85.09999999999999432 ) ) ;
#948 = CARTESIAN_POINT ( 'NONE',  ( 63.20256607259454285, -3.016462087993132091, 86.99713491552894595 ) ) ;
#949 = ORIENTED_EDGE ( 'NONE', *, *, #174, .T. ) ;
#950 = CARTESIAN_POINT ( 'NONE',  ( 89.70284139111598165, 1.604841085485299690, 79.30188748025466339 ) ) ;
#951 = CARTESIAN_POINT ( 'NONE',  ( 82.45476807654547713, -4.974013397192611485, 84.60552626552969002 ) ) ;
#952 = B_SPLINE_CURVE_WITH_KNOTS ( 'NONE', 3,
 ( #1382, #3677, #2817, #3409, #3368, #3153, #1438 ),
 .UNSPECIFIED., .F., .F.,
 ( 4, 3, 4 ),
 ( 5.928999604480339826E-16, 0.001035292831118912564, 0.001802632471778350520 ),
 .UNSPECIFIED. ) ;
#953 = ORIENTED_EDGE ( 'NONE', *, *, #3017, .F. ) ;
#954 = CARTESIAN_POINT ( 'NONE',  ( 74.08071987403093317, 5.841618615158065353, 74.13989114451979390 ) ) ;
#955 = CARTESIAN_POINT ( 'NONE',  ( 63.54117343582640842, -0.5274481744192678345, 65.73416240211768979 ) ) ;
#956 = ADVANCED_FACE ( 'NONE', ( #2363 ), #1787, .T. ) ;
#957 = CARTESIAN_POINT ( 'NONE',  ( 61.10297952571420410, -2.193603801920411822, 88.95968258249898497 ) ) ;
#958 = CARTESIAN_POINT ( 'NONE',  ( 86.65550059123101789, -9.628179532084052639, 83.89806713204120570 ) ) ;
#959 = ORIENTED_EDGE ( 'NONE', *, *, #1161, .T. ) ;
#960 = CARTESIAN_POINT ( 'NONE',  ( 60.46391712712486566, -1.041479825387374936, 88.34798976357815548 ) ) ;
#961 = VECTOR ( 'NONE', #2362, 1000.000000000000000 ) ;
#962 = ORIENTED_EDGE ( 'NONE', *, *, #3185, .F. ) ;
#963 = CARTESIAN_POINT ( 'NONE',  ( 82.81338141051490709, 5.168117582147942812, 76.31718820491681754 ) ) ;
#964 = CARTESIAN_POINT ( 'NONE',  ( 62.48011633131135056, 1.242130718299384595, 87.98906102930337170 ) ) ;
#965 = DIRECTION ( 'NONE',  ( 0.000000000000000000, 0.000000000000000000, 1.000000000000000000 ) ) ;
#966 = CARTESIAN_POINT ( 'NONE',  ( 62.03767353517630312, -2.979173157212772871, 85.09890164215396169 ) ) ;
#967 = ORIENTED_EDGE ( 'NONE', *, *, #3659, .T. ) ;
#968 = CYLINDRICAL_SURFACE ( 'NONE', #3384, 2.500000000000015987 ) ;
#969 = CARTESIAN_POINT ( 'NONE',  ( 82.73702093759142429, -7.574884308382773490, 85.25484731937913807 ) ) ;
#970 = EDGE_LOOP ( 'NONE', ( #1007, #1344 ) ) ;
#971 = CARTESIAN_POINT ( 'NONE',  ( 74.78174813942030141, 1.166359934510965202, 84.69584391400223922 ) ) ;
#972 = CARTESIAN_POINT ( 'NONE',  ( 71.12602048635935148, 4.816466061595488846, 73.38964256284391752 ) ) ;
#973 = APPROVAL_ROLE ( '' ) ;
#974 = CARTESIAN_POINT ( 'NONE',  ( 59.24518299208020267, -2.758241493713996739, 89.03706896461228837 ) ) ;
#975 = FACE_OUTER_BOUND ( 'NONE', #1856, .T. ) ;
#976 = EDGE_LOOP ( 'NONE', ( #2282, #2356, #3055, #2273 ) ) ;
#977 = ADVANCED_FACE ( 'NONE', ( #1208 ), #1427, .F. ) ;
#978 = DIRECTION ( 'NONE',  ( 0.9737197611572068201, -0.2194372253877699408, 0.06096827737495384009 ) ) ;
#979 = EDGE_LOOP ( 'NONE', ( #1970, #430, #3574, #2428 ) ) ;
#980 = CARTESIAN_POINT ( 'NONE',  ( 87.44455444897830887, -8.021152140644899120, 77.30163110925678893 ) ) ;
#981 = CARTESIAN_POINT ( 'NONE',  ( 86.85110470155373719, 2.015778482729353005, 75.04727513290738727 ) ) ;
#982 = EDGE_CURVE ( 'NONE', #2425, #1401, #2146, .T. ) ;
#983 = DIRECTION ( 'NONE',  ( 0.000000000000000000, -0.000000000000000000, 1.000000000000000000 ) ) ;
#984 = CARTESIAN_POINT ( 'NONE',  ( 62.10979768697883685, -3.736049279202438900, 85.25153761325668711 ) ) ;
#985 = CARTESIAN_POINT ( 'NONE',  ( 72.63946363010234109, 5.436573330671426341, 79.79946762181101860 ) ) ;
#986 = ORIENTED_EDGE ( 'NONE', *, *, #3592, .F. ) ;
#987 = CARTESIAN_POINT ( 'NONE',  ( 91.14681988288978687, -7.664568921972581883, 72.87877839418447934 ) ) ;
#988 = CARTESIAN_POINT ( 'NONE',  ( 84.14010407136414926, -7.988287180611770566, 84.69890809605924176 ) ) ;
#989 = EDGE_CURVE ( 'NONE', #2302, #3276, #1733, .T. ) ;
#990 = ORIENTED_EDGE ( 'NONE', *, *, #2853, .F. ) ;
#991 = CARTESIAN_POINT ( 'NONE',  ( 92.48994626842183209, -7.890688473531385583, 77.75767762795490512 ) ) ;
#992 = CARTESIAN_POINT ( 'NONE',  ( 72.93761201213295919, 5.510044173439568205, 76.74255422722819731 ) ) ;
#993 = VECTOR ( 'NONE', #3629, 1000.000000000000000 ) ;
#994 = CARTESIAN_POINT ( 'NONE',  ( 60.01359448794246987, -3.479182094746223974, 89.19083134337931540 ) ) ;
#995 = CARTESIAN_POINT ( 'NONE',  ( 71.31561568290440789, -5.514724835119529267, 88.67412133937982333 ) ) ;
#996 = CARTESIAN_POINT ( 'NONE',  ( 74.08071987403093317, 5.841618615158065353, 74.13989114451979390 ) ) ;
#997 = CARTESIAN_POINT ( 'NONE',  ( 93.34471100844218938, -10.60236357233473647, 75.82887505468414702 ) ) ;
#998 = ORIENTED_EDGE ( 'NONE', *, *, #1135, .F. ) ;
#999 = CARTESIAN_POINT ( 'NONE',  ( 91.17275156110406442, -7.996575014137362380, 78.65047883528873740 ) ) ;
#1000 = DIRECTION ( 'NONE',  ( -0.000000000000000000, -0.000000000000000000, -1.000000000000000000 ) ) ;
#1001 = CARTESIAN_POINT ( 'NONE',  ( 75.80903709113638911, -2.417447489244852754, 84.57277894849815425 ) ) ;
#1002 = CARTESIAN_POINT ( 'NONE',  ( 59.26046024518517186, -2.998508290433296697, 85.07310704621359321 ) ) ;
#1003 = CARTESIAN_POINT ( 'NONE',  ( 69.69811220214197078, 4.122496593092538575, 81.63497158371121998 ) ) ;
#1004 = ORIENTED_EDGE ( 'NONE', *, *, #1615, .F. ) ;
#1005 = CARTESIAN_POINT ( 'NONE',  ( 65.41203549887902113, -3.500000000000000000, 75.39214641920482052 ) ) ;
#1006 = CARTESIAN_POINT ( 'NONE',  ( 89.55095306610986938, -5.882485996286603402, 81.05029334615286984 ) ) ;
#1007 = ORIENTED_EDGE ( 'NONE', *, *, #982, .F. ) ;
#1008 = CARTESIAN_POINT ( 'NONE',  ( 80.15315964370677193, -8.157284293054702928, 85.19961912564029660 ) ) ;
#1009 = CARTESIAN_POINT ( 'NONE',  ( 72.38003672566460978, 5.318681748906317175, 74.07498608460259959 ) ) ;
#1010 = CARTESIAN_POINT ( 'NONE',  ( 61.00398125444029063, -3.509304115086164799, 85.40831505500067067 ) ) ;
#1011 = B_SPLINE_CURVE_WITH_KNOTS ( 'NONE', 3,
 ( #1260, #51, #2117, #921, #374, #3454, #2875, #2934, #2658, #1244, #3514, #3247, #699, #1913, #1626, #1841, #778, #2694, #2989, #1278, #2486, #3011, #463, #2467, #185, #2766 ),
 .UNSPECIFIED., .F., .F.,
 ( 4, 2, 2, 2, 2, 2, 2, 2, 2, 2, 2, 2, 4 ),
 ( 0.0004193645117116656402, 0.003323738638528753869, 0.004775925701937297659, 0.006228112765345842315, 0.009132486892162929026, 0.01058467395557146501, 0.01203686101898000273, 0.01494123514579706255, 0.01639342220920558466, 0.01784560927261410676, 0.02074998339943114750, 0.02220217046283967308, 0.02365435752624819171 ),
 .UNSPECIFIED. ) ;
#1012 = CARTESIAN_POINT ( 'NONE',  ( 58.80526767456280623, -3.278004717327983819, 89.10705218075629830 ) ) ;
#1013 = AXIS2_PLACEMENT_3D ( 'NONE', #3557, #417, #139 ) ;
#1015 = AXIS2_PLACEMENT_3D ( 'NONE', #3189, #2657, #75 ) ;
#1014 = CARTESIAN_POINT ( 'NONE',  ( 71.10391822756672298, -6.123479082962473008, 88.19878856025837877 ) ) ;
#1016 = AXIS2_PLACEMENT_3D ( 'NONE', #661, #70, #3470 ) ;
#1017 = CARTESIAN_POINT ( 'NONE',  ( 77.76661906959424186, 6.339500051733595321, 75.05888902963086196 ) ) ;
#1018 = CARTESIAN_POINT ( 'NONE',  ( 91.81547285797766733, -8.982671174055044006, 76.46265222009770923 ) ) ;
#1019 = EDGE_LOOP ( 'NONE', ( #2164, #3236, #998, #1791 ) ) ;
#1020 = CARTESIAN_POINT ( 'NONE',  ( 80.12827374116875490, 8.165629413877459442, 82.67215644756115012 ) ) ;
#1021 = CARTESIAN_POINT ( 'NONE',  ( 87.82335133117136650, 3.949936044311587846, 79.57240975596647559 ) ) ;
#1022 = CARTESIAN_POINT ( 'NONE',  ( 62.71511110779744058, -1.470058964952612790, 80.99999999999998579 ) ) ;
#1023 = EDGE_CURVE ( 'NONE', #3437, #2072, #2622, .T. ) ;
#1024 = DIRECTION ( 'NONE',  ( 0.000000000000000000, 0.000000000000000000, 1.000000000000000000 ) ) ;
#1025 = CARTESIAN_POINT ( 'NONE',  ( 93.20345830020349354, -10.30968602773215181, 75.89557852958640183 ) ) ;
#1026 = VERTEX_POINT ( 'NONE', #2997 ) ;
#1027 = CARTESIAN_POINT ( 'NONE',  ( 66.04406371671689158, -3.198343341622454261, 84.71690233504760670 ) ) ;
#1028 = EDGE_CURVE ( 'NONE', #55, #1844, #2888, .T. ) ;
#1029 = ORIENTED_EDGE ( 'NONE', *, *, #1346, .F. ) ;
#1030 = CARTESIAN_POINT ( 'NONE',  ( 87.88644963207994465, -7.327677298561959596, 80.48634319473003984 ) ) ;
#1031 = CARTESIAN_POINT ( 'NONE',  ( 62.82305368376467669, 1.580117888608564725, 87.92172318181503954 ) ) ;
#1032 = LINE ( 'NONE', #3568, #3250 ) ;
#1033 = B_SPLINE_CURVE_WITH_KNOTS ( 'NONE', 3,
 ( #1359, #2756, #2141, #1583, #228, #1343, #1886, #1287, #1308, #2495, #505, #2161, #2476 ),
 .UNSPECIFIED., .F., .F.,
 ( 4, 1, 1, 1, 1, 1, 2, 2, 4 ),
 ( 0.000000000000000000, 0.2499999999999967804, 0.3749999999999931721, 0.4374999999999938383, 0.4687499999999940048, 0.4843749999999951150, 0.4921874999999947820, 0.4999999999999944489, 1.000000000000000000 ),
 .UNSPECIFIED. ) ;
#1034 = CARTESIAN_POINT ( 'NONE',  ( 62.29794203935036734, -4.138966640419748266, 89.33143344087859816 ) ) ;
#1035 = CARTESIAN_POINT ( 'NONE',  ( 79.25990554701901658, 6.226196289404462902, 75.43120716471992182 ) ) ;
#1036 = ADVANCED_FACE ( 'NONE', ( #2439 ), #433, .T. ) ;
#1037 = CARTESIAN_POINT ( 'NONE',  ( 90.01448495477198719, -1.880509563417645635, 75.82760914663519713 ) ) ;
#1038 = AXIS2_PLACEMENT_3D ( 'NONE', #1929, #7, #3089 ) ;
#1039 = CARTESIAN_POINT ( 'NONE',  ( 68.31436842788394870, -12.87027948883124928, 81.54691951274104156 ) ) ;
#1040 = EDGE_CURVE ( 'NONE', #179, #3172, #53, .T. ) ;
#1041 = CARTESIAN_POINT ( 'NONE',  ( 69.56191400275338310, 6.316889513831083214, 86.22290628218753739 ) ) ;
#1042 = CARTESIAN_POINT ( 'NONE',  ( 59.00453801630698791, -2.815612350178433587, 85.04647397971044143 ) ) ;
#1043 = CARTESIAN_POINT ( 'NONE',  ( 80.48115886688628962, 7.650345822714957222, 82.84928476516344631 ) ) ;
#1044 = CARTESIAN_POINT ( 'NONE',  ( 93.32692249335991619, -11.13164939067811154, 75.89999999999888303 ) ) ;
#1045 = VERTEX_POINT ( 'NONE', #3252 ) ;
#1046 = DIRECTION ( 'NONE',  ( -0.000000000000000000, 1.000000000000000000, -0.000000000000000000 ) ) ;
#1047 = ORIENTED_EDGE ( 'NONE', *, *, #2343, .T. ) ;
#1048 = CARTESIAN_POINT ( 'NONE',  ( 91.83911207021195366, -10.79635683098498333, 76.90678194173793258 ) ) ;
#1049 = CARTESIAN_POINT ( 'NONE',  ( 61.18234153872685965, -0.1852949518748272240, 88.71737162640245344 ) ) ;
#1050 = DIRECTION ( 'NONE',  ( -0.000000000000000000, -1.000000000000000000, -0.000000000000000000 ) ) ;
#1051 = AXIS2_PLACEMENT_3D ( 'NONE', #941, #978, #1842 ) ;
#1052 = CARTESIAN_POINT ( 'NONE',  ( 62.30677477895942218, -4.140957184253865719, 88.71969950214634082 ) ) ;
#1053 = LINE ( 'NONE', #2189, #2811 ) ;
#1054 = CARTESIAN_POINT ( 'NONE',  ( 77.68738957194038619, 6.844795785413937850, 82.13000979920640532 ) ) ;
#1055 = CARTESIAN_POINT ( 'NONE',  ( 59.09736733651249807, -2.670070447764086641, 85.03257094270277605 ) ) ;
#1056 = CARTESIAN_POINT ( 'NONE',  ( 69.97199427522532744, 6.547868013838453294, 82.62913692985215164 ) ) ;
#1057 = DIRECTION ( 'NONE',  ( -0.000000000000000000, 1.000000000000000000, -0.000000000000000000 ) ) ;
#1058 = VERTEX_POINT ( 'NONE', #3291 ) ;
#1059 = DIRECTION ( 'NONE',  ( -0.9271838545667869802, 0.000000000000000000, 0.3746065934159131805 ) ) ;
#1060 = CARTESIAN_POINT ( 'NONE',  ( 78.29542583729391936, 6.342348913439695757, 77.51431055777312906 ) ) ;
#1061 = ORIENTED_EDGE ( 'NONE', *, *, #1811, .T. ) ;
#1062 = CARTESIAN_POINT ( 'NONE',  ( 71.78042812865932376, 23.79604197753717543, 77.37552593746103469 ) ) ;
#1063 =( BOUNDED_CURVE ( )  B_SPLINE_CURVE ( 3, ( #1355, #532, #1663, #1903 ),
 .UNSPECIFIED., .F., .F. ) 
 B_SPLINE_CURVE_WITH_KNOTS ( ( 4, 4 ),
 ( 4.712388980384689674, 7.853981633974482790 ),
 .UNSPECIFIED. ) 
 CURVE ( )  GEOMETRIC_REPRESENTATION_ITEM ( )  RATIONAL_B_SPLINE_CURVE ( ( 1.000000000000000000, 0.3333333333333333703, 0.3333333333333333703, 1.000000000000000000 ) ) 
 REPRESENTATION_ITEM ( '' )  );
#1064 = EDGE_LOOP ( 'NONE', ( #572, #1772, #3583, #2596, #2559, #1532 ) ) ;
#1065 = CARTESIAN_POINT ( 'NONE',  ( 83.68357910312150238, 6.977110888909125563, 81.48887999831394779 ) ) ;
#1066 = CARTESIAN_POINT ( 'NONE',  ( 61.32180718568392308, -3.308800115607541947, 89.17031458333542560 ) ) ;
#1067 = EDGE_CURVE ( 'NONE', #1058, #1547, #2404, .T. ) ;
#1068 = CARTESIAN_POINT ( 'NONE',  ( 86.33510865333283846, -9.555976090529506806, 83.23112222973077223 ) ) ;
#1069 = CARTESIAN_POINT ( 'NONE',  ( 0.000000000000000000, 1.300000000000000044, 0.000000000000000000 ) ) ;
#1070 = CARTESIAN_POINT ( 'NONE',  ( 91.41347133338349806, -6.283616507232849813, 78.07415130996490404 ) ) ;
#1071 = LINE ( 'NONE', #2516, #2124 ) ;
#1072 = CARTESIAN_POINT ( 'NONE',  ( 61.78012365585917820, 0.5271140337886942584, 84.63032250740012330 ) ) ;
#1073 = CARTESIAN_POINT ( 'NONE',  ( 84.71519259344476893, 6.442047806436169033, 77.07318446997675210 ) ) ;
#1074 = CARTESIAN_POINT ( 'NONE',  ( 64.94435306459146773, 0.8128650619534241173, 77.86113015812662752 ) ) ;
#1075 = CARTESIAN_POINT ( 'NONE',  ( 87.10591426974959006, -9.729684638450269318, 77.81894600395609984 ) ) ;
#1076 = EDGE_LOOP ( 'NONE', ( #1566, #1874, #3457, #1179 ) ) ;
#1077 = CARTESIAN_POINT ( 'NONE',  ( 86.99564162045649596, 4.366724112246076039, 80.25788178497647607 ) ) ;
#1078 = DIRECTION ( 'NONE',  ( 0.000000000000000000, 0.000000000000000000, -1.000000000000000000 ) ) ;
#1079 = CARTESIAN_POINT ( 'NONE',  ( 65.41203549887902113, -4.840757910978918055, 77.89214641920483473 ) ) ;
#1080 = ORIENTED_EDGE ( 'NONE', *, *, #378, .F. ) ;
#1081 = CARTESIAN_POINT ( 'NONE',  ( 79.63231399880059769, 7.783544629032245865, 83.19062914485783722 ) ) ;
#1082 =( BOUNDED_CURVE ( )  B_SPLINE_CURVE ( 3, ( #189, #1525, #2084, #1826 ),
 .UNSPECIFIED., .F., .F. ) 
 B_SPLINE_CURVE_WITH_KNOTS ( ( 4, 4 ),
 ( 3.141592653589793116, 4.712388980384689674 ),
 .UNSPECIFIED. ) 
 CURVE ( )  GEOMETRIC_REPRESENTATION_ITEM ( )  RATIONAL_B_SPLINE_CURVE ( ( 1.000000000000000000, 0.8047378541243649375, 0.8047378541243649375, 1.000000000000000000 ) ) 
 REPRESENTATION_ITEM ( '' )  );
#1083 = DIRECTION ( 'NONE',  ( 0.9271838545667860920, 0.000000000000000000, -0.3746065934159153454 ) ) ;
#1084 = DIRECTION ( 'NONE',  ( 0.9702957262759961399, 0.000000000000000000, 0.2419218955996693676 ) ) ;
#1085 = CARTESIAN_POINT ( 'NONE',  ( 72.55194315395955584, 5.989999738789534511, 81.98587153092013580 ) ) ;
#1086 = CARTESIAN_POINT ( 'NONE',  ( 60.76542879555849908, -1.199999999999999956, 80.99999999999998579 ) ) ;
#1087 = CARTESIAN_POINT ( 'NONE',  ( 93.34578095819396992, -10.51695177618803356, 75.81672982608178302 ) ) ;
#1088 = CARTESIAN_POINT ( 'NONE',  ( 75.17720459376785413, 8.182151131330241967, 80.85872342047836980 ) ) ;
#1089 = CARTESIAN_POINT ( 'NONE',  ( 87.17075577420253296, -9.402587734921677765, 77.72000881847446863 ) ) ;
#1090 = ORIENTED_EDGE ( 'NONE', *, *, #1135, .T. ) ;
#1091 = CARTESIAN_POINT ( 'NONE',  ( 84.33752356157910413, 6.257658681695336789, 81.28707093704146303 ) ) ;
#1092 = EDGE_CURVE ( 'NONE', #701, #1734, #1581, .T. ) ;
#1093 = CARTESIAN_POINT ( 'NONE',  ( 65.44759815700535910, 1.244953797415168983, 72.89214641920460735 ) ) ;
#1094 = CARTESIAN_POINT ( 'NONE',  ( 68.54601261163740844, 3.493620317889601701, 78.17120752545216078 ) ) ;
#1095 = ORIENTED_EDGE ( 'NONE', *, *, #2580, .T. ) ;
#1096 = CARTESIAN_POINT ( 'NONE',  ( 72.24814980650214125, 7.415754200984017608, 85.88340406810878846 ) ) ;
#1097 = CARTESIAN_POINT ( 'NONE',  ( 85.43392387456037795, -9.352885329417231830, 74.69393226764552196 ) ) ;
#1098 = CARTESIAN_POINT ( 'NONE',  ( 60.76542879555849908, -1.199999999999999956, 80.99999999999998579 ) ) ;
#1099 = CARTESIAN_POINT ( 'NONE',  ( 90.40928896843696805, -9.449053252677249048, 79.52660582663220623 ) ) ;
#1100 = CC_DESIGN_APPROVAL ( #2342, ( #1824 ) ) ;
#1101 = CARTESIAN_POINT ( 'NONE',  ( 86.97160752653027771, -8.674338280800963474, 77.72332935013912447 ) ) ;
#1102 = DIRECTION ( 'NONE',  ( -0.6427876096865435818, -0.7660444431189744607, 0.000000000000000000 ) ) ;
#1103 = CARTESIAN_POINT ( 'NONE',  ( 87.83037443239932429, -27.98577225509315269, 80.52609979593988498 ) ) ;
#1104 = VECTOR ( 'NONE', #2843, 1000.000000000000000 ) ;
#1105 = ORIENTED_EDGE ( 'NONE', *, *, #2959, .F. ) ;
#1106 = CARTESIAN_POINT ( 'NONE',  ( 93.34578095819398413, -10.51695177618830002, 79.53205883932412235 ) ) ;
#1107 = CARTESIAN_POINT ( 'NONE',  ( 93.50445235089121354, 0.01354900687180399244, 75.32532730777694496 ) ) ;
#1108 = CARTESIAN_POINT ( 'NONE',  ( 65.98937005971409064, 1.716073118242505746, 77.95109871690490877 ) ) ;
#1109 = EDGE_CURVE ( 'NONE', #1461, #2726, #3520, .T. ) ;
#1110 = EDGE_LOOP ( 'NONE', ( #1514, #377, #2394, #604, #1569, #2983 ) ) ;
#1111 = CARTESIAN_POINT ( 'NONE',  ( 79.03859203847626702, 8.262899655878523930, 82.91283297339104763 ) ) ;
#1112 = FACE_OUTER_BOUND ( 'NONE', #1076, .T. ) ;
#1113 = CARTESIAN_POINT ( 'NONE',  ( 91.34444921637680181, -9.813093997743317587, 65.73416240211768979 ) ) ;
#1114 = APPROVAL_DATE_TIME ( #329, #1403 ) ;
#1115 = CARTESIAN_POINT ( 'NONE',  ( 93.32692249335993040, -11.13164939067811510, 79.89999999999888303 ) ) ;
#1116 = CARTESIAN_POINT ( 'NONE',  ( 63.26453481380997346, -1.297366904840095980, 88.76161976977599011 ) ) ;
#1117 = CARTESIAN_POINT ( 'NONE',  ( 83.34778806306700005, -12.87027948883124928, 74.17380019210627040 ) ) ;
#1118 = VERTEX_POINT ( 'NONE', #3016 ) ;
#1119 = CARTESIAN_POINT ( 'NONE',  ( 87.44695352218434437, -8.781462127462670963, 79.23892945956494316 ) ) ;
#1120 = CARTESIAN_POINT ( 'NONE',  ( 72.56064496142499820, 5.993480945542758676, 81.99636874933048603 ) ) ;
#1121 = VERTEX_POINT ( 'NONE', #946 ) ;
#1122 = CARTESIAN_POINT ( 'NONE',  ( 74.14928268286269031, 7.435972057566733184, 85.28391485239666281 ) ) ;
#1123 = CARTESIAN_POINT ( 'NONE',  ( 82.75743387220759928, 5.883945565330134464, 80.12606355190452234 ) ) ;
#1124 = DIRECTION ( 'NONE',  ( 0.000000000000000000, 0.000000000000000000, 1.000000000000000000 ) ) ;
#1125 = ADVANCED_FACE ( 'NONE', ( #2940 ), #2397, .T. ) ;
#1126 = CARTESIAN_POINT ( 'NONE',  ( 80.05040372693262896, -26.23248013416203150, 84.95677679614934164 ) ) ;
#1127 = CARTESIAN_POINT ( 'NONE',  ( 77.85680404640926611, 8.397171352784241094, 79.84032276752861890 ) ) ;
#1128 = EDGE_CURVE ( 'NONE', #3474, #1743, #1598, .T. ) ;
#1129 = ORIENTED_EDGE ( 'NONE', *, *, #112, .F. ) ;
#1130 = CARTESIAN_POINT ( 'NONE',  ( 74.99573948773029031, 8.088519257484033886, 84.91371756008456373 ) ) ;
#1131 = CIRCLE ( 'NONE', #1918, 0.2000000000000057288 ) ;
#1132 = CARTESIAN_POINT ( 'NONE',  ( 89.32944324022439275, -9.205699507689487859, 78.22161178007708315 ) ) ;
#1133 = CARTESIAN_POINT ( 'NONE',  ( 80.76561050777324624, -8.300835475532734264, 80.86511257524144014 ) ) ;
#1134 = CARTESIAN_POINT ( 'NONE',  ( 69.64473042252465973, 0.3493146208725062540, 87.62116465114792163 ) ) ;
#1135 = EDGE_CURVE ( 'NONE', #3117, #1810, #1082, .T. ) ;
#1136 = CARTESIAN_POINT ( 'NONE',  ( 79.25513791177203871, -7.960435774598935588, 77.12656171043326481 ) ) ;
#1137 = ORIENTED_EDGE ( 'NONE', *, *, #2145, .T. ) ;
#1138 = LINE ( 'NONE', #1157, #285 ) ;
#1139 = CARTESIAN_POINT ( 'NONE',  ( 91.75894169795269306, -8.533935746892382213, 76.40146269741808283 ) ) ;
#1140 = ORIENTED_EDGE ( 'NONE', *, *, #481, .F. ) ;
#1141 = EDGE_CURVE ( 'NONE', #815, #2042, #2663, .T. ) ;
#1142 = DIRECTION ( 'NONE',  ( -0.2198462043528367771, -0.9755345439458568135, -5.759211669987095965E-17 ) ) ;
#1143 = CARTESIAN_POINT ( 'NONE',  ( 61.18302222159698545, -0.1844837456189377944, 84.72643468610804973 ) ) ;
#1144 = FACE_OUTER_BOUND ( 'NONE', #3678, .T. ) ;
#1145 = CARTESIAN_POINT ( 'NONE',  ( 77.24603636685625929, -1.906487190578767255, 83.95536273173252084 ) ) ;
#1146 = ADVANCED_BREP_SHAPE_REPRESENTATION ( 'R2 Button REF2012', ( #2773, #3064 ), #1458 ) ;
#1147 = CARTESIAN_POINT ( 'NONE',  ( 67.44951299385297716, -0.07524014540409715290, 84.09418654814527372 ) ) ;
#1148 = ORIENTED_EDGE ( 'NONE', *, *, #566, .T. ) ;
#1149 = CARTESIAN_POINT ( 'NONE',  ( 93.34634168926996267, -10.47218981584124897, 79.80385008581761497 ) ) ;
#1150 = ORIENTED_EDGE ( 'NONE', *, *, #3670, .F. ) ;
#1151 = CARTESIAN_POINT ( 'NONE',  ( 89.88724283673522564, -10.35648410168409228, 75.98581785871739669 ) ) ;
#1152 = CARTESIAN_POINT ( 'NONE',  ( -13.06762198819738963, -12.87027948883124928, 52.41136911691548761 ) ) ;
#1153 = CARTESIAN_POINT ( 'NONE',  ( 69.70307179380796470, -5.807784704686867805, 91.69767859840770541 ) ) ;
#1154 = CARTESIAN_POINT ( 'NONE',  ( 83.36885485837615306, 7.146811309191044792, 81.61630381382563826 ) ) ;
#1155 = CARTESIAN_POINT ( 'NONE',  ( 90.24292253224841431, -8.651791797546545482, 75.43750851212685404 ) ) ;
#1156 = ORIENTED_EDGE ( 'NONE', *, *, #1128, .F. ) ;
#1157 = CARTESIAN_POINT ( 'NONE',  ( 87.42726464537878428, 1.300000000000000266, 75.29195464932541881 ) ) ;
#1158 = CC_DESIGN_APPROVAL ( #1403, ( #3380 ) ) ;
#1159 = CARTESIAN_POINT ( 'NONE',  ( 87.83378470187656717, 1.602447173727304053, 76.32331199430585400 ) ) ;
#1160 = VERTEX_POINT ( 'NONE', #2104 ) ;
#1161 = EDGE_CURVE ( 'NONE', #3297, #880, #2456, .T. ) ;
#1162 = CARTESIAN_POINT ( 'NONE',  ( 68.97999018067662291, 3.749757590428373533, 73.19007415371453362 ) ) ;
#1163 = CARTESIAN_POINT ( 'NONE',  ( 62.94588614508603541, -1.199999999999999734, 75.80215540055340284 ) ) ;
#1164 = DIRECTION ( 'NONE',  ( -0.3746065934159119593, 0.000000000000000000, -0.9271838545667874243 ) ) ;
#1165 = CARTESIAN_POINT ( 'NONE',  ( 91.84748799697484856, -6.237913784810809048, 75.79384850732226653 ) ) ;
#1166 = EDGE_CURVE ( 'NONE', #826, #2401, #1063, .T. ) ;
#1167 = CARTESIAN_POINT ( 'NONE',  ( 85.57554731168754358, 4.403947676836107661, 76.98079359614898465 ) ) ;
#1168 = ORIENTED_EDGE ( 'NONE', *, *, #712, .F. ) ;
#1169 = CARTESIAN_POINT ( 'NONE',  ( 90.50475528610340348, -0.2013204950618186495, 79.21669163775581524 ) ) ;
#1170 = ORIENTED_EDGE ( 'NONE', *, *, #256, .T. ) ;
#1171 = CARTESIAN_POINT ( 'NONE',  ( 67.72114527943682560, -0.4426629094538559461, 86.65437527551269170 ) ) ;
#1172 = CARTESIAN_POINT ( 'NONE',  ( 66.16163567842519910, -3.567241696632609482, 86.95486557846670905 ) ) ;
#1173 = DATE_AND_TIME ( #565, #3014 ) ;
#1174 = CARTESIAN_POINT ( 'NONE',  ( 81.95844900600116034, 7.692054542360181379, 82.19070448630800740 ) ) ;
#1175 = CARTESIAN_POINT ( 'NONE',  ( 65.41203549887902113, -4.840757910978918055, 77.89214641920483473 ) ) ;
#1176 = ORIENTED_EDGE ( 'NONE', *, *, #267, .F. ) ;
#1177 = CARTESIAN_POINT ( 'NONE',  ( 63.94609734690719449, -3.485315454605431018, 85.10646636605424931 ) ) ;
#1178 = CARTESIAN_POINT ( 'NONE',  ( 91.84715814562500213, -9.896075322065515323, 76.67571612986442631 ) ) ;
#1179 = ORIENTED_EDGE ( 'NONE', *, *, #3090, .F. ) ;
#1180 = EDGE_CURVE ( 'NONE', #3295, #3345, #2507, .T. ) ;
#1181 = DIRECTION ( 'NONE',  ( 0.000000000000000000, 1.000000000000000000, 0.000000000000000000 ) ) ;
#1182 = CARTESIAN_POINT ( 'NONE',  ( 65.10111872108849695, -3.745610762971890662, 87.10175730460201748 ) ) ;
#1183 = DIRECTION ( 'NONE',  ( 0.000000000000000000, 0.000000000000000000, -1.000000000000000000 ) ) ;
#1184 = B_SPLINE_CURVE_WITH_KNOTS ( 'NONE', 3,
 ( #1736, #1777, #3447, #877, #2869, #642, #2329, #2017 ),
 .UNSPECIFIED., .F., .F.,
 ( 4, 2, 2, 4 ),
 ( 0.03320208963876796621, 0.03796853105764581848, 0.04035175176708474809, 0.04273497247652367770 ),
 .UNSPECIFIED. ) ;
#1185 = CARTESIAN_POINT ( 'NONE',  ( 87.80089446392832997, -4.243133903660003092, 77.63355778145778174 ) ) ;
#1186 = AXIS2_PLACEMENT_3D ( 'NONE', #1446, #381, #1992 ) ;
#1187 = CIRCLE ( 'NONE', #3272, 0.9500000000000063949 ) ;
#1188 = CARTESIAN_POINT ( 'NONE',  ( 76.46399882567000361, 0.6132327333839378003, 81.69395637028320323 ) ) ;
#1189 = VECTOR ( 'NONE', #3600, 1000.000000000000000 ) ;
#1190 = CARTESIAN_POINT ( 'NONE',  ( 68.31436842788394870, 3.325744241643330490, 81.54691951274104156 ) ) ;
#1191 = ORIENTED_EDGE ( 'NONE', *, *, #2741, .F. ) ;
#1192 = CARTESIAN_POINT ( 'NONE',  ( 93.35200567272570993, -10.02004615251287767, 79.45258939282393840 ) ) ;
#1193 = CARTESIAN_POINT ( 'NONE',  ( 74.61512652658299771, 5.968056863365379883, 71.99650313170920413 ) ) ;
#1194 = ADVANCED_FACE ( 'NONE', ( #3339 ), #1860, .F. ) ;
#1195 = VERTEX_POINT ( 'NONE', #825 ) ;
#1196 = CARTESIAN_POINT ( 'NONE',  ( 70.81495957821825016, 4.675698861493594372, 73.34805201710796041 ) ) ;
#1197 = CARTESIAN_POINT ( 'NONE',  ( 62.71511110779744058, -1.470058964952612790, 65.73416240211768979 ) ) ;
#1198 = COORDINATED_UNIVERSAL_TIME_OFFSET ( 1, 0, .AHEAD. ) ;
#1199 = B_SPLINE_CURVE_WITH_KNOTS ( 'NONE', 3,
 ( #897, #289, #2036, #2814, #820, #2287, #3429 ),
 .UNSPECIFIED., .F., .F.,
 ( 4, 3, 4 ),
 ( -0.0007756989111712961956, 0.000000000000000000, 0.001046441283671359357 ),
 .UNSPECIFIED. ) ;
#1200 = CARTESIAN_POINT ( 'NONE',  ( 74.68742760229855548, 4.438039949233076875, 85.55671523083250918 ) ) ;
#1201 = CARTESIAN_POINT ( 'NONE',  ( 66.03954489376549475, -3.957094234807854161, 86.57314552684110254 ) ) ;
#1202 = ORIENTED_EDGE ( 'NONE', *, *, #1971, .T. ) ;
#1203 = CARTESIAN_POINT ( 'NONE',  ( 59.09736733651973850, -2.670070447755455323, 88.57101345230947231 ) ) ;
#1204 = DIRECTION ( 'NONE',  ( 0.9702957262759990265, 0.000000000000000000, 0.2419218955996572107 ) ) ;
#1205 = ORIENTED_EDGE ( 'NONE', *, *, #533, .T. ) ;
#1206 = CARTESIAN_POINT ( 'NONE',  ( 75.14287980278037082, 1.845465154240819805, 83.86717989817695695 ) ) ;
#1207 = PLANE ( 'NONE',  #1262 ) ;
#1208 = FACE_OUTER_BOUND ( 'NONE', #1529, .T. ) ;
#1209 = CARTESIAN_POINT ( 'NONE',  ( 67.40198556755430559, -5.289212527136107234, 85.21247881307255057 ) ) ;
#1210 = ORIENTED_EDGE ( 'NONE', *, *, #626, .T. ) ;
#1211 = CARTESIAN_POINT ( 'NONE',  ( 93.21492320779316287, -8.042475904737351300, 79.14328949152012171 ) ) ;
#1212 = CARTESIAN_POINT ( 'NONE',  ( 83.61217498983560859, -1.482010823936470434, 83.15772093141686128 ) ) ;
#1213 = CIRCLE ( 'NONE', #1038, 0.5000000000000004441 ) ;
#1214 = VERTEX_POINT ( 'NONE', #484 ) ;
#1215 = DIRECTION ( 'NONE',  ( -0.9718223404842120106, 0.2190096231718909048, 0.08715574274765082452 ) ) ;
#1216 = LINE ( 'NONE', #348, #2795 ) ;
#1217 = PERSON_AND_ORGANIZATION_ROLE ( 'design_supplier' ) ;
#1218 = CARTESIAN_POINT ( 'NONE',  ( 59.95136008633983238, -2.697521312913661262, 89.03718966266997370 ) ) ;
#1219 = EDGE_CURVE ( 'NONE', #2459, #847, #3187, .T. ) ;
#1220 = CARTESIAN_POINT ( 'NONE',  ( 74.20739888539056039, -6.154009116053023476, 88.13135156524482738 ) ) ;
#1221 = ORIENTED_EDGE ( 'NONE', *, *, #1671, .F. ) ;
#1222 = DIRECTION ( 'NONE',  ( -0.9075829487463445977, 0.2045326510019156441, 0.3666873134143294188 ) ) ;
#1223 = CARTESIAN_POINT ( 'NONE',  ( 59.84060800403587166, -2.980919482037879931, 89.08533165141579957 ) ) ;
#1224 = VERTEX_POINT ( 'NONE', #2473 ) ;
#1225 = B_SPLINE_SURFACE_WITH_KNOTS ( 'NONE', 5, 5, ( 
 ( #3241, #1533, #389, #2590, #616, #2613, #90, #68, #694, #935, #916, #2055 ),
 ( #3184, #1834, #3223, #2073, #3528, #2672, #1171, #2094, #2653, #2890, #1515, #109 ),
 ( #129, #640, #1776, #2387, #971, #2966, #46, #2306, #3024, #441, #3586, #3298 ),
 ( #1313, #1570, #2689, #147, #1974, #830, #3666, #2130, #180, #1622, #773, #1008 ),
 ( #2406, #2706, #3261, #1909, #715, #1551, #493, #164, #2761, #215, #424, #3041 ),
 ( #1293, #3547, #1107, #1274, #1857, #2245, #1891, #991, #1389, #2984, #2429, #3603 ) ),
 .UNSPECIFIED., .F., .F., .F.,
 ( 6, 6 ),
 ( 6, 3, 3, 6 ),
 ( -12.37005447126875346, 21.72737028740693432 ),
 ( -10.87636964256334693, -3.035989722742351127, 0.5127919759324637283, 4.436871660997103284 ),
 .UNSPECIFIED. ) ;
#1226 = CARTESIAN_POINT ( 'NONE',  ( 88.11385194124690656, -8.931754177118556015, 78.89861613831006082 ) ) ;
#1227 =( BOUNDED_SURFACE ( )  B_SPLINE_SURFACE ( 3, 2, ( 
 ( #999, #101, #3268 ),
 ( #3231, #2975, #2697 ),
 ( #1281, #1866, #1226 ),
 ( #3518, #2361, #3498 ) ),
 .UNSPECIFIED., .F., .F., .T. ) 
 B_SPLINE_SURFACE_WITH_KNOTS ( ( 4, 4 ),
 ( 3, 3 ),
 ( 0.01380222456060005605, 0.01759563805982924251 ),
 ( 0.000000000000000000, 1.000000000000000000 ),
 .UNSPECIFIED. ) 
 GEOMETRIC_REPRESENTATION_ITEM ( )  RATIONAL_B_SPLINE_SURFACE ( (
 ( 1.000000000000000000, 0.5828139178486665406, 1.000000000000000000),
 ( 1.000000000000000000, 0.5787693509403663006, 1.000000000000000000),
 ( 1.000000000000000000, 0.5760077011250224199, 1.000000000000000000),
 ( 1.000000000000000000, 0.5743947504022686168, 1.000000000000000000) ) ) 
 REPRESENTATION_ITEM ( '' )  SURFACE ( )  );
#1228 = LINE ( 'NONE', #687, #961 ) ;
#1229 = CARTESIAN_POINT ( 'NONE',  ( 77.67179495408807099, -1.170474289383871991, 83.62598816629370901 ) ) ;
#1230 = EDGE_CURVE ( 'NONE', #2567, #1118, #1966, .T. ) ;
#1231 = CARTESIAN_POINT ( 'NONE',  ( 60.52786201597336202, -0.9652732743761696099, 84.83004832859641908 ) ) ;
#1232 = CARTESIAN_POINT ( 'NONE',  ( 75.16434903479289176, -7.038536685529038550, 86.05357387834320093 ) ) ;
#1233 = ORIENTED_EDGE ( 'NONE', *, *, #1615, .T. ) ;
#1234 = CARTESIAN_POINT ( 'NONE',  ( 91.92518774383088953, -2.775026249850724991, 78.68850936181813438 ) ) ;
#1235 = CARTESIAN_POINT ( 'NONE',  ( 84.95786611619286077, -6.009078176134209137, 83.65796317681422067 ) ) ;
#1236 = ADVANCED_FACE ( 'NONE', ( #2771 ), #3306, .F. ) ;
#1237 = ORIENTED_EDGE ( 'NONE', *, *, #2186, .T. ) ;
#1238 = LINE ( 'NONE', #2373, #1855 ) ;
#1239 = CARTESIAN_POINT ( 'NONE',  ( 90.70710269468889919, -7.886908793075186885, 78.92191088286998024 ) ) ;
#1240 = PERSON_AND_ORGANIZATION_ROLE ( 'creator' ) ;
#1241 = AXIS2_PLACEMENT_3D ( 'NONE', #2876, #2312, #1680 ) ;
#1242 = CARTESIAN_POINT ( 'NONE',  ( 59.92086310252987857, -2.217586426595199889, 88.96625520842961521 ) ) ;
#1243 = CARTESIAN_POINT ( 'NONE',  ( 87.14834186222832102, -12.87027948883124928, 21.72852202760428142 ) ) ;
#1244 = CARTESIAN_POINT ( 'NONE',  ( 89.13306161974608699, -1.394265169071597477, 75.02626427745637727 ) ) ;
#1245 = FACE_OUTER_BOUND ( 'NONE', #1439, .T. ) ;
#1246 = ORIENTED_EDGE ( 'NONE', *, *, #3502, .F. ) ;
#1247 = CARTESIAN_POINT ( 'NONE',  ( 60.86399397470513861, -1.303342966101694644, 88.84970532832910806 ) ) ;
#1248 = CARTESIAN_POINT ( 'NONE',  ( 75.66339849242298499, -2.398741447276314886, 84.61578285084077322 ) ) ;
#1249 = CARTESIAN_POINT ( 'NONE',  ( 58.56980505994575736, -3.298794686161497403, 85.09999999999999432 ) ) ;
#1250 = ORIENTED_EDGE ( 'NONE', *, *, #890, .F. ) ;
#1251 = CARTESIAN_POINT ( 'NONE',  ( 90.05417505527066169, -9.369024876022626458, 75.36584019704052650 ) ) ;
#1252 = CARTESIAN_POINT ( 'NONE',  ( 91.59519285531844446, -10.49184380114698278, 81.01615053660822241 ) ) ;
#1253 = B_SPLINE_CURVE_WITH_KNOTS ( 'NONE', 3,
 ( #367, #2614, #2591, #1497 ),
 .UNSPECIFIED., .F., .F.,
 ( 4, 4 ),
 ( 0.0004985123573717389726, 0.002066104919832236451 ),
 .UNSPECIFIED. ) ;
#1254 = EDGE_CURVE ( 'NONE', #3468, #1026, #3654, .T. ) ;
#1255 = ORIENTED_EDGE ( 'NONE', *, *, #1128, .T. ) ;
#1256 = CARTESIAN_POINT ( 'NONE',  ( 91.34644233332130625, -10.26337288176163298, 72.92854986107319348 ) ) ;
#1257 = CARTESIAN_POINT ( 'NONE',  ( 70.38608149158085325, 4.472602958561227915, 78.32962441814780163 ) ) ;
#1258 = CARTESIAN_POINT ( 'NONE',  ( 60.64235145294147600, -2.395629090803198746, 88.99367291817027592 ) ) ;
#1259 = CARTESIAN_POINT ( 'NONE',  ( 62.94737083057487581, -4.285321739406617425, 87.34006167849199187 ) ) ;
#1260 = CARTESIAN_POINT ( 'NONE',  ( 91.34644233332124941, -10.26337288176162410, 74.84852664626220076 ) ) ;
#1261 = CARTESIAN_POINT ( 'NONE',  ( 59.39692873794617611, -3.485195057391130558, 85.79691986038555740 ) ) ;
#1262 = AXIS2_PLACEMENT_3D ( 'NONE', #867, #2544, #2563 ) ;
#1263 = ORIENTED_EDGE ( 'NONE', *, *, #112, .T. ) ;
#1264 = CARTESIAN_POINT ( 'NONE',  ( 87.37149490805084895, -8.433117598089960865, 77.52219609935436040 ) ) ;
#1265 = CARTESIAN_POINT ( 'NONE',  ( 84.88061580628345837, 3.921514590321554028, 74.55597707202504409 ) ) ;
#1266 = DIRECTION ( 'NONE',  ( 0.08502343775359229305, -0.01916085923062344973, 0.9961946980917461003 ) ) ;
#1267 = ADVANCED_FACE ( 'NONE', ( #762 ), #1371, .F. ) ;
#1268 = CARTESIAN_POINT ( 'NONE',  ( 60.03342940104622016, -3.628636676879603673, 85.22360424117916011 ) ) ;
#1269 = CARTESIAN_POINT ( 'NONE',  ( 61.25319606753065216, -3.903522967155605095, 80.99999999999998579 ) ) ;
#1270 = EDGE_LOOP ( 'NONE', ( #2608, #690, #2007, #714, #1601 ) ) ;
#1271 = LINE ( 'NONE', #2383, #538 ) ;
#1272 = CARTESIAN_POINT ( 'NONE',  ( 88.18796553741728417, 2.088136464297913442, 80.03559371587149940 ) ) ;
#1273 = VERTEX_POINT ( 'NONE', #2335 ) ;
#1274 = CARTESIAN_POINT ( 'NONE',  ( 93.30264222435887689, -1.481328047806023340, 75.75398214173273459 ) ) ;
#1275 = CARTESIAN_POINT ( 'NONE',  ( 64.28734190286709804, 2.245485716453860636, 88.19491739323729007 ) ) ;
#1276 = CARTESIAN_POINT ( 'NONE',  ( 60.55496521734123405, -1.200377562676164356, 88.84414214947666721 ) ) ;
#1277 = DIRECTION ( 'NONE',  ( -0.9702957262759961399, 0.000000000000000000, -0.2419218955996691733 ) ) ;
#1278 = CARTESIAN_POINT ( 'NONE',  ( 83.12679514496913669, 5.051311176872022912, 77.45915237124644648 ) ) ;
#1279 = DIRECTION ( 'NONE',  ( 0.9718223404842120106, -0.2190096231718909048, -0.08715574274765119922 ) ) ;
#1280 = ORIENTED_EDGE ( 'NONE', *, *, #240, .F. ) ;
#1281 = CARTESIAN_POINT ( 'NONE',  ( 88.97982865897010640, -7.482980412583090768, 79.89890147415923138 ) ) ;
#1282 = FACE_OUTER_BOUND ( 'NONE', #2840, .T. ) ;
#1283 = CARTESIAN_POINT ( 'NONE',  ( 75.23348513381620251, -2.277577015963368812, 84.72453119454604575 ) ) ;
#1284 = ADVANCED_FACE ( 'NONE', ( #2295 ), #3192, .F. ) ;
#1285 = ADVANCED_FACE ( 'NONE', ( #313 ), #3156, .F. ) ;
#1286 = CARTESIAN_POINT ( 'NONE',  ( 63.34353645511417596, -2.872743713500303997, 85.04367729330077452 ) ) ;
#1287 = CARTESIAN_POINT ( 'NONE',  ( 61.30400291775738708, -2.373890306542086659, 86.99446303154788041 ) ) ;
#1288 = VERTEX_POINT ( 'NONE', #3476 ) ;
#1289 = CARTESIAN_POINT ( 'NONE',  ( 75.17079756546684166, 1.333034886086334867E-14, 82.76732087348423761 ) ) ;
#1290 = CARTESIAN_POINT ( 'NONE',  ( 85.85513438212396409, -8.522603460455300706, 83.96727414634409570 ) ) ;
#1291 = EDGE_CURVE ( 'NONE', #171, #2033, #635, .T. ) ;
#1292 = ORIENTED_EDGE ( 'NONE', *, *, #2891, .T. ) ;
#1293 = CARTESIAN_POINT ( 'NONE',  ( 93.93807120134053434, 3.021661129426453929, 74.54954947513830632 ) ) ;
#1294 = CARTESIAN_POINT ( 'NONE',  ( 64.64037791612138051, 3.192015275921080697, 87.53582869430732671 ) ) ;
#1295 = AXIS2_PLACEMENT_3D ( 'NONE', #3137, #2275, #606 ) ;
#1296 = CARTESIAN_POINT ( 'NONE',  ( 87.98891883575578277, -9.223741899937815347, 82.97399003259296535 ) ) ;
#1297 = CARTESIAN_POINT ( 'NONE',  ( 60.59692661917452483, -1.676461855574822080, 88.88887751503713730 ) ) ;
#1298 = ADVANCED_FACE ( 'NONE', ( #2598 ), #846, .T. ) ;
#1299 = CARTESIAN_POINT ( 'NONE',  ( 60.10460387816377192, -3.644676538038072788, 88.61970539685687243 ) ) ;
#1300 = CARTESIAN_POINT ( 'NONE',  ( 82.81338141051490709, 5.168117582147942812, 76.31718820491681754 ) ) ;
#1301 = DIRECTION ( 'NONE',  ( 0.3746065934159060751, 1.167932354876878927E-16, 0.9271838545667897558 ) ) ;
#1302 = VERTEX_POINT ( 'NONE', #1441 ) ;
#1303 = CARTESIAN_POINT ( 'NONE',  ( 60.96440828583575211, -0.4450176889471352815, 88.50019031362087674 ) ) ;
#1304 = DIRECTION ( 'NONE',  ( -0.08502343775359195999, 0.01916085923062318258, -0.9961946980917461003 ) ) ;
#1305 = CARTESIAN_POINT ( 'NONE',  ( 74.18392405028895098, -1.426687566624285086, 84.84919856415379513 ) ) ;
#1306 = EDGE_CURVE ( 'NONE', #1328, #586, #923, .T. ) ;
#1307 = CARTESIAN_POINT ( 'NONE',  ( 58.79491201280066548, -3.118588700132904901, 85.07978998461368292 ) ) ;
#1308 = CARTESIAN_POINT ( 'NONE',  ( 61.28897433788163340, -2.391800670600605194, 86.99758473252157387 ) ) ;
#1309 = ORIENTED_EDGE ( 'NONE', *, *, #1573, .T. ) ;
#1310 = CARTESIAN_POINT ( 'NONE',  ( 89.88724283673522564, -10.35648410168409228, 75.98581785871739669 ) ) ;
#1311 = EDGE_CURVE ( 'NONE', #3437, #607, #44, .T. ) ;
#1312 = VERTEX_POINT ( 'NONE', #2899 ) ;
#1313 = CARTESIAN_POINT ( 'NONE',  ( 82.01562748789206125, 6.374827369206107264, 80.71910065265824130 ) ) ;
#1314 = CARTESIAN_POINT ( 'NONE',  ( 71.57631209030199670, 5.008291348220360817, 73.53154226321710496 ) ) ;
#1315 = CARTESIAN_POINT ( 'NONE',  ( 63.89753016145932918, 0.5314819765717565536, 84.43362111969108241 ) ) ;
#1316 = EDGE_CURVE ( 'NONE', #1312, #362, #1698, .T. ) ;
#1317 = VECTOR ( 'NONE', #2753, 1000.000000000000114 ) ;
#1319 = VECTOR ( 'NONE', #427, 1000.000000000000000 ) ;
#1318 = CARTESIAN_POINT ( 'NONE',  ( 74.15009483897213727, -6.809964630833087895, 88.32379434990743050 ) ) ;
#1320 = VECTOR ( 'NONE', #1907, 1000.000000000000000 ) ;
#1321 = CARTESIAN_POINT ( 'NONE',  ( 69.69811220214197078, -12.87027948883124928, 81.63497158371121998 ) ) ;
#1322 = CARTESIAN_POINT ( 'NONE',  ( 84.33344892880805332, 5.021139541595750266, 79.51714558727735493 ) ) ;
#1323 = CARTESIAN_POINT ( 'NONE',  ( 90.17930156151375343, 0.9785900854671896187, 75.15622443039954703 ) ) ;
#1324 = CARTESIAN_POINT ( 'NONE',  ( 93.35818658832032213, -9.526636904094777591, 79.37367910046630470 ) ) ;
#1325 = CARTESIAN_POINT ( 'NONE',  ( 73.96044634561198450, -1.029191918782679238, 84.82690177355614480 ) ) ;
#1326 = CARTESIAN_POINT ( 'NONE',  ( 93.11382624099432803, -10.44535554431281632, 79.94907720921000305 ) ) ;
#1327 = DIRECTION ( 'NONE',  ( 0.2198462043528372489, 0.9755345439458567025, -1.665334536937735550E-16 ) ) ;
#1328 = VERTEX_POINT ( 'NONE', #3212 ) ;
#1329 = CARTESIAN_POINT ( 'NONE',  ( 88.59781610913650240, -0.3777430313575640408, 72.24324037403494003 ) ) ;
#1330 =( BOUNDED_SURFACE ( )  B_SPLINE_SURFACE ( 3, 2, ( 
 ( #409, #3512, #3225 ),
 ( #1536, #2674, #131 ),
 ( #3531, #2115, #3245 ),
 ( #2969, #1894, #3009 ) ),
 .UNSPECIFIED., .F., .F., .F. ) 
 B_SPLINE_SURFACE_WITH_KNOTS ( ( 4, 4 ),
 ( 3, 3 ),
 ( 0.001157886211886526018, 0.004364969676491671502 ),
 ( 0.000000000000000000, 1.000000000000000000 ),
 .UNSPECIFIED. ) 
 GEOMETRIC_REPRESENTATION_ITEM ( )  RATIONAL_B_SPLINE_SURFACE ( (
 ( 1.000000000000000000, 0.7498655938792679887, 1.000000000000000000),
 ( 1.000000000000000000, 0.7288373178738380975, 1.000000000000000000),
 ( 1.000000000000000000, 0.7252468111144675378, 1.000000000000000000),
 ( 1.000000000000000000, 0.7157376819945165947, 1.000000000000000000) ) ) 
 REPRESENTATION_ITEM ( '' )  SURFACE ( )  );
#1331 = EDGE_LOOP ( 'NONE', ( #2382, #2629, #2952, #2760 ) ) ;
#1332 = CARTESIAN_POINT ( 'NONE',  ( 65.96326386852801704, -3.939903563327601610, 85.67938311362478032 ) ) ;
#1333 = CARTESIAN_POINT ( 'NONE',  ( 62.20326510175363666, 0.2343669240101834417, 88.61416497187542518 ) ) ;
#1334 = CARTESIAN_POINT ( 'NONE',  ( 89.93503724906196339, -9.671432416422236500, 81.87969722009191287 ) ) ;
#1335 = CARTESIAN_POINT ( 'NONE',  ( 73.96795675251024704, -6.768918040234959577, 87.66457412624691869 ) ) ;
#1336 = CARTESIAN_POINT ( 'NONE',  ( 62.71511110779744058, -1.470058964952612790, 89.35609991047562062 ) ) ;
#1337 = CARTESIAN_POINT ( 'NONE',  ( 67.86857831145616160, -5.394363743318523419, 84.90364809079092367 ) ) ;
#1338 = CARTESIAN_POINT ( 'NONE',  ( 85.98507779123997352, 5.586722070452992739, 76.57333065721175558 ) ) ;
#1339 = CARTESIAN_POINT ( 'NONE',  ( 77.85680404640926611, 8.397171352784241094, 79.84032276752861890 ) ) ;
#1340 = CARTESIAN_POINT ( 'NONE',  ( 61.52995194368233456, -0.5488909163750943510, 88.23262536388644151 ) ) ;
#1341 = VERTEX_POINT ( 'NONE', #2358 ) ;
#1342 = CARTESIAN_POINT ( 'NONE',  ( 59.48038955807696482, -2.991464252601416351, 88.57101345230677225 ) ) ;
#1343 = CARTESIAN_POINT ( 'NONE',  ( 61.37814450557695523, -2.285531802897442955, 86.97905276668917907 ) ) ;
#1344 = ORIENTED_EDGE ( 'NONE', *, *, #3390, .F. ) ;
#1345 = CARTESIAN_POINT ( 'NONE',  ( 78.67925666340165947, 22.24132382095048754, 75.96742282180213124 ) ) ;
#1346 = EDGE_CURVE ( 'NONE', #352, #3437, #2808, .T. ) ;
#1347 = ORIENTED_EDGE ( 'NONE', *, *, #3008, .T. ) ;
#1348 = CARTESIAN_POINT ( 'NONE',  ( 82.39033039144520387, 7.523589669711998162, 82.01403174802801743 ) ) ;
#1349 = CARTESIAN_POINT ( 'NONE',  ( 70.53422835107853928, -12.87027948883124928, 70.53422835107890876 ) ) ;
#1350 = CARTESIAN_POINT ( 'NONE',  ( 59.70224923329582367, -3.554002002758630763, 89.19176159345141741 ) ) ;
#1351 = FACE_OUTER_BOUND ( 'NONE', #1110, .T. ) ;
#1352 = CARTESIAN_POINT ( 'NONE',  ( 60.96542879555850192, -3.838671811580094850, 65.35983515722148240 ) ) ;
#1353 = CARTESIAN_POINT ( 'NONE',  ( 72.53354490673667954, 7.548740040877875757, 81.79703496081505421 ) ) ;
#1354 = CARTESIAN_POINT ( 'NONE',  ( 83.59625484347914437, 7.018453378634534445, 81.13950347528243867 ) ) ;
#1355 = CARTESIAN_POINT ( 'NONE',  ( 70.60052053489955881, -6.010033513352006196, 74.88883821762789239 ) ) ;
#1356 = ORIENTED_EDGE ( 'NONE', *, *, #378, .T. ) ;
#1357 = AXIS2_PLACEMENT_3D ( 'NONE', #209, #1327, #1849 ) ;
#1358 = CARTESIAN_POINT ( 'NONE',  ( 92.01677527415813529, -3.773131870727363779, 79.14122682871558823 ) ) ;
#1359 = CARTESIAN_POINT ( 'NONE',  ( 62.33204315830429465, -1.148693143884660151, 86.77704220637497201 ) ) ;
#1360 = FACE_OUTER_BOUND ( 'NONE', #2142, .T. ) ;
#1361 = ORIENTED_EDGE ( 'NONE', *, *, #2145, .F. ) ;
#1362 = CARTESIAN_POINT ( 'NONE',  ( 68.65723020903567431, 5.855771130371538291, 86.48982935223662594 ) ) ;
#1363 = CARTESIAN_POINT ( 'NONE',  ( 89.57807612549576959, -10.28681037417194233, 81.46362749161235683 ) ) ;
#1364 = CARTESIAN_POINT ( 'NONE',  ( 76.65122268171819542, 6.570427861459239516, 65.73416240211768979 ) ) ;
#1365 = CARTESIAN_POINT ( 'NONE',  ( 82.75743387220752822, 5.883945565330177097, 78.11299921086634868 ) ) ;
#1366 = CARTESIAN_POINT ( 'NONE',  ( 87.44455444897830887, -8.021152140644899120, 77.30163110925678893 ) ) ;
#1367 = EDGE_CURVE ( 'NONE', #2327, #171, #1032, .T. ) ;
#1368 = VECTOR ( 'NONE', #1950, 1000.000000000000114 ) ;
#1369 = CARTESIAN_POINT ( 'NONE',  ( 88.61640360443823283, 3.104175318749166745, 79.35617336236632013 ) ) ;
#1370 = CARTESIAN_POINT ( 'NONE',  ( 93.34578095819398413, -10.51695177618830002, 79.53205883932412235 ) ) ;
#1371 = PLANE ( 'NONE',  #518 ) ;
#1372 = ORIENTED_EDGE ( 'NONE', *, *, #858, .T. ) ;
#1373 = CARTESIAN_POINT ( 'NONE',  ( 92.16245641350307949, -4.237435517077360103, 79.16402132293602278 ) ) ;
#1374 = CARTESIAN_POINT ( 'NONE',  ( 90.01448495477202982, -1.880509563417685159, 77.84066113882148841 ) ) ;
#1375 = CARTESIAN_POINT ( 'NONE',  ( 87.10591426974959006, -9.729684638450269318, 77.81894600395609984 ) ) ;
#1376 = VERTEX_POINT ( 'NONE', #2185 ) ;
#1377 = CARTESIAN_POINT ( 'NONE',  ( 77.64236634298202944, 8.346903667347612910, 83.44594305337267315 ) ) ;
#1378 = CARTESIAN_POINT ( 'NONE',  ( 85.75991287464570689, -9.426350123423956617, 82.35372295584498659 ) ) ;
#1379 = CARTESIAN_POINT ( 'NONE',  ( 71.91373200143785027, -6.305978498824962308, 68.08343100419486404 ) ) ;
#1380 = CARTESIAN_POINT ( 'NONE',  ( 88.33616203146189605, 0.3194501054569939269, 65.73416240211768979 ) ) ;
#1381 = MECHANICAL_CONTEXT ( 'NONE', #162, 'mechanical' ) ;
#1382 = CARTESIAN_POINT ( 'NONE',  ( 65.70094872917626105, -4.905867319421169270, 85.18178705073435708 ) ) ;
#1383 = CARTESIAN_POINT ( 'NONE',  ( 73.99486055625111192, 7.887367787277419495, 84.77226221663781303 ) ) ;
#1384 = CARTESIAN_POINT ( 'NONE',  ( 72.14632444423131119, -12.87027948883124928, 68.92213225792613684 ) ) ;
#1385 = VERTEX_POINT ( 'NONE', #1607 ) ;
#1386 = EDGE_CURVE ( 'NONE', #2042, #1195, #854, .T. ) ;
#1387 = CARTESIAN_POINT ( 'NONE',  ( 2.343178261550288521, 10.39750194229728386, 5.562397039815653819E-16 ) ) ;
#1388 = CARTESIAN_POINT ( 'NONE',  ( 80.27094503034906836, 6.589680434807517528, 81.10774646682519062 ) ) ;
#1389 = CARTESIAN_POINT ( 'NONE',  ( 92.31341189787075052, -9.305814299312205051, 78.20922451455021474 ) ) ;
#1390 = CARTESIAN_POINT ( 'NONE',  ( 70.38608149158085325, 4.472602958561227915, 78.32962441814780163 ) ) ;
#1391 = ORIENTED_EDGE ( 'NONE', *, *, #1943, .F. ) ;
#1392 = CARTESIAN_POINT ( 'NONE',  ( 76.70993035707583374, 8.311619361606531697, 83.79529070529115131 ) ) ;
#1393 = CARTESIAN_POINT ( 'NONE',  ( 70.60052053489955881, -14.08234068259056926, 74.88883821762789239 ) ) ;
#1394 = CARTESIAN_POINT ( 'NONE',  ( 91.34644233332127783, -10.26337288175498053, 65.73416240211768979 ) ) ;
#1395 = PERSON_AND_ORGANIZATION ( #18446744073709551615, #18446744073709551615 ) ;
#1396 = CARTESIAN_POINT ( 'NONE',  ( 64.02067062252771734, -3.502121268087493799, 85.86985390867504009 ) ) ;
#1397 = CONICAL_SURFACE ( 'NONE', #573, 1.425000000000010703, 0.5235987755983000369 ) ;
#1398 = EDGE_CURVE ( 'NONE', #2837, #2688, #791, .T. ) ;
#1399 = CARTESIAN_POINT ( 'NONE',  ( 65.21311785899332847, 3.674534460459901286, 87.93256431637198034 ) ) ;
#1400 = CARTESIAN_POINT ( 'NONE',  ( 65.27580922048264256, 1.099908663880459159, 72.89214641920544580 ) ) ;
#1401 = VERTEX_POINT ( 'NONE', #3316 ) ;
#1402 = CARTESIAN_POINT ( 'NONE',  ( -11.77277965804892368, 10.00000000000000000, 47.21804018722344409 ) ) ;
#1403 = APPROVAL ( #2533, 'Deckungsgleich' ) ;
#1404 = CARTESIAN_POINT ( 'NONE',  ( 69.03825845178201348, 3.776977991999870277, 70.60603375249914393 ) ) ;
#1405 = CARTESIAN_POINT ( 'NONE',  ( 79.39242410333918087, -3.278326891737401549, 80.80319091152922795 ) ) ;
#1406 = LINE ( 'NONE', #3459, #2747 ) ;
#1407 = DIRECTION ( 'NONE',  ( 0.000000000000000000, 0.000000000000000000, 1.000000000000000000 ) ) ;
#1408 = AXIS2_PLACEMENT_3D ( 'NONE', #2138, #2939, #2976 ) ;
#1409 = CARTESIAN_POINT ( 'NONE',  ( 77.16555686263339453, 4.487989113961773135, 80.69265772564942552 ) ) ;
#1410 = VERTEX_POINT ( 'NONE', #1911 ) ;
#1411 = CARTESIAN_POINT ( 'NONE',  ( 77.82464517032843787, 7.911748123391141085, 83.90780290714724288 ) ) ;
#1412 = ADVANCED_FACE ( 'NONE', ( #1503 ), #217, .F. ) ;
#1413 = LINE ( 'NONE', #1393, #1487 ) ;
#1414 = CARTESIAN_POINT ( 'NONE',  ( 72.35350100557519681, 5.467200169878777771, 84.84974689653317625 ) ) ;
#1415 = CARTESIAN_POINT ( 'NONE',  ( 90.34689616066559381, -9.777361811570525418, 79.65589173407002477 ) ) ;
#1416 = EDGE_CURVE ( 'NONE', #1288, #1273, #1944, .T. ) ;
#1417 = CARTESIAN_POINT ( 'NONE',  ( 75.10404203292328873, -7.024945915698282306, 88.04480120451870562 ) ) ;
#1418 = CARTESIAN_POINT ( 'NONE',  ( 64.74113075070484058, 0.6279001952578838752, 72.98008058656428432 ) ) ;
#1419 = EDGE_LOOP ( 'NONE', ( #3255, #3204, #2821, #3280 ) ) ;
#1420 = LINE ( 'NONE', #429, #2480 ) ;
#1421 = CARTESIAN_POINT ( 'NONE',  ( 91.79998079472656514, -8.986654480139327106, 76.48524574239048945 ) ) ;
#1422 = ORIENTED_EDGE ( 'NONE', *, *, #1801, .F. ) ;
#1423 = B_SPLINE_CURVE_WITH_KNOTS ( 'NONE', 3,
 ( #3256, #3002, #3543, #750, #457, #2981, #1548 ),
 .UNSPECIFIED., .F., .F.,
 ( 4, 3, 4 ),
 ( -0.0007673554760281918550, 2.631141832187822160E-15, 0.001035314124349734572 ),
 .UNSPECIFIED. ) ;
#1424 = CARTESIAN_POINT ( 'NONE',  ( 73.70415244062309057, 7.324832585138563168, 85.44219665983692380 ) ) ;
#1425 = FACE_BOUND ( 'NONE', #260, .T. ) ;
#1426 = CARTESIAN_POINT ( 'NONE',  ( 63.08100437023682616, -3.290358332365117544, 87.12365362624623799 ) ) ;
#1427 = PLANE ( 'NONE',  #1788 ) ;
#1428 = CARTESIAN_POINT ( 'NONE',  ( 69.64473042252465973, 0.3493146208725062540, 83.62116465114790742 ) ) ;
#1429 = VERTEX_POINT ( 'NONE', #1878 ) ;
#1430 = CARTESIAN_POINT ( 'NONE',  ( 93.00618523045613983, -6.575232934468143497, 78.94078396187909163 ) ) ;
#1431 = VECTOR ( 'NONE', #2903, 1000.000000000000000 ) ;
#1432 = ORIENTED_EDGE ( 'NONE', *, *, #1508, .F. ) ;
#1433 = CARTESIAN_POINT ( 'NONE',  ( 70.60052053489955881, -6.010033513352006196, 74.88883821762789239 ) ) ;
#1434 = CARTESIAN_POINT ( 'NONE',  ( 59.46804449617564359, -2.909257405398431029, 89.06405466125578130 ) ) ;
#1435 = EDGE_CURVE ( 'NONE', #3104, #607, #2642, .T. ) ;
#1436 =( BOUNDED_SURFACE ( )  B_SPLINE_SURFACE ( 3, 2, ( 
 ( #394, #680, #664 ),
 ( #3226, #2058, #2116 ),
 ( #2391, #1799, #3246 ),
 ( #2933, #3532, #1554 ),
 ( #644, #3171, #698 ),
 ( #1780, #1840, #1519 ),
 ( #2693, #150, #2355 ),
 ( #1760, #2913, #2896 ),
 ( #373, #958, #2639 ),
 ( #1500, #351, #1476 ),
 ( #2616, #3493, #96 ),
 ( #1220, #1318, #1335 ),
 ( #995, #3626, #1014 ),
 ( #1608, #1640, #3045 ),
 ( #1879, #510, #1625 ),
 ( #1575, #1593, #2781 ),
 ( #2451, #218, #2988 ),
 ( #168, #793, #1896 ),
 ( #740, #1034, #2710 ),
 ( #1862, #3608, #446 ),
 ( #3589, #1912, #2133 ),
 ( #3029, #2765, #1299 ),
 ( #2466, #1350, #3301 ),
 ( #184, #2170, #2485 ) ),
 .UNSPECIFIED., .F., .F., .F. ) 
 B_SPLINE_SURFACE_WITH_KNOTS ( ( 4, 2, 2, 2, 2, 2, 2, 2, 2, 2, 2, 4 ),
 ( 3, 3 ),
 ( 1.544988095791843818E-18, 0.001131180077316532809, 0.002262360154633063884, 0.004524720309266126034, 0.009049440618532250333, 0.01809888123706450067, 0.02714832185559674926, 0.02941068201022981055, 0.03167304216486287183, 0.03393540231949593311, 0.03506658239681247069, 0.03619776247412900133 ),
 ( 0.000000000000000000, 1.000000000000000000 ),
 .UNSPECIFIED. ) 
 GEOMETRIC_REPRESENTATION_ITEM ( )  RATIONAL_B_SPLINE_SURFACE ( (
 ( 1.000000000000000000, 0.6142841751318535159, 1.000000000000000000),
 ( 1.000000000000000000, 0.6025266519920496888, 1.000000000000000000),
 ( 1.000000000000000000, 0.5956006729440503911, 1.000000000000000000),
 ( 1.000000000000000000, 0.5845574826778601185, 1.000000000000000000),
 ( 1.000000000000000000, 0.5806854902223270720, 1.000000000000000000),
 ( 1.000000000000000000, 0.5707436190876740145, 1.000000000000000000),
 ( 1.000000000000000000, 0.5668426806679334184, 1.000000000000000000),
 ( 1.000000000000000000, 0.5588991436926351586, 1.000000000000000000),
 ( 1.000000000000000000, 0.5582642196033341664, 1.000000000000000000),
 ( 1.000000000000000000, 0.5617192776880558513, 1.000000000000000000),
 ( 1.000000000000000000, 0.5707768532659521776, 1.000000000000000000),
 ( 1.000000000000000000, 0.5895615960960595148, 1.000000000000000000),
 ( 1.000000000000000000, 0.5997644076838276606, 1.000000000000000000),
 ( 1.000000000000000000, 0.6134016914734884418, 1.000000000000000000),
 ( 1.000000000000000000, 0.6161789836060642678, 1.000000000000000000),
 ( 1.000000000000000000, 0.6217594122200134077, 1.000000000000000000),
 ( 1.000000000000000000, 0.6245839054259334500, 1.000000000000000000),
 ( 1.000000000000000000, 0.6301350899711966047, 1.000000000000000000),
 ( 1.000000000000000000, 0.6328934052853835146, 1.000000000000000000),
 ( 1.000000000000000000, 0.6362122155854895711, 1.000000000000000000),
 ( 1.000000000000000000, 0.6368215924464342148, 1.000000000000000000),
 ( 1.000000000000000000, 0.6400696642949681436, 1.000000000000000000),
 ( 1.000000000000000000, 0.6418818773122948462, 1.000000000000000000),
 ( 1.000000000000000000, 0.6500141504659828762, 1.000000000000000000) ) ) 
 REPRESENTATION_ITEM ( '' )  SURFACE ( )  );
#1437 = CARTESIAN_POINT ( 'NONE',  ( 79.26748338404928518, 4.221984640411056589, 83.91570587622045707 ) ) ;
#1438 = CARTESIAN_POINT ( 'NONE',  ( 66.04406371671689158, -3.198343341622454261, 84.71690233504760670 ) ) ;
#1439 = EDGE_LOOP ( 'NONE', ( #1150, #1372, #1210, #823, #2847, #2965 ) ) ;
#1440 = CARTESIAN_POINT ( 'NONE',  ( 90.31063073302632915, -9.344049552865222097, 78.16266704044716107 ) ) ;
#1441 = CARTESIAN_POINT ( 'NONE',  ( 87.41926617722739934, -9.800301540654963617, 81.49039848950845055 ) ) ;
#1442 = ORIENTED_EDGE ( 'NONE', *, *, #444, .F. ) ;
#1443 = CARTESIAN_POINT ( 'NONE',  ( 69.81999885087124369, 5.884027831892536753, 86.72951223073795290 ) ) ;
#1444 = CARTESIAN_POINT ( 'NONE',  ( 72.55194315395964111, 5.989999738789560269, 83.99894822081022028 ) ) ;
#1445 = CARTESIAN_POINT ( 'NONE',  ( 65.41203549887902113, -4.840757910978918055, 77.89214641920483473 ) ) ;
#1446 = CARTESIAN_POINT ( 'NONE',  ( 60.96542879555850192, 10.00000000000000000, 65.55983515722148525 ) ) ;
#1447 = CARTESIAN_POINT ( 'NONE',  ( 92.67089933239802235, -4.886881312535319211, 75.02364542673478809 ) ) ;
#1448 = CARTESIAN_POINT ( 'NONE',  ( 73.19561270021090138, -6.594862790834866040, 84.44585042700811073 ) ) ;
#1449 = VERTEX_POINT ( 'NONE', #1143 ) ;
#1450 = CARTESIAN_POINT ( 'NONE',  ( 93.33665080136570680, -9.523657059800283875, 79.37339208227423626 ) ) ;
#1451 = ORIENTED_EDGE ( 'NONE', *, *, #298, .T. ) ;
#1452 = DIRECTION ( 'NONE',  ( 0.000000000000000000, 0.000000000000000000, -1.000000000000000000 ) ) ;
#1453 = CARTESIAN_POINT ( 'NONE',  ( 62.03754536180960599, -4.080283714690175145, 87.32892182067226372 ) ) ;
#1454 = CARTESIAN_POINT ( 'NONE',  ( 80.97028660337025485, 3.792023959018016477, 83.27016885371914157 ) ) ;
#1455 = CARTESIAN_POINT ( 'NONE',  ( 63.14355101866132713, -0.9760298467606607353, 74.32833909421191265 ) ) ;
#1456 = ORIENTED_EDGE ( 'NONE', *, *, #2872, .F. ) ;
#1457 = CARTESIAN_POINT ( 'NONE',  ( 64.00019421678494780, -3.497506710756558057, 85.87192123151751844 ) ) ;
#1458 =( GEOMETRIC_REPRESENTATION_CONTEXT ( 3 ) GLOBAL_UNCERTAINTY_ASSIGNED_CONTEXT ( ( #3606 ) ) GLOBAL_UNIT_ASSIGNED_CONTEXT ( ( #2553, #3365, #3657 ) ) REPRESENTATION_CONTEXT ( 'NONE', 'WORKASPACE' ) );
#1459 = CARTESIAN_POINT ( 'NONE',  ( 83.88869306707208295, 5.160847008319779938, 77.69023940596878219 ) ) ;
#1460 =( BOUNDED_CURVE ( )  B_SPLINE_CURVE ( 3, ( #2812, #25, #2016, #3148 ),
 .UNSPECIFIED., .F., .F. ) 
 B_SPLINE_CURVE_WITH_KNOTS ( ( 4, 4 ),
 ( 0.2443460952805958097, 1.815142422079497164 ),
 .UNSPECIFIED. ) 
 CURVE ( )  GEOMETRIC_REPRESENTATION_ITEM ( )  RATIONAL_B_SPLINE_CURVE ( ( 1.000000000000000000, 0.8047378541234211369, 0.8047378541234211369, 1.000000000000000000 ) ) 
 REPRESENTATION_ITEM ( '' )  );
#1461 = VERTEX_POINT ( 'NONE', #3683 ) ;
#1462 = CARTESIAN_POINT ( 'NONE',  ( 60.96542879555850192, -1.199999999999999734, 65.55983515722148525 ) ) ;
#1463 = AXIS2_PLACEMENT_3D ( 'NONE', #1349, #738, #2079 ) ;
#1464 = CARTESIAN_POINT ( 'NONE',  ( 71.03569882670508662, 1.300000000000000044, 71.10405157197705250 ) ) ;
#1465 = CARTESIAN_POINT ( 'NONE',  ( 90.14564134728814793, -9.389637695169907872, 76.43752393001311418 ) ) ;
#1466 = CARTESIAN_POINT ( 'NONE',  ( 90.56626691629905679, -3.864742968859016248, 75.96870865826258523 ) ) ;
#1467 = CARTESIAN_POINT ( 'NONE',  ( 73.34393757418297355, -5.388160339105289687, 84.08175884880608919 ) ) ;
#1468 = ORIENTED_EDGE ( 'NONE', *, *, #2489, .F. ) ;
#1469 = FACE_OUTER_BOUND ( 'NONE', #1619, .T. ) ;
#1470 = CARTESIAN_POINT ( 'NONE',  ( 88.39082434737262872, -8.234403343264141029, 76.71487212763840091 ) ) ;
#1471 = EDGE_LOOP ( 'NONE', ( #2878, #1750 ) ) ;
#1472 = CARTESIAN_POINT ( 'NONE',  ( 71.91373200143787869, 10.00000000000000000, 68.08343100419487826 ) ) ;
#1473 = PLANE ( 'NONE',  #1016 ) ;
#1474 = APPROVAL_DATE_TIME ( #2408, #1917 ) ;
#1475 = CARTESIAN_POINT ( 'NONE',  ( 79.84108741754914718, 6.847975767229504740, 83.24758609886136185 ) ) ;
#1476 = CARTESIAN_POINT ( 'NONE',  ( 82.31626072792320770, -8.650289595106292140, 85.10512811914624365 ) ) ;
#1477 = ORIENTED_EDGE ( 'NONE', *, *, #1028, .T. ) ;
#1478 = CARTESIAN_POINT ( 'NONE',  ( 90.25143289251731460, -9.413478849556067729, 77.67705245584927809 ) ) ;
#1479 = CARTESIAN_POINT ( 'NONE',  ( 90.93403874954449861, -4.515153129850318692, 75.92069477284013601 ) ) ;
#1480 = ORIENTED_EDGE ( 'NONE', *, *, #496, .T. ) ;
#1481 = ADVANCED_FACE ( 'NONE', ( #813, #535, #35, #1425 ), #849, .F. ) ;
#1482 = APPLICATION_CONTEXT ( 'configuration controlled 3d designs of mechanical parts and assemblies' ) ;
#1483 = CARTESIAN_POINT ( 'NONE',  ( 70.61022403647383783, -6.012220291875918221, 70.99796879226965984 ) ) ;
#1484 = CARTESIAN_POINT ( 'NONE',  ( 60.76542879555849908, -1.199999999999999956, 65.55983515722148525 ) ) ;
#1485 = CARTESIAN_POINT ( 'NONE',  ( 77.71339100995184879, -1.032408219603838662, 83.57851317097119193 ) ) ;
#1486 = VECTOR ( 'NONE', #2584, 1000.000000000000114 ) ;
#1487 = VECTOR ( 'NONE', #1979, 1000.000000000000000 ) ;
#1488 = CARTESIAN_POINT ( 'NONE',  ( 78.41204855902653037, 0.3139153537071737166, 81.03587794710333014 ) ) ;
#1489 = VECTOR ( 'NONE', #3584, 1000.000000000000227 ) ;
#1490 = CARTESIAN_POINT ( 'NONE',  ( 67.75103475157925459, -5.367874158046079813, 87.18115693422436152 ) ) ;
#1491 = ORIENTED_EDGE ( 'NONE', *, *, #1166, .F. ) ;
#1492 = LINE ( 'NONE', #65, #1963 ) ;
#1493 = CARTESIAN_POINT ( 'NONE',  ( 85.92438532963525688, 1.241437299144214190, 81.39249621449295091 ) ) ;
#1494 = EDGE_CURVE ( 'NONE', #232, #24, #1667, .T. ) ;
#1495 = ORIENTED_EDGE ( 'NONE', *, *, #1558, .T. ) ;
#1496 = CARTESIAN_POINT ( 'NONE',  ( 91.51621220277544921, -10.15604882543617293, 72.97087824356714236 ) ) ;
#1497 = CARTESIAN_POINT ( 'NONE',  ( 62.78406500833362713, -4.248519182909396896, 85.42665522748821161 ) ) ;
#1498 = SHAPE_DEFINITION_REPRESENTATION ( #2887, #1146 ) ;
#1499 = CARTESIAN_POINT ( 'NONE',  ( 58.79016532119923966, -3.065791114256749328, 89.07468563724974331 ) ) ;
#1500 = CARTESIAN_POINT ( 'NONE',  ( 82.63263561509809563, -8.019944986266972720, 85.53832704087079719 ) ) ;
#1501 = ORIENTED_EDGE ( 'NONE', *, *, #2778, .F. ) ;
#1502 = PLANE ( 'NONE',  #1527 ) ;
#1503 = FACE_OUTER_BOUND ( 'NONE', #2101, .T. ) ;
#1504 = ORIENTED_EDGE ( 'NONE', *, *, #1778, .T. ) ;
#1505 = CARTESIAN_POINT ( 'NONE',  ( 77.60267491441241816, 0.5043835397519382813, 83.27824860372332694 ) ) ;
#1506 = LINE ( 'NONE', #2717, #9 ) ;
#1507 = LINE ( 'NONE', #318, #1486 ) ;
#1508 = EDGE_CURVE ( 'NONE', #889, #2993, #2318, .T. ) ;
#1509 = CARTESIAN_POINT ( 'NONE',  ( 58.81041466081961033, -3.329026055734996437, 85.11821560037185463 ) ) ;
#1510 = EDGE_LOOP ( 'NONE', ( #864, #3328, #861, #915 ) ) ;
#1511 = CARTESIAN_POINT ( 'NONE',  ( 90.70636074213895483, -0.05083620253592440602, 78.78617911852151678 ) ) ;
#1512 = CARTESIAN_POINT ( 'NONE',  ( 87.84431502538247116, -9.178578960888399862, 83.03590277791307983 ) ) ;
#1513 = AXIS2_PLACEMENT_3D ( 'NONE', #3364, #1980, #3656 ) ;
#1514 = ORIENTED_EDGE ( 'NONE', *, *, #3003, .T. ) ;
#1515 = CARTESIAN_POINT ( 'NONE',  ( 67.04379904852359573, -4.844097754921809162, 87.65424490948086600 ) ) ;
#1516 = CARTESIAN_POINT ( 'NONE',  ( 65.62647454219772669, -14.08234068259056926, 72.90136021868487148 ) ) ;
#1517 = SECURITY_CLASSIFICATION_LEVEL ( 'unclassified' ) ;
#1518 = CARTESIAN_POINT ( 'NONE',  ( 62.94588614508603541, -1.199999999999999734, 74.98213743785622398 ) ) ;
#1519 = CARTESIAN_POINT ( 'NONE',  ( 90.21560772962877195, -10.43048432625607624, 81.08866403627055774 ) ) ;
#1520 = EDGE_LOOP ( 'NONE', ( #153, #3267, #436, #2527 ) ) ;
#1521 = LINE ( 'NONE', #1261, #3425 ) ;
#1522 = EDGE_LOOP ( 'NONE', ( #133, #3599 ) ) ;
#1523 = CARTESIAN_POINT ( 'NONE',  ( 75.50719765243587744, 1.904145758998783133, 83.73521485643946960 ) ) ;
#1524 = DIRECTION ( 'NONE',  ( 0.9963144802079763052, 0.000000000000000000, 0.08577561732747750189 ) ) ;
#1525 = CARTESIAN_POINT ( 'NONE',  ( 60.76542879555850618, -3.793599864980736314, 65.44267786969609801 ) ) ;
#1526 = EDGE_CURVE ( 'NONE', #1401, #3276, #829, .T. ) ;
#1527 = AXIS2_PLACEMENT_3D ( 'NONE', #2135, #2393, #922 ) ;
#1528 = CARTESIAN_POINT ( 'NONE',  ( 59.95136008633983238, -2.697521312913661262, 85.03718966266997370 ) ) ;
#1529 = EDGE_LOOP ( 'NONE', ( #3484, #1730, #1691, #1648 ) ) ;
#1530 = FACE_OUTER_BOUND ( 'NONE', #1871, .T. ) ;
#1531 = CARTESIAN_POINT ( 'NONE',  ( 86.15448369101548565, -2.992456990617251567, 82.22268018725719685 ) ) ;
#1532 = ORIENTED_EDGE ( 'NONE', *, *, #3367, .F. ) ;
#1533 = CARTESIAN_POINT ( 'NONE',  ( 62.19110169245635689, 8.845466428377916301, 85.67559639730258425 ) ) ;
#1534 = DIRECTION ( 'NONE',  ( 0.000000000000000000, -1.000000000000000000, 0.000000000000000000 ) ) ;
#1535 = VECTOR ( 'NONE', #799, 1000.000000000000000 ) ;
#1536 = CARTESIAN_POINT ( 'NONE',  ( 60.17084239472337259, -2.120657388407217958, 88.95016511912315593 ) ) ;
#1537 = CARTESIAN_POINT ( 'NONE',  ( 63.16123296450749791, -3.245615113908942639, 87.11208178762333887 ) ) ;
#1538 = ORIENTED_EDGE ( 'NONE', *, *, #3185, .T. ) ;
#1539 = CARTESIAN_POINT ( 'NONE',  ( 87.10591426974959006, -9.729684638450269318, 77.81894600395609984 ) ) ;
#1540 = EDGE_CURVE ( 'NONE', #586, #3395, #2682, .T. ) ;
#1541 = ORIENTED_EDGE ( 'NONE', *, *, #631, .F. ) ;
#1542 = FACE_OUTER_BOUND ( 'NONE', #304, .T. ) ;
#1543 = CARTESIAN_POINT ( 'NONE',  ( 85.90268656493270782, 3.011579238064746367, 74.81080793304343501 ) ) ;
#1544 = DIRECTION ( 'NONE',  ( -0.000000000000000000, -0.000000000000000000, 1.000000000000000000 ) ) ;
#1545 = CARTESIAN_POINT ( 'NONE',  ( 63.42421317816385340, -3.900074338535564067, 85.25130643768871153 ) ) ;
#1546 = B_SPLINE_CURVE_WITH_KNOTS ( 'NONE', 3,
 ( #3333, #428, #3572, #1555, #3590, #1035, #2171, #1017, #3551, #3302, #1863, #996 ),
 .UNSPECIFIED., .F., .F.,
 ( 4, 2, 2, 2, 2, 4 ),
 ( 1.411962612463446054E-17, 0.002286892483794017439, 0.003430338725691043072, 0.004573784967588068705, 0.006860677451382149461, 0.009147569935176231085 ),
 .UNSPECIFIED. ) ;
#1547 = VERTEX_POINT ( 'NONE', #297 ) ;
#1548 = CARTESIAN_POINT ( 'NONE',  ( 62.78406500833362713, -4.248519182909396896, 85.42665522748821161 ) ) ;
#1549 = CARTESIAN_POINT ( 'NONE',  ( 93.11693083869086252, -8.210115165051858455, 79.54303767315836637 ) ) ;
#1550 = ORIENTED_EDGE ( 'NONE', *, *, #3539, .T. ) ;
#1551 = CARTESIAN_POINT ( 'NONE',  ( 86.90204569725490558, -4.057828690605946420, 80.48346043576241016 ) ) ;
#1552 = CARTESIAN_POINT ( 'NONE',  ( 61.14692972212677091, -0.2274971115272065858, 88.23262536388645572 ) ) ;
#1553 = CARTESIAN_POINT ( 'NONE',  ( 58.81376893779105330, -3.353774320533602804, 89.12382476737310810 ) ) ;
#1554 = CARTESIAN_POINT ( 'NONE',  ( 91.47916202971074995, -10.71523858594888168, 80.31640290032720486 ) ) ;
#1555 = CARTESIAN_POINT ( 'NONE',  ( 80.35866544654325594, 6.033435198246874798, 75.70515877607256527 ) ) ;
#1556 = EDGE_CURVE ( 'NONE', #2510, #2668, #2991, .T. ) ;
#1557 = CARTESIAN_POINT ( 'NONE',  ( 93.32162662527267116, -10.68369507468114676, 75.85201340367351008 ) ) ;
#1558 = EDGE_CURVE ( 'NONE', #2059, #2837, #2720, .T. ) ;
#1559 = ORIENTED_EDGE ( 'NONE', *, *, #712, .T. ) ;
#1560 = CARTESIAN_POINT ( 'NONE',  ( 74.39889829049691627, 1.440892757592112439, 84.18313688561306662 ) ) ;
#1561 = CARTESIAN_POINT ( 'NONE',  ( 63.56578033359809865, -4.424686339890643971, 31.34339483329404175 ) ) ;
#1562 = EDGE_CURVE ( 'NONE', #3602, #3038, #1843, .T. ) ;
#1563 = CARTESIAN_POINT ( 'NONE',  ( 0.000000000000000000, -1.199999999999999956, 0.000000000000000000 ) ) ;
#1564 = CARTESIAN_POINT ( 'NONE',  ( 61.21492251412371388, -3.627044999042897455, 85.23337717661956958 ) ) ;
#1565 = CARTESIAN_POINT ( 'NONE',  ( 92.70206528935975143, -10.99083173804107716, 76.33856399736488640 ) ) ;
#1566 = ORIENTED_EDGE ( 'NONE', *, *, #1964, .F. ) ;
#1567 = CARTESIAN_POINT ( 'NONE',  ( 65.41203549887902113, -14.08234068259056926, 77.89214641920483473 ) ) ;
#1568 = CARTESIAN_POINT ( 'NONE',  ( 88.96053542942162551, -1.630148920954249014, 80.36646153272043591 ) ) ;
#1569 = ORIENTED_EDGE ( 'NONE', *, *, #2029, .T. ) ;
#1570 = CARTESIAN_POINT ( 'NONE',  ( 81.78650180130254910, 4.863234219253749657, 81.07351575749956396 ) ) ;
#1571 = CARTESIAN_POINT ( 'NONE',  ( 71.42866541389223300, 4.946856820454734738, 73.47475581343908857 ) ) ;
#1572 = CARTESIAN_POINT ( 'NONE',  ( 60.21081470956193726, -3.063446822895597332, 89.11092937678053261 ) ) ;
#1573 = EDGE_CURVE ( 'NONE', #2156, #2818, #1071, .T. ) ;
#1574 = CARTESIAN_POINT ( 'NONE',  ( 61.82317379601970231, 0.1402850853600769443, 88.65321668323537097 ) ) ;
#1575 = CARTESIAN_POINT ( 'NONE',  ( 65.39519077872284925, -4.208154718976254927, 89.17682354875758222 ) ) ;
#1576 = CARTESIAN_POINT ( 'NONE',  ( 62.71511110779744058, -1.470058964952609903, 84.73641339162556108 ) ) ;
#1577 = CARTESIAN_POINT ( 'NONE',  ( 69.56366759898114083, -5.776368612564223071, 84.60407531179936313 ) ) ;
#1578 = VERTEX_POINT ( 'NONE', #528 ) ;
#1579 = CARTESIAN_POINT ( 'NONE',  ( 80.12827374116875490, 8.165629413877459442, 78.93358991934746882 ) ) ;
#1580 = CARTESIAN_POINT ( 'NONE',  ( 61.79783851175647413, 0.5257789499609094586, 88.11754419331118982 ) ) ;
#1581 = LINE ( 'NONE', #1807, #1854 ) ;
#1582 = CARTESIAN_POINT ( 'NONE',  ( 61.25040641663615304, -3.902894292176238622, 85.29178521151882819 ) ) ;
#1583 = CARTESIAN_POINT ( 'NONE',  ( 61.66932560107311900, -1.938515686244300928, 86.91833154454292298 ) ) ;
#1584 = ORIENTED_EDGE ( 'NONE', *, *, #3279, .T. ) ;
#1585 = DIRECTION ( 'NONE',  ( 0.000000000000000000, -0.000000000000000000, 1.000000000000000000 ) ) ;
#1586 = LOCAL_TIME ( 19, 36, 11.00000000000000000, #1198 ) ;
#1587 = EDGE_CURVE ( 'NONE', #2925, #273, #1753, .T. ) ;
#1588 = ORIENTED_EDGE ( 'NONE', *, *, #3318, .F. ) ;
#1589 = CARTESIAN_POINT ( 'NONE',  ( 87.46609892288364563, -8.774963962934286599, 79.43607960722857797 ) ) ;
#1590 = CARTESIAN_POINT ( 'NONE',  ( 72.85974800704629217, 5.484586919497143498, 74.75531294107054237 ) ) ;
#1591 = VECTOR ( 'NONE', #354, 1000.000000000000000 ) ;
#1592 = CARTESIAN_POINT ( 'NONE',  ( 65.59958115544642965, 2.036403613937431523, 84.03648987967901007 ) ) ;
#1593 = CARTESIAN_POINT ( 'NONE',  ( 65.26891939055850855, -4.808505303012247545, 89.31941871100185892 ) ) ;
#1594 = LINE ( 'NONE', #1336, #450 ) ;
#1595 = CARTESIAN_POINT ( 'NONE',  ( 87.02370990582997479, 2.731848351225223848, 78.55835290703122098 ) ) ;
#1596 = CARTESIAN_POINT ( 'NONE',  ( 91.63733849728721736, -1.861431781149036180, 74.92777093004072242 ) ) ;
#1597 = CARTESIAN_POINT ( 'NONE',  ( 67.45124603960059062, 5.149773757444000566, 86.82493430124203826 ) ) ;
#1598 = LINE ( 'NONE', #2736, #1961 ) ;
#1599 = CARTESIAN_POINT ( 'NONE',  ( 78.32092204961308823, -12.87027948883124928, 78.15113026494321957 ) ) ;
#1600 = CARTESIAN_POINT ( 'NONE',  ( 93.32692249335993040, -11.13164939067811154, 75.89999999999888303 ) ) ;
#1601 = ORIENTED_EDGE ( 'NONE', *, *, #3145, .F. ) ;
#1602 = PLANE ( 'NONE',  #2623 ) ;
#1603 = ORIENTED_EDGE ( 'NONE', *, *, #223, .F. ) ;
#1604 = CARTESIAN_POINT ( 'NONE',  ( 65.94236840266289335, -3.860097880033037221, 85.24585008439831313 ) ) ;
#1605 = CARTESIAN_POINT ( 'NONE',  ( 70.97048561665157251, 4.747244506708726774, 73.36144170703231282 ) ) ;
#1606 = CARTESIAN_POINT ( 'NONE',  ( 86.74551368640504734, 3.475959466551370891, 76.54301186930042888 ) ) ;
#1607 = CARTESIAN_POINT ( 'NONE',  ( 82.81338141051490709, -8.762320579413191979, 76.31718820491681754 ) ) ;
#1608 = CARTESIAN_POINT ( 'NONE',  ( 67.61944514514333093, -4.698830418403187714, 89.03865181575471865 ) ) ;
#1609 = CARTESIAN_POINT ( 'NONE',  ( 93.34578095819398413, -10.51695177618849897, 75.81672982608517941 ) ) ;
#1610 = CARTESIAN_POINT ( 'NONE',  ( 74.22763013717252534, 6.493542208635661339, 81.39998397285940257 ) ) ;
#1611 = CARTESIAN_POINT ( 'NONE',  ( 75.17720459376785413, 8.182151131330241967, 84.59728994869205110 ) ) ;
#1612 = CIRCLE ( 'NONE', #601, 2.500000000000015987 ) ;
#1613 = CARTESIAN_POINT ( 'NONE',  ( 92.67089933239802235, -4.886881312535319211, 75.02364542673478809 ) ) ;
#1614 = CARTESIAN_POINT ( 'NONE',  ( 83.11007045352228317, 21.24279680825806693, 74.43438163344325176 ) ) ;
#1615 = EDGE_CURVE ( 'NONE', #362, #2549, #729, .T. ) ;
#1616 = B_SPLINE_CURVE_WITH_KNOTS ( 'NONE', 3,
 ( #2076, #1201, #2951, #2970, #2332, #3209 ),
 .UNSPECIFIED., .F., .F.,
 ( 4, 2, 4 ),
 ( 0.000000000000000000, 0.0004463686860109445493, 0.0008927373720218890986 ),
 .UNSPECIFIED. ) ;
#1617 = CARTESIAN_POINT ( 'NONE',  ( 79.13038388723315109, 7.836434160403346283, 83.39116358602865375 ) ) ;
#1618 = CARTESIAN_POINT ( 'NONE',  ( 92.76124695035667855, -10.92009562417692692, 76.28308152110059837 ) ) ;
#1619 = EDGE_LOOP ( 'NONE', ( #1280, #3546, #1191, #3618 ) ) ;
#1620 = CARTESIAN_POINT ( 'NONE',  ( 67.08963865505062074, 24.85315704085109445, 77.64016690541838273 ) ) ;
#1621 = ORIENTED_EDGE ( 'NONE', *, *, #2833, .T. ) ;
#1622 = CARTESIAN_POINT ( 'NONE',  ( 80.29754864502625367, -6.696186087579658164, 84.61393245260471474 ) ) ;
#1623 = CARTESIAN_POINT ( 'NONE',  ( 61.87476208845025383, -0.1280813478649734660, 88.67401386473149216 ) ) ;
#1624 = CARTESIAN_POINT ( 'NONE',  ( 70.52849468674385491, 5.098772869208658243, 82.64630972904484452 ) ) ;
#1625 = CARTESIAN_POINT ( 'NONE',  ( 66.70950116662569940, -5.133154427434240219, 88.61127207381703386 ) ) ;
#1626 = CARTESIAN_POINT ( 'NONE',  ( 86.75276121233116555, 2.162614041108894103, 75.97088852889631028 ) ) ;
#1627 = CARTESIAN_POINT ( 'NONE',  ( 69.31064467690755748, 4.562231309977330618, 83.02238588648891948 ) ) ;
#1628 = CARTESIAN_POINT ( 'NONE',  ( 88.61640360443823283, 3.104175318749166745, 75.61760683415263884 ) ) ;
#1629 = CARTESIAN_POINT ( 'NONE',  ( 93.34578095819398413, -10.51695177618849897, 75.81672982608517941 ) ) ;
#1630 = B_SPLINE_CURVE_WITH_KNOTS ( 'NONE', 3,
 ( #2868, #2551, #2513, #3108 ),
 .UNSPECIFIED., .F., .F.,
 ( 4, 4 ),
 ( 0.002867454654923086866, 0.003525074506521870023 ),
 .UNSPECIFIED. ) ;
#1631 = ORIENTED_EDGE ( 'NONE', *, *, #3198, .F. ) ;
#1632 = DIRECTION ( 'NONE',  ( 1.000000000000000000, 0.000000000000000000, 0.000000000000000000 ) ) ;
#1633 = CARTESIAN_POINT ( 'NONE',  ( 79.25513791177203871, 6.220869441205977068, 77.12656171043326481 ) ) ;
#1634 = CARTESIAN_POINT ( 'NONE',  ( 83.11007045352228317, 21.24279680825806693, 74.43438163344325176 ) ) ;
#1635 = EDGE_CURVE ( 'NONE', #440, #1429, #2535, .T. ) ;
#1636 = ORIENTED_EDGE ( 'NONE', *, *, #2181, .F. ) ;
#1637 = CARTESIAN_POINT ( 'NONE',  ( 73.74092893225390810, 7.334470580189766942, 85.42920511646778436 ) ) ;
#1638 = EDGE_CURVE ( 'NONE', #2954, #2059, #1982, .T. ) ;
#1639 = VECTOR ( 'NONE', #2824, 1000.000000000000227 ) ;
#1640 = CARTESIAN_POINT ( 'NONE',  ( 67.49806988928953899, -5.310866064222763860, 89.19714711907631965 ) ) ;
#1641 = CARTESIAN_POINT ( 'NONE',  ( 81.35734508148537714, 6.084291238779671041, 84.84974689653317625 ) ) ;
#1642 = CARTESIAN_POINT ( 'NONE',  ( 62.33208888623794763, -1.148665160109344718, 86.78917456372757044 ) ) ;
#1643 = CARTESIAN_POINT ( 'NONE',  ( 62.33208888623794053, -1.148665160109344940, 84.77716648826434209 ) ) ;
#1644 = CARTESIAN_POINT ( 'NONE',  ( 69.97199427522532744, 6.547868013838453294, 86.36770345806581872 ) ) ;
#1645 = EDGE_CURVE ( 'NONE', #1026, #2149, #2901, .T. ) ;
#1646 = CARTESIAN_POINT ( 'NONE',  ( 65.83011015926147991, 4.076399974352427513, 87.24759016903942666 ) ) ;
#1647 = CARTESIAN_POINT ( 'NONE',  ( 93.22708231358933517, 18.96282971674416373, 68.60398482642267481 ) ) ;
#1648 = ORIENTED_EDGE ( 'NONE', *, *, #1291, .F. ) ;
#1649 = CARTESIAN_POINT ( 'NONE',  ( 61.00398125444029063, -3.509304115086164799, 85.40831505500067067 ) ) ;
#1650 = CARTESIAN_POINT ( 'NONE',  ( 69.31064467690762854, 4.562231309977360816, 85.03546669266305003 ) ) ;
#1651 = CARTESIAN_POINT ( 'NONE',  ( 60.41203549887899982, -3.713959245997219938, 77.89214641920482052 ) ) ;
#1652 = ORIENTED_EDGE ( 'NONE', *, *, #2822, .F. ) ;
#1653 = CARTESIAN_POINT ( 'NONE',  ( 76.86218576959329596, 8.321414091097494747, 84.21807950193534964 ) ) ;
#1654 = CARTESIAN_POINT ( 'NONE',  ( 79.70802726709095509, -8.062498798788858778, 81.58433615301922259 ) ) ;
#1655 = CARTESIAN_POINT ( 'NONE',  ( 91.28224915469756695, -8.425305872208834757, 84.84974689653317625 ) ) ;
#1656 = CARTESIAN_POINT ( 'NONE',  ( 91.18297681806096477, -10.36671149080622101, 74.99529500264071658 ) ) ;
#1657 = DIRECTION ( 'NONE',  ( -0.9963144802079763052, 0.000000000000000000, -0.08577561732747748802 ) ) ;
#1658 = AXIS2_PLACEMENT_3D ( 'NONE', #3636, #3067, #610 ) ;
#1659 = VECTOR ( 'NONE', #3469, 1000.000000000000114 ) ;
#1660 = AXIS2_PLACEMENT_3D ( 'NONE', #2609, #2325, #613 ) ;
#1661 = CARTESIAN_POINT ( 'NONE',  ( 65.42797936912326406, -4.844351017323323738, 69.70589007911355850 ) ) ;
#1662 = CARTESIAN_POINT ( 'NONE',  ( 91.14842756830452686, -0.9156321427082068087, 78.72044207164451279 ) ) ;
#1663 = CARTESIAN_POINT ( 'NONE',  ( 68.70052053489955313, -5.581850020658960965, 76.78883821762788386 ) ) ;
#1664 = ORIENTED_EDGE ( 'NONE', *, *, #2468, .F. ) ;
#1665 = CARTESIAN_POINT ( 'NONE',  ( 90.93657896893961379, -1.042782293493799806, 79.15026343806948717 ) ) ;
#1666 = EDGE_CURVE ( 'NONE', #2974, #1214, #3431, .T. ) ;
#1667 = LINE ( 'NONE', #1973, #1639 ) ;
#1668 = CARTESIAN_POINT ( 'NONE',  ( 77.30978036401531028, -25.61485398484994391, 86.15500035670279999 ) ) ;
#1669 = EDGE_LOOP ( 'NONE', ( #3230, #2314, #302, #622, #3489 ) ) ;
#1670 = CARTESIAN_POINT ( 'NONE',  ( 80.89722073245090428, 7.963781411012470279, 82.19269227138492795 ) ) ;
#1671 = EDGE_CURVE ( 'NONE', #3585, #934, #542, .T. ) ;
#1672 = CARTESIAN_POINT ( 'NONE',  ( 72.50052053489953607, -6.438217006045052315, 76.78883821762788386 ) ) ;
#1673 = DIRECTION ( 'NONE',  ( -0.9702957262759990265, 0.000000000000000000, -0.2419218955996572107 ) ) ;
#1674 = CARTESIAN_POINT ( 'NONE',  ( 90.28477340867600276, -10.10510324164958895, 79.78676376274140125 ) ) ;
#1675 = CC_DESIGN_PERSON_AND_ORGANIZATION_ASSIGNMENT ( #1758, #1217, ( #1824 ) ) ;
#1676 = EDGE_CURVE ( 'NONE', #3227, #2462, #637, .T. ) ;
#1677 = CARTESIAN_POINT ( 'NONE',  ( 71.35986574897628998, -5.045051701835857827, 88.46804678501884212 ) ) ;
#1678 = CARTESIAN_POINT ( 'NONE',  ( 63.21681760611580358, -0.8945858402585006308, 74.18566183103322942 ) ) ;
#1679 = VERTEX_POINT ( 'NONE', #271 ) ;
#1680 = DIRECTION ( 'NONE',  ( 0.000000000000000000, 0.000000000000000000, -1.000000000000000000 ) ) ;
#1681 = CARTESIAN_POINT ( 'NONE',  ( 59.08341279175274963, -3.306917587117383484, 85.12451632765390741 ) ) ;
#1682 = AXIS2_PLACEMENT_3D ( 'NONE', #819, #803, #1997 ) ;
#1683 = ORIENTED_EDGE ( 'NONE', *, *, #1067, .T. ) ;
#1684 = CARTESIAN_POINT ( 'NONE',  ( 70.57250523171910572, 4.567153517298324417, 70.98856443800941918 ) ) ;
#1685 = CARTESIAN_POINT ( 'NONE',  ( 78.73134166711440685, 6.275505102820695846, 79.16695446460482799 ) ) ;
#1686 = DIRECTION ( 'NONE',  ( -0.000000000000000000, -1.000000000000000000, -0.000000000000000000 ) ) ;
#1687 = CARTESIAN_POINT ( 'NONE',  ( 68.78214124577846178, -23.69306751008017287, 88.85554795213791124 ) ) ;
#1688 = EDGE_CURVE ( 'NONE', #2809, #2218, #3375, .T. ) ;
#1689 = CARTESIAN_POINT ( 'NONE',  ( 88.18796553741728417, 2.088136464297913442, 76.03559371587149940 ) ) ;
#1690 = CARTESIAN_POINT ( 'NONE',  ( 72.23215357742677156, 4.076942455454616976, 82.34849965204986688 ) ) ;
#1691 = ORIENTED_EDGE ( 'NONE', *, *, #908, .T. ) ;
#1692 = CARTESIAN_POINT ( 'NONE',  ( 71.36330760129604300, 7.097147059703154071, 86.17658013934760675 ) ) ;
#1693 = ADVANCED_FACE ( 'NONE', ( #2326 ), #3075, .T. ) ;
#1694 = B_SPLINE_CURVE_WITH_KNOTS ( 'NONE', 3,
 ( #280, #1108, #786, #1094, #1, #1390 ),
 .UNSPECIFIED., .F., .F.,
 ( 4, 2, 4 ),
 ( 1.696490603732684722E-17, 0.003120874307481117001, 0.006241748614962217521 ),
 .UNSPECIFIED. ) ;
#1695 = CARTESIAN_POINT ( 'NONE',  ( 70.60052053489955881, -6.010033513352006196, 76.78883821762789808 ) ) ;
#1696 = CARTESIAN_POINT ( 'NONE',  ( 90.00699079661120550, -3.179517905517309284, 84.84974689653317625 ) ) ;
#1697 = CARTESIAN_POINT ( 'NONE',  ( 65.05128934072371294, -3.734381227241695189, 86.48371018042735159 ) ) ;
#1698 = B_SPLINE_CURVE_WITH_KNOTS ( 'NONE', 3,
 ( #571, #3394, #1178, #1421, #1139, #1987, #624, #2558, #1479, #2041, #3456, #1763, #2619, #78, #3116, #334, #1159, #647, #1703, #1783, #2916, #14, #1459, #2858, #2578, #2313, #32, #3436, #882, #2540, #2022, #3681, #1120, #1624, #3027, #717, #2450, #2168, #461, #1592, #3043, #1315, #1893, #3588, #200, #166 ),
 .UNSPECIFIED., .F., .F.,
 ( 4, 2, 2, 2, 2, 2, 2, 2, 2, 2, 2, 2, 2, 2, 2, 2, 2, 2, 2, 2, 2, 2, 4 ),
 ( 0.000000000000000000, 0.001393813848717252116, 0.002787627697434504233, 0.005575255394868993720, 0.006969069243586238464, 0.008362883092303484076, 0.01115051078973797530, 0.01254432463845522872, 0.01393813848717248387, 0.01672576618460699591, 0.01811958003332425626, 0.01951339388204152009, 0.02230102157947602345, 0.02369483542819326646, 0.02508864927691050600, 0.02787627697434501284, 0.03345153236921400569, 0.03484534621793126258, 0.03623916006664851946, 0.03902678776408304018, 0.04181441546151756783, 0.04320822931023483859, 0.04460204315895211630 ),
 .UNSPECIFIED. ) ;
#1699 = CARTESIAN_POINT ( 'NONE',  ( 71.88976967457271883, 0.6265244554082310957, 87.05809560281596760 ) ) ;
#1700 = PLANE ( 'NONE',  #370 ) ;
#1701 = ORIENTED_EDGE ( 'NONE', *, *, #193, .F. ) ;
#1702 = CARTESIAN_POINT ( 'NONE',  ( 90.62854937493217733, -8.270866532959351147, 79.01083868750042427 ) ) ;
#1703 = CARTESIAN_POINT ( 'NONE',  ( 86.35914201960399339, 3.296482726684733855, 76.78330439209676683 ) ) ;
#1704 = ORIENTED_EDGE ( 'NONE', *, *, #183, .F. ) ;
#1705 = FACE_OUTER_BOUND ( 'NONE', #2077, .T. ) ;
#1706 = CARTESIAN_POINT ( 'NONE',  ( 91.83902695901200275, -10.79636019957662363, 78.90655358778475659 ) ) ;
#1707 = LINE ( 'NONE', #554, #490 ) ;
#1708 = AXIS2_PLACEMENT_3D ( 'NONE', #3416, #296, #1972 ) ;
#1709 = DIRECTION ( 'NONE',  ( 0.9271838545667906439, 0.000000000000000000, -0.3746065934159041322 ) ) ;
#1710 = VECTOR ( 'NONE', #1524, 1000.000000000000227 ) ;
#1711 = CARTESIAN_POINT ( 'NONE',  ( 73.66089928378954710, -2.959424118972664886, 83.37715881118515426 ) ) ;
#1712 = ORIENTED_EDGE ( 'NONE', *, *, #2621, .T. ) ;
#1713 = CARTESIAN_POINT ( 'NONE',  ( 72.11228188853695542, 7.369005336199227152, 85.41592257531316079 ) ) ;
#1714 = EDGE_LOOP ( 'NONE', ( #2617, #967, #1391, #811 ) ) ;
#1715 = LINE ( 'NONE', #268, #2316 ) ;
#1716 = CARTESIAN_POINT ( 'NONE',  ( 85.48701115168698550, 3.798660359472574743, 84.84974689653317625 ) ) ;
#1717 = APPLICATION_PROTOCOL_DEFINITION ( 'international standard', 'config_control_design', 1994, #1482 ) ;
#1718 = CARTESIAN_POINT ( 'NONE',  ( 63.11546111273408144, 1.352397130924233082, 88.43245091078509290 ) ) ;
#1719 = CARTESIAN_POINT ( 'NONE',  ( 76.38497258862003036, 1.333034886086334867E-14, 82.27676232137633860 ) ) ;
#1720 = ORIENTED_EDGE ( 'NONE', *, *, #2905, .F. ) ;
#1721 = CARTESIAN_POINT ( 'NONE',  ( 72.14632444423132540, -6.358395469629973817, 68.92213225792613684 ) ) ;
#1722 = CARTESIAN_POINT ( 'NONE',  ( 92.84582018472855225, -10.51068878993153355, 79.53205883932467657 ) ) ;
#1723 = ORIENTED_EDGE ( 'NONE', *, *, #2715, .F. ) ;
#1724 = CARTESIAN_POINT ( 'NONE',  ( 66.18020900831007225, 1.856919964892091768, 69.89344199273124048 ) ) ;
#1725 = DIRECTION ( 'NONE',  ( 0.2198462043523674025, 0.9755345439459625068, -0.000000000000000000 ) ) ;
#1726 = ADVANCED_FACE ( 'NONE', ( #2238 ), #3450, .F. ) ;
#1727 = CARTESIAN_POINT ( 'NONE',  ( 63.07946626030761195, -3.290011704322131081, 86.51890939952657789 ) ) ;
#1728 = CARTESIAN_POINT ( 'NONE',  ( 90.15151064454070706, -9.062929045455371480, 75.68199799457738663 ) ) ;
#1729 = CARTESIAN_POINT ( 'NONE',  ( 80.19778238522553693, -4.223845596663293733, 81.40772121557031937 ) ) ;
#1730 = ORIENTED_EDGE ( 'NONE', *, *, #256, .F. ) ;
#1731 = CARTESIAN_POINT ( 'NONE',  ( 92.95773532744740919, -8.008696953128950469, 79.57229936020871719 ) ) ;
#1732 = AXIS2_PLACEMENT_3D ( 'NONE', #3141, #2583, #3159 ) ;
#1733 = B_SPLINE_CURVE_WITH_KNOTS ( 'NONE', 3,
 ( #2904, #2299, #103, #2626, #3441, #1485, #1229, #2564, #82, #1145, #2341, #928, #2065, #3197, #2681, #1001, #1248, #706, #1283, #1847, #3270, #688, #1305, #2421, #1325, #728, #2977, #453, #746, #1868 ),
 .UNSPECIFIED., .F., .F.,
 ( 4, 2, 2, 2, 2, 2, 2, 2, 2, 2, 2, 2, 2, 2, 4 ),
 ( 2.772706461136150390E-17, 0.0004563301064154855983, 0.0009126602128309435494, 0.001368990319246401284, 0.001825320425661858910, 0.002737980638492773944, 0.003194310744908222463, 0.003650640851323671849, 0.004106970957739120368, 0.004563301064154569320, 0.005475961276985496715, 0.005932291383400959545, 0.006388621489816423242, 0.006844951596231886939, 0.007301281702647350637 ),
 .UNSPECIFIED. ) ;
#1734 = VERTEX_POINT ( 'NONE', #426 ) ;
#1735 = CARTESIAN_POINT ( 'NONE',  ( 59.09736733651919138, -2.670070447756103249, 85.03257094275362249 ) ) ;
#1736 = CARTESIAN_POINT ( 'NONE',  ( 69.93988125753332952, 4.248960901463326501, 82.23337099428596275 ) ) ;
#1737 = CARTESIAN_POINT ( 'NONE',  ( 91.34644233332124941, -10.26337288176162410, 74.84852664626220076 ) ) ;
#1738 = CARTESIAN_POINT ( 'NONE',  ( 69.37366162215786858, -4.729713981463303796, 88.77930617381126410 ) ) ;
#1739 = CARTESIAN_POINT ( 'NONE',  ( 88.12753134322518633, -8.175067558530900058, 76.88948151088739280 ) ) ;
#1740 = ORIENTED_EDGE ( 'NONE', *, *, #3653, .T. ) ;
#1741 = CARTESIAN_POINT ( 'NONE',  ( 64.10152339211460060, -2.760573001739341059, 84.90765966152358146 ) ) ;
#1742 = CARTESIAN_POINT ( 'NONE',  ( 65.41203549887902113, -14.08234068259056926, 72.89214641920480631 ) ) ;
#1743 = VERTEX_POINT ( 'NONE', #1518 ) ;
#1744 = B_SPLINE_CURVE_WITH_KNOTS ( 'NONE', 3,
 ( #3072, #1378, #3028, #476, #2107, #1809, #2048, #1232, #2942, #2366, #2667, #1490, #2628, #3235 ),
 .UNSPECIFIED., .F., .F.,
 ( 4, 2, 2, 2, 2, 2, 4 ),
 ( 0.005398314188061966584, 0.01111485469230370435, 0.01397312494442455415, 0.01683139519654540395, 0.02254793570078711742, 0.02540620595290797590, 0.02826447620502883090 ),
 .UNSPECIFIED. ) ;
#1745 = CARTESIAN_POINT ( 'NONE',  ( 75.04934987421356141, 7.624114313650864894, 84.95779078083202762 ) ) ;
#1746 = CARTESIAN_POINT ( 'NONE',  ( 78.32092204961308823, 6.302360446516887649, 78.15113026494321957 ) ) ;
#1747 = PLANE ( 'NONE',  #369 ) ;
#1748 = CARTESIAN_POINT ( 'NONE',  ( 91.63733849728721736, -1.861431781149036180, 74.92777093004072242 ) ) ;
#1749 = CARTESIAN_POINT ( 'NONE',  ( 75.01908562837596151, 6.931988868526149261, 81.07456643539424590 ) ) ;
#1750 = ORIENTED_EDGE ( 'NONE', *, *, #685, .T. ) ;
#1751 = PRODUCT_RELATED_PRODUCT_CATEGORY ( 'detail', '', ( #213 ) ) ;
#1752 = CARTESIAN_POINT ( 'NONE',  ( 87.19724918309518102, 4.571681632478386881, 80.11582934729651129 ) ) ;
#1753 = LINE ( 'NONE', #1086, #2593 ) ;
#1754 = ORIENTED_EDGE ( 'NONE', *, *, #2764, .F. ) ;
#1755 = DIRECTION ( 'NONE',  ( -0.8270938966533757375, -0.5228670566589748159, -0.2062176694163607715 ) ) ;
#1756 = ADVANCED_FACE ( 'NONE', ( #2656 ), #1330, .T. ) ;
#1757 = CARTESIAN_POINT ( 'NONE',  ( 65.94704311801419294, -4.620262904884079092, 87.20815851139526842 ) ) ;
#1758 = PERSON_AND_ORGANIZATION ( #18446744073709551615, #18446744073709551615 ) ;
#1759 = CARTESIAN_POINT ( 'NONE',  ( 65.44649093803117523, -4.848522779550008543, 89.32141508530528995 ) ) ;
#1760 = CARTESIAN_POINT ( 'NONE',  ( 88.00695465887775981, -9.227837230643039845, 82.96436975805515601 ) ) ;
#1761 = EDGE_LOOP ( 'NONE', ( #115, #1029, #207, #492 ) ) ;
#1762 = CARTESIAN_POINT ( 'NONE',  ( 63.34265681430817096, -0.7441065808461287956, 65.94642194556918469 ) ) ;
#1763 = CARTESIAN_POINT ( 'NONE',  ( 89.96031902944575620, -1.920688559613689117, 75.88308689645973004 ) ) ;
#1764 = ORIENTED_EDGE ( 'NONE', *, *, #3659, .F. ) ;
#1765 = FACE_OUTER_BOUND ( 'NONE', #1520, .T. ) ;
#1766 = AXIS2_PLACEMENT_3D ( 'NONE', #3140, #1725, #3119 ) ;
#1767 = CARTESIAN_POINT ( 'NONE',  ( 70.60052053489955881, -14.08234068259056926, 76.78883821762789808 ) ) ;
#1768 = CARTESIAN_POINT ( 'NONE',  ( 79.25513791177203871, -12.87027948883124928, 77.12656171043326481 ) ) ;
#1769 = CARTESIAN_POINT ( 'NONE',  ( 83.72015211695074299, -8.966670183706130004, 81.24534527990682875 ) ) ;
#1770 = CARTESIAN_POINT ( 'NONE',  ( 69.34499433081386144, -5.727088463234804472, 85.02986716567285441 ) ) ;
#1771 = CARTESIAN_POINT ( 'NONE',  ( 75.90877243401199337, 6.204202926576670052, 78.47858112467771718 ) ) ;
#1772 = ORIENTED_EDGE ( 'NONE', *, *, #327, .F. ) ;
#1773 = CARTESIAN_POINT ( 'NONE',  ( 87.14348510609545428, 4.623027823414179061, 79.80705432520440468 ) ) ;
#1774 = DIRECTION ( 'NONE',  ( -0.08502343775359195999, 0.01916085923062318258, -0.9961946980917461003 ) ) ;
#1775 = ORIENTED_EDGE ( 'NONE', *, *, #3259, .T. ) ;
#1776 = CARTESIAN_POINT ( 'NONE',  ( 75.33965725406983438, 4.871257670992825695, 83.81558480852046955 ) ) ;
#1777 = CARTESIAN_POINT ( 'NONE',  ( 68.57801734172689123, 3.547093415661612514, 82.68497150365404025 ) ) ;
#1778 = EDGE_CURVE ( 'NONE', #1302, #3094, #1744, .T. ) ;
#1779 = CARTESIAN_POINT ( 'NONE',  ( 61.78012365585917820, 0.5271140337886942584, 88.63032250740013751 ) ) ;
#1780 = CARTESIAN_POINT ( 'NONE',  ( 90.59348535023215732, -9.824436397230295270, 81.49399900895566873 ) ) ;
#1781 = EDGE_LOOP ( 'NONE', ( #2386, #2772, #1829, #41, #1233, #2684, #3621, #2093 ) ) ;
#1782 = CARTESIAN_POINT ( 'NONE',  ( 61.14692972212678512, -0.2274971115271960109, 88.23262536388644151 ) ) ;
#1783 = CARTESIAN_POINT ( 'NONE',  ( 85.34970196788341923, 4.156787952429627175, 77.14289623779146154 ) ) ;
#1784 = EDGE_LOOP ( 'NONE', ( #1775, #2779, #3533 ) ) ;
#1785 = CARTESIAN_POINT ( 'NONE',  ( 77.19013653977165745, 1.168737412160310463, 83.29192408579896778 ) ) ;
#1786 = CARTESIAN_POINT ( 'NONE',  ( 70.60052053489955881, 10.32832126602183997, 75.83883821762789523 ) ) ;
#1787 = CYLINDRICAL_SURFACE ( 'NONE', #831, 0.5000000000000004441 ) ;
#1788 = AXIS2_PLACEMENT_3D ( 'NONE', #1768, #592, #1164 ) ;
#1789 = CARTESIAN_POINT ( 'NONE',  ( 61.78012365585917820, 0.5271140337886942584, 84.63032250740012330 ) ) ;
#1790 = CIRCLE ( 'NONE', #3087, 2.500000000000015987 ) ;
#1791 = ORIENTED_EDGE ( 'NONE', *, *, #2996, .F. ) ;
#1792 = CARTESIAN_POINT ( 'NONE',  ( 87.70202738694001710, 3.673757310239801566, 80.00517175705738282 ) ) ;
#1793 = CARTESIAN_POINT ( 'NONE',  ( 83.56279590698667903, 2.738956911593305232, 82.27694783888499330 ) ) ;
#1794 = VERTEX_POINT ( 'NONE', #1269 ) ;
#1795 = FACE_BOUND ( 'NONE', #332, .T. ) ;
#1796 = CARTESIAN_POINT ( 'NONE',  ( 71.00140268582747183, 4.763290732694636986, 78.32674813495110300 ) ) ;
#1797 = EDGE_CURVE ( 'NONE', #3172, #3497, #2529, .T. ) ;
#1798 = CARTESIAN_POINT ( 'NONE',  ( 58.81041466081961033, -3.329026055734996437, 89.11821560037186885 ) ) ;
#1799 = CARTESIAN_POINT ( 'NONE',  ( 92.44827540674883437, -10.93363771783797311, 80.50084002871737709 ) ) ;
#1800 = EDGE_LOOP ( 'NONE', ( #1480, #411, #1908, #943 ) ) ;
#1801 = EDGE_CURVE ( 'NONE', #1429, #171, #3565, .T. ) ;
#1802 = CARTESIAN_POINT ( 'NONE',  ( 85.96917540279531522, -9.473509470893883844, 74.61393839077584289 ) ) ;
#1803 = CC_DESIGN_DATE_AND_TIME_ASSIGNMENT ( #1173, #2308, ( #3380 ) ) ;
#1804 = ORIENTED_EDGE ( 'NONE', *, *, #2746, .T. ) ;
#1805 = CARTESIAN_POINT ( 'NONE',  ( 71.03569882670508662, -6.108105177004866881, 71.10405157197706671 ) ) ;
#1806 = DIRECTION ( 'NONE',  ( 0.9702957262759983603, 0.000000000000000000, 0.2419218955996600418 ) ) ;
#1807 = CARTESIAN_POINT ( 'NONE',  ( 89.83432885091782794, -10.34455941996848338, 75.36584019704052650 ) ) ;
#1808 = CARTESIAN_POINT ( 'NONE',  ( 67.52126321709430101, 5.246217263136059294, 83.34254338741591539 ) ) ;
#1809 = CARTESIAN_POINT ( 'NONE',  ( 78.78867952810099951, -7.855314837791420146, 85.04868504946210805 ) ) ;
#1810 = VERTEX_POINT ( 'NONE', #3560 ) ;
#1811 = EDGE_CURVE ( 'NONE', #2993, #1815, #1033, .T. ) ;
#1812 = CARTESIAN_POINT ( 'NONE',  ( 92.99958313104841068, -6.541855328316867002, 79.22699954839525560 ) ) ;
#1813 = CARTESIAN_POINT ( 'NONE',  ( 93.28045792070588504, -7.986307751480237194, 79.40731253178742577 ) ) ;
#1814 = EDGE_CURVE ( 'NONE', #1578, #1410, #2458, .T. ) ;
#1815 = VERTEX_POINT ( 'NONE', #3617 ) ;
#1816 = CARTESIAN_POINT ( 'NONE',  ( 85.43392387456037795, 1.300000000000000044, 74.69393226764552196 ) ) ;
#1817 = CARTESIAN_POINT ( 'NONE',  ( 64.81115198075632122, 0.7314291375967809650, 84.84974689653317625 ) ) ;
#1818 = CARTESIAN_POINT ( 'NONE',  ( 59.98301484381911308, -3.172318752298044497, 89.12564879334374268 ) ) ;
#1819 = CARTESIAN_POINT ( 'NONE',  ( 62.71511110779744058, -1.470058964952609903, 84.73641339162556108 ) ) ;
#1820 = ORIENTED_EDGE ( 'NONE', *, *, #1587, .F. ) ;
#1821 = DIRECTION ( 'NONE',  ( 0.9702957262759921431, 0.000000000000000000, 0.2419218955996853826 ) ) ;
#1822 = ORIENTED_EDGE ( 'NONE', *, *, #2000, .F. ) ;
#1823 = CARTESIAN_POINT ( 'NONE',  ( 89.24689497574594554, -9.187096452847265837, 77.19139565300203287 ) ) ;
#1824 = PRODUCT_DEFINITION_FORMATION_WITH_SPECIFIED_SOURCE ( 'Symmetrisch', '', #213, .NOT_KNOWN. ) ;
#1825 = LINE ( 'NONE', #3251, #2092 ) ;
#1826 = CARTESIAN_POINT ( 'NONE',  ( 60.96542879555850192, -3.838671811580094850, 65.35983515722148240 ) ) ;
#1827 = AXIS2_PLACEMENT_3D ( 'NONE', #2953, #1279, #682 ) ;
#1828 = CARTESIAN_POINT ( 'NONE',  ( 60.01359448794246987, -3.479182094746223974, 85.19083134337930119 ) ) ;
#1829 = ORIENTED_EDGE ( 'NONE', *, *, #3106, .T. ) ;
#1830 = LINE ( 'NONE', #421, #1189 ) ;
#1831 = CARTESIAN_POINT ( 'NONE',  ( 82.32388425394370302, -8.652007630906780378, 85.80833322681704090 ) ) ;
#1832 = ADVANCED_FACE ( 'NONE', ( #435 ), #2424, .T. ) ;
#1833 = ORIENTED_EDGE ( 'NONE', *, *, #1526, .T. ) ;
#1834 = CARTESIAN_POINT ( 'NONE',  ( 69.05779779787617656, 7.722999489164013909, 85.05176844424680382 ) ) ;
#1835 = CARTESIAN_POINT ( 'NONE',  ( 73.12159485347302734, 5.568953601724630609, 75.74334437042763568 ) ) ;
#1836 = PERSON_AND_ORGANIZATION ( #18446744073709551615, #18446744073709551615 ) ;
#1837 = AXIS2_PLACEMENT_3D ( 'NONE', #2534, #3658, #1657 ) ;
#1838 = ADVANCED_FACE ( 'NONE', ( #3326 ), #1922, .T. ) ;
#1839 = CARTESIAN_POINT ( 'NONE',  ( 58.56980505994575736, -3.298794686161497403, 89.09999999999999432 ) ) ;
#1840 = CARTESIAN_POINT ( 'NONE',  ( 90.56078186440032596, -10.50827267709677670, 81.71521185558562195 ) ) ;
#1841 = CARTESIAN_POINT ( 'NONE',  ( 85.76053161281160442, 3.145147887310364876, 76.38038334487011127 ) ) ;
#1842 = DIRECTION ( 'NONE',  ( 0.2198462043524888332, 0.9755345439459353063, 0.000000000000000000 ) ) ;
#1843 = B_SPLINE_CURVE_WITH_KNOTS ( 'NONE', 3,
 ( #17, #1074, #808, #2519, #3680, #1948, #513, #3335, #2488, #2799 ),
 .UNSPECIFIED., .F., .F.,
 ( 4, 2, 2, 2, 4 ),
 ( 0.0002803809170142923502, 0.001283454877814677996, 0.002286528838615063588, 0.003289602799415449180, 0.004292676760215834338 ),
 .UNSPECIFIED. ) ;
#1844 = VERTEX_POINT ( 'NONE', #3254 ) ;
#1845 = FACE_OUTER_BOUND ( 'NONE', #2909, .T. ) ;
#1846 = DIRECTION ( 'NONE',  ( 0.9075829487463429324, -0.2045326510019153388, -0.3666873134143334156 ) ) ;
#1847 = CARTESIAN_POINT ( 'NONE',  ( 74.82823130509547127, -2.081490903028649697, 84.80515591143189624 ) ) ;
#1848 = CARTESIAN_POINT ( 'NONE',  ( 59.23095439213054192, -2.599793684747070177, 85.02183622557211606 ) ) ;
#1849 = DIRECTION ( 'NONE',  ( -0.9755345439458565915, 0.2198462043528372212, 0.000000000000000000 ) ) ;
#1850 = VERTEX_POINT ( 'NONE', #2442 ) ;
#1851 = CARTESIAN_POINT ( 'NONE',  ( 91.34644233332130625, -10.26337288176163298, 72.92854986107319348 ) ) ;
#1852 = CARTESIAN_POINT ( 'NONE',  ( 90.29430672071134723, -8.963074668148705015, 81.43870019691786410 ) ) ;
#1853 = ADVANCED_FACE ( 'NONE', ( #708 ), #194, .T. ) ;
#1854 = VECTOR ( 'NONE', #1266, 1000.000000000000227 ) ;
#1855 = VECTOR ( 'NONE', #2328, 1000.000000000000114 ) ;
#1856 = EDGE_LOOP ( 'NONE', ( #325, #523, #3138, #2649 ) ) ;
#1857 = CARTESIAN_POINT ( 'NONE',  ( 93.01905622021666886, -3.646973510997778778, 76.40266618304228530 ) ) ;
#1858 = CARTESIAN_POINT ( 'NONE',  ( 73.08401211363319305, 5.557386476316946045, 75.39551707664725200 ) ) ;
#1859 = CARTESIAN_POINT ( 'NONE',  ( 64.65383251887634231, -4.044691743303356901, 89.20136074516685198 ) ) ;
#1860 = B_SPLINE_SURFACE_WITH_KNOTS ( 'NONE', 1, 3, ( 
 ( #2803, #1920, #3324, #259, #3662, #3371, #2492, #2520, #1103, #3034 ),
 ( #2242, #517, #3079, #3050, #3632, #1614, #3353, #3096, #206, #1647 ) ),
 .UNSPECIFIED., .F., .F., .F.,
 ( 2, 2 ),
 ( 4, 2, 2, 2, 4 ),
 ( 0.000000000000000000, 1.000000000000000000 ),
 ( 4.729133307347011872, 4.887312544729130792, 5.045491782111250600, 5.203671019493369521, 5.361850256875488441 ),
 .UNSPECIFIED. ) ;
#1861 = CARTESIAN_POINT ( 'NONE',  ( 59.26046024518517186, -2.998508290433296697, 89.07310704621360742 ) ) ;
#1862 = CARTESIAN_POINT ( 'NONE',  ( 61.31570175857057592, -3.307446072393489978, 89.17005445939973640 ) ) ;
#1863 = CARTESIAN_POINT ( 'NONE',  ( 74.80812759054563799, 6.026242779441163044, 74.32125425773112681 ) ) ;
#1864 = CARTESIAN_POINT ( 'NONE',  ( 62.94588614508603541, -1.200000000000001066, 65.84749590702527655 ) ) ;
#1865 = ORIENTED_EDGE ( 'NONE', *, *, #3569, .T. ) ;
#1866 = CARTESIAN_POINT ( 'NONE',  ( 88.88454753631931737, -9.105437930744045616, 80.40755586705449787 ) ) ;
#1867 = LINE ( 'NONE', #399, #1710 ) ;
#1868 = CARTESIAN_POINT ( 'NONE',  ( 73.75864651598323007, 3.482999479109565848E-15, 84.66655204910081522 ) ) ;
#1869 = CARTESIAN_POINT ( 'NONE',  ( 65.35049574461177713, -2.765350540368090027, 84.87641775471300321 ) ) ;
#1870 = CARTESIAN_POINT ( 'NONE',  ( 93.31842399585529790, -10.15712567163626368, 75.80879276612232331 ) ) ;
#1871 = EDGE_LOOP ( 'NONE', ( #612, #86, #1940, #1205, #2256 ) ) ;
#1872 = CARTESIAN_POINT ( 'NONE',  ( 65.41203549887902113, -14.08234068259056926, 75.39214641920482052 ) ) ;
#1873 = CARTESIAN_POINT ( 'NONE',  ( 80.21002683916245246, -8.175629288318276622, 86.58151569475428744 ) ) ;
#1874 = ORIENTED_EDGE ( 'NONE', *, *, #3415, .F. ) ;
#1875 = CARTESIAN_POINT ( 'NONE',  ( 87.59775211267393047, -8.475658128158594096, 80.15195501577713344 ) ) ;
#1876 = CARTESIAN_POINT ( 'NONE',  ( 67.09333178940748610, 4.927646409950773077, 87.44233356686272884 ) ) ;
#1877 = VECTOR ( 'NONE', #2711, 1000.000000000000000 ) ;
#1878 = CARTESIAN_POINT ( 'NONE',  ( 68.31436842788394870, 3.325744241643330490, 81.54691951274104156 ) ) ;
#1879 = CARTESIAN_POINT ( 'NONE',  ( 66.87737001796645586, -4.535096758154518071, 89.09556350907965339 ) ) ;
#1880 = CARTESIAN_POINT ( 'NONE',  ( 90.22299222841334654, -10.43210632527389770, 79.91958890136957905 ) ) ;
#1881 = CARTESIAN_POINT ( 'NONE',  ( 70.79568386742131736, -6.054015469868067711, 84.35155678312497685 ) ) ;
#1882 = CARTESIAN_POINT ( 'NONE',  ( 72.53354490673667954, 7.548740040877875757, 85.53560148902873550 ) ) ;
#1883 = CARTESIAN_POINT ( 'NONE',  ( 79.56243584003908609, 8.204641583832675167, 82.71093831856080669 ) ) ;
#1884 = CARTESIAN_POINT ( 'NONE',  ( 64.24804693025265578, -2.938381453679034028, 87.00489982222511287 ) ) ;
#1885 = DIRECTION ( 'NONE',  ( -0.000000000000000000, 1.000000000000000000, -0.000000000000000000 ) ) ;
#1886 = CARTESIAN_POINT ( 'NONE',  ( 61.32644888645240400, -2.347140242710561875, 86.98979966460444757 ) ) ;
#1887 = EDGE_LOOP ( 'NONE', ( #2443, #2004, #2739, #2392 ) ) ;
#1888 = CARTESIAN_POINT ( 'NONE',  ( 88.05226952137762453, 0.4886235406340209142, 72.10722033285104260 ) ) ;
#1889 = CARTESIAN_POINT ( 'NONE',  ( 80.19778238522553693, -4.223845596663293733, 85.40772121557031937 ) ) ;
#1890 = ORIENTED_EDGE ( 'NONE', *, *, #1562, .F. ) ;
#1891 = CARTESIAN_POINT ( 'NONE',  ( 92.66422838707637766, -6.476940941192550483, 77.30000944747457936 ) ) ;
#1892 = CARTESIAN_POINT ( 'NONE',  ( 71.60423997833251519, 5.019750609734410673, 78.13402130153448866 ) ) ;
#1893 = CARTESIAN_POINT ( 'NONE',  ( 63.56944288177405866, 0.2093121092253629467, 84.50663821556045718 ) ) ;
#1894 = CARTESIAN_POINT ( 'NONE',  ( 61.18234153872687386, -0.1852949518748104318, 88.71737162640243923 ) ) ;
#1895 = VECTOR ( 'NONE', #784, 1000.000000000000114 ) ;
#1896 = CARTESIAN_POINT ( 'NONE',  ( 63.04070246010684286, -4.306354930515816193, 88.72834756423344515 ) ) ;
#1897 = CARTESIAN_POINT ( 'NONE',  ( 90.76637649742383473, -10.55460542870910423, 79.59263405250395351 ) ) ;
#1898 = CARTESIAN_POINT ( 'NONE',  ( 74.22763013717252534, 6.493542208635661339, 83.42534603432503104 ) ) ;
#1899 = CIRCLE ( 'NONE', #765, 1.309529946162080183 ) ;
#1900 = EDGE_CURVE ( 'NONE', #2233, #440, #2052, .T. ) ;
#1901 = CARTESIAN_POINT ( 'NONE',  ( 60.52786201597336202, -0.9652732743761696099, 88.56861485681010038 ) ) ;
#1902 = CARTESIAN_POINT ( 'NONE',  ( 83.17081208237564738, 7.212471629597688505, 81.30515142692634356 ) ) ;
#1903 = CARTESIAN_POINT ( 'NONE',  ( 70.60052053489955881, -6.010033513352006196, 76.78883821762789808 ) ) ;
#1904 = DIRECTION ( 'NONE',  ( 0.9702957262759943635, 0.000000000000000000, 0.2419218955996758902 ) ) ;
#1905 = CARTESIAN_POINT ( 'NONE',  ( 89.48192995375318048, -10.26514289859506945, 78.37592835939348390 ) ) ;
#1906 = ORIENTED_EDGE ( 'NONE', *, *, #384, .T. ) ;
#1907 = DIRECTION ( 'NONE',  ( 0.000000000000000000, 0.000000000000000000, -1.000000000000000000 ) ) ;
#1908 = ORIENTED_EDGE ( 'NONE', *, *, #533, .F. ) ;
#1909 = CARTESIAN_POINT ( 'NONE',  ( 87.42061506935181114, 0.2437192506264022063, 79.05399743961709191 ) ) ;
#1910 = CARTESIAN_POINT ( 'NONE',  ( 65.88389131125015297, 4.115019110152173809, 87.75340585724447351 ) ) ;
#1911 = CARTESIAN_POINT ( 'NONE',  ( 61.01381317467841114, -3.849575702339772310, 65.36577601196627541 ) ) ;
#1912 = CARTESIAN_POINT ( 'NONE',  ( 60.81011078566338313, -3.803669386348284664, 89.26638610956783282 ) ) ;
#1913 = CARTESIAN_POINT ( 'NONE',  ( 87.35104231328402591, 1.442318499839722712, 75.72406786024245662 ) ) ;
#1914 = CARTESIAN_POINT ( 'NONE',  ( 79.40648789303649835, 6.734157393507357092, 81.46147921253255220 ) ) ;
#1915 = ADVANCED_FACE ( 'NONE', ( #3275 ), #3243, .T. ) ;
#1916 = CARTESIAN_POINT ( 'NONE',  ( 93.24075883475239834, -7.784449556113430368, 75.38232521527156393 ) ) ;
#1917 = APPROVAL ( #3471, 'Deckungsgleich' ) ;
#1918 = AXIS2_PLACEMENT_3D ( 'NONE', #3440, #885, #2026 ) ;
#1919 = CARTESIAN_POINT ( 'NONE',  ( 68.70856287250212802, 5.883444771431149967, 86.47503337306039839 ) ) ;
#1920 = CARTESIAN_POINT ( 'NONE',  ( 59.93914704407034577, -21.70021269788773211, 90.17858223127177553 ) ) ;
#1921 = LINE ( 'NONE', #1599, #2484 ) ;
#1922 = CYLINDRICAL_SURFACE ( 'NONE', #119, 0.2000000000000057288 ) ;
#1923 = LINE ( 'NONE', #2526, #3085 ) ;
#1924 = ORIENTED_EDGE ( 'NONE', *, *, #3665, .F. ) ;
#1925 = CARTESIAN_POINT ( 'NONE',  ( 69.00665530887299326, 5.470364273800445432, 86.97375724290232313 ) ) ;
#1926 = CARTESIAN_POINT ( 'NONE',  ( 66.87451350845397258, -4.534466580792969381, 89.09574848075119746 ) ) ;
#1927 = ADVANCED_FACE ( 'NONE', ( #3616 ), #2195, .T. ) ;
#1928 = CARTESIAN_POINT ( 'NONE',  ( 71.10391822754202451, -6.123479082956845509, 88.19878856014358348 ) ) ;
#1929 = CARTESIAN_POINT ( 'NONE',  ( 71.79277105363804878, 1.300000000000000711, 68.56857886733286023 ) ) ;
#1930 = CARTESIAN_POINT ( 'NONE',  ( 76.82523742930946753, 6.814243155210288450, 80.43429975203964943 ) ) ;
#1931 = CARTESIAN_POINT ( 'NONE',  ( 68.31436842788394870, 3.325744241643330490, 81.54691951274104156 ) ) ;
#1932 = B_SPLINE_CURVE_WITH_KNOTS ( 'NONE', 3,
 ( #1259, #621, #1537, #2098 ),
 .UNSPECIFIED., .F., .F.,
 ( 4, 4 ),
 ( 0.000000000000000000, 0.001628405896191361226 ),
 .UNSPECIFIED. ) ;
#1933 = CARTESIAN_POINT ( 'NONE',  ( 81.95844900600116034, 7.692054542360181379, 81.92927101452168870 ) ) ;
#1934 = CARTESIAN_POINT ( 'NONE',  ( 63.90777062602645486, 2.588038987380889111, 87.69887490561499988 ) ) ;
#1935 = CARTESIAN_POINT ( 'NONE',  ( 87.44455444897830887, -8.021152140644899120, 77.30163110925678893 ) ) ;
#1936 = VERTEX_POINT ( 'NONE', #2440 ) ;
#1937 = CARTESIAN_POINT ( 'NONE',  ( 87.90384694051391534, -7.236115204732454842, 80.45024819322054555 ) ) ;
#1938 = LINE ( 'NONE', #488, #191 ) ;
#1939 = CARTESIAN_POINT ( 'NONE',  ( 79.14469951645278911, -7.935547407318182422, 86.93226026481312374 ) ) ;
#1940 = ORIENTED_EDGE ( 'NONE', *, *, #3258, .T. ) ;
#1941 = APPROVAL_PERSON_ORGANIZATION ( #918, #1917, #973 ) ;
#1942 = CARTESIAN_POINT ( 'NONE',  ( 83.15755275890809628, 6.835977952509026956, 81.76281441757936364 ) ) ;
#1943 = EDGE_CURVE ( 'NONE', #3585, #1045, #2737, .T. ) ;
#1944 = CIRCLE ( 'NONE', #345, 0.5000000000000004441 ) ;
#1945 = LINE ( 'NONE', #2268, #3579 ) ;
#1946 = CARTESIAN_POINT ( 'NONE',  ( 65.19759645556031558, -14.08234068259056926, 77.88293261972475534 ) ) ;
#1947 = CARTESIAN_POINT ( 'NONE',  ( 65.70094872917626105, -4.905867319421169270, 85.18178705073435708 ) ) ;
#1948 = CARTESIAN_POINT ( 'NONE',  ( 63.60610857447264266, -0.4752730441343706591, 77.14077210066403723 ) ) ;
#1949 = ADVANCED_FACE ( 'NONE', ( #3052 ), #3634, .F. ) ;
#1950 = DIRECTION ( 'NONE',  ( 0.9478986130028159707, -0.2136181783343423235, 0.2363376680778051520 ) ) ;
#1951 = CARTESIAN_POINT ( 'NONE',  ( 63.06641917709132628, 1.878124132394972667, 84.39907744806137657 ) ) ;
#1952 = DIRECTION ( 'NONE',  ( -0.2419218955996572384, 0.000000000000000000, 0.9702957262759991375 ) ) ;
#1953 = ORIENTED_EDGE ( 'NONE', *, *, #989, .F. ) ;
#1954 = CARTESIAN_POINT ( 'NONE',  ( 79.47990186782158162, 6.190232089234819490, 77.68287202317333140 ) ) ;
#1955 = FACE_OUTER_BOUND ( 'NONE', #2345, .T. ) ;
#1956 = ORIENTED_EDGE ( 'NONE', *, *, #1023, .F. ) ;
#1957 = CARTESIAN_POINT ( 'NONE',  ( 75.54900590328279009, 7.707893624417929246, 84.77330500927804735 ) ) ;
#1958 = EDGE_CURVE ( 'NONE', #2829, #1461, #3325, .T. ) ;
#1959 = PLANE ( 'NONE',  #2794 ) ;
#1960 = CARTESIAN_POINT ( 'NONE',  ( 63.12716776041177269, -2.540992529831882951, 84.96162735878334615 ) ) ;
#1961 = VECTOR ( 'NONE', #1544, 1000.000000000000000 ) ;
#1962 = VECTOR ( 'NONE', #1755, 1000.000000000000000 ) ;
#1963 = VECTOR ( 'NONE', #3165, 999.9999999999998863 ) ;
#1964 = EDGE_CURVE ( 'NONE', #2640, #3144, #1921, .T. ) ;
#1965 = FACE_OUTER_BOUND ( 'NONE', #2080, .T. ) ;
#1966 = B_SPLINE_CURVE_WITH_KNOTS ( 'NONE', 3,
 ( #3614, #2787, #3645, #1681, #2193, #502, #2820, #1042, #798, #3063 ),
 .UNSPECIFIED., .F., .F.,
 ( 4, 2, 2, 2, 4 ),
 ( 0.000000000000000000, 0.0002563184626810186689, 0.0005126369253620373378, 0.0007689553880430560068, 0.001025273850724074676 ),
 .UNSPECIFIED. ) ;
#1967 = ORIENTED_EDGE ( 'NONE', *, *, #1645, .F. ) ;
#1968 = CARTESIAN_POINT ( 'NONE',  ( 70.60052053489955881, -3.500000000000000000, 75.83883821762789523 ) ) ;
#1969 = DIRECTION ( 'NONE',  ( 0.7660444431111645969, -0.6427876096958511365, 0.000000000000000000 ) ) ;
#1970 = ORIENTED_EDGE ( 'NONE', *, *, #3430, .F. ) ;
#1971 = EDGE_CURVE ( 'NONE', #1302, #579, #2719, .T. ) ;
#1972 = DIRECTION ( 'NONE',  ( 0.000000000000000000, 0.000000000000000000, 1.000000000000000000 ) ) ;
#1973 = CARTESIAN_POINT ( 'NONE',  ( 65.42797936912357670, -4.844351017323392128, 69.70589007911338797 ) ) ;
#1974 = CARTESIAN_POINT ( 'NONE',  ( 81.06257349988544547, -0.3146378630395174625, 82.47970427837688590 ) ) ;
#1975 = CARTESIAN_POINT ( 'NONE',  ( 59.93914704407034577, -21.70021269788773211, 90.17858223127177553 ) ) ;
#1976 = CARTESIAN_POINT ( 'NONE',  ( 79.14469951645278911, -7.935547407318182422, 82.93226026481312374 ) ) ;
#1977 = ORIENTED_EDGE ( 'NONE', *, *, #2822, .T. ) ;
#1978 = CARTESIAN_POINT ( 'NONE',  ( 85.55780382988328370, 5.493317991133285894, 80.80510744352709196 ) ) ;
#1979 = DIRECTION ( 'NONE',  ( -0.000000000000000000, 1.000000000000000000, -0.000000000000000000 ) ) ;
#1980 = DIRECTION ( 'NONE',  ( 0.3746065934159037991, 0.000000000000000000, 0.9271838545667907550 ) ) ;
#1981 = CARTESIAN_POINT ( 'NONE',  ( 90.85438454968168287, -10.57443889988218189, 75.28622998076110662 ) ) ;
#1982 = LINE ( 'NONE', #237, #993 ) ;
#1983 = CARTESIAN_POINT ( 'NONE',  ( 75.77002361261288854, -3.227876003911080982, 86.81003266008639230 ) ) ;
#1984 = CARTESIAN_POINT ( 'NONE',  ( 63.46874769245243186, -0.6203733826151999198, 73.78840730881113075 ) ) ;
#1985 = ORIENTED_EDGE ( 'NONE', *, *, #3558, .F. ) ;
#1986 = CARTESIAN_POINT ( 'NONE',  ( 90.40110840760203814, -9.111411525604358630, 78.58694497803492141 ) ) ;
#1987 = CARTESIAN_POINT ( 'NONE',  ( 91.58902135179634740, -7.181715955947146846, 76.17659393243944521 ) ) ;
#1988 = VECTOR ( 'NONE', #857, 1000.000000000000114 ) ;
#1989 = CARTESIAN_POINT ( 'NONE',  ( 61.55682615019021142, -0.4977585275588480296, 88.72927741093600673 ) ) ;
#1990 = DIRECTION ( 'NONE',  ( 0.000000000000000000, 0.000000000000000000, 1.000000000000000000 ) ) ;
#1991 = CARTESIAN_POINT ( 'NONE',  ( 64.21452369693690798, -2.931021331487800197, 87.00621501965133575 ) ) ;
#1992 = DIRECTION ( 'NONE',  ( 0.000000000000000000, 0.000000000000000000, -1.000000000000000000 ) ) ;
#1993 = CARTESIAN_POINT ( 'NONE',  ( 80.97028660337025485, 3.792023959018016477, 79.27016885371914157 ) ) ;
#1994 = EDGE_LOOP ( 'NONE', ( #732, #2372, #2757, #108 ) ) ;
#1995 = CARTESIAN_POINT ( 'NONE',  ( 81.81237844557223582, 7.716506368127457272, 81.83555921183626936 ) ) ;
#1996 = LINE ( 'NONE', #3130, #720 ) ;
#1997 = DIRECTION ( 'NONE',  ( 0.000000000000000000, 1.000000000000000000, 7.521760991835429099E-12 ) ) ;
#1998 = CARTESIAN_POINT ( 'NONE',  ( 84.73105085694064087, -2.094796407257038862, 78.74428791097824387 ) ) ;
#1999 = CARTESIAN_POINT ( 'NONE',  ( 62.94588614508603541, -1.200000000000001954, 75.61022507409056459 ) ) ;
#2000 = EDGE_CURVE ( 'NONE', #404, #579, #2410, .T. ) ;
#2001 = VECTOR ( 'NONE', #2935, 1000.000000000000000 ) ;
#2002 = CARTESIAN_POINT ( 'NONE',  ( 63.42421317816385340, -3.900074338535564067, 89.25130643768872574 ) ) ;
#2003 = CARTESIAN_POINT ( 'NONE',  ( 64.35788239036732250, 0.2741374265552309897, 73.10928412106409269 ) ) ;
#2004 = ORIENTED_EDGE ( 'NONE', *, *, #1141, .F. ) ;
#2005 = CARTESIAN_POINT ( 'NONE',  ( 61.78012365584273624, 0.5271140337714218527, 84.63032250740309337 ) ) ;
#2006 = CARTESIAN_POINT ( 'NONE',  ( 79.47990186782158162, 6.190232089234819490, 77.68287202317333140 ) ) ;
#2007 = ORIENTED_EDGE ( 'NONE', *, *, #2441, .F. ) ;
#2008 = CARTESIAN_POINT ( 'NONE',  ( 72.38205150674984623, 6.944076523169208315, 85.90284215498574838 ) ) ;
#2009 = CARTESIAN_POINT ( 'NONE',  ( -11.77277965804892368, 1.300000000000002487, 47.21804018722344409 ) ) ;
#2010 = CIRCLE ( 'NONE', #874, 2.500000000000015987 ) ;
#2011 = DIRECTION ( 'NONE',  ( -0.2198462043528371102, -0.9755345439458567025, 0.000000000000000000 ) ) ;
#2012 = CARTESIAN_POINT ( 'NONE',  ( 74.17048835873197277, 0.7230002799408847824, 82.41130899530789122 ) ) ;
#2013 = ORIENTED_EDGE ( 'NONE', *, *, #589, .T. ) ;
#2014 = CARTESIAN_POINT ( 'NONE',  ( 93.35132379243336231, -9.970257098447939725, 79.73353781617007030 ) ) ;
#2015 = ORIENTED_EDGE ( 'NONE', *, *, #1971, .F. ) ;
#2016 = CARTESIAN_POINT ( 'NONE',  ( 86.88046223996467177, -9.678876829201444210, 71.81505596365759914 ) ) ;
#2017 = CARTESIAN_POINT ( 'NONE',  ( 62.71511110779744058, -1.470058964952609903, 84.73641339162556108 ) ) ;
#2018 = CARTESIAN_POINT ( 'NONE',  ( 77.00589757535188085, -6.118583549497409457, 87.17061281057061706 ) ) ;
#2019 = CARTESIAN_POINT ( 'NONE',  ( -12.53321533564541923, -12.87027948883124928, 50.26798110410452125 ) ) ;
#2020 = EDGE_LOOP ( 'NONE', ( #3287, #1140, #146, #2062 ) ) ;
#2021 = CARTESIAN_POINT ( 'NONE',  ( 66.06150023097184487, -3.202272830578983598, 84.71493703298487787 ) ) ;
#2022 = CARTESIAN_POINT ( 'NONE',  ( 76.82993680722510987, 6.814609605435710371, 80.44588132617506915 ) ) ;
#2023 = ORIENTED_EDGE ( 'NONE', *, *, #117, .F. ) ;
#2024 = B_SPLINE_SURFACE_WITH_KNOTS ( 'NONE', 3, 1, ( 
 ( #269, #1394 ),
 ( #2797, #253 ),
 ( #2531, #1113 ),
 ( #1655, #3131 ),
 ( #2571, #2223 ),
 ( #1696, #2552 ),
 ( #583, #1380 ),
 ( #1716, #3058 ),
 ( #1641, #564 ),
 ( #26, #1364 ),
 ( #1414, #2286 ),
 ( #3406, #3348 ),
 ( #2056, #3491 ),
 ( #1817, #917 ),
 ( #2654, #955 ),
 ( #2931, #3150 ),
 ( #3186, #1197 ) ),
 .UNSPECIFIED., .F., .F., .F.,
 ( 4, 1, 1, 1, 1, 1, 1, 1, 1, 1, 1, 1, 1, 1, 4 ),
 ( 2, 2 ),
 ( 0.1698731860240941527, 0.1701613409496501306, 0.1969303299512743244, 0.2504683079545226843, 0.3040062859577710719, 0.3575442639610194595, 0.4646202199675162348, 0.5716961759740130100, 0.6787721319805097853, 0.7858480879870064495, 0.8393860659902547816, 0.8929240439935032247, 0.9464620219967516679, 0.9732310109983758339, 1.000000000000000000 ),
 ( 0.000000000000000000, 1.000000000000000000 ),
 .UNSPECIFIED. ) ;
#2025 = CARTESIAN_POINT ( 'NONE',  ( 68.31436842788394870, -5.494826884930485988, 81.54691951274104156 ) ) ;
#2026 = DIRECTION ( 'NONE',  ( 0.000000000000000000, 0.000000000000000000, 1.000000000000000000 ) ) ;
#2027 = CARTESIAN_POINT ( 'NONE',  ( 60.21652286165581103, -3.669898570276042271, 85.23414329158273972 ) ) ;
#2028 = CARTESIAN_POINT ( 'NONE',  ( 91.27140579111940610, -2.525092443072933790, 75.27379030408039284 ) ) ;
#2029 = EDGE_CURVE ( 'NONE', #3535, #2974, #2229, .T. ) ;
#2030 = CARTESIAN_POINT ( 'NONE',  ( 83.36885485837615306, 7.146811309191044792, 77.61630381382562405 ) ) ;
#2031 = EDGE_LOOP ( 'NONE', ( #1451, #15, #3413, #1495, #853, #3340 ) ) ;
#2032 = CARTESIAN_POINT ( 'NONE',  ( 92.25407318374180932, -3.714070720969331774, 78.71220982172121694 ) ) ;
#2033 = VERTEX_POINT ( 'NONE', #1954 ) ;
#2034 = DIRECTION ( 'NONE',  ( -0.9702957262759995816, -0.000000000000000000, -0.2419218955996552956 ) ) ;
#2035 = CARTESIAN_POINT ( 'NONE',  ( 59.48038955807709272, -2.991464252601186757, 88.57101345230908862 ) ) ;
#2036 = CARTESIAN_POINT ( 'NONE',  ( 90.12871436104191503, -9.132553144201523310, 75.60276523565259765 ) ) ;
#2037 = CARTESIAN_POINT ( 'NONE',  ( 67.44951299385297716, -0.07524014540409715290, 88.09418654814527372 ) ) ;
#2038 = CARTESIAN_POINT ( 'NONE',  ( 56.35099084416960125, -2.798763306924835437, 84.71746585798778995 ) ) ;
#2039 = ORIENTED_EDGE ( 'NONE', *, *, #2441, .T. ) ;
#2040 = CARTESIAN_POINT ( 'NONE',  ( 90.29575375865168496, -9.371988820811553822, 78.06698995424967791 ) ) ;
#2041 = CARTESIAN_POINT ( 'NONE',  ( 90.64135609108393510, -3.634868172723908053, 75.88408767432532898 ) ) ;
#2042 = VERTEX_POINT ( 'NONE', #1649 ) ;
#2043 = DIRECTION ( 'NONE',  ( 0.000000000000000000, 0.000000000000000000, 1.000000000000000000 ) ) ;
#2044 = CARTESIAN_POINT ( 'NONE',  ( 66.09466861157062567, -3.969516901134234832, 87.04643898420513892 ) ) ;
#2045 = FACE_OUTER_BOUND ( 'NONE', #3312, .T. ) ;
#2046 = CARTESIAN_POINT ( 'NONE',  ( 90.29430672071134723, -8.963074668148705015, 77.43870019691784989 ) ) ;
#2047 = CARTESIAN_POINT ( 'NONE',  ( 81.62668000762795373, 6.389171770217337176, 78.53891905477750868 ) ) ;
#2048 = CARTESIAN_POINT ( 'NONE',  ( 77.88592126907053625, -7.651869477576096479, 85.31907003383003030 ) ) ;
#2049 = ORIENTED_EDGE ( 'NONE', *, *, #1166, .T. ) ;
#2050 = CARTESIAN_POINT ( 'NONE',  ( 88.93611185496646954, 2.231148589504853508, 79.60484979231870284 ) ) ;
#2051 = CARTESIAN_POINT ( 'NONE',  ( 60.92020646786929206, -2.831281104521214509, 85.06537129572626554 ) ) ;
#2052 = B_SPLINE_CURVE_WITH_KNOTS ( 'NONE', 3,
 ( #1003, #3598, #158, #469 ),
 .UNSPECIFIED., .F., .F.,
 ( 4, 4 ),
 ( 2.602085213965210642E-18, 0.001412954525049166157 ),
 .UNSPECIFIED. ) ;
#2053 = EDGE_CURVE ( 'NONE', #3437, #2459, #61, .T. ) ;
#2054 = EDGE_LOOP ( 'NONE', ( #659, #1652, #1538, #397 ) ) ;
#2055 = CARTESIAN_POINT ( 'NONE',  ( 59.69659404169573236, -4.702052972902834860, 87.46117689882865420 ) ) ;
#2056 = CARTESIAN_POINT ( 'NONE',  ( 66.60251968765568620, 2.225480588405533755, 84.84974689653317625 ) ) ;
#2057 = CARTESIAN_POINT ( 'NONE',  ( 65.31972833415944990, -0.6317051831995499356, 88.47447304565878312 ) ) ;
#2058 = CARTESIAN_POINT ( 'NONE',  ( 92.75428016993036806, -11.00259886938739839, 80.29133946702810931 ) ) ;
#2059 = VERTEX_POINT ( 'NONE', #2601 ) ;
#2060 = CARTESIAN_POINT ( 'NONE',  ( 63.09712885458539233, -3.293992141852580602, 86.51885901366595988 ) ) ;
#2061 = CARTESIAN_POINT ( 'NONE',  ( 79.33007264551197579, 6.211384271488130437, 77.31203168477728127 ) ) ;
#2062 = ORIENTED_EDGE ( 'NONE', *, *, #739, .F. ) ;
#2063 = DIRECTION ( 'NONE',  ( -0.000000000000000000, -1.000000000000000000, -0.000000000000000000 ) ) ;
#2064 = DIRECTION ( 'NONE',  ( 0.000000000000000000, 0.000000000000000000, 1.000000000000000000 ) ) ;
#2065 = CARTESIAN_POINT ( 'NONE',  ( 76.52078457612587670, -2.340331938703825720, 84.31517548183748545 ) ) ;
#2066 = EDGE_CURVE ( 'NONE', #681, #2586, #2010, .T. ) ;
#2067 = CARTESIAN_POINT ( 'NONE',  ( 65.21311785899332847, 3.674534460459901286, 83.93256431637196613 ) ) ;
#2068 = CARTESIAN_POINT ( 'NONE',  ( 74.48472469307644417, 5.946260603604351935, 79.05393375885695662 ) ) ;
#2069 = ORIENTED_EDGE ( 'NONE', *, *, #1311, .T. ) ;
#2070 = CARTESIAN_POINT ( 'NONE',  ( 89.68039539740945543, 1.638574867383128630, 79.01128837819317141 ) ) ;
#2071 = CARTESIAN_POINT ( 'NONE',  ( 91.63733849728721736, -1.861431781149036180, 78.92777093004072242 ) ) ;
#2072 = VERTEX_POINT ( 'NONE', #1106 ) ;
#2073 = CARTESIAN_POINT ( 'NONE',  ( 68.53589839458526001, 4.660862988960681186, 85.58761254255001916 ) ) ;
#2074 = CARTESIAN_POINT ( 'NONE',  ( 83.34778806306700005, -8.882754319944043075, 74.17380019210625619 ) ) ;
#2075 = CARTESIAN_POINT ( 'NONE',  ( 60.68947543184398086, -3.107256624448658577, 89.12418748343594643 ) ) ;
#2076 = CARTESIAN_POINT ( 'NONE',  ( 66.02671217841947282, -3.954202257503840023, 86.42278836265653297 ) ) ;
#2077 = EDGE_LOOP ( 'NONE', ( #3508, #3561, #2477, #768 ) ) ;
#2078 = FACE_OUTER_BOUND ( 'NONE', #3147, .T. ) ;
#2079 = DIRECTION ( 'NONE',  ( -0.7071067811865493491, 0.000000000000000000, 0.7071067811865456854 ) ) ;
#2080 = EDGE_LOOP ( 'NONE', ( #3069, #1967, #1636, #3193 ) ) ;
#2081 = ADVANCED_FACE ( 'NONE', ( #1765 ), #2902, .F. ) ;
#2082 = CARTESIAN_POINT ( 'NONE',  ( 83.34778806306700005, 4.891044643327314034, 74.17380019210627040 ) ) ;
#2083 = CARTESIAN_POINT ( 'NONE',  ( 86.22987203797379152, 2.688712275105540783, 74.89238443359604958 ) ) ;
#2084 = CARTESIAN_POINT ( 'NONE',  ( 60.84827150803312179, -3.812269276544746344, 65.35983515722148240 ) ) ;
#2085 = ADVANCED_FACE ( 'NONE', ( #3458 ), #3373, .F. ) ;
#2086 =( BOUNDED_CURVE ( )  B_SPLINE_CURVE ( 3, ( #1379, #856, #252, #582 ),
 .UNSPECIFIED., .F., .F. ) 
 B_SPLINE_CURVE_WITH_KNOTS ( ( 4, 4 ),
 ( 4.956735075666402146, 7.068583470575111605 ),
 .UNSPECIFIED. ) 
 CURVE ( )  GEOMETRIC_REPRESENTATION_ITEM ( )  RATIONAL_B_SPLINE_CURVE ( ( 1.000000000000000000, 0.6616157067369297096, 0.6616157067369297096, 1.000000000000000000 ) ) 
 REPRESENTATION_ITEM ( '' )  );
#2087 = CARTESIAN_POINT ( 'NONE',  ( 61.96247637324380264, -1.815673066950080239, 84.89168922344738633 ) ) ;
#2088 = ORIENTED_EDGE ( 'NONE', *, *, #2879, .T. ) ;
#2089 = CARTESIAN_POINT ( 'NONE',  ( 89.12718157421494425, 2.413450872107270051, 79.46622456479398977 ) ) ;
#2090 = CARTESIAN_POINT ( 'NONE',  ( 84.32560547299955545, 5.205867744824140608, 81.46581280123608337 ) ) ;
#2091 = B_SPLINE_CURVE_WITH_KNOTS ( 'NONE', 3,
 ( #2972, #997, #1557, #2695, #724, #152, #2413, #3552 ),
 .UNSPECIFIED., .F., .F.,
 ( 4, 2, 2, 4 ),
 ( 0.000000000000000000, 0.0002548522978597849245, 0.0005097045957195698489, 0.001019409191439165068 ),
 .UNSPECIFIED. ) ;
#2092 = VECTOR ( 'NONE', #1304, 1000.000000000000114 ) ;
#2093 = ORIENTED_EDGE ( 'NONE', *, *, #2600, .F. ) ;
#2094 = CARTESIAN_POINT ( 'NONE',  ( 67.50372071504985172, -1.882811995773115976, 86.99478854788571880 ) ) ;
#2095 = FACE_OUTER_BOUND ( 'NONE', #178, .T. ) ;
#2096 = PERSON_AND_ORGANIZATION ( #18446744073709551615, #18446744073709551615 ) ;
#2097 = CARTESIAN_POINT ( 'NONE',  ( 58.56980505994575736, -3.298794686161497403, 89.09999999999999432 ) ) ;
#2098 = CARTESIAN_POINT ( 'NONE',  ( 63.26968088472326457, -2.723667770940637389, 87.00974338772908823 ) ) ;
#2099 = ORIENTED_EDGE ( 'NONE', *, *, #3263, .F. ) ;
#2100 = CARTESIAN_POINT ( 'NONE',  ( 95.88100339871274969, -12.87027948883124928, 23.90581908800312405 ) ) ;
#2101 = EDGE_LOOP ( 'NONE', ( #2197, #1347, #3410, #693 ) ) ;
#2102 = CARTESIAN_POINT ( 'NONE',  ( 76.81154937303840313, 1.516552145310438027, 83.35869819728283403 ) ) ;
#2103 = CARTESIAN_POINT ( 'NONE',  ( 62.83062768279420851, 1.587509847247663419, 87.92022407728059363 ) ) ;
#2104 = CARTESIAN_POINT ( 'NONE',  ( 83.34778806306700005, 4.891044643327314034, 74.17380019210627040 ) ) ;
#2105 = ADVANCED_FACE ( 'NONE', ( #1705 ), #828, .T. ) ;
#2106 = CARTESIAN_POINT ( 'NONE',  ( 58.56980505994574315, -3.298794686161497403, 85.09999999999999432 ) ) ;
#2107 = CARTESIAN_POINT ( 'NONE',  ( 80.56979047375682512, -8.256705524941281737, 84.46194663728202556 ) ) ;
#2108 = ORIENTED_EDGE ( 'NONE', *, *, #1540, .T. ) ;
#2109 = DIRECTION ( 'NONE',  ( -0.000000000000000000, 1.000000000000000000, -0.000000000000000000 ) ) ;
#2110 = CARTESIAN_POINT ( 'NONE',  ( 92.70206528935975143, -10.99083173804107716, 80.33856399736488640 ) ) ;
#2111 = ORIENTED_EDGE ( 'NONE', *, *, #418, .F. ) ;
#2112 = CARTESIAN_POINT ( 'NONE',  ( 60.76542879555849908, -3.793599864980734537, 80.99999999999998579 ) ) ;
#2113 = CARTESIAN_POINT ( 'NONE',  ( 71.88712359969741783, 5.133238760199568596, 77.98824991933351214 ) ) ;
#2114 = CALENDAR_DATE ( 2026, 4, 4 ) ;
#2115 = CARTESIAN_POINT ( 'NONE',  ( 60.50449621416597523, -0.9931195525785920797, 88.82463256252309236 ) ) ;
#2116 = CARTESIAN_POINT ( 'NONE',  ( 92.41943520309816051, -10.92713829724709207, 79.72426691991620373 ) ) ;
#2117 = CARTESIAN_POINT ( 'NONE',  ( 91.25294184029971234, -8.330896809900512068, 74.60887535721273878 ) ) ;
#2118 = CARTESIAN_POINT ( 'NONE',  ( 68.31436842788394870, -12.87027948883124928, 81.54691951274104156 ) ) ;
#2119 = ORIENTED_EDGE ( 'NONE', *, *, #1494, .T. ) ;
#2120 = EDGE_CURVE ( 'NONE', #2829, #3395, #3076, .T. ) ;
#2121 = CARTESIAN_POINT ( 'NONE',  ( 77.74071508899896799, 5.136407792150077256E-14, 83.33598445016664868 ) ) ;
#2122 = CARTESIAN_POINT ( 'NONE',  ( 59.39692873794622585, -3.485195057391140327, 85.79691986038581319 ) ) ;
#2123 = CARTESIAN_POINT ( 'NONE',  ( 65.22605365046615589, -3.153079045174034700, 86.97103357026698234 ) ) ;
#2124 = VECTOR ( 'NONE', #614, 1000.000000000000114 ) ;
#2125 = CARTESIAN_POINT ( 'NONE',  ( 61.10297952571420410, -2.193603801920411822, 84.95968258249898497 ) ) ;
#2126 = ORIENTED_EDGE ( 'NONE', *, *, #1367, .T. ) ;
#2127 = CARTESIAN_POINT ( 'NONE',  ( 64.91795914898129638, -4.729412996689163151, 71.85535831241321603 ) ) ;
#2128 = CARTESIAN_POINT ( 'NONE',  ( 90.56626691629905679, -3.864742968859016248, 79.96870865826258523 ) ) ;
#2129 = ORIENTED_EDGE ( 'NONE', *, *, #368, .T. ) ;
#2130 = CARTESIAN_POINT ( 'NONE',  ( 80.55153337783507084, -4.547294769463972486, 83.88382689877781218 ) ) ;
#2131 = CARTESIAN_POINT ( 'NONE',  ( 71.45741347418598366, 4.958947858780986984, 78.19273606046495217 ) ) ;
#2132 = CARTESIAN_POINT ( 'NONE',  ( 59.30176872567378865, -3.463749822433357828, 89.16795878049076407 ) ) ;
#2133 = CARTESIAN_POINT ( 'NONE',  ( 60.83870631963826270, -3.810113668240723950, 88.66171878331630296 ) ) ;
#2134 = FACE_OUTER_BOUND ( 'NONE', #2943, .T. ) ;
#2135 = CARTESIAN_POINT ( 'NONE',  ( 66.20354266578398494, -3.994052728922010242, 88.49465935056034027 ) ) ;
#2136 = ORIENTED_EDGE ( 'NONE', *, *, #1797, .F. ) ;
#2137 = CARTESIAN_POINT ( 'NONE',  ( 77.69230084922195090, 0.2551357935267903887, 83.29815910051064520 ) ) ;
#2138 = CARTESIAN_POINT ( 'NONE',  ( 68.53913238393349161, -12.87027948883124928, 82.10322982548110815 ) ) ;
#2139 = CARTESIAN_POINT ( 'NONE',  ( 69.93988125753332952, 4.248960901463326501, 82.23337099428596275 ) ) ;
#2140 = CARTESIAN_POINT ( 'NONE',  ( 59.22171934844905650, -2.521873490796750161, 85.01711962166272940 ) ) ;
#2141 = CARTESIAN_POINT ( 'NONE',  ( 62.00692007706436470, -1.536186256641651537, 86.84739702260215211 ) ) ;
#2142 = EDGE_LOOP ( 'NONE', ( #1541, #1202, #282, #959, #143, #89 ) ) ;
#2143 = CARTESIAN_POINT ( 'NONE',  ( 89.93725136340648874, -3.176227106275604672, 72.57719909091970578 ) ) ;
#2144 = CARTESIAN_POINT ( 'NONE',  ( 88.61640360443823283, 3.104175318749166745, 79.61760683415263884 ) ) ;
#2145 = EDGE_CURVE ( 'NONE', #2218, #3535, #2419, .T. ) ;
#2146 = CIRCLE ( 'NONE', #536, 1.309529946162080183 ) ;
#2147 = AXIS2_PLACEMENT_3D ( 'NONE', #500, #2157, #515 ) ;
#2148 = VECTOR ( 'NONE', #2109, 1000.000000000000000 ) ;
#2149 = VERTEX_POINT ( 'NONE', #57 ) ;
#2150 = CARTESIAN_POINT ( 'NONE',  ( 87.82592920777003087, -7.614001266072236263, 80.53100581484895315 ) ) ;
#2151 = CARTESIAN_POINT ( 'NONE',  ( 70.81495957821825016, 4.675698861493594372, 73.34805201710796041 ) ) ;
#2152 = CARTESIAN_POINT ( 'NONE',  ( 61.08702306045071140, -3.640663262774009645, 85.43562350581902365 ) ) ;
#2153 = CARTESIAN_POINT ( 'NONE',  ( 66.70950116661458651, -5.133154427431738220, 88.61127207381625226 ) ) ;
#2154 = CARTESIAN_POINT ( 'NONE',  ( 70.60052053489955881, -14.08234068259056926, 75.83883821762789523 ) ) ;
#2155 = CARTESIAN_POINT ( 'NONE',  ( 91.58836853225206198, -7.177662106962114485, 78.18800754135486386 ) ) ;
#2156 = VERTEX_POINT ( 'NONE', #2025 ) ;
#2157 = DIRECTION ( 'NONE',  ( 0.000000000000000000, 0.000000000000000000, 1.000000000000000000 ) ) ;
#2158 = CARTESIAN_POINT ( 'NONE',  ( 92.25063412619003600, -3.703419272476541124, 78.71175897899898644 ) ) ;
#2159 = CARTESIAN_POINT ( 'NONE',  ( 66.20249905857168926, -3.367516703243862430, 86.90862938474089106 ) ) ;
#2160 = CARTESIAN_POINT ( 'NONE',  ( 66.20354266578398494, -3.994052728922010242, 88.49465935056034027 ) ) ;
#2161 = CARTESIAN_POINT ( 'NONE',  ( 60.50384271493415156, -3.327484102907868113, 87.16523228575742621 ) ) ;
#2162 = ORIENTED_EDGE ( 'NONE', *, *, #1435, .F. ) ;
#2163 = CARTESIAN_POINT ( 'NONE',  ( 87.42726464537877007, 1.300000000000002487, 71.95138911535096327 ) ) ;
#2164 = ORIENTED_EDGE ( 'NONE', *, *, #3071, .F. ) ;
#2165 = CARTESIAN_POINT ( 'NONE',  ( 87.45543691087128479, -8.783373941672623531, 79.33832683816049780 ) ) ;
#2166 = CARTESIAN_POINT ( 'NONE',  ( 64.71198172292639583, 3.249523543907737011, 88.03573862597251320 ) ) ;
#2167 = CIRCLE ( 'NONE', #1682, 0.5000000000000004441 ) ;
#2168 = CARTESIAN_POINT ( 'NONE',  ( 67.78472239395931354, 3.602707107239524920, 83.46341913116819455 ) ) ;
#2169 = EDGE_CURVE ( 'NONE', #314, #1341, #3311, .T. ) ;
#2170 = CARTESIAN_POINT ( 'NONE',  ( 59.33569980575927616, -3.471396521581322947, 89.15446876909605578 ) ) ;
#2171 = CARTESIAN_POINT ( 'NONE',  ( 78.88579881874207445, 6.267536926651486873, 75.33793188130843532 ) ) ;
#2172 = CARTESIAN_POINT ( 'NONE',  ( 82.75743387220752822, 5.883945565330177097, 80.13836127233197715 ) ) ;
#2173 = CARTESIAN_POINT ( 'NONE',  ( 61.78012365585917820, 0.5271140337886942584, 88.36888903561380459 ) ) ;
#2174 = CARTESIAN_POINT ( 'NONE',  ( 89.66916965746487733, 1.655141461434560757, 79.01418936324446918 ) ) ;
#2175 = CARTESIAN_POINT ( 'NONE',  ( 87.39651231890681515, -8.263572514023300286, 77.37510853177630565 ) ) ;
#2176 = B_SPLINE_CURVE_WITH_KNOTS ( 'NONE', 3,
 ( #2995, #122, #1580, #964, #2103, #1934, #781, #1646, #2802, #2786, #1597, #1919, #1041, #3290, #745, #2518, #1383, #3049, #3631, #188, #3078, #3613, #1883, #224, #466, #2455, #3323, #1902, #1354, #258, #501, #531, #3594, #2770, #1021, #516, #2174, #3033, #1662, #241, #761, #2158, #2491, #3015, #2227, #2735, #1324, #1370 ),
 .UNSPECIFIED., .F., .F.,
 ( 4, 2, 2, 2, 2, 2, 2, 2, 2, 2, 2, 2, 2, 2, 2, 2, 2, 2, 2, 2, 2, 2, 2, 4 ),
 ( 0.000000000000000000, 0.001501811027533232236, 0.003003622055066464472, 0.006007244110132930678, 0.007509055137666163782, 0.009010866165199395150, 0.01201448822026581278, 0.01501811027533223042, 0.01651992130286544444, 0.01802173233039865499, 0.02102535438546503099, 0.02252716541299824154, 0.02402897644053144863, 0.02553078746806466265, 0.02703259849559786973, 0.02853440952313108375, 0.03003622055066429083, 0.03303984260573070847, 0.03604346466079712957, 0.03904708671586354374, 0.04054889774339676123, 0.04205070877092996484, 0.04505433082599639288, 0.04805795288106281399 ),
 .UNSPECIFIED. ) ;
#2177 = CARTESIAN_POINT ( 'NONE',  ( 58.56980505994575736, -3.298794686161497403, 85.09999999999999432 ) ) ;
#2178 = DIRECTION ( 'NONE',  ( 0.000000000000000000, -0.000000000000000000, 1.000000000000000000 ) ) ;
#2179 = ORIENTED_EDGE ( 'NONE', *, *, #174, .F. ) ;
#2180 = LINE ( 'NONE', #1567, #2148 ) ;
#2181 = EDGE_CURVE ( 'NONE', #880, #1026, #69, .T. ) ;
#2182 = ORIENTED_EDGE ( 'NONE', *, *, #1254, .T. ) ;
#2183 = DIRECTION ( 'NONE',  ( 0.000000000000000000, 0.000000000000000000, -1.000000000000000000 ) ) ;
#2184 = CARTESIAN_POINT ( 'NONE',  ( 66.17902480815281763, 3.700404156375573184, 87.74460692146551821 ) ) ;
#2185 = CARTESIAN_POINT ( 'NONE',  ( 90.85438454968722510, -10.57443889988341468, 72.80586607659627418 ) ) ;
#2186 = EDGE_CURVE ( 'NONE', #1224, #232, #3097, .T. ) ;
#2187 = AXIS2_PLACEMENT_3D ( 'NONE', #1462, #1181, #2043 ) ;
#2188 = CARTESIAN_POINT ( 'NONE',  ( 60.83870631962548003, -3.810113668237948392, 88.66171878364143311 ) ) ;
#2189 = CARTESIAN_POINT ( 'NONE',  ( 76.56695587690769855, 1.335370750796088554E-14, 82.41894324877992517 ) ) ;
#2190 = CARTESIAN_POINT ( 'NONE',  ( 77.68738957194038619, 6.844795785413937850, 80.10464773774077685 ) ) ;
#2191 = CARTESIAN_POINT ( 'NONE',  ( 93.24075883475239834, -7.784449556113430368, 79.12089174348524523 ) ) ;
#2192 = CARTESIAN_POINT ( 'NONE',  ( 67.52126321709430101, 5.246217263136059294, 83.34254338741591539 ) ) ;
#2193 = CARTESIAN_POINT ( 'NONE',  ( 59.03481099394905129, -3.233773639368150210, 85.10712216474910008 ) ) ;
#2194 = ORIENTED_EDGE ( 'NONE', *, *, #1958, .F. ) ;
#2195 = CYLINDRICAL_SURFACE ( 'NONE', #2364, 0.5000000000000004441 ) ;
#2196 = DIRECTION ( 'NONE',  ( 1.000000000000000000, 0.000000000000000000, -0.000000000000000000 ) ) ;
#2197 = ORIENTED_EDGE ( 'NONE', *, *, #3003, .F. ) ;
#2198 = CARTESIAN_POINT ( 'NONE',  ( 89.39140164778658004, 19.82723768744005355, 71.28407825352886107 ) ) ;
#2199 = EDGE_CURVE ( 'NONE', #3276, #2302, #243, .T. ) ;
#2200 = ORIENTED_EDGE ( 'NONE', *, *, #600, .F. ) ;
#2201 = CARTESIAN_POINT ( 'NONE',  ( 79.19093562486847304, 8.248665592684346848, 83.30589290470524588 ) ) ;
#2202 = CARTESIAN_POINT ( 'NONE',  ( 92.79653103131899172, -10.35825426954714423, 80.13934803315582656 ) ) ;
#2203 =( BOUNDED_SURFACE ( )  B_SPLINE_SURFACE ( 3, 2, ( 
 ( #1727, #1426, #2320 ),
 ( #2625, #905, #1991 ),
 ( #2340, #1182, #3120 ),
 ( #3479, #2044, #18 ) ),
 .UNSPECIFIED., .F., .F., .T. ) 
 B_SPLINE_SURFACE_WITH_KNOTS ( ( 4, 4 ),
 ( 3, 3 ),
 ( 0.01431999449642927177, 0.01737147394353185867 ),
 ( 0.000000000000000000, 1.000000000000000000 ),
 .UNSPECIFIED. ) 
 GEOMETRIC_REPRESENTATION_ITEM ( )  RATIONAL_B_SPLINE_SURFACE ( (
 ( 1.000000000000000000, 0.6372048257152373996, 1.000000000000000000),
 ( 1.000000000000000000, 0.6326754285226787733, 1.000000000000000000),
 ( 1.000000000000000000, 0.6281269421759124727, 1.000000000000000000),
 ( 1.000000000000000000, 0.6236345010246879816, 1.000000000000000000) ) ) 
 REPRESENTATION_ITEM ( '' )  SURFACE ( )  );
#2204 = CARTESIAN_POINT ( 'NONE',  ( 82.31626072794017546, -8.650289595110123742, 85.10512811931958765 ) ) ;
#2205 = CARTESIAN_POINT ( 'NONE',  ( 79.25513791177203871, 6.220869441205977068, 77.12656171043326481 ) ) ;
#2206 = CARTESIAN_POINT ( 'NONE',  ( 80.27094503034898310, 6.589680434807537956, 79.09467903857401438 ) ) ;
#2207 = CARTESIAN_POINT ( 'NONE',  ( 68.46416515929583113, 3.418287458848670912, 81.91767943334330937 ) ) ;
#2208 = CARTESIAN_POINT ( 'NONE',  ( 84.71519259344476893, 6.442047806436169033, 80.81175099819043339 ) ) ;
#2209 = VECTOR ( 'NONE', #36, 1000.000000000000000 ) ;
#2210 = CARTESIAN_POINT ( 'NONE',  ( 81.95844900600116034, 7.692054542360181379, 78.19070448630800740 ) ) ;
#2211 = CARTESIAN_POINT ( 'NONE',  ( 87.23558917356393749, -9.075505452628746639, 77.62101796360504125 ) ) ;
#2212 = B_SPLINE_CURVE_WITH_KNOTS ( 'NONE', 3,
 ( #2434, #3320, #1897, #1880 ),
 .UNSPECIFIED., .F., .F.,
 ( 4, 4 ),
 ( 0.0002059097806130092334, 0.002132548760761758880 ),
 .UNSPECIFIED. ) ;
#2213 = CARTESIAN_POINT ( 'NONE',  ( 84.73551800281535407, 6.028167092528988746, 81.12828833833178521 ) ) ;
#2214 = CARTESIAN_POINT ( 'NONE',  ( 87.02370990583000321, 2.731848351225168336, 78.54604901217781787 ) ) ;
#2215 = CARTESIAN_POINT ( 'NONE',  ( 79.09514174581511270, 6.246442733407606696, 77.83832520311949565 ) ) ;
#2216 = EDGE_CURVE ( 'NONE', #1273, #503, #379, .T. ) ;
#2217 = ADVANCED_FACE ( 'NONE', ( #1845 ), #1227, .F. ) ;
#2218 = VERTEX_POINT ( 'NONE', #669 ) ;
#2219 = CARTESIAN_POINT ( 'NONE',  ( 82.30652142879193889, 7.165497887416763412, 82.10845987760993125 ) ) ;
#2220 = EDGE_CURVE ( 'NONE', #1160, #100, #2774, .T. ) ;
#2221 = B_SPLINE_CURVE_WITH_KNOTS ( 'NONE', 3,
 ( #545, #8, #3407, #1099, #1415, #1674, #2798 ),
 .UNSPECIFIED., .F., .F.,
 ( 4, 3, 4 ),
 ( -0.001701372341942502132, 0.000000000000000000, 0.001074964168470635747 ),
 .UNSPECIFIED. ) ;
#2222 = LINE ( 'NONE', #3427, #3086 ) ;
#2223 = CARTESIAN_POINT ( 'NONE',  ( 90.89311281050379421, -6.024215629180731391, 65.73416240211768979 ) ) ;
#2224 = FACE_OUTER_BOUND ( 'NONE', #2538, .T. ) ;
#2225 = CARTESIAN_POINT ( 'NONE',  ( 71.15665977450493074, 1.300000000000000711, 70.61890370883907053 ) ) ;
#2226 = CARTESIAN_POINT ( 'NONE',  ( 65.21311785899332847, 3.674534460459901286, 87.67113084458564742 ) ) ;
#2227 = CARTESIAN_POINT ( 'NONE',  ( 93.00614350966415600, -6.574494806932425384, 78.94065912506684413 ) ) ;
#2228 = CARTESIAN_POINT ( 'NONE',  ( -11.77277965804892368, 10.00000000000000000, 47.21804018722344409 ) ) ;
#2229 = LINE ( 'NONE', #520, #414 ) ;
#2230 = EDGE_CURVE ( 'NONE', #2897, #880, #287, .T. ) ;
#2231 = CARTESIAN_POINT ( 'NONE',  ( 65.59055772201311640, 1.364271793945310174, 72.89826803495679997 ) ) ;
#2232 = CARTESIAN_POINT ( 'NONE',  ( 79.70802726709095509, -8.062498798788858778, 81.58433615301922259 ) ) ;
#2233 = VERTEX_POINT ( 'NONE', #686 ) ;
#2234 = CC_DESIGN_APPROVAL ( #1917, ( #221 ) ) ;
#2235 = CARTESIAN_POINT ( 'NONE',  ( 68.76764202814122484, 5.915178465329543833, 86.97873826516757845 ) ) ;
#2236 = VECTOR ( 'NONE', #1050, 1000.000000000000000 ) ;
#2237 = CARTESIAN_POINT ( 'NONE',  ( -11.77277965804892368, 1.300000000000002487, 47.21804018722344409 ) ) ;
#2238 = FACE_OUTER_BOUND ( 'NONE', #1784, .T. ) ;
#2239 = ADVANCED_FACE ( 'NONE', ( #1542 ), #3048, .T. ) ;
#2240 = CARTESIAN_POINT ( 'NONE',  ( 88.46470723210998699, -9.010822831788063425, 77.70847293724237659 ) ) ;
#2241 = CARTESIAN_POINT ( 'NONE',  ( 90.27051573327452161, -9.407386339402469488, 77.87452438451695969 ) ) ;
#2242 = CARTESIAN_POINT ( 'NONE',  ( 67.08963865505062074, 24.85315704085109445, 77.64016690541838273 ) ) ;
#2243 = CARTESIAN_POINT ( 'NONE',  ( 71.51837763644121537, 6.626984726240226387, 86.19086838482203916 ) ) ;
#2244 = CARTESIAN_POINT ( 'NONE',  ( 84.33344892880813859, 5.021139541595704081, 79.50484580870792684 ) ) ;
#2245 = CARTESIAN_POINT ( 'NONE',  ( 92.74759711713302579, -5.805197766896472267, 77.08430938196765680 ) ) ;
#2246 = CARTESIAN_POINT ( 'NONE',  ( 78.32092204961308823, 6.302360446516887649, 78.15113026494321957 ) ) ;
#2247 = ORIENTED_EDGE ( 'NONE', *, *, #792, .F. ) ;
#2248 = CARTESIAN_POINT ( 'NONE',  ( 82.26451730425873166, 7.567606725054005778, 81.65883180076392023 ) ) ;
#2249 = CARTESIAN_POINT ( 'NONE',  ( 59.39773940603022595, -2.312100954811528997, 84.99272865059110416 ) ) ;
#2250 = CARTESIAN_POINT ( 'NONE',  ( 61.01381317467843246, -1.199999999999999956, 65.36577601196628962 ) ) ;
#2251 = APPLICATION_PROTOCOL_DEFINITION ( 'international standard', 'config_control_design', 1994, #162 ) ;
#2252 = CARTESIAN_POINT ( 'NONE',  ( 61.62707694379614765, -1.988865675336406458, 84.93172125008652529 ) ) ;
#2253 = CIRCLE ( 'NONE', #662, 2.499999999999988454 ) ;
#2254 = CARTESIAN_POINT ( 'NONE',  ( 73.34393757418297355, -5.388160339105289687, 88.08175884880608919 ) ) ;
#2255 = DIRECTION ( 'NONE',  ( -0.2419218955996731146, 0.000000000000000000, 0.9702957262759952517 ) ) ;
#2256 = ORIENTED_EDGE ( 'NONE', *, *, #1109, .T. ) ;
#2257 = DIRECTION ( 'NONE',  ( 0.000000000000000000, 1.000000000000000000, 0.000000000000000000 ) ) ;
#2258 = DIRECTION ( 'NONE',  ( 0.8392759689940909595, -0.1891390082820872953, -0.5097472740634306776 ) ) ;
#2259 = CIRCLE ( 'NONE', #3522, 54.00000000000000711 ) ;
#2260 = CARTESIAN_POINT ( 'NONE',  ( 65.01884232593775437, 2.843858297833647963, 88.02974594102919070 ) ) ;
#2261 = CARTESIAN_POINT ( 'NONE',  ( 79.70802726709095509, -8.062498798788858778, 81.58433615301922259 ) ) ;
#2262 = CARTESIAN_POINT ( 'NONE',  ( 90.20808231234155983, -28.52161186803886039, 78.72057616728736207 ) ) ;
#2263 = CARTESIAN_POINT ( 'NONE',  ( 82.73702093759142429, -7.574884308382773490, 81.25484731937913807 ) ) ;
#2264 = CARTESIAN_POINT ( 'NONE',  ( 75.17720459376785413, 8.182151131330241967, 80.85872342047836980 ) ) ;
#2265 = ORIENTED_EDGE ( 'NONE', *, *, #641, .F. ) ;
#2266 = CARTESIAN_POINT ( 'NONE',  ( 72.41447915101532828, 6.955212365077906078, 85.89187903303563587 ) ) ;
#2267 = ADVANCED_FACE ( 'NONE', ( #806 ), #780, .F. ) ;
#2268 = CARTESIAN_POINT ( 'NONE',  ( 62.33208888623794763, -1.148665160109344718, 84.77716648826432788 ) ) ;
#2269 = CARTESIAN_POINT ( 'NONE',  ( 63.04639297112192509, -3.282558316701894796, 85.92440153882492382 ) ) ;
#2270 = APPROVAL_ROLE ( '' ) ;
#2271 = CARTESIAN_POINT ( 'NONE',  ( 67.38757028160681273, -4.435947493032654343, 89.01423510723741117 ) ) ;
#2272 = CARTESIAN_POINT ( 'NONE',  ( 74.08071987403091896, -6.794330307199825114, 74.13989114451979390 ) ) ;
#2273 = ORIENTED_EDGE ( 'NONE', *, *, #1638, .T. ) ;
#2274 = DIRECTION ( 'NONE',  ( 0.000000000000000000, 0.000000000000000000, 1.000000000000000000 ) ) ;
#2275 = DIRECTION ( 'NONE',  ( 0.000000000000000000, 0.000000000000000000, 1.000000000000000000 ) ) ;
#2276 = ORIENTED_EDGE ( 'NONE', *, *, #892, .F. ) ;
#2277 = DIRECTION ( 'NONE',  ( 0.9702957262759973611, 0.000000000000000000, 0.2419218955996641218 ) ) ;
#2278 = CARTESIAN_POINT ( 'NONE',  ( 77.68738957194052830, 6.844795785413939626, 82.11771825320496987 ) ) ;
#2279 = CARTESIAN_POINT ( 'NONE',  ( 69.69811220214197078, -5.806667012433243791, 81.63497158371121998 ) ) ;
#2280 = DIRECTION ( 'NONE',  ( 0.000000000000000000, 0.000000000000000000, 1.000000000000000000 ) ) ;
#2281 = CARTESIAN_POINT ( 'NONE',  ( 84.77666970789020695, 2.041442819438125333, 77.81720037014575553 ) ) ;
#2282 = ORIENTED_EDGE ( 'NONE', *, *, #817, .F. ) ;
#2283 = CARTESIAN_POINT ( 'NONE',  ( 92.39789776418163569, -4.172174794120163455, 79.01874776373755083 ) ) ;
#2284 = ORIENTED_EDGE ( 'NONE', *, *, #1811, .F. ) ;
#2285 = CARTESIAN_POINT ( 'NONE',  ( 78.32092204961308823, -12.87027948883124928, 78.15113026494321957 ) ) ;
#2286 = CARTESIAN_POINT ( 'NONE',  ( 72.35350100557519681, 5.467200169878777771, 65.73416240211768979 ) ) ;
#2287 = CARTESIAN_POINT ( 'NONE',  ( 89.95179942053481170, -10.02931545231218458, 75.88352336876499749 ) ) ;
#2288 = ADVANCED_FACE ( 'NONE', ( #2994 ), #2687, .T. ) ;
#2289 = CC_DESIGN_DATE_AND_TIME_ASSIGNMENT ( #2893, #2330, ( #221 ) ) ;
#2290 = B_SPLINE_CURVE_WITH_KNOTS ( 'NONE', 3,
 ( #1151, #2500, #6, #3655 ),
 .UNSPECIFIED., .F., .F.,
 ( 4, 4 ),
 ( 0.03181388022511496411, 0.03302644398916295548 ),
 .UNSPECIFIED. ) ;
#2291 = CARTESIAN_POINT ( 'NONE',  ( 67.52822762389106970, 4.359890070803963624, 87.42800663389442661 ) ) ;
#2292 = CARTESIAN_POINT ( 'NONE',  ( 59.09736733651249807, -2.670070447764086641, 88.77113747091645735 ) ) ;
#2293 = ORIENTED_EDGE ( 'NONE', *, *, #1067, .F. ) ;
#2294 = CARTESIAN_POINT ( 'NONE',  ( 90.67186259452459751, -8.071328684581443369, 78.99238947815585732 ) ) ;
#2295 = FACE_OUTER_BOUND ( 'NONE', #1887, .T. ) ;
#2296 = ORIENTED_EDGE ( 'NONE', *, *, #2420, .T. ) ;
#2297 = CARTESIAN_POINT ( 'NONE',  ( 66.87130214737106826, 2.374732294913389996, 70.06575086487187320 ) ) ;
#2298 = DIRECTION ( 'NONE',  ( -0.000000000000000000, -1.000000000000000000, -0.000000000000000000 ) ) ;
#2299 = CARTESIAN_POINT ( 'NONE',  ( 77.76913665880572069, -0.1497774167136351753, 83.35818981413947881 ) ) ;
#2300 = CARTESIAN_POINT ( 'NONE',  ( 88.54024495050948929, -7.879791767565806460, 78.20159287602233178 ) ) ;
#2301 = CARTESIAN_POINT ( 'NONE',  ( 78.07475584545163372, -7.694425187299697377, 83.25903934576557219 ) ) ;
#2302 = VERTEX_POINT ( 'NONE', #879 ) ;
#2303 = CARTESIAN_POINT ( 'NONE',  ( 89.50352982193000173, 1.441339629418154855, 79.44322296992216081 ) ) ;
#2304 = EDGE_CURVE ( 'NONE', #1341, #1810, #3113, .T. ) ;
#2305 = ORIENTED_EDGE ( 'NONE', *, *, #1900, .T. ) ;
#2306 = CARTESIAN_POINT ( 'NONE',  ( 74.17863724071490594, -3.122640823983727110, 85.84973152176918632 ) ) ;
#2307 = CARTESIAN_POINT ( 'NONE',  ( 66.12086164337155481, -3.766833501143586282, 87.00176332253384714 ) ) ;
#2308 = DATE_TIME_ROLE ( 'creation_date' ) ;
#2309 = CARTESIAN_POINT ( 'NONE',  ( 76.72887912827593482, -7.391118769670326216, 87.63851536328958503 ) ) ;
#2310 = DIRECTION ( 'NONE',  ( -0.000000000000000000, 1.000000000000000000, -0.000000000000000000 ) ) ;
#2311 = EDGE_LOOP ( 'NONE', ( #1985, #1631, #615, #2162 ) ) ;
#2312 = DIRECTION ( 'NONE',  ( -0.5343523493899676735, 0.8452618332217668451, 0.000000000000000000 ) ) ;
#2313 = CARTESIAN_POINT ( 'NONE',  ( 80.69184496151413555, 6.470527112194810471, 78.94185635103193022 ) ) ;
#2314 = ORIENTED_EDGE ( 'NONE', *, *, #2764, .T. ) ;
#2315 = VECTOR ( 'NONE', #1057, 1000.000000000000000 ) ;
#2316 = VECTOR ( 'NONE', #563, 1000.000000000000000 ) ;
#2317 = CONICAL_SURFACE ( 'NONE', #2446, 1.425000000000010703, 0.5235987755983000369 ) ;
#2318 = B_SPLINE_CURVE_WITH_KNOTS ( 'NONE', 3,
 ( #1706, #2806, #316, #3343, #2562, #262, #1374, #521, #2214, #2244, #1123, #1388, #3066, #2278, #2524, #3417, #1444, #1650, #866, #2790, #3374, #2582 ),
 .UNSPECIFIED., .F., .F.,
 ( 4, 2, 2, 2, 2, 2, 2, 2, 2, 2, 4 ),
 ( 0.000000000000000000, 0.06249999999999986122, 0.1249999999999996669, 0.2499999999999992784, 0.3749999999999988343, 0.4999999999999983902, 0.5624999999999985567, 0.6249999999999986677, 0.7499999999999991118, 0.8749999999999994449, 1.000000000000000000 ),
 .UNSPECIFIED. ) ;
#2319 = CARTESIAN_POINT ( 'NONE',  ( 61.87445749232193748, -0.1284355147589985591, 88.67406680960256438 ) ) ;
#2320 = CARTESIAN_POINT ( 'NONE',  ( 63.21129735004235783, -2.710854924177734215, 87.00999798407860908 ) ) ;
#2321 = LINE ( 'NONE', #3460, #71 ) ;
#2322 = CARTESIAN_POINT ( 'NONE',  ( 72.44049207142552405, 6.390479455045726453, 81.96326384530135556 ) ) ;
#2323 = CARTESIAN_POINT ( 'NONE',  ( 71.74488483716093867, 5.100258480757611679, 80.16090091523525984 ) ) ;
#2324 = VERTEX_POINT ( 'NONE', #2272 ) ;
#2325 = DIRECTION ( 'NONE',  ( 0.000000000000000000, -1.000000000000000000, 0.000000000000000000 ) ) ;
#2326 = FACE_OUTER_BOUND ( 'NONE', #3477, .T. ) ;
#2327 = VERTEX_POINT ( 'NONE', #1136 ) ;
#2328 = DIRECTION ( 'NONE',  ( -0.9755345439459625068, 0.2198462043523674025, 0.000000000000000000 ) ) ;
#2329 = CARTESIAN_POINT ( 'NONE',  ( 63.21696470243023924, -0.8719731405926445245, 84.53515591077359659 ) ) ;
#2330 = DATE_TIME_ROLE ( 'classification_date' ) ;
#2331 = CARTESIAN_POINT ( 'NONE',  ( 75.17720459376785413, 8.182151131330241967, 84.85872342047836980 ) ) ;
#2332 = CARTESIAN_POINT ( 'NONE',  ( 66.17299448642752679, -3.511724070703336142, 86.94201328760355807 ) ) ;
#2333 = ORIENTED_EDGE ( 'NONE', *, *, #2778, .T. ) ;
#2334 = DIRECTION ( 'NONE',  ( 0.9075829487463481504, -0.2045326510019164767, -0.3666873134143203150 ) ) ;
#2335 = CARTESIAN_POINT ( 'NONE',  ( 86.55854646749460812, 1.300000000000000711, 72.25010016170051586 ) ) ;
#2336 = ORIENTED_EDGE ( 'NONE', *, *, #238, .F. ) ;
#2337 = ADVANCED_FACE ( 'NONE', ( #603 ), #1700, .F. ) ;
#2338 = CARTESIAN_POINT ( 'NONE',  ( 70.49303997709391467, -5.985811723542630247, 70.57541672506246755 ) ) ;
#2339 = AXIS2_PLACEMENT_3D ( 'NONE', #678, #3169, #390 ) ;
#2340 = CARTESIAN_POINT ( 'NONE',  ( 65.06869404281177083, -3.738303546257205845, 86.48322081195406952 ) ) ;
#2341 = CARTESIAN_POINT ( 'NONE',  ( 77.02966049476249566, -2.097839290770250109, 84.07928168325592821 ) ) ;
#2342 = APPROVAL ( #696, 'Deckungsgleich' ) ;
#2343 = EDGE_CURVE ( 'NONE', #3219, #634, #952, .T. ) ;
#2344 = CARTESIAN_POINT ( 'NONE',  ( 67.39154487528563209, -2.708926338974533721, 84.62495135781387035 ) ) ;
#2345 = EDGE_LOOP ( 'NONE', ( #900, #1833, #871, #2023 ) ) ;
#2346 = DIRECTION ( 'NONE',  ( 0.000000000000000000, 0.000000000000000000, 1.000000000000000000 ) ) ;
#2347 = CARTESIAN_POINT ( 'NONE',  ( 93.20345830020349354, -10.30968602773215181, 79.89557852958641604 ) ) ;
#2348 = ORIENTED_EDGE ( 'NONE', *, *, #1797, .T. ) ;
#2349 = LINE ( 'NONE', #3509, #1659 ) ;
#2350 = DIRECTION ( 'NONE',  ( 0.000000000000000000, 0.000000000000000000, 1.000000000000000000 ) ) ;
#2351 = CARTESIAN_POINT ( 'NONE',  ( 85.92438532963525688, 1.241437299144214190, 77.39249621449293670 ) ) ;
#2352 = B_SPLINE_CURVE_WITH_KNOTS ( 'NONE', 3,
 ( #1478, #3393, #2241, #2040, #1440, #3370, #845, #1986, #2576, #3115, #824, #31, #570, #1702, #2294, #293 ),
 .UNSPECIFIED., .F., .F.,
 ( 4, 2, 2, 2, 2, 2, 2, 4 ),
 ( 0.000000000000000000, 0.0002957549108422082040, 0.0005915098216844164080, 0.0008872647325266246662, 0.001183019643368832816, 0.001478774554211040966, 0.001774529465053249332, 0.002366039286737673004 ),
 .UNSPECIFIED. ) ;
#2353 = EDGE_CURVE ( 'NONE', #676, #2849, #2574, .T. ) ;
#2354 = CARTESIAN_POINT ( 'NONE',  ( 62.03767353517630312, -2.979173157212772871, 89.09890164215396169 ) ) ;
#2355 = CARTESIAN_POINT ( 'NONE',  ( 89.57807612555296828, -10.28681037418481559, 81.46362749172857320 ) ) ;
#2356 = ORIENTED_EDGE ( 'NONE', *, *, #2216, .T. ) ;
#2357 = CARTESIAN_POINT ( 'NONE',  ( 59.18156746852553596, -3.436661299216644316, 85.23681061565433481 ) ) ;
#2358 = CARTESIAN_POINT ( 'NONE',  ( 60.96542879555850192, -1.199999999999999734, 65.35983515722148240 ) ) ;
#2359 = ADVANCED_FACE ( 'NONE', ( #1965 ), #93, .F. ) ;
#2360 = ORIENTED_EDGE ( 'NONE', *, *, #1676, .F. ) ;
#2361 = CARTESIAN_POINT ( 'NONE',  ( 87.75863827734350764, -8.851703320664443098, 80.99383098214647703 ) ) ;
#2362 = DIRECTION ( 'NONE',  ( -0.000000000000000000, 1.000000000000000000, -0.000000000000000000 ) ) ;
#2363 = FACE_OUTER_BOUND ( 'NONE', #2311, .T. ) ;
#2364 = AXIS2_PLACEMENT_3D ( 'NONE', #1342, #1024, #1632 ) ;
#2365 = CARTESIAN_POINT ( 'NONE',  ( 59.27633020657629714, -3.236145033068326349, 85.11811667485386579 ) ) ;
#2366 = CARTESIAN_POINT ( 'NONE',  ( 70.55184258947470255, -5.999063464568246573, 86.87489554666179004 ) ) ;
#2367 = ORIENTED_EDGE ( 'NONE', *, *, #2996, .T. ) ;
#2368 = CARTESIAN_POINT ( 'NONE',  ( 87.87803276190462043, 3.892499956329997790, 79.87197718535912827 ) ) ;
#2369 = B_SPLINE_CURVE_WITH_KNOTS ( 'NONE', 3,
 ( #3357, #2215, #3039, #2246 ),
 .UNSPECIFIED., .F., .F.,
 ( 4, 4 ),
 ( 8.673617379884035472E-19, 0.001255019031133298643 ),
 .UNSPECIFIED. ) ;
#2370 = CARTESIAN_POINT ( 'NONE',  ( 93.32692249335993040, -11.13164939067811154, 79.89999999999888303 ) ) ;
#2371 = VECTOR ( 'NONE', #1102, 1000.000000000000114 ) ;
#2372 = ORIENTED_EDGE ( 'NONE', *, *, #3390, .T. ) ;
#2373 = CARTESIAN_POINT ( 'NONE',  ( 67.19569577865101451, -5.242723115384512411, 80.99999999999998579 ) ) ;
#2374 = DIRECTION ( 'NONE',  ( 0.7660444431099614482, -0.6427876096972848785, 0.000000000000000000 ) ) ;
#2375 = PLANE ( 'NONE',  #3449 ) ;
#2376 = ORIENTED_EDGE ( 'NONE', *, *, #589, .F. ) ;
#2377 = ORIENTED_EDGE ( 'NONE', *, *, #1141, .T. ) ;
#2378 = CARTESIAN_POINT ( 'NONE',  ( 75.75339568964413672, 1.902382874294095583, 83.65252555091042552 ) ) ;
#2379 = CARTESIAN_POINT ( 'NONE',  ( 59.46804449617564359, -2.909257405398431029, 89.06405466125578130 ) ) ;
#2380 = CARTESIAN_POINT ( 'NONE',  ( 63.26968088472326457, -2.723667770940637389, 87.00974338772908823 ) ) ;
#2381 = CARTESIAN_POINT ( 'NONE',  ( 58.56980505994576447, -3.298794686161497403, 85.09999999999999432 ) ) ;
#2382 = ORIENTED_EDGE ( 'NONE', *, *, #3507, .F. ) ;
#2383 = CARTESIAN_POINT ( 'NONE',  ( 87.51219441029925861, -9.821243822447904392, 82.57921135729095852 ) ) ;
#2384 = CARTESIAN_POINT ( 'NONE',  ( 93.31842399585529790, -10.15712567163626368, 79.80879276612232331 ) ) ;
#2385 = VECTOR ( 'NONE', #317, 1000.000000000000000 ) ;
#2386 = ORIENTED_EDGE ( 'NONE', *, *, #3279, .F. ) ;
#2387 = CARTESIAN_POINT ( 'NONE',  ( 75.10545580013626932, 3.356558342348638035, 84.15620471414662518 ) ) ;
#2388 = CARTESIAN_POINT ( 'NONE',  ( 66.99803835799984597, 4.866714164968275469, 86.94691882170532438 ) ) ;
#2389 = EDGE_CURVE ( 'NONE', #1743, #586, #3124, .T. ) ;
#2390 = CARTESIAN_POINT ( 'NONE',  ( 61.21492251412371388, -3.627044999042897455, 89.23337717661956958 ) ) ;
#2391 = CARTESIAN_POINT ( 'NONE',  ( 92.49318218882412168, -10.28228431923511721, 80.33200430879224996 ) ) ;
#2392 = ORIENTED_EDGE ( 'NONE', *, *, #653, .F. ) ;
#2393 = DIRECTION ( 'NONE',  ( 0.9718223404842120106, -0.2190096231718909048, -0.08715574274765050533 ) ) ;
#2394 = ORIENTED_EDGE ( 'NONE', *, *, #3017, .T. ) ;
#2395 = CARTESIAN_POINT ( 'NONE',  ( 76.12131463576157842, 1.839263675294006362, 83.53852990421559355 ) ) ;
#2396 = CARTESIAN_POINT ( 'NONE',  ( 60.76542879555849908, -20.32202039797827098, 80.99999999999998579 ) ) ;
#2397 = PLANE ( 'NONE',  #190 ) ;
#2398 = B_SPLINE_CURVE_WITH_KNOTS ( 'NONE', 3,
 ( #1629, #797, #483, #1613, #3062, #3305, #2506, #3352, #2752, #1073, #205, #2210, #3338, #1339, #1088, #2472, #1056, #2192, #807, #1951, #2005, #862 ),
 .UNSPECIFIED., .F., .F.,
 ( 4, 1, 1, 1, 1, 1, 1, 1, 1, 1, 1, 1, 1, 1, 1, 1, 1, 1, 1, 4 ),
 ( 0.01196963819330067354, 0.06126250000003736346, 0.1225250000000837475, 0.1837875000001301939, 0.2450500000001765710, 0.3063125000002229759, 0.3369437500002462338, 0.3675750000002693807, 0.3982062500002925276, 0.4288375000003158410, 0.4594687500003390990, 0.4901000000003622459, 0.5439750000004029973, 0.5978500000004438597, 0.6517250000004846111, 0.7056000000005255846, 0.7594750000005664470, 0.8133500000006071984, 0.8672250000006477277, 0.9211000000006888122 ),
 .UNSPECIFIED. ) ;
#2399 = CARTESIAN_POINT ( 'NONE',  ( 59.29174389886797059, -3.389334172590479088, 85.15128760024852284 ) ) ;
#2400 = CARTESIAN_POINT ( 'NONE',  ( 69.14662668078709373, 3.843057856084512558, 81.21066535190041691 ) ) ;
#2401 = VERTEX_POINT ( 'NONE', #50 ) ;
#2402 = CARTESIAN_POINT ( 'NONE',  ( 90.87339888934621968, -6.128191172703486345, 72.81060688392882696 ) ) ;
#2403 = CARTESIAN_POINT ( 'NONE',  ( 84.73105085694064087, -2.094796407257038862, 82.74428791097824387 ) ) ;
#2404 = B_SPLINE_CURVE_WITH_KNOTS ( 'NONE', 3,
 ( #2958, #123, #156, #2139 ),
 .UNSPECIFIED., .F., .F.,
 ( 4, 4 ),
 ( 0.000000000000000000, 0.01055320257378297537 ),
 .UNSPECIFIED. ) ;
#2405 = VERTEX_POINT ( 'NONE', #1175 ) ;
#2406 = CARTESIAN_POINT ( 'NONE',  ( 88.05741322141528826, 4.747546311511330330, 77.85328599226274093 ) ) ;
#2407 = CARTESIAN_POINT ( 'NONE',  ( 67.36543800386414205, 4.498473320209175341, 87.43429096138716261 ) ) ;
#2408 = DATE_AND_TIME ( #2114, #1586 ) ;
#2409 = CARTESIAN_POINT ( 'NONE',  ( 60.96440828583575211, -0.4450176889471352815, 88.76162378540719544 ) ) ;
#2410 = B_SPLINE_CURVE_WITH_KNOTS ( 'NONE', 3,
 ( #2493, #504, #3065, #2775 ),
 .UNSPECIFIED., .F., .F.,
 ( 4, 4 ),
 ( 0.000000000000000000, 0.003258635814124230014 ),
 .UNSPECIFIED. ) ;
#2411 = DIRECTION ( 'NONE',  ( -0.2419218955996691733, 0.000000000000000000, 0.9702957262759961399 ) ) ;
#2412 = CARTESIAN_POINT ( 'NONE',  ( 71.05304179559441025, -6.112013583843133091, 84.98854000776999840 ) ) ;
#2413 = CARTESIAN_POINT ( 'NONE',  ( 92.87589513207808523, -11.03000702139978628, 76.21339250358541051 ) ) ;
#2414 = CC_DESIGN_PERSON_AND_ORGANIZATION_ASSIGNMENT ( #307, #3110, ( #3380 ) ) ;
#2415 = EDGE_LOOP ( 'NONE', ( #3553, #3083, #2556, #3361, #3175, #2182, #3369, #3379 ) ) ;
#2416 = B_SPLINE_SURFACE_WITH_KNOTS ( 'NONE', 1, 3, ( 
 ( #263, #1975, #555, #1687, #3619, #1668, #1126, #2807, #3667, #2262 ),
 ( #1620, #211, #1062, #506, #1345, #1634, #2478, #2198, #229, #2777 ) ),
 .UNSPECIFIED., .F., .F., .F.,
 ( 2, 2 ),
 ( 4, 2, 2, 2, 4 ),
 ( 0.000000000000000000, 1.000000000000000000 ),
 ( 4.729133307347011872, 4.887312544729130792, 5.045491782111250600, 5.203671019493369521, 5.361850256875488441 ),
 .UNSPECIFIED. ) ;
#2417 = CARTESIAN_POINT ( 'NONE',  ( 87.35389792867357528, -8.626129442370801925, 77.81099305990206005 ) ) ;
#2418 = CYLINDRICAL_SURFACE ( 'NONE', #3315, 2.499999999999988454 ) ;
#2419 = B_SPLINE_CURVE_WITH_KNOTS ( 'NONE', 3,
 ( #574, #904, #552, #336, #2842, #1684, #277, #1404, #590, #2297, #1724, #3439 ),
 .UNSPECIFIED., .F., .F.,
 ( 4, 2, 2, 2, 2, 4 ),
 ( -1.029992063861229212E-16, 0.002637172121181597870, 0.003955758181772443642, 0.005274344242363289414, 0.007911516363544939326, 0.01054868848472658750 ),
 .UNSPECIFIED. ) ;
#2420 = EDGE_CURVE ( 'NONE', #2324, #2809, #585, .T. ) ;
#2421 = CARTESIAN_POINT ( 'NONE',  ( 74.02649070911373030, -1.165732109548632600, 84.83759511335107106 ) ) ;
#2422 = AXIS2_PLACEMENT_3D ( 'NONE', #2543, #3398, #1990 ) ;
#2423 = CARTESIAN_POINT ( 'NONE',  ( 60.68947543184398086, -3.107256624448658577, 85.12418748343594643 ) ) ;
#2424 = PLANE ( 'NONE',  #230 ) ;
#2425 = VERTEX_POINT ( 'NONE', #1719 ) ;
#2426 = DIRECTION ( 'NONE',  ( 0.9271838545667897558, 0.000000000000000000, -0.3746065934159060751 ) ) ;
#2427 = CARTESIAN_POINT ( 'NONE',  ( 91.06924148730197999, -7.607841907980303020, 80.59121020206953290 ) ) ;
#2428 = ORIENTED_EDGE ( 'NONE', *, *, #1638, .F. ) ;
#2429 = CARTESIAN_POINT ( 'NONE',  ( 92.13102720945698820, -10.79016443607727282, 78.69164442274988858 ) ) ;
#2430 = CARTESIAN_POINT ( 'NONE',  ( 73.03816468966772391, 5.542528916955793861, 76.41900213730016844 ) ) ;
#2431 = CARTESIAN_POINT ( 'NONE',  ( 93.11382624099432803, -10.44535554431281632, 79.94907720921000305 ) ) ;
#2432 = CARTESIAN_POINT ( 'NONE',  ( 59.89259837240598472, -1.900451000626775855, 88.93611242470188927 ) ) ;
#2433 = CARTESIAN_POINT ( 'NONE',  ( 92.41942068719460224, -10.92713502594699904, 79.72427568550978094 ) ) ;
#2434 = CARTESIAN_POINT ( 'NONE',  ( 91.83902695901200275, -10.79636019957662363, 78.90655358778475659 ) ) ;
#2435 = FACE_OUTER_BOUND ( 'NONE', #1510, .T. ) ;
#2436 = ORIENTED_EDGE ( 'NONE', *, *, #2304, .F. ) ;
#2437 = CARTESIAN_POINT ( 'NONE',  ( 59.39773940602892566, -2.312100954813080200, 88.73129517880494177 ) ) ;
#2438 = CARTESIAN_POINT ( 'NONE',  ( 87.14634147581435286, 1.664692269497616506, 75.12088592819978317 ) ) ;
#2439 = FACE_OUTER_BOUND ( 'NONE', #903, .T. ) ;
#2440 = CARTESIAN_POINT ( 'NONE',  ( 60.76542879555849908, -3.793599864980733649, 80.99999999999998579 ) ) ;
#2441 = EDGE_CURVE ( 'NONE', #383, #2688, #3453, .T. ) ;
#2442 = CARTESIAN_POINT ( 'NONE',  ( 90.85438454968168287, -10.57443889988218189, 75.28622998076110662 ) ) ;
#2443 = ORIENTED_EDGE ( 'NONE', *, *, #1386, .F. ) ;
#2444 = LINE ( 'NONE', #2127, #722 ) ;
#2445 = AXIS2_PLACEMENT_3D ( 'NONE', #1039, #451, #3061 ) ;
#2446 = AXIS2_PLACEMENT_3D ( 'NONE', #2758, #3327, #3400 ) ;
#2447 = ORIENTED_EDGE ( 'NONE', *, *, #771, .F. ) ;
#2448 = CARTESIAN_POINT ( 'NONE',  ( 87.80360781996238018, -7.712030748013479098, 80.52844690782349346 ) ) ;
#2449 = CARTESIAN_POINT ( 'NONE',  ( 73.07238226769385392, 5.553367261565717250, 76.24948803511605888 ) ) ;
#2450 = CARTESIAN_POINT ( 'NONE',  ( 68.93830516468953817, 4.281415586462291145, 83.13038501100147926 ) ) ;
#2451 = CARTESIAN_POINT ( 'NONE',  ( 64.65398324687552645, -4.044725044561316984, 89.20137268872568370 ) ) ;
#2452 = CARTESIAN_POINT ( 'NONE',  ( 66.20249905857168926, -3.367516703243862430, 86.90862938474089106 ) ) ;
#2453 = CARTESIAN_POINT ( 'NONE',  ( 91.86693483555939110, -9.900201048287508243, 78.66605887792570684 ) ) ;
#2454 = CARTESIAN_POINT ( 'NONE',  ( 93.35634810627057334, -9.673398986908761543, 75.69677986687155169 ) ) ;
#2455 = CARTESIAN_POINT ( 'NONE',  ( 81.85265042055186768, 7.703852292319607109, 81.81982458607971864 ) ) ;
#2456 = LINE ( 'NONE', #782, #1317 ) ;
#2457 = CARTESIAN_POINT ( 'NONE',  ( 92.95967315340770654, -8.024688094801330607, 79.57467806334069849 ) ) ;
#2458 = LINE ( 'NONE', #486, #2665 ) ;
#2459 = VERTEX_POINT ( 'NONE', #2537 ) ;
#2460 = DIRECTION ( 'NONE',  ( 0.3746065934159060751, 1.167932354876878680E-16, 0.9271838545667897558 ) ) ;
#2461 = EDGE_CURVE ( 'NONE', #383, #1160, #2517, .T. ) ;
#2462 = VERTEX_POINT ( 'NONE', #843 ) ;
#2463 = LINE ( 'NONE', #1048, #140 ) ;
#2464 = CARTESIAN_POINT ( 'NONE',  ( 63.22463694290730984, 1.269120831082117595, 88.41646009523134353 ) ) ;
#2465 = CARTESIAN_POINT ( 'NONE',  ( 91.85031655204002732, -10.12382341972223188, 80.73031100296908846 ) ) ;
#2466 = CARTESIAN_POINT ( 'NONE',  ( 59.83426042824194724, -2.979698568367244782, 89.08496914889806817 ) ) ;
#2467 = CARTESIAN_POINT ( 'NONE',  ( 79.63942920449849794, 6.174948804548304970, 78.82536786919717997 ) ) ;
#2468 = EDGE_CURVE ( 'NONE', #1045, #179, #1616, .T. ) ;
#2469 = CARTESIAN_POINT ( 'NONE',  ( 91.58836853225206198, -7.177662106962114485, 76.16264547988923539 ) ) ;
#2470 = CARTESIAN_POINT ( 'NONE',  ( 59.13884917342934955, -2.620634319592429762, 88.76566870095277295 ) ) ;
#2471 = ADVANCED_FACE ( 'NONE', ( #114 ), #939, .F. ) ;
#2472 = CARTESIAN_POINT ( 'NONE',  ( 72.53354490673667954, 7.548740040877875757, 81.79703496081505421 ) ) ;
#2473 = CARTESIAN_POINT ( 'NONE',  ( 70.80310638391166833, -6.055688206199868695, 70.26535031824579391 ) ) ;
#2474 = ORIENTED_EDGE ( 'NONE', *, *, #1040, .T. ) ;
#2475 = CARTESIAN_POINT ( 'NONE',  ( 89.48355111353329505, 1.471163390692126205, 79.44843793010758759 ) ) ;
#2476 = CARTESIAN_POINT ( 'NONE',  ( 60.21645319596667179, -3.669914963472484803, 87.23382009374380175 ) ) ;
#2477 = ORIENTED_EDGE ( 'NONE', *, *, #1416, .F. ) ;
#2478 = CARTESIAN_POINT ( 'NONE',  ( 85.26333787008458387, 20.75753703819743734, 73.49274122185295255 ) ) ;
#2479 = CARTESIAN_POINT ( 'NONE',  ( 82.29089039590043342, 3.324701159956279461, 82.76422186162839978 ) ) ;
#2480 = VECTOR ( 'NONE', #77, 1000.000000000000114 ) ;
#2481 = ORIENTED_EDGE ( 'NONE', *, *, #2353, .F. ) ;
#2482 = CARTESIAN_POINT ( 'NONE',  ( 69.62131204388431627, 6.346192541484397154, 86.72499786860224447 ) ) ;
#2483 = CARTESIAN_POINT ( 'NONE',  ( 87.04369433063263273, 1.300000000000000711, 72.37106110950034576 ) ) ;
#2484 = VECTOR ( 'NONE', #1885, 1000.000000000000000 ) ;
#2485 = CARTESIAN_POINT ( 'NONE',  ( 59.37046645590079663, -3.479231524574394108, 88.57101345230907441 ) ) ;
#2486 = CARTESIAN_POINT ( 'NONE',  ( 82.29887462968329714, 5.443011579532255340, 77.79198561001437895 ) ) ;
#2487 = CARTESIAN_POINT ( 'NONE',  ( 68.31436842788394870, -12.87027948883124928, 81.54691951274104156 ) ) ;
#2488 = CARTESIAN_POINT ( 'NONE',  ( 63.00039570155756508, -1.137367981042880949, 76.13002311463459648 ) ) ;
#2489 = EDGE_CURVE ( 'NONE', #118, #2042, #3438, .T. ) ;
#2490 = CARTESIAN_POINT ( 'NONE',  ( 69.97199427522532744, 6.547868013838453294, 82.62913692985215164 ) ) ;
#2491 = CARTESIAN_POINT ( 'NONE',  ( 92.39962638236657710, -4.177450116847081674, 78.73436532386629949 ) ) ;
#2492 = CARTESIAN_POINT ( 'NONE',  ( 80.05040372693262896, -26.23248013416203150, 84.95677679614934164 ) ) ;
#2493 = CARTESIAN_POINT ( 'NONE',  ( 90.70710269468889919, -7.886908793075186885, 78.92191088286998024 ) ) ;
#2494 = EDGE_CURVE ( 'NONE', #3295, #1224, #132, .T. ) ;
#2495 = CARTESIAN_POINT ( 'NONE',  ( 61.28037329663010979, -2.402050992412165353, 86.99937091837867342 ) ) ;
#2496 = PLANE ( 'NONE',  #1658 ) ;
#2497 = ORIENTED_EDGE ( 'NONE', *, *, #3071, .T. ) ;
#2498 = CARTESIAN_POINT ( 'NONE',  ( 80.98349228683207457, 7.545334732863585359, 82.64598512478168857 ) ) ;
#2499 = CARTESIAN_POINT ( 'NONE',  ( 87.16772763514879330, 4.593361790897286134, 76.12692426164944948 ) ) ;
#2500 = CARTESIAN_POINT ( 'NONE',  ( 90.21228643076619846, -10.42973583924719172, 75.75633366829040938 ) ) ;
#2501 = DIRECTION ( 'NONE',  ( 1.000000000000000000, -0.000000000000000000, -0.000000000000000000 ) ) ;
#2502 = CARTESIAN_POINT ( 'NONE',  ( 91.83911207021036205, -10.79635683098462628, 78.91879001720219833 ) ) ;
#2503 = CARTESIAN_POINT ( 'NONE',  ( 68.38924319593907342, 3.372284767685510332, 81.73224106680689260 ) ) ;
#2504 = ADVANCED_FACE ( 'NONE', ( #975 ), #2375, .F. ) ;
#2505 = CARTESIAN_POINT ( 'NONE',  ( 65.21311785899332847, 3.674534460459901286, 83.93256431637196613 ) ) ;
#2506 = CARTESIAN_POINT ( 'NONE',  ( 88.61640360443823283, 3.104175318749166745, 75.61760683415263884 ) ) ;
#2507 = LINE ( 'NONE', #1384, #2315 ) ;
#2508 = DIRECTION ( 'NONE',  ( 0.3746065934159131250, 0.000000000000000000, 0.9271838545667868692 ) ) ;
#2509 = DIRECTION ( 'NONE',  ( 0.000000000000000000, 1.000000000000000000, 0.000000000000000000 ) ) ;
#2510 = VERTEX_POINT ( 'NONE', #899 ) ;
#2511 = CARTESIAN_POINT ( 'NONE',  ( 84.82310404980069052, 6.353767210377767150, 80.66661965119604361 ) ) ;
#2512 = AXIS2_PLACEMENT_3D ( 'NONE', #2154, #3285, #479 ) ;
#2513 = CARTESIAN_POINT ( 'NONE',  ( 69.77866064131555390, 4.165251723352841218, 81.83433596657289399 ) ) ;
#2514 = LINE ( 'NONE', #1133, #1988 ) ;
#2515 = CARTESIAN_POINT ( 'NONE',  ( 62.33208888623794763, -1.148665160109344718, 84.76381250226194197 ) ) ;
#2516 = CARTESIAN_POINT ( 'NONE',  ( 69.90226351216088574, -5.852674497150052169, 85.47709776043924990 ) ) ;
#2517 = LINE ( 'NONE', #1117, #537 ) ;
#2518 = CARTESIAN_POINT ( 'NONE',  ( 73.53844856805102381, 7.776106768202751596, 84.93076444942281000 ) ) ;
#2519 = CARTESIAN_POINT ( 'NONE',  ( 64.22791750626440432, 0.1491248584153282430, 77.60862767467351375 ) ) ;
#2520 = CARTESIAN_POINT ( 'NONE',  ( 85.31073403174656278, -27.41794676713353596, 82.14231040923409921 ) ) ;
#2521 = ORIENTED_EDGE ( 'NONE', *, *, #2746, .F. ) ;
#2522 = DIRECTION ( 'NONE',  ( 0.000000000000000000, 0.000000000000000000, 1.000000000000000000 ) ) ;
#2523 = EDGE_CURVE ( 'NONE', #3227, #3172, #1932, .T. ) ;
#2524 = CARTESIAN_POINT ( 'NONE',  ( 76.82523742930960964, 6.814243155210299108, 82.44737129657484331 ) ) ;
#2525 = CARTESIAN_POINT ( 'NONE',  ( 87.44695352218434437, -8.781462127462670963, 79.23892945956494316 ) ) ;
#2526 = CARTESIAN_POINT ( 'NONE',  ( 98.45228707334354112, 1.300000000000000711, 24.54691211133984652 ) ) ;
#2527 = ORIENTED_EDGE ( 'NONE', *, *, #2230, .T. ) ;
#2528 = CARTESIAN_POINT ( 'NONE',  ( 77.79208631227879778, 8.348204726602290293, 83.85870034753354219 ) ) ;
#2529 = B_SPLINE_CURVE_WITH_KNOTS ( 'NONE', 3,
 ( #655, #85, #948, #3464, #63, #142 ),
 .UNSPECIFIED., .F., .F.,
 ( 4, 2, 4 ),
 ( 0.000000000000000000, 0.0004385705923170907716, 0.0008771411846341815432 ),
 .UNSPECIFIED. ) ;
#2530 = CARTESIAN_POINT ( 'NONE',  ( 88.39453560003487098, -8.995008971519661500, 78.74266772588424601 ) ) ;
#2531 = CARTESIAN_POINT ( 'NONE',  ( 91.34444921637680181, -9.813093997743317587, 84.84974689653317625 ) ) ;
#2532 = ADVANCED_FACE ( 'NONE', ( #3513 ), #1436, .T. ) ;
#2533 = APPROVAL_STATUS ( 'not_yet_approved' ) ;
#2534 = CARTESIAN_POINT ( 'NONE',  ( 65.19759645556031558, 10.32832126602183997, 77.88293261972474113 ) ) ;
#2535 = B_SPLINE_CURVE_WITH_KNOTS ( 'NONE', 3,
 ( #344, #2207, #2503, #1931 ),
 .UNSPECIFIED., .F., .F.,
 ( 4, 4 ),
 ( 4.336808689942017736E-19, 0.0006156679045659427382 ),
 .UNSPECIFIED. ) ;
#2536 = CARTESIAN_POINT ( 'NONE',  ( 63.47796620679818602, -4.404896571721654830, 89.35598950320695621 ) ) ;
#2537 = CARTESIAN_POINT ( 'NONE',  ( 61.55682615019021142, -0.4977585275588480296, 88.72927741093600673 ) ) ;
#2538 = EDGE_LOOP ( 'NONE', ( #1704, #125, #226, #335 ) ) ;
#2539 = CARTESIAN_POINT ( 'NONE',  ( 65.91976125416242382, -3.930099825769496569, 84.91234240937926359 ) ) ;
#2540 = CARTESIAN_POINT ( 'NONE',  ( 77.69526610456712490, 6.844769349433317274, 80.11496495919138283 ) ) ;
#2541 = VERTEX_POINT ( 'NONE', #3010 ) ;
#2542 = CARTESIAN_POINT ( 'NONE',  ( 66.55602793347080137, 3.964125156689355833, 87.64840953513794375 ) ) ;
#2543 = CARTESIAN_POINT ( 'NONE',  ( 85.55488482236020786, 1.300000000000000711, 74.20878440450752578 ) ) ;
#2544 = DIRECTION ( 'NONE',  ( 0.000000000000000000, 1.000000000000000000, -0.000000000000000000 ) ) ;
#2545 = CARTESIAN_POINT ( 'NONE',  ( 61.00398125444130670, -3.509304115084967535, 80.99999999999998579 ) ) ;
#2546 = CARTESIAN_POINT ( 'NONE',  ( 81.67006220502075564, -7.273633319095713645, 81.65644389700526062 ) ) ;
#2547 = EDGE_CURVE ( 'NONE', #607, #250, #3624, .T. ) ;
#2548 = CARTESIAN_POINT ( 'NONE',  ( 80.12827374116875490, 8.165629413877459442, 78.93358991934746882 ) ) ;
#2549 = VERTEX_POINT ( 'NONE', #497 ) ;
#2550 = CARTESIAN_POINT ( 'NONE',  ( 71.23178361504011491, 7.045674508151516413, 85.70309191224620804 ) ) ;
#2551 = CARTESIAN_POINT ( 'NONE',  ( 69.85925036441113889, 4.207405940224720808, 82.03380253072728578 ) ) ;
#2552 = CARTESIAN_POINT ( 'NONE',  ( 90.00699079661120550, -3.179517905517309284, 65.73416240211768979 ) ) ;
#2553 =( LENGTH_UNIT ( ) NAMED_UNIT ( * ) SI_UNIT ( .MILLI., .METRE. ) );
#2554 = CARTESIAN_POINT ( 'NONE',  ( 69.34499433081386144, -5.727088463234804472, 89.02986716567286862 ) ) ;
#2555 = CARTESIAN_POINT ( 'NONE',  ( 63.66865087923344646, -0.4097292929116131410, 73.57817554692523743 ) ) ;
#2556 = ORIENTED_EDGE ( 'NONE', *, *, #23, .T. ) ;
#2557 = DIRECTION ( 'NONE',  ( 0.3746065934159060751, 1.167932354876878927E-16, 0.9271838545667897558 ) ) ;
#2558 = CARTESIAN_POINT ( 'NONE',  ( 91.06514422697311772, -4.957041880860007410, 75.94905335190162532 ) ) ;
#2559 = ORIENTED_EDGE ( 'NONE', *, *, #514, .T. ) ;
#2560 = VECTOR ( 'NONE', #416, 1000.000000000000000 ) ;
#2561 = CARTESIAN_POINT ( 'NONE',  ( 68.98506270307409238, 5.458736205509779893, 86.98008785541613008 ) ) ;
#2562 = CARTESIAN_POINT ( 'NONE',  ( 91.41347133338345543, -6.283616507232867576, 78.06183609533057677 ) ) ;
#2563 = DIRECTION ( 'NONE',  ( 0.000000000000000000, 0.000000000000000000, 1.000000000000000000 ) ) ;
#2564 = CARTESIAN_POINT ( 'NONE',  ( 77.56049907610005789, -1.435605420353630146, 83.72904988580948782 ) ) ;
#2565 = CARTESIAN_POINT ( 'NONE',  ( 78.39643549716701898, -6.436312377047127775, 82.75810707410063571 ) ) ;
#2566 = EDGE_CURVE ( 'NONE', #2702, #1288, #1715, .T. ) ;
#2567 = VERTEX_POINT ( 'NONE', #543 ) ;
#2568 = CARTESIAN_POINT ( 'NONE',  ( 93.20985042471666304, -8.000295795450776737, 79.42979936604069735 ) ) ;
#2569 = ORIENTED_EDGE ( 'NONE', *, *, #2853, .T. ) ;
#2570 = DIRECTION ( 'NONE',  ( 0.000000000000000000, 1.000000000000000000, 0.000000000000000000 ) ) ;
#2571 = CARTESIAN_POINT ( 'NONE',  ( 90.89311281050379421, -6.024215629180731391, 84.84974689653317625 ) ) ;
#2572 = CARTESIAN_POINT ( 'NONE',  ( 91.01895206267722926, -10.47040363678107866, 75.14119553335957846 ) ) ;
#2573 = CARTESIAN_POINT ( 'NONE',  ( 74.17048835873197277, 0.7230002799408847824, 86.41130899530789122 ) ) ;
#2574 = LINE ( 'NONE', #2836, #832 ) ;
#2575 = ORIENTED_EDGE ( 'NONE', *, *, #792, .T. ) ;
#2576 = CARTESIAN_POINT ( 'NONE',  ( 90.42243616720767818, -9.045898245979048014, 78.66013297887823796 ) ) ;
#2577 = B_SPLINE_CURVE_WITH_KNOTS ( 'NONE', 3,
 ( #2923, #869, #1728, #652, #3121, #2882, #1465, #2603 ),
 .UNSPECIFIED., .F., .F.,
 ( 4, 2, 2, 4 ),
 ( 0.000000000000000000, 0.0007097679656328506267, 0.001064651948449274422, 0.001419535931265698435 ),
 .UNSPECIFIED. ) ;
#2578 = CARTESIAN_POINT ( 'NONE',  ( 81.93802953904170749, 6.115887307781933124, 78.44986474429569512 ) ) ;
#2579 = ORIENTED_EDGE ( 'NONE', *, *, #3430, .T. ) ;
#2580 = EDGE_CURVE ( 'NONE', #826, #507, #1413, .T. ) ;
#2581 = CARTESIAN_POINT ( 'NONE',  ( 62.20178848337955202, 0.2327417134939561427, 88.61443278074199270 ) ) ;
#2582 = CARTESIAN_POINT ( 'NONE',  ( 62.33204315830429465, -1.148693143884660151, 86.77704220637497201 ) ) ;
#2583 = DIRECTION ( 'NONE',  ( 0.000000000000000000, 0.000000000000000000, 1.000000000000000000 ) ) ;
#2584 = DIRECTION ( 'NONE',  ( 0.08502343775359157141, -0.01916085923062345667, 0.9961946980917462113 ) ) ;
#2585 = CARTESIAN_POINT ( 'NONE',  ( 80.58987837855012515, -6.982649406827675875, 82.04152444409054112 ) ) ;
#2586 = VERTEX_POINT ( 'NONE', #305 ) ;
#2587 = CARTESIAN_POINT ( 'NONE',  ( 92.01687235235030471, -3.773642893662957132, 79.14129224789941475 ) ) ;
#2588 = LOCAL_TIME ( 19, 36, 11.00000000000000000, #937 ) ;
#2589 = ORIENTED_EDGE ( 'NONE', *, *, #1306, .F. ) ;
#2590 = CARTESIAN_POINT ( 'NONE',  ( 61.58593797204390796, 5.732375298094220639, 85.98514016221916734 ) ) ;
#2591 = CARTESIAN_POINT ( 'NONE',  ( 62.27412053572697204, -4.133598232718855847, 85.45504920556010120 ) ) ;
#2592 = COORDINATED_UNIVERSAL_TIME_OFFSET ( 1, 0, .AHEAD. ) ;
#2593 = VECTOR ( 'NONE', #3060, 1000.000000000000000 ) ;
#2594 = CARTESIAN_POINT ( 'NONE',  ( 77.62873918676092444, 7.091179111388031586, 84.10918026443529527 ) ) ;
#2595 = CARTESIAN_POINT ( 'NONE',  ( 88.06741275267644653, -8.921288653974233540, 77.05786974444481530 ) ) ;
#2596 = ORIENTED_EDGE ( 'NONE', *, *, #2768, .F. ) ;
#2597 = CARTESIAN_POINT ( 'NONE',  ( 65.05712708123274979, 0.9189951744689616175, 66.37388739315549913 ) ) ;
#2598 = FACE_OUTER_BOUND ( 'NONE', #3004, .T. ) ;
#2599 = EDGE_LOOP ( 'NONE', ( #962, #549, #2296, #1701 ) ) ;
#2600 = EDGE_CURVE ( 'NONE', #1449, #1118, #3451, .T. ) ;
#2601 = CARTESIAN_POINT ( 'NONE',  ( 86.04003268549820405, 1.300000000000000711, 74.32974535230736990 ) ) ;
#2602 = DIRECTION ( 'NONE',  ( -0.000000000000000000, 1.000000000000000000, -0.000000000000000000 ) ) ;
#2603 = CARTESIAN_POINT ( 'NONE',  ( 90.15582711583365949, -9.391933157249681585, 76.55686759440868627 ) ) ;
#2604 = CARTESIAN_POINT ( 'NONE',  ( 88.96053542942162551, -1.630148920954249014, 76.36646153272043591 ) ) ;
#2605 =( BOUNDED_CURVE ( )  B_SPLINE_CURVE ( 3, ( #1695, #1672, #2850, #1433 ),
 .UNSPECIFIED., .F., .F. ) 
 B_SPLINE_CURVE_WITH_KNOTS ( ( 4, 4 ),
 ( 1.570796326794896558, 4.712388980384689674 ),
 .UNSPECIFIED. ) 
 CURVE ( )  GEOMETRIC_REPRESENTATION_ITEM ( )  RATIONAL_B_SPLINE_CURVE ( ( 1.000000000000000000, 0.3333333333333333703, 0.3333333333333333703, 1.000000000000000000 ) ) 
 REPRESENTATION_ITEM ( '' )  );
#2606 = EDGE_CURVE ( 'NONE', #2837, #772, #2222, .T. ) ;
#2607 = CARTESIAN_POINT ( 'NONE',  ( 79.26748338404928518, 4.221984640411056589, 79.91570587622044286 ) ) ;
#2608 = ORIENTED_EDGE ( 'NONE', *, *, #2606, .F. ) ;
#2609 = CARTESIAN_POINT ( 'NONE',  ( 71.79277105363804878, 10.00000000000000000, 68.56857886733286023 ) ) ;
#2610 = CARTESIAN_POINT ( 'NONE',  ( 74.08071987403093317, 5.841618615158065353, 74.13989114451979390 ) ) ;
#2611 = B_SPLINE_CURVE_WITH_KNOTS ( 'NONE', 3,
 ( #3566, #1030, #753, #2150, #2448, #3281, #736, #1875, #3005, #459, #3376, #1589, #2165, #2525 ),
 .UNSPECIFIED., .F., .F.,
 ( 4, 2, 2, 2, 2, 2, 4 ),
 ( 0.000000000000000000, 0.0002956454720233039945, 0.0005912909440466079889, 0.001182581888093206220, 0.001773872832139804668, 0.002069518304163125901, 0.002365163776186447134 ),
 .UNSPECIFIED. ) ;
#2612 = ORIENTED_EDGE ( 'NONE', *, *, #1386, .T. ) ;
#2613 = CARTESIAN_POINT ( 'NONE',  ( 60.72566491452977289, 1.221717554618881429, 86.48590211807700712 ) ) ;
#2614 = CARTESIAN_POINT ( 'NONE',  ( 61.76375745516516247, -4.018582945152878061, 85.47593205953648976 ) ) ;
#2615 = CARTESIAN_POINT ( 'NONE',  ( 80.00020220030103246, -0.07395886194496140154, 84.47662940403071730 ) ) ;
#2616 = CARTESIAN_POINT ( 'NONE',  ( 79.86541507605022616, -7.406754835608174048, 86.56462486028448211 ) ) ;
#2617 = ORIENTED_EDGE ( 'NONE', *, *, #3122, .F. ) ;
#2618 = FACE_OUTER_BOUND ( 'NONE', #3423, .T. ) ;
#2619 = CARTESIAN_POINT ( 'NONE',  ( 89.56029408964150207, -1.097202744308739097, 75.92862368893331393 ) ) ;
#2620 = VERTEX_POINT ( 'NONE', #286 ) ;
#2621 = EDGE_CURVE ( 'NONE', #1547, #2233, #1630, .T. ) ;
#2622 = CIRCLE ( 'NONE', #1013, 0.5000000000000031086 ) ;
#2623 = AXIS2_PLACEMENT_3D ( 'NONE', #1289, #2460, #2426 ) ;
#2624 = CARTESIAN_POINT ( 'NONE',  ( 73.75864651598323007, 3.482999479109565848E-15, 84.66655204910081522 ) ) ;
#2625 = CARTESIAN_POINT ( 'NONE',  ( 64.07196471946586769, -3.513680892077817308, 86.51625687012445098 ) ) ;
#2626 = CARTESIAN_POINT ( 'NONE',  ( 77.78355646714909710, -0.5960155463347310834, 83.45257751144823999 ) ) ;
#2627 = CARTESIAN_POINT ( 'NONE',  ( 80.21002683916245246, -8.175629288318276622, 82.58151569475428744 ) ) ;
#2628 = CARTESIAN_POINT ( 'NONE',  ( 66.81626156185780019, -5.157213921598329698, 87.24896468627413526 ) ) ;
#2629 = ORIENTED_EDGE ( 'NONE', *, *, #418, .T. ) ;
#2630 = ADVANCED_FACE ( 'NONE', ( #1112 ), #1959, .F. ) ;
#2631 = CARTESIAN_POINT ( 'NONE',  ( 70.60052053489955881, -3.500000000000000000, 75.83883821762789523 ) ) ;
#2632 = CARTESIAN_POINT ( 'NONE',  ( 92.35337854273177527, -9.362886243181096191, 80.23897818797389903 ) ) ;
#2633 =( BOUNDED_CURVE ( )  B_SPLINE_CURVE ( 3, ( #700, #412, #1802, #3211 ),
 .UNSPECIFIED., .F., .F. ) 
 B_SPLINE_CURVE_WITH_KNOTS ( ( 4, 4 ),
 ( 4.468042885110595108, 6.038839211901745330 ),
 .UNSPECIFIED. ) 
 CURVE ( )  GEOMETRIC_REPRESENTATION_ITEM ( )  RATIONAL_B_SPLINE_CURVE ( ( 1.000000000000000000, 0.8047378541252481199, 0.8047378541252481199, 1.000000000000000000 ) ) 
 REPRESENTATION_ITEM ( '' )  );
#2634 = EDGE_CURVE ( 'NONE', #2401, #826, #2605, .T. ) ;
#2635 = ORIENTED_EDGE ( 'NONE', *, *, #787, .T. ) ;
#2636 = DIRECTION ( 'NONE',  ( 0.000000000000000000, -1.000000000000000000, 0.000000000000000000 ) ) ;
#2637 = FACE_OUTER_BOUND ( 'NONE', #645, .T. ) ;
#2638 = CARTESIAN_POINT ( 'NONE',  ( 58.78707781328232329, -3.039859101807388608, 89.07311442817280067 ) ) ;
#2639 = CARTESIAN_POINT ( 'NONE',  ( 86.33510865334231710, -9.555976090531633105, 83.23112222981693265 ) ) ;
#2640 = VERTEX_POINT ( 'NONE', #2831 ) ;
#2641 = PLANE ( 'NONE',  #868 ) ;
#2642 = LINE ( 'NONE', #3007, #1104 ) ;
#2643 = ORIENTED_EDGE ( 'NONE', *, *, #1778, .F. ) ;
#2644 = CARTESIAN_POINT ( 'NONE',  ( 76.59160879644119291, 1.658333316281413117, 83.40934118061147728 ) ) ;
#2645 = VECTOR ( 'NONE', #2749, 1000.000000000000000 ) ;
#2646 = CARTESIAN_POINT ( 'NONE',  ( 84.14517445181581934, 4.450665320402958258, 74.37261094790731875 ) ) ;
#2647 = DIRECTION ( 'NONE',  ( 0.3746065934159060751, 1.167932354876878927E-16, 0.9271838545667897558 ) ) ;
#2648 = CARTESIAN_POINT ( 'NONE',  ( 61.82317379601970231, 0.1402850853600769443, 84.65321668323535675 ) ) ;
#2649 = ORIENTED_EDGE ( 'NONE', *, *, #1688, .F. ) ;
#2650 = CARTESIAN_POINT ( 'NONE',  ( 91.74427222740054333, -2.308335313790931931, 78.97147323787838502 ) ) ;
#2651 = CARTESIAN_POINT ( 'NONE',  ( 87.16772763514879330, 4.593361790897286134, 80.12692426164944948 ) ) ;
#2652 = ORIENTED_EDGE ( 'NONE', *, *, #245, .F. ) ;
#2653 = CARTESIAN_POINT ( 'NONE',  ( 67.28612792390568131, -3.323064030539741864, 87.33474460434533171 ) ) ;
#2654 = CARTESIAN_POINT ( 'NONE',  ( 63.54117343582640842, -0.5274481744192678345, 84.84974689653317625 ) ) ;
#2655 = DATE_AND_TIME ( #3511, #2588 ) ;
#2656 = FACE_OUTER_BOUND ( 'NONE', #1331, .T. ) ;
#2657 = DIRECTION ( 'NONE',  ( -0.000000000000000000, 1.000000000000000000, -0.000000000000000000 ) ) ;
#2658 = CARTESIAN_POINT ( 'NONE',  ( 89.76022500198487819, -2.697584705803503624, 74.80512708186051896 ) ) ;
#2659 = CYLINDRICAL_SURFACE ( 'NONE', #3129, 0.9500000000000063949 ) ;
#2660 = ORIENTED_EDGE ( 'NONE', *, *, #2621, .F. ) ;
#2661 = CARTESIAN_POINT ( 'NONE',  ( 73.81716582225082846, 0.5022584479328415785, 84.54619502186892532 ) ) ;
#2662 = DIRECTION ( 'NONE',  ( -0.2198462043528371102, -0.9755345439458567025, 0.000000000000000000 ) ) ;
#2663 = LINE ( 'NONE', #3233, #2918 ) ;
#2664 = EDGE_CURVE ( 'NONE', #701, #1850, #2290, .T. ) ;
#2665 = VECTOR ( 'NONE', #3635, 1000.000000000000114 ) ;
#2666 = CARTESIAN_POINT ( 'NONE',  ( 59.92086310252987857, -2.217586426595199889, 84.96625520842961521 ) ) ;
#2667 = CARTESIAN_POINT ( 'NONE',  ( 69.61958231651232154, -5.788969538370356993, 86.99408399921776436 ) ) ;
#2668 = VERTEX_POINT ( 'NONE', #1654 ) ;
#2669 = PLANE ( 'NONE',  #3273 ) ;
#2670 = CARTESIAN_POINT ( 'NONE',  ( 92.76124695035667855, -10.92009562417692692, 80.28308152110059837 ) ) ;
#2671 = ORIENTED_EDGE ( 'NONE', *, *, #1814, .T. ) ;
#2672 = CARTESIAN_POINT ( 'NONE',  ( 67.82705799304825689, 0.2428763347831640884, 86.49994648647700046 ) ) ;
#2673 = DIRECTION ( 'NONE',  ( 0.6388195910152045798, 0.7613155425902486950, -0.1109422135423749206 ) ) ;
#2674 = CARTESIAN_POINT ( 'NONE',  ( 59.82938340857370463, -1.797687664048158052, 88.91695273420015155 ) ) ;
#2675 = CARTESIAN_POINT ( 'NONE',  ( 62.14554697679762540, -2.148839064284433942, 84.96482471200778264 ) ) ;
#2676 = ORIENTED_EDGE ( 'NONE', *, *, #1306, .T. ) ;
#2677 = CARTESIAN_POINT ( 'NONE',  ( 60.80560568111347663, -0.6342712636335677834, 88.29297374470597504 ) ) ;
#2678 = VERTEX_POINT ( 'NONE', #876 ) ;
#2679 = CARTESIAN_POINT ( 'NONE',  ( 87.35678915393822308, -8.744346334131508414, 78.14029315322709124 ) ) ;
#2680 = CARTESIAN_POINT ( 'NONE',  ( 63.26968088472326457, -2.723667770940637389, 87.00974338772908823 ) ) ;
#2681 = CARTESIAN_POINT ( 'NONE',  ( 76.10165378935386116, -2.420492213176241858, 84.47663108420988465 ) ) ;
#2682 = B_SPLINE_CURVE_WITH_KNOTS ( 'NONE', 3,
 ( #3099, #1093, #575, #2231, #553 ),
 .UNSPECIFIED., .F., .F.,
 ( 4, 1, 4 ),
 ( 0.009406947683894814616, 0.009546983909070549945, 0.009687020134246283540 ),
 .UNSPECIFIED. ) ;
#2683 = CARTESIAN_POINT ( 'NONE',  ( 61.88995261096000178, -0.6403101668892356990, 84.72494280000481126 ) ) ;
#2684 = ORIENTED_EDGE ( 'NONE', *, *, #890, .T. ) ;
#2685 = CARTESIAN_POINT ( 'NONE',  ( 65.51334663961563365, 1.300000000000002487, 66.48763570450508098 ) ) ;
#2686 = CARTESIAN_POINT ( 'NONE',  ( 85.57554731168754358, 4.403947676836107661, 80.98079359614898465 ) ) ;
#2687 = B_SPLINE_SURFACE_WITH_KNOTS ( 'NONE', 3, 1, ( 
 ( #1087, #760 ),
 ( #2454, #172 ),
 ( #1916, #2191 ),
 ( #3351, #2751 ),
 ( #1596, #3288 ),
 ( #1323, #744 ),
 ( #1628, #1369 ),
 ( #187, #2785 ),
 ( #1338, #3612 ),
 ( #796, #2208 ),
 ( #2734, #3032 ),
 ( #3643, #1933 ),
 ( #1579, #1020 ),
 ( #2769, #3013 ),
 ( #222, #1611 ),
 ( #1353, #1882 ),
 ( #2490, #1644 ),
 ( #239, #3304 ),
 ( #2505, #2226 ),
 ( #3593, #2716 ),
 ( #1072, #2173 ),
 ( #3337, #1303 ),
 ( #3630, #1901 ),
 ( #3322, #3575 ),
 ( #482, #2437 ),
 ( #204, #2470 ),
 ( #1055, #2292 ) ),
 .UNSPECIFIED., .F., .F., .F.,
 ( 4, 1, 1, 1, 1, 1, 1, 1, 1, 1, 1, 1, 1, 1, 1, 1, 1, 1, 1, 2, 1, 1, 1, 4 ),
 ( 2, 2 ),
 ( 0.01196963819331875803, 0.06126250000000001139, 0.1225249999999999950, 0.1837874999999999925, 0.2450499999999999901, 0.3063124999999999876, 0.3369437500000000418, 0.3675749999999999851, 0.3982062499999999283, 0.4288374999999999826, 0.4594687500000000369, 0.4900999999999999801, 0.5439749999999999863, 0.5978499999999999925, 0.6517249999999998877, 0.7056000000000000050, 0.7594750000000001222, 0.8133500000000000174, 0.8672249999999998016, 0.9211000000000000298, 0.9408249999999999114, 0.9605500000000000149, 0.9802750000000000075, 0.9840389259765482954 ),
 ( 0.000000000000000000, 1.000000000000000000 ),
 .UNSPECIFIED. ) ;
#2688 = VERTEX_POINT ( 'NONE', #1097 ) ;
#2689 = CARTESIAN_POINT ( 'NONE',  ( 81.56699189376331560, 3.357525564380622995, 81.45406515467212216 ) ) ;
#2690 = CARTESIAN_POINT ( 'NONE',  ( 61.79485816626875305, 0.5224535846382305504, 88.11808113227313299 ) ) ;
#2691 = EDGE_CURVE ( 'NONE', #503, #2702, #1460, .T. ) ;
#2692 = CARTESIAN_POINT ( 'NONE',  ( 62.15641012916262298, -4.107071046925353741, 89.32835268224093284 ) ) ;
#2693 = CARTESIAN_POINT ( 'NONE',  ( 89.95165389795425881, -9.675282330583707235, 81.87008798255109809 ) ) ;
#2694 = CARTESIAN_POINT ( 'NONE',  ( 84.68399153880500307, 4.040955301626095952, 76.82384535360048972 ) ) ;
#2695 = CARTESIAN_POINT ( 'NONE',  ( 93.24448205070041240, -10.82276515886364265, 75.91772174662889938 ) ) ;
#2696 = ORIENTED_EDGE ( 'NONE', *, *, #1801, .T. ) ;
#2697 = CARTESIAN_POINT ( 'NONE',  ( 89.20223222334134050, -9.177031266890461225, 78.29723802927493637 ) ) ;
#2698 = DIRECTION ( 'NONE',  ( 0.000000000000000000, -1.000000000000000000, 0.000000000000000000 ) ) ;
#2699 = CARTESIAN_POINT ( 'NONE',  ( 62.86832483376243630, -1.289118713040678266, 80.99999999999998579 ) ) ;
#2700 = CARTESIAN_POINT ( 'NONE',  ( 63.26453481380997346, -1.297366904840095980, 84.76161976977599011 ) ) ;
#2701 = CARTESIAN_POINT ( 'NONE',  ( 92.87496939879305557, -10.77305199105078160, 76.17747730826697250 ) ) ;
#2702 = VERTEX_POINT ( 'NONE', #2796 ) ;
#2703 = DIRECTION ( 'NONE',  ( 0.000000000000000000, 0.000000000000000000, 1.000000000000000000 ) ) ;
#2704 = CARTESIAN_POINT ( 'NONE',  ( 90.17930156151375343, 0.9785900854671896187, 79.15622443039954703 ) ) ;
#2705 = ORIENTED_EDGE ( 'NONE', *, *, #1023, .T. ) ;
#2706 = CARTESIAN_POINT ( 'NONE',  ( 87.83630739386167363, 3.240861013616152420, 78.22949791040119294 ) ) ;
#2707 = CARTESIAN_POINT ( 'NONE',  ( 65.02783134843018331, 2.851084399001928560, 88.02767952863986523 ) ) ;
#2708 = CARTESIAN_POINT ( 'NONE',  ( 79.84980785445468143, -7.403294413900445292, 86.56975334935988542 ) ) ;
#2709 = CARTESIAN_POINT ( 'NONE',  ( 60.76420150481055771, -3.793323283065463958, 89.26871167953420638 ) ) ;
#2710 = CARTESIAN_POINT ( 'NONE',  ( 62.30677477896654892, -4.140957184255177559, 88.71969950252825754 ) ) ;
#2711 = DIRECTION ( 'NONE',  ( -0.000000000000000000, 1.000000000000000000, -0.000000000000000000 ) ) ;
#2712 = B_SPLINE_CURVE_WITH_KNOTS ( 'NONE', 3,
 ( #599, #840, #1697, #3151 ),
 .UNSPECIFIED., .F., .F.,
 ( 4, 4 ),
 ( 0.000000000000000000, 0.003004888413165336843 ),
 .UNSPECIFIED. ) ;
#2713 = PLANE ( 'NONE',  #3488 ) ;
#2714 = ORIENTED_EDGE ( 'NONE', *, *, #1291, .T. ) ;
#2715 = EDGE_CURVE ( 'NONE', #3297, #911, #2921, .T. ) ;
#2716 = CARTESIAN_POINT ( 'NONE',  ( 63.06641917710047096, 1.878124132402628543, 88.13764397627308256 ) ) ;
#2717 = CARTESIAN_POINT ( 'NONE',  ( 90.85438454969037991, -10.57443889986942942, 85.09999999999999432 ) ) ;
#2718 = CARTESIAN_POINT ( 'NONE',  ( 65.62647454219772669, -3.500000000000000000, 72.90136021868487148 ) ) ;
#2719 = B_SPLINE_CURVE_WITH_KNOTS ( 'NONE', 3,
 ( #812, #2789, #3293, #1937 ),
 .UNSPECIFIED., .F., .F.,
 ( 4, 4 ),
 ( 0.000000000000000000, 0.002809209625606597788 ),
 .UNSPECIFIED. ) ;
#2720 = CIRCLE ( 'NONE', #2422, 0.5000000000000004441 ) ;
#2721 = CARTESIAN_POINT ( 'NONE',  ( 60.96440828583575211, -0.4450176889471352815, 84.76162378540719544 ) ) ;
#2722 = CARTESIAN_POINT ( 'NONE',  ( 91.59519285531844446, -10.49184380114698278, 77.01615053660822241 ) ) ;
#2723 = ORIENTED_EDGE ( 'NONE', *, *, #895, .F. ) ;
#2724 = CARTESIAN_POINT ( 'NONE',  ( 65.41203549887902113, -3.499999999999999556, 77.89214641920483473 ) ) ;
#2725 = B_SPLINE_CURVE_WITH_KNOTS ( 'NONE', 3,
 ( #2163, #1888, #1329, #3296, #2963, #2143, #3525, #3021, #2402, #987, #691, #471, #710, #1851 ),
 .UNSPECIFIED., .F., .F.,
 ( 4, 2, 2, 2, 2, 2, 4 ),
 ( 0.02920679489082384644, 0.03229670791464359092, 0.03384166442655348050, 0.03538662093846336315, 0.03847653396228312844, 0.04002149047419301109, 0.04156644698610288680 ),
 .UNSPECIFIED. ) ;
#2726 = VERTEX_POINT ( 'NONE', #3347 ) ;
#2727 = CARTESIAN_POINT ( 'NONE',  ( 66.04406371671689158, -3.198343341622454261, 84.71690233504760670 ) ) ;
#2728 = CARTESIAN_POINT ( 'NONE',  ( 61.83741989188273180, 0.5691563818254694596, 88.60988753576442889 ) ) ;
#2729 = CARTESIAN_POINT ( 'NONE',  ( 86.66627096395259855, -8.924999201142291838, 83.65669318689631950 ) ) ;
#2730 = EDGE_CURVE ( 'NONE', #2993, #362, #1945, .T. ) ;
#2731 = CARTESIAN_POINT ( 'NONE',  ( 64.50839040154848192, -4.637112693121100193, 88.71367961459752394 ) ) ;
#2732 = DIRECTION ( 'NONE',  ( 0.7880107536067187946, 1.011459089225158669E-16, 0.6156614753256623995 ) ) ;
#2733 = CARTESIAN_POINT ( 'NONE',  ( 87.02370990582997479, 2.731848351225223848, 76.53299084556559251 ) ) ;
#2734 = CARTESIAN_POINT ( 'NONE',  ( 83.36885485837615306, 7.146811309191044792, 77.61630381382562405 ) ) ;
#2735 = CARTESIAN_POINT ( 'NONE',  ( 93.28492855853443189, -8.534996953590686886, 79.21128911760457925 ) ) ;
#2736 = CARTESIAN_POINT ( 'NONE',  ( 62.94588614508603541, -1.200000000000001954, 75.61022507409056459 ) ) ;
#2737 = LINE ( 'NONE', #2160, #1895 ) ;
#2738 = CARTESIAN_POINT ( 'NONE',  ( 93.32692249335993040, -11.13164939067810799, 75.89999999999888303 ) ) ;
#2739 = ORIENTED_EDGE ( 'NONE', *, *, #514, .F. ) ;
#2740 = LINE ( 'NONE', #3277, #3580 ) ;
#2741 = EDGE_CURVE ( 'NONE', #1578, #3295, #2086, .T. ) ;
#2742 = ORIENTED_EDGE ( 'NONE', *, *, #739, .T. ) ;
#2743 = CARTESIAN_POINT ( 'NONE',  ( 66.00215384636472038, -3.406909359310796859, 84.77368593288436216 ) ) ;
#2744 = CARTESIAN_POINT ( 'NONE',  ( 72.69475185454177790, 5.429098847697375163, 74.46321800271721258 ) ) ;
#2745 = CARTESIAN_POINT ( 'NONE',  ( 67.61568892757263427, -4.698001573571057854, 89.03895494823663626 ) ) ;
#2746 = EDGE_CURVE ( 'NONE', #1410, #314, #1996, .T. ) ;
#2747 = VECTOR ( 'NONE', #2602, 1000.000000000000000 ) ;
#2748 = CARTESIAN_POINT ( 'NONE',  ( 92.73589708255262565, -10.99845606190452862, 79.53205883932449183 ) ) ;
#2749 = DIRECTION ( 'NONE',  ( -0.000000000000000000, 1.000000000000000000, -0.000000000000000000 ) ) ;
#2750 = CARTESIAN_POINT ( 'NONE',  ( 91.86693483555939110, -9.900201048287508243, 76.64069681646007837 ) ) ;
#2751 = CARTESIAN_POINT ( 'NONE',  ( 92.67089933239802235, -4.886881312535319211, 78.76221195494846938 ) ) ;
#2752 = CARTESIAN_POINT ( 'NONE',  ( 85.98507779123997352, 5.586722070452992739, 76.57333065721175558 ) ) ;
#2753 = DIRECTION ( 'NONE',  ( -0.08502343775359154365, 0.01916085923062329707, -0.9961946980917462113 ) ) ;
#2754 = ORIENTED_EDGE ( 'NONE', *, *, #477, .T. ) ;
#2755 = CARTESIAN_POINT ( 'NONE',  ( 77.77644313934300158, 7.911284538362335361, 83.92661150171038287 ) ) ;
#2756 = CARTESIAN_POINT ( 'NONE',  ( 62.22186671166384997, -1.280022832641656283, 86.80132971290396426 ) ) ;
#2757 = ORIENTED_EDGE ( 'NONE', *, *, #117, .T. ) ;
#2758 = CARTESIAN_POINT ( 'NONE',  ( 75.24571888415002263, 1.335370750796088554E-14, 82.95275764439759314 ) ) ;
#2759 = B_SPLINE_CURVE_WITH_KNOTS ( 'NONE', 3,
 ( #1203, #448, #2990, #960, #2677, #1782 ),
 .UNSPECIFIED., .F., .F.,
 ( 4, 2, 4 ),
 ( 0.0008274147962790710581, 0.002430798929355468957, 0.004034183062431867181 ),
 .UNSPECIFIED. ) ;
#2760 = ORIENTED_EDGE ( 'NONE', *, *, #1219, .T. ) ;
#2761 = CARTESIAN_POINT ( 'NONE',  ( 86.52890725435409536, -7.521086892170931293, 81.77429184939148854 ) ) ;
#2762 = CARTESIAN_POINT ( 'NONE',  ( 63.89408683006129763, 2.576027619713154415, 87.70179924701798768 ) ) ;
#2763 = CARTESIAN_POINT ( 'NONE',  ( 61.25319606753033952, -3.903522967156882739, 85.48928259185389322 ) ) ;
#2764 = EDGE_CURVE ( 'NONE', #2849, #1376, #526, .T. ) ;
#2765 = CARTESIAN_POINT ( 'NONE',  ( 60.06952620847533808, -3.636771443753940680, 89.21881704476966490 ) ) ;
#2766 = CARTESIAN_POINT ( 'NONE',  ( 78.73134166711440685, 6.275505102820695846, 79.16695446460482799 ) ) ;
#2767 = CARTESIAN_POINT ( 'NONE',  ( 67.75389855934398042, 3.638720033647464991, 85.49479203597248045 ) ) ;
#2768 = EDGE_CURVE ( 'NONE', #1794, #1936, #1238, .T. ) ;
#2769 = CARTESIAN_POINT ( 'NONE',  ( 77.85680404640926611, 8.397171352784241094, 79.84032276752861890 ) ) ;
#2770 = CARTESIAN_POINT ( 'NONE',  ( 87.13783597761620570, 4.627696123363328695, 79.80910403042284429 ) ) ;
#2771 = FACE_OUTER_BOUND ( 'NONE', #979, .T. ) ;
#2772 = ORIENTED_EDGE ( 'NONE', *, *, #3558, .T. ) ;
#2773 = MANIFOLD_SOLID_BREP ( 'Basisteil-R2-L2_Button-1', #392 ) ;
#2774 = B_SPLINE_CURVE_WITH_KNOTS ( 'NONE', 3,
 ( #2082, #3214, #398, #963 ),
 .UNSPECIFIED., .F., .F.,
 ( 4, 4 ),
 ( 1.398578778534940505E-17, 0.002226313557695451615 ),
 .UNSPECIFIED. ) ;
#2775 = CARTESIAN_POINT ( 'NONE',  ( 87.90384694051391534, -7.236115204732454842, 80.45024819322054555 ) ) ;
#2776 = DIRECTION ( 'NONE',  ( 0.000000000000000000, -1.000000000000000000, 0.000000000000000000 ) ) ;
#2777 = CARTESIAN_POINT ( 'NONE',  ( 93.22708231358933517, 18.96282971674416373, 68.60398482642267481 ) ) ;
#2778 = EDGE_CURVE ( 'NONE', #1936, #3117, #894, .T. ) ;
#2779 = ORIENTED_EDGE ( 'NONE', *, *, #1346, .T. ) ;
#2780 = CARTESIAN_POINT ( 'NONE',  ( 79.18101967892603454, 7.831937769872951094, 83.37100062504940468 ) ) ;
#2781 = CARTESIAN_POINT ( 'NONE',  ( 65.24214956154793299, -4.802472461502161671, 88.69015353607993291 ) ) ;
#2782 = CARTESIAN_POINT ( 'NONE',  ( 59.37046645590082505, -3.479231524574407874, 88.57101345230907441 ) ) ;
#2783 = CARTESIAN_POINT ( 'NONE',  ( 60.99796786189664743, -3.846004806882020066, 65.36182533177596099 ) ) ;
#2784 = CARTESIAN_POINT ( 'NONE',  ( 60.21652286165581103, -3.669898570276042271, 85.23415156951969607 ) ) ;
#2785 = CARTESIAN_POINT ( 'NONE',  ( 87.16772763514879330, 4.593361790897286134, 79.86549078986313077 ) ) ;
#2786 = CARTESIAN_POINT ( 'NONE',  ( 67.03741968190220746, 4.891888478607681279, 86.93644826513016710 ) ) ;
#2787 = CARTESIAN_POINT ( 'NONE',  ( 59.28615948513906631, -3.460232224347694174, 85.16497227108988000 ) ) ;
#2788 = ORIENTED_EDGE ( 'NONE', *, *, #3517, .T. ) ;
#2789 = CARTESIAN_POINT ( 'NONE',  ( 87.57915774306482604, -8.949070418844270236, 81.13423594065611155 ) ) ;
#2790 = CARTESIAN_POINT ( 'NONE',  ( 64.87448202818484333, 1.496675784548466615, 86.22250846332033802 ) ) ;
#2791 = LINE ( 'NONE', #249, #1320 ) ;
#2792 = ORIENTED_EDGE ( 'NONE', *, *, #134, .T. ) ;
#2793 = CARTESIAN_POINT ( 'NONE',  ( 80.53373209457511450, 7.640302271561519198, 82.82805426849229491 ) ) ;
#2794 = AXIS2_PLACEMENT_3D ( 'NONE', #2285, #1083, #837 ) ;
#2795 = VECTOR ( 'NONE', #2350, 1000.000000000000000 ) ;
#2796 = CARTESIAN_POINT ( 'NONE',  ( 87.16465527843244843, -9.742922496483000572, 71.88591324636233537 ) ) ;
#2797 = CARTESIAN_POINT ( 'NONE',  ( 91.34642346415854774, -10.25863015428885561, 84.84974689653317625 ) ) ;
#2798 = CARTESIAN_POINT ( 'NONE',  ( 90.22299222841334654, -10.43210632527389770, 79.91958890136957905 ) ) ;
#2799 = CARTESIAN_POINT ( 'NONE',  ( 62.94588614508603541, -1.199999999999999734, 75.80215540055340284 ) ) ;
#2800 = EDGE_CURVE ( 'NONE', #2541, #507, #1187, .T. ) ;
#2801 = CARTESIAN_POINT ( 'NONE',  ( 64.11762392790129184, 0.04186972402226214751, 73.23474544988677337 ) ) ;
#2802 = CARTESIAN_POINT ( 'NONE',  ( 66.22745216463414408, 4.355533727341124539, 87.14761087136380979 ) ) ;
#2803 = CARTESIAN_POINT ( 'NONE',  ( 56.96046431397714116, -21.02893755314818236, 90.22846293068346313 ) ) ;
#2804 = ORIENTED_EDGE ( 'NONE', *, *, #2120, .F. ) ;
#2805 = CARTESIAN_POINT ( 'NONE',  ( 90.49328618658965695, -0.1796401203610908381, 79.21861320177653454 ) ) ;
#2806 = CARTESIAN_POINT ( 'NONE',  ( 91.86693483555941953, -9.900201048287515349, 78.65373954700741876 ) ) ;
#2807 = CARTESIAN_POINT ( 'NONE',  ( 85.31073403174656278, -27.41794676713353596, 82.14231040923409921 ) ) ;
#2808 = B_SPLINE_CURVE_WITH_KNOTS ( 'NONE', 3,
 ( #495, #1223, #1572, #3496, #1066, #376, #3300, #1859, #3283, #1926, #2745, #99, #942, #2708, #2986, #2729, #1296, #1334, #182, #443, #2465, #3605, #2202, #2431 ),
 .UNSPECIFIED., .F., .F.,
 ( 4, 2, 2, 2, 2, 2, 2, 2, 2, 2, 2, 4 ),
 ( 1.065911352703017744E-16, 0.001137346762639851461, 0.002274693525279596236, 0.004549387050559066704, 0.006824080575838538040, 0.009098774101118008509, 0.01819754820223585395, 0.02729632230335369766, 0.03184570935391262819, 0.03412040287919208131, 0.03525774964183180094, 0.03639509640447152750 ),
 .UNSPECIFIED. ) ;
#2809 = VERTEX_POINT ( 'NONE', #954 ) ;
#2810 = CARTESIAN_POINT ( 'NONE',  ( 73.46356201043695933, 7.756711095397923472, 84.95657772104821959 ) ) ;
#2811 = VECTOR ( 'NONE', #2732, 1000.000000000000227 ) ;
#2812 = CARTESIAN_POINT ( 'NONE',  ( 86.55854646749460812, -9.606329976683047889, 72.25010016170050164 ) ) ;
#2813 = PLANE ( 'NONE',  #914 ) ;
#2814 = CARTESIAN_POINT ( 'NONE',  ( 90.08087762921286412, -9.375042560956568849, 75.67870642886381916 ) ) ;
#2815 = CARTESIAN_POINT ( 'NONE',  ( 74.25881157512392861, 5.886820268554866509, 73.42560434535501201 ) ) ;
#2816 = CARTESIAN_POINT ( 'NONE',  ( 65.29361289802214685, 1.522582611964177879, 88.14294308760898389 ) ) ;
#2817 = CARTESIAN_POINT ( 'NONE',  ( 65.83232125918885913, -4.252087353258900748, 85.00379138521314815 ) ) ;
#2818 = VERTEX_POINT ( 'NONE', #2948 ) ;
#2819 = CARTESIAN_POINT ( 'NONE',  ( 62.99721793452643936, -3.271476243584612753, 85.92713159619201235 ) ) ;
#2820 = CARTESIAN_POINT ( 'NONE',  ( 58.97313524021499376, -2.984278266167145421, 85.06404908019582933 ) ) ;
#2821 = ORIENTED_EDGE ( 'NONE', *, *, #1964, .T. ) ;
#2822 = EDGE_CURVE ( 'NONE', #1385, #383, #2349, .T. ) ;
#2823 = CARTESIAN_POINT ( 'NONE',  ( 67.25243606074555203, 2.652735054799669978, 73.04134398462896627 ) ) ;
#2824 = DIRECTION ( 'NONE',  ( 0.9478986130028129731, -0.2136181783343416019, 0.2363376680778179195 ) ) ;
#2825 = DIRECTION ( 'NONE',  ( -0.9702957262759990265, 0.000000000000000000, -0.2419218955996572107 ) ) ;
#2826 = CARTESIAN_POINT ( 'NONE',  ( 86.22814012615103252, -9.531869691820508805, 78.35799452581576929 ) ) ;
#2827 = CARTESIAN_POINT ( 'NONE',  ( 88.61640360443823283, 3.104175318749166745, 75.61760683415263884 ) ) ;
#2828 = CARTESIAN_POINT ( 'NONE',  ( 84.32560547299955545, 5.205867744824140608, 77.46581280123608337 ) ) ;
#2829 = VERTEX_POINT ( 'NONE', #1196 ) ;
#2830 = CARTESIAN_POINT ( 'NONE',  ( 75.30959287159471671, 8.138717080354451738, 84.30532501787622834 ) ) ;
#2831 = CARTESIAN_POINT ( 'NONE',  ( 78.32092204961308823, -7.749901137341429269, 78.15113026494321957 ) ) ;
#2832 = CARTESIAN_POINT ( 'NONE',  ( 71.03569882670508662, -6.108105177004866881, 71.10405157197706671 ) ) ;
#2833 = EDGE_CURVE ( 'NONE', #1679, #1578, #3205, .T. ) ;
#2834 = AXIS2_PLACEMENT_3D ( 'NONE', #34, #2277, #848 ) ;
#2835 = CARTESIAN_POINT ( 'NONE',  ( 72.44049207142552405, 6.390479455045726453, 85.96326384530135556 ) ) ;
#2836 = CARTESIAN_POINT ( 'NONE',  ( 91.34644233332130625, -10.26337288176162943, 74.84852664626218655 ) ) ;
#2837 = VERTEX_POINT ( 'NONE', #1816 ) ;
#2838 = DIRECTION ( 'NONE',  ( 0.9271838545667906439, 0.000000000000000000, -0.3746065934159041322 ) ) ;
#2839 = DIRECTION ( 'NONE',  ( 0.9702957262759990265, 0.000000000000000000, 0.2419218955996572107 ) ) ;
#2840 = EDGE_LOOP ( 'NONE', ( #2179, #3426, #3183, #3443 ) ) ;
#2841 = ADVANCED_FACE ( 'NONE', ( #347 ), #405, .T. ) ;
#2842 = CARTESIAN_POINT ( 'NONE',  ( 71.35627982025967242, 4.920321228874362518, 71.18398139084948184 ) ) ;
#2843 = DIRECTION ( 'NONE',  ( -0.000000000000000000, -0.000000000000000000, 1.000000000000000000 ) ) ;
#2844 = LINE ( 'NONE', #2862, #2209 ) ;
#2845 = DIRECTION ( 'NONE',  ( -1.000000000000000000, 0.000000000000000000, 0.000000000000000000 ) ) ;
#2846 = CARTESIAN_POINT ( 'NONE',  ( 77.56424441702910144, -3.560293922054203808, 82.27155208417026699 ) ) ;
#2847 = ORIENTED_EDGE ( 'NONE', *, *, #3675, .T. ) ;
#2848 = CARTESIAN_POINT ( 'NONE',  ( 73.91901145314369614, 7.869753189709671304, 84.79873236263972558 ) ) ;
#2849 = VERTEX_POINT ( 'NONE', #1256 ) ;
#2850 = CARTESIAN_POINT ( 'NONE',  ( 72.50052053489953607, -6.438217006045052315, 74.88883821762789239 ) ) ;
#2851 = CARTESIAN_POINT ( 'NONE',  ( 63.08525244864065940, -2.749593459424800823, 85.01843801106871013 ) ) ;
#2852 = CALENDAR_DATE ( 2026, 4, 4 ) ;
#2853 = EDGE_CURVE ( 'NONE', #3474, #314, #2910, .T. ) ;
#2854 = CARTESIAN_POINT ( 'NONE',  ( 72.23215357742677156, 4.076942455454616976, 86.34849965204986688 ) ) ;
#2855 = DIRECTION ( 'NONE',  ( 0.000000000000000000, -1.000000000000000000, 0.000000000000000000 ) ) ;
#2856 = EDGE_LOOP ( 'NONE', ( #3213, #2575, #3527, #1361, #1720 ) ) ;
#2857 = CARTESIAN_POINT ( 'NONE',  ( 65.51334663961563365, 1.300000000000002487, 66.48763570450508098 ) ) ;
#2858 = CARTESIAN_POINT ( 'NONE',  ( 82.73577756358375268, 5.786360769829421713, 78.13543299067406167 ) ) ;
#2859 = ORIENTED_EDGE ( 'NONE', *, *, #3106, .F. ) ;
#2860 = CIRCLE ( 'NONE', #1732, 0.5000000000000004441 ) ;
#2861 = CARTESIAN_POINT ( 'NONE',  ( 65.41203549887902113, -3.499999999999999556, 75.39214641920482052 ) ) ;
#2862 = CARTESIAN_POINT ( 'NONE',  ( 65.51334663961560523, 1.299999999999998268, 75.29195464932541881 ) ) ;
#2863 = FACE_OUTER_BOUND ( 'NONE', #1019, .T. ) ;
#2864 = CARTESIAN_POINT ( 'NONE',  ( 84.71519259344476893, 6.442047806436169033, 77.07318446997675210 ) ) ;
#2865 = ORIENTED_EDGE ( 'NONE', *, *, #2523, .F. ) ;
#2866 = CARTESIAN_POINT ( 'NONE',  ( 93.01057659968897440, -8.492219559550644448, 79.64699959050399514 ) ) ;
#2867 = EDGE_LOOP ( 'NONE', ( #79, #1061, #3040, #1004 ) ) ;
#2868 = CARTESIAN_POINT ( 'NONE',  ( 69.93988125753332952, 4.248960901463326501, 82.23337099428596275 ) ) ;
#2869 = CARTESIAN_POINT ( 'NONE',  ( 64.87949246734642372, 0.7692154279695850860, 83.93042735870022852 ) ) ;
#2870 = DIRECTION ( 'NONE',  ( -0.2415631543415937277, 0.05443860796428397902, 0.9688568936780346252 ) ) ;
#2871 = ADVANCED_FACE ( 'NONE', ( #1795, #2930 ), #1225, .T. ) ;
#2872 = EDGE_CURVE ( 'NONE', #579, #3297, #2611, .T. ) ;
#2873 = CARTESIAN_POINT ( 'NONE',  ( 78.39643549716701898, -6.436312377047127775, 86.75810707410064992 ) ) ;
#2874 = CARTESIAN_POINT ( 'NONE',  ( 62.97489703560775354, -1.166666200153971600, 74.80764079956956891 ) ) ;
#2875 = CARTESIAN_POINT ( 'NONE',  ( 90.55818273766328730, -5.001118452210255860, 74.59725048120760960 ) ) ;
#2876 = CARTESIAN_POINT ( 'NONE',  ( 91.34644233332130625, -10.26337288176163298, 73.92390926586988087 ) ) ;
#2877 = DIRECTION ( 'NONE',  ( -0.5191171716793717694, 0.000000000000000000, -0.8547030841570711912 ) ) ;
#2878 = ORIENTED_EDGE ( 'NONE', *, *, #2959, .T. ) ;
#2879 = EDGE_CURVE ( 'NONE', #634, #3585, #3317, .T. ) ;
#2880 = CARTESIAN_POINT ( 'NONE',  ( 76.87085568419530546, 7.873741695490364734, 84.27730981151219680 ) ) ;
#2881 = CARTESIAN_POINT ( 'NONE',  ( 78.45777180921483307, 6.295693980168271864, 78.48984530582664831 ) ) ;
#2882 = CARTESIAN_POINT ( 'NONE',  ( 90.13918638336339484, -9.371791909589555658, 76.32070458336700369 ) ) ;
#2883 = CARTESIAN_POINT ( 'NONE',  ( 85.44705460290470000, -9.355844466852291319, 80.48275385750673649 ) ) ;
#2884 = CARTESIAN_POINT ( 'NONE',  ( 71.88976967457271883, 0.6265244554082310957, 83.05809560281596760 ) ) ;
#2885 = ORIENTED_EDGE ( 'NONE', *, *, #685, .F. ) ;
#2886 = CARTESIAN_POINT ( 'NONE',  ( 90.94452929227355753, -1.059846990575931347, 79.14943587138466796 ) ) ;
#2887 = PRODUCT_DEFINITION_SHAPE ( 'NONE', 'NONE',  #3380 ) ;
#2888 = B_SPLINE_CURVE_WITH_KNOTS ( 'NONE', 3,
 ( #671, #2699, #175, #1022 ),
 .UNSPECIFIED., .F., .F.,
 ( 4, 4 ),
 ( 0.9924769575362824003, 1.000000000000000000 ),
 .UNSPECIFIED. ) ;
#2889 = ORIENTED_EDGE ( 'NONE', *, *, #1666, .F. ) ;
#2890 = CARTESIAN_POINT ( 'NONE',  ( 67.16298946512844736, -4.084788919382583927, 87.48912965400475628 ) ) ;
#2891 = EDGE_CURVE ( 'NONE', #889, #1312, #2463, .T. ) ;
#2892 = CARTESIAN_POINT ( 'NONE',  ( 65.88099961459245435, -4.946443538884678581, 87.29139049864740230 ) ) ;
#2893 = DATE_AND_TIME ( #92, #3355 ) ;
#2894 = AXIS2_PLACEMENT_3D ( 'NONE', #225, #275, #809 ) ;
#2895 = CARTESIAN_POINT ( 'NONE',  ( 73.19561270021090138, -6.594862790834866040, 88.44585042700811073 ) ) ;
#2896 = CARTESIAN_POINT ( 'NONE',  ( 87.64717784668545164, -9.851663653616144600, 82.55300178525212118 ) ) ;
#2897 = VERTEX_POINT ( 'NONE', #3313 ) ;
#2898 = CARTESIAN_POINT ( 'NONE',  ( 64.61426862600985999, 0.5211591812067480900, 66.26347037897255632 ) ) ;
#2899 = CARTESIAN_POINT ( 'NONE',  ( 91.83911207021195366, -10.79635683098498333, 76.90678805961159981 ) ) ;
#2900 = EDGE_LOOP ( 'NONE', ( #953, #1621, #2671, #1804, #990, #3020 ) ) ;
#2901 = B_SPLINE_CURVE_WITH_KNOTS ( 'NONE', 3,
 ( #1366, #1470, #841, #3388 ),
 .UNSPECIFIED., .F., .F.,
 ( 4, 4 ),
 ( 0.000000000000000000, 0.003398368301973080791 ),
 .UNSPECIFIED. ) ;
#2902 = PLANE ( 'NONE',  #2960 ) ;
#2903 = DIRECTION ( 'NONE',  ( -0.000000000000000000, 1.000000000000000000, -0.000000000000000000 ) ) ;
#2904 = CARTESIAN_POINT ( 'NONE',  ( 77.74071508899896799, 5.136407792150077256E-14, 83.33598445016664868 ) ) ;
#2905 = EDGE_CURVE ( 'NONE', #24, #2218, #1406, .T. ) ;
#2906 = CARTESIAN_POINT ( 'NONE',  ( 67.38757028160681273, -4.435947493032654343, 85.01423510723741117 ) ) ;
#2907 = EDGE_LOOP ( 'NONE', ( #2589, #1105, #2013, #2947, #725, #3403 ) ) ;
#2908 = CYLINDRICAL_SURFACE ( 'NONE', #1660, 0.5000000000000004441 ) ;
#2909 = EDGE_LOOP ( 'NONE', ( #456, #1723, #1456, #1822 ) ) ;
#2910 = LINE ( 'NONE', #3446, #667 ) ;
#2911 = CARTESIAN_POINT ( 'NONE',  ( 60.21645319596667179, -3.669914963472484803, 87.23382009374380175 ) ) ;
#2912 = CARTESIAN_POINT ( 'NONE',  ( 61.25040641663615304, -3.902894292176238622, 89.29178521151882819 ) ) ;
#2913 = CARTESIAN_POINT ( 'NONE',  ( 87.96900443197883135, -9.924190406959445099, 83.21824281198013296 ) ) ;
#2914 = ORIENTED_EDGE ( 'NONE', *, *, #3122, .T. ) ;
#2915 = CARTESIAN_POINT ( 'NONE',  ( 66.04406371671689158, -3.198343341622454261, 84.71690233504760670 ) ) ;
#2916 = CARTESIAN_POINT ( 'NONE',  ( 84.99893843708164809, 4.425908494875034016, 77.27163698114652846 ) ) ;
#2917 = EDGE_LOOP ( 'NONE', ( #2293, #97, #949, #2660 ) ) ;
#2918 = VECTOR ( 'NONE', #965, 1000.000000000000000 ) ;
#2919 = VECTOR ( 'NONE', #2855, 1000.000000000000000 ) ;
#2920 = CARTESIAN_POINT ( 'NONE',  ( 86.55854646749462233, -12.87027948883124928, 72.25010016170050164 ) ) ;
#2921 = B_SPLINE_CURVE_WITH_KNOTS ( 'NONE', 3,
 ( #326, #2530, #1132, #3640 ),
 .UNSPECIFIED., .F., .F.,
 ( 4, 4 ),
 ( 1.398578778534940505E-17, 0.003272243509239651515 ),
 .UNSPECIFIED. ) ;
#2922 = CARTESIAN_POINT ( 'NONE',  ( 60.76542879555849908, -3.793599864980734537, 65.55983515722148525 ) ) ;
#2923 = CARTESIAN_POINT ( 'NONE',  ( 90.22436825091244827, -8.647610407104721730, 75.45075529848321594 ) ) ;
#2924 = CARTESIAN_POINT ( 'NONE',  ( 59.87430619141368027, -1.744150776235389388, 84.92669113852730334 ) ) ;
#2925 = VERTEX_POINT ( 'NONE', #1484 ) ;
#2926 = CARTESIAN_POINT ( 'NONE',  ( 91.16232184031399299, -0.9454931255122560607, 79.00438592162674922 ) ) ;
#2927 = CARTESIAN_POINT ( 'NONE',  ( 92.38917760922180378, -5.332850630157410343, 79.28003434394277349 ) ) ;
#2928 = ADVANCED_FACE ( 'NONE', ( #337 ), #1207, .T. ) ;
#2929 = VERTEX_POINT ( 'NONE', #2279 ) ;
#2930 = FACE_OUTER_BOUND ( 'NONE', #588, .T. ) ;
#2931 = CARTESIAN_POINT ( 'NONE',  ( 62.98695989057051747, -1.146082201440435711, 84.84974689653317625 ) ) ;
#2932 = CARTESIAN_POINT ( 'NONE',  ( 59.27633020657629714, -3.236145033068326349, 89.11811667485386579 ) ) ;
#2933 = CARTESIAN_POINT ( 'NONE',  ( 91.86359140601356899, -10.12704034945087450, 80.72212235643469569 ) ) ;
#2934 = CARTESIAN_POINT ( 'NONE',  ( 90.11561885396902483, -3.599376998336397904, 74.69571359504919883 ) ) ;
#2935 = DIRECTION ( 'NONE',  ( -0.000000000000000000, 1.000000000000000000, -0.000000000000000000 ) ) ;
#2936 = ORIENTED_EDGE ( 'NONE', *, *, #3507, .T. ) ;
#2937 = EDGE_CURVE ( 'NONE', #596, #3535, #2844, .T. ) ;
#2938 = CARTESIAN_POINT ( 'NONE',  ( 74.14130581285544963, 1.175690488960663416, 84.31462917983381544 ) ) ;
#2939 = DIRECTION ( 'NONE',  ( 0.3746065934159172883, 0.000000000000000000, 0.9271838545667853149 ) ) ;
#2940 = FACE_OUTER_BOUND ( 'NONE', #2867, .T. ) ;
#2941 = CARTESIAN_POINT ( 'NONE',  ( 61.16006806497165371, -3.062932693829539144, 85.11727631453354093 ) ) ;
#2942 = CARTESIAN_POINT ( 'NONE',  ( 73.33078183130088235, -6.625324470119235976, 86.44228011554496049 ) ) ;
#2943 = EDGE_LOOP ( 'NONE', ( #30, #21, #346, #940 ) ) ;
#2944 = CARTESIAN_POINT ( 'NONE',  ( 65.41203549886695612, 1.214927472071144932, 72.89214641920483473 ) ) ;
#2945 = CARTESIAN_POINT ( 'NONE',  ( 91.90537265120134691, -10.05067652216103546, 80.68961015654527102 ) ) ;
#2946 = CARTESIAN_POINT ( 'NONE',  ( 82.45476807654547713, -4.974013397192611485, 80.60552626552969002 ) ) ;
#2947 = ORIENTED_EDGE ( 'NONE', *, *, #3051, .F. ) ;
#2948 = CARTESIAN_POINT ( 'NONE',  ( 68.53913238393349161, -5.545479630053113063, 82.10322982548110815 ) ) ;
#2949 = PLANE ( 'NONE',  #73 ) ;
#2950 = CARTESIAN_POINT ( 'NONE',  ( 58.56980505994574315, -3.298794686161497403, 89.09999999999999432 ) ) ;
#2951 = CARTESIAN_POINT ( 'NONE',  ( 66.06773102071639414, -3.890195651989409864, 86.71932607728008691 ) ) ;
#2952 = ORIENTED_EDGE ( 'NONE', *, *, #3259, .F. ) ;
#2953 = CARTESIAN_POINT ( 'NONE',  ( 90.05417505527066169, -9.369024876022626458, 75.36584019704052650 ) ) ;
#2954 = VERTEX_POINT ( 'NONE', #81 ) ;
#2955 = CIRCLE ( 'NONE', #1051, 0.5000000000000004441 ) ;
#2956 = CARTESIAN_POINT ( 'NONE',  ( 88.31880137424212762, -8.977941526616289636, 77.79650191027165818 ) ) ;
#2957 = CARTESIAN_POINT ( 'NONE',  ( 83.34778806306700005, 4.891044643327314034, 74.17380019210627040 ) ) ;
#2958 = CARTESIAN_POINT ( 'NONE',  ( 70.79568386742131736, -6.054015469868067711, 84.35155678312497685 ) ) ;
#2959 = EDGE_CURVE ( 'NONE', #2405, #1328, #683, .T. ) ;
#2960 = AXIS2_PLACEMENT_3D ( 'NONE', #1387, #1142, #3664 ) ;
#2961 = CARTESIAN_POINT ( 'NONE',  ( 58.56980505994575736, -3.298794686161497403, 85.09999999999999432 ) ) ;
#2962 = ORIENTED_EDGE ( 'NONE', *, *, #3396, .F. ) ;
#2963 = CARTESIAN_POINT ( 'NONE',  ( 89.53289066032088783, -2.220880961853943347, 72.47638064439108518 ) ) ;
#2964 = CARTESIAN_POINT ( 'NONE',  ( 83.54452859645053309, -5.400801944171987223, 84.19919286512204337 ) ) ;
#2965 = ORIENTED_EDGE ( 'NONE', *, *, #1092, .F. ) ;
#2966 = CARTESIAN_POINT ( 'NONE',  ( 74.47510236497578262, -1.013397240712961445, 85.28185484528847837 ) ) ;
#2967 = FACE_OUTER_BOUND ( 'NONE', #342, .T. ) ;
#2968 = APPROVAL_ROLE ( '' ) ;
#2969 = CARTESIAN_POINT ( 'NONE',  ( 61.55682615019023274, -0.4977585275588531921, 88.72927741093599252 ) ) ;
#2970 = CARTESIAN_POINT ( 'NONE',  ( 66.13472154343412512, -3.666707324323151163, 86.90470447740565874 ) ) ;
#2971 = LINE ( 'NONE', #2412, #94 ) ;
#2972 = CARTESIAN_POINT ( 'NONE',  ( 93.34578095819398413, -10.51695177618849897, 75.81672982608517941 ) ) ;
#2973 = ADVANCED_FACE ( 'NONE', ( #1144 ), #2203, .F. ) ;
#2974 = VERTEX_POINT ( 'NONE', #1464 ) ;
#2975 = CARTESIAN_POINT ( 'NONE',  ( 89.99155406287977144, -9.354912625906990797, 79.78245708426338467 ) ) ;
#2976 = DIRECTION ( 'NONE',  ( 0.9271838545667853149, 0.000000000000000000, -0.3746065934159172883 ) ) ;
#2977 = CARTESIAN_POINT ( 'NONE',  ( 73.81438125492559266, -0.5958909038797975954, 84.77575555116821704 ) ) ;
#2978 = CARTESIAN_POINT ( 'NONE',  ( 60.59692661917452483, -1.676461855574822080, 84.88887751503713730 ) ) ;
#2979 = CARTESIAN_POINT ( 'NONE',  ( 93.32692249335993040, -11.13164939067811154, 75.89999999999888303 ) ) ;
#2980 = ORIENTED_EDGE ( 'NONE', *, *, #3090, .T. ) ;
#2981 = CARTESIAN_POINT ( 'NONE',  ( 62.84974896768878949, -3.921628632232013967, 85.33763025948294967 ) ) ;
#2982 = CARTESIAN_POINT ( 'NONE',  ( 87.80089446392832997, -4.243133903660003092, 81.63355778145778174 ) ) ;
#2983 = ORIENTED_EDGE ( 'NONE', *, *, #1666, .T. ) ;
#2984 = CARTESIAN_POINT ( 'NONE',  ( 92.21945846825008175, -10.04967904810941803, 78.44293023909241924 ) ) ;
#2985 = CARTESIAN_POINT ( 'NONE',  ( 62.47426982334211942, 1.236185872438235522, 87.99018600571893955 ) ) ;
#2986 = CARTESIAN_POINT ( 'NONE',  ( 82.61508947866613539, -8.016048291705484274, 85.54534607991242012 ) ) ;
#2987 = CARTESIAN_POINT ( 'NONE',  ( 59.23095439213054192, -2.599793684747070177, 89.02183622557213027 ) ) ;
#2988 = CARTESIAN_POINT ( 'NONE',  ( 64.50839040154879456, -4.637112693121117069, 88.71367961463764118 ) ) ;
#2989 = CARTESIAN_POINT ( 'NONE',  ( 84.30132097300518978, 4.313864986826778214, 76.98079136327355343 ) ) ;
#2990 = CARTESIAN_POINT ( 'NONE',  ( 59.78057780518668096, -1.855851917246446048, 88.45857456309632028 ) ) ;
#2991 = B_SPLINE_CURVE_WITH_KNOTS ( 'NONE', 3,
 ( #1685, #278, #1405, #2261 ),
 .UNSPECIFIED., .F., .F.,
 ( 4, 4 ),
 ( 0.0002795318775057902710, 0.01485265790055775165 ),
 .UNSPECIFIED. ) ;
#2992 = EDGE_CURVE ( 'NONE', #2401, #2541, #628, .T. ) ;
#2993 = VERTEX_POINT ( 'NONE', #927 ) ;
#2994 = FACE_OUTER_BOUND ( 'NONE', #322, .T. ) ;
#2995 = CARTESIAN_POINT ( 'NONE',  ( 61.14692972212678512, -0.2274971115271960109, 88.23262536388644151 ) ) ;
#2996 = EDGE_CURVE ( 'NONE', #2925, #3117, #3100, .T. ) ;
#2997 = CARTESIAN_POINT ( 'NONE',  ( 87.44455444897830887, -8.021152140644899120, 77.30163110925678893 ) ) ;
#2998 = VECTOR ( 'NONE', #1534, 1000.000000000000000 ) ;
#2999 = CARTESIAN_POINT ( 'NONE',  ( 60.73483419446170473, -3.568265638639573911, 85.22034710405658586 ) ) ;
#3000 = CARTESIAN_POINT ( 'NONE',  ( 93.32692249335993040, -11.13164939067811154, 75.89999999999888303 ) ) ;
#3001 = VERTEX_POINT ( 'NONE', #850 ) ;
#3002 = CARTESIAN_POINT ( 'NONE',  ( 63.07848412150605810, -2.783277554148286814, 85.02761158185107604 ) ) ;
#3003 = EDGE_CURVE ( 'NONE', #1214, #3345, #3418, .T. ) ;
#3004 = EDGE_LOOP ( 'NONE', ( #2111, #735, #519 ) ) ;
#3005 = CARTESIAN_POINT ( 'NONE',  ( 87.55690376714477452, -8.592934396924560403, 79.99117727599931982 ) ) ;
#3006 = CARTESIAN_POINT ( 'NONE',  ( 67.77168358329718956, 4.750951455587713923, 87.32308025861900092 ) ) ;
#3007 = CARTESIAN_POINT ( 'NONE',  ( 92.73589708255336461, -10.99845606190469383, 79.63666520456727937 ) ) ;
#3008 = EDGE_CURVE ( 'NONE', #1214, #1224, #1707, .T. ) ;
#3009 = CARTESIAN_POINT ( 'NONE',  ( 61.14692972212679933, -0.2274971115271860467, 88.23262536388642729 ) ) ;
#3010 = CARTESIAN_POINT ( 'NONE',  ( 70.60052053489955881, -3.500000000000000000, 76.78883821762789808 ) ) ;
#3011 = CARTESIAN_POINT ( 'NONE',  ( 80.98572941632565403, 5.876733638526542514, 78.30733577278212465 ) ) ;
#3012 = DIRECTION ( 'NONE',  ( -0.9271838545667874243, 0.000000000000000000, 0.3746065934159119593 ) ) ;
#3013 = CARTESIAN_POINT ( 'NONE',  ( 77.85680404640926611, 8.397171352784241094, 83.57888929574230019 ) ) ;
#3014 = LOCAL_TIME ( 19, 36, 11.00000000000000000, #2592 ) ;
#3015 = CARTESIAN_POINT ( 'NONE',  ( 92.80023279917625700, -5.608605656322057875, 78.83274110089757869 ) ) ;
#3016 = CARTESIAN_POINT ( 'NONE',  ( 59.09736733651919138, -2.670070447756103249, 85.03257094275362249 ) ) ;
#3017 = EDGE_CURVE ( 'NONE', #1679, #596, #357, .T. ) ;
#3018 = CARTESIAN_POINT ( 'NONE',  ( 87.66910453484230459, 3.708273447939324452, 80.01655228704304079 ) ) ;
#3019 = CARTESIAN_POINT ( 'NONE',  ( 93.28045792070588504, -7.986307751480237194, 75.40731253178742577 ) ) ;
#3020 = ORIENTED_EDGE ( 'NONE', *, *, #3342, .T. ) ;
#3021 = CARTESIAN_POINT ( 'NONE',  ( 90.61484496596703764, -5.127604958530876722, 72.74614215058544175 ) ) ;
#3022 = EDGE_CURVE ( 'NONE', #1121, #250, #2860, .T. ) ;
#3023 = ORIENTED_EDGE ( 'NONE', *, *, #1587, .T. ) ;
#3024 = CARTESIAN_POINT ( 'NONE',  ( 73.99895828369999151, -4.539691018398990252, 86.29273187858886729 ) ) ;
#3025 = CARTESIAN_POINT ( 'NONE',  ( 67.50774624563453585, 5.184459046234212387, 87.33052879046360317 ) ) ;
#3026 = VECTOR ( 'NONE', #1846, 1000.000000000000227 ) ;
#3027 = CARTESIAN_POINT ( 'NONE',  ( 70.12371085676146265, 4.905482904495592322, 82.77266269493298978 ) ) ;
#3028 = CARTESIAN_POINT ( 'NONE',  ( 84.06025420803942438, -9.043315500132644402, 83.12547540290968584 ) ) ;
#3029 = CARTESIAN_POINT ( 'NONE',  ( 60.20488396146028265, -3.062157681963380007, 89.11056342298066113 ) ) ;
#3030 = CARTESIAN_POINT ( 'NONE',  ( 74.61512652658299771, -6.914764047730669994, 71.99650313170920413 ) ) ;
#3031 = CARTESIAN_POINT ( 'NONE',  ( 72.55194315395955584, 5.989999738789534511, 84.01123359238575006 ) ) ;
#3032 = CARTESIAN_POINT ( 'NONE',  ( 83.36885485837615306, 7.146811309191044792, 81.35487034203930534 ) ) ;
#3033 = CARTESIAN_POINT ( 'NONE',  ( 90.69694946206078612, -0.03345890418808505906, 78.78781485888175951 ) ) ;
#3034 = CARTESIAN_POINT ( 'NONE',  ( 90.20808231234155983, -28.52161186803886039, 78.72057616728736207 ) ) ;
#3035 = B_SPLINE_CURVE_WITH_KNOTS ( 'NONE', 3,
 ( #2232, #3378, #3101, #3344, #2826, #1375 ),
 .UNSPECIFIED., .F., .F.,
 ( 4, 2, 4 ),
 ( 0.01989416200052785896, 0.02524449498214379264, 0.02841211467806777774 ),
 .UNSPECIFIED. ) ;
#3036 = CARTESIAN_POINT ( 'NONE',  ( 81.81651424223908009, 7.324249938140380500, 82.30789991630868485 ) ) ;
#3037 = CARTESIAN_POINT ( 'NONE',  ( 93.32692249335993040, -11.13164939067811510, 75.89999999999888303 ) ) ;
#3038 = VERTEX_POINT ( 'NONE', #1163 ) ;
#3039 = CARTESIAN_POINT ( 'NONE',  ( 78.70878580472069075, 6.283466144628444994, 77.99442313582879649 ) ) ;
#3040 = ORIENTED_EDGE ( 'NONE', *, *, #892, .T. ) ;
#3041 = CARTESIAN_POINT ( 'NONE',  ( 86.31275582910504340, -9.712469785679045842, 82.65399618080752475 ) ) ;
#3042 = CARTESIAN_POINT ( 'NONE',  ( 65.80062258146350018, 4.055190958236800647, 87.25489674580671817 ) ) ;
#3043 = CARTESIAN_POINT ( 'NONE',  ( 64.90178216293504931, 1.461890608348131559, 84.20404544847997386 ) ) ;
#3044 = AXIS2_PLACEMENT_3D ( 'NONE', #660, #1215, #366 ) ;
#3045 = CARTESIAN_POINT ( 'NONE',  ( 67.44419033448382095, -5.298723782138056393, 88.55572524024296399 ) ) ;
#3046 = LINE ( 'NONE', #498, #1877 ) ;
#3047 = CARTESIAN_POINT ( 'NONE',  ( 88.18377291637632709, 1.279125870026844636, 76.18039552136447412 ) ) ;
#3048 = SPHERICAL_SURFACE ( 'NONE', #2147, 0.5000000000000000000 ) ;
#3049 = CARTESIAN_POINT ( 'NONE',  ( 74.91820551759562363, 8.074391592612968793, 84.44593465903811591 ) ) ;
#3050 = CARTESIAN_POINT ( 'NONE',  ( 76.40176323921157575, 22.75457913092904150, 76.55879833974131543 ) ) ;
#3051 = EDGE_CURVE ( 'NONE', #2726, #681, #1612, .T. ) ;
#3052 = FACE_OUTER_BOUND ( 'NONE', #2917, .T. ) ;
#3053 = CARTESIAN_POINT ( 'NONE',  ( 60.96542879555850192, 10.00000000000000000, 65.55983515722148525 ) ) ;
#3054 = DIRECTION ( 'NONE',  ( -0.2419218955996641218, 0.000000000000000000, 0.9702957262759973611 ) ) ;
#3055 = ORIENTED_EDGE ( 'NONE', *, *, #3517, .F. ) ;
#3056 = CARTESIAN_POINT ( 'NONE',  ( 85.62322920968416895, 5.827412619220251777, 80.36408967251145441 ) ) ;
#3057 = CARTESIAN_POINT ( 'NONE',  ( 60.10460387817655459, -3.644676538041057068, 88.61970539653169965 ) ) ;
#3058 = CARTESIAN_POINT ( 'NONE',  ( 85.48701115168698550, 3.798660359472574743, 65.73416240211768979 ) ) ;
#3059 = CARTESIAN_POINT ( 'NONE',  ( 63.51541706824699673, 0.2615704520178691594, 86.52976192924879228 ) ) ;
#3060 = DIRECTION ( 'NONE',  ( -0.000000000000000000, -0.000000000000000000, 1.000000000000000000 ) ) ;
#3061 = DIRECTION ( 'NONE',  ( -0.9271838545667868692, 0.000000000000000000, 0.3746065934159131250 ) ) ;
#3062 = CARTESIAN_POINT ( 'NONE',  ( 91.63733849728721736, -1.861431781149036180, 74.92777093004072242 ) ) ;
#3063 = CARTESIAN_POINT ( 'NONE',  ( 59.09736733651919138, -2.670070447756103249, 85.03257094275362249 ) ) ;
#3064 = AXIS2_PLACEMENT_3D ( 'NONE', #3091, #48, #3132 ) ;
#3065 = CARTESIAN_POINT ( 'NONE',  ( 88.85068821274138884, -7.453428120098050336, 79.96408651948040358 ) ) ;
#3066 = CARTESIAN_POINT ( 'NONE',  ( 79.40648789303652677, 6.734157393507344658, 81.44918560838908661 ) ) ;
#3067 = DIRECTION ( 'NONE',  ( -0.9718223404842120106, 0.2190096231718909048, 0.08715574274765042206 ) ) ;
#3068 = AXIS2_PLACEMENT_3D ( 'NONE', #1402, #54, #1204 ) ;
#3069 = ORIENTED_EDGE ( 'NONE', *, *, #858, .F. ) ;
#3070 = CARTESIAN_POINT ( 'NONE',  ( 83.57383405611942351, 7.029278764334429219, 81.14820576868477531 ) ) ;
#3071 = EDGE_CURVE ( 'NONE', #1341, #2925, #1131, .T. ) ;
#3072 = CARTESIAN_POINT ( 'NONE',  ( 87.41926617722739934, -9.800301540654963617, 81.49039848950845055 ) ) ;
#3073 = DIRECTION ( 'NONE',  ( -0.2419218955996693676, 0.000000000000000000, 0.9702957262759961399 ) ) ;
#3074 = CARTESIAN_POINT ( 'NONE',  ( 66.78668445643464224, -5.150548433018412808, 85.05981116936894182 ) ) ;
#3075 = PLANE ( 'NONE',  #1837 ) ;
#3076 = B_SPLINE_CURVE_WITH_KNOTS ( 'NONE', 3,
 ( #3098, #884, #1162, #2823, #865, #315 ),
 .UNSPECIFIED., .F., .F.,
 ( 4, 2, 4 ),
 ( 1.514782153580211930E-17, 0.003077745966561477343, 0.006155491933122939074 ),
 .UNSPECIFIED. ) ;
#3077 = CARTESIAN_POINT ( 'NONE',  ( 87.35314075238633791, -8.760320506709302180, 78.38350392264916877 ) ) ;
#3078 = CARTESIAN_POINT ( 'NONE',  ( 77.71238989741408432, 8.346725076413946454, 83.41949179135355052 ) ) ;
#3079 = CARTESIAN_POINT ( 'NONE',  ( 71.78042812865932376, 23.79604197753717543, 77.37552593746103469 ) ) ;
#3080 = ORIENTED_EDGE ( 'NONE', *, *, #3675, .F. ) ;
#3081 = CARTESIAN_POINT ( 'NONE',  ( 92.55344251522298293, -5.639254921135934850, 79.26332479663028607 ) ) ;
#3082 = DIRECTION ( 'NONE',  ( 0.000000000000000000, 1.000000000000000000, 0.000000000000000000 ) ) ;
#3083 = ORIENTED_EDGE ( 'NONE', *, *, #3665, .T. ) ;
#3084 = CARTESIAN_POINT ( 'NONE',  ( 75.46543814893577462, 8.162523951125297828, 84.74085777177977263 ) ) ;
#3085 = VECTOR ( 'NONE', #3054, 1000.000000000000114 ) ;
#3086 = VECTOR ( 'NONE', #3671, 1000.000000000000227 ) ;
#3087 = AXIS2_PLACEMENT_3D ( 'NONE', #800, #3082, #1407 ) ;
#3088 = CARTESIAN_POINT ( 'NONE',  ( 59.13884917343194303, -2.620634319589330019, 85.02710217273876481 ) ) ;
#3089 = DIRECTION ( 'NONE',  ( 0.000000000000000000, 0.000000000000000000, 1.000000000000000000 ) ) ;
#3090 = EDGE_CURVE ( 'NONE', #3144, #2510, #529, .T. ) ;
#3091 = CARTESIAN_POINT ( 'NONE',  ( 0.000000000000000000, 0.000000000000000000, 0.000000000000000000 ) ) ;
#3092 = CARTESIAN_POINT ( 'NONE',  ( 63.04639297112192509, -3.282558316701894796, 85.92440153882492382 ) ) ;
#3093 = CARTESIAN_POINT ( 'NONE',  ( 87.03580542648748519, -7.929036603193165611, 77.55246375737912956 ) ) ;
#3094 = VERTEX_POINT ( 'NONE', #609 ) ;
#3095 = FACE_OUTER_BOUND ( 'NONE', #365, .T. ) ;
#3096 = CARTESIAN_POINT ( 'NONE',  ( 89.39140164778658004, 19.82723768744005355, 71.28407825352886107 ) ) ;
#3097 =( BOUNDED_CURVE ( )  B_SPLINE_CURVE ( 3, ( #3195, #2338, #1483, #1805 ),
 .UNSPECIFIED., .F., .T. ) 
 B_SPLINE_CURVE_WITH_KNOTS ( ( 4, 4 ),
 ( 2.356194490190610669, 4.468042885107864848 ),
 .UNSPECIFIED. ) 
 CURVE ( )  GEOMETRIC_REPRESENTATION_ITEM ( )  RATIONAL_B_SPLINE_CURVE ( ( 1.000000000000000000, 0.6616157067344508036, 0.6616157067344508036, 1.000000000000000000 ) ) 
 REPRESENTATION_ITEM ( '' )  );
#3098 = CARTESIAN_POINT ( 'NONE',  ( 70.81495957821825016, 4.675698861493594372, 73.34805201710796041 ) ) ;
#3099 = CARTESIAN_POINT ( 'NONE',  ( 65.41203549886695612, 1.214927472071144932, 72.89214641920483473 ) ) ;
#3100 = LINE ( 'NONE', #279, #2385 ) ;
#3101 = CARTESIAN_POINT ( 'NONE',  ( 82.89201226698770597, -8.780040808227488114, 80.17772838762115839 ) ) ;
#3102 = CARTESIAN_POINT ( 'NONE',  ( 87.35746983602551552, 0.05242376950386797019, 76.88379525444645424 ) ) ;
#3103 = CARTESIAN_POINT ( 'NONE',  ( 82.29089039590043342, 3.324701159956279461, 78.76422186162839978 ) ) ;
#3104 = VERTEX_POINT ( 'NONE', #155 ) ;
#3105 = CARTESIAN_POINT ( 'NONE',  ( 79.50355223006091876, 8.212299985600601815, 82.73367953406270203 ) ) ;
#3106 = EDGE_CURVE ( 'NONE', #3104, #1312, #2259, .T. ) ;
#3107 = VECTOR ( 'NONE', #1673, 1000.000000000000114 ) ;
#3108 = CARTESIAN_POINT ( 'NONE',  ( 69.69811220214197078, 4.122496593092538575, 81.63497158371121998 ) ) ;
#3109 = DIRECTION ( 'NONE',  ( 0.000000000000000000, -1.000000000000000000, 0.000000000000000000 ) ) ;
#3110 = PERSON_AND_ORGANIZATION_ROLE ( 'creator' ) ;
#3111 = CC_DESIGN_PERSON_AND_ORGANIZATION_ASSIGNMENT ( #391, #1240, ( #1824 ) ) ;
#3112 = CARTESIAN_POINT ( 'NONE',  ( 67.51307277128975670, 2.583258195372404753, 87.64806005337952399 ) ) ;
#3113 = LINE ( 'NONE', #310, #2919 ) ;
#3114 = EDGE_LOOP ( 'NONE', ( #2436, #210, #2521, #3494 ) ) ;
#3115 = CARTESIAN_POINT ( 'NONE',  ( 90.46633207753710337, -8.901302642887136685, 78.78624283030120523 ) ) ;
#3116 = CARTESIAN_POINT ( 'NONE',  ( 88.62888020225408070, 0.4772155636102958787, 76.11581507404153513 ) ) ;
#3117 = VERTEX_POINT ( 'NONE', #2922 ) ;
#3118 = DIRECTION ( 'NONE',  ( -0.000000000000000000, -1.000000000000000000, -0.000000000000000000 ) ) ;
#3119 = DIRECTION ( 'NONE',  ( -0.9755345439459625068, 0.2198462043523674025, 0.000000000000000000 ) ) ;
#3120 = CARTESIAN_POINT ( 'NONE',  ( 65.22188085213693398, -3.152161464120926126, 86.97166024092580017 ) ) ;
#3121 = CARTESIAN_POINT ( 'NONE',  ( 90.13383043053789834, -9.304614702680458649, 76.09217702163199704 ) ) ;
#3122 = EDGE_CURVE ( 'NONE', #3497, #934, #1825, .T. ) ;
#3123 =( BOUNDED_CURVE ( )  B_SPLINE_CURVE ( 3, ( #1352, #203, #2783, #3573 ),
 .UNSPECIFIED., .F., .F. ) 
 B_SPLINE_CURVE_WITH_KNOTS ( ( 4, 4 ),
 ( 4.712388980384689674, 4.956735075663760703 ),
 .UNSPECIFIED. ) 
 CURVE ( )  GEOMETRIC_REPRESENTATION_ITEM ( )  RATIONAL_B_SPLINE_CURVE ( ( 1.000000000000000000, 0.9950307677608868362, 0.9950307677608868362, 1.000000000000000000 ) ) 
 REPRESENTATION_ITEM ( '' )  );
#3124 = B_SPLINE_CURVE_WITH_KNOTS ( 'NONE', 3,
 ( #11, #2874, #331, #1455, #1678, #1984, #2555, #2801, #2003, #1418, #548, #3134, #1400, #257 ),
 .UNSPECIFIED., .F., .F.,
 ( 4, 2, 2, 2, 2, 2, 4 ),
 ( 0.005115566826944674406, 0.005651989434063425452, 0.006188412041182177366, 0.007261257255419709816, 0.008334102469657243134, 0.008870525076776028875, 0.009406947683894814616 ),
 .UNSPECIFIED. ) ;
#3125 = CARTESIAN_POINT ( 'NONE',  ( 72.53354490673667954, 7.548740040877875757, 81.79703496081505421 ) ) ;
#3126 = ORIENTED_EDGE ( 'NONE', *, *, #444, .T. ) ;
#3127 = CARTESIAN_POINT ( 'NONE',  ( 75.09062235295741061, 7.631622270561860155, 84.94265104298439439 ) ) ;
#3128 = ADVANCED_FACE ( 'NONE', ( #3269 ), #102, .F. ) ;
#3129 = AXIS2_PLACEMENT_3D ( 'NONE', #3229, #3475, #135 ) ;
#3130 = CARTESIAN_POINT ( 'NONE',  ( 61.01381317467843246, -1.199999999999996181, 65.36577601196628962 ) ) ;
#3131 = CARTESIAN_POINT ( 'NONE',  ( 91.28224915469756695, -8.425305872208834757, 65.73416240211768979 ) ) ;
#3132 = DIRECTION ( 'NONE',  ( 1.000000000000000000, 0.000000000000000000, 0.000000000000000000 ) ) ;
#3133 = CARTESIAN_POINT ( 'NONE',  ( 63.34353645511417596, -2.872743713500303997, 89.04367729330077452 ) ) ;
#3134 = CARTESIAN_POINT ( 'NONE',  ( 65.14088358933122436, 0.9834440474318077996, 72.90320932141901267 ) ) ;
#3135 = ORIENTED_EDGE ( 'NONE', *, *, #3650, .T. ) ;
#3136 = CARTESIAN_POINT ( 'NONE',  ( 66.00169843271345371, -3.948565166450272113, 85.67505879511453770 ) ) ;
#3137 = CARTESIAN_POINT ( 'NONE',  ( 59.48038955807699324, -2.991464252601486074, 88.57101345230911704 ) ) ;
#3138 = ORIENTED_EDGE ( 'NONE', *, *, #2905, .T. ) ;
#3139 = CARTESIAN_POINT ( 'NONE',  ( 67.34926379824763387, 4.488179889092171138, 87.43866116812829148 ) ) ;
#3140 = CARTESIAN_POINT ( 'NONE',  ( 58.56980505994575736, -3.298794686161497403, 85.09999999999999432 ) ) ;
#3141 = CARTESIAN_POINT ( 'NONE',  ( 59.48038955807696482, -2.991464252601416351, 88.57101345230677225 ) ) ;
#3142 = CARTESIAN_POINT ( 'NONE',  ( 63.04639297112192509, -3.282558316701894796, 85.92440153882492382 ) ) ;
#3143 = CARTESIAN_POINT ( 'NONE',  ( 81.33807942457721651, -4.580561689028828098, 81.00926709843049878 ) ) ;
#3144 = VERTEX_POINT ( 'NONE', #3519 ) ;
#3145 = EDGE_CURVE ( 'NONE', #772, #1160, #3194, .T. ) ;
#3146 = CARTESIAN_POINT ( 'NONE',  ( 86.01562311981329856, 5.539604989415308545, 80.21791348975349933 ) ) ;
#3147 = EDGE_LOOP ( 'NONE', ( #1491, #1095, #472, #594 ) ) ;
#3148 = CARTESIAN_POINT ( 'NONE',  ( 87.16465527843244843, -9.742922496483000572, 71.88591324636233537 ) ) ;
#3149 = EDGE_CURVE ( 'NONE', #1376, #1850, #1506, .T. ) ;
#3150 = CARTESIAN_POINT ( 'NONE',  ( 62.98695989057051747, -1.146082201440435711, 65.73416240211768979 ) ) ;
#3151 = CARTESIAN_POINT ( 'NONE',  ( 66.02671217841947282, -3.954202257503840023, 86.42278836265653297 ) ) ;
#3152 = CARTESIAN_POINT ( 'NONE',  ( 73.66089928378954710, -2.959424118972664886, 87.37715881118515426 ) ) ;
#3153 = CARTESIAN_POINT ( 'NONE',  ( 65.99537832000969217, -3.440628016460921312, 84.78286607971955391 ) ) ;
#3154 = ORIENTED_EDGE ( 'NONE', *, *, #2389, .F. ) ;
#3155 = CARTESIAN_POINT ( 'NONE',  ( 72.14632444423131119, 1.300000000000000711, 68.92213225792613684 ) ) ;
#3156 = PLANE ( 'NONE',  #3068 ) ;
#3157 = ORIENTED_EDGE ( 'NONE', *, *, #2120, .T. ) ;
#3158 = CARTESIAN_POINT ( 'NONE',  ( 63.22045543624736297, 1.265097634381770808, 88.41730083044548394 ) ) ;
#3159 = DIRECTION ( 'NONE',  ( 1.000000000000000000, 0.000000000000000000, 0.000000000000000000 ) ) ;
#3160 = DIRECTION ( 'NONE',  ( 1.000000000000000000, 0.000000000000000000, 0.000000000000000000 ) ) ;
#3161 = CARTESIAN_POINT ( 'NONE',  ( 91.06924148730197999, -7.607841907980303020, 76.59121020206953290 ) ) ;
#3162 = EDGE_CURVE ( 'NONE', #1936, #273, #452, .T. ) ;
#3163 = CARTESIAN_POINT ( 'NONE',  ( 71.55432652774275937, -2.793094981240366703, 83.87275051868367370 ) ) ;
#3164 = ORIENTED_EDGE ( 'NONE', *, *, #481, .T. ) ;
#3165 = DIRECTION ( 'NONE',  ( -0.5343523493902516686, 0.8452618332215873220, 0.000000000000000000 ) ) ;
#3166 = CARTESIAN_POINT ( 'NONE',  ( 65.96326386852801704, -3.939903563327601610, 85.67938311362478032 ) ) ;
#3167 = ORIENTED_EDGE ( 'NONE', *, *, #1040, .F. ) ;
#3168 = CARTESIAN_POINT ( 'NONE',  ( 70.60052053489955881, -3.500000000000000000, 75.83883821762789523 ) ) ;
#3169 = DIRECTION ( 'NONE',  ( 0.000000000000000000, -1.000000000000000000, 0.000000000000000000 ) ) ;
#3170 = CARTESIAN_POINT ( 'NONE',  ( 76.46399882567000361, 0.6132327333839378003, 85.69395637028320323 ) ) ;
#3171 = CARTESIAN_POINT ( 'NONE',  ( 91.51438142698400213, -10.72317561991896717, 81.11347048366567947 ) ) ;
#3172 = VERTEX_POINT ( 'NONE', #2680 ) ;
#3173 = CARTESIAN_POINT ( 'NONE',  ( 65.07434373922981763, -2.979807535419074949, 84.82603433687144445 ) ) ;
#3174 = CARTESIAN_POINT ( 'NONE',  ( 79.40499503150024907, 6.201175431025584217, 77.49747109736337336 ) ) ;
#3175 = ORIENTED_EDGE ( 'NONE', *, *, #771, .T. ) ;
#3176 = CARTESIAN_POINT ( 'NONE',  ( 64.28036850368071953, 2.239437804389472042, 88.19643244567940599 ) ) ;
#3177 = DIRECTION ( 'NONE',  ( 0.000000000000000000, 0.000000000000000000, 1.000000000000000000 ) ) ;
#3178 = CARTESIAN_POINT ( 'NONE',  ( 86.64692466871916565, -6.830953919187933820, 78.98649587204890565 ) ) ;
#3179 = CARTESIAN_POINT ( 'NONE',  ( 85.98507779123997352, 5.586722070452992739, 76.57333065721175558 ) ) ;
#3180 = ORIENTED_EDGE ( 'NONE', *, *, #3149, .F. ) ;
#3181 = CARTESIAN_POINT ( 'NONE',  ( 91.74378757263094997, -2.306841380377483652, 78.68758899821884256 ) ) ;
#3182 = CARTESIAN_POINT ( 'NONE',  ( 83.54452859645053309, -5.400801944171987223, 80.19919286512204337 ) ) ;
#3183 = ORIENTED_EDGE ( 'NONE', *, *, #183, .T. ) ;
#3184 = CARTESIAN_POINT ( 'NONE',  ( 69.32755262207187741, 9.259456143059233924, 84.80777744067613355 ) ) ;
#3185 = EDGE_CURVE ( 'NONE', #1385, #100, #1228, .T. ) ;
#3186 = CARTESIAN_POINT ( 'NONE',  ( 62.71511110779744058, -1.470058964952612790, 84.84974689653317625 ) ) ;
#3187 = CIRCLE ( 'NONE', #810, 0.5000000000000011102 ) ;
#3188 = CARTESIAN_POINT ( 'NONE',  ( 58.79998974263867240, -3.198740892088987930, 89.09190590019544231 ) ) ;
#3189 = CARTESIAN_POINT ( 'NONE',  ( 65.41203549887902113, -14.08234068259056926, 75.39214641920482052 ) ) ;
#3190 = ORIENTED_EDGE ( 'NONE', *, *, #1943, .T. ) ;
#3191 = DIRECTION ( 'NONE',  ( 0.2419218955996853548, 0.000000000000000000, -0.9702957262759920321 ) ) ;
#3192 = PLANE ( 'NONE',  #638 ) ;
#3193 = ORIENTED_EDGE ( 'NONE', *, *, #2230, .F. ) ;
#3194 = B_SPLINE_CURVE_WITH_KNOTS ( 'NONE', 3,
 ( #727, #2438, #981, #2083, #1543, #1265, #2646, #2957 ),
 .UNSPECIFIED., .F., .F.,
 ( 4, 2, 2, 4 ),
 ( -0.002281669641437789661, -0.0008952200134926390374, 0.0004912296144525115857, 0.003264128870342820638 ),
 .UNSPECIFIED. ) ;
#3195 = CARTESIAN_POINT ( 'NONE',  ( 70.80310638391166833, -6.055688206199868695, 70.26535031824579391 ) ) ;
#3196 = CARTESIAN_POINT ( 'NONE',  ( 62.94737083057487581, -4.285321739406617425, 87.34006167849199187 ) ) ;
#3197 = CARTESIAN_POINT ( 'NONE',  ( 76.24395560239396730, -2.404897549329700013, 84.42505524786520255 ) ) ;
#3198 = EDGE_CURVE ( 'NONE', #2072, #33, #138, .T. ) ;
#3199 = CARTESIAN_POINT ( 'NONE',  ( 60.64235145294147600, -2.395629090803198746, 84.99367291817026171 ) ) ;
#3200 = CARTESIAN_POINT ( 'NONE',  ( 69.99858031000981384, 4.303169803490126455, 80.86645374249896179 ) ) ;
#3201 = ORIENTED_EDGE ( 'NONE', *, *, #3462, .T. ) ;
#3202 = CARTESIAN_POINT ( 'NONE',  ( 87.83206952927301359, 3.941051205439506600, 79.56944448534871128 ) ) ;
#3203 = CARTESIAN_POINT ( 'NONE',  ( 87.35746983602551552, 0.05242376950386797019, 80.88379525444645424 ) ) ;
#3204 = ORIENTED_EDGE ( 'NONE', *, *, #3539, .F. ) ;
#3205 = LINE ( 'NONE', #1472, #72 ) ;
#3206 = CARTESIAN_POINT ( 'NONE',  ( 66.08019740981174550, -3.966255674969672462, 87.04945914129041284 ) ) ;
#3207 = ADVANCED_FACE ( 'NONE', ( #651 ), #2418, .F. ) ;
#3208 = CARTESIAN_POINT ( 'NONE',  ( 63.06641917710047096, 1.878124132402628543, 88.39907744805940126 ) ) ;
#3209 = CARTESIAN_POINT ( 'NONE',  ( 66.20249905857168926, -3.367516703243862430, 86.90862938474089106 ) ) ;
#3210 = ORIENTED_EDGE ( 'NONE', *, *, #3162, .T. ) ;
#3211 = CARTESIAN_POINT ( 'NONE',  ( 86.04003268549818984, -9.489477849217177408, 74.32974535230735569 ) ) ;
#3212 = CARTESIAN_POINT ( 'NONE',  ( 65.41203549887902113, -4.840757910978918055, 72.89214641920480631 ) ) ;
#3213 = ORIENTED_EDGE ( 'NONE', *, *, #1494, .F. ) ;
#3214 = CARTESIAN_POINT ( 'NONE',  ( 83.16983225518475820, 4.989325801986935538, 74.88754195337224928 ) ) ;
#3215 = CARTESIAN_POINT ( 'NONE',  ( 78.59457871711255450, 6.286761695861090793, 78.82845428502082541 ) ) ;
#3216 = DIRECTION ( 'NONE',  ( 0.6427876096864363342, 0.7660444431190643888, 0.000000000000000000 ) ) ;
#3217 = AXIS2_PLACEMENT_3D ( 'NONE', #3556, #380, #1806 ) ;
#3218 = CARTESIAN_POINT ( 'NONE',  ( 63.11546111273408144, 1.352397130924233082, 84.43245091078509290 ) ) ;
#3219 = VERTEX_POINT ( 'NONE', #3537 ) ;
#3220 = CARTESIAN_POINT ( 'NONE',  ( 91.69553449358177488, -2.856812983158192765, 79.11776278396710893 ) ) ;
#3221 = CARTESIAN_POINT ( 'NONE',  ( 93.03890295265914290, -10.54274856746512157, 80.03182201944549945 ) ) ;
#3222 = ORIENTED_EDGE ( 'NONE', *, *, #327, .T. ) ;
#3223 = CARTESIAN_POINT ( 'NONE',  ( 68.79308968231562460, 6.189631231120090504, 85.30947566967603279 ) ) ;
#3224 = CARTESIAN_POINT ( 'NONE',  ( 62.33208888623794053, -1.148665160109344940, 84.77716648826434209 ) ) ;
#3225 = CARTESIAN_POINT ( 'NONE',  ( 59.09736733651975982, -2.670070447755442000, 88.57101345230948652 ) ) ;
#3226 = CARTESIAN_POINT ( 'NONE',  ( 92.80708512220968487, -10.36115149518984246, 80.13301911502389885 ) ) ;
#3227 = VERTEX_POINT ( 'NONE', #3196 ) ;
#3228 = EDGE_CURVE ( 'NONE', #2818, #2929, #3500, .T. ) ;
#3229 = CARTESIAN_POINT ( 'NONE',  ( 70.60052053489955881, -14.08234068259056926, 75.83883821762789523 ) ) ;
#3230 = ORIENTED_EDGE ( 'NONE', *, *, #641, .T. ) ;
#3231 = CARTESIAN_POINT ( 'NONE',  ( 90.08683277156005431, -7.740270094708690429, 79.28941685376221926 ) ) ;
#3232 = CARTESIAN_POINT ( 'NONE',  ( 61.55682615019021142, -0.4977585275588480296, 88.72927741093600673 ) ) ;
#3233 = CARTESIAN_POINT ( 'NONE',  ( 61.00398125444130670, -3.509304115084966647, 89.35609991047562062 ) ) ;
#3234 = CARTESIAN_POINT ( 'NONE',  ( 58.79998974263867240, -3.198740892088987930, 85.09190590019544231 ) ) ;
#3235 = CARTESIAN_POINT ( 'NONE',  ( 65.88099961459245435, -4.946443538884678581, 87.29139049864740230 ) ) ;
#3236 = ORIENTED_EDGE ( 'NONE', *, *, #2304, .T. ) ;
#3237 = DIRECTION ( 'NONE',  ( 0.9478986130028137502, -0.2136181783343418239, 0.2363376680778142835 ) ) ;
#3238 = CARTESIAN_POINT ( 'NONE',  ( 92.80317363002660613, -8.667156676465193499, 79.81542843562185396 ) ) ;
#3239 = ADVANCED_FACE ( 'NONE', ( #1282 ), #945, .F. ) ;
#3240 = ORIENTED_EDGE ( 'NONE', *, *, #83, .T. ) ;
#3241 = CARTESIAN_POINT ( 'NONE',  ( 62.50065381330021097, 10.40627753084164020, 85.53976867196242040 ) ) ;
#3242 = CARTESIAN_POINT ( 'NONE',  ( 72.87174351353465340, 5.488547091369289532, 76.89705619458666774 ) ) ;
#3243 = B_SPLINE_SURFACE_WITH_KNOTS ( 'NONE', 3, 3, ( 
 ( #1600, #1044, #2738, #3037, #3000, #455, #2979 ),
 ( #1565, #1618, #2701, #731, #1025, #1870, #3308 ),
 ( #767, #2722, #177, #3582, #3294, #748, #3019 ),
 ( #1905, #319, #2046, #3161, #1165, #39, #1447 ),
 ( #907, #340, #2300, #887, #1466, #2028, #1748 ),
 ( #2883, #60, #3178, #1185, #2604, #3461, #630 ),
 ( #1769, #359, #3401, #557, #3102, #1689, #2827 ),
 ( #2, #2263, #3182, #1998, #2351, #1606, #2499 ),
 ( #231, #2546, #2946, #3480, #2281, #1167, #3179 ),
 ( #2627, #2585, #3143, #593, #20, #2828, #2864 ),
 ( #1976, #281, #1729, #3422, #3103, #40, #2030 ),
 ( #2301, #2565, #559, #909, #1993, #2047, #632 ),
 ( #341, #3402, #2846, #1488, #2607, #320, #2548 ),
 ( #84, #361, #870, #1188, #1409, #3442, #1127 ),
 ( #1448, #1467, #1711, #2012, #3, #1749, #2264 ),
 ( #852, #888, #3163, #2884, #1690, #2322, #3125 ),
 ( #1770, #578, #301, #1428, #611, #62, #3463 ),
 ( #1209, #2906, #2344, #1147, #834, #382, #1808 ),
 ( #141, #3541, #1869, #3503, #672, #3274, #2067 ),
 ( #419, #1545, #1286, #2700, #157, #3218, #3523 ),
 ( #654, #984, #966, #2087, #2683, #2648, #1789 ),
 ( #1582, #1564, #2941, #2125, #730, #400, #2721 ),
 ( #689, #2999, #2423, #3199, #2978, #3253, #1231 ),
 ( #1268, #1828, #707, #1528, #2666, #3559, #2924 ),
 ( #124, #2399, #2365, #1002, #434, #1848, #2140 ),
 ( #454, #1509, #176, #3234, #1307, #104, #3482 ),
 ( #1249, #930, #947, #2381, #2106, #2961, #2177 ) ),
 .UNSPECIFIED., .F., .F., .F.,
 ( 4, 1, 1, 1, 1, 1, 1, 1, 1, 1, 1, 1, 1, 1, 1, 1, 1, 1, 1, 2, 1, 1, 1, 4 ),
 ( 4, 1, 1, 1, 4 ),
 ( 0.000000000000000000, 0.06126250000000001139, 0.1225249999999999950, 0.1837874999999999925, 0.2450499999999999901, 0.3063124999999999876, 0.3369437500000000418, 0.3675749999999999851, 0.3982062499999999283, 0.4288374999999999826, 0.4594687500000000369, 0.4900999999999999801, 0.5439749999999999863, 0.5978499999999999925, 0.6517249999999998877, 0.7056000000000000050, 0.7594750000000001222, 0.8133500000000000174, 0.8672249999999998016, 0.9211000000000000298, 0.9408249999999999114, 0.9605500000000000149, 0.9802750000000000075, 1.000000000000000000 ),
 ( 0.000000000000000000, 0.2500000000000000000, 0.5000000000000000000, 0.7500000000000000000, 1.000000000000000000 ),
 .UNSPECIFIED. ) ;
#3244 = LOCAL_TIME ( 19, 36, 11.00000000000000000, #3673 ) ;
#3245 = CARTESIAN_POINT ( 'NONE',  ( 60.46452378236369896, -1.040756841827366497, 88.35327931341464591 ) ) ;
#3246 = CARTESIAN_POINT ( 'NONE',  ( 92.10741897688403412, -10.85682240381694719, 79.92404425036315274 ) ) ;
#3247 = CARTESIAN_POINT ( 'NONE',  ( 88.42409818844929248, -0.1336071496906471867, 75.29511682032349995 ) ) ;
#3248 = CARTESIAN_POINT ( 'NONE',  ( 80.97351706202645971, -8.347689241087522305, 94.65042961438958002 ) ) ;
#3249 = ORIENTED_EDGE ( 'NONE', *, *, #895, .T. ) ;
#3250 = VECTOR ( 'NONE', #475, 1000.000000000000000 ) ;
#3251 = CARTESIAN_POINT ( 'NONE',  ( 62.92273950908366942, -3.254691805512818892, 84.47559016942116727 ) ) ;
#3252 = CARTESIAN_POINT ( 'NONE',  ( 66.02671217841947282, -3.954202257503840023, 86.42278836265653297 ) ) ;
#3253 = CARTESIAN_POINT ( 'NONE',  ( 60.55496521734123405, -1.200377562676164356, 84.84414214947666721 ) ) ;
#3254 = CARTESIAN_POINT ( 'NONE',  ( 62.71511110779744058, -1.470058964952612790, 80.99999999999998579 ) ) ;
#3255 = ORIENTED_EDGE ( 'NONE', *, *, #908, .F. ) ;
#3256 = CARTESIAN_POINT ( 'NONE',  ( 63.12716776041177269, -2.540992529831882951, 84.96162735878334615 ) ) ;
#3257 = CARTESIAN_POINT ( 'NONE',  ( 89.75923878299934699, -9.838755135633856952, 82.05274353871490689 ) ) ;
#3258 = EDGE_CURVE ( 'NONE', #2586, #2620, #1867, .T. ) ;
#3259 = EDGE_CURVE ( 'NONE', #2459, #352, #43, .T. ) ;
#3260 = ORIENTED_EDGE ( 'NONE', *, *, #3592, .T. ) ;
#3261 = CARTESIAN_POINT ( 'NONE',  ( 87.62460455704159301, 1.739929992356329613, 78.63126579309653152 ) ) ;
#3262 = CARTESIAN_POINT ( 'NONE',  ( 70.60052053489955881, -3.500000000000000000, 74.88883821762789239 ) ) ;
#3263 = EDGE_CURVE ( 'NONE', #847, #2072, #2176, .T. ) ;
#3264 = CARTESIAN_POINT ( 'NONE',  ( 60.99716820953260310, -0.7329542293423345622, 88.77880023194123282 ) ) ;
#3265 = CARTESIAN_POINT ( 'NONE',  ( 91.16422600365592643, -10.64426468720628449, 80.51131825431404820 ) ) ;
#3266 = LINE ( 'NONE', #1321, #2645 ) ;
#3267 = ORIENTED_EDGE ( 'NONE', *, *, #2715, .T. ) ;
#3268 = CARTESIAN_POINT ( 'NONE',  ( 90.27044261611472109, -9.417762875790327115, 77.66582024078250868 ) ) ;
#3269 = FACE_OUTER_BOUND ( 'NONE', #1270, .T. ) ;
#3270 = CARTESIAN_POINT ( 'NONE',  ( 74.58066170606508649, -1.892056920087569427, 84.83620719908043384 ) ) ;
#3271 = VECTOR ( 'NONE', #1183, 1000.000000000000000 ) ;
#3272 = AXIS2_PLACEMENT_3D ( 'NONE', #3168, #3490, #677 ) ;
#3273 = AXIS2_PLACEMENT_3D ( 'NONE', #1005, #770, #1585 ) ;
#3274 = CARTESIAN_POINT ( 'NONE',  ( 65.24940077141599204, 2.959328041198909354, 83.98837171005564528 ) ) ;
#3275 = FACE_OUTER_BOUND ( 'NONE', #1781, .T. ) ;
#3276 = VERTEX_POINT ( 'NONE', #3644 ) ;
#3277 = CARTESIAN_POINT ( 'NONE',  ( 61.25319606753065216, -3.903522967155605095, 85.09999999999999432 ) ) ;
#3278 = CARTESIAN_POINT ( 'NONE',  ( 85.44705460290470000, -9.355844466852291319, 84.48275385750673649 ) ) ;
#3279 = EDGE_CURVE ( 'NONE', #33, #1449, #2398, .T. ) ;
#3280 = ORIENTED_EDGE ( 'NONE', *, *, #751, .F. ) ;
#3281 = CARTESIAN_POINT ( 'NONE',  ( 87.73545626155335242, -7.996013103489720386, 80.48213511914349283 ) ) ;
#3282 = CARTESIAN_POINT ( 'NONE',  ( 61.50317431651978950, 0.1970586637477744207, 88.66660366673099247 ) ) ;
#3283 = CARTESIAN_POINT ( 'NONE',  ( 65.39413747928622911, -4.207922463136673841, 89.17685285619651836 ) ) ;
#3284 = CARTESIAN_POINT ( 'NONE',  ( 65.24214956155873324, -4.802472461504601497, 88.69015353608075714 ) ) ;
#3285 = DIRECTION ( 'NONE',  ( -0.000000000000000000, 1.000000000000000000, -0.000000000000000000 ) ) ;
#3286 = CARTESIAN_POINT ( 'NONE',  ( 91.41347133338349806, -6.283616507232849813, 76.04878924849927557 ) ) ;
#3287 = ORIENTED_EDGE ( 'NONE', *, *, #3022, .F. ) ;
#3288 = CARTESIAN_POINT ( 'NONE',  ( 91.63733849728721736, -1.861431781149036180, 78.66633745825438950 ) ) ;
#3289 = ADVANCED_FACE ( 'NONE', ( #3095 ), #333, .F. ) ;
#3290 = CARTESIAN_POINT ( 'NONE',  ( 71.29920616830217739, 7.072067507147434817, 85.68145681776960032 ) ) ;
#3291 = CARTESIAN_POINT ( 'NONE',  ( 70.79568386742131736, -6.054015469868067711, 84.35155678312497685 ) ) ;
#3292 = VECTOR ( 'NONE', #3109, 1000.000000000000000 ) ;
#3293 = CARTESIAN_POINT ( 'NONE',  ( 87.74084825961972456, -8.093977820136244006, 80.78842910524264198 ) ) ;
#3294 = CARTESIAN_POINT ( 'NONE',  ( 92.80317363002660613, -8.667156676465193499, 75.81542843562185396 ) ) ;
#3295 = VERTEX_POINT ( 'NONE', #1721 ) ;
#3296 = CARTESIAN_POINT ( 'NONE',  ( 89.31159605423746939, -1.749641073673962266, 72.42120570221648279 ) ) ;
#3297 = VERTEX_POINT ( 'NONE', #1119 ) ;
#3298 = CARTESIAN_POINT ( 'NONE',  ( 73.73739309721224799, -6.758865425545288907, 87.04900819590105243 ) ) ;
#3299 = CARTESIAN_POINT ( 'NONE',  ( 66.28171450209804050, 4.393078823578306036, 87.65368126123185277 ) ) ;
#3300 = CARTESIAN_POINT ( 'NONE',  ( 63.17302965879952126, -3.718108077367851205, 89.21768678718483159 ) ) ;
#3301 = CARTESIAN_POINT ( 'NONE',  ( 59.73758020487461806, -3.561964181022418074, 88.59399985354669127 ) ) ;
#3302 = CARTESIAN_POINT ( 'NONE',  ( 75.54639900025819088, 6.162776367533722599, 74.50532599387099708 ) ) ;
#3303 = CARTESIAN_POINT ( 'NONE',  ( 80.27094503034898310, 6.589680434807537956, 81.12004110003964286 ) ) ;
#3304 = CARTESIAN_POINT ( 'NONE',  ( 67.52126321709430101, 5.246217263136059294, 87.08110991562959668 ) ) ;
#3305 = CARTESIAN_POINT ( 'NONE',  ( 90.17930156151375343, 0.9785900854671896187, 75.15622443039954703 ) ) ;
#3306 = CYLINDRICAL_SURFACE ( 'NONE', #2894, 0.5000000000000004441 ) ;
#3307 = CARTESIAN_POINT ( 'NONE',  ( 70.81495957821825016, 10.32832126602183997, 73.34805201710796041 ) ) ;
#3308 = CARTESIAN_POINT ( 'NONE',  ( 93.37843419622880958, -10.08271303861092072, 75.76585150138342328 ) ) ;
#3309 = ORIENTED_EDGE ( 'NONE', *, *, #23, .F. ) ;
#3310 = CARTESIAN_POINT ( 'NONE',  ( 92.73589708255262565, -10.99845606190452862, 79.53205883932449183 ) ) ;
#3311 = CIRCLE ( 'NONE', #2187, 0.2000000000000057288 ) ;
#3312 = EDGE_LOOP ( 'NONE', ( #1820, #2367, #1501, #3210 ) ) ;
#3313 = CARTESIAN_POINT ( 'NONE',  ( 90.15582711583365949, -9.391933157249681585, 76.55686759440868627 ) ) ;
#3314 = CARTESIAN_POINT ( 'NONE',  ( 66.19462864428084004, 4.332809486417435352, 87.15594532431425989 ) ) ;
#3315 = AXIS2_PLACEMENT_3D ( 'NONE', #1786, #2698, #705 ) ;
#3316 = CARTESIAN_POINT ( 'NONE',  ( 73.95662254231363875, 1.367398164513143870E-14, 83.25787942559212240 ) ) ;
#3317 = B_SPLINE_CURVE_WITH_KNOTS ( 'NONE', 3,
 ( #2727, #2743, #473, #1604, #198, #1332 ),
 .UNSPECIFIED., .F., .F.,
 ( 4, 2, 4 ),
 ( 0.000000000000000000, 0.0006511720930093105320, 0.001302344186018621064 ),
 .UNSPECIFIED. ) ;
#3318 = EDGE_CURVE ( 'NONE', #772, #883, #1138, .T. ) ;
#3319 = CARTESIAN_POINT ( 'NONE',  ( 59.73752802868226297, -3.561952422609642621, 88.59399656580406202 ) ) ;
#3320 = CARTESIAN_POINT ( 'NONE',  ( 91.30508891568854324, -10.67600951545104238, 79.25502611913711348 ) ) ;
#3321 = DIRECTION ( 'NONE',  ( 0.3746065934159119593, 0.000000000000000000, 0.9271838545667874243 ) ) ;
#3322 = CARTESIAN_POINT ( 'NONE',  ( 59.87430619141368027, -1.744150776235389388, 84.92669113852730334 ) ) ;
#3323 = CARTESIAN_POINT ( 'NONE',  ( 82.29987271319262732, 7.555024677682617096, 81.64501759699501804 ) ) ;
#3324 = CARTESIAN_POINT ( 'NONE',  ( 62.91386990462982709, -22.37059544747232920, 89.89264633184066611 ) ) ;
#3325 = LINE ( 'NONE', #3307, #1535 ) ;
#3326 = FACE_OUTER_BOUND ( 'NONE', #3114, .T. ) ;
#3327 = DIRECTION ( 'NONE',  ( 0.3746065934159060751, 1.167932354876878927E-16, 0.9271838545667897558 ) ) ;
#3328 = ORIENTED_EDGE ( 'NONE', *, *, #1508, .T. ) ;
#3329 = CARTESIAN_POINT ( 'NONE',  ( 83.25936778653590409, 7.174166429825457492, 81.66090197292520259 ) ) ;
#3330 = DIRECTION ( 'NONE',  ( 0.000000000000000000, 0.000000000000000000, 1.000000000000000000 ) ) ;
#3331 = VECTOR ( 'NONE', #2825, 1000.000000000000114 ) ;
#3332 = CARTESIAN_POINT ( 'NONE',  ( 79.57365829594894535, -8.032217443321460593, 86.11875731865629291 ) ) ;
#3333 = CARTESIAN_POINT ( 'NONE',  ( 82.81338141051490709, 5.168117582147942812, 76.31718820491681754 ) ) ;
#3334 = CARTESIAN_POINT ( 'NONE',  ( 65.19759645556031558, 1.031743292635400211, 77.88293261972474113 ) ) ;
#3335 = CARTESIAN_POINT ( 'NONE',  ( 63.11830316911986927, -1.002660212489937752, 76.42873021407314127 ) ) ;
#3336 = EDGE_CURVE ( 'NONE', #507, #2541, #121, .T. ) ;
#3337 = CARTESIAN_POINT ( 'NONE',  ( 60.96440828583575211, -0.4450176889471352815, 84.76162378540719544 ) ) ;
#3338 = CARTESIAN_POINT ( 'NONE',  ( 80.12827374116875490, 8.165629413877459442, 78.93358991934746882 ) ) ;
#3339 = FACE_OUTER_BOUND ( 'NONE', #749, .T. ) ;
#3340 = ORIENTED_EDGE ( 'NONE', *, *, #3318, .T. ) ;
#3341 = CARTESIAN_POINT ( 'NONE',  ( 79.58098444563857754, 7.789804990253309747, 83.21118090616100460 ) ) ;
#3342 = EDGE_CURVE ( 'NONE', #3474, #596, #713, .T. ) ;
#3343 = CARTESIAN_POINT ( 'NONE',  ( 91.58836853225204777, -7.177662106962128696, 78.17569129764954994 ) ) ;
#3344 = CARTESIAN_POINT ( 'NONE',  ( 85.33436312851466710, -9.330448346270792115, 78.87098261187918524 ) ) ;
#3345 = VERTEX_POINT ( 'NONE', #3155 ) ;
#3346 = CARTESIAN_POINT ( 'NONE',  ( 80.43305574588549689, 8.062800621824404601, 82.37354251925775372 ) ) ;
#3347 = CARTESIAN_POINT ( 'NONE',  ( 65.62647454219772669, -3.499999999999999556, 72.90136021868487148 ) ) ;
#3348 = CARTESIAN_POINT ( 'NONE',  ( 68.99090621395612288, 3.796927019418708582, 65.73416240211768979 ) ) ;
#3349 = CARTESIAN_POINT ( 'NONE',  ( 90.71495211519086865, -3.623976245259418416, 75.82215541562476346 ) ) ;
#3350 = DIRECTION ( 'NONE',  ( 0.000000000000000000, 0.000000000000000000, 1.000000000000000000 ) ) ;
#3351 = CARTESIAN_POINT ( 'NONE',  ( 92.67089933239802235, -4.886881312535319211, 75.02364542673478809 ) ) ;
#3352 = CARTESIAN_POINT ( 'NONE',  ( 87.16772763514879330, 4.593361790897286134, 76.12692426164944948 ) ) ;
#3353 = CARTESIAN_POINT ( 'NONE',  ( 85.26333787008458387, 20.75753703819743734, 73.49274122185295255 ) ) ;
#3354 = VERTEX_POINT ( 'NONE', #52 ) ;
#3355 = LOCAL_TIME ( 19, 36, 11.00000000000000000, #3530 ) ;
#3356 = CARTESIAN_POINT ( 'NONE',  ( 85.51336916710999958, 5.524436166955267069, 80.82239320383223458 ) ) ;
#3357 = CARTESIAN_POINT ( 'NONE',  ( 79.47990186782158162, 6.190232089234819490, 77.68287202317333140 ) ) ;
#3358 = CARTESIAN_POINT ( 'NONE',  ( 79.49806046868260978, -6.703216741670926737, 86.40912926013491813 ) ) ;
#3359 = AXIS2_PLACEMENT_3D ( 'NONE', #1722, #2258, #2877 ) ;
#3360 = ADVANCED_FACE ( 'NONE', ( #353 ), #562, .F. ) ;
#3361 = ORIENTED_EDGE ( 'NONE', *, *, #1556, .T. ) ;
#3362 = CARTESIAN_POINT ( 'NONE',  ( 81.03680584806527065, 7.931376950828059158, 82.56393257926792728 ) ) ;
#3363 = CARTESIAN_POINT ( 'NONE',  ( 59.87430619141368027, -1.744150776235389388, 84.92669113852730334 ) ) ;
#3364 = CARTESIAN_POINT ( 'NONE',  ( 79.47990186782158162, -12.87027948883124928, 77.68287202317333140 ) ) ;
#3365 =( NAMED_UNIT ( * ) PLANE_ANGLE_UNIT ( ) SI_UNIT ( $, .RADIAN. ) );
#3366 = CARTESIAN_POINT ( 'NONE',  ( 93.32692249335993040, -11.13164939067811154, 79.89999999999888303 ) ) ;
#3367 = EDGE_CURVE ( 'NONE', #1844, #815, #901, .T. ) ;
#3368 = CARTESIAN_POINT ( 'NONE',  ( 65.94669291534533784, -3.682912704693324546, 84.84882976932274801 ) ) ;
#3369 = ORIENTED_EDGE ( 'NONE', *, *, #1645, .T. ) ;
#3370 = CARTESIAN_POINT ( 'NONE',  ( 90.34357260755942320, -9.269612806352210299, 78.34293382849155307 ) ) ;
#3371 = CARTESIAN_POINT ( 'NONE',  ( 77.30978036401531028, -25.61485398484994391, 86.15500035670279999 ) ) ;
#3372 = ORIENTED_EDGE ( 'NONE', *, *, #3198, .T. ) ;
#3373 = PLANE ( 'NONE',  #2834 ) ;
#3374 = CARTESIAN_POINT ( 'NONE',  ( 63.51541706824702516, 0.2615704520178812054, 86.51748890652528701 ) ) ;
#3375 = B_SPLINE_CURVE_WITH_KNOTS ( 'NONE', 3,
 ( #2610, #2815, #66, #1193 ),
 .UNSPECIFIED., .F., .F.,
 ( 4, 4 ),
 ( 0.000000000000000000, 0.002212620454203976291 ),
 .UNSPECIFIED. ) ;
#3376 = CARTESIAN_POINT ( 'NONE',  ( 87.49170126392996849, -8.737874369147286657, 79.62835550908339144 ) ) ;
#3377 = EDGE_CURVE ( 'NONE', #911, #404, #2352, .T. ) ;
#3378 = CARTESIAN_POINT ( 'NONE',  ( 81.31664195182179355, -8.425015774630375986, 80.92136700032666852 ) ) ;
#3379 = ORIENTED_EDGE ( 'NONE', *, *, #3670, .T. ) ;
#3380 = PRODUCT_DEFINITION ( 'Allgemein', '', #1824, #371 ) ;
#3381 = CARTESIAN_POINT ( 'NONE',  ( 85.70398408814419611, 5.769992555069768159, 80.68442151509978544 ) ) ;
#3382 = VECTOR ( 'NONE', #3577, 1000.000000000000227 ) ;
#3383 = VECTOR ( 'NONE', #2310, 1000.000000000000000 ) ;
#3384 = AXIS2_PLACEMENT_3D ( 'NONE', #1872, #1046, #2703 ) ;
#3385 = CARTESIAN_POINT ( 'NONE',  ( 60.96440828582051807, -0.4450176889653022494, 84.76162378540961129 ) ) ;
#3386 = LINE ( 'NONE', #2237, #3107 ) ;
#3387 = LINE ( 'NONE', #1153, #929 ) ;
#3388 = CARTESIAN_POINT ( 'NONE',  ( 90.22436825091244827, -8.647610407104721730, 75.45075529848321594 ) ) ;
#3389 = CARTESIAN_POINT ( 'NONE',  ( 71.55432652774275937, -2.793094981240366703, 87.87275051868367370 ) ) ;
#3390 = EDGE_CURVE ( 'NONE', #1401, #2425, #1899, .T. ) ;
#3391 = DIRECTION ( 'NONE',  ( -0.000000000000000000, 1.000000000000000000, -0.000000000000000000 ) ) ;
#3392 = ORIENTED_EDGE ( 'NONE', *, *, #3462, .F. ) ;
#3393 = CARTESIAN_POINT ( 'NONE',  ( 90.25993217438988836, -9.415394245449535404, 77.77663605022965498 ) ) ;
#3394 = CARTESIAN_POINT ( 'NONE',  ( 91.85301089802868546, -10.34868332456528783, 76.78053041551355307 ) ) ;
#3395 = VERTEX_POINT ( 'NONE', #881 ) ;
#3396 = EDGE_CURVE ( 'NONE', #2678, #634, #3607, .T. ) ;
#3397 = CARTESIAN_POINT ( 'NONE',  ( 62.87515534736208878, 0.9289836764843205641, 88.48605688482871301 ) ) ;
#3398 = DIRECTION ( 'NONE',  ( -0.000000000000000000, -1.000000000000000000, 0.000000000000000000 ) ) ;
#3399 = CARTESIAN_POINT ( 'NONE',  ( 70.53422835107853928, 1.300000000000000711, 70.53422835107890876 ) ) ;
#3400 = DIRECTION ( 'NONE',  ( 0.9271838545667895337, 0.000000000000000000, -0.3746065934159067412 ) ) ;
#3401 = CARTESIAN_POINT ( 'NONE',  ( 84.95786611619286077, -6.009078176134209137, 79.65796317681422067 ) ) ;
#3402 = CARTESIAN_POINT ( 'NONE',  ( 77.00589757535188085, -6.118583549497409457, 83.17061281057061706 ) ) ;
#3403 = ORIENTED_EDGE ( 'NONE', *, *, #1540, .F. ) ;
#3404 = CARTESIAN_POINT ( 'NONE',  ( 84.38566595054371078, 6.230851464990961652, 81.26781877725629499 ) ) ;
#3405 = DIRECTION ( 'NONE',  ( 0.000000000000000000, 0.000000000000000000, -1.000000000000000000 ) ) ;
#3406 = CARTESIAN_POINT ( 'NONE',  ( 68.99090621395612288, 3.796927019418708582, 84.84974689653317625 ) ) ;
#3407 = CARTESIAN_POINT ( 'NONE',  ( 90.50803920487238940, -8.929433300113574390, 79.32198265958335526 ) ) ;
#3408 = CARTESIAN_POINT ( 'NONE',  ( 77.56424441702910144, -3.560293922054203808, 86.27155208417026699 ) ) ;
#3409 = CARTESIAN_POINT ( 'NONE',  ( 65.89800750281077057, -3.925197406173215775, 84.91479340445910395 ) ) ;
#3410 = ORIENTED_EDGE ( 'NONE', *, *, #2494, .F. ) ;
#3411 = CARTESIAN_POINT ( 'NONE',  ( 62.94588614508603541, -1.200000000000001066, 65.84749590702527655 ) ) ;
#3412 = DIRECTION ( 'NONE',  ( 0.000000000000000000, 0.000000000000000000, -1.000000000000000000 ) ) ;
#3413 = ORIENTED_EDGE ( 'NONE', *, *, #817, .T. ) ;
#3414 = B_SPLINE_CURVE_WITH_KNOTS ( 'NONE', 3,
 ( #1981, #2572, #1656, #1737 ),
 .UNSPECIFIED., .F., .F.,
 ( 4, 4 ),
 ( 4.991068053006732711E-15, 0.0007283317507110632222 ),
 .UNSPECIFIED. ) ;
#3415 = EDGE_CURVE ( 'NONE', #2668, #2640, #1420, .T. ) ;
#3416 = CARTESIAN_POINT ( 'NONE',  ( 87.04369433063263273, 10.00000000000000000, 72.37106110950034576 ) ) ;
#3417 = CARTESIAN_POINT ( 'NONE',  ( 74.22763013717262481, 6.493542208635686208, 83.41305860460754218 ) ) ;
#3418 = LINE ( 'NONE', #3399, #788 ) ;
#3419 = CARTESIAN_POINT ( 'NONE',  ( 91.83902695901200275, -10.79636019957662363, 78.90655358778475659 ) ) ;
#3420 = ADVANCED_FACE ( 'NONE', ( #3495 ), #2641, .F. ) ;
#3421 = B_SPLINE_CURVE_WITH_KNOTS ( 'NONE', 3,
 ( #91, #1172, #2307, #3206, #617, #1757, #2892 ),
 .UNSPECIFIED., .F., .F.,
 ( 4, 3, 4 ),
 ( -0.0006271086279656654973, 0.000000000000000000, 0.001029027688197479973 ),
 .UNSPECIFIED. ) ;
#3422 = CARTESIAN_POINT ( 'NONE',  ( 81.24060260405006773, -0.4661403357506908041, 80.02945496524662872 ) ) ;
#3423 = EDGE_LOOP ( 'NONE', ( #2723, #1047, #2088, #3190, #265, #2754 ) ) ;
#3424 = CARTESIAN_POINT ( 'NONE',  ( 93.26378534087380956, -8.490100044399140344, 79.50474328162687243 ) ) ;
#3425 = VECTOR ( 'NONE', #2334, 999.9999999999998863 ) ;
#3426 = ORIENTED_EDGE ( 'NONE', *, *, #3228, .F. ) ;
#3427 = CARTESIAN_POINT ( 'NONE',  ( 58.94225738019181904, 1.300000000000000044, 68.08881796861685132 ) ) ;
#3428 = CARTESIAN_POINT ( 'NONE',  ( 70.69361662806824143, 4.622399920216738067, 78.35610101434923536 ) ) ;
#3429 = CARTESIAN_POINT ( 'NONE',  ( 89.88724283673522564, -10.35648410168409228, 75.98581785871739669 ) ) ;
#3430 = EDGE_CURVE ( 'NONE', #2688, #2954, #2633, .T. ) ;
#3431 = CIRCLE ( 'NONE', #3620, 0.5000000000000004441 ) ;
#3432 = CARTESIAN_POINT ( 'NONE',  ( 75.32200278825030182, -5.763789121109568647, 87.62300262459378075 ) ) ;
#3433 = CARTESIAN_POINT ( 'NONE',  ( 90.19073831926536400, -9.399800736733654460, 75.60045106208654886 ) ) ;
#3434 = ORIENTED_EDGE ( 'NONE', *, *, #2634, .T. ) ;
#3435 = CARTESIAN_POINT ( 'NONE',  ( 75.17079756546684166, 1.333034886086334867E-14, 82.76732087348423761 ) ) ;
#3436 = CARTESIAN_POINT ( 'NONE',  ( 79.41149559296503924, 6.711365091578179509, 79.44626731881716353 ) ) ;
#3437 = VERTEX_POINT ( 'NONE', #98 ) ;
#3438 = B_SPLINE_CURVE_WITH_KNOTS ( 'NONE', 3,
 ( #1819, #2675, #920, #410 ),
 .UNSPECIFIED., .F., .F.,
 ( 4, 4 ),
 ( 0.01565255641405681117, 0.01839686233832218271 ),
 .UNSPECIFIED. ) ;
#3439 = CARTESIAN_POINT ( 'NONE',  ( 65.51334663961560523, 1.299999999999999156, 69.72717453017331479 ) ) ;
#3440 = CARTESIAN_POINT ( 'NONE',  ( 60.96542879555850192, -1.199999999999999734, 65.55983515722148525 ) ) ;
#3441 = CARTESIAN_POINT ( 'NONE',  ( 77.76944153396071613, -0.7455096872558727439, 83.49181493593577841 ) ) ;
#3442 = CARTESIAN_POINT ( 'NONE',  ( 77.62873918676092444, 7.091179111388031586, 80.10918026443529527 ) ) ;
#3443 = ORIENTED_EDGE ( 'NONE', *, *, #1900, .F. ) ;
#3444 = CARTESIAN_POINT ( 'NONE',  ( 93.34578095819375676, -10.51695177620060662, 79.53205883932612608 ) ) ;
#3445 = EDGE_LOOP ( 'NONE', ( #1168, #214, #3135, #1477, #311, #1080, #1712, #2305, #355, #2696, #2714, #3651, #2980, #3309, #401, #2265, #1588, #395, #3465, #665, #197, #1137, #648, #3516, #1255, #625, #2108, #2804, #668 ) ) ;
#3446 = CARTESIAN_POINT ( 'NONE',  ( 60.76542879555849908, -1.199999999999999956, 65.30384683078287367 ) ) ;
#3447 = CARTESIAN_POINT ( 'NONE',  ( 67.29118143339979952, 2.711868153253602642, 83.10754788818046279 ) ) ;
#3448 = PERSON_AND_ORGANIZATION_ROLE ( 'design_owner' ) ;
#3449 = AXIS2_PLACEMENT_3D ( 'NONE', #1243, #1277, #2411 ) ;
#3450 = B_SPLINE_SURFACE_WITH_KNOTS ( 'NONE', 3, 3, ( 
 ( #913, #3467, #3674, #1115, #3366, #821, #2370 ),
 ( #2110, #2670, #127, #3221, #2347, #2384, #386 ),
 ( #3486, #1252, #2945, #2632, #3238, #1549, #1813 ),
 ( #438, #3257, #1852, #2427, #711, #2927, #692 ),
 ( #3544, #1512, #3506, #1006, #2128, #3526, #2071 ),
 ( #3278, #1290, #403, #2982, #1568, #107, #2704 ),
 ( #161, #988, #1235, #1531, #3203, #1272, #2144 ),
 ( #1831, #969, #2964, #2403, #1493, #3563, #2651 ),
 ( #734, #933, #951, #1212, #422, #2686, #145 ),
 ( #1873, #364, #88, #658, #1793, #2090, #675 ),
 ( #1939, #3358, #1889, #489, #2479, #602, #1154 ),
 ( #547, #2873, #350, #2615, #1454, #309, #1174 ),
 ( #2309, #2018, #3408, #567, #1437, #1475, #3676 ),
 ( #1417, #3432, #1983, #3170, #49, #2594, #898 ),
 ( #2895, #2254, #3152, #2573, #1200, #842, #2331 ),
 ( #878, #1677, #3389, #1699, #2854, #2835, #3473 ),
 ( #2554, #1738, #74, #1134, #919, #3452, #28 ),
 ( #330, #2271, #859, #2037, #3112, #2291, #620 ),
 ( #1759, #290, #10, #2057, #2816, #272, #1399 ),
 ( #2536, #2002, #3133, #1116, #584, #1718, #3208 ),
 ( #2692, #643, #2354, #149, #113, #1574, #1779 ),
 ( #2912, #2390, #697, #957, #679, #3264, #2409 ),
 ( #2709, #3549, #2075, #1258, #1297, #1276, #663 ),
 ( #167, #994, #1818, #1218, #1242, #2432, #445 ),
 ( #2132, #718, #2932, #1861, #974, #2987, #3570 ),
 ( #1553, #1798, #1012, #3188, #372, #1499, #2638 ),
 ( #95, #3492, #938, #393, #2950, #1839, #2097 ) ),
 .UNSPECIFIED., .F., .F., .F.,
 ( 4, 1, 1, 1, 1, 1, 1, 1, 1, 1, 1, 1, 1, 1, 1, 1, 1, 1, 1, 2, 1, 1, 1, 4 ),
 ( 4, 1, 1, 1, 4 ),
 ( 0.000000000000000000, 0.06126250000000001139, 0.1225249999999999950, 0.1837874999999999925, 0.2450499999999999901, 0.3063124999999999876, 0.3369437500000000418, 0.3675749999999999851, 0.3982062499999999283, 0.4288374999999999826, 0.4594687500000000369, 0.4900999999999999801, 0.5439749999999999863, 0.5978499999999999925, 0.6517249999999998877, 0.7056000000000000050, 0.7594750000000001222, 0.8133500000000000174, 0.8672249999999998016, 0.9211000000000000298, 0.9408249999999999114, 0.9605500000000000149, 0.9802750000000000075, 1.000000000000000000 ),
 ( 0.000000000000000000, 0.2500000000000000000, 0.5000000000000000000, 0.7500000000000000000, 1.000000000000000000 ),
 .UNSPECIFIED. ) ;
#3451 = B_SPLINE_CURVE_WITH_KNOTS ( 'NONE', 3,
 ( #597, #3385, #818, #3363, #2249, #3088, #1735 ),
 .UNSPECIFIED., .F., .F.,
 ( 4, 1, 1, 1, 4 ),
 ( 0.9211000000006888122, 0.9408250000004728664, 0.9605500000002570316, 0.9802750000000411967, 0.9840389259764302787 ),
 .UNSPECIFIED. ) ;
#3452 = CARTESIAN_POINT ( 'NONE',  ( 69.93485950504677362, 5.512920365281861912, 86.75152967025839246 ) ) ;
#3453 = LINE ( 'NONE', #1661, #1368 ) ;
#3454 = CARTESIAN_POINT ( 'NONE',  ( 90.68987893316663929, -5.475144761872630106, 74.57564869088643889 ) ) ;
#3455 = CARTESIAN_POINT ( 'NONE',  ( 63.10963558638523097, -2.537041485216733783, 84.96259543849585327 ) ) ;
#3456 = CARTESIAN_POINT ( 'NONE',  ( 90.48087872688790867, -3.200018517077895641, 75.87608600530909087 ) ) ;
#3457 = ORIENTED_EDGE ( 'NONE', *, *, #1556, .F. ) ;
#3458 = FACE_OUTER_BOUND ( 'NONE', #976, .T. ) ;
#3459 = CARTESIAN_POINT ( 'NONE',  ( 74.61512652658299771, -12.87027948883124928, 71.99650313170920413 ) ) ;
#3460 = CARTESIAN_POINT ( 'NONE',  ( 79.47990186782158162, -12.87027948883124928, 77.68287202317333140 ) ) ;
#3461 = CARTESIAN_POINT ( 'NONE',  ( 89.76366495427326697, 0.1118167886262423499, 75.55731998389785531 ) ) ;
#3462 = EDGE_CURVE ( 'NONE', #2327, #2156, #3534, .T. ) ;
#3463 = CARTESIAN_POINT ( 'NONE',  ( 69.97199427522532744, 6.547868013838453294, 82.62913692985215164 ) ) ;
#3464 = CARTESIAN_POINT ( 'NONE',  ( 63.13717116386319361, -3.232549727970934761, 86.81095142212006976 ) ) ;
#3465 = ORIENTED_EDGE ( 'NONE', *, *, #2220, .T. ) ;
#3466 = CARTESIAN_POINT ( 'NONE',  ( 93.08497393696433164, -9.464287095782498938, 79.79993113702551000 ) ) ;
#3467 = CARTESIAN_POINT ( 'NONE',  ( 93.32692249335991619, -11.13164939067811154, 79.89999999999888303 ) ) ;
#3468 = VERTEX_POINT ( 'NONE', #1539 ) ;
#3469 = DIRECTION ( 'NONE',  ( 0.2415631543416099092, -0.05443860796428761500, -0.9688568936780304064 ) ) ;
#3470 = DIRECTION ( 'NONE',  ( 0.9963144802079758611, 0.000000000000000000, 0.08577561732748277545 ) ) ;
#3471 = APPROVAL_STATUS ( 'not_yet_approved' ) ;
#3472 = AXIS2_PLACEMENT_3D ( 'NONE', #1069, #3609, #169 ) ;
#3473 = CARTESIAN_POINT ( 'NONE',  ( 72.53354490673667954, 7.548740040877875757, 85.79703496081505421 ) ) ;
#3474 = VERTEX_POINT ( 'NONE', #1864 ) ;
#3475 = DIRECTION ( 'NONE',  ( -0.000000000000000000, 1.000000000000000000, -0.000000000000000000 ) ) ;
#3476 = CARTESIAN_POINT ( 'NONE',  ( 87.16465527843249106, 1.300000000000002487, 71.88591324636234958 ) ) ;
#3477 = EDGE_LOOP ( 'NONE', ( #1559, #1148, #487, #2336 ) ) ;
#3478 = CARTESIAN_POINT ( 'NONE',  ( 74.49205339132174686, 1.519329145558865779, 84.13882066887873634 ) ) ;
#3479 = CARTESIAN_POINT ( 'NONE',  ( 66.05712093443271726, -3.961055166639805947, 86.42087979077625448 ) ) ;
#3480 = CARTESIAN_POINT ( 'NONE',  ( 83.61217498983560859, -1.482010823936470434, 79.15772093141686128 ) ) ;
#3481 = CARTESIAN_POINT ( 'NONE',  ( 87.42726464537877007, 1.300000000000002487, 71.95138911535096327 ) ) ;
#3482 = CARTESIAN_POINT ( 'NONE',  ( 58.78707781328232329, -3.039859101807388608, 85.07311442817280067 ) ) ;
#3483 = CARTESIAN_POINT ( 'NONE',  ( 77.33909838833078254, 6.345391350256227803, 77.90069192764022432 ) ) ;
#3484 = ORIENTED_EDGE ( 'NONE', *, *, #1367, .F. ) ;
#3485 = CARTESIAN_POINT ( 'NONE',  ( 89.09899453180452156, 2.451993488669635735, 79.17181007779565505 ) ) ;
#3486 = CARTESIAN_POINT ( 'NONE',  ( 91.43404987464589340, -10.70507212274527831, 81.18796270061324094 ) ) ;
#3487 = EDGE_CURVE ( 'NONE', #352, #250, #2955, .T. ) ;
#3488 = AXIS2_PLACEMENT_3D ( 'NONE', #2487, #3012, #3321 ) ;
#3489 = ORIENTED_EDGE ( 'NONE', *, *, #298, .F. ) ;
#3490 = DIRECTION ( 'NONE',  ( 0.000000000000000000, 1.000000000000000000, 0.000000000000000000 ) ) ;
#3491 = CARTESIAN_POINT ( 'NONE',  ( 66.60251968765568620, 2.225480588405533755, 65.73416240211768979 ) ) ;
#3492 = CARTESIAN_POINT ( 'NONE',  ( 58.56980505994576447, -3.298794686161497403, 89.09999999999999432 ) ) ;
#3493 = CARTESIAN_POINT ( 'NONE',  ( 79.83939983615098868, -8.092104885800688763, 86.79040967289004982 ) ) ;
#3494 = ORIENTED_EDGE ( 'NONE', *, *, #3569, .F. ) ;
#3495 = FACE_OUTER_BOUND ( 'NONE', #2054, .T. ) ;
#3496 = CARTESIAN_POINT ( 'NONE',  ( 60.95167265772183640, -3.226180200217524607, 89.15242894017545439 ) ) ;
#3497 = VERTEX_POINT ( 'NONE', #2060 ) ;
#3498 = CARTESIAN_POINT ( 'NONE',  ( 87.01132558061590316, -8.683289130864768168, 79.46486680777262279 ) ) ;
#3499 = AXIS2_PLACEMENT_3D ( 'NONE', #1968, #2257, #2274 ) ;
#3500 = LINE ( 'NONE', #2122, #3026 ) ;
#3501 = CARTESIAN_POINT ( 'NONE',  ( 60.21652286165581103, -3.669898570276042271, 85.23414329158273972 ) ) ;
#3502 = EDGE_CURVE ( 'NONE', #2156, #1429, #666, .T. ) ;
#3503 = CARTESIAN_POINT ( 'NONE',  ( 65.31972833415944990, -0.6317051831995499356, 84.47447304565878312 ) ) ;
#3504 = ORIENTED_EDGE ( 'NONE', *, *, #477, .F. ) ;
#3505 = CARTESIAN_POINT ( 'NONE',  ( 92.16171600008173925, -4.235192395343519323, 79.16393399773176043 ) ) ;
#3506 = CARTESIAN_POINT ( 'NONE',  ( 88.54024495050948929, -7.879791767565806460, 82.20159287602234599 ) ) ;
#3507 = EDGE_CURVE ( 'NONE', #1121, #847, #2759, .T. ) ;
#3508 = ORIENTED_EDGE ( 'NONE', *, *, #2691, .F. ) ;
#3509 = CARTESIAN_POINT ( 'NONE',  ( 78.40985354607929025, -7.769942715640056008, 93.97877380388754887 ) ) ;
#3510 = FACE_OUTER_BOUND ( 'NONE', #783, .T. ) ;
#3511 = CALENDAR_DATE ( 2026, 4, 4 ) ;
#3512 = CARTESIAN_POINT ( 'NONE',  ( 59.12882597794548900, -2.632579498819247465, 89.00942942606729957 ) ) ;
#3513 = FACE_OUTER_BOUND ( 'NONE', #1761, .T. ) ;
#3514 = CARTESIAN_POINT ( 'NONE',  ( 88.90823526512185992, -0.9681018202533061556, 75.10953227376897701 ) ) ;
#3515 = PLANE ( 'NONE',  #1827 ) ;
#3516 = ORIENTED_EDGE ( 'NONE', *, *, #3342, .F. ) ;
#3517 = EDGE_CURVE ( 'NONE', #2954, #503, #116, .T. ) ;
#3518 = CARTESIAN_POINT ( 'NONE',  ( 87.85799631886706607, -7.225593685440792946, 80.47376705689086407 ) ) ;
#3519 = CARTESIAN_POINT ( 'NONE',  ( 78.32092204961308823, 6.302360446516887649, 78.15113026494321957 ) ) ;
#3520 = LINE ( 'NONE', #2718, #3382 ) ;
#3521 = ADVANCED_FACE ( 'NONE', ( #2078 ), #2659, .F. ) ;
#3522 = AXIS2_PLACEMENT_3D ( 'NONE', #1561, #2662, #670 ) ;
#3523 = CARTESIAN_POINT ( 'NONE',  ( 63.06641917710047096, 1.878124132402628543, 84.39907744805940126 ) ) ;
#3524 = ORIENTED_EDGE ( 'NONE', *, *, #2053, .F. ) ;
#3525 = CARTESIAN_POINT ( 'NONE',  ( 90.12023944773544315, -3.659855042239562373, 72.62282314452954779 ) ) ;
#3526 = CARTESIAN_POINT ( 'NONE',  ( 91.27140579111940610, -2.525092443072933790, 79.27379030408039284 ) ) ;
#3527 = ORIENTED_EDGE ( 'NONE', *, *, #2029, .F. ) ;
#3528 = CARTESIAN_POINT ( 'NONE',  ( 68.17549896774509932, 2.448210600426660832, 86.02752884555879120 ) ) ;
#3529 = CARTESIAN_POINT ( 'NONE',  ( 72.70956105398320801, 5.434141794056984054, 77.19169711429894676 ) ) ;
#3530 = COORDINATED_UNIVERSAL_TIME_OFFSET ( 1, 0, .AHEAD. ) ;
#3531 = CARTESIAN_POINT ( 'NONE',  ( 60.86093584894396002, -1.306898775470100915, 88.85023689108406586 ) ) ;
#3532 = CARTESIAN_POINT ( 'NONE',  ( 91.82693058140147002, -10.79361161390585622, 80.91188410360904015 ) ) ;
#3533 = ORIENTED_EDGE ( 'NONE', *, *, #2053, .T. ) ;
#3534 = LINE ( 'NONE', #2357, #3615 ) ;
#3535 = VERTEX_POINT ( 'NONE', #396 ) ;
#3536 = CARTESIAN_POINT ( 'NONE',  ( 74.80127109780748640, 1.715823399861357457, 84.00281446269769958 ) ) ;
#3537 = CARTESIAN_POINT ( 'NONE',  ( 65.70094872917626105, -4.905867319421169270, 85.18178705073435708 ) ) ;
#3538 = DIRECTION ( 'NONE',  ( 0.000000000000000000, 1.000000000000000000, 0.000000000000000000 ) ) ;
#3539 = EDGE_CURVE ( 'NONE', #2640, #3001, #1521, .T. ) ;
#3540 = ADVANCED_FACE ( 'NONE', ( #1245 ), #3515, .T. ) ;
#3541 = CARTESIAN_POINT ( 'NONE',  ( 65.40400927506905759, -4.160822385686737235, 85.17178011515254354 ) ) ;
#3542 = EDGE_LOOP ( 'NONE', ( #458, #2962, #1176, #1221 ) ) ;
#3543 = CARTESIAN_POINT ( 'NONE',  ( 63.02980046450139184, -3.025562608936149367, 85.09359567967834437 ) ) ;
#3544 = CARTESIAN_POINT ( 'NONE',  ( 87.48451945537094332, -9.815007001994546343, 83.47481710043346936 ) ) ;
#3545 = ADVANCED_FACE ( 'NONE', ( #2618 ), #1502, .T. ) ;
#3546 = ORIENTED_EDGE ( 'NONE', *, *, #1180, .F. ) ;
#3547 = CARTESIAN_POINT ( 'NONE',  ( 93.71668800240529151, 1.514806090681238837, 74.92500753810942626 ) ) ;
#3548 = CARTESIAN_POINT ( 'NONE',  ( 86.55854646749460812, -9.606329976683047889, 72.25010016170050164 ) ) ;
#3549 = CARTESIAN_POINT ( 'NONE',  ( 60.73483419446170473, -3.568265638639573911, 89.22034710405658586 ) ) ;
#3550 = CARTESIAN_POINT ( 'NONE',  ( 73.96795675252776903, -6.768918040238901312, 87.66457412625233303 ) ) ;
#3551 = CARTESIAN_POINT ( 'NONE',  ( 77.02435820172883041, 6.319260705764608410, 74.87382260985737048 ) ) ;
#3552 = CARTESIAN_POINT ( 'NONE',  ( 92.73589536439064318, -10.99845567470580932, 76.30883075089461443 ) ) ;
#3553 = ORIENTED_EDGE ( 'NONE', *, *, #2664, .T. ) ;
#3554 = VECTOR ( 'NONE', #3648, 999.9999999999998863 ) ;
#3555 = CARTESIAN_POINT ( 'NONE',  ( 76.24270904636657065, 1.801953697789134612, 83.50357682587288366 ) ) ;
#3556 = CARTESIAN_POINT ( 'NONE',  ( -12.53321533564506396, -12.87027948883124928, 50.26798110410596365 ) ) ;
#3557 = CARTESIAN_POINT ( 'NONE',  ( 92.84582018472943332, -10.51068878994397870, 79.53205883932606923 ) ) ;
#3558 = EDGE_CURVE ( 'NONE', #33, #3104, #2091, .T. ) ;
#3559 = CARTESIAN_POINT ( 'NONE',  ( 59.89259837240598472, -1.900451000626775855, 84.93611242470188927 ) ) ;
#3560 = CARTESIAN_POINT ( 'NONE',  ( 60.96542879555850192, -3.838671811580094850, 65.35983515722148240 ) ) ;
#3561 = ORIENTED_EDGE ( 'NONE', *, *, #2216, .F. ) ;
#3562 = FACE_OUTER_BOUND ( 'NONE', #2907, .T. ) ;
#3563 = CARTESIAN_POINT ( 'NONE',  ( 86.74551368640504734, 3.475959466551370891, 80.54301186930042888 ) ) ;
#3564 = ORIENTED_EDGE ( 'NONE', *, *, #267, .T. ) ;
#3565 = B_SPLINE_CURVE_WITH_KNOTS ( 'NONE', 3,
 ( #1190, #2400, #3200, #2323, #985, #910, #2068, #633, #1771, #3483, #1060, #1633 ),
 .UNSPECIFIED., .F., .F.,
 ( 4, 2, 2, 2, 2, 4 ),
 ( 2.602085213965210642E-18, 0.003064685074675508984, 0.006129370149351015366, 0.007661712686688750343, 0.009194055224026484452, 0.01225874029870196655 ),
 .UNSPECIFIED. ) ;
#3566 = CARTESIAN_POINT ( 'NONE',  ( 87.90384694051391534, -7.236115204732454842, 80.45024819322054555 ) ) ;
#3567 = CARTESIAN_POINT ( 'NONE',  ( 72.28153120992425329, 5.282938055497404584, 77.69656953558333612 ) ) ;
#3568 = CARTESIAN_POINT ( 'NONE',  ( 79.25513791177203871, -12.87027948883124928, 77.12656171043326481 ) ) ;
#3569 = EDGE_CURVE ( 'NONE', #1810, #1410, #3123, .T. ) ;
#3570 = CARTESIAN_POINT ( 'NONE',  ( 59.22171934844905650, -2.521873490796750161, 89.01711962166272940 ) ) ;
#3571 = CARTESIAN_POINT ( 'NONE',  ( 91.47916202994188950, -10.71523858600103729, 80.31640290072702726 ) ) ;
#3572 = CARTESIAN_POINT ( 'NONE',  ( 81.43464085298029431, 5.753858074052127236, 75.97342957526782925 ) ) ;
#3573 = CARTESIAN_POINT ( 'NONE',  ( 61.01381317467841114, -3.849575702339772310, 65.36577601196627541 ) ) ;
#3574 = ORIENTED_EDGE ( 'NONE', *, *, #1558, .F. ) ;
#3575 = CARTESIAN_POINT ( 'NONE',  ( 59.87430619141368027, -1.744150776235389388, 88.66525766674098463 ) ) ;
#3576 = CARTESIAN_POINT ( 'NONE',  ( 93.34578095819396992, -10.51695177618797850, 79.53205883932612608 ) ) ;
#3577 = DIRECTION ( 'NONE',  ( -0.9963144802079758611, -0.000000000000000000, -0.08577561732748278933 ) ) ;
#3578 = AXIS2_PLACEMENT_3D ( 'NONE', #1563, #3538, #983 ) ;
#3579 = VECTOR ( 'NONE', #3405, 1000.000000000000000 ) ;
#3580 = VECTOR ( 'NONE', #733, 1000.000000000000000 ) ;
#3581 = CARTESIAN_POINT ( 'NONE',  ( 82.25413396760951912, 7.183532907456136485, 82.12976995543115777 ) ) ;
#3582 = CARTESIAN_POINT ( 'NONE',  ( 92.35337854273177527, -9.362886243181096191, 76.23897818797389903 ) ) ;
#3583 = ORIENTED_EDGE ( 'NONE', *, *, #3162, .F. ) ;
#3584 = DIRECTION ( 'NONE',  ( 0.08502343775359229305, -0.01916085923062344973, 0.9961946980917461003 ) ) ;
#3585 = VERTEX_POINT ( 'NONE', #646 ) ;
#3586 = CARTESIAN_POINT ( 'NONE',  ( 73.83028997572773733, -6.015647246280053650, 86.81243091875384721 ) ) ;
#3587 = CARTESIAN_POINT ( 'NONE',  ( 61.46399587474481763, 0.1503676149360503034, 88.17656594034683337 ) ) ;
#3588 = CARTESIAN_POINT ( 'NONE',  ( 62.93496534119678643, -0.4542032499870695128, 84.64593258736509540 ) ) ;
#3589 = CARTESIAN_POINT ( 'NONE',  ( 60.94545059094648565, -3.224800131571900597, 89.15211359796134616 ) ) ;
#3590 = CARTESIAN_POINT ( 'NONE',  ( 79.99542659649083021, 6.109174890246434231, 75.61459315903381651 ) ) ;
#3591 = CARTESIAN_POINT ( 'NONE',  ( 84.33344892880805332, 5.021139541595750266, 77.49178352581172646 ) ) ;
#3592 = EDGE_CURVE ( 'NONE', #3219, #1058, #407, .T. ) ;
#3593 = CARTESIAN_POINT ( 'NONE',  ( 63.06641917710047096, 1.878124132402628543, 84.39907744805940126 ) ) ;
#3594 = CARTESIAN_POINT ( 'NONE',  ( 86.01737055852476033, 5.538146128861141548, 80.21728101985175385 ) ) ;
#3595 = CARTESIAN_POINT ( 'NONE',  ( 87.34846558381318005, -8.506001205164395174, 77.44855550772749098 ) ) ;
#3596 = VECTOR ( 'NONE', #202, 1000.000000000000114 ) ;
#3597 = CARTESIAN_POINT ( 'NONE',  ( 83.52302162674394026, 6.672429209497489744, 81.61468665050804816 ) ) ;
#3598 = CARTESIAN_POINT ( 'NONE',  ( 69.30615263967790440, 3.914444366111354157, 81.79333352641357635 ) ) ;
#3599 = ORIENTED_EDGE ( 'NONE', *, *, #3336, .F. ) ;
#3600 = DIRECTION ( 'NONE',  ( 0.000000000000000000, -1.000000000000000000, 0.000000000000000000 ) ) ;
#3601 = ADVANCED_FACE ( 'NONE', ( #2224 ), #2713, .F. ) ;
#3602 = VERTEX_POINT ( 'NONE', #3334 ) ;
#3603 = CARTESIAN_POINT ( 'NONE',  ( 92.04548011621569970, -11.52888482321569086, 78.94819734992240967 ) ) ;
#3604 = CARTESIAN_POINT ( 'NONE',  ( 72.59869719157812540, 5.396169935813483143, 74.32716951414901985 ) ) ;
#3605 = CARTESIAN_POINT ( 'NONE',  ( 92.48263136390906425, -10.27962842149164757, 80.33857758357832779 ) ) ;
#3606 = UNCERTAINTY_MEASURE_WITH_UNIT (LENGTH_MEASURE( 1.000000000000000082E-05 ), #2553, 'distance_accuracy_value', 'NONE');
#3607 = B_SPLINE_CURVE_WITH_KNOTS ( 'NONE', 3,
 ( #605, #1741, #3173, #2915 ),
 .UNSPECIFIED., .F., .F.,
 ( 4, 4 ),
 ( 0.000000000000000000, 0.003000334023798574990 ),
 .UNSPECIFIED. ) ;
#3608 = CARTESIAN_POINT ( 'NONE',  ( 61.18055395883179415, -3.887152360931685813, 89.28545761104183498 ) ) ;
#3609 = DIRECTION ( 'NONE',  ( 0.000000000000000000, 1.000000000000000000, -0.000000000000000000 ) ) ;
#3610 = CARTESIAN_POINT ( 'NONE',  ( 91.83911207021036205, -10.79635683098462628, 76.89342795573656986 ) ) ;
#3611 = B_SPLINE_CURVE_WITH_KNOTS ( 'NONE', 3,
 ( #598, #1453, #896, #2911 ),
 .UNSPECIFIED., .F., .F.,
 ( 4, 4 ),
 ( 0.03125129095532889340, 0.03402872381039499100 ),
 .UNSPECIFIED. ) ;
#3612 = CARTESIAN_POINT ( 'NONE',  ( 85.98507779123997352, 5.586722070452992739, 80.31189718542543687 ) ) ;
#3613 = CARTESIAN_POINT ( 'NONE',  ( 79.10041821291591191, 8.256944053786696713, 82.88906820132378073 ) ) ;
#3614 = CARTESIAN_POINT ( 'NONE',  ( 59.37046672063112140, -3.479231584234161900, 85.17188014711665289 ) ) ;
#3615 = VECTOR ( 'NONE', #1222, 1000.000000000000227 ) ;
#3616 = FACE_OUTER_BOUND ( 'NONE', #2020, .T. ) ;
#3617 = CARTESIAN_POINT ( 'NONE',  ( 60.21645319596667179, -3.669914963472484803, 87.23382009374380175 ) ) ;
#3618 = ORIENTED_EDGE ( 'NONE', *, *, #2833, .F. ) ;
#3619 = CARTESIAN_POINT ( 'NONE',  ( 71.67562180376037873, -24.34514151605358734, 88.10439329979597289 ) ) ;
#3620 = AXIS2_PLACEMENT_3D ( 'NONE', #2225, #255, #3350 ) ;
#3621 = ORIENTED_EDGE ( 'NONE', *, *, #1230, .T. ) ;
#3622 = CARTESIAN_POINT ( 'NONE',  ( 74.84108504282200158, 8.060677203599254881, 84.47347537506840354 ) ) ;
#3623 = DIRECTION ( 'NONE',  ( 0.000000000000000000, 1.000000000000000000, -0.000000000000000000 ) ) ;
#3624 = B_SPLINE_CURVE_WITH_KNOTS ( 'NONE', 3,
 ( #2748, #2433, #757, #3571, #3265, #721, #1363, #234, #1068, #2204, #3332, #3550, #1928, #462, #2153, #3284, #2731, #478, #1052, #201, #2188, #3057, #3319, #777 ),
 .UNSPECIFIED., .F., .F.,
 ( 4, 2, 2, 2, 2, 2, 2, 2, 2, 2, 2, 4 ),
 ( 0.000000000000000000, 0.001131180077316534978, 0.002262360154633069956, 0.004524720309266082666, 0.009049440618532073391, 0.01809888123706403923, 0.02714832185559599639, 0.02941068201022901951, 0.03167304216486204610, 0.03393540231949506575, 0.03506658239681158251, 0.03619776247412809927 ),
 .UNSPECIFIED. ) ;
#3625 = ADVANCED_FACE ( 'NONE', ( #170 ), #1397, .T. ) ;
#3626 = CARTESIAN_POINT ( 'NONE',  ( 71.25506422411295659, -6.157541304388716163, 88.85423482126776662 ) ) ;
#3627 = CARTESIAN_POINT ( 'NONE',  ( 62.94588614508603541, -1.199999999999999956, 80.99999999999998579 ) ) ;
#3628 = CARTESIAN_POINT ( 'NONE',  ( 91.81547285797766733, -8.982671174055044006, 78.48801428156333770 ) ) ;
#3629 = DIRECTION ( 'NONE',  ( 0.000000000000000000, 1.000000000000000000, -0.000000000000000000 ) ) ;
#3630 = CARTESIAN_POINT ( 'NONE',  ( 60.52786201597336202, -0.9652732743761696099, 84.83004832859641908 ) ) ;
#3631 = CARTESIAN_POINT ( 'NONE',  ( 75.38671562056809705, 8.150239835396480004, 84.27747826585519419 ) ) ;
#3632 = CARTESIAN_POINT ( 'NONE',  ( 78.67925666340165947, 22.24132382095048754, 75.96742282180213124 ) ) ;
#3633 = EDGE_LOOP ( 'NONE', ( #3434, #2049 ) ) ;
#3634 = PLANE ( 'NONE',  #763 ) ;
#3635 = DIRECTION ( 'NONE',  ( -0.9478986130028166368, 0.2136181783343425178, -0.2363376680778024042 ) ) ;
#3636 = CARTESIAN_POINT ( 'NONE',  ( 87.73204061465209236, -8.845709278502047468, 82.57921135729095852 ) ) ;
#3637 = ADVANCED_FACE ( 'NONE', ( #2435 ), #776, .T. ) ;
#3638 = EDGE_LOOP ( 'NONE', ( #2885, #2676, #3154, #2635, #1890, #875, #45, #2376 ) ) ;
#3639 = CARTESIAN_POINT ( 'NONE',  ( 81.86936321025325469, 7.308218877127306001, 82.28641185908935540 ) ) ;
#3640 = CARTESIAN_POINT ( 'NONE',  ( 90.25143289251731460, -9.413478849556067729, 77.67705245584927809 ) ) ;
#3641 = LINE ( 'NONE', #1946, #3292 ) ;
#3642 = CARTESIAN_POINT ( 'NONE',  ( 79.40648789303649835, 6.734157393507357092, 79.43611715106692373 ) ) ;
#3643 = CARTESIAN_POINT ( 'NONE',  ( 81.95844900600116034, 7.692054542360181379, 78.19070448630800740 ) ) ;
#3644 = CARTESIAN_POINT ( 'NONE',  ( 73.75864651598323007, 3.482999479109565848E-15, 84.66655204910081522 ) ) ;
#3645 = CARTESIAN_POINT ( 'NONE',  ( 59.20873793211224267, -3.419607632054118440, 85.15327517815042313 ) ) ;
#3646 = ORIENTED_EDGE ( 'NONE', *, *, #2768, .T. ) ;
#3647 = CARTESIAN_POINT ( 'NONE',  ( 88.91155258985412502, 2.263647664581014407, 79.61214750991956635 ) ) ;
#3648 = DIRECTION ( 'NONE',  ( -0.1391731009600729874, 1.623782488798836629E-16, 0.9902680687415693628 ) ) ;
#3649 = CARTESIAN_POINT ( 'NONE',  ( 65.41203549887902113, -4.840757910978918055, 72.89214641920480631 ) ) ;
#3650 = EDGE_CURVE ( 'NONE', #3038, #55, #27, .T. ) ;
#3651 = ORIENTED_EDGE ( 'NONE', *, *, #751, .T. ) ;
#3652 = CARTESIAN_POINT ( 'NONE',  ( 84.78249421672859398, 5.999827649701016341, 81.10964708143350776 ) ) ;
#3653 = EDGE_CURVE ( 'NONE', #24, #2324, #3387, .T. ) ;
#3654 = B_SPLINE_CURVE_WITH_KNOTS ( 'NONE', 3,
 ( #1075, #1089, #2211, #242, #3595, #2175, #1935 ),
 .UNSPECIFIED., .F., .F.,
 ( 4, 3, 4 ),
 ( 4.371456231497731789E-13, 0.001043488547016284450, 0.001816968689471716667 ),
 .UNSPECIFIED. ) ;
#3655 = CARTESIAN_POINT ( 'NONE',  ( 90.85438454968168287, -10.57443889988218189, 75.28622998076110662 ) ) ;
#3656 = DIRECTION ( 'NONE',  ( 0.9271838545667907550, 0.000000000000000000, -0.3746065934159037991 ) ) ;
#3657 =( NAMED_UNIT ( * ) SI_UNIT ( $, .STERADIAN. ) SOLID_ANGLE_UNIT ( ) );
#3658 = DIRECTION ( 'NONE',  ( 0.08577561732747750189, 0.000000000000000000, -0.9963144802079764162 ) ) ;
#3659 = EDGE_CURVE ( 'NONE', #3497, #1045, #2712, .T. ) ;
#3660 = CARTESIAN_POINT ( 'NONE',  ( 89.55692312266450017, -9.256964313258343680, 76.98841261769196365 ) ) ;
#3661 = CARTESIAN_POINT ( 'NONE',  ( 65.08150284989962131, -2.981420839357836083, 84.82556310656435983 ) ) ;
#3662 = CARTESIAN_POINT ( 'NONE',  ( 71.67562180376037873, -24.34514151605358734, 88.10439329979597289 ) ) ;
#3663 = APPROVAL_PERSON_ORGANIZATION ( #1836, #2342, #2968 ) ;
#3664 = DIRECTION ( 'NONE',  ( 0.9755345439458567025, -0.2198462043528367493, 0.000000000000000000 ) ) ;
#3665 = EDGE_CURVE ( 'NONE', #1850, #676, #3414, .T. ) ;
#3666 = CARTESIAN_POINT ( 'NONE',  ( 80.71376232022727493, -3.140923327617127114, 83.39339993399408968 ) ) ;
#3667 = CARTESIAN_POINT ( 'NONE',  ( 87.83037443239932429, -27.98577225509315269, 80.52609979593988498 ) ) ;
#3668 = EDGE_LOOP ( 'NONE', ( #1442, #709, #3646, #2333, #1090, #1865, #639, #195, #388, #1237, #2119, #1740, #423, #1977, #2039, #2579, #2788, #931, #1603, #420, #684, #136, #1129, #1292, #2859, #449, #163, #2742, #1250, #2276, #292, #925 ) ) ;
#3669 = CARTESIAN_POINT ( 'NONE',  ( 73.61223610771230597, 7.795523578909018703, 85.41022608296522378 ) ) ;
#3670 = EDGE_CURVE ( 'NONE', #2149, #701, #1199, .T. ) ;
#3671 = DIRECTION ( 'NONE',  ( 0.9702957262759943635, 0.000000000000000000, 0.2419218955996758902 ) ) ;
#3672 = LINE ( 'NONE', #527, #556 ) ;
#3673 = COORDINATED_UNIVERSAL_TIME_OFFSET ( 1, 0, .AHEAD. ) ;
#3674 = CARTESIAN_POINT ( 'NONE',  ( 93.32692249335993040, -11.13164939067810799, 79.89999999999888303 ) ) ;
#3675 = EDGE_CURVE ( 'NONE', #404, #1734, #2221, .T. ) ;
#3676 = CARTESIAN_POINT ( 'NONE',  ( 80.12827374116875490, 8.165629413877459442, 82.93358991934746882 ) ) ;
#3677 = CARTESIAN_POINT ( 'NONE',  ( 65.76663500124068662, -4.578977324459254206, 85.09278926682026167 ) ) ;
#3678 = EDGE_LOOP ( 'NONE', ( #2136, #3167, #1664, #1764 ) ) ;
#3679 = CARTESIAN_POINT ( 'NONE',  ( 65.00422745945753888, -3.723775374245213321, 85.78765736903304173 ) ) ;
#3680 = CARTESIAN_POINT ( 'NONE',  ( 64.00919715070550353, -0.06547463751384133279, 77.47807748207542033 ) ) ;
#3681 = CARTESIAN_POINT ( 'NONE',  ( 74.22916784587562233, 6.494158180281887738, 81.41281689234590146 ) ) ;
#3682 = CARTESIAN_POINT ( 'NONE',  ( 67.75404001324824321, 4.740181645160713053, 87.32795552223825553 ) ) ;
#3683 = CARTESIAN_POINT ( 'NONE',  ( 70.81495957821825016, -3.500000000000000000, 73.34805201710796041 ) ) ;
#3684 = CARTESIAN_POINT ( 'NONE',  ( 65.41203549887902113, -3.499999999999999556, 75.39214641920482052 ) ) ;
ENDSEC;
END-ISO-10303-21;
