ISO-10303-21;
HEADER;
FILE_DESCRIPTION (( 'STEP AP203' ),
    '1' );
FILE_NAME ('Speaker Cover Left REF2006.STEP',
    '2026-04-04T17:36:12',
    ( '' ),
    ( '' ),
    'SwSTEP 2.0',
    'SolidWorks 2026',
    '' );
FILE_SCHEMA (( 'CONFIG_CONTROL_DESIGN' ));
ENDSEC;

DATA;
#1 = VECTOR ( 'NONE', #1035, 1000.000000000000000 ) ;
#2 = DIRECTION ( 'NONE',  ( 1.743440679373674331E-16, 1.000000000000000000, 0.000000000000000000 ) ) ;
#3 = PLANE ( 'NONE',  #1268 ) ;
#4 =( GEOMETRIC_REPRESENTATION_CONTEXT ( 3 ) GLOBAL_UNCERTAINTY_ASSIGNED_CONTEXT ( ( #1347 ) ) GLOBAL_UNIT_ASSIGNED_CONTEXT ( ( #572, #182, #199 ) ) REPRESENTATION_CONTEXT ( 'NONE', 'WORKASPACE' ) );
#5 = LINE ( 'NONE', #1181, #203 ) ;
#6 = AXIS2_PLACEMENT_3D ( 'NONE', #1275, #681, #906 ) ;
#7 = CARTESIAN_POINT ( 'NONE',  ( -69.70505808076642040, 2.385046401125098026, 12.64921734047270263 ) ) ;
#8 = ORIENTED_EDGE ( 'NONE', *, *, #1403, .T. ) ;
#9 = ADVANCED_FACE ( 'NONE', ( #1123 ), #667, .F. ) ;
#10 = ORIENTED_EDGE ( 'NONE', *, *, #1129, .F. ) ;
#11 = DIRECTION ( 'NONE',  ( -1.000000000000000000, 0.000000000000000000, 0.000000000000000000 ) ) ;
#12 = DIRECTION ( 'NONE',  ( 0.000000000000000000, 0.000000000000000000, 1.000000000000000000 ) ) ;
#13 = EDGE_CURVE ( 'NONE', #693, #312, #791, .T. ) ;
#14 = CARTESIAN_POINT ( 'NONE',  ( -67.34906365552248531, 14.44484411187598916, 11.00000000000029488 ) ) ;
#15 = CARTESIAN_POINT ( 'NONE',  ( -67.99999999999998579, 11.50000000000000000, 13.09999999999999964 ) ) ;
#16 = CARTESIAN_POINT ( 'NONE',  ( -80.00000000000000000, 25.19999999999999929, 10.19999999999999929 ) ) ;
#17 = ORIENTED_EDGE ( 'NONE', *, *, #958, .F. ) ;
#18 = VECTOR ( 'NONE', #696, 1000.000000000000000 ) ;
#19 = ORIENTED_EDGE ( 'NONE', *, *, #1394, .F. ) ;
#20 = CARTESIAN_POINT ( 'NONE',  ( -85.40000000000000568, 24.00000000000000000, 19.00000000000000000 ) ) ;
#21 = DIRECTION ( 'NONE',  ( 0.000000000000000000, 0.000000000000000000, 1.000000000000000000 ) ) ;
#22 = CARTESIAN_POINT ( 'NONE',  ( -66.59564907044887150, 14.29562307553131006, 11.00000000000030731 ) ) ;
#23 = FACE_OUTER_BOUND ( 'NONE', #793, .T. ) ;
#24 = CARTESIAN_POINT ( 'NONE',  ( -65.74847830645768454, 7.901202433683411464, 13.09999999999999964 ) ) ;
#25 = ORIENTED_EDGE ( 'NONE', *, *, #205, .T. ) ;
#26 = ORIENTED_EDGE ( 'NONE', *, *, #579, .F. ) ;
#27 = CARTESIAN_POINT ( 'NONE',  ( -60.75000000000000000, 6.230325619078903365, 9.099999999999997868 ) ) ;
#28 = DIRECTION ( 'NONE',  ( 0.5773502691896316152, -0.5773502691896265082, -0.5773502691896191807 ) ) ;
#29 = DIRECTION ( 'NONE',  ( 0.000000000000000000, 0.000000000000000000, 1.000000000000000000 ) ) ;
#30 = DIRECTION ( 'NONE',  ( 1.000000000000000000, 0.000000000000000000, 0.000000000000000000 ) ) ;
#31 = EDGE_CURVE ( 'NONE', #1061, #711, #522, .T. ) ;
#32 = CARTESIAN_POINT ( 'NONE',  ( -65.82371092537250945, 7.758804228221353405, 13.10000000000000320 ) ) ;
#33 = VERTEX_POINT ( 'NONE', #1223 ) ;
#34 = ORIENTED_EDGE ( 'NONE', *, *, #850, .F. ) ;
#35 = CARTESIAN_POINT ( 'NONE',  ( 0.000000000000000000, 21.84999999999999076, 9.999999999999998224 ) ) ;
#36 = DIRECTION ( 'NONE',  ( 0.000000000000000000, 1.000000000000000000, 0.000000000000000000 ) ) ;
#37 = CARTESIAN_POINT ( 'NONE',  ( -67.34906365552222951, 8.677107107635531946, 11.00000000000029488 ) ) ;
#38 = CARTESIAN_POINT ( 'NONE',  ( -79.16313146642897891, 14.44484411187708517, 10.99999999999951861 ) ) ;
#39 = VECTOR ( 'NONE', #28, 1000.000000000000114 ) ;
#40 = CARTESIAN_POINT ( 'NONE',  ( -65.00000000000000000, 2.504454856369833671, 13.02913458059479090 ) ) ;
#41 = ORIENTED_EDGE ( 'NONE', *, *, #923, .T. ) ;
#42 = ADVANCED_FACE ( 'NONE', ( #890 ), #68, .T. ) ;
#43 = VERTEX_POINT ( 'NONE', #1231 ) ;
#44 = CARTESIAN_POINT ( 'NONE',  ( -86.40000000000000568, 22.99999999999999289, 9.099999999999997868 ) ) ;
#45 = CARTESIAN_POINT ( 'NONE',  ( -82.34115499825081486, 7.749999999999994671, 9.099999999999997868 ) ) ;
#46 = MANIFOLD_SOLID_BREP ( 'Basisteil-Speaker_Cover-1', #959 ) ;
#47 = CARTESIAN_POINT ( 'NONE',  ( -76.01885663603536614, 14.44484411187599093, 11.00000000000029132 ) ) ;
#48 = CARTESIAN_POINT ( 'NONE',  ( -85.40000000000000568, 23.00000000000000000, 19.00000000000000000 ) ) ;
#49 = CARTESIAN_POINT ( 'NONE',  ( -68.74517194978065504, 2.440615156462428104, 12.79456315827488488 ) ) ;
#50 = VERTEX_POINT ( 'NONE', #131 ) ;
#51 = ORIENTED_EDGE ( 'NONE', *, *, #754, .T. ) ;
#52 = CARTESIAN_POINT ( 'NONE',  ( -84.00000000000000000, 25.19999999999999929, 9.099999999999997868 ) ) ;
#53 = CARTESIAN_POINT ( 'NONE',  ( -76.49309629021165335, 17.24945755175870588, 9.000000000000014211 ) ) ;
#54 = CARTESIAN_POINT ( 'NONE',  ( -67.72553166213074860, 8.677107107635789518, 11.00000000000000000 ) ) ;
#55 = CARTESIAN_POINT ( 'NONE',  ( -67.18376086493674393, 6.631159571149819243, 13.10000000000000142 ) ) ;
#56 = VERTEX_POINT ( 'NONE', #1483 ) ;
#57 = VERTEX_POINT ( 'NONE', #1096 ) ;
#58 = EDGE_CURVE ( 'NONE', #404, #1218, #623, .T. ) ;
#59 = CARTESIAN_POINT ( 'NONE',  ( -70.61032114391707637, 2.314900924361101175, 13.09999999999999964 ) ) ;
#60 = VECTOR ( 'NONE', #782, 1000.000000000000000 ) ;
#61 = PERSON_AND_ORGANIZATION_ROLE ( 'creator' ) ;
#62 = B_SPLINE_CURVE_WITH_KNOTS ( 'NONE', 3,
 ( #54, #507, #981, #774, #1365, #256, #292, #523, #1355, #1243, #385, #624, #514, #540, #38, #402 ),
 .UNSPECIFIED., .F., .F.,
 ( 4, 1, 1, 1, 2, 1, 1, 1, 1, 1, 1, 1, 4 ),
 ( 0.01991115639459447792, 0.02259359221264672229, 0.02527602803069897361, 0.02795846384875122492, 0.03064089966680347277, 0.03173402526797438478, 0.03282715086914529679, 0.03392027647031621573, 0.03501340207148713468, 0.03610652767265803975, 0.03719965327382895870, 0.03829277887499987765, 0.03938590447617078966 ),
 .UNSPECIFIED. ) ;
#63 = CARTESIAN_POINT ( 'NONE',  ( -67.00361066498733464, 6.635290248915592493, 13.10000000000003695 ) ) ;
#64 = PLANE ( 'NONE',  #257 ) ;
#65 = CARTESIAN_POINT ( 'NONE',  ( -79.82530124287107753, 10.80165125141075322, 13.09999999999998899 ) ) ;
#66 = ORIENTED_EDGE ( 'NONE', *, *, #169, .T. ) ;
#67 = ORIENTED_EDGE ( 'NONE', *, *, #537, .T. ) ;
#68 = B_SPLINE_SURFACE_WITH_KNOTS ( 'NONE', 3, 1, ( 
 ( #763, #156 ),
 ( #870, #1364 ),
 ( #410, #384 ),
 ( #1345, #615 ),
 ( #1354, #980 ),
 ( #273, #631 ),
 ( #255, #148 ),
 ( #1207, #854 ) ),
 .UNSPECIFIED., .F., .F., .F.,
 ( 4, 1, 1, 1, 1, 4 ),
 ( 2, 2 ),
 ( 0.000000000000000000, 0.02111860554440511684, 0.05236860554440511684, 0.08361860554440511684, 0.09924360554440511684, 0.1148686055444051168 ),
 ( 0.000000000000000000, 1.000000000000000000 ),
 .UNSPECIFIED. ) ;
#69 = CARTESIAN_POINT ( 'NONE',  ( 0.000000000000000000, 0.000000000000000000, 10.59999999999999964 ) ) ;
#70 = PERSON_AND_ORGANIZATION ( #18446744073709551615, #18446744073709551615 ) ;
#71 = CARTESIAN_POINT ( 'NONE',  ( -80.79288578149254363, 17.08696909881490456, 8.999999999999998224 ) ) ;
#72 = CARTESIAN_POINT ( 'NONE',  ( -77.99999999810610518, 11.50000000000000355, 13.10000000000000142 ) ) ;
#73 = VECTOR ( 'NONE', #588, 1000.000000000000000 ) ;
#74 = CARTESIAN_POINT ( 'NONE',  ( -67.83370153274394454, 6.500000000138407508, 13.09999999999999432 ) ) ;
#75 = EDGE_LOOP ( 'NONE', ( #179, #770, #1034, #25 ) ) ;
#76 = ORIENTED_EDGE ( 'NONE', *, *, #412, .T. ) ;
#77 = CARTESIAN_POINT ( 'NONE',  ( -63.54999999999999716, 21.94999999999999218, 9.599999999999999645 ) ) ;
#78 = APPROVAL_ROLE ( '' ) ;
#79 = LINE ( 'NONE', #1145, #1167 ) ;
#80 = CARTESIAN_POINT ( 'NONE',  ( -86.40000000000000568, 6.230325619078903365, 10.59999999999999964 ) ) ;
#81 = EDGE_CURVE ( 'NONE', #655, #1247, #1446, .T. ) ;
#82 = CARTESIAN_POINT ( 'NONE',  ( -70.47909500084945478, 11.49999999999999645, 13.09999999999996945 ) ) ;
#83 = VECTOR ( 'NONE', #678, 1000.000000000000000 ) ;
#84 = VERTEX_POINT ( 'NONE', #377 ) ;
#85 = APPROVAL_PERSON_ORGANIZATION ( #1136, #1377, #88 ) ;
#86 = FACE_OUTER_BOUND ( 'NONE', #560, .T. ) ;
#87 = ADVANCED_FACE ( 'NONE', ( #401 ), #880, .F. ) ;
#88 = APPROVAL_ROLE ( '' ) ;
#89 = VECTOR ( 'NONE', #837, 1000.000000000000000 ) ;
#90 = CARTESIAN_POINT ( 'NONE',  ( -72.99999999999998579, 6.500000000000007994, 13.10000000000000142 ) ) ;
#91 = DIRECTION ( 'NONE',  ( 0.000000000000000000, -1.000000000000000000, 0.000000000000000000 ) ) ;
#92 = CARTESIAN_POINT ( 'NONE',  ( -75.52090499915040311, 11.49999999999999112, 13.09999999999997478 ) ) ;
#93 = ORIENTED_EDGE ( 'NONE', *, *, #1528, .T. ) ;
#94 = ADVANCED_FACE ( 'NONE', ( #988 ), #1337, .F. ) ;
#95 = CARTESIAN_POINT ( 'NONE',  ( -70.61032114391707637, 4.452107634010300963, 10.59999999999999964 ) ) ;
#96 = DIRECTION ( 'NONE',  ( 0.000000000000000000, 0.000000000000000000, 1.000000000000000000 ) ) ;
#97 = DIRECTION ( 'NONE',  ( -0.000000000000000000, 0.5735764363510493791, 0.8191520442889895781 ) ) ;
#98 = AXIS2_PLACEMENT_3D ( 'NONE', #403, #387, #633 ) ;
#99 = CARTESIAN_POINT ( 'NONE',  ( -82.87195168054114447, 13.99999999999996270, 8.999999999999992895 ) ) ;
#100 = APPLICATION_CONTEXT ( 'configuration controlled 3d designs of mechanical parts and assemblies' ) ;
#101 = ORIENTED_EDGE ( 'NONE', *, *, #1366, .F. ) ;
#102 = LINE ( 'NONE', #1188, #892 ) ;
#103 = CARTESIAN_POINT ( 'NONE',  ( -67.99999999983442933, 6.500000000000000000, 13.09999999999999964 ) ) ;
#104 = LINE ( 'NONE', #115, #1344 ) ;
#105 = ORIENTED_EDGE ( 'NONE', *, *, #949, .T. ) ;
#106 = DIRECTION ( 'NONE',  ( 0.000000000000000000, -1.000000000000000000, 0.000000000000000000 ) ) ;
#107 = DIRECTION ( 'NONE',  ( -1.000000000000000000, 0.000000000000000000, 0.000000000000000000 ) ) ;
#108 = DIRECTION ( 'NONE',  ( 0.000000000000000000, -1.000000000000000000, -0.000000000000000000 ) ) ;
#109 = ORIENTED_EDGE ( 'NONE', *, *, #81, .T. ) ;
#110 = VECTOR ( 'NONE', #122, 1000.000000000000000 ) ;
#111 = EDGE_LOOP ( 'NONE', ( #1503, #884 ) ) ;
#112 = CARTESIAN_POINT ( 'NONE',  ( -63.25000000000000000, 22.25000000000000000, 9.099999999999997868 ) ) ;
#113 = CARTESIAN_POINT ( 'NONE',  ( -63.54999999999999716, 8.049999999999995381, 9.599999999999999645 ) ) ;
#114 = EDGE_CURVE ( 'NONE', #1547, #456, #532, .T. ) ;
#115 = CARTESIAN_POINT ( 'NONE',  ( -64.99999999999998579, 24.00000000000000000, 10.19999999999999929 ) ) ;
#116 = B_SPLINE_SURFACE_WITH_KNOTS ( 'NONE', 3, 3, ( 
 ( #244, #1531, #1201, #1052 ),
 ( #1080, #7, #493, #966 ),
 ( #1442, #49, #150, #293 ),
 ( #275, #1234, #1253, #1494 ),
 ( #900, #422, #1476, #1339 ),
 ( #1098, #757, #516, #160 ),
 ( #1375, #40, #873, #170 ) ),
 .UNSPECIFIED., .F., .F., .F.,
 ( 4, 3, 4 ),
 ( 4, 4 ),
 ( 0.000000000000000000, 0.06264753942312874246, 0.1252950788462574849 ),
 ( 0.1850491062321799052, 0.2745972459136784005 ),
 .UNSPECIFIED. ) ;
#117 = LINE ( 'NONE', #1523, #625 ) ;
#118 = EDGE_LOOP ( 'NONE', ( #660, #1326, #1535, #1227, #1325 ) ) ;
#119 = ORIENTED_EDGE ( 'NONE', *, *, #847, .F. ) ;
#120 = CARTESIAN_POINT ( 'NONE',  ( -77.99999999999975842, 6.500000000000001776, 13.10000000000000142 ) ) ;
#121 = B_SPLINE_CURVE_WITH_KNOTS ( 'NONE', 1,
 ( #1184, #1076 ),
 .UNSPECIFIED., .F., .F.,
 ( 2, 2 ),
 ( 0.000000000000000000, 0.5121951219512979048 ),
 .UNSPECIFIED. ) ;
#122 = DIRECTION ( 'NONE',  ( 1.000000000000000000, 0.000000000000000000, 0.000000000000000000 ) ) ;
#123 = DIRECTION ( 'NONE',  ( 1.000000000000000000, 0.000000000000000000, 0.000000000000000000 ) ) ;
#124 = ADVANCED_FACE ( 'NONE', ( #264 ), #1050, .T. ) ;
#125 = DIRECTION ( 'NONE',  ( 1.000000000000000000, 0.000000000000000000, 0.000000000000000000 ) ) ;
#126 = ORIENTED_EDGE ( 'NONE', *, *, #1230, .T. ) ;
#127 = ADVANCED_FACE ( 'NONE', ( #1021 ), #1500, .T. ) ;
#128 = EDGE_CURVE ( 'NONE', #1002, #858, #79, .T. ) ;
#129 = LINE ( 'NONE', #262, #1430 ) ;
#130 = LINE ( 'NONE', #254, #647 ) ;
#131 = CARTESIAN_POINT ( 'NONE',  ( -83.75000000000000000, 22.25000000000000000, 11.00000000000000000 ) ) ;
#132 = CARTESIAN_POINT ( 'NONE',  ( -77.18026907409863213, 11.50000000000000178, 13.09999999999999964 ) ) ;
#133 = AXIS2_PLACEMENT_3D ( 'NONE', #665, #1389, #454 ) ;
#134 = LINE ( 'NONE', #216, #1499 ) ;
#135 = ORIENTED_EDGE ( 'NONE', *, *, #1200, .T. ) ;
#136 = ORIENTED_EDGE ( 'NONE', *, *, #325, .F. ) ;
#137 = CARTESIAN_POINT ( 'NONE',  ( 0.000000000000000000, 4.452107634010300963, 13.09999999999999964 ) ) ;
#138 = CARTESIAN_POINT ( 'NONE',  ( 0.000000000000000000, 0.000000000000000000, 0.000000000000000000 ) ) ;
#139 = CARTESIAN_POINT ( 'NONE',  ( -63.25000000000000000, 22.25000000000000000, 4.722651841573941134 ) ) ;
#140 = CYLINDRICAL_SURFACE ( 'NONE', #668, 1.000000000000000888 ) ;
#141 = CARTESIAN_POINT ( 'NONE',  ( -65.49996053251715011, 8.837609930465703201, 13.09999999999999964 ) ) ;
#142 = VERTEX_POINT ( 'NONE', #1517 ) ;
#143 = VECTOR ( 'NONE', #1089, 1000.000000000000000 ) ;
#144 = ORIENTED_EDGE ( 'NONE', *, *, #928, .F. ) ;
#145 = DIRECTION ( 'NONE',  ( -1.000000000000000000, 0.000000000000000000, 0.000000000000000000 ) ) ;
#146 = CARTESIAN_POINT ( 'NONE',  ( -83.75000000000000000, -4.234288173559414226, 9.099999999999997868 ) ) ;
#147 = PRODUCT_RELATED_PRODUCT_CATEGORY ( 'detail', '', ( #321 ) ) ;
#148 = CARTESIAN_POINT ( 'NONE',  ( -65.29014651746715003, 2.500000000000000000, 10.53652102578509187 ) ) ;
#149 = CARTESIAN_POINT ( 'NONE',  ( -80.00000000000000000, 25.19999999999999929, 9.099999999999997868 ) ) ;
#150 = CARTESIAN_POINT ( 'NONE',  ( -68.76153424035837247, 2.455900688476316596, 13.10116815610372321 ) ) ;
#151 = VERTEX_POINT ( 'NONE', #112 ) ;
#152 = ORIENTED_EDGE ( 'NONE', *, *, #697, .F. ) ;
#153 = DIRECTION ( 'NONE',  ( 1.000000000000000000, -1.743440679373674084E-16, -1.743440679373651898E-16 ) ) ;
#154 = DIRECTION ( 'NONE',  ( -0.000000000000000000, 0.000000000000000000, -1.000000000000000000 ) ) ;
#155 = VECTOR ( 'NONE', #743, 1000.000000000000114 ) ;
#156 = CARTESIAN_POINT ( 'NONE',  ( -70.61032114969135876, 2.264978687537532842, 10.53652102578509364 ) ) ;
#157 = CARTESIAN_POINT ( 'NONE',  ( -80.19009199979507230, 7.751058243752077637, 13.09999999999999964 ) ) ;
#158 = ADVANCED_FACE ( 'NONE', ( #1183 ), #1537, .F. ) ;
#159 = EDGE_CURVE ( 'NONE', #43, #1195, #605, .T. ) ;
#160 = CARTESIAN_POINT ( 'NONE',  ( -65.93041710191380389, 2.534304236263666965, 13.62612217847145324 ) ) ;
#161 = ORIENTED_EDGE ( 'NONE', *, *, #876, .T. ) ;
#162 = VECTOR ( 'NONE', #195, 1000.000000000000000 ) ;
#163 = ORIENTED_EDGE ( 'NONE', *, *, #432, .F. ) ;
#164 = CARTESIAN_POINT ( 'NONE',  ( -60.75000000000000000, 2.802242521037515033, 18.98488787394812505 ) ) ;
#165 = FACE_OUTER_BOUND ( 'NONE', #1469, .T. ) ;
#166 = DIRECTION ( 'NONE',  ( -1.000000000000000000, 0.000000000000000000, 0.000000000000000000 ) ) ;
#167 = DIRECTION ( 'NONE',  ( 0.000000000000000000, -0.000000000000000000, -1.000000000000000000 ) ) ;
#168 = AXIS2_PLACEMENT_3D ( 'NONE', #996, #979, #154 ) ;
#169 = EDGE_CURVE ( 'NONE', #33, #1547, #1058, .T. ) ;
#170 = CARTESIAN_POINT ( 'NONE',  ( -65.00000000000002842, 2.534304236263666965, 13.62612217847145324 ) ) ;
#171 = ORIENTED_EDGE ( 'NONE', *, *, #450, .F. ) ;
#172 = ORIENTED_EDGE ( 'NONE', *, *, #58, .T. ) ;
#173 = DIRECTION ( 'NONE',  ( 1.000000000000000000, 0.000000000000000000, 0.000000000000000000 ) ) ;
#174 = CARTESIAN_POINT ( 'NONE',  ( -82.87195168054114447, 13.99999999999996270, 8.999999999999992895 ) ) ;
#175 = CARTESIAN_POINT ( 'NONE',  ( 0.000000000000000000, 25.19999999999999218, 10.19999999999999929 ) ) ;
#176 = DIRECTION ( 'NONE',  ( -1.000000000000000000, 8.717203396868370422E-17, 0.000000000000000000 ) ) ;
#177 = ORIENTED_EDGE ( 'NONE', *, *, #928, .T. ) ;
#178 = ADVANCED_FACE ( 'NONE', ( #471 ), #1311, .F. ) ;
#179 = ORIENTED_EDGE ( 'NONE', *, *, #270, .T. ) ;
#180 = EDGE_CURVE ( 'NONE', #975, #1429, #1173, .T. ) ;
#181 = CARTESIAN_POINT ( 'NONE',  ( -68.99999999999998579, 25.19999999999999929, 10.19999999999999929 ) ) ;
#182 =( NAMED_UNIT ( * ) PLANE_ANGLE_UNIT ( ) SI_UNIT ( $, .RADIAN. ) );
#183 = CARTESIAN_POINT ( 'NONE',  ( -68.81973092590136787, 11.49999999999999822, 13.09999999999999964 ) ) ;
#184 = LINE ( 'NONE', #564, #939 ) ;
#185 = CARTESIAN_POINT ( 'NONE',  ( -78.51291435265439134, 10.75054244824130478, 9.000000000000000000 ) ) ;
#186 = DIRECTION ( 'NONE',  ( 1.000000000000000000, 0.000000000000000000, -0.000000000000000000 ) ) ;
#187 = VERTEX_POINT ( 'NONE', #489 ) ;
#188 = CARTESIAN_POINT ( 'NONE',  ( -83.75000000000000000, 7.749999999999995559, 9.599999999999999645 ) ) ;
#189 = VECTOR ( 'NONE', #1155, 1000.000000000000000 ) ;
#190 = DATE_AND_TIME ( #905, #692 ) ;
#191 = CARTESIAN_POINT ( 'NONE',  ( -66.17469875712897931, 7.198348748589248558, 13.09999999999995701 ) ) ;
#192 = CARTESIAN_POINT ( 'NONE',  ( -86.40000000000000568, -3.895830236755031706, 10.59999999999999964 ) ) ;
#193 = AXIS2_PLACEMENT_3D ( 'NONE', #530, #376, #1004 ) ;
#194 = CARTESIAN_POINT ( 'NONE',  ( -67.66841955068741754, 6.516593589563086653, 13.09999999999999609 ) ) ;
#195 = DIRECTION ( 'NONE',  ( 0.000000000000000000, 0.000000000000000000, 1.000000000000000000 ) ) ;
#196 = ORIENTED_EDGE ( 'NONE', *, *, #1014, .T. ) ;
#197 = PRODUCT_DEFINITION_SHAPE ( 'NONE', 'NONE',  #594 ) ;
#198 = CARTESIAN_POINT ( 'NONE',  ( -70.61032114391711900, 2.264978688187626155, 12.14664511881260012 ) ) ;
#199 =( NAMED_UNIT ( * ) SI_UNIT ( $, .STERADIAN. ) SOLID_ANGLE_UNIT ( ) );
#200 = CARTESIAN_POINT ( 'NONE',  ( -68.48708564734560866, 17.24945755175869877, 9.000000000000000000 ) ) ;
#201 = PLANE ( 'NONE',  #816 ) ;
#202 = EDGE_CURVE ( 'NONE', #259, #1133, #352, .T. ) ;
#203 = VECTOR ( 'NONE', #825, 1000.000000000000000 ) ;
#204 = CARTESIAN_POINT ( 'NONE',  ( -70.47909500084952583, 6.499999999999991118, 13.09999999999999432 ) ) ;
#205 = EDGE_CURVE ( 'NONE', #320, #441, #1288, .T. ) ;
#206 = EDGE_LOOP ( 'NONE', ( #1349, #1182, #543, #495 ) ) ;
#207 = CARTESIAN_POINT ( 'NONE',  ( -63.25000000000000000, -4.234288173559414226, 9.099999999999997868 ) ) ;
#208 = CARTESIAN_POINT ( 'NONE',  ( -73.50000000000000000, 17.24945755175867745, 8.999999999999980460 ) ) ;
#209 = CARTESIAN_POINT ( 'NONE',  ( -74.66666666661129170, 6.500000000000000000, 13.09999999999999964 ) ) ;
#210 = ADVANCED_FACE ( 'NONE', ( #467 ), #1294, .T. ) ;
#211 = CARTESIAN_POINT ( 'NONE',  ( -67.66594956420077267, 11.50000000000000000, 13.09999999999999787 ) ) ;
#212 = EDGE_CURVE ( 'NONE', #320, #1319, #1532, .T. ) ;
#213 = VECTOR ( 'NONE', #1019, 1000.000000000000000 ) ;
#214 = ORIENTED_EDGE ( 'NONE', *, *, #461, .F. ) ;
#215 = CC_DESIGN_APPROVAL ( #1377, ( #1209 ) ) ;
#216 = CARTESIAN_POINT ( 'NONE',  ( -42.43333333333288238, -13.06666666666689736, 31.21666666666666856 ) ) ;
#217 = VECTOR ( 'NONE', #640, 1000.000000000000000 ) ;
#218 = CARTESIAN_POINT ( 'NONE',  ( -69.55982992366186579, 2.370523652314516116, 10.59999999999999964 ) ) ;
#219 = CARTESIAN_POINT ( 'NONE',  ( -86.40000000000000568, -3.895830236755031706, 19.00000000000000000 ) ) ;
#220 = CARTESIAN_POINT ( 'NONE',  ( -80.37270141111532951, 8.028206346357324108, 13.10000000000001741 ) ) ;
#221 = ORIENTED_EDGE ( 'NONE', *, *, #528, .T. ) ;
#222 = DIRECTION ( 'NONE',  ( 1.000000000000000000, -1.743440679373674331E-16, 0.000000000000000000 ) ) ;
#223 = DIRECTION ( 'NONE',  ( 0.000000000000000000, 0.000000000000000000, -1.000000000000000000 ) ) ;
#224 = VECTOR ( 'NONE', #1011, 1000.000000000000000 ) ;
#225 = CARTESIAN_POINT ( 'NONE',  ( -83.75000000000000000, 22.25000000000000000, 4.722651841573941134 ) ) ;
#226 = ORIENTED_EDGE ( 'NONE', *, *, #1356, .T. ) ;
#227 = CARTESIAN_POINT ( 'NONE',  ( -70.61032114391707637, 2.314900924361101175, 13.09999999999999964 ) ) ;
#228 = FACE_OUTER_BOUND ( 'NONE', #267, .T. ) ;
#229 = DIRECTION ( 'NONE',  ( 0.000000000000000000, 1.000000000000000000, 0.000000000000000000 ) ) ;
#230 = EDGE_LOOP ( 'NONE', ( #1530, #940, #1149, #356 ) ) ;
#231 = ORIENTED_EDGE ( 'NONE', *, *, #202, .T. ) ;
#232 = DIRECTION ( 'NONE',  ( -0.000000000000000000, -0.04993761694389402261, -0.9987523388778445366 ) ) ;
#233 = PLANE ( 'NONE',  #920 ) ;
#234 = DIRECTION ( 'NONE',  ( -1.000000000000000000, 0.000000000000000000, 0.000000000000000000 ) ) ;
#235 = CARTESIAN_POINT ( 'NONE',  ( -63.25000000000000000, 7.749999999999995559, 10.40000000000000036 ) ) ;
#236 = ORIENTED_EDGE ( 'NONE', *, *, #929, .F. ) ;
#237 = VECTOR ( 'NONE', #107, 1000.000000000000000 ) ;
#238 = ORIENTED_EDGE ( 'NONE', *, *, #1246, .T. ) ;
#239 = ADVANCED_FACE ( 'NONE', ( #1171 ), #1179, .F. ) ;
#240 = CARTESIAN_POINT ( 'NONE',  ( -68.28168854017573608, 2.447566732226319264, 10.59999999999999964 ) ) ;
#241 = FACE_OUTER_BOUND ( 'NONE', #1017, .T. ) ;
#242 = PLANE ( 'NONE',  #1421 ) ;
#243 = EDGE_CURVE ( 'NONE', #808, #518, #580, .T. ) ;
#244 = CARTESIAN_POINT ( 'NONE',  ( -70.64421131763761252, 2.260850368265058474, 12.13372928095630598 ) ) ;
#245 = ORIENTED_EDGE ( 'NONE', *, *, #1510, .T. ) ;
#246 = EDGE_CURVE ( 'NONE', #488, #470, #102, .T. ) ;
#247 = CARTESIAN_POINT ( 'NONE',  ( -64.99999999999998579, 25.19999999999999929, 9.099999999999997868 ) ) ;
#248 = CARTESIAN_POINT ( 'NONE',  ( -83.75000000000000000, 22.25000000000000000, 9.599999999999999645 ) ) ;
#249 = PLANE ( 'NONE',  #544 ) ;
#250 = CARTESIAN_POINT ( 'NONE',  ( -63.54999999999999716, 21.94999999999999218, 9.599999999999999645 ) ) ;
#251 = ORIENTED_EDGE ( 'NONE', *, *, #397, .T. ) ;
#252 = VERTEX_POINT ( 'NONE', #459 ) ;
#253 = DIRECTION ( 'NONE',  ( -0.000000000000000000, -0.8191520442889894671, 0.5735764363510492680 ) ) ;
#254 = CARTESIAN_POINT ( 'NONE',  ( -70.61032114391707637, 2.264978688187629707, 10.98183883895845980 ) ) ;
#255 = CARTESIAN_POINT ( 'NONE',  ( -65.29014651746715003, 2.500000000000000000, 12.95437254123437931 ) ) ;
#256 = CARTESIAN_POINT ( 'NONE',  ( -77.86284348506637798, 8.677107107636290451, 10.99999999999951683 ) ) ;
#257 = AXIS2_PLACEMENT_3D ( 'NONE', #1527, #421, #556 ) ;
#258 = CARTESIAN_POINT ( 'NONE',  ( -69.68859795210386210, 2.356519081731109022, 12.33329841015471295 ) ) ;
#259 = VERTEX_POINT ( 'NONE', #708 ) ;
#260 = CC_DESIGN_PERSON_AND_ORGANIZATION_ASSIGNMENT ( #70, #1257, ( #1209 ) ) ;
#261 = EDGE_LOOP ( 'NONE', ( #389, #910, #1285, #1340 ) ) ;
#262 = CARTESIAN_POINT ( 'NONE',  ( -83.75000000000000000, 22.25000000000000000, 11.00000000000000000 ) ) ;
#263 = FACE_OUTER_BOUND ( 'NONE', #1142, .T. ) ;
#264 = FACE_OUTER_BOUND ( 'NONE', #1125, .T. ) ;
#265 = PLANE ( 'NONE',  #1413 ) ;
#266 = LINE ( 'NONE', #542, #702 ) ;
#267 = EDGE_LOOP ( 'NONE', ( #1391, #1477, #311, #245, #1513, #1193, #41, #105, #777, #449, #1091, #1255, #1487 ) ) ;
#268 = AXIS2_PLACEMENT_3D ( 'NONE', #710, #1060, #123 ) ;
#269 = EDGE_LOOP ( 'NONE', ( #296, #669, #1134, #1554 ) ) ;
#270 = EDGE_CURVE ( 'NONE', #441, #57, #340, .T. ) ;
#271 = LINE ( 'NONE', #1327, #1485 ) ;
#272 = DIRECTION ( 'NONE',  ( 0.000000000000000000, 0.000000000000000000, 1.000000000000000000 ) ) ;
#273 = CARTESIAN_POINT ( 'NONE',  ( -65.87994175935372709, 2.498033705100266122, 12.95437254123437931 ) ) ;
#274 = CARTESIAN_POINT ( 'NONE',  ( -79.27255086194564626, 6.822993127960308435, 13.09999999999999609 ) ) ;
#275 = CARTESIAN_POINT ( 'NONE',  ( -67.78866471603815569, 2.455246293101104982, 12.58609876024405416 ) ) ;
#276 = ORIENTED_EDGE ( 'NONE', *, *, #440, .F. ) ;
#277 = ORIENTED_EDGE ( 'NONE', *, *, #1520, .F. ) ;
#278 = DIRECTION ( 'NONE',  ( 0.000000000000000000, -1.000000000000000000, 0.000000000000000000 ) ) ;
#279 = DIRECTION ( 'NONE',  ( 1.000000000000000000, 0.000000000000000000, -0.000000000000000000 ) ) ;
#280 = EDGE_CURVE ( 'NONE', #684, #918, #1299, .T. ) ;
#281 = VECTOR ( 'NONE', #382, 1000.000000000000000 ) ;
#282 = CARTESIAN_POINT ( 'NONE',  ( -64.99229738773237841, 12.69525287854974671, 11.00000000000030909 ) ) ;
#283 = CARTESIAN_POINT ( 'NONE',  ( -80.50014202281654718, 8.675219861586525028, 13.09999999999999787 ) ) ;
#284 = CARTESIAN_POINT ( 'NONE',  ( -66.33687520504312829, 7.126216413826460538, 13.10000000000000320 ) ) ;
#285 = EDGE_LOOP ( 'NONE', ( #1437, #1159, #1106, #1211 ) ) ;
#286 = AXIS2_PLACEMENT_3D ( 'NONE', #902, #186, #551 ) ;
#287 = VERTEX_POINT ( 'NONE', #227 ) ;
#288 = CARTESIAN_POINT ( 'NONE',  ( -83.45000000000001705, 21.94999999999999574, 9.599999999999999645 ) ) ;
#289 = LINE ( 'NONE', #392, #596 ) ;
#290 = CARTESIAN_POINT ( 'NONE',  ( -82.61246566098402866, 12.71097643106172370, 9.000000000000007105 ) ) ;
#291 = EDGE_CURVE ( 'NONE', #518, #1385, #817, .T. ) ;
#292 = CARTESIAN_POINT ( 'NONE',  ( -79.16313146642897891, 8.677107107636292227, 10.99999999999951683 ) ) ;
#293 = CARTESIAN_POINT ( 'NONE',  ( -68.77789096248420719, 2.471186369177028830, 13.40777336895346927 ) ) ;
#294 = VERTEX_POINT ( 'NONE', #120 ) ;
#295 = EDGE_CURVE ( 'NONE', #510, #488, #852, .T. ) ;
#296 = ORIENTED_EDGE ( 'NONE', *, *, #1313, .F. ) ;
#297 = AXIS2_PLACEMENT_3D ( 'NONE', #525, #864, #1114 ) ;
#298 = CARTESIAN_POINT ( 'NONE',  ( -85.40000000000000568, 23.00000000000000000, 9.099999999999997868 ) ) ;
#299 = PERSON_AND_ORGANIZATION_ROLE ( 'design_owner' ) ;
#300 = CARTESIAN_POINT ( 'NONE',  ( -77.18026907409863213, 11.50000000000000178, 13.09999999999999964 ) ) ;
#301 = FACE_OUTER_BOUND ( 'NONE', #1478, .T. ) ;
#302 = PLANE ( 'NONE',  #297 ) ;
#303 = B_SPLINE_CURVE_WITH_KNOTS ( 'NONE', 3,
 ( #198, #554, #1003, #59 ),
 .UNSPECIFIED., .F., .F.,
 ( 4, 4 ),
 ( 0.0007350401454970195529, 0.001689701158174613431 ),
 .UNSPECIFIED. ) ;
#304 = ORIENTED_EDGE ( 'NONE', *, *, #114, .F. ) ;
#305 = ORIENTED_EDGE ( 'NONE', *, *, #582, .T. ) ;
#306 = PLANE ( 'NONE',  #1093 ) ;
#307 = PERSON_AND_ORGANIZATION ( #18446744073709551615, #18446744073709551615 ) ;
#308 = CARTESIAN_POINT ( 'NONE',  ( -78.99638933501265115, 6.635290248915588052, 13.10000000000000142 ) ) ;
#309 = CARTESIAN_POINT ( 'NONE',  ( -86.40000000000000568, 4.452107634010300963, 13.09999999999999964 ) ) ;
#310 = CARTESIAN_POINT ( 'NONE',  ( -78.33405043579921312, 6.500000000000001776, 13.09999999999999964 ) ) ;
#311 = ORIENTED_EDGE ( 'NONE', *, *, #646, .F. ) ;
#312 = VERTEX_POINT ( 'NONE', #1205 ) ;
#313 = APPROVAL ( #323, 'Deckungsgleich' ) ;
#314 = DIRECTION ( 'NONE',  ( -1.000000000000000000, 2.081668171172166620E-14, 0.000000000000000000 ) ) ;
#315 = DATE_AND_TIME ( #913, #413 ) ;
#316 = CARTESIAN_POINT ( 'NONE',  ( -77.99999999810610518, 11.50000000000000355, 13.10000000000000142 ) ) ;
#317 = PLANE ( 'NONE',  #133 ) ;
#318 = VECTOR ( 'NONE', #360, 1000.000000000000000 ) ;
#319 = CARTESIAN_POINT ( 'NONE',  ( -65.12162245601646759, 11.62663326966489308, 9.000000000000007105 ) ) ;
#320 = VERTEX_POINT ( 'NONE', #1220 ) ;
#321 = PRODUCT ( 'Speaker Cover Left REF2006', 'Speaker Cover Left REF2006', '', ( #1371 ) ) ;
#322 = LINE ( 'NONE', #1160, #348 ) ;
#323 = APPROVAL_STATUS ( 'not_yet_approved' ) ;
#324 = EDGE_CURVE ( 'NONE', #808, #187, #1463, .T. ) ;
#325 = EDGE_CURVE ( 'NONE', #536, #84, #367, .T. ) ;
#326 = CARTESIAN_POINT ( 'NONE',  ( -67.04726755201924959, 17.24945755175869877, 9.000000000000000000 ) ) ;
#327 = CARTESIAN_POINT ( 'NONE',  ( -86.40000000000000568, 23.00000000000000000, 19.00000000000000000 ) ) ;
#328 = CARTESIAN_POINT ( 'NONE',  ( -73.00000000000007105, 11.50000000000000355, 13.10000000000002807 ) ) ;
#329 = B_SPLINE_CURVE_WITH_KNOTS ( 'NONE', 1,
 ( #103, #1544 ),
 .UNSPECIFIED., .F., .F.,
 ( 2, 2 ),
 ( 0.000000000000000000, 0.5121951219512974607 ),
 .UNSPECIFIED. ) ;
#330 = ORIENTED_EDGE ( 'NONE', *, *, #13, .F. ) ;
#331 = CARTESIAN_POINT ( 'NONE',  ( -68.29629463417420254, 2.441156136867927096, 12.57966644846671755 ) ) ;
#332 = PERSON_AND_ORGANIZATION ( #18446744073709551615, #18446744073709551615 ) ;
#333 = ADVANCED_FACE ( 'NONE', ( #1352 ), #1108, .T. ) ;
#334 = CARTESIAN_POINT ( 'NONE',  ( -65.29014651746715003, 2.500000000000000000, 10.59999999999999964 ) ) ;
#335 = CARTESIAN_POINT ( 'NONE',  ( -83.75000000000000000, 22.25000000000000000, 4.722651841573941134 ) ) ;
#336 = CARTESIAN_POINT ( 'NONE',  ( -68.81973092590136787, 6.499999999999999112, 13.09999999999999964 ) ) ;
#337 = ORIENTED_EDGE ( 'NONE', *, *, #414, .T. ) ;
#338 = CC_DESIGN_APPROVAL ( #313, ( #594 ) ) ;
#339 = AXIS2_PLACEMENT_3D ( 'NONE', #907, #97, #688 ) ;
#340 = LINE ( 'NONE', #935, #1238 ) ;
#341 = DIRECTION ( 'NONE',  ( -1.000000000000000000, 0.000000000000000000, 0.000000000000000000 ) ) ;
#342 = EDGE_CURVE ( 'NONE', #577, #151, #271, .T. ) ;
#343 = CARTESIAN_POINT ( 'NONE',  ( -60.75000000000000000, 2.500000000000000000, 19.00000000000000000 ) ) ;
#344 = ORIENTED_EDGE ( 'NONE', *, *, #1356, .F. ) ;
#345 = ORIENTED_EDGE ( 'NONE', *, *, #450, .T. ) ;
#346 = CARTESIAN_POINT ( 'NONE',  ( 0.000000000000000000, 2.397005613306827154, 10.88014971933465525 ) ) ;
#347 = DIRECTION ( 'NONE',  ( 0.000000000000000000, 0.000000000000000000, 1.000000000000000000 ) ) ;
#348 = VECTOR ( 'NONE', #771, 1000.000000000000000 ) ;
#349 = CARTESIAN_POINT ( 'NONE',  ( -68.75401766374180568, 2.502762168849681945, 13.10000000000000675 ) ) ;
#350 = ORIENTED_EDGE ( 'NONE', *, *, #1113, .T. ) ;
#351 = ORIENTED_EDGE ( 'NONE', *, *, #412, .F. ) ;
#352 = LINE ( 'NONE', #828, #695 ) ;
#353 = FACE_OUTER_BOUND ( 'NONE', #365, .T. ) ;
#354 = LINE ( 'NONE', #1301, #748 ) ;
#355 = DIRECTION ( 'NONE',  ( 0.5773502691896319483, -0.5773502691896257311, 0.5773502691896195138 ) ) ;
#356 = ORIENTED_EDGE ( 'NONE', *, *, #1124, .T. ) ;
#357 = EDGE_CURVE ( 'NONE', #653, #320, #1228, .T. ) ;
#358 = VECTOR ( 'NONE', #434, 1000.000000000000000 ) ;
#359 = CARTESIAN_POINT ( 'NONE',  ( -83.45000000000001705, 21.94999999999999574, 9.599999999999999645 ) ) ;
#360 = DIRECTION ( 'NONE',  ( 0.000000000000000000, -0.000000000000000000, -1.000000000000000000 ) ) ;
#361 = VECTOR ( 'NONE', #720, 1000.000000000000000 ) ;
#362 = CARTESIAN_POINT ( 'NONE',  ( -83.45000000000001705, 8.049999999999997158, 9.599999999999999645 ) ) ;
#363 = EDGE_CURVE ( 'NONE', #1133, #50, #1214, .T. ) ;
#364 = PLANE ( 'NONE',  #1372 ) ;
#365 = EDGE_LOOP ( 'NONE', ( #1409, #152, #535, #545, #1081, #196, #867 ) ) ;
#366 = ORIENTED_EDGE ( 'NONE', *, *, #982, .F. ) ;
#367 = LINE ( 'NONE', #1335, #565 ) ;
#368 = CARTESIAN_POINT ( 'NONE',  ( -83.75000000000000000, 22.25000000000000000, 10.40000000000000213 ) ) ;
#369 = EDGE_CURVE ( 'NONE', #1218, #1177, #1320, .T. ) ;
#370 = CARTESIAN_POINT ( 'NONE',  ( -65.00000000000000000, 2.507998127340094197, 13.10000000000000142 ) ) ;
#371 = DIRECTION ( 'NONE',  ( 0.000000000000000000, 0.000000000000000000, -1.000000000000000000 ) ) ;
#372 = ORIENTED_EDGE ( 'NONE', *, *, #579, .T. ) ;
#373 = B_SPLINE_CURVE_WITH_KNOTS ( 'NONE', 3,
 ( #501, #1401, #740, #974, #1317, #331, #571, #258, #1453, #379 ),
 .UNSPECIFIED., .F., .F.,
 ( 4, 2, 2, 2, 4 ),
 ( 0.000000000000000000, 0.001416356899981220750, 0.002832713799962441499, 0.004249070699943662682, 0.005665427599924882998 ),
 .UNSPECIFIED. ) ;
#374 = VERTEX_POINT ( 'NONE', #961 ) ;
#375 = DIRECTION ( 'NONE',  ( 0.000000000000000000, 1.000000000000000000, 0.000000000000000000 ) ) ;
#376 = DIRECTION ( 'NONE',  ( -0.7071067811865399122, 0.000000000000000000, 0.7071067811865552333 ) ) ;
#377 = CARTESIAN_POINT ( 'NONE',  ( -83.75000000000000000, 7.749999999999995559, 9.599999999999999645 ) ) ;
#378 = CARTESIAN_POINT ( 'NONE',  ( -79.89364044475884441, 10.64058588357391955, 13.09999999999999964 ) ) ;
#379 = CARTESIAN_POINT ( 'NONE',  ( -70.61032114391711900, 2.264978688187626155, 12.14664511881260012 ) ) ;
#380 = VERTEX_POINT ( 'NONE', #247 ) ;
#381 = ORIENTED_EDGE ( 'NONE', *, *, #1274, .T. ) ;
#382 = DIRECTION ( 'NONE',  ( 0.000000000000000000, -1.000000000000000000, 0.000000000000000000 ) ) ;
#383 = PLANE ( 'NONE',  #1190 ) ;
#384 = CARTESIAN_POINT ( 'NONE',  ( -69.55982992575340518, 2.370523652188443631, 10.53652102578509187 ) ) ;
#385 = CARTESIAN_POINT ( 'NONE',  ( -81.74600440870109708, 11.56097560975666561, 10.99999999999949907 ) ) ;
#386 = VECTOR ( 'NONE', #1550, 1000.000000000000000 ) ;
#387 = DIRECTION ( 'NONE',  ( 0.000000000000000000, -1.000000000000000000, -0.000000000000000000 ) ) ;
#388 = ORIENTED_EDGE ( 'NONE', *, *, #602, .F. ) ;
#389 = ORIENTED_EDGE ( 'NONE', *, *, #576, .T. ) ;
#390 = VECTOR ( 'NONE', #1064, 1000.000000000000000 ) ;
#391 = LINE ( 'NONE', #1085, #760 ) ;
#392 = CARTESIAN_POINT ( 'NONE',  ( -70.61032114391707637, 4.452107634010300963, 19.00000000000000000 ) ) ;
#393 = CARTESIAN_POINT ( 'NONE',  ( -78.99638933501255167, 11.36470975108439063, 13.10000000000000497 ) ) ;
#394 = DIRECTION ( 'NONE',  ( 0.000000000000000000, 0.000000000000000000, 1.000000000000000000 ) ) ;
#395 = CARTESIAN_POINT ( 'NONE',  ( -66.00486365082730345, 7.484781499479686850, 13.09999999999999964 ) ) ;
#396 = ORIENTED_EDGE ( 'NONE', *, *, #537, .F. ) ;
#397 = EDGE_CURVE ( 'NONE', #312, #1061, #629, .T. ) ;
#398 = EDGE_LOOP ( 'NONE', ( #778, #821, #559, #1272 ) ) ;
#399 = CARTESIAN_POINT ( 'NONE',  ( -83.45000000000001705, 21.94999999999999574, 10.10000000000000320 ) ) ;
#400 = FACE_BOUND ( 'NONE', #230, .T. ) ;
#401 = FACE_OUTER_BOUND ( 'NONE', #206, .T. ) ;
#402 = CARTESIAN_POINT ( 'NONE',  ( -78.78666345982041719, 14.44484411187641371, 10.99999999999999645 ) ) ;
#403 = CARTESIAN_POINT ( 'NONE',  ( -80.00000000000000000, 25.19999999999999929, 10.19999999999999929 ) ) ;
#404 = VERTEX_POINT ( 'NONE', #1101 ) ;
#405 = VERTEX_POINT ( 'NONE', #27 ) ;
#406 = EDGE_CURVE ( 'NONE', #842, #1333, #1439, .T. ) ;
#407 = CARTESIAN_POINT ( 'NONE',  ( -84.00000000000000000, 25.19999999999999929, 10.19999999999999929 ) ) ;
#408 = CARTESIAN_POINT ( 'NONE',  ( -83.45000000000001705, 21.94999999999999574, 9.599999999999999645 ) ) ;
#409 = VECTOR ( 'NONE', #375, 1000.000000000000000 ) ;
#410 = CARTESIAN_POINT ( 'NONE',  ( -69.55982992575340518, 2.370523652188443631, 12.95437254123437931 ) ) ;
#411 = CARTESIAN_POINT ( 'NONE',  ( -80.00000000000000000, 24.00000000000000000, 10.19999999999999929 ) ) ;
#412 = EDGE_CURVE ( 'NONE', #50, #711, #129, .T. ) ;
#413 = LOCAL_TIME ( 19, 36, 12.00000000000000000, #1144 ) ;
#414 = EDGE_CURVE ( 'NONE', #33, #1133, #391, .T. ) ;
#415 = CARTESIAN_POINT ( 'NONE',  ( -65.51553940986536873, 8.677460338675732743, 13.10000000000000142 ) ) ;
#416 = ORIENTED_EDGE ( 'NONE', *, *, #58, .F. ) ;
#417 = AXIS2_PLACEMENT_3D ( 'NONE', #346, #810, #232 ) ;
#418 = ORIENTED_EDGE ( 'NONE', *, *, #461, .T. ) ;
#419 = LINE ( 'NONE', #1027, #358 ) ;
#420 = CARTESIAN_POINT ( 'NONE',  ( -79.95273244798076462, 10.75054244824130834, 9.000000000000000000 ) ) ;
#421 = DIRECTION ( 'NONE',  ( 0.7071067811865399122, 0.000000000000000000, 0.7071067811865552333 ) ) ;
#422 = CARTESIAN_POINT ( 'NONE',  ( -66.85583941105458905, 2.500387976169747173, 12.98446825454132814 ) ) ;
#423 = VERTEX_POINT ( 'NONE', #44 ) ;
#424 = ORIENTED_EDGE ( 'NONE', *, *, #485, .F. ) ;
#425 = VECTOR ( 'NONE', #731, 1000.000000000000000 ) ;
#426 = DIRECTION ( 'NONE',  ( 0.000000000000000000, -1.000000000000000000, 0.000000000000000000 ) ) ;
#427 = DATE_AND_TIME ( #1498, #887 ) ;
#428 = CARTESIAN_POINT ( 'NONE',  ( -67.00361066498726359, 11.36470975108440662, 13.10000000000001030 ) ) ;
#429 = DIRECTION ( 'NONE',  ( 0.000000000000000000, 1.000000000000000000, 0.000000000000000000 ) ) ;
#430 = DIRECTION ( 'NONE',  ( 1.000000000000000000, -0.000000000000000000, -0.000000000000000000 ) ) ;
#431 = VERTEX_POINT ( 'NONE', #511 ) ;
#432 = EDGE_CURVE ( 'NONE', #1385, #585, #1092, .T. ) ;
#433 = ORIENTED_EDGE ( 'NONE', *, *, #31, .F. ) ;
#434 = DIRECTION ( 'NONE',  ( 0.000000000000000000, 0.000000000000000000, 1.000000000000000000 ) ) ;
#435 = PERSON_AND_ORGANIZATION_ROLE ( 'creator' ) ;
#436 = CARTESIAN_POINT ( 'NONE',  ( -67.04726755201923538, 10.75054244824130301, 9.000000000000000000 ) ) ;
#437 = CARTESIAN_POINT ( 'NONE',  ( -79.53877392217835052, 10.97724271267362184, 13.09999999999999964 ) ) ;
#438 = CARTESIAN_POINT ( 'NONE',  ( -67.66594956420078688, 6.500000000000000000, 13.09999999999999964 ) ) ;
#439 = ORIENTED_EDGE ( 'NONE', *, *, #246, .T. ) ;
#440 = EDGE_CURVE ( 'NONE', #456, #312, #1471, .T. ) ;
#441 = VERTEX_POINT ( 'NONE', #986 ) ;
#442 = VECTOR ( 'NONE', #29, 1000.000000000000000 ) ;
#443 = LINE ( 'NONE', #1395, #1418 ) ;
#444 = DATE_AND_TIME ( #1515, #541 ) ;
#445 = CARTESIAN_POINT ( 'NONE',  ( -77.18026907409863213, 6.500000000000000888, 13.09999999999999964 ) ) ;
#446 = CARTESIAN_POINT ( 'NONE',  ( -78.81623913333739040, 11.36884042944716988, 13.09999999999999964 ) ) ;
#447 = AXIS2_PLACEMENT_3D ( 'NONE', #1482, #879, #762 ) ;
#448 = CARTESIAN_POINT ( 'NONE',  ( -73.49999999999992895, 10.75054244824127281, 8.999999999999994671 ) ) ;
#449 = ORIENTED_EDGE ( 'NONE', *, *, #889, .T. ) ;
#450 = EDGE_CURVE ( 'NONE', #711, #259, #878, .T. ) ;
#451 = PLANE ( 'NONE',  #1024 ) ;
#452 = APPLICATION_PROTOCOL_DEFINITION ( 'international standard', 'config_control_design', 1994, #100 ) ;
#453 = CARTESIAN_POINT ( 'NONE',  ( -70.47909500084945478, 11.49999999999999645, 13.09999999999996945 ) ) ;
#454 = DIRECTION ( 'NONE',  ( 0.000000000000000000, 0.000000000000000000, 1.000000000000000000 ) ) ;
#455 = CARTESIAN_POINT ( 'NONE',  ( -66.17469875712897931, 7.198348748589248558, 13.09999999999995701 ) ) ;
#456 = VERTEX_POINT ( 'NONE', #1456 ) ;
#457 = DIRECTION ( 'NONE',  ( -0.000000000000000000, 0.8191520442889894671, -0.5735764363510492680 ) ) ;
#458 = EDGE_CURVE ( 'NONE', #808, #142, #868, .T. ) ;
#459 = CARTESIAN_POINT ( 'NONE',  ( -83.75000000000000000, 22.25000000000000000, 10.40000000000000036 ) ) ;
#460 = CARTESIAN_POINT ( 'NONE',  ( -70.61032114391707637, 4.452107634010300963, 19.00000000000000000 ) ) ;
#461 = EDGE_CURVE ( 'NONE', #967, #1218, #496, .T. ) ;
#462 = CARTESIAN_POINT ( 'NONE',  ( -67.00361066498733464, 6.635290248915592493, 13.10000000000003695 ) ) ;
#463 = B_SPLINE_SURFACE_WITH_KNOTS ( 'NONE', 3, 1, ( 
 ( #1519, #806 ),
 ( #1277, #799 ),
 ( #1383, #1031 ),
 ( #65, #1412 ),
 ( #566, #550 ),
 ( #937, #99 ),
 ( #220, #558 ),
 ( #1140, #1040 ),
 ( #1049, #1284 ),
 ( #310, #790 ),
 ( #700, #185 ),
 ( #583, #674 ),
 ( #1148, #448 ),
 ( #204, #1534 ),
 ( #336, #1509 ),
 ( #438, #683 ),
 ( #462, #1390 ),
 ( #455, #319 ),
 ( #812, #1055 ),
 ( #783, #1260 ),
 ( #916, #1291 ),
 ( #1174, #1023 ),
 ( #924, #1166 ),
 ( #211, #666 ),
 ( #1157, #1502 ),
 ( #82, #1399 ),
 ( #328, #691 ),
 ( #92, #1208 ),
 ( #132, #1316 ),
 ( #729, #1424 ) ),
 .UNSPECIFIED., .T., .F., .F.,
 ( 4, 1, 1, 1, 1, 1, 1, 1, 2, 1, 1, 1, 2, 1, 1, 1, 1, 1, 1, 1, 2, 1, 1, 1, 4 ),
 ( 2, 2 ),
 ( 0.000000000000000000, 0.02806520517215429014, 0.05613041034430858028, 0.08419561551646290165, 0.1122608206886171606, 0.1403260258607714750, 0.1683912310329258033, 0.1964564362050800483, 0.2245216413772343211, 0.2933912310329257478, 0.3622608206886172022, 0.4311304103443086566, 0.5000000000000000000, 0.5280652051721541618, 0.5561304103443086566, 0.5841956155164631515, 0.6122608206886173132, 0.6403260258607714750, 0.6683912310329258588, 0.6964564362050800206, 0.7245216413772344044, 0.7933912310329257478, 0.8622608206886173132, 0.9311304103443086566, 1.000000000000000000 ),
 ( 0.000000000000000000, 1.000000000000000000 ),
 .UNSPECIFIED. ) ;
#464 = ORIENTED_EDGE ( 'NONE', *, *, #557, .T. ) ;
#465 = ORIENTED_EDGE ( 'NONE', *, *, #601, .F. ) ;
#466 = VECTOR ( 'NONE', #838, 1000.000000000000000 ) ;
#467 = FACE_OUTER_BOUND ( 'NONE', #911, .T. ) ;
#468 = LINE ( 'NONE', #1416, #466 ) ;
#469 = FACE_OUTER_BOUND ( 'NONE', #1454, .T. ) ;
#470 = VERTEX_POINT ( 'NONE', #859 ) ;
#471 = FACE_OUTER_BOUND ( 'NONE', #1090, .T. ) ;
#472 = CARTESIAN_POINT ( 'NONE',  ( -80.00000000000000000, 25.19999999999999929, 10.19999999999999929 ) ) ;
#473 = DIRECTION ( 'NONE',  ( 1.000000000000000000, 0.000000000000000000, 0.000000000000000000 ) ) ;
#474 = AXIS2_PLACEMENT_3D ( 'NONE', #343, #607, #819 ) ;
#475 = CC_DESIGN_DATE_AND_TIME_ASSIGNMENT ( #190, #686, ( #594 ) ) ;
#476 = ORIENTED_EDGE ( 'NONE', *, *, #694, .F. ) ;
#477 = EDGE_LOOP ( 'NONE', ( #304, #1368, #1360, #1461 ) ) ;
#478 = CARTESIAN_POINT ( 'NONE',  ( -65.87994175935372709, 2.498033705100266122, 10.59999999999999964 ) ) ;
#479 = LINE ( 'NONE', #1312, #386 ) ;
#480 = FACE_OUTER_BOUND ( 'NONE', #1522, .T. ) ;
#481 = B_SPLINE_CURVE_WITH_KNOTS ( 'NONE', 3,
 ( #1282, #1030, #209, #1518 ),
 .UNSPECIFIED., .F., .F.,
 ( 4, 4 ),
 ( 0.000000000000000000, 1.000000000000000000 ),
 .UNSPECIFIED. ) ;
#482 = CARTESIAN_POINT ( 'NONE',  ( -64.99999999999998579, 25.19999999999999929, 10.19999999999999929 ) ) ;
#483 = ORIENTED_EDGE ( 'NONE', *, *, #1156, .F. ) ;
#484 = VECTOR ( 'NONE', #546, 1000.000000000000000 ) ;
#485 = EDGE_CURVE ( 'NONE', #1489, #456, #912, .T. ) ;
#486 = EDGE_CURVE ( 'NONE', #510, #502, #1273, .T. ) ;
#487 = APPROVAL_PERSON_ORGANIZATION ( #1020, #313, #780 ) ;
#488 = VERTEX_POINT ( 'NONE', #1249 ) ;
#489 = CARTESIAN_POINT ( 'NONE',  ( -60.75000000000000000, 2.500000000000000000, 12.94003745319804288 ) ) ;
#490 = DIRECTION ( 'NONE',  ( 0.000000000000000000, -1.000000000000000000, -0.000000000000000000 ) ) ;
#491 = VECTOR ( 'NONE', #969, 1000.000000000000114 ) ;
#492 = CARTESIAN_POINT ( 'NONE',  ( -63.25000000000000000, 7.749999999999995559, 9.599999999999999645 ) ) ;
#493 = CARTESIAN_POINT ( 'NONE',  ( -69.72643847069565481, 2.400091583222037084, 12.96043591961552011 ) ) ;
#494 = EDGE_LOOP ( 'NONE', ( #177, #1186, #849, #589 ) ) ;
#495 = ORIENTED_EDGE ( 'NONE', *, *, #557, .F. ) ;
#496 = LINE ( 'NONE', #761, #281 ) ;
#497 = FACE_OUTER_BOUND ( 'NONE', #1099, .T. ) ;
#498 = CARTESIAN_POINT ( 'NONE',  ( -65.63531821265681288, 13.65545674061549875, 11.00000000000027889 ) ) ;
#499 = PLANE ( 'NONE',  #1150 ) ;
#500 = VECTOR ( 'NONE', #1192, 1000.000000000000000 ) ;
#501 = CARTESIAN_POINT ( 'NONE',  ( -65.00000000000000000, 2.500000000000000000, 12.94003745319811749 ) ) ;
#502 = VERTEX_POINT ( 'NONE', #52 ) ;
#503 = ORIENTED_EDGE ( 'NONE', *, *, #159, .F. ) ;
#504 = DIRECTION ( 'NONE',  ( 1.000000000000000000, 0.000000000000000000, 0.000000000000000000 ) ) ;
#505 = CARTESIAN_POINT ( 'NONE',  ( -65.09272874795770747, 2.471463448908359339, 10.69849083850929716 ) ) ;
#506 = CARTESIAN_POINT ( 'NONE',  ( -83.45000000000001705, 21.94999999999999574, 10.10000000000001386 ) ) ;
#507 = CARTESIAN_POINT ( 'NONE',  ( -68.64935163688475939, 8.677107107636288674, 10.99999999999951683 ) ) ;
#508 = CARTESIAN_POINT ( 'NONE',  ( -65.00000000000000000, 2.500000000000000000, 12.94003745319811749 ) ) ;
#509 = ORIENTED_EDGE ( 'NONE', *, *, #369, .F. ) ;
#510 = VERTEX_POINT ( 'NONE', #779 ) ;
#511 = CARTESIAN_POINT ( 'NONE',  ( -77.99999999810610518, 11.50000000000000355, 13.10000000000000142 ) ) ;
#512 = CARTESIAN_POINT ( 'NONE',  ( -60.75000000000000000, 24.00000000000000000, 9.099999999999997868 ) ) ;
#513 = CARTESIAN_POINT ( 'NONE',  ( -66.59564907044880044, 8.826328143980211038, 11.00000000000030553 ) ) ;
#514 = CARTESIAN_POINT ( 'NONE',  ( -80.87687690929477924, 13.65545674061655745, 10.99999999999951505 ) ) ;
#515 = ADVANCED_BREP_SHAPE_REPRESENTATION ( 'Speaker Cover Left REF2006', ( #46, #814 ), #4 ) ;
#516 = CARTESIAN_POINT ( 'NONE',  ( -65.92710512386895516, 2.519379546316750318, 13.32762837953312562 ) ) ;
#517 = ORIENTED_EDGE ( 'NONE', *, *, #1546, .T. ) ;
#518 = VERTEX_POINT ( 'NONE', #786 ) ;
#519 = AXIS2_PLACEMENT_3D ( 'NONE', #1457, #279, #21 ) ;
#520 = DIRECTION ( 'NONE',  ( 1.000000000000000000, 0.000000000000000000, 0.000000000000000000 ) ) ;
#521 = CARTESIAN_POINT ( 'NONE',  ( -64.99999999999998579, 24.00000000000000000, 9.099999999999997868 ) ) ;
#522 = LINE ( 'NONE', #139, #217 ) ;
#523 = CARTESIAN_POINT ( 'NONE',  ( -79.91654605150250745, 8.826328143980971319, 10.99999999999952394 ) ) ;
#524 = EDGE_CURVE ( 'NONE', #33, #759, #1135, .T. ) ;
#525 = CARTESIAN_POINT ( 'NONE',  ( -83.75000000000000000, 22.25000000000000000, 4.722651841573941134 ) ) ;
#526 = ORIENTED_EDGE ( 'NONE', *, *, #1479, .F. ) ;
#527 = ORIENTED_EDGE ( 'NONE', *, *, #601, .T. ) ;
#528 = EDGE_CURVE ( 'NONE', #312, #374, #1490, .T. ) ;
#529 = CARTESIAN_POINT ( 'NONE',  ( -64.99999999999998579, 25.19999999999999929, 10.19999999999999929 ) ) ;
#530 = CARTESIAN_POINT ( 'NONE',  ( -63.65000000000001279, 0.000000000000000000, 9.999999999999998224 ) ) ;
#531 = EDGE_CURVE ( 'NONE', #518, #858, #656, .T. ) ;
#532 = LINE ( 'NONE', #506, #1083 ) ;
#533 = DIRECTION ( 'NONE',  ( 1.000000000000000000, 0.000000000000000000, 0.000000000000000000 ) ) ;
#534 = CARTESIAN_POINT ( 'NONE',  ( -65.80990800055936063, 10.24894175687317777, 13.09999999999999787 ) ) ;
#535 = ORIENTED_EDGE ( 'NONE', *, *, #531, .F. ) ;
#536 = VERTEX_POINT ( 'NONE', #1514 ) ;
#537 = EDGE_CURVE ( 'NONE', #1393, #374, #419, .T. ) ;
#538 = CARTESIAN_POINT ( 'NONE',  ( -85.40000000000000568, 24.00000000000000000, 9.099999999999997868 ) ) ;
#539 = CARTESIAN_POINT ( 'NONE',  ( -75.52090499915040311, 11.49999999999999112, 13.09999999999997478 ) ) ;
#540 = CARTESIAN_POINT ( 'NONE',  ( -79.91654605150252166, 14.29562307553240075, 10.99999999999952038 ) ) ;
#541 = LOCAL_TIME ( 19, 36, 12.00000000000000000, #562 ) ;
#542 = CARTESIAN_POINT ( 'NONE',  ( -83.45000000000001705, 8.049999999999997158, 9.599999999999999645 ) ) ;
#543 = ORIENTED_EDGE ( 'NONE', *, *, #325, .T. ) ;
#544 = AXIS2_PLACEMENT_3D ( 'NONE', #705, #998, #533 ) ;
#545 = ORIENTED_EDGE ( 'NONE', *, *, #243, .F. ) ;
#546 = DIRECTION ( 'NONE',  ( 0.000000000000000000, -1.000000000000000000, 0.000000000000000000 ) ) ;
#547 = CARTESIAN_POINT ( 'NONE',  ( -65.12162245601646759, 11.62663326966489308, 9.000000000000007105 ) ) ;
#548 = DIRECTION ( 'NONE',  ( 1.000000000000000000, 0.000000000000000000, -0.000000000000000000 ) ) ;
#549 = CC_DESIGN_PERSON_AND_ORGANIZATION_ASSIGNMENT ( #663, #299, ( #321 ) ) ;
#550 = CARTESIAN_POINT ( 'NONE',  ( -82.61246566098412814, 15.28902356893826031, 9.000000000000001776 ) ) ;
#551 = DIRECTION ( 'NONE',  ( 0.000000000000000000, 0.000000000000000000, 1.000000000000000000 ) ) ;
#552 = ORIENTED_EDGE ( 'NONE', *, *, #958, .T. ) ;
#553 = VECTOR ( 'NONE', #1170, 1000.000000000000000 ) ;
#554 = CARTESIAN_POINT ( 'NONE',  ( -70.61032114391707637, 2.281584613956442631, 12.46443190061809148 ) ) ;
#555 = CARTESIAN_POINT ( 'NONE',  ( -79.82530124287107753, 10.80165125141075322, 13.09999999999998899 ) ) ;
#556 = DIRECTION ( 'NONE',  ( 0.000000000000000000, -1.000000000000000000, 0.000000000000000000 ) ) ;
#557 = EDGE_CURVE ( 'NONE', #918, #84, #670, .T. ) ;
#558 = CARTESIAN_POINT ( 'NONE',  ( -82.61246566098402866, 12.71097643106172370, 9.000000000000007105 ) ) ;
#559 = ORIENTED_EDGE ( 'NONE', *, *, #169, .F. ) ;
#560 = EDGE_LOOP ( 'NONE', ( #833, #1292, #305, #527 ) ) ;
#561 = CARTESIAN_POINT ( 'NONE',  ( -63.54999999999999716, 21.94999999999999218, 10.10000000000001386 ) ) ;
#562 = COORDINATED_UNIVERSAL_TIME_OFFSET ( 1, 0, .AHEAD. ) ;
#563 = CARTESIAN_POINT ( 'NONE',  ( -82.61246566098412814, 15.28902356893826031, 9.000000000000001776 ) ) ;
#564 = CARTESIAN_POINT ( 'NONE',  ( -60.75000000000000000, 6.230325619078903365, 19.00000000000000000 ) ) ;
#565 = VECTOR ( 'NONE', #648, 1000.000000000000000 ) ;
#566 = CARTESIAN_POINT ( 'NONE',  ( -80.37270141111531530, 9.971793653642629707, 13.10000000000002629 ) ) ;
#567 = CC_DESIGN_APPROVAL ( #707, ( #1079 ) ) ;
#568 = EDGE_CURVE ( 'NONE', #693, #1393, #1127, .T. ) ;
#569 = ORIENTED_EDGE ( 'NONE', *, *, #602, .T. ) ;
#570 = AXIS2_PLACEMENT_3D ( 'NONE', #359, #2, #222 ) ;
#571 = CARTESIAN_POINT ( 'NONE',  ( -68.76130205105093296, 2.418747138949589814, 12.50030536876166742 ) ) ;
#572 =( LENGTH_UNIT ( ) NAMED_UNIT ( * ) SI_UNIT ( .MILLI., .METRE. ) );
#573 = CARTESIAN_POINT ( 'NONE',  ( -66.17469875712900773, 10.80165125141071769, 13.09999999999998010 ) ) ;
#574 = CARTESIAN_POINT ( 'NONE',  ( -84.00000000000000000, 24.00000000000000000, 9.099999999999997868 ) ) ;
#575 = CARTESIAN_POINT ( 'NONE',  ( -80.00000000000000000, 25.19999999999999929, 9.099999999999997868 ) ) ;
#576 = EDGE_CURVE ( 'NONE', #967, #1385, #1078, .T. ) ;
#577 = VERTEX_POINT ( 'NONE', #1497 ) ;
#578 = FACE_OUTER_BOUND ( 'NONE', #925, .T. ) ;
#579 = EDGE_CURVE ( 'NONE', #56, #918, #443, .T. ) ;
#580 = LINE ( 'NONE', #941, #834 ) ;
#581 = CARTESIAN_POINT ( 'NONE',  ( -68.99999999999998579, 24.00000000000000000, 9.099999999999997868 ) ) ;
#582 = EDGE_CURVE ( 'NONE', #653, #57, #322, .T. ) ;
#583 = CARTESIAN_POINT ( 'NONE',  ( -75.52090499915048838, 6.499999999999992895, 13.09999999999999964 ) ) ;
#584 = ORIENTED_EDGE ( 'NONE', *, *, #639, .F. ) ;
#585 = VERTEX_POINT ( 'NONE', #538 ) ;
#586 = DIRECTION ( 'NONE',  ( -0.000000000000000000, 0.8191520442889894671, -0.5735764363510492680 ) ) ;
#587 = LINE ( 'NONE', #472, #1065 ) ;
#588 = DIRECTION ( 'NONE',  ( 1.000000000000000000, -0.000000000000000000, -0.000000000000000000 ) ) ;
#589 = ORIENTED_EDGE ( 'NONE', *, *, #1408, .T. ) ;
#590 = ORIENTED_EDGE ( 'NONE', *, *, #1126, .F. ) ;
#591 = VECTOR ( 'NONE', #1475, 999.9999999999998863 ) ;
#592 = CARTESIAN_POINT ( 'NONE',  ( -60.75000000000000000, 24.00000000000000000, 13.09999999999999964 ) ) ;
#593 = CARTESIAN_POINT ( 'NONE',  ( -68.99999999999998579, 24.00000000000000000, 9.099999999999997868 ) ) ;
#594 = PRODUCT_DEFINITION ( 'Allgemein', '', #1209, #1508 ) ;
#595 = DIRECTION ( 'NONE',  ( 0.000000000000000000, 0.000000000000000000, -1.000000000000000000 ) ) ;
#596 = VECTOR ( 'NONE', #772, 1000.000000000000000 ) ;
#597 = ORIENTED_EDGE ( 'NONE', *, *, #369, .T. ) ;
#598 = DIRECTION ( 'NONE',  ( 0.000000000000000000, -0.000000000000000000, -1.000000000000000000 ) ) ;
#599 = CARTESIAN_POINT ( 'NONE',  ( -65.00000000000000000, 2.500000000000000000, 19.00000000000000000 ) ) ;
#600 = PLANE ( 'NONE',  #474 ) ;
#601 = EDGE_CURVE ( 'NONE', #57, #380, #896, .T. ) ;
#602 = EDGE_CURVE ( 'NONE', #151, #684, #1370, .T. ) ;
#603 = LINE ( 'NONE', #16, #18 ) ;
#604 = ORIENTED_EDGE ( 'NONE', *, *, #690, .F. ) ;
#605 = LINE ( 'NONE', #703, #361 ) ;
#606 = DIRECTION ( 'NONE',  ( 1.000000000000000000, 0.000000000000000000, 0.000000000000000000 ) ) ;
#607 = DIRECTION ( 'NONE',  ( 0.000000000000000000, 1.000000000000000000, 0.000000000000000000 ) ) ;
#608 = DIRECTION ( 'NONE',  ( 1.000000000000000000, 0.000000000000000000, 0.000000000000000000 ) ) ;
#609 = EDGE_CURVE ( 'NONE', #252, #33, #1386, .T. ) ;
#610 = EDGE_LOOP ( 'NONE', ( #895, #1400, #251, #226 ) ) ;
#611 = VECTOR ( 'NONE', #253, 1000.000000000000114 ) ;
#612 = APPROVAL_PERSON_ORGANIZATION ( #1153, #707, #78 ) ;
#613 = DIRECTION ( 'NONE',  ( 0.000000000000000000, 0.000000000000000000, -1.000000000000000000 ) ) ;
#614 = LINE ( 'NONE', #521, #840 ) ;
#615 = CARTESIAN_POINT ( 'NONE',  ( -68.28168854017573608, 2.447566732226319264, 10.53652102578509187 ) ) ;
#616 = DIRECTION ( 'NONE',  ( -1.000000000000000000, 0.000000000000000000, 0.000000000000000000 ) ) ;
#617 = LINE ( 'NONE', #856, #143 ) ;
#618 = ORIENTED_EDGE ( 'NONE', *, *, #1419, .T. ) ;
#619 = EDGE_CURVE ( 'NONE', #742, #287, #303, .T. ) ;
#620 = ORIENTED_EDGE ( 'NONE', *, *, #363, .T. ) ;
#621 = DIRECTION ( 'NONE',  ( 0.000000000000000000, 0.000000000000000000, 1.000000000000000000 ) ) ;
#622 = LINE ( 'NONE', #45, #1392 ) ;
#623 = LINE ( 'NONE', #1103, #442 ) ;
#624 = CARTESIAN_POINT ( 'NONE',  ( -81.51989773421911423, 12.69525287855077167, 10.99999999999953104 ) ) ;
#625 = VECTOR ( 'NONE', #457, 1000.000000000000114 ) ;
#626 = PLANE ( 'NONE',  #98 ) ;
#627 = VERTEX_POINT ( 'NONE', #904 ) ;
#628 = EDGE_LOOP ( 'NONE', ( #526, #388, #706, #676 ) ) ;
#629 = LINE ( 'NONE', #1447, #155 ) ;
#630 = FACE_OUTER_BOUND ( 'NONE', #732, .T. ) ;
#631 = CARTESIAN_POINT ( 'NONE',  ( -65.87994175935372709, 2.498033705100266122, 10.53652102578509187 ) ) ;
#632 = DIRECTION ( 'NONE',  ( 0.000000000000000000, 0.000000000000000000, -1.000000000000000000 ) ) ;
#633 = DIRECTION ( 'NONE',  ( -0.000000000000000000, 0.000000000000000000, -1.000000000000000000 ) ) ;
#634 = ORIENTED_EDGE ( 'NONE', *, *, #690, .T. ) ;
#635 = ORIENTED_EDGE ( 'NONE', *, *, #212, .T. ) ;
#636 = VECTOR ( 'NONE', #153, 1000.000000000000000 ) ;
#637 = CARTESIAN_POINT ( 'NONE',  ( -63.25000000000000000, 22.25000000000000000, 11.00000000000000000 ) ) ;
#638 = FACE_OUTER_BOUND ( 'NONE', #769, .T. ) ;
#639 = EDGE_CURVE ( 'NONE', #43, #423, #1379, .T. ) ;
#640 = DIRECTION ( 'NONE',  ( 0.000000000000000000, 0.000000000000000000, 1.000000000000000000 ) ) ;
#641 = CARTESIAN_POINT ( 'NONE',  ( -80.43653022127728036, 8.352666469715178010, 13.10000000000000142 ) ) ;
#642 = AXIS2_PLACEMENT_3D ( 'NONE', #1241, #166, #1120 ) ;
#643 = CARTESIAN_POINT ( 'NONE',  ( -60.75000000000000000, 2.500000000000000000, 10.59999999999999964 ) ) ;
#644 = EDGE_LOOP ( 'NONE', ( #136, #894, #93, #10 ) ) ;
#645 = ORIENTED_EDGE ( 'NONE', *, *, #486, .T. ) ;
#646 = EDGE_CURVE ( 'NONE', #585, #423, #776, .T. ) ;
#647 = VECTOR ( 'NONE', #1222, 1000.000000000000000 ) ;
#648 = DIRECTION ( 'NONE',  ( 0.000000000000000000, 0.000000000000000000, 1.000000000000000000 ) ) ;
#649 = LINE ( 'NONE', #146, #1271 ) ;
#650 = CARTESIAN_POINT ( 'NONE',  ( -64.76619071325059451, 11.56097560975574190, 11.00000000000028422 ) ) ;
#651 = DIRECTION ( 'NONE',  ( 0.000000000000000000, 0.000000000000000000, -1.000000000000000000 ) ) ;
#652 = CARTESIAN_POINT ( 'NONE',  ( -60.74999999999998579, 2.507998127340098193, 13.09999999999999964 ) ) ;
#653 = VERTEX_POINT ( 'NONE', #181 ) ;
#654 = ADVANCED_FACE ( 'NONE', ( #662 ), #306, .T. ) ;
#655 = VERTEX_POINT ( 'NONE', #1309 ) ;
#656 = LINE ( 'NONE', #1152, #213 ) ;
#657 = CARTESIAN_POINT ( 'NONE',  ( -80.56375977326848670, 9.000000000000001776, 13.09999999999997122 ) ) ;
#658 = CARTESIAN_POINT ( 'NONE',  ( -80.00788849880618159, 7.475188464000939170, 13.09999999999999964 ) ) ;
#659 = CARTESIAN_POINT ( 'NONE',  ( -66.46122607655649972, 7.022757288313028923, 13.10000000000000142 ) ) ;
#660 = ORIENTED_EDGE ( 'NONE', *, *, #1546, .F. ) ;
#661 = ORIENTED_EDGE ( 'NONE', *, *, #159, .T. ) ;
#662 = FACE_OUTER_BOUND ( 'NONE', #835, .T. ) ;
#663 = PERSON_AND_ORGANIZATION ( #18446744073709551615, #18446744073709551615 ) ;
#664 = CARTESIAN_POINT ( 'NONE',  ( -67.66594956420077267, 11.50000000000000000, 13.09999999999999787 ) ) ;
#665 = CARTESIAN_POINT ( 'NONE',  ( -63.25000000000000000, 22.25000000000000000, 4.722651841573941134 ) ) ;
#666 = CARTESIAN_POINT ( 'NONE',  ( -67.04726755201924959, 17.24945755175869877, 9.000000000000000000 ) ) ;
#667 = PLANE ( 'NONE',  #286 ) ;
#668 = AXIS2_PLACEMENT_3D ( 'NONE', #48, #651, #30 ) ;
#669 = ORIENTED_EDGE ( 'NONE', *, *, #212, .F. ) ;
#670 = LINE ( 'NONE', #188, #1162 ) ;
#671 = SECURITY_CLASSIFICATION_LEVEL ( 'unclassified' ) ;
#672 = CARTESIAN_POINT ( 'NONE',  ( -73.00000000000007105, 11.50000000000000355, 13.10000000000002807 ) ) ;
#673 = CARTESIAN_POINT ( 'NONE',  ( -70.61032114391707637, 4.452107634010300963, 13.09999999999999964 ) ) ;
#674 = CARTESIAN_POINT ( 'NONE',  ( -76.49309629021163914, 10.75054244824132610, 9.000000000000000000 ) ) ;
#675 = ORIENTED_EDGE ( 'NONE', *, *, #180, .T. ) ;
#676 = ORIENTED_EDGE ( 'NONE', *, *, #1428, .F. ) ;
#677 = VECTOR ( 'NONE', #473, 1000.000000000000000 ) ;
#678 = DIRECTION ( 'NONE',  ( 0.000000000000000000, -0.000000000000000000, -1.000000000000000000 ) ) ;
#679 = COORDINATED_UNIVERSAL_TIME_OFFSET ( 1, 0, .AHEAD. ) ;
#680 = EDGE_CURVE ( 'NONE', #374, #1547, #809, .T. ) ;
#681 = DIRECTION ( 'NONE',  ( 0.000000000000000000, -1.000000000000000000, 0.000000000000000000 ) ) ;
#682 = CARTESIAN_POINT ( 'NONE',  ( -80.00000000000000000, 24.00000000000000000, 9.099999999999997868 ) ) ;
#683 = CARTESIAN_POINT ( 'NONE',  ( -67.04726755201923538, 10.75054244824130301, 9.000000000000000000 ) ) ;
#684 = VERTEX_POINT ( 'NONE', #1324 ) ;
#685 = DIRECTION ( 'NONE',  ( -1.000000000000000000, 0.000000000000000000, 0.000000000000000000 ) ) ;
#686 = DATE_TIME_ROLE ( 'creation_date' ) ;
#687 = CARTESIAN_POINT ( 'NONE',  ( -73.49999999999992895, 10.75054244824127281, 8.999999999999994671 ) ) ;
#688 = DIRECTION ( 'NONE',  ( 1.000000000000000000, 0.000000000000000000, 0.000000000000000000 ) ) ;
#689 = VECTOR ( 'NONE', #613, 1000.000000000000000 ) ;
#690 = EDGE_CURVE ( 'NONE', #488, #1384, #717, .T. ) ;
#691 = CARTESIAN_POINT ( 'NONE',  ( -73.50000000000000000, 17.24945755175867745, 8.999999999999980460 ) ) ;
#692 = LOCAL_TIME ( 19, 36, 12.00000000000000000, #1396 ) ;
#693 = VERTEX_POINT ( 'NONE', #250 ) ;
#694 = EDGE_CURVE ( 'NONE', #1384, #1369, #117, .T. ) ;
#695 = VECTOR ( 'NONE', #1305, 1000.000000000000000 ) ;
#696 = DIRECTION ( 'NONE',  ( 0.000000000000000000, -0.000000000000000000, -1.000000000000000000 ) ) ;
#697 = EDGE_CURVE ( 'NONE', #858, #405, #1435, .T. ) ;
#698 = DIRECTION ( 'NONE',  ( 0.000000000000000000, -0.000000000000000000, -1.000000000000000000 ) ) ;
#699 = DIRECTION ( 'NONE',  ( 0.000000000000000000, 0.000000000000000000, 1.000000000000000000 ) ) ;
#700 = CARTESIAN_POINT ( 'NONE',  ( -77.18026907409863213, 6.500000000000000888, 13.09999999999999964 ) ) ;
#701 = ORIENTED_EDGE ( 'NONE', *, *, #128, .F. ) ;
#702 = VECTOR ( 'NONE', #176, 1000.000000000000000 ) ;
#703 = CARTESIAN_POINT ( 'NONE',  ( -86.40000000000000568, 6.230325619078904253, 19.00000000000000000 ) ) ;
#704 = CARTESIAN_POINT ( 'NONE',  ( -83.45000000000001705, 21.94999999999999574, 9.599999999999999645 ) ) ;
#705 = CARTESIAN_POINT ( 'NONE',  ( 0.000000000000000000, 0.000000000000000000, 11.00000000000000000 ) ) ;
#706 = ORIENTED_EDGE ( 'NONE', *, *, #342, .F. ) ;
#707 = APPROVAL ( #927, 'Deckungsgleich' ) ;
#708 = CARTESIAN_POINT ( 'NONE',  ( -63.25000000000000000, 7.749999999999995559, 11.00000000000000000 ) ) ;
#709 = FACE_BOUND ( 'NONE', #628, .T. ) ;
#710 = CARTESIAN_POINT ( 'NONE',  ( 0.000000000000000000, 8.150000000000002132, 9.999999999999998224 ) ) ;
#711 = VERTEX_POINT ( 'NONE', #1044 ) ;
#712 = CARTESIAN_POINT ( 'NONE',  ( -68.99999999999998579, 24.00000000000000000, 10.19999999999999929 ) ) ;
#713 = CARTESIAN_POINT ( 'NONE',  ( -87.23809016886180245, 6.230325619078903365, 10.59999999999999964 ) ) ;
#714 = ADVANCED_FACE ( 'NONE', ( #841, #1552 ), #364, .T. ) ;
#715 = DIRECTION ( 'NONE',  ( 0.000000000000000000, 0.000000000000000000, -1.000000000000000000 ) ) ;
#716 = VECTOR ( 'NONE', #272, 1000.000000000000000 ) ;
#717 = LINE ( 'NONE', #934, #425 ) ;
#718 = ORIENTED_EDGE ( 'NONE', *, *, #1082, .T. ) ;
#719 = ORIENTED_EDGE ( 'NONE', *, *, #722, .T. ) ;
#720 = DIRECTION ( 'NONE',  ( 0.000000000000000000, 0.000000000000000000, 1.000000000000000000 ) ) ;
#721 = CARTESIAN_POINT ( 'NONE',  ( -80.00000000000000000, 24.00000000000000000, 10.19999999999999929 ) ) ;
#722 = EDGE_CURVE ( 'NONE', #374, #759, #134, .T. ) ;
#723 = CARTESIAN_POINT ( 'NONE',  ( -83.45000000000001705, 8.049999999999997158, 9.599999999999999645 ) ) ;
#724 = LINE ( 'NONE', #1331, #553 ) ;
#725 = ORIENTED_EDGE ( 'NONE', *, *, #1290, .T. ) ;
#726 = DIRECTION ( 'NONE',  ( 0.000000000000000000, 1.000000000000000000, 0.000000000000000000 ) ) ;
#727 = CARTESIAN_POINT ( 'NONE',  ( -80.00000000000000000, 24.00000000000000000, 11.04024904585165245 ) ) ;
#728 = CARTESIAN_POINT ( 'NONE',  ( -78.78666345982041719, 14.44484411187641371, 10.99999999999999645 ) ) ;
#729 = CARTESIAN_POINT ( 'NONE',  ( -77.99999999810610518, 11.50000000000000355, 13.10000000000000142 ) ) ;
#730 = EDGE_CURVE ( 'NONE', #187, #826, #617, .T. ) ;
#731 = DIRECTION ( 'NONE',  ( 1.000000000000000000, 0.000000000000000000, 0.000000000000000000 ) ) ;
#732 = EDGE_LOOP ( 'NONE', ( #483, #984, #883, #645 ) ) ;
#733 = EDGE_CURVE ( 'NONE', #1369, #1057, #603, .T. ) ;
#734 = ORIENTED_EDGE ( 'NONE', *, *, #982, .T. ) ;
#735 = CARTESIAN_POINT ( 'NONE',  ( -83.75000000000000000, 22.25000000000000000, 11.00000000000000000 ) ) ;
#736 = LINE ( 'NONE', #987, #1314 ) ;
#737 = AXIS2_PLACEMENT_3D ( 'NONE', #175, #1330, #1346 ) ;
#738 = DIRECTION ( 'NONE',  ( 0.000000000000000000, 0.000000000000000000, -1.000000000000000000 ) ) ;
#739 = CARTESIAN_POINT ( 'NONE',  ( -77.99999999999975842, 6.500000000000001776, 13.10000000000000142 ) ) ;
#740 = CARTESIAN_POINT ( 'NONE',  ( -65.95414072647366766, 2.497489565666435318, 12.90176598270961605 ) ) ;
#741 = ORIENTED_EDGE ( 'NONE', *, *, #836, .T. ) ;
#742 = VERTEX_POINT ( 'NONE', #832 ) ;
#743 = DIRECTION ( 'NONE',  ( 0.5773502691896316152, 0.5773502691896265082, 0.5773502691896191807 ) ) ;
#744 = CARTESIAN_POINT ( 'NONE',  ( -67.99999999983442933, 6.500000000000000000, 13.09999999999999964 ) ) ;
#745 = CARTESIAN_POINT ( 'NONE',  ( -83.75000000000000000, 7.749999999999995559, 4.722651841573941134 ) ) ;
#746 = CARTESIAN_POINT ( 'NONE',  ( -64.99999999999998579, 24.00000000000000000, 9.099999999999997868 ) ) ;
#747 = VECTOR ( 'NONE', #886, 1000.000000000000000 ) ;
#748 = VECTOR ( 'NONE', #108, 1000.000000000000000 ) ;
#749 = CARTESIAN_POINT ( 'NONE',  ( -70.61032114391707637, 0.000000000000000000, 13.09999999999999964 ) ) ;
#750 = ORIENTED_EDGE ( 'NONE', *, *, #576, .F. ) ;
#751 = ORIENTED_EDGE ( 'NONE', *, *, #680, .F. ) ;
#752 = DIRECTION ( 'NONE',  ( -0.000000000000000000, -0.04993761694389402955, -0.9987523388778446476 ) ) ;
#753 = LINE ( 'NONE', #1110, #716 ) ;
#754 = EDGE_CURVE ( 'NONE', #826, #742, #373, .T. ) ;
#755 = CARTESIAN_POINT ( 'NONE',  ( -70.49333848591570018, 14.44484411187599626, 11.00000000000028777 ) ) ;
#756 = LINE ( 'NONE', #1104, #591 ) ;
#757 = CARTESIAN_POINT ( 'NONE',  ( -65.92379733457552504, 2.504454856369833671, 13.02913458059479090 ) ) ;
#758 = ORIENTED_EDGE ( 'NONE', *, *, #1438, .F. ) ;
#759 = VERTEX_POINT ( 'NONE', #235 ) ;
#760 = VECTOR ( 'NONE', #621, 1000.000000000000000 ) ;
#761 = CARTESIAN_POINT ( 'NONE',  ( -86.40000000000000568, -3.895830236755031706, 13.09999999999999964 ) ) ;
#762 = DIRECTION ( 'NONE',  ( 1.000000000000000000, 0.000000000000000000, 0.000000000000000000 ) ) ;
#763 = CARTESIAN_POINT ( 'NONE',  ( -70.61032114969135876, 2.264978687537532842, 12.95437254123438109 ) ) ;
#764 = CARTESIAN_POINT ( 'NONE',  ( -80.25152169298281990, 10.09879756746776813, 13.09999999999999964 ) ) ;
#765 = ADVANCED_FACE ( 'NONE', ( #86 ), #451, .F. ) ;
#766 = EDGE_CURVE ( 'NONE', #785, #404, #724, .T. ) ;
#767 = VECTOR ( 'NONE', #1196, 1000.000000000000000 ) ;
#768 = DIRECTION ( 'NONE',  ( 0.000000000000000000, -1.000000000000000000, 0.000000000000000000 ) ) ;
#769 = EDGE_LOOP ( 'NONE', ( #1462, #351, #590, #344 ) ) ;
#770 = ORIENTED_EDGE ( 'NONE', *, *, #582, .F. ) ;
#771 = DIRECTION ( 'NONE',  ( 1.000000000000000000, -0.000000000000000000, -0.000000000000000000 ) ) ;
#772 = DIRECTION ( 'NONE',  ( 0.000000000000000000, 0.000000000000000000, -1.000000000000000000 ) ) ;
#773 = CARTESIAN_POINT ( 'NONE',  ( -70.50690370978838928, 10.75054244824132610, 9.000000000000003553 ) ) ;
#774 = CARTESIAN_POINT ( 'NONE',  ( -73.25609756097561842, 8.677107107636276240, 10.99999999999951683 ) ) ;
#775 = CARTESIAN_POINT ( 'NONE',  ( -67.66668787585896894, 11.49999999974489739, 13.09999999999999787 ) ) ;
#776 = CIRCLE ( 'NONE', #822, 1.000000000000000888 ) ;
#777 = ORIENTED_EDGE ( 'NONE', *, *, #1313, .T. ) ;
#778 = ORIENTED_EDGE ( 'NONE', *, *, #722, .F. ) ;
#779 = CARTESIAN_POINT ( 'NONE',  ( -84.00000000000000000, 25.19999999999999929, 10.19999999999999929 ) ) ;
#780 = APPROVAL_ROLE ( '' ) ;
#781 = CARTESIAN_POINT ( 'NONE',  ( -68.81973092590136787, 6.499999999999999112, 13.09999999999999964 ) ) ;
#782 = DIRECTION ( 'NONE',  ( 0.000000000000000000, 0.000000000000000000, 1.000000000000000000 ) ) ;
#783 = CARTESIAN_POINT ( 'NONE',  ( -65.43624022673155594, 8.999999999999980460, 13.09999999999996589 ) ) ;
#784 = ORIENTED_EDGE ( 'NONE', *, *, #324, .F. ) ;
#785 = VERTEX_POINT ( 'NONE', #95 ) ;
#786 = CARTESIAN_POINT ( 'NONE',  ( -60.75000000000000000, 24.00000000000000000, 13.09999999999999964 ) ) ;
#787 = CALENDAR_DATE ( 2026, 4, 4 ) ;
#788 = CARTESIAN_POINT ( 'NONE',  ( -78.33405043579921312, 6.500000000000001776, 13.09999999999999964 ) ) ;
#789 = CARTESIAN_POINT ( 'NONE',  ( -79.26432881427092525, 11.16299653086245947, 13.09999999999999964 ) ) ;
#790 = CARTESIAN_POINT ( 'NONE',  ( -79.95273244798076462, 10.75054244824130834, 9.000000000000000000 ) ) ;
#791 = LINE ( 'NONE', #1270, #162 ) ;
#792 = VECTOR ( 'NONE', #167, 1000.000000000000000 ) ;
#793 = EDGE_LOOP ( 'NONE', ( #1141, #1495, #476, #1009 ) ) ;
#794 = DIRECTION ( 'NONE',  ( 0.000000000000000000, -1.000000000000000000, 0.000000000000000000 ) ) ;
#795 = DATE_TIME_ROLE ( 'classification_date' ) ;
#796 = VECTOR ( 'NONE', #1432, 1000.000000000000000 ) ;
#797 = CARTESIAN_POINT ( 'NONE',  ( -64.38753433901578660, 15.28902356893821590, 9.000000000000003553 ) ) ;
#798 = LINE ( 'NONE', #1165, #1541 ) ;
#799 = CARTESIAN_POINT ( 'NONE',  ( -79.95273244798076462, 17.24945755175869877, 9.000000000000000000 ) ) ;
#800 = ORIENTED_EDGE ( 'NONE', *, *, #1124, .F. ) ;
#801 = DIRECTION ( 'NONE',  ( 0.000000000000000000, 0.000000000000000000, 1.000000000000000000 ) ) ;
#802 = COORDINATED_UNIVERSAL_TIME_OFFSET ( 1, 0, .AHEAD. ) ;
#803 = CARTESIAN_POINT ( 'NONE',  ( -66.20711421850744216, 17.08696909881487969, 9.000000000000012434 ) ) ;
#804 = DIRECTION ( 'NONE',  ( -0.000000000000000000, -0.000000000000000000, 1.000000000000000000 ) ) ;
#805 = ADVANCED_FACE ( 'NONE', ( #578 ), #116, .F. ) ;
#806 = CARTESIAN_POINT ( 'NONE',  ( -79.53586675669127715, 17.24945755175869877, 9.000000000000000000 ) ) ;
#807 = EDGE_CURVE ( 'NONE', #1393, #994, #266, .T. ) ;
#808 = VERTEX_POINT ( 'NONE', #652 ) ;
#809 = LINE ( 'NONE', #926, #500 ) ;
#810 = DIRECTION ( 'NONE',  ( 0.000000000000000000, -0.9987523388778446476, 0.04993761694389402955 ) ) ;
#811 = LINE ( 'NONE', #574, #1334 ) ;
#812 = CARTESIAN_POINT ( 'NONE',  ( -65.62729858888464207, 8.028206346357334766, 13.10000000000003517 ) ) ;
#813 = EDGE_CURVE ( 'NONE', #431, #933, #1202, .T. ) ;
#814 = AXIS2_PLACEMENT_3D ( 'NONE', #138, #1036, #1045 ) ;
#815 = ORIENTED_EDGE ( 'NONE', *, *, #1350, .T. ) ;
#816 = AXIS2_PLACEMENT_3D ( 'NONE', #219, #548, #699 ) ;
#817 = LINE ( 'NONE', #592, #89 ) ;
#818 = DIRECTION ( 'NONE',  ( 0.000000000000000000, 1.000000000000000000, 0.000000000000000000 ) ) ;
#819 = DIRECTION ( 'NONE',  ( 0.000000000000000000, 0.000000000000000000, 1.000000000000000000 ) ) ;
#820 = ADVANCED_FACE ( 'NONE', ( #1244 ), #626, .F. ) ;
#821 = ORIENTED_EDGE ( 'NONE', *, *, #680, .T. ) ;
#822 = AXIS2_PLACEMENT_3D ( 'NONE', #298, #1143, #314 ) ;
#823 = CARTESIAN_POINT ( 'NONE',  ( -70.31325362312979621, 2.298424017049598866, 10.59999999999999964 ) ) ;
#824 = DIRECTION ( 'NONE',  ( -1.000000000000000000, 0.000000000000000000, 0.000000000000000000 ) ) ;
#825 = DIRECTION ( 'NONE',  ( 1.000000000000000000, -0.000000000000000000, -0.000000000000000000 ) ) ;
#826 = VERTEX_POINT ( 'NONE', #508 ) ;
#827 = ORIENTED_EDGE ( 'NONE', *, *, #813, .F. ) ;
#828 = CARTESIAN_POINT ( 'NONE',  ( -83.75000000000000000, 7.749999999999995559, 11.00000000000000000 ) ) ;
#829 = DIRECTION ( 'NONE',  ( 1.000000000000000000, -0.000000000000000000, -0.000000000000000000 ) ) ;
#830 = LINE ( 'NONE', #1545, #1548 ) ;
#831 = VECTOR ( 'NONE', #726, 1000.000000000000000 ) ;
#832 = CARTESIAN_POINT ( 'NONE',  ( -70.61032114391711900, 2.264978688187626155, 12.14664511881260012 ) ) ;
#833 = ORIENTED_EDGE ( 'NONE', *, *, #889, .F. ) ;
#834 = VECTOR ( 'NONE', #1053, 1000.000000000000000 ) ;
#835 = EDGE_LOOP ( 'NONE', ( #1504, #144, #1235, #135, #1067, #1187, #815 ) ) ;
#836 = EDGE_CURVE ( 'NONE', #1177, #287, #882, .T. ) ;
#837 = DIRECTION ( 'NONE',  ( -1.000000000000000000, 0.000000000000000000, 0.000000000000000000 ) ) ;
#838 = DIRECTION ( 'NONE',  ( 0.000000000000000000, -0.000000000000000000, -1.000000000000000000 ) ) ;
#839 = CARTESIAN_POINT ( 'NONE',  ( -83.45000000000001705, 21.94999999999999574, 9.599999999999999645 ) ) ;
#840 = VECTOR ( 'NONE', #1094, 1000.000000000000000 ) ;
#841 = FACE_BOUND ( 'NONE', #1341, .T. ) ;
#842 = VERTEX_POINT ( 'NONE', #643 ) ;
#843 = DIRECTION ( 'NONE',  ( 0.000000000000000000, -0.7071067811865430208, 0.7071067811865521247 ) ) ;
#844 = CARTESIAN_POINT ( 'NONE',  ( -63.25000000000000000, 7.749999999999995559, 4.722651841573941134 ) ) ;
#845 = ADVANCED_FACE ( 'NONE', ( #1105 ), #302, .F. ) ;
#846 = CARTESIAN_POINT ( 'NONE',  ( -60.75000000000000000, 24.00000000000000000, 9.099999999999997868 ) ) ;
#847 = EDGE_CURVE ( 'NONE', #933, #1511, #1283, .T. ) ;
#848 = DIRECTION ( 'NONE',  ( 0.000000000000000000, -1.000000000000000000, -0.000000000000000000 ) ) ;
#849 = ORIENTED_EDGE ( 'NONE', *, *, #730, .T. ) ;
#850 = EDGE_CURVE ( 'NONE', #502, #1057, #909, .T. ) ;
#851 = ORIENTED_EDGE ( 'NONE', *, *, #13, .T. ) ;
#852 = LINE ( 'NONE', #1237, #491 ) ;
#853 = DIRECTION ( 'NONE',  ( 0.000000000000000000, 0.000000000000000000, 1.000000000000000000 ) ) ;
#854 = CARTESIAN_POINT ( 'NONE',  ( -65.00000000000000000, 2.500000000000000000, 10.53652102578509187 ) ) ;
#855 = FACE_OUTER_BOUND ( 'NONE', #1261, .T. ) ;
#856 = CARTESIAN_POINT ( 'NONE',  ( -60.75000000000000000, 2.500000000000000000, 12.94003745319804288 ) ) ;
#857 = ORIENTED_EDGE ( 'NONE', *, *, #280, .T. ) ;
#858 = VERTEX_POINT ( 'NONE', #932 ) ;
#859 = CARTESIAN_POINT ( 'NONE',  ( -84.00000000000000000, 24.00000000000000000, 9.099999999999997868 ) ) ;
#860 = PLANE ( 'NONE',  #193 ) ;
#861 = VECTOR ( 'NONE', #606, 1000.000000000000000 ) ;
#862 = CARTESIAN_POINT ( 'NONE',  ( -79.95273244798076462, 17.24945755175869877, 9.000000000000000000 ) ) ;
#863 = CARTESIAN_POINT ( 'NONE',  ( -80.50003946741786365, 9.162390070583942503, 13.09999999999999964 ) ) ;
#864 = DIRECTION ( 'NONE',  ( -1.000000000000000000, 0.000000000000000000, 0.000000000000000000 ) ) ;
#865 = ORIENTED_EDGE ( 'NONE', *, *, #733, .T. ) ;
#866 = ADVANCED_FACE ( 'NONE', ( #1407 ), #463, .T. ) ;
#867 = ORIENTED_EDGE ( 'NONE', *, *, #406, .T. ) ;
#868 = LINE ( 'NONE', #1342, #1287 ) ;
#869 = CARTESIAN_POINT ( 'NONE',  ( -83.45000000000001705, 8.049999999999997158, 10.10000000000001386 ) ) ;
#870 = CARTESIAN_POINT ( 'NONE',  ( -70.31325362706698456, 2.298424016672824255, 12.95437254123437931 ) ) ;
#871 = FACE_OUTER_BOUND ( 'NONE', #1100, .T. ) ;
#872 = VECTOR ( 'NONE', #229, 1000.000000000000000 ) ;
#873 = CARTESIAN_POINT ( 'NONE',  ( -65.00000000000002842, 2.519379546316750318, 13.32762837953312562 ) ) ;
#874 = ORIENTED_EDGE ( 'NONE', *, *, #458, .F. ) ;
#875 = ORIENTED_EDGE ( 'NONE', *, *, #568, .F. ) ;
#876 = EDGE_CURVE ( 'NONE', #43, #405, #1066, .T. ) ;
#877 = ADVANCED_FACE ( 'NONE', ( #1185 ), #948, .F. ) ;
#878 = LINE ( 'NONE', #637, #955 ) ;
#879 = DIRECTION ( 'NONE',  ( 0.000000000000000000, 0.000000000000000000, -1.000000000000000000 ) ) ;
#880 = PLANE ( 'NONE',  #1362 ) ;
#881 = CARTESIAN_POINT ( 'NONE',  ( -79.54887674234836936, 7.010442067849734116, 13.09999999999999964 ) ) ;
#882 = LINE ( 'NONE', #749, #970 ) ;
#883 = ORIENTED_EDGE ( 'NONE', *, *, #295, .F. ) ;
#884 = ORIENTED_EDGE ( 'NONE', *, *, #1113, .F. ) ;
#885 = AXIS2_PLACEMENT_3D ( 'NONE', #35, #843, #145 ) ;
#886 = DIRECTION ( 'NONE',  ( 0.000000000000000000, 1.000000000000000000, 0.000000000000000000 ) ) ;
#887 = LOCAL_TIME ( 19, 36, 12.00000000000000000, #679 ) ;
#888 = DIRECTION ( 'NONE',  ( 0.000000000000000000, 0.000000000000000000, 1.000000000000000000 ) ) ;
#889 = EDGE_CURVE ( 'NONE', #1151, #380, #5, .T. ) ;
#890 = FACE_OUTER_BOUND ( 'NONE', #1056, .T. ) ;
#891 = PLANE ( 'NONE',  #737 ) ;
#892 = VECTOR ( 'NONE', #598, 1000.000000000000000 ) ;
#893 = CARTESIAN_POINT ( 'NONE',  ( -66.87832594251203489, 6.759461969977895279, 13.09999999999999964 ) ) ;
#894 = ORIENTED_EDGE ( 'NONE', *, *, #1428, .T. ) ;
#895 = ORIENTED_EDGE ( 'NONE', *, *, #1520, .T. ) ;
#896 = LINE ( 'NONE', #529, #1297 ) ;
#897 = CARTESIAN_POINT ( 'NONE',  ( -75.52090499915048838, 6.499999999999992895, 13.09999999999999964 ) ) ;
#898 = ADVANCED_FACE ( 'NONE', ( #480 ), #242, .F. ) ;
#899 = DIRECTION ( 'NONE',  ( 0.000000000000000000, 1.000000000000000000, 0.000000000000000000 ) ) ;
#900 = CARTESIAN_POINT ( 'NONE',  ( -66.84852556581944327, 2.485162807786675199, 12.68423913631666800 ) ) ;
#901 = AXIS2_PLACEMENT_3D ( 'NONE', #919, #1361, #1256 ) ;
#902 = CARTESIAN_POINT ( 'NONE',  ( -63.25000000000000000, 22.25000000000000000, 4.722651841573941134 ) ) ;
#903 = ORIENTED_EDGE ( 'NONE', *, *, #243, .T. ) ;
#904 = CARTESIAN_POINT ( 'NONE',  ( -83.75000000000000000, 22.25000000000000000, 9.599999999999999645 ) ) ;
#905 = CALENDAR_DATE ( 2026, 4, 4 ) ;
#906 = DIRECTION ( 'NONE',  ( 0.000000000000000000, 0.000000000000000000, -1.000000000000000000 ) ) ;
#907 = CARTESIAN_POINT ( 'NONE',  ( 0.000000000000000000, 25.19999999999999218, 10.19999999999999929 ) ) ;
#908 = B_SPLINE_CURVE_WITH_KNOTS ( 'NONE', 3,
 ( #739, #989, #1466, #274, #881, #658, #157, #641, #283, #863, #1459, #1112, #1451, #764, #1252, #1131, #378, #1267, #437, #789, #931, #446, #1276, #1405, #1501, #72 ),
 .UNSPECIFIED., .F., .F.,
 ( 4, 2, 2, 2, 2, 2, 2, 2, 2, 2, 2, 2, 4 ),
 ( 0.000000000000000000, 0.1250000000000000000, 0.2500000000000000000, 0.3750000000000000000, 0.5000000000000000000, 0.5625000000000000000, 0.6250000000000000000, 0.6875000000000000000, 0.7500000000000000000, 0.8125000000000000000, 0.8750000000000000000, 0.9375000000000000000, 1.000000000000000000 ),
 .UNSPECIFIED. ) ;
#909 = LINE ( 'NONE', #575, #1175 ) ;
#910 = ORIENTED_EDGE ( 'NONE', *, *, #432, .T. ) ;
#911 = EDGE_LOOP ( 'NONE', ( #957, #718, #1204, #784 ) ) ;
#912 = LINE ( 'NONE', #288, #1512 ) ;
#913 = CALENDAR_DATE ( 2026, 4, 4 ) ;
#914 = CARTESIAN_POINT ( 'NONE',  ( -79.82530124287104911, 7.198348748589254775, 13.09999999999998721 ) ) ;
#915 = FACE_OUTER_BOUND ( 'NONE', #1018, .T. ) ;
#916 = CARTESIAN_POINT ( 'NONE',  ( -65.62729858888464207, 9.971793653642642141, 13.10000000000002629 ) ) ;
#917 = ORIENTED_EDGE ( 'NONE', *, *, #1129, .T. ) ;
#918 = VERTEX_POINT ( 'NONE', #492 ) ;
#919 = CARTESIAN_POINT ( 'NONE',  ( -85.40000000000000568, 23.00000000000000000, 13.09999999999999964 ) ) ;
#920 = AXIS2_PLACEMENT_3D ( 'NONE', #1059, #347, #824 ) ;
#921 = CARTESIAN_POINT ( 'NONE',  ( -78.51291435265439134, 10.75054244824130478, 9.000000000000000000 ) ) ;
#922 = CARTESIAN_POINT ( 'NONE',  ( -83.75000000000000000, 22.25000000000000000, 9.599999999999999645 ) ) ;
#923 = EDGE_CURVE ( 'NONE', #1057, #1219, #354, .T. ) ;
#924 = CARTESIAN_POINT ( 'NONE',  ( -67.00361066498726359, 11.36470975108440662, 13.10000000000001030 ) ) ;
#925 = EDGE_LOOP ( 'NONE', ( #1042, #1236, #734, #950 ) ) ;
#926 = CARTESIAN_POINT ( 'NONE',  ( -83.45000000000001705, 8.049999999999997158, 10.10000000000000320 ) ) ;
#927 = APPROVAL_STATUS ( 'not_yet_approved' ) ;
#928 = EDGE_CURVE ( 'NONE', #1429, #842, #830, .T. ) ;
#929 = EDGE_CURVE ( 'NONE', #759, #1061, #964, .T. ) ;
#930 = CARTESIAN_POINT ( 'NONE',  ( -80.37270141111532951, 8.028206346357324108, 13.10000000000001741 ) ) ;
#931 = CARTESIAN_POINT ( 'NONE',  ( -79.12167405593675085, 11.24053803080245828, 13.09999999999999964 ) ) ;
#932 = CARTESIAN_POINT ( 'NONE',  ( -60.75000000000000000, 24.00000000000000000, 9.099999999999997868 ) ) ;
#933 = VERTEX_POINT ( 'NONE', #15 ) ;
#934 = CARTESIAN_POINT ( 'NONE',  ( -80.00000000000000000, 24.00000000000000000, 11.04024904585165245 ) ) ;
#935 = CARTESIAN_POINT ( 'NONE',  ( -64.99999999999998579, 24.39478791400460267, 10.76381557247154142 ) ) ;
#936 = PLANE ( 'NONE',  #1139 ) ;
#937 = CARTESIAN_POINT ( 'NONE',  ( -80.56375977326848670, 9.000000000000001776, 13.09999999999997122 ) ) ;
#938 = EDGE_LOOP ( 'NONE', ( #424, #238, #851, #276 ) ) ;
#939 = VECTOR ( 'NONE', #1022, 1000.000000000000000 ) ;
#940 = ORIENTED_EDGE ( 'NONE', *, *, #847, .T. ) ;
#941 = CARTESIAN_POINT ( 'NONE',  ( -60.75000000000000000, 2.500000000000000000, 13.09999999999999964 ) ) ;
#942 = DIRECTION ( 'NONE',  ( 0.000000000000000000, 1.000000000000000000, 0.000000000000000000 ) ) ;
#943 = CARTESIAN_POINT ( 'NONE',  ( -87.23809016886180245, 6.230325619078903365, 9.099999999999997868 ) ) ;
#944 = ORIENTED_EDGE ( 'NONE', *, *, #295, .T. ) ;
#945 = AXIS2_PLACEMENT_3D ( 'NONE', #839, #616, #715 ) ;
#946 = DIRECTION ( 'NONE',  ( 0.000000000000000000, 0.000000000000000000, -1.000000000000000000 ) ) ;
#947 = LINE ( 'NONE', #704, #993 ) ;
#948 = PLANE ( 'NONE',  #945 ) ;
#949 = EDGE_CURVE ( 'NONE', #1219, #1319, #1433, .T. ) ;
#950 = ORIENTED_EDGE ( 'NONE', *, *, #619, .F. ) ;
#951 = ORIENTED_EDGE ( 'NONE', *, *, #1240, .F. ) ;
#952 = DIRECTION ( 'NONE',  ( 1.000000000000000000, 0.000000000000000000, 0.000000000000000000 ) ) ;
#953 = LINE ( 'NONE', #721, #796 ) ;
#954 = CARTESIAN_POINT ( 'NONE',  ( -66.87730145347271105, 2.507998127340094641, 13.10000000000000142 ) ) ;
#955 = VECTOR ( 'NONE', #278, 1000.000000000000000 ) ;
#956 = DIRECTION ( 'NONE',  ( -0.000000000000000000, 0.000000000000000000, -1.000000000000000000 ) ) ;
#957 = ORIENTED_EDGE ( 'NONE', *, *, #458, .T. ) ;
#958 = EDGE_CURVE ( 'NONE', #441, #1002, #104, .T. ) ;
#959 = CLOSED_SHELL ( 'NONE', ( #866, #963, #178, #1194, #1427, #42, #1168, #1406, #1304, #992, #1242, #1449, #805, #1473, #124, #1280, #210, #1010, #94, #239, #765, #1071, #1452, #820, #845, #87, #9, #1043, #1001, #127, #654, #1074, #1199, #714, #877, #898, #1553, #158, #333, #1480, #1158, #965 ) ) ;
#960 = ORIENTED_EDGE ( 'NONE', *, *, #807, .T. ) ;
#961 = CARTESIAN_POINT ( 'NONE',  ( -63.54999999999999716, 8.049999999999995381, 10.10000000000000497 ) ) ;
#962 = LINE ( 'NONE', #248, #861 ) ;
#963 = ADVANCED_FACE ( 'NONE', ( #1540 ), #499, .F. ) ;
#964 = LINE ( 'NONE', #1307, #872 ) ;
#965 = ADVANCED_FACE ( 'NONE', ( #1077 ), #1441, .T. ) ;
#966 = CARTESIAN_POINT ( 'NONE',  ( -69.74780376354163991, 2.415136988620788294, 13.27165522794022401 ) ) ;
#967 = VERTEX_POINT ( 'NONE', #1191 ) ;
#968 = ORIENTED_EDGE ( 'NONE', *, *, #1408, .F. ) ;
#969 = DIRECTION ( 'NONE',  ( -0.000000000000000000, -0.8191520442889894671, 0.5735764363510492680 ) ) ;
#970 = VECTOR ( 'NONE', #768, 1000.000000000000000 ) ;
#971 = CARTESIAN_POINT ( 'NONE',  ( -63.54999999999999716, 21.94999999999999218, 9.599999999999999645 ) ) ;
#972 = CARTESIAN_POINT ( 'NONE',  ( -64.99229738773240683, 10.42669834096165538, 11.00000000000030553 ) ) ;
#973 = FACE_OUTER_BOUND ( 'NONE', #494, .T. ) ;
#974 = CARTESIAN_POINT ( 'NONE',  ( -66.89552519039163769, 2.484484253112517749, 12.79483909662371133 ) ) ;
#975 = VERTEX_POINT ( 'NONE', #1417 ) ;
#976 = EDGE_LOOP ( 'NONE', ( #661, #1310, #172, #214, #1117, #584 ) ) ;
#977 = B_SPLINE_CURVE_WITH_KNOTS ( 'NONE', 3,
 ( #370, #954, #349, #1551 ),
 .UNSPECIFIED., .F., .F.,
 ( 4, 4 ),
 ( 0.000000000000000000, 0.005597049816569943381 ),
 .UNSPECIFIED. ) ;
#978 = CARTESIAN_POINT ( 'NONE',  ( -68.99999999999998579, 24.39478791400460267, 10.76381557247154142 ) ) ;
#979 = DIRECTION ( 'NONE',  ( 0.000000000000000000, -1.000000000000000000, -0.000000000000000000 ) ) ;
#980 = CARTESIAN_POINT ( 'NONE',  ( -66.98346923560674782, 2.484699515399363179, 10.53652102578509187 ) ) ;
#981 = CARTESIAN_POINT ( 'NONE',  ( -70.49333848591567175, 8.677107107636295780, 10.99999999999951683 ) ) ;
#982 = EDGE_CURVE ( 'NONE', #142, #287, #977, .T. ) ;
#983 = CARTESIAN_POINT ( 'NONE',  ( -66.72744913837749436, 11.17700687221520894, 13.09999999999999964 ) ) ;
#984 = ORIENTED_EDGE ( 'NONE', *, *, #246, .F. ) ;
#985 = ORIENTED_EDGE ( 'NONE', *, *, #766, .F. ) ;
#986 = CARTESIAN_POINT ( 'NONE',  ( -64.99999999999998579, 24.00000000000000000, 11.04024904585165245 ) ) ;
#987 = CARTESIAN_POINT ( 'NONE',  ( -83.75000000000000000, 22.25000000000000000, 4.722651841573941134 ) ) ;
#988 = FACE_OUTER_BOUND ( 'NONE', #1436, .T. ) ;
#989 = CARTESIAN_POINT ( 'NONE',  ( -78.33331212422319823, 6.500000000255078625, 13.09999999999999964 ) ) ;
#990 = CARTESIAN_POINT ( 'NONE',  ( -74.66666666540406538, 11.50000000000000178, 13.09999999999999964 ) ) ;
#991 = EDGE_LOOP ( 'NONE', ( #503, #161, #951, #1470 ) ) ;
#992 = ADVANCED_FACE ( 'NONE', ( #973 ), #600, .F. ) ;
#993 = VECTOR ( 'NONE', #942, 1000.000000000000000 ) ;
#994 = VERTEX_POINT ( 'NONE', #362 ) ;
#995 = CARTESIAN_POINT ( 'NONE',  ( -60.75000000000000000, 2.500000000000000000, 10.59999999999999964 ) ) ;
#996 = CARTESIAN_POINT ( 'NONE',  ( -70.61032114391707637, 4.452107634010300963, 19.00000000000000000 ) ) ;
#997 = CARTESIAN_POINT ( 'NONE',  ( -73.25609756097560421, 14.44484411187598205, 11.00000000000030020 ) ) ;
#998 = DIRECTION ( 'NONE',  ( 0.000000000000000000, 0.000000000000000000, -1.000000000000000000 ) ) ;
#999 = CARTESIAN_POINT ( 'NONE',  ( -65.99211150153651317, 10.52481153643771528, 13.09999999999999964 ) ) ;
#1000 = ORIENTED_EDGE ( 'NONE', *, *, #1290, .F. ) ;
#1001 = ADVANCED_FACE ( 'NONE', ( #469, #1322 ), #249, .T. ) ;
#1002 = VERTEX_POINT ( 'NONE', #746 ) ;
#1003 = CARTESIAN_POINT ( 'NONE',  ( -70.61032114391707637, 2.298226953295317010, 12.78221678120165983 ) ) ;
#1004 = DIRECTION ( 'NONE',  ( 0.000000000000000000, 1.000000000000000000, 0.000000000000000000 ) ) ;
#1005 = DIRECTION ( 'NONE',  ( -0.000000000000000000, 1.000000000000000000, -0.000000000000000000 ) ) ;
#1006 = LINE ( 'NONE', #1484, #792 ) ;
#1007 = CARTESIAN_POINT ( 'NONE',  ( -65.49985797731343951, 9.324780139309408966, 13.09999999999999964 ) ) ;
#1008 = EDGE_LOOP ( 'NONE', ( #1025, #509, #416, #985 ) ) ;
#1009 = ORIENTED_EDGE ( 'NONE', *, *, #1315, .T. ) ;
#1010 = ADVANCED_FACE ( 'NONE', ( #1121 ), #140, .T. ) ;
#1011 = DIRECTION ( 'NONE',  ( 0.000000000000000000, -1.000000000000000000, 0.000000000000000000 ) ) ;
#1012 = CARTESIAN_POINT ( 'NONE',  ( -81.87837754398358925, 11.62663326966484156, 8.999999999999987566 ) ) ;
#1013 = LINE ( 'NONE', #1374, #60 ) ;
#1014 = EDGE_CURVE ( 'NONE', #187, #842, #1006, .T. ) ;
#1015 = AXIS2_PLACEMENT_3D ( 'NONE', #1232, #1338, #394 ) ;
#1016 = CARTESIAN_POINT ( 'NONE',  ( -67.99999999999998579, 11.50000000000000000, 13.09999999999999964 ) ) ;
#1017 = EDGE_LOOP ( 'NONE', ( #439, #1302, #163, #1051, #1203, #701, #17, #1536, #635, #1212, #1414, #604 ) ) ;
#1018 = EDGE_LOOP ( 'NONE', ( #725, #171, #433, #236 ) ) ;
#1019 = DIRECTION ( 'NONE',  ( 0.000000000000000000, -0.000000000000000000, -1.000000000000000000 ) ) ;
#1020 = PERSON_AND_ORGANIZATION ( #18446744073709551615, #18446744073709551615 ) ;
#1021 = FACE_OUTER_BOUND ( 'NONE', #991, .T. ) ;
#1022 = DIRECTION ( 'NONE',  ( 0.000000000000000000, 0.000000000000000000, -1.000000000000000000 ) ) ;
#1023 = CARTESIAN_POINT ( 'NONE',  ( -65.12162245601648181, 16.37336673033512469, 8.999999999999985789 ) ) ;
#1024 = AXIS2_PLACEMENT_3D ( 'NONE', #482, #1425, #956 ) ;
#1025 = ORIENTED_EDGE ( 'NONE', *, *, #1525, .F. ) ;
#1026 = ORIENTED_EDGE ( 'NONE', *, *, #694, .T. ) ;
#1027 = CARTESIAN_POINT ( 'NONE',  ( -63.54999999999999716, 8.049999999999995381, 9.599999999999999645 ) ) ;
#1028 = APPROVAL_DATE_TIME ( #1128, #1377 ) ;
#1029 = CARTESIAN_POINT ( 'NONE',  ( -65.62729858888464207, 8.028206346357334766, 13.10000000000003517 ) ) ;
#1030 = CARTESIAN_POINT ( 'NONE',  ( -71.33333333322286762, 6.500000000000000000, 13.09999999999999964 ) ) ;
#1031 = CARTESIAN_POINT ( 'NONE',  ( -80.79288578149254363, 17.08696909881490456, 8.999999999999998224 ) ) ;
#1032 = ORIENTED_EDGE ( 'NONE', *, *, #1274, .F. ) ;
#1033 = CC_DESIGN_PERSON_AND_ORGANIZATION_ASSIGNMENT ( #332, #435, ( #594 ) ) ;
#1034 = ORIENTED_EDGE ( 'NONE', *, *, #357, .T. ) ;
#1035 = DIRECTION ( 'NONE',  ( -0.000000000000000000, -1.000000000000000000, -0.000000000000000000 ) ) ;
#1036 = DIRECTION ( 'NONE',  ( 0.000000000000000000, 0.000000000000000000, 1.000000000000000000 ) ) ;
#1037 = VECTOR ( 'NONE', #173, 1000.000000000000000 ) ;
#1038 = DIRECTION ( 'NONE',  ( 1.000000000000000000, -0.000000000000000000, -0.000000000000000000 ) ) ;
#1039 = FACE_OUTER_BOUND ( 'NONE', #118, .T. ) ;
#1040 = CARTESIAN_POINT ( 'NONE',  ( -81.87837754398358925, 11.62663326966484156, 8.999999999999987566 ) ) ;
#1041 = AXIS2_PLACEMENT_3D ( 'NONE', #1075, #106, #946 ) ;
#1042 = ORIENTED_EDGE ( 'NONE', *, *, #754, .F. ) ;
#1043 = ADVANCED_FACE ( 'NONE', ( #855 ), #1097, .F. ) ;
#1044 = CARTESIAN_POINT ( 'NONE',  ( -63.25000000000000000, 22.25000000000000000, 11.00000000000000000 ) ) ;
#1045 = DIRECTION ( 'NONE',  ( 1.000000000000000000, 0.000000000000000000, 0.000000000000000000 ) ) ;
#1046 = VECTOR ( 'NONE', #818, 1000.000000000000000 ) ;
#1047 = CARTESIAN_POINT ( 'NONE',  ( -81.87837754398356083, 16.37336673033509271, 9.000000000000005329 ) ) ;
#1048 = DIRECTION ( 'NONE',  ( 0.000000000000000000, 1.000000000000000000, 0.000000000000000000 ) ) ;
#1049 = CARTESIAN_POINT ( 'NONE',  ( -78.99638933501265115, 6.635290248915588052, 13.10000000000000142 ) ) ;
#1050 = B_SPLINE_SURFACE_WITH_KNOTS ( 'NONE', 3, 1, ( 
 ( #1465, #1215 ),
 ( #1458, #862 ),
 ( #393, #71 ),
 ( #555, #1047 ),
 ( #1164, #563 ),
 ( #657, #174 ),
 ( #930, #290 ),
 ( #914, #1012 ),
 ( #308, #1526 ),
 ( #788, #420 ),
 ( #445, #921 ),
 ( #897, #1137 ),
 ( #90, #687 ),
 ( #1266, #773 ),
 ( #781, #1492 ),
 ( #1251, #436 ),
 ( #63, #1388 ),
 ( #191, #547 ),
 ( #1029, #1154 ),
 ( #1381, #1397 ),
 ( #1281, #797 ),
 ( #573, #1373 ),
 ( #428, #803 ),
 ( #664, #326 ),
 ( #183, #200 ),
 ( #453, #1130 ),
 ( #672, #208 ),
 ( #539, #53 ),
 ( #300, #1506 ),
 ( #316, #1258 ) ),
 .UNSPECIFIED., .T., .F., .F.,
 ( 4, 1, 1, 1, 1, 1, 1, 1, 2, 1, 1, 1, 2, 1, 1, 1, 1, 1, 1, 1, 2, 1, 1, 1, 4 ),
 ( 2, 2 ),
 ( 0.000000000000000000, 0.02806520517215429014, 0.05613041034430858028, 0.08419561551646290165, 0.1122608206886171606, 0.1403260258607714750, 0.1683912310329258033, 0.1964564362050800483, 0.2245216413772343211, 0.2933912310329257478, 0.3622608206886172022, 0.4311304103443086566, 0.5000000000000000000, 0.5280652051721541618, 0.5561304103443086566, 0.5841956155164631515, 0.6122608206886173132, 0.6403260258607714750, 0.6683912310329258588, 0.6964564362050800206, 0.7245216413772344044, 0.7933912310329257478, 0.8622608206886173132, 0.9311304103443086566, 1.000000000000000000 ),
 ( 0.000000000000000000, 1.000000000000000000 ),
 .UNSPECIFIED. ) ;
#1051 = ORIENTED_EDGE ( 'NONE', *, *, #291, .F. ) ;
#1052 = CARTESIAN_POINT ( 'NONE',  ( -70.72558384837012113, 2.302140180237796763, 13.08379663344811661 ) ) ;
#1053 = DIRECTION ( 'NONE',  ( 0.000000000000000000, 1.000000000000000000, 0.000000000000000000 ) ) ;
#1054 = CARTESIAN_POINT ( 'NONE',  ( -67.72553166213074860, 8.677107107635789518, 11.00000000000000000 ) ) ;
#1055 = CARTESIAN_POINT ( 'NONE',  ( -64.38753433901581502, 12.71097643106166863, 8.999999999999984013 ) ) ;
#1056 = EDGE_LOOP ( 'NONE', ( #675, #968, #51, #517 ) ) ;
#1057 = VERTEX_POINT ( 'NONE', #149 ) ;
#1058 = LINE ( 'NONE', #1431, #1308 ) ;
#1059 = CARTESIAN_POINT ( 'NONE',  ( -82.34115499825081486, -4.234288173559414226, 9.099999999999997868 ) ) ;
#1060 = DIRECTION ( 'NONE',  ( -0.000000000000000000, 0.7071067811865436870, 0.7071067811865513475 ) ) ;
#1061 = VERTEX_POINT ( 'NONE', #1216 ) ;
#1062 = VECTOR ( 'NONE', #91, 1000.000000000000000 ) ;
#1063 = CARTESIAN_POINT ( 'NONE',  ( -70.61032114391707637, 2.264978688187626155, 10.59999999999999964 ) ) ;
#1064 = DIRECTION ( 'NONE',  ( 0.000000000000000000, 0.000000000000000000, 1.000000000000000000 ) ) ;
#1065 = VECTOR ( 'NONE', #829, 1000.000000000000000 ) ;
#1066 = LINE ( 'NONE', #943, #677 ) ;
#1067 = ORIENTED_EDGE ( 'NONE', *, *, #766, .T. ) ;
#1068 = CARTESIAN_POINT ( 'NONE',  ( -63.25000000000000000, 7.749999999999995559, 4.722651841573941134 ) ) ;
#1069 = LINE ( 'NONE', #844, #390 ) ;
#1070 = DIRECTION ( 'NONE',  ( -8.717203396868371654E-17, -1.000000000000000000, 0.000000000000000000 ) ) ;
#1071 = ADVANCED_FACE ( 'NONE', ( #23 ), #265, .F. ) ;
#1072 = CARTESIAN_POINT ( 'NONE',  ( -60.75000000000000000, 2.500000000000000000, 9.099999999999997868 ) ) ;
#1073 = ORIENTED_EDGE ( 'NONE', *, *, #1246, .F. ) ;
#1074 = ADVANCED_FACE ( 'NONE', ( #871 ), #891, .T. ) ;
#1075 = CARTESIAN_POINT ( 'NONE',  ( -83.75000000000000000, 7.749999999999995559, 4.722651841573941134 ) ) ;
#1076 = CARTESIAN_POINT ( 'NONE',  ( -78.78666345982041719, 14.44484411187641371, 10.99999999999999645 ) ) ;
#1077 = FACE_OUTER_BOUND ( 'NONE', #398, .T. ) ;
#1078 = CIRCLE ( 'NONE', #901, 1.000000000000000888 ) ;
#1079 = SECURITY_CLASSIFICATION ( '', '', #671 ) ;
#1080 = CARTESIAN_POINT ( 'NONE',  ( -69.68366202714815927, 2.370001455484100017, 12.33799951558045649 ) ) ;
#1081 = ORIENTED_EDGE ( 'NONE', *, *, #324, .T. ) ;
#1082 = EDGE_CURVE ( 'NONE', #142, #826, #756, .T. ) ;
#1083 = VECTOR ( 'NONE', #1005, 1000.000000000000000 ) ;
#1084 = ORIENTED_EDGE ( 'NONE', *, *, #524, .F. ) ;
#1085 = CARTESIAN_POINT ( 'NONE',  ( -83.75000000000000000, 7.749999999999995559, 4.722651841573941134 ) ) ;
#1086 = LINE ( 'NONE', #1363, #39 ) ;
#1087 = CARTESIAN_POINT ( 'NONE',  ( -68.64935163688502939, 14.44484411187598916, 11.00000000000029488 ) ) ;
#1088 = DIRECTION ( 'NONE',  ( -1.000000000000000000, 8.717203396868371654E-17, 0.000000000000000000 ) ) ;
#1089 = DIRECTION ( 'NONE',  ( -1.000000000000000000, 0.000000000000000000, 0.000000000000000000 ) ) ;
#1090 = EDGE_LOOP ( 'NONE', ( #337, #1298, #1000, #1084 ) ) ;
#1091 = ORIENTED_EDGE ( 'NONE', *, *, #1438, .T. ) ;
#1092 = LINE ( 'NONE', #20, #689 ) ;
#1093 = AXIS2_PLACEMENT_3D ( 'NONE', #69, #371, #125 ) ;
#1094 = DIRECTION ( 'NONE',  ( 0.000000000000000000, -1.000000000000000000, -0.000000000000000000 ) ) ;
#1095 = CC_DESIGN_PERSON_AND_ORGANIZATION_ASSIGNMENT ( #307, #61, ( #1209 ) ) ;
#1096 = CARTESIAN_POINT ( 'NONE',  ( -64.99999999999998579, 25.19999999999999929, 10.19999999999999929 ) ) ;
#1097 = PLANE ( 'NONE',  #1015 ) ;
#1098 = CARTESIAN_POINT ( 'NONE',  ( -65.92049388662388765, 2.489530166422917468, 12.73064078165646151 ) ) ;
#1099 = EDGE_LOOP ( 'NONE', ( #330, #1420, #67, #1169 ) ) ;
#1100 = EDGE_LOOP ( 'NONE', ( #1026, #1254, #944, #634 ) ) ;
#1101 = CARTESIAN_POINT ( 'NONE',  ( -86.40000000000000568, 4.452107634010300963, 10.59999999999999964 ) ) ;
#1102 = DIRECTION ( 'NONE',  ( 0.000000000000000000, 1.000000000000000000, 0.000000000000000000 ) ) ;
#1103 = CARTESIAN_POINT ( 'NONE',  ( -86.40000000000000568, 4.452107634010300963, 19.00000000000000000 ) ) ;
#1104 = CARTESIAN_POINT ( 'NONE',  ( -65.00000000000005684, 2.397005613306827154, 10.88014971933465525 ) ) ;
#1105 = FACE_OUTER_BOUND ( 'NONE', #644, .T. ) ;
#1106 = ORIENTED_EDGE ( 'NONE', *, *, #414, .F. ) ;
#1107 = EDGE_LOOP ( 'NONE', ( #1245, #1496, #350, #1445, #800 ) ) ;
#1108 = PLANE ( 'NONE',  #885 ) ;
#1109 = AXIS2_PLACEMENT_3D ( 'NONE', #712, #1410, #96 ) ;
#1110 = CARTESIAN_POINT ( 'NONE',  ( -83.45000000000001705, 8.049999999999997158, 9.599999999999999645 ) ) ;
#1111 = CARTESIAN_POINT ( 'NONE',  ( -77.86284348506610797, 14.44484411187599093, 11.00000000000029488 ) ) ;
#1112 = CARTESIAN_POINT ( 'NONE',  ( -80.42123148863937843, 9.643339990498176917, 13.09999999999999964 ) ) ;
#1113 = EDGE_CURVE ( 'NONE', #1247, #655, #62, .T. ) ;
#1114 = DIRECTION ( 'NONE',  ( 0.000000000000000000, 0.000000000000000000, -1.000000000000000000 ) ) ;
#1115 = ORIENTED_EDGE ( 'NONE', *, *, #397, .F. ) ;
#1116 = VECTOR ( 'NONE', #1336, 1000.000000000000000 ) ;
#1117 = ORIENTED_EDGE ( 'NONE', *, *, #1176, .F. ) ;
#1118 = DIRECTION ( 'NONE',  ( 1.000000000000000000, 0.000000000000000000, 0.000000000000000000 ) ) ;
#1119 = CARTESIAN_POINT ( 'NONE',  ( -83.75000000000000000, 22.25000000000000000, 4.722651841573941134 ) ) ;
#1120 = DIRECTION ( 'NONE',  ( 0.000000000000000000, 0.000000000000000000, -1.000000000000000000 ) ) ;
#1121 = FACE_OUTER_BOUND ( 'NONE', #261, .T. ) ;
#1122 = CARTESIAN_POINT ( 'NONE',  ( -71.33333333270205401, 11.50000000000000178, 13.09999999999999964 ) ) ;
#1123 = FACE_OUTER_BOUND ( 'NONE', #1318, .T. ) ;
#1124 = EDGE_CURVE ( 'NONE', #294, #431, #908, .T. ) ;
#1125 = EDGE_LOOP ( 'NONE', ( #19, #119, #827, #1378, #109 ) ) ;
#1126 = EDGE_CURVE ( 'NONE', #252, #50, #1138, .T. ) ;
#1127 = LINE ( 'NONE', #77, #484 ) ;
#1128 = DATE_AND_TIME ( #787, #1163 ) ;
#1129 = EDGE_CURVE ( 'NONE', #84, #627, #1493, .T. ) ;
#1130 = CARTESIAN_POINT ( 'NONE',  ( -70.50690370978831822, 17.24945755175870943, 9.000000000000014211 ) ) ;
#1131 = CARTESIAN_POINT ( 'NONE',  ( -79.99513634832094056, 10.51521850165016403, 13.09999999999999964 ) ) ;
#1132 = CARTESIAN_POINT ( 'NONE',  ( -67.33463766937229877, 11.43237158678363663, 13.09999999999999609 ) ) ;
#1133 = VERTEX_POINT ( 'NONE', #1398 ) ;
#1134 = ORIENTED_EDGE ( 'NONE', *, *, #357, .F. ) ;
#1135 = LINE ( 'NONE', #1264, #1037 ) ;
#1136 = PERSON_AND_ORGANIZATION ( #18446744073709551615, #18446744073709551615 ) ;
#1137 = CARTESIAN_POINT ( 'NONE',  ( -76.49309629021163914, 10.75054244824132610, 9.000000000000000000 ) ) ;
#1138 = LINE ( 'NONE', #335, #189 ) ;
#1139 = AXIS2_PLACEMENT_3D ( 'NONE', #460, #1538, #1206 ) ;
#1140 = CARTESIAN_POINT ( 'NONE',  ( -79.82530124287104911, 7.198348748589254775, 13.09999999999998721 ) ) ;
#1141 = ORIENTED_EDGE ( 'NONE', *, *, #923, .F. ) ;
#1142 = EDGE_LOOP ( 'NONE', ( #741, #366, #874, #903, #1262, #750, #418, #597 ) ) ;
#1143 = DIRECTION ( 'NONE',  ( 0.000000000000000000, 0.000000000000000000, 1.000000000000000000 ) ) ;
#1144 = COORDINATED_UNIVERSAL_TIME_OFFSET ( 1, 0, .AHEAD. ) ;
#1145 = CARTESIAN_POINT ( 'NONE',  ( -60.75000000000000000, 24.00000000000000000, 9.099999999999997868 ) ) ;
#1146 = LINE ( 'NONE', #192, #1062 ) ;
#1147 = EDGE_CURVE ( 'NONE', #1195, #404, #1146, .T. ) ;
#1148 = CARTESIAN_POINT ( 'NONE',  ( -72.99999999999998579, 6.500000000000007994, 13.10000000000000142 ) ) ;
#1149 = ORIENTED_EDGE ( 'NONE', *, *, #1178, .T. ) ;
#1150 = AXIS2_PLACEMENT_3D ( 'NONE', #225, #234, #595 ) ;
#1151 = VERTEX_POINT ( 'NONE', #1507 ) ;
#1152 = CARTESIAN_POINT ( 'NONE',  ( -60.75000000000000000, 24.00000000000000000, 19.00000000000000000 ) ) ;
#1153 = PERSON_AND_ORGANIZATION ( #18446744073709551615, #18446744073709551615 ) ;
#1154 = CARTESIAN_POINT ( 'NONE',  ( -64.38753433901581502, 12.71097643106166863, 8.999999999999984013 ) ) ;
#1155 = DIRECTION ( 'NONE',  ( 0.000000000000000000, 0.000000000000000000, 1.000000000000000000 ) ) ;
#1156 = EDGE_CURVE ( 'NONE', #470, #502, #811, .T. ) ;
#1157 = CARTESIAN_POINT ( 'NONE',  ( -68.81973092590136787, 11.49999999999999822, 13.09999999999999964 ) ) ;
#1158 = ADVANCED_FACE ( 'NONE', ( #301 ), #64, .T. ) ;
#1159 = ORIENTED_EDGE ( 'NONE', *, *, #363, .F. ) ;
#1160 = CARTESIAN_POINT ( 'NONE',  ( -64.99999999999998579, 25.19999999999999929, 10.19999999999999929 ) ) ;
#1161 = APPROVAL_STATUS ( 'not_yet_approved' ) ;
#1162 = VECTOR ( 'NONE', #685, 1000.000000000000000 ) ;
#1163 = LOCAL_TIME ( 19, 36, 12.00000000000000000, #802 ) ;
#1164 = CARTESIAN_POINT ( 'NONE',  ( -80.37270141111531530, 9.971793653642629707, 13.10000000000002629 ) ) ;
#1165 = CARTESIAN_POINT ( 'NONE',  ( -70.61032114391707637, 4.452107634010300963, 10.59999999999999964 ) ) ;
#1166 = CARTESIAN_POINT ( 'NONE',  ( -66.20711421850744216, 17.08696909881487969, 9.000000000000012434 ) ) ;
#1167 = VECTOR ( 'NONE', #1038, 1000.000000000000000 ) ;
#1168 = ADVANCED_FACE ( 'NONE', ( #1289 ), #201, .F. ) ;
#1169 = ORIENTED_EDGE ( 'NONE', *, *, #528, .F. ) ;
#1170 = DIRECTION ( 'NONE',  ( -1.000000000000000000, 0.000000000000000000, 0.000000000000000000 ) ) ;
#1171 = FACE_OUTER_BOUND ( 'NONE', #269, .T. ) ;
#1172 = PLANE ( 'NONE',  #339 ) ;
#1173 = B_SPLINE_CURVE_WITH_KNOTS ( 'NONE', 3,
 ( #1063, #823, #218, #240, #1422, #478, #334, #1415 ),
 .UNSPECIFIED., .F., .F.,
 ( 4, 1, 1, 1, 1, 4 ),
 ( 0.8851313945924272897, 0.9062500000000000000, 0.9375000000000000000, 0.9687500000000000000, 0.9843750000000000000, 1.000000000000000000 ),
 .UNSPECIFIED. ) ;
#1174 = CARTESIAN_POINT ( 'NONE',  ( -66.17469875712900773, 10.80165125141071769, 13.09999999999998010 ) ) ;
#1175 = VECTOR ( 'NONE', #430, 1000.000000000000000 ) ;
#1176 = EDGE_CURVE ( 'NONE', #423, #967, #1382, .T. ) ;
#1177 = VERTEX_POINT ( 'NONE', #673 ) ;
#1178 = EDGE_CURVE ( 'NONE', #1511, #294, #481, .T. ) ;
#1179 = PLANE ( 'NONE',  #1109 ) ;
#1180 = LINE ( 'NONE', #593, #1046 ) ;
#1181 = CARTESIAN_POINT ( 'NONE',  ( -64.99999999999998579, 25.19999999999999929, 9.099999999999997868 ) ) ;
#1182 = ORIENTED_EDGE ( 'NONE', *, *, #1479, .T. ) ;
#1183 = FACE_OUTER_BOUND ( 'NONE', #938, .T. ) ;
#1184 = CARTESIAN_POINT ( 'NONE',  ( -77.99999999810610518, 11.50000000000000355, 13.10000000000000142 ) ) ;
#1185 = FACE_OUTER_BOUND ( 'NONE', #477, .T. ) ;
#1186 = ORIENTED_EDGE ( 'NONE', *, *, #1014, .F. ) ;
#1187 = ORIENTED_EDGE ( 'NONE', *, *, #1147, .F. ) ;
#1188 = CARTESIAN_POINT ( 'NONE',  ( -84.00000000000000000, 24.00000000000000000, 10.19999999999999929 ) ) ;
#1189 = DIRECTION ( 'NONE',  ( -0.000000000000000000, 0.000000000000000000, -1.000000000000000000 ) ) ;
#1190 = AXIS2_PLACEMENT_3D ( 'NONE', #1119, #36, #888 ) ;
#1191 = CARTESIAN_POINT ( 'NONE',  ( -86.40000000000000568, 23.00000000000000000, 13.09999999999999964 ) ) ;
#1192 = DIRECTION ( 'NONE',  ( -1.000000000000000000, 8.717203396868371654E-17, -8.717203396868276744E-17 ) ) ;
#1193 = ORIENTED_EDGE ( 'NONE', *, *, #850, .T. ) ;
#1194 = ADVANCED_FACE ( 'NONE', ( #915 ), #317, .F. ) ;
#1195 = VERTEX_POINT ( 'NONE', #80 ) ;
#1196 = DIRECTION ( 'NONE',  ( 0.000000000000000000, 0.000000000000000000, 1.000000000000000000 ) ) ;
#1197 = CARTESIAN_POINT ( 'NONE',  ( -60.75000000000000000, 6.230325619078903365, 10.59999999999999964 ) ) ;
#1198 = DIRECTION ( 'NONE',  ( 1.000000000000000000, 0.000000000000000000, 0.000000000000000000 ) ) ;
#1199 = ADVANCED_FACE ( 'NONE', ( #1259 ), #1172, .T. ) ;
#1200 = EDGE_CURVE ( 'NONE', #975, #785, #798, .T. ) ;
#1201 = CARTESIAN_POINT ( 'NONE',  ( -70.69849327047165843, 2.288376688443666485, 12.76710489611215671 ) ) ;
#1202 = B_SPLINE_CURVE_WITH_KNOTS ( 'NONE', 3,
 ( #1367, #990, #1122, #1016 ),
 .UNSPECIFIED., .F., .F.,
 ( 4, 4 ),
 ( 0.000000000000000000, 1.000000000000000000 ),
 .UNSPECIFIED. ) ;
#1203 = ORIENTED_EDGE ( 'NONE', *, *, #531, .T. ) ;
#1204 = ORIENTED_EDGE ( 'NONE', *, *, #730, .F. ) ;
#1205 = CARTESIAN_POINT ( 'NONE',  ( -63.54999999999999716, 21.94999999999999218, 10.10000000000001386 ) ) ;
#1206 = DIRECTION ( 'NONE',  ( 0.000000000000000000, 0.000000000000000000, -1.000000000000000000 ) ) ;
#1207 = CARTESIAN_POINT ( 'NONE',  ( -65.00000000000000000, 2.500000000000000000, 12.95437254123437931 ) ) ;
#1208 = CARTESIAN_POINT ( 'NONE',  ( -76.49309629021165335, 17.24945755175870588, 9.000000000000014211 ) ) ;
#1209 = PRODUCT_DEFINITION_FORMATION_WITH_SPECIFIED_SOURCE ( 'Symmetrisch', '', #321, .NOT_KNOWN. ) ;
#1210 = DIRECTION ( 'NONE',  ( 0.000000000000000000, 0.000000000000000000, -1.000000000000000000 ) ) ;
#1211 = ORIENTED_EDGE ( 'NONE', *, *, #609, .F. ) ;
#1212 = ORIENTED_EDGE ( 'NONE', *, *, #949, .F. ) ;
#1213 = VECTOR ( 'NONE', #804, 1000.000000000000000 ) ;
#1214 = LINE ( 'NONE', #735, #409 ) ;
#1215 = CARTESIAN_POINT ( 'NONE',  ( -79.53586675669127715, 17.24945755175869877, 9.000000000000000000 ) ) ;
#1216 = CARTESIAN_POINT ( 'NONE',  ( -63.25000000000000000, 22.25000000000000000, 10.40000000000000036 ) ) ;
#1217 = CARTESIAN_POINT ( 'NONE',  ( -67.99999999999998579, 11.50000000000000000, 13.09999999999999964 ) ) ;
#1218 = VERTEX_POINT ( 'NONE', #309 ) ;
#1219 = VERTEX_POINT ( 'NONE', #682 ) ;
#1220 = CARTESIAN_POINT ( 'NONE',  ( -68.99999999999998579, 24.00000000000000000, 11.04024904585165245 ) ) ;
#1221 = VECTOR ( 'NONE', #848, 1000.000000000000000 ) ;
#1222 = DIRECTION ( 'NONE',  ( 0.000000000000000000, -0.000000000000000000, -1.000000000000000000 ) ) ;
#1223 = CARTESIAN_POINT ( 'NONE',  ( -83.75000000000000000, 7.749999999999995559, 10.40000000000000036 ) ) ;
#1224 = DIRECTION ( 'NONE',  ( -1.000000000000000000, 0.000000000000000000, 0.000000000000000000 ) ) ;
#1225 = CARTESIAN_POINT ( 'NONE',  ( -65.62489947291687997, 8.202522278693370694, 13.10000000000000142 ) ) ;
#1226 = EDGE_LOOP ( 'NONE', ( #34, #1426, #8, #865 ) ) ;
#1227 = ORIENTED_EDGE ( 'NONE', *, *, #1525, .T. ) ;
#1228 = LINE ( 'NONE', #978, #611 ) ;
#1229 = PLANE ( 'NONE',  #168 ) ;
#1230 = EDGE_CURVE ( 'NONE', #151, #56, #1013, .T. ) ;
#1231 = CARTESIAN_POINT ( 'NONE',  ( -86.40000000000000568, 6.230325619078903365, 9.099999999999997868 ) ) ;
#1232 = CARTESIAN_POINT ( 'NONE',  ( -83.75000000000000000, 22.25000000000000000, 4.722651841573941134 ) ) ;
#1233 = VECTOR ( 'NONE', #520, 1000.000000000000000 ) ;
#1234 = CARTESIAN_POINT ( 'NONE',  ( -67.80050568041761494, 2.470501566316087860, 12.88951570640810651 ) ) ;
#1235 = ORIENTED_EDGE ( 'NONE', *, *, #180, .F. ) ;
#1236 = ORIENTED_EDGE ( 'NONE', *, *, #1082, .F. ) ;
#1237 = CARTESIAN_POINT ( 'NONE',  ( -84.00000000000000000, 24.39478791400460267, 10.76381557247154142 ) ) ;
#1238 = VECTOR ( 'NONE', #586, 1000.000000000000114 ) ;
#1239 = DIRECTION ( 'NONE',  ( -1.000000000000000000, 0.000000000000000000, 0.000000000000000000 ) ) ;
#1240 = EDGE_CURVE ( 'NONE', #1333, #405, #184, .T. ) ;
#1241 = CARTESIAN_POINT ( 'NONE',  ( -64.99999999999998579, 24.00000000000000000, 10.19999999999999929 ) ) ;
#1242 = ADVANCED_FACE ( 'NONE', ( #1039 ), #936, .T. ) ;
#1243 = CARTESIAN_POINT ( 'NONE',  ( -81.51989773421907159, 10.42669834096256487, 10.99999999999953104 ) ) ;
#1244 = FACE_OUTER_BOUND ( 'NONE', #1226, .T. ) ;
#1245 = ORIENTED_EDGE ( 'NONE', *, *, #1178, .F. ) ;
#1246 = EDGE_CURVE ( 'NONE', #1489, #693, #479, .T. ) ;
#1247 = VERTEX_POINT ( 'NONE', #1054 ) ;
#1248 = EDGE_CURVE ( 'NONE', #653, #1151, #468, .T. ) ;
#1249 = CARTESIAN_POINT ( 'NONE',  ( -84.00000000000000000, 24.00000000000000000, 11.04024904585165245 ) ) ;
#1250 = SHAPE_DEFINITION_REPRESENTATION ( #197, #515 ) ;
#1251 = CARTESIAN_POINT ( 'NONE',  ( -67.66594956420078688, 6.500000000000000000, 13.09999999999999964 ) ) ;
#1252 = CARTESIAN_POINT ( 'NONE',  ( -80.17628907395896931, 10.24119577294946737, 13.09999999999999964 ) ) ;
#1253 = CARTESIAN_POINT ( 'NONE',  ( -67.81234618570766770, 2.485756851813528456, 13.19293266981824786 ) ) ;
#1254 = ORIENTED_EDGE ( 'NONE', *, *, #1403, .F. ) ;
#1255 = ORIENTED_EDGE ( 'NONE', *, *, #128, .T. ) ;
#1256 = DIRECTION ( 'NONE',  ( 1.000000000000000000, 0.000000000000000000, 0.000000000000000000 ) ) ;
#1257 = PERSON_AND_ORGANIZATION_ROLE ( 'design_supplier' ) ;
#1258 = CARTESIAN_POINT ( 'NONE',  ( -79.53586675669127715, 17.24945755175869877, 9.000000000000000000 ) ) ;
#1259 = FACE_OUTER_BOUND ( 'NONE', #75, .T. ) ;
#1260 = CARTESIAN_POINT ( 'NONE',  ( -64.12804831945901185, 14.00000000000002842, 9.000000000000007105 ) ) ;
#1261 = EDGE_LOOP ( 'NONE', ( #1303, #1332, #126, #1032 ) ) ;
#1262 = ORIENTED_EDGE ( 'NONE', *, *, #291, .T. ) ;
#1263 = CC_DESIGN_DATE_AND_TIME_ASSIGNMENT ( #315, #795, ( #1079 ) ) ;
#1264 = CARTESIAN_POINT ( 'NONE',  ( -63.25000000000000000, 7.749999999999995559, 10.40000000000000213 ) ) ;
#1265 = APPROVAL_DATE_TIME ( #427, #313 ) ;
#1266 = CARTESIAN_POINT ( 'NONE',  ( -70.47909500084952583, 6.499999999999991118, 13.09999999999999432 ) ) ;
#1267 = CARTESIAN_POINT ( 'NONE',  ( -79.66312479379504907, 10.87378358720743243, 13.09999999999999964 ) ) ;
#1268 = AXIS2_PLACEMENT_3D ( 'NONE', #1533, #490, #1189 ) ;
#1269 = CARTESIAN_POINT ( 'NONE',  ( -67.99999999983442933, 6.500000000000000000, 13.09999999999999964 ) ) ;
#1270 = CARTESIAN_POINT ( 'NONE',  ( -63.54999999999999716, 21.94999999999999218, 9.599999999999999645 ) ) ;
#1271 = VECTOR ( 'NONE', #1102, 1000.000000000000000 ) ;
#1272 = ORIENTED_EDGE ( 'NONE', *, *, #524, .T. ) ;
#1273 = LINE ( 'NONE', #407, #83 ) ;
#1274 = EDGE_CURVE ( 'NONE', #627, #56, #962, .T. ) ;
#1275 = CARTESIAN_POINT ( 'NONE',  ( -87.23809016886180245, 6.230325619078903365, 10.59999999999999964 ) ) ;
#1276 = CARTESIAN_POINT ( 'NONE',  ( -78.66011144155432078, 11.41703205350985151, 13.09999999999999964 ) ) ;
#1277 = CARTESIAN_POINT ( 'NONE',  ( -78.33405043579921312, 11.50000000000000355, 13.10000000000000142 ) ) ;
#1278 = EDGE_LOOP ( 'NONE', ( #917, #381, #372, #464 ) ) ;
#1279 = DIRECTION ( 'NONE',  ( 0.000000000000000000, -0.000000000000000000, -1.000000000000000000 ) ) ;
#1280 = ADVANCED_FACE ( 'NONE', ( #241 ), #3, .F. ) ;
#1281 = CARTESIAN_POINT ( 'NONE',  ( -65.62729858888464207, 9.971793653642642141, 13.10000000000002629 ) ) ;
#1282 = CARTESIAN_POINT ( 'NONE',  ( -67.99999999983442933, 6.500000000000000000, 13.09999999999999964 ) ) ;
#1283 = B_SPLINE_CURVE_WITH_KNOTS ( 'NONE', 3,
 ( #1217, #775, #1132, #983, #1460, #999, #534, #1486, #1007, #141, #415, #1468, #1225, #24, #32, #395, #1358, #284, #659, #1348, #893, #55, #1529, #194, #74, #1269 ),
 .UNSPECIFIED., .F., .F.,
 ( 4, 2, 2, 2, 2, 2, 2, 2, 2, 2, 2, 2, 4 ),
 ( 0.000000000000000000, 0.1250000000000003331, 0.2500000000000006661, 0.3750000000000009992, 0.5000000000000013323, 0.5625000000000011102, 0.6250000000000009992, 0.6875000000000007772, 0.7500000000000006661, 0.8125000000000004441, 0.8750000000000003331, 0.9375000000000001110, 1.000000000000000000 ),
 .UNSPECIFIED. ) ;
#1284 = CARTESIAN_POINT ( 'NONE',  ( -80.79288578149242994, 10.91303090118511498, 9.000000000000008882 ) ) ;
#1285 = ORIENTED_EDGE ( 'NONE', *, *, #646, .T. ) ;
#1286 = CARTESIAN_POINT ( 'NONE',  ( 0.000000000000000000, 0.000000000000000000, 9.599999999999999645 ) ) ;
#1287 = VECTOR ( 'NONE', #11, 1000.000000000000000 ) ;
#1288 = LINE ( 'NONE', #1404, #1516 ) ;
#1289 = FACE_OUTER_BOUND ( 'NONE', #976, .T. ) ;
#1290 = EDGE_CURVE ( 'NONE', #759, #259, #1069, .T. ) ;
#1291 = CARTESIAN_POINT ( 'NONE',  ( -64.38753433901578660, 15.28902356893821590, 9.000000000000003553 ) ) ;
#1292 = ORIENTED_EDGE ( 'NONE', *, *, #1248, .F. ) ;
#1293 = EDGE_CURVE ( 'NONE', #431, #655, #121, .T. ) ;
#1294 = PLANE ( 'NONE',  #417 ) ;
#1295 = CARTESIAN_POINT ( 'NONE',  ( -85.40000000000000568, 24.00000000000000000, 13.09999999999999964 ) ) ;
#1296 = DIRECTION ( 'NONE',  ( 0.000000000000000000, -0.000000000000000000, -1.000000000000000000 ) ) ;
#1297 = VECTOR ( 'NONE', #1279, 1000.000000000000000 ) ;
#1298 = ORIENTED_EDGE ( 'NONE', *, *, #202, .F. ) ;
#1299 = LINE ( 'NONE', #1068, #767 ) ;
#1300 = LINE ( 'NONE', #599, #318 ) ;
#1301 = CARTESIAN_POINT ( 'NONE',  ( -80.00000000000000000, 24.00000000000000000, 9.099999999999997868 ) ) ;
#1302 = ORIENTED_EDGE ( 'NONE', *, *, #1510, .F. ) ;
#1303 = ORIENTED_EDGE ( 'NONE', *, *, #1528, .F. ) ;
#1304 = ADVANCED_FACE ( 'NONE', ( #353 ), #1411, .F. ) ;
#1305 = DIRECTION ( 'NONE',  ( -1.000000000000000000, 0.000000000000000000, 0.000000000000000000 ) ) ;
#1306 = CARTESIAN_POINT ( 'NONE',  ( -60.75000000000000000, 2.500000000000000000, 19.00000000000000000 ) ) ;
#1307 = CARTESIAN_POINT ( 'NONE',  ( -63.25000000000000000, 22.25000000000000000, 10.40000000000000213 ) ) ;
#1308 = VECTOR ( 'NONE', #1543, 1000.000000000000114 ) ;
#1309 = CARTESIAN_POINT ( 'NONE',  ( -78.78666345982041719, 14.44484411187641371, 10.99999999999999645 ) ) ;
#1310 = ORIENTED_EDGE ( 'NONE', *, *, #1147, .T. ) ;
#1311 = PLANE ( 'NONE',  #1041 ) ;
#1312 = CARTESIAN_POINT ( 'NONE',  ( -83.45000000000001705, 21.94999999999999574, 9.599999999999999645 ) ) ;
#1313 = EDGE_CURVE ( 'NONE', #1319, #1151, #1180, .T. ) ;
#1314 = VECTOR ( 'NONE', #12, 1000.000000000000000 ) ;
#1315 = EDGE_CURVE ( 'NONE', #1384, #1219, #953, .T. ) ;
#1316 = CARTESIAN_POINT ( 'NONE',  ( -78.51291435265439134, 17.24945755175869877, 9.000000000000000000 ) ) ;
#1317 = CARTESIAN_POINT ( 'NONE',  ( -67.36334858569821904, 2.474011917735451149, 12.72660871715843278 ) ) ;
#1318 = EDGE_LOOP ( 'NONE', ( #1351, #569, #857, #26 ) ) ;
#1319 = VERTEX_POINT ( 'NONE', #581 ) ;
#1320 = LINE ( 'NONE', #137, #1233 ) ;
#1321 = LINE ( 'NONE', #713, #110 ) ;
#1322 = FACE_BOUND ( 'NONE', #111, .T. ) ;
#1323 = APPLICATION_CONTEXT ( 'configuration controlled 3d designs of mechanical parts and assemblies' ) ;
#1324 = CARTESIAN_POINT ( 'NONE',  ( -63.25000000000000000, 7.749999999999995559, 9.099999999999997868 ) ) ;
#1325 = ORIENTED_EDGE ( 'NONE', *, *, #1200, .F. ) ;
#1326 = ORIENTED_EDGE ( 'NONE', *, *, #619, .T. ) ;
#1327 = CARTESIAN_POINT ( 'NONE',  ( -82.34115499825081486, 22.25000000000000000, 9.099999999999997868 ) ) ;
#1328 = LINE ( 'NONE', #512, #1116 ) ;
#1329 = DIRECTION ( 'NONE',  ( 0.000000000000000000, -1.000000000000000000, 0.000000000000000000 ) ) ;
#1330 = DIRECTION ( 'NONE',  ( -0.000000000000000000, 0.5735764363510493791, 0.8191520442889895781 ) ) ;
#1331 = CARTESIAN_POINT ( 'NONE',  ( -70.61032114391707637, 4.452107634010300963, 10.59999999999999964 ) ) ;
#1332 = ORIENTED_EDGE ( 'NONE', *, *, #342, .T. ) ;
#1333 = VERTEX_POINT ( 'NONE', #1197 ) ;
#1334 = VECTOR ( 'NONE', #1048, 1000.000000000000000 ) ;
#1335 = CARTESIAN_POINT ( 'NONE',  ( -83.75000000000000000, 7.749999999999995559, 4.722651841573941134 ) ) ;
#1336 = DIRECTION ( 'NONE',  ( 1.000000000000000000, -0.000000000000000000, -0.000000000000000000 ) ) ;
#1337 = PLANE ( 'NONE',  #642 ) ;
#1338 = DIRECTION ( 'NONE',  ( 0.000000000000000000, 1.000000000000000000, 0.000000000000000000 ) ) ;
#1339 = CARTESIAN_POINT ( 'NONE',  ( -66.87048153690631125, 2.530837929114736262, 13.58492593065624732 ) ) ;
#1340 = ORIENTED_EDGE ( 'NONE', *, *, #1176, .T. ) ;
#1341 = EDGE_LOOP ( 'NONE', ( #101, #1376, #875, #1073 ) ) ;
#1342 = CARTESIAN_POINT ( 'NONE',  ( 0.000000000000000000, 2.507998127340098193, 13.09999999999999964 ) ) ;
#1343 = PLANE ( 'NONE',  #1521 ) ;
#1344 = VECTOR ( 'NONE', #1296, 1000.000000000000000 ) ;
#1345 = CARTESIAN_POINT ( 'NONE',  ( -68.28168854017573608, 2.447566732226319264, 12.95437254123437931 ) ) ;
#1346 = DIRECTION ( 'NONE',  ( 1.000000000000000000, 0.000000000000000000, 0.000000000000000000 ) ) ;
#1347 = UNCERTAINTY_MEASURE_WITH_UNIT (LENGTH_MEASURE( 1.000000000000000082E-05 ), #572, 'distance_accuracy_value', 'NONE');
#1348 = CARTESIAN_POINT ( 'NONE',  ( -66.73567118427494904, 6.837003469992188442, 13.10000000000000142 ) ) ;
#1349 = ORIENTED_EDGE ( 'NONE', *, *, #280, .F. ) ;
#1350 = EDGE_CURVE ( 'NONE', #1195, #1333, #1321, .T. ) ;
#1351 = ORIENTED_EDGE ( 'NONE', *, *, #1230, .F. ) ;
#1352 = FACE_OUTER_BOUND ( 'NONE', #610, .T. ) ;
#1353 = FACE_OUTER_BOUND ( 'NONE', #1008, .T. ) ;
#1354 = CARTESIAN_POINT ( 'NONE',  ( -66.98346923560674782, 2.484699515399363179, 12.95437254123437931 ) ) ;
#1355 = CARTESIAN_POINT ( 'NONE',  ( -80.87687690929477924, 9.466494478896782638, 10.99999999999950617 ) ) ;
#1356 = EDGE_CURVE ( 'NONE', #1061, #252, #1423, .T. ) ;
#1357 = VECTOR ( 'NONE', #752, 999.9999999999998863 ) ;
#1358 = CARTESIAN_POINT ( 'NONE',  ( -66.10635955428179500, 7.359414117538978672, 13.09999999999999609 ) ) ;
#1359 = ORIENTED_EDGE ( 'NONE', *, *, #929, .T. ) ;
#1360 = ORIENTED_EDGE ( 'NONE', *, *, #1366, .T. ) ;
#1361 = DIRECTION ( 'NONE',  ( 0.000000000000000000, 0.000000000000000000, -1.000000000000000000 ) ) ;
#1362 = AXIS2_PLACEMENT_3D ( 'NONE', #745, #1329, #738 ) ;
#1363 = CARTESIAN_POINT ( 'NONE',  ( -76.06666666666657761, 14.56666666666664334, 2.716666666666741392 ) ) ;
#1364 = CARTESIAN_POINT ( 'NONE',  ( -70.31325362706698456, 2.298424016672824255, 10.53652102578509187 ) ) ;
#1365 = CARTESIAN_POINT ( 'NONE',  ( -76.01885663603557930, 8.677107107636297556, 10.99999999999951683 ) ) ;
#1366 = EDGE_CURVE ( 'NONE', #994, #1489, #947, .T. ) ;
#1367 = CARTESIAN_POINT ( 'NONE',  ( -77.99999999810610518, 11.50000000000000355, 13.10000000000000142 ) ) ;
#1368 = ORIENTED_EDGE ( 'NONE', *, *, #1419, .F. ) ;
#1369 = VERTEX_POINT ( 'NONE', #1440 ) ;
#1370 = LINE ( 'NONE', #207, #224 ) ;
#1371 = MECHANICAL_CONTEXT ( 'NONE', #1323, 'mechanical' ) ;
#1372 = AXIS2_PLACEMENT_3D ( 'NONE', #1286, #1210, #608 ) ;
#1373 = CARTESIAN_POINT ( 'NONE',  ( -65.12162245601648181, 16.37336673033512469, 8.999999999999985789 ) ) ;
#1374 = CARTESIAN_POINT ( 'NONE',  ( -63.25000000000000000, 22.25000000000000000, 4.722651841573941134 ) ) ;
#1375 = CARTESIAN_POINT ( 'NONE',  ( -65.00000000000000000, 2.489530166422917468, 12.73064078165646151 ) ) ;
#1376 = ORIENTED_EDGE ( 'NONE', *, *, #807, .F. ) ;
#1377 = APPROVAL ( #1161, 'Deckungsgleich' ) ;
#1378 = ORIENTED_EDGE ( 'NONE', *, *, #1293, .T. ) ;
#1379 = LINE ( 'NONE', #1481, #747 ) ;
#1380 = PERSON_AND_ORGANIZATION_ROLE ( 'classification_officer' ) ;
#1381 = CARTESIAN_POINT ( 'NONE',  ( -65.43624022673155594, 8.999999999999980460, 13.09999999999996589 ) ) ;
#1382 = LINE ( 'NONE', #327, #1213 ) ;
#1383 = CARTESIAN_POINT ( 'NONE',  ( -78.99638933501255167, 11.36470975108439063, 13.10000000000000497 ) ) ;
#1384 = VERTEX_POINT ( 'NONE', #727 ) ;
#1385 = VERTEX_POINT ( 'NONE', #1295 ) ;
#1386 = LINE ( 'NONE', #1505, #1444 ) ;
#1387 = APPLICATION_PROTOCOL_DEFINITION ( 'international standard', 'config_control_design', 1994, #1323 ) ;
#1388 = CARTESIAN_POINT ( 'NONE',  ( -66.20711421850745637, 10.91303090118507058, 8.999999999999984013 ) ) ;
#1389 = DIRECTION ( 'NONE',  ( 1.000000000000000000, 0.000000000000000000, -0.000000000000000000 ) ) ;
#1390 = CARTESIAN_POINT ( 'NONE',  ( -66.20711421850745637, 10.91303090118507058, 8.999999999999984013 ) ) ;
#1391 = ORIENTED_EDGE ( 'NONE', *, *, #876, .F. ) ;
#1392 = VECTOR ( 'NONE', #1239, 1000.000000000000000 ) ;
#1393 = VERTEX_POINT ( 'NONE', #113 ) ;
#1394 = EDGE_CURVE ( 'NONE', #1511, #1247, #329, .T. ) ;
#1395 = CARTESIAN_POINT ( 'NONE',  ( -63.25000000000000000, 22.25000000000000000, 9.599999999999999645 ) ) ;
#1396 = COORDINATED_UNIVERSAL_TIME_OFFSET ( 1, 0, .AHEAD. ) ;
#1397 = CARTESIAN_POINT ( 'NONE',  ( -64.12804831945901185, 14.00000000000002842, 9.000000000000007105 ) ) ;
#1398 = CARTESIAN_POINT ( 'NONE',  ( -83.75000000000000000, 7.749999999999995559, 11.00000000000000000 ) ) ;
#1399 = CARTESIAN_POINT ( 'NONE',  ( -70.50690370978831822, 17.24945755175870943, 9.000000000000014211 ) ) ;
#1400 = ORIENTED_EDGE ( 'NONE', *, *, #440, .T. ) ;
#1401 = CARTESIAN_POINT ( 'NONE',  ( -65.48050378591642584, 2.499999999999999556, 12.94003745319811571 ) ) ;
#1402 = APPROVAL_DATE_TIME ( #444, #707 ) ;
#1403 = EDGE_CURVE ( 'NONE', #510, #1369, #587, .T. ) ;
#1404 = CARTESIAN_POINT ( 'NONE',  ( -64.99999999999998579, 24.00000000000000000, 11.04024904585165245 ) ) ;
#1405 = CARTESIAN_POINT ( 'NONE',  ( -78.33158044735878889, 11.48340641070197421, 13.09999999999999964 ) ) ;
#1406 = ADVANCED_FACE ( 'NONE', ( #709, #228 ), #233, .F. ) ;
#1407 = FACE_OUTER_BOUND ( 'NONE', #1107, .T. ) ;
#1408 = EDGE_CURVE ( 'NONE', #826, #1429, #1300, .T. ) ;
#1409 = ORIENTED_EDGE ( 'NONE', *, *, #1240, .T. ) ;
#1410 = DIRECTION ( 'NONE',  ( 1.000000000000000000, 0.000000000000000000, -0.000000000000000000 ) ) ;
#1411 = PLANE ( 'NONE',  #1467 ) ;
#1412 = CARTESIAN_POINT ( 'NONE',  ( -81.87837754398356083, 16.37336673033509271, 9.000000000000005329 ) ) ;
#1413 = AXIS2_PLACEMENT_3D ( 'NONE', #411, #1224, #632 ) ;
#1414 = ORIENTED_EDGE ( 'NONE', *, *, #1315, .F. ) ;
#1415 = CARTESIAN_POINT ( 'NONE',  ( -65.09272874795770747, 2.471463448908359339, 10.69849083850929716 ) ) ;
#1416 = CARTESIAN_POINT ( 'NONE',  ( -68.99999999999998579, 25.19999999999999929, 10.19999999999999929 ) ) ;
#1417 = CARTESIAN_POINT ( 'NONE',  ( -70.61032114391707637, 2.264978688187626155, 10.59999999999999964 ) ) ;
#1418 = VECTOR ( 'NONE', #794, 1000.000000000000000 ) ;
#1419 = EDGE_CURVE ( 'NONE', #994, #1547, #753, .T. ) ;
#1420 = ORIENTED_EDGE ( 'NONE', *, *, #568, .T. ) ;
#1421 = AXIS2_PLACEMENT_3D ( 'NONE', #723, #1070, #1088 ) ;
#1422 = CARTESIAN_POINT ( 'NONE',  ( -66.98346923560674782, 2.484699515399363179, 10.59999999999999964 ) ) ;
#1423 = LINE ( 'NONE', #368, #237 ) ;
#1424 = CARTESIAN_POINT ( 'NONE',  ( -79.53586675669127715, 17.24945755175869877, 9.000000000000000000 ) ) ;
#1425 = DIRECTION ( 'NONE',  ( 0.000000000000000000, -1.000000000000000000, -0.000000000000000000 ) ) ;
#1426 = ORIENTED_EDGE ( 'NONE', *, *, #486, .F. ) ;
#1427 = ADVANCED_FACE ( 'NONE', ( #638 ), #383, .F. ) ;
#1428 = EDGE_CURVE ( 'NONE', #536, #577, #649, .T. ) ;
#1429 = VERTEX_POINT ( 'NONE', #505 ) ;
#1430 = VECTOR ( 'NONE', #1118, 1000.000000000000000 ) ;
#1431 = CARTESIAN_POINT ( 'NONE',  ( -55.56666666666606602, 35.93333333333363555, -17.78333333333333144 ) ) ;
#1432 = DIRECTION ( 'NONE',  ( 0.000000000000000000, -0.000000000000000000, -1.000000000000000000 ) ) ;
#1433 = LINE ( 'NONE', #846, #73 ) ;
#1434 = VECTOR ( 'NONE', #698, 1000.000000000000000 ) ;
#1435 = LINE ( 'NONE', #1072, #1221 ) ;
#1436 = EDGE_LOOP ( 'NONE', ( #758, #465, #1455, #552 ) ) ;
#1437 = ORIENTED_EDGE ( 'NONE', *, *, #1126, .T. ) ;
#1438 = EDGE_CURVE ( 'NONE', #380, #1002, #614, .T. ) ;
#1439 = LINE ( 'NONE', #995, #831 ) ;
#1440 = CARTESIAN_POINT ( 'NONE',  ( -80.00000000000000000, 25.19999999999999929, 10.19999999999999929 ) ) ;
#1441 = PLANE ( 'NONE',  #268 ) ;
#1442 = CARTESIAN_POINT ( 'NONE',  ( -68.72880386625688232, 2.425329778415534765, 12.48795838417144033 ) ) ;
#1443 = ORIENTED_EDGE ( 'NONE', *, *, #609, .T. ) ;
#1444 = VECTOR ( 'NONE', #426, 1000.000000000000000 ) ;
#1445 = ORIENTED_EDGE ( 'NONE', *, *, #1293, .F. ) ;
#1446 = B_SPLINE_CURVE_WITH_KNOTS ( 'NONE', 3,
 ( #728, #1111, #47, #997, #755, #1087, #14, #22, #498, #282, #650, #972, #1450, #513, #37, #1474 ),
 .UNSPECIFIED., .F., .F.,
 ( 4, 1, 1, 1, 2, 1, 1, 1, 1, 1, 1, 1, 4 ),
 ( 4.163336342344337027E-17, 0.002742546340932068821, 0.005485092681864096008, 0.008227639022796131435, 0.01097018536372815906, 0.01208780674258645195, 0.01320542812144473617, 0.01432304950030302906, 0.01544067087916131328, 0.01655829225801959750, 0.01767591363687789560, 0.01879353501573619370, 0.01991115639459447792 ),
 .UNSPECIFIED. ) ;
#1447 = CARTESIAN_POINT ( 'NONE',  ( -70.93333333333343660, 14.56666666666664334, 2.716666666666741392 ) ) ;
#1448 = DIRECTION ( 'NONE',  ( 1.000000000000000000, 0.000000000000000000, -0.000000000000000000 ) ) ;
#1449 = ADVANCED_FACE ( 'NONE', ( #1353 ), #1229, .T. ) ;
#1450 = CARTESIAN_POINT ( 'NONE',  ( -65.63531821265679866, 9.466494478895967291, 11.00000000000027889 ) ) ;
#1451 = CARTESIAN_POINT ( 'NONE',  ( -80.37510052669418315, 9.797477722469299266, 13.09999999999999964 ) ) ;
#1452 = ADVANCED_FACE ( 'NONE', ( #630 ), #1464, .F. ) ;
#1453 = CARTESIAN_POINT ( 'NONE',  ( -70.15095104611343402, 2.316696842867351336, 12.24602383949689965 ) ) ;
#1454 = EDGE_LOOP ( 'NONE', ( #620, #76, #345, #231 ) ) ;
#1455 = ORIENTED_EDGE ( 'NONE', *, *, #270, .F. ) ;
#1456 = CARTESIAN_POINT ( 'NONE',  ( -83.45000000000001705, 21.94999999999999574, 10.10000000000000320 ) ) ;
#1457 = CARTESIAN_POINT ( 'NONE',  ( -84.00000000000000000, 24.00000000000000000, 10.19999999999999929 ) ) ;
#1458 = CARTESIAN_POINT ( 'NONE',  ( -78.33405043579921312, 11.50000000000000355, 13.10000000000000142 ) ) ;
#1459 = CARTESIAN_POINT ( 'NONE',  ( -80.48446059000063713, 9.322539662393765525, 13.09999999999999964 ) ) ;
#1460 = CARTESIAN_POINT ( 'NONE',  ( -66.45112325801582642, 10.98955793242696366, 13.09999999999999787 ) ) ;
#1461 = ORIENTED_EDGE ( 'NONE', *, *, #485, .T. ) ;
#1462 = ORIENTED_EDGE ( 'NONE', *, *, #31, .T. ) ;
#1463 = LINE ( 'NONE', #164, #1357 ) ;
#1464 = PLANE ( 'NONE',  #519 ) ;
#1465 = CARTESIAN_POINT ( 'NONE',  ( -77.99999999810610518, 11.50000000000000355, 13.10000000000000142 ) ) ;
#1466 = CARTESIAN_POINT ( 'NONE',  ( -78.66536233077221141, 6.567628413237450502, 13.10000000000000142 ) ) ;
#1467 = AXIS2_PLACEMENT_3D ( 'NONE', #1306, #341, #223 ) ;
#1468 = CARTESIAN_POINT ( 'NONE',  ( -65.57876851106041727, 8.356660010637780189, 13.09999999999999609 ) ) ;
#1469 = EDGE_LOOP ( 'NONE', ( #1115, #221, #719, #1359 ) ) ;
#1470 = ORIENTED_EDGE ( 'NONE', *, *, #1350, .F. ) ;
#1471 = LINE ( 'NONE', #399, #636 ) ;
#1472 = PLANE ( 'NONE',  #447 ) ;
#1473 = ADVANCED_FACE ( 'NONE', ( #400, #263 ), #1472, .F. ) ;
#1474 = CARTESIAN_POINT ( 'NONE',  ( -67.72553166213074860, 8.677107107635789518, 11.00000000000000000 ) ) ;
#1475 = DIRECTION ( 'NONE',  ( -0.000000000000000000, -0.04993761694389402955, -0.9987523388778446476 ) ) ;
#1476 = CARTESIAN_POINT ( 'NONE',  ( -66.86315813105696293, 2.515613015150740317, 13.28469718353277074 ) ) ;
#1477 = ORIENTED_EDGE ( 'NONE', *, *, #639, .T. ) ;
#1478 = EDGE_LOOP ( 'NONE', ( #277, #1443, #66, #1542 ) ) ;
#1479 = EDGE_CURVE ( 'NONE', #684, #536, #622, .T. ) ;
#1480 = ADVANCED_FACE ( 'NONE', ( #165 ), #860, .T. ) ;
#1481 = CARTESIAN_POINT ( 'NONE',  ( -86.40000000000000568, -3.895830236755031706, 9.099999999999997868 ) ) ;
#1482 = CARTESIAN_POINT ( 'NONE',  ( 0.000000000000000000, 0.000000000000000000, 13.09999999999999964 ) ) ;
#1483 = CARTESIAN_POINT ( 'NONE',  ( -63.25000000000000000, 22.25000000000000000, 9.599999999999997868 ) ) ;
#1484 = CARTESIAN_POINT ( 'NONE',  ( -60.75000000000000000, 2.500000000000000000, 19.00000000000000000 ) ) ;
#1485 = VECTOR ( 'NONE', #504, 1000.000000000000000 ) ;
#1486 = CARTESIAN_POINT ( 'NONE',  ( -65.56346977893718986, 9.647333531047689092, 13.10000000000000142 ) ) ;
#1487 = ORIENTED_EDGE ( 'NONE', *, *, #697, .T. ) ;
#1488 = CC_DESIGN_SECURITY_CLASSIFICATION ( #1079, ( #1209 ) ) ;
#1489 = VERTEX_POINT ( 'NONE', #408 ) ;
#1490 = LINE ( 'NONE', #561, #1 ) ;
#1491 = VECTOR ( 'NONE', #429, 1000.000000000000000 ) ;
#1492 = CARTESIAN_POINT ( 'NONE',  ( -68.48708564734559445, 10.75054244824130301, 9.000000000000000000 ) ) ;
#1493 = LINE ( 'NONE', #922, #1491 ) ;
#1494 = CARTESIAN_POINT ( 'NONE',  ( -67.82418624969525922, 2.501012149145882546, 13.49634964980485918 ) ) ;
#1495 = ORIENTED_EDGE ( 'NONE', *, *, #733, .F. ) ;
#1496 = ORIENTED_EDGE ( 'NONE', *, *, #1394, .T. ) ;
#1497 = CARTESIAN_POINT ( 'NONE',  ( -83.75000000000000000, 22.25000000000000000, 9.099999999999997868 ) ) ;
#1498 = CALENDAR_DATE ( 2026, 4, 4 ) ;
#1499 = VECTOR ( 'NONE', #355, 1000.000000000000114 ) ;
#1500 = PLANE ( 'NONE',  #6 ) ;
#1501 = CARTESIAN_POINT ( 'NONE',  ( -78.16629846524197944, 11.50000000000000355, 13.10000000000000142 ) ) ;
#1502 = CARTESIAN_POINT ( 'NONE',  ( -68.48708564734560866, 17.24945755175869877, 9.000000000000000000 ) ) ;
#1503 = ORIENTED_EDGE ( 'NONE', *, *, #81, .F. ) ;
#1504 = ORIENTED_EDGE ( 'NONE', *, *, #406, .F. ) ;
#1505 = CARTESIAN_POINT ( 'NONE',  ( -83.75000000000000000, 7.749999999999995559, 10.40000000000000213 ) ) ;
#1506 = CARTESIAN_POINT ( 'NONE',  ( -78.51291435265439134, 17.24945755175869877, 9.000000000000000000 ) ) ;
#1507 = CARTESIAN_POINT ( 'NONE',  ( -68.99999999999998579, 25.19999999999999929, 9.099999999999997868 ) ) ;
#1508 = DESIGN_CONTEXT ( 'detailed design', #100, 'design' ) ;
#1509 = CARTESIAN_POINT ( 'NONE',  ( -68.48708564734559445, 10.75054244824130301, 9.000000000000000000 ) ) ;
#1510 = EDGE_CURVE ( 'NONE', #585, #470, #1328, .T. ) ;
#1511 = VERTEX_POINT ( 'NONE', #744 ) ;
#1512 = VECTOR ( 'NONE', #801, 1000.000000000000000 ) ;
#1513 = ORIENTED_EDGE ( 'NONE', *, *, #1156, .T. ) ;
#1514 = CARTESIAN_POINT ( 'NONE',  ( -83.75000000000000000, 7.749999999999995559, 9.099999999999997868 ) ) ;
#1515 = CALENDAR_DATE ( 2026, 4, 4 ) ;
#1516 = VECTOR ( 'NONE', #952, 1000.000000000000000 ) ;
#1517 = CARTESIAN_POINT ( 'NONE',  ( -65.00000000000000000, 2.507998127340094197, 13.10000000000000142 ) ) ;
#1518 = CARTESIAN_POINT ( 'NONE',  ( -77.99999999999975842, 6.500000000000001776, 13.10000000000000142 ) ) ;
#1519 = CARTESIAN_POINT ( 'NONE',  ( -77.99999999810610518, 11.50000000000000355, 13.10000000000000142 ) ) ;
#1520 = EDGE_CURVE ( 'NONE', #252, #456, #1086, .T. ) ;
#1521 = AXIS2_PLACEMENT_3D ( 'NONE', #971, #1448, #853 ) ;
#1522 = EDGE_LOOP ( 'NONE', ( #396, #960, #618, #751 ) ) ;
#1523 = CARTESIAN_POINT ( 'NONE',  ( -80.00000000000000000, 24.39478791400460267, 10.76381557247154142 ) ) ;
#1524 = PERSON_AND_ORGANIZATION ( #18446744073709551615, #18446744073709551615 ) ;
#1525 = EDGE_CURVE ( 'NONE', #1177, #785, #289, .T. ) ;
#1526 = CARTESIAN_POINT ( 'NONE',  ( -80.79288578149242994, 10.91303090118511498, 9.000000000000008882 ) ) ;
#1527 = CARTESIAN_POINT ( 'NONE',  ( -83.34999999999999432, 0.000000000000000000, 9.999999999999998224 ) ) ;
#1528 = EDGE_CURVE ( 'NONE', #577, #627, #736, .T. ) ;
#1529 = CARTESIAN_POINT ( 'NONE',  ( -67.33988855664217965, 6.582967946984996210, 13.09999999999999964 ) ) ;
#1530 = ORIENTED_EDGE ( 'NONE', *, *, #813, .T. ) ;
#1531 = CARTESIAN_POINT ( 'NONE',  ( -70.67136957599291236, 2.274613465176723803, 12.45041573876145513 ) ) ;
#1532 = LINE ( 'NONE', #1549, #1434 ) ;
#1533 = CARTESIAN_POINT ( 'NONE',  ( -60.75000000000000000, 24.00000000000000000, 19.00000000000000000 ) ) ;
#1534 = CARTESIAN_POINT ( 'NONE',  ( -70.50690370978838928, 10.75054244824132610, 9.000000000000003553 ) ) ;
#1535 = ORIENTED_EDGE ( 'NONE', *, *, #836, .F. ) ;
#1536 = ORIENTED_EDGE ( 'NONE', *, *, #205, .F. ) ;
#1537 = PLANE ( 'NONE',  #570 ) ;
#1538 = DIRECTION ( 'NONE',  ( -1.000000000000000000, 0.000000000000000000, 0.000000000000000000 ) ) ;
#1539 = CC_DESIGN_PERSON_AND_ORGANIZATION_ASSIGNMENT ( #1524, #1380, ( #1079 ) ) ;
#1540 = FACE_OUTER_BOUND ( 'NONE', #285, .T. ) ;
#1541 = VECTOR ( 'NONE', #899, 1000.000000000000000 ) ;
#1542 = ORIENTED_EDGE ( 'NONE', *, *, #114, .T. ) ;
#1543 = DIRECTION ( 'NONE',  ( 0.5773502691896319483, 0.5773502691896257311, -0.5773502691896195138 ) ) ;
#1544 = CARTESIAN_POINT ( 'NONE',  ( -67.72553166213074860, 8.677107107635789518, 11.00000000000000000 ) ) ;
#1545 = CARTESIAN_POINT ( 'NONE',  ( -60.75000000000000000, 2.500000000000000000, 10.59999999999999964 ) ) ;
#1546 = EDGE_CURVE ( 'NONE', #742, #975, #130, .T. ) ;
#1547 = VERTEX_POINT ( 'NONE', #869 ) ;
#1548 = VECTOR ( 'NONE', #1198, 1000.000000000000000 ) ;
#1549 = CARTESIAN_POINT ( 'NONE',  ( -68.99999999999998579, 24.00000000000000000, 10.19999999999999929 ) ) ;
#1550 = DIRECTION ( 'NONE',  ( 1.000000000000000000, -1.743440679373674084E-16, 0.000000000000000000 ) ) ;
#1551 = CARTESIAN_POINT ( 'NONE',  ( -70.61032114391707637, 2.314900924361101175, 13.09999999999999964 ) ) ;
#1552 = FACE_OUTER_BOUND ( 'NONE', #1278, .T. ) ;
#1553 = ADVANCED_FACE ( 'NONE', ( #497 ), #1343, .F. ) ;
#1554 = ORIENTED_EDGE ( 'NONE', *, *, #1248, .T. ) ;
ENDSEC;
END-ISO-10303-21;
