ISO-10303-21;
HEADER;
FILE_DESCRIPTION (( 'STEP AP203' ),
    '1' );
FILE_NAME ('Travel Case Latch Right REF2023.STEP',
    '2026-04-04T17:36:22',
    ( '' ),
    ( '' ),
    'SwSTEP 2.0',
    'SolidWorks 2026',
    '' );
FILE_SCHEMA (( 'CONFIG_CONTROL_DESIGN' ));
ENDSEC;

DATA;
#1 = CARTESIAN_POINT ( 'NONE',  ( 51.19999999999999574, -11.00000000000000178, 14.94999999999999751 ) ) ;
#2 = CARTESIAN_POINT ( 'NONE',  ( 44.16485343024118038, -5.929330920228307988, 7.856165995296096938 ) ) ;
#3 = AXIS2_PLACEMENT_3D ( 'NONE', #783, #2177, #804 ) ;
#4 = ORIENTED_EDGE ( 'NONE', *, *, #1687, .F. ) ;
#5 = CARTESIAN_POINT ( 'NONE',  ( 51.18275947358713296, -2.048187765217383660, 4.120737518661855781 ) ) ;
#6 = DIRECTION ( 'NONE',  ( 0.000000000000000000, -5.981805089575197183E-16, -1.000000000000000000 ) ) ;
#7 = DIRECTION ( 'NONE',  ( 0.000000000000000000, -0.9385226975553367934, -0.3452175345683556884 ) ) ;
#8 = VERTEX_POINT ( 'NONE', #822 ) ;
#9 = VECTOR ( 'NONE', #1845, 1000.000000000000000 ) ;
#10 = CARTESIAN_POINT ( 'NONE',  ( 53.00000000000000000, 70.80787289916612792, 35.30900166887731473 ) ) ;
#11 = CARTESIAN_POINT ( 'NONE',  ( 44.35060809177377905, -5.471242875023618168, 8.140263551126743380 ) ) ;
#12 = ORIENTED_EDGE ( 'NONE', *, *, #1687, .T. ) ;
#13 = LINE ( 'NONE', #2814, #1413 ) ;
#14 = CARTESIAN_POINT ( 'NONE',  ( 51.34400732663910816, -4.070753366131328654, 0.9574293153169719517 ) ) ;
#15 = EDGE_CURVE ( 'NONE', #2807, #775, #2317, .T. ) ;
#16 = ADVANCED_FACE ( 'NONE', ( #1379 ), #838, .T. ) ;
#17 = EDGE_CURVE ( 'NONE', #2503, #1102, #1377, .T. ) ;
#18 = DIRECTION ( 'NONE',  ( 0.000000000000000000, 0.000000000000000000, -1.000000000000000000 ) ) ;
#19 = CARTESIAN_POINT ( 'NONE',  ( 44.05416762936719977, -5.735972372447315948, 8.274537791964471367 ) ) ;
#20 = CARTESIAN_POINT ( 'NONE',  ( 37.59065862050260876, -4.767637804452042438, 1.512693350177935381 ) ) ;
#21 = ORIENTED_EDGE ( 'NONE', *, *, #2343, .F. ) ;
#22 = LINE ( 'NONE', #2932, #1256 ) ;
#23 = DIRECTION ( 'NONE',  ( 1.000000000000000000, 0.000000000000000000, 0.000000000000000000 ) ) ;
#24 = COORDINATED_UNIVERSAL_TIME_OFFSET ( 1, 0, .AHEAD. ) ;
#25 = EDGE_LOOP ( 'NONE', ( #1695, #342, #1053, #2971 ) ) ;
#26 = CARTESIAN_POINT ( 'NONE',  ( 44.42977819474446477, -5.567164423697104070, 7.932688546886963010 ) ) ;
#27 = CARTESIAN_POINT ( 'NONE',  ( 44.12553887163438304, -5.674559026847052934, 8.236660700185060691 ) ) ;
#28 = VERTEX_POINT ( 'NONE', #1159 ) ;
#29 = DIRECTION ( 'NONE',  ( -2.453072757634314749E-15, 0.6980958000072432501, -0.7160043673136686770 ) ) ;
#30 = CARTESIAN_POINT ( 'NONE',  ( 52.28563009439977805, -4.648446337820878682, 1.413982537704009834 ) ) ;
#31 = DIRECTION ( 'NONE',  ( 0.000000000000000000, 0.2588190451025191852, -0.9659258262890687563 ) ) ;
#32 = CARTESIAN_POINT ( 'NONE',  ( 37.50000000000000000, 6.935460182787541505, 15.56931747623857554 ) ) ;
#33 = CARTESIAN_POINT ( 'NONE',  ( 39.35115664098172772, -4.294244539369892699, 1.136176117329404489 ) ) ;
#34 = VECTOR ( 'NONE', #2080, 999.9999999999998863 ) ;
#35 = CARTESIAN_POINT ( 'NONE',  ( 44.17116455637756189, -6.672498405457703896, 6.256180865673886871 ) ) ;
#36 = EDGE_LOOP ( 'NONE', ( #399, #96, #3054, #787 ) ) ;
#37 = DIRECTION ( 'NONE',  ( 1.000000000000000000, 0.000000000000000000, 0.000000000000000000 ) ) ;
#38 = DIRECTION ( 'NONE',  ( 0.000000000000000000, 0.000000000000000000, -1.000000000000000000 ) ) ;
#39 = EDGE_LOOP ( 'NONE', ( #1963, #1428, #2273, #581 ) ) ;
#40 = CARTESIAN_POINT ( 'NONE',  ( 53.00000000000000000, -7.327375320527480085, 4.124131474258704522 ) ) ;
#41 = DIRECTION ( 'NONE',  ( -0.7545973146564760592, 0.2265276565430530409, -0.6158474758691049322 ) ) ;
#42 = ORIENTED_EDGE ( 'NONE', *, *, #927, .F. ) ;
#43 = DIRECTION ( 'NONE',  ( 1.000000000000000000, 0.000000000000000000, 0.000000000000000000 ) ) ;
#44 = EDGE_CURVE ( 'NONE', #1266, #248, #2869, .T. ) ;
#45 = LOCAL_TIME ( 19, 36, 22.00000000000000000, #1759 ) ;
#46 = CARTESIAN_POINT ( 'NONE',  ( 43.91006812195922748, -5.221620955372282324, 8.680372960359546752 ) ) ;
#47 = CARTESIAN_POINT ( 'NONE',  ( 44.63656585174597069, -5.333104671709796740, 8.439125940477573806 ) ) ;
#48 = CARTESIAN_POINT ( 'NONE',  ( 37.82776169919979026, -5.222201015358336029, 1.907984842825389604 ) ) ;
#49 = DIRECTION ( 'NONE',  ( 1.000000000000000000, 0.000000000000000000, 0.000000000000000000 ) ) ;
#50 = FACE_OUTER_BOUND ( 'NONE', #3026, .T. ) ;
#51 = AXIS2_PLACEMENT_3D ( 'NONE', #1503, #1721, #38 ) ;
#52 = CARTESIAN_POINT ( 'NONE',  ( 45.16541646120973041, -5.451368680926391264, 8.890337605970747958 ) ) ;
#53 = VERTEX_POINT ( 'NONE', #3100 ) ;
#54 = CARTESIAN_POINT ( 'NONE',  ( 44.17116455637761874, -6.032446067211730600, 7.641068421915015563 ) ) ;
#55 = CARTESIAN_POINT ( 'NONE',  ( 39.03133054638833244, -3.641494947783301850, 1.281400089765659445 ) ) ;
#56 = LINE ( 'NONE', #1243, #2913 ) ;
#57 =( NAMED_UNIT ( * ) PLANE_ANGLE_UNIT ( ) SI_UNIT ( $, .RADIAN. ) );
#58 = ORIENTED_EDGE ( 'NONE', *, *, #719, .T. ) ;
#59 = CARTESIAN_POINT ( 'NONE',  ( 44.51569860804422518, -5.593066812692233825, 7.876643292377860206 ) ) ;
#60 = AXIS2_PLACEMENT_3D ( 'NONE', #1630, #620, #853 ) ;
#61 = CARTESIAN_POINT ( 'NONE',  ( 44.22556963539649644, -5.584196291842837390, 8.193817522902865136 ) ) ;
#62 = VERTEX_POINT ( 'NONE', #194 ) ;
#63 = CARTESIAN_POINT ( 'NONE',  ( 52.50000000000000000, -3.025308875140439113, 6.510252019147729108 ) ) ;
#64 = AXIS2_PLACEMENT_3D ( 'NONE', #1014, #814, #1235 ) ;
#65 = DIRECTION ( 'NONE',  ( -1.000000000000000000, -0.000000000000000000, -0.000000000000000000 ) ) ;
#66 = CARTESIAN_POINT ( 'NONE',  ( 44.39856766577324976, -5.398467851070176238, 8.297698984706737946 ) ) ;
#67 = CARTESIAN_POINT ( 'NONE',  ( 39.60583402783532136, -3.534924867139101146, 1.199576266412599512 ) ) ;
#68 = CARTESIAN_POINT ( 'NONE',  ( 37.91738434106612488, -2.399113602391856226, 4.143571496671643040 ) ) ;
#69 = CIRCLE ( 'NONE', #2928, 1.449999999999999956 ) ;
#70 = CARTESIAN_POINT ( 'NONE',  ( 44.98717129344201027, -5.451881427920830525, 8.889228170242194693 ) ) ;
#71 = ORIENTED_EDGE ( 'NONE', *, *, #2576, .F. ) ;
#72 = CARTESIAN_POINT ( 'NONE',  ( 38.79999999999999716, -11.00000000000000178, 17.94999999999999574 ) ) ;
#73 = CARTESIAN_POINT ( 'NONE',  ( 45.54804398920961717, -5.395853134635352433, 9.018470827993251504 ) ) ;
#74 = CARTESIAN_POINT ( 'NONE',  ( 44.69320723396366191, -5.473980252883225539, 8.849426411776351031 ) ) ;
#75 = VECTOR ( 'NONE', #496, 1000.000000000000000 ) ;
#76 = VERTEX_POINT ( 'NONE', #720 ) ;
#77 = CARTESIAN_POINT ( 'NONE',  ( 44.66806046227637239, -5.612194501581612371, 7.835256523297289277 ) ) ;
#78 = CARTESIAN_POINT ( 'NONE',  ( 44.13523644296088833, -5.132246163219333468, 8.873725476095009057 ) ) ;
#79 = ORIENTED_EDGE ( 'NONE', *, *, #3030, .F. ) ;
#80 = EDGE_CURVE ( 'NONE', #2633, #273, #2824, .T. ) ;
#81 = CARTESIAN_POINT ( 'NONE',  ( 53.00000000000000000, -11.00000000000000178, 12.00000000000000000 ) ) ;
#82 = CARTESIAN_POINT ( 'NONE',  ( 44.24456152246211360, -5.107203907897472028, 8.927938254321869493 ) ) ;
#83 = VECTOR ( 'NONE', #2053, 1000.000000000000000 ) ;
#84 = CARTESIAN_POINT ( 'NONE',  ( 39.02458908687859918, -3.947278024503402261, 0.8644502335612895827 ) ) ;
#85 = CARTESIAN_POINT ( 'NONE',  ( 38.66161092804912158, -2.089597420397997229, 4.217543642972716000 ) ) ;
#86 = ORIENTED_EDGE ( 'NONE', *, *, #2020, .F. ) ;
#87 = CARTESIAN_POINT ( 'NONE',  ( 49.19999999999998863, 0.000000000000000000, 0.000000000000000000 ) ) ;
#88 = DIRECTION ( 'NONE',  ( 0.000000000000000000, 0.000000000000000000, -1.000000000000000000 ) ) ;
#89 = CARTESIAN_POINT ( 'NONE',  ( 45.03305852000610798, -5.467694004053502255, 8.863028030363034659 ) ) ;
#90 = ADVANCED_FACE ( 'NONE', ( #1685 ), #2626, .F. ) ;
#91 = PERSON_AND_ORGANIZATION ( #18446744073709551615, #18446744073709551615 ) ;
#92 = VERTEX_POINT ( 'NONE', #1881 ) ;
#93 = B_SPLINE_CURVE_WITH_KNOTS ( 'NONE', 3,
 ( #3011, #2084, #849, #1803, #366, #2744, #1817, #152, #3027, #3044, #2490, #1549, #2793, #2504, #1103, #1327 ),
 .UNSPECIFIED., .F., .F.,
 ( 4, 2, 2, 2, 2, 2, 2, 4 ),
 ( 0.000000000000000000, 0.001240592393779990817, 0.001860888590669983840, 0.002481184787559977296, 0.003101480984449970536, 0.003721777181339963776, 0.004342073378229957883, 0.004962369575119951123 ),
 .UNSPECIFIED. ) ;
#94 = CARTESIAN_POINT ( 'NONE',  ( 44.72058363302001993, -5.615661843053331381, 7.827754202361246527 ) ) ;
#95 = CARTESIAN_POINT ( 'NONE',  ( 44.37304398920966975, -5.855980218050791386, 7.307803567873246919 ) ) ;
#96 = ORIENTED_EDGE ( 'NONE', *, *, #1857, .F. ) ;
#97 = CARTESIAN_POINT ( 'NONE',  ( 44.05234508066197918, -5.158492131625436627, 8.816965418855085446 ) ) ;
#98 = CARTESIAN_POINT ( 'NONE',  ( 44.24005917325303727, -5.555171650061401678, 8.665738097984570842 ) ) ;
#99 = DIRECTION ( 'NONE',  ( -0.7071067811865463515, -0.6418701160618468515, 0.2966525814934922733 ) ) ;
#100 = CARTESIAN_POINT ( 'NONE',  ( 38.47429738263041088, -1.990499487651951949, 3.985161341971011684 ) ) ;
#101 =( GEOMETRIC_REPRESENTATION_CONTEXT ( 3 ) GLOBAL_UNCERTAINTY_ASSIGNED_CONTEXT ( ( #587 ) ) GLOBAL_UNIT_ASSIGNED_CONTEXT ( ( #538, #57, #2662 ) ) REPRESENTATION_CONTEXT ( 'NONE', 'WORKASPACE' ) );
#102 = ORIENTED_EDGE ( 'NONE', *, *, #691, .T. ) ;
#103 = CARTESIAN_POINT ( 'NONE',  ( 45.00249880397448266, -5.823667308103502194, 7.739114133702733156 ) ) ;
#104 = DIRECTION ( 'NONE',  ( 1.000000000000000000, 0.000000000000000000, 0.000000000000000000 ) ) ;
#105 = CARTESIAN_POINT ( 'NONE',  ( 44.31133852544537888, -5.531130332717832943, 8.725770220443969549 ) ) ;
#106 = ORIENTED_EDGE ( 'NONE', *, *, #1124, .T. ) ;
#107 = CARTESIAN_POINT ( 'NONE',  ( 44.35929466698714663, -5.508149708381236742, 8.060379268398481400 ) ) ;
#108 = DIRECTION ( 'NONE',  ( 1.000000000000000000, 0.000000000000000000, 0.000000000000000000 ) ) ;
#109 = EDGE_LOOP ( 'NONE', ( #2552, #330, #1158, #507, #2215, #2483 ) ) ;
#110 = EDGE_CURVE ( 'NONE', #943, #622, #2197, .T. ) ;
#111 = CARTESIAN_POINT ( 'NONE',  ( 43.76820681350563547, -5.337236658818791391, 8.430214122650614428 ) ) ;
#112 = CARTESIAN_POINT ( 'NONE',  ( 44.39621416207383930, -5.509341783538522996, 8.772914319175402653 ) ) ;
#113 = CARTESIAN_POINT ( 'NONE',  ( 39.81980623165927824, -1.915284323419864876, 3.812190467032831709 ) ) ;
#114 = EDGE_CURVE ( 'NONE', #747, #992, #2099, .T. ) ;
#115 = CIRCLE ( 'NONE', #64, 79.25090985159472723 ) ;
#116 = ADVANCED_FACE ( 'NONE', ( #2950 ), #1501, .T. ) ;
#117 = FACE_OUTER_BOUND ( 'NONE', #36, .T. ) ;
#118 = EDGE_CURVE ( 'NONE', #455, #2297, #1915, .T. ) ;
#119 = CARTESIAN_POINT ( 'NONE',  ( 44.64215744267781361, -5.462162128369953074, 8.866983717295733314 ) ) ;
#120 = ORIENTED_EDGE ( 'NONE', *, *, #2929, .F. ) ;
#121 = CARTESIAN_POINT ( 'NONE',  ( 45.00264108376342875, -5.790128041519281510, 7.751450908243823434 ) ) ;
#122 = DIRECTION ( 'NONE',  ( 1.000000000000000000, 0.000000000000000000, 0.000000000000000000 ) ) ;
#123 = CARTESIAN_POINT ( 'NONE',  ( 44.56735817891797780, -5.342283639728670153, 8.419293920284182775 ) ) ;
#124 = CARTESIAN_POINT ( 'NONE',  ( 37.50000000000000000, -5.923821528693824057, 2.562688796797320201 ) ) ;
#125 = CARTESIAN_POINT ( 'NONE',  ( 44.14408167830875840, -5.884048056810493144, 7.954144973437063726 ) ) ;
#126 = CARTESIAN_POINT ( 'NONE',  ( 44.42186428452983904, -5.082841944507321408, 8.980621871329429240 ) ) ;
#127 = ORIENTED_EDGE ( 'NONE', *, *, #1878, .F. ) ;
#128 = DIRECTION ( 'NONE',  ( 0.000000000000000000, 0.000000000000000000, -1.000000000000000000 ) ) ;
#129 = CARTESIAN_POINT ( 'NONE',  ( 44.58243074927322169, -5.479936278224039725, 8.828525613974136377 ) ) ;
#130 = CARTESIAN_POINT ( 'NONE',  ( 40.00000000000000000, -1.801512104852800000, 3.550791365969057534 ) ) ;
#131 = CARTESIAN_POINT ( 'NONE',  ( 53.00000000000000000, -10.49999999999999467, 12.04961397883133856 ) ) ;
#132 = CARTESIAN_POINT ( 'NONE',  ( 44.24330260960780947, -5.527911168836117106, 8.732735557082261124 ) ) ;
#133 = EDGE_LOOP ( 'NONE', ( #2542, #2511, #2420, #2023, #505, #1444, #2257, #172, #12, #833 ) ) ;
#134 = CARTESIAN_POINT ( 'NONE',  ( 52.25583371901700502, -5.344303680526332201, 2.017481530870792739 ) ) ;
#135 = LINE ( 'NONE', #1070, #2453 ) ;
#136 = CARTESIAN_POINT ( 'NONE',  ( 44.58422753293462648, -5.339399915190991663, 8.425533463504683240 ) ) ;
#137 = CARTESIAN_POINT ( 'NONE',  ( 44.96433628262798265, -6.020436815043603396, 7.667052959263380707 ) ) ;
#138 = CC_DESIGN_PERSON_AND_ORGANIZATION_ASSIGNMENT ( #91, #2011, ( #2295 ) ) ;
#139 = CARTESIAN_POINT ( 'NONE',  ( 44.27922029853908015, -5.515932912066344507, 8.758653029376540999 ) ) ;
#140 = CARTESIAN_POINT ( 'NONE',  ( 44.44596703842408658, -5.984958591434517139, 7.735803854526539070 ) ) ;
#141 = CARTESIAN_POINT ( 'NONE',  ( 44.05233744236112159, -5.158477354864532849, 8.816968788049424077 ) ) ;
#142 = EDGE_LOOP ( 'NONE', ( #1335, #1348, #964, #551 ) ) ;
#143 = DIRECTION ( 'NONE',  ( 0.000000000000000000, 0.000000000000000000, -1.000000000000000000 ) ) ;
#144 = CARTESIAN_POINT ( 'NONE',  ( 45.03194067477326001, -5.466056261498080993, 8.858557943043949834 ) ) ;
#145 = DIRECTION ( 'NONE',  ( -0.000000000000000000, -0.000000000000000000, 1.000000000000000000 ) ) ;
#146 = EDGE_CURVE ( 'NONE', #2624, #2190, #2007, .T. ) ;
#147 = CARTESIAN_POINT ( 'NONE',  ( 52.07639102686059829, -2.396002541131727170, 4.137530234609730684 ) ) ;
#148 = EDGE_CURVE ( 'NONE', #2567, #358, #2458, .T. ) ;
#149 = AXIS2_PLACEMENT_3D ( 'NONE', #598, #2759, #304 ) ;
#150 = CARTESIAN_POINT ( 'NONE',  ( 44.22898386842292950, -5.528047011812591727, 8.724427945257225758 ) ) ;
#151 = ORIENTED_EDGE ( 'NONE', *, *, #656, .T. ) ;
#152 = CARTESIAN_POINT ( 'NONE',  ( 37.94225013029195281, -2.386963176952160648, 4.119994255022615626 ) ) ;
#153 = CARTESIAN_POINT ( 'NONE',  ( 43.89874677400258207, -5.634303337885092411, 8.207738091880681708 ) ) ;
#154 = EDGE_LOOP ( 'NONE', ( #2489, #2430, #1315, #1995 ) ) ;
#155 = CARTESIAN_POINT ( 'NONE',  ( 44.86918250192619695, -5.458526888071009608, 8.882863009613460648 ) ) ;
#156 = EDGE_CURVE ( 'NONE', #2190, #53, #160, .T. ) ;
#157 = CARTESIAN_POINT ( 'NONE',  ( 44.72070177563895754, -6.010429722002008646, 7.680691718130305823 ) ) ;
#158 = ORIENTED_EDGE ( 'NONE', *, *, #2597, .T. ) ;
#159 = CARTESIAN_POINT ( 'NONE',  ( 44.12459069516418708, -5.806035796078834466, 7.415868806225276444 ) ) ;
#160 = CIRCLE ( 'NONE', #949, 0.5000000000000004441 ) ;
#161 = CARTESIAN_POINT ( 'NONE',  ( 44.05080788542006331, -5.738972716325406509, 8.276059605364199712 ) ) ;
#162 = CARTESIAN_POINT ( 'NONE',  ( 45.24804398920966975, -5.885982671406121192, 7.242886963674578737 ) ) ;
#163 = CARTESIAN_POINT ( 'NONE',  ( 50.40414419579070682, -1.811427994476962455, 3.572169325808939977 ) ) ;
#164 = CARTESIAN_POINT ( 'NONE',  ( 44.03224230219912982, -5.678519134174885963, 8.398849930198373670 ) ) ;
#165 = ORIENTED_EDGE ( 'NONE', *, *, #522, .T. ) ;
#166 = CARTESIAN_POINT ( 'NONE',  ( 53.00000000000000000, -6.587375867430504073, 17.94999999999999574 ) ) ;
#167 = CARTESIAN_POINT ( 'NONE',  ( 43.87400881048431955, -5.611924185961153277, 8.197200823589364305 ) ) ;
#168 = AXIS2_PLACEMENT_3D ( 'NONE', #1481, #2690, #1238 ) ;
#169 = EDGE_LOOP ( 'NONE', ( #1473, #2696, #1021, #2355 ) ) ;
#170 = CARTESIAN_POINT ( 'NONE',  ( 44.71835047423676457, -5.463050498395816135, 8.873075229343474035 ) ) ;
#171 = CARTESIAN_POINT ( 'NONE',  ( 44.17964130402251755, -5.905453409978352219, 7.907829999695636936 ) ) ;
#172 = ORIENTED_EDGE ( 'NONE', *, *, #953, .T. ) ;
#173 = DIRECTION ( 'NONE',  ( -0.000000000000000000, 0.2588190451025185190, -0.9659258262890689783 ) ) ;
#174 = CARTESIAN_POINT ( 'NONE',  ( 44.35075773526325094, -5.474964660290820184, 8.132210687639217284 ) ) ;
#175 = CARTESIAN_POINT ( 'NONE',  ( 51.33458232233746088, -2.088487990675533368, 4.214942195711350870 ) ) ;
#176 = CARTESIAN_POINT ( 'NONE',  ( 44.41919418453137069, -5.485824099126618059, 8.823799764860803307 ) ) ;
#177 = ORIENTED_EDGE ( 'NONE', *, *, #146, .F. ) ;
#178 = CARTESIAN_POINT ( 'NONE',  ( 45.24804398920966975, -6.526035009653162078, 5.857999407436349060 ) ) ;
#179 = CARTESIAN_POINT ( 'NONE',  ( 44.72603562182219861, -5.326787693212868824, 8.452822652576097440 ) ) ;
#180 = CARTESIAN_POINT ( 'NONE',  ( 44.59434234155561683, -6.006934187592081642, 7.696268727438560830 ) ) ;
#181 = CARTESIAN_POINT ( 'NONE',  ( 44.34423877059528252, -5.499242331673515949, 8.794766602769113817 ) ) ;
#182 = ADVANCED_FACE ( 'NONE', ( #1518 ), #1277, .F. ) ;
#183 = CARTESIAN_POINT ( 'NONE',  ( 44.99997394510291571, -6.020605185364722445, 7.666688654740425157 ) ) ;
#184 = CC_DESIGN_SECURITY_CLASSIFICATION ( #2295, ( #1810 ) ) ;
#185 = ORIENTED_EDGE ( 'NONE', *, *, #829, .F. ) ;
#186 = CIRCLE ( 'NONE', #1190, 0.5000000000000004441 ) ;
#187 = CARTESIAN_POINT ( 'NONE',  ( 43.87245959322182642, -5.704869552851933534, 7.634763204361577849 ) ) ;
#188 = CARTESIAN_POINT ( 'NONE',  ( 44.75573164601190967, -5.617549607877457163, 7.823698230423000943 ) ) ;
#189 = CARTESIAN_POINT ( 'NONE',  ( 51.34974243731917909, -1.946322568555489907, 3.882742793873923404 ) ) ;
#190 = CARTESIAN_POINT ( 'NONE',  ( 44.04713014519631997, -5.658730658527322710, 8.449680137141212910 ) ) ;
#191 = CARTESIAN_POINT ( 'NONE',  ( 45.87624911741480105, -5.057679645439362659, 9.035094389394641823 ) ) ;
#192 = CARTESIAN_POINT ( 'NONE',  ( 44.05051727586762667, -5.843646532224216372, 8.041562150610191750 ) ) ;
#193 = DIRECTION ( 'NONE',  ( 0.000000000000000000, -0.5880055610045783476, -0.8088568848861281690 ) ) ;
#194 = CARTESIAN_POINT ( 'NONE',  ( 44.85040404631995159, -6.032446067211719054, 7.641068421914985365 ) ) ;
#195 = DIRECTION ( 'NONE',  ( 0.000000000000000000, -0.2588190451025185190, 0.9659258262890689783 ) ) ;
#196 = CARTESIAN_POINT ( 'NONE',  ( 44.84858705781253008, -6.019284593998780686, 7.669546031302224343 ) ) ;
#197 = ORIENTED_EDGE ( 'NONE', *, *, #1124, .F. ) ;
#198 = CARTESIAN_POINT ( 'NONE',  ( 37.09568228837934356, -5.230213650270396641, 2.615019575635673998 ) ) ;
#199 = FACE_OUTER_BOUND ( 'NONE', #2494, .T. ) ;
#200 = AXIS2_PLACEMENT_3D ( 'NONE', #616, #353, #868 ) ;
#201 = EDGE_CURVE ( 'NONE', #225, #3043, #2224, .T. ) ;
#202 = DIRECTION ( 'NONE',  ( 1.000000000000000000, 0.000000000000000000, 0.000000000000000000 ) ) ;
#203 = CARTESIAN_POINT ( 'NONE',  ( 52.86884775797680902, -5.444380484055887592, 2.107443029785685873 ) ) ;
#204 = FACE_OUTER_BOUND ( 'NONE', #1487, .T. ) ;
#205 = CARTESIAN_POINT ( 'NONE',  ( 52.50000000000000000, -7.699999999999999289, 16.49999999999999645 ) ) ;
#206 = EDGE_CURVE ( 'NONE', #1760, #1292, #22, .T. ) ;
#207 = CARTESIAN_POINT ( 'NONE',  ( 44.14605035933593769, -5.811496200261397682, 7.404025472419912823 ) ) ;
#208 = AXIS2_PLACEMENT_3D ( 'NONE', #2171, #2635, #2405 ) ;
#209 = CARTESIAN_POINT ( 'NONE',  ( 44.05080053230366843, -5.749413205795518067, 8.253469415333961834 ) ) ;
#210 = CARTESIAN_POINT ( 'NONE',  ( 44.72030476035309476, -6.014882476441506753, 7.679070936473012310 ) ) ;
#211 = ORIENTED_EDGE ( 'NONE', *, *, #789, .F. ) ;
#212 = CARTESIAN_POINT ( 'NONE',  ( 44.08990112046625853, -5.884376333602097553, 7.961448364739442951 ) ) ;
#213 = VECTOR ( 'NONE', #1131, 1000.000000000000000 ) ;
#214 = LINE ( 'NONE', #2357, #1098 ) ;
#215 = CARTESIAN_POINT ( 'NONE',  ( 44.86166439455657695, -5.621211023049188071, 7.815775990308325483 ) ) ;
#216 = VECTOR ( 'NONE', #1992, 1000.000000000000227 ) ;
#217 = FACE_OUTER_BOUND ( 'NONE', #2966, .T. ) ;
#218 = CARTESIAN_POINT ( 'NONE',  ( 52.50000000000000000, -6.225590596540554245, 14.66794733503052051 ) ) ;
#219 = DIRECTION ( 'NONE',  ( 0.000000000000000000, 0.000000000000000000, -1.000000000000000000 ) ) ;
#220 = CARTESIAN_POINT ( 'NONE',  ( 44.07182990805394951, -5.868542694159748052, 7.987694079512939638 ) ) ;
#221 = ORIENTED_EDGE ( 'NONE', *, *, #572, .F. ) ;
#222 = CARTESIAN_POINT ( 'NONE',  ( 44.05060585995421008, -5.744571141933168867, 8.263946236663636924 ) ) ;
#223 = CARTESIAN_POINT ( 'NONE',  ( 44.05379012817557083, -5.737087162297031639, 8.272125710172931079 ) ) ;
#224 = VECTOR ( 'NONE', #1892, 1000.000000000000114 ) ;
#225 = VERTEX_POINT ( 'NONE', #1041 ) ;
#226 = CARTESIAN_POINT ( 'NONE',  ( 44.02243686667766553, -5.746199740084821705, 8.260422422783380014 ) ) ;
#227 = CARTESIAN_POINT ( 'NONE',  ( 37.00000000000000000, -8.000000000000000000, 14.94999999999999751 ) ) ;
#228 = CARTESIAN_POINT ( 'NONE',  ( 45.54804398920749264, -6.020613166838945318, 7.666671385143534856 ) ) ;
#229 = ORIENTED_EDGE ( 'NONE', *, *, #430, .F. ) ;
#230 = CARTESIAN_POINT ( 'NONE',  ( 45.00335248279941425, -5.622431708598517375, 7.813134780949141600 ) ) ;
#231 = CARTESIAN_POINT ( 'NONE',  ( 44.72961823881906440, -5.063864273926495407, 9.021712647745280478 ) ) ;
#232 = CARTESIAN_POINT ( 'NONE',  ( 53.00000000000000000, -11.00000000000000178, 11.99999999999999822 ) ) ;
#233 = CARTESIAN_POINT ( 'NONE',  ( 44.99999999999999289, -10.77152529166341210, 10.99947889898856701 ) ) ;
#234 = CARTESIAN_POINT ( 'NONE',  ( 44.09466503167016072, -5.888226098458688718, 7.945104903520466166 ) ) ;
#235 = ADVANCED_FACE ( 'NONE', ( #506 ), #2693, .F. ) ;
#236 = VERTEX_POINT ( 'NONE', #1771 ) ;
#237 = CARTESIAN_POINT ( 'NONE',  ( 44.14121488753011846, -5.887838102571858911, 7.953958101080866427 ) ) ;
#238 = CARTESIAN_POINT ( 'NONE',  ( 44.24330260960675076, -5.527911168834080513, 8.732735557082724753 ) ) ;
#239 = CARTESIAN_POINT ( 'NONE',  ( 45.87624911741480105, -5.057679645439362659, 9.035094389394641823 ) ) ;
#240 = ORIENTED_EDGE ( 'NONE', *, *, #3037, .F. ) ;
#241 = CIRCLE ( 'NONE', #2010, 0.9499999999999995115 ) ;
#242 = ADVANCED_FACE ( 'NONE', ( #1755 ), #2730, .T. ) ;
#243 = EDGE_CURVE ( 'NONE', #1764, #2006, #1956, .T. ) ;
#244 = EDGE_CURVE ( 'NONE', #1115, #1431, #1201, .T. ) ;
#245 = LINE ( 'NONE', #1213, #899 ) ;
#246 = VECTOR ( 'NONE', #2195, 1000.000000000000000 ) ;
#247 = LINE ( 'NONE', #3108, #75 ) ;
#248 = VERTEX_POINT ( 'NONE', #1002 ) ;
#249 = DIRECTION ( 'NONE',  ( 0.000000000000000000, 0.000000000000000000, 1.000000000000000000 ) ) ;
#250 = CARTESIAN_POINT ( 'NONE',  ( 52.98099826788697442, -5.516821708128937907, 2.880456412389847287 ) ) ;
#251 = DIRECTION ( 'NONE',  ( 0.000000000000000000, 1.000000000000000000, 0.000000000000000000 ) ) ;
#252 = CARTESIAN_POINT ( 'NONE',  ( 44.05384456201079502, -5.739686954177694922, 8.266500514842531899 ) ) ;
#253 = CARTESIAN_POINT ( 'NONE',  ( 44.02486672431443537, -5.781061140953910105, 8.184992465931879124 ) ) ;
#254 = ORIENTED_EDGE ( 'NONE', *, *, #2344, .T. ) ;
#255 = CARTESIAN_POINT ( 'NONE',  ( 53.00000000000000000, -11.00000000000000178, 14.94999999999999751 ) ) ;
#256 = DIRECTION ( 'NONE',  ( -0.000000000000000000, -0.4195301040610855958, -0.9077414234166548690 ) ) ;
#257 = APPROVAL_DATE_TIME ( #556, #679 ) ;
#258 = ORIENTED_EDGE ( 'NONE', *, *, #1851, .T. ) ;
#259 = VECTOR ( 'NONE', #763, 1000.000000000000114 ) ;
#260 = CARTESIAN_POINT ( 'NONE',  ( 51.02323503594536191, -2.059188969798735336, 3.489708980636943458 ) ) ;
#261 = CARTESIAN_POINT ( 'NONE',  ( 44.10053118082681323, -5.697149710758099950, 8.247371494478581866 ) ) ;
#262 = ORIENTED_EDGE ( 'NONE', *, *, #2935, .T. ) ;
#263 = DIRECTION ( 'NONE',  ( 0.000000000000000000, -0.3452175345683556884, 0.9385226975553367934 ) ) ;
#264 = CARTESIAN_POINT ( 'NONE',  ( 53.00000000000000000, -6.225590596540567567, 14.66794733503051873 ) ) ;
#265 = FACE_OUTER_BOUND ( 'NONE', #2441, .T. ) ;
#266 = FACE_OUTER_BOUND ( 'NONE', #389, .T. ) ;
#267 = CARTESIAN_POINT ( 'NONE',  ( 37.56496146247132373, -5.677016254246987970, 2.323837585078717627 ) ) ;
#268 = LINE ( 'NONE', #1733, #1317 ) ;
#269 = VERTEX_POINT ( 'NONE', #517 ) ;
#270 = CARTESIAN_POINT ( 'NONE',  ( 37.00000000000000000, -7.699999999999999289, 16.49999999999999645 ) ) ;
#271 = CARTESIAN_POINT ( 'NONE',  ( 44.54249350484764136, -5.485526525137146336, 8.824443628635195935 ) ) ;
#272 = SHAPE_DEFINITION_REPRESENTATION ( #1711, #1193 ) ;
#273 = VERTEX_POINT ( 'NONE', #986 ) ;
#274 = DIRECTION ( 'NONE',  ( 1.000000000000000000, 0.000000000000000000, 0.000000000000000000 ) ) ;
#275 = DIRECTION ( 'NONE',  ( -0.002464957945797382078, 0.9385208950835626229, 0.3452136345422553987 ) ) ;
#276 = ORIENTED_EDGE ( 'NONE', *, *, #3037, .T. ) ;
#277 = DIRECTION ( 'NONE',  ( 1.000000000000000000, 0.000000000000000000, 0.000000000000000000 ) ) ;
#278 = CARTESIAN_POINT ( 'NONE',  ( 43.72240296356864064, -5.474772575418362486, 8.132626303573955440 ) ) ;
#279 = CARTESIAN_POINT ( 'NONE',  ( 44.35128399007228239, -5.463598934598850931, 8.156774216975501091 ) ) ;
#280 = CARTESIAN_POINT ( 'NONE',  ( 38.47256357246168790, -4.643477881790154527, 1.414538798760546001 ) ) ;
#281 = AXIS2_PLACEMENT_3D ( 'NONE', #3040, #2740, #579 ) ;
#282 = DIRECTION ( 'NONE',  ( 1.000000000000000000, 1.642867582473048106E-14, -4.466367900914185287E-14 ) ) ;
#283 = ORIENTED_EDGE ( 'NONE', *, *, #927, .T. ) ;
#284 = DIRECTION ( 'NONE',  ( 0.000000000000000000, 0.000000000000000000, -1.000000000000000000 ) ) ;
#285 = CARTESIAN_POINT ( 'NONE',  ( 44.02359720129199872, -5.766397186188728874, 8.216721009466983361 ) ) ;
#286 = CARTESIAN_POINT ( 'NONE',  ( 44.36844983628988359, -5.515575308832566748, 8.759426779022806642 ) ) ;
#287 = DATE_TIME_ROLE ( 'classification_date' ) ;
#288 = ORIENTED_EDGE ( 'NONE', *, *, #2201, .F. ) ;
#289 = CARTESIAN_POINT ( 'NONE',  ( 45.54804398920961717, -5.395853134635352433, 9.018470827993249728 ) ) ;
#290 = VECTOR ( 'NONE', #1899, 1000.000000000000000 ) ;
#291 = CARTESIAN_POINT ( 'NONE',  ( 51.33375617640486155, -3.761387901352096996, 1.374642946319142522 ) ) ;
#292 = ORIENTED_EDGE ( 'NONE', *, *, #2110, .F. ) ;
#293 = DIRECTION ( 'NONE',  ( 1.000000000000000000, 0.000000000000000000, 0.000000000000000000 ) ) ;
#294 = CIRCLE ( 'NONE', #1246, 18.28717471930914229 ) ;
#295 = CARTESIAN_POINT ( 'NONE',  ( 43.75691829712307879, -5.354043318612722757, 8.393849387113062832 ) ) ;
#296 = DIRECTION ( 'NONE',  ( -1.000000000000000000, -0.000000000000000000, -0.000000000000000000 ) ) ;
#297 = CARTESIAN_POINT ( 'NONE',  ( 44.58562824171981021, -6.027263583676564451, 7.652281812649514237 ) ) ;
#298 = CARTESIAN_POINT ( 'NONE',  ( 44.02279726624535527, -5.732181470756584574, 8.290753890374443102 ) ) ;
#299 = DIRECTION ( 'NONE',  ( 0.6721255316815908376, 0.7404372152058126266, 0.000000000000000000 ) ) ;
#300 =( BOUNDED_SURFACE ( )  B_SPLINE_SURFACE ( 3, 2, ( 
 ( #1128, #3052, #1080 ),
 ( #1624, #653, #3041 ),
 ( #2773, #163, #1612 ),
 ( #864, #1636, #1386 ),
 ( #2347, #1578, #1831 ),
 ( #2534, #189, #2790 ),
 ( #175, #1113, #626 ),
 ( #410, #2301, #2106 ),
 ( #911, #3008, #147 ),
 ( #381, #1354, #1596 ),
 ( #846, #2565, #1372 ),
 ( #2318, #1100, #2093 ),
 ( #879, #642, #891 ),
 ( #2286, #2066, #2805 ),
 ( #2833, #667, #363 ),
 ( #1323, #2846, #1951 ) ),
 .UNSPECIFIED., .F., .F., .F. ) 
 B_SPLINE_SURFACE_WITH_KNOTS ( ( 4, 2, 2, 2, 2, 2, 2, 4 ),
 ( 3, 3 ),
 ( 1.084202172485504434E-19, 0.0005323324616242342249, 0.001064664923248468450, 0.001596997384872702675, 0.002129329846496936900, 0.002661662308121171341, 0.003193994769745405349, 0.004258659692993873799 ),
 ( 0.000000000000000000, 1.000000000000000000 ),
 .UNSPECIFIED. ) 
 GEOMETRIC_REPRESENTATION_ITEM ( )  RATIONAL_B_SPLINE_SURFACE ( (
 ( 1.000000000000000000, 0.8684874395385148160, 1.000000000000000000),
 ( 1.000000000000000000, 0.8684816165630410145, 1.000000000000000000),
 ( 1.000000000000000000, 0.8674331022544233827, 1.000000000000000000),
 ( 1.000000000000000000, 0.8633016986953149230, 1.000000000000000000),
 ( 1.000000000000000000, 0.8601739008255122609, 1.000000000000000000),
 ( 1.000000000000000000, 0.8521632344025422690, 1.000000000000000000),
 ( 1.000000000000000000, 0.8472120873769323213, 1.000000000000000000),
 ( 1.000000000000000000, 0.8356616129527568715, 1.000000000000000000),
 ( 1.000000000000000000, 0.8291494337670270998, 1.000000000000000000),
 ( 1.000000000000000000, 0.8146197857783943341, 1.000000000000000000),
 ( 1.000000000000000000, 0.8065998257874069655, 1.000000000000000000),
 ( 1.000000000000000000, 0.7895409898259180270, 1.000000000000000000),
 ( 1.000000000000000000, 0.7804273244450558034, 1.000000000000000000),
 ( 1.000000000000000000, 0.7512140141192947818, 1.000000000000000000),
 ( 1.000000000000000000, 0.7301607037090404040, 1.000000000000000000),
 ( 1.000000000000000000, 0.7071067811865479058, 1.000000000000000000) ) ) 
 REPRESENTATION_ITEM ( '' )  SURFACE ( )  );
#301 = ORIENTED_EDGE ( 'NONE', *, *, #2243, .F. ) ;
#302 = EDGE_CURVE ( 'NONE', #1999, #335, #2644, .T. ) ;
#303 = DIRECTION ( 'NONE',  ( -1.000000000000000000, 0.000000000000000000, -0.000000000000000000 ) ) ;
#304 = DIRECTION ( 'NONE',  ( 0.000000000000000000, 0.000000000000000000, -1.000000000000000000 ) ) ;
#305 = CARTESIAN_POINT ( 'NONE',  ( 44.39621416207404536, -5.509341783538285853, 8.772914319174855535 ) ) ;
#306 = B_SPLINE_SURFACE_WITH_KNOTS ( 'NONE', 1, 3, ( 
 ( #2481, #2447, #328, #1283, #1247, #2213, #1997, #1742, #1726, #94, #77, #1961, #2013, #1045, #1776, #1708, #2919, #1030, #509, #59, #788, #1762, #1474, #2717, #2734, #574, #2182, #26, #975, #2905, #738, #1230, #1298, #1554, #2525, #2799, #1571, #1333, #2042, #107, #649, #3017, #2279, #2509, #373, #402, #854, #1825, #1854, #356 ),
 ( #2987, #887, #1347, #2558, #2749, #2075, #1058, #2783, #157, #2575, #2294, #824, #2029, #2263, #1313, #388, #140, #1108, #636, #3002, #1605, #1807, #1366, #2327, #2765, #1090, #3034, #2059, #839, #171, #2311, #125, #1121, #2089, #3049, #1794, #1073, #873, #588, #621, #604, #1588, #2544, #1839, #2815, #1619, #2384, #932, #2354, #223 ),
 ( #2148, #1911, #2340, #183, #2598, #1177, #196, #2885, #210, #431, #1869, #663, #722, #1147, #1135, #1930, #2116, #2131, #673, #3059, #905, #959, #1162, #1690, #2853, #2827, #1897, #2841, #1394, #1426, #706, #2871, #3087, #445, #459, #690, #2166, #1657, #3074, #1408, #1631, #2612, #3102, #420, #2586, #942, #1671, #2629, #919, #478 ) ),
 .UNSPECIFIED., .F., .F., .F.,
 ( 2, 1, 2 ),
 ( 4, 3, 2, 2, 2, 2, 2, 2, 2, 2, 2, 2, 2, 2, 2, 2, 2, 2, 2, 2, 2, 2, 3, 4 ),
 ( 0.000000000000000000, 1.000000000000000000, 1.011333162860400758 ),
 ( -0.01000000000000000021, 0.000000000000000000, 0.1250000000000000000, 0.2500000000000000000, 0.3750000000000000000, 0.4375000000000000000, 0.5000000000000000000, 0.5312500000000000000, 0.5625000000000000000, 0.5937500000000000000, 0.6250000000000000000, 0.6562500000000000000, 0.6875000000000000000, 0.7187500000000000000, 0.7500000000000000000, 0.7812500000000000000, 0.8125000000000000000, 0.8437500000000000000, 0.8750000000000000000, 0.9062500000000000000, 0.9375000000000000000, 0.9687500000000000000, 1.000000000000000000, 1.015472002411498931 ),
 .UNSPECIFIED. ) ;
#307 = AXIS2_PLACEMENT_3D ( 'NONE', #87, #1991, #1241 ) ;
#308 = PERSON_AND_ORGANIZATION_ROLE ( 'design_supplier' ) ;
#309 = ADVANCED_FACE ( 'NONE', ( #1022 ), #1941, .T. ) ;
#310 = ORIENTED_EDGE ( 'NONE', *, *, #1922, .T. ) ;
#311 = EDGE_CURVE ( 'NONE', #62, #2044, #2209, .T. ) ;
#312 = B_SPLINE_CURVE_WITH_KNOTS ( 'NONE', 3,
 ( #1023, #2475, #850, #2745, #1584, #3012, #352, #583, #784, #324 ),
 .UNSPECIFIED., .F., .F.,
 ( 4, 3, 3, 4 ),
 ( 0.000000000000000000, 0.0002099137439111727825, 0.0003753081235482760261, 0.0005407025031853786735 ),
 .UNSPECIFIED. ) ;
#313 = CARTESIAN_POINT ( 'NONE',  ( 37.00000000000000000, 70.80787289916612792, 17.44999999999999574 ) ) ;
#314 = CARTESIAN_POINT ( 'NONE',  ( 44.00556543552570332, -5.175723790244312283, 8.779652505739928614 ) ) ;
#315 = ORIENTED_EDGE ( 'NONE', *, *, #1552, .F. ) ;
#316 = FACE_OUTER_BOUND ( 'NONE', #2389, .T. ) ;
#317 = CIRCLE ( 'NONE', #2074, 17.78717471930914229 ) ;
#318 = CARTESIAN_POINT ( 'NONE',  ( 43.74358517561951487, -5.379556526555003160, 8.338646207485961526 ) ) ;
#319 = CARTESIAN_POINT ( 'NONE',  ( 44.99789958295178138, -5.321340835990615581, 8.464579467833928561 ) ) ;
#320 = CARTESIAN_POINT ( 'NONE',  ( 44.30000976335217189, -5.975775737028884649, 7.763686574196985823 ) ) ;
#321 = CARTESIAN_POINT ( 'NONE',  ( 37.63488244102779134, -2.323107424200716586, 4.770002103307287022 ) ) ;
#322 = ORIENTED_EDGE ( 'NONE', *, *, #1296, .F. ) ;
#323 = CARTESIAN_POINT ( 'NONE',  ( 37.05401500339618082, -10.76095453140809255, 12.02362162471706242 ) ) ;
#324 = CARTESIAN_POINT ( 'NONE',  ( 44.37304398920966975, -5.855980218050791386, 7.307803567873246919 ) ) ;
#325 = CARTESIAN_POINT ( 'NONE',  ( 44.47815087831236980, -5.493809246868107010, 8.806522221944604212 ) ) ;
#326 = APPLICATION_PROTOCOL_DEFINITION ( 'international standard', 'config_control_design', 1994, #1889 ) ;
#327 = ORIENTED_EDGE ( 'NONE', *, *, #2402, .T. ) ;
#328 = CARTESIAN_POINT ( 'NONE',  ( 45.00618653328842811, -5.622429170509967378, 7.813111669206279863 ) ) ;
#329 = CARTESIAN_POINT ( 'NONE',  ( 45.14427792172988774, -5.057663718211632187, 9.035100247864265910 ) ) ;
#330 = ORIENTED_EDGE ( 'NONE', *, *, #2974, .T. ) ;
#331 = CARTESIAN_POINT ( 'NONE',  ( 43.73350025035635014, -5.405331278799460293, 8.282877121872962434 ) ) ;
#332 = CARTESIAN_POINT ( 'NONE',  ( 44.88037828137373708, -5.466916652725598347, 8.856696306060133139 ) ) ;
#333 = CARTESIAN_POINT ( 'NONE',  ( 38.65732606655021186, -4.070152196610583140, 0.9569711364496180650 ) ) ;
#334 = CARTESIAN_POINT ( 'NONE',  ( 38.04578847752213733, -2.338018900247681664, 4.806468309733266331 ) ) ;
#335 = VERTEX_POINT ( 'NONE', #1835 ) ;
#336 = DIRECTION ( 'NONE',  ( 0.6806886811764059075, 0.000000000000000000, 0.7325728082029289157 ) ) ;
#337 = CARTESIAN_POINT ( 'NONE',  ( 53.00000000000000000, -5.800234598409096165, 3.152165510693860639 ) ) ;
#338 = CARTESIAN_POINT ( 'NONE',  ( 44.38053696028543271, -5.411961610137037582, 8.268531008571716967 ) ) ;
#339 = EDGE_LOOP ( 'NONE', ( #492, #866, #1468, #2692 ) ) ;
#340 = DIRECTION ( 'NONE',  ( 1.000000000000000000, -0.000000000000000000, 0.000000000000000000 ) ) ;
#341 = CARTESIAN_POINT ( 'NONE',  ( 43.79631211466936236, -5.304456953008839015, 8.501111291944646098 ) ) ;
#342 = ORIENTED_EDGE ( 'NONE', *, *, #80, .T. ) ;
#343 = EDGE_CURVE ( 'NONE', #1775, #1109, #1099, .T. ) ;
#344 = EDGE_CURVE ( 'NONE', #1431, #2633, #93, .T. ) ;
#345 = ADVANCED_FACE ( 'NONE', ( #2777 ), #1583, .F. ) ;
#346 = CARTESIAN_POINT ( 'NONE',  ( 38.79999999999999716, -7.700000000000000178, 17.94999999999999574 ) ) ;
#347 = CARTESIAN_POINT ( 'NONE',  ( 44.52654598530781982, -5.487337837816506081, 8.820524473529379961 ) ) ;
#348 = CYLINDRICAL_SURFACE ( 'NONE', #2046, 2.999999999999999112 ) ;
#349 = CARTESIAN_POINT ( 'NONE',  ( 39.18834543956914729, -1.841441862615227132, 3.640515399220702886 ) ) ;
#350 = EDGE_LOOP ( 'NONE', ( #1632, #21, #2149, #283 ) ) ;
#351 = CARTESIAN_POINT ( 'NONE',  ( 38.79999999999999716, -8.000000000000000000, 17.94999999999999574 ) ) ;
#352 = CARTESIAN_POINT ( 'NONE',  ( 44.50120628059386263, -5.918267566519789469, 7.391767929976441387 ) ) ;
#353 = DIRECTION ( 'NONE',  ( 1.000000000000000000, 0.000000000000000000, 0.000000000000000000 ) ) ;
#354 = CIRCLE ( 'NONE', #3065, 0.5000000000000001110 ) ;
#355 = EDGE_LOOP ( 'NONE', ( #2854, #1614, #1918, #1245 ) ) ;
#356 = CARTESIAN_POINT ( 'NONE',  ( 44.35039782275771358, -5.465703883924832418, 8.152219717360644324 ) ) ;
#357 = CARTESIAN_POINT ( 'NONE',  ( 44.85386960751370111, -5.060490459160282839, 9.028984000597388260 ) ) ;
#358 = VERTEX_POINT ( 'NONE', #351 ) ;
#359 = VECTOR ( 'NONE', #1234, 1000.000000000000000 ) ;
#360 = CARTESIAN_POINT ( 'NONE',  ( 37.00000000000000000, -6.225590596540583554, 14.66794733503052761 ) ) ;
#361 = CARTESIAN_POINT ( 'NONE',  ( 45.03483314675087001, -5.467688329212790244, 8.863040309071847034 ) ) ;
#362 = CARTESIAN_POINT ( 'NONE',  ( 51.19999999999999574, -7.700000000000000178, 16.49999999999999645 ) ) ;
#363 = CARTESIAN_POINT ( 'NONE',  ( 53.00000000000000000, -3.311875935906381851, 5.958745807816193896 ) ) ;
#364 = CARTESIAN_POINT ( 'NONE',  ( 44.05242675787015827, -5.642697136720899564, 8.476358339353600613 ) ) ;
#365 = ORIENTED_EDGE ( 'NONE', *, *, #2538, .T. ) ;
#366 = CARTESIAN_POINT ( 'NONE',  ( 37.35653337406046859, -2.774708907238065514, 4.880050730854544661 ) ) ;
#367 = CARTESIAN_POINT ( 'NONE',  ( 52.50000000000000000, -8.000000000000000000, 17.94999999999999574 ) ) ;
#368 = CARTESIAN_POINT ( 'NONE',  ( 44.79837011045581363, -5.324110960223972455, 8.458614326141107753 ) ) ;
#369 = AXIS2_PLACEMENT_3D ( 'NONE', #1384, #202, #1152 ) ;
#370 = ORIENTED_EDGE ( 'NONE', *, *, #2019, .T. ) ;
#371 = VECTOR ( 'NONE', #41, 1000.000000000000000 ) ;
#372 = CARTESIAN_POINT ( 'NONE',  ( 44.75477617392746765, -5.461613552211578515, 8.876184363972841496 ) ) ;
#373 = CARTESIAN_POINT ( 'NONE',  ( 44.35091971014541912, -5.478675429594530577, 8.124153056074302270 ) ) ;
#374 = CARTESIAN_POINT ( 'NONE',  ( 44.20708063900968199, -5.114784753905497361, 8.911506899625706524 ) ) ;
#375 = ADVANCED_FACE ( 'NONE', ( #2808 ), #1309, .F. ) ;
#376 = VERTEX_POINT ( 'NONE', #2289 ) ;
#377 = EDGE_CURVE ( 'NONE', #2503, #1082, #2795, .T. ) ;
#378 = FACE_OUTER_BOUND ( 'NONE', #516, .T. ) ;
#379 = CARTESIAN_POINT ( 'NONE',  ( 44.61927861162978104, -5.478388297496556980, 8.839888682176853862 ) ) ;
#380 = DIRECTION ( 'NONE',  ( -1.000000000000000000, 0.000000000000000000, 0.000000000000000000 ) ) ;
#381 = CARTESIAN_POINT ( 'NONE',  ( 51.95096030378292795, -2.336162279751622606, 4.802014076537120424 ) ) ;
#382 = CARTESIAN_POINT ( 'NONE',  ( 44.98727222868328113, -5.456343195157427495, 8.887587887509159401 ) ) ;
#383 = EDGE_LOOP ( 'NONE', ( #1691, #127, #2281, #466 ) ) ;
#384 = DIRECTION ( 'NONE',  ( 0.000000000000000000, 0.3452175345683523022, -0.9385226975553380147 ) ) ;
#385 = CARTESIAN_POINT ( 'NONE',  ( 43.72356537672859389, -5.495798641955735420, 8.087103392624980458 ) ) ;
#386 = CARTESIAN_POINT ( 'NONE',  ( 37.98772191486496297, -5.012698700729429468, 1.723023061341963036 ) ) ;
#387 = CARTESIAN_POINT ( 'NONE',  ( 45.24804398920966975, -6.526035009653162078, 5.857999407436349060 ) ) ;
#388 = CARTESIAN_POINT ( 'NONE',  ( 44.47198597192996061, -5.988767031341793334, 7.727563495541653005 ) ) ;
#389 = EDGE_LOOP ( 'NONE', ( #2145, #1661, #2083, #525 ) ) ;
#390 = CARTESIAN_POINT ( 'NONE',  ( 43.96795766285131180, -5.753610176899002226, 7.529302635447898240 ) ) ;
#391 = CARTESIAN_POINT ( 'NONE',  ( 44.75658981610666132, -5.469935698875689312, 8.850163966132353011 ) ) ;
#392 = CARTESIAN_POINT ( 'NONE',  ( 53.00000000000000000, -10.49999999999999467, 14.94999999999999751 ) ) ;
#393 = DIRECTION ( 'NONE',  ( 1.000000000000000000, 0.000000000000000000, 0.000000000000000000 ) ) ;
#394 = AXIS2_PLACEMENT_3D ( 'NONE', #2505, #2713, #2951 ) ;
#395 = CARTESIAN_POINT ( 'NONE',  ( 45.16543023691207992, -5.455830933603825983, 8.888696272884581973 ) ) ;
#396 = ORIENTED_EDGE ( 'NONE', *, *, #1364, .F. ) ;
#397 = CARTESIAN_POINT ( 'NONE',  ( 45.03490296356864064, -5.885982671406121192, 7.242886963674578737 ) ) ;
#398 = FACE_OUTER_BOUND ( 'NONE', #1646, .T. ) ;
#399 = ORIENTED_EDGE ( 'NONE', *, *, #413, .F. ) ;
#400 = DIRECTION ( 'NONE',  ( 0.000000000000000000, 0.000000000000000000, -1.000000000000000000 ) ) ;
#401 = ADVANCED_FACE ( 'NONE', ( #1358 ), #2321, .F. ) ;
#402 = CARTESIAN_POINT ( 'NONE',  ( 44.35076973355053553, -5.474953682349757322, 8.132205837290440442 ) ) ;
#403 = CARTESIAN_POINT ( 'NONE',  ( 43.73072828286522196, -5.413957706818771420, 8.264183431067904095 ) ) ;
#404 = APPROVAL ( #988, 'Deckungsgleich' ) ;
#405 = ADVANCED_FACE ( 'NONE', ( #3068 ), #2582, .F. ) ;
#406 = ORIENTED_EDGE ( 'NONE', *, *, #2658, .F. ) ;
#407 = CARTESIAN_POINT ( 'NONE',  ( 37.00000000000000000, 6.935460182787541505, 15.56931747623857554 ) ) ;
#408 = VECTOR ( 'NONE', #1536, 1000.000000000000000 ) ;
#409 = CARTESIAN_POINT ( 'NONE',  ( 44.59892032471036316, -5.605738620576524056, 7.849253780121762780 ) ) ;
#410 = CARTESIAN_POINT ( 'NONE',  ( 51.60757308834707402, -2.178516705660475061, 4.426856374949333706 ) ) ;
#411 = CARTESIAN_POINT ( 'NONE',  ( 44.07031153099505616, -5.621854149292317970, 8.521456516799059244 ) ) ;
#412 = ORIENTED_EDGE ( 'NONE', *, *, #1789, .T. ) ;
#413 = EDGE_CURVE ( 'NONE', #8, #2838, #2334, .T. ) ;
#414 = DIRECTION ( 'NONE',  ( -1.000000000000000000, 0.000000000000000000, 0.000000000000000000 ) ) ;
#415 = CARTESIAN_POINT ( 'NONE',  ( 52.84842094261329493, -5.092324728797472666, 2.490326631742038721 ) ) ;
#416 = CARTESIAN_POINT ( 'NONE',  ( 43.76614502565975329, -5.609898552206118438, 7.840224291602970297 ) ) ;
#417 = CIRCLE ( 'NONE', #2573, 17.78717471930914229 ) ;
#418 = CARTESIAN_POINT ( 'NONE',  ( 38.73158438227510914, -4.503695200153632783, 1.301326688303324541 ) ) ;
#419 = CARTESIAN_POINT ( 'NONE',  ( 44.44333700237983464, -5.482609499599878866, 8.830755225553994947 ) ) ;
#420 = CARTESIAN_POINT ( 'NONE',  ( 44.05219735767996525, -5.766156338885656929, 8.217242133153037642 ) ) ;
#421 = ORIENTED_EDGE ( 'NONE', *, *, #2345, .T. ) ;
#422 = CARTESIAN_POINT ( 'NONE',  ( 52.50000000000000000, -8.000000000000000000, 17.44999999999999574 ) ) ;
#423 = FACE_OUTER_BOUND ( 'NONE', #1598, .T. ) ;
#424 = CARTESIAN_POINT ( 'NONE',  ( 52.50000000000000000, -11.00000000000000178, 12.00000000000000000 ) ) ;
#425 = CARTESIAN_POINT ( 'NONE',  ( 44.21300212693925147, -5.539057082312041302, 8.708619034177354834 ) ) ;
#426 = DIRECTION ( 'NONE',  ( -1.000000000000000000, -0.000000000000000000, -0.000000000000000000 ) ) ;
#427 = CARTESIAN_POINT ( 'NONE',  ( 44.12093258694897457, -5.906593849309152766, 7.913376106903847962 ) ) ;
#428 = CARTESIAN_POINT ( 'NONE',  ( 44.05056082974276421, -5.743451110453833941, 8.266369659820826499 ) ) ;
#429 = LINE ( 'NONE', #2115, #1146 ) ;
#430 = EDGE_CURVE ( 'NONE', #647, #888, #1156, .T. ) ;
#431 = CARTESIAN_POINT ( 'NONE',  ( 44.68082508751774640, -6.012783289776441720, 7.683612967361601598 ) ) ;
#432 = ORIENTED_EDGE ( 'NONE', *, *, #2243, .T. ) ;
#433 = CARTESIAN_POINT ( 'NONE',  ( 37.30182095935825970, -4.818500821944906143, 2.247826564572588115 ) ) ;
#434 = CIRCLE ( 'NONE', #281, 0.5000000000000004441 ) ;
#435 = DIRECTION ( 'NONE',  ( 0.000000000000000000, 0.000000000000000000, -1.000000000000000000 ) ) ;
#436 = ADVANCED_FACE ( 'NONE', ( #1627 ), #894, .T. ) ;
#437 = CARTESIAN_POINT ( 'NONE',  ( 44.96792853240713583, -5.622264347925500338, 7.813496900885813723 ) ) ;
#438 = CARTESIAN_POINT ( 'NONE',  ( 52.63116069976682354, -5.029671079313222215, 1.736303311785418968 ) ) ;
#439 = PLANE ( 'NONE',  #1492 ) ;
#440 = CARTESIAN_POINT ( 'NONE',  ( 45.14532375665593378, -5.455860338958324895, 8.888632648229039646 ) ) ;
#441 = CARTESIAN_POINT ( 'NONE',  ( 43.85856727269081290, -5.696076858355104910, 7.653759440727942120 ) ) ;
#442 = CARTESIAN_POINT ( 'NONE',  ( 44.34143860376166657, -5.969008318832900173, 7.778329303684461848 ) ) ;
#443 = CARTESIAN_POINT ( 'NONE',  ( 44.02494001829515469, -5.715207219108048520, 8.327481246056503750 ) ) ;
#444 = AXIS2_PLACEMENT_3D ( 'NONE', #422, #1369, #1856 ) ;
#445 = CARTESIAN_POINT ( 'NONE',  ( 44.11526624357210125, -5.868073460594187551, 7.996723051841150287 ) ) ;
#446 = ORIENTED_EDGE ( 'NONE', *, *, #857, .F. ) ;
#447 = CARTESIAN_POINT ( 'NONE',  ( 44.30000976335191609, -5.975775737028608425, 7.763686574196380974 ) ) ;
#448 = CARTESIAN_POINT ( 'NONE',  ( 53.00000000000000000, -11.00000000000000178, 17.94999999999999574 ) ) ;
#449 = CARTESIAN_POINT ( 'NONE',  ( 49.19999999999998863, 6.935460182787541505, 15.56931747623857554 ) ) ;
#450 = CARTESIAN_POINT ( 'NONE',  ( 52.00573150913582054, -4.425771387478673269, 1.233412525862780162 ) ) ;
#451 = CARTESIAN_POINT ( 'NONE',  ( 52.50000000000000000, -7.699999999999999289, 17.44999999999999574 ) ) ;
#452 = CARTESIAN_POINT ( 'NONE',  ( 38.79999999999999716, -7.700000000000000178, 16.49999999999999645 ) ) ;
#453 = CARTESIAN_POINT ( 'NONE',  ( 44.58320950055387755, -5.888909383129509401, 7.236525805224633068 ) ) ;
#454 = B_SPLINE_CURVE_WITH_KNOTS ( 'NONE', 3,
 ( #337, #1294, #1600, #1638, #415, #2097, #2849, #524, #1710, #2920, #1475, #756, #291, #1490, #2419, #2183, #1727, #946 ),
 .UNSPECIFIED., .F., .F.,
 ( 4, 2, 2, 2, 2, 2, 2, 2, 4 ),
 ( 0.000000000000000000, 0.0005872191021489959030, 0.001174438204297991806, 0.001761657306446987601, 0.002348876408595982745, 0.002936095510744977238, 0.003523314612893970865, 0.004110533715042964491, 0.004697752817191958551 ),
 .UNSPECIFIED. ) ;
#455 = VERTEX_POINT ( 'NONE', #1142 ) ;
#456 = CARTESIAN_POINT ( 'NONE',  ( 44.21279720362608145, -5.926494807845175572, 7.870316206662045566 ) ) ;
#457 = VECTOR ( 'NONE', #2217, 1000.000000000000000 ) ;
#458 = LINE ( 'NONE', #918, #742 ) ;
#459 = CARTESIAN_POINT ( 'NONE',  ( 44.10035159897991264, -5.854426625672465079, 8.026250843141610858 ) ) ;
#460 = ORIENTED_EDGE ( 'NONE', *, *, #2898, .F. ) ;
#461 = CARTESIAN_POINT ( 'NONE',  ( 44.58268984279051494, -6.026803112079823777, 7.653278139583210127 ) ) ;
#462 = AXIS2_PLACEMENT_3D ( 'NONE', #1222, #2924, #1952 ) ;
#463 = DIRECTION ( 'NONE',  ( 1.000000000000000000, 0.000000000000000000, 0.000000000000000000 ) ) ;
#464 = EDGE_CURVE ( 'NONE', #803, #2838, #2124, .T. ) ;
#465 = DIRECTION ( 'NONE',  ( -1.000000000000000000, -4.466367900901383652E-14, -1.642867582468357854E-14 ) ) ;
#466 = ORIENTED_EDGE ( 'NONE', *, *, #2181, .T. ) ;
#467 = CARTESIAN_POINT ( 'NONE',  ( 44.51569336161003321, -5.593082235122427193, 7.876638526141674035 ) ) ;
#468 = AXIS2_PLACEMENT_3D ( 'NONE', #1328, #2997, #2275 ) ;
#469 = EDGE_CURVE ( 'NONE', #586, #1847, #2136, .T. ) ;
#470 = CARTESIAN_POINT ( 'NONE',  ( 52.69998339817737332, -4.821166979848396927, 2.250143506552289452 ) ) ;
#471 = CARTESIAN_POINT ( 'NONE',  ( 38.79999999999999716, -11.00000000000000178, 14.94999999999999751 ) ) ;
#472 = DIRECTION ( 'NONE',  ( -1.000000000000000000, -0.000000000000000000, -0.000000000000000000 ) ) ;
#473 = CARTESIAN_POINT ( 'NONE',  ( 44.39925166843969606, -5.996251671344049683, 7.711368906157885839 ) ) ;
#474 = ADVANCED_FACE ( 'NONE', ( #1388 ), #701, .F. ) ;
#475 = ORIENTED_EDGE ( 'NONE', *, *, #2625, .F. ) ;
#476 = CARTESIAN_POINT ( 'NONE',  ( 53.00000000000000000, -11.00000000000000178, 11.99999999999999822 ) ) ;
#477 = CARTESIAN_POINT ( 'NONE',  ( 53.00000000000000000, -7.699999999999999289, 17.94999999999999574 ) ) ;
#478 = CARTESIAN_POINT ( 'NONE',  ( 44.05042862486722299, -5.740162793188413382, 8.273484624317411829 ) ) ;
#479 = ORIENTED_EDGE ( 'NONE', *, *, #1983, .T. ) ;
#480 = CARTESIAN_POINT ( 'NONE',  ( 52.43983225796871039, -2.609691557170399800, 4.554604417762942781 ) ) ;
#481 = CARTESIAN_POINT ( 'NONE',  ( 44.32560040032825555, -5.493833558199164635, 8.150974345482046246 ) ) ;
#482 = ORIENTED_EDGE ( 'NONE', *, *, #1531, .T. ) ;
#483 = CYLINDRICAL_SURFACE ( 'NONE', #2123, 0.5000000000000004441 ) ;
#484 = CARTESIAN_POINT ( 'NONE',  ( 50.66040471173360515, -4.283649811766885307, 1.127397994867892939 ) ) ;
#485 = DIRECTION ( 'NONE',  ( 0.000000000000000000, 0.9659258262890686453, 0.2588190451025191297 ) ) ;
#486 = CARTESIAN_POINT ( 'NONE',  ( 44.35029582335669573, -5.474960334762779546, 8.132191443398793851 ) ) ;
#487 = CARTESIAN_POINT ( 'NONE',  ( 44.58442353904569444, -6.025528624764497465, 7.648022073322206182 ) ) ;
#488 = ORIENTED_EDGE ( 'NONE', *, *, #2929, .T. ) ;
#489 = CARTESIAN_POINT ( 'NONE',  ( 52.44674064232528821, -2.766147911837228079, 5.852492734255188012 ) ) ;
#490 = LINE ( 'NONE', #1452, #2512 ) ;
#491 = APPROVAL_ROLE ( '' ) ;
#492 = ORIENTED_EDGE ( 'NONE', *, *, #1182, .T. ) ;
#493 = DIRECTION ( 'NONE',  ( 1.000000000000000000, 0.000000000000000000, 0.000000000000000000 ) ) ;
#494 = APPROVAL ( #2226, 'Deckungsgleich' ) ;
#495 = LOCAL_TIME ( 19, 36, 22.00000000000000000, #1958 ) ;
#496 = DIRECTION ( 'NONE',  ( -1.000000000000000000, -0.000000000000000000, -0.000000000000000000 ) ) ;
#497 = ORIENTED_EDGE ( 'NONE', *, *, #17, .F. ) ;
#498 = CARTESIAN_POINT ( 'NONE',  ( 40.00000000000000000, -4.229048003413095280, 1.085722750660315983 ) ) ;
#499 = AXIS2_PLACEMENT_3D ( 'NONE', #1585, #1836, #1310 ) ;
#500 = CARTESIAN_POINT ( 'NONE',  ( 50.39760635032053671, -3.821751159935838693, 0.7717627819794821153 ) ) ;
#501 = VECTOR ( 'NONE', #293, 1000.000000000000000 ) ;
#502 = CARTESIAN_POINT ( 'NONE',  ( 44.35045795356936082, -5.473096250296372034, 8.136224781341683254 ) ) ;
#503 = CARTESIAN_POINT ( 'NONE',  ( 44.42988756616909996, -6.002857722104414151, 7.705089016016328785 ) ) ;
#504 = EDGE_CURVE ( 'NONE', #1500, #1785, #2350, .T. ) ;
#505 = ORIENTED_EDGE ( 'NONE', *, *, #2859, .T. ) ;
#506 = FACE_OUTER_BOUND ( 'NONE', #2446, .T. ) ;
#507 = ORIENTED_EDGE ( 'NONE', *, *, #1365, .F. ) ;
#508 = AXIS2_PLACEMENT_3D ( 'NONE', #764, #999, #1989 ) ;
#509 = CARTESIAN_POINT ( 'NONE',  ( 44.52372098840541526, -5.594648921562299648, 7.873220067813470280 ) ) ;
#510 = FACE_OUTER_BOUND ( 'NONE', #2785, .T. ) ;
#511 = ORIENTED_EDGE ( 'NONE', *, *, #2576, .T. ) ;
#512 = LINE ( 'NONE', #993, #359 ) ;
#513 = CARTESIAN_POINT ( 'NONE',  ( 45.00872774989343128, -5.304794078091020992, 7.929971677888938864 ) ) ;
#514 = CARTESIAN_POINT ( 'NONE',  ( 44.48803034500566866, -5.360734796451802175, 8.379342367094613664 ) ) ;
#515 = CARTESIAN_POINT ( 'NONE',  ( 44.14137579504760822, -5.918597724863387199, 7.887403202989157869 ) ) ;
#516 = EDGE_LOOP ( 'NONE', ( #1945, #939, #1607, #2813 ) ) ;
#517 = CARTESIAN_POINT ( 'NONE',  ( 49.20000000000000284, -3.022937153949438294, 3.946474528454205988 ) ) ;
#518 = CARTESIAN_POINT ( 'NONE',  ( 38.49505163007980002, -3.833625115301193098, 1.431220193987990497 ) ) ;
#519 = CARTESIAN_POINT ( 'NONE',  ( 44.05146932128040760, -5.731367619459696527, 8.292514828450299191 ) ) ;
#520 = SECURITY_CLASSIFICATION_LEVEL ( 'unclassified' ) ;
#521 = EDGE_LOOP ( 'NONE', ( #288, #2464, #573, #2399 ) ) ;
#522 = EDGE_CURVE ( 'NONE', #2567, #618, #1591, .T. ) ;
#523 = DIRECTION ( 'NONE',  ( 1.000000000000000000, 0.000000000000000000, 0.000000000000000000 ) ) ;
#524 = CARTESIAN_POINT ( 'NONE',  ( 52.39037761325575815, -4.439275835644061807, 1.923434518716374386 ) ) ;
#525 = ORIENTED_EDGE ( 'NONE', *, *, #3091, .F. ) ;
#526 = CARTESIAN_POINT ( 'NONE',  ( 37.50000000000000000, -6.299407551880849887, 16.87528761539864774 ) ) ;
#527 = CARTESIAN_POINT ( 'NONE',  ( 44.42186697239500859, -5.082857744583695769, 8.980616287977319701 ) ) ;
#528 = ADVANCED_FACE ( 'NONE', ( #1877 ), #913, .F. ) ;
#529 = FACE_BOUND ( 'NONE', #133, .T. ) ;
#530 = CARTESIAN_POINT ( 'NONE',  ( 51.19999999999999574, -7.700000000000000178, 17.94999999999999574 ) ) ;
#531 = CARTESIAN_POINT ( 'NONE',  ( 37.55320220152031396, -2.766959356100074263, 5.854556624016279187 ) ) ;
#532 = EDGE_CURVE ( 'NONE', #2417, #1885, #2390, .T. ) ;
#533 = CARTESIAN_POINT ( 'NONE',  ( 43.72277662093830486, -5.457339949113085176, 8.170316845595076316 ) ) ;
#534 = ORIENTED_EDGE ( 'NONE', *, *, #2019, .F. ) ;
#535 = CARTESIAN_POINT ( 'NONE',  ( 40.79999999999999005, 0.000000000000000000, 0.000000000000000000 ) ) ;
#536 = CARTESIAN_POINT ( 'NONE',  ( 44.02499752274269440, -5.781543139278831234, 8.183949561401746564 ) ) ;
#537 = CARTESIAN_POINT ( 'NONE',  ( 44.43350296511950859, -5.380926473932595933, 8.335682038834946184 ) ) ;
#538 =( LENGTH_UNIT ( ) NAMED_UNIT ( * ) SI_UNIT ( .MILLI., .METRE. ) );
#539 = EDGE_LOOP ( 'NONE', ( #2333, #86, #2031, #1617 ) ) ;
#540 = DIRECTION ( 'NONE',  ( 0.000000000000000000, 0.000000000000000000, -1.000000000000000000 ) ) ;
#541 = AXIS2_PLACEMENT_3D ( 'NONE', #820, #122, #1261 ) ;
#542 = CARTESIAN_POINT ( 'NONE',  ( 44.03636172880842281, -5.164051243535507929, 8.804908510164240809 ) ) ;
#543 = VERTEX_POINT ( 'NONE', #1 ) ;
#544 = CARTESIAN_POINT ( 'NONE',  ( 45.57624911741505258, -5.455861103682348556, 8.888630993588092721 ) ) ;
#545 = AXIS2_PLACEMENT_3D ( 'NONE', #1337, #2298, #143 ) ;
#546 = CARTESIAN_POINT ( 'NONE',  ( 38.79999999999999716, -5.742627683396033689, 14.79735685758177688 ) ) ;
#547 = CARTESIAN_POINT ( 'NONE',  ( 44.79837102329467768, -5.324105087311875373, 8.458598429990102474 ) ) ;
#548 = CARTESIAN_POINT ( 'NONE',  ( 44.14962226697594616, -5.923021552247446309, 7.877831324052028350 ) ) ;
#549 = CARTESIAN_POINT ( 'NONE',  ( 39.56322766608105468, -1.969671793544324867, 3.319471917686849682 ) ) ;
#550 = CARTESIAN_POINT ( 'NONE',  ( 45.06154450036741110, -5.451520591742470501, 8.890008915039761206 ) ) ;
#551 = ORIENTED_EDGE ( 'NONE', *, *, #1060, .F. ) ;
#552 = CARTESIAN_POINT ( 'NONE',  ( 53.00000000000000000, -2.374100237071630204, 3.613474696697684063 ) ) ;
#553 = CARTESIAN_POINT ( 'NONE',  ( 53.00000000000000000, -8.000000000000000000, 17.94999999999999574 ) ) ;
#554 = CARTESIAN_POINT ( 'NONE',  ( 44.05080788542050385, -5.738972716325009493, 8.276059605363998983 ) ) ;
#555 = AXIS2_PLACEMENT_3D ( 'NONE', #270, #1701, #767 ) ;
#556 = DATE_AND_TIME ( #2179, #713 ) ;
#557 = ORIENTED_EDGE ( 'NONE', *, *, #2809, .F. ) ;
#558 = DIRECTION ( 'NONE',  ( 1.000000000000000000, 0.000000000000000000, 0.000000000000000000 ) ) ;
#559 = CARTESIAN_POINT ( 'NONE',  ( 43.99085233070718459, -5.181872343497332167, 8.766348820431483446 ) ) ;
#560 = ORIENTED_EDGE ( 'NONE', *, *, #3030, .T. ) ;
#561 = CIRCLE ( 'NONE', #2027, 0.4999999999999998335 ) ;
#562 = CARTESIAN_POINT ( 'NONE',  ( 44.48279012086421602, -5.077443918872187822, 8.992330236058524662 ) ) ;
#563 = CARTESIAN_POINT ( 'NONE',  ( 44.61987065822000886, -5.476725333494459669, 8.835473166750663410 ) ) ;
#564 = CARTESIAN_POINT ( 'NONE',  ( 38.01259733177297306, -4.104910128234008582, 1.647883473949326882 ) ) ;
#565 = CARTESIAN_POINT ( 'NONE',  ( 37.11752880372345942, -2.736682749153361627, 5.778379329008387799 ) ) ;
#566 = VERTEX_POINT ( 'NONE', #440 ) ;
#567 = DIRECTION ( 'NONE',  ( -1.000000000000000000, -0.000000000000000000, -0.000000000000000000 ) ) ;
#568 = DIRECTION ( 'NONE',  ( -1.000000000000000000, -4.466367900901383652E-14, -1.642867582468357854E-14 ) ) ;
#569 = CARTESIAN_POINT ( 'NONE',  ( 44.35193659302272096, -5.455976401873045667, 8.173295769633957875 ) ) ;
#570 = ADVANCED_FACE ( 'NONE', ( #1925 ), #1401, .T. ) ;
#571 = EDGE_CURVE ( 'NONE', #2600, #3099, #1282, .T. ) ;
#572 = EDGE_CURVE ( 'NONE', #1450, #943, #1336, .T. ) ;
#573 = ORIENTED_EDGE ( 'NONE', *, *, #789, .T. ) ;
#574 = CARTESIAN_POINT ( 'NONE',  ( 44.44890890486338009, -5.574922421760961200, 7.915902489969504963 ) ) ;
#575 = CARTESIAN_POINT ( 'NONE',  ( 43.85174313728214912, -5.257647467829550614, 8.602393436645822788 ) ) ;
#576 = ORIENTED_EDGE ( 'NONE', *, *, #464, .F. ) ;
#577 = LINE ( 'NONE', #513, #1523 ) ;
#578 = CARTESIAN_POINT ( 'NONE',  ( 45.03777656136804808, -5.466037599699491878, 8.858598321761586902 ) ) ;
#579 = DIRECTION ( 'NONE',  ( 0.000000000000000000, 0.000000000000000000, -1.000000000000000000 ) ) ;
#580 = CARTESIAN_POINT ( 'NONE',  ( 37.54077441477679145, -2.623709989842426982, 4.582142570208946886 ) ) ;
#581 = ORIENTED_EDGE ( 'NONE', *, *, #2901, .F. ) ;
#582 = CARTESIAN_POINT ( 'NONE',  ( 51.12509224792243145, -4.440889077289263298, 1.251363865463755998 ) ) ;
#583 = CARTESIAN_POINT ( 'NONE',  ( 44.45848551678999172, -5.897505116839213635, 7.363779809430947232 ) ) ;
#584 = CARTESIAN_POINT ( 'NONE',  ( 44.85270345680959991, -5.322581244230984332, 8.461924187720779145 ) ) ;
#585 = AXIS2_PLACEMENT_3D ( 'NONE', #2998, #1132, #599 ) ;
#586 = VERTEX_POINT ( 'NONE', #1435 ) ;
#587 = UNCERTAINTY_MEASURE_WITH_UNIT (LENGTH_MEASURE( 1.000000000000000082E-05 ), #538, 'distance_accuracy_value', 'NONE');
#588 = CARTESIAN_POINT ( 'NONE',  ( 44.07145652805884595, -5.808001134624397821, 8.118688448919360923 ) ) ;
#589 = CARTESIAN_POINT ( 'NONE',  ( 53.00000000000000000, -6.299407551880849887, 16.87528761539864774 ) ) ;
#590 = ORIENTED_EDGE ( 'NONE', *, *, #2739, .T. ) ;
#591 = CARTESIAN_POINT ( 'NONE',  ( 43.85857740386718007, -5.696085046884292069, 7.653770326553533287 ) ) ;
#592 = CARTESIAN_POINT ( 'NONE',  ( 45.03191504756271968, -5.467697660610576271, 8.863020118634436173 ) ) ;
#593 = FACE_OUTER_BOUND ( 'NONE', #2937, .T. ) ;
#594 = CARTESIAN_POINT ( 'NONE',  ( 38.80856948004596774, -2.050221213758642413, 4.125483486665068256 ) ) ;
#595 = CARTESIAN_POINT ( 'NONE',  ( 44.08549813129765482, -5.614007638184285831, 8.546447777300425486 ) ) ;
#596 = ORIENTED_EDGE ( 'NONE', *, *, #2020, .T. ) ;
#597 = CARTESIAN_POINT ( 'NONE',  ( 45.00292564336400147, -5.723049508350923631, 7.776124457325971129 ) ) ;
#598 = CARTESIAN_POINT ( 'NONE',  ( 36.99799999999999756, -7.700000000000000178, 16.49999999999999645 ) ) ;
#599 = DIRECTION ( 'NONE',  ( 1.000000000000000000, 0.000000000000000000, 0.000000000000000000 ) ) ;
#600 = EDGE_CURVE ( 'NONE', #1297, #8, #1417, .T. ) ;
#601 = VECTOR ( 'NONE', #735, 1000.000000000000000 ) ;
#602 = CARTESIAN_POINT ( 'NONE',  ( 44.99997394510291571, -6.020605185364065193, 7.666688654740666742 ) ) ;
#603 = CARTESIAN_POINT ( 'NONE',  ( 45.06154766406336165, -5.455982859937909879, 8.888367548373190985 ) ) ;
#604 = CARTESIAN_POINT ( 'NONE',  ( 44.06369140728657641, -5.791614068162076023, 8.154145306227411183 ) ) ;
#605 = CARTESIAN_POINT ( 'NONE',  ( 44.81241163293726260, -5.061389806316799245, 9.027038074285714586 ) ) ;
#606 = ORIENTED_EDGE ( 'NONE', *, *, #1791, .T. ) ;
#607 = CIRCLE ( 'NONE', #2517, 79.25090985159471302 ) ;
#608 = DIRECTION ( 'NONE',  ( 0.000000000000000000, 0.000000000000000000, -1.000000000000000000 ) ) ;
#609 = CARTESIAN_POINT ( 'NONE',  ( 44.05032330466731594, -5.744544357942008794, 8.264004189452759164 ) ) ;
#610 = CARTESIAN_POINT ( 'NONE',  ( 37.00000000000000000, 70.80787289916612792, 35.30900166887731473 ) ) ;
#611 = CYLINDRICAL_SURFACE ( 'NONE', #3029, 6.299999999999999822 ) ;
#612 = CARTESIAN_POINT ( 'NONE',  ( 44.15879760917907504, -5.564743974640526503, 8.653040051930981136 ) ) ;
#613 = ORIENTED_EDGE ( 'NONE', *, *, #1857, .T. ) ;
#614 = CARTESIAN_POINT ( 'NONE',  ( 51.27165498599354265, -4.505179079281692367, 1.302511759804633407 ) ) ;
#615 = CARTESIAN_POINT ( 'NONE',  ( 52.50000000000000000, -7.699999999999999289, 16.49999999999999645 ) ) ;
#616 = CARTESIAN_POINT ( 'NONE',  ( 38.79999999999999716, -8.000000000000000000, 14.94999999999999751 ) ) ;
#617 = CIRCLE ( 'NONE', #462, 0.5000000000000004441 ) ;
#618 = VERTEX_POINT ( 'NONE', #1170 ) ;
#619 = CIRCLE ( 'NONE', #2529, 6.299999999999999822 ) ;
#620 = DIRECTION ( 'NONE',  ( 0.000000000000000000, 0.000000000000000000, 1.000000000000000000 ) ) ;
#621 = CARTESIAN_POINT ( 'NONE',  ( 44.06900187201952690, -5.803148528004558493, 8.129188081717456882 ) ) ;
#622 = VERTEX_POINT ( 'NONE', #3055 ) ;
#623 = DIRECTION ( 'NONE',  ( -1.000000000000000000, 0.000000000000000000, 0.000000000000000000 ) ) ;
#624 = CARTESIAN_POINT ( 'NONE',  ( 44.31331856253007118, -5.529220852801261188, 8.721888093934040853 ) ) ;
#625 = CARTESIAN_POINT ( 'NONE',  ( 51.19999999999999574, -10.77152529166341033, 10.99947889898856523 ) ) ;
#626 = CARTESIAN_POINT ( 'NONE',  ( 51.60149878915591870, -2.205327326878851579, 3.769370175516693955 ) ) ;
#627 = VECTOR ( 'NONE', #2394, 1000.000000000000000 ) ;
#628 = CARTESIAN_POINT ( 'NONE',  ( 44.02494001829680315, -5.715207219109614378, 8.327481246057059749 ) ) ;
#629 = ORIENTED_EDGE ( 'NONE', *, *, #2364, .F. ) ;
#630 = CARTESIAN_POINT ( 'NONE',  ( 45.00222031036255999, -5.889315927681909812, 7.714966550849691629 ) ) ;
#631 = EDGE_CURVE ( 'NONE', #2743, #1760, #2142, .T. ) ;
#632 = CARTESIAN_POINT ( 'NONE',  ( 43.77293821826665265, -5.520490363764296582, 8.154149966287604911 ) ) ;
#633 = ADVANCED_FACE ( 'NONE', ( #1698, #529 ), #2894, .F. ) ;
#634 = CARTESIAN_POINT ( 'NONE',  ( 44.54208018602856356, -6.002060635913156084, 7.706813679267452422 ) ) ;
#635 = PLANE ( 'NONE',  #2369 ) ;
#636 = CARTESIAN_POINT ( 'NONE',  ( 44.40131215680428056, -5.977340296973878253, 7.752287633379968845 ) ) ;
#637 = ORIENTED_EDGE ( 'NONE', *, *, #2763, .T. ) ;
#638 = B_SPLINE_CURVE_WITH_KNOTS ( 'NONE', 3,
 ( #945, #2887, #1916, #2631, #260, #3077, #908, #1872, #2589, #2844, #480, #676, #1443, #2954, #1946, #2698 ),
 .UNSPECIFIED., .F., .F.,
 ( 4, 2, 2, 2, 2, 2, 2, 4 ),
 ( 6.133173666733496745E-19, 0.0006237855592428605354, 0.001247571118485720420, 0.001871356677728580305, 0.002495142236971440407, 0.003118927796214300725, 0.003742713355457161477, 0.004990284473942888620 ),
 .UNSPECIFIED. ) ;
#639 = DIRECTION ( 'NONE',  ( 0.000000000000000000, -0.000000000000000000, -1.000000000000000000 ) ) ;
#640 = CARTESIAN_POINT ( 'NONE',  ( 44.35231730548624540, -5.489814294483033486, 8.100080387695559381 ) ) ;
#641 = CARTESIAN_POINT ( 'NONE',  ( 39.29677871539112033, -1.958589809739233800, 3.912338160724203373 ) ) ;
#642 = CARTESIAN_POINT ( 'NONE',  ( 52.65676441551174491, -2.521841100340408648, 5.250482534938083923 ) ) ;
#643 = CARTESIAN_POINT ( 'NONE',  ( 44.60600774022906023, -5.468560305123439491, 8.861153606194962506 ) ) ;
#644 = EDGE_LOOP ( 'NONE', ( #1395, #327, #2523, #276, #1834, #1826, #158, #1072, #2918, #1148 ) ) ;
#645 = CARTESIAN_POINT ( 'NONE',  ( 52.18103614155575798, -5.234321282054422042, 1.918791726957090216 ) ) ;
#646 = CARTESIAN_POINT ( 'NONE',  ( 43.74619660263289234, -5.579436440985092283, 7.906135462058462515 ) ) ;
#647 = VERTEX_POINT ( 'NONE', #779 ) ;
#648 = FACE_OUTER_BOUND ( 'NONE', #2751, .T. ) ;
#649 = CARTESIAN_POINT ( 'NONE',  ( 44.35593012580157080, -5.500842076438390293, 8.076190863698485600 ) ) ;
#650 = EDGE_LOOP ( 'NONE', ( #1862, #2041, #1178, #396 ) ) ;
#651 = CARTESIAN_POINT ( 'NONE',  ( 49.19999999999998863, -7.327375320527476532, 4.124131474258704522 ) ) ;
#652 = LINE ( 'NONE', #1127, #2675 ) ;
#653 = CARTESIAN_POINT ( 'NONE',  ( 50.20404840864036089, -1.801862274168515965, 3.550309685850383534 ) ) ;
#654 = CARTESIAN_POINT ( 'NONE',  ( 44.34423877059604280, -5.499242331675635143, 8.794766602768468999 ) ) ;
#655 = CARTESIAN_POINT ( 'NONE',  ( 37.50000000000000000, -10.50000000000000000, 11.99999999999999822 ) ) ;
#656 = EDGE_CURVE ( 'NONE', #225, #2567, #69, .T. ) ;
#657 = CARTESIAN_POINT ( 'NONE',  ( 44.32603527430806167, -5.848608042603569146, 7.323726213160532517 ) ) ;
#658 = VECTOR ( 'NONE', #2737, 1000.000000000000000 ) ;
#659 = CARTESIAN_POINT ( 'NONE',  ( 44.29740186870252927, -5.957265260903922055, 7.803737873931348545 ) ) ;
#660 = CYLINDRICAL_SURFACE ( 'NONE', #60, 0.5000000000000004441 ) ;
#661 = EDGE_CURVE ( 'NONE', #2297, #856, #617, .T. ) ;
#662 = ADVANCED_FACE ( 'NONE', ( #266 ), #1320, .T. ) ;
#663 = CARTESIAN_POINT ( 'NONE',  ( 44.59434234155553156, -6.006934187592735341, 7.696268727438326351 ) ) ;
#664 = EDGE_CURVE ( 'NONE', #1442, #2457, #2653, .T. ) ;
#665 = ORIENTED_EDGE ( 'NONE', *, *, #1220, .F. ) ;
#666 = CARTESIAN_POINT ( 'NONE',  ( 44.46977515453953345, -5.581833188374354826, 7.900978199524653078 ) ) ;
#667 = CARTESIAN_POINT ( 'NONE',  ( 52.96842099107993818, -2.881951621437245148, 6.142717932999198993 ) ) ;
#668 = DIRECTION ( 'NONE',  ( 1.000000000000000000, -0.000000000000000000, -0.000000000000000000 ) ) ;
#669 = CARTESIAN_POINT ( 'NONE',  ( 44.18961235557484457, -5.821951271558877927, 7.381403731549368352 ) ) ;
#670 = EDGE_LOOP ( 'NONE', ( #3010, #1907, #2307, #2897, #406, #2248, #665, #1977, #1206, #1057 ) ) ;
#671 = CARTESIAN_POINT ( 'NONE',  ( 44.31261455948784089, -5.961538842190048371, 7.794491083957995947 ) ) ;
#672 = DIRECTION ( 'NONE',  ( -1.616134804884829677E-15, -0.3633869908075293975, 0.9316382854476562558 ) ) ;
#673 = CARTESIAN_POINT ( 'NONE',  ( 44.39992487758019735, -5.981677400656687738, 7.750917086405428869 ) ) ;
#674 = ORIENTED_EDGE ( 'NONE', *, *, #2312, .F. ) ;
#675 = CARTESIAN_POINT ( 'NONE',  ( 44.05374011289170966, -5.846295636149634767, 8.043843945355927616 ) ) ;
#676 = CARTESIAN_POINT ( 'NONE',  ( 52.64287100584995471, -2.774114370181810063, 4.878871078526215044 ) ) ;
#677 = CARTESIAN_POINT ( 'NONE',  ( 38.79999999999999716, -10.77152529166341033, 10.99947889898856523 ) ) ;
#678 = CARTESIAN_POINT ( 'NONE',  ( 44.38824567265865539, -5.543175168287162613, 7.984622938819227578 ) ) ;
#679 = APPROVAL ( #808, 'Deckungsgleich' ) ;
#680 = CARTESIAN_POINT ( 'NONE',  ( 53.00553603496461363, -6.016148843449988348, 2.657384626755113555 ) ) ;
#681 = DIRECTION ( 'NONE',  ( 1.000000000000000000, 0.000000000000000000, 0.000000000000000000 ) ) ;
#682 = DIRECTION ( 'NONE',  ( 0.000000000000000000, 0.000000000000000000, -1.000000000000000000 ) ) ;
#683 = CARTESIAN_POINT ( 'NONE',  ( 44.05598709886334063, -5.851077251159148673, 8.025484230771509075 ) ) ;
#684 = VECTOR ( 'NONE', #2133, 1000.000000000000000 ) ;
#685 = ORIENTED_EDGE ( 'NONE', *, *, #2477, .T. ) ;
#686 = CARTESIAN_POINT ( 'NONE',  ( 52.21168552219907610, -2.512437575236039500, 5.228055313245308255 ) ) ;
#687 = CARTESIAN_POINT ( 'NONE',  ( 44.02284457612174862, -5.731700446560424211, 8.291794687167424627 ) ) ;
#688 = ADVANCED_FACE ( 'NONE', ( #1987 ), #2608, .T. ) ;
#689 = AXIS2_PLACEMENT_3D ( 'NONE', #239, #1195, #7 ) ;
#690 = CARTESIAN_POINT ( 'NONE',  ( 44.09321434211862112, -5.847090252123787302, 8.042124626937647847 ) ) ;
#691 = EDGE_CURVE ( 'NONE', #1292, #1082, #652, .T. ) ;
#692 = ORIENTED_EDGE ( 'NONE', *, *, #1552, .T. ) ;
#693 = CARTESIAN_POINT ( 'NONE',  ( 44.40061167462111058, -5.998012161545902110, 7.715573403180500556 ) ) ;
#694 = CARTESIAN_POINT ( 'NONE',  ( 52.50000000000000000, -5.800234598409097941, 3.152165510693858419 ) ) ;
#695 = VERTEX_POINT ( 'NONE', #2105 ) ;
#696 = CARTESIAN_POINT ( 'NONE',  ( 45.24804398920966975, -5.885982671406121192, 7.242886963674578737 ) ) ;
#697 = EDGE_CURVE ( 'NONE', #543, #92, #1623, .T. ) ;
#698 = AXIS2_PLACEMENT_3D ( 'NONE', #2660, #2427, #2967 ) ;
#699 = CARTESIAN_POINT ( 'NONE',  ( 44.81241232111545258, -5.061405725734443806, 9.027032232713720461 ) ) ;
#700 = DIRECTION ( 'NONE',  ( -1.000000000000000000, -0.000000000000000000, -0.000000000000000000 ) ) ;
#701 = PLANE ( 'NONE',  #1994 ) ;
#702 = CARTESIAN_POINT ( 'NONE',  ( 44.27924931795858754, -5.840911963990137679, 7.340378294352067456 ) ) ;
#703 = CARTESIAN_POINT ( 'NONE',  ( 51.60457315503621345, -2.177387260125601021, 4.424188308714950502 ) ) ;
#704 = CIRCLE ( 'NONE', #444, 0.5000000000000004441 ) ;
#705 = CARTESIAN_POINT ( 'NONE',  ( 44.12495048823357280, -5.584163101923437900, 8.611022694720373849 ) ) ;
#706 = CARTESIAN_POINT ( 'NONE',  ( 44.15232825550193496, -5.895193482963689391, 7.938043191992045777 ) ) ;
#707 = ORIENTED_EDGE ( 'NONE', *, *, #2574, .F. ) ;
#708 = CARTESIAN_POINT ( 'NONE',  ( 39.22217547744637756, -3.595587568618964447, 1.246103289709762141 ) ) ;
#709 = DIRECTION ( 'NONE',  ( -0.4512830391435769251, -0.3743806395915659779, -0.8100510818956707659 ) ) ;
#710 = CARTESIAN_POINT ( 'NONE',  ( 49.19999999999998863, -2.562100492478867508, 3.058989558753502092 ) ) ;
#711 = VERTEX_POINT ( 'NONE', #696 ) ;
#712 = FACE_OUTER_BOUND ( 'NONE', #2180, .T. ) ;
#713 = LOCAL_TIME ( 19, 36, 22.00000000000000000, #2917 ) ;
#714 = CARTESIAN_POINT ( 'NONE',  ( 45.00166332320347351, -6.020613166838971075, 7.666671385143525974 ) ) ;
#715 = DIRECTION ( 'NONE',  ( 0.6721255316815906156, -0.7404372152058127377, 0.000000000000000000 ) ) ;
#716 = CARTESIAN_POINT ( 'NONE',  ( 44.05368302833259264, -5.741544245042884853, 8.262481876281563942 ) ) ;
#717 = CARTESIAN_POINT ( 'NONE',  ( 44.03560500056821070, -5.820874882439808218, 8.090833393814680363 ) ) ;
#718 = ORIENTED_EDGE ( 'NONE', *, *, #748, .T. ) ;
#719 = EDGE_CURVE ( 'NONE', #647, #2757, #2227, .T. ) ;
#720 = CARTESIAN_POINT ( 'NONE',  ( 44.07917007196230230, -6.672498405457705672, 6.256180865673890423 ) ) ;
#721 = CARTESIAN_POINT ( 'NONE',  ( 44.17737262308030211, -5.555216004963049237, 8.673655813879719290 ) ) ;
#722 = CARTESIAN_POINT ( 'NONE',  ( 44.54208018602844277, -6.002060635913807118, 7.706813679267225048 ) ) ;
#723 = ORIENTED_EDGE ( 'NONE', *, *, #1522, .T. ) ;
#724 = CARTESIAN_POINT ( 'NONE',  ( 45.87624911741480105, -5.057679645439362659, 9.035094389394641823 ) ) ;
#725 = CARTESIAN_POINT ( 'NONE',  ( 40.00000000000000000, -3.923792862650093305, 1.481726916090125412 ) ) ;
#726 = ORIENTED_EDGE ( 'NONE', *, *, #2999, .T. ) ;
#727 = DIRECTION ( 'NONE',  ( 0.000000000000000000, 0.7160043673136687881, 0.6980958000072432501 ) ) ;
#728 = ADVANCED_FACE ( 'NONE', ( #423 ), #2377, .T. ) ;
#729 = CARTESIAN_POINT ( 'NONE',  ( 50.32982825726229947, -4.229048008285301030, 1.085722754415996194 ) ) ;
#730 = CARTESIAN_POINT ( 'NONE',  ( 40.79999999999999005, -4.426796369319325741, 10.40014275548655576 ) ) ;
#731 = DIRECTION ( 'NONE',  ( 0.000000000000000000, -0.9077414234166548690, 0.4195301040610856513 ) ) ;
#732 = CARTESIAN_POINT ( 'NONE',  ( 37.27837728441033960, -5.163325516068257848, 1.853363210310246201 ) ) ;
#733 = ORIENTED_EDGE ( 'NONE', *, *, #2104, .F. ) ;
#734 = DIRECTION ( 'NONE',  ( 0.000000000000000000, -0.4195301040610861509, -0.9077414234166546469 ) ) ;
#735 = DIRECTION ( 'NONE',  ( 0.000000000000000000, 0.000000000000000000, -1.000000000000000000 ) ) ;
#736 = PERSON_AND_ORGANIZATION_ROLE ( 'creator' ) ;
#737 = ORIENTED_EDGE ( 'NONE', *, *, #897, .F. ) ;
#738 = CARTESIAN_POINT ( 'NONE',  ( 44.40180282976206172, -5.552765537475496060, 7.963843559001442252 ) ) ;
#739 = CARTESIAN_POINT ( 'NONE',  ( 52.50000000000000000, 6.935460182787541505, 15.56931747623857554 ) ) ;
#740 = VERTEX_POINT ( 'NONE', #2618 ) ;
#741 = CARTESIAN_POINT ( 'NONE',  ( 40.80000000000000426, -0.7741547338191404615, 5.114180369394866865 ) ) ;
#742 = VECTOR ( 'NONE', #195, 999.9999999999998863 ) ;
#743 = CARTESIAN_POINT ( 'NONE',  ( 52.48416522386129657, -5.920773084503363926, 2.562965414431684241 ) ) ;
#744 = CARTESIAN_POINT ( 'NONE',  ( 44.61893092812481143, -5.334921800461762231, 8.435194201077084841 ) ) ;
#745 = CARTESIAN_POINT ( 'NONE',  ( 37.05990635754048412, -5.579842651622766603, 2.229851360246291492 ) ) ;
#746 = CARTESIAN_POINT ( 'NONE',  ( 44.02398041968444886, -5.720151732913463682, 8.316782752778664189 ) ) ;
#747 = VERTEX_POINT ( 'NONE', #2862 ) ;
#748 = EDGE_CURVE ( 'NONE', #1082, #2546, #1707, .T. ) ;
#749 = CARTESIAN_POINT ( 'NONE',  ( 37.50000000000000000, -11.00000000000000178, 12.00000000000000000 ) ) ;
#750 = CARTESIAN_POINT ( 'NONE',  ( 49.99999999999999289, -3.519364420207029553, 1.187724135587836960 ) ) ;
#751 = CIRCLE ( 'NONE', #2659, 0.4999999999999997224 ) ;
#752 = DIRECTION ( 'NONE',  ( 1.000000000000000000, 0.000000000000000000, 0.000000000000000000 ) ) ;
#753 = ORIENTED_EDGE ( 'NONE', *, *, #2498, .F. ) ;
#754 = EDGE_CURVE ( 'NONE', #3043, #2365, #2620, .T. ) ;
#755 = DIRECTION ( 'NONE',  ( 0.000000000000000000, 0.000000000000000000, -1.000000000000000000 ) ) ;
#756 = CARTESIAN_POINT ( 'NONE',  ( 51.50842653007097027, -3.835137502146632738, 1.432407174549681583 ) ) ;
#757 = ORIENTED_EDGE ( 'NONE', *, *, #2964, .T. ) ;
#758 = LINE ( 'NONE', #741, #1823 ) ;
#759 = CARTESIAN_POINT ( 'NONE',  ( 43.73074018608308933, -5.413969244238478140, 8.264187070868064922 ) ) ;
#760 = VECTOR ( 'NONE', #2521, 1000.000000000000000 ) ;
#761 = CARTESIAN_POINT ( 'NONE',  ( 44.51848192800652271, -5.352440951284827442, 8.397287841673481523 ) ) ;
#762 = CARTESIAN_POINT ( 'NONE',  ( 44.80084362761203920, -6.060989627933846435, 7.579308438094083833 ) ) ;
#763 = DIRECTION ( 'NONE',  ( 0.3987920595300042392, 0.3165787644181193849, -0.8606641500465291861 ) ) ;
#764 = CARTESIAN_POINT ( 'NONE',  ( 43.56535168151735604, -6.526035009653162078, 5.857999407436349060 ) ) ;
#765 = CARTESIAN_POINT ( 'NONE',  ( 43.72239096408625869, -5.474761635762179779, 8.132621370385834325 ) ) ;
#766 = ORIENTED_EDGE ( 'NONE', *, *, #748, .F. ) ;
#767 = DIRECTION ( 'NONE',  ( 0.000000000000000000, 0.000000000000000000, -1.000000000000000000 ) ) ;
#768 = CARTESIAN_POINT ( 'NONE',  ( 44.11185684061450729, -5.900798299037957939, 7.925915996178169998 ) ) ;
#769 = CARTESIAN_POINT ( 'NONE',  ( 44.05071052345711990, -5.740092170541791994, 8.273637431235474793 ) ) ;
#770 = CALENDAR_DATE ( 2026, 4, 4 ) ;
#771 = VERTEX_POINT ( 'NONE', #1729 ) ;
#772 = AXIS2_PLACEMENT_3D ( 'NONE', #1343, #2069, #336 ) ;
#773 = LINE ( 'NONE', #40, #2603 ) ;
#774 = LINE ( 'NONE', #2939, #920 ) ;
#775 = VERTEX_POINT ( 'NONE', #498 ) ;
#776 = DIRECTION ( 'NONE',  ( -0.000000000000000000, -0.5880055610045783476, -0.8088568848861281690 ) ) ;
#777 = CC_DESIGN_APPROVAL ( #494, ( #2295 ) ) ;
#778 = CARTESIAN_POINT ( 'NONE',  ( 44.10109562768152358, -5.142234250931315032, 8.852142755642530503 ) ) ;
#779 = CARTESIAN_POINT ( 'NONE',  ( 49.19999999999998863, -5.839349424941317146, 2.484020433342768008 ) ) ;
#780 = CARTESIAN_POINT ( 'NONE',  ( 38.66629549217573469, -3.761288009274810662, 1.374563106331058382 ) ) ;
#781 = CARTESIAN_POINT ( 'NONE',  ( 37.00000000000000000, -3.491128017864261857, 6.328558523743948783 ) ) ;
#782 = ORIENTED_EDGE ( 'NONE', *, *, #2962, .T. ) ;
#783 = CARTESIAN_POINT ( 'NONE',  ( 45.03420184177377195, -5.321230608246966476, 8.464846572120075407 ) ) ;
#784 = CARTESIAN_POINT ( 'NONE',  ( 44.41576475299518734, -5.876742667348147542, 7.335791688731024607 ) ) ;
#785 = CARTESIAN_POINT ( 'NONE',  ( 44.28502531302812883, -5.539680555757133362, 8.707270018534561729 ) ) ;
#786 = APPLICATION_PROTOCOL_DEFINITION ( 'international standard', 'config_control_design', 1994, #878 ) ;
#787 = ORIENTED_EDGE ( 'NONE', *, *, #464, .T. ) ;
#788 = CARTESIAN_POINT ( 'NONE',  ( 44.49995715648965700, -5.589647115014898304, 7.884042525966160397 ) ) ;
#789 = EDGE_CURVE ( 'NONE', #992, #1556, #1013, .T. ) ;
#790 = AXIS2_PLACEMENT_3D ( 'NONE', #1891, #700, #1680 ) ;
#791 = CARTESIAN_POINT ( 'NONE',  ( 43.92271593508787930, -5.214701663615476157, 8.695315696740461675 ) ) ;
#792 = EDGE_LOOP ( 'NONE', ( #766, #974, #2982, #596 ) ) ;
#793 = CARTESIAN_POINT ( 'NONE',  ( 51.19999999999999574, -8.000000000000000000, 14.94999999999999751 ) ) ;
#794 = AXIS2_PLACEMENT_3D ( 'NONE', #2647, #2120, #2857 ) ;
#795 = CARTESIAN_POINT ( 'NONE',  ( 44.60579459591352247, -5.069373533930965792, 9.009792207543057430 ) ) ;
#796 = CARTESIAN_POINT ( 'NONE',  ( 44.83824580641437763, -5.467530410621369796, 8.855368312048398138 ) ) ;
#797 = CARTESIAN_POINT ( 'NONE',  ( 38.16707628623012027, -4.005631169202885644, 1.568009565074959699 ) ) ;
#798 = EDGE_CURVE ( 'NONE', #2457, #803, #2686, .T. ) ;
#799 = ADVANCED_FACE ( 'NONE', ( #1200 ), #483, .T. ) ;
#800 = CARTESIAN_POINT ( 'NONE',  ( 40.00000000000000000, -1.801862271254903503, 3.550309679189235013 ) ) ;
#801 = ADVANCED_FACE ( 'NONE', ( #2421 ), #2890, .F. ) ;
#802 = CARTESIAN_POINT ( 'NONE',  ( 44.41810161367632759, -5.481436648431269987, 8.825279248160653012 ) ) ;
#803 = VERTEX_POINT ( 'NONE', #544 ) ;
#804 = DIRECTION ( 'NONE',  ( 0.000000000000000000, 0.3452175345683523022, -0.9385226975553380147 ) ) ;
#805 = DIRECTION ( 'NONE',  ( 0.3987920595300042392, 0.3165787644181193849, -0.8606641500465291861 ) ) ;
#806 = CARTESIAN_POINT ( 'NONE',  ( 44.02243686667766553, -5.746199740084821705, 8.260422422783380014 ) ) ;
#807 = VECTOR ( 'NONE', #1720, 1000.000000000000000 ) ;
#808 = APPROVAL_STATUS ( 'not_yet_approved' ) ;
#809 = ORIENTED_EDGE ( 'NONE', *, *, #572, .T. ) ;
#810 = DIRECTION ( 'NONE',  ( 1.000000000000000000, 0.000000000000000000, 0.000000000000000000 ) ) ;
#811 = CARTESIAN_POINT ( 'NONE',  ( 44.36142138878237517, -5.089120444204151106, 8.967037019618899762 ) ) ;
#812 = ORIENTED_EDGE ( 'NONE', *, *, #571, .F. ) ;
#813 = AXIS2_PLACEMENT_3D ( 'NONE', #2204, #49, #2926 ) ;
#814 = DIRECTION ( 'NONE',  ( -1.000000000000000000, -0.000000000000000000, -0.000000000000000000 ) ) ;
#815 = CARTESIAN_POINT ( 'NONE',  ( 44.57063593261818824, -5.481027179118484582, 8.826165220950702661 ) ) ;
#816 = DIRECTION ( 'NONE',  ( -1.000000000000000000, 0.000000000000000000, 0.000000000000000000 ) ) ;
#817 = CARTESIAN_POINT ( 'NONE',  ( 37.43051430688184666, -2.453945168071605121, 5.085369223701352581 ) ) ;
#818 = ORIENTED_EDGE ( 'NONE', *, *, #2344, .F. ) ;
#819 = CARTESIAN_POINT ( 'NONE',  ( 51.89925019385130156, -4.922035187313846372, 1.646853146459281270 ) ) ;
#820 = CARTESIAN_POINT ( 'NONE',  ( 37.50000000000000000, -8.000000000000000000, 14.94999999999999751 ) ) ;
#821 = CARTESIAN_POINT ( 'NONE',  ( 44.78027395285450751, -5.324719472941201737, 8.457297681173901793 ) ) ;
#822 = CARTESIAN_POINT ( 'NONE',  ( 45.87624911741480105, -6.526035009653162078, 5.857999407436349060 ) ) ;
#823 = CC_DESIGN_PERSON_AND_ORGANIZATION_ASSIGNMENT ( #1521, #308, ( #1810 ) ) ;
#824 = CARTESIAN_POINT ( 'NONE',  ( 44.59497270793469426, -6.002496282881608636, 7.697857378591900002 ) ) ;
#825 = CARTESIAN_POINT ( 'NONE',  ( 53.00000000000000000, -7.699999999999999289, 16.49999999999999645 ) ) ;
#826 = ORIENTED_EDGE ( 'NONE', *, *, #1212, .F. ) ;
#827 = CARTESIAN_POINT ( 'NONE',  ( 40.00000000000000000, -1.969671794628557127, 3.319471916195388062 ) ) ;
#828 = CARTESIAN_POINT ( 'NONE',  ( 45.03485861807065760, -5.466046930598786879, 8.858578132402767480 ) ) ;
#829 = EDGE_CURVE ( 'NONE', #273, #1249, #1216, .T. ) ;
#830 = CARTESIAN_POINT ( 'NONE',  ( 39.64038208582456235, -1.924353868501102793, 3.833109878058453379 ) ) ;
#831 = CARTESIAN_POINT ( 'NONE',  ( 37.75031449278823459, -2.260782897196528030, 4.621186673204094930 ) ) ;
#832 = CARTESIAN_POINT ( 'NONE',  ( 43.72615676114074290, -5.431270292449452697, 8.226724018807994199 ) ) ;
#833 = ORIENTED_EDGE ( 'NONE', *, *, #600, .T. ) ;
#834 = CARTESIAN_POINT ( 'NONE',  ( 52.00330504938986564, -5.023495663134806222, 1.733718132188185823 ) ) ;
#835 = LINE ( 'NONE', #2008, #2786 ) ;
#836 = CARTESIAN_POINT ( 'NONE',  ( 44.88899892459954799, -5.322047671871222185, 8.463078683497432309 ) ) ;
#837 = AXIS2_PLACEMENT_3D ( 'NONE', #2048, #1546, #1560 ) ;
#838 = CYLINDRICAL_SURFACE ( 'NONE', #2070, 0.5000000000000004441 ) ;
#839 = CARTESIAN_POINT ( 'NONE',  ( 44.19188454408618583, -5.911610065164481398, 7.894508784154608882 ) ) ;
#840 = FACE_OUTER_BOUND ( 'NONE', #2528, .T. ) ;
#841 = ORIENTED_EDGE ( 'NONE', *, *, #1684, .T. ) ;
#842 = CARTESIAN_POINT ( 'NONE',  ( 53.00000000000000000, -10.49999999999999467, 12.00000000000000000 ) ) ;
#843 = CARTESIAN_POINT ( 'NONE',  ( 44.21433997119634540, -5.566999181149133058, 8.648160439368112407 ) ) ;
#844 = CARTESIAN_POINT ( 'NONE',  ( 44.05324303596030688, -6.672498405457706561, 6.256180865673891311 ) ) ;
#845 = CIRCLE ( 'NONE', #2062, 1.000000000000000444 ) ;
#846 = CARTESIAN_POINT ( 'NONE',  ( 52.04830508836332825, -2.394206902725691588, 4.941474002232883578 ) ) ;
#847 = CARTESIAN_POINT ( 'NONE',  ( 44.12495048823495836, -5.584163101925319950, 8.611022694720245951 ) ) ;
#848 = ORIENTED_EDGE ( 'NONE', *, *, #532, .F. ) ;
#849 = CARTESIAN_POINT ( 'NONE',  ( 37.06676609975402670, -3.126811296166973619, 5.583055438403460080 ) ) ;
#850 = CARTESIAN_POINT ( 'NONE',  ( 44.68358852494902322, -6.006906014836094876, 7.511254000642105133 ) ) ;
#851 = CARTESIAN_POINT ( 'NONE',  ( 43.79820585644986153, -5.543348913536104483, 8.164912503701090785 ) ) ;
#852 = CARTESIAN_POINT ( 'NONE',  ( 37.56302751130821349, -5.683613873044788711, 2.330177915185755566 ) ) ;
#853 = DIRECTION ( 'NONE',  ( 1.000000000000000000, 0.000000000000000000, 0.000000000000000000 ) ) ;
#854 = CARTESIAN_POINT ( 'NONE',  ( 44.35062009006183814, -5.471231897091682228, 8.140258700756247023 ) ) ;
#855 = FACE_OUTER_BOUND ( 'NONE', #2860, .T. ) ;
#856 = VERTEX_POINT ( 'NONE', #526 ) ;
#857 = EDGE_CURVE ( 'NONE', #1450, #2876, #512, .T. ) ;
#858 = CARTESIAN_POINT ( 'NONE',  ( 37.50000000000000000, -10.49999999999999822, 14.94999999999999751 ) ) ;
#859 = EDGE_CURVE ( 'NONE', #1775, #1249, #2117, .T. ) ;
#860 = VECTOR ( 'NONE', #2578, 1000.000000000000114 ) ;
#861 = CARTESIAN_POINT ( 'NONE',  ( 44.64499876283399260, -5.476627259582333984, 8.843699057278630704 ) ) ;
#862 = EDGE_CURVE ( 'NONE', #2807, #236, #751, .T. ) ;
#863 = DIRECTION ( 'NONE',  ( 0.000000000000000000, 0.000000000000000000, -1.000000000000000000 ) ) ;
#864 = CARTESIAN_POINT ( 'NONE',  ( 50.70147973497103777, -1.958333466524241118, 3.911744092338604428 ) ) ;
#865 = CARTESIAN_POINT ( 'NONE',  ( 44.14985381798921082, -5.569628178938436314, 8.642472050925261939 ) ) ;
#866 = ORIENTED_EDGE ( 'NONE', *, *, #146, .T. ) ;
#867 = CARTESIAN_POINT ( 'NONE',  ( 45.00194181677223071, -5.954964547260400032, 7.690818967996623456 ) ) ;
#868 = DIRECTION ( 'NONE',  ( 0.000000000000000000, 0.000000000000000000, -1.000000000000000000 ) ) ;
#869 = VECTOR ( 'NONE', #1748, 1000.000000000000000 ) ;
#870 = CARTESIAN_POINT ( 'NONE',  ( 44.84858705781255139, -6.019284593998123434, 7.669546031302465039 ) ) ;
#871 = VECTOR ( 'NONE', #805, 1000.000000000000114 ) ;
#872 = CARTESIAN_POINT ( 'NONE',  ( 51.19999999999999574, -7.700000000000000178, 10.19999999999999574 ) ) ;
#873 = CARTESIAN_POINT ( 'NONE',  ( 44.07878232368190652, -5.820555421251900619, 8.091524615137435816 ) ) ;
#874 = VERTEX_POINT ( 'NONE', #2199 ) ;
#875 = DIRECTION ( 'NONE',  ( 0.000000000000000000, 0.000000000000000000, -1.000000000000000000 ) ) ;
#876 = CARTESIAN_POINT ( 'NONE',  ( 44.44890096665113788, -5.574937093329852544, 7.915899348379322298 ) ) ;
#877 = DIRECTION ( 'NONE',  ( 0.000000000000000000, 0.000000000000000000, 1.000000000000000000 ) ) ;
#878 = APPLICATION_CONTEXT ( 'configuration controlled 3d designs of mechanical parts and assemblies' ) ;
#879 = CARTESIAN_POINT ( 'NONE',  ( 52.28163974209194009, -2.575548346993141724, 5.382274248346517354 ) ) ;
#880 = CARTESIAN_POINT ( 'NONE',  ( 44.21067755785164621, -5.534985510723218205, 8.709415046739328758 ) ) ;
#881 = EDGE_LOOP ( 'NONE', ( #1122, #1553, #2685, #1590 ) ) ;
#882 = CARTESIAN_POINT ( 'NONE',  ( 45.00166332320347351, -6.020613166838971075, 7.666671385143525974 ) ) ;
#883 = LINE ( 'NONE', #1788, #1456 ) ;
#884 = B_SPLINE_CURVE_WITH_KNOTS ( 'NONE', 3,
 ( #1089, #2233, #2825, #2073, #1332, #1604, #2000, #2782, #2057, #3033, #902, #2524, #1270 ),
 .UNSPECIFIED., .F., .F.,
 ( 4, 3, 3, 3, 4 ),
 ( 0.000000000000000000, 0.0001060664023101620153, 0.0002121328046203235698, 0.0003181992069304868183, 0.0004242656092406462721 ),
 .UNSPECIFIED. ) ;
#885 = CARTESIAN_POINT ( 'NONE',  ( 44.47093110151410400, -5.993158273374766587, 7.726075808883793528 ) ) ;
#886 = CARTESIAN_POINT ( 'NONE',  ( 44.53991026338271553, -5.473332152904192505, 8.850828712089480632 ) ) ;
#887 = CARTESIAN_POINT ( 'NONE',  ( 45.00571344985467448, -6.016169947997968670, 7.668271534534689238 ) ) ;
#888 = VERTEX_POINT ( 'NONE', #1493 ) ;
#889 = CARTESIAN_POINT ( 'NONE',  ( 44.37304398920966975, -5.855980218050791386, 7.307803567873246919 ) ) ;
#890 = CARTESIAN_POINT ( 'NONE',  ( 44.93249958061139182, -5.622101123087309915, 7.813850072077795694 ) ) ;
#891 = CARTESIAN_POINT ( 'NONE',  ( 52.73796769317101507, -2.871334533319522375, 5.071920114866108165 ) ) ;
#892 = CARTESIAN_POINT ( 'NONE',  ( 44.01943518640802466, -5.729101552248196505, 8.289404253386940979 ) ) ;
#893 = ORIENTED_EDGE ( 'NONE', *, *, #2437, .F. ) ;
#894 = CYLINDRICAL_SURFACE ( 'NONE', #1029, 0.5000000000000004441 ) ;
#895 = EDGE_CURVE ( 'NONE', #1672, #2265, #607, .T. ) ;
#896 = CARTESIAN_POINT ( 'NONE',  ( 44.06923046204391881, -5.865384146049156477, 8.002541948243234060 ) ) ;
#897 = EDGE_CURVE ( 'NONE', #888, #376, #758, .T. ) ;
#898 = EDGE_CURVE ( 'NONE', #2112, #2265, #2155, .T. ) ;
#899 = VECTOR ( 'NONE', #709, 1000.000000000000114 ) ;
#900 = ORIENTED_EDGE ( 'NONE', *, *, #697, .F. ) ;
#901 = CARTESIAN_POINT ( 'NONE',  ( 52.28052544319932338, -2.574438903811797186, 5.379551909349802763 ) ) ;
#902 = CARTESIAN_POINT ( 'NONE',  ( 45.03401128812947718, -5.345641174214706304, 8.531210148493858725 ) ) ;
#903 = VECTOR ( 'NONE', #958, 1000.000000000000000 ) ;
#904 = AXIS2_PLACEMENT_3D ( 'NONE', #2325, #400, #2293 ) ;
#905 = CARTESIAN_POINT ( 'NONE',  ( 44.35521428185540316, -5.972273896009790306, 7.771263542144017933 ) ) ;
#906 = ORIENTED_EDGE ( 'NONE', *, *, #697, .T. ) ;
#907 = CARTESIAN_POINT ( 'NONE',  ( 44.16728554246755323, -5.931407371107972892, 7.859686845084234541 ) ) ;
#908 = CARTESIAN_POINT ( 'NONE',  ( 51.57434180397684997, -2.196650689573097726, 3.752708009154374302 ) ) ;
#909 = DIRECTION ( 'NONE',  ( 0.000000000000000000, 0.9659258262890686453, 0.2588190451025191297 ) ) ;
#910 = CARTESIAN_POINT ( 'NONE',  ( 44.54003277652759607, -5.597553249738568049, 7.866964547725141976 ) ) ;
#911 = CARTESIAN_POINT ( 'NONE',  ( 51.73032585509888293, -2.228305976657348975, 4.544691999510890312 ) ) ;
#912 = CARTESIAN_POINT ( 'NONE',  ( 44.08244684535601721, -5.610359922981392522, 8.546326687620238616 ) ) ;
#913 = CYLINDRICAL_SURFACE ( 'NONE', #2796, 6.299999999999999822 ) ;
#914 = CARTESIAN_POINT ( 'NONE',  ( 43.80030631146205877, -5.649484740972193109, 7.754571264584538604 ) ) ;
#915 = VECTOR ( 'NONE', #2063, 1000.000000000000000 ) ;
#916 = ORIENTED_EDGE ( 'NONE', *, *, #1322, .F. ) ;
#917 = DIRECTION ( 'NONE',  ( 1.000000000000000000, -0.000000000000000000, -0.000000000000000000 ) ) ;
#918 = CARTESIAN_POINT ( 'NONE',  ( 51.19999999999999574, -6.587375867430504073, 17.94999999999999574 ) ) ;
#919 = CARTESIAN_POINT ( 'NONE',  ( 44.05050271329987055, -5.742005586596595101, 8.269497354047157245 ) ) ;
#920 = VECTOR ( 'NONE', #465, 1000.000000000000000 ) ;
#921 = EDGE_LOOP ( 'NONE', ( #2212, #2385, #2711, #2328 ) ) ;
#922 = CARTESIAN_POINT ( 'NONE',  ( 37.00000000000001421, -5.657741367831001789, 3.013930864602850423 ) ) ;
#923 = DIRECTION ( 'NONE',  ( -1.000000000000000000, 0.000000000000000000, -0.000000000000000000 ) ) ;
#924 = CARTESIAN_POINT ( 'NONE',  ( 44.39702737826928569, -5.549640751913205605, 7.970633291766226591 ) ) ;
#925 = CARTESIAN_POINT ( 'NONE',  ( 51.33502597367592557, -3.761872577723355704, 1.375021651349376928 ) ) ;
#926 = CARTESIAN_POINT ( 'NONE',  ( 37.50000000000000000, -3.025308875140432896, 6.510252019147712232 ) ) ;
#927 = EDGE_CURVE ( 'NONE', #2044, #711, #1250, .T. ) ;
#928 = DIRECTION ( 'NONE',  ( -1.000000000000000000, -0.000000000000000000, -0.000000000000000000 ) ) ;
#929 = CARTESIAN_POINT ( 'NONE',  ( 44.05374011289219283, -5.846295636150032671, 8.043843945356268677 ) ) ;
#930 = CARTESIAN_POINT ( 'NONE',  ( 44.05095944615994341, -5.754251092409430335, 8.243001632357850994 ) ) ;
#931 = CARTESIAN_POINT ( 'NONE',  ( 52.50000000000000000, -6.158236782065932502, 2.803117610690236905 ) ) ;
#932 = CARTESIAN_POINT ( 'NONE',  ( 44.05393830505585129, -5.740772746371188617, 8.264151175565759289 ) ) ;
#933 = ORIENTED_EDGE ( 'NONE', *, *, #2306, .F. ) ;
#934 = CARTESIAN_POINT ( 'NONE',  ( 43.56535168151735604, -6.526035009653162078, 5.857999407436349060 ) ) ;
#935 = CARTESIAN_POINT ( 'NONE',  ( 44.36114242902975491, -5.511805088605087555, 8.052498689588134084 ) ) ;
#936 = CARTESIAN_POINT ( 'NONE',  ( 52.42167852255676763, -5.684241529628631717, 2.333341635058369334 ) ) ;
#937 = CARTESIAN_POINT ( 'NONE',  ( 37.50000000000000000, 70.80787289916612792, 35.30900166887731473 ) ) ;
#938 = CARTESIAN_POINT ( 'NONE',  ( 44.13868932329305750, -5.916394662595546805, 7.884156303509010755 ) ) ;
#939 = ORIENTED_EDGE ( 'NONE', *, *, #656, .F. ) ;
#940 = CARTESIAN_POINT ( 'NONE',  ( 44.06571193649745055, -5.806491797670482846, 8.129967903204917690 ) ) ;
#941 = LINE ( 'NONE', #477, #903 ) ;
#942 = CARTESIAN_POINT ( 'NONE',  ( 44.05080053230317816, -5.749413205795971038, 8.253469415334162562 ) ) ;
#943 = VERTEX_POINT ( 'NONE', #63 ) ;
#944 = CARTESIAN_POINT ( 'NONE',  ( 45.03305852000610798, -5.467694004053502255, 8.863028030363034659 ) ) ;
#945 = CARTESIAN_POINT ( 'NONE',  ( 49.99999999999999289, -1.969671794628556682, 3.319471916195388506 ) ) ;
#946 = CARTESIAN_POINT ( 'NONE',  ( 49.99999999999999289, -3.519364420207029553, 1.187724135587836960 ) ) ;
#947 = ORIENTED_EDGE ( 'NONE', *, *, #1393, .F. ) ;
#948 = DIRECTION ( 'NONE',  ( -1.000000000000000000, -0.000000000000000000, -0.000000000000000000 ) ) ;
#949 = AXIS2_PLACEMENT_3D ( 'NONE', #1226, #2191, #284 ) ;
#950 = CARTESIAN_POINT ( 'NONE',  ( 51.88793210446991822, -4.911773101197072222, 1.638126743637623894 ) ) ;
#951 = ADVANCED_FACE ( 'NONE', ( #1012 ), #1984, .T. ) ;
#952 = LINE ( 'NONE', #1169, #2309 ) ;
#953 = EDGE_CURVE ( 'NONE', #771, #711, #1919, .T. ) ;
#954 = DIRECTION ( 'NONE',  ( 0.5773502691896265082, 0.7663005736769982201, 0.2818689366513612571 ) ) ;
#955 = CARTESIAN_POINT ( 'NONE',  ( 44.29828446939003328, -5.973934793991342751, 7.759656153767150677 ) ) ;
#956 = CARTESIAN_POINT ( 'NONE',  ( 50.86839664969973995, -1.983685085926265357, 3.970487308128222370 ) ) ;
#957 = VECTOR ( 'NONE', #1049, 1000.000000000000000 ) ;
#958 = DIRECTION ( 'NONE',  ( -1.000000000000000000, 0.000000000000000000, 0.000000000000000000 ) ) ;
#959 = CARTESIAN_POINT ( 'NONE',  ( 44.34143860376141788, -5.969008318833528115, 7.778329303684281548 ) ) ;
#960 = ORIENTED_EDGE ( 'NONE', *, *, #118, .F. ) ;
#961 = ADVANCED_FACE ( 'NONE', ( #712 ), #1677, .T. ) ;
#962 = DIRECTION ( 'NONE',  ( 0.7757233176415583298, 0.6310731609466321279, 0.000000000000000000 ) ) ;
#963 = FACE_OUTER_BOUND ( 'NONE', #3047, .T. ) ;
#964 = ORIENTED_EDGE ( 'NONE', *, *, #1950, .F. ) ;
#965 = DIRECTION ( 'NONE',  ( -0.5773502691896263972, 0.2818689366513585370, -0.7663005736769993304 ) ) ;
#966 = CARTESIAN_POINT ( 'NONE',  ( 52.92326269265114291, -5.588768949781059092, 2.241896642676881601 ) ) ;
#967 = CARTESIAN_POINT ( 'NONE',  ( 40.00000000000000000, -3.519364420207029553, 1.187724135587836738 ) ) ;
#968 = CARTESIAN_POINT ( 'NONE',  ( 44.05482909291114879, -5.728366960303753253, 8.290993697221429315 ) ) ;
#969 = CARTESIAN_POINT ( 'NONE',  ( 37.61202419265636365, -4.436751105209135737, 1.921307683029611857 ) ) ;
#970 = ORIENTED_EDGE ( 'NONE', *, *, #110, .T. ) ;
#971 = DIRECTION ( 'NONE',  ( 0.000000000000000000, -1.000000000000000000, 0.000000000000000000 ) ) ;
#972 = CARTESIAN_POINT ( 'NONE',  ( 44.20574695732906179, -5.542087995509979770, 8.702061017397243248 ) ) ;
#973 = CALENDAR_DATE ( 2026, 4, 4 ) ;
#974 = ORIENTED_EDGE ( 'NONE', *, *, #377, .F. ) ;
#975 = CARTESIAN_POINT ( 'NONE',  ( 44.41789405877101871, -5.561636868382637822, 7.944648572831666478 ) ) ;
#976 = ORIENTED_EDGE ( 'NONE', *, *, #2250, .F. ) ;
#977 = AXIS2_PLACEMENT_3D ( 'NONE', #362, #3023, #863 ) ;
#978 = CARTESIAN_POINT ( 'NONE',  ( 51.19999999999999574, -7.700000000000000178, 16.49999999999999645 ) ) ;
#979 = CARTESIAN_POINT ( 'NONE',  ( 51.53171759194554369, -4.646044336554559173, 1.416633139710657074 ) ) ;
#980 = EDGE_CURVE ( 'NONE', #3099, #1450, #13, .T. ) ;
#981 = CARTESIAN_POINT ( 'NONE',  ( 44.36218818697425093, -5.433526021290490782, 8.221843276069510154 ) ) ;
#982 = CARTESIAN_POINT ( 'NONE',  ( 38.48287278148706747, -4.145286621524410187, 1.014115146524682709 ) ) ;
#983 = LINE ( 'NONE', #2674, #259 ) ;
#984 = EDGE_LOOP ( 'NONE', ( #3103, #2170, #2767, #2729 ) ) ;
#985 = ADVANCED_FACE ( 'NONE', ( #3016 ), #660, .T. ) ;
#986 = CARTESIAN_POINT ( 'NONE',  ( 49.99999999999999289, -1.969671794628556682, 3.319471916195388506 ) ) ;
#987 = CARTESIAN_POINT ( 'NONE',  ( 44.10840785886792048, -5.629740509575936080, 8.512406408316925521 ) ) ;
#988 = APPROVAL_STATUS ( 'not_yet_approved' ) ;
#989 = ORIENTED_EDGE ( 'NONE', *, *, #980, .T. ) ;
#990 = DIRECTION ( 'NONE',  ( 0.000000000000000000, 0.000000000000000000, 1.000000000000000000 ) ) ;
#991 = CARTESIAN_POINT ( 'NONE',  ( 37.50000000000000000, -8.000000000000000000, 17.94999999999999574 ) ) ;
#992 = VERTEX_POINT ( 'NONE', #872 ) ;
#993 = CARTESIAN_POINT ( 'NONE',  ( 53.00000000000000000, -5.742627683396033689, 14.79735685758177688 ) ) ;
#994 = AXIS2_PLACEMENT_3D ( 'NONE', #3101, #2165, #6 ) ;
#995 = CARTESIAN_POINT ( 'NONE',  ( 53.00000000000000000, 6.935460182787541505, 15.56931747623857554 ) ) ;
#996 = DIRECTION ( 'NONE',  ( 0.000000000000000000, -0.4195301040610856513, -0.9077414234166548690 ) ) ;
#997 = CARTESIAN_POINT ( 'NONE',  ( 37.37066971215439537, -5.027029647447983862, 1.733995913314346105 ) ) ;
#998 = LINE ( 'NONE', #1692, #2615 ) ;
#999 = DIRECTION ( 'NONE',  ( 0.000000000000000000, -0.9385226975553380147, -0.3452175345683523022 ) ) ;
#1000 = CARTESIAN_POINT ( 'NONE',  ( 44.86901090315679141, -5.454066427524556282, 8.884500465052090235 ) ) ;
#1001 = ORIENTED_EDGE ( 'NONE', *, *, #859, .F. ) ;
#1002 = CARTESIAN_POINT ( 'NONE',  ( 53.00000000000000000, -8.000000000000000000, 17.44999999999999574 ) ) ;
#1003 = CARTESIAN_POINT ( 'NONE',  ( 38.01419872647888809, -4.103820505539059305, 1.647001657694432852 ) ) ;
#1004 = DIRECTION ( 'NONE',  ( 0.000000000000000000, 0.000000000000000000, -1.000000000000000000 ) ) ;
#1005 = AXIS2_PLACEMENT_3D ( 'NONE', #1713, #43, #1185 ) ;
#1006 = AXIS2_PLACEMENT_3D ( 'NONE', #1516, #1801, #299 ) ;
#1007 = ORIENTED_EDGE ( 'NONE', *, *, #1060, .T. ) ;
#1008 = FACE_OUTER_BOUND ( 'NONE', #1061, .T. ) ;
#1009 = CC_DESIGN_PERSON_AND_ORGANIZATION_ASSIGNMENT ( #1975, #1280, ( #2416 ) ) ;
#1010 = CARTESIAN_POINT ( 'NONE',  ( 49.20000000000000284, -2.517454263457247432, 4.057992418726459327 ) ) ;
#1011 = EDGE_LOOP ( 'NONE', ( #685, #1816, #947, #1990 ) ) ;
#1012 = FACE_OUTER_BOUND ( 'NONE', #2792, .T. ) ;
#1013 = CIRCLE ( 'NONE', #3076, 6.299999999999999822 ) ;
#1014 = CARTESIAN_POINT ( 'NONE',  ( 51.19999999999999574, 70.80787289916612792, 35.30900166887731473 ) ) ;
#1015 = B_SPLINE_CURVE_WITH_KNOTS ( 'NONE', 3,
 ( #226, #285, #536, #1179, #2371, #675, #1502, #1242, #2210, #212, #1647, #768, #2102, #1973, #3062, #907, #1410, #2601, #1738, #2856, #447, #2933, #2588, #693, #2151, #3105, #461, #2678, #1886 ),
 .UNSPECIFIED., .F., .F.,
 ( 4, 2, 2, 2, 2, 2, 2, 2, 2, 2, 2, 2, 3, 4 ),
 ( 0.000000000000000000, 0.0001120561538001076991, 0.0002278753282984649067, 0.0002857849155476435308, 0.0003436945027968221007, 0.0004016040900460007249, 0.0004595136772951793490, 0.0005174232645443579189, 0.0005753328517935365431, 0.0006911520262918937913, 0.0007490616135410723070, 0.0008069712007902509312, 0.0009227903752886080710, 0.001174649091960250878 ),
 .UNSPECIFIED. ) ;
#1016 = VECTOR ( 'NONE', #275, 1000.000000000000114 ) ;
#1017 = CARTESIAN_POINT ( 'NONE',  ( 44.35194859437793724, -5.455965884125658860, 8.173289923558874293 ) ) ;
#1018 = CARTESIAN_POINT ( 'NONE',  ( 39.22138796909265324, -3.595744119918883541, 1.246223585697071590 ) ) ;
#1019 = PLANE ( 'NONE',  #508 ) ;
#1020 = EDGE_CURVE ( 'NONE', #1047, #92, #2556, .T. ) ;
#1021 = ORIENTED_EDGE ( 'NONE', *, *, #302, .F. ) ;
#1022 = FACE_OUTER_BOUND ( 'NONE', #2434, .T. ) ;
#1023 = CARTESIAN_POINT ( 'NONE',  ( 44.79202843082459395, -6.059608213144294986, 7.582297418896836838 ) ) ;
#1024 = CARTESIAN_POINT ( 'NONE',  ( 44.35736177846345640, -5.440939181556180948, 8.205831951525471624 ) ) ;
#1025 = ADVANCED_FACE ( 'NONE', ( #316 ), #635, .F. ) ;
#1026 =( BOUNDED_SURFACE ( )  B_SPLINE_SURFACE ( 3, 2, ( 
 ( #3096, #1679, #2619 ),
 ( #1446, #680, #1154 ),
 ( #743, #2591, #250 ),
 ( #936, #966, #3112 ),
 ( #2172, #203, #1902 ),
 ( #1936, #2157, #470 ),
 ( #1399, #438, #1186 ),
 ( #1651, #1663, #1697 ),
 ( #950, #30, #2605 ),
 ( #1202, #450, #2122 ),
 ( #979, #1920, #3080 ),
 ( #2406, #2637, #2359 ),
 ( #1414, #14, #925 ),
 ( #484, #2651, #2891 ),
 ( #729, #500, #1217 ),
 ( #1433, #2878, #1464 ) ),
 .UNSPECIFIED., .F., .F., .F. ) 
 B_SPLINE_SURFACE_WITH_KNOTS ( ( 4, 2, 2, 2, 2, 2, 2, 4 ),
 ( 3, 3 ),
 ( 0.000000000000000000, 0.0004898375536809779305, 0.0009796751073619558610, 0.001469512661042933791, 0.001959350214723911722, 0.002449187768404889436, 0.002939025322085867583, 0.003918700429447823444 ),
 ( 0.000000000000000000, 1.000000000000000000 ),
 .UNSPECIFIED. ) 
 GEOMETRIC_REPRESENTATION_ITEM ( )  RATIONAL_B_SPLINE_SURFACE ( (
 ( 1.000000000000000000, 0.7071067811865460184, 1.000000000000000000),
 ( 1.000000000000000000, 0.7032133893443457406, 1.000000000000000000),
 ( 1.000000000000000000, 0.6999786615022797198, 1.000000000000000000),
 ( 1.000000000000000000, 0.6947732061747461385, 1.000000000000000000),
 ( 1.000000000000000000, 0.6927913850794586992, 1.000000000000000000),
 ( 1.000000000000000000, 0.6900925050597934707, 1.000000000000000000),
 ( 1.000000000000000000, 0.6893624397106564716, 1.000000000000000000),
 ( 1.000000000000000000, 0.6888368350230479331, 1.000000000000000000),
 ( 1.000000000000000000, 0.6890522494656360353, 1.000000000000000000),
 ( 1.000000000000000000, 0.6900449633572750541, 1.000000000000000000),
 ( 1.000000000000000000, 0.6908155467535159744, 1.000000000000000000),
 ( 1.000000000000000000, 0.6925334682727997127, 1.000000000000000000),
 ( 1.000000000000000000, 0.6934651515473615468, 1.000000000000000000),
 ( 1.000000000000000000, 0.6959297970789437571, 1.000000000000000000),
 ( 1.000000000000000000, 0.6971392777426579368, 1.000000000000000000),
 ( 1.000000000000000000, 0.6970975033671148458, 1.000000000000000000) ) ) 
 REPRESENTATION_ITEM ( '' )  SURFACE ( )  );
#1027 = DATE_AND_TIME ( #770, #495 ) ;
#1028 = ORIENTED_EDGE ( 'NONE', *, *, #754, .F. ) ;
#1029 = AXIS2_PLACEMENT_3D ( 'NONE', #655, #1188, #2866 ) ;
#1030 = CARTESIAN_POINT ( 'NONE',  ( 44.54003715617964332, -5.597537667945535311, 7.866969658776278074 ) ) ;
#1031 = CARTESIAN_POINT ( 'NONE',  ( 43.87371518247752533, -5.242818981279440571, 8.634477979227826339 ) ) ;
#1032 = EDGE_CURVE ( 'NONE', #1806, #2743, #884, .T. ) ;
#1033 = ORIENTED_EDGE ( 'NONE', *, *, #2104, .T. ) ;
#1034 = DIRECTION ( 'NONE',  ( 0.000000000000000000, 0.4608366614705707853, -0.8874849697007034521 ) ) ;
#1035 = CARTESIAN_POINT ( 'NONE',  ( 43.72259570706575715, -5.466061759916384766, 8.151473980977531397 ) ) ;
#1036 = CARTESIAN_POINT ( 'NONE',  ( 45.04001030929253346, -5.321206175736752364, 8.464870833553300500 ) ) ;
#1037 = CARTESIAN_POINT ( 'NONE',  ( 38.74472368139993250, -4.497594509951146513, 1.296447179603815059 ) ) ;
#1038 = CARTESIAN_POINT ( 'NONE',  ( 38.38978890172561620, -2.179536172542458239, 4.429266272222905698 ) ) ;
#1039 = CARTESIAN_POINT ( 'NONE',  ( 43.72448718742309381, -5.439948766288721593, 8.207946319377944278 ) ) ;
#1040 = EDGE_LOOP ( 'NONE', ( #1510, #976, #726, #2646 ) ) ;
#1041 = CARTESIAN_POINT ( 'NONE',  ( 38.79999999999999716, -7.700000000000000178, 15.04999999999999716 ) ) ;
#1042 = CARTESIAN_POINT ( 'NONE',  ( 37.00000000000000000, -10.50000000000000000, 14.94999999999999751 ) ) ;
#1043 = CARTESIAN_POINT ( 'NONE',  ( 44.99543880771072679, -5.467814303082690230, 8.862767738166228426 ) ) ;
#1044 = ORIENTED_EDGE ( 'NONE', *, *, #1367, .T. ) ;
#1045 = CARTESIAN_POINT ( 'NONE',  ( 44.59892361768643809, -5.605722885453364057, 7.849259222934804825 ) ) ;
#1046 = CARTESIAN_POINT ( 'NONE',  ( 45.06126534652578641, -5.057785122539184108, 9.034837564123709086 ) ) ;
#1047 = VERTEX_POINT ( 'NONE', #1824 ) ;
#1048 = AXIS2_PLACEMENT_3D ( 'NONE', #1540, #340, #540 ) ;
#1049 = DIRECTION ( 'NONE',  ( -1.000000000000000000, -0.000000000000000000, -0.000000000000000000 ) ) ;
#1050 = CARTESIAN_POINT ( 'NONE',  ( 44.69320723396361217, -5.473980252883443143, 8.849426411776939005 ) ) ;
#1051 = DIRECTION ( 'NONE',  ( 0.6721255316815907266, -0.7404372152058127377, 0.000000000000000000 ) ) ;
#1052 = PRODUCT_DEFINITION ( 'Allgemein', '', #1810, #1793 ) ;
#1053 = ORIENTED_EDGE ( 'NONE', *, *, #829, .T. ) ;
#1054 = CARTESIAN_POINT ( 'NONE',  ( 45.00306792316811055, -5.689510241766759790, 7.788461231867040091 ) ) ;
#1055 = FACE_OUTER_BOUND ( 'NONE', #39, .T. ) ;
#1056 = CARTESIAN_POINT ( 'NONE',  ( 44.05190269959362581, -5.718920098003723140, 8.319447653377634921 ) ) ;
#1057 = ORIENTED_EDGE ( 'NONE', *, *, #2078, .F. ) ;
#1058 = CARTESIAN_POINT ( 'NONE',  ( 44.84873361042332363, -6.014823538796630231, 7.671184773401525270 ) ) ;
#1059 = CARTESIAN_POINT ( 'NONE',  ( 45.15755993376254906, -5.057644293519223844, 9.035142277262755428 ) ) ;
#1060 = EDGE_CURVE ( 'NONE', #543, #1068, #2774, .T. ) ;
#1061 = EDGE_LOOP ( 'NONE', ( #900, #1007, #1744, #2716, #2720, #197, #71, #211, #2052, #240 ) ) ;
#1062 = CIRCLE ( 'NONE', #1265, 1.449999999999999956 ) ;
#1063 = CARTESIAN_POINT ( 'NONE',  ( 43.96261088481883661, -5.194653499050637890, 8.738722711546323296 ) ) ;
#1064 = CARTESIAN_POINT ( 'NONE',  ( 44.28713850431611831, -5.537727546840811144, 8.703482076150663715 ) ) ;
#1065 = CARTESIAN_POINT ( 'NONE',  ( 37.95264424728105723, -2.393610288743693637, 4.940036779012575430 ) ) ;
#1066 = CARTESIAN_POINT ( 'NONE',  ( 37.65494617547455647, -2.545912060790357589, 4.429676186141621841 ) ) ;
#1067 = CARTESIAN_POINT ( 'NONE',  ( 44.53927014023093278, -5.468895587921210222, 8.852414464461773491 ) ) ;
#1068 = VERTEX_POINT ( 'NONE', #1853 ) ;
#1069 = CARTESIAN_POINT ( 'NONE',  ( 45.00180256998440598, -5.987788857049672231, 7.678745176570079600 ) ) ;
#1070 = CARTESIAN_POINT ( 'NONE',  ( 45.87624911741480105, -6.526035009653162078, 5.857999407436349060 ) ) ;
#1071 = CARTESIAN_POINT ( 'NONE',  ( 44.61892787075031208, -5.334927824409525954, 8.435209770430729392 ) ) ;
#1072 = ORIENTED_EDGE ( 'NONE', *, *, #3091, .T. ) ;
#1073 = CARTESIAN_POINT ( 'NONE',  ( 44.08355849997956710, -5.827844375256616694, 8.075753433476291931 ) ) ;
#1074 = CARTESIAN_POINT ( 'NONE',  ( 45.15091892774621840, -5.057654005865427571, 9.035121262563510669 ) ) ;
#1075 = ORIENTED_EDGE ( 'NONE', *, *, #1365, .T. ) ;
#1076 = CARTESIAN_POINT ( 'NONE',  ( 43.76615652900184017, -5.609908007710219024, 7.840232436062448684 ) ) ;
#1077 = CARTESIAN_POINT ( 'NONE',  ( 44.95861030706303296, -5.466274538285492923, 8.858085655406425118 ) ) ;
#1078 = CARTESIAN_POINT ( 'NONE',  ( 38.66473737725276294, -2.088705593251818371, 4.215453939582019416 ) ) ;
#1079 = ADVANCED_FACE ( 'NONE', ( #2798 ), #2721, .F. ) ;
#1080 = CARTESIAN_POINT ( 'NONE',  ( 49.99999999999999289, -1.969671794628564010, 3.319471916195414263 ) ) ;
#1081 = CARTESIAN_POINT ( 'NONE',  ( 44.18745471856392015, -5.550354644889991640, 8.684174386614721186 ) ) ;
#1082 = VERTEX_POINT ( 'NONE', #1838 ) ;
#1083 = CARTESIAN_POINT ( 'NONE',  ( 52.42368971102776953, -5.690348317420158786, 2.339191044944282982 ) ) ;
#1084 = CARTESIAN_POINT ( 'NONE',  ( 37.50000000000000000, -5.742627683396033689, 14.79735685758177688 ) ) ;
#1085 = CARTESIAN_POINT ( 'NONE',  ( 43.72240296356864064, -5.474772575418362486, 8.132626303573955440 ) ) ;
#1086 = AXIS2_PLACEMENT_3D ( 'NONE', #218, #2593, #2864 ) ;
#1087 = ADVANCED_FACE ( 'NONE', ( #648 ), #2308, .F. ) ;
#1088 = CARTESIAN_POINT ( 'NONE',  ( 44.92761430783044574, -6.020277640312145628, 7.667397367199554559 ) ) ;
#1089 = CARTESIAN_POINT ( 'NONE',  ( 45.03305852000610798, -5.467694004053502255, 8.863028030363034659 ) ) ;
#1090 = CARTESIAN_POINT ( 'NONE',  ( 44.25266965826991594, -5.937615876903996615, 7.838239752833580098 ) ) ;
#1091 = CARTESIAN_POINT ( 'NONE',  ( 44.60579312491480408, -5.069357644319128831, 9.009797984623935108 ) ) ;
#1092 = EDGE_CURVE ( 'NONE', #566, #1269, #2728, .T. ) ;
#1093 = ORIENTED_EDGE ( 'NONE', *, *, #1421, .T. ) ;
#1094 = VECTOR ( 'NONE', #2039, 999.9999999999998863 ) ;
#1095 = DIRECTION ( 'NONE',  ( 0.000000000000000000, -0.9659258262890686453, -0.2588190451025191297 ) ) ;
#1096 = CARTESIAN_POINT ( 'NONE',  ( 44.11145750353738038, -5.627299946415531551, 8.509673391859037039 ) ) ;
#1097 = CARTESIAN_POINT ( 'NONE',  ( 37.50000000000000000, -6.158236782065921844, 2.803117610690229800 ) ) ;
#1098 = VECTOR ( 'NONE', #2602, 1000.000000000000000 ) ;
#1099 = B_SPLINE_CURVE_WITH_KNOTS ( 'NONE', 3,
 ( #2258, #2024, #2983, #582, #614, #2304, #2996, #819, #834, #645, #134, #1116, #1083, #2038, #2520, #1786 ),
 .UNSPECIFIED., .F., .F.,
 ( 4, 2, 2, 2, 2, 2, 2, 4 ),
 ( 2.168404344971008868E-19, 0.001001388081649121900, 0.001502082122473682741, 0.002002776163298243366, 0.002503470204122804424, 0.003004164244947365482, 0.003504858285771925673, 0.004005552326596486731 ),
 .UNSPECIFIED. ) ;
#1100 = CARTESIAN_POINT ( 'NONE',  ( 52.56880866346286751, -2.453434518960985855, 5.084129099271571306 ) ) ;
#1101 = CARTESIAN_POINT ( 'NONE',  ( 44.04387785423954682, -5.655316146381021092, 8.449054463707712515 ) ) ;
#1102 = VERTEX_POINT ( 'NONE', #1440 ) ;
#1103 = CARTESIAN_POINT ( 'NONE',  ( 39.78837874315447465, -1.969671794628555350, 3.319471916195390726 ) ) ;
#1104 = CARTESIAN_POINT ( 'NONE',  ( 44.74410438779915467, -5.326042615126740820, 8.454434785378751371 ) ) ;
#1105 = EDGE_LOOP ( 'NONE', ( #629, #2940, #2931, #2449 ) ) ;
#1106 = DIRECTION ( 'NONE',  ( -1.000000000000000000, -0.000000000000000000, -0.000000000000000000 ) ) ;
#1107 = CLOSED_SHELL ( 'NONE', ( #1912, #528, #633, #2811, #90, #2572, #1686, #401, #1087, #1644, #405, #474, #2863, #1457, #2466, #961, #3032, #2769, #1025, #182, #309, #951, #1263, #116, #1580, #1119, #2373, #2251, #570, #2892, #2628, #799, #728, #1921, #2375, #436, #242, #662, #2479, #1425, #1251, #2208, #1782, #2507, #1910, #2022, #16, #985, #2088, #2400, #3094, #2310, #1418, #375, #2412, #2865, #345, #1525, #1079, #1125, #1649, #235, #688, #3086, #801, #2249 ) ) ;
#1108 = CARTESIAN_POINT ( 'NONE',  ( 44.43176849432528996, -5.982732625243724733, 7.740620199525274359 ) ) ;
#1109 = VERTEX_POINT ( 'NONE', #931 ) ;
#1110 = FACE_OUTER_BOUND ( 'NONE', #154, .T. ) ;
#1111 = CARTESIAN_POINT ( 'NONE',  ( 44.56988873810713869, -5.482703608986112975, 8.830551600150846170 ) ) ;
#1112 = CARTESIAN_POINT ( 'NONE',  ( 37.50000000000000000, -6.587375867430504073, 17.94999999999999574 ) ) ;
#1113 = CARTESIAN_POINT ( 'NONE',  ( 51.52130757269151218, -1.989298436287267657, 3.982368026587675747 ) ) ;
#1114 = CARTESIAN_POINT ( 'NONE',  ( 44.82961677663123368, -5.459391182567175704, 8.880992927092638212 ) ) ;
#1115 = VERTEX_POINT ( 'NONE', #1896 ) ;
#1116 = CARTESIAN_POINT ( 'NONE',  ( 52.37750355606139152, -5.572597694138509361, 2.227902777025462022 ) ) ;
#1117 = CARTESIAN_POINT ( 'NONE',  ( 45.24804398920966975, -6.526035009653162078, 5.857999407436349060 ) ) ;
#1118 = CARTESIAN_POINT ( 'NONE',  ( 39.18158255370642706, -4.336304205159713376, 1.168884193154348772 ) ) ;
#1119 = ADVANCED_FACE ( 'NONE', ( #2852 ), #1929, .T. ) ;
#1120 = CARTESIAN_POINT ( 'NONE',  ( 44.64256956541324683, -5.466613845559040286, 8.865365179945660756 ) ) ;
#1121 = CARTESIAN_POINT ( 'NONE',  ( 44.12572371222795198, -5.870532124087451287, 7.983389530359333186 ) ) ;
#1122 = ORIENTED_EDGE ( 'NONE', *, *, #430, .T. ) ;
#1123 = CARTESIAN_POINT ( 'NONE',  ( 43.79048941237102355, -5.639795738627773503, 7.775564057933697981 ) ) ;
#1124 = EDGE_CURVE ( 'NONE', #2876, #2365, #458, .T. ) ;
#1125 = ADVANCED_FACE ( 'NONE', ( #2383, #2902 ), #1670, .T. ) ;
#1126 = EDGE_CURVE ( 'NONE', #618, #225, #1960, .T. ) ;
#1127 = CARTESIAN_POINT ( 'NONE',  ( 45.24804398920966975, -5.622431708598515598, 7.813134780949143376 ) ) ;
#1128 = CARTESIAN_POINT ( 'NONE',  ( 49.99999999999999289, -1.915284323419865764, 3.812190467032865016 ) ) ;
#1129 = CARTESIAN_POINT ( 'NONE',  ( 44.03473891288029307, -5.672803670737087245, 8.411216534802610667 ) ) ;
#1130 = ORIENTED_EDGE ( 'NONE', *, *, #148, .T. ) ;
#1131 = DIRECTION ( 'NONE',  ( 1.000000000000000000, 0.000000000000000000, 0.000000000000000000 ) ) ;
#1132 = DIRECTION ( 'NONE',  ( -0.000000000000000000, 0.000000000000000000, 1.000000000000000000 ) ) ;
#1133 = CARTESIAN_POINT ( 'NONE',  ( 49.99999999999999289, -1.915284323419856660, 3.812190467032845920 ) ) ;
#1134 = CARTESIAN_POINT ( 'NONE',  ( 45.14532375665593378, -5.455860338958324895, 8.888632648229039646 ) ) ;
#1135 = CARTESIAN_POINT ( 'NONE',  ( 44.48224908920673215, -5.994680214040733368, 7.722782770857179457 ) ) ;
#1136 = ORIENTED_EDGE ( 'NONE', *, *, #15, .F. ) ;
#1137 = CARTESIAN_POINT ( 'NONE',  ( 37.50000000000000000, -7.070338780575039728, 17.82059047744873581 ) ) ;
#1138 = B_SPLINE_CURVE_WITH_KNOTS ( 'NONE', 3,
 ( #2732, #2934, #569, #1024, #1538, #338, #1739, #537, #1295, #1262, #2260, #2569, #2276, #123, #136, #2071, #1071, #2291, #2746, #1819, #1376, #179, #1104, #821, #368, #584, #836, #1805, #2055, #2040 ),
 .UNSPECIFIED., .F., .F.,
 ( 4, 2, 2, 2, 2, 2, 2, 2, 2, 2, 2, 2, 2, 2, 4 ),
 ( 0.000000000000000000, 5.458495268063313032E-05, 0.0001091699053612662606, 0.0002183398107225325213, 0.0002729247634031656787, 0.0003275097160837987819, 0.0003820946687644319393, 0.0004366796214450650426, 0.0004639720977853815671, 0.0004912645741256982000, 0.0005458495268063313574, 0.0006004344794869644064, 0.0006550194321675975638, 0.0007641893375288638787, 0.0008733592428901300851 ),
 .UNSPECIFIED. ) ;
#1139 = CARTESIAN_POINT ( 'NONE',  ( 44.66805845949902221, -5.612210358570528967, 7.835250816802108886 ) ) ;
#1140 = CARTESIAN_POINT ( 'NONE',  ( 52.94598499660380497, -10.76095453140808722, 12.02362162471704110 ) ) ;
#1141 = CARTESIAN_POINT ( 'NONE',  ( 44.55656091844965516, -5.472022598044847363, 8.853662208856945881 ) ) ;
#1142 = CARTESIAN_POINT ( 'NONE',  ( 37.00000000000000000, -7.699999999999999289, 17.44999999999999574 ) ) ;
#1143 = CARTESIAN_POINT ( 'NONE',  ( 44.69200296066435385, -6.042387216523897209, 7.611544972078107207 ) ) ;
#1144 = CARTESIAN_POINT ( 'NONE',  ( 44.17700521353580712, -5.909382460537785597, 7.907342361287046373 ) ) ;
#1145 = CARTESIAN_POINT ( 'NONE',  ( 44.23116688650122796, -5.532172235134086513, 8.723515845908234922 ) ) ;
#1146 = VECTOR ( 'NONE', #256, 1000.000000000000114 ) ;
#1147 = CARTESIAN_POINT ( 'NONE',  ( 44.51659591717280762, -5.999116726704673219, 7.713183444654856835 ) ) ;
#1148 = ORIENTED_EDGE ( 'NONE', *, *, #2437, .T. ) ;
#1149 = CARTESIAN_POINT ( 'NONE',  ( 39.60623926739517486, -3.534892825506334102, 1.199551915567039773 ) ) ;
#1150 = CARTESIAN_POINT ( 'NONE',  ( 51.19999999999999574, -5.742627683396033689, 14.79735685758177688 ) ) ;
#1151 = EDGE_CURVE ( 'NONE', #2600, #2336, #941, .T. ) ;
#1152 = DIRECTION ( 'NONE',  ( 0.000000000000000000, 0.000000000000000000, -1.000000000000000000 ) ) ;
#1153 = VECTOR ( 'NONE', #965, 1000.000000000000114 ) ;
#1154 = CARTESIAN_POINT ( 'NONE',  ( 53.00000000000000000, -5.658234657323871097, 3.014409412400969934 ) ) ;
#1155 = FACE_OUTER_BOUND ( 'NONE', #1040, .T. ) ;
#1156 = LINE ( 'NONE', #2568, #1172 ) ;
#1157 = CARTESIAN_POINT ( 'NONE',  ( 44.01895963464939143, -5.741128921438753530, 8.263380516059607217 ) ) ;
#1158 = ORIENTED_EDGE ( 'NONE', *, *, #1923, .T. ) ;
#1159 = CARTESIAN_POINT ( 'NONE',  ( 38.79999999999999716, -4.623483110884326841, 11.00226921075739916 ) ) ;
#1160 = CARTESIAN_POINT ( 'NONE',  ( 44.02398041968280040, -5.720151732911919140, 8.316782752778063781 ) ) ;
#1161 = AXIS2_PLACEMENT_3D ( 'NONE', #449, #2579, #3066 ) ;
#1162 = CARTESIAN_POINT ( 'NONE',  ( 44.31261455948757089, -5.961538842190670984, 7.794491083957827193 ) ) ;
#1163 = AXIS2_PLACEMENT_3D ( 'NONE', #710, #2403, #2888 ) ;
#1164 = CARTESIAN_POINT ( 'NONE',  ( 43.73985663204046404, -5.388110999994244921, 8.320108205515337474 ) ) ;
#1165 = ORIENTED_EDGE ( 'NONE', *, *, #2597, .F. ) ;
#1166 = FACE_OUTER_BOUND ( 'NONE', #2228, .T. ) ;
#1167 = CARTESIAN_POINT ( 'NONE',  ( 44.37348192344156672, -5.529637805597066524, 8.013913863972538465 ) ) ;
#1168 = CARTESIAN_POINT ( 'NONE',  ( 44.97826546905041312, -5.058206087310551879, 9.033955321925123627 ) ) ;
#1169 = CARTESIAN_POINT ( 'NONE',  ( 37.00000000000000000, 35.98124821683814645, 60.62651996769368878 ) ) ;
#1170 = CARTESIAN_POINT ( 'NONE',  ( 38.79999999999999716, -6.299407551880849887, 16.87528761539864774 ) ) ;
#1171 = CARTESIAN_POINT ( 'NONE',  ( 43.91702781813273049, -5.730338256793175766, 7.579627715053499415 ) ) ;
#1172 = VECTOR ( 'NONE', #2822, 1000.000000000000000 ) ;
#1173 = CARTESIAN_POINT ( 'NONE',  ( 51.72750956257863209, -2.227092205689553683, 4.541811195710825366 ) ) ;
#1174 = B_SPLINE_CURVE_WITH_KNOTS ( 'NONE', 3,
 ( #1781, #113, #830, #641, #1610, #2992, #1078, #2564, #2254, #2501, #1065, #2034, #2621, #3081, #2140, #926 ),
 .UNSPECIFIED., .F., .F.,
 ( 4, 2, 2, 2, 2, 2, 2, 4 ),
 ( 0.000000000000000000, 0.0005400065221585689801, 0.001080013044317137743, 0.001620019566475706723, 0.002160026088634275487, 0.002700032610792844467, 0.003240039132951413447, 0.004320052177268557045 ),
 .UNSPECIFIED. ) ;
#1175 = DIRECTION ( 'NONE',  ( -3.365074748039964801E-14, 0.9077414234172558327, -0.4195301040597854692 ) ) ;
#1176 = APPROVAL_PERSON_ORGANIZATION ( #1210, #494, #1472 ) ;
#1177 = CARTESIAN_POINT ( 'NONE',  ( 44.92761430783043863, -6.020277640312801992, 7.667397367199312974 ) ) ;
#1178 = ORIENTED_EDGE ( 'NONE', *, *, #243, .F. ) ;
#1179 = CARTESIAN_POINT ( 'NONE',  ( 44.03291821659063032, -5.810731266435011477, 8.120794922830894436 ) ) ;
#1180 = EDGE_CURVE ( 'NONE', #1764, #695, #1688, .T. ) ;
#1181 = LINE ( 'NONE', #2874, #2817 ) ;
#1182 = EDGE_CURVE ( 'NONE', #2567, #2624, #490, .T. ) ;
#1183 = LINE ( 'NONE', #2153, #1016 ) ;
#1184 = ORIENTED_EDGE ( 'NONE', *, *, #1557, .F. ) ;
#1185 = DIRECTION ( 'NONE',  ( 0.000000000000000000, 0.000000000000000000, -1.000000000000000000 ) ) ;
#1186 = CARTESIAN_POINT ( 'NONE',  ( 52.60851859790753338, -4.690402249812140489, 2.136911103864685302 ) ) ;
#1187 = CARTESIAN_POINT ( 'NONE',  ( 37.50000000000000000, -7.699999999999999289, 16.49999999999999645 ) ) ;
#1188 = DIRECTION ( 'NONE',  ( 0.000000000000000000, 0.000000000000000000, -1.000000000000000000 ) ) ;
#1189 = CARTESIAN_POINT ( 'NONE',  ( 43.82170810968662522, -5.668541479796156857, 7.713338010860238292 ) ) ;
#1190 = AXIS2_PLACEMENT_3D ( 'NONE', #2187, #31, #485 ) ;
#1191 = ORIENTED_EDGE ( 'NONE', *, *, #1459, .F. ) ;
#1192 = CARTESIAN_POINT ( 'NONE',  ( 44.05772819115561845, -5.788380124906793434, 8.169156308174690295 ) ) ;
#1193 = ADVANCED_BREP_SHAPE_REPRESENTATION ( 'Travel Case Latch Right REF2023', ( #2411, #2561 ), #101 ) ;
#1194 = CARTESIAN_POINT ( 'NONE',  ( 44.02243686667766553, -5.746199740084821705, 8.260422422783380014 ) ) ;
#1195 = DIRECTION ( 'NONE',  ( 0.000000000000000000, -0.3452175345683556884, 0.9385226975553367934 ) ) ;
#1196 = ORIENTED_EDGE ( 'NONE', *, *, #2431, .T. ) ;
#1197 = CARTESIAN_POINT ( 'NONE',  ( 40.79999999999999005, 6.935460182787541505, 15.56931747623857554 ) ) ;
#1198 = CARTESIAN_POINT ( 'NONE',  ( 53.00000000000000000, 70.80787289916612792, 35.30900166887731473 ) ) ;
#1199 = ORIENTED_EDGE ( 'NONE', *, *, #1458, .F. ) ;
#1200 = FACE_OUTER_BOUND ( 'NONE', #2473, .T. ) ;
#1201 = CIRCLE ( 'NONE', #1659, 79.75090985159472723 ) ;
#1202 = CARTESIAN_POINT ( 'NONE',  ( 51.65755824830160492, -4.728877597119806708, 1.484636582818035677 ) ) ;
#1203 = DIRECTION ( 'NONE',  ( 0.000000000000000000, -0.000000000000000000, 1.000000000000000000 ) ) ;
#1204 = CARTESIAN_POINT ( 'NONE',  ( 44.05400609568899739, -5.737829663312505879, 8.270519153403501633 ) ) ;
#1205 = CARTESIAN_POINT ( 'NONE',  ( 44.03291821659112770, -5.810731266435435138, 8.120794922831180429 ) ) ;
#1206 = ORIENTED_EDGE ( 'NONE', *, *, #1092, .F. ) ;
#1207 = DIRECTION ( 'NONE',  ( -1.000000000000000000, 0.000000000000000000, 0.000000000000000000 ) ) ;
#1208 = CIRCLE ( 'NONE', #168, 6.299999999999999822 ) ;
#1209 = CARTESIAN_POINT ( 'NONE',  ( 44.17116455637766848, -5.395853134634566395, 9.018470827995059835 ) ) ;
#1210 = PERSON_AND_ORGANIZATION ( #18446744073709551615, #18446744073709551615 ) ;
#1211 = ORIENTED_EDGE ( 'NONE', *, *, #2343, .T. ) ;
#1212 = EDGE_CURVE ( 'NONE', #1672, #2757, #429, .T. ) ;
#1213 = CARTESIAN_POINT ( 'NONE',  ( 44.37304398920966975, -5.855980218050791386, 7.307803567873246919 ) ) ;
#1214 = CARTESIAN_POINT ( 'NONE',  ( 43.56535168151735604, -6.526035009653162078, 5.857999407436349060 ) ) ;
#1215 = ORIENTED_EDGE ( 'NONE', *, *, #2964, .F. ) ;
#1216 = LINE ( 'NONE', #1477, #1715 ) ;
#1217 = CARTESIAN_POINT ( 'NONE',  ( 50.39579390872685849, -3.519364420109344582, 1.187724135722236785 ) ) ;
#1218 = EDGE_CURVE ( 'NONE', #2567, #2336, #1882, .T. ) ;
#1219 = EDGE_CURVE ( 'NONE', #2061, #943, #354, .T. ) ;
#1220 = EDGE_CURVE ( 'NONE', #1326, #1528, #56, .T. ) ;
#1221 = CYLINDRICAL_SURFACE ( 'NONE', #1758, 0.5000000000000004441 ) ;
#1222 = CARTESIAN_POINT ( 'NONE',  ( 37.50000000000000000, -6.782370465025383766, 16.74587809284738782 ) ) ;
#1223 = CARTESIAN_POINT ( 'NONE',  ( 37.07795375539514282, -5.226581583663207908, 2.609230320829696304 ) ) ;
#1224 = DIRECTION ( 'NONE',  ( -0.000000000000000000, 0.5880055610045783476, 0.8088568848861281690 ) ) ;
#1225 = ORIENTED_EDGE ( 'NONE', *, *, #1367, .F. ) ;
#1226 = CARTESIAN_POINT ( 'NONE',  ( 37.50000000000000000, -8.000000000000000000, 17.44999999999999574 ) ) ;
#1227 = CARTESIAN_POINT ( 'NONE',  ( 44.64499876283405655, -5.476627259582114604, 8.843699057278044506 ) ) ;
#1228 = MECHANICAL_CONTEXT ( 'NONE', #1889, 'mechanical' ) ;
#1229 = EDGE_LOOP ( 'NONE', ( #1184, #2404, #1866, #960 ) ) ;
#1230 = CARTESIAN_POINT ( 'NONE',  ( 44.39703761076820854, -5.549627224020111882, 7.970633958773808203 ) ) ;
#1231 = DIRECTION ( 'NONE',  ( -1.000000000000000000, -0.000000000000000000, -0.000000000000000000 ) ) ;
#1232 = ORIENTED_EDGE ( 'NONE', *, *, #1020, .F. ) ;
#1233 = CIRCLE ( 'NONE', #977, 1.449999999999999956 ) ;
#1234 = DIRECTION ( 'NONE',  ( -1.000000000000000000, -0.000000000000000000, -0.000000000000000000 ) ) ;
#1235 = DIRECTION ( 'NONE',  ( 0.000000000000000000, 0.000000000000000000, -1.000000000000000000 ) ) ;
#1236 = CARTESIAN_POINT ( 'NONE',  ( 44.43351173163888035, -5.380919031024634869, 8.335669539699475550 ) ) ;
#1237 = CARTESIAN_POINT ( 'NONE',  ( 39.19195959012676411, -4.333502263052101178, 1.166697753547105920 ) ) ;
#1238 = DIRECTION ( 'NONE',  ( 0.000000000000000000, 0.000000000000000000, -1.000000000000000000 ) ) ;
#1239 = CARTESIAN_POINT ( 'NONE',  ( 52.50000000000000000, 6.935460182787541505, 15.56931747623857554 ) ) ;
#1240 = ORIENTED_EDGE ( 'NONE', *, *, #2699, .F. ) ;
#1241 = DIRECTION ( 'NONE',  ( -0.000000000000000000, 0.000000000000000000, 1.000000000000000000 ) ) ;
#1242 = CARTESIAN_POINT ( 'NONE',  ( 44.06923046204344985, -5.865384146048777225, 8.002541948242852143 ) ) ;
#1243 = CARTESIAN_POINT ( 'NONE',  ( 45.30273891999406999, -5.635927057426471265, 8.499020513722808090 ) ) ;
#1244 = CC_DESIGN_DATE_AND_TIME_ASSIGNMENT ( #2970, #1722, ( #1052 ) ) ;
#1245 = ORIENTED_EDGE ( 'NONE', *, *, #2962, .F. ) ;
#1246 = AXIS2_PLACEMENT_3D ( 'NONE', #1197, #923, #2372 ) ;
#1247 = CARTESIAN_POINT ( 'NONE',  ( 44.96792867609711664, -5.622248421027913778, 7.813502758643073420 ) ) ;
#1248 = CARTESIAN_POINT ( 'NONE',  ( 44.05051579953082808, -5.742331078974950209, 8.268793082978218578 ) ) ;
#1249 = VERTEX_POINT ( 'NONE', #750 ) ;
#1250 = LINE ( 'NONE', #2216, #1153 ) ;
#1251 = ADVANCED_FACE ( 'NONE', ( #2952 ), #1407, .T. ) ;
#1252 = CARTESIAN_POINT ( 'NONE',  ( 53.00000000000000000, -4.426796369319328406, 10.40014275548656286 ) ) ;
#1253 = EDGE_CURVE ( 'NONE', #1102, #1806, #2837, .T. ) ;
#1254 = CARTESIAN_POINT ( 'NONE',  ( 44.88899927333338979, -5.322041811436639236, 8.463062760348707414 ) ) ;
#1255 = CARTESIAN_POINT ( 'NONE',  ( 51.19999999999999574, -11.00000000000000178, 17.94999999999999574 ) ) ;
#1256 = VECTOR ( 'NONE', #734, 1000.000000000000114 ) ;
#1257 = CARTESIAN_POINT ( 'NONE',  ( 37.71685307585992319, -2.577098660808342601, 5.386083162425447490 ) ) ;
#1258 = CARTESIAN_POINT ( 'NONE',  ( 44.36762446097517909, -5.489868410539759935, 8.807035361335289636 ) ) ;
#1259 = ORIENTED_EDGE ( 'NONE', *, *, #504, .F. ) ;
#1260 = CARTESIAN_POINT ( 'NONE',  ( 38.79999999999999716, -7.700000000000000178, 10.19999999999999751 ) ) ;
#1261 = DIRECTION ( 'NONE',  ( 0.000000000000000000, 0.000000000000000000, -1.000000000000000000 ) ) ;
#1262 = CARTESIAN_POINT ( 'NONE',  ( 44.47359182114729492, -5.365407609540722156, 8.369260358761321683 ) ) ;
#1263 = ADVANCED_FACE ( 'NONE', ( #2492 ), #2009, .T. ) ;
#1264 = CALENDAR_DATE ( 2026, 4, 4 ) ;
#1265 = AXIS2_PLACEMENT_3D ( 'NONE', #1318, #3038, #875 ) ;
#1266 = VERTEX_POINT ( 'NONE', #1993 ) ;
#1267 = DIRECTION ( 'NONE',  ( 0.000000000000000000, 0.000000000000000000, -1.000000000000000000 ) ) ;
#1268 = CARTESIAN_POINT ( 'NONE',  ( 53.00000000000000000, -3.923792862650094193, 1.481726916090126522 ) ) ;
#1269 = VERTEX_POINT ( 'NONE', #806 ) ;
#1270 = CARTESIAN_POINT ( 'NONE',  ( 45.03420184177377195, -5.321230608246966476, 8.464846572120075407 ) ) ;
#1271 = VECTOR ( 'NONE', #2650, 1000.000000000000114 ) ;
#1272 = CARTESIAN_POINT ( 'NONE',  ( 52.50000000000000000, -7.699999999999999289, 17.94999999999999574 ) ) ;
#1273 = CARTESIAN_POINT ( 'NONE',  ( 45.03420193324554077, -5.321224749564872347, 8.464830645178214041 ) ) ;
#1274 = CARTESIAN_POINT ( 'NONE',  ( 39.80030874531339435, -3.821751158493338352, 0.7717627809229011815 ) ) ;
#1275 = CARTESIAN_POINT ( 'NONE',  ( 37.26022368868328982, -2.873463365709620465, 5.076166508363935570 ) ) ;
#1276 = EDGE_LOOP ( 'NONE', ( #2245, #221, #3004, #2676 ) ) ;
#1277 = PLANE ( 'NONE',  #2719 ) ;
#1278 = FACE_OUTER_BOUND ( 'NONE', #2118, .T. ) ;
#1279 = CARTESIAN_POINT ( 'NONE',  ( 44.61927861162986630, -5.478388297496337600, 8.839888682176271217 ) ) ;
#1280 = PERSON_AND_ORGANIZATION_ROLE ( 'design_owner' ) ;
#1281 = ORIENTED_EDGE ( 'NONE', *, *, #1592, .T. ) ;
#1282 = CIRCLE ( 'NONE', #3046, 1.449999999999999956 ) ;
#1283 = CARTESIAN_POINT ( 'NONE',  ( 45.00335261794092645, -5.622415781659444889, 7.813140638794190629 ) ) ;
#1284 = FACE_OUTER_BOUND ( 'NONE', #2194, .T. ) ;
#1285 = EDGE_LOOP ( 'NONE', ( #757, #2641, #2949, #1640 ) ) ;
#1286 = EDGE_CURVE ( 'NONE', #2546, #2743, #1138, .T. ) ;
#1287 = LOCAL_TIME ( 19, 36, 22.00000000000000000, #1486 ) ;
#1288 = CARTESIAN_POINT ( 'NONE',  ( 40.80000000000000426, -3.022937153949438294, 3.946474528454205988 ) ) ;
#1289 = CARTESIAN_POINT ( 'NONE',  ( 44.54249350484752767, -5.485526525137370157, 8.824443628635773251 ) ) ;
#1290 = CARTESIAN_POINT ( 'NONE',  ( 53.00000000000000000, -8.000000000000000000, 14.94999999999999751 ) ) ;
#1291 = CARTESIAN_POINT ( 'NONE',  ( 43.72240296356864064, -5.474772575418362486, 8.132626303573955440 ) ) ;
#1292 = VERTEX_POINT ( 'NONE', #2098 ) ;
#1293 = DIRECTION ( 'NONE',  ( 0.000000000000000000, 0.2588190451025185190, -0.9659258262890689783 ) ) ;
#1294 = CARTESIAN_POINT ( 'NONE',  ( 53.00000000000001421, -5.657746474489229627, 3.013935818642348163 ) ) ;
#1295 = CARTESIAN_POINT ( 'NONE',  ( 44.44634112256920133, -5.375504719675147314, 8.347413141989292740 ) ) ;
#1296 = EDGE_CURVE ( 'NONE', #1885, #2600, #1344, .T. ) ;
#1297 = VERTEX_POINT ( 'NONE', #1117 ) ;
#1298 = CARTESIAN_POINT ( 'NONE',  ( 44.38825629254932892, -5.543161925604253248, 7.984622988714721536 ) ) ;
#1299 = CARTESIAN_POINT ( 'NONE',  ( 40.80000000000000426, -8.177032893060632190, 2.285719005541839710 ) ) ;
#1300 = ORIENTED_EDGE ( 'NONE', *, *, #2141, .T. ) ;
#1301 = CC_DESIGN_APPROVAL ( #404, ( #1052 ) ) ;
#1302 = CARTESIAN_POINT ( 'NONE',  ( 44.17116455637766137, -5.467694004053517354, 8.863028030363073739 ) ) ;
#1303 = CARTESIAN_POINT ( 'NONE',  ( 44.71593820866870317, -5.473058816795182580, 8.851420132127969964 ) ) ;
#1304 = CARTESIAN_POINT ( 'NONE',  ( 53.00000000000000000, -8.000000000000000000, 14.94999999999999751 ) ) ;
#1305 = CIRCLE ( 'NONE', #499, 79.25090985159471302 ) ;
#1306 = AXIS2_PLACEMENT_3D ( 'NONE', #793, #1106, #2100 ) ;
#1307 = CARTESIAN_POINT ( 'NONE',  ( 40.00000000000000000, -1.915284323419857548, 3.812190467032839702 ) ) ;
#1308 = ORIENTED_EDGE ( 'NONE', *, *, #2078, .T. ) ;
#1309 = PLANE ( 'NONE',  #772 ) ;
#1310 = DIRECTION ( 'NONE',  ( 0.000000000000000000, 0.000000000000000000, 1.000000000000000000 ) ) ;
#1311 = CARTESIAN_POINT ( 'NONE',  ( 38.33084554663927435, -4.737056699037126783, 1.491408842962703707 ) ) ;
#1312 = AXIS2_PLACEMENT_3D ( 'NONE', #2941, #1745, #948 ) ;
#1313 = CARTESIAN_POINT ( 'NONE',  ( 44.48327174236894876, -5.990284705512625152, 7.724279688971459557 ) ) ;
#1314 = CARTESIAN_POINT ( 'NONE',  ( 44.72961723250170252, -5.063848363955993470, 9.021718468876400721 ) ) ;
#1315 = ORIENTED_EDGE ( 'NONE', *, *, #1684, .F. ) ;
#1316 = EDGE_CURVE ( 'NONE', #1269, #2413, #2727, .T. ) ;
#1317 = VECTOR ( 'NONE', #1224, 1000.000000000000000 ) ;
#1318 = CARTESIAN_POINT ( 'NONE',  ( 51.19999999999999574, -7.700000000000000178, 16.49999999999999645 ) ) ;
#1319 = CARTESIAN_POINT ( 'NONE',  ( 44.14901279241912846, -5.598954672309595537, 8.571004340973372493 ) ) ;
#1320 = TOROIDAL_SURFACE ( 'NONE', #1424, 17.78717471930914229, 0.5000000000000000000 ) ;
#1321 = CARTESIAN_POINT ( 'NONE',  ( 51.19999999999999574, -4.623483110884326841, 11.00226921075739916 ) ) ;
#1322 = EDGE_CURVE ( 'NONE', #2587, #1847, #1551, .T. ) ;
#1323 = CARTESIAN_POINT ( 'NONE',  ( 52.50000000000000000, -3.025308875140436893, 6.510252019147729996 ) ) ;
#1324 = CIRCLE ( 'NONE', #1832, 0.5000000000000000000 ) ;
#1325 = CARTESIAN_POINT ( 'NONE',  ( 44.14716663324490042, -5.565728197757069395, 8.642896791630457543 ) ) ;
#1326 = VERTEX_POINT ( 'NONE', #3028 ) ;
#1327 = CARTESIAN_POINT ( 'NONE',  ( 40.00000000000000000, -1.969671794628557127, 3.319471916195388062 ) ) ;
#1328 = CARTESIAN_POINT ( 'NONE',  ( 52.50000000000000000, -6.782370465025382877, 16.74587809284738782 ) ) ;
#1329 = CARTESIAN_POINT ( 'NONE',  ( 43.82347349462459363, -5.566207463300240299, 8.175675041110965324 ) ) ;
#1330 = B_SPLINE_CURVE_WITH_KNOTS ( 'NONE', 3,
 ( #1248, #2448, #261, #27, #2684, #1917, #1743, #61, #2667, #2906, #2875, #481, #11 ),
 .UNSPECIFIED., .F., .F.,
 ( 4, 3, 3, 3, 4 ),
 ( 0.000000000000000000, 0.0001060848830957893482, 0.0002121697661915889963, 0.0003182546492873677057, 0.0004243395323831428644 ),
 .UNSPECIFIED. ) ;
#1331 = ORIENTED_EDGE ( 'NONE', *, *, #2574, .T. ) ;
#1332 = CARTESIAN_POINT ( 'NONE',  ( 45.03343962723601379, -5.418872872117966644, 8.730300877615315258 ) ) ;
#1333 = CARTESIAN_POINT ( 'NONE',  ( 44.36537026933261529, -5.519018609843950429, 8.036862119118243442 ) ) ;
#1334 = PLANE ( 'NONE',  #1470 ) ;
#1335 = ORIENTED_EDGE ( 'NONE', *, *, #1851, .F. ) ;
#1336 = CIRCLE ( 'NONE', #1829, 79.25090985159472723 ) ;
#1337 = CARTESIAN_POINT ( 'NONE',  ( 36.99799999999999756, -7.700000000000000178, 16.49999999999999645 ) ) ;
#1338 = CARTESIAN_POINT ( 'NONE',  ( 44.44901804714092464, -5.498860530620742537, 8.795592709476089510 ) ) ;
#1339 = CARTESIAN_POINT ( 'NONE',  ( 37.00000000000000000, -10.49999999999999467, 35.30900166887731473 ) ) ;
#1340 = CARTESIAN_POINT ( 'NONE',  ( 45.57624911741920215, -6.672498405457680803, 6.256180865673823810 ) ) ;
#1341 = CARTESIAN_POINT ( 'NONE',  ( 44.36901920971978086, -5.494205385108325679, 8.805665093728736181 ) ) ;
#1342 = EDGE_LOOP ( 'NONE', ( #2872, #482, #2829, #2989 ) ) ;
#1343 = CARTESIAN_POINT ( 'NONE',  ( 44.37304398920966975, -5.855980218050791386, 7.307803567873246919 ) ) ;
#1344 = LINE ( 'NONE', #2305, #1561 ) ;
#1345 = CARTESIAN_POINT ( 'NONE',  ( 39.83195664678694214, -4.229048003413096168, 1.085722750660316427 ) ) ;
#1346 = DIRECTION ( 'NONE',  ( 0.000000000000000000, -0.9385226975553380147, -0.3452175345683523022 ) ) ;
#1347 = CARTESIAN_POINT ( 'NONE',  ( 45.00286262845571628, -6.016156479277509739, 7.668300676937962024 ) ) ;
#1348 = ORIENTED_EDGE ( 'NONE', *, *, #532, .T. ) ;
#1349 = TOROIDAL_SURFACE ( 'NONE', #1504, 0.9499999999999998446, 0.5000000000000000000 ) ;
#1350 = CARTESIAN_POINT ( 'NONE',  ( 44.06182263028498625, -5.788599989804781742, 7.453594832206404952 ) ) ;
#1351 = CARTESIAN_POINT ( 'NONE',  ( 44.05064635850247612, -5.740829930197606679, 8.272041133393720713 ) ) ;
#1352 = DIRECTION ( 'NONE',  ( 1.000000000000000000, 0.000000000000000000, 0.000000000000000000 ) ) ;
#1353 = VECTOR ( 'NONE', #3063, 1000.000000000000000 ) ;
#1354 = CARTESIAN_POINT ( 'NONE',  ( 52.24576954389481642, -2.258758474466969535, 4.616361389716765906 ) ) ;
#1355 = EDGE_CURVE ( 'NONE', #2587, #618, #883, .T. ) ;
#1356 = CARTESIAN_POINT ( 'NONE',  ( 45.14532393248974529, -5.455860338701170598, 8.888632648785447898 ) ) ;
#1357 = ORIENTED_EDGE ( 'NONE', *, *, #243, .T. ) ;
#1358 = FACE_OUTER_BOUND ( 'NONE', #1342, .T. ) ;
#1359 = CARTESIAN_POINT ( 'NONE',  ( 43.92348475558078036, -5.656682463144565354, 8.218275374405870082 ) ) ;
#1360 = ORIENTED_EDGE ( 'NONE', *, *, #664, .T. ) ;
#1361 = CARTESIAN_POINT ( 'NONE',  ( 51.19999999999999574, -6.299407551880848999, 16.87528761539864774 ) ) ;
#1362 = CARTESIAN_POINT ( 'NONE',  ( 44.82961677663113420, -5.459391182564981904, 8.880992927093442901 ) ) ;
#1363 = VECTOR ( 'NONE', #37, 1000.000000000000000 ) ;
#1364 = EDGE_CURVE ( 'NONE', #358, #1764, #2656, .T. ) ;
#1365 = EDGE_CURVE ( 'NONE', #1705, #2112, #1305, .T. ) ;
#1366 = CARTESIAN_POINT ( 'NONE',  ( 44.31445824710466752, -5.957306971752887037, 7.795633936722329516 ) ) ;
#1367 = EDGE_CURVE ( 'NONE', #647, #269, #2539, .T. ) ;
#1368 = ORIENTED_EDGE ( 'NONE', *, *, #2402, .F. ) ;
#1369 = DIRECTION ( 'NONE',  ( 0.000000000000000000, -1.000000000000000000, 0.000000000000000000 ) ) ;
#1370 = CIRCLE ( 'NONE', #1774, 18.28717471930914229 ) ;
#1371 = CARTESIAN_POINT ( 'NONE',  ( 44.57350355203638514, -5.602455572866055888, 7.856357342829191737 ) ) ;
#1372 = CARTESIAN_POINT ( 'NONE',  ( 52.45796610774484492, -2.622776231362550448, 4.580306657263742309 ) ) ;
#1373 = CARTESIAN_POINT ( 'NONE',  ( 44.02737935719044060, -5.691660120854392879, 8.370416647728026405 ) ) ;
#1374 = ORIENTED_EDGE ( 'NONE', *, *, #1592, .F. ) ;
#1375 = CARTESIAN_POINT ( 'NONE',  ( 52.50000000000000000, 70.80787289916612792, 35.30900166887731473 ) ) ;
#1376 = CARTESIAN_POINT ( 'NONE',  ( 44.69003221959845717, -5.328764539099966058, 8.448545331635159528 ) ) ;
#1377 = B_SPLINE_CURVE_WITH_KNOTS ( 'NONE', 3,
 ( #3031, #2292, #2747, #602, #137, #1088, #870, #1837, #2056, #2781, #1586, #180, #634, #1603, #2555, #885, #1852, #2337, #2986, #1908, #1669, #442, #671, #659, #2883, #1391, #1867, #456, #1629, #1144, #1642, #237, #1405, #2584, #2164, #2596, #1439, #2146, #2397, #940, #1895, #1192, #2113, #2366, #930, #209, #2382, #222, #428, #2352 ),
 .UNSPECIFIED., .F., .F.,
 ( 4, 3, 2, 2, 2, 2, 2, 2, 2, 2, 2, 2, 2, 2, 2, 2, 2, 2, 2, 2, 2, 2, 3, 4 ),
 ( 0.000000000000000000, 2.581824718350774643E-06, 0.0001659736631385445697, 0.0003293655015587383639, 0.0004927573399789321852, 0.0005744532591890291230, 0.0006561491783991260608, 0.0006969971380041744755, 0.0007378450976092228901, 0.0007786930572142713048, 0.0008195410168193198279, 0.0008603889764243682426, 0.0009012369360294167657, 0.0009420848956344651803, 0.0009829328552395137034, 0.001023780814844562227, 0.001064628774449610533, 0.001105476734054659056, 0.001146324693659707362, 0.001187172653264755885, 0.001228020612869804408, 0.001268868572474852715, 0.001309716532079901238, 0.001322008472588818940 ),
 .UNSPECIFIED. ) ;
#1378 = ORIENTED_EDGE ( 'NONE', *, *, #118, .T. ) ;
#1379 = FACE_OUTER_BOUND ( 'NONE', #1855, .T. ) ;
#1380 = CARTESIAN_POINT ( 'NONE',  ( 44.41919418453083068, -5.485824099124459785, 8.823799764861531614 ) ) ;
#1381 = CARTESIAN_POINT ( 'NONE',  ( 52.50000000000000000, -6.299407551880849887, 16.87528761539864774 ) ) ;
#1382 = ORIENTED_EDGE ( 'NONE', *, *, #1883, .F. ) ;
#1383 = CARTESIAN_POINT ( 'NONE',  ( 44.14605651746509807, -5.811502771179311466, 7.404039858286970421 ) ) ;
#1384 = CARTESIAN_POINT ( 'NONE',  ( 37.50000000000000000, 70.80787289916612792, 35.30900166887731473 ) ) ;
#1385 = CC_DESIGN_PERSON_AND_ORGANIZATION_ASSIGNMENT ( #2478, #736, ( #1052 ) ) ;
#1386 = CARTESIAN_POINT ( 'NONE',  ( 50.84177568200416175, -2.028190584638775551, 3.430701985415431476 ) ) ;
#1387 = CARTESIAN_POINT ( 'NONE',  ( 44.11093889920602606, -5.593638347816609624, 8.590521011743511792 ) ) ;
#1388 = FACE_OUTER_BOUND ( 'NONE', #1913, .T. ) ;
#1389 = CARTESIAN_POINT ( 'NONE',  ( 43.96794918926367757, -5.753602850780632494, 7.529289883615517986 ) ) ;
#1390 = CIRCLE ( 'NONE', #3001, 2.500000000000000444 ) ;
#1391 = CARTESIAN_POINT ( 'NONE',  ( 44.25044564692899485, -5.941726340898929593, 7.837359588385562681 ) ) ;
#1392 = CARTESIAN_POINT ( 'NONE',  ( 44.07341681100326269, -5.625451263408461244, 8.521687092545715103 ) ) ;
#1393 = EDGE_CURVE ( 'NONE', #2417, #1506, #3070, .T. ) ;
#1394 = CARTESIAN_POINT ( 'NONE',  ( 44.18932314144826279, -5.915576368400385476, 7.893940541763745600 ) ) ;
#1395 = ORIENTED_EDGE ( 'NONE', *, *, #343, .T. ) ;
#1396 = CARTESIAN_POINT ( 'NONE',  ( 39.80145842942448553, -3.519364420207029553, 1.187724135587836738 ) ) ;
#1397 = DIRECTION ( 'NONE',  ( -1.000000000000000000, 0.000000000000000000, -0.000000000000000000 ) ) ;
#1398 = CARTESIAN_POINT ( 'NONE',  ( 44.54832368351652860, -5.598864595772800712, 7.864127175378827772 ) ) ;
#1399 = CARTESIAN_POINT ( 'NONE',  ( 52.17376549927853802, -5.224366755087018532, 1.909920927672158264 ) ) ;
#1400 = CARTESIAN_POINT ( 'NONE',  ( 45.24804398920966975, -5.321230608246966476, 8.464846572120075407 ) ) ;
#1401 = CYLINDRICAL_SURFACE ( 'NONE', #2634, 1.449999999999999956 ) ;
#1402 = AXIS2_PLACEMENT_3D ( 'NONE', #1526, #558, #1489 ) ;
#1403 = CARTESIAN_POINT ( 'NONE',  ( 43.90164413232045604, -5.722003891458435021, 7.597660863518893137 ) ) ;
#1404 = ORIENTED_EDGE ( 'NONE', *, *, #1182, .F. ) ;
#1405 = CARTESIAN_POINT ( 'NONE',  ( 44.12274838773944197, -5.874242263861956914, 7.983375551374911616 ) ) ;
#1406 = CARTESIAN_POINT ( 'NONE',  ( 44.18745471856267670, -5.550354644888030542, 8.684174386615023167 ) ) ;
#1407 = TOROIDAL_SURFACE ( 'NONE', #51, 79.75090985159472723, 0.5000000000000000000 ) ;
#1408 = CARTESIAN_POINT ( 'NONE',  ( 44.06571193649696028, -5.806491797670975785, 8.129967903205031377 ) ) ;
#1409 = ORIENTED_EDGE ( 'NONE', *, *, #1747, .F. ) ;
#1410 = CARTESIAN_POINT ( 'NONE',  ( 44.17979737681881147, -5.936763156255231877, 7.848098479944238370 ) ) ;
#1411 = DIRECTION ( 'NONE',  ( -0.5773502691896263972, 0.2818689366513585370, -0.7663005736769993304 ) ) ;
#1412 = CARTESIAN_POINT ( 'NONE',  ( 44.37681228608035866, -5.533087697643040315, 8.006449298531032710 ) ) ;
#1413 = VECTOR ( 'NONE', #1765, 999.9999999999998863 ) ;
#1414 = CARTESIAN_POINT ( 'NONE',  ( 51.11252164473064141, -4.435922116598027820, 1.247425113278944453 ) ) ;
#1415 = VECTOR ( 'NONE', #2252, 1000.000000000000000 ) ;
#1416 = DIRECTION ( 'NONE',  ( 0.000000000000000000, -1.000000000000000000, 0.000000000000000000 ) ) ;
#1417 = LINE ( 'NONE', #178, #213 ) ;
#1418 = ADVANCED_FACE ( 'NONE', ( #398 ), #1437, .T. ) ;
#1419 = CARTESIAN_POINT ( 'NONE',  ( 43.79047826273025379, -5.639786715092466984, 7.775554978819082308 ) ) ;
#1420 = ORIENTED_EDGE ( 'NONE', *, *, #898, .F. ) ;
#1421 = EDGE_CURVE ( 'NONE', #2336, #1068, #1717, .T. ) ;
#1422 = CARTESIAN_POINT ( 'NONE',  ( 51.94861633455118266, -2.334857238984473948, 4.798885880547872240 ) ) ;
#1423 = CARTESIAN_POINT ( 'NONE',  ( 44.15879760917777475, -5.564743974638596491, 8.653040051931213839 ) ) ;
#1424 = AXIS2_PLACEMENT_3D ( 'NONE', #32, #2424, #2438 ) ;
#1425 = ADVANCED_FACE ( 'NONE', ( #1532 ), #2130, .T. ) ;
#1426 = CARTESIAN_POINT ( 'NONE',  ( 44.17700521353541632, -5.909382460538363802, 7.907342361286973542 ) ) ;
#1427 = VECTOR ( 'NONE', #568, 1000.000000000000000 ) ;
#1428 = ORIENTED_EDGE ( 'NONE', *, *, #2935, .F. ) ;
#1429 = PLANE ( 'NONE',  #3014 ) ;
#1430 = DIRECTION ( 'NONE',  ( 1.000000000000000000, -0.000000000000000000, -0.000000000000000000 ) ) ;
#1431 = VERTEX_POINT ( 'NONE', #2065 ) ;
#1432 = CARTESIAN_POINT ( 'NONE',  ( 44.43597181939185958, -5.569847652528121529, 7.926911421632319765 ) ) ;
#1433 = CARTESIAN_POINT ( 'NONE',  ( 49.99999999999999289, -4.229048003413108603, 1.085722750660323754 ) ) ;
#1434 = CARTESIAN_POINT ( 'NONE',  ( 49.99999999999999289, -4.229048003413097057, 1.085722750660315983 ) ) ;
#1435 = CARTESIAN_POINT ( 'NONE',  ( 37.50000000000000000, -3.025308875140432896, 6.510252019147712232 ) ) ;
#1436 = CARTESIAN_POINT ( 'NONE',  ( 44.47812464535057586, -5.872441712183280593, 7.272157067250298645 ) ) ;
#1437 = B_SPLINE_SURFACE_WITH_KNOTS ( 'NONE', 1, 3, ( 
 ( #1616, #385, #2810, #1567, #646, #416, #2335, #1419, #914, #1189, #1879, #441, #2850, #1403, #1171, #2143, #1389, #2351, #1682, #2380, #207, #669, #2640, #702, #657, #2363, #1436, #453, #1667 ),
 ( #1157, #2161, #2395, #2607, #717, #192, #683, #3098, #220, #1654, #234, #1639, #2595, #938, #1906, #2, #2867, #2623, #1449, #2836, #955, #1893, #2111, #473, #1926, #2881, #487, #1143, #2125 ),
 ( #2410, #3083, #253, #1205, #3069, #929, #3056, #896, #1865, #2823, #1628, #2583, #427, #515, #548, #2689, #2946, #1749, #2895, #1480, #320, #1514, #1732, #2961, #503, #1968, #297, #2454, #762 ) ),
 .UNSPECIFIED., .F., .F., .F.,
 ( 2, 1, 2 ),
 ( 4, 2, 2, 2, 2, 2, 2, 2, 2, 2, 2, 2, 3, 4 ),
 ( 0.000000000000000000, 1.000000000000000000, 1.011333162860319934 ),
 ( 0.000000000000000000, 0.1250000000000000000, 0.2500000000000000000, 0.3125000000000000000, 0.3750000000000000000, 0.4375000000000000000, 0.5000000000000000000, 0.5625000000000000000, 0.6250000000000000000, 0.7500000000000000000, 0.8125000000000000000, 0.8750000000000000000, 1.000000000000000000, 1.279454147455582724 ),
 .UNSPECIFIED. ) ;
#1438 = AXIS2_PLACEMENT_3D ( 'NONE', #397, #2537, #384 ) ;
#1439 = CARTESIAN_POINT ( 'NONE',  ( 44.08033758887201259, -5.831303786671091949, 8.076281957917068155 ) ) ;
#1440 = CARTESIAN_POINT ( 'NONE',  ( 44.05051579953082808, -5.742331078974950209, 8.268793082978218578 ) ) ;
#1441 = CARTESIAN_POINT ( 'NONE',  ( 37.50000000000000000, 6.935460182787541505, 15.56931747623857554 ) ) ;
#1442 = VERTEX_POINT ( 'NONE', #2270 ) ;
#1443 = CARTESIAN_POINT ( 'NONE',  ( 52.72770394850913078, -2.859778690536137091, 5.048900474832132446 ) ) ;
#1444 = ORIENTED_EDGE ( 'NONE', *, *, #2898, .T. ) ;
#1445 = CARTESIAN_POINT ( 'NONE',  ( 49.19999999999998863, 70.80787289916612792, 35.30900166887731473 ) ) ;
#1446 = CARTESIAN_POINT ( 'NONE',  ( 52.49999999635422654, -6.039391080008984503, 2.681223106084493324 ) ) ;
#1447 = CARTESIAN_POINT ( 'NONE',  ( 45.24804398920966975, -5.885982671406121192, 7.242886963674578737 ) ) ;
#1448 = CARTESIAN_POINT ( 'NONE',  ( 40.80000000000000426, -8.177032893060632190, 2.285719005541839710 ) ) ;
#1449 = CARTESIAN_POINT ( 'NONE',  ( 44.23884251258992606, -5.957787649365895888, 7.794593889830847111 ) ) ;
#1450 = VERTEX_POINT ( 'NONE', #1577 ) ;
#1451 = CARTESIAN_POINT ( 'NONE',  ( 51.33141034874013542, -2.087585227084534090, 4.212826962402618669 ) ) ;
#1452 = CARTESIAN_POINT ( 'NONE',  ( 53.00000000000000000, -7.699999999999999289, 17.94999999999999574 ) ) ;
#1453 = CIRCLE ( 'NONE', #2762, 18.28717471930914229 ) ;
#1454 = DATE_AND_TIME ( #1264, #1287 ) ;
#1455 = ORIENTED_EDGE ( 'NONE', *, *, #631, .F. ) ;
#1456 = VECTOR ( 'NONE', #1601, 999.9999999999998863 ) ;
#1457 = ADVANCED_FACE ( 'NONE', ( #593 ), #1813, .F. ) ;
#1458 = EDGE_CURVE ( 'NONE', #2838, #3075, #2515, .T. ) ;
#1459 = EDGE_CURVE ( 'NONE', #248, #1506, #1390, .T. ) ;
#1460 = LINE ( 'NONE', #1648, #1353 ) ;
#1461 = LINE ( 'NONE', #1214, #371 ) ;
#1462 = ORIENTED_EDGE ( 'NONE', *, *, #1253, .F. ) ;
#1463 = CARTESIAN_POINT ( 'NONE',  ( 37.50000000000000000, -11.00000000000000178, 17.44999999999999574 ) ) ;
#1464 = CARTESIAN_POINT ( 'NONE',  ( 49.99999999999999289, -3.519364420207041544, 1.187724135587845176 ) ) ;
#1465 = CARTESIAN_POINT ( 'NONE',  ( 45.24804398920966975, -5.321230608246966476, 8.464846572120075407 ) ) ;
#1466 = CARTESIAN_POINT ( 'NONE',  ( 44.35062008378202592, -5.471232165829965410, 8.140258119284572658 ) ) ;
#1467 = CARTESIAN_POINT ( 'NONE',  ( 38.34383111037800518, -4.727908261141894997, 1.483834915550944711 ) ) ;
#1468 = ORIENTED_EDGE ( 'NONE', *, *, #2801, .T. ) ;
#1469 = DIRECTION ( 'NONE',  ( 0.000000000000000000, 0.000000000000000000, 1.000000000000000000 ) ) ;
#1470 = AXIS2_PLACEMENT_3D ( 'NONE', #1299, #2247, #2735 ) ;
#1471 = CARTESIAN_POINT ( 'NONE',  ( 44.05051579953082808, -5.742331078974950209, 8.268793082978218578 ) ) ;
#1472 = APPROVAL_ROLE ( '' ) ;
#1473 = ORIENTED_EDGE ( 'NONE', *, *, #2697, .T. ) ;
#1474 = CARTESIAN_POINT ( 'NONE',  ( 44.47713901326078201, -5.583901022336023701, 7.896475403361432832 ) ) ;
#1475 = CARTESIAN_POINT ( 'NONE',  ( 51.83649975841558444, -4.007716788092155369, 1.569678809773013661 ) ) ;
#1476 = ORIENTED_EDGE ( 'NONE', *, *, #1180, .T. ) ;
#1477 = CARTESIAN_POINT ( 'NONE',  ( 49.99999999999999289, -3.817500247228579724, 0.7776102994098094134 ) ) ;
#1478 = CARTESIAN_POINT ( 'NONE',  ( 43.79632319841342536, -5.304469792267178185, 8.501112114943717657 ) ) ;
#1479 = CARTESIAN_POINT ( 'NONE',  ( 44.17116455637756189, -6.672498405457703896, 6.256180865673886871 ) ) ;
#1480 = CARTESIAN_POINT ( 'NONE',  ( 44.28351143552690417, -5.971556028109609393, 7.772816799998925497 ) ) ;
#1481 = CARTESIAN_POINT ( 'NONE',  ( 38.79999999999999716, -7.700000000000000178, 16.49999999999999645 ) ) ;
#1482 = ORIENTED_EDGE ( 'NONE', *, *, #1296, .T. ) ;
#1483 = CARTESIAN_POINT ( 'NONE',  ( 36.99799999999999756, -7.700000000000000178, 15.04999999999999716 ) ) ;
#1484 = CARTESIAN_POINT ( 'NONE',  ( 38.16864041282113362, -4.004703869289196305, 1.567266725373473557 ) ) ;
#1485 = CARTESIAN_POINT ( 'NONE',  ( 44.52654598530794772, -5.487337837816281372, 8.820524473528806197 ) ) ;
#1486 = COORDINATED_UNIVERSAL_TIME_OFFSET ( 1, 0, .AHEAD. ) ;
#1487 = EDGE_LOOP ( 'NONE', ( #1232, #412, #258, #906 ) ) ;
#1488 = EDGE_CURVE ( 'NONE', #335, #1934, #2549, .T. ) ;
#1489 = DIRECTION ( 'NONE',  ( 0.000000000000000000, 0.000000000000000000, -1.000000000000000000 ) ) ;
#1490 = CARTESIAN_POINT ( 'NONE',  ( 50.97236332399219094, -3.642557938501684411, 1.282222906130591866 ) ) ;
#1491 = ORIENTED_EDGE ( 'NONE', *, *, #2993, .T. ) ;
#1492 = AXIS2_PLACEMENT_3D ( 'NONE', #1400, #1903, #715 ) ;
#1493 = CARTESIAN_POINT ( 'NONE',  ( 40.79999999999999005, -5.839349424941317146, 2.484020433342768008 ) ) ;
#1494 = CARTESIAN_POINT ( 'NONE',  ( 43.99086092614809473, -5.181886751546520564, 8.766346249022319626 ) ) ;
#1495 = CARTESIAN_POINT ( 'NONE',  ( 44.69003402093664334, -5.328758624591407589, 8.448529525486829783 ) ) ;
#1496 = CARTESIAN_POINT ( 'NONE',  ( 39.83438683071543096, -4.229048007081443572, 1.085722753488018499 ) ) ;
#1497 = CARTESIAN_POINT ( 'NONE',  ( 45.54804398920937558, -5.467694004053495149, 8.863028030363013343 ) ) ;
#1498 = CARTESIAN_POINT ( 'NONE',  ( 38.39393311294239197, -2.206838859876973924, 3.772275259620974541 ) ) ;
#1499 = CARTESIAN_POINT ( 'NONE',  ( 44.44241904277600952, -5.478199997655905484, 8.832282421361901115 ) ) ;
#1500 = VERTEX_POINT ( 'NONE', #625 ) ;
#1501 = CYLINDRICAL_SURFACE ( 'NONE', #698, 2.999999999999999112 ) ;
#1502 = CARTESIAN_POINT ( 'NONE',  ( 44.05918897474268903, -5.853696275271851768, 8.027831109504653284 ) ) ;
#1503 = CARTESIAN_POINT ( 'NONE',  ( 52.50000000000000000, 70.80787289916612792, 35.30900166887731473 ) ) ;
#1504 = AXIS2_PLACEMENT_3D ( 'NONE', #615, #104, #88 ) ;
#1505 = PERSON_AND_ORGANIZATION ( #18446744073709551615, #18446744073709551615 ) ;
#1506 = VERTEX_POINT ( 'NONE', #392 ) ;
#1507 = CIRCLE ( 'NONE', #1402, 18.28717471930914229 ) ;
#1508 = LINE ( 'NONE', #313, #246 ) ;
#1509 = CARTESIAN_POINT ( 'NONE',  ( 43.91005853053176367, -5.221607035083891013, 8.680374476395867234 ) ) ;
#1510 = ORIENTED_EDGE ( 'NONE', *, *, #206, .F. ) ;
#1511 = CARTESIAN_POINT ( 'NONE',  ( 45.03490296356864064, -5.885982671406121192, 7.242886963674578737 ) ) ;
#1512 = CARTESIAN_POINT ( 'NONE',  ( 43.94900277995383675, -5.201236788616250273, 8.724478382991168957 ) ) ;
#1513 = CARTESIAN_POINT ( 'NONE',  ( 44.44634946736366743, -5.375497451547174066, 8.347400264680640447 ) ) ;
#1514 = CARTESIAN_POINT ( 'NONE',  ( 44.33360369836655934, -5.983838431698511151, 7.746241242228905755 ) ) ;
#1515 = VECTOR ( 'NONE', #917, 1000.000000000000000 ) ;
#1516 = CARTESIAN_POINT ( 'NONE',  ( 45.87624911741480105, -6.526035009653162078, 5.857999407436349060 ) ) ;
#1517 = ORIENTED_EDGE ( 'NONE', *, *, #2431, .F. ) ;
#1518 = FACE_OUTER_BOUND ( 'NONE', #109, .T. ) ;
#1519 = CARTESIAN_POINT ( 'NONE',  ( 44.26366898920966975, -6.526035009653162078, 5.857999407436349060 ) ) ;
#1520 = CARTESIAN_POINT ( 'NONE',  ( 44.21433997119667225, -5.566999181148857723, 8.648160439367650554 ) ) ;
#1521 = PERSON_AND_ORGANIZATION ( #18446744073709551615, #18446744073709551615 ) ;
#1522 = EDGE_CURVE ( 'NONE', #2365, #2336, #1233, .T. ) ;
#1523 = VECTOR ( 'NONE', #1593, 999.9999999999998863 ) ;
#1524 = VERTEX_POINT ( 'NONE', #2316 ) ;
#1525 = ADVANCED_FACE ( 'NONE', ( #3007 ), #1830, .F. ) ;
#1526 = CARTESIAN_POINT ( 'NONE',  ( 51.19999999999999574, 6.935460182787541505, 15.56931747623857554 ) ) ;
#1527 = CARTESIAN_POINT ( 'NONE',  ( 44.56458721153880731, -5.071522191917783751, 9.005114531638852782 ) ) ;
#1528 = VERTEX_POINT ( 'NONE', #844 ) ;
#1529 = CARTESIAN_POINT ( 'NONE',  ( 44.36142466527572736, -5.089136183136186986, 8.967031568565392519 ) ) ;
#1530 = CARTESIAN_POINT ( 'NONE',  ( 44.88028057826780781, -5.468558542896738039, 8.861157419142186242 ) ) ;
#1531 = EDGE_CURVE ( 'NONE', #1847, #856, #2018, .T. ) ;
#1532 = FACE_OUTER_BOUND ( 'NONE', #1542, .T. ) ;
#1533 = PLANE ( 'NONE',  #1006 ) ;
#1534 = CARTESIAN_POINT ( 'NONE',  ( 44.50556861256356456, -5.471813541370187828, 8.846100859808382566 ) ) ;
#1535 = EDGE_LOOP ( 'NONE', ( #2577, #557, #1360, #613 ) ) ;
#1536 = DIRECTION ( 'NONE',  ( 1.000000000000000000, -0.000000000000000000, -0.000000000000000000 ) ) ;
#1537 = CARTESIAN_POINT ( 'NONE',  ( 37.50000000000000000, -11.00000000000000178, 12.00000000000000000 ) ) ;
#1538 = CARTESIAN_POINT ( 'NONE',  ( 44.36217667763200012, -5.433535465869434589, 8.221851444169734791 ) ) ;
#1539 = ORIENTED_EDGE ( 'NONE', *, *, #1750, .T. ) ;
#1540 = CARTESIAN_POINT ( 'NONE',  ( 40.00000000000000000, -2.374100237071620878, 3.613474696697677402 ) ) ;
#1541 = CARTESIAN_POINT ( 'NONE',  ( 44.48278783605860554, -5.077428083343452414, 8.992335896119261207 ) ) ;
#1542 = EDGE_LOOP ( 'NONE', ( #3050, #2480, #292, #1136 ) ) ;
#1543 = FACE_BOUND ( 'NONE', #881, .T. ) ;
#1544 = AXIS2_PLACEMENT_3D ( 'NONE', #1187, #2173, #18 ) ;
#1545 = CARTESIAN_POINT ( 'NONE',  ( 44.45034423882797370, -5.497105834492162835, 8.791375675756601282 ) ) ;
#1546 = DIRECTION ( 'NONE',  ( -1.000000000000000000, -0.000000000000000000, -0.000000000000000000 ) ) ;
#1547 = CARTESIAN_POINT ( 'NONE',  ( 37.06384264652162130, -3.134365397660163755, 5.598368939247968967 ) ) ;
#1548 = EDGE_LOOP ( 'NONE', ( #1199, #576, #1308, #1300 ) ) ;
#1549 = CARTESIAN_POINT ( 'NONE',  ( 38.97520252709995248, -2.059379192640528267, 3.490068710611321734 ) ) ;
#1550 = CARTESIAN_POINT ( 'NONE',  ( 37.00000000000000000, -5.800234598409094389, 3.152165510693846873 ) ) ;
#1551 = LINE ( 'NONE', #3045, #2109 ) ;
#1552 = EDGE_CURVE ( 'NONE', #28, #2587, #1641, .T. ) ;
#1553 = ORIENTED_EDGE ( 'NONE', *, *, #2812, .T. ) ;
#1554 = CARTESIAN_POINT ( 'NONE',  ( 44.38421743600189018, -5.539840322238235970, 7.991809974674272787 ) ) ;
#1555 = FACE_OUTER_BOUND ( 'NONE', #921, .T. ) ;
#1556 = VERTEX_POINT ( 'NONE', #1321 ) ;
#1557 = EDGE_CURVE ( 'NONE', #2624, #455, #434, .T. ) ;
#1558 = CARTESIAN_POINT ( 'NONE',  ( 44.18961811499754333, -5.821957746785563437, 7.381418324464476655 ) ) ;
#1559 = CARTESIAN_POINT ( 'NONE',  ( 44.54335007496573695, -5.483838824253601807, 8.820081636644404810 ) ) ;
#1560 = DIRECTION ( 'NONE',  ( 0.000000000000000000, 0.000000000000000000, -1.000000000000000000 ) ) ;
#1561 = VECTOR ( 'NONE', #2760, 1000.000000000000000 ) ;
#1562 = CARTESIAN_POINT ( 'NONE',  ( 38.64378573789635851, -1.947733294787570735, 3.886006800024404573 ) ) ;
#1563 = CARTESIAN_POINT ( 'NONE',  ( 44.03803873908660904, -5.676127222824725926, 8.412039019412056007 ) ) ;
#1564 = ORIENTED_EDGE ( 'NONE', *, *, #2658, .T. ) ;
#1565 = CARTESIAN_POINT ( 'NONE',  ( 45.00321020298007824, -5.655970975182621707, 7.800798006408091290 ) ) ;
#1566 = DIRECTION ( 'NONE',  ( 0.000000000000000000, 0.9990028599729576797, -0.04464622902162008328 ) ) ;
#1567 = CARTESIAN_POINT ( 'NONE',  ( 43.73648355650792752, -5.558722064474648228, 7.950955362792198500 ) ) ;
#1568 = CARTESIAN_POINT ( 'NONE',  ( 38.45907931385758616, -4.651744539382177024, 1.421295574707427622 ) ) ;
#1569 = VECTOR ( 'NONE', #1587, 1000.000000000000000 ) ;
#1570 = CARTESIAN_POINT ( 'NONE',  ( 44.98727222868322428, -5.456343195155231918, 8.887587887509965867 ) ) ;
#1571 = CARTESIAN_POINT ( 'NONE',  ( 44.36776081381732695, -5.522597600142167273, 8.029118222515240433 ) ) ;
#1572 = CARTESIAN_POINT ( 'NONE',  ( 44.50318687568208986, -5.075821473806269246, 8.995812133018672441 ) ) ;
#1573 = ORIENTED_EDGE ( 'NONE', *, *, #1747, .T. ) ;
#1574 = CARTESIAN_POINT ( 'NONE',  ( 43.83321472585500089, -5.677923643516688657, 7.693066334121419381 ) ) ;
#1575 = CARTESIAN_POINT ( 'NONE',  ( 45.04069450466544566, -5.466028268800197765, 8.858618511120404548 ) ) ;
#1576 = AXIS2_PLACEMENT_3D ( 'NONE', #2465, #277, #2702 ) ;
#1577 = CARTESIAN_POINT ( 'NONE',  ( 52.50000000000000000, -5.742627683396033689, 14.79735685758177688 ) ) ;
#1578 = CARTESIAN_POINT ( 'NONE',  ( 50.98937216840329967, -1.876279801105594336, 3.720983201106659255 ) ) ;
#1579 = CIRCLE ( 'NONE', #468, 0.5000000000000004441 ) ;
#1580 = ADVANCED_FACE ( 'NONE', ( #2285 ), #348, .T. ) ;
#1581 = CARTESIAN_POINT ( 'NONE',  ( 44.53991026338302817, -5.473332152906374759, 8.850828712088700811 ) ) ;
#1582 = EDGE_LOOP ( 'NONE', ( #1658, #1374, #1215, #1770 ) ) ;
#1583 = PLANE ( 'NONE',  #1438 ) ;
#1584 = CARTESIAN_POINT ( 'NONE',  ( 44.58664780821067097, -5.959792466070450878, 7.447744170912995898 ) ) ;
#1585 = CARTESIAN_POINT ( 'NONE',  ( 40.79999999999999005, 70.80787289916612792, 35.30900166887731473 ) ) ;
#1586 = CARTESIAN_POINT ( 'NONE',  ( 44.61798902227957342, -6.008635108812676151, 7.692588427419625674 ) ) ;
#1587 = DIRECTION ( 'NONE',  ( -1.000000000000000000, -0.000000000000000000, -0.000000000000000000 ) ) ;
#1588 = CARTESIAN_POINT ( 'NONE',  ( 44.06105358435711139, -5.785116812240154616, 8.168203482939366822 ) ) ;
#1589 = EDGE_CURVE ( 'NONE', #1683, #2633, #1844, .T. ) ;
#1590 = ORIENTED_EDGE ( 'NONE', *, *, #719, .F. ) ;
#1591 = CIRCLE ( 'NONE', #2541, 1.449999999999999956 ) ;
#1592 = EDGE_CURVE ( 'NONE', #2426, #586, #1174, .T. ) ;
#1593 = DIRECTION ( 'NONE',  ( -0.5773502691896262862, 0.7663005736769984422, 0.2818689366513614236 ) ) ;
#1594 = CARTESIAN_POINT ( 'NONE',  ( 44.83808194887951259, -5.469173209585011186, 8.859827458767155051 ) ) ;
#1595 = DIRECTION ( 'NONE',  ( 0.000000000000000000, 0.000000000000000000, -1.000000000000000000 ) ) ;
#1596 = CARTESIAN_POINT ( 'NONE',  ( 52.34115236379756197, -2.543372883317255084, 4.424706175431817989 ) ) ;
#1597 = CARTESIAN_POINT ( 'NONE',  ( 44.18493498144074039, -5.546368440923451715, 8.684785688410494586 ) ) ;
#1598 = EDGE_LOOP ( 'NONE', ( #841, #1982, #753, #2914 ) ) ;
#1599 = CARTESIAN_POINT ( 'NONE',  ( 45.00278336355988529, -5.756588774935088360, 7.763787682784902167 ) ) ;
#1600 = CARTESIAN_POINT ( 'NONE',  ( 52.98087166814173798, -5.515971109557740171, 2.879652778772294308 ) ) ;
#1601 = DIRECTION ( 'NONE',  ( 0.000000000000000000, -0.2588190451025185190, 0.9659258262890689783 ) ) ;
#1602 = B_SPLINE_CURVE_WITH_KNOTS ( 'NONE', 3,
 ( #424, #2050, #2820, #1140, #1875, #131 ),
 .UNSPECIFIED., .F., .F.,
 ( 4, 2, 4 ),
 ( 0.000000000000000000, 0.0003915139416990310000, 0.0007830278833980620001 ),
 .UNSPECIFIED. ) ;
#1603 = CARTESIAN_POINT ( 'NONE',  ( 44.51659591717294262, -5.999116726704024849, 7.713183444655081544 ) ) ;
#1604 = CARTESIAN_POINT ( 'NONE',  ( 45.03353490404761317, -5.406667589134086072, 8.697119089428396066 ) ) ;
#1605 = CARTESIAN_POINT ( 'NONE',  ( 44.35683629389985327, -5.967986118467222489, 7.772527361662475265 ) ) ;
#1606 = CARTESIAN_POINT ( 'NONE',  ( 43.74357339747744788, -5.379544663727621412, 8.338643271773602095 ) ) ;
#1607 = ORIENTED_EDGE ( 'NONE', *, *, #201, .T. ) ;
#1608 = CARTESIAN_POINT ( 'NONE',  ( 53.00000000000000000, -6.299407551880849887, 16.87528761539864774 ) ) ;
#1609 = CARTESIAN_POINT ( 'NONE',  ( 44.35167959837538376, -5.486111470232668985, 8.108092225042046408 ) ) ;
#1610 = CARTESIAN_POINT ( 'NONE',  ( 39.12985089399371930, -1.983906949422564958, 3.970999078829810180 ) ) ;
#1611 = AXIS2_PLACEMENT_3D ( 'NONE', #2152, #2387, #435 ) ;
#1612 = CARTESIAN_POINT ( 'NONE',  ( 50.42770391523178120, -1.981676361662398245, 3.342241455893379953 ) ) ;
#1613 = CARTESIAN_POINT ( 'NONE',  ( 44.17481337134688602, -5.551249097990460513, 8.674225362583324994 ) ) ;
#1614 = ORIENTED_EDGE ( 'NONE', *, *, #110, .F. ) ;
#1615 = DIRECTION ( 'NONE',  ( -1.000000000000000000, -0.000000000000000000, -0.000000000000000000 ) ) ;
#1616 = CARTESIAN_POINT ( 'NONE',  ( 43.72239096685935777, -5.474761800413243229, 8.132621014128705639 ) ) ;
#1617 = ORIENTED_EDGE ( 'NONE', *, *, #1032, .T. ) ;
#1618 = CARTESIAN_POINT ( 'NONE',  ( 44.50628753529500159, -5.476243283725814592, 8.844529869622178353 ) ) ;
#1619 = CARTESIAN_POINT ( 'NONE',  ( 44.05416203564913502, -5.746337568021958830, 8.252110516081696545 ) ) ;
#1620 = ORIENTED_EDGE ( 'NONE', *, *, #1488, .T. ) ;
#1621 = CYLINDRICAL_SURFACE ( 'NONE', #2423, 0.5000000000000004441 ) ;
#1622 = VECTOR ( 'NONE', #282, 1000.000000000000000 ) ;
#1623 = LINE ( 'NONE', #2563, #2526 ) ;
#1624 = CARTESIAN_POINT ( 'NONE',  ( 50.18016236570819189, -1.915284326120934244, 3.812190473269376767 ) ) ;
#1625 = CARTESIAN_POINT ( 'NONE',  ( 44.27922029854006780, -5.515932912068404192, 8.758653029376025856 ) ) ;
#1626 = EDGE_CURVE ( 'NONE', #2497, #1450, #2445, .T. ) ;
#1627 = FACE_OUTER_BOUND ( 'NONE', #169, .T. ) ;
#1628 = CARTESIAN_POINT ( 'NONE',  ( 44.09762821043147341, -5.890609586846638379, 7.947961413225233862 ) ) ;
#1629 = CARTESIAN_POINT ( 'NONE',  ( 44.18932314144864648, -5.915576368399801943, 7.893940541763828200 ) ) ;
#1630 = CARTESIAN_POINT ( 'NONE',  ( 52.50000000000000000, -10.49999999999999467, 35.30900166887731473 ) ) ;
#1631 = CARTESIAN_POINT ( 'NONE',  ( 44.06037941829552551, -5.794909434499524004, 8.155028776620284248 ) ) ;
#1632 = ORIENTED_EDGE ( 'NONE', *, *, #953, .F. ) ;
#1633 = CARTESIAN_POINT ( 'NONE',  ( 37.61351453511797160, -4.435259898401953116, 1.920058120326675555 ) ) ;
#1634 = LINE ( 'NONE', #934, #1761 ) ;
#1635 = CARTESIAN_POINT ( 'NONE',  ( 44.42976951585257694, -5.567178796336572866, 7.932686052093316675 ) ) ;
#1636 = CARTESIAN_POINT ( 'NONE',  ( 50.79595863803096023, -1.848336457227503171, 3.656810043237918695 ) ) ;
#1637 = CARTESIAN_POINT ( 'NONE',  ( 52.50000000000000000, -8.000000000000000000, 14.94999999999999751 ) ) ;
#1638 = CARTESIAN_POINT ( 'NONE',  ( 52.90554210172376060, -5.234014810702409370, 2.618507376038982315 ) ) ;
#1639 = CARTESIAN_POINT ( 'NONE',  ( 44.10901843678370682, -5.898504157489834476, 7.922866165836166985 ) ) ;
#1640 = ORIENTED_EDGE ( 'NONE', *, *, #80, .F. ) ;
#1641 = CIRCLE ( 'NONE', #837, 79.25090985159472723 ) ;
#1642 = CARTESIAN_POINT ( 'NONE',  ( 44.15232825550234708, -5.895193482963124509, 7.938043191992087522 ) ) ;
#1643 = CARTESIAN_POINT ( 'NONE',  ( 44.14985381798789632, -5.569628178936517848, 8.642472050925471549 ) ) ;
#1644 = ADVANCED_FACE ( 'NONE', ( #204 ), #2407, .F. ) ;
#1645 = DIRECTION ( 'NONE',  ( 1.000000000000000000, 0.000000000000000000, 0.000000000000000000 ) ) ;
#1646 = EDGE_LOOP ( 'NONE', ( #1240, #2776, #606, #1959 ) ) ;
#1647 = CARTESIAN_POINT ( 'NONE',  ( 44.09762821043102576, -5.890609586846281331, 7.947961413224804872 ) ) ;
#1648 = CARTESIAN_POINT ( 'NONE',  ( 53.00000000000000000, -3.519364420207029553, 1.187724135587836738 ) ) ;
#1649 = ADVANCED_FACE ( 'NONE', ( #1155 ), #439, .F. ) ;
#1650 = CARTESIAN_POINT ( 'NONE',  ( 44.45564880686050913, -5.577349088066982041, 7.910680491580336593 ) ) ;
#1651 = CARTESIAN_POINT ( 'NONE',  ( 51.99324131864426590, -5.013022876293635299, 1.724670213960707299 ) ) ;
#1652 = DIRECTION ( 'NONE',  ( 1.000000000000000000, 0.000000000000000000, 0.000000000000000000 ) ) ;
#1653 = CIRCLE ( 'NONE', #2206, 2.500000000000000444 ) ;
#1654 = CARTESIAN_POINT ( 'NONE',  ( 44.08689570624635934, -5.881957653350542436, 7.958668000018211508 ) ) ;
#1655 = CARTESIAN_POINT ( 'NONE',  ( 52.04629508130574322, -2.392922181952553906, 4.938376696624770190 ) ) ;
#1656 = CARTESIAN_POINT ( 'NONE',  ( 40.00000000000000000, -4.228082759511184285, 5.314808048982792243 ) ) ;
#1657 = CARTESIAN_POINT ( 'NONE',  ( 44.07553437582001976, -5.823972787043993016, 8.092144114107176378 ) ) ;
#1658 = ORIENTED_EDGE ( 'NONE', *, *, #2498, .T. ) ;
#1659 = AXIS2_PLACEMENT_3D ( 'NONE', #2712, #2677, #2915 ) ;
#1660 = FACE_OUTER_BOUND ( 'NONE', #339, .T. ) ;
#1661 = ORIENTED_EDGE ( 'NONE', *, *, #2706, .F. ) ;
#1662 = CARTESIAN_POINT ( 'NONE',  ( 44.56506040822864634, -5.601314344525502698, 7.858826629844033462 ) ) ;
#1663 = CARTESIAN_POINT ( 'NONE',  ( 52.41328938277561633, -4.771822052510120926, 1.516210710670921058 ) ) ;
#1664 = AXIS2_PLACEMENT_3D ( 'NONE', #858, #639, #623 ) ;
#1665 = CARTESIAN_POINT ( 'NONE',  ( 53.00000000000000000, -7.699999999999999289, 16.49999999999999645 ) ) ;
#1666 = CARTESIAN_POINT ( 'NONE',  ( 53.00000000000000000, -6.587375867430504073, 17.94999999999999574 ) ) ;
#1667 = CARTESIAN_POINT ( 'NONE',  ( 44.68829435575717213, -5.905377054075738208, 7.200894543198967490 ) ) ;
#1668 = ORIENTED_EDGE ( 'NONE', *, *, #1218, .T. ) ;
#1669 = CARTESIAN_POINT ( 'NONE',  ( 44.35521428185563764, -5.972273896009158811, 7.771263542144203562 ) ) ;
#1670 = PLANE ( 'NONE',  #2266 ) ;
#1671 = CARTESIAN_POINT ( 'NONE',  ( 44.05065089016515856, -5.745691173412956765, 8.261522813506648077 ) ) ;
#1672 = VERTEX_POINT ( 'NONE', #2638 ) ;
#1673 = CARTESIAN_POINT ( 'NONE',  ( 38.66756015511320754, -3.760805556319851917, 1.374186156054246322 ) ) ;
#1674 = DIRECTION ( 'NONE',  ( 0.6310573659279623548, -0.7757039021996682271, 0.007075098604929387983 ) ) ;
#1675 = CARTESIAN_POINT ( 'NONE',  ( 40.79999999999999005, -2.011544022000738785, 4.035382889355274116 ) ) ;
#1676 = ORIENTED_EDGE ( 'NONE', *, *, #2339, .T. ) ;
#1677 = PLANE ( 'NONE',  #208 ) ;
#1678 = EDGE_CURVE ( 'NONE', #856, #2624, #2896, .T. ) ;
#1679 = CARTESIAN_POINT ( 'NONE',  ( 53.00000000000000000, -6.158236782065931614, 2.803117610690238237 ) ) ;
#1680 = DIRECTION ( 'NONE',  ( 0.000000000000000000, 0.000000000000000000, 1.000000000000000000 ) ) ;
#1681 = DIRECTION ( 'NONE',  ( 0.000000000000000000, 0.000000000000000000, -1.000000000000000000 ) ) ;
#1682 = CARTESIAN_POINT ( 'NONE',  ( 44.06181546923942705, -5.788593145598795786, 7.453581037655447439 ) ) ;
#1683 = VERTEX_POINT ( 'NONE', #967 ) ;
#1684 = EDGE_CURVE ( 'NONE', #1115, #1847, #186, .T. ) ;
#1685 = FACE_OUTER_BOUND ( 'NONE', #2090, .T. ) ;
#1686 = ADVANCED_FACE ( 'NONE', ( #1937, #2893 ), #2360, .F. ) ;
#1687 = EDGE_CURVE ( 'NONE', #711, #1297, #2158, .T. ) ;
#1688 = LINE ( 'NONE', #2643, #601 ) ;
#1689 = CC_DESIGN_APPROVAL ( #679, ( #1810 ) ) ;
#1690 = CARTESIAN_POINT ( 'NONE',  ( 44.29740186870224505, -5.957265260904542004, 7.803737873931188673 ) ) ;
#1691 = ORIENTED_EDGE ( 'NONE', *, *, #2859, .F. ) ;
#1692 = CARTESIAN_POINT ( 'NONE',  ( 40.80000000000000426, -8.177032893060632190, 2.285719005541839710 ) ) ;
#1693 = DIRECTION ( 'NONE',  ( 0.000000000000000000, 0.000000000000000000, -1.000000000000000000 ) ) ;
#1694 = DIRECTION ( 'NONE',  ( 1.000000000000000000, 0.000000000000000000, 0.000000000000000000 ) ) ;
#1695 = ORIENTED_EDGE ( 'NONE', *, *, #1589, .T. ) ;
#1696 = DIRECTION ( 'NONE',  ( 1.000000000000000000, 0.000000000000000000, 0.000000000000000000 ) ) ;
#1697 = CARTESIAN_POINT ( 'NONE',  ( 52.39188958359983417, -4.440798926409744496, 1.924711685274945294 ) ) ;
#1698 = FACE_OUTER_BOUND ( 'NONE', #1105, .T. ) ;
#1699 = CARTESIAN_POINT ( 'NONE',  ( 37.30074402479908713, -4.820176422118580106, 2.249290092949610020 ) ) ;
#1700 = ORIENTED_EDGE ( 'NONE', *, *, #2706, .T. ) ;
#1701 = DIRECTION ( 'NONE',  ( -1.000000000000000000, -0.000000000000000000, -0.000000000000000000 ) ) ;
#1702 = CARTESIAN_POINT ( 'NONE',  ( 44.88028057826782202, -5.468558542896520436, 8.861157419141596492 ) ) ;
#1703 = AXIS2_PLACEMENT_3D ( 'NONE', #2938, #523, #1267 ) ;
#1704 = PERSON_AND_ORGANIZATION ( #18446744073709551615, #18446744073709551615 ) ;
#1705 = VERTEX_POINT ( 'NONE', #730 ) ;
#1706 = AXIS2_PLACEMENT_3D ( 'NONE', #1656, #2611, #2884 ) ;
#1707 = B_SPLINE_CURVE_WITH_KNOTS ( 'NONE', 3,
 ( #230, #437, #890, #215, #1858, #188, #1874, #1139, #2121, #3078, #409, #1371, #1662, #1398, #910, #2819, #467, #2832, #2803, #1843, #666, #1650, #876, #1432, #1635, #2391, #2590, #2358, #924, #678, #2604, #1412, #1167, #2138, #3095, #935, #1901, #2079, #3039, #640, #1609, #2330, #174, #2092 ),
 .UNSPECIFIED., .F., .F.,
 ( 4, 2, 2, 2, 2, 2, 2, 2, 2, 2, 2, 2, 2, 2, 2, 2, 2, 2, 2, 2, 2, 4 ),
 ( 0.000000000000000000, 0.0001053452746322650513, 0.0002106905492645301027, 0.0003160358238967951811, 0.0003687084612129276932, 0.0004213810985290602053, 0.0004477174171871264614, 0.0004740537358451927174, 0.0005003900545032589735, 0.0005267263731613252295, 0.0005530626918193914856, 0.0005793990104774577416, 0.0006057353291355239977, 0.0006320716477935903622, 0.0006584079664516566182, 0.0006847442851097228743, 0.0007110806037677891303, 0.0007374169224258553864, 0.0007637532410839216425, 0.0007900895597419878985, 0.0008164258784000541546, 0.0008427621970581204106 ),
 .UNSPECIFIED. ) ;
#1708 = CARTESIAN_POINT ( 'NONE',  ( 44.56506417340066406, -5.601298670769429222, 7.858831939876506745 ) ) ;
#1709 = PRODUCT_RELATED_PRODUCT_CATEGORY ( 'detail', '', ( #2416 ) ) ;
#1710 = CARTESIAN_POINT ( 'NONE',  ( 52.26394551477063999, -4.320043591977405839, 1.824203104389446883 ) ) ;
#1711 = PRODUCT_DEFINITION_SHAPE ( 'NONE', 'NONE',  #1052 ) ;
#1712 = ORIENTED_EDGE ( 'NONE', *, *, #1393, .T. ) ;
#1713 = CARTESIAN_POINT ( 'NONE',  ( 49.99999999999999289, -3.923792862650095081, 1.481726916090125412 ) ) ;
#1714 = CARTESIAN_POINT ( 'NONE',  ( 44.20708612511528202, -5.114800131592892818, 8.911502230200794017 ) ) ;
#1715 = VECTOR ( 'NONE', #776, 1000.000000000000000 ) ;
#1716 = CARTESIAN_POINT ( 'NONE',  ( 44.78027491095701151, -5.324713598459394959, 8.457281788419294344 ) ) ;
#1717 = LINE ( 'NONE', #1255, #2592 ) ;
#1718 = LINE ( 'NONE', #35, #1622 ) ;
#1719 = ORIENTED_EDGE ( 'NONE', *, *, #2468, .T. ) ;
#1720 = DIRECTION ( 'NONE',  ( 0.000000000000000000, -1.000000000000000000, 0.000000000000000000 ) ) ;
#1721 = DIRECTION ( 'NONE',  ( 1.000000000000000000, 0.000000000000000000, 0.000000000000000000 ) ) ;
#1722 = DATE_TIME_ROLE ( 'creation_date' ) ;
#1723 = AXIS2_PLACEMENT_3D ( 'NONE', #2908, #263, #2922 ) ;
#1724 = VERTEX_POINT ( 'NONE', #2652 ) ;
#1725 = AXIS2_PLACEMENT_3D ( 'NONE', #1198, #1231, #2648 ) ;
#1726 = CARTESIAN_POINT ( 'NONE',  ( 44.75573306308723431, -5.617533714563810676, 7.823704015514359789 ) ) ;
#1727 = CARTESIAN_POINT ( 'NONE',  ( 50.19854521427902938, -3.519364420207039768, 1.187724135587842733 ) ) ;
#1728 = ORIENTED_EDGE ( 'NONE', *, *, #857, .T. ) ;
#1729 = CARTESIAN_POINT ( 'NONE',  ( 45.03490296356864064, -5.885982671406121192, 7.242886963674578737 ) ) ;
#1730 = CARTESIAN_POINT ( 'NONE',  ( 43.92272537797674659, -5.214715664747318513, 8.695314005782375233 ) ) ;
#1731 = CARTESIAN_POINT ( 'NONE',  ( 44.53448962449696324, -5.348802549564570796, 8.405160287356228110 ) ) ;
#1732 = CARTESIAN_POINT ( 'NONE',  ( 44.35045127050258174, -5.987612099744526795, 7.738076119463090485 ) ) ;
#1733 = CARTESIAN_POINT ( 'NONE',  ( 53.00000000000000000, -4.228082759511191391, 5.314808048982808231 ) ) ;
#1734 = DIRECTION ( 'NONE',  ( -1.000000000000000000, -0.000000000000000000, -0.000000000000000000 ) ) ;
#1735 = CARTESIAN_POINT ( 'NONE',  ( 44.71801365117132576, -5.458595240500826229, 8.874701427753825200 ) ) ;
#1736 = ORIENTED_EDGE ( 'NONE', *, *, #1180, .F. ) ;
#1737 = CARTESIAN_POINT ( 'NONE',  ( 37.23823822812732232, -10.94551168272471031, 12.00536153692465291 ) ) ;
#1738 = CARTESIAN_POINT ( 'NONE',  ( 44.24084878890259631, -5.959705158231872524, 7.798458644021433628 ) ) ;
#1739 = CARTESIAN_POINT ( 'NONE',  ( 44.39855757085270938, -5.398475961104259646, 8.297710040374838059 ) ) ;
#1740 = AXIS2_PLACEMENT_3D ( 'NONE', #937, #426, #2379 ) ;
#1741 = ORIENTED_EDGE ( 'NONE', *, *, #2201, .T. ) ;
#1742 = CARTESIAN_POINT ( 'NONE',  ( 44.82627411797235339, -5.620379008680570720, 7.817547624574419096 ) ) ;
#1743 = CARTESIAN_POINT ( 'NONE',  ( 44.20056194437621144, -5.606786975498893710, 8.204528317237535617 ) ) ;
#1744 = ORIENTED_EDGE ( 'NONE', *, *, #1421, .F. ) ;
#1745 = DIRECTION ( 'NONE',  ( -0.000000000000000000, 0.04464622902162008328, 0.9990028599729577907 ) ) ;
#1746 = CARTESIAN_POINT ( 'NONE',  ( 43.73986845953987768, -5.388122747498954368, 8.320111390752501279 ) ) ;
#1747 = EDGE_CURVE ( 'NONE', #1266, #2600, #2557, .T. ) ;
#1748 = DIRECTION ( 'NONE',  ( 1.000000000000000000, 1.642867582473048106E-14, -4.466367900914185287E-14 ) ) ;
#1749 = CARTESIAN_POINT ( 'NONE',  ( 44.21872967819150091, -5.952278880376964842, 7.814526954652622592 ) ) ;
#1750 = EDGE_CURVE ( 'NONE', #874, #1266, #241, .T. ) ;
#1751 = CARTESIAN_POINT ( 'NONE',  ( 38.15834013824864712, -2.088040034958754898, 4.212963249717416758 ) ) ;
#1752 = EDGE_CURVE ( 'NONE', #1431, #236, #952, .T. ) ;
#1753 = CARTESIAN_POINT ( 'NONE',  ( 44.29702636965806306, -5.506035228889022193, 8.772055057041555415 ) ) ;
#1754 = ORIENTED_EDGE ( 'NONE', *, *, #2144, .T. ) ;
#1755 = FACE_OUTER_BOUND ( 'NONE', #1285, .T. ) ;
#1756 = LINE ( 'NONE', #1519, #871 ) ;
#1757 = CARTESIAN_POINT ( 'NONE',  ( 44.75632138906932056, -5.471581524590858336, 8.854616563837922172 ) ) ;
#1758 = AXIS2_PLACEMENT_3D ( 'NONE', #1876, #2834, #909 ) ;
#1759 = COORDINATED_UNIVERSAL_TIME_OFFSET ( 1, 0, .AHEAD. ) ;
#1760 = VERTEX_POINT ( 'NONE', #1465 ) ;
#1761 = VECTOR ( 'NONE', #493, 1000.000000000000000 ) ;
#1762 = CARTESIAN_POINT ( 'NONE',  ( 44.49223285918272808, -5.587812395852772340, 7.888012325910609412 ) ) ;
#1763 = CARTESIAN_POINT ( 'NONE',  ( 44.44213329971674398, -5.080948042379056950, 8.984719726041321408 ) ) ;
#1764 = VERTEX_POINT ( 'NONE', #471 ) ;
#1765 = DIRECTION ( 'NONE',  ( -0.000000000000000000, 0.2588190451025185190, -0.9659258262890689783 ) ) ;
#1766 = CARTESIAN_POINT ( 'NONE',  ( 44.56458886829361887, -5.071538072806449193, 9.005108773432390024 ) ) ;
#1767 = CARTESIAN_POINT ( 'NONE',  ( 44.47933963799532364, -5.492078841730213767, 8.802252629570080700 ) ) ;
#1768 = CARTESIAN_POINT ( 'NONE',  ( 39.67152835645824638, -4.242335512180098078, 1.095937738435025288 ) ) ;
#1769 = CARTESIAN_POINT ( 'NONE',  ( 39.14375892162576065, -2.018745325307540472, 3.412351681804198567 ) ) ;
#1770 = ORIENTED_EDGE ( 'NONE', *, *, #344, .F. ) ;
#1771 = CARTESIAN_POINT ( 'NONE',  ( 37.00000000000000000, -5.800234598409094389, 3.152165510693846873 ) ) ;
#1772 = LINE ( 'NONE', #2731, #1427 ) ;
#1773 = CARTESIAN_POINT ( 'NONE',  ( 45.03267736252492881, -5.467695222905643249, 8.863025393119578155 ) ) ;
#1774 = AXIS2_PLACEMENT_3D ( 'NONE', #1239, #1734, #2205 ) ;
#1775 = VERTEX_POINT ( 'NONE', #1434 ) ;
#1776 = CARTESIAN_POINT ( 'NONE',  ( 44.57350720221464258, -5.602439883881491056, 7.856362685811701496 ) ) ;
#1777 = CARTESIAN_POINT ( 'NONE',  ( 43.94899364516047768, -5.201222629448156276, 8.724480415893854257 ) ) ;
#1778 = VERTEX_POINT ( 'NONE', #1924 ) ;
#1779 = CARTESIAN_POINT ( 'NONE',  ( 53.00000000000000000, -11.00000000000000178, 12.00000000000000000 ) ) ;
#1780 = CARTESIAN_POINT ( 'NONE',  ( 44.06743745267728940, -5.682237859790292056, 8.390803686911555204 ) ) ;
#1781 = CARTESIAN_POINT ( 'NONE',  ( 40.00000000000000000, -1.915284323419864432, 3.812190467032831265 ) ) ;
#1782 = ADVANCED_FACE ( 'NONE', ( #265 ), #1221, .T. ) ;
#1783 = CARTESIAN_POINT ( 'NONE',  ( 39.63602305265997217, -1.915284324852447373, 3.812190470340553805 ) ) ;
#1784 = CARTESIAN_POINT ( 'NONE',  ( 44.75449423876407451, -5.457156131231738705, 8.877815242671211138 ) ) ;
#1785 = VERTEX_POINT ( 'NONE', #677 ) ;
#1786 = CARTESIAN_POINT ( 'NONE',  ( 52.50000000000000000, -6.158236782065932502, 2.803117610690236905 ) ) ;
#1787 = CYLINDRICAL_SURFACE ( 'NONE', #149, 1.449999999999999956 ) ;
#1788 = CARTESIAN_POINT ( 'NONE',  ( 38.79999999999999716, -6.587375867430504073, 17.94999999999999574 ) ) ;
#1789 = EDGE_CURVE ( 'NONE', #1047, #2417, #2137, .T. ) ;
#1790 = EDGE_CURVE ( 'NONE', #28, #1556, #2843, .T. ) ;
#1791 = EDGE_CURVE ( 'NONE', #1269, #1326, #1015, .T. ) ;
#1792 = ORIENTED_EDGE ( 'NONE', *, *, #2809, .T. ) ;
#1793 = DESIGN_CONTEXT ( 'detailed design', #878, 'design' ) ;
#1794 = CARTESIAN_POINT ( 'NONE',  ( 44.09635519155676064, -5.843532686408899224, 8.041808479923460595 ) ) ;
#1795 = DIRECTION ( 'NONE',  ( -0.5773502691896265082, 0.2818689366513584815, -0.7663005736769992193 ) ) ;
#1796 = EDGE_LOOP ( 'NONE', ( #185, #782, #674, #370 ) ) ;
#1797 = LINE ( 'NONE', #1608, #915 ) ;
#1798 = AXIS2_PLACEMENT_3D ( 'NONE', #610, #1352, #2532 ) ;
#1799 = CARTESIAN_POINT ( 'NONE',  ( 44.95857649021524338, -5.467915904059336363, 8.862547903132080407 ) ) ;
#1800 = CARTESIAN_POINT ( 'NONE',  ( 37.00000000000000000, -5.517544658566689186, 2.877924106633526602 ) ) ;
#1801 = DIRECTION ( 'NONE',  ( 0.7071067811865462405, -0.6418701160618469626, 0.2966525814934920513 ) ) ;
#1802 = ORIENTED_EDGE ( 'NONE', *, *, #1151, .F. ) ;
#1803 = CARTESIAN_POINT ( 'NONE',  ( 37.27033523822787231, -2.862027361629353450, 5.053382519076198065 ) ) ;
#1804 = LINE ( 'NONE', #2054, #1094 ) ;
#1805 = CARTESIAN_POINT ( 'NONE',  ( 44.96159407075233361, -5.321451826605018809, 8.464367919775904525 ) ) ;
#1806 = VERTEX_POINT ( 'NONE', #944 ) ;
#1807 = CARTESIAN_POINT ( 'NONE',  ( 44.34312842855690917, -5.964736575717102696, 7.779558429356771221 ) ) ;
#1808 = DIRECTION ( 'NONE',  ( 1.000000000000000000, -0.000000000000000000, -0.000000000000000000 ) ) ;
#1809 = ORIENTED_EDGE ( 'NONE', *, *, #44, .F. ) ;
#1810 = PRODUCT_DEFINITION_FORMATION_WITH_SPECIFIED_SOURCE ( 'Symmetrisch', '', #2416, .NOT_KNOWN. ) ;
#1811 = CARTESIAN_POINT ( 'NONE',  ( 43.91703712153753258, -5.730345963815866916, 7.579639642719442350 ) ) ;
#1812 = CARTESIAN_POINT ( 'NONE',  ( 44.99546638355575823, -5.466172897739264513, 8.858305576058727482 ) ) ;
#1813 = PLANE ( 'NONE',  #1798 ) ;
#1814 = DIRECTION ( 'NONE',  ( 0.000000000000000000, 0.000000000000000000, -1.000000000000000000 ) ) ;
#1815 = CARTESIAN_POINT ( 'NONE',  ( 44.44333700238028229, -5.482609499602048686, 8.830755225553243548 ) ) ;
#1816 = ORIENTED_EDGE ( 'NONE', *, *, #2763, .F. ) ;
#1817 = CARTESIAN_POINT ( 'NONE',  ( 37.67544966597059641, -2.532961665363882897, 4.404349256243524025 ) ) ;
#1818 = DIRECTION ( 'NONE',  ( -1.000000000000000000, 0.000000000000000000, 0.000000000000000000 ) ) ;
#1819 = CARTESIAN_POINT ( 'NONE',  ( 44.67210873580464181, -5.329996944217367805, 8.445878764529076932 ) ) ;
#1820 = EDGE_CURVE ( 'NONE', #2006, #1999, #1871, .T. ) ;
#1821 = DIRECTION ( 'NONE',  ( -0.000000000000000000, 1.000000000000000000, 0.000000000000000000 ) ) ;
#1822 = EDGE_CURVE ( 'NONE', #1683, #236, #2861, .T. ) ;
#1823 = VECTOR ( 'NONE', #2669, 1000.000000000000000 ) ;
#1824 = CARTESIAN_POINT ( 'NONE',  ( 52.50000000000000000, -11.00000000000000178, 12.00000000000000000 ) ) ;
#1825 = CARTESIAN_POINT ( 'NONE',  ( 44.35054600096046329, -5.469389226036065921, 8.144245706291046716 ) ) ;
#1826 = ORIENTED_EDGE ( 'NONE', *, *, #2345, .F. ) ;
#1827 = CARTESIAN_POINT ( 'NONE',  ( 43.80031729505422078, -5.649493602239675560, 7.754580694799645180 ) ) ;
#1828 = CARTESIAN_POINT ( 'NONE',  ( 44.77554913795739111, -5.470933769116392398, 8.856018118747011059 ) ) ;
#1829 = AXIS2_PLACEMENT_3D ( 'NONE', #1375, #1652, #2606 ) ;
#1830 = PLANE ( 'NONE',  #2748 ) ;
#1831 = CARTESIAN_POINT ( 'NONE',  ( 51.04522439673719703, -2.063252022061071056, 3.497452178721365268 ) ) ;
#1832 = AXIS2_PLACEMENT_3D ( 'NONE', #725, #1694, #2388 ) ;
#1833 = CARTESIAN_POINT ( 'NONE',  ( 44.02832064453635041, -5.702404748290793357, 8.355182078421407255 ) ) ;
#1834 = ORIENTED_EDGE ( 'NONE', *, *, #504, .T. ) ;
#1835 = CARTESIAN_POINT ( 'NONE',  ( 37.00000000000000000, -10.50000000000000355, 12.04961397883138119 ) ) ;
#1836 = DIRECTION ( 'NONE',  ( 1.000000000000000000, -0.000000000000000000, 0.000000000000000000 ) ) ;
#1837 = CARTESIAN_POINT ( 'NONE',  ( 44.80427821657246312, -6.018269564624185719, 7.671742260368555222 ) ) ;
#1838 = CARTESIAN_POINT ( 'NONE',  ( 45.00335248279941425, -5.622431708598517375, 7.813134780949141600 ) ) ;
#1839 = CARTESIAN_POINT ( 'NONE',  ( 44.05555353830913390, -5.763017985301520874, 8.216018932717421563 ) ) ;
#1840 = EDGE_LOOP ( 'NONE', ( #2288, #2068, #365, #1075 ) ) ;
#1841 = AXIS2_PLACEMENT_3D ( 'NONE', #2835, #1863, #2848 ) ;
#1842 = CARTESIAN_POINT ( 'NONE',  ( 44.27925417225814897, -5.840918247745999992, 7.340393301554485994 ) ) ;
#1843 = CARTESIAN_POINT ( 'NONE',  ( 44.47713243254631266, -5.583916127243579552, 7.896471324152106952 ) ) ;
#1844 = LINE ( 'NONE', #130, #2193 ) ;
#1845 = DIRECTION ( 'NONE',  ( 1.000000000000000000, 0.000000000000000000, 0.000000000000000000 ) ) ;
#1846 = CARTESIAN_POINT ( 'NONE',  ( 45.15872813543796838, -5.455840735302940558, 8.888675064851538465 ) ) ;
#1847 = VERTEX_POINT ( 'NONE', #1084 ) ;
#1848 = DIRECTION ( 'NONE',  ( 0.000000000000000000, -0.9659258262890689783, -0.2588190451025185190 ) ) ;
#1849 = EDGE_CURVE ( 'NONE', #273, #622, #2705, .T. ) ;
#1850 = CARTESIAN_POINT ( 'NONE',  ( 49.20000000000000284, -0.7741547338191404615, 5.114180369394866865 ) ) ;
#1851 = EDGE_CURVE ( 'NONE', #2417, #543, #2240, .T. ) ;
#1852 = CARTESIAN_POINT ( 'NONE',  ( 44.44480696696872002, -5.989334434576448984, 7.734349486601083790 ) ) ;
#1853 = CARTESIAN_POINT ( 'NONE',  ( 51.19999999999999574, -8.000000000000000000, 17.94999999999999574 ) ) ;
#1854 = CARTESIAN_POINT ( 'NONE',  ( 44.35047191185908844, -5.467546554980448725, 8.148232711825844632 ) ) ;
#1855 = EDGE_LOOP ( 'NONE', ( #1573, #322, #2163, #1809 ) ) ;
#1856 = DIRECTION ( 'NONE',  ( 0.000000000000000000, 0.000000000000000000, -1.000000000000000000 ) ) ;
#1857 = EDGE_CURVE ( 'NONE', #2457, #8, #135, .T. ) ;
#1858 = CARTESIAN_POINT ( 'NONE',  ( 44.82627323817154519, -5.620394923665112508, 7.817541792593531547 ) ) ;
#1859 = APPROVAL_PERSON_ORGANIZATION ( #1704, #404, #2444 ) ;
#1860 = FACE_OUTER_BOUND ( 'NONE', #355, .T. ) ;
#1861 = CARTESIAN_POINT ( 'NONE',  ( 44.50628753529535686, -5.476243283727995070, 8.844529869621405638 ) ) ;
#1862 = ORIENTED_EDGE ( 'NONE', *, *, #2801, .F. ) ;
#1863 = DIRECTION ( 'NONE',  ( 0.000000000000000000, -0.8088568848861281690, 0.5880055610045783476 ) ) ;
#1864 = AXIS2_PLACEMENT_3D ( 'NONE', #2969, #2916, #1004 ) ;
#1865 = CARTESIAN_POINT ( 'NONE',  ( 44.07490712919454978, -5.871025313619070651, 7.990336098340979909 ) ) ;
#1866 = ORIENTED_EDGE ( 'NONE', *, *, #661, .F. ) ;
#1867 = CARTESIAN_POINT ( 'NONE',  ( 44.22387575590051512, -5.931267485915141080, 7.859989516055562397 ) ) ;
#1868 = DIRECTION ( 'NONE',  ( 0.000000000000000000, 0.3452175345683523022, -0.9385226975553380147 ) ) ;
#1869 = CARTESIAN_POINT ( 'NONE',  ( 44.61798902227949526, -6.008635108813329850, 7.692588427419391195 ) ) ;
#1870 = VERTEX_POINT ( 'NONE', #2778 ) ;
#1871 = LINE ( 'NONE', #1914, #684 ) ;
#1872 = CARTESIAN_POINT ( 'NONE',  ( 51.90299643731384549, -2.317015280489140405, 3.984631022394801825 ) ) ;
#1873 = AXIS2_PLACEMENT_3D ( 'NONE', #2944, #193, #2162 ) ;
#1874 = CARTESIAN_POINT ( 'NONE',  ( 44.72058204274192406, -5.615677727274736242, 7.827748436942861154 ) ) ;
#1875 = CARTESIAN_POINT ( 'NONE',  ( 52.99999999999999289, -10.62986452842744889, 12.03663880687610899 ) ) ;
#1876 = CARTESIAN_POINT ( 'NONE',  ( 52.50000000000000000, -6.225590596540570232, 14.66794733503053116 ) ) ;
#1877 = FACE_OUTER_BOUND ( 'NONE', #521, .T. ) ;
#1878 = EDGE_CURVE ( 'NONE', #1326, #2303, #312, .T. ) ;
#1879 = CARTESIAN_POINT ( 'NONE',  ( 43.83320414931678499, -5.677915136079889180, 7.693056138319374071 ) ) ;
#1880 = ORIENTED_EDGE ( 'NONE', *, *, #114, .F. ) ;
#1881 = CARTESIAN_POINT ( 'NONE',  ( 51.19999999999999574, -11.00000000000000178, 12.00000000000000000 ) ) ;
#1882 = LINE ( 'NONE', #2178, #2768 ) ;
#1883 = EDGE_CURVE ( 'NONE', #2497, #874, #1804, .T. ) ;
#1884 = DIRECTION ( 'NONE',  ( 0.000000000000000000, 0.000000000000000000, -1.000000000000000000 ) ) ;
#1885 = VERTEX_POINT ( 'NONE', #367 ) ;
#1886 = CARTESIAN_POINT ( 'NONE',  ( 44.79202843082459395, -6.059608213144294986, 7.582297418896836838 ) ) ;
#1887 = CARTESIAN_POINT ( 'NONE',  ( 44.26366898920966975, -6.526035009653162078, 5.857999407436349060 ) ) ;
#1888 = CARTESIAN_POINT ( 'NONE',  ( 45.04066934512718490, -5.467669666417217300, 8.863080689946666979 ) ) ;
#1889 = APPLICATION_CONTEXT ( 'configuration controlled 3d designs of mechanical parts and assemblies' ) ;
#1890 = CARTESIAN_POINT ( 'NONE',  ( 44.26366898920966975, -6.526035009653162078, 5.857999407436349060 ) ) ;
#1891 = CARTESIAN_POINT ( 'NONE',  ( 53.00000000000000000, 70.80787289916612792, 35.30900166887731473 ) ) ;
#1892 = DIRECTION ( 'NONE',  ( 0.000000000000000000, 0.4195301040610855403, 0.9077414234166548690 ) ) ;
#1893 = CARTESIAN_POINT ( 'NONE',  ( 44.33199010810939455, -5.982024298020082398, 7.742152814124371396 ) ) ;
#1894 =( BOUNDED_SURFACE ( )  B_SPLINE_SURFACE ( 3, 2, ( 
 ( #2994, #2963, #781 ),
 ( #2691, #2726, #2021 ),
 ( #531, #565, #1547 ),
 ( #1257, #2981, #1275 ),
 ( #2755, #817, #2741 ),
 ( #2035, #321, #580 ),
 ( #334, #831, #1066 ),
 ( #2221, #2502, #68 ),
 ( #1038, #1751, #2487 ),
 ( #85, #100, #1498 ),
 ( #594, #1562, #2516 ),
 ( #2708, #349, #1769 ),
 ( #1783, #1969, #549 ),
 ( #1307, #800, #2271 ) ),
 .UNSPECIFIED., .F., .F., .T. ) 
 B_SPLINE_SURFACE_WITH_KNOTS ( ( 4, 2, 2, 2, 2, 2, 4 ),
 ( 3, 3 ),
 ( 0.000000000000000000, 0.001060254485279021669, 0.001590381727918532394, 0.002120508970558043337, 0.002650636213197553846, 0.003180763455837064789, 0.004241017941116086674 ),
 ( 0.000000000000000000, 1.000000000000000000 ),
 .UNSPECIFIED. ) 
 GEOMETRIC_REPRESENTATION_ITEM ( )  RATIONAL_B_SPLINE_SURFACE ( (
 ( 1.000000000000000000, 0.7071067811865475727, 1.000000000000000000),
 ( 1.000000000000000000, 0.7302020245546227972, 1.000000000000000000),
 ( 1.000000000000000000, 0.7511884047199537395, 1.000000000000000000),
 ( 1.000000000000000000, 0.7801943766215161391, 1.000000000000000000),
 ( 1.000000000000000000, 0.7894727217429674537, 1.000000000000000000),
 ( 1.000000000000000000, 0.8065040846718244394, 1.000000000000000000),
 ( 1.000000000000000000, 0.8143645755246393669, 1.000000000000000000),
 ( 1.000000000000000000, 0.8288473877086881547, 1.000000000000000000),
 ( 1.000000000000000000, 0.8355288149967311506, 1.000000000000000000),
 ( 1.000000000000000000, 0.8470717060150644295, 1.000000000000000000),
 ( 1.000000000000000000, 0.8520016154526806051, 1.000000000000000000),
 ( 1.000000000000000000, 0.8642182078178981541, 1.000000000000000000),
 ( 1.000000000000000000, 0.8684541272238200937, 1.000000000000000000),
 ( 1.000000000000000000, 0.8684874395385137058, 1.000000000000000000) ) ) 
 REPRESENTATION_ITEM ( '' )  SURFACE ( )  );
#1895 = CARTESIAN_POINT ( 'NONE',  ( 44.06037941829602289, -5.794909434499039058, 8.155028776620152797 ) ) ;
#1896 = CARTESIAN_POINT ( 'NONE',  ( 37.00000000000000000, -6.225590596540568455, 14.66794733503051873 ) ) ;
#1897 = CARTESIAN_POINT ( 'NONE',  ( 44.22387575590015985, -5.931267485915737048, 7.859989516055453151 ) ) ;
#1898 = ORIENTED_EDGE ( 'NONE', *, *, #980, .F. ) ;
#1899 = DIRECTION ( 'NONE',  ( -0.000000000000000000, -0.000000000000000000, 1.000000000000000000 ) ) ;
#1900 = DIRECTION ( 'NONE',  ( -6.831676166956111082E-16, -0.6980958000072424730, 0.7160043673136696762 ) ) ;
#1901 = CARTESIAN_POINT ( 'NONE',  ( 44.35928292414845231, -5.508161641586656998, 8.060382051832345240 ) ) ;
#1902 = CARTESIAN_POINT ( 'NONE',  ( 52.84911849615378543, -5.093890740221519664, 2.491734452199408700 ) ) ;
#1903 = DIRECTION ( 'NONE',  ( -0.7071067811865462405, -0.6418701160618467405, 0.2966525814934925509 ) ) ;
#1904 = CARTESIAN_POINT ( 'NONE',  ( 45.87624911741480105, -6.526035009653162078, 5.857999407436349060 ) ) ;
#1905 = CIRCLE ( 'NONE', #1048, 0.5000000000000000000 ) ;
#1906 = CARTESIAN_POINT ( 'NONE',  ( 44.14701577599360149, -5.920862312099847813, 7.874489606218157078 ) ) ;
#1907 = ORIENTED_EDGE ( 'NONE', *, *, #664, .F. ) ;
#1908 = CARTESIAN_POINT ( 'NONE',  ( 44.38453249770329734, -5.978643016532414478, 7.757482613258010140 ) ) ;
#1909 = CARTESIAN_POINT ( 'NONE',  ( 44.08549813129615558, -5.614007638182490822, 8.546447777300365090 ) ) ;
#1910 = ADVANCED_FACE ( 'NONE', ( #1278 ), #1349, .T. ) ;
#1911 = CARTESIAN_POINT ( 'NONE',  ( 45.00567597109890983, -6.020632124615996617, 7.666630366016791598 ) ) ;
#1912 = ADVANCED_FACE ( 'NONE', ( #2984 ), #1787, .T. ) ;
#1913 = EDGE_LOOP ( 'NONE', ( #432, #989, #1728, #106 ) ) ;
#1914 = CARTESIAN_POINT ( 'NONE',  ( 37.50000000000000000, -11.00000000000000178, 11.99999999999999822 ) ) ;
#1915 = CIRCLE ( 'NONE', #555, 0.9499999999999995115 ) ;
#1916 = CARTESIAN_POINT ( 'NONE',  ( 50.41761945951368773, -1.981098709590360052, 3.341146461463598172 ) ) ;
#1917 = CARTESIAN_POINT ( 'NONE',  ( 44.17555425335591224, -5.629377659154953584, 8.215239111572207875 ) ) ;
#1918 = ORIENTED_EDGE ( 'NONE', *, *, #1219, .F. ) ;
#1919 = LINE ( 'NONE', #1511, #1966 ) ;
#1920 = CARTESIAN_POINT ( 'NONE',  ( 51.85281424369723879, -4.325176506563983558, 1.153932251024150757 ) ) ;
#1921 = ADVANCED_FACE ( 'NONE', ( #1055 ), #2855, .T. ) ;
#1922 = EDGE_CURVE ( 'NONE', #874, #3099, #1579, .T. ) ;
#1923 = EDGE_CURVE ( 'NONE', #740, #2112, #835, .T. ) ;
#1924 = CARTESIAN_POINT ( 'NONE',  ( 43.56535168151735604, -6.526035009653162078, 5.857999407436349060 ) ) ;
#1925 = FACE_OUTER_BOUND ( 'NONE', #2816, .T. ) ;
#1926 = CARTESIAN_POINT ( 'NONE',  ( 44.42872378060337013, -6.001129175268284044, 7.700815402817084987 ) ) ;
#1927 = ORIENTED_EDGE ( 'NONE', *, *, #1459, .T. ) ;
#1928 = CARTESIAN_POINT ( 'NONE',  ( 50.69925229551660806, -1.958054899774130053, 3.911098868137802054 ) ) ;
#1929 = CYLINDRICAL_SURFACE ( 'NONE', #1706, 3.000000000000000000 ) ;
#1930 = CARTESIAN_POINT ( 'NONE',  ( 44.47093110151394058, -5.993158273375413181, 7.726075808883574148 ) ) ;
#1931 = ORIENTED_EDGE ( 'NONE', *, *, #2974, .F. ) ;
#1932 = DIRECTION ( 'NONE',  ( -1.000000000000000000, -0.000000000000000000, -0.000000000000000000 ) ) ;
#1933 = CARTESIAN_POINT ( 'NONE',  ( 52.50000000000000000, -8.000000000000000000, 14.94999999999999751 ) ) ;
#1934 = VERTEX_POINT ( 'NONE', #1042 ) ;
#1935 = CARTESIAN_POINT ( 'NONE',  ( 45.57624911741484652, -5.395853134633679105, 9.018470827996868167 ) ) ;
#1936 = CARTESIAN_POINT ( 'NONE',  ( 52.24998616632500870, -5.334919591475788536, 2.008970933194638597 ) ) ;
#1937 = FACE_BOUND ( 'NONE', #1840, .T. ) ;
#1938 = CARTESIAN_POINT ( 'NONE',  ( 44.05526506238020090, -5.715973390587666181, 8.317809786237122083 ) ) ;
#1939 = CARTESIAN_POINT ( 'NONE',  ( 37.39331403729987358, -4.687840954626709689, 2.134697355837369859 ) ) ;
#1940 = ORIENTED_EDGE ( 'NONE', *, *, #44, .T. ) ;
#1941 = PLANE ( 'NONE',  #307 ) ;
#1942 = CARTESIAN_POINT ( 'NONE',  ( 44.04713014519472125, -5.658730658525642276, 8.449680137140905600 ) ) ;
#1943 = DATE_AND_TIME ( #973, #3092 ) ;
#1944 = VECTOR ( 'NONE', #145, 1000.000000000000000 ) ;
#1945 = ORIENTED_EDGE ( 'NONE', *, *, #1218, .F. ) ;
#1946 = CARTESIAN_POINT ( 'NONE',  ( 53.00000000000001421, -3.307700951148250468, 5.950132448773338467 ) ) ;
#1947 = DIRECTION ( 'NONE',  ( 1.000000000000000000, 0.000000000000000000, 0.000000000000000000 ) ) ;
#1948 = ORIENTED_EDGE ( 'NONE', *, *, #2636, .T. ) ;
#1949 = DIRECTION ( 'NONE',  ( 1.000000000000000000, -0.000000000000000000, 0.000000000000000000 ) ) ;
#1950 = EDGE_CURVE ( 'NONE', #1068, #1885, #2968, .T. ) ;
#1951 = CARTESIAN_POINT ( 'NONE',  ( 53.00000000000000000, -3.491128017864265853, 6.328558523743968323 ) ) ;
#1952 = DIRECTION ( 'NONE',  ( 0.000000000000000000, 0.9659258262890686453, 0.2588190451025191297 ) ) ;
#1953 = CARTESIAN_POINT ( 'NONE',  ( 37.50000000447199966, -5.921634413215073778, 2.560445574255961532 ) ) ;
#1954 = CARTESIAN_POINT ( 'NONE',  ( 44.02239002327299744, -5.748263979983215144, 8.255956006560671412 ) ) ;
#1955 = ORIENTED_EDGE ( 'NONE', *, *, #2312, .T. ) ;
#1956 = LINE ( 'NONE', #255, #3021 ) ;
#1957 = CARTESIAN_POINT ( 'NONE',  ( 44.58171674636604820, -5.481609701496246601, 8.832918498573381072 ) ) ;
#1958 = COORDINATED_UNIVERSAL_TIME_OFFSET ( 1, 0, .AHEAD. ) ;
#1959 = ORIENTED_EDGE ( 'NONE', *, *, #1878, .T. ) ;
#1960 = CIRCLE ( 'NONE', #994, 1.449999999999999956 ) ;
#1961 = CARTESIAN_POINT ( 'NONE',  ( 44.65059410744405710, -5.610910565302851261, 7.838034588885418152 ) ) ;
#1962 = CARTESIAN_POINT ( 'NONE',  ( 38.79999999999999716, -7.700000000000000178, 16.49999999999999645 ) ) ;
#1963 = ORIENTED_EDGE ( 'NONE', *, *, #156, .T. ) ;
#1964 = CARTESIAN_POINT ( 'NONE',  ( 37.50000000000000000, -5.800234598409089060, 3.152165510693850869 ) ) ;
#1965 = CARTESIAN_POINT ( 'NONE',  ( 44.13524298763957177, -5.132261283625040527, 8.873721363353022085 ) ) ;
#1966 = VECTOR ( 'NONE', #2877, 1000.000000000000000 ) ;
#1967 = CARTESIAN_POINT ( 'NONE',  ( 38.79999999999999716, -7.700000000000000178, 16.49999999999999645 ) ) ;
#1968 = CARTESIAN_POINT ( 'NONE',  ( 44.47802054877369926, -6.010400561547922571, 7.688768499927228994 ) ) ;
#1969 = CARTESIAN_POINT ( 'NONE',  ( 39.58777793242379772, -1.801862272799820142, 3.550309682721589422 ) ) ;
#1970 = CARTESIAN_POINT ( 'NONE',  ( 43.72258370758351020, -5.466050820273428812, 8.151469047761922937 ) ) ;
#1971 = ORIENTED_EDGE ( 'NONE', *, *, #2664, .F. ) ;
#1972 = DIRECTION ( 'NONE',  ( -0.000000000000000000, 0.000000000000000000, 1.000000000000000000 ) ) ;
#1973 = CARTESIAN_POINT ( 'NONE',  ( 44.14137579504720321, -5.918597724863056797, 7.887403202988672035 ) ) ;
#1974 = CARTESIAN_POINT ( 'NONE',  ( 44.44901804714110227, -5.498860530620509834, 8.795592709475531734 ) ) ;
#1975 = PERSON_AND_ORGANIZATION ( #18446744073709551615, #18446744073709551615 ) ;
#1976 = VECTOR ( 'NONE', #2096, 1000.000000000000000 ) ;
#1977 = ORIENTED_EDGE ( 'NONE', *, *, #1791, .F. ) ;
#1978 = EDGE_CURVE ( 'NONE', #2044, #1442, #2290, .T. ) ;
#1979 = TOROIDAL_SURFACE ( 'NONE', #2126, 17.78717471930914229, 0.5000000000000000000 ) ;
#1980 = DIRECTION ( 'NONE',  ( -1.432995631465020062E-12, -0.4195301040597854136, -0.9077414234172558327 ) ) ;
#1981 = LINE ( 'NONE', #1010, #2282 ) ;
#1982 = ORIENTED_EDGE ( 'NONE', *, *, #469, .F. ) ;
#1983 = EDGE_CURVE ( 'NONE', #76, #2519, #1756, .T. ) ;
#1984 = PLANE ( 'NONE',  #1312 ) ;
#1985 = EDGE_CURVE ( 'NONE', #2127, #2503, #1772, .T. ) ;
#1986 = CARTESIAN_POINT ( 'NONE',  ( 44.03636952070274191, -5.164065967785619549, 8.804905254588023311 ) ) ;
#1987 = FACE_OUTER_BOUND ( 'NONE', #539, .T. ) ;
#1988 = CARTESIAN_POINT ( 'NONE',  ( 38.88857957624178141, -4.435424018790907752, 1.247028484722619401 ) ) ;
#1989 = DIRECTION ( 'NONE',  ( 0.000000000000000000, 0.3452175345683523022, -0.9385226975553380147 ) ) ;
#1990 = ORIENTED_EDGE ( 'NONE', *, *, #1789, .F. ) ;
#1991 = DIRECTION ( 'NONE',  ( -1.000000000000000000, 0.000000000000000000, -0.000000000000000000 ) ) ;
#1992 = DIRECTION ( 'NONE',  ( -1.432524603727415052E-12, -0.4195301040597854136, -0.9077414234172558327 ) ) ;
#1993 = CARTESIAN_POINT ( 'NONE',  ( 53.00000000000000000, -7.699999999999999289, 17.44999999999999574 ) ) ;
#1994 = AXIS2_PLACEMENT_3D ( 'NONE', #1666, #3082, #2159 ) ;
#1995 = ORIENTED_EDGE ( 'NONE', *, *, #2636, .F. ) ;
#1996 = DIRECTION ( 'NONE',  ( -0.000000000000000000, -0.4195301040610855958, -0.9077414234166548690 ) ) ;
#1997 = CARTESIAN_POINT ( 'NONE',  ( 44.86166491765001041, -5.621195100107447828, 7.815781839506281692 ) ) ;
#1998 = DIRECTION ( 'NONE',  ( -1.000000000000000000, 0.000000000000000000, 0.000000000000000000 ) ) ;
#1999 = VERTEX_POINT ( 'NONE', #1537 ) ;
#2000 = CARTESIAN_POINT ( 'NONE',  ( 45.03363018086157865, -5.394462306150207276, 8.663937301241483979 ) ) ;
#2001 = DIRECTION ( 'NONE',  ( 0.000000000000000000, 0.000000000000000000, 1.000000000000000000 ) ) ;
#2002 = CARTESIAN_POINT ( 'NONE',  ( 45.04291449731603336, -5.321196888822692372, 8.464890927740842841 ) ) ;
#2003 = CARTESIAN_POINT ( 'NONE',  ( 40.00000000000000000, -3.821751154093538272, 0.7717627776978446263 ) ) ;
#2004 = CARTESIAN_POINT ( 'NONE',  ( 53.00000000000000000, -4.229048003413097057, 1.085722750660314206 ) ) ;
#2005 = CARTESIAN_POINT ( 'NONE',  ( 45.14531221072412848, -5.451398083019825869, 8.890273988371200531 ) ) ;
#2006 = VERTEX_POINT ( 'NONE', #2491 ) ;
#2007 = LINE ( 'NONE', #2899, #2322 ) ;
#2008 = CARTESIAN_POINT ( 'NONE',  ( 40.79999999999999005, 0.1759753972389441201, 3.937620913995912186 ) ) ;
#2009 = CYLINDRICAL_SURFACE ( 'NONE', #1864, 1.000000000000000000 ) ;
#2010 = AXIS2_PLACEMENT_3D ( 'NONE', #1665, #681, #2378 ) ;
#2011 = PERSON_AND_ORGANIZATION_ROLE ( 'classification_officer' ) ;
#2012 = ORIENTED_EDGE ( 'NONE', *, *, #377, .T. ) ;
#2013 = CARTESIAN_POINT ( 'NONE',  ( 44.61601940341139283, -5.607686438329852585, 7.845010664212054508 ) ) ;
#2014 = DIRECTION ( 'NONE',  ( 0.000000000000000000, 0.000000000000000000, -1.000000000000000000 ) ) ;
#2015 = ORIENTED_EDGE ( 'NONE', *, *, #2250, .T. ) ;
#2016 = CYLINDRICAL_SURFACE ( 'NONE', #2980, 18.28717471930914229 ) ;
#2017 = CARTESIAN_POINT ( 'NONE',  ( 44.77580488369270029, -5.469288383179278235, 8.851564569488267864 ) ) ;
#2018 = LINE ( 'NONE', #1112, #34 ) ;
#2019 = EDGE_CURVE ( 'NONE', #1870, #1249, #454, .T. ) ;
#2020 = EDGE_CURVE ( 'NONE', #1102, #2546, #1330, .T. ) ;
#2021 = CARTESIAN_POINT ( 'NONE',  ( 37.00000000000000000, -3.311549252848808411, 5.958071832190124262 ) ) ;
#2022 = ADVANCED_FACE ( 'NONE', ( #963 ), #1979, .T. ) ;
#2023 = ORIENTED_EDGE ( 'NONE', *, *, #2699, .T. ) ;
#2024 = CARTESIAN_POINT ( 'NONE',  ( 50.33606596053001425, -4.229048003413109491, 1.085722750660325309 ) ) ;
#2025 = CARTESIAN_POINT ( 'NONE',  ( 53.00000000000000000, -11.00000000000000178, 14.94999999999999751 ) ) ;
#2026 = CARTESIAN_POINT ( 'NONE',  ( 44.77554913795742664, -5.470933769116173906, 8.856018118746423085 ) ) ;
#2027 = AXIS2_PLACEMENT_3D ( 'NONE', #2422, #2139, #2910 ) ;
#2028 = CARTESIAN_POINT ( 'NONE',  ( 37.50000000000000000, -6.158236782065923620, 2.803117610690229355 ) ) ;
#2029 = CARTESIAN_POINT ( 'NONE',  ( 44.54290876084744610, -5.997641214922491137, 7.708362337013961785 ) ) ;
#2030 = CARTESIAN_POINT ( 'NONE',  ( 44.97826510878007866, -5.058190161826866316, 9.033961176622268496 ) ) ;
#2031 = ORIENTED_EDGE ( 'NONE', *, *, #1253, .T. ) ;
#2032 = CARTESIAN_POINT ( 'NONE',  ( 43.85175350469751976, -5.257660906926655997, 8.602392961767840518 ) ) ;
#2033 = CARTESIAN_POINT ( 'NONE',  ( 44.47815087831221348, -5.493809246868336160, 8.806522221945169093 ) ) ;
#2034 = CARTESIAN_POINT ( 'NONE',  ( 37.78779059740196544, -2.512895262874917712, 5.229172455267913300 ) ) ;
#2035 = CARTESIAN_POINT ( 'NONE',  ( 37.95064534619510965, -2.394889008310693956, 4.943119719426605663 ) ) ;
#2036 = CARTESIAN_POINT ( 'NONE',  ( 45.15871504438119644, -5.451378481624202799, 8.890316400104230965 ) ) ;
#2037 = ORIENTED_EDGE ( 'NONE', *, *, #2181, .F. ) ;
#2038 = CARTESIAN_POINT ( 'NONE',  ( 52.48460028342493899, -5.923987424401714108, 2.566168130410718895 ) ) ;
#2039 = DIRECTION ( 'NONE',  ( 0.000000000000000000, -0.2588190451025185190, 0.9659258262890689783 ) ) ;
#2040 = CARTESIAN_POINT ( 'NONE',  ( 45.03420184177377195, -5.321230608246966476, 8.464846572120075407 ) ) ;
#2041 = ORIENTED_EDGE ( 'NONE', *, *, #2901, .T. ) ;
#2042 = CARTESIAN_POINT ( 'NONE',  ( 44.36115414779259680, -5.511793106485120219, 8.052496011991159719 ) ) ;
#2043 = LINE ( 'NONE', #589, #2220 ) ;
#2044 = VERTEX_POINT ( 'NONE', #2632 ) ;
#2045 = CARTESIAN_POINT ( 'NONE',  ( 43.95026074560194473, -5.746119321701841365, 7.545510672710201483 ) ) ;
#2046 = AXIS2_PLACEMENT_3D ( 'NONE', #1290, #816, #877 ) ;
#2047 = CARTESIAN_POINT ( 'NONE',  ( 44.05048483158488892, -5.742687144069806848, 8.268022661423238162 ) ) ;
#2048 = CARTESIAN_POINT ( 'NONE',  ( 38.79999999999999716, 70.80787289916612792, 35.30900166887731473 ) ) ;
#2049 = EDGE_CURVE ( 'NONE', #740, #1724, #1981, .T. ) ;
#2050 = CARTESIAN_POINT ( 'NONE',  ( 52.63238732275667786, -11.00000000000000000, 12.00000000000000000 ) ) ;
#2051 = CARTESIAN_POINT ( 'NONE',  ( 44.03555595661800481, -5.681810376856452294, 8.399742322988361209 ) ) ;
#2052 = ORIENTED_EDGE ( 'NONE', *, *, #2993, .F. ) ;
#2053 = DIRECTION ( 'NONE',  ( 1.000000000000000000, 1.642867582473048106E-14, -4.466367900914185287E-14 ) ) ;
#2054 = CARTESIAN_POINT ( 'NONE',  ( 53.00000000000000000, -6.782370465025382877, 16.74587809284738782 ) ) ;
#2055 = CARTESIAN_POINT ( 'NONE',  ( 44.99789948452471577, -5.321346694694693014, 8.464595394726964983 ) ) ;
#2056 = CARTESIAN_POINT ( 'NONE',  ( 44.72030476035315161, -6.014882476440851278, 7.679070936473251230 ) ) ;
#2057 = CARTESIAN_POINT ( 'NONE',  ( 45.03382073449208178, -5.370051740182453237, 8.597573724867661582 ) ) ;
#2058 = VECTOR ( 'NONE', #2393, 1000.000000000000000 ) ;
#2059 = CARTESIAN_POINT ( 'NONE',  ( 44.21522872767759793, -5.922468093491094265, 7.871015161186242004 ) ) ;
#2060 = DIRECTION ( 'NONE',  ( -1.000000000000000000, -0.000000000000000000, -0.000000000000000000 ) ) ;
#2061 = VERTEX_POINT ( 'NONE', #2169 ) ;
#2062 = AXIS2_PLACEMENT_3D ( 'NONE', #2432, #2495, #990 ) ;
#2063 = DIRECTION ( 'NONE',  ( 1.000000000000000000, -0.000000000000000000, -0.000000000000000000 ) ) ;
#2064 = CARTESIAN_POINT ( 'NONE',  ( 44.31133852544511598, -5.531130332718085185, 8.725770220444482916 ) ) ;
#2065 = CARTESIAN_POINT ( 'NONE',  ( 37.00000000000000000, -3.491128017864261857, 6.328558523743948783 ) ) ;
#2066 = CARTESIAN_POINT ( 'NONE',  ( 52.88275808952818124, -2.736596921003498384, 5.778128257782348953 ) ) ;
#2067 = CARTESIAN_POINT ( 'NONE',  ( 44.02062425012294256, -5.717011733186159184, 8.315563114117033194 ) ) ;
#2068 = ORIENTED_EDGE ( 'NONE', *, *, #895, .F. ) ;
#2069 = DIRECTION ( 'NONE',  ( -0.6310085651484194091, -0.5079958375156765626, 0.5863176782053217684 ) ) ;
#2070 = AXIS2_PLACEMENT_3D ( 'NONE', #2086, #1821, #2764 ) ;
#2071 = CARTESIAN_POINT ( 'NONE',  ( 44.61016817882902075, -5.335931093607272580, 8.433038986973651063 ) ) ;
#2072 = CARTESIAN_POINT ( 'NONE',  ( 40.00000000000000000, -4.229048003413095280, 1.085722750660315983 ) ) ;
#2073 = CARTESIAN_POINT ( 'NONE',  ( 45.03334435042675921, -5.431078155101848992, 8.763482665802241556 ) ) ;
#2074 = AXIS2_PLACEMENT_3D ( 'NONE', #407, #2513, #128 ) ;
#2075 = CARTESIAN_POINT ( 'NONE',  ( 44.92766905517652276, -6.015815431431902560, 7.669038605524701957 ) ) ;
#2076 = ORIENTED_EDGE ( 'NONE', *, *, #859, .T. ) ;
#2077 = CARTESIAN_POINT ( 'NONE',  ( 45.32309849896476805, -5.640153715278946933, 8.489875252445543197 ) ) ;
#2078 = EDGE_CURVE ( 'NONE', #803, #566, #774, .T. ) ;
#2079 = CARTESIAN_POINT ( 'NONE',  ( 44.35591830424695559, -5.500853838661412532, 8.076194017088649701 ) ) ;
#2080 = DIRECTION ( 'NONE',  ( 0.000000000000000000, -0.2588190451025185190, 0.9659258262890689783 ) ) ;
#2081 = DIRECTION ( 'NONE',  ( 0.000000000000000000, 0.000000000000000000, -1.000000000000000000 ) ) ;
#2082 = CARTESIAN_POINT ( 'NONE',  ( 44.75477617392760266, -5.461613552213770539, 8.876184363972038582 ) ) ;
#2083 = ORIENTED_EDGE ( 'NONE', *, *, #862, .F. ) ;
#2084 = CARTESIAN_POINT ( 'NONE',  ( 37.00000000000000711, -3.307304859329561531, 5.949315276722574097 ) ) ;
#2085 = CARTESIAN_POINT ( 'NONE',  ( 43.84874114312850679, -5.589065838462100366, 8.186437925106336166 ) ) ;
#2086 = CARTESIAN_POINT ( 'NONE',  ( 52.50000000000000000, 70.80787289916612792, 17.44999999999999574 ) ) ;
#2087 = CARTESIAN_POINT ( 'NONE',  ( 44.60600774022883286, -5.468560305121250131, 8.861153606195756538 ) ) ;
#2088 = ADVANCED_FACE ( 'NONE', ( #510 ), #2680, .T. ) ;
#2089 = CARTESIAN_POINT ( 'NONE',  ( 44.11828015409856363, -5.864395227001365285, 7.996667995104435711 ) ) ;
#2090 = EDGE_LOOP ( 'NONE', ( #1357, #2184, #1165, #1736 ) ) ;
#2091 = CARTESIAN_POINT ( 'NONE',  ( 43.72514044280326573, -5.516888706683285903, 8.041499215018271585 ) ) ;
#2092 = CARTESIAN_POINT ( 'NONE',  ( 44.35060809177377905, -5.471242875023618168, 8.140263551126743380 ) ) ;
#2093 = CARTESIAN_POINT ( 'NONE',  ( 52.65569915804727685, -2.786372596114755851, 4.903166114483226146 ) ) ;
#2094 = CARTESIAN_POINT ( 'NONE',  ( 44.01922093707922556, -5.736487936729875337, 8.273422260441995135 ) ) ;
#2095 = ORIENTED_EDGE ( 'NONE', *, *, #1790, .T. ) ;
#2096 = DIRECTION ( 'NONE',  ( 1.000000000000000000, 0.000000000000000000, 0.000000000000000000 ) ) ;
#2097 = CARTESIAN_POINT ( 'NONE',  ( 52.69890695134563430, -4.819492341331401697, 2.248680859761647000 ) ) ;
#2098 = CARTESIAN_POINT ( 'NONE',  ( 45.24804398920966975, -5.622431708596937305, 7.813134780948413294 ) ) ;
#2099 = LINE ( 'NONE', #1260, #408 ) ;
#2100 = DIRECTION ( 'NONE',  ( 0.000000000000000000, 0.000000000000000000, -1.000000000000000000 ) ) ;
#2101 = ORIENTED_EDGE ( 'NONE', *, *, #1985, .F. ) ;
#2102 = CARTESIAN_POINT ( 'NONE',  ( 44.12093258694855535, -5.906593849308813482, 7.913376106903379892 ) ) ;
#2103 = DIRECTION ( 'NONE',  ( 0.000000000000000000, -0.2588190451025185190, 0.9659258262890689783 ) ) ;
#2104 = EDGE_CURVE ( 'NONE', #1724, #269, #2381, .T. ) ;
#2105 = CARTESIAN_POINT ( 'NONE',  ( 38.79999999999999716, -11.00000000000000178, 12.00000000000000000 ) ) ;
#2106 = CARTESIAN_POINT ( 'NONE',  ( 51.92908770366550186, -2.328063591888699158, 4.005985465221581165 ) ) ;
#2107 = CARTESIAN_POINT ( 'NONE',  ( 44.12213510479676160, -5.580337944545097351, 8.611285538429021003 ) ) ;
#2108 = DIRECTION ( 'NONE',  ( 0.000000000000000000, 0.000000000000000000, -1.000000000000000000 ) ) ;
#2109 = VECTOR ( 'NONE', #2779, 1000.000000000000000 ) ;
#2110 = EDGE_CURVE ( 'NONE', #775, #1683, #1324, .T. ) ;
#2111 = CARTESIAN_POINT ( 'NONE',  ( 44.34889695103324669, -5.985811321467125801, 7.733958794145643800 ) ) ;
#2112 = VERTEX_POINT ( 'NONE', #1675 ) ;
#2113 = CARTESIAN_POINT ( 'NONE',  ( 44.05347914036781987, -5.773784789986844856, 8.200736378275090388 ) ) ;
#2114 = FACE_OUTER_BOUND ( 'NONE', #1796, .T. ) ;
#2115 = CARTESIAN_POINT ( 'NONE',  ( 49.20000000000000284, -8.177032893060632190, 2.285719005541839710 ) ) ;
#2116 = CARTESIAN_POINT ( 'NONE',  ( 44.44480696696854238, -5.989334434577092914, 7.734349486600869739 ) ) ;
#2117 = CIRCLE ( 'NONE', #1005, 0.5000000000000000000 ) ;
#2118 = EDGE_LOOP ( 'NONE', ( #310, #812, #1409, #2657 ) ) ;
#2119 = CARTESIAN_POINT ( 'NONE',  ( 37.01913041342675825, -5.515194080555642309, 2.878900823828375977 ) ) ;
#2120 = DIRECTION ( 'NONE',  ( 1.000000000000000000, 0.000000000000000000, 0.000000000000000000 ) ) ;
#2121 = CARTESIAN_POINT ( 'NONE',  ( 44.65059185746357429, -5.610926405613038348, 7.838028918478166851 ) ) ;
#2122 = CARTESIAN_POINT ( 'NONE',  ( 51.98906989737513840, -4.106050503305350929, 1.648806827312784495 ) ) ;
#2123 = AXIS2_PLACEMENT_3D ( 'NONE', #1463, #3111, #2185 ) ;
#2124 = LINE ( 'NONE', #191, #3088 ) ;
#2125 = CARTESIAN_POINT ( 'NONE',  ( 44.79958238228301326, -6.059245808283297841, 7.575067870834007344 ) ) ;
#2126 = AXIS2_PLACEMENT_3D ( 'NONE', #739, #1947, #2214 ) ;
#2127 = VERTEX_POINT ( 'NONE', #228 ) ;
#2128 = DIRECTION ( 'NONE',  ( 0.000000000000000000, 1.000000000000000000, 0.000000000000000000 ) ) ;
#2129 = CARTESIAN_POINT ( 'NONE',  ( 44.11093889920459787, -5.593638347814757772, 8.590521011743577517 ) ) ;
#2130 =( BOUNDED_SURFACE ( )  B_SPLINE_SURFACE ( 3, 2, ( 
 ( #2470, #2003, #2236 ),
 ( #1496, #1274, #2655 ),
 ( #1768, #2219, #67 ),
 ( #33, #2673, #1018 ),
 ( #1237, #84, #2425 ),
 ( #1988, #333, #780 ),
 ( #1037, #982, #2439 ),
 ( #280, #2707, #797 ),
 ( #1467, #2724, #564 ),
 ( #2912, #2486, #2175 ),
 ( #2203, #20, #969 ),
 ( #48, #997, #1939 ),
 ( #2925, #732, #1699 ),
 ( #267, #745, #1223 ),
 ( #1953, #2789, #1800 ),
 ( #1097, #2979, #2754 ) ),
 .UNSPECIFIED., .F., .F., .T. ) 
 B_SPLINE_SURFACE_WITH_KNOTS ( ( 4, 2, 2, 2, 2, 2, 2, 4 ),
 ( 3, 3 ),
 ( 0.000000000000000000, 0.0004898233475977325146, 0.0009796466951954650292, 0.001469470042793197435, 0.001959293390390930058, 0.002449116737988662681, 0.002938940085586394871, 0.003918586780781860117 ),
 ( 0.000000000000000000, 1.000000000000000000 ),
 .UNSPECIFIED. ) 
 GEOMETRIC_REPRESENTATION_ITEM ( )  RATIONAL_B_SPLINE_SURFACE ( (
 ( 1.000000000000000000, 0.6970975033671162890, 1.000000000000000000),
 ( 1.000000000000000000, 0.6970987627779767770, 1.000000000000000000),
 ( 1.000000000000000000, 0.6968286926378118862, 1.000000000000000000),
 ( 1.000000000000000000, 0.6958473605546530161, 1.000000000000000000),
 ( 1.000000000000000000, 0.6951237452568546082, 1.000000000000000000),
 ( 1.000000000000000000, 0.6934723764328700746, 1.000000000000000000),
 ( 1.000000000000000000, 0.6925522394082126443, 1.000000000000000000),
 ( 1.000000000000000000, 0.6908420861251376444, 1.000000000000000000),
 ( 1.000000000000000000, 0.6900527339543839345, 1.000000000000000000),
 ( 1.000000000000000000, 0.6890559880557231009, 1.000000000000000000),
 ( 1.000000000000000000, 0.6888365002047811547, 1.000000000000000000),
 ( 1.000000000000000000, 0.6893490700886331091, 1.000000000000000000),
 ( 1.000000000000000000, 0.6900879029552953181, 1.000000000000000000),
 ( 1.000000000000000000, 0.6940942032336014922, 1.000000000000000000),
 ( 1.000000000000000000, 0.6992950103539453677, 1.000000000000000000),
 ( 1.000000000000000000, 0.7071067811865475727, 1.000000000000000000) ) ) 
 REPRESENTATION_ITEM ( '' )  SURFACE ( )  );
#2131 = CARTESIAN_POINT ( 'NONE',  ( 44.43054146794781900, -5.987098102427791169, 7.739188260526258745 ) ) ;
#2132 = EDGE_LOOP ( 'NONE', ( #446, #809, #970, #1754, #1281, #2396, #916, #315, #2095, #511 ) ) ;
#2133 = DIRECTION ( 'NONE',  ( 0.000000000000000000, 0.000000000000000000, -1.000000000000000000 ) ) ;
#2134 = FACE_OUTER_BOUND ( 'NONE', #1229, .T. ) ;
#2135 = B_SPLINE_SURFACE_WITH_KNOTS ( 'NONE', 1, 3, ( 
 ( #2510, #1059, #1074, #329, #1046, #2030, #357, #605, #1314, #2280, #1091, #1527, #1572, #1541, #1763, #126, #811, #2527, #2462, #374, #78, #2296, #141, #542, #314, #559, #2482, #1777, #791, #1509, #1031, #575, #2496, #341, #2599, #2545, #1606, #1164, #2559, #403, #832, #1039, #533, #1970, #765 ),
 ( #52, #2036, #2222, #2005, #550, #70, #1000, #2256, #1784, #1735, #119, #2709, #2742, #1067, #1534, #2930, #1499, #802, #1258, #2948, #1753, #2488, #2551, #150, #880, #2791, #1597, #1613, #3009, #1325, #2107, #3067, #912, #411, #364, #1101, #1129, #164, #1373, #2332, #2287, #2067, #892, #2094, #2319 ),
 ( #395, #1846, #3042, #1356, #3053, #382, #2302, #1114, #2082, #2821, #2806, #643, #1141, #1581, #1861, #2566, #1815, #176, #1341, #654, #2518, #1625, #132, #2581, #425, #2756, #1081, #2775, #612, #865, #847, #1387, #595, #3025, #2349, #190, #1563, #2051, #2535, #1833, #628, #746, #298, #2440, #1954 ) ),
 .UNSPECIFIED., .F., .F., .F.,
 ( 2, 1, 2 ),
 ( 4, 3, 2, 2, 2, 2, 2, 2, 2, 2, 2, 2, 2, 2, 2, 2, 2, 2, 2, 2, 2, 4 ),
 ( 0.000000000000000000, 1.000000000000000000, 1.011333162863542245 ),
 ( -0.01000000000000000021, 0.000000000000000000, 0.1250000000000000000, 0.1875000000000000000, 0.2500000000000000000, 0.3125000000000000000, 0.3437500000000000000, 0.3750000000000000000, 0.4375000000000000000, 0.5000000000000000000, 0.5625000000000000000, 0.5937500000000000000, 0.6250000000000000000, 0.6562500000000000000, 0.6875000000000000000, 0.7500000000000000000, 0.8125000000000000000, 0.8750000000000000000, 0.9062500000000000000, 0.9375000000000000000, 0.9687500000000000000, 1.000000000000000000 ),
 .UNSPECIFIED. ) ;
#2136 = CIRCLE ( 'NONE', #1740, 79.25090985159472723 ) ;
#2137 = LINE ( 'NONE', #3110, #290 ) ;
#2138 = CARTESIAN_POINT ( 'NONE',  ( 44.36774931734898786, -5.522609947894866700, 8.029120108989069138 ) ) ;
#2139 = DIRECTION ( 'NONE',  ( 0.000000000000000000, 0.3633869908075263444, -0.9316382854476574771 ) ) ;
#2140 = CARTESIAN_POINT ( 'NONE',  ( 37.50000000000000711, -2.895078646751378493, 6.176372519443535047 ) ) ;
#2141 = EDGE_CURVE ( 'NONE', #566, #3075, #1183, .T. ) ;
#2142 = LINE ( 'NONE', #3097, #1976 ) ;
#2143 = CARTESIAN_POINT ( 'NONE',  ( 43.95025206461102840, -5.746111910180678350, 7.545498105664686150 ) ) ;
#2144 = EDGE_CURVE ( 'NONE', #622, #2426, #247, .T. ) ;
#2145 = ORIENTED_EDGE ( 'NONE', *, *, #302, .T. ) ;
#2146 = CARTESIAN_POINT ( 'NONE',  ( 44.07553437582049582, -5.823972787043489419, 8.092144114107085784 ) ) ;
#2147 = DIRECTION ( 'NONE',  ( 0.000000000000000000, 0.4195301040597854136, 0.9077414234172557217 ) ) ;
#2148 = CARTESIAN_POINT ( 'NONE',  ( 45.00852698409691044, -6.020645594241634591, 7.666601221654974374 ) ) ;
#2149 = ORIENTED_EDGE ( 'NONE', *, *, #311, .T. ) ;
#2150 = EDGE_CURVE ( 'NONE', #2061, #2497, #3079, .T. ) ;
#2151 = CARTESIAN_POINT ( 'NONE',  ( 44.42988756616892232, -6.002857722104154803, 7.705089016015687520 ) ) ;
#2152 = CARTESIAN_POINT ( 'NONE',  ( 37.50000000000000000, -8.000000000000000000, 14.94999999999999751 ) ) ;
#2153 = CARTESIAN_POINT ( 'NONE',  ( 45.14427796356864775, -5.057679645439362659, 9.035094389394641823 ) ) ;
#2154 = ORIENTED_EDGE ( 'NONE', *, *, #2049, .T. ) ;
#2155 = LINE ( 'NONE', #2450, #501 ) ;
#2156 = VECTOR ( 'NONE', #1818, 1000.000000000000000 ) ;
#2157 = CARTESIAN_POINT ( 'NONE',  ( 52.72234846874814451, -5.164343945875679687, 1.854248740229927472 ) ) ;
#2158 = LINE ( 'NONE', #1447, #2058 ) ;
#2159 = DIRECTION ( 'NONE',  ( 0.000000000000000000, 0.2588190451025185190, -0.9659258262890689783 ) ) ;
#2160 = AXIS2_PLACEMENT_3D ( 'NONE', #448, #3093, #1397 ) ;
#2161 = CARTESIAN_POINT ( 'NONE',  ( 44.02014478187242474, -5.762358080966042628, 8.217446774235854789 ) ) ;
#2162 = DIRECTION ( 'NONE',  ( 0.000000000000000000, 0.8088568848861281690, -0.5880055610045783476 ) ) ;
#2163 = ORIENTED_EDGE ( 'NONE', *, *, #2739, .F. ) ;
#2164 = CARTESIAN_POINT ( 'NONE',  ( 44.10035159898036738, -5.854426625671935724, 8.026250843141577107 ) ) ;
#2165 = DIRECTION ( 'NONE',  ( -1.000000000000000000, -0.000000000000000000, -0.000000000000000000 ) ) ;
#2166 = CARTESIAN_POINT ( 'NONE',  ( 44.08033758887153652, -5.831303786671601763, 8.076281957917144538 ) ) ;
#2167 = ORIENTED_EDGE ( 'NONE', *, *, #1364, .T. ) ;
#2168 = PLANE ( 'NONE',  #2710 ) ;
#2169 = CARTESIAN_POINT ( 'NONE',  ( 53.00000000000000000, -3.491128017864268074, 6.328558523743964770 ) ) ;
#2170 = ORIENTED_EDGE ( 'NONE', *, *, #344, .T. ) ;
#2171 = CARTESIAN_POINT ( 'NONE',  ( 38.79999999999999716, -7.700000000000000178, 16.49999999999999645 ) ) ;
#2172 = CARTESIAN_POINT ( 'NONE',  ( 52.37426541228429500, -5.565046550330866815, 2.220813830235565334 ) ) ;
#2173 = DIRECTION ( 'NONE',  ( 1.000000000000000000, 0.000000000000000000, 0.000000000000000000 ) ) ;
#2174 = CARTESIAN_POINT ( 'NONE',  ( 44.47359936380728840, -5.365400638623180285, 8.369246838375525854 ) ) ;
#2175 = CARTESIAN_POINT ( 'NONE',  ( 37.73601357677645041, -4.320073731556040464, 1.824227686206830512 ) ) ;
#2176 = EDGE_LOOP ( 'NONE', ( #4, #42, #2668, #1792 ) ) ;
#2177 = DIRECTION ( 'NONE',  ( 0.000000000000000000, -0.9385226975553380147, -0.3452175345683523022 ) ) ;
#2178 = CARTESIAN_POINT ( 'NONE',  ( 36.99799999999999756, -7.700000000000000178, 17.94999999999999574 ) ) ;
#2179 = CALENDAR_DATE ( 2026, 4, 4 ) ;
#2180 = EDGE_LOOP ( 'NONE', ( #1130, #2167, #1476, #421, #254, #1741, #692, #2207, #2995, #151 ) ) ;
#2181 = EDGE_CURVE ( 'NONE', #1528, #1778, #1461, .T. ) ;
#2182 = CARTESIAN_POINT ( 'NONE',  ( 44.43598030323380499, -5.569833195735782283, 7.926914098508357931 ) ) ;
#2183 = CARTESIAN_POINT ( 'NONE',  ( 50.39487241807582762, -3.534895824952400289, 1.199553000015087134 ) ) ;
#2184 = ORIENTED_EDGE ( 'NONE', *, *, #1820, .T. ) ;
#2185 = DIRECTION ( 'NONE',  ( 0.000000000000000000, 0.000000000000000000, -1.000000000000000000 ) ) ;
#2186 = CARTESIAN_POINT ( 'NONE',  ( 45.06126535781799447, -5.057801049810961125, 9.034831705557650139 ) ) ;
#2187 = CARTESIAN_POINT ( 'NONE',  ( 37.50000000000000000, -6.225590596540568455, 14.66794733503051873 ) ) ;
#2188 = CARTESIAN_POINT ( 'NONE',  ( 44.35737350687167435, -5.440929420217967660, 8.205824468800399174 ) ) ;
#2189 = DIRECTION ( 'NONE',  ( 0.000000000000000000, -1.000000000000000000, 0.000000000000000000 ) ) ;
#2190 = VERTEX_POINT ( 'NONE', #991 ) ;
#2191 = DIRECTION ( 'NONE',  ( 0.000000000000000000, -1.000000000000000000, 0.000000000000000000 ) ) ;
#2192 = CARTESIAN_POINT ( 'NONE',  ( 44.83808194887953391, -5.469173209584794471, 8.859827458766567077 ) ) ;
#2193 = VECTOR ( 'NONE', #2804, 1000.000000000000000 ) ;
#2194 = EDGE_LOOP ( 'NONE', ( #1802, #2261, #301, #723 ) ) ;
#2195 = DIRECTION ( 'NONE',  ( -0.000000000000000000, 1.000000000000000000, -0.000000000000000000 ) ) ;
#2196 = DIRECTION ( 'NONE',  ( 0.000000000000000000, 0.000000000000000000, -1.000000000000000000 ) ) ;
#2197 = B_SPLINE_CURVE_WITH_KNOTS ( 'NONE', 3,
 ( #2839, #2851, #489, #901, #686, #1655, #1422, #1173, #703, #1451, #5, #956, #1928, #2414, #3057, #1133 ),
 .UNSPECIFIED., .F., .F.,
 ( 4, 2, 2, 2, 2, 2, 2, 4 ),
 ( 0.000000000000000000, 0.001059949745444738623, 0.001589924618167107935, 0.002119899490889477246, 0.002649874363611846341, 0.003179849236334215869, 0.003709824109056584097, 0.004239798981778952758 ),
 .UNSPECIFIED. ) ;
#2198 = ORIENTED_EDGE ( 'NONE', *, *, #343, .F. ) ;
#2199 = CARTESIAN_POINT ( 'NONE',  ( 53.00000000000000000, -6.782370465025383766, 16.74587809284738782 ) ) ;
#2200 = CARTESIAN_POINT ( 'NONE',  ( 44.68829472410805437, -5.065494238773623259, 9.018185876731488193 ) ) ;
#2201 = EDGE_CURVE ( 'NONE', #747, #28, #619, .T. ) ;
#2202 = CARTESIAN_POINT ( 'NONE',  ( 44.56736291252304483, -5.342277376653310483, 8.419278868333279320 ) ) ;
#2203 = CARTESIAN_POINT ( 'NONE',  ( 38.01002015909708120, -5.009592472681544173, 1.721702079076042446 ) ) ;
#2204 = CARTESIAN_POINT ( 'NONE',  ( 38.79999999999999716, 6.935460182787541505, 15.56931747623857554 ) ) ;
#2205 = DIRECTION ( 'NONE',  ( 0.000000000000000000, 0.000000000000000000, -1.000000000000000000 ) ) ;
#2206 = AXIS2_PLACEMENT_3D ( 'NONE', #227, #1932, #2831 ) ;
#2207 = ORIENTED_EDGE ( 'NONE', *, *, #1355, .T. ) ;
#2208 = ADVANCED_FACE ( 'NONE', ( #840 ), #2955, .T. ) ;
#2209 = LINE ( 'NONE', #54, #83 ) ;
#2210 = CARTESIAN_POINT ( 'NONE',  ( 44.07490712919408082, -5.871025313618697616, 7.990336098340582893 ) ) ;
#2211 = CARTESIAN_POINT ( 'NONE',  ( 45.03191504756271968, -5.467697660610359556, 8.863020118633846423 ) ) ;
#2212 = ORIENTED_EDGE ( 'NONE', *, *, #2533, .F. ) ;
#2213 = CARTESIAN_POINT ( 'NONE',  ( 44.93249977602228995, -5.622085196027719611, 7.813855930185586551 ) ) ;
#2214 = DIRECTION ( 'NONE',  ( 0.000000000000000000, 0.000000000000000000, -1.000000000000000000 ) ) ;
#2215 = ORIENTED_EDGE ( 'NONE', *, *, #2364, .T. ) ;
#2216 = CARTESIAN_POINT ( 'NONE',  ( 45.17699698066265768, -5.851296717627120891, 7.148588292117667997 ) ) ;
#2217 = DIRECTION ( 'NONE',  ( -1.000000000000000000, 0.000000000000000000, 0.000000000000000000 ) ) ;
#2218 = CARTESIAN_POINT ( 'NONE',  ( 44.58423177600062814, -5.339393738817995505, 8.425518223955016595 ) ) ;
#2219 = CARTESIAN_POINT ( 'NONE',  ( 39.60379228034941690, -3.837698856526438718, 0.7834225969308389326 ) ) ;
#2220 = VECTOR ( 'NONE', #1808, 1000.000000000000000 ) ;
#2221 = CARTESIAN_POINT ( 'NONE',  ( 38.26448695292842217, -2.230584545186575340, 4.550104377089901675 ) ) ;
#2222 = CARTESIAN_POINT ( 'NONE',  ( 45.15201362755266246, -5.451388282322014334, 8.890295194237715748 ) ) ;
#2223 = ORIENTED_EDGE ( 'NONE', *, *, #1922, .F. ) ;
#2224 = LINE ( 'NONE', #1483, #1363 ) ;
#2225 = CARTESIAN_POINT ( 'NONE',  ( 44.14618454639642664, -5.601226822106371017, 8.574101755086980248 ) ) ;
#2226 = APPROVAL_STATUS ( 'not_yet_approved' ) ;
#2227 = CIRCLE ( 'NONE', #1161, 18.28717471930914229 ) ;
#2228 = EDGE_LOOP ( 'NONE', ( #933, #2324, #1564, #1211 ) ) ;
#2229 = AXIS2_PLACEMENT_3D ( 'NONE', #1933, #2433, #2196 ) ;
#2230 = CARTESIAN_POINT ( 'NONE',  ( 45.14427796356864775, -5.057679645439362659, 9.035094389394641823 ) ) ;
#2231 = DIRECTION ( 'NONE',  ( 0.000000000000000000, 0.000000000000000000, 1.000000000000000000 ) ) ;
#2232 = ORIENTED_EDGE ( 'NONE', *, *, #1557, .T. ) ;
#2233 = CARTESIAN_POINT ( 'NONE',  ( 45.03315379681018982, -5.455488721069615465, 8.829846242176097704 ) ) ;
#2234 = CARTESIAN_POINT ( 'NONE',  ( 44.44213586578342756, -5.080963853555638288, 8.984714118671581318 ) ) ;
#2235 = CARTESIAN_POINT ( 'NONE',  ( 44.74410551444626805, -5.326036734478933887, 8.454418905965580322 ) ) ;
#2236 = CARTESIAN_POINT ( 'NONE',  ( 40.00000000000000000, -3.519364420207030442, 1.187724135587836516 ) ) ;
#2237 = LINE ( 'NONE', #2004, #9 ) ;
#2238 = ORIENTED_EDGE ( 'NONE', *, *, #1522, .F. ) ;
#2239 = CARTESIAN_POINT ( 'NONE',  ( 37.00000000000000711, -10.62986452842743823, 12.03663880687595977 ) ) ;
#2240 = LINE ( 'NONE', #2025, #2156 ) ;
#2241 = CARTESIAN_POINT ( 'NONE',  ( 44.71593820866874580, -5.473058816794964976, 8.851420132127380214 ) ) ;
#2242 = AXIS2_PLACEMENT_3D ( 'NONE', #1637, #472, #2594 ) ;
#2243 = EDGE_CURVE ( 'NONE', #2365, #3099, #2043, .T. ) ;
#2244 = PERSON_AND_ORGANIZATION_ROLE ( 'creator' ) ;
#2245 = ORIENTED_EDGE ( 'NONE', *, *, #1219, .T. ) ;
#2246 = FACE_OUTER_BOUND ( 'NONE', #792, .T. ) ;
#2247 = DIRECTION ( 'NONE',  ( 0.000000000000000000, -0.9077414234166548690, 0.4195301040610856513 ) ) ;
#2248 = ORIENTED_EDGE ( 'NONE', *, *, #2339, .F. ) ;
#2249 = ADVANCED_FACE ( 'NONE', ( #855 ), #1334, .F. ) ;
#2250 = EDGE_CURVE ( 'NONE', #2341, #1760, #3003, .T. ) ;
#2251 = ADVANCED_FACE ( 'NONE', ( #1284 ), #2973, .T. ) ;
#2252 = DIRECTION ( 'NONE',  ( 1.000000000000000000, 1.642867582473048106E-14, -4.466367900914185287E-14 ) ) ;
#2253 = CARTESIAN_POINT ( 'NONE',  ( 44.39776369925228749, -5.507542754938052454, 8.768793208062536593 ) ) ;
#2254 = CARTESIAN_POINT ( 'NONE',  ( 38.26730245250244167, -2.229362697116884284, 4.547203627689356153 ) ) ;
#2255 = CARTESIAN_POINT ( 'NONE',  ( 40.00000000000000000, -1.915284323419864432, 3.812190467032831265 ) ) ;
#2256 = CARTESIAN_POINT ( 'NONE',  ( 44.82942397301049198, -5.454931114824328908, 8.882629532614286560 ) ) ;
#2257 = ORIENTED_EDGE ( 'NONE', *, *, #2306, .T. ) ;
#2258 = CARTESIAN_POINT ( 'NONE',  ( 49.99999999999999289, -4.229048003413097057, 1.085722750660315983 ) ) ;
#2259 = DIRECTION ( 'NONE',  ( 0.5773502691896263972, 0.2818689366513585925, -0.7663005736769994414 ) ) ;
#2260 = CARTESIAN_POINT ( 'NONE',  ( 44.48802327761588771, -5.360741612000330392, 8.379356223653873670 ) ) ;
#2261 = ORIENTED_EDGE ( 'NONE', *, *, #571, .T. ) ;
#2262 = VECTOR ( 'NONE', #608, 1000.000000000000000 ) ;
#2263 = CARTESIAN_POINT ( 'NONE',  ( 44.51751849468940492, -5.994708291744852424, 7.714708331816908071 ) ) ;
#2264 = CARTESIAN_POINT ( 'NONE',  ( 37.00000000000000000, -6.782370465025383766, 16.74587809284738782 ) ) ;
#2265 = VERTEX_POINT ( 'NONE', #2988 ) ;
#2266 = AXIS2_PLACEMENT_3D ( 'NONE', #1209, #1175, #2147 ) ;
#2267 = AXIS2_PLACEMENT_3D ( 'NONE', #387, #1346, #1868 ) ;
#2268 = CARTESIAN_POINT ( 'NONE',  ( 43.72278862128363386, -5.457350942333787813, 8.170321662883987202 ) ) ;
#2269 = CARTESIAN_POINT ( 'NONE',  ( 44.64550343521438691, -5.474970219761748247, 8.839270723642483674 ) ) ;
#2270 = CARTESIAN_POINT ( 'NONE',  ( 45.54804398920526154, -6.672498405457681692, 6.256180865673824698 ) ) ;
#2271 = CARTESIAN_POINT ( 'NONE',  ( 40.00000000000000000, -1.969671794628557127, 3.319471916195387173 ) ) ;
#2272 = CC_DESIGN_DATE_AND_TIME_ASSIGNMENT ( #1454, #287, ( #2295 ) ) ;
#2273 = ORIENTED_EDGE ( 'NONE', *, *, #2697, .F. ) ;
#2274 = CARTESIAN_POINT ( 'NONE',  ( 45.00235955716484426, -5.856491617892692680, 7.727040342276218610 ) ) ;
#2275 = DIRECTION ( 'NONE',  ( 0.000000000000000000, -0.9659258262890686453, -0.2588190451025191297 ) ) ;
#2276 = CARTESIAN_POINT ( 'NONE',  ( 44.53448409369994465, -5.348808970876794966, 8.405174996928469255 ) ) ;
#2277 = CIRCLE ( 'NONE', #813, 18.28717471930914229 ) ;
#2278 = ORIENTED_EDGE ( 'NONE', *, *, #1126, .F. ) ;
#2279 = CARTESIAN_POINT ( 'NONE',  ( 44.35232925901202350, -5.489802935663996131, 8.100076361456213903 ) ) ;
#2280 = CARTESIAN_POINT ( 'NONE',  ( 44.68829352187810144, -5.065478336523867142, 9.018191681157153639 ) ) ;
#2281 = ORIENTED_EDGE ( 'NONE', *, *, #1220, .T. ) ;
#2282 = VECTOR ( 'NONE', #1430, 1000.000000000000000 ) ;
#2283 = CARTESIAN_POINT ( 'NONE',  ( 44.21175460042709204, -5.826923158026442451, 7.370674615195384582 ) ) ;
#2284 = CARTESIAN_POINT ( 'NONE',  ( 44.05190269959317817, -5.718920098004112162, 8.319447653377851637 ) ) ;
#2285 = FACE_OUTER_BOUND ( 'NONE', #650, .T. ) ;
#2286 = CARTESIAN_POINT ( 'NONE',  ( 52.44703427914855354, -2.766842162687034534, 5.854235021925804361 ) ) ;
#2287 = CARTESIAN_POINT ( 'NONE',  ( 44.02159180483106127, -5.712025376022711320, 8.326352144285236179 ) ) ;
#2288 = ORIENTED_EDGE ( 'NONE', *, *, #898, .T. ) ;
#2289 = CARTESIAN_POINT ( 'NONE',  ( 40.80000000000000426, -3.022937153949438294, 3.946474528454205988 ) ) ;
#2290 = LINE ( 'NONE', #73, #216 ) ;
#2291 = CARTESIAN_POINT ( 'NONE',  ( 44.63656318476822094, -5.333110655427677038, 8.439141596877014706 ) ) ;
#2292 = CARTESIAN_POINT ( 'NONE',  ( 45.00110019716999687, -6.020610506347774837, 7.666677141675744878 ) ) ;
#2293 = DIRECTION ( 'NONE',  ( -1.000000000000000000, 0.000000000000000000, -0.000000000000000000 ) ) ;
#2294 = CARTESIAN_POINT ( 'NONE',  ( 44.61855013092794309, -6.004192531301558056, 7.694187189157801754 ) ) ;
#2295 = SECURITY_CLASSIFICATION ( '', '', #520 ) ;
#2296 = CARTESIAN_POINT ( 'NONE',  ( 44.10108850269497083, -5.142219302985459706, 8.852146495231433931 ) ) ;
#2297 = VERTEX_POINT ( 'NONE', #2264 ) ;
#2298 = DIRECTION ( 'NONE',  ( 1.000000000000000000, 0.000000000000000000, 0.000000000000000000 ) ) ;
#2299 = CARTESIAN_POINT ( 'NONE',  ( 44.23772125175273828, -5.557207927015517690, 8.669345872494993444 ) ) ;
#2300 = DIRECTION ( 'NONE',  ( 1.000000000000000000, 0.000000000000000000, 0.000000000000000000 ) ) ;
#2301 = CARTESIAN_POINT ( 'NONE',  ( 51.83857471319263510, -2.086933376336586043, 4.210367119446646988 ) ) ;
#2302 = CARTESIAN_POINT ( 'NONE',  ( 44.86918250192628221, -5.458526888073204297, 8.882863009612655958 ) ) ;
#2303 = VERTEX_POINT ( 'NONE', #95 ) ;
#2304 = CARTESIAN_POINT ( 'NONE',  ( 51.54511811300053381, -4.654308604201703226, 1.423391153109286877 ) ) ;
#2305 = CARTESIAN_POINT ( 'NONE',  ( 52.50000000000000000, -7.699999999999998401, 17.94999999999999574 ) ) ;
#2306 = EDGE_CURVE ( 'NONE', #2519, #771, #2718, .T. ) ;
#2307 = ORIENTED_EDGE ( 'NONE', *, *, #1978, .F. ) ;
#2308 = PLANE ( 'NONE',  #904 ) ;
#2309 = VECTOR ( 'NONE', #2879, 1000.000000000000000 ) ;
#2310 = ADVANCED_FACE ( 'NONE', ( #1555 ), #2135, .T. ) ;
#2311 = CARTESIAN_POINT ( 'NONE',  ( 44.15512390789766073, -5.891356180068178183, 7.938332315074243972 ) ) ;
#2312 = EDGE_CURVE ( 'NONE', #1870, #2061, #268, .T. ) ;
#2313 = ORIENTED_EDGE ( 'NONE', *, *, #206, .T. ) ;
#2314 = CARTESIAN_POINT ( 'NONE',  ( 43.73649541341875846, -5.558732144438421230, 7.950962156102121092 ) ) ;
#2315 = CARTESIAN_POINT ( 'NONE',  ( 44.52748310660585673, -5.485641081504695649, 8.816182074856966366 ) ) ;
#2316 = CARTESIAN_POINT ( 'NONE',  ( 53.00000000000000000, -10.49999999999999467, 12.04961397883133856 ) ) ;
#2317 = B_SPLINE_CURVE_WITH_KNOTS ( 'NONE', 3,
 ( #2028, #124, #852, #2508, #386, #1311, #1568, #418, #2797, #1118, #2570, #3000, #1345, #2072 ),
 .UNSPECIFIED., .F., .F.,
 ( 4, 2, 2, 2, 2, 2, 4 ),
 ( 0.000000000000000000, 0.001001265879962337903, 0.002002531759924675806, 0.002503164699905844649, 0.003003797639887013926, 0.003504430579868182769, 0.004005063519849351612 ),
 .UNSPECIFIED. ) ;
#2318 = CARTESIAN_POINT ( 'NONE',  ( 52.21308263313010656, -2.513618427079375550, 5.230934350609360628 ) ) ;
#2319 = CARTESIAN_POINT ( 'NONE',  ( 44.01902818533321238, -5.745199068513446861, 8.254573898695715783 ) ) ;
#2320 = ORIENTED_EDGE ( 'NONE', *, *, #1286, .T. ) ;
#2321 = PLANE ( 'NONE',  #2943 ) ;
#2322 = VECTOR ( 'NONE', #971, 1000.000000000000000 ) ;
#2323 = CARTESIAN_POINT ( 'NONE',  ( 43.97296076958152611, -5.701440904577168567, 8.239349414623927004 ) ) ;
#2324 = ORIENTED_EDGE ( 'NONE', *, *, #1983, .F. ) ;
#2325 = CARTESIAN_POINT ( 'NONE',  ( 53.00000000000000000, -11.00000000000000178, 17.94999999999999574 ) ) ;
#2326 = AXIS2_PLACEMENT_3D ( 'NONE', #825, #1998, #2231 ) ;
#2327 = CARTESIAN_POINT ( 'NONE',  ( 44.29933358886558636, -5.953057940141650128, 7.804827608322026933 ) ) ;
#2328 = ORIENTED_EDGE ( 'NONE', *, *, #1316, .T. ) ;
#2329 = LINE ( 'NONE', #2077, #860 ) ;
#2330 = CARTESIAN_POINT ( 'NONE',  ( 44.35090771221560857, -5.478686452179378108, 8.124157809826877852 ) ) ;
#2331 = FACE_OUTER_BOUND ( 'NONE', #2736, .T. ) ;
#2332 = CARTESIAN_POINT ( 'NONE',  ( 44.02498577643787314, -5.699172364128433976, 8.354162332872968832 ) ) ;
#2333 = ORIENTED_EDGE ( 'NONE', *, *, #1286, .F. ) ;
#2334 = LINE ( 'NONE', #1904, #224 ) ;
#2335 = CARTESIAN_POINT ( 'NONE',  ( 43.77346438924637795, -5.619983412186285499, 7.818403580610441495 ) ) ;
#2336 = VERTEX_POINT ( 'NONE', #530 ) ;
#2337 = CARTESIAN_POINT ( 'NONE',  ( 44.43054146794799664, -5.987098102427148127, 7.739188260526469243 ) ) ;
#2338 = CARTESIAN_POINT ( 'NONE',  ( 44.36901920971909163, -5.494205385106191386, 8.805665093729409421 ) ) ;
#2339 = EDGE_CURVE ( 'NONE', #1528, #76, #1718, .T. ) ;
#2340 = CARTESIAN_POINT ( 'NONE',  ( 45.00282495810091632, -6.020618654990359531, 7.666659510378608822 ) ) ;
#2341 = VERTEX_POINT ( 'NONE', #1497 ) ;
#2342 = LINE ( 'NONE', #842, #2262 ) ;
#2343 = EDGE_CURVE ( 'NONE', #62, #771, #983, .T. ) ;
#2344 = EDGE_CURVE ( 'NONE', #1785, #747, #1208, .T. ) ;
#2345 = EDGE_CURVE ( 'NONE', #695, #1785, #2277, .T. ) ;
#2346 = DIRECTION ( 'NONE',  ( -1.000000000000000000, 0.000000000000000000, 0.000000000000000000 ) ) ;
#2347 = CARTESIAN_POINT ( 'NONE',  ( 50.87102032978178556, -1.984117872162899809, 3.971491574059474061 ) ) ;
#2348 = VECTOR ( 'NONE', #380, 1000.000000000000000 ) ;
#2349 = CARTESIAN_POINT ( 'NONE',  ( 44.05564799909341644, -5.646159110108072809, 8.476881320432182676 ) ) ;
#2350 = LINE ( 'NONE', #233, #627 ) ;
#2351 = CARTESIAN_POINT ( 'NONE',  ( 44.02254521550831612, -5.775361022562917057, 7.482211512758693672 ) ) ;
#2352 = CARTESIAN_POINT ( 'NONE',  ( 44.05051579953082808, -5.742331078974950209, 8.268793082978218578 ) ) ;
#2353 = CARTESIAN_POINT ( 'NONE',  ( 44.02832064453470906, -5.702404748289202630, 8.355182078420904546 ) ) ;
#2354 = CARTESIAN_POINT ( 'NONE',  ( 44.05386421661570751, -5.738929954334110128, 8.268138442869345184 ) ) ;
#2355 = ORIENTED_EDGE ( 'NONE', *, *, #1820, .F. ) ;
#2356 = CARTESIAN_POINT ( 'NONE',  ( 37.15290273384498221, -5.089577134864256003, 2.487869547182696817 ) ) ;
#2357 = CARTESIAN_POINT ( 'NONE',  ( 53.00000000000000000, -8.000000000000000000, 17.94999999999999574 ) ) ;
#2358 = CARTESIAN_POINT ( 'NONE',  ( 44.40179285117891794, -5.552779234044507461, 7.963842527028112350 ) ) ;
#2359 = CARTESIAN_POINT ( 'NONE',  ( 51.50984901581114883, -3.835777031395487313, 1.432910352371544960 ) ) ;
#2360 = CYLINDRICAL_SURFACE ( 'NONE', #790, 79.25090985159471302 ) ;
#2361 = CARTESIAN_POINT ( 'NONE',  ( 53.00000000000000000, -7.699999999999999289, 16.49999999999999645 ) ) ;
#2362 = VECTOR ( 'NONE', #2554, 1000.000000000000000 ) ;
#2363 = CARTESIAN_POINT ( 'NONE',  ( 44.37303979014728128, -5.855974041237050898, 7.307788329275964223 ) ) ;
#2364 = EDGE_CURVE ( 'NONE', #1705, #2956, #998, .T. ) ;
#2365 = VERTEX_POINT ( 'NONE', #1361 ) ;
#2366 = CARTESIAN_POINT ( 'NONE',  ( 44.05219735768045553, -5.766156338885195964, 8.217242133152856454 ) ) ;
#2367 = CARTESIAN_POINT ( 'NONE',  ( 44.05564799909183193, -5.646159110106369283, 8.476881320431926881 ) ) ;
#2368 = FACE_OUTER_BOUND ( 'NONE', #1548, .T. ) ;
#2369 = AXIS2_PLACEMENT_3D ( 'NONE', #2543, #1034, #2957 ) ;
#2370 = ORIENTED_EDGE ( 'NONE', *, *, #2999, .F. ) ;
#2371 = CARTESIAN_POINT ( 'NONE',  ( 44.03888491307466779, -5.823611143617146269, 8.092926605554923825 ) ) ;
#2372 = DIRECTION ( 'NONE',  ( 0.000000000000000000, 0.000000000000000000, 1.000000000000000000 ) ) ;
#2373 = ADVANCED_FACE ( 'NONE', ( #2114 ), #2694, .T. ) ;
#2374 = CARTESIAN_POINT ( 'NONE',  ( 45.03775124593902746, -5.467678997815003328, 8.863060499509257895 ) ) ;
#2375 = ADVANCED_FACE ( 'NONE', ( #2493 ), #1894, .T. ) ;
#2376 = CARTESIAN_POINT ( 'NONE',  ( 45.14427796356864775, -5.057679645439362659, 9.035094389394641823 ) ) ;
#2377 = TOROIDAL_SURFACE ( 'NONE', #369, 79.75090985159472723, 0.5000000000000000000 ) ;
#2378 = DIRECTION ( 'NONE',  ( 0.000000000000000000, 0.000000000000000000, -1.000000000000000000 ) ) ;
#2379 = DIRECTION ( 'NONE',  ( 0.000000000000000000, 0.000000000000000000, -1.000000000000000000 ) ) ;
#2380 = CARTESIAN_POINT ( 'NONE',  ( 44.12458433833526072, -5.806029175270279730, 7.415854528307092686 ) ) ;
#2381 = CIRCLE ( 'NONE', #1163, 1.000000000000000444 ) ;
#2382 = CARTESIAN_POINT ( 'NONE',  ( 44.05065089016565594, -5.745691173412503794, 8.261522813506449125 ) ) ;
#2383 = FACE_BOUND ( 'NONE', #2663, .T. ) ;
#2384 = CARTESIAN_POINT ( 'NONE',  ( 44.05401239349598796, -5.742615538408267106, 8.260163908262173393 ) ) ;
#2385 = ORIENTED_EDGE ( 'NONE', *, *, #2141, .F. ) ;
#2386 = CARTESIAN_POINT ( 'NONE',  ( 44.99999999999999289, -4.623483110884325065, 11.00226921075739916 ) ) ;
#2387 = DIRECTION ( 'NONE',  ( 1.000000000000000000, 0.000000000000000000, 0.000000000000000000 ) ) ;
#2388 = DIRECTION ( 'NONE',  ( 0.000000000000000000, 0.000000000000000000, -1.000000000000000000 ) ) ;
#2389 = EDGE_LOOP ( 'NONE', ( #1044, #2560, #737, #229 ) ) ;
#2390 = CIRCLE ( 'NONE', #2242, 2.999999999999999112 ) ;
#2391 = CARTESIAN_POINT ( 'NONE',  ( 44.41788491630065749, -5.561651025395381254, 7.944646544591692283 ) ) ;
#2392 = CARTESIAN_POINT ( 'NONE',  ( 44.85387022000494994, -5.060506379979976543, 9.028978155991763899 ) ) ;
#2393 = DIRECTION ( 'NONE',  ( 0.000000000000000000, -0.4195301040610857624, -0.9077414234166547580 ) ) ;
#2394 = DIRECTION ( 'NONE',  ( -1.000000000000000000, 0.000000000000000000, 0.000000000000000000 ) ) ;
#2395 = CARTESIAN_POINT ( 'NONE',  ( 44.02150780881508751, -5.778100663549328608, 8.183384393052463679 ) ) ;
#2396 = ORIENTED_EDGE ( 'NONE', *, *, #469, .T. ) ;
#2397 = CARTESIAN_POINT ( 'NONE',  ( 44.06817333775460810, -5.811358108447365112, 8.119438618587084378 ) ) ;
#2398 = PLANE ( 'NONE',  #689 ) ;
#2399 = ORIENTED_EDGE ( 'NONE', *, *, #1790, .F. ) ;
#2400 = ADVANCED_FACE ( 'NONE', ( #117 ), #1533, .F. ) ;
#2401 = CARTESIAN_POINT ( 'NONE',  ( 37.50000000000000000, -6.158236782065923620, 2.803117610690229355 ) ) ;
#2402 = EDGE_CURVE ( 'NONE', #1109, #1047, #1370, .T. ) ;
#2403 = DIRECTION ( 'NONE',  ( 1.000000000000000000, -0.000000000000000000, 0.000000000000000000 ) ) ;
#2404 = ORIENTED_EDGE ( 'NONE', *, *, #1678, .F. ) ;
#2405 = DIRECTION ( 'NONE',  ( 0.000000000000000000, 0.000000000000000000, -1.000000000000000000 ) ) ;
#2406 = CARTESIAN_POINT ( 'NONE',  ( 51.25820751212791748, -4.498901092850853267, 1.297488473650109331 ) ) ;
#2407 = PLANE ( 'NONE',  #2847 ) ;
#2408 = CARTESIAN_POINT ( 'NONE',  ( 44.35013369314403064, -5.476824419229186169, 8.128158105455904447 ) ) ;
#2409 = AXIS2_PLACEMENT_3D ( 'NONE', #2461, #810, #755 ) ;
#2410 = CARTESIAN_POINT ( 'NONE',  ( 44.02232069566072425, -5.744147703401970340, 8.264862434790524404 ) ) ;
#2411 = MANIFOLD_SOLID_BREP ( 'Basisteil-Travel_Case_Latch-1', #1107 ) ;
#2412 = ADVANCED_FACE ( 'NONE', ( #50 ), #1019, .F. ) ;
#2413 = VERTEX_POINT ( 'NONE', #1291 ) ;
#2414 = CARTESIAN_POINT ( 'NONE',  ( 50.35520118715464832, -1.924056684132425366, 3.832423585874495942 ) ) ;
#2415 = DIRECTION ( 'NONE',  ( -1.000000000000000000, 0.000000000000000000, 0.000000000000000000 ) ) ;
#2416 = PRODUCT ( 'Travel Case Latch Right REF2023', 'Travel Case Latch Right REF2023', '', ( #1228 ) ) ;
#2417 = VERTEX_POINT ( 'NONE', #2472 ) ;
#2418 = CARTESIAN_POINT ( 'NONE',  ( 40.79999999999999005, -7.327375320527476532, 4.124131474258704522 ) ) ;
#2419 = CARTESIAN_POINT ( 'NONE',  ( 50.78312777639671793, -3.596601217749983093, 1.246881969900221376 ) ) ;
#2420 = ORIENTED_EDGE ( 'NONE', *, *, #2533, .T. ) ;
#2421 = FACE_OUTER_BOUND ( 'NONE', #2921, .T. ) ;
#2422 = CARTESIAN_POINT ( 'NONE',  ( 37.50000000000000000, -3.491128017864261857, 6.328558523743948783 ) ) ;
#2423 = AXIS2_PLACEMENT_3D ( 'NONE', #1137, #2103, #1095 ) ;
#2424 = DIRECTION ( 'NONE',  ( 1.000000000000000000, 0.000000000000000000, 0.000000000000000000 ) ) ;
#2425 = CARTESIAN_POINT ( 'NONE',  ( 39.03035150746651993, -3.641748807248659681, 1.281595769352761760 ) ) ;
#2426 = VERTEX_POINT ( 'NONE', #2255 ) ;
#2427 = DIRECTION ( 'NONE',  ( -1.000000000000000000, 0.000000000000000000, 0.000000000000000000 ) ) ;
#2428 = CARTESIAN_POINT ( 'NONE',  ( 44.05061316149373596, -5.741211624758575383, 8.271215257106950602 ) ) ;
#2429 = APPROVAL_DATE_TIME ( #1943, #494 ) ;
#2430 = ORIENTED_EDGE ( 'NONE', *, *, #1531, .F. ) ;
#2431 = EDGE_CURVE ( 'NONE', #2265, #1724, #2927, .T. ) ;
#2432 = CARTESIAN_POINT ( 'NONE',  ( 40.79999999999999005, -2.562100492478867508, 3.058989558753502092 ) ) ;
#2433 = DIRECTION ( 'NONE',  ( 1.000000000000000000, 0.000000000000000000, 0.000000000000000000 ) ) ;
#2434 = EDGE_LOOP ( 'NONE', ( #58, #826, #3109, #1196, #1033, #1225 ) ) ;
#2435 = DIRECTION ( 'NONE',  ( 0.000000000000000000, 0.000000000000000000, -1.000000000000000000 ) ) ;
#2436 = CARTESIAN_POINT ( 'NONE',  ( 43.72616871199251420, -5.431281649471789486, 8.226728048935719073 ) ) ;
#2437 = EDGE_CURVE ( 'NONE', #775, #1775, #2237, .T. ) ;
#2438 = DIRECTION ( 'NONE',  ( 0.000000000000000000, 0.000000000000000000, -1.000000000000000000 ) ) ;
#2439 = CARTESIAN_POINT ( 'NONE',  ( 38.49366841840383557, -3.834243540971585595, 1.431706606491276679 ) ) ;
#2440 = CARTESIAN_POINT ( 'NONE',  ( 44.02258277511248963, -5.739552844615023020, 8.274804376063029210 ) ) ;
#2441 = EDGE_LOOP ( 'NONE', ( #2630, #1898, #2223, #1382 ) ) ;
#2442 = CARTESIAN_POINT ( 'NONE',  ( 37.00000000000000000, -10.50000000000000355, 12.04961397883138119 ) ) ;
#2443 = CARTESIAN_POINT ( 'NONE',  ( 44.56988873810723817, -5.482703608985891819, 8.830551600150265301 ) ) ;
#2444 = APPROVAL_ROLE ( '' ) ;
#2445 = CIRCLE ( 'NONE', #1086, 0.4999999999999996114 ) ;
#2446 = EDGE_LOOP ( 'NONE', ( #1455, #2976, #1331, #2015 ) ) ;
#2447 = CARTESIAN_POINT ( 'NONE',  ( 45.00902044863593687, -5.622442559360488978, 7.813082699618369098 ) ) ;
#2448 = CARTESIAN_POINT ( 'NONE',  ( 44.07552349012561166, -5.719740394799090133, 8.258082288746397381 ) ) ;
#2449 = ORIENTED_EDGE ( 'NONE', *, *, #3064, .F. ) ;
#2450 = CARTESIAN_POINT ( 'NONE',  ( 53.00000000000000000, -2.011544022000738785, 4.035382889355281222 ) ) ;
#2451 = CARTESIAN_POINT ( 'NONE',  ( 43.81322257419301991, -5.288510877793742182, 8.535642575571271706 ) ) ;
#2452 = CARTESIAN_POINT ( 'NONE',  ( 44.72603693495764787, -5.326781805510740320, 8.452806788426427076 ) ) ;
#2453 = VECTOR ( 'NONE', #2259, 1000.000000000000000 ) ;
#2454 = CARTESIAN_POINT ( 'NONE',  ( 44.69323593466592826, -6.044126605805204555, 7.615795125371798591 ) ) ;
#2455 = CARTESIAN_POINT ( 'NONE',  ( 49.19999999999998863, -2.011544022000738785, 4.035382889355281222 ) ) ;
#2456 = CIRCLE ( 'NONE', #2409, 6.299999999999999822 ) ;
#2457 = VERTEX_POINT ( 'NONE', #1340 ) ;
#2458 = LINE ( 'NONE', #72, #807 ) ;
#2459 = CARTESIAN_POINT ( 'NONE',  ( 44.06415156015556533, -5.684972647635921028, 8.392900086516480229 ) ) ;
#2460 = ORIENTED_EDGE ( 'NONE', *, *, #1752, .T. ) ;
#2461 = CARTESIAN_POINT ( 'NONE',  ( 51.19999999999999574, -7.700000000000000178, 16.49999999999999645 ) ) ;
#2462 = CARTESIAN_POINT ( 'NONE',  ( 44.24455654415482542, -5.107188427838995182, 8.927943145248098844 ) ) ;
#2463 = AXIS2_PLACEMENT_3D ( 'NONE', #476, #2128, #3084 ) ;
#2464 = ORIENTED_EDGE ( 'NONE', *, *, #114, .T. ) ;
#2465 = CARTESIAN_POINT ( 'NONE',  ( 51.19999999999999574, -7.700000000000000178, 16.49999999999999645 ) ) ;
#2466 = ADVANCED_FACE ( 'NONE', ( #2331 ), #611, .F. ) ;
#2467 = CARTESIAN_POINT ( 'NONE',  ( 37.50000000000000000, -7.699999999999999289, 17.94999999999999574 ) ) ;
#2468 = EDGE_CURVE ( 'NONE', #1524, #1870, #417, .T. ) ;
#2469 = CARTESIAN_POINT ( 'NONE',  ( 44.96159419145554637, -5.321445968042178620, 8.464351992577272554 ) ) ;
#2470 = CARTESIAN_POINT ( 'NONE',  ( 40.00000000000000000, -4.229048003413096168, 1.085722750660316205 ) ) ;
#2471 = AXIS2_PLACEMENT_3D ( 'NONE', #1268, #2060, #3018 ) ;
#2472 = CARTESIAN_POINT ( 'NONE',  ( 52.50000000000000000, -11.00000000000000178, 14.94999999999999751 ) ) ;
#2473 = EDGE_LOOP ( 'NONE', ( #2232, #79, #2609, #177 ) ) ;
#2474 = CARTESIAN_POINT ( 'NONE',  ( 37.36761267724331503, -10.99999999999999822, 11.99999999999999822 ) ) ;
#2475 = CARTESIAN_POINT ( 'NONE',  ( 44.73780847787985948, -6.033257113844903152, 7.546775709887870498 ) ) ;
#2476 = DIRECTION ( 'NONE',  ( 0.000000000000000000, -0.9316382854476560338, -0.3633869908075299526 ) ) ;
#2477 = EDGE_CURVE ( 'NONE', #1047, #1524, #1602, .T. ) ;
#2478 = PERSON_AND_ORGANIZATION ( #18446744073709551615, #18446744073709551615 ) ;
#2479 = ADVANCED_FACE ( 'NONE', ( #1860 ), #300, .T. ) ;
#2480 = ORIENTED_EDGE ( 'NONE', *, *, #1822, .F. ) ;
#2481 = CARTESIAN_POINT ( 'NONE',  ( 45.01185436398344564, -5.622455948211011467, 7.813053730030458333 ) ) ;
#2482 = CARTESIAN_POINT ( 'NONE',  ( 43.96260189106584448, -5.194639271005367043, 8.738724893479234979 ) ) ;
#2483 = ORIENTED_EDGE ( 'NONE', *, *, #2812, .F. ) ;
#2484 = CARTESIAN_POINT ( 'NONE',  ( 44.00557373266114780, -5.175738322994109630, 8.779649664514828089 ) ) ;
#2485 = CARTESIAN_POINT ( 'NONE',  ( 44.37013112015594629, -5.513747198858172105, 8.755368591566549341 ) ) ;
#2486 = CARTESIAN_POINT ( 'NONE',  ( 37.71591957896357172, -4.647050006269029865, 1.412834003074314726 ) ) ;
#2487 = CARTESIAN_POINT ( 'NONE',  ( 38.06774668278735874, -2.329454409198542741, 4.008675847463176289 ) ) ;
#2488 = CARTESIAN_POINT ( 'NONE',  ( 44.27722412484813219, -5.511745016969555877, 8.759700732263782541 ) ) ;
#2489 = ORIENTED_EDGE ( 'NONE', *, *, #661, .T. ) ;
#2490 = CARTESIAN_POINT ( 'NONE',  ( 38.59656902228776687, -2.146078543714630804, 3.655787435099183469 ) ) ;
#2491 = CARTESIAN_POINT ( 'NONE',  ( 37.50000000000000000, -11.00000000000000178, 14.94999999999999751 ) ) ;
#2492 = FACE_OUTER_BOUND ( 'NONE', #2882, .T. ) ;
#2493 = FACE_OUTER_BOUND ( 'NONE', #1582, .T. ) ;
#2494 = EDGE_LOOP ( 'NONE', ( #1955, #2953, #2536, #1539, #1940, #1927, #637, #1719 ) ) ;
#2495 = DIRECTION ( 'NONE',  ( -1.000000000000000000, 0.000000000000000000, -0.000000000000000000 ) ) ;
#2496 = CARTESIAN_POINT ( 'NONE',  ( 43.81321168317116843, -5.288497857923841750, 8.535642143363219247 ) ) ;
#2497 = VERTEX_POINT ( 'NONE', #264 ) ;
#2498 = EDGE_CURVE ( 'NONE', #1431, #586, #561, .T. ) ;
#2499 = LINE ( 'NONE', #1252, #957 ) ;
#2500 = CARTESIAN_POINT ( 'NONE',  ( 44.69357512889852302, -5.472330723293615584, 8.844981828180436878 ) ) ;
#2501 = CARTESIAN_POINT ( 'NONE',  ( 38.04808199257307422, -2.336734692200650443, 4.803389356078952233 ) ) ;
#2502 = CARTESIAN_POINT ( 'NONE',  ( 38.01106634817253394, -2.143677913773673893, 4.343685542164312352 ) ) ;
#2503 = VERTEX_POINT ( 'NONE', #714 ) ;
#2504 = CARTESIAN_POINT ( 'NONE',  ( 39.57749016270888376, -1.981459779181130809, 3.341831954061720733 ) ) ;
#2505 = CARTESIAN_POINT ( 'NONE',  ( 49.99999999999999289, -2.374100237071620878, 3.613474696697677402 ) ) ;
#2506 = CARTESIAN_POINT ( 'NONE',  ( 43.74767059041752759, -5.497631639455208941, 8.143387775285225061 ) ) ;
#2507 = ADVANCED_FACE ( 'NONE', ( #217 ), #1026, .T. ) ;
#2508 = CARTESIAN_POINT ( 'NONE',  ( 37.80534429214967673, -5.230084711958046917, 1.912254696945802745 ) ) ;
#2509 = CARTESIAN_POINT ( 'NONE',  ( 44.35169157766417669, -5.486100268438695693, 8.108087859046023027 ) ) ;
#2510 = CARTESIAN_POINT ( 'NONE',  ( 45.16420093977887262, -5.057634581173019228, 9.035163291962000187 ) ) ;
#2511 = ORIENTED_EDGE ( 'NONE', *, *, #1458, .T. ) ;
#2512 = VECTOR ( 'NONE', #2415, 1000.000000000000000 ) ;
#2513 = DIRECTION ( 'NONE',  ( -1.000000000000000000, -0.000000000000000000, -0.000000000000000000 ) ) ;
#2514 = CARTESIAN_POINT ( 'NONE',  ( 44.71625385604933456, -5.471411263580679751, 8.846971272228689287 ) ) ;
#2515 = LINE ( 'NONE', #2772, #2348 ) ;
#2516 = CARTESIAN_POINT ( 'NONE',  ( 38.57028337797635942, -2.153217112576406134, 3.669458965839060394 ) ) ;
#2517 = AXIS2_PLACEMENT_3D ( 'NONE', #1445, #1949, #249 ) ;
#2518 = CARTESIAN_POINT ( 'NONE',  ( 44.29885996124700398, -5.510271441246868740, 8.770902809624017138 ) ) ;
#2519 = VERTEX_POINT ( 'NONE', #1890 ) ;
#2520 = CARTESIAN_POINT ( 'NONE',  ( 52.50000000000001421, -6.041044651804187815, 2.682919097704867362 ) ) ;
#2521 = DIRECTION ( 'NONE',  ( 1.000000000000000000, -0.000000000000000000, -0.000000000000000000 ) ) ;
#2522 = CARTESIAN_POINT ( 'NONE',  ( 43.94822276258025084, -5.679061683860053833, 8.228812394514514850 ) ) ;
#2523 = ORIENTED_EDGE ( 'NONE', *, *, #1020, .T. ) ;
#2524 = CARTESIAN_POINT ( 'NONE',  ( 45.03410656495032782, -5.333435891230835502, 8.498028360306964402 ) ) ;
#2525 = CARTESIAN_POINT ( 'NONE',  ( 44.37682334450707344, -5.533074844086805832, 8.006448506469300952 ) ) ;
#2526 = VECTOR ( 'NONE', #2845, 1000.000000000000000 ) ;
#2527 = CARTESIAN_POINT ( 'NONE',  ( 44.32169685286940819, -5.094302822845623524, 8.955823855845627790 ) ) ;
#2528 = EDGE_LOOP ( 'NONE', ( #2842, #2904, #1001, #893 ) ) ;
#2529 = AXIS2_PLACEMENT_3D ( 'NONE', #1962, #108, #2014 ) ;
#2530 = CYLINDRICAL_SURFACE ( 'NONE', #545, 1.449999999999999956 ) ;
#2531 = CARTESIAN_POINT ( 'NONE',  ( 44.28502531302785172, -5.539680555757391822, 8.707270018535064438 ) ) ;
#2532 = DIRECTION ( 'NONE',  ( 0.000000000000000000, 0.000000000000000000, -1.000000000000000000 ) ) ;
#2533 = EDGE_CURVE ( 'NONE', #3075, #2413, #2761, .T. ) ;
#2534 = CARTESIAN_POINT ( 'NONE',  ( 51.18581299362048753, -2.048921778347483347, 4.122451222977007390 ) ) ;
#2535 = CARTESIAN_POINT ( 'NONE',  ( 44.03071007170346718, -5.694905263525490646, 8.371408787565290055 ) ) ;
#2536 = ORIENTED_EDGE ( 'NONE', *, *, #1883, .T. ) ;
#2537 = DIRECTION ( 'NONE',  ( 0.000000000000000000, -0.9385226975553380147, -0.3452175345683523022 ) ) ;
#2538 = EDGE_CURVE ( 'NONE', #1672, #1705, #2499, .T. ) ;
#2539 = LINE ( 'NONE', #1850, #2362 ) ;
#2540 = EDGE_CURVE ( 'NONE', #269, #376, #2990, .T. ) ;
#2541 = AXIS2_PLACEMENT_3D ( 'NONE', #452, #928, #2108 ) ;
#2542 = ORIENTED_EDGE ( 'NONE', *, *, #413, .T. ) ;
#2543 = CARTESIAN_POINT ( 'NONE',  ( 40.80000000000000426, -0.7741547338191404615, 5.114180369394866865 ) ) ;
#2544 = CARTESIAN_POINT ( 'NONE',  ( 44.05682810309279773, -5.770602443434627915, 8.199608365859532455 ) ) ;
#2545 = CARTESIAN_POINT ( 'NONE',  ( 43.75690668864961452, -5.354031131119606712, 8.393847153883150725 ) ) ;
#2546 = VERTEX_POINT ( 'NONE', #2722 ) ;
#2547 = CARTESIAN_POINT ( 'NONE',  ( 43.90165372120235787, -5.722011754896370483, 7.597672452747630700 ) ) ;
#2548 = CARTESIAN_POINT ( 'NONE',  ( 44.06415156015512480, -5.684972647636283405, 8.392900086516757341 ) ) ;
#2549 = LINE ( 'NONE', #1339, #1944 ) ;
#2550 = CARTESIAN_POINT ( 'NONE',  ( 38.79999999999999716, -7.700000000000000178, 16.49999999999999645 ) ) ;
#2551 = CARTESIAN_POINT ( 'NONE',  ( 44.24116262308196212, -5.523771233812939663, 8.733679488281323344 ) ) ;
#2552 = ORIENTED_EDGE ( 'NONE', *, *, #897, .T. ) ;
#2553 = CARTESIAN_POINT ( 'NONE',  ( 45.00335248279941425, -5.622431708598517375, 7.813134780949141600 ) ) ;
#2554 = DIRECTION ( 'NONE',  ( -0.000000000000000000, 0.8874849697007034521, 0.4608366614705707853 ) ) ;
#2555 = CARTESIAN_POINT ( 'NONE',  ( 44.48224908920688847, -5.994680214040086774, 7.722782770857399726 ) ) ;
#2556 = LINE ( 'NONE', #81, #1569 ) ;
#2557 = CIRCLE ( 'NONE', #2960, 0.5000000000000004441 ) ;
#2558 = CARTESIAN_POINT ( 'NONE',  ( 45.00001180705675097, -6.016143010557051696, 7.668329819341234810 ) ) ;
#2559 = CARTESIAN_POINT ( 'NONE',  ( 43.73348836196396405, -5.405319695840529626, 8.282873580606475272 ) ) ;
#2560 = ORIENTED_EDGE ( 'NONE', *, *, #2540, .T. ) ;
#2561 = AXIS2_PLACEMENT_3D ( 'NONE', #2645, #2903, #752 ) ;
#2562 = CARTESIAN_POINT ( 'NONE',  ( 43.72357737387089571, -5.495809424739262816, 8.087108665236874216 ) ) ;
#2563 = CARTESIAN_POINT ( 'NONE',  ( 51.19999999999999574, -11.00000000000000178, 11.99999999999999822 ) ) ;
#2564 = CARTESIAN_POINT ( 'NONE',  ( 38.39281224617834454, -2.178396386229541903, 4.426573621605449205 ) ) ;
#2565 = CARTESIAN_POINT ( 'NONE',  ( 52.36383522007529479, -2.322362770389271969, 4.768216377238418069 ) ) ;
#2566 = CARTESIAN_POINT ( 'NONE',  ( 44.48906360434260421, -5.477859669551830457, 8.841032479674172606 ) ) ;
#2567 = VERTEX_POINT ( 'NONE', #346 ) ;
#2568 = CARTESIAN_POINT ( 'NONE',  ( 53.00000000000000000, -5.839349424941317146, 2.484020433342768008 ) ) ;
#2569 = CARTESIAN_POINT ( 'NONE',  ( 44.51847592696316269, -5.352447476397837356, 8.397302326650937232 ) ) ;
#2570 = CARTESIAN_POINT ( 'NONE',  ( 39.34264326149411062, -4.295996560257714592, 1.137537452270428684 ) ) ;
#2571 = CARTESIAN_POINT ( 'NONE',  ( 44.48906360434223473, -5.477859669549652644, 8.841032479674939992 ) ) ;
#2572 = ADVANCED_FACE ( 'NONE', ( #1543, #2703 ), #2016, .T. ) ;
#2573 = AXIS2_PLACEMENT_3D ( 'NONE', #3024, #393, #1814 ) ;
#2574 = EDGE_CURVE ( 'NONE', #1806, #2341, #2958, .T. ) ;
#2575 = CARTESIAN_POINT ( 'NONE',  ( 44.68127062820386186, -6.008333082667300928, 7.685228237335079093 ) ) ;
#2576 = EDGE_CURVE ( 'NONE', #1556, #2876, #115, .T. ) ;
#2577 = ORIENTED_EDGE ( 'NONE', *, *, #600, .F. ) ;
#2578 = DIRECTION ( 'NONE',  ( 0.4511465413976966099, 0.3744095933451191960, 0.8101137294207764183 ) ) ;
#2579 = DIRECTION ( 'NONE',  ( -1.000000000000000000, 0.000000000000000000, -0.000000000000000000 ) ) ;
#2580 = DIRECTION ( 'NONE',  ( 1.000000000000000000, -0.000000000000000000, -0.000000000000000000 ) ) ;
#2581 = CARTESIAN_POINT ( 'NONE',  ( 44.23116688650230799, -5.532172235136116001, 8.723515845907785504 ) ) ;
#2582 = PLANE ( 'NONE',  #1841 ) ;
#2583 = CARTESIAN_POINT ( 'NONE',  ( 44.11185684061492651, -5.900798299038302552, 7.925915996178626521 ) ) ;
#2584 = CARTESIAN_POINT ( 'NONE',  ( 44.11526624357254178, -5.868073460593646651, 7.996723051841143182 ) ) ;
#2585 = CARTESIAN_POINT ( 'NONE',  ( 44.03555595661637057, -5.681810376854834033, 8.399742322987922449 ) ) ;
#2586 = CARTESIAN_POINT ( 'NONE',  ( 44.05095944615944603, -5.754251092409884194, 8.243001632358048170 ) ) ;
#2587 = VERTEX_POINT ( 'NONE', #546 ) ;
#2588 = CARTESIAN_POINT ( 'NONE',  ( 44.35045127050234726, -5.987612099744256788, 7.738076119462473201 ) ) ;
#2589 = CARTESIAN_POINT ( 'NONE',  ( 52.05168892534991443, -2.384018670549879815, 4.114281305635265618 ) ) ;
#2590 = CARTESIAN_POINT ( 'NONE',  ( 44.41223161311923207, -5.558781287499386714, 7.950855824777628200 ) ) ;
#2591 = CARTESIAN_POINT ( 'NONE',  ( 52.99106928209197775, -5.874131825756230718, 2.516456142267267104 ) ) ;
#2592 = VECTOR ( 'NONE', #2189, 1000.000000000000000 ) ;
#2593 = DIRECTION ( 'NONE',  ( 0.000000000000000000, -0.2588190451025196293, 0.9659258262890685343 ) ) ;
#2594 = DIRECTION ( 'NONE',  ( 0.000000000000000000, 0.000000000000000000, -1.000000000000000000 ) ) ;
#2595 = CARTESIAN_POINT ( 'NONE',  ( 44.11814804704946624, -5.904333203821043874, 7.910253800805262969 ) ) ;
#2596 = CARTESIAN_POINT ( 'NONE',  ( 44.09321434211908297, -5.847090252123263276, 8.042124626937601661 ) ) ;
#2597 = EDGE_CURVE ( 'NONE', #695, #1999, #2670, .T. ) ;
#2598 = CARTESIAN_POINT ( 'NONE',  ( 44.96433628262797555, -6.020436815044259760, 7.667052959263140011 ) ) ;
#2599 = CARTESIAN_POINT ( 'NONE',  ( 43.76819531585866940, -5.337224301921229319, 8.430212255962777235 ) ) ;
#2600 = VERTEX_POINT ( 'NONE', #1272 ) ;
#2601 = CARTESIAN_POINT ( 'NONE',  ( 44.21872967819117406, -5.952278880376667303, 7.814526954652064816 ) ) ;
#2602 = DIRECTION ( 'NONE',  ( 1.000000000000000000, -0.000000000000000000, -0.000000000000000000 ) ) ;
#2603 = VECTOR ( 'NONE', #274, 1000.000000000000000 ) ;
#2604 = CARTESIAN_POINT ( 'NONE',  ( 44.38420667838524025, -5.539853451037712873, 7.991810171189484890 ) ) ;
#2605 = CARTESIAN_POINT ( 'NONE',  ( 52.26551852595068937, -4.321424044432669476, 1.825345786951822813 ) ) ;
#2606 = DIRECTION ( 'NONE',  ( 0.000000000000000000, 0.000000000000000000, -1.000000000000000000 ) ) ;
#2607 = CARTESIAN_POINT ( 'NONE',  ( 44.02959632188467509, -5.807907210592113678, 8.118891673274324816 ) ) ;
#2608 = B_SPLINE_SURFACE_WITH_KNOTS ( 'NONE', 1, 3, ( 
 ( #2408, #486, #502, #1466, #279, #1017, #2188, #981, #2945, #66, #1236, #1513, #2174, #514, #761, #1731, #2202, #2218, #2911, #744, #47, #2688, #2704, #1495, #2452, #2235, #1716, #547, #2672, #1254, #2469, #319, #1273, #2639, #1036, #2002 ),
 ( #716, #252, #1204, #19, #968, #1938, #1780, #2771, #1096, #1319, #2959, #98, #1064, #624, #2485, #2253, #1545, #1767, #2315, #1559, #815, #129, #563, #2269, #2500, #2514, #391, #2017, #796, #332, #1077, #1812, #144, #828, #578, #1575 ),
 ( #609, #2047, #1351, #161, #2738, #2284, #2548, #2978, #3006, #3022, #843, #2299, #2531, #2064, #2788, #112, #1338, #2033, #347, #1289, #1111, #2723, #379, #861, #1050, #1303, #2991, #1828, #1594, #1530, #1799, #2753, #592, #361, #2374, #1888 ) ),
 .UNSPECIFIED., .F., .F., .F.,
 ( 2, 1, 2 ),
 ( 4, 3, 2, 2, 2, 2, 2, 2, 2, 2, 2, 2, 2, 2, 2, 3, 4 ),
 ( 0.000000000000000000, 1.000000000000000000, 1.011333162863421897 ),
 ( -0.01526290447949437031, 0.000000000000000000, 0.06249999999999999306, 0.1249999999999999861, 0.2499999999999999722, 0.3124999999999999445, 0.3749999999999999445, 0.4374999999999999445, 0.4999999999999999445, 0.5312499999999998890, 0.5624999999999998890, 0.6249999999999998890, 0.6874999999999998890, 0.7499999999999998890, 0.8749999999999998890, 0.9999999999999998890, 1.009999999999999787 ),
 .UNSPECIFIED. ) ;
#2609 = ORIENTED_EDGE ( 'NONE', *, *, #156, .F. ) ;
#2610 = DIRECTION ( 'NONE',  ( 0.000000000000000000, -1.000000000000000000, 0.000000000000000000 ) ) ;
#2611 = DIRECTION ( 'NONE',  ( -0.000000000000000000, 0.5880055610045783476, 0.8088568848861281690 ) ) ;
#2612 = CARTESIAN_POINT ( 'NONE',  ( 44.05772819115512107, -5.788380124907273050, 8.169156308174830627 ) ) ;
#2613 = ORIENTED_EDGE ( 'NONE', *, *, #1151, .T. ) ;
#2614 = DIRECTION ( 'NONE',  ( 1.000000000000000000, -0.000000000000000000, -0.000000000000000000 ) ) ;
#2615 = VECTOR ( 'NONE', #1996, 1000.000000000000114 ) ;
#2616 = PLANE ( 'NONE',  #2160 ) ;
#2617 = ORIENTED_EDGE ( 'NONE', *, *, #2477, .F. ) ;
#2618 = CARTESIAN_POINT ( 'NONE',  ( 40.79999999999999005, -2.517454263457247876, 4.057992418726461104 ) ) ;
#2619 = CARTESIAN_POINT ( 'NONE',  ( 53.00000000000000000, -5.800234598409095277, 3.152165510693860639 ) ) ;
#2620 = CIRCLE ( 'NONE', #1576, 1.449999999999999956 ) ;
#2621 = CARTESIAN_POINT ( 'NONE',  ( 37.71794512994807036, -2.576007877627899401, 5.383406293374291884 ) ) ;
#2622 = CARTESIAN_POINT ( 'NONE',  ( 38.79999999999999716, -7.700000000000000178, 16.49999999999999645 ) ) ;
#2623 = CARTESIAN_POINT ( 'NONE',  ( 44.21653120339812659, -5.950296310271348865, 7.810802974106655583 ) ) ;
#2624 = VERTEX_POINT ( 'NONE', #2467 ) ;
#2625 = EDGE_CURVE ( 'NONE', #2127, #1292, #577, .T. ) ;
#2626 = PLANE ( 'NONE',  #2463 ) ;
#2627 = CARTESIAN_POINT ( 'NONE',  ( 44.21300212693810749, -5.539057082310039348, 8.708619034177745633 ) ) ;
#2628 = ADVANCED_FACE ( 'NONE', ( #1110 ), #1621, .T. ) ;
#2629 = CARTESIAN_POINT ( 'NONE',  ( 44.05057680173251811, -5.743848380004775045, 8.265510083776902661 ) ) ;
#2630 = ORIENTED_EDGE ( 'NONE', *, *, #1626, .T. ) ;
#2631 = CARTESIAN_POINT ( 'NONE',  ( 50.82321520690530292, -2.025588334621700515, 3.425749704270745877 ) ) ;
#2632 = CARTESIAN_POINT ( 'NONE',  ( 45.54804398920745001, -6.032446067211707508, 7.641068421914955167 ) ) ;
#2633 = VERTEX_POINT ( 'NONE', #827 ) ;
#2634 = AXIS2_PLACEMENT_3D ( 'NONE', #2361, #414, #2880 ) ;
#2635 = DIRECTION ( 'NONE',  ( 1.000000000000000000, 0.000000000000000000, 0.000000000000000000 ) ) ;
#2636 = EDGE_CURVE ( 'NONE', #2297, #1115, #3005, .T. ) ;
#2637 = CARTESIAN_POINT ( 'NONE',  ( 51.52068503390685095, -4.146867241973797746, 1.015320986213545273 ) ) ;
#2638 = CARTESIAN_POINT ( 'NONE',  ( 49.19999999999998863, -4.426796369319325741, 10.40014275548655576 ) ) ;
#2639 = CARTESIAN_POINT ( 'NONE',  ( 45.03710612126903357, -5.321215462650812356, 8.464850739365758159 ) ) ;
#2640 = CARTESIAN_POINT ( 'NONE',  ( 44.21174905256089716, -5.826916730469478445, 7.370659919136826943 ) ) ;
#2641 = ORIENTED_EDGE ( 'NONE', *, *, #2144, .F. ) ;
#2642 = CARTESIAN_POINT ( 'NONE',  ( 53.00000000000000000, -8.000000000000007105, 17.44999999999999574 ) ) ;
#2643 = CARTESIAN_POINT ( 'NONE',  ( 38.79999999999999716, -11.00000000000000178, 11.99999999999999822 ) ) ;
#2644 = B_SPLINE_CURVE_WITH_KNOTS ( 'NONE', 3,
 ( #749, #2474, #1737, #323, #2239, #2442 ),
 .UNSPECIFIED., .F., .F.,
 ( 4, 2, 4 ),
 ( 0.000000000000000000, 0.0003915139416990304579, 0.0007830278833980609159 ),
 .UNSPECIFIED. ) ;
#2645 = CARTESIAN_POINT ( 'NONE',  ( 0.000000000000000000, 0.000000000000000000, 0.000000000000000000 ) ) ;
#2646 = ORIENTED_EDGE ( 'NONE', *, *, #2625, .T. ) ;
#2647 = CARTESIAN_POINT ( 'NONE',  ( 37.50000000000000000, -7.699999999999999289, 16.49999999999999645 ) ) ;
#2648 = DIRECTION ( 'NONE',  ( 0.000000000000000000, 0.000000000000000000, -1.000000000000000000 ) ) ;
#2649 = ORIENTED_EDGE ( 'NONE', *, *, #1678, .T. ) ;
#2650 = DIRECTION ( 'NONE',  ( -1.432289089858708977E-12, 0.4195301040597854136, 0.9077414234172557217 ) ) ;
#2651 = CARTESIAN_POINT ( 'NONE',  ( 50.79732553575460230, -3.887390656153218771, 0.8193458002624641745 ) ) ;
#2652 = CARTESIAN_POINT ( 'NONE',  ( 49.19999999999998863, -2.517454263457247432, 4.057992418726459327 ) ) ;
#2653 = LINE ( 'NONE', #1479, #869 ) ;
#2654 = CIRCLE ( 'NONE', #1611, 2.999999999999999112 ) ;
#2655 = CARTESIAN_POINT ( 'NONE',  ( 39.80126419679642424, -3.519364420133430205, 1.187724135689080196 ) ) ;
#2656 = CIRCLE ( 'NONE', #200, 2.999999999999999112 ) ;
#2657 = ORIENTED_EDGE ( 'NONE', *, *, #1750, .F. ) ;
#2658 = EDGE_CURVE ( 'NONE', #76, #62, #2329, .T. ) ;
#2659 = AXIS2_PLACEMENT_3D ( 'NONE', #1964, #29, #727 ) ;
#2660 = CARTESIAN_POINT ( 'NONE',  ( 53.00000000000000000, -8.000000000000000000, 14.94999999999999751 ) ) ;
#2661 = CARTESIAN_POINT ( 'NONE',  ( 44.95857649021525049, -5.467915904059118759, 8.862547903131490656 ) ) ;
#2662 =( NAMED_UNIT ( * ) SI_UNIT ( $, .STERADIAN. ) SOLID_ANGLE_UNIT ( ) );
#2663 = EDGE_LOOP ( 'NONE', ( #707, #1462, #497, #2101, #2370 ) ) ;
#2664 = EDGE_CURVE ( 'NONE', #856, #618, #1797, .T. ) ;
#2665 = EDGE_CURVE ( 'NONE', #2336, #3043, #1062, .T. ) ;
#2666 = CARTESIAN_POINT ( 'NONE',  ( 51.19999999999999574, -7.700000000000000178, 15.04999999999999716 ) ) ;
#2667 = CARTESIAN_POINT ( 'NONE',  ( 44.25057732652312836, -5.561605608311724680, 8.183106728552951736 ) ) ;
#2668 = ORIENTED_EDGE ( 'NONE', *, *, #1978, .T. ) ;
#2669 = DIRECTION ( 'NONE',  ( -0.000000000000000000, 0.8874849697007034521, 0.4608366614705707853 ) ) ;
#2670 = LINE ( 'NONE', #1779, #658 ) ;
#2671 = VECTOR ( 'NONE', #2766, 1000.000000000000227 ) ;
#2672 = CARTESIAN_POINT ( 'NONE',  ( 44.85270404166988811, -5.322575380552629021, 8.461908271590637298 ) ) ;
#2673 = CARTESIAN_POINT ( 'NONE',  ( 39.21706485950990384, -3.900041164630799972, 0.8294519171747903874 ) ) ;
#2674 = CARTESIAN_POINT ( 'NONE',  ( 45.30677311258190798, -5.670160129808310856, 6.656142856985756140 ) ) ;
#2675 = VECTOR ( 'NONE', #2346, 1000.000000000000000 ) ;
#2676 = ORIENTED_EDGE ( 'NONE', *, *, #2150, .F. ) ;
#2677 = DIRECTION ( 'NONE',  ( 1.000000000000000000, 0.000000000000000000, 0.000000000000000000 ) ) ;
#2678 = CARTESIAN_POINT ( 'NONE',  ( 44.68735913680750116, -6.043205662611982554, 7.617787779239831636 ) ) ;
#2679 = CARTESIAN_POINT ( 'NONE',  ( 44.07444310869796311, -5.669649949867614502, 8.426053958784830655 ) ) ;
#2680 = TOROIDAL_SURFACE ( 'NONE', #2229, 2.500000000000000000, 0.5000000000000000000 ) ;
#2681 = APPROVAL_DATE_TIME ( #1027, #404 ) ;
#2682 = ORIENTED_EDGE ( 'NONE', *, *, #691, .F. ) ;
#2683 = PLANE ( 'NONE',  #1703 ) ;
#2684 = CARTESIAN_POINT ( 'NONE',  ( 44.15054656244195996, -5.651968342936003253, 8.225949905891539515 ) ) ;
#2685 = ORIENTED_EDGE ( 'NONE', *, *, #3064, .T. ) ;
#2686 = LINE ( 'NONE', #1935, #1271 ) ;
#2687 = CARTESIAN_POINT ( 'NONE',  ( 43.72449916667274294, -5.439959973958637285, 8.207950672660977887 ) ) ;
#2688 = CARTESIAN_POINT ( 'NONE',  ( 44.64543195342665172, -5.332279062617420351, 8.440912319012650045 ) ) ;
#2689 = CARTESIAN_POINT ( 'NONE',  ( 44.16728554246790850, -5.931407371108284643, 7.859686845084762119 ) ) ;
#2690 = DIRECTION ( 'NONE',  ( 1.000000000000000000, 0.000000000000000000, 0.000000000000000000 ) ) ;
#2691 = CARTESIAN_POINT ( 'NONE',  ( 37.50000000460336480, -2.895498608390000950, 6.177449201743247187 ) ) ;
#2692 = ORIENTED_EDGE ( 'NONE', *, *, #148, .F. ) ;
#2693 = PLANE ( 'NONE',  #3 ) ;
#2694 = CYLINDRICAL_SURFACE ( 'NONE', #1873, 3.000000000000001776 ) ;
#2695 = DIRECTION ( 'NONE',  ( -0.4512830391447040790, -0.3743806395901803086, -0.8100510818956832004 ) ) ;
#2696 = ORIENTED_EDGE ( 'NONE', *, *, #1488, .F. ) ;
#2697 = EDGE_CURVE ( 'NONE', #2006, #1934, #2826, .T. ) ;
#2698 = CARTESIAN_POINT ( 'NONE',  ( 53.00000000000000000, -3.491128017864268074, 6.328558523743964770 ) ) ;
#2699 = EDGE_CURVE ( 'NONE', #2413, #2303, #2909, .T. ) ;
#2700 = CARTESIAN_POINT ( 'NONE',  ( 45.17676327339770381, -5.286430555935797138, 8.370237707564619711 ) ) ;
#2701 = ORIENTED_EDGE ( 'NONE', *, *, #201, .F. ) ;
#2702 = DIRECTION ( 'NONE',  ( 0.000000000000000000, 0.000000000000000000, -1.000000000000000000 ) ) ;
#2703 = FACE_OUTER_BOUND ( 'NONE', #644, .T. ) ;
#2704 = CARTESIAN_POINT ( 'NONE',  ( 44.67211084900951334, -5.329991008563498056, 8.445863004133066454 ) ) ;
#2705 = CIRCLE ( 'NONE', #394, 0.5000000000000000000 ) ;
#2706 = EDGE_CURVE ( 'NONE', #236, #335, #317, .T. ) ;
#2707 = CARTESIAN_POINT ( 'NONE',  ( 38.15238987087431610, -4.322060961507137478, 1.151488003489628209 ) ) ;
#2708 = CARTESIAN_POINT ( 'NONE',  ( 39.28646577122347594, -1.951416383867092152, 3.895303668422735566 ) ) ;
#2709 = CARTESIAN_POINT ( 'NONE',  ( 44.60554357509063550, -5.464111031861943246, 8.862766855590860970 ) ) ;
#2710 = AXIS2_PLACEMENT_3D ( 'NONE', #10, #463, #1693 ) ;
#2711 = ORIENTED_EDGE ( 'NONE', *, *, #1092, .T. ) ;
#2712 = CARTESIAN_POINT ( 'NONE',  ( 37.00000000000000000, 70.80787289916612792, 35.30900166887731473 ) ) ;
#2713 = DIRECTION ( 'NONE',  ( 1.000000000000000000, -0.000000000000000000, 0.000000000000000000 ) ) ;
#2714 = CARTESIAN_POINT ( 'NONE',  ( 45.03229620504382069, -5.467696441758000958, 8.863022755876711400 ) ) ;
#2715 = CALENDAR_DATE ( 2026, 4, 4 ) ;
#2716 = ORIENTED_EDGE ( 'NONE', *, *, #2665, .T. ) ;
#2717 = CARTESIAN_POINT ( 'NONE',  ( 44.46978204947048141, -5.581818171092489678, 7.900982089137408515 ) ) ;
#2718 = LINE ( 'NONE', #2750, #2671 ) ;
#2719 = AXIS2_PLACEMENT_3D ( 'NONE', #535, #303, #1972 ) ;
#2720 = ORIENTED_EDGE ( 'NONE', *, *, #754, .T. ) ;
#2721 = PLANE ( 'NONE',  #2267 ) ;
#2722 = CARTESIAN_POINT ( 'NONE',  ( 44.35060809177377905, -5.471242875023618168, 8.140263551126743380 ) ) ;
#2723 = CARTESIAN_POINT ( 'NONE',  ( 44.58171674636595583, -5.481609701496468645, 8.832918498573961941 ) ) ;
#2724 = CARTESIAN_POINT ( 'NONE',  ( 37.99595716955627012, -4.424593093018452272, 1.232473428102652147 ) ) ;
#2725 = VECTOR ( 'NONE', #173, 999.9999999999998863 ) ;
#2726 = CARTESIAN_POINT ( 'NONE',  ( 37.03163412156810352, -2.881701434238906234, 6.142076512315747472 ) ) ;
#2727 = B_SPLINE_CURVE_WITH_KNOTS ( 'NONE', 3,
 ( #3013, #2794, #2323, #2522, #1359, #153, #167, #2085, #1329, #851, #632, #2506, #1085 ),
 .UNSPECIFIED., .F., .F.,
 ( 4, 3, 3, 3, 4 ),
 ( 0.000000000000000000, 0.0001049497295269622105, 0.0002098994590418368136, 0.0003170964339473215997, 0.0004242934088972969472 ),
 .UNSPECIFIED. ) ;
#2728 = B_SPLINE_CURVE_WITH_KNOTS ( 'NONE', 3,
 ( #1134, #603, #1570, #155, #1362, #372, #170, #1120, #2087, #3048, #886, #1618, #2571, #419, #1380, #2338, #181, #3058, #139, #238, #1145, #2627, #972, #1406, #721, #1423, #1643, #705, #2129, #1909, #1392, #2367, #1942, #2870, #2585, #3085, #2353, #443, #1160, #687, #2840, #1194 ),
 .UNSPECIFIED., .F., .F.,
 ( 4, 2, 2, 2, 2, 2, 2, 2, 2, 2, 2, 2, 2, 2, 2, 2, 2, 2, 2, 2, 4 ),
 ( 0.000000000000000000, 0.0001905463895183072995, 0.0002858196509322190240, 0.0003810929123461306942, 0.0004763661737600423103, 0.0005240028044669980912, 0.0005716394351739539264, 0.0006669126965878655966, 0.0007621859580017773753, 0.0008574592194156890456, 0.0009050958501226448807, 0.0009527324808296007159, 0.001000369111536556551, 0.001048005742243512386, 0.001143279003657424056, 0.001238552265071335727, 0.001333825526485247397, 0.001381462157192203232, 0.001429098787899159067, 0.001476735418606114902, 0.001520562428152543192 ),
 .UNSPECIFIED. ) ;
#2729 = ORIENTED_EDGE ( 'NONE', *, *, #1822, .T. ) ;
#2730 = CYLINDRICAL_SURFACE ( 'NONE', #2975, 0.5000000000000004441 ) ;
#2731 = CARTESIAN_POINT ( 'NONE',  ( 44.17116455637771111, -6.020613166839007491, 7.666671385143512651 ) ) ;
#2732 = CARTESIAN_POINT ( 'NONE',  ( 44.35060809177377905, -5.471242875023618168, 8.140263551126743380 ) ) ;
#2733 = ORIENTED_EDGE ( 'NONE', *, *, #2049, .F. ) ;
#2734 = CARTESIAN_POINT ( 'NONE',  ( 44.45565639285763382, -5.577334290155041785, 7.910683906540221244 ) ) ;
#2735 = DIRECTION ( 'NONE',  ( 0.000000000000000000, -0.4195301040610856513, -0.9077414234166548690 ) ) ;
#2736 = EDGE_LOOP ( 'NONE', ( #1880, #818, #1259, #1491 ) ) ;
#2737 = DIRECTION ( 'NONE',  ( -1.000000000000000000, -0.000000000000000000, -0.000000000000000000 ) ) ;
#2738 = CARTESIAN_POINT ( 'NONE',  ( 44.05146932127996706, -5.731367619460093543, 8.292514828450499920 ) ) ;
#2739 = EDGE_CURVE ( 'NONE', #248, #1885, #704, .T. ) ;
#2740 = DIRECTION ( 'NONE',  ( 0.000000000000000000, -1.000000000000000000, 0.000000000000000000 ) ) ;
#2741 = CARTESIAN_POINT ( 'NONE',  ( 37.34366069864577042, -2.787011555461808232, 4.904434046196696428 ) ) ;
#2742 = CARTESIAN_POINT ( 'NONE',  ( 44.55596280030068357, -5.467582704216980893, 8.855255163879801827 ) ) ;
#2743 = VERTEX_POINT ( 'NONE', #2818 ) ;
#2744 = CARTESIAN_POINT ( 'NONE',  ( 37.55877219873816841, -2.610710582882221686, 4.556607025168181835 ) ) ;
#2745 = CARTESIAN_POINT ( 'NONE',  ( 44.62936857203249019, -5.980554916125955245, 7.475732291152959341 ) ) ;
#2746 = CARTESIAN_POINT ( 'NONE',  ( 44.64542940492042078, -5.332285035603793411, 8.440927998631957863 ) ) ;
#2747 = CARTESIAN_POINT ( 'NONE',  ( 45.00053707113645629, -6.020607845855919571, 7.666682898208206254 ) ) ;
#2748 = AXIS2_PLACEMENT_3D ( 'NONE', #162, #99, #1051 ) ;
#2749 = CARTESIAN_POINT ( 'NONE',  ( 44.96437653956974145, -6.015974651551326602, 7.668694099382141083 ) ) ;
#2750 = CARTESIAN_POINT ( 'NONE',  ( 44.26366898920966975, -6.526035009653162078, 5.857999407436349060 ) ) ;
#2751 = EDGE_LOOP ( 'NONE', ( #3089, #1482, #2613, #1093 ) ) ;
#2752 = CARTESIAN_POINT ( 'NONE',  ( 43.74620830969574570, -5.579446207581462147, 7.906142933404528783 ) ) ;
#2753 = CARTESIAN_POINT ( 'NONE',  ( 44.99543880771072679, -5.467814303082906946, 8.862767738166819953 ) ) ;
#2754 = CARTESIAN_POINT ( 'NONE',  ( 37.00000000000000000, -5.800234598409087283, 3.152165510693851314 ) ) ;
#2755 = CARTESIAN_POINT ( 'NONE',  ( 37.78638391499018212, -2.514084267405037210, 5.232071394758257554 ) ) ;
#2756 = CARTESIAN_POINT ( 'NONE',  ( 44.20574695733024839, -5.542087995511965737, 8.702061017396887976 ) ) ;
#2757 = VERTEX_POINT ( 'NONE', #651 ) ;
#2758 = CARTESIAN_POINT ( 'NONE',  ( 45.00208106356739535, -5.922140237471155366, 7.702892759423157543 ) ) ;
#2759 = DIRECTION ( 'NONE',  ( 1.000000000000000000, 0.000000000000000000, 0.000000000000000000 ) ) ;
#2760 = DIRECTION ( 'NONE',  ( -0.000000000000000000, 1.000000000000000000, -0.000000000000000000 ) ) ;
#2761 = B_SPLINE_CURVE_WITH_KNOTS ( 'NONE', 3,
 ( #2376, #2186, #1168, #2392, #699, #231, #2200, #795, #1766, #2942, #562, #2234, #527, #1529, #2977, #82, #1714, #1965, #778, #97, #1986, #2484, #1494, #1063, #1512, #1730, #46, #2923, #2032, #2451, #1478, #111, #295, #318, #1746, #331, #759, #2436, #2687, #2268, #1035, #278 ),
 .UNSPECIFIED., .F., .F.,
 ( 4, 2, 2, 2, 2, 2, 2, 2, 2, 2, 2, 2, 2, 2, 2, 2, 2, 2, 2, 2, 4 ),
 ( 0.000000000000000000, 0.0002457993726884486201, 0.0003686990590326729572, 0.0004915987453768972401, 0.0006144984317211215231, 0.0006759482748932337188, 0.0007373981180653459144, 0.0008602978044095701974, 0.0009831974907537944803, 0.001106097177098018872, 0.001167547020270130959, 0.001228996863442243046, 0.001290446706614355350, 0.001351896549786467438, 0.001474796236130691829, 0.001597695922474916003, 0.001720595608819140395, 0.001782045451991252482, 0.001843495295163364569, 0.001904945138335476873, 0.001966394981507588961 ),
 .UNSPECIFIED. ) ;
#2762 = AXIS2_PLACEMENT_3D ( 'NONE', #1441, #1645, #1884 ) ;
#2763 = EDGE_CURVE ( 'NONE', #1506, #1524, #2342, .T. ) ;
#2764 = DIRECTION ( 'NONE',  ( 0.000000000000000000, 0.000000000000000000, 1.000000000000000000 ) ) ;
#2765 = CARTESIAN_POINT ( 'NONE',  ( 44.26812419871438919, -5.943151051159677678, 7.826263241710594620 ) ) ;
#2766 = DIRECTION ( 'NONE',  ( 0.4511465413988238193, 0.3744095933460266923, 0.8101137294197291450 ) ) ;
#2767 = ORIENTED_EDGE ( 'NONE', *, *, #1589, .F. ) ;
#2768 = VECTOR ( 'NONE', #23, 1000.000000000000000 ) ;
#2769 = ADVANCED_FACE ( 'NONE', ( #378 ), #2530, .T. ) ;
#2770 = CARTESIAN_POINT ( 'NONE',  ( 43.72240296356864064, -5.474772575418362486, 8.132626303573955440 ) ) ;
#2771 = CARTESIAN_POINT ( 'NONE',  ( 44.07766762654684811, -5.667003906964612980, 8.423765540872370394 ) ) ;
#2772 = CARTESIAN_POINT ( 'NONE',  ( 45.87624911741480105, -5.057679645439362659, 9.035094389394641823 ) ) ;
#2773 = CARTESIAN_POINT ( 'NONE',  ( 50.35641992939224565, -1.924119240772703021, 3.832567761307176024 ) ) ;
#2774 = CIRCLE ( 'NONE', #1306, 2.999999999999999112 ) ;
#2775 = CARTESIAN_POINT ( 'NONE',  ( 44.17737262308155977, -5.555216004965001453, 8.673655813879440402 ) ) ;
#2776 = ORIENTED_EDGE ( 'NONE', *, *, #1316, .F. ) ;
#2777 = FACE_OUTER_BOUND ( 'NONE', #350, .T. ) ;
#2778 = CARTESIAN_POINT ( 'NONE',  ( 53.00000000000000000, -5.800234598409096165, 3.152165510693860639 ) ) ;
#2779 = DIRECTION ( 'NONE',  ( -1.000000000000000000, -0.000000000000000000, -0.000000000000000000 ) ) ;
#2780 = VECTOR ( 'NONE', #2947, 1000.000000000000114 ) ;
#2781 = CARTESIAN_POINT ( 'NONE',  ( 44.68082508751781035, -6.012783289775786244, 7.683612967361839630 ) ) ;
#2782 = CARTESIAN_POINT ( 'NONE',  ( 45.03372545767554413, -5.382257023166329368, 8.630755513054570116 ) ) ;
#2783 = CARTESIAN_POINT ( 'NONE',  ( 44.80452470619817973, -6.013810738753475604, 7.673376178842612916 ) ) ;
#2784 = AXIS2_PLACEMENT_3D ( 'NONE', #1448, #731, #996 ) ;
#2785 = EDGE_LOOP ( 'NONE', ( #590, #848, #1712, #1191 ) ) ;
#2786 = VECTOR ( 'NONE', #1566, 1000.000000000000114 ) ;
#2787 = CARTESIAN_POINT ( 'NONE',  ( 43.82171883697678538, -5.668550112844040534, 7.713347934876343182 ) ) ;
#2788 = CARTESIAN_POINT ( 'NONE',  ( 44.36844983628966332, -5.515575308832808332, 8.759426779023343101 ) ) ;
#2789 = CARTESIAN_POINT ( 'NONE',  ( 36.98891745510714202, -5.873792144703779528, 2.511375987244740760 ) ) ;
#2790 = CARTESIAN_POINT ( 'NONE',  ( 51.42297559134554064, -2.151448117381813407, 3.666072180584297513 ) ) ;
#2791 = CARTESIAN_POINT ( 'NONE',  ( 44.20333881341541371, -5.538051360701415682, 8.702781436907178758 ) ) ;
#2792 = EDGE_LOOP ( 'NONE', ( #3019, #2154, #1517, #1420 ) ) ;
#2793 = CARTESIAN_POINT ( 'NONE',  ( 39.17218069434247241, -2.026272865823854907, 3.427052594499764293 ) ) ;
#2794 = CARTESIAN_POINT ( 'NONE',  ( 43.99769880199806948, -5.723820220643838219, 8.249886172568738019 ) ) ;
#2795 = B_SPLINE_CURVE_WITH_KNOTS ( 'NONE', 3,
 ( #882, #1069, #867, #2758, #630, #2274, #103, #121, #1599, #597, #1054, #1565, #2553 ),
 .UNSPECIFIED., .F., .F.,
 ( 4, 3, 3, 3, 4 ),
 ( 0.000000000000000000, 0.0001049241644236236561, 0.0002098483288472469599, 0.0003170578800710591432, 0.0004242674312948691582 ),
 .UNSPECIFIED. ) ;
#2796 = AXIS2_PLACEMENT_3D ( 'NONE', #2622, #668, #219 ) ;
#2797 = CARTESIAN_POINT ( 'NONE',  ( 38.87602434900473014, -4.440379568272540212, 1.250957894353601940 ) ) ;
#2798 = FACE_OUTER_BOUND ( 'NONE', #1535, .T. ) ;
#2799 = CARTESIAN_POINT ( 'NONE',  ( 44.37349313414404151, -5.529625107500081960, 8.013912735542097820 ) ) ;
#2800 = ORIENTED_EDGE ( 'NONE', *, *, #2468, .F. ) ;
#2801 = EDGE_CURVE ( 'NONE', #2190, #358, #214, .T. ) ;
#2802 = CARTESIAN_POINT ( 'NONE',  ( 44.32603942823313048, -5.848614212343282048, 7.323741467060816746 ) ) ;
#2803 = CARTESIAN_POINT ( 'NONE',  ( 44.49222682765419279, -5.587827643078751905, 7.888007938765508875 ) ) ;
#2804 = DIRECTION ( 'NONE',  ( -0.000000000000000000, 0.5880055610045783476, 0.8088568848861281690 ) ) ;
#2805 = CARTESIAN_POINT ( 'NONE',  ( 52.93644112965687754, -3.134201248998900180, 5.598011711097829135 ) ) ;
#2806 = CARTESIAN_POINT ( 'NONE',  ( 44.64256956541344579, -5.466613845561230534, 8.865365179944864948 ) ) ;
#2807 = VERTEX_POINT ( 'NONE', #2401 ) ;
#2808 = FACE_OUTER_BOUND ( 'NONE', #383, .T. ) ;
#2809 = EDGE_CURVE ( 'NONE', #1442, #1297, #1181, .T. ) ;
#2810 = CARTESIAN_POINT ( 'NONE',  ( 43.72512845375332802, -5.516878139787075419, 8.041493475288863380 ) ) ;
#2811 = ADVANCED_FACE ( 'NONE', ( #1660 ), #2616, .F. ) ;
#2812 = EDGE_CURVE ( 'NONE', #888, #2956, #294, .T. ) ;
#2813 = ORIENTED_EDGE ( 'NONE', *, *, #2665, .F. ) ;
#2814 = CARTESIAN_POINT ( 'NONE',  ( 52.50000000000000000, -5.742627683396033689, 14.79735685758177688 ) ) ;
#2815 = CARTESIAN_POINT ( 'NONE',  ( 44.05432084935301162, -5.751162946997728120, 8.241669796005583137 ) ) ;
#2816 = EDGE_LOOP ( 'NONE', ( #1971, #2649, #1404, #165 ) ) ;
#2817 = VECTOR ( 'NONE', #1411, 1000.000000000000114 ) ;
#2818 = CARTESIAN_POINT ( 'NONE',  ( 45.03420184177377195, -5.321230608246966476, 8.464846572120075407 ) ) ;
#2819 = CARTESIAN_POINT ( 'NONE',  ( 44.52371603675938871, -5.594664402081174437, 7.873215175890228679 ) ) ;
#2820 = CARTESIAN_POINT ( 'NONE',  ( 52.76176177187267768, -10.94551168272470498, 12.00536153692462271 ) ) ;
#2821 = CARTESIAN_POINT ( 'NONE',  ( 44.71835047423692799, -5.463050498398008159, 8.873075229342674675 ) ) ;
#2822 = DIRECTION ( 'NONE',  ( -1.000000000000000000, -0.000000000000000000, -0.000000000000000000 ) ) ;
#2823 = CARTESIAN_POINT ( 'NONE',  ( 44.08990112046670617, -5.884376333602459930, 7.961448364739859507 ) ) ;
#2824 = LINE ( 'NONE', #3071, #1515 ) ;
#2825 = CARTESIAN_POINT ( 'NONE',  ( 45.03324907361750462, -5.443283438085731341, 8.796664453989166077 ) ) ;
#2826 = CIRCLE ( 'NONE', #1664, 0.5000000000000004441 ) ;
#2827 = CARTESIAN_POINT ( 'NONE',  ( 44.25044564692866800, -5.941726340899533554, 7.837359588385434783 ) ) ;
#2828 = CC_DESIGN_PERSON_AND_ORGANIZATION_ASSIGNMENT ( #1505, #2244, ( #1810 ) ) ;
#2829 = ORIENTED_EDGE ( 'NONE', *, *, #2664, .T. ) ;
#2830 = CARTESIAN_POINT ( 'NONE',  ( 37.73757047080441396, -4.318708190876227704, 1.823097422266044543 ) ) ;
#2831 = DIRECTION ( 'NONE',  ( 0.000000000000000000, 0.000000000000000000, -1.000000000000000000 ) ) ;
#2832 = CARTESIAN_POINT ( 'NONE',  ( 44.49995136700664489, -5.589662419472904986, 7.884038014987557297 ) ) ;
#2833 = CARTESIAN_POINT ( 'NONE',  ( 52.49999999630134795, -2.895734732405104150, 6.178054567862978352 ) ) ;
#2834 = DIRECTION ( 'NONE',  ( 0.000000000000000000, 0.2588190451025185190, -0.9659258262890689783 ) ) ;
#2835 = CARTESIAN_POINT ( 'NONE',  ( 53.00000000000000000, -1.801512104852800000, 3.550791365969057534 ) ) ;
#2836 = CARTESIAN_POINT ( 'NONE',  ( 44.28173047279223340, -5.969701107446592658, 7.768816623095172957 ) ) ;
#2837 = B_SPLINE_CURVE_WITH_KNOTS ( 'NONE', 3,
 ( #1471, #2428, #769, #554, #519, #1056, #2459, #2679, #987, #2225, #1520, #2985, #785, #105, #286, #305, #1974, #325, #1485, #271, #2443, #1957, #1279, #1227, #74, #2241, #1757, #2026, #2192, #1702, #2661, #1043, #2211, #2714, #1773, #89 ),
 .UNSPECIFIED., .F., .F.,
 ( 4, 3, 2, 2, 2, 2, 2, 2, 2, 2, 2, 2, 2, 2, 2, 3, 4 ),
 ( 0.000000000000000000, 1.213012868710696131E-05, 9.453707509997729590E-05, 0.0001769440215128476068, 0.0003417579143385882827, 0.0004241648607514584852, 0.0005065718071643287961, 0.0005889787535771992153, 0.0006713856999900694178, 0.0007125891731965045732, 0.0007537926464029397287, 0.0008361995928158101480, 0.0009186065392286804588, 0.001001013485641550878, 0.001165827378467291500, 0.001330641271293032122, 0.001332363489605432622 ),
 .UNSPECIFIED. ) ;
#2838 = VERTEX_POINT ( 'NONE', #724 ) ;
#2839 = CARTESIAN_POINT ( 'NONE',  ( 52.50000000000000000, -3.025308875140439113, 6.510252019147729108 ) ) ;
#2840 = CARTESIAN_POINT ( 'NONE',  ( 44.02261949359125026, -5.738382505668825573, 8.277336649978447980 ) ) ;
#2841 = CARTESIAN_POINT ( 'NONE',  ( 44.21279720362571908, -5.926494807845767987, 7.870316206661943426 ) ) ;
#2842 = ORIENTED_EDGE ( 'NONE', *, *, #2110, .T. ) ;
#2843 = LINE ( 'NONE', #2386, #3104 ) ;
#2844 = CARTESIAN_POINT ( 'NONE',  ( 52.32023000461716578, -2.530239466164406981, 4.399026240041953528 ) ) ;
#2845 = DIRECTION ( 'NONE',  ( 0.000000000000000000, 0.000000000000000000, -1.000000000000000000 ) ) ;
#2846 = CARTESIAN_POINT ( 'NONE',  ( 53.00000000000000000, -3.025308875140437337, 6.510252019147730884 ) ) ;
#2847 = AXIS2_PLACEMENT_3D ( 'NONE', #232, #251, #1203 ) ;
#2848 = DIRECTION ( 'NONE',  ( 0.000000000000000000, -0.5880055610045783476, -0.8088568848861281690 ) ) ;
#2849 = CARTESIAN_POINT ( 'NONE',  ( 52.60726861119090358, -4.688745743825663226, 2.135485371012014522 ) ) ;
#2850 = CARTESIAN_POINT ( 'NONE',  ( 43.87244965430316768, -5.704861483880961259, 7.634752059846699801 ) ) ;
#2851 = CARTESIAN_POINT ( 'NONE',  ( 52.50000000000001421, -2.895327607285334004, 6.177010795361094431 ) ) ;
#2852 = FACE_OUTER_BOUND ( 'NONE', #984, .T. ) ;
#2853 = CARTESIAN_POINT ( 'NONE',  ( 44.26599886581659860, -5.947296912089207410, 7.825306488567296270 ) ) ;
#2854 = ORIENTED_EDGE ( 'NONE', *, *, #1849, .T. ) ;
#2855 = TOROIDAL_SURFACE ( 'NONE', #541, 2.500000000000000000, 0.5000000000000000000 ) ;
#2856 = CARTESIAN_POINT ( 'NONE',  ( 44.28351143552663416, -5.971556028109331393, 7.772816799998325088 ) ) ;
#2857 = DIRECTION ( 'NONE',  ( 0.000000000000000000, 0.000000000000000000, -1.000000000000000000 ) ) ;
#2858 = CIRCLE ( 'NONE', #3061, 0.5000000000000003331 ) ;
#2859 = EDGE_CURVE ( 'NONE', #2303, #1778, #245, .T. ) ;
#2860 = EDGE_LOOP ( 'NONE', ( #2313, #102, #718, #2320, #3015 ) ) ;
#2861 = B_SPLINE_CURVE_WITH_KNOTS ( 'NONE', 3,
 ( #2873, #1396, #1149, #708, #55, #1673, #518, #1484, #1003, #2830, #1633, #3090, #433, #2356, #198, #2119, #922, #1550 ),
 .UNSPECIFIED., .F., .F.,
 ( 4, 2, 2, 2, 2, 2, 2, 2, 4 ),
 ( 0.000000000000000000, 0.0005871799537331410298, 0.001174359907466282060, 0.001761539861199422873, 0.002348719814932564553, 0.002935899768665705799, 0.003523079722398847480, 0.004110259676131988726, 0.004697439629865129973 ),
 .UNSPECIFIED. ) ;
#2862 = CARTESIAN_POINT ( 'NONE',  ( 38.79999999999999716, -7.700000000000000178, 10.19999999999999574 ) ) ;
#2863 = ADVANCED_FACE ( 'NONE', ( #199 ), #2168, .T. ) ;
#2864 = DIRECTION ( 'NONE',  ( 0.000000000000000000, -0.9659258262890686453, -0.2588190451025195737 ) ) ;
#2865 = ADVANCED_FACE ( 'NONE', ( #1166 ), #1429, .F. ) ;
#2866 = DIRECTION ( 'NONE',  ( -1.000000000000000000, 0.000000000000000000, 0.000000000000000000 ) ) ;
#2867 = CARTESIAN_POINT ( 'NONE',  ( 44.17742337179352319, -5.934710632272619968, 7.844525859292988734 ) ) ;
#2868 = VECTOR ( 'NONE', #2610, 1000.000000000000000 ) ;
#2869 = LINE ( 'NONE', #2642, #2868 ) ;
#2870 = CARTESIAN_POINT ( 'NONE',  ( 44.03803873908498190, -5.676127222823089902, 8.412039019411650997 ) ) ;
#2871 = CARTESIAN_POINT ( 'NONE',  ( 44.14121488752969213, -5.887838102572416688, 7.953958101080838894 ) ) ;
#2872 = ORIENTED_EDGE ( 'NONE', *, *, #1322, .T. ) ;
#2873 = CARTESIAN_POINT ( 'NONE',  ( 40.00000000000000000, -3.519364420207029553, 1.187724135587836738 ) ) ;
#2874 = CARTESIAN_POINT ( 'NONE',  ( 45.24804398920966975, -6.526035009653162078, 5.857999407436349060 ) ) ;
#2875 = CARTESIAN_POINT ( 'NONE',  ( 44.30059270898900792, -5.516424241489924718, 8.161685139842465020 ) ) ;
#2876 = VERTEX_POINT ( 'NONE', #1150 ) ;
#2877 = DIRECTION ( 'NONE',  ( 1.000000000000000000, 0.000000000000000000, 0.000000000000000000 ) ) ;
#2878 = CARTESIAN_POINT ( 'NONE',  ( 50.00000000000000000, -3.821751154093548042, 0.7717627776978510656 ) ) ;
#2879 = DIRECTION ( 'NONE',  ( 0.000000000000000000, -0.5880055610045783476, -0.8088568848861281690 ) ) ;
#2880 = DIRECTION ( 'NONE',  ( 0.000000000000000000, 0.000000000000000000, 1.000000000000000000 ) ) ;
#2881 = CARTESIAN_POINT ( 'NONE',  ( 44.47684411742703503, -6.008670033005097721, 7.684499174566305157 ) ) ;
#2882 = EDGE_LOOP ( 'NONE', ( #733, #2733, #1931, #3035 ) ) ;
#2883 = CARTESIAN_POINT ( 'NONE',  ( 44.26599886581691123, -5.947296912088598120, 7.825306488567437491 ) ) ;
#2884 = DIRECTION ( 'NONE',  ( 0.000000000000000000, -0.8088568848861280580, 0.5880055610045783476 ) ) ;
#2885 = CARTESIAN_POINT ( 'NONE',  ( 44.80427821657242760, -6.018269564624841195, 7.671742260368314525 ) ) ;
#2886 = ORIENTED_EDGE ( 'NONE', *, *, #1985, .T. ) ;
#2887 = CARTESIAN_POINT ( 'NONE',  ( 50.21088193438851732, -1.969671794628560457, 3.319471916195405825 ) ) ;
#2888 = DIRECTION ( 'NONE',  ( 0.000000000000000000, 0.000000000000000000, 1.000000000000000000 ) ) ;
#2889 = ORIENTED_EDGE ( 'NONE', *, *, #522, .F. ) ;
#2890 = PLANE ( 'NONE',  #1723 ) ;
#2891 = CARTESIAN_POINT ( 'NONE',  ( 50.79248565408200733, -3.583278488747155155, 1.236114816330185606 ) ) ;
#2892 = ADVANCED_FACE ( 'NONE', ( #2134 ), #3107, .T. ) ;
#2893 = FACE_OUTER_BOUND ( 'NONE', #2132, .T. ) ;
#2894 = PLANE ( 'NONE',  #2784 ) ;
#2895 = CARTESIAN_POINT ( 'NONE',  ( 44.24084878890290184, -5.959705158232160294, 7.798458644022012720 ) ) ;
#2896 = CIRCLE ( 'NONE', #1544, 1.449999999999999956 ) ;
#2897 = ORIENTED_EDGE ( 'NONE', *, *, #311, .F. ) ;
#2898 = EDGE_CURVE ( 'NONE', #1778, #2519, #1634, .T. ) ;
#2899 = CARTESIAN_POINT ( 'NONE',  ( 37.50000000000000000, -11.00000000000000178, 17.94999999999999574 ) ) ;
#2900 = EDGE_CURVE ( 'NONE', #1249, #1683, #1460, .T. ) ;
#2901 = EDGE_CURVE ( 'NONE', #2190, #2006, #2654, .T. ) ;
#2902 = FACE_OUTER_BOUND ( 'NONE', #670, .T. ) ;
#2903 = DIRECTION ( 'NONE',  ( 0.000000000000000000, 0.000000000000000000, 1.000000000000000000 ) ) ;
#2904 = ORIENTED_EDGE ( 'NONE', *, *, #2900, .F. ) ;
#2905 = CARTESIAN_POINT ( 'NONE',  ( 44.41224102217456249, -5.558767263453431973, 7.950857565316048259 ) ) ;
#2906 = CARTESIAN_POINT ( 'NONE',  ( 44.27558501775606459, -5.539014924900824255, 8.172395934197707490 ) ) ;
#2907 = ORIENTED_EDGE ( 'NONE', *, *, #244, .T. ) ;
#2908 = CARTESIAN_POINT ( 'NONE',  ( 45.24804398920966975, -5.622431708598515598, 7.813134780949143376 ) ) ;
#2909 = B_SPLINE_CURVE_WITH_KNOTS ( 'NONE', 3,
 ( #2770, #2562, #2091, #2314, #2752, #1076, #3020, #1123, #1827, #2787, #1574, #591, #187, #2547, #1811, #2045, #390, #3051, #1350, #159, #1383, #1558, #2283, #1842, #2802, #889 ),
 .UNSPECIFIED., .F., .F.,
 ( 4, 2, 2, 2, 2, 2, 2, 2, 2, 2, 2, 2, 4 ),
 ( 0.000000000000000000, 0.0001481862735037086612, 0.0002963725470074173225, 0.0003704656837592716395, 0.0004445588205111260108, 0.0005186519572629803279, 0.0005927450940148346449, 0.0006668382307666889620, 0.0007409313675185432791, 0.0008891176410222520216, 0.0009632107777741063387, 0.001037303914525960656, 0.001185490188029669290 ),
 .UNSPECIFIED. ) ;
#2910 = DIRECTION ( 'NONE',  ( 0.000000000000000000, 0.9316382854476573661, 0.3633869908075266775 ) ) ;
#2911 = CARTESIAN_POINT ( 'NONE',  ( 44.61017152371661609, -5.335925037337769794, 8.433023487554869746 ) ) ;
#2912 = CARTESIAN_POINT ( 'NONE',  ( 38.11334464674651201, -4.910627330912928912, 1.637153500601691736 ) ) ;
#2913 = VECTOR ( 'NONE', #2695, 1000.000000000000227 ) ;
#2914 = ORIENTED_EDGE ( 'NONE', *, *, #244, .F. ) ;
#2915 = DIRECTION ( 'NONE',  ( 0.000000000000000000, 0.000000000000000000, -1.000000000000000000 ) ) ;
#2916 = DIRECTION ( 'NONE',  ( 1.000000000000000000, 0.000000000000000000, 0.000000000000000000 ) ) ;
#2917 = COORDINATED_UNIVERSAL_TIME_OFFSET ( 1, 0, .AHEAD. ) ;
#2918 = ORIENTED_EDGE ( 'NONE', *, *, #15, .T. ) ;
#2919 = CARTESIAN_POINT ( 'NONE',  ( 44.54832782418490922, -5.598848976980324466, 7.864132366486021652 ) ) ;
#2920 = CARTESIAN_POINT ( 'NONE',  ( 51.98747780999548951, -4.104966899243828848, 1.647929882422566328 ) ) ;
#2921 = EDGE_LOOP ( 'NONE', ( #2682, #475, #2886, #2012 ) ) ;
#2922 = DIRECTION ( 'NONE',  ( 0.000000000000000000, -0.9385226975553367934, -0.3452175345683556884 ) ) ;
#2923 = CARTESIAN_POINT ( 'NONE',  ( 43.87372523148739134, -5.242832634497596622, 8.634477041054010371 ) ) ;
#2924 = DIRECTION ( 'NONE',  ( 0.000000000000000000, 0.2588190451025191852, -0.9659258262890687563 ) ) ;
#2925 = CARTESIAN_POINT ( 'NONE',  ( 37.75062002084488455, -5.334081788457799789, 2.008224818114694443 ) ) ;
#2926 = DIRECTION ( 'NONE',  ( 0.000000000000000000, 0.000000000000000000, -1.000000000000000000 ) ) ;
#2927 = LINE ( 'NONE', #2455, #2780 ) ;
#2928 = AXIS2_PLACEMENT_3D ( 'NONE', #1967, #296, #1681 ) ;
#2929 = EDGE_CURVE ( 'NONE', #1109, #1870, #2858, .T. ) ;
#2930 = CARTESIAN_POINT ( 'NONE',  ( 44.48831055790477507, -5.473433037086580910, 8.842596740955956491 ) ) ;
#2931 = ORIENTED_EDGE ( 'NONE', *, *, #1212, .T. ) ;
#2932 = CARTESIAN_POINT ( 'NONE',  ( 45.24804398920966975, -5.321230608246966476, 8.464846572120075407 ) ) ;
#2933 = CARTESIAN_POINT ( 'NONE',  ( 44.33360369836631776, -5.983838431698238480, 7.746241242228292023 ) ) ;
#2934 = CARTESIAN_POINT ( 'NONE',  ( 44.35127199796573905, -5.463609644917365671, 8.156779646382537052 ) ) ;
#2935 = EDGE_CURVE ( 'NONE', #1934, #53, #1653, .T. ) ;
#2936 = PERSON_AND_ORGANIZATION ( #18446744073709551615, #18446744073709551615 ) ;
#2937 = EDGE_LOOP ( 'NONE', ( #1948, #2907, #2460, #1700, #1620, #262, #560, #1378 ) ) ;
#2938 = CARTESIAN_POINT ( 'NONE',  ( 51.19999999999999574, -7.700000000000000178, 16.49999999999999645 ) ) ;
#2939 = CARTESIAN_POINT ( 'NONE',  ( 44.17116455637766848, -5.455861103682411617, 8.888630993588071405 ) ) ;
#2940 = ORIENTED_EDGE ( 'NONE', *, *, #2538, .F. ) ;
#2941 = CARTESIAN_POINT ( 'NONE',  ( 53.00000000000000000, -2.011544022000738785, 4.035382889355281222 ) ) ;
#2942 = CARTESIAN_POINT ( 'NONE',  ( 44.50318901055831589, -5.075837321216715381, 8.995806447249361071 ) ) ;
#2943 = AXIS2_PLACEMENT_3D ( 'NONE', #166, #1848, #1293 ) ;
#2944 = CARTESIAN_POINT ( 'NONE',  ( 49.99999999999999289, 35.98124821683813934, 60.62651996769369589 ) ) ;
#2945 = CARTESIAN_POINT ( 'NONE',  ( 44.38054784544900855, -5.411952898981444271, 8.268521253556155415 ) ) ;
#2946 = CARTESIAN_POINT ( 'NONE',  ( 44.17979737681916674, -5.936763156255540075, 7.848098479944774830 ) ) ;
#2947 = DIRECTION ( 'NONE',  ( 0.000000000000000000, -0.9990028599729576797, 0.04464622902162008328 ) ) ;
#2948 = CARTESIAN_POINT ( 'NONE',  ( 44.34270175440749995, -5.494934037927356130, 8.796074813401327575 ) ) ;
#2949 = ORIENTED_EDGE ( 'NONE', *, *, #1849, .F. ) ;
#2950 = FACE_OUTER_BOUND ( 'NONE', #142, .T. ) ;
#2951 = DIRECTION ( 'NONE',  ( 0.000000000000000000, 0.000000000000000000, -1.000000000000000000 ) ) ;
#2952 = FACE_OUTER_BOUND ( 'NONE', #1276, .T. ) ;
#2953 = ORIENTED_EDGE ( 'NONE', *, *, #2150, .T. ) ;
#2954 = CARTESIAN_POINT ( 'NONE',  ( 52.93341021461795037, -3.126445261455568225, 5.582291282520805531 ) ) ;
#2955 = CYLINDRICAL_SURFACE ( 'NONE', #2471, 0.5000000000000000000 ) ;
#2956 = VERTEX_POINT ( 'NONE', #2418 ) ;
#2957 = DIRECTION ( 'NONE',  ( 0.000000000000000000, 0.8874849697007034521, 0.4608366614705707853 ) ) ;
#2958 = LINE ( 'NONE', #1302, #1415 ) ;
#2959 = CARTESIAN_POINT ( 'NONE',  ( 44.21679604536395658, -5.564913936914641646, 8.644658615845136396 ) ) ;
#2960 = AXIS2_PLACEMENT_3D ( 'NONE', #451, #1416, #3113 ) ;
#2961 = CARTESIAN_POINT ( 'NONE',  ( 44.40061167462131664, -5.998012161546166787, 7.715573403181130274 ) ) ;
#2962 = EDGE_CURVE ( 'NONE', #273, #2061, #638, .T. ) ;
#2963 = CARTESIAN_POINT ( 'NONE',  ( 37.00000000000000000, -3.025308875140433784, 6.510252019147713121 ) ) ;
#2964 = EDGE_CURVE ( 'NONE', #2633, #2426, #1905, .T. ) ;
#2965 = VECTOR ( 'NONE', #1980, 1000.000000000000227 ) ;
#2966 = EDGE_LOOP ( 'NONE', ( #2076, #534, #120, #2198 ) ) ;
#2967 = DIRECTION ( 'NONE',  ( 0.000000000000000000, 0.000000000000000000, 1.000000000000000000 ) ) ;
#2968 = LINE ( 'NONE', #553, #760 ) ;
#2969 = CARTESIAN_POINT ( 'NONE',  ( 40.80000000000000426, -2.562100492478867508, 3.058989558753502092 ) ) ;
#2970 = DATE_AND_TIME ( #2715, #45 ) ;
#2971 = ORIENTED_EDGE ( 'NONE', *, *, #2900, .T. ) ;
#2972 = LINE ( 'NONE', #289, #2965 ) ;
#2973 = CYLINDRICAL_SURFACE ( 'NONE', #2326, 1.449999999999999956 ) ;
#2974 = EDGE_CURVE ( 'NONE', #376, #740, #845, .T. ) ;
#2975 = AXIS2_PLACEMENT_3D ( 'NONE', #552, #567, #1469 ) ;
#2976 = ORIENTED_EDGE ( 'NONE', *, *, #1032, .F. ) ;
#2977 = CARTESIAN_POINT ( 'NONE',  ( 44.32170075260653164, -5.094318483069645964, 8.955818575093427825 ) ) ;
#2978 = CARTESIAN_POINT ( 'NONE',  ( 44.07444310869753679, -5.669649949867965333, 8.426053958785132636 ) ) ;
#2979 = CARTESIAN_POINT ( 'NONE',  ( 37.00000000000000000, -6.158236782065921844, 2.803117610690229355 ) ) ;
#2980 = AXIS2_PLACEMENT_3D ( 'NONE', #995, #65, #2001 ) ;
#2981 = CARTESIAN_POINT ( 'NONE',  ( 37.34126624533909222, -2.523542131926939991, 5.254642790178914780 ) ) ;
#2982 = ORIENTED_EDGE ( 'NONE', *, *, #17, .T. ) ;
#2983 = CARTESIAN_POINT ( 'NONE',  ( 50.66963168015228547, -4.285370938047566192, 1.128710021415940012 ) ) ;
#2984 = FACE_OUTER_BOUND ( 'NONE', #3060, .T. ) ;
#2985 = CARTESIAN_POINT ( 'NONE',  ( 44.23772125175305092, -5.557207927015249460, 8.669345872494515604 ) ) ;
#2986 = CARTESIAN_POINT ( 'NONE',  ( 44.39992487758040340, -5.981677400656049137, 7.750917086405631373 ) ) ;
#2987 = CARTESIAN_POINT ( 'NONE',  ( 45.00856427125363979, -6.016183416718426713, 7.668242392131416452 ) ) ;
#2988 = CARTESIAN_POINT ( 'NONE',  ( 49.19999999999998863, -2.011544022000736565, 4.035382889355275893 ) ) ;
#2989 = ORIENTED_EDGE ( 'NONE', *, *, #1355, .F. ) ;
#2990 = LINE ( 'NONE', #1288, #457 ) ;
#2991 = CARTESIAN_POINT ( 'NONE',  ( 44.75632138906928503, -5.471581524591075940, 8.854616563838510146 ) ) ;
#2992 = CARTESIAN_POINT ( 'NONE',  ( 38.81164853353303101, -2.049476090471640699, 4.123743644269672437 ) ) ;
#2993 = EDGE_CURVE ( 'NONE', #1500, #992, #2456, .T. ) ;
#2994 = CARTESIAN_POINT ( 'NONE',  ( 37.50000000000000000, -3.025308875140433340, 6.510252019147712232 ) ) ;
#2995 = ORIENTED_EDGE ( 'NONE', *, *, #1126, .T. ) ;
#2996 = CARTESIAN_POINT ( 'NONE',  ( 51.67047297874938039, -4.737982133547336439, 1.492174514928745976 ) ) ;
#2997 = DIRECTION ( 'NONE',  ( 0.000000000000000000, -0.2588190451025196293, 0.9659258262890687563 ) ) ;
#2998 = CARTESIAN_POINT ( 'NONE',  ( 52.50000000000000000, -10.50000000000000000, 14.94999999999999751 ) ) ;
#2999 = EDGE_CURVE ( 'NONE', #2341, #2127, #2972, .T. ) ;
#3000 = CARTESIAN_POINT ( 'NONE',  ( 39.66693195681256867, -4.242722397636142340, 1.096234548616854099 ) ) ;
#3001 = AXIS2_PLACEMENT_3D ( 'NONE', #1304, #2300, #1595 ) ;
#3002 = CARTESIAN_POINT ( 'NONE',  ( 44.38600236633278229, -5.974322187281427610, 7.758817947085098865 ) ) ;
#3003 = LINE ( 'NONE', #2700, #3073 ) ;
#3004 = ORIENTED_EDGE ( 'NONE', *, *, #1626, .F. ) ;
#3005 = LINE ( 'NONE', #360, #2725 ) ;
#3006 = CARTESIAN_POINT ( 'NONE',  ( 44.10840785886752258, -5.629740509576259377, 8.512406408317286122 ) ) ;
#3007 = FACE_OUTER_BOUND ( 'NONE', #2176, .T. ) ;
#3008 = CARTESIAN_POINT ( 'NONE',  ( 51.98281754058952941, -2.141202416197483416, 4.337848048178544857 ) ) ;
#3009 = CARTESIAN_POINT ( 'NONE',  ( 44.15615203978629921, -5.560821343933208816, 8.653513799638838933 ) ) ;
#3010 = ORIENTED_EDGE ( 'NONE', *, *, #798, .F. ) ;
#3011 = CARTESIAN_POINT ( 'NONE',  ( 37.00000000000000000, -3.491128017864261857, 6.328558523743948783 ) ) ;
#3012 = CARTESIAN_POINT ( 'NONE',  ( 44.54392704439773354, -5.939030016200364415, 7.419756050521934654 ) ) ;
#3013 = CARTESIAN_POINT ( 'NONE',  ( 44.02243686667766553, -5.746199740084821705, 8.260422422783380014 ) ) ;
#3014 = AXIS2_PLACEMENT_3D ( 'NONE', #1887, #1674, #962 ) ;
#3015 = ORIENTED_EDGE ( 'NONE', *, *, #631, .T. ) ;
#3016 = FACE_OUTER_BOUND ( 'NONE', #1011, .T. ) ;
#3017 = CARTESIAN_POINT ( 'NONE',  ( 44.35447504515752826, -5.497173128088117977, 8.084129403425892590 ) ) ;
#3018 = DIRECTION ( 'NONE',  ( 0.000000000000000000, 0.000000000000000000, 1.000000000000000000 ) ) ;
#3019 = ORIENTED_EDGE ( 'NONE', *, *, #1923, .F. ) ;
#3020 = CARTESIAN_POINT ( 'NONE',  ( 43.77347581777139851, -5.619992760325857262, 7.818411957375608345 ) ) ;
#3021 = VECTOR ( 'NONE', #1207, 1000.000000000000000 ) ;
#3022 = CARTESIAN_POINT ( 'NONE',  ( 44.14618454639605005, -5.601226822106672110, 8.574101755087388810 ) ) ;
#3023 = DIRECTION ( 'NONE',  ( 1.000000000000000000, 0.000000000000000000, 0.000000000000000000 ) ) ;
#3024 = CARTESIAN_POINT ( 'NONE',  ( 53.00000000000000000, 6.935460182787541505, 15.56931747623857554 ) ) ;
#3025 = CARTESIAN_POINT ( 'NONE',  ( 44.07341681100479036, -5.625451263410230496, 8.521687092545828790 ) ) ;
#3026 = EDGE_LOOP ( 'NONE', ( #460, #2037, #1676, #479 ) ) ;
#3027 = CARTESIAN_POINT ( 'NONE',  ( 38.09419102344730135, -2.318243108140674025, 3.987005441503275183 ) ) ;
#3028 = CARTESIAN_POINT ( 'NONE',  ( 44.79202843082459395, -6.059608213144294986, 7.582297418896836838 ) ) ;
#3029 = AXIS2_PLACEMENT_3D ( 'NONE', #2550, #2580, #2081 ) ;
#3030 = EDGE_CURVE ( 'NONE', #53, #455, #1508, .T. ) ;
#3031 = CARTESIAN_POINT ( 'NONE',  ( 45.00166332320347351, -6.020613166838971075, 7.666671385143525974 ) ) ;
#3032 = ADVANCED_FACE ( 'NONE', ( #1008 ), #2683, .F. ) ;
#3033 = CARTESIAN_POINT ( 'NONE',  ( 45.03391601131077948, -5.357846457198579770, 8.564391936680760153 ) ) ;
#3034 = CARTESIAN_POINT ( 'NONE',  ( 44.22625263373491578, -5.927217194850072701, 7.860739483741826739 ) ) ;
#3035 = ORIENTED_EDGE ( 'NONE', *, *, #2540, .F. ) ;
#3036 = APPROVAL_PERSON_ORGANIZATION ( #2936, #679, #491 ) ;
#3037 = EDGE_CURVE ( 'NONE', #92, #1500, #1507, .T. ) ;
#3038 = DIRECTION ( 'NONE',  ( 1.000000000000000000, 0.000000000000000000, 0.000000000000000000 ) ) ;
#3039 = CARTESIAN_POINT ( 'NONE',  ( 44.35446317575896558, -5.497184775901274634, 8.084132804365811609 ) ) ;
#3040 = CARTESIAN_POINT ( 'NONE',  ( 37.50000000000000000, -7.699999999999999289, 17.44999999999999574 ) ) ;
#3041 = CARTESIAN_POINT ( 'NONE',  ( 50.21619483887548085, -1.969671792584136494, 3.319471919007716210 ) ) ;
#3042 = CARTESIAN_POINT ( 'NONE',  ( 45.15202603396385683, -5.455850537002056022, 8.888653856818493182 ) ) ;
#3043 = VERTEX_POINT ( 'NONE', #2666 ) ;
#3044 = CARTESIAN_POINT ( 'NONE',  ( 38.42083632744537880, -2.198223410412550205, 3.755729990263784401 ) ) ;
#3045 = CARTESIAN_POINT ( 'NONE',  ( 53.00000000000000000, -5.742627683396033689, 14.79735685758177688 ) ) ;
#3046 = AXIS2_PLACEMENT_3D ( 'NONE', #205, #1615, #682 ) ;
#3047 = EDGE_LOOP ( 'NONE', ( #488, #2800, #2617, #1368 ) ) ;
#3048 = CARTESIAN_POINT ( 'NONE',  ( 44.55656091844935673, -5.472022598042662445, 8.853662208857727478 ) ) ;
#3049 = CARTESIAN_POINT ( 'NONE',  ( 44.10344978603974653, -5.850825505675678606, 8.026028934956686456 ) ) ;
#3050 = ORIENTED_EDGE ( 'NONE', *, *, #862, .T. ) ;
#3051 = CARTESIAN_POINT ( 'NONE',  ( 44.02255306257207934, -5.775368098993395094, 7.482224804843228050 ) ) ;
#3052 = CARTESIAN_POINT ( 'NONE',  ( 50.00000000000000711, -1.801862271254912162, 3.550309679189262102 ) ) ;
#3053 = CARTESIAN_POINT ( 'NONE',  ( 45.06154766406336165, -5.455982859940105456, 8.888367548372384519 ) ) ;
#3054 = ORIENTED_EDGE ( 'NONE', *, *, #798, .T. ) ;
#3055 = CARTESIAN_POINT ( 'NONE',  ( 49.99999999999999289, -1.915284323419856660, 3.812190467032845920 ) ) ;
#3056 = CARTESIAN_POINT ( 'NONE',  ( 44.05918897474316509, -5.853696275272244343, 8.027831109505005003 ) ) ;
#3057 = CARTESIAN_POINT ( 'NONE',  ( 50.17953206859919391, -1.915284323419860435, 3.812190467032860131 ) ) ;
#3058 = CARTESIAN_POINT ( 'NONE',  ( 44.29885996124610159, -5.510271441244784185, 8.770902809624585572 ) ) ;
#3059 = CARTESIAN_POINT ( 'NONE',  ( 44.38453249770308418, -5.978643016533050414, 7.757482613257812964 ) ) ;
#3060 = EDGE_LOOP ( 'NONE', ( #2889, #1668, #2238, #1028, #2701, #2278 ) ) ;
#3061 = AXIS2_PLACEMENT_3D ( 'NONE', #694, #1900, #3106 ) ;
#3062 = CARTESIAN_POINT ( 'NONE',  ( 44.14962226697555536, -5.923021552247122123, 7.877831324051527417 ) ) ;
#3063 = DIRECTION ( 'NONE',  ( -1.000000000000000000, 0.000000000000000000, 0.000000000000000000 ) ) ;
#3064 = EDGE_CURVE ( 'NONE', #2956, #2757, #773, .T. ) ;
#3065 = AXIS2_PLACEMENT_3D ( 'NONE', #3072, #672, #2476 ) ;
#3066 = DIRECTION ( 'NONE',  ( 0.000000000000000000, 0.000000000000000000, 1.000000000000000000 ) ) ;
#3067 = CARTESIAN_POINT ( 'NONE',  ( 44.10803430960955041, -5.589873179716340346, 8.590654056055656795 ) ) ;
#3068 = FACE_OUTER_BOUND ( 'NONE', #25, .T. ) ;
#3069 = CARTESIAN_POINT ( 'NONE',  ( 44.03888491307515807, -5.823611143617556607, 8.092926605555238240 ) ) ;
#3070 = CIRCLE ( 'NONE', #585, 0.5000000000000004441 ) ;
#3071 = CARTESIAN_POINT ( 'NONE',  ( 53.00000000000000000, -1.969671794628557127, 3.319471916195388062 ) ) ;
#3072 = CARTESIAN_POINT ( 'NONE',  ( 52.50000000000000000, -3.491128017864268074, 6.328558523743963882 ) ) ;
#3073 = VECTOR ( 'NONE', #1795, 1000.000000000000114 ) ;
#3074 = CARTESIAN_POINT ( 'NONE',  ( 44.06817333775413204, -5.811358108447858051, 8.119438618587194512 ) ) ;
#3075 = VERTEX_POINT ( 'NONE', #2230 ) ;
#3076 = AXIS2_PLACEMENT_3D ( 'NONE', #978, #1696, #2435 ) ;
#3077 = CARTESIAN_POINT ( 'NONE',  ( 51.39706540802444579, -2.144456931675680966, 3.652684072036433971 ) ) ;
#3078 = CARTESIAN_POINT ( 'NONE',  ( 44.61601644596120764, -5.607702212665694574, 7.845005136554145331 ) ) ;
#3079 = CIRCLE ( 'NONE', #1725, 79.75090985159472723 ) ;
#3080 = CARTESIAN_POINT ( 'NONE',  ( 51.83806110907701026, -4.008647865941489030, 1.570424961979651757 ) ) ;
#3081 = CARTESIAN_POINT ( 'NONE',  ( 37.55350188718726656, -2.766263298070577914, 5.852810270838983975 ) ) ;
#3082 = DIRECTION ( 'NONE',  ( 0.000000000000000000, -0.9659258262890689783, -0.2588190451025185190 ) ) ;
#3083 = CARTESIAN_POINT ( 'NONE',  ( 44.02350596457193177, -5.765379042500302198, 8.218923977007415616 ) ) ;
#3084 = DIRECTION ( 'NONE',  ( 0.000000000000000000, -0.000000000000000000, 1.000000000000000000 ) ) ;
#3085 = CARTESIAN_POINT ( 'NONE',  ( 44.03071007170183293, -5.694905263523894590, 8.371408787564801557 ) ) ;
#3086 = ADVANCED_FACE ( 'NONE', ( #2246 ), #306, .T. ) ;
#3087 = CARTESIAN_POINT ( 'NONE',  ( 44.12274838773900143, -5.874242263862503144, 7.983375551374909840 ) ) ;
#3088 = VECTOR ( 'NONE', #954, 1000.000000000000114 ) ;
#3089 = ORIENTED_EDGE ( 'NONE', *, *, #1950, .T. ) ;
#3090 = CARTESIAN_POINT ( 'NONE',  ( 37.39459071863981166, -4.686158246173968145, 2.133249777562778782 ) ) ;
#3091 = EDGE_CURVE ( 'NONE', #1999, #2807, #1453, .T. ) ;
#3092 = LOCAL_TIME ( 19, 36, 22.00000000000000000, #24 ) ;
#3093 = DIRECTION ( 'NONE',  ( 0.000000000000000000, 0.000000000000000000, -1.000000000000000000 ) ) ;
#3094 = ADVANCED_FACE ( 'NONE', ( #2368 ), #2398, .F. ) ;
#3095 = CARTESIAN_POINT ( 'NONE',  ( 44.36535867636138875, -5.519030807522289805, 8.036864330309443361 ) ) ;
#3096 = CARTESIAN_POINT ( 'NONE',  ( 52.50000000000000000, -6.158236782065932502, 2.803117610690237793 ) ) ;
#3097 = CARTESIAN_POINT ( 'NONE',  ( 45.03420184177377195, -5.321230608246966476, 8.464846572120075407 ) ) ;
#3098 = CARTESIAN_POINT ( 'NONE',  ( 44.06610671985043837, -5.862856064780002541, 7.999998295581455920 ) ) ;
#3099 = VERTEX_POINT ( 'NONE', #1381 ) ;
#3100 = CARTESIAN_POINT ( 'NONE',  ( 37.00000000000000000, -8.000000000000000000, 17.44999999999999574 ) ) ;
#3101 = CARTESIAN_POINT ( 'NONE',  ( 38.79999999999999716, -7.700000000000000178, 16.49999999999999645 ) ) ;
#3102 = CARTESIAN_POINT ( 'NONE',  ( 44.05347914036732959, -5.773784789987312926, 8.200736378275257366 ) ) ;
#3103 = ORIENTED_EDGE ( 'NONE', *, *, #1752, .F. ) ;
#3104 = VECTOR ( 'NONE', #2614, 1000.000000000000000 ) ;
#3105 = CARTESIAN_POINT ( 'NONE',  ( 44.47802054877352163, -6.010400561547663223, 7.688768499926589506 ) ) ;
#3106 = DIRECTION ( 'NONE',  ( 0.000000000000000000, -0.7160043673136695652, -0.6980958000072424730 ) ) ;
#3107 = TOROIDAL_SURFACE ( 'NONE', #794, 0.9499999999999998446, 0.5000000000000000000 ) ;
#3108 = CARTESIAN_POINT ( 'NONE',  ( 53.00000000000000000, -1.915284323419863544, 3.812190467032842811 ) ) ;
#3109 = ORIENTED_EDGE ( 'NONE', *, *, #895, .T. ) ;
#3110 = CARTESIAN_POINT ( 'NONE',  ( 52.50000000000000000, -11.00000000000000178, 14.94999999999999751 ) ) ;
#3111 = DIRECTION ( 'NONE',  ( 0.000000000000000000, -1.000000000000000000, 0.000000000000000000 ) ) ;
#3112 = CARTESIAN_POINT ( 'NONE',  ( 52.90601422781470831, -5.235408217200781422, 2.619782245467507487 ) ) ;
#3113 = DIRECTION ( 'NONE',  ( 0.000000000000000000, 0.000000000000000000, -1.000000000000000000 ) ) ;
ENDSEC;
END-ISO-10303-21;
