ISO-10303-21;
HEADER;
FILE_DESCRIPTION (( 'STEP AP203' ),
    '1' );
FILE_NAME ('uSD2PSX Frame REF2017.STEP',
    '2026-04-04T17:36:22',
    ( '' ),
    ( '' ),
    'SwSTEP 2.0',
    'SolidWorks 2026',
    '' );
FILE_SCHEMA (( 'CONFIG_CONTROL_DESIGN' ));
ENDSEC;

DATA;
#1 = VERTEX_POINT ( 'NONE', #1916 ) ;
#2 = DIRECTION ( 'NONE',  ( 0.4067360550290222698, -0.9135457194576679374, 0.000000000000000000 ) ) ;
#3 = ORIENTED_EDGE ( 'NONE', *, *, #2339, .F. ) ;
#4 = DIRECTION ( 'NONE',  ( -0.000000000000000000, -0.000000000000000000, -1.000000000000000000 ) ) ;
#5 = LINE ( 'NONE', #2348, #939 ) ;
#6 = ORIENTED_EDGE ( 'NONE', *, *, #1442, .F. ) ;
#7 = EDGE_CURVE ( 'NONE', #1608, #618, #2957, .T. ) ;
#8 = VECTOR ( 'NONE', #861, 1000.000000000000114 ) ;
#9 = CARTESIAN_POINT ( 'NONE',  ( 122.8000000000000114, -57.60000000000000142, 0.1000000000000000056 ) ) ;
#10 = PLANE ( 'NONE',  #27 ) ;
#11 = ORIENTED_EDGE ( 'NONE', *, *, #1620, .T. ) ;
#12 = CARTESIAN_POINT ( 'NONE',  ( 122.1826829999999973, -88.52388000000000545, 1.600000000000000089 ) ) ;
#13 = PERSON_AND_ORGANIZATION ( #18446744073709551615, #18446744073709551615 ) ;
#14 = VECTOR ( 'NONE', #91, 1000.000000000000000 ) ;
#15 = CARTESIAN_POINT ( 'NONE',  ( 122.8000000000000114, -76.05000000000001137, 0.1000000000000000056 ) ) ;
#16 = ORIENTED_EDGE ( 'NONE', *, *, #1742, .T. ) ;
#17 = DIRECTION ( 'NONE',  ( -0.2079132313453148639, -0.9781472732832974248, 0.000000000000000000 ) ) ;
#18 = EDGE_CURVE ( 'NONE', #2747, #2469, #958, .T. ) ;
#19 = VERTEX_POINT ( 'NONE', #974 ) ;
#20 = DIRECTION ( 'NONE',  ( -0.6343926686613992061, -0.7730109584919662158, 0.000000000000000000 ) ) ;
#21 = CARTESIAN_POINT ( 'NONE',  ( 102.0178648463648443, -63.09917396239185194, 1.399999999999999911 ) ) ;
#22 = ORIENTED_EDGE ( 'NONE', *, *, #2098, .F. ) ;
#23 = CARTESIAN_POINT ( 'NONE',  ( 99.24442999999999415, -56.76853099999999586, 1.600000000000000089 ) ) ;
#24 = CARTESIAN_POINT ( 'NONE',  ( 98.79999999999999716, -84.59999999999999432, 1.600000000000000089 ) ) ;
#25 = EDGE_LOOP ( 'NONE', ( #534, #1284, #600, #1890 ) ) ;
#26 = LINE ( 'NONE', #1932, #2478 ) ;
#27 = AXIS2_PLACEMENT_3D ( 'NONE', #1197, #276, #1685 ) ;
#28 = APPROVAL_ROLE ( '' ) ;
#29 = CARTESIAN_POINT ( 'NONE',  ( 99.65595100000000173, -77.57188499999999465, 0.1000000000000000056 ) ) ;
#30 = ORIENTED_EDGE ( 'NONE', *, *, #2143, .F. ) ;
#31 = CARTESIAN_POINT ( 'NONE',  ( 120.6715820999191493, -62.40122859638317010, 1.199999999999999956 ) ) ;
#32 = VECTOR ( 'NONE', #902, 1000.000000000000000 ) ;
#33 = AXIS2_PLACEMENT_3D ( 'NONE', #2223, #2967, #272 ) ;
#34 = DIRECTION ( 'NONE',  ( -1.000000000000000000, 0.000000000000000000, 0.000000000000000000 ) ) ;
#35 = VECTOR ( 'NONE', #170, 1000.000000000000000 ) ;
#36 = VECTOR ( 'NONE', #1452, 1000.000000000000114 ) ;
#37 = ORIENTED_EDGE ( 'NONE', *, *, #1345, .F. ) ;
#38 = CARTESIAN_POINT ( 'NONE',  ( 99.16606299999999408, -77.02780900000000486, 0.1000000000000000056 ) ) ;
#39 = FACE_OUTER_BOUND ( 'NONE', #63, .T. ) ;
#40 = EDGE_CURVE ( 'NONE', #169, #3099, #1931, .T. ) ;
#41 = ORIENTED_EDGE ( 'NONE', *, *, #664, .T. ) ;
#42 = DIRECTION ( 'NONE',  ( 0.000000000000000000, 1.000000000000000000, 0.000000000000000000 ) ) ;
#43 = CARTESIAN_POINT ( 'NONE',  ( 122.8000000000000114, -87.59999999999999432, 1.600000000000000089 ) ) ;
#44 = VERTEX_POINT ( 'NONE', #656 ) ;
#45 = ORIENTED_EDGE ( 'NONE', *, *, #1340, .F. ) ;
#46 = DIRECTION ( 'NONE',  ( 0.000000000000000000, 0.000000000000000000, 1.000000000000000000 ) ) ;
#47 = ORIENTED_EDGE ( 'NONE', *, *, #1111, .F. ) ;
#48 = DIRECTION ( 'NONE',  ( 1.000000000000000000, 0.000000000000000000, -0.000000000000000000 ) ) ;
#49 = DIRECTION ( 'NONE',  ( -0.2902860112936020420, -0.9569399310548445392, 0.000000000000000000 ) ) ;
#50 = CARTESIAN_POINT ( 'NONE',  ( 98.87612099999999771, -57.21731699999999421, 1.600000000000000089 ) ) ;
#51 = ORIENTED_EDGE ( 'NONE', *, *, #1984, .F. ) ;
#52 = LINE ( 'NONE', #1653, #1062 ) ;
#53 = CARTESIAN_POINT ( 'NONE',  ( 98.96853099999999870, -57.04442999999999842, 0.1000000000000000056 ) ) ;
#54 = AXIS2_PLACEMENT_3D ( 'NONE', #2625, #467, #2395 ) ;
#55 = CARTESIAN_POINT ( 'NONE',  ( 99.46882999999999697, -78.45221800000000201, 1.600000000000000089 ) ) ;
#56 = EDGE_LOOP ( 'NONE', ( #2464, #2290, #454, #171 ) ) ;
#57 = VECTOR ( 'NONE', #155, 1000.000000000000227 ) ;
#58 = DIRECTION ( 'NONE',  ( 0.1045273614069853058, -0.9945220111778790839, 0.000000000000000000 ) ) ;
#59 = CARTESIAN_POINT ( 'NONE',  ( 102.0178648463648443, -78.32416819510957851, 0.1000000000000000472 ) ) ;
#60 = ORIENTED_EDGE ( 'NONE', *, *, #2565, .F. ) ;
#61 = ORIENTED_EDGE ( 'NONE', *, *, #1345, .T. ) ;
#62 = CARTESIAN_POINT ( 'NONE',  ( 122.5997310000000056, -81.12743499999999131, 1.600000000000000089 ) ) ;
#63 = EDGE_LOOP ( 'NONE', ( #1011, #937, #1988, #2621 ) ) ;
#64 = DIRECTION ( 'NONE',  ( 0.9781472732832974248, -0.2079132313453149195, 0.000000000000000000 ) ) ;
#65 = PLANE ( 'NONE',  #1530 ) ;
#66 = ORIENTED_EDGE ( 'NONE', *, *, #1196, .T. ) ;
#67 = DIRECTION ( 'NONE',  ( 0.9951845713626575884, 0.09801871720096838603, 0.000000000000000000 ) ) ;
#68 = LINE ( 'NONE', #1975, #2246 ) ;
#69 = AXIS2_PLACEMENT_3D ( 'NONE', #545, #782, #2473 ) ;
#70 = DIRECTION ( 'NONE',  ( 0.000000000000000000, 0.000000000000000000, -1.000000000000000000 ) ) ;
#71 = ORIENTED_EDGE ( 'NONE', *, *, #3121, .F. ) ;
#72 = DIRECTION ( 'NONE',  ( 1.000000000000000000, 0.000000000000000000, 0.000000000000000000 ) ) ;
#73 = AXIS2_PLACEMENT_3D ( 'NONE', #1533, #1769, #980 ) ;
#74 = FACE_OUTER_BOUND ( 'NONE', #1247, .T. ) ;
#75 = ORIENTED_EDGE ( 'NONE', *, *, #1984, .T. ) ;
#76 = CARTESIAN_POINT ( 'NONE',  ( 98.79999999999999716, -76.95000000000000284, 1.600000000000000089 ) ) ;
#77 = CARTESIAN_POINT ( 'NONE',  ( 98.79999999999999716, -57.60000000000000142, 0.1000000000000000056 ) ) ;
#78 = EDGE_CURVE ( 'NONE', #428, #981, #2543, .T. ) ;
#79 = ORIENTED_EDGE ( 'NONE', *, *, #2376, .T. ) ;
#80 = DIRECTION ( 'NONE',  ( 0.09801871720096147489, 0.9951845713626582546, 0.000000000000000000 ) ) ;
#81 = ORIENTED_EDGE ( 'NONE', *, *, #1348, .T. ) ;
#82 = DIRECTION ( 'NONE',  ( -0.8660248566549640925, 0.5000009476548507026, 0.000000000000000000 ) ) ;
#83 = LINE ( 'NONE', #340, #3100 ) ;
#84 = ADVANCED_FACE ( 'NONE', ( #2592 ), #2974, .T. ) ;
#85 = AXIS2_PLACEMENT_3D ( 'NONE', #696, #1626, #1860 ) ;
#86 = CARTESIAN_POINT ( 'NONE',  ( 114.5857630951841486, -57.10000000000000142, 1.399999999999999911 ) ) ;
#87 = VECTOR ( 'NONE', #1511, 999.9999999999998863 ) ;
#88 = VECTOR ( 'NONE', #122, 1000.000000000000000 ) ;
#89 = ORIENTED_EDGE ( 'NONE', *, *, #2452, .F. ) ;
#90 = DIRECTION ( 'NONE',  ( -0.9569399310548318827, -0.2902860112936442860, 0.000000000000000000 ) ) ;
#91 = DIRECTION ( 'NONE',  ( -0.000000000000000000, -0.000000000000000000, -1.000000000000000000 ) ) ;
#92 = ORIENTED_EDGE ( 'NONE', *, *, #1158, .F. ) ;
#93 = FACE_OUTER_BOUND ( 'NONE', #2588, .T. ) ;
#94 = ORIENTED_EDGE ( 'NONE', *, *, #818, .F. ) ;
#95 = CARTESIAN_POINT ( 'NONE',  ( 98.87612099999999771, -57.21731699999999421, 1.600000000000000089 ) ) ;
#96 = VERTEX_POINT ( 'NONE', #1604 ) ;
#97 = PLANE ( 'NONE',  #173 ) ;
#98 = CARTESIAN_POINT ( 'NONE',  ( 122.0963520000000102, -76.38885899999999651, 0.1000000000000000056 ) ) ;
#99 = DIRECTION ( 'NONE',  ( 0.000000000000000000, -1.000000000000000000, 0.000000000000000000 ) ) ;
#100 = ORIENTED_EDGE ( 'NONE', *, *, #1739, .F. ) ;
#101 = AXIS2_PLACEMENT_3D ( 'NONE', #1440, #2628, #2657 ) ;
#102 = LINE ( 'NONE', #359, #2447 ) ;
#103 = CARTESIAN_POINT ( 'NONE',  ( 122.8000000000000114, -81.15000000000000568, 1.600000000000000089 ) ) ;
#104 = ORIENTED_EDGE ( 'NONE', *, *, #527, .F. ) ;
#105 = EDGE_CURVE ( 'NONE', #1214, #2020, #161, .T. ) ;
#106 = DIRECTION ( 'NONE',  ( -0.2902813399870755595, 0.9569413480748483192, 0.000000000000000000 ) ) ;
#107 = EDGE_LOOP ( 'NONE', ( #1906, #839, #1515, #1181 ) ) ;
#108 = DIRECTION ( 'NONE',  ( -0.000000000000000000, -0.000000000000000000, -1.000000000000000000 ) ) ;
#109 = VECTOR ( 'NONE', #2167, 1000.000000000000114 ) ;
#110 = FACE_OUTER_BOUND ( 'NONE', #1616, .T. ) ;
#111 = ORIENTED_EDGE ( 'NONE', *, *, #1870, .F. ) ;
#112 = CARTESIAN_POINT ( 'NONE',  ( 122.5997310000000056, -76.07256499999999733, 1.600000000000000089 ) ) ;
#113 = DIRECTION ( 'NONE',  ( -0.1119649807665566710, 0.9937121530312209572, 0.000000000000000000 ) ) ;
#114 = DIRECTION ( 'NONE',  ( 1.000000000000000000, 0.000000000000000000, 0.000000000000000000 ) ) ;
#115 = EDGE_CURVE ( 'NONE', #2646, #1030, #1864, .T. ) ;
#116 = ADVANCED_FACE ( 'NONE', ( #2306 ), #1281, .F. ) ;
#117 = EDGE_LOOP ( 'NONE', ( #2194, #2055, #945, #2229 ) ) ;
#118 = CARTESIAN_POINT ( 'NONE',  ( 120.6715820999191493, -72.27625725888233887, 0.1000000000000000472 ) ) ;
#119 = AXIS2_PLACEMENT_3D ( 'NONE', #820, #598, #1138 ) ;
#120 = DIRECTION ( 'NONE',  ( 0.4067360550290223253, 0.9135457194576679374, 0.000000000000000000 ) ) ;
#121 = ORIENTED_EDGE ( 'NONE', *, *, #1806, .T. ) ;
#122 = DIRECTION ( 'NONE',  ( 0.000000000000000000, 1.000000000000000000, 0.000000000000000000 ) ) ;
#123 = ORIENTED_EDGE ( 'NONE', *, *, #1469, .T. ) ;
#124 = EDGE_CURVE ( 'NONE', #169, #786, #389, .T. ) ;
#125 = PLANE ( 'NONE',  #459 ) ;
#126 = VECTOR ( 'NONE', #1174, 1000.000000000000000 ) ;
#127 = DIRECTION ( 'NONE',  ( 0.000000000000000000, 0.000000000000000000, -1.000000000000000000 ) ) ;
#128 = ORIENTED_EDGE ( 'NONE', *, *, #2333, .F. ) ;
#129 = DIRECTION ( 'NONE',  ( 0.09801871720096839991, -0.9951845713626575884, 0.000000000000000000 ) ) ;
#130 = CARTESIAN_POINT ( 'NONE',  ( 122.7807850000000087, -57.40491000000000099, 0.1000000000000000056 ) ) ;
#131 = CARTESIAN_POINT ( 'NONE',  ( 121.8999999999999915, -80.25000000000000000, 1.600000000000000089 ) ) ;
#132 = ORIENTED_EDGE ( 'NONE', *, *, #2410, .T. ) ;
#133 = FACE_OUTER_BOUND ( 'NONE', #450, .T. ) ;
#134 = AXIS2_PLACEMENT_3D ( 'NONE', #611, #3103, #1406 ) ;
#135 = CARTESIAN_POINT ( 'NONE',  ( 118.5543324666909513, -74.23153301064368748, 1.199999999999999956 ) ) ;
#136 = EDGE_CURVE ( 'NONE', #569, #874, #2737, .T. ) ;
#137 = CARTESIAN_POINT ( 'NONE',  ( 122.1826829999999973, -56.67612000000000450, 1.600000000000000089 ) ) ;
#138 = EDGE_LOOP ( 'NONE', ( #1102, #949, #2277, #1879 ) ) ;
#139 = CARTESIAN_POINT ( 'NONE',  ( 118.5543324666909513, 0.000000000000000000, 0.1000000000000000056 ) ) ;
#140 = VERTEX_POINT ( 'NONE', #808 ) ;
#141 = DIRECTION ( 'NONE',  ( -0.4713966306486964686, 0.8819213211012967291, 0.000000000000000000 ) ) ;
#142 = CARTESIAN_POINT ( 'NONE',  ( 99.16606299999999408, -78.67219099999999798, 1.600000000000000089 ) ) ;
#143 = ORIENTED_EDGE ( 'NONE', *, *, #2412, .T. ) ;
#144 = ADVANCED_FACE ( 'NONE', ( #1382 ), #868, .T. ) ;
#145 = DIRECTION ( 'NONE',  ( -0.9937121530312208462, -0.1119649807665566571, 0.000000000000000000 ) ) ;
#146 = DIRECTION ( 'NONE',  ( -0.7730109584919945265, -0.6343926686613644561, 0.000000000000000000 ) ) ;
#147 = VERTEX_POINT ( 'NONE', #1766 ) ;
#148 = DIRECTION ( 'NONE',  ( -1.000000000000000000, 0.000000000000000000, 0.000000000000000000 ) ) ;
#149 = ADVANCED_FACE ( 'NONE', ( #614 ), #2840, .T. ) ;
#150 = CARTESIAN_POINT ( 'NONE',  ( 99.16606299999999408, -77.02780900000000486, 1.600000000000000089 ) ) ;
#151 = ORIENTED_EDGE ( 'NONE', *, *, #3066, .T. ) ;
#152 = PLANE ( 'NONE',  #2005 ) ;
#153 = ADVANCED_FACE ( 'NONE', ( #1043 ), #1121, .F. ) ;
#154 = EDGE_LOOP ( 'NONE', ( #1944, #2964, #2428, #496 ) ) ;
#155 = DIRECTION ( 'NONE',  ( 0.5877857722486273806, -0.8090166166044332474, 0.000000000000000000 ) ) ;
#156 = CARTESIAN_POINT ( 'NONE',  ( 118.5543324666909513, -72.27625725888233887, 0.1000000000000000472 ) ) ;
#157 = ORIENTED_EDGE ( 'NONE', *, *, #1688, .T. ) ;
#158 = ORIENTED_EDGE ( 'NONE', *, *, #1003, .T. ) ;
#159 = LINE ( 'NONE', #1133, #2916 ) ;
#160 = ORIENTED_EDGE ( 'NONE', *, *, #2776, .F. ) ;
#161 = LINE ( 'NONE', #1853, #1245 ) ;
#162 = CARTESIAN_POINT ( 'NONE',  ( 102.8139058084240389, -58.70688005899127404, 1.399999999999999911 ) ) ;
#163 = VECTOR ( 'NONE', #1810, 1000.000000000000000 ) ;
#164 = ORIENTED_EDGE ( 'NONE', *, *, #2490, .F. ) ;
#165 = LINE ( 'NONE', #2083, #2057 ) ;
#166 = ORIENTED_EDGE ( 'NONE', *, *, #2732, .F. ) ;
#167 = EDGE_CURVE ( 'NONE', #333, #3116, #1617, .T. ) ;
#168 = DIRECTION ( 'NONE',  ( -1.000000000000000000, 0.000000000000000000, 0.000000000000000000 ) ) ;
#169 = VERTEX_POINT ( 'NONE', #2079 ) ;
#170 = DIRECTION ( 'NONE',  ( -0.000000000000000000, -0.000000000000000000, -1.000000000000000000 ) ) ;
#171 = ORIENTED_EDGE ( 'NONE', *, *, #2869, .T. ) ;
#172 = DIRECTION ( 'NONE',  ( -0.09801871720096841378, 0.9951845713626576995, 0.000000000000000000 ) ) ;
#173 = AXIS2_PLACEMENT_3D ( 'NONE', #2779, #2301, #129 ) ;
#174 = DIRECTION ( 'NONE',  ( 0.000000000000000000, 1.000000000000000000, 0.000000000000000000 ) ) ;
#175 = ORIENTED_EDGE ( 'NONE', *, *, #248, .F. ) ;
#176 = AXIS2_PLACEMENT_3D ( 'NONE', #2064, #1136, #2108 ) ;
#177 = PRODUCT_DEFINITION_FORMATION_WITH_SPECIFIED_SOURCE ( 'Symmetrisch', '', #183, .NOT_KNOWN. ) ;
#178 = DIRECTION ( 'NONE',  ( -0.8467241733336738907, -0.5320321177263707124, 0.000000000000000000 ) ) ;
#179 = AXIS2_PLACEMENT_3D ( 'NONE', #2795, #3032, #880 ) ;
#180 = VECTOR ( 'NONE', #1881, 1000.000000000000000 ) ;
#181 = ORIENTED_EDGE ( 'NONE', *, *, #1742, .F. ) ;
#182 = ADVANCED_FACE ( 'NONE', ( #133 ), #1370, .F. ) ;
#183 = PRODUCT ( 'uSD2PSX Frame REF2017', 'uSD2PSX Frame REF2017', '', ( #2865 ) ) ;
#184 = CARTESIAN_POINT ( 'NONE',  ( 102.6749999999999972, -88.59999999999999432, 1.600000000000000089 ) ) ;
#185 = ORIENTED_EDGE ( 'NONE', *, *, #884, .F. ) ;
#186 = CARTESIAN_POINT ( 'NONE',  ( 99.65595100000000173, -78.12811499999999398, 1.600000000000000089 ) ) ;
#187 = CARTESIAN_POINT ( 'NONE',  ( 118.5543324666909513, -72.27625725888233887, 1.199999999999999956 ) ) ;
#188 = EDGE_LOOP ( 'NONE', ( #409, #2217, #1280, #1730 ) ) ;
#189 = CARTESIAN_POINT ( 'NONE',  ( 99.65595100000000173, -78.12811499999999398, 1.600000000000000089 ) ) ;
#190 = PLANE ( 'NONE',  #776 ) ;
#191 = EDGE_CURVE ( 'NONE', #2158, #2747, #1838, .T. ) ;
#192 = ADVANCED_FACE ( 'NONE', ( #1103 ), #643, .F. ) ;
#193 = ORIENTED_EDGE ( 'NONE', *, *, #2472, .F. ) ;
#194 = LINE ( 'NONE', #2142, #916 ) ;
#195 = DIRECTION ( 'NONE',  ( 0.7071067811865474617, -0.7071067811865474617, 0.000000000000000000 ) ) ;
#196 = VERTEX_POINT ( 'NONE', #1629 ) ;
#197 = AXIS2_PLACEMENT_3D ( 'NONE', #1740, #2858, #3112 ) ;
#198 = DIRECTION ( 'NONE',  ( 0.000000000000000000, 0.000000000000000000, -1.000000000000000000 ) ) ;
#199 = FACE_OUTER_BOUND ( 'NONE', #1495, .T. ) ;
#200 = DIRECTION ( 'NONE',  ( -0.7730109584919945265, 0.6343926686613644561, 0.000000000000000000 ) ) ;
#201 = AXIS2_PLACEMENT_3D ( 'NONE', #858, #1327, #1815 ) ;
#202 = ORIENTED_EDGE ( 'NONE', *, *, #2556, .T. ) ;
#203 = FACE_OUTER_BOUND ( 'NONE', #1747, .T. ) ;
#204 = ORIENTED_EDGE ( 'NONE', *, *, #3091, .T. ) ;
#205 = LINE ( 'NONE', #242, #2304 ) ;
#206 = EDGE_CURVE ( 'NONE', #963, #589, #317, .T. ) ;
#207 = ORIENTED_EDGE ( 'NONE', *, *, #2711, .T. ) ;
#208 = CARTESIAN_POINT ( 'NONE',  ( 99.32900699999999006, -78.57811499999999683, 1.600000000000000089 ) ) ;
#209 = EDGE_CURVE ( 'NONE', #1779, #954, #681, .T. ) ;
#210 = CARTESIAN_POINT ( 'NONE',  ( 122.2388590000000050, -80.95364800000000116, 1.600000000000000089 ) ) ;
#211 = EDGE_CURVE ( 'NONE', #1982, #293, #1173, .T. ) ;
#212 = EDGE_CURVE ( 'NONE', #226, #1399, #1894, .T. ) ;
#213 = ORIENTED_EDGE ( 'NONE', *, *, #1762, .T. ) ;
#214 = AXIS2_PLACEMENT_3D ( 'NONE', #1909, #1222, #20 ) ;
#215 = CARTESIAN_POINT ( 'NONE',  ( 122.6314700000000073, -88.15556999999999732, 0.1000000000000000056 ) ) ;
#216 = DIRECTION ( 'NONE',  ( -0.9510561730958820847, 0.3090180506316998477, 0.000000000000000000 ) ) ;
#217 = VECTOR ( 'NONE', #376, 1000.000000000000114 ) ;
#218 = LINE ( 'NONE', #458, #2741 ) ;
#219 = EDGE_CURVE ( 'NONE', #2813, #995, #481, .T. ) ;
#220 = ORIENTED_EDGE ( 'NONE', *, *, #1525, .T. ) ;
#221 = CARTESIAN_POINT ( 'NONE',  ( 115.0611029455927223, -63.09917396239185194, 1.199999999999999956 ) ) ;
#222 = VECTOR ( 'NONE', #558, 1000.000000000000000 ) ;
#223 = ORIENTED_EDGE ( 'NONE', *, *, #2199, .F. ) ;
#224 = CARTESIAN_POINT ( 'NONE',  ( 120.0564960880900287, -78.42711737717354481, 1.199999999999999956 ) ) ;
#225 = EDGE_CURVE ( 'NONE', #509, #1356, #1661, .T. ) ;
#226 = VERTEX_POINT ( 'NONE', #2647 ) ;
#227 = LINE ( 'NONE', #2111, #1816 ) ;
#228 = ADVANCED_FACE ( 'NONE', ( #1411 ), #2872, .F. ) ;
#229 = LINE ( 'NONE', #3113, #180 ) ;
#230 = DIRECTION ( 'NONE',  ( -0.7071067811865475727, 0.7071067811865475727, 0.000000000000000000 ) ) ;
#231 = ORIENTED_EDGE ( 'NONE', *, *, #1645, .F. ) ;
#232 = FACE_OUTER_BOUND ( 'NONE', #520, .T. ) ;
#233 = AXIS2_PLACEMENT_3D ( 'NONE', #131, #1083, #1304 ) ;
#234 = VECTOR ( 'NONE', #259, 1000.000000000000000 ) ;
#235 = APPROVAL_STATUS ( 'not_yet_approved' ) ;
#236 = LINE ( 'NONE', #3140, #570 ) ;
#237 = ORIENTED_EDGE ( 'NONE', *, *, #371, .T. ) ;
#238 = FACE_OUTER_BOUND ( 'NONE', #1481, .T. ) ;
#239 = EDGE_CURVE ( 'NONE', #2938, #1855, #464, .T. ) ;
#240 = VERTEX_POINT ( 'NONE', #1446 ) ;
#241 = LINE ( 'NONE', #189, #772 ) ;
#242 = CARTESIAN_POINT ( 'NONE',  ( 98.79999999999999716, -78.75000000000000000, 1.600000000000000089 ) ) ;
#243 = ORIENTED_EDGE ( 'NONE', *, *, #124, .F. ) ;
#244 = CARTESIAN_POINT ( 'NONE',  ( 121.9891280000000080, -80.64049500000000137, 0.1000000000000000056 ) ) ;
#245 = CARTESIAN_POINT ( 'NONE',  ( 122.0963520000000102, -76.38885899999999651, 1.600000000000000089 ) ) ;
#246 = ORIENTED_EDGE ( 'NONE', *, *, #2367, .T. ) ;
#247 = DIRECTION ( 'NONE',  ( 0.000000000000000000, 1.000000000000000000, 0.000000000000000000 ) ) ;
#248 = EDGE_CURVE ( 'NONE', #799, #978, #241, .T. ) ;
#249 = PERSON_AND_ORGANIZATION ( #18446744073709551615, #18446744073709551615 ) ;
#250 = CARTESIAN_POINT ( 'NONE',  ( 105.1468111613521330, -83.28797500581734425, 1.199999999999999956 ) ) ;
#251 = VECTOR ( 'NONE', #544, 1000.000000000000114 ) ;
#252 = ORIENTED_EDGE ( 'NONE', *, *, #268, .T. ) ;
#253 = DIRECTION ( 'NONE',  ( -0.8819213211012976172, -0.4713966306486945257, 0.000000000000000000 ) ) ;
#254 = VERTEX_POINT ( 'NONE', #968 ) ;
#255 = PLANE ( 'NONE',  #214 ) ;
#256 = DIRECTION ( 'NONE',  ( 0.000000000000000000, 0.000000000000000000, -1.000000000000000000 ) ) ;
#257 = ORIENTED_EDGE ( 'NONE', *, *, #2209, .F. ) ;
#258 = VECTOR ( 'NONE', #1154, 1000.000000000000000 ) ;
#259 = DIRECTION ( 'NONE',  ( 0.000000000000000000, 1.000000000000000000, 0.000000000000000000 ) ) ;
#260 = DIRECTION ( 'NONE',  ( 0.000000000000000000, -1.000000000000000000, 0.000000000000000000 ) ) ;
#261 = ORIENTED_EDGE ( 'NONE', *, *, #1282, .F. ) ;
#262 = PLANE ( 'NONE',  #3087 ) ;
#263 = VECTOR ( 'NONE', #1557, 1000.000000000000114 ) ;
#264 = DIRECTION ( 'NONE',  ( -0.000000000000000000, 1.000000000000000000, 0.000000000000000000 ) ) ;
#265 = ORIENTED_EDGE ( 'NONE', *, *, #2325, .F. ) ;
#266 = LINE ( 'NONE', #31, #891 ) ;
#267 = DIRECTION ( 'NONE',  ( -0.8467241733336737797, 0.5320321177263706014, 0.000000000000000000 ) ) ;
#268 = EDGE_CURVE ( 'NONE', #3048, #1697, #698, .T. ) ;
#269 = AXIS2_PLACEMENT_3D ( 'NONE', #295, #788, #72 ) ;
#270 = ORIENTED_EDGE ( 'NONE', *, *, #549, .F. ) ;
#271 = FACE_OUTER_BOUND ( 'NONE', #2582, .T. ) ;
#272 = DIRECTION ( 'NONE',  ( -1.000000000000000000, 0.000000000000000000, 0.000000000000000000 ) ) ;
#273 = ORIENTED_EDGE ( 'NONE', *, *, #1282, .T. ) ;
#274 = AXIS2_PLACEMENT_3D ( 'NONE', #1479, #58, #1278 ) ;
#275 = CARTESIAN_POINT ( 'NONE',  ( 115.0611029455927223, -72.32281480204682111, 1.399999999999999911 ) ) ;
#276 = DIRECTION ( 'NONE',  ( -0.7730109584919803156, -0.6343926686613818866, 0.000000000000000000 ) ) ;
#277 = ORIENTED_EDGE ( 'NONE', *, *, #1090, .F. ) ;
#278 = ORIENTED_EDGE ( 'NONE', *, *, #1213, .T. ) ;
#279 = DIRECTION ( 'NONE',  ( -0.000000000000000000, -0.000000000000000000, -1.000000000000000000 ) ) ;
#280 = VECTOR ( 'NONE', #2536, 1000.000000000000000 ) ;
#281 =( NAMED_UNIT ( * ) SI_UNIT ( $, .STERADIAN. ) SOLID_ANGLE_UNIT ( ) );
#282 = ORIENTED_EDGE ( 'NONE', *, *, #1180, .T. ) ;
#283 = ADVANCED_FACE ( 'NONE', ( #1207 ), #2377, .F. ) ;
#284 = DIRECTION ( 'NONE',  ( 0.000000000000000000, -0.000000000000000000, -1.000000000000000000 ) ) ;
#285 = AXIS2_PLACEMENT_3D ( 'NONE', #1824, #887, #148 ) ;
#286 = VECTOR ( 'NONE', #3014, 1000.000000000000000 ) ;
#287 = LINE ( 'NONE', #2692, #1161 ) ;
#288 = VECTOR ( 'NONE', #956, 1000.000000000000114 ) ;
#289 = VERTEX_POINT ( 'NONE', #715 ) ;
#290 = LINE ( 'NONE', #2875, #251 ) ;
#291 = DIRECTION ( 'NONE',  ( 0.2902860112936020420, 0.9569399310548445392, 0.000000000000000000 ) ) ;
#292 = FACE_OUTER_BOUND ( 'NONE', #3106, .T. ) ;
#293 = VERTEX_POINT ( 'NONE', #2188 ) ;
#294 = EDGE_CURVE ( 'NONE', #1613, #2828, #3109, .T. ) ;
#295 = CARTESIAN_POINT ( 'NONE',  ( 103.3139058084240389, -58.70688005899127404, 1.399999999999999911 ) ) ;
#296 = EDGE_CURVE ( 'NONE', #1312, #606, #2172, .T. ) ;
#297 = DIRECTION ( 'NONE',  ( 0.000000000000000000, -0.000000000000000000, -1.000000000000000000 ) ) ;
#298 = VERTEX_POINT ( 'NONE', #2121 ) ;
#299 = ORIENTED_EDGE ( 'NONE', *, *, #1995, .T. ) ;
#300 = CARTESIAN_POINT ( 'NONE',  ( 122.4095049999999958, -76.13912799999999947, 0.1000000000000000056 ) ) ;
#301 = COORDINATED_UNIVERSAL_TIME_OFFSET ( 1, 0, .AHEAD. ) ;
#302 = ORIENTED_EDGE ( 'NONE', *, *, #206, .T. ) ;
#303 = CARTESIAN_POINT ( 'NONE',  ( 98.79999999999999716, -84.59999999999999432, 0.1000000000000000056 ) ) ;
#304 = CARTESIAN_POINT ( 'NONE',  ( 122.4095049999999958, -81.06087200000000337, 0.1000000000000000056 ) ) ;
#305 = ORIENTED_EDGE ( 'NONE', *, *, #2732, .T. ) ;
#306 = DIRECTION ( 'NONE',  ( 0.000000000000000000, 0.000000000000000000, -1.000000000000000000 ) ) ;
#307 = PLANE ( 'NONE',  #1830 ) ;
#308 = VECTOR ( 'NONE', #2641, 1000.000000000000114 ) ;
#309 = CARTESIAN_POINT ( 'NONE',  ( 105.1468111613521330, -78.32416819510957851, 1.199999999999999956 ) ) ;
#310 = VERTEX_POINT ( 'NONE', #2605 ) ;
#311 = ADVANCED_FACE ( 'NONE', ( #1461 ), #255, .F. ) ;
#312 = VECTOR ( 'NONE', #108, 1000.000000000000000 ) ;
#313 = ADVANCED_FACE ( 'NONE', ( #2919 ), #1395, .F. ) ;
#314 = DIRECTION ( 'NONE',  ( -0.000000000000000000, -0.000000000000000000, -1.000000000000000000 ) ) ;
#315 = FACE_OUTER_BOUND ( 'NONE', #2394, .T. ) ;
#316 = ORIENTED_EDGE ( 'NONE', *, *, #1605, .T. ) ;
#317 = LINE ( 'NONE', #982, #2205 ) ;
#318 = EDGE_CURVE ( 'NONE', #1576, #2934, #1876, .T. ) ;
#319 = PLANE ( 'NONE',  #506 ) ;
#320 = ADVANCED_FACE ( 'NONE', ( #762 ), #2948, .F. ) ;
#321 = ORIENTED_EDGE ( 'NONE', *, *, #1078, .F. ) ;
#322 = CARTESIAN_POINT ( 'NONE',  ( 99.69507000000000119, -77.75592400000000737, 1.600000000000000089 ) ) ;
#323 = ADVANCED_FACE ( 'NONE', ( #2222 ), #801, .T. ) ;
#324 = ORIENTED_EDGE ( 'NONE', *, *, #3101, .F. ) ;
#325 = DIRECTION ( 'NONE',  ( 0.000000000000000000, -1.000000000000000000, 0.000000000000000000 ) ) ;
#326 = CARTESIAN_POINT ( 'NONE',  ( 99.57942300000000557, -78.29999999999999716, 0.1000000000000000056 ) ) ;
#327 = DIRECTION ( 'NONE',  ( 0.000000000000000000, 0.000000000000000000, -1.000000000000000000 ) ) ;
#328 = ORIENTED_EDGE ( 'NONE', *, *, #2086, .T. ) ;
#329 = EDGE_CURVE ( 'NONE', #2440, #866, #2966, .T. ) ;
#330 = CARTESIAN_POINT ( 'NONE',  ( 0.000000000000000000, 0.000000000000000000, 1.199999999999999956 ) ) ;
#331 = VECTOR ( 'NONE', #1487, 1000.000000000000000 ) ;
#332 = DIRECTION ( 'NONE',  ( 0.9510561730958820847, 0.3090180506316998477, 0.000000000000000000 ) ) ;
#333 = VERTEX_POINT ( 'NONE', #326 ) ;
#334 = EDGE_CURVE ( 'NONE', #697, #554, #1328, .T. ) ;
#335 = CARTESIAN_POINT ( 'NONE',  ( 116.2675662552226328, -74.23153301064368748, 1.199999999999999956 ) ) ;
#336 = ORIENTED_EDGE ( 'NONE', *, *, #18, .T. ) ;
#337 = LINE ( 'NONE', #2676, #1035 ) ;
#338 = ORIENTED_EDGE ( 'NONE', *, *, #2329, .T. ) ;
#339 = CARTESIAN_POINT ( 'NONE',  ( 121.8000000000000114, -88.59999999999999432, 1.600000000000000089 ) ) ;
#340 = CARTESIAN_POINT ( 'NONE',  ( 120.8276965518429336, -75.42549763944744257, 1.199999999999999956 ) ) ;
#341 = VECTOR ( 'NONE', #2759, 1000.000000000000227 ) ;
#342 = FACE_OUTER_BOUND ( 'NONE', #2847, .T. ) ;
#343 = VECTOR ( 'NONE', #673, 1000.000000000000000 ) ;
#344 = ORIENTED_EDGE ( 'NONE', *, *, #2231, .F. ) ;
#345 = UNCERTAINTY_MEASURE_WITH_UNIT (LENGTH_MEASURE( 1.000000000000000082E-05 ), #3138, 'distance_accuracy_value', 'NONE');
#346 = LINE ( 'NONE', #765, #1750 ) ;
#347 = LINE ( 'NONE', #2279, #2035 ) ;
#348 = EDGE_LOOP ( 'NONE', ( #1518, #1092, #3079, #204 ) ) ;
#349 = DIRECTION ( 'NONE',  ( 0.9510561730958820847, -0.3090180506316998477, 0.000000000000000000 ) ) ;
#350 = VERTEX_POINT ( 'NONE', #526 ) ;
#351 = DIRECTION ( 'NONE',  ( -0.000000000000000000, -0.000000000000000000, -1.000000000000000000 ) ) ;
#352 = ADVANCED_FACE ( 'NONE', ( #271 ), #1274, .T. ) ;
#353 = ORIENTED_EDGE ( 'NONE', *, *, #1679, .F. ) ;
#354 = CARTESIAN_POINT ( 'NONE',  ( 116.2675662552226328, -74.23153301064368748, 0.1000000000000000472 ) ) ;
#355 = LINE ( 'NONE', #1332, #2512 ) ;
#356 = DIRECTION ( 'NONE',  ( -0.000000000000000000, 0.000000000000000000, 1.000000000000000000 ) ) ;
#357 = VERTEX_POINT ( 'NONE', #53 ) ;
#358 = VECTOR ( 'NONE', #34, 1000.000000000000000 ) ;
#359 = CARTESIAN_POINT ( 'NONE',  ( 122.1826829999999973, -56.67612000000000450, 1.600000000000000089 ) ) ;
#360 = CARTESIAN_POINT ( 'NONE',  ( 98.96853099999999870, -57.04442999999999842, 1.600000000000000089 ) ) ;
#361 = ADVANCED_FACE ( 'NONE', ( #2242 ), #307, .F. ) ;
#362 = ORIENTED_EDGE ( 'NONE', *, *, #1014, .T. ) ;
#363 = FACE_OUTER_BOUND ( 'NONE', #1671, .T. ) ;
#364 = APPROVAL_DATE_TIME ( #1503, #2424 ) ;
#365 = EDGE_LOOP ( 'NONE', ( #1188, #2361, #998, #2861 ) ) ;
#366 = DIRECTION ( 'NONE',  ( -1.000000000000000000, -0.000000000000000000, 0.000000000000000000 ) ) ;
#367 = PLANE ( 'NONE',  #2336 ) ;
#368 = ORIENTED_EDGE ( 'NONE', *, *, #900, .T. ) ;
#369 = DIRECTION ( 'NONE',  ( -1.000000000000000000, 0.000000000000000000, 0.000000000000000000 ) ) ;
#370 = CARTESIAN_POINT ( 'NONE',  ( 122.7238799999999941, -87.98268300000000863, 1.600000000000000089 ) ) ;
#371 = EDGE_CURVE ( 'NONE', #2031, #432, #1238, .T. ) ;
#372 = CARTESIAN_POINT ( 'NONE',  ( 99.69507000000000119, -77.75592400000000737, 1.600000000000000089 ) ) ;
#373 = ORIENTED_EDGE ( 'NONE', *, *, #1813, .F. ) ;
#374 = AXIS2_PLACEMENT_3D ( 'NONE', #2982, #816, #999 ) ;
#375 = DIRECTION ( 'NONE',  ( 0.000000000000000000, 0.000000000000000000, -1.000000000000000000 ) ) ;
#376 = DIRECTION ( 'NONE',  ( 0.8660248566549640925, -0.5000009476548507026, 0.000000000000000000 ) ) ;
#377 = VECTOR ( 'NONE', #465, 999.9999999999998863 ) ;
#378 = DIRECTION ( 'NONE',  ( 1.000000000000000000, 0.000000000000000000, 0.000000000000000000 ) ) ;
#379 = ORIENTED_EDGE ( 'NONE', *, *, #1296, .F. ) ;
#380 = VECTOR ( 'NONE', #2117, 1000.000000000000114 ) ;
#381 = LINE ( 'NONE', #1109, #2663 ) ;
#382 = ORIENTED_EDGE ( 'NONE', *, *, #1968, .T. ) ;
#383 = DIRECTION ( 'NONE',  ( 0.000000000000000000, 0.000000000000000000, -1.000000000000000000 ) ) ;
#384 = DIRECTION ( 'NONE',  ( 0.000000000000000000, 1.000000000000000000, 0.000000000000000000 ) ) ;
#385 = ORIENTED_EDGE ( 'NONE', *, *, #2693, .T. ) ;
#386 = PLANE ( 'NONE',  #179 ) ;
#387 = DIRECTION ( 'NONE',  ( 0.8819213211012977283, 0.4713966306486945257, 0.000000000000000000 ) ) ;
#388 = ORIENTED_EDGE ( 'NONE', *, *, #2152, .T. ) ;
#389 = LINE ( 'NONE', #76, #32 ) ;
#390 = EDGE_CURVE ( 'NONE', #1135, #2171, #68, .T. ) ;
#391 = VECTOR ( 'NONE', #1545, 1000.000000000000000 ) ;
#392 = DIRECTION ( 'NONE',  ( 0.000000000000000000, 1.000000000000000000, 0.000000000000000000 ) ) ;
#393 = ORIENTED_EDGE ( 'NONE', *, *, #2234, .F. ) ;
#394 = DIRECTION ( 'NONE',  ( 0.5320321177263706014, -0.8467241733336737797, 0.000000000000000000 ) ) ;
#395 = VERTEX_POINT ( 'NONE', #2931 ) ;
#396 = DIRECTION ( 'NONE',  ( 0.3302792552688515459, 0.9438832626649615865, 0.000000000000000000 ) ) ;
#397 = CARTESIAN_POINT ( 'NONE',  ( 102.0178648463648443, -72.32281480204682111, 1.199999999999999956 ) ) ;
#398 = ORIENTED_EDGE ( 'NONE', *, *, #2259, .F. ) ;
#399 = DIRECTION ( 'NONE',  ( -0.000000000000000000, -0.000000000000000000, -1.000000000000000000 ) ) ;
#400 = VERTEX_POINT ( 'NONE', #1741 ) ;
#401 = CARTESIAN_POINT ( 'NONE',  ( 99.09289400000000114, -56.89289399999999830, 1.600000000000000089 ) ) ;
#402 = CARTESIAN_POINT ( 'NONE',  ( 114.0857630951841486, -55.78069568802292366, 1.399999999999999911 ) ) ;
#403 = DIRECTION ( 'NONE',  ( 0.000000000000000000, 0.000000000000000000, -1.000000000000000000 ) ) ;
#404 = VECTOR ( 'NONE', #1232, 1000.000000000000000 ) ;
#405 = EDGE_CURVE ( 'NONE', #1264, #2624, #1476, .T. ) ;
#406 = ORIENTED_EDGE ( 'NONE', *, *, #390, .F. ) ;
#407 = EDGE_CURVE ( 'NONE', #3048, #1893, #2203, .T. ) ;
#408 = DIRECTION ( 'NONE',  ( 0.000000000000000000, -0.000000000000000000, 1.000000000000000000 ) ) ;
#409 = ORIENTED_EDGE ( 'NONE', *, *, #1679, .T. ) ;
#410 = LINE ( 'NONE', #2777, #1072 ) ;
#411 = ORIENTED_EDGE ( 'NONE', *, *, #543, .T. ) ;
#412 = DIRECTION ( 'NONE',  ( -0.000000000000000000, -0.000000000000000000, -1.000000000000000000 ) ) ;
#413 = PLANE ( 'NONE',  #991 ) ;
#414 = AXIS2_PLACEMENT_3D ( 'NONE', #2879, #3105, #2371 ) ;
#415 = EDGE_LOOP ( 'NONE', ( #2946, #1490, #1723, #1107 ) ) ;
#416 = DIRECTION ( 'NONE',  ( -0.9438832626649830138, 0.3302792552687902061, 0.000000000000000000 ) ) ;
#417 = CC_DESIGN_PERSON_AND_ORGANIZATION_ASSIGNMENT ( #2446, #1673, ( #1309 ) ) ;
#418 = LINE ( 'NONE', #1398, #2296 ) ;
#419 = VECTOR ( 'NONE', #1507, 1000.000000000000000 ) ;
#420 = ORIENTED_EDGE ( 'NONE', *, *, #1336, .F. ) ;
#421 = EDGE_CURVE ( 'NONE', #791, #196, #83, .T. ) ;
#422 = CIRCLE ( 'NONE', #1393, 0.5000000000000004441 ) ;
#423 = FACE_OUTER_BOUND ( 'NONE', #1566, .T. ) ;
#424 = ORIENTED_EDGE ( 'NONE', *, *, #1771, .T. ) ;
#425 = CARTESIAN_POINT ( 'NONE',  ( 122.7238799999999941, -57.21731699999999421, 0.1000000000000000056 ) ) ;
#426 = ORIENTED_EDGE ( 'NONE', *, *, #1717, .F. ) ;
#427 = DIRECTION ( 'NONE',  ( -0.4067360550290222698, -0.9135457194576679374, 0.000000000000000000 ) ) ;
#428 = VERTEX_POINT ( 'NONE', #2455 ) ;
#429 = DIRECTION ( 'NONE',  ( -0.000000000000000000, -0.000000000000000000, -1.000000000000000000 ) ) ;
#430 = VECTOR ( 'NONE', #501, 1000.000000000000000 ) ;
#431 = DIRECTION ( 'NONE',  ( -0.000000000000000000, -0.000000000000000000, -1.000000000000000000 ) ) ;
#432 = VERTEX_POINT ( 'NONE', #38 ) ;
#433 = CARTESIAN_POINT ( 'NONE',  ( 102.0178648463648443, -78.32416819510957851, 1.199999999999999956 ) ) ;
#434 = AXIS2_PLACEMENT_3D ( 'NONE', #401, #2335, #1590 ) ;
#435 = AXIS2_PLACEMENT_3D ( 'NONE', #2797, #2745, #387 ) ;
#436 = CARTESIAN_POINT ( 'NONE',  ( 121.8000000000000114, -56.59999999999999432, 0.1000000000000000056 ) ) ;
#437 = VECTOR ( 'NONE', #2112, 1000.000000000000114 ) ;
#438 = ORIENTED_EDGE ( 'NONE', *, *, #40, .F. ) ;
#439 = FACE_OUTER_BOUND ( 'NONE', #2546, .T. ) ;
#440 = DIRECTION ( 'NONE',  ( 0.9569399310548318827, 0.2902860112936442860, 0.000000000000000000 ) ) ;
#441 = CARTESIAN_POINT ( 'NONE',  ( 99.32900699999999006, -77.12188500000000602, 0.1000000000000000056 ) ) ;
#442 = VERTEX_POINT ( 'NONE', #1034 ) ;
#443 = CARTESIAN_POINT ( 'NONE',  ( 102.6749999999999972, -88.59999999999999432, 0.1000000000000000056 ) ) ;
#444 = EDGE_CURVE ( 'NONE', #2843, #1619, #1522, .T. ) ;
#445 = EDGE_CURVE ( 'NONE', #1399, #1678, #2014, .T. ) ;
#446 = ORIENTED_EDGE ( 'NONE', *, *, #1180, .F. ) ;
#447 = CARTESIAN_POINT ( 'NONE',  ( 122.3555700000000002, -56.76852999999999838, 1.600000000000000089 ) ) ;
#448 = ADVANCED_FACE ( 'NONE', ( #1303 ), #2275, .F. ) ;
#449 = LINE ( 'NONE', #942, #1883 ) ;
#450 = EDGE_LOOP ( 'NONE', ( #305, #2364, #1648, #943 ) ) ;
#451 = CARTESIAN_POINT ( 'NONE',  ( 122.0963520000000102, -80.81114100000000633, 1.600000000000000089 ) ) ;
#452 = LINE ( 'NONE', #2128, #739 ) ;
#453 = ADVANCED_FACE ( 'NONE', ( #2679 ), #510, .F. ) ;
#454 = ORIENTED_EDGE ( 'NONE', *, *, #2311, .F. ) ;
#455 = VECTOR ( 'NONE', #955, 1000.000000000000000 ) ;
#456 = CARTESIAN_POINT ( 'NONE',  ( 98.96853099999999870, -57.04442999999999842, 1.600000000000000089 ) ) ;
#457 = APPROVAL_DATE_TIME ( #1184, #2992 ) ;
#458 = CARTESIAN_POINT ( 'NONE',  ( 121.8000000000000114, -56.59999999999999432, 1.600000000000000089 ) ) ;
#459 = AXIS2_PLACEMENT_3D ( 'NONE', #840, #2551, #1801 ) ;
#460 = ORIENTED_EDGE ( 'NONE', *, *, #1569, .F. ) ;
#461 = DIRECTION ( 'NONE',  ( -0.2079132313452998482, 0.9781472732833005335, 0.000000000000000000 ) ) ;
#462 = ORIENTED_EDGE ( 'NONE', *, *, #405, .T. ) ;
#463 = EDGE_CURVE ( 'NONE', #3008, #2034, #1352, .T. ) ;
#464 = LINE ( 'NONE', #3127, #928 ) ;
#465 = DIRECTION ( 'NONE',  ( -0.2079132313453148639, -0.9781472732832974248, 0.000000000000000000 ) ) ;
#466 = VERTEX_POINT ( 'NONE', #608 ) ;
#467 = DIRECTION ( 'NONE',  ( 0.000000000000000000, 0.000000000000000000, -1.000000000000000000 ) ) ;
#468 = FACE_OUTER_BOUND ( 'NONE', #2038, .T. ) ;
#469 = DIRECTION ( 'NONE',  ( -0.7071067811865474617, -0.7071067811865474617, 0.000000000000000000 ) ) ;
#470 = ORIENTED_EDGE ( 'NONE', *, *, #2748, .F. ) ;
#471 = VECTOR ( 'NONE', #578, 1000.000000000000000 ) ;
#472 = EDGE_CURVE ( 'NONE', #1610, #1277, #2555, .T. ) ;
#473 = CARTESIAN_POINT ( 'NONE',  ( 0.000000000000000000, -74.23153301064368748, 0.1000000000000000056 ) ) ;
#474 = LINE ( 'NONE', #2430, #2354 ) ;
#475 = FACE_OUTER_BOUND ( 'NONE', #56, .T. ) ;
#476 = ORIENTED_EDGE ( 'NONE', *, *, #1995, .F. ) ;
#477 = DIRECTION ( 'NONE',  ( 0.3302792552688515459, -0.9438832626649615865, 0.000000000000000000 ) ) ;
#478 = VECTOR ( 'NONE', #774, 1000.000000000000000 ) ;
#479 = ADVANCED_FACE ( 'NONE', ( #1847 ), #413, .F. ) ;
#480 = ORIENTED_EDGE ( 'NONE', *, *, #2461, .T. ) ;
#481 = LINE ( 'NONE', #746, #2613 ) ;
#482 = CARTESIAN_POINT ( 'NONE',  ( 122.8000000000000114, -87.59999999999999432, 0.1000000000000000056 ) ) ;
#483 = ORIENTED_EDGE ( 'NONE', *, *, #781, .F. ) ;
#484 = EDGE_CURVE ( 'NONE', #147, #2532, #1117, .T. ) ;
#485 = CARTESIAN_POINT ( 'NONE',  ( 99.24442999999999415, -56.76853099999999586, 1.600000000000000089 ) ) ;
#486 = DIRECTION ( 'NONE',  ( 0.000000000000000000, 0.000000000000000000, -1.000000000000000000 ) ) ;
#487 = ORIENTED_EDGE ( 'NONE', *, *, #1125, .F. ) ;
#488 = AXIS2_PLACEMENT_3D ( 'NONE', #1367, #1553, #1098 ) ;
#489 = CARTESIAN_POINT ( 'NONE',  ( 98.79999999999999716, -84.59999999999999432, 1.600000000000000089 ) ) ;
#490 = APPROVAL_PERSON_ORGANIZATION ( #2196, #2762, #1216 ) ;
#491 = VECTOR ( 'NONE', #769, 1000.000000000000114 ) ;
#492 = PERSON_AND_ORGANIZATION_ROLE ( 'classification_officer' ) ;
#493 = CARTESIAN_POINT ( 'NONE',  ( 120.0564960880900287, -78.42711737717354481, 1.199999999999999956 ) ) ;
#494 = VERTEX_POINT ( 'NONE', #3049 ) ;
#495 = LINE ( 'NONE', #2418, #1439 ) ;
#496 = ORIENTED_EDGE ( 'NONE', *, *, #1575, .T. ) ;
#497 = CARTESIAN_POINT ( 'NONE',  ( 0.000000000000000000, 0.000000000000000000, 1.399999999999999911 ) ) ;
#498 = CARTESIAN_POINT ( 'NONE',  ( 113.6815037680679410, -59.19762818538174542, 1.600000000000000089 ) ) ;
#499 = ORIENTED_EDGE ( 'NONE', *, *, #1404, .T. ) ;
#500 = LINE ( 'NONE', #3132, #36 ) ;
#501 = DIRECTION ( 'NONE',  ( -0.000000000000000000, -0.000000000000000000, -1.000000000000000000 ) ) ;
#502 = EDGE_CURVE ( 'NONE', #240, #2611, #355, .T. ) ;
#503 = ORIENTED_EDGE ( 'NONE', *, *, #206, .F. ) ;
#504 = CARTESIAN_POINT ( 'NONE',  ( 122.8000000000000114, -76.05000000000001137, 1.600000000000000089 ) ) ;
#505 = APPROVAL_STATUS ( 'not_yet_approved' ) ;
#506 = AXIS2_PLACEMENT_3D ( 'NONE', #1044, #2215, #809 ) ;
#507 = ORIENTED_EDGE ( 'NONE', *, *, #1489, .T. ) ;
#508 = DIRECTION ( 'NONE',  ( 0.000000000000000000, -1.000000000000000000, 0.000000000000000000 ) ) ;
#509 = VERTEX_POINT ( 'NONE', #2332 ) ;
#510 = PLANE ( 'NONE',  #488 ) ;
#511 = DIRECTION ( 'NONE',  ( -0.8467241733336737797, 0.5320321177263706014, 0.000000000000000000 ) ) ;
#512 = ORIENTED_EDGE ( 'NONE', *, *, #1137, .T. ) ;
#513 = VECTOR ( 'NONE', #200, 1000.000000000000227 ) ;
#514 = CARTESIAN_POINT ( 'NONE',  ( 105.1468111613521330, -83.28797500581734425, 1.199999999999999956 ) ) ;
#515 = CARTESIAN_POINT ( 'NONE',  ( 122.6314700000000073, -57.04442999999999842, 1.600000000000000089 ) ) ;
#516 = ADVANCED_FACE ( 'NONE', ( #1317 ), #386, .T. ) ;
#517 = ORIENTED_EDGE ( 'NONE', *, *, #2693, .F. ) ;
#518 = LINE ( 'NONE', #1733, #391 ) ;
#519 = CALENDAR_DATE ( 2026, 4, 4 ) ;
#520 = EDGE_LOOP ( 'NONE', ( #1571, #185, #2280, #1297 ) ) ;
#521 = DIRECTION ( 'NONE',  ( -0.000000000000000000, 0.000000000000000000, -1.000000000000000000 ) ) ;
#522 = AXIS2_PLACEMENT_3D ( 'NONE', #135, #2594, #905 ) ;
#523 = EDGE_LOOP ( 'NONE', ( #1381, #548, #671, #277 ) ) ;
#524 = ADVANCED_FACE ( 'NONE', ( #2287 ), #1820, .F. ) ;
#525 = PLANE ( 'NONE',  #812 ) ;
#526 = CARTESIAN_POINT ( 'NONE',  ( 121.9950900000000047, -56.61921499999999696, 0.1000000000000000056 ) ) ;
#527 = EDGE_CURVE ( 'NONE', #1667, #494, #2105, .T. ) ;
#528 = DIRECTION ( 'NONE',  ( -1.000000000000000000, 0.000000000000000000, 0.000000000000000000 ) ) ;
#529 = ORIENTED_EDGE ( 'NONE', *, *, #2159, .T. ) ;
#530 = VECTOR ( 'NONE', #1242, 1000.000000000000000 ) ;
#531 = CARTESIAN_POINT ( 'NONE',  ( 102.8139058084240389, -63.09917396239185194, 1.199999999999999956 ) ) ;
#532 = LINE ( 'NONE', #1498, #1094 ) ;
#533 = ORIENTED_EDGE ( 'NONE', *, *, #1451, .F. ) ;
#534 = ORIENTED_EDGE ( 'NONE', *, *, #2127, .T. ) ;
#535 = FACE_OUTER_BOUND ( 'NONE', #25, .T. ) ;
#536 = ORIENTED_EDGE ( 'NONE', *, *, #2310, .T. ) ;
#537 = FACE_OUTER_BOUND ( 'NONE', #1042, .T. ) ;
#538 = APPROVAL_PERSON_ORGANIZATION ( #13, #2992, #28 ) ;
#539 = LINE ( 'NONE', #1954, #358 ) ;
#540 = EDGE_CURVE ( 'NONE', #1786, #2834, #1833, .T. ) ;
#541 = LINE ( 'NONE', #1755, #419 ) ;
#542 = ORIENTED_EDGE ( 'NONE', *, *, #895, .F. ) ;
#543 = EDGE_CURVE ( 'NONE', #3008, #298, #639, .T. ) ;
#544 = DIRECTION ( 'NONE',  ( -0.7730089055066414749, -0.6343951702270629323, 0.000000000000000000 ) ) ;
#545 = CARTESIAN_POINT ( 'NONE',  ( 116.2675662552226328, -74.23153301064368748, 1.199999999999999956 ) ) ;
#546 = DIRECTION ( 'NONE',  ( 0.000000000000000000, -1.000000000000000000, 0.000000000000000000 ) ) ;
#547 = ADVANCED_FACE ( 'NONE', ( #2090 ), #1600, .F. ) ;
#548 = ORIENTED_EDGE ( 'NONE', *, *, #2815, .T. ) ;
#549 = EDGE_CURVE ( 'NONE', #2240, #19, #159, .T. ) ;
#550 = EDGE_CURVE ( 'NONE', #1786, #1006, #2827, .T. ) ;
#551 = LINE ( 'NONE', #1527, #2045 ) ;
#552 = CARTESIAN_POINT ( 'NONE',  ( 99.57942300000000557, -78.29999999999999716, 1.600000000000000089 ) ) ;
#553 = EDGE_LOOP ( 'NONE', ( #2155, #1360, #2700, #3030 ) ) ;
#554 = VERTEX_POINT ( 'NONE', #653 ) ;
#555 = EDGE_CURVE ( 'NONE', #1893, #837, #2590, .T. ) ;
#556 = LINE ( 'NONE', #824, #491 ) ;
#557 = EDGE_LOOP ( 'NONE', ( #2584, #1734, #2089, #2334 ) ) ;
#558 = DIRECTION ( 'NONE',  ( 0.6957952158270119813, -0.7182402227891736546, 0.000000000000000000 ) ) ;
#559 = DIRECTION ( 'NONE',  ( 0.1119649807666246583, -0.9937121530312131856, 0.000000000000000000 ) ) ;
#560 = ORIENTED_EDGE ( 'NONE', *, *, #1659, .F. ) ;
#561 = EDGE_CURVE ( 'NONE', #1744, #2793, #591, .T. ) ;
#562 = CARTESIAN_POINT ( 'NONE',  ( 120.8276965518429336, -78.42711737717354481, 1.199999999999999956 ) ) ;
#563 = DIRECTION ( 'NONE',  ( -0.000000000000000000, -0.000000000000000000, 1.000000000000000000 ) ) ;
#564 = CARTESIAN_POINT ( 'NONE',  ( 99.09289400000000114, -56.89289399999999830, 1.600000000000000089 ) ) ;
#565 = EDGE_CURVE ( 'NONE', #576, #1403, #2537, .T. ) ;
#566 = ORIENTED_EDGE ( 'NONE', *, *, #2454, .T. ) ;
#567 = LINE ( 'NONE', #2494, #3104 ) ;
#568 = DIRECTION ( 'NONE',  ( 0.9135457194576679374, -0.4067360550290223253, 0.000000000000000000 ) ) ;
#569 = VERTEX_POINT ( 'NONE', #130 ) ;
#570 = VECTOR ( 'NONE', #1889, 1000.000000000000000 ) ;
#571 = CARTESIAN_POINT ( 'NONE',  ( 122.5997310000000056, -76.07256499999999733, 0.1000000000000000056 ) ) ;
#572 = ORIENTED_EDGE ( 'NONE', *, *, #2830, .F. ) ;
#573 = PLANE ( 'NONE',  #2552 ) ;
#574 = ADVANCED_FACE ( 'NONE', ( #1907 ), #1409, .T. ) ;
#575 = AXIS2_PLACEMENT_3D ( 'NONE', #2750, #2479, #2511 ) ;
#576 = VERTEX_POINT ( 'NONE', #938 ) ;
#577 = LINE ( 'NONE', #1052, #2451 ) ;
#578 = DIRECTION ( 'NONE',  ( -0.000000000000000000, -0.000000000000000000, -1.000000000000000000 ) ) ;
#579 = CARTESIAN_POINT ( 'NONE',  ( 98.79999999999999716, -76.95000000000000284, 0.1000000000000000056 ) ) ;
#580 = ORIENTED_EDGE ( 'NONE', *, *, #211, .T. ) ;
#581 = PLANE ( 'NONE',  #1637 ) ;
#582 = PLANE ( 'NONE',  #1076 ) ;
#583 = ORIENTED_EDGE ( 'NONE', *, *, #2132, .T. ) ;
#584 = ADVANCED_FACE ( 'NONE', ( #665 ), #2882, .F. ) ;
#585 = CARTESIAN_POINT ( 'NONE',  ( 121.8000000000000114, -56.59999999999999432, 1.600000000000000089 ) ) ;
#586 = ORIENTED_EDGE ( 'NONE', *, *, #2791, .T. ) ;
#587 = FACE_OUTER_BOUND ( 'NONE', #1079, .T. ) ;
#588 = AXIS2_PLACEMENT_3D ( 'NONE', #2893, #2463, #1980 ) ;
#589 = VERTEX_POINT ( 'NONE', #2373 ) ;
#590 = LINE ( 'NONE', #2981, #2051 ) ;
#591 = LINE ( 'NONE', #1805, #2102 ) ;
#592 = VECTOR ( 'NONE', #1357, 1000.000000000000000 ) ;
#593 = VECTOR ( 'NONE', #2276, 1000.000000000000114 ) ;
#594 = VECTOR ( 'NONE', #2302, 1000.000000000000227 ) ;
#595 = CARTESIAN_POINT ( 'NONE',  ( 99.79999999999999716, -56.59999999999999432, 1.600000000000000089 ) ) ;
#596 = VECTOR ( 'NONE', #2483, 1000.000000000000114 ) ;
#597 = ORIENTED_EDGE ( 'NONE', *, *, #2589, .F. ) ;
#598 = DIRECTION ( 'NONE',  ( 0.5000009476548508136, -0.8660248566549642035, 0.000000000000000000 ) ) ;
#599 = DIRECTION ( 'NONE',  ( 0.8090166166044590046, -0.5877857722485921865, 0.000000000000000000 ) ) ;
#600 = ORIENTED_EDGE ( 'NONE', *, *, #1311, .F. ) ;
#601 = FACE_OUTER_BOUND ( 'NONE', #2476, .T. ) ;
#602 = EDGE_CURVE ( 'NONE', #1153, #1504, #1444, .T. ) ;
#603 = ORIENTED_EDGE ( 'NONE', *, *, #115, .F. ) ;
#604 = CARTESIAN_POINT ( 'NONE',  ( 122.8000000000000114, -76.05000000000001137, 0.1000000000000000056 ) ) ;
#605 = LINE ( 'NONE', #622, #2593 ) ;
#606 = VERTEX_POINT ( 'NONE', #2899 ) ;
#607 = LINE ( 'NONE', #1567, #280 ) ;
#608 = CARTESIAN_POINT ( 'NONE',  ( 121.9891280000000080, -76.55950500000000147, 1.600000000000000089 ) ) ;
#609 = ADVANCED_BREP_SHAPE_REPRESENTATION ( 'uSD2PSX Frame REF2017', ( #2078, #1047 ), #1353 ) ;
#610 = APPLICATION_CONTEXT ( 'configuration controlled 3d designs of mechanical parts and assemblies' ) ;
#611 = CARTESIAN_POINT ( 'NONE',  ( 118.5543324666909513, -72.27625725888233887, 1.199999999999999956 ) ) ;
#612 = EDGE_LOOP ( 'NONE', ( #659, #2114, #910, #1731 ) ) ;
#613 = VECTOR ( 'NONE', #2617, 1000.000000000000000 ) ;
#614 = FACE_OUTER_BOUND ( 'NONE', #2403, .T. ) ;
#615 = LINE ( 'NONE', #2337, #1178 ) ;
#616 = CARTESIAN_POINT ( 'NONE',  ( 120.8276965518429336, -78.42711737717354481, 1.199999999999999956 ) ) ;
#617 = VECTOR ( 'NONE', #366, 1000.000000000000000 ) ;
#618 = VERTEX_POINT ( 'NONE', #2838 ) ;
#619 = CARTESIAN_POINT ( 'NONE',  ( 122.8000000000000114, -76.05000000000001137, 1.600000000000000089 ) ) ;
#620 = ORIENTED_EDGE ( 'NONE', *, *, #947, .F. ) ;
#621 = CARTESIAN_POINT ( 'NONE',  ( 122.7238799999999941, -57.21731699999999421, 0.1000000000000000056 ) ) ;
#622 = CARTESIAN_POINT ( 'NONE',  ( 99.32900699999999006, -78.57811499999999683, 0.1000000000000000056 ) ) ;
#623 = ORIENTED_EDGE ( 'NONE', *, *, #3005, .T. ) ;
#624 = LINE ( 'NONE', #1583, #2610 ) ;
#625 = DIRECTION ( 'NONE',  ( -0.9945220111778790839, 0.1045273614069853058, 0.000000000000000000 ) ) ;
#626 = FACE_OUTER_BOUND ( 'NONE', #138, .T. ) ;
#627 = ADVANCED_FACE ( 'NONE', ( #203 ), #1676, .T. ) ;
#628 = ORIENTED_EDGE ( 'NONE', *, *, #2259, .T. ) ;
#629 = AXIS2_PLACEMENT_3D ( 'NONE', #2362, #3093, #926 ) ;
#630 = DIRECTION ( 'NONE',  ( -0.5877857722485922976, -0.8090166166044588936, 0.000000000000000000 ) ) ;
#631 = CARTESIAN_POINT ( 'NONE',  ( 115.0611029455927223, -60.50461087972688290, 1.199999999999999956 ) ) ;
#632 = ORIENTED_EDGE ( 'NONE', *, *, #463, .T. ) ;
#633 = VECTOR ( 'NONE', #1561, 1000.000000000000000 ) ;
#634 = LINE ( 'NONE', #1593, #1450 ) ;
#635 = EDGE_LOOP ( 'NONE', ( #1871, #3051, #691, #1551 ) ) ;
#636 = CARTESIAN_POINT ( 'NONE',  ( 116.2675662552226328, -75.42549763944744257, 1.199999999999999956 ) ) ;
#637 = CARTESIAN_POINT ( 'NONE',  ( 115.0611029455927223, -60.50461087972688290, 1.199999999999999956 ) ) ;
#638 = VERTEX_POINT ( 'NONE', #712 ) ;
#639 = LINE ( 'NONE', #1379, #1298 ) ;
#640 = EDGE_CURVE ( 'NONE', #1021, #1305, #2645, .T. ) ;
#641 = ADVANCED_FACE ( 'NONE', ( #238 ), #1204, .F. ) ;
#642 = ORIENTED_EDGE ( 'NONE', *, *, #1008, .T. ) ;
#643 = PLANE ( 'NONE',  #176 ) ;
#644 = VECTOR ( 'NONE', #2669, 1000.000000000000000 ) ;
#645 = CARTESIAN_POINT ( 'NONE',  ( 116.2675662552226328, -75.42549763944744257, 1.199999999999999956 ) ) ;
#646 = ORIENTED_EDGE ( 'NONE', *, *, #674, .T. ) ;
#647 = EDGE_CURVE ( 'NONE', #837, #729, #678, .T. ) ;
#648 = DIRECTION ( 'NONE',  ( 0.000000000000000000, -1.000000000000000000, 0.000000000000000000 ) ) ;
#649 = EDGE_LOOP ( 'NONE', ( #925, #3070, #1186, #2577 ) ) ;
#650 = CARTESIAN_POINT ( 'NONE',  ( 102.0178648463648443, -63.09917396239185194, 1.399999999999999911 ) ) ;
#651 = CARTESIAN_POINT ( 'NONE',  ( 102.8139058084240389, -56.59999999999999432, 1.600000000000000089 ) ) ;
#652 = ORIENTED_EDGE ( 'NONE', *, *, #1806, .F. ) ;
#653 = CARTESIAN_POINT ( 'NONE',  ( 102.3139058084240389, -56.59999999999999432, 1.600000000000000089 ) ) ;
#654 = EDGE_CURVE ( 'NONE', #799, #2103, #2358, .T. ) ;
#655 = ORIENTED_EDGE ( 'NONE', *, *, #329, .F. ) ;
#656 = CARTESIAN_POINT ( 'NONE',  ( 99.60491000000000383, -56.61921499999999696, 0.1000000000000000056 ) ) ;
#657 = DIRECTION ( 'NONE',  ( -0.9569413480748315548, -0.2902813399871305711, 0.000000000000000000 ) ) ;
#658 = VECTOR ( 'NONE', #2145, 1000.000000000000227 ) ;
#659 = ORIENTED_EDGE ( 'NONE', *, *, #1036, .F. ) ;
#660 = LINE ( 'NONE', #2295, #2360 ) ;
#661 = ORIENTED_EDGE ( 'NONE', *, *, #1569, .T. ) ;
#662 = CARTESIAN_POINT ( 'NONE',  ( 122.6314700000000073, -57.04442999999999842, 0.1000000000000000056 ) ) ;
#663 = ORIENTED_EDGE ( 'NONE', *, *, #900, .F. ) ;
#664 = EDGE_CURVE ( 'NONE', #1478, #2889, #3090, .T. ) ;
#665 = FACE_OUTER_BOUND ( 'NONE', #1752, .T. ) ;
#666 = VECTOR ( 'NONE', #384, 1000.000000000000000 ) ;
#667 = VERTEX_POINT ( 'NONE', #2151 ) ;
#668 = DIRECTION ( 'NONE',  ( 0.000000000000000000, -1.000000000000000000, -0.000000000000000000 ) ) ;
#669 = DIRECTION ( 'NONE',  ( 0.000000000000000000, 0.000000000000000000, 1.000000000000000000 ) ) ;
#670 = VECTOR ( 'NONE', #2963, 1000.000000000000114 ) ;
#671 = ORIENTED_EDGE ( 'NONE', *, *, #859, .T. ) ;
#672 = AXIS2_PLACEMENT_3D ( 'NONE', #23, #1777, #2441 ) ;
#673 = DIRECTION ( 'NONE',  ( 0.000000000000000000, -1.000000000000000000, 0.000000000000000000 ) ) ;
#674 = EDGE_CURVE ( 'NONE', #1305, #1619, #2619, .T. ) ;
#675 = ORIENTED_EDGE ( 'NONE', *, *, #2048, .T. ) ;
#676 = LINE ( 'NONE', #1067, #2458 ) ;
#677 = ORIENTED_EDGE ( 'NONE', *, *, #2019, .F. ) ;
#678 = LINE ( 'NONE', #2603, #1845 ) ;
#679 = AXIS2_PLACEMENT_3D ( 'NONE', #631, #1591, #2278 ) ;
#680 = ORIENTED_EDGE ( 'NONE', *, *, #781, .T. ) ;
#681 = LINE ( 'NONE', #2420, #846 ) ;
#682 = ADVANCED_FACE ( 'NONE', ( #924 ), #3123, .T. ) ;
#683 = VECTOR ( 'NONE', #1023, 1000.000000000000000 ) ;
#684 = CARTESIAN_POINT ( 'NONE',  ( 98.79999999999999716, -84.59999999999999432, 1.600000000000000089 ) ) ;
#685 = ORIENTED_EDGE ( 'NONE', *, *, #2427, .T. ) ;
#686 = DIRECTION ( 'NONE',  ( -1.000000000000000000, 0.000000000000000000, 0.000000000000000000 ) ) ;
#687 = AXIS2_PLACEMENT_3D ( 'NONE', #2801, #668, #3081 ) ;
#688 = AXIS2_PLACEMENT_3D ( 'NONE', #55, #1462, #2015 ) ;
#689 = CARTESIAN_POINT ( 'NONE',  ( 122.5071070000000049, -56.89289300000000082, 1.600000000000000089 ) ) ;
#690 = CARTESIAN_POINT ( 'NONE',  ( 121.9225649999999916, -80.45026900000000580, 0.1000000000000000056 ) ) ;
#691 = ORIENTED_EDGE ( 'NONE', *, *, #1834, .F. ) ;
#692 = LINE ( 'NONE', #2195, #2281 ) ;
#693 = ADVANCED_FACE ( 'NONE', ( #2631 ), #2134, .F. ) ;
#694 = CARTESIAN_POINT ( 'NONE',  ( 122.8000000000000114, -57.60000000000000142, 0.1000000000000000056 ) ) ;
#695 = ORIENTED_EDGE ( 'NONE', *, *, #371, .F. ) ;
#696 = CARTESIAN_POINT ( 'NONE',  ( 120.8276965518429336, -78.42711737717354481, 1.199999999999999956 ) ) ;
#697 = VERTEX_POINT ( 'NONE', #2388 ) ;
#698 = LINE ( 'NONE', #2903, #2805 ) ;
#699 = CARTESIAN_POINT ( 'NONE',  ( 102.3139058084240389, -56.59999999999999432, 0.1000000000000000472 ) ) ;
#700 = ORIENTED_EDGE ( 'NONE', *, *, #793, .F. ) ;
#701 = DIRECTION ( 'NONE',  ( -0.5320321177263706014, 0.8467241733336737797, 0.000000000000000000 ) ) ;
#702 = EDGE_CURVE ( 'NONE', #2823, #240, #2811, .T. ) ;
#703 = LINE ( 'NONE', #689, #3023 ) ;
#704 = VERTEX_POINT ( 'NONE', #2661 ) ;
#705 = VECTOR ( 'NONE', #2147, 1000.000000000000000 ) ;
#706 = EDGE_CURVE ( 'NONE', #1608, #727, #495, .T. ) ;
#707 = CARTESIAN_POINT ( 'NONE',  ( 98.79999999999999716, -76.95000000000000284, 0.1000000000000000056 ) ) ;
#708 = APPLICATION_PROTOCOL_DEFINITION ( 'international standard', 'config_control_design', 1994, #3094 ) ;
#709 = LINE ( 'NONE', #1202, #2181 ) ;
#710 = VECTOR ( 'NONE', #2257, 1000.000000000000000 ) ;
#711 = VERTEX_POINT ( 'NONE', #3077 ) ;
#712 = CARTESIAN_POINT ( 'NONE',  ( 115.0611029455927223, -63.09917396239185194, 1.399999999999999911 ) ) ;
#713 = ADVANCED_FACE ( 'NONE', ( #911 ), #1031, .F. ) ;
#714 = ORIENTED_EDGE ( 'NONE', *, *, #2452, .T. ) ;
#715 = CARTESIAN_POINT ( 'NONE',  ( 102.8139058084240389, -57.10000000000000142, 0.1000000000000000056 ) ) ;
#716 = CARTESIAN_POINT ( 'NONE',  ( 121.9950900000000047, -88.58078499999999167, 1.600000000000000089 ) ) ;
#717 = VERTEX_POINT ( 'NONE', #1285 ) ;
#718 = FACE_OUTER_BOUND ( 'NONE', #758, .T. ) ;
#719 = CARTESIAN_POINT ( 'NONE',  ( 102.8139058084240389, -63.09917396239185194, 1.399999999999999911 ) ) ;
#720 = CARTESIAN_POINT ( 'NONE',  ( 114.0857630951841486, -63.09917396239185194, 1.399999999999999911 ) ) ;
#721 = DIRECTION ( 'NONE',  ( -0.000000000000000000, -0.000000000000000000, -1.000000000000000000 ) ) ;
#722 = SECURITY_CLASSIFICATION ( '', '', #2658 ) ;
#723 = LOCAL_TIME ( 19, 36, 22.00000000000000000, #2415 ) ;
#724 = LINE ( 'NONE', #215, #3041 ) ;
#725 = CALENDAR_DATE ( 2026, 4, 4 ) ;
#726 = PLANE ( 'NONE',  #414 ) ;
#727 = VERTEX_POINT ( 'NONE', #1253 ) ;
#728 = DIRECTION ( 'NONE',  ( 0.9781472732833005335, 0.2079132313452998482, -0.000000000000000000 ) ) ;
#729 = VERTEX_POINT ( 'NONE', #1473 ) ;
#730 = DIRECTION ( 'NONE',  ( -0.000000000000000000, -0.000000000000000000, 1.000000000000000000 ) ) ;
#731 = LINE ( 'NONE', #1696, #2549 ) ;
#732 = ADVANCED_FACE ( 'NONE', ( #1046 ), #1936, .F. ) ;
#733 = EDGE_LOOP ( 'NONE', ( #646, #1852, #3083, #1025 ) ) ;
#734 = DIRECTION ( 'NONE',  ( -0.000000000000000000, -0.000000000000000000, -1.000000000000000000 ) ) ;
#735 = LINE ( 'NONE', #1930, #683 ) ;
#736 = CARTESIAN_POINT ( 'NONE',  ( 98.79999999999999716, -76.95000000000000284, 1.600000000000000089 ) ) ;
#737 = VECTOR ( 'NONE', #2814, 1000.000000000000000 ) ;
#738 = DIRECTION ( 'NONE',  ( -0.09801871720096838603, 0.9951845713626575884, 0.000000000000000000 ) ) ;
#739 = VECTOR ( 'NONE', #919, 1000.000000000000000 ) ;
#740 = DIRECTION ( 'NONE',  ( 0.000000000000000000, 0.000000000000000000, 1.000000000000000000 ) ) ;
#741 = DIRECTION ( 'NONE',  ( 0.000000000000000000, 1.000000000000000000, 0.000000000000000000 ) ) ;
#742 = ORIENTED_EDGE ( 'NONE', *, *, #3115, .T. ) ;
#743 = CARTESIAN_POINT ( 'NONE',  ( 121.9891280000000080, -80.64049500000000137, 1.600000000000000089 ) ) ;
#744 = ORIENTED_EDGE ( 'NONE', *, *, #1336, .T. ) ;
#745 = CC_DESIGN_DATE_AND_TIME_ASSIGNMENT ( #1201, #1470, ( #1309 ) ) ;
#746 = CARTESIAN_POINT ( 'NONE',  ( 120.0564960880900287, -78.42711737717354481, 1.199999999999999956 ) ) ;
#747 = ADVANCED_FACE ( 'NONE', ( #2218 ), #2691, .F. ) ;
#748 = CARTESIAN_POINT ( 'NONE',  ( 105.1468111613521330, -78.32416819510957851, 1.199999999999999956 ) ) ;
#749 = ORIENTED_EDGE ( 'NONE', *, *, #334, .F. ) ;
#750 = DIRECTION ( 'NONE',  ( 0.9951845713626576995, -0.09801871720096841378, 0.000000000000000000 ) ) ;
#751 = PLANE ( 'NONE',  #588 ) ;
#752 = DIRECTION ( 'NONE',  ( -0.000000000000000000, -0.000000000000000000, -1.000000000000000000 ) ) ;
#753 = DIRECTION ( 'NONE',  ( 0.000000000000000000, -0.000000000000000000, 1.000000000000000000 ) ) ;
#754 = PERSON_AND_ORGANIZATION ( #18446744073709551615, #18446744073709551615 ) ;
#755 = EDGE_CURVE ( 'NONE', #310, #1021, #1989, .T. ) ;
#756 = VECTOR ( 'NONE', #3084, 1000.000000000000114 ) ;
#757 = EDGE_CURVE ( 'NONE', #2708, #2020, #2740, .T. ) ;
#758 = EDGE_LOOP ( 'NONE', ( #2520, #2871, #2265, #2905 ) ) ;
#759 = CARTESIAN_POINT ( 'NONE',  ( 120.0564960880900287, -83.28797500581734425, 1.199999999999999956 ) ) ;
#760 = DIRECTION ( 'NONE',  ( -0.000000000000000000, -0.000000000000000000, -1.000000000000000000 ) ) ;
#761 = ORIENTED_EDGE ( 'NONE', *, *, #1813, .T. ) ;
#762 = FACE_OUTER_BOUND ( 'NONE', #2664, .T. ) ;
#763 = LINE ( 'NONE', #1760, #1343 ) ;
#764 = ORIENTED_EDGE ( 'NONE', *, *, #2098, .T. ) ;
#765 = CARTESIAN_POINT ( 'NONE',  ( 121.8999999999999915, -80.25000000000000000, 0.1000000000000000056 ) ) ;
#766 = CARTESIAN_POINT ( 'NONE',  ( 114.0857630951841486, -57.10000000000000142, 0.1000000000000000472 ) ) ;
#767 = ORIENTED_EDGE ( 'NONE', *, *, #1665, .F. ) ;
#768 = ORIENTED_EDGE ( 'NONE', *, *, #1664, .T. ) ;
#769 = DIRECTION ( 'NONE',  ( 0.9569413480748482081, 0.2902813399870755595, 0.000000000000000000 ) ) ;
#770 = ADVANCED_FACE ( 'NONE', ( #2470 ), #573, .F. ) ;
#771 = EDGE_CURVE ( 'NONE', #2383, #1277, #2914, .T. ) ;
#772 = VECTOR ( 'NONE', #4, 1000.000000000000000 ) ;
#773 = ORIENTED_EDGE ( 'NONE', *, *, #1041, .T. ) ;
#774 = DIRECTION ( 'NONE',  ( -0.000000000000000000, -0.000000000000000000, -1.000000000000000000 ) ) ;
#775 = CARTESIAN_POINT ( 'NONE',  ( 122.7807850000000087, -87.79509000000000185, 1.600000000000000089 ) ) ;
#776 = AXIS2_PLACEMENT_3D ( 'NONE', #2157, #1865, #915 ) ;
#777 = EDGE_CURVE ( 'NONE', #395, #44, #337, .T. ) ;
#778 = LINE ( 'NONE', #1737, #1134 ) ;
#779 = VERTEX_POINT ( 'NONE', #743 ) ;
#780 = CARTESIAN_POINT ( 'NONE',  ( 120.0564960880900287, -83.28797500581734425, 1.199999999999999956 ) ) ;
#781 = EDGE_CURVE ( 'NONE', #2443, #569, #2237, .T. ) ;
#782 = DIRECTION ( 'NONE',  ( -0.000000000000000000, 1.000000000000000000, 0.000000000000000000 ) ) ;
#783 = EDGE_CURVE ( 'NONE', #912, #1625, #2184, .T. ) ;
#784 = AXIS2_PLACEMENT_3D ( 'NONE', #3107, #728, #461 ) ;
#785 = CARTESIAN_POINT ( 'NONE',  ( 116.2675662552226328, 0.000000000000000000, 0.1000000000000000056 ) ) ;
#786 = VERTEX_POINT ( 'NONE', #1012 ) ;
#787 = EDGE_CURVE ( 'NONE', #140, #978, #2200, .T. ) ;
#788 = DIRECTION ( 'NONE',  ( -0.000000000000000000, 0.000000000000000000, 1.000000000000000000 ) ) ;
#789 = DIRECTION ( 'NONE',  ( 1.000000000000000000, 0.000000000000000000, 0.000000000000000000 ) ) ;
#790 = ORIENTED_EDGE ( 'NONE', *, *, #2235, .F. ) ;
#791 = VERTEX_POINT ( 'NONE', #1971 ) ;
#792 = DIRECTION ( 'NONE',  ( 0.000000000000000000, -1.000000000000000000, 0.000000000000000000 ) ) ;
#793 = EDGE_CURVE ( 'NONE', #1087, #1855, #2009, .T. ) ;
#794 = ORIENTED_EDGE ( 'NONE', *, *, #1990, .T. ) ;
#795 = DIRECTION ( 'NONE',  ( -0.7730089055066414749, -0.6343951702270629323, 0.000000000000000000 ) ) ;
#796 = VECTOR ( 'NONE', #256, 1000.000000000000000 ) ;
#797 = VECTOR ( 'NONE', #2340, 1000.000000000000000 ) ;
#798 = EDGE_CURVE ( 'NONE', #1592, #1116, #2433, .T. ) ;
#799 = VERTEX_POINT ( 'NONE', #2485 ) ;
#800 = CARTESIAN_POINT ( 'NONE',  ( 122.4095049999999958, -81.06087200000000337, 0.1000000000000000056 ) ) ;
#801 = PLANE ( 'NONE',  #374 ) ;
#802 = DIRECTION ( 'NONE',  ( 0.000000000000000000, 0.000000000000000000, -1.000000000000000000 ) ) ;
#803 = ORIENTED_EDGE ( 'NONE', *, *, #1895, .F. ) ;
#804 = DIRECTION ( 'NONE',  ( -0.09801871720096838603, -0.9951845713626575884, 0.000000000000000000 ) ) ;
#805 = CARTESIAN_POINT ( 'NONE',  ( 99.16606299999999408, -78.67219099999999798, 1.600000000000000089 ) ) ;
#806 = EDGE_CURVE ( 'NONE', #1823, #2599, #2977, .T. ) ;
#807 = ORIENTED_EDGE ( 'NONE', *, *, #2776, .T. ) ;
#808 = CARTESIAN_POINT ( 'NONE',  ( 99.69507000000000119, -77.94407599999999547, 0.1000000000000000056 ) ) ;
#809 = DIRECTION ( 'NONE',  ( 0.000000000000000000, 0.000000000000000000, -1.000000000000000000 ) ) ;
#810 = ORIENTED_EDGE ( 'NONE', *, *, #2199, .T. ) ;
#811 = DIRECTION ( 'NONE',  ( 0.6343926686613992061, 0.7730109584919662158, 0.000000000000000000 ) ) ;
#812 = AXIS2_PLACEMENT_3D ( 'NONE', #2638, #1256, #2221 ) ;
#813 = LINE ( 'NONE', #1016, #2492 ) ;
#814 = ORIENTED_EDGE ( 'NONE', *, *, #1562, .F. ) ;
#815 = LINE ( 'NONE', #2965, #1015 ) ;
#816 = DIRECTION ( 'NONE',  ( -1.000000000000000000, 0.000000000000000000, -0.000000000000000000 ) ) ;
#817 = DIRECTION ( 'NONE',  ( 0.000000000000000000, 0.000000000000000000, 1.000000000000000000 ) ) ;
#818 = EDGE_CURVE ( 'NONE', #923, #2008, #266, .T. ) ;
#819 = ORIENTED_EDGE ( 'NONE', *, *, #1739, .T. ) ;
#820 = CARTESIAN_POINT ( 'NONE',  ( 99.32900699999999006, -78.57811499999999683, 1.600000000000000089 ) ) ;
#821 = LINE ( 'NONE', #2001, #263 ) ;
#822 = ORIENTED_EDGE ( 'NONE', *, *, #1036, .T. ) ;
#823 = VECTOR ( 'NONE', #3075, 1000.000000000000000 ) ;
#824 = CARTESIAN_POINT ( 'NONE',  ( 121.9950900000000047, -88.58078499999999167, 0.1000000000000000056 ) ) ;
#825 = ORIENTED_EDGE ( 'NONE', *, *, #1348, .F. ) ;
#826 = PLANE ( 'NONE',  #1987 ) ;
#827 = VECTOR ( 'NONE', #403, 1000.000000000000000 ) ;
#828 = ORIENTED_EDGE ( 'NONE', *, *, #1834, .T. ) ;
#829 = DIRECTION ( 'NONE',  ( -0.000000000000000000, -0.000000000000000000, -1.000000000000000000 ) ) ;
#830 = DIRECTION ( 'NONE',  ( 0.000000000000000000, 0.000000000000000000, -1.000000000000000000 ) ) ;
#831 = VECTOR ( 'NONE', #1513, 1000.000000000000114 ) ;
#832 = PLANE ( 'NONE',  #435 ) ;
#833 = EDGE_LOOP ( 'NONE', ( #560, #2637, #1007, #104 ) ) ;
#834 = CARTESIAN_POINT ( 'NONE',  ( 120.6715820999191493, -72.27625725888233887, 1.199999999999999956 ) ) ;
#835 = ADVANCED_FACE ( 'NONE', ( #537 ), #2928, .T. ) ;
#836 = CARTESIAN_POINT ( 'NONE',  ( 121.8000000000000114, -88.59999999999999432, 0.1000000000000000056 ) ) ;
#837 = VERTEX_POINT ( 'NONE', #1611 ) ;
#838 = DIRECTION ( 'NONE',  ( -0.2902813399871403410, -0.9569413480748285572, 0.000000000000000000 ) ) ;
#839 = ORIENTED_EDGE ( 'NONE', *, *, #1078, .T. ) ;
#840 = CARTESIAN_POINT ( 'NONE',  ( 115.0611029455927223, -63.09917396239185194, 1.199999999999999956 ) ) ;
#841 = VECTOR ( 'NONE', #2735, 1000.000000000000114 ) ;
#842 = LINE ( 'NONE', #909, #2341 ) ;
#843 = ORIENTED_EDGE ( 'NONE', *, *, #1366, .F. ) ;
#844 = CARTESIAN_POINT ( 'NONE',  ( 122.2388590000000050, -76.24635200000000168, 1.600000000000000089 ) ) ;
#845 = DIRECTION ( 'NONE',  ( 0.1119649807666246583, 0.9937121530312131856, 0.000000000000000000 ) ) ;
#846 = VECTOR ( 'NONE', #2854, 1000.000000000000000 ) ;
#847 = VECTOR ( 'NONE', #2370, 1000.000000000000000 ) ;
#848 = CARTESIAN_POINT ( 'NONE',  ( 0.000000000000000000, -78.42711737717354481, 0.1000000000000000056 ) ) ;
#849 = VECTOR ( 'NONE', #1227, 1000.000000000000000 ) ;
#850 = CC_DESIGN_PERSON_AND_ORGANIZATION_ASSIGNMENT ( #1719, #492, ( #722 ) ) ;
#851 = ORIENTED_EDGE ( 'NONE', *, *, #881, .T. ) ;
#852 = ADVANCED_FACE ( 'NONE', ( #2774 ), #826, .F. ) ;
#853 = FACE_OUTER_BOUND ( 'NONE', #1378, .T. ) ;
#854 = LINE ( 'NONE', #1528, #163 ) ;
#855 = ORIENTED_EDGE ( 'NONE', *, *, #2539, .F. ) ;
#856 = CARTESIAN_POINT ( 'NONE',  ( 121.8999999999999915, -80.25000000000000000, 1.600000000000000089 ) ) ;
#857 = ORIENTED_EDGE ( 'NONE', *, *, #1236, .T. ) ;
#858 = CARTESIAN_POINT ( 'NONE',  ( 99.46882999999999697, -77.24778200000000083, 1.600000000000000089 ) ) ;
#859 = EDGE_CURVE ( 'NONE', #1320, #2894, #2519, .T. ) ;
#860 = ADVANCED_FACE ( 'NONE', ( #1299 ), #3045, .F. ) ;
#861 = DIRECTION ( 'NONE',  ( 0.8467241733336737797, 0.5320321177263706014, 0.000000000000000000 ) ) ;
#862 = ORIENTED_EDGE ( 'NONE', *, *, #2803, .F. ) ;
#863 = CARTESIAN_POINT ( 'NONE',  ( 102.0178648463648443, -63.09917396239185194, 1.199999999999999956 ) ) ;
#864 = CARTESIAN_POINT ( 'NONE',  ( 99.79999999999999716, -56.59999999999999432, 1.600000000000000089 ) ) ;
#865 = DIRECTION ( 'NONE',  ( 0.000000000000000000, 1.000000000000000000, 0.000000000000000000 ) ) ;
#866 = VERTEX_POINT ( 'NONE', #2298 ) ;
#867 = VECTOR ( 'NONE', #2912, 1000.000000000000000 ) ;
#868 = CYLINDRICAL_SURFACE ( 'NONE', #285, 0.5000000000000004441 ) ;
#869 = CARTESIAN_POINT ( 'NONE',  ( 122.7807850000000087, -87.79509000000000185, 0.1000000000000000056 ) ) ;
#870 = CARTESIAN_POINT ( 'NONE',  ( 120.8276965518429336, 0.000000000000000000, 0.1000000000000000056 ) ) ;
#871 = VECTOR ( 'NONE', #67, 1000.000000000000114 ) ;
#872 = ORIENTED_EDGE ( 'NONE', *, *, #1631, .F. ) ;
#873 = LINE ( 'NONE', #1812, #1602 ) ;
#874 = VERTEX_POINT ( 'NONE', #621 ) ;
#875 = EDGE_CURVE ( 'NONE', #786, #96, #2085, .T. ) ;
#876 = CARTESIAN_POINT ( 'NONE',  ( 122.4095049999999958, -76.13912799999999947, 1.600000000000000089 ) ) ;
#877 = ADVANCED_FACE ( 'NONE', ( #587 ), #1093, .F. ) ;
#878 = CARTESIAN_POINT ( 'NONE',  ( 122.5071070000000049, -56.89289300000000082, 1.600000000000000089 ) ) ;
#879 = ORIENTED_EDGE ( 'NONE', *, *, #2565, .T. ) ;
#880 = DIRECTION ( 'NONE',  ( 0.000000000000000000, 0.000000000000000000, -1.000000000000000000 ) ) ;
#881 = EDGE_CURVE ( 'NONE', #2717, #1535, #2755, .T. ) ;
#882 = CARTESIAN_POINT ( 'NONE',  ( 99.60491000000000383, -56.61921499999999696, 1.600000000000000089 ) ) ;
#883 = ADVANCED_FACE ( 'NONE', ( #2824 ), #125, .T. ) ;
#884 = EDGE_CURVE ( 'NONE', #606, #3130, #2284, .T. ) ;
#885 = ORIENTED_EDGE ( 'NONE', *, *, #2339, .T. ) ;
#886 = VECTOR ( 'NONE', #1288, 1000.000000000000000 ) ;
#887 = DIRECTION ( 'NONE',  ( 0.000000000000000000, 0.000000000000000000, -1.000000000000000000 ) ) ;
#888 = CARTESIAN_POINT ( 'NONE',  ( 122.8000000000000114, -81.15000000000000568, 0.1000000000000000056 ) ) ;
#889 = ADVANCED_FACE ( 'NONE', ( #2809 ), #3028, .F. ) ;
#890 = ORIENTED_EDGE ( 'NONE', *, *, #2687, .F. ) ;
#891 = VECTOR ( 'NONE', #996, 1000.000000000000000 ) ;
#892 = CARTESIAN_POINT ( 'NONE',  ( 102.0178648463648443, -72.32281480204682111, 1.399999999999999911 ) ) ;
#893 = EDGE_LOOP ( 'NONE', ( #1024, #2096, #2881, #1408 ) ) ;
#894 = CARTESIAN_POINT ( 'NONE',  ( 120.6715820999191493, -62.40122859638317010, 1.199999999999999956 ) ) ;
#895 = EDGE_CURVE ( 'NONE', #1301, #2607, #2315, .T. ) ;
#896 = CARTESIAN_POINT ( 'NONE',  ( 122.1826829999999973, -88.52388000000000545, 1.600000000000000089 ) ) ;
#897 = ORIENTED_EDGE ( 'NONE', *, *, #1321, .T. ) ;
#898 = ORIENTED_EDGE ( 'NONE', *, *, #1448, .F. ) ;
#899 = DIRECTION ( 'NONE',  ( 0.1045273614069853058, 0.9945220111778790839, -0.000000000000000000 ) ) ;
#900 = EDGE_CURVE ( 'NONE', #638, #1157, #1112, .T. ) ;
#901 = ORIENTED_EDGE ( 'NONE', *, *, #1862, .T. ) ;
#902 = DIRECTION ( 'NONE',  ( 0.9945220111778790839, -0.1045273614069853058, 0.000000000000000000 ) ) ;
#903 = VECTOR ( 'NONE', #1391, 1000.000000000000000 ) ;
#904 = VECTOR ( 'NONE', #1517, 1000.000000000000114 ) ;
#905 = DIRECTION ( 'NONE',  ( 0.000000000000000000, 0.000000000000000000, 1.000000000000000000 ) ) ;
#906 = VERTEX_POINT ( 'NONE', #604 ) ;
#907 = DIRECTION ( 'NONE',  ( 1.000000000000000000, 0.000000000000000000, 0.000000000000000000 ) ) ;
#908 = ORIENTED_EDGE ( 'NONE', *, *, #875, .T. ) ;
#909 = CARTESIAN_POINT ( 'NONE',  ( 98.96853099999999870, -57.04442999999999842, 0.1000000000000000056 ) ) ;
#910 = ORIENTED_EDGE ( 'NONE', *, *, #2490, .T. ) ;
#911 = FACE_OUTER_BOUND ( 'NONE', #1416, .T. ) ;
#912 = VERTEX_POINT ( 'NONE', #2039 ) ;
#913 = DIRECTION ( 'NONE',  ( -0.7431453400109567786, -0.6691300349110025358, 0.000000000000000000 ) ) ;
#914 = EDGE_CURVE ( 'NONE', #196, #2646, #2070, .T. ) ;
#915 = DIRECTION ( 'NONE',  ( 0.000000000000000000, 0.000000000000000000, -1.000000000000000000 ) ) ;
#916 = VECTOR ( 'NONE', #2890, 999.9999999999998863 ) ;
#917 = VERTEX_POINT ( 'NONE', #1596 ) ;
#918 = CARTESIAN_POINT ( 'NONE',  ( 122.3555700000000002, -88.43147000000000446, 1.600000000000000089 ) ) ;
#919 = DIRECTION ( 'NONE',  ( 0.000000000000000000, 0.000000000000000000, -1.000000000000000000 ) ) ;
#920 = LINE ( 'NONE', #690, #658 ) ;
#921 = ORIENTED_EDGE ( 'NONE', *, *, #783, .T. ) ;
#922 = CARTESIAN_POINT ( 'NONE',  ( 121.9225649999999916, -76.74973099999999704, 1.600000000000000089 ) ) ;
#923 = VERTEX_POINT ( 'NONE', #2572 ) ;
#924 = FACE_OUTER_BOUND ( 'NONE', #557, .T. ) ;
#925 = ORIENTED_EDGE ( 'NONE', *, *, #2701, .T. ) ;
#926 = DIRECTION ( 'NONE',  ( 0.9438832626649830138, -0.3302792552687902061, 0.000000000000000000 ) ) ;
#927 = DIRECTION ( 'NONE',  ( -0.000000000000000000, -0.000000000000000000, -1.000000000000000000 ) ) ;
#928 = VECTOR ( 'NONE', #1939, 1000.000000000000000 ) ;
#929 = ORIENTED_EDGE ( 'NONE', *, *, #2655, .F. ) ;
#930 = LINE ( 'NONE', #1880, #2786 ) ;
#931 = EDGE_CURVE ( 'NONE', #1006, #466, #2024, .T. ) ;
#932 = VECTOR ( 'NONE', #969, 1000.000000000000000 ) ;
#933 = DIRECTION ( 'NONE',  ( -0.7071067811865475727, -0.7071067811865475727, 0.000000000000000000 ) ) ;
#934 = ORIENTED_EDGE ( 'NONE', *, *, #2869, .F. ) ;
#935 = CARTESIAN_POINT ( 'NONE',  ( 122.7238799999999941, -87.98268300000000863, 0.1000000000000000056 ) ) ;
#936 = CARTESIAN_POINT ( 'NONE',  ( 122.5071070000000049, -56.89289300000000082, 0.1000000000000000056 ) ) ;
#937 = ORIENTED_EDGE ( 'NONE', *, *, #18, .F. ) ;
#938 = CARTESIAN_POINT ( 'NONE',  ( 122.7238799999999941, -87.98268300000000863, 1.600000000000000089 ) ) ;
#939 = VECTOR ( 'NONE', #174, 1000.000000000000000 ) ;
#940 = ORIENTED_EDGE ( 'NONE', *, *, #2231, .T. ) ;
#941 = DIRECTION ( 'NONE',  ( -0.000000000000000000, 0.000000000000000000, 1.000000000000000000 ) ) ;
#942 = CARTESIAN_POINT ( 'NONE',  ( 99.16606299999999408, -77.02780900000000486, 0.1000000000000000056 ) ) ;
#943 = ORIENTED_EDGE ( 'NONE', *, *, #239, .T. ) ;
#944 = CARTESIAN_POINT ( 'NONE',  ( 102.3139058084240389, -56.59999999999999432, 0.1000000000000000056 ) ) ;
#945 = ORIENTED_EDGE ( 'NONE', *, *, #2359, .F. ) ;
#946 = DIRECTION ( 'NONE',  ( 0.4713966306486964686, 0.8819213211012967291, 0.000000000000000000 ) ) ;
#947 = EDGE_CURVE ( 'NONE', #2754, #2574, #1363, .T. ) ;
#948 = CARTESIAN_POINT ( 'NONE',  ( 98.98712100000000191, -76.96966700000000117, 1.600000000000000089 ) ) ;
#949 = ORIENTED_EDGE ( 'NONE', *, *, #1645, .T. ) ;
#950 = DIRECTION ( 'NONE',  ( 0.000000000000000000, -1.000000000000000000, -0.000000000000000000 ) ) ;
#951 = ORIENTED_EDGE ( 'NONE', *, *, #2234, .T. ) ;
#952 = DIRECTION ( 'NONE',  ( -0.000000000000000000, -0.000000000000000000, -1.000000000000000000 ) ) ;
#953 = CARTESIAN_POINT ( 'NONE',  ( 121.8000000000000114, -56.59999999999999432, 1.600000000000000089 ) ) ;
#954 = VERTEX_POINT ( 'NONE', #1129 ) ;
#955 = DIRECTION ( 'NONE',  ( -1.000000000000000000, 0.000000000000000000, 0.000000000000000000 ) ) ;
#956 = DIRECTION ( 'NONE',  ( -0.09801871720096838603, 0.9951845713626575884, 0.000000000000000000 ) ) ;
#957 = CARTESIAN_POINT ( 'NONE',  ( 118.3095652049721309, -62.40122859638317010, 0.1000000000000000472 ) ) ;
#958 = LINE ( 'NONE', #2163, #2765 ) ;
#959 = PLANE ( 'NONE',  #2118 ) ;
#960 = COORDINATED_UNIVERSAL_TIME_OFFSET ( 1, 0, .AHEAD. ) ;
#961 = LINE ( 'NONE', #1691, #867 ) ;
#962 = EDGE_CURVE ( 'NONE', #923, #1386, #3060, .T. ) ;
#963 = VERTEX_POINT ( 'NONE', #2991 ) ;
#964 = CARTESIAN_POINT ( 'NONE',  ( 121.9950900000000047, -56.61921499999999696, 1.600000000000000089 ) ) ;
#965 = EDGE_CURVE ( 'NONE', #1403, #1214, #1536, .T. ) ;
#966 = ORIENTED_EDGE ( 'NONE', *, *, #105, .T. ) ;
#967 = VECTOR ( 'NONE', #2343, 1000.000000000000000 ) ;
#968 = CARTESIAN_POINT ( 'NONE',  ( 118.5543324666909513, -74.23153301064368748, 0.1000000000000000472 ) ) ;
#969 = DIRECTION ( 'NONE',  ( 0.6957952158270119813, -0.7182402227891736546, 0.000000000000000000 ) ) ;
#970 = ORIENTED_EDGE ( 'NONE', *, *, #2900, .T. ) ;
#971 = VECTOR ( 'NONE', #1514, 1000.000000000000000 ) ;
#972 = LINE ( 'NONE', #2639, #1946 ) ;
#973 = CARTESIAN_POINT ( 'NONE',  ( 108.4498344518040938, -32.38110561960569100, 1.399999999999999911 ) ) ;
#974 = CARTESIAN_POINT ( 'NONE',  ( 118.3095652049721309, -60.50461087972688290, 0.1000000000000000472 ) ) ;
#975 = DIRECTION ( 'NONE',  ( 0.4713966306487514801, 0.8819213211012673082, 0.000000000000000000 ) ) ;
#976 = CC_DESIGN_PERSON_AND_ORGANIZATION_ASSIGNMENT ( #249, #2688, ( #183 ) ) ;
#977 = CARTESIAN_POINT ( 'NONE',  ( 120.8276965518429336, -75.42549763944744257, 0.1000000000000000472 ) ) ;
#978 = VERTEX_POINT ( 'NONE', #1521 ) ;
#979 = EDGE_CURVE ( 'NONE', #1592, #1021, #3031, .T. ) ;
#980 = DIRECTION ( 'NONE',  ( 0.8467241733336737797, -0.5320321177263706014, 0.000000000000000000 ) ) ;
#981 = VERTEX_POINT ( 'NONE', #800 ) ;
#982 = CARTESIAN_POINT ( 'NONE',  ( 121.9225649999999916, -76.74973099999999704, 0.1000000000000000056 ) ) ;
#983 = LINE ( 'NONE', #564, #3118 ) ;
#984 = ORIENTED_EDGE ( 'NONE', *, *, #2994, .T. ) ;
#985 = VECTOR ( 'NONE', #2426, 1000.000000000000114 ) ;
#986 = DIRECTION ( 'NONE',  ( 0.09801871720096839991, 0.9951845713626575884, 0.000000000000000000 ) ) ;
#987 = CARTESIAN_POINT ( 'NONE',  ( 122.7238799999999941, -87.98268300000000863, 1.600000000000000089 ) ) ;
#988 = VECTOR ( 'NONE', #3068, 1000.000000000000000 ) ;
#989 = LOCAL_TIME ( 19, 36, 22.00000000000000000, #2673 ) ;
#990 = ORIENTED_EDGE ( 'NONE', *, *, #2019, .T. ) ;
#991 = AXIS2_PLACEMENT_3D ( 'NONE', #2345, #113, #145 ) ;
#992 = DIRECTION ( 'NONE',  ( -0.000000000000000000, -0.000000000000000000, -1.000000000000000000 ) ) ;
#993 = AXIS2_PLACEMENT_3D ( 'NONE', #1283, #1059, #46 ) ;
#994 = CALENDAR_DATE ( 2026, 4, 4 ) ;
#995 = VERTEX_POINT ( 'NONE', #2042 ) ;
#996 = DIRECTION ( 'NONE',  ( -1.000000000000000000, 0.000000000000000000, 0.000000000000000000 ) ) ;
#997 = FACE_OUTER_BOUND ( 'NONE', #348, .T. ) ;
#998 = ORIENTED_EDGE ( 'NONE', *, *, #1048, .F. ) ;
#999 = DIRECTION ( 'NONE',  ( -0.000000000000000000, 0.000000000000000000, 1.000000000000000000 ) ) ;
#1000 = LINE ( 'NONE', #1743, #1748 ) ;
#1001 = EDGE_LOOP ( 'NONE', ( #1237, #1074, #1362, #462 ) ) ;
#1002 = EDGE_CURVE ( 'NONE', #1779, #1823, #815, .T. ) ;
#1003 = EDGE_CURVE ( 'NONE', #638, #1320, #2729, .T. ) ;
#1004 = LINE ( 'NONE', #1961, #831 ) ;
#1005 = DIRECTION ( 'NONE',  ( -0.000000000000000000, -0.000000000000000000, -1.000000000000000000 ) ) ;
#1006 = VERTEX_POINT ( 'NONE', #3012 ) ;
#1007 = ORIENTED_EDGE ( 'NONE', *, *, #1795, .T. ) ;
#1008 = EDGE_CURVE ( 'NONE', #2884, #1678, #1065, .T. ) ;
#1009 = CARTESIAN_POINT ( 'NONE',  ( 122.8000000000000114, -81.15000000000000568, 1.600000000000000089 ) ) ;
#1010 = VECTOR ( 'NONE', #1167, 1000.000000000000000 ) ;
#1011 = ORIENTED_EDGE ( 'NONE', *, *, #2235, .T. ) ;
#1012 = CARTESIAN_POINT ( 'NONE',  ( 98.98712100000000191, -76.96966700000000117, 1.600000000000000089 ) ) ;
#1013 = FACE_OUTER_BOUND ( 'NONE', #1051, .T. ) ;
#1014 = EDGE_CURVE ( 'NONE', #1116, #2843, #2505, .T. ) ;
#1015 = VECTOR ( 'NONE', #1758, 1000.000000000000227 ) ;
#1016 = CARTESIAN_POINT ( 'NONE',  ( 122.3555700000000002, -88.43147000000000446, 0.1000000000000000056 ) ) ;
#1017 = ORIENTED_EDGE ( 'NONE', *, *, #2616, .T. ) ;
#1018 = DIRECTION ( 'NONE',  ( -0.9937121530312131856, 0.1119649807666246583, 0.000000000000000000 ) ) ;
#1019 = CARTESIAN_POINT ( 'NONE',  ( 122.2388590000000050, -80.95364800000000116, 1.600000000000000089 ) ) ;
#1020 = CYLINDRICAL_SURFACE ( 'NONE', #1798, 0.5000000000000004441 ) ;
#1021 = VERTEX_POINT ( 'NONE', #2521 ) ;
#1022 = PLANE ( 'NONE',  #672 ) ;
#1023 = DIRECTION ( 'NONE',  ( -0.9945220111778790839, -0.1045273614069853058, 0.000000000000000000 ) ) ;
#1024 = ORIENTED_EDGE ( 'NONE', *, *, #3056, .T. ) ;
#1025 = ORIENTED_EDGE ( 'NONE', *, *, #1923, .T. ) ;
#1026 = EDGE_CURVE ( 'NONE', #995, #1709, #2794, .T. ) ;
#1027 = LINE ( 'NONE', #62, #2514 ) ;
#1028 = SHAPE_DEFINITION_REPRESENTATION ( #2540, #609 ) ;
#1029 = AXIS2_PLACEMENT_3D ( 'NONE', #1680, #1695, #2665 ) ;
#1030 = VERTEX_POINT ( 'NONE', #354 ) ;
#1031 = PLANE ( 'NONE',  #2393 ) ;
#1032 = EDGE_LOOP ( 'NONE', ( #1017, #45, #2832, #1443 ) ) ;
#1033 = DIRECTION ( 'NONE',  ( 0.000000000000000000, 0.000000000000000000, -1.000000000000000000 ) ) ;
#1034 = CARTESIAN_POINT ( 'NONE',  ( 113.6815037680679410, -59.19762818538173832, 1.600000000000000089 ) ) ;
#1035 = VECTOR ( 'NONE', #1519, 1000.000000000000000 ) ;
#1036 = EDGE_CURVE ( 'NONE', #2269, #1124, #1302, .T. ) ;
#1037 = CARTESIAN_POINT ( 'NONE',  ( 122.4095049999999958, -81.06087200000000337, 1.600000000000000089 ) ) ;
#1038 = ORIENTED_EDGE ( 'NONE', *, *, #502, .T. ) ;
#1039 = FACE_OUTER_BOUND ( 'NONE', #1640, .T. ) ;
#1040 = CARTESIAN_POINT ( 'NONE',  ( 122.0963520000000102, -80.81114100000000633, 1.600000000000000089 ) ) ;
#1041 = EDGE_CURVE ( 'NONE', #1949, #2793, #2758, .T. ) ;
#1042 = EDGE_LOOP ( 'NONE', ( #3016, #901, #143, #71 ) ) ;
#1043 = FACE_OUTER_BOUND ( 'NONE', #733, .T. ) ;
#1044 = CARTESIAN_POINT ( 'NONE',  ( 120.8276965518429336, -75.42549763944744257, 1.199999999999999956 ) ) ;
#1045 = VERTEX_POINT ( 'NONE', #1772 ) ;
#1046 = FACE_OUTER_BOUND ( 'NONE', #1765, .T. ) ;
#1047 = AXIS2_PLACEMENT_3D ( 'NONE', #1422, #740, #2401 ) ;
#1048 = EDGE_CURVE ( 'NONE', #298, #2220, #2286, .T. ) ;
#1049 = VECTOR ( 'NONE', #734, 1000.000000000000000 ) ;
#1050 = CARTESIAN_POINT ( 'NONE',  ( 122.0963520000000102, -76.38885899999999651, 0.1000000000000000056 ) ) ;
#1051 = EDGE_LOOP ( 'NONE', ( #2724, #1220, #2314, #1508 ) ) ;
#1052 = CARTESIAN_POINT ( 'NONE',  ( 118.5543324666909513, -74.23153301064368748, 1.199999999999999956 ) ) ;
#1053 = DIRECTION ( 'NONE',  ( -1.000000000000000000, 0.000000000000000000, 0.000000000000000000 ) ) ;
#1054 = DIRECTION ( 'NONE',  ( -1.000000000000000000, 0.000000000000000000, 0.000000000000000000 ) ) ;
#1055 = ORIENTED_EDGE ( 'NONE', *, *, #2803, .T. ) ;
#1056 = DIRECTION ( 'NONE',  ( 0.9937121530312208462, 0.1119649807665566432, 0.000000000000000000 ) ) ;
#1057 = LINE ( 'NONE', #616, #2187 ) ;
#1058 = ORIENTED_EDGE ( 'NONE', *, *, #549, .T. ) ;
#1059 = DIRECTION ( 'NONE',  ( -1.000000000000000000, 0.000000000000000000, 0.000000000000000000 ) ) ;
#1060 = ORIENTED_EDGE ( 'NONE', *, *, #550, .T. ) ;
#1061 = CARTESIAN_POINT ( 'NONE',  ( 122.7238799999999941, -57.21731699999999421, 1.600000000000000089 ) ) ;
#1062 = VECTOR ( 'NONE', #1018, 1000.000000000000227 ) ;
#1063 = ORIENTED_EDGE ( 'NONE', *, *, #931, .F. ) ;
#1064 = EDGE_CURVE ( 'NONE', #1535, #2073, #2274, .T. ) ;
#1065 = LINE ( 'NONE', #844, #1123 ) ;
#1066 = DIRECTION ( 'NONE',  ( -0.000000000000000000, -0.000000000000000000, -1.000000000000000000 ) ) ;
#1067 = CARTESIAN_POINT ( 'NONE',  ( 121.8999999999999915, -76.95000000000000284, 0.1000000000000000056 ) ) ;
#1068 = ORIENTED_EDGE ( 'NONE', *, *, #755, .T. ) ;
#1069 = CARTESIAN_POINT ( 'NONE',  ( 116.2675662552226328, -74.23153301064368748, 1.199999999999999956 ) ) ;
#1070 = DIRECTION ( 'NONE',  ( -0.5320321177263706014, 0.8467241733336737797, 0.000000000000000000 ) ) ;
#1071 = ORIENTED_EDGE ( 'NONE', *, *, #209, .T. ) ;
#1072 = VECTOR ( 'NONE', #2355, 1000.000000000000000 ) ;
#1073 = CARTESIAN_POINT ( 'NONE',  ( 103.2181651355402323, -59.19762818538173832, 1.600000000000000089 ) ) ;
#1074 = ORIENTED_EDGE ( 'NONE', *, *, #1114, .F. ) ;
#1075 = DIRECTION ( 'NONE',  ( -1.000000000000000000, -0.000000000000000000, -0.000000000000000000 ) ) ;
#1076 = AXIS2_PLACEMENT_3D ( 'NONE', #805, #2248, #332 ) ;
#1077 = CARTESIAN_POINT ( 'NONE',  ( 121.9225649999999916, -80.45026900000000580, 1.600000000000000089 ) ) ;
#1078 = EDGE_CURVE ( 'NONE', #2721, #667, #590, .T. ) ;
#1079 = EDGE_LOOP ( 'NONE', ( #2125, #1911, #2908, #632 ) ) ;
#1080 = DIRECTION ( 'NONE',  ( 0.000000000000000000, 1.000000000000000000, 0.000000000000000000 ) ) ;
#1081 = CARTESIAN_POINT ( 'NONE',  ( 99.57942300000000557, -77.39999999999999147, 1.600000000000000089 ) ) ;
#1082 = VECTOR ( 'NONE', #2192, 1000.000000000000000 ) ;
#1083 = DIRECTION ( 'NONE',  ( -1.000000000000000000, 0.000000000000000000, 0.000000000000000000 ) ) ;
#1084 = ORIENTED_EDGE ( 'NONE', *, *, #472, .F. ) ;
#1085 = FACE_OUTER_BOUND ( 'NONE', #523, .T. ) ;
#1086 = LINE ( 'NONE', #870, #2746 ) ;
#1087 = VERTEX_POINT ( 'NONE', #2743 ) ;
#1088 = VECTOR ( 'NONE', #1339, 1000.000000000000000 ) ;
#1089 = ADVANCED_FACE ( 'NONE', ( #1804 ), #97, .F. ) ;
#1090 = EDGE_CURVE ( 'NONE', #1244, #2894, #607, .T. ) ;
#1091 = DIRECTION ( 'NONE',  ( 0.7431453400109567786, -0.6691300349110025358, 0.000000000000000000 ) ) ;
#1092 = ORIENTED_EDGE ( 'NONE', *, *, #212, .F. ) ;
#1093 = PLANE ( 'NONE',  #2790 ) ;
#1094 = VECTOR ( 'NONE', #2411, 1000.000000000000000 ) ;
#1095 = CARTESIAN_POINT ( 'NONE',  ( 114.0857630951841486, -63.09917396239185194, 1.199999999999999956 ) ) ;
#1096 = EDGE_LOOP ( 'NONE', ( #270, #1170, #1486, #2925 ) ) ;
#1097 = PLANE ( 'NONE',  #1390 ) ;
#1098 = DIRECTION ( 'NONE',  ( -0.8819213211012673082, -0.4713966306487514801, 0.000000000000000000 ) ) ;
#1099 = VECTOR ( 'NONE', #429, 1000.000000000000000 ) ;
#1100 = LOCAL_TIME ( 19, 36, 22.00000000000000000, #2911 ) ;
#1101 = CARTESIAN_POINT ( 'NONE',  ( 99.32900699999999006, -77.12188500000000602, 1.600000000000000089 ) ) ;
#1102 = ORIENTED_EDGE ( 'NONE', *, *, #1904, .F. ) ;
#1103 = FACE_OUTER_BOUND ( 'NONE', #893, .T. ) ;
#1104 = DIRECTION ( 'NONE',  ( -0.6343926686613817756, 0.7730109584919803156, 0.000000000000000000 ) ) ;
#1105 = PLANE ( 'NONE',  #575 ) ;
#1106 = ADVANCED_FACE ( 'NONE', ( #1287 ), #1097, .F. ) ;
#1107 = ORIENTED_EDGE ( 'NONE', *, *, #1248, .T. ) ;
#1108 = EDGE_CURVE ( 'NONE', #2721, #254, #577, .T. ) ;
#1109 = CARTESIAN_POINT ( 'NONE',  ( 99.32900699999999006, -77.12188500000000602, 0.1000000000000000056 ) ) ;
#1110 = EDGE_LOOP ( 'NONE', ( #1977, #2357, #814, #1555 ) ) ;
#1111 = EDGE_CURVE ( 'NONE', #791, #1686, #624, .T. ) ;
#1112 = LINE ( 'NONE', #650, #2482 ) ;
#1113 = EDGE_CURVE ( 'NONE', #1478, #350, #1273, .T. ) ;
#1114 = EDGE_CURVE ( 'NONE', #2224, #428, #1599, .T. ) ;
#1115 = PLANE ( 'NONE',  #1919 ) ;
#1116 = VERTEX_POINT ( 'NONE', #2907 ) ;
#1117 = LINE ( 'NONE', #2522, #1548 ) ;
#1118 = EDGE_CURVE ( 'NONE', #1, #310, #1466, .T. ) ;
#1119 = PLANE ( 'NONE',  #2716 ) ;
#1120 = ORIENTED_EDGE ( 'NONE', *, *, #1002, .T. ) ;
#1121 = PLANE ( 'NONE',  #1797 ) ;
#1122 = DIRECTION ( 'NONE',  ( -0.000000000000000000, -0.000000000000000000, -1.000000000000000000 ) ) ;
#1123 = VECTOR ( 'NONE', #829, 1000.000000000000000 ) ;
#1124 = VERTEX_POINT ( 'NONE', #1915 ) ;
#1125 = EDGE_CURVE ( 'NONE', #1675, #2453, #1228, .T. ) ;
#1126 = CARTESIAN_POINT ( 'NONE',  ( 118.3095652049721309, -60.50461087972688290, 1.199999999999999956 ) ) ;
#1127 = ADVANCED_FACE ( 'NONE', ( #2684 ), #751, .F. ) ;
#1128 = VERTEX_POINT ( 'NONE', #1963 ) ;
#1129 = CARTESIAN_POINT ( 'NONE',  ( 122.3555700000000002, -88.43147000000000446, 0.1000000000000000056 ) ) ;
#1130 = DIRECTION ( 'NONE',  ( 0.7730109584919945265, -0.6343926686613644561, 0.000000000000000000 ) ) ;
#1131 = ORIENTED_EDGE ( 'NONE', *, *, #2764, .F. ) ;
#1132 = ORIENTED_EDGE ( 'NONE', *, *, #647, .T. ) ;
#1133 = CARTESIAN_POINT ( 'NONE',  ( 118.3095652049721309, -60.50461087972688290, 1.199999999999999956 ) ) ;
#1134 = VECTOR ( 'NONE', #2756, 1000.000000000000000 ) ;
#1135 = VERTEX_POINT ( 'NONE', #3133 ) ;
#1136 = DIRECTION ( 'NONE',  ( -0.9937121530312132967, 0.1119649807666246721, 0.000000000000000000 ) ) ;
#1137 = EDGE_CURVE ( 'NONE', #2607, #717, #2442, .T. ) ;
#1138 = DIRECTION ( 'NONE',  ( 0.8660248566549640925, 0.5000009476548507026, 0.000000000000000000 ) ) ;
#1139 = VERTEX_POINT ( 'NONE', #957 ) ;
#1140 = CARTESIAN_POINT ( 'NONE',  ( 99.46882999999999697, -78.45221800000000201, 0.1000000000000000056 ) ) ;
#1141 = ORIENTED_EDGE ( 'NONE', *, *, #2666, .F. ) ;
#1142 = CARTESIAN_POINT ( 'NONE',  ( 99.41731700000001126, -56.67612100000000197, 1.600000000000000089 ) ) ;
#1143 = VERTEX_POINT ( 'NONE', #59 ) ;
#1144 = DIRECTION ( 'NONE',  ( 0.6343926686613992061, 0.7730109584919662158, 0.000000000000000000 ) ) ;
#1145 = EDGE_CURVE ( 'NONE', #1153, #1458, #1715, .T. ) ;
#1146 = ORIENTED_EDGE ( 'NONE', *, *, #3043, .T. ) ;
#1147 = CARTESIAN_POINT ( 'NONE',  ( 102.0178648463648443, -63.09917396239185194, 1.199999999999999956 ) ) ;
#1148 = AXIS2_PLACEMENT_3D ( 'NONE', #1081, #2575, #3013 ) ;
#1149 = VECTOR ( 'NONE', #1265, 1000.000000000000000 ) ;
#1150 = CARTESIAN_POINT ( 'NONE',  ( 114.0857630951841486, 0.000000000000000000, 0.1000000000000000056 ) ) ;
#1151 = VERTEX_POINT ( 'NONE', #1703 ) ;
#1152 = CARTESIAN_POINT ( 'NONE',  ( 102.0178648463648443, -72.32281480204682111, 1.399999999999999911 ) ) ;
#1153 = VERTEX_POINT ( 'NONE', #2193 ) ;
#1154 = DIRECTION ( 'NONE',  ( 0.000000000000000000, 0.000000000000000000, -1.000000000000000000 ) ) ;
#1155 = ORIENTED_EDGE ( 'NONE', *, *, #2531, .F. ) ;
#1156 = CARTESIAN_POINT ( 'NONE',  ( 121.8000000000000114, -88.59999999999999432, 0.1000000000000000056 ) ) ;
#1157 = VERTEX_POINT ( 'NONE', #720 ) ;
#1158 = EDGE_CURVE ( 'NONE', #2934, #2183, #735, .T. ) ;
#1159 = CARTESIAN_POINT ( 'NONE',  ( 114.5857630951841486, -56.59999999999999432, 1.600000000000000089 ) ) ;
#1160 = PLANE ( 'NONE',  #2951 ) ;
#1161 = VECTOR ( 'NONE', #49, 1000.000000000000114 ) ;
#1162 = ORIENTED_EDGE ( 'NONE', *, *, #2748, .T. ) ;
#1163 = CARTESIAN_POINT ( 'NONE',  ( 122.7238799999999941, -87.98268300000000863, 0.1000000000000000056 ) ) ;
#1164 = FACE_OUTER_BOUND ( 'NONE', #2866, .T. ) ;
#1165 = VECTOR ( 'NONE', #1843, 1000.000000000000000 ) ;
#1166 = ORIENTED_EDGE ( 'NONE', *, *, #2542, .F. ) ;
#1167 = DIRECTION ( 'NONE',  ( 0.9945220111778790839, -0.1045273614069853058, 0.000000000000000000 ) ) ;
#1168 = PLANE ( 'NONE',  #2864 ) ;
#1169 = CARTESIAN_POINT ( 'NONE',  ( 122.2388590000000050, -80.95364800000000116, 1.600000000000000089 ) ) ;
#1170 = ORIENTED_EDGE ( 'NONE', *, *, #1585, .T. ) ;
#1171 = DIRECTION ( 'NONE',  ( -0.3302792552688515459, -0.9438832626649615865, 0.000000000000000000 ) ) ;
#1172 = ORIENTED_EDGE ( 'NONE', *, *, #1958, .T. ) ;
#1173 = LINE ( 'NONE', #1159, #1941 ) ;
#1174 = DIRECTION ( 'NONE',  ( 0.000000000000000000, 1.000000000000000000, 0.000000000000000000 ) ) ;
#1175 = VECTOR ( 'NONE', #1957, 1000.000000000000000 ) ;
#1176 = CARTESIAN_POINT ( 'NONE',  ( 120.6715820999191493, -62.40122859638317010, 0.1000000000000000472 ) ) ;
#1177 = ORIENTED_EDGE ( 'NONE', *, *, #1757, .T. ) ;
#1178 = VECTOR ( 'NONE', #3037, 1000.000000000000114 ) ;
#1179 = LINE ( 'NONE', #1900, #644 ) ;
#1180 = EDGE_CURVE ( 'NONE', #2823, #1135, #1241, .T. ) ;
#1181 = ORIENTED_EDGE ( 'NONE', *, *, #2238, .F. ) ;
#1182 = VECTOR ( 'NONE', #2449, 1000.000000000000000 ) ;
#1183 = DIRECTION ( 'NONE',  ( -0.9569413480748384382, 0.2902813399871079225, 0.000000000000000000 ) ) ;
#1184 = DATE_AND_TIME ( #994, #2313 ) ;
#1185 = LINE ( 'NONE', #2659, #1775 ) ;
#1186 = ORIENTED_EDGE ( 'NONE', *, *, #3053, .F. ) ;
#1187 = CARTESIAN_POINT ( 'NONE',  ( 113.5857630951841486, -58.70688005899127404, 1.399999999999999911 ) ) ;
#1188 = ORIENTED_EDGE ( 'NONE', *, *, #2589, .T. ) ;
#1189 = DIRECTION ( 'NONE',  ( 0.3302792552688515459, 0.9438832626649615865, 0.000000000000000000 ) ) ;
#1190 = CARTESIAN_POINT ( 'NONE',  ( 122.1826829999999973, -56.67612000000000450, 0.1000000000000000056 ) ) ;
#1191 = ORIENTED_EDGE ( 'NONE', *, *, #2209, .T. ) ;
#1192 = LINE ( 'NONE', #1163, #1564 ) ;
#1193 = VECTOR ( 'NONE', #114, 1000.000000000000000 ) ;
#1194 = VECTOR ( 'NONE', #804, 1000.000000000000114 ) ;
#1195 = CARTESIAN_POINT ( 'NONE',  ( 122.7238799999999941, -57.21731699999999421, 1.600000000000000089 ) ) ;
#1196 = EDGE_CURVE ( 'NONE', #779, #1153, #532, .T. ) ;
#1197 = CARTESIAN_POINT ( 'NONE',  ( 122.6314700000000073, -57.04442999999999842, 1.600000000000000089 ) ) ;
#1198 = ADVANCED_FACE ( 'NONE', ( #1480 ), #1746, .F. ) ;
#1199 = ORIENTED_EDGE ( 'NONE', *, *, #1634, .F. ) ;
#1200 = DIRECTION ( 'NONE',  ( 0.8819213211012673082, -0.4713966306487514801, 0.000000000000000000 ) ) ;
#1201 = DATE_AND_TIME ( #2385, #989 ) ;
#1202 = CARTESIAN_POINT ( 'NONE',  ( 98.81921499999999980, -57.40491000000000099, 1.600000000000000089 ) ) ;
#1203 = ORIENTED_EDGE ( 'NONE', *, *, #2475, .T. ) ;
#1204 = PLANE ( 'NONE',  #3072 ) ;
#1205 = ADVANCED_FACE ( 'NONE', ( #1435 ), #10, .F. ) ;
#1206 = ORIENTED_EDGE ( 'NONE', *, *, #798, .T. ) ;
#1207 = FACE_OUTER_BOUND ( 'NONE', #1738, .T. ) ;
#1208 = LINE ( 'NONE', #3110, #1333 ) ;
#1209 = VERTEX_POINT ( 'NONE', #1243 ) ;
#1210 = LINE ( 'NONE', #485, #2106 ) ;
#1211 = VECTOR ( 'NONE', #2170, 1000.000000000000000 ) ;
#1212 = DIRECTION ( 'NONE',  ( -0.1119649807666246583, 0.9937121530312131856, 0.000000000000000000 ) ) ;
#1213 = EDGE_CURVE ( 'NONE', #576, #1970, #2670, .T. ) ;
#1214 = VERTEX_POINT ( 'NONE', #43 ) ;
#1215 = DIRECTION ( 'NONE',  ( -0.6957952158270119813, 0.7182402227891736546, 0.000000000000000000 ) ) ;
#1216 = APPROVAL_ROLE ( '' ) ;
#1217 = CARTESIAN_POINT ( 'NONE',  ( 122.2388590000000050, -76.24635200000000168, 0.1000000000000000056 ) ) ;
#1218 = ORIENTED_EDGE ( 'NONE', *, *, #881, .F. ) ;
#1219 = DIRECTION ( 'NONE',  ( 1.000000000000000000, 0.000000000000000000, 0.000000000000000000 ) ) ;
#1220 = ORIENTED_EDGE ( 'NONE', *, *, #105, .F. ) ;
#1221 = VECTOR ( 'NONE', #2792, 1000.000000000000000 ) ;
#1222 = DIRECTION ( 'NONE',  ( -0.7730109584919662158, 0.6343926686613992061, 0.000000000000000000 ) ) ;
#1223 = DIRECTION ( 'NONE',  ( 1.000000000000000000, 0.000000000000000000, 0.000000000000000000 ) ) ;
#1224 = ORIENTED_EDGE ( 'NONE', *, *, #502, .F. ) ;
#1225 = EDGE_CURVE ( 'NONE', #729, #2383, #1948, .T. ) ;
#1226 = VECTOR ( 'NONE', #1341, 1000.000000000000114 ) ;
#1227 = DIRECTION ( 'NONE',  ( -0.3302792552688515459, 0.9438832626649615865, 0.000000000000000000 ) ) ;
#1228 = LINE ( 'NONE', #2398, #1544 ) ;
#1229 = EDGE_LOOP ( 'NONE', ( #825, #1224, #1623, #2116 ) ) ;
#1230 = VECTOR ( 'NONE', #1056, 1000.000000000000227 ) ;
#1231 = CARTESIAN_POINT ( 'NONE',  ( 102.6749999999999972, -88.59999999999999432, 1.600000000000000089 ) ) ;
#1232 = DIRECTION ( 'NONE',  ( 0.000000000000000000, 0.000000000000000000, -1.000000000000000000 ) ) ;
#1233 = ORIENTED_EDGE ( 'NONE', *, *, #2127, .F. ) ;
#1234 = CARTESIAN_POINT ( 'NONE',  ( 122.8000000000000114, -57.60000000000000142, 1.600000000000000089 ) ) ;
#1235 = CARTESIAN_POINT ( 'NONE',  ( 99.46882999999999697, -77.24778200000000083, 1.600000000000000089 ) ) ;
#1236 = EDGE_CURVE ( 'NONE', #2254, #400, #2924, .T. ) ;
#1237 = ORIENTED_EDGE ( 'NONE', *, *, #1851, .T. ) ;
#1238 = LINE ( 'NONE', #2258, #471 ) ;
#1239 = LINE ( 'NONE', #2731, #87 ) ;
#1240 = ORIENTED_EDGE ( 'NONE', *, *, #706, .F. ) ;
#1241 = CIRCLE ( 'NONE', #1641, 27.32208349221401633 ) ;
#1242 = DIRECTION ( 'NONE',  ( 0.000000000000000000, -1.000000000000000000, 0.000000000000000000 ) ) ;
#1243 = CARTESIAN_POINT ( 'NONE',  ( 116.2675662552226328, -75.42549763944744257, 0.1000000000000000472 ) ) ;
#1244 = VERTEX_POINT ( 'NONE', #2162 ) ;
#1245 = VECTOR ( 'NONE', #1338, 1000.000000000000000 ) ;
#1246 = VECTOR ( 'NONE', #327, 1000.000000000000000 ) ;
#1247 = EDGE_LOOP ( 'NONE', ( #2722, #872, #2413, #2434 ) ) ;
#1248 = EDGE_CURVE ( 'NONE', #729, #1610, #1453, .T. ) ;
#1249 = FACE_OUTER_BOUND ( 'NONE', #2675, .T. ) ;
#1250 = AXIS2_PLACEMENT_3D ( 'NONE', #2953, #750, #986 ) ;
#1251 = DATE_AND_TIME ( #725, #1100 ) ;
#1252 = EDGE_LOOP ( 'NONE', ( #3126, #388, #2644, #1543 ) ) ;
#1253 = CARTESIAN_POINT ( 'NONE',  ( 99.24442999999999415, -56.76853099999999586, 1.600000000000000089 ) ) ;
#1254 = DIRECTION ( 'NONE',  ( -0.000000000000000000, -0.000000000000000000, -1.000000000000000000 ) ) ;
#1255 = ORIENTED_EDGE ( 'NONE', *, *, #2185, .F. ) ;
#1256 = DIRECTION ( 'NONE',  ( -0.2902813399871079225, -0.9569413480748384382, 0.000000000000000000 ) ) ;
#1257 = CARTESIAN_POINT ( 'NONE',  ( 98.87612099999999771, -57.21731699999999421, 1.600000000000000089 ) ) ;
#1258 = FACE_OUTER_BOUND ( 'NONE', #1229, .T. ) ;
#1259 = ADVANCED_FACE ( 'NONE', ( #2177 ), #2703, .T. ) ;
#1260 = EDGE_LOOP ( 'NONE', ( #299, #1588, #243, #1463 ) ) ;
#1261 = FACE_OUTER_BOUND ( 'NONE', #3004, .T. ) ;
#1262 = CARTESIAN_POINT ( 'NONE',  ( 0.000000000000000000, 0.000000000000000000, 0.1000000000000000056 ) ) ;
#1263 = ORIENTED_EDGE ( 'NONE', *, *, #1895, .T. ) ;
#1264 = VERTEX_POINT ( 'NONE', #103 ) ;
#1265 = DIRECTION ( 'NONE',  ( -0.000000000000000000, -0.000000000000000000, -1.000000000000000000 ) ) ;
#1266 = VECTOR ( 'NONE', #1183, 1000.000000000000114 ) ;
#1267 = ORIENTED_EDGE ( 'NONE', *, *, #1296, .T. ) ;
#1268 = DIRECTION ( 'NONE',  ( 0.2079132313453148917, 0.9781472732832973138, 0.000000000000000000 ) ) ;
#1269 = EDGE_CURVE ( 'NONE', #1678, #2034, #2066, .T. ) ;
#1270 = VECTOR ( 'NONE', #2488, 1000.000000000000227 ) ;
#1271 = PLANE ( 'NONE',  #2896 ) ;
#1272 = ORIENTED_EDGE ( 'NONE', *, *, #219, .F. ) ;
#1273 = LINE ( 'NONE', #1642, #1937 ) ;
#1274 = PLANE ( 'NONE',  #69 ) ;
#1275 = ADVANCED_FACE ( 'NONE', ( #1792 ), #1307, .F. ) ;
#1276 = LINE ( 'NONE', #21, #1782 ) ;
#1277 = VERTEX_POINT ( 'NONE', #2526 ) ;
#1278 = DIRECTION ( 'NONE',  ( 0.9945220111778790839, 0.1045273614069853058, 0.000000000000000000 ) ) ;
#1279 = CARTESIAN_POINT ( 'NONE',  ( 99.65595100000000173, -78.12811499999999398, 1.600000000000000089 ) ) ;
#1280 = ORIENTED_EDGE ( 'NONE', *, *, #2376, .F. ) ;
#1281 = PLANE ( 'NONE',  #2915 ) ;
#1282 = EDGE_CURVE ( 'NONE', #618, #1087, #2972, .T. ) ;
#1283 = CARTESIAN_POINT ( 'NONE',  ( 122.8000000000000114, -87.59999999999999432, 1.600000000000000089 ) ) ;
#1284 = ORIENTED_EDGE ( 'NONE', *, *, #1575, .F. ) ;
#1285 = CARTESIAN_POINT ( 'NONE',  ( 122.5071070000000049, -56.89289300000000082, 1.600000000000000089 ) ) ;
#1286 = ORIENTED_EDGE ( 'NONE', *, *, #1145, .F. ) ;
#1287 = FACE_OUTER_BOUND ( 'NONE', #1420, .T. ) ;
#1288 = DIRECTION ( 'NONE',  ( -0.000000000000000000, -0.000000000000000000, -1.000000000000000000 ) ) ;
#1289 = VECTOR ( 'NONE', #17, 999.9999999999998863 ) ;
#1290 = CARTESIAN_POINT ( 'NONE',  ( 122.4095049999999958, -76.13912799999999947, 1.600000000000000089 ) ) ;
#1291 = VERTEX_POINT ( 'NONE', #3003 ) ;
#1292 = LINE ( 'NONE', #2262, #1230 ) ;
#1293 = LINE ( 'NONE', #1764, #971 ) ;
#1294 = ORIENTED_EDGE ( 'NONE', *, *, #1225, .T. ) ;
#1295 = LINE ( 'NONE', #77, #2021 ) ;
#1296 = EDGE_CURVE ( 'NONE', #1716, #779, #2987, .T. ) ;
#1297 = ORIENTED_EDGE ( 'NONE', *, *, #2029, .T. ) ;
#1298 = VECTOR ( 'NONE', #3065, 1000.000000000000000 ) ;
#1299 = FACE_OUTER_BOUND ( 'NONE', #2273, .T. ) ;
#1300 = VECTOR ( 'NONE', #907, 1000.000000000000000 ) ;
#1301 = VERTEX_POINT ( 'NONE', #2033 ) ;
#1302 = LINE ( 'NONE', #1992, #2635 ) ;
#1303 = FACE_OUTER_BOUND ( 'NONE', #2406, .T. ) ;
#1304 = DIRECTION ( 'NONE',  ( 0.000000000000000000, 0.000000000000000000, 1.000000000000000000 ) ) ;
#1305 = VERTEX_POINT ( 'NONE', #836 ) ;
#1306 = DIRECTION ( 'NONE',  ( 0.5320321177263706014, 0.8467241733336737797, 0.000000000000000000 ) ) ;
#1307 = PLANE ( 'NONE',  #1925 ) ;
#1308 = ORIENTED_EDGE ( 'NONE', *, *, #962, .F. ) ;
#1309 = PRODUCT_DEFINITION ( 'Allgemein', '', #177, #2080 ) ;
#1310 = CARTESIAN_POINT ( 'NONE',  ( 122.0963520000000102, -80.81114100000000633, 1.600000000000000089 ) ) ;
#1311 = EDGE_CURVE ( 'NONE', #2843, #1128, #821, .T. ) ;
#1312 = VERTEX_POINT ( 'NONE', #360 ) ;
#1313 = DIRECTION ( 'NONE',  ( -0.9438832626649615865, -0.3302792552688515459, 0.000000000000000000 ) ) ;
#1314 = AXIS2_PLACEMENT_3D ( 'NONE', #1998, #1698, #1369 ) ;
#1315 = ORIENTED_EDGE ( 'NONE', *, *, #2880, .T. ) ;
#1316 = CARTESIAN_POINT ( 'NONE',  ( 0.000000000000000000, -83.28797500581734425, 0.1000000000000000056 ) ) ;
#1317 = FACE_OUTER_BOUND ( 'NONE', #1096, .T. ) ;
#1318 = LINE ( 'NONE', #848, #1193 ) ;
#1319 = ADVANCED_FACE ( 'NONE', ( #315 ), #582, .F. ) ;
#1320 = VERTEX_POINT ( 'NONE', #1323 ) ;
#1321 = EDGE_CURVE ( 'NONE', #1467, #2736, #1293, .T. ) ;
#1322 = LINE ( 'NONE', #645, #3010 ) ;
#1323 = CARTESIAN_POINT ( 'NONE',  ( 115.0611029455927223, -63.09917396239185194, 1.199999999999999956 ) ) ;
#1324 = ORIENTED_EDGE ( 'NONE', *, *, #2086, .F. ) ;
#1325 = CARTESIAN_POINT ( 'NONE',  ( 102.8139058084240389, -63.09917396239185194, 0.09999999999999982514 ) ) ;
#1326 = ORIENTED_EDGE ( 'NONE', *, *, #3043, .F. ) ;
#1327 = DIRECTION ( 'NONE',  ( 0.8090166166044333584, 0.5877857722486273806, -0.000000000000000000 ) ) ;
#1328 = CIRCLE ( 'NONE', #1431, 0.5000000000000004441 ) ;
#1329 = DIRECTION ( 'NONE',  ( -0.4713966306487514801, -0.8819213211012673082, 0.000000000000000000 ) ) ;
#1330 = ORIENTED_EDGE ( 'NONE', *, *, #1236, .F. ) ;
#1331 = DIRECTION ( 'NONE',  ( -0.000000000000000000, -0.000000000000000000, -1.000000000000000000 ) ) ;
#1332 = CARTESIAN_POINT ( 'NONE',  ( 114.0857630951841486, -58.70688005899127404, 1.600000000000000089 ) ) ;
#1333 = VECTOR ( 'NONE', #2174, 1000.000000000000000 ) ;
#1334 = LINE ( 'NONE', #1789, #2766 ) ;
#1335 = ADVANCED_FACE ( 'NONE', ( #74 ), #2292, .F. ) ;
#1336 = EDGE_CURVE ( 'NONE', #1709, #1686, #1086, .T. ) ;
#1337 = ORIENTED_EDGE ( 'NONE', *, *, #2165, .T. ) ;
#1338 = DIRECTION ( 'NONE',  ( -0.000000000000000000, -0.000000000000000000, -1.000000000000000000 ) ) ;
#1339 = DIRECTION ( 'NONE',  ( 0.000000000000000000, -0.000000000000000000, -1.000000000000000000 ) ) ;
#1340 = EDGE_CURVE ( 'NONE', #717, #2671, #854, .T. ) ;
#1341 = DIRECTION ( 'NONE',  ( -0.8819213211012976172, -0.4713966306486945257, 0.000000000000000000 ) ) ;
#1342 = ORIENTED_EDGE ( 'NONE', *, *, #2100, .F. ) ;
#1343 = VECTOR ( 'NONE', #546, 1000.000000000000000 ) ;
#1344 = EDGE_CURVE ( 'NONE', #298, #2077, #2784, .T. ) ;
#1345 = EDGE_CURVE ( 'NONE', #995, #791, #1057, .T. ) ;
#1346 = FACE_OUTER_BOUND ( 'NONE', #1351, .T. ) ;
#1347 = ORIENTED_EDGE ( 'NONE', *, *, #1113, .F. ) ;
#1348 = EDGE_CURVE ( 'NONE', #2611, #442, #2999, .T. ) ;
#1349 = DIRECTION ( 'NONE',  ( -1.000000000000000000, 0.000000000000000000, 0.000000000000000000 ) ) ;
#1350 = CARTESIAN_POINT ( 'NONE',  ( 120.6715820999191493, -72.27625725888233887, 1.199999999999999956 ) ) ;
#1351 = EDGE_LOOP ( 'NONE', ( #1141, #1783, #1652, #3021 ) ) ;
#1352 = LINE ( 'NONE', #1584, #35 ) ;
#1353 =( GEOMETRIC_REPRESENTATION_CONTEXT ( 3 ) GLOBAL_UNCERTAINTY_ASSIGNED_CONTEXT ( ( #345 ) ) GLOBAL_UNIT_ASSIGNED_CONTEXT ( ( #3138, #2642, #281 ) ) REPRESENTATION_CONTEXT ( 'NONE', 'WORKASPACE' ) );
#1354 = DIRECTION ( 'NONE',  ( -0.6343926686613645671, 0.7730109584919946375, 0.000000000000000000 ) ) ;
#1355 = EDGE_CURVE ( 'NONE', #2550, #1744, #2018, .T. ) ;
#1356 = VERTEX_POINT ( 'NONE', #137 ) ;
#1357 = DIRECTION ( 'NONE',  ( -0.000000000000000000, -0.000000000000000000, -1.000000000000000000 ) ) ;
#1358 = LINE ( 'NONE', #1791, #2855 ) ;
#1359 = ADVANCED_FACE ( 'NONE', ( #1778 ), #1105, .F. ) ;
#1360 = ORIENTED_EDGE ( 'NONE', *, *, #2650, .F. ) ;
#1361 = LINE ( 'NONE', #2052, #1849 ) ;
#1362 = ORIENTED_EDGE ( 'NONE', *, *, #2124, .F. ) ;
#1363 = LINE ( 'NONE', #2328, #57 ) ;
#1364 = CARTESIAN_POINT ( 'NONE',  ( 122.4095049999999958, -76.13912799999999947, 0.1000000000000000056 ) ) ;
#1365 = ORIENTED_EDGE ( 'NONE', *, *, #421, .T. ) ;
#1366 = EDGE_CURVE ( 'NONE', #2599, #576, #347, .T. ) ;
#1367 = CARTESIAN_POINT ( 'NONE',  ( 122.1826829999999973, -88.52388000000000545, 1.600000000000000089 ) ) ;
#1368 = ORIENTED_EDGE ( 'NONE', *, *, #2922, .F. ) ;
#1369 = DIRECTION ( 'NONE',  ( -0.09801871720096147489, -0.9951845713626582546, 0.000000000000000000 ) ) ;
#1370 = PLANE ( 'NONE',  #434 ) ;
#1371 = CYLINDRICAL_SURFACE ( 'NONE', #3002, 27.32208349221400212 ) ;
#1372 = ORIENTED_EDGE ( 'NONE', *, *, #136, .F. ) ;
#1373 = LINE ( 'NONE', #1796, #797 ) ;
#1374 = EDGE_CURVE ( 'NONE', #2484, #2717, #1607, .T. ) ;
#1375 = VECTOR ( 'NONE', #1817, 1000.000000000000000 ) ;
#1376 = EDGE_LOOP ( 'NONE', ( #3076, #2012, #1058, #1924 ) ) ;
#1377 = FACE_OUTER_BOUND ( 'NONE', #117, .T. ) ;
#1378 = EDGE_LOOP ( 'NONE', ( #2419, #623, #282, #3000 ) ) ;
#1379 = CARTESIAN_POINT ( 'NONE',  ( 122.4095049999999958, -76.13912799999999947, 1.600000000000000089 ) ) ;
#1380 = VECTOR ( 'NONE', #2011, 1000.000000000000000 ) ;
#1381 = ORIENTED_EDGE ( 'NONE', *, *, #1594, .F. ) ;
#1382 = FACE_OUTER_BOUND ( 'NONE', #1603, .T. ) ;
#1383 = DIRECTION ( 'NONE',  ( 0.000000000000000000, -1.000000000000000000, 0.000000000000000000 ) ) ;
#1384 = EDGE_LOOP ( 'NONE', ( #2604, #406, #1155, #2213 ) ) ;
#1385 = LINE ( 'NONE', #2772, #1397 ) ;
#1386 = VERTEX_POINT ( 'NONE', #1176 ) ;
#1387 = EDGE_CURVE ( 'NONE', #606, #2973, #2581, .T. ) ;
#1388 = LINE ( 'NONE', #896, #2841 ) ;
#1389 = EDGE_LOOP ( 'NONE', ( #2874, #2513, #100, #336 ) ) ;
#1390 = AXIS2_PLACEMENT_3D ( 'NONE', #2060, #1819, #82 ) ;
#1391 = DIRECTION ( 'NONE',  ( 1.000000000000000000, 0.000000000000000000, 0.000000000000000000 ) ) ;
#1392 = CLOSED_SHELL ( 'NONE', ( #2798, #713, #448, #283, #1259, #574, #883, #2576, #1850, #116, #3134, #3125, #3033, #2558, #182, #2010, #320, #2486, #361, #524, #3128, #1106, #852, #860, #547, #693, #770, #732, #1335, #1275, #2980, #2597, #1319, #2562, #1644, #1943, #1913, #153, #2113, #453, #3124, #311, #228, #2251, #1901, #2122, #2007, #313, #747, #2396, #2245, #584, #1433, #3114, #192, #641, #1882, #1198, #1127, #877, #479, #1999, #1089, #2720, #2466, #1205, #1540, #1359, #84, #1754, #1430, #682, #835, #1669, #627, #2091, #2271, #352, #2677, #3040, #1563, #149, #2821, #516, #2648, #2288, #3098, #2799, #323, #2689, #144, #3022, #3024, #889 ) ) ;
#1393 = AXIS2_PLACEMENT_3D ( 'NONE', #1477, #802, #1996 ) ;
#1394 = EDGE_LOOP ( 'NONE', ( #3026, #30, #2685, #1694 ) ) ;
#1395 = PLANE ( 'NONE',  #629 ) ;
#1396 = AXIS2_PLACEMENT_3D ( 'NONE', #1459, #1891, #477 ) ;
#1397 = VECTOR ( 'NONE', #2567, 1000.000000000000000 ) ;
#1398 = CARTESIAN_POINT ( 'NONE',  ( 115.0611029455927223, -60.50461087972688290, 1.199999999999999956 ) ) ;
#1399 = VERTEX_POINT ( 'NONE', #1050 ) ;
#1400 = DIRECTION ( 'NONE',  ( -0.000000000000000000, -0.000000000000000000, -1.000000000000000000 ) ) ;
#1401 = LINE ( 'NONE', #1464, #2917 ) ;
#1402 = CC_DESIGN_DATE_AND_TIME_ASSIGNMENT ( #1485, #2468, ( #722 ) ) ;
#1403 = VERTEX_POINT ( 'NONE', #1785 ) ;
#1404 = EDGE_CURVE ( 'NONE', #954, #147, #813, .T. ) ;
#1405 = LINE ( 'NONE', #2414, #1266 ) ;
#1406 = DIRECTION ( 'NONE',  ( 0.000000000000000000, -0.000000000000000000, 1.000000000000000000 ) ) ;
#1407 = CARTESIAN_POINT ( 'NONE',  ( 121.9950900000000047, -88.58078499999999167, 0.1000000000000000056 ) ) ;
#1408 = ORIENTED_EDGE ( 'NONE', *, *, #540, .T. ) ;
#1409 = PLANE ( 'NONE',  #2769 ) ;
#1410 = EDGE_LOOP ( 'NONE', ( #2309, #2956, #223, #3136 ) ) ;
#1411 = FACE_OUTER_BOUND ( 'NONE', #1938, .T. ) ;
#1412 = FACE_OUTER_BOUND ( 'NONE', #1376, .T. ) ;
#1413 = EDGE_CURVE ( 'NONE', #289, #2269, #1972, .T. ) ;
#1414 = AXIS2_PLACEMENT_3D ( 'NONE', #456, #1200, #975 ) ;
#1415 = EDGE_CURVE ( 'NONE', #2073, #2898, #778, .T. ) ;
#1416 = EDGE_LOOP ( 'NONE', ( #480, #580, #2591, #2082 ) ) ;
#1417 = CARTESIAN_POINT ( 'NONE',  ( 121.9891280000000080, -80.64049500000000137, 1.600000000000000089 ) ) ;
#1418 = DIRECTION ( 'NONE',  ( -0.000000000000000000, 1.000000000000000000, -0.000000000000000000 ) ) ;
#1419 = VECTOR ( 'NONE', #325, 1000.000000000000000 ) ;
#1420 = EDGE_LOOP ( 'NONE', ( #807, #2297, #517, #237 ) ) ;
#1421 = LINE ( 'NONE', #12, #308 ) ;
#1422 = CARTESIAN_POINT ( 'NONE',  ( 0.000000000000000000, 0.000000000000000000, 0.000000000000000000 ) ) ;
#1423 = DIRECTION ( 'NONE',  ( -1.000000000000000000, 0.000000000000000000, 0.000000000000000000 ) ) ;
#1424 = ORIENTED_EDGE ( 'NONE', *, *, #1269, .F. ) ;
#1425 = DIRECTION ( 'NONE',  ( 0.000000000000000000, -0.000000000000000000, 1.000000000000000000 ) ) ;
#1426 = ORIENTED_EDGE ( 'NONE', *, *, #3078, .F. ) ;
#1427 = CARTESIAN_POINT ( 'NONE',  ( 122.3555700000000002, -56.76852999999999838, 0.1000000000000000056 ) ) ;
#1428 = EDGE_CURVE ( 'NONE', #2158, #3116, #541, .T. ) ;
#1429 = DIRECTION ( 'NONE',  ( -0.000000000000000000, -0.000000000000000000, -1.000000000000000000 ) ) ;
#1430 = ADVANCED_FACE ( 'NONE', ( #2727 ), #1271, .T. ) ;
#1431 = AXIS2_PLACEMENT_3D ( 'NONE', #1773, #2730, #1759 ) ;
#1432 = ORIENTED_EDGE ( 'NONE', *, *, #2132, .F. ) ;
#1433 = ADVANCED_FACE ( 'NONE', ( #110 ), #65, .F. ) ;
#1434 = PLANE ( 'NONE',  #2822 ) ;
#1435 = FACE_OUTER_BOUND ( 'NONE', #1032, .T. ) ;
#1436 = EDGE_CURVE ( 'NONE', #357, #3130, #842, .T. ) ;
#1437 = EDGE_CURVE ( 'NONE', #1157, #1655, #2299, .T. ) ;
#1438 = ORIENTED_EDGE ( 'NONE', *, *, #2367, .F. ) ;
#1439 = VECTOR ( 'NONE', #253, 1000.000000000000114 ) ;
#1440 = CARTESIAN_POINT ( 'NONE',  ( 122.8000000000000114, -81.15000000000000568, 1.600000000000000089 ) ) ;
#1441 = DIRECTION ( 'NONE',  ( 1.000000000000000000, 0.000000000000000000, 0.000000000000000000 ) ) ;
#1442 = EDGE_CURVE ( 'NONE', #874, #1547, #2825, .T. ) ;
#1443 = ORIENTED_EDGE ( 'NONE', *, *, #1665, .T. ) ;
#1444 = LINE ( 'NONE', #2404, #2662 ) ;
#1445 = ORIENTED_EDGE ( 'NONE', *, *, #1114, .T. ) ;
#1446 = CARTESIAN_POINT ( 'NONE',  ( 114.0857630951841486, -58.70688005899127404, 1.399999999999999911 ) ) ;
#1447 = FACE_OUTER_BOUND ( 'NONE', #833, .T. ) ;
#1448 = EDGE_CURVE ( 'NONE', #400, #1982, #1475, .T. ) ;
#1449 = ORIENTED_EDGE ( 'NONE', *, *, #640, .F. ) ;
#1450 = VECTOR ( 'NONE', #648, 1000.000000000000000 ) ;
#1451 = EDGE_CURVE ( 'NONE', #2469, #2408, #605, .T. ) ;
#1452 = DIRECTION ( 'NONE',  ( -0.7071067811865474617, 0.7071067811865474617, 0.000000000000000000 ) ) ;
#1453 = LINE ( 'NONE', #1729, #430 ) ;
#1454 = ORIENTED_EDGE ( 'NONE', *, *, #1111, .T. ) ;
#1455 = LINE ( 'NONE', #1903, #2374 ) ;
#1456 = PLANE ( 'NONE',  #2054 ) ;
#1457 = CARTESIAN_POINT ( 'NONE',  ( 102.8139058084240389, -58.70688005899127404, 1.399999999999999911 ) ) ;
#1458 = VERTEX_POINT ( 'NONE', #2058 ) ;
#1459 = CARTESIAN_POINT ( 'NONE',  ( 121.9891280000000080, -80.64049500000000137, 1.600000000000000089 ) ) ;
#1460 = ORIENTED_EDGE ( 'NONE', *, *, #979, .T. ) ;
#1461 = FACE_OUTER_BOUND ( 'NONE', #1897, .T. ) ;
#1462 = DIRECTION ( 'NONE',  ( 0.6691300349110026469, -0.7431453400109567786, 0.000000000000000000 ) ) ;
#1463 = ORIENTED_EDGE ( 'NONE', *, *, #40, .T. ) ;
#1464 = CARTESIAN_POINT ( 'NONE',  ( 114.0857630951841486, -56.59999999999999432, 1.600000000000000089 ) ) ;
#1465 = VECTOR ( 'NONE', #198, 1000.000000000000000 ) ;
#1466 = LINE ( 'NONE', #24, #2761 ) ;
#1467 = VERTEX_POINT ( 'NONE', #156 ) ;
#1468 = DIRECTION ( 'NONE',  ( -0.000000000000000000, -0.000000000000000000, -1.000000000000000000 ) ) ;
#1469 = EDGE_CURVE ( 'NONE', #1006, #963, #2115, .T. ) ;
#1470 = DATE_TIME_ROLE ( 'creation_date' ) ;
#1471 = DIRECTION ( 'NONE',  ( -0.09801871720096838603, -0.9951845713626575884, 0.000000000000000000 ) ) ;
#1472 = ORIENTED_EDGE ( 'NONE', *, *, #2870, .F. ) ;
#1473 = CARTESIAN_POINT ( 'NONE',  ( 99.65595100000000173, -77.57188499999999465, 1.600000000000000089 ) ) ;
#1474 = EDGE_LOOP ( 'NONE', ( #2952, #1818, #2979, #642 ) ) ;
#1475 = CIRCLE ( 'NONE', #1622, 0.5000000000000004441 ) ;
#1476 = LINE ( 'NONE', #1724, #886 ) ;
#1477 = CARTESIAN_POINT ( 'NONE',  ( 103.3139058084240389, -58.70688005899127404, 1.600000000000000089 ) ) ;
#1478 = VERTEX_POINT ( 'NONE', #1858 ) ;
#1479 = CARTESIAN_POINT ( 'NONE',  ( 98.98712100000000191, -78.73033300000000168, 1.600000000000000089 ) ) ;
#1480 = FACE_OUTER_BOUND ( 'NONE', #1410, .T. ) ;
#1481 = EDGE_LOOP ( 'NONE', ( #302, #2656, #1063, #123 ) ) ;
#1482 = ORIENTED_EDGE ( 'NONE', *, *, #1448, .T. ) ;
#1483 = VECTOR ( 'NONE', #90, 999.9999999999998863 ) ;
#1484 = CARTESIAN_POINT ( 'NONE',  ( 122.0963520000000102, -76.38885899999999651, 1.600000000000000089 ) ) ;
#1485 = DATE_AND_TIME ( #519, #723 ) ;
#1486 = ORIENTED_EDGE ( 'NONE', *, *, #1594, .T. ) ;
#1487 = DIRECTION ( 'NONE',  ( -0.000000000000000000, -0.000000000000000000, -1.000000000000000000 ) ) ;
#1488 = LINE ( 'NONE', #775, #2632 ) ;
#1489 = EDGE_CURVE ( 'NONE', #2736, #1386, #3029, .T. ) ;
#1490 = ORIENTED_EDGE ( 'NONE', *, *, #771, .F. ) ;
#1491 = VECTOR ( 'NONE', #1927, 1000.000000000000000 ) ;
#1492 = CARTESIAN_POINT ( 'NONE',  ( 105.1468111613521330, -78.32416819510957851, 0.1000000000000000472 ) ) ;
#1493 = DIRECTION ( 'NONE',  ( 1.000000000000000000, 0.000000000000000000, -0.000000000000000000 ) ) ;
#1494 = DIRECTION ( 'NONE',  ( 0.4067360550290222698, -0.9135457194576679374, 0.000000000000000000 ) ) ;
#1495 = EDGE_LOOP ( 'NONE', ( #764, #695, #1426, #908 ) ) ;
#1496 = VECTOR ( 'NONE', #2937, 1000.000000000000114 ) ;
#1497 = FACE_OUTER_BOUND ( 'NONE', #1866, .T. ) ;
#1498 = CARTESIAN_POINT ( 'NONE',  ( 121.9891280000000080, -80.64049500000000137, 1.600000000000000089 ) ) ;
#1499 = ORIENTED_EDGE ( 'NONE', *, *, #755, .F. ) ;
#1500 = AXIS2_PLACEMENT_3D ( 'NONE', #1147, #2321, #375 ) ;
#1501 = ORIENTED_EDGE ( 'NONE', *, *, #1700, .T. ) ;
#1502 = DIRECTION ( 'NONE',  ( -0.000000000000000000, -0.000000000000000000, -1.000000000000000000 ) ) ;
#1503 = DATE_AND_TIME ( #3007, #2752 ) ;
#1504 = VERTEX_POINT ( 'NONE', #1581 ) ;
#1505 = DIRECTION ( 'NONE',  ( 0.000000000000000000, 0.000000000000000000, 1.000000000000000000 ) ) ;
#1506 = LINE ( 'NONE', #304, #1666 ) ;
#1507 = DIRECTION ( 'NONE',  ( -0.000000000000000000, -0.000000000000000000, -1.000000000000000000 ) ) ;
#1508 = ORIENTED_EDGE ( 'NONE', *, *, #1870, .T. ) ;
#1509 = DIRECTION ( 'NONE',  ( 0.000000000000000000, 1.000000000000000000, 0.000000000000000000 ) ) ;
#1510 = CARTESIAN_POINT ( 'NONE',  ( 99.16606299999999408, -78.67219099999999798, 1.600000000000000089 ) ) ;
#1511 = DIRECTION ( 'NONE',  ( -0.9569399310548318827, -0.2902860112936442860, 0.000000000000000000 ) ) ;
#1512 = ORIENTED_EDGE ( 'NONE', *, *, #1213, .F. ) ;
#1513 = DIRECTION ( 'NONE',  ( -0.2902813399871305156, 0.9569413480748314438, 0.000000000000000000 ) ) ;
#1514 = DIRECTION ( 'NONE',  ( 1.000000000000000000, 0.000000000000000000, 0.000000000000000000 ) ) ;
#1515 = ORIENTED_EDGE ( 'NONE', *, *, #1904, .T. ) ;
#1516 = ORIENTED_EDGE ( 'NONE', *, *, #787, .T. ) ;
#1517 = DIRECTION ( 'NONE',  ( -0.4067360550290222698, -0.9135457194576679374, 0.000000000000000000 ) ) ;
#1518 = ORIENTED_EDGE ( 'NONE', *, *, #2687, .T. ) ;
#1519 = DIRECTION ( 'NONE',  ( -0.000000000000000000, -0.000000000000000000, -1.000000000000000000 ) ) ;
#1520 = ORIENTED_EDGE ( 'NONE', *, *, #947, .T. ) ;
#1521 = CARTESIAN_POINT ( 'NONE',  ( 99.65595100000000173, -78.12811499999999398, 0.1000000000000000056 ) ) ;
#1522 = LINE ( 'NONE', #2489, #1727 ) ;
#1523 = CARTESIAN_POINT ( 'NONE',  ( 115.0611029455927223, -63.09917396239185194, 0.1000000000000000056 ) ) ;
#1524 = ORIENTED_EDGE ( 'NONE', *, *, #191, .T. ) ;
#1525 = EDGE_CURVE ( 'NONE', #2884, #3008, #2534, .T. ) ;
#1526 = EDGE_CURVE ( 'NONE', #2034, #2077, #2573, .T. ) ;
#1527 = CARTESIAN_POINT ( 'NONE',  ( 115.0611029455927223, -63.09917396239185194, 1.399999999999999911 ) ) ;
#1528 = CARTESIAN_POINT ( 'NONE',  ( 122.5071070000000049, -56.89289300000000082, 1.600000000000000089 ) ) ;
#1529 = ORIENTED_EDGE ( 'NONE', *, *, #2566, .F. ) ;
#1530 = AXIS2_PLACEMENT_3D ( 'NONE', #1077, #2040, #559 ) ;
#1531 = CARTESIAN_POINT ( 'NONE',  ( 122.4095049999999958, -81.06087200000000337, 1.600000000000000089 ) ) ;
#1532 = ORIENTED_EDGE ( 'NONE', *, *, #2902, .T. ) ;
#1533 = CARTESIAN_POINT ( 'NONE',  ( 122.4095049999999958, -81.06087200000000337, 1.600000000000000089 ) ) ;
#1534 = DIRECTION ( 'NONE',  ( 0.7730109584919945265, 0.6343926686613644561, 0.000000000000000000 ) ) ;
#1535 = VERTEX_POINT ( 'NONE', #397 ) ;
#1536 = LINE ( 'NONE', #1552, #1670 ) ;
#1537 = DIRECTION ( 'NONE',  ( 0.7071067811865474617, 0.7071067811865474617, 0.000000000000000000 ) ) ;
#1538 = DIRECTION ( 'NONE',  ( 0.1119649807666246583, 0.9937121530312131856, 0.000000000000000000 ) ) ;
#1539 = EDGE_LOOP ( 'NONE', ( #2668, #1324, #1432, #1445 ) ) ;
#1540 = ADVANCED_FACE ( 'NONE', ( #1377 ), #367, .F. ) ;
#1541 = LINE ( 'NONE', #2510, #1650 ) ;
#1542 = DIRECTION ( 'NONE',  ( 0.000000000000000000, 0.000000000000000000, -1.000000000000000000 ) ) ;
#1543 = ORIENTED_EDGE ( 'NONE', *, *, #2329, .F. ) ;
#1544 = VECTOR ( 'NONE', #260, 1000.000000000000000 ) ;
#1545 = DIRECTION ( 'NONE',  ( 0.000000000000000000, -1.000000000000000000, 0.000000000000000000 ) ) ;
#1546 = CC_DESIGN_APPROVAL ( #2762, ( #1309 ) ) ;
#1547 = VERTEX_POINT ( 'NONE', #662 ) ;
#1548 = VECTOR ( 'NONE', #1144, 999.9999999999998863 ) ;
#1549 = CARTESIAN_POINT ( 'NONE',  ( 115.0611029455927223, -63.09917396239185194, 1.199999999999999956 ) ) ;
#1550 = VECTOR ( 'NONE', #2891, 1000.000000000000000 ) ;
#1551 = ORIENTED_EDGE ( 'NONE', *, *, #2333, .T. ) ;
#1552 = CARTESIAN_POINT ( 'NONE',  ( 122.7807850000000087, -87.79509000000000185, 1.600000000000000089 ) ) ;
#1553 = DIRECTION ( 'NONE',  ( -0.4713966306487514801, 0.8819213211012673082, 0.000000000000000000 ) ) ;
#1554 = DIRECTION ( 'NONE',  ( -1.000000000000000000, 0.000000000000000000, -0.000000000000000000 ) ) ;
#1555 = ORIENTED_EDGE ( 'NONE', *, *, #2225, .T. ) ;
#1556 = CARTESIAN_POINT ( 'NONE',  ( 114.0857630951841486, -58.70688005899127404, 1.600000000000000089 ) ) ;
#1557 = DIRECTION ( 'NONE',  ( 0.9569413480748482081, 0.2902813399870755595, 0.000000000000000000 ) ) ;
#1558 = ORIENTED_EDGE ( 'NONE', *, *, #2124, .T. ) ;
#1559 = DIRECTION ( 'NONE',  ( -0.9569413480748384382, 0.2902813399871079225, 0.000000000000000000 ) ) ;
#1560 = ORIENTED_EDGE ( 'NONE', *, *, #167, .T. ) ;
#1561 = DIRECTION ( 'NONE',  ( 0.000000000000000000, 0.000000000000000000, -1.000000000000000000 ) ) ;
#1562 = EDGE_CURVE ( 'NONE', #1458, #1786, #2330, .T. ) ;
#1563 = ADVANCED_FACE ( 'NONE', ( #2101 ), #1115, .T. ) ;
#1564 = VECTOR ( 'NONE', #2160, 1000.000000000000227 ) ;
#1565 = CARTESIAN_POINT ( 'NONE',  ( 121.8000000000000114, -56.59999999999999432, 1.600000000000000089 ) ) ;
#1566 = EDGE_LOOP ( 'NONE', ( #851, #2712, #2627, #2175 ) ) ;
#1567 = CARTESIAN_POINT ( 'NONE',  ( 115.0611029455927223, 0.000000000000000000, 0.1000000000000000056 ) ) ;
#1568 = CARTESIAN_POINT ( 'NONE',  ( 99.46882999999999697, -77.24778200000000083, 1.600000000000000089 ) ) ;
#1569 = EDGE_CURVE ( 'NONE', #697, #2324, #2601, .T. ) ;
#1570 = LINE ( 'NONE', #372, #2206 ) ;
#1571 = ORIENTED_EDGE ( 'NONE', *, *, #1436, .T. ) ;
#1572 = CARTESIAN_POINT ( 'NONE',  ( 122.7807850000000087, -57.40491000000000099, 0.1000000000000000056 ) ) ;
#1573 = DIRECTION ( 'NONE',  ( 0.2902813399871305156, -0.9569413480748314438, 0.000000000000000000 ) ) ;
#1574 = DIRECTION ( 'NONE',  ( -1.000000000000000000, 0.000000000000000000, 0.000000000000000000 ) ) ;
#1575 = EDGE_CURVE ( 'NONE', #1128, #1151, #1388, .T. ) ;
#1576 = VERTEX_POINT ( 'NONE', #142 ) ;
#1577 = LINE ( 'NONE', #139, #88 ) ;
#1578 = ORIENTED_EDGE ( 'NONE', *, *, #2211, .T. ) ;
#1579 = DIRECTION ( 'NONE',  ( -0.3302792552688515459, 0.9438832626649615865, 0.000000000000000000 ) ) ;
#1580 = AXIS2_PLACEMENT_3D ( 'NONE', #2027, #2997, #1710 ) ;
#1581 = CARTESIAN_POINT ( 'NONE',  ( 121.9225649999999916, -80.45026900000000580, 0.1000000000000000056 ) ) ;
#1582 = VERTEX_POINT ( 'NONE', #2587 ) ;
#1583 = CARTESIAN_POINT ( 'NONE',  ( 120.8276965518429336, -75.42549763944744257, 1.199999999999999956 ) ) ;
#1584 = CARTESIAN_POINT ( 'NONE',  ( 122.4095049999999958, -76.13912799999999947, 1.600000000000000089 ) ) ;
#1585 = EDGE_CURVE ( 'NONE', #2240, #2349, #410, .T. ) ;
#1586 = VECTOR ( 'NONE', #1306, 1000.000000000000114 ) ;
#1587 = PLANE ( 'NONE',  #2614 ) ;
#1588 = ORIENTED_EDGE ( 'NONE', *, *, #875, .F. ) ;
#1589 = VECTOR ( 'NONE', #795, 1000.000000000000114 ) ;
#1590 = DIRECTION ( 'NONE',  ( 0.6343951702270453907, 0.7730089055066557968, 0.000000000000000000 ) ) ;
#1591 = DIRECTION ( 'NONE',  ( 1.000000000000000000, 0.000000000000000000, 0.000000000000000000 ) ) ;
#1592 = VERTEX_POINT ( 'NONE', #184 ) ;
#1593 = CARTESIAN_POINT ( 'NONE',  ( 98.79999999999999716, -57.60000000000000142, 1.600000000000000089 ) ) ;
#1594 = EDGE_CURVE ( 'NONE', #2349, #1244, #2812, .T. ) ;
#1595 = ORIENTED_EDGE ( 'NONE', *, *, #2311, .T. ) ;
#1596 = CARTESIAN_POINT ( 'NONE',  ( 99.69507000000000119, -77.94407599999999547, 1.600000000000000089 ) ) ;
#1597 = LINE ( 'NONE', #1565, #2993 ) ;
#1598 = ORIENTED_EDGE ( 'NONE', *, *, #1442, .T. ) ;
#1599 = LINE ( 'NONE', #2867, #2910 ) ;
#1600 = PLANE ( 'NONE',  #1148 ) ;
#1601 = VECTOR ( 'NONE', #2076, 1000.000000000000000 ) ;
#1602 = VECTOR ( 'NONE', #2787, 1000.000000000000000 ) ;
#1603 = EDGE_LOOP ( 'NONE', ( #426, #1131, #749, #1438 ) ) ;
#1604 = CARTESIAN_POINT ( 'NONE',  ( 98.98712100000000191, -76.96966700000000117, 0.1000000000000000056 ) ) ;
#1605 = EDGE_CURVE ( 'NONE', #2889, #293, #1597, .T. ) ;
#1606 = CARTESIAN_POINT ( 'NONE',  ( 122.5071070000000049, -56.89289300000000082, 0.1000000000000000056 ) ) ;
#1607 = LINE ( 'NONE', #2623, #827 ) ;
#1608 = VERTEX_POINT ( 'NONE', #1142 ) ;
#1609 = DIRECTION ( 'NONE',  ( 0.5320321177263706014, 0.8467241733336737797, 0.000000000000000000 ) ) ;
#1610 = VERTEX_POINT ( 'NONE', #29 ) ;
#1611 = CARTESIAN_POINT ( 'NONE',  ( 99.57942300000000557, -77.39999999999999147, 1.600000000000000089 ) ) ;
#1612 = DIRECTION ( 'NONE',  ( -0.000000000000000000, -0.000000000000000000, -1.000000000000000000 ) ) ;
#1613 = VERTEX_POINT ( 'NONE', #2402 ) ;
#1614 = DIRECTION ( 'NONE',  ( 0.000000000000000000, 0.000000000000000000, 1.000000000000000000 ) ) ;
#1615 = CIRCLE ( 'NONE', #54, 0.5000000000000004441 ) ;
#1616 = EDGE_LOOP ( 'NONE', ( #1501, #1842, #1286, #1997 ) ) ;
#1617 = LINE ( 'NONE', #2347, #2353 ) ;
#1618 = LINE ( 'NONE', #834, #1732 ) ;
#1619 = VERTEX_POINT ( 'NONE', #1407 ) ;
#1620 = EDGE_CURVE ( 'NONE', #2440, #1716, #2197, .T. ) ;
#1621 = CARTESIAN_POINT ( 'NONE',  ( 114.0857630951841486, -57.10000000000000142, 1.600000000000000089 ) ) ;
#1622 = AXIS2_PLACEMENT_3D ( 'NONE', #3088, #1844, #3062 ) ;
#1623 = ORIENTED_EDGE ( 'NONE', *, *, #702, .F. ) ;
#1624 = CARTESIAN_POINT ( 'NONE',  ( 121.8999999999999915, -80.25000000000000000, 1.600000000000000089 ) ) ;
#1625 = VERTEX_POINT ( 'NONE', #694 ) ;
#1626 = DIRECTION ( 'NONE',  ( -1.000000000000000000, 0.000000000000000000, 0.000000000000000000 ) ) ;
#1627 = VECTOR ( 'NONE', #1070, 1000.000000000000114 ) ;
#1628 = ORIENTED_EDGE ( 'NONE', *, *, #1090, .T. ) ;
#1629 = CARTESIAN_POINT ( 'NONE',  ( 116.2675662552226328, -75.42549763944744257, 1.199999999999999956 ) ) ;
#1630 = AXIS2_PLACEMENT_3D ( 'NONE', #953, #2392, #1896 ) ;
#1631 = EDGE_CURVE ( 'NONE', #2103, #333, #2643, .T. ) ;
#1632 = LINE ( 'NONE', #1910, #1983 ) ;
#1633 = ORIENTED_EDGE ( 'NONE', *, *, #3053, .T. ) ;
#1634 = EDGE_CURVE ( 'NONE', #2671, #1613, #2149, .T. ) ;
#1635 = CARTESIAN_POINT ( 'NONE',  ( 0.000000000000000000, -62.40122859638317010, 0.1000000000000000056 ) ) ;
#1636 = DIRECTION ( 'NONE',  ( -0.000000000000000000, 0.000000000000000000, 1.000000000000000000 ) ) ;
#1637 = AXIS2_PLACEMENT_3D ( 'NONE', #330, #2718, #2000 ) ;
#1638 = ORIENTED_EDGE ( 'NONE', *, *, #2616, .F. ) ;
#1639 = CARTESIAN_POINT ( 'NONE',  ( 121.9891280000000080, -76.55950500000000147, 1.600000000000000089 ) ) ;
#1640 = EDGE_LOOP ( 'NONE', ( #1218, #2984, #3035, #1965, #1166, #94, #2535, #231, #321, #1342, #2041, #2988, #37, #1272, #2444, #2733, #1863, #2141, #2918 ) ) ;
#1641 = AXIS2_PLACEMENT_3D ( 'NONE', #973, #297, #789 ) ;
#1642 = CARTESIAN_POINT ( 'NONE',  ( 121.9950900000000047, -56.61921499999999696, 1.600000000000000089 ) ) ;
#1643 = DIRECTION ( 'NONE',  ( -0.000000000000000000, 1.000000000000000000, 0.000000000000000000 ) ) ;
#1644 = ADVANCED_FACE ( 'NONE', ( #475 ), #726, .F. ) ;
#1645 = EDGE_CURVE ( 'NONE', #667, #1973, #236, .T. ) ;
#1646 = VECTOR ( 'NONE', #2578, 1000.000000000000114 ) ;
#1647 = CIRCLE ( 'NONE', #33, 27.32208349221400212 ) ;
#1648 = ORIENTED_EDGE ( 'NONE', *, *, #2994, .F. ) ;
#1649 = CARTESIAN_POINT ( 'NONE',  ( 122.0963520000000102, -76.38885899999999651, 1.600000000000000089 ) ) ;
#1650 = VECTOR ( 'NONE', #2210, 1000.000000000000000 ) ;
#1651 = LINE ( 'NONE', #2636, #1491 ) ;
#1652 = ORIENTED_EDGE ( 'NONE', *, *, #115, .T. ) ;
#1653 = CARTESIAN_POINT ( 'NONE',  ( 122.8000000000000114, -81.15000000000000568, 0.1000000000000000056 ) ) ;
#1654 = PLANE ( 'NONE',  #1802 ) ;
#1655 = VERTEX_POINT ( 'NONE', #2386 ) ;
#1656 = PLANE ( 'NONE',  #1414 ) ;
#1657 = ORIENTED_EDGE ( 'NONE', *, *, #1662, .T. ) ;
#1658 = DIRECTION ( 'NONE',  ( -0.000000000000000000, -0.000000000000000000, -1.000000000000000000 ) ) ;
#1659 = EDGE_CURVE ( 'NONE', #554, #1667, #218, .T. ) ;
#1660 = ORIENTED_EDGE ( 'NONE', *, *, #1064, .T. ) ;
#1661 = LINE ( 'NONE', #447, #2863 ) ;
#1662 = EDGE_CURVE ( 'NONE', #1143, #1828, #1185, .T. ) ;
#1663 = DIRECTION ( 'NONE',  ( 0.000000000000000000, 1.000000000000000000, 0.000000000000000000 ) ) ;
#1664 = EDGE_CURVE ( 'NONE', #2973, #2839, #709, .T. ) ;
#1665 = EDGE_CURVE ( 'NONE', #2607, #1547, #961, .T. ) ;
#1666 = VECTOR ( 'NONE', #267, 1000.000000000000114 ) ;
#1667 = VERTEX_POINT ( 'NONE', #1905 ) ;
#1668 = CARTESIAN_POINT ( 'NONE',  ( 122.2388590000000050, -80.95364800000000116, 1.600000000000000089 ) ) ;
#1669 = ADVANCED_FACE ( 'NONE', ( #2674 ), #1674, .T. ) ;
#1670 = VECTOR ( 'NONE', #1787, 1000.000000000000227 ) ;
#1671 = EDGE_LOOP ( 'NONE', ( #213, #111, #1811, #278 ) ) ;
#1672 = LINE ( 'NONE', #2400, #1465 ) ;
#1673 = PERSON_AND_ORGANIZATION_ROLE ( 'creator' ) ;
#1674 = PLANE ( 'NONE',  #2835 ) ;
#1675 = VERTEX_POINT ( 'NONE', #1457 ) ;
#1676 = PLANE ( 'NONE',  #85 ) ;
#1677 = EDGE_CURVE ( 'NONE', #2550, #1949, #2416, .T. ) ;
#1678 = VERTEX_POINT ( 'NONE', #1217 ) ;
#1679 = EDGE_CURVE ( 'NONE', #906, #1625, #2182, .T. ) ;
#1680 = CARTESIAN_POINT ( 'NONE',  ( 122.6314700000000073, -88.15556999999999732, 1.600000000000000089 ) ) ;
#1681 = FACE_OUTER_BOUND ( 'NONE', #2059, .T. ) ;
#1682 = ORIENTED_EDGE ( 'NONE', *, *, #2310, .F. ) ;
#1683 = PLANE ( 'NONE',  #2071 ) ;
#1684 = DIRECTION ( 'NONE',  ( 0.4713966306486964131, -0.8819213211012967291, 0.000000000000000000 ) ) ;
#1685 = DIRECTION ( 'NONE',  ( 0.6343926686613818866, -0.7730109584919803156, 0.000000000000000000 ) ) ;
#1686 = VERTEX_POINT ( 'NONE', #977 ) ;
#1687 = AXIS2_PLACEMENT_3D ( 'NONE', #759, #1721, #1505 ) ;
#1688 = EDGE_CURVE ( 'NONE', #1823, #147, #1934, .T. ) ;
#1689 = CARTESIAN_POINT ( 'NONE',  ( 114.5857630951841486, -56.59999999999999432, 0.1000000000000000056 ) ) ;
#1690 = PERSON_AND_ORGANIZATION_ROLE ( 'design_supplier' ) ;
#1691 = CARTESIAN_POINT ( 'NONE',  ( 122.6314700000000073, -57.04442999999999842, 1.600000000000000089 ) ) ;
#1692 = ORIENTED_EDGE ( 'NONE', *, *, #2517, .T. ) ;
#1693 = DIRECTION ( 'NONE',  ( -0.000000000000000000, 0.000000000000000000, 1.000000000000000000 ) ) ;
#1694 = ORIENTED_EDGE ( 'NONE', *, *, #1113, .T. ) ;
#1695 = DIRECTION ( 'NONE',  ( -0.8819213211012967291, 0.4713966306486964131, 0.000000000000000000 ) ) ;
#1696 = CARTESIAN_POINT ( 'NONE',  ( 98.98712100000000191, -78.73033300000000168, 1.600000000000000089 ) ) ;
#1697 = VERTEX_POINT ( 'NONE', #441 ) ;
#1698 = DIRECTION ( 'NONE',  ( -0.9951845713626583656, 0.09801871720096148877, 0.000000000000000000 ) ) ;
#1699 = VECTOR ( 'NONE', #845, 1000.000000000000227 ) ;
#1700 = EDGE_CURVE ( 'NONE', #1504, #1582, #920, .T. ) ;
#1701 = VECTOR ( 'NONE', #2022, 1000.000000000000227 ) ;
#1702 = LINE ( 'NONE', #244, #849 ) ;
#1703 = CARTESIAN_POINT ( 'NONE',  ( 122.1826829999999973, -88.52388000000000545, 0.1000000000000000056 ) ) ;
#1704 = ORIENTED_EDGE ( 'NONE', *, *, #1888, .F. ) ;
#1705 = DIRECTION ( 'NONE',  ( -1.000000000000000000, 0.000000000000000000, 0.000000000000000000 ) ) ;
#1706 = DIRECTION ( 'NONE',  ( 0.3090180506316998477, 0.9510561730958820847, -0.000000000000000000 ) ) ;
#1707 = ORIENTED_EDGE ( 'NONE', *, *, #219, .T. ) ;
#1708 = CARTESIAN_POINT ( 'NONE',  ( 121.8000000000000114, -56.59999999999999432, 1.600000000000000089 ) ) ;
#1709 = VERTEX_POINT ( 'NONE', #3135 ) ;
#1710 = DIRECTION ( 'NONE',  ( -1.000000000000000000, 0.000000000000000000, -0.000000000000000000 ) ) ;
#1711 = LINE ( 'NONE', #1037, #2707 ) ;
#1712 = ORIENTED_EDGE ( 'NONE', *, *, #2517, .F. ) ;
#1713 = LINE ( 'NONE', #2683, #1082 ) ;
#1714 = AXIS2_PLACEMENT_3D ( 'NONE', #2219, #2710, #1736 ) ;
#1715 = LINE ( 'NONE', #2212, #3015 ) ;
#1716 = VERTEX_POINT ( 'NONE', #451 ) ;
#1717 = EDGE_CURVE ( 'NONE', #2372, #289, #1615, .T. ) ;
#1718 = LINE ( 'NONE', #1484, #596 ) ;
#1719 = PERSON_AND_ORGANIZATION ( #18446744073709551615, #18446744073709551615 ) ;
#1720 = ORIENTED_EDGE ( 'NONE', *, *, #1884, .T. ) ;
#1721 = DIRECTION ( 'NONE',  ( -1.000000000000000000, 0.000000000000000000, 0.000000000000000000 ) ) ;
#1722 = PLANE ( 'NONE',  #1714 ) ;
#1723 = ORIENTED_EDGE ( 'NONE', *, *, #1225, .F. ) ;
#1724 = CARTESIAN_POINT ( 'NONE',  ( 122.8000000000000114, -81.15000000000000568, 1.600000000000000089 ) ) ;
#1725 = PLANE ( 'NONE',  #688 ) ;
#1726 = ORIENTED_EDGE ( 'NONE', *, *, #225, .T. ) ;
#1727 = VECTOR ( 'NONE', #1066, 1000.000000000000000 ) ;
#1728 = CARTESIAN_POINT ( 'NONE',  ( 122.6314700000000073, -88.15556999999999732, 0.1000000000000000056 ) ) ;
#1729 = CARTESIAN_POINT ( 'NONE',  ( 99.65595100000000173, -77.57188499999999465, 1.600000000000000089 ) ) ;
#1730 = ORIENTED_EDGE ( 'NONE', *, *, #1969, .T. ) ;
#1731 = ORIENTED_EDGE ( 'NONE', *, *, #3080, .T. ) ;
#1732 = VECTOR ( 'NONE', #392, 1000.000000000000000 ) ;
#1733 = CARTESIAN_POINT ( 'NONE',  ( 105.1468111613521330, -78.32416819510957851, 1.199999999999999956 ) ) ;
#1734 = ORIENTED_EDGE ( 'NONE', *, *, #1355, .T. ) ;
#1735 = CARTESIAN_POINT ( 'NONE',  ( 122.7807850000000087, -87.79509000000000185, 0.1000000000000000056 ) ) ;
#1736 = DIRECTION ( 'NONE',  ( -0.5320321177263706014, -0.8467241733336737797, 0.000000000000000000 ) ) ;
#1737 = CARTESIAN_POINT ( 'NONE',  ( 102.0178648463648443, -78.32416819510957851, 1.199999999999999956 ) ) ;
#1738 = EDGE_LOOP ( 'NONE', ( #446, #1790, #929, #663, #3108, #265, #2099, #164, #487, #2901 ) ) ;
#1739 = EDGE_CURVE ( 'NONE', #2747, #1576, #2381, .T. ) ;
#1740 = CARTESIAN_POINT ( 'NONE',  ( 114.5857630951841486, -57.10000000000000142, 1.600000000000000089 ) ) ;
#1741 = CARTESIAN_POINT ( 'NONE',  ( 114.0857630951841486, -57.10000000000000142, 0.1000000000000000056 ) ) ;
#1742 = EDGE_CURVE ( 'NONE', #2408, #2129, #194, .T. ) ;
#1743 = CARTESIAN_POINT ( 'NONE',  ( 99.57942300000000557, -77.39999999999999147, 0.1000000000000000056 ) ) ;
#1744 = VERTEX_POINT ( 'NONE', #2608 ) ;
#1745 = CARTESIAN_POINT ( 'NONE',  ( 99.69507000000000119, -77.75592400000000737, 0.1000000000000000056 ) ) ;
#1746 = PLANE ( 'NONE',  #2351 ) ;
#1747 = EDGE_LOOP ( 'NONE', ( #2256, #61, #1454, #420 ) ) ;
#1748 = VECTOR ( 'NONE', #1494, 1000.000000000000114 ) ;
#1749 = CARTESIAN_POINT ( 'NONE',  ( 99.41731700000001126, -56.67612100000000197, 1.600000000000000089 ) ) ;
#1750 = VECTOR ( 'NONE', #42, 1000.000000000000000 ) ;
#1751 = CARTESIAN_POINT ( 'NONE',  ( 122.6314700000000073, -88.15556999999999732, 1.600000000000000089 ) ) ;
#1752 = EDGE_LOOP ( 'NONE', ( #885, #2236, #2595, #424 ) ) ;
#1753 = CARTESIAN_POINT ( 'NONE',  ( 99.69507000000000119, -77.94407599999999547, 0.1000000000000000056 ) ) ;
#1754 = ADVANCED_FACE ( 'NONE', ( #718 ), #1683, .T. ) ;
#1755 = CARTESIAN_POINT ( 'NONE',  ( 99.46882999999999697, -78.45221800000000201, 1.600000000000000089 ) ) ;
#1756 = ORIENTED_EDGE ( 'NONE', *, *, #2962, .F. ) ;
#1757 = EDGE_CURVE ( 'NONE', #711, #2930, #227, .T. ) ;
#1758 = DIRECTION ( 'NONE',  ( 0.7730109584919945265, 0.6343926686613644561, 0.000000000000000000 ) ) ;
#1759 = DIRECTION ( 'NONE',  ( -1.000000000000000000, 0.000000000000000000, 0.000000000000000000 ) ) ;
#1760 = CARTESIAN_POINT ( 'NONE',  ( 115.0611029455927223, 0.000000000000000000, 1.199999999999999956 ) ) ;
#1761 = ORIENTED_EDGE ( 'NONE', *, *, #1884, .F. ) ;
#1762 = EDGE_CURVE ( 'NONE', #1970, #2708, #1192, .T. ) ;
#1763 = FACE_OUTER_BOUND ( 'NONE', #635, .T. ) ;
#1764 = CARTESIAN_POINT ( 'NONE',  ( 0.000000000000000000, -72.27625725888233887, 0.1000000000000000056 ) ) ;
#1765 = EDGE_LOOP ( 'NONE', ( #1516, #175, #470, #566 ) ) ;
#1766 = CARTESIAN_POINT ( 'NONE',  ( 122.5071070000000049, -88.30710700000000202, 0.1000000000000000056 ) ) ;
#1767 = PLANE ( 'NONE',  #2154 ) ;
#1768 = EDGE_LOOP ( 'NONE', ( #2853, #1808, #2942, #822, #3055, #1657, #338, #773, #3039, #2778, #744, #1532, #2346, #2380, #3089, #897, #507, #761, #1315, #2757, #1628, #2305, #2214, #1482, #2970, #1529, #2816, #2800, #1199, #1638, #6, #1372, #1935, #353, #597, #1832, #1424, #3044, #890, #503, #2804, #3122, #2913, #3, #2660, #193, #1761, #2136, #2564, #1873, #2352, #2481, #51, #2493, #2554, #572, #1233, #2995, #1449, #1499, #2069, #2487, #181, #533, #790, #2368, #1255, #1875, #60, #1084, #1368, #620, #398, #160, #22, #476, #2939, #1712, #803, #2146, #166, #700, #261, #2202, #2119 ) ) ;
#1769 = DIRECTION ( 'NONE',  ( -0.5320321177263707124, -0.8467241733336738907, 0.000000000000000000 ) ) ;
#1770 = ORIENTED_EDGE ( 'NONE', *, *, #1125, .T. ) ;
#1771 = EDGE_CURVE ( 'NONE', #779, #2930, #2126, .T. ) ;
#1772 = CARTESIAN_POINT ( 'NONE',  ( 102.0178648463648443, -72.32281480204682111, 1.399999999999999911 ) ) ;
#1773 = CARTESIAN_POINT ( 'NONE',  ( 102.3139058084240389, -57.10000000000000142, 1.600000000000000089 ) ) ;
#1774 = LINE ( 'NONE', #595, #593 ) ;
#1775 = VECTOR ( 'NONE', #1441, 1000.000000000000000 ) ;
#1776 = ORIENTED_EDGE ( 'NONE', *, *, #806, .F. ) ;
#1777 = DIRECTION ( 'NONE',  ( 0.6343951702270629323, -0.7730089055066414749, 0.000000000000000000 ) ) ;
#1778 = FACE_OUTER_BOUND ( 'NONE', #553, .T. ) ;
#1779 = VERTEX_POINT ( 'NONE', #918 ) ;
#1780 = AXIS2_PLACEMENT_3D ( 'NONE', #2308, #1542, #1574 ) ;
#1781 = LINE ( 'NONE', #585, #1149 ) ;
#1782 = VECTOR ( 'NONE', #2189, 1000.000000000000000 ) ;
#1783 = ORIENTED_EDGE ( 'NONE', *, *, #914, .T. ) ;
#1784 = CARTESIAN_POINT ( 'NONE',  ( 98.98712100000000191, -76.96966700000000117, 1.600000000000000089 ) ) ;
#1785 = CARTESIAN_POINT ( 'NONE',  ( 122.7807850000000087, -87.79509000000000185, 1.600000000000000089 ) ) ;
#1786 = VERTEX_POINT ( 'NONE', #3131 ) ;
#1787 = DIRECTION ( 'NONE',  ( 0.09801871720096147489, 0.9951845713626582546, 0.000000000000000000 ) ) ;
#1788 = CARTESIAN_POINT ( 'NONE',  ( 121.8999999999999915, -76.95000000000000284, 1.600000000000000089 ) ) ;
#1789 = CARTESIAN_POINT ( 'NONE',  ( 98.98712100000000191, -76.96966700000000117, 1.600000000000000089 ) ) ;
#1790 = ORIENTED_EDGE ( 'NONE', *, *, #702, .T. ) ;
#1791 = CARTESIAN_POINT ( 'NONE',  ( 99.09289400000000114, -56.89289399999999830, 0.1000000000000000056 ) ) ;
#1792 = FACE_OUTER_BOUND ( 'NONE', #2107, .T. ) ;
#1793 = ORIENTED_EDGE ( 'NONE', *, *, #555, .F. ) ;
#1794 = VECTOR ( 'NONE', #486, 1000.000000000000000 ) ;
#1795 = EDGE_CURVE ( 'NONE', #2372, #494, #930, .T. ) ;
#1796 = CARTESIAN_POINT ( 'NONE',  ( 98.79999999999999716, -78.75000000000000000, 1.600000000000000089 ) ) ;
#1797 = AXIS2_PLACEMENT_3D ( 'NONE', #2829, #172, #2004 ) ;
#1798 = AXIS2_PLACEMENT_3D ( 'NONE', #2667, #1976, #1054 ) ;
#1799 = ORIENTED_EDGE ( 'NONE', *, *, #2650, .T. ) ;
#1800 = AXIS2_PLACEMENT_3D ( 'NONE', #2043, #899, #625 ) ;
#1801 = DIRECTION ( 'NONE',  ( 0.000000000000000000, 0.000000000000000000, -1.000000000000000000 ) ) ;
#1802 = AXIS2_PLACEMENT_3D ( 'NONE', #1668, #933, #195 ) ;
#1803 = ORIENTED_EDGE ( 'NONE', *, *, #1620, .F. ) ;
#1804 = FACE_OUTER_BOUND ( 'NONE', #2705, .T. ) ;
#1805 = CARTESIAN_POINT ( 'NONE',  ( 120.0564960880900287, -83.28797500581734425, 1.199999999999999956 ) ) ;
#1806 = EDGE_CURVE ( 'NONE', #293, #2254, #1962, .T. ) ;
#1807 = CARTESIAN_POINT ( 'NONE',  ( 99.46882999999999697, -78.45221800000000201, 0.1000000000000000056 ) ) ;
#1808 = ORIENTED_EDGE ( 'NONE', *, *, #1717, .T. ) ;
#1809 = LINE ( 'NONE', #150, #217 ) ;
#1810 = DIRECTION ( 'NONE',  ( -0.000000000000000000, -0.000000000000000000, -1.000000000000000000 ) ) ;
#1811 = ORIENTED_EDGE ( 'NONE', *, *, #565, .F. ) ;
#1812 = CARTESIAN_POINT ( 'NONE',  ( 98.79999999999999716, -57.60000000000000142, 1.600000000000000089 ) ) ;
#1813 = EDGE_CURVE ( 'NONE', #1386, #1139, #1898, .T. ) ;
#1814 = ORIENTED_EDGE ( 'NONE', *, *, #2159, .F. ) ;
#1815 = DIRECTION ( 'NONE',  ( -0.5877857722486273806, 0.8090166166044333584, 0.000000000000000000 ) ) ;
#1816 = VECTOR ( 'NONE', #701, 1000.000000000000114 ) ;
#1817 = DIRECTION ( 'NONE',  ( 0.9438832626649615865, 0.3302792552688515459, 0.000000000000000000 ) ) ;
#1818 = ORIENTED_EDGE ( 'NONE', *, *, #463, .F. ) ;
#1819 = DIRECTION ( 'NONE',  ( 0.5000009476548508136, 0.8660248566549642035, -0.000000000000000000 ) ) ;
#1820 = PLANE ( 'NONE',  #1800 ) ;
#1821 = VECTOR ( 'NONE', #396, 1000.000000000000000 ) ;
#1822 = FACE_OUTER_BOUND ( 'NONE', #2782, .T. ) ;
#1823 = VERTEX_POINT ( 'NONE', #1912 ) ;
#1824 = CARTESIAN_POINT ( 'NONE',  ( 102.3139058084240389, -57.10000000000000142, 1.399999999999999911 ) ) ;
#1825 = FACE_OUTER_BOUND ( 'NONE', #2524, .T. ) ;
#1826 = ORIENTED_EDGE ( 'NONE', *, *, #1413, .F. ) ;
#1827 = PLANE ( 'NONE',  #2969 ) ;
#1828 = VERTEX_POINT ( 'NONE', #1492 ) ;
#1829 = DIRECTION ( 'NONE',  ( 0.000000000000000000, 1.000000000000000000, 0.000000000000000000 ) ) ;
#1830 = AXIS2_PLACEMENT_3D ( 'NONE', #2744, #1493, #2437 ) ;
#1831 = DIRECTION ( 'NONE',  ( -1.000000000000000000, 0.000000000000000000, 0.000000000000000000 ) ) ;
#1832 = ORIENTED_EDGE ( 'NONE', *, *, #1526, .F. ) ;
#1833 = LINE ( 'NONE', #2061, #737 ) ;
#1834 = EDGE_CURVE ( 'NONE', #727, #2938, #290, .T. ) ;
#1835 = FACE_OUTER_BOUND ( 'NONE', #2338, .T. ) ;
#1836 = ORIENTED_EDGE ( 'NONE', *, *, #884, .T. ) ;
#1837 = VECTOR ( 'NONE', #80, 1000.000000000000227 ) ;
#1838 = LINE ( 'NONE', #2817, #2457 ) ;
#1839 = PLANE ( 'NONE',  #522 ) ;
#1840 = ORIENTED_EDGE ( 'NONE', *, *, #334, .T. ) ;
#1841 = LINE ( 'NONE', #856, #2405 ) ;
#1842 = ORIENTED_EDGE ( 'NONE', *, *, #2225, .F. ) ;
#1843 = DIRECTION ( 'NONE',  ( 0.000000000000000000, 0.000000000000000000, -1.000000000000000000 ) ) ;
#1844 = DIRECTION ( 'NONE',  ( 0.000000000000000000, 0.000000000000000000, -1.000000000000000000 ) ) ;
#1845 = VECTOR ( 'NONE', #2, 1000.000000000000114 ) ;
#1846 = ORIENTED_EDGE ( 'NONE', *, *, #1631, .T. ) ;
#1847 = FACE_OUTER_BOUND ( 'NONE', #365, .T. ) ;
#1848 = AXIS2_PLACEMENT_3D ( 'NONE', #86, #817, #1223 ) ;
#1849 = VECTOR ( 'NONE', #1609, 1000.000000000000114 ) ;
#1850 = ADVANCED_FACE ( 'NONE', ( #2695 ), #525, .F. ) ;
#1851 = EDGE_CURVE ( 'NONE', #2624, #428, #52, .T. ) ;
#1852 = ORIENTED_EDGE ( 'NONE', *, *, #444, .F. ) ;
#1853 = CARTESIAN_POINT ( 'NONE',  ( 122.8000000000000114, -87.59999999999999432, 1.600000000000000089 ) ) ;
#1854 = LINE ( 'NONE', #2579, #1586 ) ;
#1855 = VERTEX_POINT ( 'NONE', #2844 ) ;
#1856 = LINE ( 'NONE', #2833, #343 ) ;
#1857 = VERTEX_POINT ( 'NONE', #1974 ) ;
#1858 = CARTESIAN_POINT ( 'NONE',  ( 121.9950900000000047, -56.61921499999999696, 1.600000000000000089 ) ) ;
#1859 = ORIENTED_EDGE ( 'NONE', *, *, #2922, .T. ) ;
#1860 = DIRECTION ( 'NONE',  ( 0.000000000000000000, 0.000000000000000000, 1.000000000000000000 ) ) ;
#1861 = VECTOR ( 'NONE', #279, 1000.000000000000000 ) ;
#1862 = EDGE_CURVE ( 'NONE', #1744, #2813, #2947, .T. ) ;
#1863 = ORIENTED_EDGE ( 'NONE', *, *, #2152, .F. ) ;
#1864 = LINE ( 'NONE', #2560, #988 ) ;
#1865 = DIRECTION ( 'NONE',  ( 1.000000000000000000, 0.000000000000000000, 0.000000000000000000 ) ) ;
#1866 = EDGE_LOOP ( 'NONE', ( #1692, #344, #2704, #951 ) ) ;
#1867 = DIRECTION ( 'NONE',  ( -0.000000000000000000, 1.000000000000000000, 0.000000000000000000 ) ) ;
#1868 = DIRECTION ( 'NONE',  ( -0.7730109584919945265, 0.6343926686613644561, 0.000000000000000000 ) ) ;
#1869 = VECTOR ( 'NONE', #1872, 1000.000000000000000 ) ;
#1870 = EDGE_CURVE ( 'NONE', #1403, #2708, #1488, .T. ) ;
#1871 = ORIENTED_EDGE ( 'NONE', *, *, #793, .T. ) ;
#1872 = DIRECTION ( 'NONE',  ( -0.000000000000000000, -0.000000000000000000, -1.000000000000000000 ) ) ;
#1873 = ORIENTED_EDGE ( 'NONE', *, *, #2845, .F. ) ;
#1874 = CARTESIAN_POINT ( 'NONE',  ( 121.9225649999999916, -76.74973099999999704, 1.600000000000000089 ) ) ;
#1875 = ORIENTED_EDGE ( 'NONE', *, *, #787, .F. ) ;
#1876 = LINE ( 'NONE', #1510, #2135 ) ;
#1877 = VECTOR ( 'NONE', #3069, 1000.000000000000000 ) ;
#1878 = LINE ( 'NONE', #1150, #2037 ) ;
#1879 = ORIENTED_EDGE ( 'NONE', *, *, #1321, .F. ) ;
#1880 = CARTESIAN_POINT ( 'NONE',  ( 121.8000000000000114, -56.59999999999999432, 0.1000000000000000056 ) ) ;
#1881 = DIRECTION ( 'NONE',  ( 0.000000000000000000, -1.000000000000000000, 0.000000000000000000 ) ) ;
#1882 = ADVANCED_FACE ( 'NONE', ( #997 ), #1722, .F. ) ;
#1883 = VECTOR ( 'NONE', #2904, 1000.000000000000114 ) ;
#1884 = EDGE_CURVE ( 'NONE', #981, #866, #1506, .T. ) ;
#1885 = ORIENTED_EDGE ( 'NONE', *, *, #979, .F. ) ;
#1886 = FACE_OUTER_BOUND ( 'NONE', #188, .T. ) ;
#1887 = DIRECTION ( 'NONE',  ( 0.9951845713626575884, 0.09801871720096839991, 0.000000000000000000 ) ) ;
#1888 = EDGE_CURVE ( 'NONE', #2894, #1655, #539, .T. ) ;
#1889 = DIRECTION ( 'NONE',  ( 1.000000000000000000, 0.000000000000000000, 0.000000000000000000 ) ) ;
#1890 = ORIENTED_EDGE ( 'NONE', *, *, #444, .T. ) ;
#1891 = DIRECTION ( 'NONE',  ( -0.9438832626649615865, -0.3302792552688515459, 0.000000000000000000 ) ) ;
#1892 = EDGE_CURVE ( 'NONE', #1893, #2754, #2944, .T. ) ;
#1893 = VERTEX_POINT ( 'NONE', #2450 ) ;
#1894 = LINE ( 'NONE', #1649, #1099 ) ;
#1895 = EDGE_CURVE ( 'NONE', #3130, #1908, #287, .T. ) ;
#1896 = DIRECTION ( 'NONE',  ( 0.000000000000000000, -0.000000000000000000, -1.000000000000000000 ) ) ;
#1897 = EDGE_LOOP ( 'NONE', ( #2320, #1814, #1776, #157 ) ) ;
#1898 = LINE ( 'NONE', #1635, #455 ) ;
#1899 = PRODUCT_RELATED_PRODUCT_CATEGORY ( 'detail', '', ( #183 ) ) ;
#1900 = CARTESIAN_POINT ( 'NONE',  ( 99.57942300000000557, -77.39999999999999147, 1.600000000000000089 ) ) ;
#1901 = ADVANCED_FACE ( 'NONE', ( #1013 ), #2713, .F. ) ;
#1902 = ORIENTED_EDGE ( 'NONE', *, *, #1026, .T. ) ;
#1903 = CARTESIAN_POINT ( 'NONE',  ( 122.8000000000000114, -87.59999999999999432, 1.600000000000000089 ) ) ;
#1904 = EDGE_CURVE ( 'NONE', #667, #1467, #2120, .T. ) ;
#1905 = CARTESIAN_POINT ( 'NONE',  ( 99.79999999999999716, -56.59999999999999432, 1.600000000000000089 ) ) ;
#1906 = ORIENTED_EDGE ( 'NONE', *, *, #1108, .F. ) ;
#1907 = FACE_OUTER_BOUND ( 'NONE', #612, .T. ) ;
#1908 = VERTEX_POINT ( 'NONE', #2508 ) ;
#1909 = CARTESIAN_POINT ( 'NONE',  ( 122.5071070000000049, -88.30710700000000202, 1.600000000000000089 ) ) ;
#1910 = CARTESIAN_POINT ( 'NONE',  ( 122.1826829999999973, -88.52388000000000545, 0.1000000000000000056 ) ) ;
#1911 = ORIENTED_EDGE ( 'NONE', *, *, #1344, .F. ) ;
#1912 = CARTESIAN_POINT ( 'NONE',  ( 122.5071070000000049, -88.30710700000000202, 1.600000000000000089 ) ) ;
#1913 = ADVANCED_FACE ( 'NONE', ( #2959 ), #262, .F. ) ;
#1914 = LINE ( 'NONE', #2382, #1550 ) ;
#1915 = CARTESIAN_POINT ( 'NONE',  ( 102.0178648463648443, -63.09917396239185194, 0.1000000000000000472 ) ) ;
#1916 = CARTESIAN_POINT ( 'NONE',  ( 98.79999999999999716, -84.59999999999999432, 1.600000000000000089 ) ) ;
#1917 = LINE ( 'NONE', #707, #1010 ) ;
#1918 = CARTESIAN_POINT ( 'NONE',  ( 98.87612099999999771, -57.21731699999999421, 0.1000000000000000056 ) ) ;
#1919 = AXIS2_PLACEMENT_3D ( 'NONE', #1350, #1831, #2316 ) ;
#1920 = DIRECTION ( 'NONE',  ( 0.000000000000000000, -0.000000000000000000, 1.000000000000000000 ) ) ;
#1921 = VERTEX_POINT ( 'NONE', #2384 ) ;
#1922 = DIRECTION ( 'NONE',  ( -0.9951845713626575884, 0.09801871720096838603, 0.000000000000000000 ) ) ;
#1923 = EDGE_CURVE ( 'NONE', #1116, #1305, #692, .T. ) ;
#1924 = ORIENTED_EDGE ( 'NONE', *, *, #2880, .F. ) ;
#1925 = AXIS2_PLACEMENT_3D ( 'NONE', #552, #599, #2049 ) ;
#1926 = DIRECTION ( 'NONE',  ( -0.4713966306487514801, -0.8819213211012673082, 0.000000000000000000 ) ) ;
#1927 = DIRECTION ( 'NONE',  ( -0.5877857722485922976, -0.8090166166044588936, 0.000000000000000000 ) ) ;
#1928 = ORIENTED_EDGE ( 'NONE', *, *, #1990, .F. ) ;
#1929 = CARTESIAN_POINT ( 'NONE',  ( 99.16606299999999408, -78.67219099999999798, 1.600000000000000089 ) ) ;
#1930 = CARTESIAN_POINT ( 'NONE',  ( 98.98712100000000191, -78.73033300000000168, 1.600000000000000089 ) ) ;
#1931 = LINE ( 'NONE', #736, #592 ) ;
#1932 = CARTESIAN_POINT ( 'NONE',  ( 122.8000000000000114, -57.60000000000000142, 1.600000000000000089 ) ) ;
#1933 = DIRECTION ( 'NONE',  ( 0.09801871720096841378, -0.9951845713626576995, 0.000000000000000000 ) ) ;
#1934 = LINE ( 'NONE', #2850, #613 ) ;
#1935 = ORIENTED_EDGE ( 'NONE', *, *, #2410, .F. ) ;
#1936 = PLANE ( 'NONE',  #2651 ) ;
#1937 = VECTOR ( 'NONE', #2104, 1000.000000000000000 ) ;
#1938 = EDGE_LOOP ( 'NONE', ( #75, #1512, #843, #529 ) ) ;
#1939 = DIRECTION ( 'NONE',  ( -0.000000000000000000, -0.000000000000000000, -1.000000000000000000 ) ) ;
#1940 = LINE ( 'NONE', #2491, #2968 ) ;
#1941 = VECTOR ( 'NONE', #730, 1000.000000000000000 ) ;
#1942 = VECTOR ( 'NONE', #2760, 1000.000000000000000 ) ;
#1943 = ADVANCED_FACE ( 'NONE', ( #439 ), #2179, .F. ) ;
#1944 = ORIENTED_EDGE ( 'NONE', *, *, #2830, .T. ) ;
#1945 = VECTOR ( 'NONE', #399, 1000.000000000000000 ) ;
#1946 = VECTOR ( 'NONE', #2859, 1000.000000000000000 ) ;
#1947 = PLANE ( 'NONE',  #1250 ) ;
#1948 = LINE ( 'NONE', #2654, #1496 ) ;
#1949 = VERTEX_POINT ( 'NONE', #2909 ) ;
#1950 = CARTESIAN_POINT ( 'NONE',  ( 118.3095652049721309, -62.40122859638317010, 1.199999999999999956 ) ) ;
#1951 = FACE_OUTER_BOUND ( 'NONE', #649, .T. ) ;
#1952 = ORIENTED_EDGE ( 'NONE', *, *, #777, .T. ) ;
#1953 = CARTESIAN_POINT ( 'NONE',  ( 99.24442999999999415, -56.76853099999999586, 0.1000000000000000056 ) ) ;
#1954 = CARTESIAN_POINT ( 'NONE',  ( 0.000000000000000000, -63.09917396239185194, 0.1000000000000000056 ) ) ;
#1955 = ORIENTED_EDGE ( 'NONE', *, *, #2845, .T. ) ;
#1956 = CC_DESIGN_PERSON_AND_ORGANIZATION_ASSIGNMENT ( #754, #2180, ( #177 ) ) ;
#1957 = DIRECTION ( 'NONE',  ( -0.000000000000000000, -0.000000000000000000, -1.000000000000000000 ) ) ;
#1958 = EDGE_CURVE ( 'NONE', #2828, #350, #1405, .T. ) ;
#1959 = CARTESIAN_POINT ( 'NONE',  ( 122.2388590000000050, -76.24635200000000168, 1.600000000000000089 ) ) ;
#1960 = ORIENTED_EDGE ( 'NONE', *, *, #2655, .T. ) ;
#1961 = CARTESIAN_POINT ( 'NONE',  ( 122.7807850000000087, -57.40491000000000099, 1.600000000000000089 ) ) ;
#1962 = CIRCLE ( 'NONE', #197, 0.5000000000000004441 ) ;
#1963 = CARTESIAN_POINT ( 'NONE',  ( 122.1826829999999973, -88.52388000000000545, 1.600000000000000089 ) ) ;
#1964 = ORIENTED_EDGE ( 'NONE', *, *, #2571, .T. ) ;
#1965 = ORIENTED_EDGE ( 'NONE', *, *, #1585, .F. ) ;
#1966 = VECTOR ( 'NONE', #351, 1000.000000000000000 ) ;
#1967 = DIRECTION ( 'NONE',  ( -0.000000000000000000, -0.000000000000000000, -1.000000000000000000 ) ) ;
#1968 = EDGE_CURVE ( 'NONE', #1128, #1779, #1421, .T. ) ;
#1969 = EDGE_CURVE ( 'NONE', #2220, #906, #2878, .T. ) ;
#1970 = VERTEX_POINT ( 'NONE', #935 ) ;
#1971 = CARTESIAN_POINT ( 'NONE',  ( 120.8276965518429336, -75.42549763944744257, 1.199999999999999956 ) ) ;
#1972 = LINE ( 'NONE', #2945, #1380 ) ;
#1973 = VERTEX_POINT ( 'NONE', #3117 ) ;
#1974 = CARTESIAN_POINT ( 'NONE',  ( 98.79999999999999716, -57.60000000000000142, 0.1000000000000000056 ) ) ;
#1975 = CARTESIAN_POINT ( 'NONE',  ( 103.2181651355402323, -59.19762818538174542, 1.600000000000000089 ) ) ;
#1976 = DIRECTION ( 'NONE',  ( 0.000000000000000000, 0.000000000000000000, -1.000000000000000000 ) ) ;
#1977 = ORIENTED_EDGE ( 'NONE', *, *, #2498, .T. ) ;
#1978 = VECTOR ( 'NONE', #1926, 1000.000000000000114 ) ;
#1979 = LINE ( 'NONE', #1745, #530 ) ;
#1980 = DIRECTION ( 'NONE',  ( -0.8467241733336737797, -0.5320321177263706014, 0.000000000000000000 ) ) ;
#1981 = ORIENTED_EDGE ( 'NONE', *, *, #859, .F. ) ;
#1982 = VERTEX_POINT ( 'NONE', #1689 ) ;
#1983 = VECTOR ( 'NONE', #2887, 1000.000000000000114 ) ;
#1984 = EDGE_CURVE ( 'NONE', #2532, #1970, #724, .T. ) ;
#1985 = LINE ( 'NONE', #2958, #904 ) ;
#1986 = EDGE_CURVE ( 'NONE', #1030, #254, #2164, .T. ) ;
#1987 = AXIS2_PLACEMENT_3D ( 'NONE', #2056, #3009, #2586 ) ;
#1988 = ORIENTED_EDGE ( 'NONE', *, *, #191, .F. ) ;
#1989 = LINE ( 'NONE', #303, #222 ) ;
#1990 = EDGE_CURVE ( 'NONE', #1214, #1264, #1455, .T. ) ;
#1991 = ORIENTED_EDGE ( 'NONE', *, *, #706, .T. ) ;
#1992 = CARTESIAN_POINT ( 'NONE',  ( 0.000000000000000000, -63.09917396239185194, 0.1000000000000000056 ) ) ;
#1993 = EDGE_CURVE ( 'NONE', #2008, #1139, #1672, .T. ) ;
#1994 = DIRECTION ( 'NONE',  ( 0.9569399310548446502, -0.2902860112936020975, 0.000000000000000000 ) ) ;
#1995 = EDGE_CURVE ( 'NONE', #3099, #96, #1917, .T. ) ;
#1996 = DIRECTION ( 'NONE',  ( -1.000000000000000000, 0.000000000000000000, 0.000000000000000000 ) ) ;
#1997 = ORIENTED_EDGE ( 'NONE', *, *, #602, .T. ) ;
#1998 = CARTESIAN_POINT ( 'NONE',  ( 122.7807850000000087, -87.79509000000000185, 1.600000000000000089 ) ) ;
#1999 = ADVANCED_FACE ( 'NONE', ( #1886 ), #959, .F. ) ;
#2000 = DIRECTION ( 'NONE',  ( 1.000000000000000000, 0.000000000000000000, -0.000000000000000000 ) ) ;
#2001 = CARTESIAN_POINT ( 'NONE',  ( 121.9950900000000047, -88.58078499999999167, 1.600000000000000089 ) ) ;
#2002 = ORIENTED_EDGE ( 'NONE', *, *, #1311, .T. ) ;
#2003 = VECTOR ( 'NONE', #865, 1000.000000000000000 ) ;
#2004 = DIRECTION ( 'NONE',  ( -0.9951845713626575884, -0.09801871720096839991, 0.000000000000000000 ) ) ;
#2005 = AXIS2_PLACEMENT_3D ( 'NONE', #2312, #2068, #3042 ) ;
#2006 = DIRECTION ( 'NONE',  ( 1.000000000000000000, 0.000000000000000000, 0.000000000000000000 ) ) ;
#2007 = ADVANCED_FACE ( 'NONE', ( #3102 ), #2130, .F. ) ;
#2008 = VERTEX_POINT ( 'NONE', #1950 ) ;
#2009 = LINE ( 'NONE', #1953, #1589 ) ;
#2010 = ADVANCED_FACE ( 'NONE', ( #232 ), #1656, .F. ) ;
#2011 = DIRECTION ( 'NONE',  ( 0.000000000000000000, -1.000000000000000000, 0.000000000000000000 ) ) ;
#2012 = ORIENTED_EDGE ( 'NONE', *, *, #2542, .T. ) ;
#2013 = DIRECTION ( 'NONE',  ( 0.000000000000000000, 0.000000000000000000, -1.000000000000000000 ) ) ;
#2014 = LINE ( 'NONE', #98, #2949 ) ;
#2015 = DIRECTION ( 'NONE',  ( 0.7431453400109566676, 0.6691300349110025358, 0.000000000000000000 ) ) ;
#2016 = ORIENTED_EDGE ( 'NONE', *, *, #2571, .F. ) ;
#2017 = FACE_OUTER_BOUND ( 'NONE', #1389, .T. ) ;
#2018 = LINE ( 'NONE', #2545, #2598 ) ;
#2019 = EDGE_CURVE ( 'NONE', #912, #2443, #26, .T. ) ;
#2020 = VERTEX_POINT ( 'NONE', #2672 ) ;
#2021 = VECTOR ( 'NONE', #792, 1000.000000000000000 ) ;
#2022 = DIRECTION ( 'NONE',  ( -0.9937121530312131856, 0.1119649807666246583, 0.000000000000000000 ) ) ;
#2023 = ORIENTED_EDGE ( 'NONE', *, *, #2725, .T. ) ;
#2024 = LINE ( 'NONE', #2270, #1821 ) ;
#2025 = EDGE_LOOP ( 'NONE', ( #879, #2990, #1326, #2504 ) ) ;
#2026 = DIRECTION ( 'NONE',  ( 1.000000000000000000, 0.000000000000000000, 0.000000000000000000 ) ) ;
#2027 = CARTESIAN_POINT ( 'NONE',  ( 0.000000000000000000, 0.000000000000000000, 1.600000000000000089 ) ) ;
#2028 = DIRECTION ( 'NONE',  ( 0.9510561730958820847, -0.3090180506316998477, 0.000000000000000000 ) ) ;
#2029 = EDGE_CURVE ( 'NONE', #1312, #357, #2429, .T. ) ;
#2030 = VECTOR ( 'NONE', #127, 1000.000000000000000 ) ;
#2031 = VERTEX_POINT ( 'NONE', #2738 ) ;
#2032 = DIRECTION ( 'NONE',  ( -1.000000000000000000, 0.000000000000000000, 0.000000000000000000 ) ) ;
#2033 = CARTESIAN_POINT ( 'NONE',  ( 122.7238799999999941, -57.21731699999999421, 1.600000000000000089 ) ) ;
#2034 = VERTEX_POINT ( 'NONE', #300 ) ;
#2035 = VECTOR ( 'NONE', #2563, 1000.000000000000000 ) ;
#2036 = CARTESIAN_POINT ( 'NONE',  ( 98.79999999999999716, -78.75000000000000000, 1.600000000000000089 ) ) ;
#2037 = VECTOR ( 'NONE', #1663, 1000.000000000000000 ) ;
#2038 = EDGE_LOOP ( 'NONE', ( #1598, #767, #542, #2773 ) ) ;
#2039 = CARTESIAN_POINT ( 'NONE',  ( 122.8000000000000114, -57.60000000000000142, 1.600000000000000089 ) ) ;
#2040 = DIRECTION ( 'NONE',  ( -0.9937121530312132967, -0.1119649807666246721, 0.000000000000000000 ) ) ;
#2041 = ORIENTED_EDGE ( 'NONE', *, *, #914, .F. ) ;
#2042 = CARTESIAN_POINT ( 'NONE',  ( 120.8276965518429336, -78.42711737717354481, 1.199999999999999956 ) ) ;
#2043 = CARTESIAN_POINT ( 'NONE',  ( 98.79999999999999716, -76.95000000000000284, 1.600000000000000089 ) ) ;
#2044 = CARTESIAN_POINT ( 'NONE',  ( 102.0178648463648443, -78.32416819510957851, 1.199999999999999956 ) ) ;
#2045 = VECTOR ( 'NONE', #2971, 1000.000000000000000 ) ;
#2046 = ORIENTED_EDGE ( 'NONE', *, *, #2883, .T. ) ;
#2047 = LINE ( 'NONE', #402, #1877 ) ;
#2048 = EDGE_CURVE ( 'NONE', #1857, #3099, #1295, .T. ) ;
#2049 = DIRECTION ( 'NONE',  ( 0.5877857722485921865, 0.8090166166044590046, 0.000000000000000000 ) ) ;
#2050 = ORIENTED_EDGE ( 'NONE', *, *, #2810, .F. ) ;
#2051 = VECTOR ( 'NONE', #1080, 1000.000000000000000 ) ;
#2052 = CARTESIAN_POINT ( 'NONE',  ( 121.9891280000000080, -76.55950500000000147, 1.600000000000000089 ) ) ;
#2053 = VECTOR ( 'NONE', #752, 1000.000000000000000 ) ;
#2054 = AXIS2_PLACEMENT_3D ( 'NONE', #3120, #1933, #1887 ) ;
#2055 = ORIENTED_EDGE ( 'NONE', *, *, #2796, .F. ) ;
#2056 = CARTESIAN_POINT ( 'NONE',  ( 99.32900699999999006, -77.12188500000000602, 1.600000000000000089 ) ) ;
#2057 = VECTOR ( 'NONE', #2097, 1000.000000000000000 ) ;
#2058 = CARTESIAN_POINT ( 'NONE',  ( 121.8999999999999915, -80.25000000000000000, 1.600000000000000089 ) ) ;
#2059 = EDGE_LOOP ( 'NONE', ( #661, #207, #1770, #855, #1826, #246 ) ) ;
#2060 = CARTESIAN_POINT ( 'NONE',  ( 99.16606299999999408, -77.02780900000000486, 1.600000000000000089 ) ) ;
#2061 = CARTESIAN_POINT ( 'NONE',  ( 121.8999999999999915, -76.95000000000000284, 1.600000000000000089 ) ) ;
#2062 = LINE ( 'NONE', #2044, #286 ) ;
#2063 = ORIENTED_EDGE ( 'NONE', *, *, #211, .F. ) ;
#2064 = CARTESIAN_POINT ( 'NONE',  ( 121.8999999999999915, -76.95000000000000284, 1.600000000000000089 ) ) ;
#2065 = LINE ( 'NONE', #2322, #2190 ) ;
#2066 = LINE ( 'NONE', #3038, #841 ) ;
#2067 = ORIENTED_EDGE ( 'NONE', *, *, #895, .T. ) ;
#2068 = DIRECTION ( 'NONE',  ( -1.000000000000000000, 0.000000000000000000, 0.000000000000000000 ) ) ;
#2069 = ORIENTED_EDGE ( 'NONE', *, *, #2459, .F. ) ;
#2070 = LINE ( 'NONE', #636, #2378 ) ;
#2071 = AXIS2_PLACEMENT_3D ( 'NONE', #433, #1867, #2365 ) ;
#2072 = CARTESIAN_POINT ( 'NONE',  ( 120.6715820999191493, 0.000000000000000000, 0.1000000000000000056 ) ) ;
#2073 = VERTEX_POINT ( 'NONE', #2941 ) ;
#2074 = DIRECTION ( 'NONE',  ( 0.2079132313452998482, -0.9781472732833005335, 0.000000000000000000 ) ) ;
#2075 = AXIS2_PLACEMENT_3D ( 'NONE', #2789, #383, #1349 ) ;
#2076 = DIRECTION ( 'NONE',  ( 0.000000000000000000, 0.000000000000000000, -1.000000000000000000 ) ) ;
#2077 = VERTEX_POINT ( 'NONE', #571 ) ;
#2078 = MANIFOLD_SOLID_BREP ( 'Basisteil-uSD2PSX_Frame-1', #1392 ) ;
#2079 = CARTESIAN_POINT ( 'NONE',  ( 98.79999999999999716, -76.95000000000000284, 1.600000000000000089 ) ) ;
#2080 = DESIGN_CONTEXT ( 'detailed design', #610, 'design' ) ;
#2081 = CARTESIAN_POINT ( 'NONE',  ( 99.32900699999999006, -78.57811499999999683, 1.600000000000000089 ) ) ;
#2082 = ORIENTED_EDGE ( 'NONE', *, *, #2143, .T. ) ;
#2083 = CARTESIAN_POINT ( 'NONE',  ( 98.98712100000000191, -78.73033300000000168, 0.1000000000000000056 ) ) ;
#2084 = ORIENTED_EDGE ( 'NONE', *, *, #565, .T. ) ;
#2085 = LINE ( 'NONE', #1784, #1966 ) ;
#2086 = EDGE_CURVE ( 'NONE', #1921, #981, #2445, .T. ) ;
#2087 = CC_DESIGN_APPROVAL ( #2992, ( #177 ) ) ;
#2088 = DIRECTION ( 'NONE',  ( -0.8660248566549640925, -0.5000009476548507026, 0.000000000000000000 ) ) ;
#2089 = ORIENTED_EDGE ( 'NONE', *, *, #561, .T. ) ;
#2090 = FACE_OUTER_BOUND ( 'NONE', #2785, .T. ) ;
#2091 = ADVANCED_FACE ( 'NONE', ( #1249 ), #319, .T. ) ;
#2092 = VERTEX_POINT ( 'NONE', #2499 ) ;
#2093 = VECTOR ( 'NONE', #1922, 1000.000000000000114 ) ;
#2094 = CARTESIAN_POINT ( 'NONE',  ( 122.5997310000000056, -81.12743499999999131, 0.1000000000000000056 ) ) ;
#2095 = CARTESIAN_POINT ( 'NONE',  ( 122.7807850000000087, -57.40491000000000099, 1.600000000000000089 ) ) ;
#2096 = ORIENTED_EDGE ( 'NONE', *, *, #1469, .F. ) ;
#2097 = DIRECTION ( 'NONE',  ( -0.9945220111778790839, -0.1045273614069853058, 0.000000000000000000 ) ) ;
#2098 = EDGE_CURVE ( 'NONE', #96, #432, #2975, .T. ) ;
#2099 = ORIENTED_EDGE ( 'NONE', *, *, #2892, .F. ) ;
#2100 = EDGE_CURVE ( 'NONE', #2646, #2721, #2753, .T. ) ;
#2101 = FACE_OUTER_BOUND ( 'NONE', #2496, .T. ) ;
#2102 = VECTOR ( 'NONE', #2780, 1000.000000000000000 ) ;
#2103 = VERTEX_POINT ( 'NONE', #3006 ) ;
#2104 = DIRECTION ( 'NONE',  ( -0.000000000000000000, -0.000000000000000000, -1.000000000000000000 ) ) ;
#2105 = LINE ( 'NONE', #864, #1945 ) ;
#2106 = VECTOR ( 'NONE', #2397, 1000.000000000000000 ) ;
#2107 = EDGE_LOOP ( 'NONE', ( #1560, #2249, #862, #1846 ) ) ;
#2108 = DIRECTION ( 'NONE',  ( -0.1119649807666246583, -0.9937121530312131856, 0.000000000000000000 ) ) ;
#2109 = LINE ( 'NONE', #3082, #2699 ) ;
#2110 = ORIENTED_EDGE ( 'NONE', *, *, #647, .F. ) ;
#2111 = CARTESIAN_POINT ( 'NONE',  ( 122.0963520000000102, -80.81114100000000633, 0.1000000000000000056 ) ) ;
#2112 = DIRECTION ( 'NONE',  ( -0.7431453400109567786, -0.6691300349110025358, 0.000000000000000000 ) ) ;
#2113 = ADVANCED_FACE ( 'NONE', ( #535 ), #1767, .F. ) ;
#2114 = ORIENTED_EDGE ( 'NONE', *, *, #2539, .T. ) ;
#2115 = LINE ( 'NONE', #922, #1221 ) ;
#2116 = ORIENTED_EDGE ( 'NONE', *, *, #3005, .F. ) ;
#2117 = DIRECTION ( 'NONE',  ( 0.9951845713626575884, 0.09801871720096838603, 0.000000000000000000 ) ) ;
#2118 = AXIS2_PLACEMENT_3D ( 'NONE', #504, #1705, #2862 ) ;
#2119 = ORIENTED_EDGE ( 'NONE', *, *, #2701, .F. ) ;
#2120 = LINE ( 'NONE', #187, #1211 ) ;
#2121 = CARTESIAN_POINT ( 'NONE',  ( 122.5997310000000056, -76.07256499999999733, 1.600000000000000089 ) ) ;
#2122 = ADVANCED_FACE ( 'NONE', ( #93 ), #2989, .F. ) ;
#2123 = CARTESIAN_POINT ( 'NONE',  ( 118.3095652049721309, -62.40122859638317010, 1.199999999999999956 ) ) ;
#2124 = EDGE_CURVE ( 'NONE', #1264, #2224, #2467, .T. ) ;
#2125 = ORIENTED_EDGE ( 'NONE', *, *, #1526, .T. ) ;
#2126 = LINE ( 'NONE', #1417, #2680 ) ;
#2127 = EDGE_CURVE ( 'NONE', #1619, #1151, #556, .T. ) ;
#2128 = CARTESIAN_POINT ( 'NONE',  ( 120.0564960880900287, -78.42711737717354481, 1.199999999999999956 ) ) ;
#2129 = VERTEX_POINT ( 'NONE', #2233 ) ;
#2130 = PLANE ( 'NONE',  #101 ) ;
#2131 = PLANE ( 'NONE',  #3018 ) ;
#2132 = EDGE_CURVE ( 'NONE', #2224, #1921, #1027, .T. ) ;
#2133 = ORIENTED_EDGE ( 'NONE', *, *, #1993, .T. ) ;
#2134 = PLANE ( 'NONE',  #784 ) ;
#2135 = VECTOR ( 'NONE', #2696, 999.9999999999998863 ) ;
#2136 = ORIENTED_EDGE ( 'NONE', *, *, #78, .F. ) ;
#2137 = DIRECTION ( 'NONE',  ( 1.000000000000000000, 0.000000000000000000, 0.000000000000000000 ) ) ;
#2138 = VECTOR ( 'NONE', #1429, 1000.000000000000000 ) ;
#2139 = DIRECTION ( 'NONE',  ( -0.000000000000000000, -0.000000000000000000, -1.000000000000000000 ) ) ;
#2140 = AXIS2_PLACEMENT_3D ( 'NONE', #2852, #1643, #1425 ) ;
#2141 = ORIENTED_EDGE ( 'NONE', *, *, #1415, .F. ) ;
#2142 = CARTESIAN_POINT ( 'NONE',  ( 99.16606299999999408, -78.67219099999999798, 0.1000000000000000056 ) ) ;
#2143 = EDGE_CURVE ( 'NONE', #2889, #2423, #1781, .T. ) ;
#2144 = LINE ( 'NONE', #2876, #1049 ) ;
#2145 = DIRECTION ( 'NONE',  ( -0.1119649807666246583, 0.9937121530312131856, 0.000000000000000000 ) ) ;
#2146 = ORIENTED_EDGE ( 'NONE', *, *, #1436, .F. ) ;
#2147 = DIRECTION ( 'NONE',  ( 1.000000000000000000, 0.000000000000000000, 0.000000000000000000 ) ) ;
#2148 = APPROVAL_DATE_TIME ( #1251, #2762 ) ;
#2149 = LINE ( 'NONE', #936, #513 ) ;
#2150 = ORIENTED_EDGE ( 'NONE', *, *, #7, .F. ) ;
#2151 = CARTESIAN_POINT ( 'NONE',  ( 118.5543324666909513, -72.27625725888233887, 1.199999999999999956 ) ) ;
#2152 = EDGE_CURVE ( 'NONE', #2898, #2550, #518, .T. ) ;
#2153 = VECTOR ( 'NONE', #70, 1000.000000000000000 ) ;
#2154 = AXIS2_PLACEMENT_3D ( 'NONE', #2267, #106, #2723 ) ;
#2155 = ORIENTED_EDGE ( 'NONE', *, *, #294, .T. ) ;
#2156 = CARTESIAN_POINT ( 'NONE',  ( 98.96853099999999870, -57.04442999999999842, 1.600000000000000089 ) ) ;
#2157 = CARTESIAN_POINT ( 'NONE',  ( 102.8139058084240389, -55.78069568802292366, 1.399999999999999911 ) ) ;
#2158 = VERTEX_POINT ( 'NONE', #2252 ) ;
#2159 = EDGE_CURVE ( 'NONE', #2599, #2532, #2706, .T. ) ;
#2160 = DIRECTION ( 'NONE',  ( 0.2902813399871402855, 0.9569413480748285572, 0.000000000000000000 ) ) ;
#2161 = DIRECTION ( 'NONE',  ( -0.8819213211012967291, -0.4713966306486964131, 0.000000000000000000 ) ) ;
#2162 = CARTESIAN_POINT ( 'NONE',  ( 115.0611029455927223, -60.50461087972688290, 0.1000000000000000472 ) ) ;
#2163 = CARTESIAN_POINT ( 'NONE',  ( 99.32900699999999006, -78.57811499999999683, 1.600000000000000089 ) ) ;
#2164 = LINE ( 'NONE', #473, #705 ) ;
#2165 = EDGE_CURVE ( 'NONE', #1716, #711, #2515, .T. ) ;
#2166 = PERSON_AND_ORGANIZATION ( #18446744073709551615, #18446744073709551615 ) ;
#2167 = DIRECTION ( 'NONE',  ( -0.7071067811865474617, 0.7071067811865474617, 0.000000000000000000 ) ) ;
#2168 = ORIENTED_EDGE ( 'NONE', *, *, #2883, .F. ) ;
#2169 = DIRECTION ( 'NONE',  ( 0.000000000000000000, 0.000000000000000000, -1.000000000000000000 ) ) ;
#2170 = DIRECTION ( 'NONE',  ( 0.000000000000000000, 0.000000000000000000, -1.000000000000000000 ) ) ;
#2171 = VERTEX_POINT ( 'NONE', #1073 ) ;
#2172 = LINE ( 'NONE', #2156, #1978 ) ;
#2173 = VECTOR ( 'NONE', #741, 1000.000000000000000 ) ;
#2174 = DIRECTION ( 'NONE',  ( 0.000000000000000000, -1.000000000000000000, 0.000000000000000000 ) ) ;
#2175 = ORIENTED_EDGE ( 'NONE', *, *, #1374, .T. ) ;
#2176 = LINE ( 'NONE', #2846, #3119 ) ;
#2177 = FACE_OUTER_BOUND ( 'NONE', #1768, .T. ) ;
#2178 = EDGE_LOOP ( 'NONE', ( #273, #128, #1240, #2293 ) ) ;
#2179 = PLANE ( 'NONE',  #2932 ) ;
#2180 = PERSON_AND_ORGANIZATION_ROLE ( 'creator' ) ;
#2181 = VECTOR ( 'NONE', #1471, 1000.000000000000114 ) ;
#2182 = LINE ( 'NONE', #15, #2173 ) ;
#2183 = VERTEX_POINT ( 'NONE', #2036 ) ;
#2184 = LINE ( 'NONE', #1234, #1182 ) ;
#2185 = EDGE_CURVE ( 'NONE', #978, #333, #1985, .T. ) ;
#2186 = ORIENTED_EDGE ( 'NONE', *, *, #654, .T. ) ;
#2187 = VECTOR ( 'NONE', #2719, 1000.000000000000000 ) ;
#2188 = CARTESIAN_POINT ( 'NONE',  ( 114.5857630951841486, -56.59999999999999432, 1.600000000000000089 ) ) ;
#2189 = DIRECTION ( 'NONE',  ( 0.000000000000000000, -1.000000000000000000, 0.000000000000000000 ) ) ;
#2190 = VECTOR ( 'NONE', #1104, 1000.000000000000114 ) ;
#2191 = ORIENTED_EDGE ( 'NONE', *, *, #3139, .F. ) ;
#2192 = DIRECTION ( 'NONE',  ( 0.000000000000000000, 1.000000000000000000, 0.000000000000000000 ) ) ;
#2193 = CARTESIAN_POINT ( 'NONE',  ( 121.9225649999999916, -80.45026900000000580, 1.600000000000000089 ) ) ;
#2194 = ORIENTED_EDGE ( 'NONE', *, *, #1634, .T. ) ;
#2195 = CARTESIAN_POINT ( 'NONE',  ( 121.8000000000000114, -88.59999999999999432, 1.600000000000000089 ) ) ;
#2196 = PERSON_AND_ORGANIZATION ( #18446744073709551615, #18446744073709551615 ) ;
#2197 = LINE ( 'NONE', #1169, #109 ) ;
#2198 = ORIENTED_EDGE ( 'NONE', *, *, #1437, .F. ) ;
#2199 = EDGE_CURVE ( 'NONE', #226, #2884, #1718, .T. ) ;
#2200 = LINE ( 'NONE', #1753, #1289 ) ;
#2201 = AXIS2_PLACEMENT_3D ( 'NONE', #1262, #2228, #2768 ) ;
#2202 = ORIENTED_EDGE ( 'NONE', *, *, #2929, .F. ) ;
#2203 = LINE ( 'NONE', #2714, #2697 ) ;
#2204 = CARTESIAN_POINT ( 'NONE',  ( 121.8000000000000114, -56.59999999999999432, 1.600000000000000089 ) ) ;
#2205 = VECTOR ( 'NONE', #1189, 1000.000000000000000 ) ;
#2206 = VECTOR ( 'NONE', #99, 1000.000000000000000 ) ;
#2207 = ORIENTED_EDGE ( 'NONE', *, *, #3080, .F. ) ;
#2208 = AXIS2_PLACEMENT_3D ( 'NONE', #2350, #2820, #838 ) ;
#2209 = EDGE_CURVE ( 'NONE', #1356, #1478, #660, .T. ) ;
#2210 = DIRECTION ( 'NONE',  ( -1.000000000000000000, -0.000000000000000000, -0.000000000000000000 ) ) ;
#2211 = EDGE_CURVE ( 'NONE', #466, #226, #1361, .T. ) ;
#2212 = CARTESIAN_POINT ( 'NONE',  ( 121.9225649999999916, -80.45026900000000580, 1.600000000000000089 ) ) ;
#2213 = ORIENTED_EDGE ( 'NONE', *, *, #2711, .F. ) ;
#2214 = ORIENTED_EDGE ( 'NONE', *, *, #2775, .T. ) ;
#2215 = DIRECTION ( 'NONE',  ( 0.000000000000000000, -1.000000000000000000, -0.000000000000000000 ) ) ;
#2216 = DIRECTION ( 'NONE',  ( -0.000000000000000000, -0.000000000000000000, -1.000000000000000000 ) ) ;
#2217 = ORIENTED_EDGE ( 'NONE', *, *, #783, .F. ) ;
#2218 = FACE_OUTER_BOUND ( 'NONE', #2751, .T. ) ;
#2219 = CARTESIAN_POINT ( 'NONE',  ( 121.9891280000000080, -76.55950500000000147, 1.600000000000000089 ) ) ;
#2220 = VERTEX_POINT ( 'NONE', #619 ) ;
#2221 = DIRECTION ( 'NONE',  ( 0.9569413480748384382, -0.2902813399871079225, 0.000000000000000000 ) ) ;
#2222 = FACE_OUTER_BOUND ( 'NONE', #3096, .T. ) ;
#2223 = CARTESIAN_POINT ( 'NONE',  ( 108.4498344518040938, -32.38110561960569100, 1.600000000000000089 ) ) ;
#2224 = VERTEX_POINT ( 'NONE', #3025 ) ;
#2225 = EDGE_CURVE ( 'NONE', #1458, #1582, #1841, .T. ) ;
#2226 = LINE ( 'NONE', #2923, #1194 ) ;
#2227 = VECTOR ( 'NONE', #1509, 1000.000000000000000 ) ;
#2228 = DIRECTION ( 'NONE',  ( 0.000000000000000000, 0.000000000000000000, -1.000000000000000000 ) ) ;
#2229 = ORIENTED_EDGE ( 'NONE', *, *, #1340, .T. ) ;
#2230 = ORIENTED_EDGE ( 'NONE', *, *, #2100, .T. ) ;
#2231 = EDGE_CURVE ( 'NONE', #2839, #1857, #873, .T. ) ;
#2232 = VECTOR ( 'NONE', #1331, 1000.000000000000000 ) ;
#2233 = CARTESIAN_POINT ( 'NONE',  ( 98.98712100000000191, -78.73033300000000168, 0.1000000000000000056 ) ) ;
#2234 = EDGE_CURVE ( 'NONE', #2973, #1908, #1385, .T. ) ;
#2235 = EDGE_CURVE ( 'NONE', #3116, #2469, #2596, .T. ) ;
#2236 = ORIENTED_EDGE ( 'NONE', *, *, #602, .F. ) ;
#2237 = LINE ( 'NONE', #2961, #331 ) ;
#2238 = EDGE_CURVE ( 'NONE', #254, #1467, #1577, .T. ) ;
#2239 = DIRECTION ( 'NONE',  ( 1.000000000000000000, 0.000000000000000000, 0.000000000000000000 ) ) ;
#2240 = VERTEX_POINT ( 'NONE', #1126 ) ;
#2241 = CARTESIAN_POINT ( 'NONE',  ( 115.0611029455927223, -63.09917396239185194, 1.399999999999999911 ) ) ;
#2242 = FACE_OUTER_BOUND ( 'NONE', #3063, .T. ) ;
#2243 = CARTESIAN_POINT ( 'NONE',  ( 98.98712100000000191, -78.73033300000000168, 1.600000000000000089 ) ) ;
#2244 = ORIENTED_EDGE ( 'NONE', *, *, #2472, .T. ) ;
#2245 = ADVANCED_FACE ( 'NONE', ( #601 ), #2326, .F. ) ;
#2246 = VECTOR ( 'NONE', #563, 1000.000000000000000 ) ;
#2247 = DIRECTION ( 'NONE',  ( -0.9951845713626575884, 0.09801871720096838603, 0.000000000000000000 ) ) ;
#2248 = DIRECTION ( 'NONE',  ( 0.3090180506316998477, -0.9510561730958820847, 0.000000000000000000 ) ) ;
#2249 = ORIENTED_EDGE ( 'NONE', *, *, #1428, .F. ) ;
#2250 = DIRECTION ( 'NONE',  ( -0.09801871720096841378, -0.9951845713626576995, 0.000000000000000000 ) ) ;
#2251 = ADVANCED_FACE ( 'NONE', ( #363 ), #2548, .F. ) ;
#2252 = CARTESIAN_POINT ( 'NONE',  ( 99.46882999999999697, -78.45221800000000201, 1.600000000000000089 ) ) ;
#2253 = AXIS2_PLACEMENT_3D ( 'NONE', #1187, #1693, #1219 ) ;
#2254 = VERTEX_POINT ( 'NONE', #1621 ) ;
#2255 = CARTESIAN_POINT ( 'NONE',  ( 99.69507000000000119, -77.94407599999999547, 1.600000000000000089 ) ) ;
#2256 = ORIENTED_EDGE ( 'NONE', *, *, #1026, .F. ) ;
#2257 = DIRECTION ( 'NONE',  ( 0.000000000000000000, 0.000000000000000000, -1.000000000000000000 ) ) ;
#2258 = CARTESIAN_POINT ( 'NONE',  ( 99.16606299999999408, -77.02780900000000486, 1.600000000000000089 ) ) ;
#2259 = EDGE_CURVE ( 'NONE', #1697, #2754, #381, .T. ) ;
#2260 = CARTESIAN_POINT ( 'NONE',  ( 120.6715820999191493, -72.27625725888233887, 1.199999999999999956 ) ) ;
#2261 = ORIENTED_EDGE ( 'NONE', *, *, #931, .T. ) ;
#2262 = CARTESIAN_POINT ( 'NONE',  ( 122.5997310000000056, -76.07256499999999733, 0.1000000000000000056 ) ) ;
#2263 = CARTESIAN_POINT ( 'NONE',  ( 122.5997310000000056, -76.07256499999999733, 1.600000000000000089 ) ) ;
#2264 = VECTOR ( 'NONE', #427, 1000.000000000000114 ) ;
#2265 = ORIENTED_EDGE ( 'NONE', *, *, #2940, .T. ) ;
#2266 = VECTOR ( 'NONE', #1502, 1000.000000000000000 ) ;
#2267 = CARTESIAN_POINT ( 'NONE',  ( 121.9950900000000047, -88.58078499999999167, 1.600000000000000089 ) ) ;
#2268 = APPROVAL_STATUS ( 'not_yet_approved' ) ;
#2269 = VERTEX_POINT ( 'NONE', #1325 ) ;
#2270 = CARTESIAN_POINT ( 'NONE',  ( 121.9225649999999916, -76.74973099999999704, 1.600000000000000089 ) ) ;
#2271 = ADVANCED_FACE ( 'NONE', ( #1346 ), #152, .T. ) ;
#2272 = DIRECTION ( 'NONE',  ( 0.000000000000000000, 0.000000000000000000, -1.000000000000000000 ) ) ;
#2273 = EDGE_LOOP ( 'NONE', ( #1520, #89, #1793, #2559 ) ) ;
#2274 = LINE ( 'NONE', #863, #1419 ) ;
#2275 = PLANE ( 'NONE',  #1580 ) ;
#2276 = DIRECTION ( 'NONE',  ( -0.9951845713626575884, -0.09801871720096838603, 0.000000000000000000 ) ) ;
#2277 = ORIENTED_EDGE ( 'NONE', *, *, #2962, .T. ) ;
#2278 = DIRECTION ( 'NONE',  ( 0.000000000000000000, 0.000000000000000000, -1.000000000000000000 ) ) ;
#2279 = CARTESIAN_POINT ( 'NONE',  ( 122.6314700000000073, -88.15556999999999732, 1.600000000000000089 ) ) ;
#2280 = ORIENTED_EDGE ( 'NONE', *, *, #296, .F. ) ;
#2281 = VECTOR ( 'NONE', #1468, 1000.000000000000000 ) ;
#2282 = DIRECTION ( 'NONE',  ( -0.9438832626649830138, 0.3302792552687902061, 0.000000000000000000 ) ) ;
#2283 = ORIENTED_EDGE ( 'NONE', *, *, #1659, .T. ) ;
#2284 = LINE ( 'NONE', #95, #312 ) ;
#2285 = ORIENTED_EDGE ( 'NONE', *, *, #1366, .T. ) ;
#2286 = LINE ( 'NONE', #112, #1270 ) ;
#2287 = FACE_OUTER_BOUND ( 'NONE', #1260, .T. ) ;
#2288 = ADVANCED_FACE ( 'NONE', ( #423 ), #1827, .T. ) ;
#2289 = LINE ( 'NONE', #2781, #847 ) ;
#2290 = ORIENTED_EDGE ( 'NONE', *, *, #1118, .F. ) ;
#2291 = DIRECTION ( 'NONE',  ( 0.000000000000000000, 0.000000000000000000, -1.000000000000000000 ) ) ;
#2292 = PLANE ( 'NONE',  #2436 ) ;
#2293 = ORIENTED_EDGE ( 'NONE', *, *, #7, .T. ) ;
#2294 = VECTOR ( 'NONE', #2391, 1000.000000000000227 ) ;
#2295 = CARTESIAN_POINT ( 'NONE',  ( 122.1826829999999973, -56.67612000000000450, 1.600000000000000089 ) ) ;
#2296 = VECTOR ( 'NONE', #1383, 1000.000000000000000 ) ;
#2297 = ORIENTED_EDGE ( 'NONE', *, *, #268, .F. ) ;
#2298 = CARTESIAN_POINT ( 'NONE',  ( 122.2388590000000050, -80.95364800000000116, 0.1000000000000000056 ) ) ;
#2299 = LINE ( 'NONE', #1095, #2030 ) ;
#2300 = EDGE_LOOP ( 'NONE', ( #2678, #1707, #1902, #324 ) ) ;
#2301 = DIRECTION ( 'NONE',  ( -0.9951845713626576995, -0.09801871720096841378, 0.000000000000000000 ) ) ;
#2302 = DIRECTION ( 'NONE',  ( 0.2902813399871402855, 0.9569413480748285572, 0.000000000000000000 ) ) ;
#2303 = CARTESIAN_POINT ( 'NONE',  ( 115.0611029455927223, -63.09917396239185194, 1.399999999999999911 ) ) ;
#2304 = VECTOR ( 'NONE', #2139, 1000.000000000000000 ) ;
#2305 = ORIENTED_EDGE ( 'NONE', *, *, #1888, .T. ) ;
#2306 = FACE_OUTER_BOUND ( 'NONE', #1394, .T. ) ;
#2307 = CARTESIAN_POINT ( 'NONE',  ( 115.0611029455927223, -72.32281480204682111, 1.199999999999999956 ) ) ;
#2308 = CARTESIAN_POINT ( 'NONE',  ( 113.5857630951841486, -58.70688005899127404, 1.600000000000000089 ) ) ;
#2309 = ORIENTED_EDGE ( 'NONE', *, *, #445, .T. ) ;
#2310 = EDGE_CURVE ( 'NONE', #2839, #169, #634, .T. ) ;
#2311 = EDGE_CURVE ( 'NONE', #2183, #1, #1373, .T. ) ;
#2312 = CARTESIAN_POINT ( 'NONE',  ( 116.2675662552226328, -75.42549763944744257, 1.199999999999999956 ) ) ;
#2313 = LOCAL_TIME ( 19, 36, 22.00000000000000000, #960 ) ;
#2314 = ORIENTED_EDGE ( 'NONE', *, *, #965, .F. ) ;
#2315 = LINE ( 'NONE', #1061, #2886 ) ;
#2316 = DIRECTION ( 'NONE',  ( 0.000000000000000000, 0.000000000000000000, 1.000000000000000000 ) ) ;
#2317 = ORIENTED_EDGE ( 'NONE', *, *, #1892, .F. ) ;
#2318 = CARTESIAN_POINT ( 'NONE',  ( 99.65595100000000173, -77.57188499999999465, 0.1000000000000000056 ) ) ;
#2319 = PLANE ( 'NONE',  #134 ) ;
#2320 = ORIENTED_EDGE ( 'NONE', *, *, #484, .T. ) ;
#2321 = DIRECTION ( 'NONE',  ( 1.000000000000000000, 0.000000000000000000, 0.000000000000000000 ) ) ;
#2322 = CARTESIAN_POINT ( 'NONE',  ( 122.6314700000000073, -57.04442999999999842, 0.1000000000000000056 ) ) ;
#2323 = EDGE_CURVE ( 'NONE', #2129, #2092, #165, .T. ) ;
#2324 = VERTEX_POINT ( 'NONE', #3057 ) ;
#2325 = EDGE_CURVE ( 'NONE', #1045, #2484, #3071, .T. ) ;
#2326 = PLANE ( 'NONE',  #3073 ) ;
#2327 = ORIENTED_EDGE ( 'NONE', *, *, #2359, .T. ) ;
#2328 = CARTESIAN_POINT ( 'NONE',  ( 99.46882999999999697, -77.24778200000000083, 0.1000000000000000056 ) ) ;
#2329 = EDGE_CURVE ( 'NONE', #1828, #1949, #1856, .T. ) ;
#2330 = LINE ( 'NONE', #1624, #666 ) ;
#2331 = ORIENTED_EDGE ( 'NONE', *, *, #798, .F. ) ;
#2332 = CARTESIAN_POINT ( 'NONE',  ( 122.3555700000000002, -56.76852999999999838, 1.600000000000000089 ) ) ;
#2333 = EDGE_CURVE ( 'NONE', #727, #1087, #1210, .T. ) ;
#2334 = ORIENTED_EDGE ( 'NONE', *, *, #1041, .F. ) ;
#2335 = DIRECTION ( 'NONE',  ( 0.7730089055066559078, -0.6343951702270455018, 0.000000000000000000 ) ) ;
#2336 = AXIS2_PLACEMENT_3D ( 'NONE', #878, #2553, #1130 ) ;
#2337 = CARTESIAN_POINT ( 'NONE',  ( 99.79999999999999716, -56.59999999999999432, 0.1000000000000000056 ) ) ;
#2338 = EDGE_LOOP ( 'NONE', ( #2921, #2150, #2770, #1952 ) ) ;
#2339 = EDGE_CURVE ( 'NONE', #2930, #1504, #1702, .T. ) ;
#2340 = DIRECTION ( 'NONE',  ( 0.000000000000000000, -1.000000000000000000, 0.000000000000000000 ) ) ;
#2341 = VECTOR ( 'NONE', #1329, 1000.000000000000114 ) ;
#2342 = ORIENTED_EDGE ( 'NONE', *, *, #2978, .F. ) ;
#2343 = DIRECTION ( 'NONE',  ( 0.000000000000000000, -1.000000000000000000, 0.000000000000000000 ) ) ;
#2344 = ORIENTED_EDGE ( 'NONE', *, *, #1437, .T. ) ;
#2345 = CARTESIAN_POINT ( 'NONE',  ( 122.5997310000000056, -76.07256499999999733, 1.600000000000000089 ) ) ;
#2346 = ORIENTED_EDGE ( 'NONE', *, *, #3027, .T. ) ;
#2347 = CARTESIAN_POINT ( 'NONE',  ( 99.57942300000000557, -78.29999999999999716, 0.1000000000000000056 ) ) ;
#2348 = CARTESIAN_POINT ( 'NONE',  ( 118.3095652049721309, 0.000000000000000000, 0.1000000000000000056 ) ) ;
#2349 = VERTEX_POINT ( 'NONE', #3085 ) ;
#2350 = CARTESIAN_POINT ( 'NONE',  ( 122.7238799999999941, -87.98268300000000863, 1.600000000000000089 ) ) ;
#2351 = AXIS2_PLACEMENT_3D ( 'NONE', #245, #230, #469 ) ;
#2352 = ORIENTED_EDGE ( 'NONE', *, *, #757, .F. ) ;
#2353 = VECTOR ( 'NONE', #630, 1000.000000000000000 ) ;
#2354 = VECTOR ( 'NONE', #2216, 1000.000000000000000 ) ;
#2355 = DIRECTION ( 'NONE',  ( -1.000000000000000000, 0.000000000000000000, 0.000000000000000000 ) ) ;
#2356 = VECTOR ( 'NONE', #2074, 1000.000000000000114 ) ;
#2357 = ORIENTED_EDGE ( 'NONE', *, *, #540, .F. ) ;
#2358 = LINE ( 'NONE', #186, #2264 ) ;
#2359 = EDGE_CURVE ( 'NONE', #717, #509, #703, .T. ) ;
#2360 = VECTOR ( 'NONE', #1559, 1000.000000000000114 ) ;
#2361 = ORIENTED_EDGE ( 'NONE', *, *, #1969, .F. ) ;
#2362 = CARTESIAN_POINT ( 'NONE',  ( 122.5997310000000056, -81.12743499999999131, 1.600000000000000089 ) ) ;
#2363 = CARTESIAN_POINT ( 'NONE',  ( 120.0564960880900287, -83.28797500581734425, 0.1000000000000000472 ) ) ;
#2364 = ORIENTED_EDGE ( 'NONE', *, *, #2029, .F. ) ;
#2365 = DIRECTION ( 'NONE',  ( 0.000000000000000000, -0.000000000000000000, 1.000000000000000000 ) ) ;
#2366 = LINE ( 'NONE', #2425, #234 ) ;
#2367 = EDGE_CURVE ( 'NONE', #289, #697, #2176, .T. ) ;
#2368 = ORIENTED_EDGE ( 'NONE', *, *, #167, .F. ) ;
#2369 = DIRECTION ( 'NONE',  ( 0.000000000000000000, 1.000000000000000000, 0.000000000000000000 ) ) ;
#2370 = DIRECTION ( 'NONE',  ( 0.000000000000000000, 0.000000000000000000, -1.000000000000000000 ) ) ;
#2371 = DIRECTION ( 'NONE',  ( -0.000000000000000000, 0.000000000000000000, -1.000000000000000000 ) ) ;
#2372 = VERTEX_POINT ( 'NONE', #944 ) ;
#2373 = CARTESIAN_POINT ( 'NONE',  ( 121.9891280000000080, -76.55950500000000147, 0.1000000000000000056 ) ) ;
#2374 = VECTOR ( 'NONE', #247, 1000.000000000000000 ) ;
#2375 = ORIENTED_EDGE ( 'NONE', *, *, #1374, .F. ) ;
#2376 = EDGE_CURVE ( 'NONE', #2220, #912, #2366, .T. ) ;
#2377 = PLANE ( 'NONE',  #2547 ) ;
#2378 = VECTOR ( 'NONE', #1829, 1000.000000000000000 ) ;
#2379 = CARTESIAN_POINT ( 'NONE',  ( 98.79999999999999716, -57.60000000000000142, 1.600000000000000089 ) ) ;
#2380 = ORIENTED_EDGE ( 'NONE', *, *, #1986, .T. ) ;
#2381 = LINE ( 'NONE', #208, #756 ) ;
#2382 = CARTESIAN_POINT ( 'NONE',  ( 0.000000000000000000, -60.50461087972688290, 0.1000000000000000056 ) ) ;
#2383 = VERTEX_POINT ( 'NONE', #2906 ) ;
#2384 = CARTESIAN_POINT ( 'NONE',  ( 122.4095049999999958, -81.06087200000000337, 1.600000000000000089 ) ) ;
#2385 = CALENDAR_DATE ( 2026, 4, 4 ) ;
#2386 = CARTESIAN_POINT ( 'NONE',  ( 114.0857630951841486, -63.09917396239185194, 0.09999999999999982514 ) ) ;
#2387 = ORIENTED_EDGE ( 'NONE', *, *, #965, .T. ) ;
#2388 = CARTESIAN_POINT ( 'NONE',  ( 102.8139058084240389, -57.10000000000000142, 1.600000000000000089 ) ) ;
#2389 = AXIS2_PLACEMENT_3D ( 'NONE', #1257, #1994, #291 ) ;
#2390 = ORIENTED_EDGE ( 'NONE', *, *, #296, .T. ) ;
#2391 = DIRECTION ( 'NONE',  ( -0.8819213211012819631, 0.4713966306487239466, 0.000000000000000000 ) ) ;
#2392 = DIRECTION ( 'NONE',  ( 0.000000000000000000, -1.000000000000000000, 0.000000000000000000 ) ) ;
#2393 = AXIS2_PLACEMENT_3D ( 'NONE', #1708, #508, #284 ) ;
#2394 = EDGE_LOOP ( 'NONE', ( #16, #2050, #2763, #1203 ) ) ;
#2395 = DIRECTION ( 'NONE',  ( -1.000000000000000000, 0.000000000000000000, 0.000000000000000000 ) ) ;
#2396 = ADVANCED_FACE ( 'NONE', ( #1164 ), #1654, .F. ) ;
#2397 = DIRECTION ( 'NONE',  ( -0.000000000000000000, -0.000000000000000000, -1.000000000000000000 ) ) ;
#2398 = CARTESIAN_POINT ( 'NONE',  ( 102.8139058084240389, -55.78069568802292366, 1.399999999999999911 ) ) ;
#2399 = ORIENTED_EDGE ( 'NONE', *, *, #555, .T. ) ;
#2400 = CARTESIAN_POINT ( 'NONE',  ( 118.3095652049721309, -62.40122859638317010, 1.199999999999999956 ) ) ;
#2401 = DIRECTION ( 'NONE',  ( 1.000000000000000000, 0.000000000000000000, 0.000000000000000000 ) ) ;
#2402 = CARTESIAN_POINT ( 'NONE',  ( 122.3555700000000002, -56.76852999999999838, 0.1000000000000000056 ) ) ;
#2403 = EDGE_LOOP ( 'NONE', ( #1308, #3086, #2133, #373 ) ) ;
#2404 = CARTESIAN_POINT ( 'NONE',  ( 121.9225649999999916, -80.45026900000000580, 1.600000000000000089 ) ) ;
#2405 = VECTOR ( 'NONE', #2583, 1000.000000000000000 ) ;
#2406 = EDGE_LOOP ( 'NONE', ( #460, #1840, #2283, #1633, #202, #1991, #828, #984, #2390, #2690, #768, #536, #2877, #2742, #385, #2618, #2399, #1132, #1294, #1146, #1162, #2186, #1055, #1524, #819, #2432, #2480, #1595, #586, #1206, #362, #2002, #382, #1120, #3092, #2285, #2084, #2387, #794, #1558, #583, #2046, #11, #1267, #66, #2465, #2471, #1060, #2261, #1578, #810, #220, #411, #2509, #79, #990, #1964, #2067, #512, #2327, #1726, #1191, #41, #316, #121, #3074, #81, #2342, #970 ) ) ;
#2407 = PLANE ( 'NONE',  #1630 ) ;
#2408 = VERTEX_POINT ( 'NONE', #2609 ) ;
#2409 = LINE ( 'NONE', #1929, #2620 ) ;
#2410 = EDGE_CURVE ( 'NONE', #1625, #569, #2626, .T. ) ;
#2411 = DIRECTION ( 'NONE',  ( -0.3302792552688515459, 0.9438832626649615865, 0.000000000000000000 ) ) ;
#2412 = EDGE_CURVE ( 'NONE', #2813, #704, #452, .T. ) ;
#2413 = ORIENTED_EDGE ( 'NONE', *, *, #654, .F. ) ;
#2414 = CARTESIAN_POINT ( 'NONE',  ( 122.1826829999999973, -56.67612000000000450, 0.1000000000000000056 ) ) ;
#2415 = COORDINATED_UNIVERSAL_TIME_OFFSET ( 1, 0, .AHEAD. ) ;
#2416 = LINE ( 'NONE', #250, #404 ) ;
#2417 = ORIENTED_EDGE ( 'NONE', *, *, #2165, .F. ) ;
#2418 = CARTESIAN_POINT ( 'NONE',  ( 99.41731700000001126, -56.67612100000000197, 1.600000000000000089 ) ) ;
#2419 = ORIENTED_EDGE ( 'NONE', *, *, #2978, .T. ) ;
#2420 = CARTESIAN_POINT ( 'NONE',  ( 122.3555700000000002, -88.43147000000000446, 1.600000000000000089 ) ) ;
#2421 = VECTOR ( 'NONE', #760, 1000.000000000000000 ) ;
#2422 = LINE ( 'NONE', #748, #2153 ) ;
#2423 = VERTEX_POINT ( 'NONE', #436 ) ;
#2424 = APPROVAL ( #2268, 'Deckungsgleich' ) ;
#2425 = CARTESIAN_POINT ( 'NONE',  ( 122.8000000000000114, -76.05000000000001137, 1.600000000000000089 ) ) ;
#2426 = DIRECTION ( 'NONE',  ( -0.6343926686613817756, 0.7730109584919803156, 0.000000000000000000 ) ) ;
#2427 = EDGE_CURVE ( 'NONE', #2611, #2254, #1401, .T. ) ;
#2428 = ORIENTED_EDGE ( 'NONE', *, *, #1968, .F. ) ;
#2429 = LINE ( 'NONE', #2926, #2985 ) ;
#2430 = CARTESIAN_POINT ( 'NONE',  ( 122.7238799999999941, -57.21731699999999421, 1.600000000000000089 ) ) ;
#2431 = VECTOR ( 'NONE', #3047, 1000.000000000000000 ) ;
#2432 = ORIENTED_EDGE ( 'NONE', *, *, #318, .T. ) ;
#2433 = LINE ( 'NONE', #2726, #2954 ) ;
#2434 = ORIENTED_EDGE ( 'NONE', *, *, #248, .T. ) ;
#2435 = EDGE_CURVE ( 'NONE', #19, #1244, #1914, .T. ) ;
#2436 = AXIS2_PLACEMENT_3D ( 'NONE', #1279, #568, #120 ) ;
#2437 = DIRECTION ( 'NONE',  ( -0.000000000000000000, 0.000000000000000000, -1.000000000000000000 ) ) ;
#2438 = LINE ( 'NONE', #498, #796 ) ;
#2439 = VECTOR ( 'NONE', #2749, 1000.000000000000000 ) ;
#2440 = VERTEX_POINT ( 'NONE', #210 ) ;
#2441 = DIRECTION ( 'NONE',  ( 0.7730089055066414749, 0.6343951702270629323, 0.000000000000000000 ) ) ;
#2442 = LINE ( 'NONE', #515, #985 ) ;
#2443 = VERTEX_POINT ( 'NONE', #3097 ) ;
#2444 = ORIENTED_EDGE ( 'NONE', *, *, #1862, .F. ) ;
#2445 = LINE ( 'NONE', #1531, #1861 ) ;
#2446 = PERSON_AND_ORGANIZATION ( #18446744073709551615, #18446744073709551615 ) ;
#2447 = VECTOR ( 'NONE', #1122, 1000.000000000000000 ) ;
#2448 = EDGE_LOOP ( 'NONE', ( #628, #2317, #2857, #252 ) ) ;
#2449 = DIRECTION ( 'NONE',  ( -0.000000000000000000, -0.000000000000000000, -1.000000000000000000 ) ) ;
#2450 = CARTESIAN_POINT ( 'NONE',  ( 99.46882999999999697, -77.24778200000000083, 1.600000000000000089 ) ) ;
#2451 = VECTOR ( 'NONE', #2013, 1000.000000000000000 ) ;
#2452 = EDGE_CURVE ( 'NONE', #837, #2574, #1179, .T. ) ;
#2453 = VERTEX_POINT ( 'NONE', #719 ) ;
#2454 = EDGE_CURVE ( 'NONE', #917, #140, #2144, .T. ) ;
#2455 = CARTESIAN_POINT ( 'NONE',  ( 122.5997310000000056, -81.12743499999999131, 0.1000000000000000056 ) ) ;
#2456 = CYLINDRICAL_SURFACE ( 'NONE', #1848, 0.5000000000000004441 ) ;
#2457 = VECTOR ( 'NONE', #913, 1000.000000000000114 ) ;
#2458 = VECTOR ( 'NONE', #1538, 1000.000000000000227 ) ;
#2459 = EDGE_CURVE ( 'NONE', #2092, #310, #229, .T. ) ;
#2460 = ORIENTED_EDGE ( 'NONE', *, *, #962, .T. ) ;
#2461 = EDGE_CURVE ( 'NONE', #2423, #1982, #972, .T. ) ;
#2462 = LINE ( 'NONE', #531, #2439 ) ;
#2463 = DIRECTION ( 'NONE',  ( -0.5320321177263707124, 0.8467241733336738907, 0.000000000000000000 ) ) ;
#2464 = ORIENTED_EDGE ( 'NONE', *, *, #2459, .T. ) ;
#2465 = ORIENTED_EDGE ( 'NONE', *, *, #1145, .T. ) ;
#2466 = ADVANCED_FACE ( 'NONE', ( #468 ), #1434, .F. ) ;
#2467 = LINE ( 'NONE', #1009, #1701 ) ;
#2468 = DATE_TIME_ROLE ( 'classification_date' ) ;
#2469 = VERTEX_POINT ( 'NONE', #2653 ) ;
#2470 = FACE_OUTER_BOUND ( 'NONE', #2025, .T. ) ;
#2471 = ORIENTED_EDGE ( 'NONE', *, *, #1562, .T. ) ;
#2472 = EDGE_CURVE ( 'NONE', #866, #711, #500, .T. ) ;
#2473 = DIRECTION ( 'NONE',  ( 0.000000000000000000, -0.000000000000000000, 1.000000000000000000 ) ) ;
#2474 = FACE_OUTER_BOUND ( 'NONE', #2178, .T. ) ;
#2475 = EDGE_CURVE ( 'NONE', #1576, #2408, #2409, .T. ) ;
#2476 = EDGE_LOOP ( 'NONE', ( #1177, #2788, #379, #1337 ) ) ;
#2477 = PLANE ( 'NONE',  #274 ) ;
#2478 = VECTOR ( 'NONE', #738, 1000.000000000000114 ) ;
#2479 = DIRECTION ( 'NONE',  ( -0.4713966306487240576, -0.8819213211012820741, 0.000000000000000000 ) ) ;
#2480 = ORIENTED_EDGE ( 'NONE', *, *, #1158, .T. ) ;
#2481 = ORIENTED_EDGE ( 'NONE', *, *, #1762, .F. ) ;
#2482 = VECTOR ( 'NONE', #1075, 1000.000000000000000 ) ;
#2483 = DIRECTION ( 'NONE',  ( 0.7071067811865474617, 0.7071067811865474617, 0.000000000000000000 ) ) ;
#2484 = VERTEX_POINT ( 'NONE', #275 ) ;
#2485 = CARTESIAN_POINT ( 'NONE',  ( 99.65595100000000173, -78.12811499999999398, 1.600000000000000089 ) ) ;
#2486 = ADVANCED_FACE ( 'NONE', ( #1497 ), #1947, .F. ) ;
#2487 = ORIENTED_EDGE ( 'NONE', *, *, #2323, .F. ) ;
#2488 = DIRECTION ( 'NONE',  ( 0.9937121530312208462, 0.1119649807665566432, 0.000000000000000000 ) ) ;
#2489 = CARTESIAN_POINT ( 'NONE',  ( 121.9950900000000047, -88.58078499999999167, 1.600000000000000089 ) ) ;
#2490 = EDGE_CURVE ( 'NONE', #2453, #1291, #1541, .T. ) ;
#2491 = CARTESIAN_POINT ( 'NONE',  ( 0.000000000000000000, -75.42549763944744257, 0.1000000000000000056 ) ) ;
#2492 = VECTOR ( 'NONE', #1534, 1000.000000000000227 ) ;
#2493 = ORIENTED_EDGE ( 'NONE', *, *, #484, .F. ) ;
#2494 = CARTESIAN_POINT ( 'NONE',  ( 121.9950900000000047, -56.61921499999999696, 0.1000000000000000056 ) ) ;
#2495 = CARTESIAN_POINT ( 'NONE',  ( 99.41731700000001126, -56.67612100000000197, 0.1000000000000000056 ) ) ;
#2496 = EDGE_LOOP ( 'NONE', ( #1756, #2023, #2460, #2527 ) ) ;
#2497 = CC_DESIGN_APPROVAL ( #2424, ( #722 ) ) ;
#2498 = EDGE_CURVE ( 'NONE', #1582, #2834, #346, .T. ) ;
#2499 = CARTESIAN_POINT ( 'NONE',  ( 98.79999999999999716, -78.75000000000000000, 0.1000000000000000056 ) ) ;
#2500 = PERSON_AND_ORGANIZATION ( #18446744073709551615, #18446744073709551615 ) ;
#2501 = ORIENTED_EDGE ( 'NONE', *, *, #2888, .T. ) ;
#2502 = CARTESIAN_POINT ( 'NONE',  ( 99.69507000000000119, -77.75592400000000737, 1.600000000000000089 ) ) ;
#2503 = CARTESIAN_POINT ( 'NONE',  ( 105.1468111613521330, -78.32416819510957851, 1.199999999999999956 ) ) ;
#2504 = ORIENTED_EDGE ( 'NONE', *, *, #771, .T. ) ;
#2505 = LINE ( 'NONE', #339, #871 ) ;
#2506 = DIRECTION ( 'NONE',  ( 0.7431453400109567786, -0.6691300349110025358, 0.000000000000000000 ) ) ;
#2507 = PLANE ( 'NONE',  #233 ) ;
#2508 = CARTESIAN_POINT ( 'NONE',  ( 98.81921499999999980, -57.40491000000000099, 0.1000000000000000056 ) ) ;
#2509 = ORIENTED_EDGE ( 'NONE', *, *, #1048, .T. ) ;
#2510 = CARTESIAN_POINT ( 'NONE',  ( 102.0178648463648443, -63.09917396239185194, 1.399999999999999911 ) ) ;
#2511 = DIRECTION ( 'NONE',  ( 0.8819213211012820741, -0.4713966306487240576, 0.000000000000000000 ) ) ;
#2512 = VECTOR ( 'NONE', #1614, 1000.000000000000000 ) ;
#2513 = ORIENTED_EDGE ( 'NONE', *, *, #2475, .F. ) ;
#2514 = VECTOR ( 'NONE', #2282, 1000.000000000000000 ) ;
#2515 = LINE ( 'NONE', #1310, #2266 ) ;
#2516 = APPROVAL_ROLE ( '' ) ;
#2517 = EDGE_CURVE ( 'NONE', #1908, #1857, #2226, .T. ) ;
#2518 = EDGE_LOOP ( 'NONE', ( #2640, #2927, #2331, #1460 ) ) ;
#2519 = LINE ( 'NONE', #1549, #633 ) ;
#2520 = ORIENTED_EDGE ( 'NONE', *, *, #3115, .F. ) ;
#2521 = CARTESIAN_POINT ( 'NONE',  ( 102.6749999999999972, -88.59999999999999432, 0.1000000000000000056 ) ) ;
#2522 = CARTESIAN_POINT ( 'NONE',  ( 122.5071070000000049, -88.30710700000000202, 0.1000000000000000056 ) ) ;
#2523 = LINE ( 'NONE', #3050, #1601 ) ;
#2524 = EDGE_LOOP ( 'NONE', ( #3064, #2191, #2016, #680 ) ) ;
#2525 = CARTESIAN_POINT ( 'NONE',  ( 108.4498344518040938, -32.38110561960569100, 1.600000000000000089 ) ) ;
#2526 = CARTESIAN_POINT ( 'NONE',  ( 99.69507000000000119, -77.75592400000000737, 0.1000000000000000056 ) ) ;
#2527 = ORIENTED_EDGE ( 'NONE', *, *, #1489, .F. ) ;
#2528 = CC_DESIGN_PERSON_AND_ORGANIZATION_ASSIGNMENT ( #2166, #1690, ( #177 ) ) ;
#2529 = VECTOR ( 'NONE', #349, 999.9999999999998863 ) ;
#2530 = CARTESIAN_POINT ( 'NONE',  ( 122.0963520000000102, -80.81114100000000633, 1.600000000000000089 ) ) ;
#2531 = EDGE_CURVE ( 'NONE', #1675, #1135, #2849, .T. ) ;
#2532 = VERTEX_POINT ( 'NONE', #1728 ) ;
#2533 = CARTESIAN_POINT ( 'NONE',  ( 0.000000000000000000, -72.32281480204682111, 1.199999999999999956 ) ) ;
#2534 = LINE ( 'NONE', #2836, #8 ) ;
#2535 = ORIENTED_EDGE ( 'NONE', *, *, #2725, .F. ) ;
#2536 = DIRECTION ( 'NONE',  ( 0.000000000000000000, -1.000000000000000000, 0.000000000000000000 ) ) ;
#2537 = LINE ( 'NONE', #370, #594 ) ;
#2538 = LINE ( 'NONE', #3034, #2003 ) ;
#2539 = EDGE_CURVE ( 'NONE', #2269, #2453, #2462, .T. ) ;
#2540 = PRODUCT_DEFINITION_SHAPE ( 'NONE', 'NONE',  #1309 ) ;
#2541 = ORIENTED_EDGE ( 'NONE', *, *, #1387, .F. ) ;
#2542 = EDGE_CURVE ( 'NONE', #2008, #2240, #1713, .T. ) ;
#2543 = LINE ( 'NONE', #2094, #3017 ) ;
#2544 = CARTESIAN_POINT ( 'NONE',  ( 122.6314700000000073, -57.04442999999999842, 1.600000000000000089 ) ) ;
#2545 = CARTESIAN_POINT ( 'NONE',  ( 105.1468111613521330, -83.28797500581734425, 1.199999999999999956 ) ) ;
#2546 = EDGE_LOOP ( 'NONE', ( #1068, #1885, #2960, #2851 ) ) ;
#2547 = AXIS2_PLACEMENT_3D ( 'NONE', #497, #941, #2885 ) ;
#2548 = PLANE ( 'NONE',  #2208 ) ;
#2549 = VECTOR ( 'NONE', #927, 1000.000000000000000 ) ;
#2550 = VERTEX_POINT ( 'NONE', #514 ) ;
#2551 = DIRECTION ( 'NONE',  ( 0.000000000000000000, -1.000000000000000000, -0.000000000000000000 ) ) ;
#2552 = AXIS2_PLACEMENT_3D ( 'NONE', #322, #48, #521 ) ;
#2553 = DIRECTION ( 'NONE',  ( -0.6343926686613645671, -0.7730109584919946375, 0.000000000000000000 ) ) ;
#2554 = ORIENTED_EDGE ( 'NONE', *, *, #1404, .F. ) ;
#2555 = LINE ( 'NONE', #2318, #2356 ) ;
#2556 = EDGE_CURVE ( 'NONE', #395, #1608, #2734, .T. ) ;
#2557 = CARTESIAN_POINT ( 'NONE',  ( 122.3555700000000002, -88.43147000000000446, 1.600000000000000089 ) ) ;
#2558 = ADVANCED_FACE ( 'NONE', ( #1763 ), #1022, .F. ) ;
#2559 = ORIENTED_EDGE ( 'NONE', *, *, #1892, .T. ) ;
#2560 = CARTESIAN_POINT ( 'NONE',  ( 116.2675662552226328, -74.23153301064368748, 1.199999999999999956 ) ) ;
#2561 = DIRECTION ( 'NONE',  ( 0.000000000000000000, 0.000000000000000000, -1.000000000000000000 ) ) ;
#2562 = ADVANCED_FACE ( 'NONE', ( #1261 ), #2477, .F. ) ;
#2563 = DIRECTION ( 'NONE',  ( 0.4713966306486964686, 0.8819213211012967291, 0.000000000000000000 ) ) ;
#2564 = ORIENTED_EDGE ( 'NONE', *, *, #1851, .F. ) ;
#2565 = EDGE_CURVE ( 'NONE', #1277, #140, #1979, .T. ) ;
#2566 = EDGE_CURVE ( 'NONE', #350, #2423, #567, .T. ) ;
#2567 = DIRECTION ( 'NONE',  ( -0.000000000000000000, -0.000000000000000000, -1.000000000000000000 ) ) ;
#2568 = VECTOR ( 'NONE', #2715, 1000.000000000000000 ) ;
#2569 = VECTOR ( 'NONE', #2006, 1000.000000000000000 ) ;
#2570 = ORIENTED_EDGE ( 'NONE', *, *, #2323, .T. ) ;
#2571 = EDGE_CURVE ( 'NONE', #2443, #1301, #1004, .T. ) ;
#2572 = CARTESIAN_POINT ( 'NONE',  ( 120.6715820999191493, -62.40122859638317010, 1.199999999999999956 ) ) ;
#2573 = LINE ( 'NONE', #1364, #1375 ) ;
#2574 = VERTEX_POINT ( 'NONE', #2936 ) ;
#2575 = DIRECTION ( 'NONE',  ( 0.9135457194576679374, 0.4067360550290223253, -0.000000000000000000 ) ) ;
#2576 = ADVANCED_FACE ( 'NONE', ( #1039 ), #581, .F. ) ;
#2577 = ORIENTED_EDGE ( 'NONE', *, *, #527, .T. ) ;
#2578 = DIRECTION ( 'NONE',  ( -0.2902813399871305156, 0.9569413480748314438, 0.000000000000000000 ) ) ;
#2579 = CARTESIAN_POINT ( 'NONE',  ( 121.9891280000000080, -76.55950500000000147, 0.1000000000000000056 ) ) ;
#2580 = EDGE_CURVE ( 'NONE', #2484, #638, #551, .T. ) ;
#2581 = LINE ( 'NONE', #50, #670 ) ;
#2582 = EDGE_LOOP ( 'NONE', ( #603, #2230, #2682, #3111 ) ) ;
#2583 = DIRECTION ( 'NONE',  ( -0.000000000000000000, -0.000000000000000000, -1.000000000000000000 ) ) ;
#2584 = ORIENTED_EDGE ( 'NONE', *, *, #1677, .F. ) ;
#2585 = VECTOR ( 'NONE', #992, 1000.000000000000000 ) ;
#2586 = DIRECTION ( 'NONE',  ( -0.7431453400109566676, 0.6691300349110025358, 0.000000000000000000 ) ) ;
#2587 = CARTESIAN_POINT ( 'NONE',  ( 121.8999999999999915, -80.25000000000000000, 0.1000000000000000056 ) ) ;
#2588 = EDGE_LOOP ( 'NONE', ( #1955, #2819, #1928, #966 ) ) ;
#2589 = EDGE_CURVE ( 'NONE', #2077, #906, #1292, .T. ) ;
#2590 = LINE ( 'NONE', #1568, #341 ) ;
#2591 = ORIENTED_EDGE ( 'NONE', *, *, #1605, .F. ) ;
#2592 = FACE_OUTER_BOUND ( 'NONE', #2826, .T. ) ;
#2593 = VECTOR ( 'NONE', #2088, 1000.000000000000114 ) ;
#2594 = DIRECTION ( 'NONE',  ( -1.000000000000000000, 0.000000000000000000, 0.000000000000000000 ) ) ;
#2595 = ORIENTED_EDGE ( 'NONE', *, *, #1196, .F. ) ;
#2596 = LINE ( 'NONE', #1140, #437 ) ;
#2597 = ADVANCED_FACE ( 'NONE', ( #2017 ), #2986, .F. ) ;
#2598 = VECTOR ( 'NONE', #378, 1000.000000000000000 ) ;
#2599 = VERTEX_POINT ( 'NONE', #2818 ) ;
#2600 = AXIS2_PLACEMENT_3D ( 'NONE', #2095, #657, #1573 ) ;
#2601 = LINE ( 'NONE', #651, #967 ) ;
#2602 = ORIENTED_EDGE ( 'NONE', *, *, #1002, .F. ) ;
#2603 = CARTESIAN_POINT ( 'NONE',  ( 99.57942300000000557, -77.39999999999999147, 1.600000000000000089 ) ) ;
#2604 = ORIENTED_EDGE ( 'NONE', *, *, #2900, .F. ) ;
#2605 = CARTESIAN_POINT ( 'NONE',  ( 98.79999999999999716, -84.59999999999999432, 0.1000000000000000056 ) ) ;
#2606 = CARTESIAN_POINT ( 'NONE',  ( 121.8999999999999915, -76.95000000000000284, 0.1000000000000000056 ) ) ;
#2607 = VERTEX_POINT ( 'NONE', #2544 ) ;
#2608 = CARTESIAN_POINT ( 'NONE',  ( 120.0564960880900287, -83.28797500581734425, 1.199999999999999956 ) ) ;
#2609 = CARTESIAN_POINT ( 'NONE',  ( 99.16606299999999408, -78.67219099999999798, 0.1000000000000000056 ) ) ;
#2610 = VECTOR ( 'NONE', #306, 1000.000000000000000 ) ;
#2611 = VERTEX_POINT ( 'NONE', #1556 ) ;
#2612 = DIRECTION ( 'NONE',  ( -0.000000000000000000, -0.000000000000000000, -1.000000000000000000 ) ) ;
#2613 = VECTOR ( 'NONE', #2137, 1000.000000000000000 ) ;
#2614 = AXIS2_PLACEMENT_3D ( 'NONE', #2557, #1354, #146 ) ;
#2615 = FACE_OUTER_BOUND ( 'NONE', #1110, .T. ) ;
#2616 = EDGE_CURVE ( 'NONE', #1547, #2671, #2065, .T. ) ;
#2617 = DIRECTION ( 'NONE',  ( -0.000000000000000000, -0.000000000000000000, -1.000000000000000000 ) ) ;
#2618 = ORIENTED_EDGE ( 'NONE', *, *, #407, .T. ) ;
#2619 = LINE ( 'NONE', #1156, #380 ) ;
#2620 = VECTOR ( 'NONE', #314, 1000.000000000000000 ) ;
#2621 = ORIENTED_EDGE ( 'NONE', *, *, #1428, .T. ) ;
#2622 = LINE ( 'NONE', #699, #2138 ) ;
#2623 = CARTESIAN_POINT ( 'NONE',  ( 115.0611029455927223, -72.32281480204682111, 1.399999999999999911 ) ) ;
#2624 = VERTEX_POINT ( 'NONE', #888 ) ;
#2625 = CARTESIAN_POINT ( 'NONE',  ( 102.3139058084240389, -57.10000000000000142, 0.1000000000000000472 ) ) ;
#2626 = LINE ( 'NONE', #9, #288 ) ;
#2627 = ORIENTED_EDGE ( 'NONE', *, *, #2325, .T. ) ;
#2628 = DIRECTION ( 'NONE',  ( -0.1119649807666246721, -0.9937121530312132967, 0.000000000000000000 ) ) ;
#2629 = APPLICATION_PROTOCOL_DEFINITION ( 'international standard', 'config_control_design', 1994, #610 ) ;
#2630 = ORIENTED_EDGE ( 'NONE', *, *, #2902, .F. ) ;
#2631 = FACE_OUTER_BOUND ( 'NONE', #415, .T. ) ;
#2632 = VECTOR ( 'NONE', #1254, 1000.000000000000000 ) ;
#2633 = ORIENTED_EDGE ( 'NONE', *, *, #2666, .T. ) ;
#2634 = DIRECTION ( 'NONE',  ( -0.8819213211012819631, 0.4713966306487239466, 0.000000000000000000 ) ) ;
#2635 = VECTOR ( 'NONE', #369, 1000.000000000000000 ) ;
#2636 = CARTESIAN_POINT ( 'NONE',  ( 99.57942300000000557, -78.29999999999999716, 1.600000000000000089 ) ) ;
#2637 = ORIENTED_EDGE ( 'NONE', *, *, #2764, .T. ) ;
#2638 = CARTESIAN_POINT ( 'NONE',  ( 122.1826829999999973, -56.67612000000000450, 1.600000000000000089 ) ) ;
#2639 = CARTESIAN_POINT ( 'NONE',  ( 121.8000000000000114, -56.59999999999999432, 0.1000000000000000056 ) ) ;
#2640 = ORIENTED_EDGE ( 'NONE', *, *, #640, .T. ) ;
#2641 = DIRECTION ( 'NONE',  ( 0.8819213211012673082, 0.4713966306487514801, 0.000000000000000000 ) ) ;
#2642 =( NAMED_UNIT ( * ) PLANE_ANGLE_UNIT ( ) SI_UNIT ( $, .RADIAN. ) );
#2643 = LINE ( 'NONE', #2897, #1869 ) ;
#2644 = ORIENTED_EDGE ( 'NONE', *, *, #1677, .T. ) ;
#2645 = LINE ( 'NONE', #443, #903 ) ;
#2646 = VERTEX_POINT ( 'NONE', #1069 ) ;
#2647 = CARTESIAN_POINT ( 'NONE',  ( 122.0963520000000102, -76.38885899999999651, 1.600000000000000089 ) ) ;
#2648 = ADVANCED_FACE ( 'NONE', ( #1085 ), #2783, .T. ) ;
#2649 = LINE ( 'NONE', #482, #126 ) ;
#2650 = EDGE_CURVE ( 'NONE', #1356, #2828, #102, .T. ) ;
#2651 = AXIS2_PLACEMENT_3D ( 'NONE', #2255, #64, #1268 ) ;
#2652 = ORIENTED_EDGE ( 'NONE', *, *, #2892, .T. ) ;
#2653 = CARTESIAN_POINT ( 'NONE',  ( 99.32900699999999006, -78.57811499999999683, 0.1000000000000000056 ) ) ;
#2654 = CARTESIAN_POINT ( 'NONE',  ( 99.65595100000000173, -77.57188499999999465, 1.600000000000000089 ) ) ;
#2655 = EDGE_CURVE ( 'NONE', #1157, #240, #2047, .T. ) ;
#2656 = ORIENTED_EDGE ( 'NONE', *, *, #3091, .F. ) ;
#2657 = DIRECTION ( 'NONE',  ( 0.9937121530312131856, -0.1119649807666246583, 0.000000000000000000 ) ) ;
#2658 = SECURITY_CLASSIFICATION_LEVEL ( 'unclassified' ) ;
#2659 = CARTESIAN_POINT ( 'NONE',  ( 0.000000000000000000, -78.32416819510957851, 0.1000000000000000056 ) ) ;
#2660 = ORIENTED_EDGE ( 'NONE', *, *, #1757, .F. ) ;
#2661 = CARTESIAN_POINT ( 'NONE',  ( 120.0564960880900287, -78.42711737717354481, 0.1000000000000000472 ) ) ;
#2662 = VECTOR ( 'NONE', #1658, 1000.000000000000000 ) ;
#2663 = VECTOR ( 'NONE', #1091, 1000.000000000000114 ) ;
#2664 = EDGE_LOOP ( 'NONE', ( #1263, #393, #2541, #1836 ) ) ;
#2665 = DIRECTION ( 'NONE',  ( -0.4713966306486964131, -0.8819213211012967291, 0.000000000000000000 ) ) ;
#2666 = EDGE_CURVE ( 'NONE', #196, #1209, #1322, .T. ) ;
#2667 = CARTESIAN_POINT ( 'NONE',  ( 113.5857630951841486, -58.70688005899127404, 1.600000000000000089 ) ) ;
#2668 = ORIENTED_EDGE ( 'NONE', *, *, #78, .T. ) ;
#2669 = DIRECTION ( 'NONE',  ( -0.000000000000000000, -0.000000000000000000, -1.000000000000000000 ) ) ;
#2670 = LINE ( 'NONE', #987, #2860 ) ;
#2671 = VERTEX_POINT ( 'NONE', #1606 ) ;
#2672 = CARTESIAN_POINT ( 'NONE',  ( 122.8000000000000114, -87.59999999999999432, 0.1000000000000000056 ) ) ;
#2673 = COORDINATED_UNIVERSAL_TIME_OFFSET ( 1, 0, .AHEAD. ) ;
#2674 = FACE_OUTER_BOUND ( 'NONE', #2300, .T. ) ;
#2675 = EDGE_LOOP ( 'NONE', ( #47, #1365, #2633, #2630 ) ) ;
#2676 = CARTESIAN_POINT ( 'NONE',  ( 99.60491000000000383, -56.61921499999999696, 1.600000000000000089 ) ) ;
#2677 = ADVANCED_FACE ( 'NONE', ( #3019 ), #1839, .T. ) ;
#2678 = ORIENTED_EDGE ( 'NONE', *, *, #2412, .F. ) ;
#2679 = FACE_OUTER_BOUND ( 'NONE', #154, .T. ) ;
#2680 = VECTOR ( 'NONE', #1400, 1000.000000000000000 ) ;
#2681 = LINE ( 'NONE', #2260, #1246 ) ;
#2682 = ORIENTED_EDGE ( 'NONE', *, *, #1108, .T. ) ;
#2683 = CARTESIAN_POINT ( 'NONE',  ( 118.3095652049721309, -62.40122859638317010, 1.199999999999999956 ) ) ;
#2684 = FACE_OUTER_BOUND ( 'NONE', #1474, .T. ) ;
#2685 = ORIENTED_EDGE ( 'NONE', *, *, #664, .F. ) ;
#2686 = CARTESIAN_POINT ( 'NONE',  ( 98.98712100000000191, -76.96966700000000117, 0.1000000000000000056 ) ) ;
#2687 = EDGE_CURVE ( 'NONE', #589, #1399, #1854, .T. ) ;
#2688 = PERSON_AND_ORGANIZATION_ROLE ( 'design_owner' ) ;
#2689 = ADVANCED_FACE ( 'NONE', ( #853 ), #1371, .F. ) ;
#2690 = ORIENTED_EDGE ( 'NONE', *, *, #1387, .T. ) ;
#2691 = PLANE ( 'NONE',  #73 ) ;
#2692 = CARTESIAN_POINT ( 'NONE',  ( 98.87612099999999771, -57.21731699999999421, 0.1000000000000000056 ) ) ;
#2693 = EDGE_CURVE ( 'NONE', #2031, #3048, #1809, .T. ) ;
#2694 = ORIENTED_EDGE ( 'NONE', *, *, #1003, .F. ) ;
#2695 = FACE_OUTER_BOUND ( 'NONE', #3059, .T. ) ;
#2696 = DIRECTION ( 'NONE',  ( -0.9510561730958820847, -0.3090180506316998477, 0.000000000000000000 ) ) ;
#2697 = VECTOR ( 'NONE', #2506, 1000.000000000000114 ) ;
#2698 = DIRECTION ( 'NONE',  ( -0.6343951702270453907, -0.7730089055066557968, 0.000000000000000000 ) ) ;
#2699 = VECTOR ( 'NONE', #431, 1000.000000000000000 ) ;
#2700 = ORIENTED_EDGE ( 'NONE', *, *, #225, .F. ) ;
#2701 = EDGE_CURVE ( 'NONE', #494, #44, #615, .T. ) ;
#2702 = CARTESIAN_POINT ( 'NONE',  ( 99.60491000000000383, -56.61921499999999696, 1.600000000000000089 ) ) ;
#2703 = PLANE ( 'NONE',  #2201 ) ;
#2704 = ORIENTED_EDGE ( 'NONE', *, *, #1664, .F. ) ;
#2705 = EDGE_LOOP ( 'NONE', ( #132, #483, #677, #921 ) ) ;
#2706 = LINE ( 'NONE', #1751, #2771 ) ;
#2707 = VECTOR ( 'NONE', #511, 1000.000000000000114 ) ;
#2708 = VERTEX_POINT ( 'NONE', #869 ) ;
#2709 = CARTESIAN_POINT ( 'NONE',  ( 122.5071070000000049, -88.30710700000000202, 1.600000000000000089 ) ) ;
#2710 = DIRECTION ( 'NONE',  ( -0.8467241733336738907, 0.5320321177263707124, 0.000000000000000000 ) ) ;
#2711 = EDGE_CURVE ( 'NONE', #2324, #1675, #2831, .T. ) ;
#2712 = ORIENTED_EDGE ( 'NONE', *, *, #3066, .F. ) ;
#2713 = PLANE ( 'NONE',  #1314 ) ;
#2714 = CARTESIAN_POINT ( 'NONE',  ( 99.32900699999999006, -77.12188500000000602, 1.600000000000000089 ) ) ;
#2715 = DIRECTION ( 'NONE',  ( 0.000000000000000000, 1.000000000000000000, 0.000000000000000000 ) ) ;
#2716 = AXIS2_PLACEMENT_3D ( 'NONE', #882, #2848, #440 ) ;
#2717 = VERTEX_POINT ( 'NONE', #2307 ) ;
#2718 = DIRECTION ( 'NONE',  ( 0.000000000000000000, 0.000000000000000000, 1.000000000000000000 ) ) ;
#2719 = DIRECTION ( 'NONE',  ( 0.000000000000000000, 1.000000000000000000, 0.000000000000000000 ) ) ;
#2720 = ADVANCED_FACE ( 'NONE', ( #1825 ), #2802, .F. ) ;
#2721 = VERTEX_POINT ( 'NONE', #3001 ) ;
#2722 = ORIENTED_EDGE ( 'NONE', *, *, #2185, .T. ) ;
#2723 = DIRECTION ( 'NONE',  ( -0.9569413480748482081, -0.2902813399870755040, 0.000000000000000000 ) ) ;
#2724 = ORIENTED_EDGE ( 'NONE', *, *, #757, .T. ) ;
#2725 = EDGE_CURVE ( 'NONE', #1973, #923, #1618, .T. ) ;
#2726 = CARTESIAN_POINT ( 'NONE',  ( 102.6749999999999972, -88.59999999999999432, 1.600000000000000089 ) ) ;
#2727 = FACE_OUTER_BOUND ( 'NONE', #1252, .T. ) ;
#2728 = EDGE_LOOP ( 'NONE', ( #368, #2344, #1704, #1981, #2694 ) ) ;
#2729 = LINE ( 'NONE', #2241, #710 ) ;
#2730 = DIRECTION ( 'NONE',  ( -0.000000000000000000, -0.000000000000000000, 1.000000000000000000 ) ) ;
#2731 = CARTESIAN_POINT ( 'NONE',  ( 99.60491000000000383, -56.61921499999999696, 0.1000000000000000056 ) ) ;
#2732 = EDGE_CURVE ( 'NONE', #1855, #357, #1358, .T. ) ;
#2733 = ORIENTED_EDGE ( 'NONE', *, *, #1355, .F. ) ;
#2734 = LINE ( 'NONE', #2702, #1483 ) ;
#2735 = DIRECTION ( 'NONE',  ( 0.8467241733336737797, 0.5320321177263706014, 0.000000000000000000 ) ) ;
#2736 = VERTEX_POINT ( 'NONE', #118 ) ;
#2737 = LINE ( 'NONE', #1572, #1646 ) ;
#2738 = CARTESIAN_POINT ( 'NONE',  ( 99.16606299999999408, -77.02780900000000486, 1.600000000000000089 ) ) ;
#2739 = ORIENTED_EDGE ( 'NONE', *, *, #329, .T. ) ;
#2740 = LINE ( 'NONE', #1735, #1837 ) ;
#2741 = VECTOR ( 'NONE', #1423, 1000.000000000000000 ) ;
#2742 = ORIENTED_EDGE ( 'NONE', *, *, #3078, .T. ) ;
#2743 = CARTESIAN_POINT ( 'NONE',  ( 99.24442999999999415, -56.76853099999999586, 0.1000000000000000056 ) ) ;
#2744 = CARTESIAN_POINT ( 'NONE',  ( 98.79999999999999716, -57.60000000000000142, 1.600000000000000089 ) ) ;
#2745 = DIRECTION ( 'NONE',  ( 0.4713966306486945257, -0.8819213211012977283, 0.000000000000000000 ) ) ;
#2746 = VECTOR ( 'NONE', #3020, 1000.000000000000000 ) ;
#2747 = VERTEX_POINT ( 'NONE', #2081 ) ;
#2748 = EDGE_CURVE ( 'NONE', #917, #799, #3054, .T. ) ;
#2749 = DIRECTION ( 'NONE',  ( 0.000000000000000000, 0.000000000000000000, 1.000000000000000000 ) ) ;
#2750 = CARTESIAN_POINT ( 'NONE',  ( 122.3555700000000002, -56.76852999999999838, 1.600000000000000089 ) ) ;
#2751 = EDGE_LOOP ( 'NONE', ( #1720, #655, #2168, #328 ) ) ;
#2752 = LOCAL_TIME ( 19, 36, 22.00000000000000000, #301 ) ;
#2753 = LINE ( 'NONE', #335, #2569 ) ;
#2754 = VERTEX_POINT ( 'NONE', #2842 ) ;
#2755 = LINE ( 'NONE', #2533, #617 ) ;
#2756 = DIRECTION ( 'NONE',  ( 1.000000000000000000, 0.000000000000000000, 0.000000000000000000 ) ) ;
#2757 = ORIENTED_EDGE ( 'NONE', *, *, #2435, .T. ) ;
#2758 = LINE ( 'NONE', #1316, #2935 ) ;
#2759 = DIRECTION ( 'NONE',  ( 0.5877857722486273806, -0.8090166166044332474, 0.000000000000000000 ) ) ;
#2760 = DIRECTION ( 'NONE',  ( -0.000000000000000000, -0.000000000000000000, -1.000000000000000000 ) ) ;
#2761 = VECTOR ( 'NONE', #1005, 1000.000000000000000 ) ;
#2762 = APPROVAL ( #235, 'Deckungsgleich' ) ;
#2763 = ORIENTED_EDGE ( 'NONE', *, *, #318, .F. ) ;
#2764 = EDGE_CURVE ( 'NONE', #554, #2372, #2622, .T. ) ;
#2765 = VECTOR ( 'NONE', #721, 1000.000000000000000 ) ;
#2766 = VECTOR ( 'NONE', #2028, 999.9999999999998863 ) ;
#2767 = DIRECTION ( 'NONE',  ( -0.6343951702270453907, -0.7730089055066557968, 0.000000000000000000 ) ) ;
#2768 = DIRECTION ( 'NONE',  ( -1.000000000000000000, 0.000000000000000000, -0.000000000000000000 ) ) ;
#2769 = AXIS2_PLACEMENT_3D ( 'NONE', #221, #950, #2169 ) ;
#2770 = ORIENTED_EDGE ( 'NONE', *, *, #2556, .F. ) ;
#2771 = VECTOR ( 'NONE', #1967, 1000.000000000000000 ) ;
#2772 = CARTESIAN_POINT ( 'NONE',  ( 98.81921499999999980, -57.40491000000000099, 1.600000000000000089 ) ) ;
#2773 = ORIENTED_EDGE ( 'NONE', *, *, #3139, .T. ) ;
#2774 = FACE_OUTER_BOUND ( 'NONE', #2448, .T. ) ;
#2775 = EDGE_CURVE ( 'NONE', #1655, #400, #1878, .T. ) ;
#2776 = EDGE_CURVE ( 'NONE', #432, #1697, #449, .T. ) ;
#2777 = CARTESIAN_POINT ( 'NONE',  ( 118.3095652049721309, -60.50461087972688290, 1.199999999999999956 ) ) ;
#2778 = ORIENTED_EDGE ( 'NONE', *, *, #3101, .T. ) ;
#2779 = CARTESIAN_POINT ( 'NONE',  ( 122.8000000000000114, -57.60000000000000142, 1.600000000000000089 ) ) ;
#2780 = DIRECTION ( 'NONE',  ( 0.000000000000000000, 0.000000000000000000, -1.000000000000000000 ) ) ;
#2781 = CARTESIAN_POINT ( 'NONE',  ( 102.0178648463648443, -63.09917396239185194, 1.199999999999999956 ) ) ;
#2782 = EDGE_LOOP ( 'NONE', ( #499, #3011, #2602, #1071 ) ) ;
#2783 = PLANE ( 'NONE',  #679 ) ;
#2784 = LINE ( 'NONE', #2263, #14 ) ;
#2785 = EDGE_LOOP ( 'NONE', ( #1859, #3067, #2110, #714 ) ) ;
#2786 = VECTOR ( 'NONE', #686, 1000.000000000000000 ) ;
#2787 = DIRECTION ( 'NONE',  ( -0.000000000000000000, -0.000000000000000000, -1.000000000000000000 ) ) ;
#2788 = ORIENTED_EDGE ( 'NONE', *, *, #1771, .F. ) ;
#2789 = CARTESIAN_POINT ( 'NONE',  ( 103.3139058084240389, -58.70688005899127404, 1.600000000000000089 ) ) ;
#2790 = AXIS2_PLACEMENT_3D ( 'NONE', #876, #1579, #1313 ) ;
#2791 = EDGE_CURVE ( 'NONE', #1, #1592, #2856, .T. ) ;
#2792 = DIRECTION ( 'NONE',  ( -0.000000000000000000, -0.000000000000000000, -1.000000000000000000 ) ) ;
#2793 = VERTEX_POINT ( 'NONE', #2363 ) ;
#2794 = LINE ( 'NONE', #562, #3046 ) ;
#2795 = CARTESIAN_POINT ( 'NONE',  ( 118.3095652049721309, -60.50461087972688290, 1.199999999999999956 ) ) ;
#2796 = EDGE_CURVE ( 'NONE', #509, #1613, #2109, .T. ) ;
#2797 = CARTESIAN_POINT ( 'NONE',  ( 99.41731700000001126, -56.67612100000000197, 1.600000000000000089 ) ) ;
#2798 = ADVANCED_FACE ( 'NONE', ( #1447 ), #2407, .F. ) ;
#2799 = ADVANCED_FACE ( 'NONE', ( #1681 ), #190, .T. ) ;
#2800 = ORIENTED_EDGE ( 'NONE', *, *, #294, .F. ) ;
#2801 = CARTESIAN_POINT ( 'NONE',  ( 120.6715820999191493, -62.40122859638317010, 1.199999999999999956 ) ) ;
#2802 = PLANE ( 'NONE',  #2600 ) ;
#2803 = EDGE_CURVE ( 'NONE', #2103, #2158, #1651, .T. ) ;
#2804 = ORIENTED_EDGE ( 'NONE', *, *, #3056, .F. ) ;
#2805 = VECTOR ( 'NONE', #952, 1000.000000000000000 ) ;
#2806 = DIRECTION ( 'NONE',  ( -0.000000000000000000, 1.000000000000000000, 0.000000000000000000 ) ) ;
#2807 = APPROVAL_PERSON_ORGANIZATION ( #2500, #2424, #2516 ) ;
#2808 = ORIENTED_EDGE ( 'NONE', *, *, #2775, .F. ) ;
#2809 = FACE_OUTER_BOUND ( 'NONE', #1384, .T. ) ;
#2810 = EDGE_CURVE ( 'NONE', #2934, #2129, #731, .T. ) ;
#2811 = CIRCLE ( 'NONE', #2253, 0.5000000000000004441 ) ;
#2812 = LINE ( 'NONE', #637, #258 ) ;
#2813 = VERTEX_POINT ( 'NONE', #224 ) ;
#2814 = DIRECTION ( 'NONE',  ( -0.000000000000000000, -0.000000000000000000, -1.000000000000000000 ) ) ;
#2815 = EDGE_CURVE ( 'NONE', #2349, #1320, #418, .T. ) ;
#2816 = ORIENTED_EDGE ( 'NONE', *, *, #1958, .F. ) ;
#2817 = CARTESIAN_POINT ( 'NONE',  ( 99.46882999999999697, -78.45221800000000201, 1.600000000000000089 ) ) ;
#2818 = CARTESIAN_POINT ( 'NONE',  ( 122.6314700000000073, -88.15556999999999732, 1.600000000000000089 ) ) ;
#2819 = ORIENTED_EDGE ( 'NONE', *, *, #405, .F. ) ;
#2820 = DIRECTION ( 'NONE',  ( -0.9569413480748286682, 0.2902813399871403965, 0.000000000000000000 ) ) ;
#2821 = ADVANCED_FACE ( 'NONE', ( #1412 ), #1160, .T. ) ;
#2822 = AXIS2_PLACEMENT_3D ( 'NONE', #1195, #2161, #1684 ) ;
#2823 = VERTEX_POINT ( 'NONE', #3129 ) ;
#2824 = FACE_OUTER_BOUND ( 'NONE', #2728, .T. ) ;
#2825 = LINE ( 'NONE', #425, #823 ) ;
#2826 = EDGE_LOOP ( 'NONE', ( #151, #1660, #742, #1472, #2207, #2652 ) ) ;
#2827 = LINE ( 'NONE', #1788, #1699 ) ;
#2828 = VERTEX_POINT ( 'NONE', #1190 ) ;
#2829 = CARTESIAN_POINT ( 'NONE',  ( 121.8000000000000114, -88.59999999999999432, 1.600000000000000089 ) ) ;
#2830 = EDGE_CURVE ( 'NONE', #1151, #954, #1632, .T. ) ;
#2831 = LINE ( 'NONE', #162, #1088 ) ;
#2832 = ORIENTED_EDGE ( 'NONE', *, *, #1137, .F. ) ;
#2833 = CARTESIAN_POINT ( 'NONE',  ( 105.1468111613521330, 0.000000000000000000, 0.1000000000000000056 ) ) ;
#2834 = VERTEX_POINT ( 'NONE', #2606 ) ;
#2835 = AXIS2_PLACEMENT_3D ( 'NONE', #493, #264, #1920 ) ;
#2836 = CARTESIAN_POINT ( 'NONE',  ( 122.2388590000000050, -76.24635200000000168, 1.600000000000000089 ) ) ;
#2837 = ORIENTED_EDGE ( 'NONE', *, *, #2810, .T. ) ;
#2838 = CARTESIAN_POINT ( 'NONE',  ( 99.41731700000001126, -56.67612100000000197, 0.1000000000000000056 ) ) ;
#2839 = VERTEX_POINT ( 'NONE', #2379 ) ;
#2840 = PLANE ( 'NONE',  #687 ) ;
#2841 = VECTOR ( 'NONE', #1612, 1000.000000000000000 ) ;
#2842 = CARTESIAN_POINT ( 'NONE',  ( 99.46882999999999697, -77.24778200000000083, 0.1000000000000000056 ) ) ;
#2843 = VERTEX_POINT ( 'NONE', #716 ) ;
#2844 = CARTESIAN_POINT ( 'NONE',  ( 99.09289400000000114, -56.89289399999999830, 0.1000000000000000056 ) ) ;
#2845 = EDGE_CURVE ( 'NONE', #2020, #2624, #2649, .T. ) ;
#2846 = CARTESIAN_POINT ( 'NONE',  ( 102.8139058084240389, -57.10000000000000142, 1.600000000000000089 ) ) ;
#2847 = EDGE_LOOP ( 'NONE', ( #2501, #2375, #2976, #158 ) ) ;
#2848 = DIRECTION ( 'NONE',  ( 0.2902860112936442860, -0.9569399310548318827, 0.000000000000000000 ) ) ;
#2849 = CIRCLE ( 'NONE', #269, 0.5000000000000004441 ) ;
#2850 = CARTESIAN_POINT ( 'NONE',  ( 122.5071070000000049, -88.30710700000000202, 1.600000000000000089 ) ) ;
#2851 = ORIENTED_EDGE ( 'NONE', *, *, #1118, .T. ) ;
#2852 = CARTESIAN_POINT ( 'NONE',  ( 105.1468111613521330, -83.28797500581734425, 1.199999999999999956 ) ) ;
#2853 = ORIENTED_EDGE ( 'NONE', *, *, #1795, .F. ) ;
#2854 = DIRECTION ( 'NONE',  ( -0.000000000000000000, -0.000000000000000000, -1.000000000000000000 ) ) ;
#2855 = VECTOR ( 'NONE', #2767, 1000.000000000000227 ) ;
#2856 = LINE ( 'NONE', #684, #932 ) ;
#2857 = ORIENTED_EDGE ( 'NONE', *, *, #407, .F. ) ;
#2858 = DIRECTION ( 'NONE',  ( -0.000000000000000000, -0.000000000000000000, 1.000000000000000000 ) ) ;
#2859 = DIRECTION ( 'NONE',  ( -1.000000000000000000, 0.000000000000000000, 0.000000000000000000 ) ) ;
#2860 = VECTOR ( 'NONE', #2955, 1000.000000000000000 ) ;
#2861 = ORIENTED_EDGE ( 'NONE', *, *, #1344, .T. ) ;
#2862 = DIRECTION ( 'NONE',  ( 0.000000000000000000, 0.000000000000000000, 1.000000000000000000 ) ) ;
#2863 = VECTOR ( 'NONE', #2634, 1000.000000000000227 ) ;
#2864 = AXIS2_PLACEMENT_3D ( 'NONE', #2303, #1554, #356 ) ;
#2865 = MECHANICAL_CONTEXT ( 'NONE', #3094, 'mechanical' ) ;
#2866 = EDGE_LOOP ( 'NONE', ( #2244, #2417, #1803, #2739 ) ) ;
#2867 = CARTESIAN_POINT ( 'NONE',  ( 122.5997310000000056, -81.12743499999999131, 1.600000000000000089 ) ) ;
#2868 = DIRECTION ( 'NONE',  ( -0.9438832626649615865, 0.3302792552688515459, 0.000000000000000000 ) ) ;
#2869 = EDGE_CURVE ( 'NONE', #2183, #2092, #205, .T. ) ;
#2870 = EDGE_CURVE ( 'NONE', #1124, #1143, #1208, .T. ) ;
#2871 = ORIENTED_EDGE ( 'NONE', *, *, #1415, .T. ) ;
#2872 = PLANE ( 'NONE',  #1029 ) ;
#2873 = CARTESIAN_POINT ( 'NONE',  ( 99.69507000000000119, -77.94407599999999547, 1.600000000000000089 ) ) ;
#2874 = ORIENTED_EDGE ( 'NONE', *, *, #1451, .T. ) ;
#2875 = CARTESIAN_POINT ( 'NONE',  ( 99.24442999999999415, -56.76853099999999586, 1.600000000000000089 ) ) ;
#2876 = CARTESIAN_POINT ( 'NONE',  ( 99.69507000000000119, -77.94407599999999547, 1.600000000000000089 ) ) ;
#2877 = ORIENTED_EDGE ( 'NONE', *, *, #124, .T. ) ;
#2878 = LINE ( 'NONE', #2895, #2585 ) ;
#2879 = CARTESIAN_POINT ( 'NONE',  ( 98.79999999999999716, -78.75000000000000000, 1.600000000000000089 ) ) ;
#2880 = EDGE_CURVE ( 'NONE', #1139, #19, #5, .T. ) ;
#2881 = ORIENTED_EDGE ( 'NONE', *, *, #550, .F. ) ;
#2882 = PLANE ( 'NONE',  #1396 ) ;
#2883 = EDGE_CURVE ( 'NONE', #1921, #2440, #1711, .T. ) ;
#2884 = VERTEX_POINT ( 'NONE', #1959 ) ;
#2885 = DIRECTION ( 'NONE',  ( 1.000000000000000000, 0.000000000000000000, 0.000000000000000000 ) ) ;
#2886 = VECTOR ( 'NONE', #141, 1000.000000000000000 ) ;
#2887 = DIRECTION ( 'NONE',  ( 0.8819213211012673082, 0.4713966306487514801, 0.000000000000000000 ) ) ;
#2888 = EDGE_CURVE ( 'NONE', #1320, #2717, #763, .T. ) ;
#2889 = VERTEX_POINT ( 'NONE', #2204 ) ;
#2890 = DIRECTION ( 'NONE',  ( -0.9510561730958820847, -0.3090180506316998477, 0.000000000000000000 ) ) ;
#2891 = DIRECTION ( 'NONE',  ( -1.000000000000000000, 0.000000000000000000, 0.000000000000000000 ) ) ;
#2892 = EDGE_CURVE ( 'NONE', #1291, #1045, #1276, .T. ) ;
#2893 = CARTESIAN_POINT ( 'NONE',  ( 122.2388590000000050, -76.24635200000000168, 1.600000000000000089 ) ) ;
#2894 = VERTEX_POINT ( 'NONE', #1523 ) ;
#2895 = CARTESIAN_POINT ( 'NONE',  ( 122.8000000000000114, -76.05000000000001137, 1.600000000000000089 ) ) ;
#2896 = AXIS2_PLACEMENT_3D ( 'NONE', #2503, #2239, #2272 ) ;
#2897 = CARTESIAN_POINT ( 'NONE',  ( 99.57942300000000557, -78.29999999999999716, 1.600000000000000089 ) ) ;
#2898 = VERTEX_POINT ( 'NONE', #309 ) ;
#2899 = CARTESIAN_POINT ( 'NONE',  ( 98.87612099999999771, -57.21731699999999421, 1.600000000000000089 ) ) ;
#2900 = EDGE_CURVE ( 'NONE', #2171, #2324, #422, .T. ) ;
#2901 = ORIENTED_EDGE ( 'NONE', *, *, #2531, .T. ) ;
#2902 = EDGE_CURVE ( 'NONE', #1686, #1209, #1940, .T. ) ;
#2903 = CARTESIAN_POINT ( 'NONE',  ( 99.32900699999999006, -77.12188500000000602, 1.600000000000000089 ) ) ;
#2904 = DIRECTION ( 'NONE',  ( 0.8660248566549640925, -0.5000009476548507026, 0.000000000000000000 ) ) ;
#2905 = ORIENTED_EDGE ( 'NONE', *, *, #1662, .F. ) ;
#2906 = CARTESIAN_POINT ( 'NONE',  ( 99.69507000000000119, -77.75592400000000737, 1.600000000000000089 ) ) ;
#2907 = CARTESIAN_POINT ( 'NONE',  ( 121.8000000000000114, -88.59999999999999432, 1.600000000000000089 ) ) ;
#2908 = ORIENTED_EDGE ( 'NONE', *, *, #543, .F. ) ;
#2909 = CARTESIAN_POINT ( 'NONE',  ( 105.1468111613521330, -83.28797500581734425, 0.1000000000000000472 ) ) ;
#2910 = VECTOR ( 'NONE', #412, 1000.000000000000000 ) ;
#2911 = COORDINATED_UNIVERSAL_TIME_OFFSET ( 1, 0, .AHEAD. ) ;
#2912 = DIRECTION ( 'NONE',  ( -0.000000000000000000, -0.000000000000000000, -1.000000000000000000 ) ) ;
#2913 = ORIENTED_EDGE ( 'NONE', *, *, #1700, .F. ) ;
#2914 = LINE ( 'NONE', #2502, #478 ) ;
#2915 = AXIS2_PLACEMENT_3D ( 'NONE', #3052, #2250, #3036 ) ;
#2916 = VECTOR ( 'NONE', #830, 1000.000000000000000 ) ;
#2917 = VECTOR ( 'NONE', #1418, 1000.000000000000000 ) ;
#2918 = ORIENTED_EDGE ( 'NONE', *, *, #1064, .F. ) ;
#2919 = FACE_OUTER_BOUND ( 'NONE', #1539, .T. ) ;
#2920 = CARTESIAN_POINT ( 'NONE',  ( 99.09289400000000114, -56.89289399999999830, 1.600000000000000089 ) ) ;
#2921 = ORIENTED_EDGE ( 'NONE', *, *, #2929, .T. ) ;
#2922 = EDGE_CURVE ( 'NONE', #2574, #1610, #1000, .T. ) ;
#2923 = CARTESIAN_POINT ( 'NONE',  ( 98.81921499999999980, -57.40491000000000099, 0.1000000000000000056 ) ) ;
#2924 = LINE ( 'NONE', #766, #1794 ) ;
#2925 = ORIENTED_EDGE ( 'NONE', *, *, #2435, .F. ) ;
#2926 = CARTESIAN_POINT ( 'NONE',  ( 98.96853099999999870, -57.04442999999999842, 1.600000000000000089 ) ) ;
#2927 = ORIENTED_EDGE ( 'NONE', *, *, #1923, .F. ) ;
#2928 = PLANE ( 'NONE',  #1687 ) ;
#2929 = EDGE_CURVE ( 'NONE', #44, #618, #1239, .T. ) ;
#2930 = VERTEX_POINT ( 'NONE', #2983 ) ;
#2931 = CARTESIAN_POINT ( 'NONE',  ( 99.60491000000000383, -56.61921499999999696, 1.600000000000000089 ) ) ;
#2932 = AXIS2_PLACEMENT_3D ( 'NONE', #489, #3137, #1215 ) ;
#2933 = CARTESIAN_POINT ( 'NONE',  ( 98.81921499999999980, -57.40491000000000099, 1.600000000000000089 ) ) ;
#2934 = VERTEX_POINT ( 'NONE', #2243 ) ;
#2935 = VECTOR ( 'NONE', #2026, 1000.000000000000000 ) ;
#2936 = CARTESIAN_POINT ( 'NONE',  ( 99.57942300000000557, -77.39999999999999147, 0.1000000000000000056 ) ) ;
#2937 = DIRECTION ( 'NONE',  ( 0.2079132313452998482, -0.9781472732833005335, 0.000000000000000000 ) ) ;
#2938 = VERTEX_POINT ( 'NONE', #2920 ) ;
#2939 = ORIENTED_EDGE ( 'NONE', *, *, #2048, .F. ) ;
#2940 = EDGE_CURVE ( 'NONE', #2898, #1828, #2422, .T. ) ;
#2941 = CARTESIAN_POINT ( 'NONE',  ( 102.0178648463648443, -78.32416819510957851, 1.199999999999999956 ) ) ;
#2942 = ORIENTED_EDGE ( 'NONE', *, *, #1413, .T. ) ;
#2943 = DIRECTION ( 'NONE',  ( 1.000000000000000000, 0.000000000000000000, 0.000000000000000000 ) ) ;
#2944 = LINE ( 'NONE', #1235, #2421 ) ;
#2945 = CARTESIAN_POINT ( 'NONE',  ( 102.8139058084240389, 0.000000000000000000, 0.1000000000000000056 ) ) ;
#2946 = ORIENTED_EDGE ( 'NONE', *, *, #472, .T. ) ;
#2947 = LINE ( 'NONE', #780, #2227 ) ;
#2948 = PLANE ( 'NONE',  #2389 ) ;
#2949 = VECTOR ( 'NONE', #1537, 1000.000000000000114 ) ;
#2950 = LINE ( 'NONE', #785, #2568 ) ;
#2951 = AXIS2_PLACEMENT_3D ( 'NONE', #2123, #3095, #669 ) ;
#2952 = ORIENTED_EDGE ( 'NONE', *, *, #1269, .T. ) ;
#2953 = CARTESIAN_POINT ( 'NONE',  ( 98.81921499999999980, -57.40491000000000099, 1.600000000000000089 ) ) ;
#2954 = VECTOR ( 'NONE', #2943, 1000.000000000000000 ) ;
#2955 = DIRECTION ( 'NONE',  ( -0.000000000000000000, -0.000000000000000000, -1.000000000000000000 ) ) ;
#2956 = ORIENTED_EDGE ( 'NONE', *, *, #1008, .F. ) ;
#2957 = LINE ( 'NONE', #1749, #2053 ) ;
#2958 = CARTESIAN_POINT ( 'NONE',  ( 99.65595100000000173, -78.12811499999999398, 0.1000000000000000056 ) ) ;
#2959 = FACE_OUTER_BOUND ( 'NONE', #2518, .T. ) ;
#2960 = ORIENTED_EDGE ( 'NONE', *, *, #2791, .F. ) ;
#2961 = CARTESIAN_POINT ( 'NONE',  ( 122.7807850000000087, -57.40491000000000099, 1.600000000000000089 ) ) ;
#2962 = EDGE_CURVE ( 'NONE', #1973, #2736, #2681, .T. ) ;
#2963 = DIRECTION ( 'NONE',  ( -0.2902860112936020420, -0.9569399310548445392, 0.000000000000000000 ) ) ;
#2964 = ORIENTED_EDGE ( 'NONE', *, *, #209, .F. ) ;
#2965 = CARTESIAN_POINT ( 'NONE',  ( 122.3555700000000002, -88.43147000000000446, 1.600000000000000089 ) ) ;
#2966 = LINE ( 'NONE', #1019, #1175 ) ;
#2967 = DIRECTION ( 'NONE',  ( 0.000000000000000000, 0.000000000000000000, 1.000000000000000000 ) ) ;
#2968 = VECTOR ( 'NONE', #528, 1000.000000000000000 ) ;
#2969 = AXIS2_PLACEMENT_3D ( 'NONE', #1152, #2806, #408 ) ;
#2970 = ORIENTED_EDGE ( 'NONE', *, *, #2461, .F. ) ;
#2971 = DIRECTION ( 'NONE',  ( -0.000000000000000000, 1.000000000000000000, -0.000000000000000000 ) ) ;
#2972 = LINE ( 'NONE', #2495, #1226 ) ;
#2973 = VERTEX_POINT ( 'NONE', #2933 ) ;
#2974 = PLANE ( 'NONE',  #1500 ) ;
#2975 = LINE ( 'NONE', #2686, #2529 ) ;
#2976 = ORIENTED_EDGE ( 'NONE', *, *, #2580, .T. ) ;
#2977 = LINE ( 'NONE', #2709, #3061 ) ;
#2978 = EDGE_CURVE ( 'NONE', #2171, #442, #1647, .T. ) ;
#2979 = ORIENTED_EDGE ( 'NONE', *, *, #1525, .F. ) ;
#2980 = ADVANCED_FACE ( 'NONE', ( #39 ), #1725, .F. ) ;
#2981 = CARTESIAN_POINT ( 'NONE',  ( 118.5543324666909513, -74.23153301064368748, 1.199999999999999956 ) ) ;
#2982 = CARTESIAN_POINT ( 'NONE',  ( 114.0857630951841486, -55.78069568802292366, 1.399999999999999911 ) ) ;
#2983 = CARTESIAN_POINT ( 'NONE',  ( 121.9891280000000080, -80.64049500000000137, 0.1000000000000000056 ) ) ;
#2984 = ORIENTED_EDGE ( 'NONE', *, *, #2888, .F. ) ;
#2985 = VECTOR ( 'NONE', #2612, 1000.000000000000000 ) ;
#2986 = PLANE ( 'NONE',  #119 ) ;
#2987 = LINE ( 'NONE', #1040, #1627 ) ;
#2988 = ORIENTED_EDGE ( 'NONE', *, *, #421, .F. ) ;
#2989 = PLANE ( 'NONE',  #993 ) ;
#2990 = ORIENTED_EDGE ( 'NONE', *, *, #2454, .F. ) ;
#2991 = CARTESIAN_POINT ( 'NONE',  ( 121.9225649999999916, -76.74973099999999704, 0.1000000000000000056 ) ) ;
#2992 = APPROVAL ( #505, 'Deckungsgleich' ) ;
#2993 = VECTOR ( 'NONE', #168, 1000.000000000000000 ) ;
#2994 = EDGE_CURVE ( 'NONE', #2938, #1312, #983, .T. ) ;
#2995 = ORIENTED_EDGE ( 'NONE', *, *, #674, .F. ) ;
#2996 = CARTESIAN_POINT ( 'NONE',  ( 102.6749999999999972, -88.59999999999999432, 1.600000000000000089 ) ) ;
#2997 = DIRECTION ( 'NONE',  ( 0.000000000000000000, 0.000000000000000000, -1.000000000000000000 ) ) ;
#2998 = LINE ( 'NONE', #1639, #1942 ) ;
#2999 = CIRCLE ( 'NONE', #1780, 0.5000000000000004441 ) ;
#3000 = ORIENTED_EDGE ( 'NONE', *, *, #390, .T. ) ;
#3001 = CARTESIAN_POINT ( 'NONE',  ( 118.5543324666909513, -74.23153301064368748, 1.199999999999999956 ) ) ;
#3002 = AXIS2_PLACEMENT_3D ( 'NONE', #2525, #2561, #2032 ) ;
#3003 = CARTESIAN_POINT ( 'NONE',  ( 102.0178648463648443, -63.09917396239185194, 1.399999999999999911 ) ) ;
#3004 = EDGE_LOOP ( 'NONE', ( #2570, #934, #92, #2837 ) ) ;
#3005 = EDGE_CURVE ( 'NONE', #442, #2823, #2438, .T. ) ;
#3006 = CARTESIAN_POINT ( 'NONE',  ( 99.57942300000000557, -78.29999999999999716, 1.600000000000000089 ) ) ;
#3007 = CALENDAR_DATE ( 2026, 4, 4 ) ;
#3008 = VERTEX_POINT ( 'NONE', #1290 ) ;
#3009 = DIRECTION ( 'NONE',  ( 0.6691300349110026469, 0.7431453400109567786, -0.000000000000000000 ) ) ;
#3010 = VECTOR ( 'NONE', #2291, 1000.000000000000000 ) ;
#3011 = ORIENTED_EDGE ( 'NONE', *, *, #1688, .F. ) ;
#3012 = CARTESIAN_POINT ( 'NONE',  ( 121.9225649999999916, -76.74973099999999704, 1.600000000000000089 ) ) ;
#3013 = DIRECTION ( 'NONE',  ( -0.4067360550290223253, 0.9135457194576679374, 0.000000000000000000 ) ) ;
#3014 = DIRECTION ( 'NONE',  ( 0.000000000000000000, 0.000000000000000000, -1.000000000000000000 ) ) ;
#3015 = VECTOR ( 'NONE', #1212, 1000.000000000000227 ) ;
#3016 = ORIENTED_EDGE ( 'NONE', *, *, #561, .F. ) ;
#3017 = VECTOR ( 'NONE', #416, 1000.000000000000000 ) ;
#3018 = AXIS2_PLACEMENT_3D ( 'NONE', #948, #1706, #216 ) ;
#3019 = FACE_OUTER_BOUND ( 'NONE', #107, .T. ) ;
#3020 = DIRECTION ( 'NONE',  ( 0.000000000000000000, 1.000000000000000000, 0.000000000000000000 ) ) ;
#3021 = ORIENTED_EDGE ( 'NONE', *, *, #3027, .F. ) ;
#3022 = ADVANCED_FACE ( 'NONE', ( #292 ), #2456, .T. ) ;
#3023 = VECTOR ( 'NONE', #1868, 1000.000000000000227 ) ;
#3024 = ADVANCED_FACE ( 'NONE', ( #1258 ), #1020, .F. ) ;
#3025 = CARTESIAN_POINT ( 'NONE',  ( 122.5997310000000056, -81.12743499999999131, 1.600000000000000089 ) ) ;
#3026 = ORIENTED_EDGE ( 'NONE', *, *, #2566, .T. ) ;
#3027 = EDGE_CURVE ( 'NONE', #1209, #1030, #2950, .T. ) ;
#3028 = CYLINDRICAL_SURFACE ( 'NONE', #2075, 0.5000000000000004441 ) ;
#3029 = LINE ( 'NONE', #2072, #2431 ) ;
#3030 = ORIENTED_EDGE ( 'NONE', *, *, #2796, .T. ) ;
#3031 = LINE ( 'NONE', #2996, #2232 ) ;
#3032 = DIRECTION ( 'NONE',  ( 0.000000000000000000, -1.000000000000000000, -0.000000000000000000 ) ) ;
#3033 = ADVANCED_FACE ( 'NONE', ( #2474 ), #832, .F. ) ;
#3034 = CARTESIAN_POINT ( 'NONE',  ( 120.0564960880900287, 0.000000000000000000, 0.1000000000000000056 ) ) ;
#3035 = ORIENTED_EDGE ( 'NONE', *, *, #2815, .F. ) ;
#3036 = DIRECTION ( 'NONE',  ( 0.9951845713626575884, -0.09801871720096839991, 0.000000000000000000 ) ) ;
#3037 = DIRECTION ( 'NONE',  ( -0.9951845713626575884, -0.09801871720096838603, 0.000000000000000000 ) ) ;
#3038 = CARTESIAN_POINT ( 'NONE',  ( 122.2388590000000050, -76.24635200000000168, 0.1000000000000000056 ) ) ;
#3039 = ORIENTED_EDGE ( 'NONE', *, *, #3121, .T. ) ;
#3040 = ADVANCED_FACE ( 'NONE', ( #626 ), #2319, .T. ) ;
#3041 = VECTOR ( 'NONE', #946, 1000.000000000000000 ) ;
#3042 = DIRECTION ( 'NONE',  ( 0.000000000000000000, 0.000000000000000000, 1.000000000000000000 ) ) ;
#3043 = EDGE_CURVE ( 'NONE', #2383, #917, #1570, .T. ) ;
#3044 = ORIENTED_EDGE ( 'NONE', *, *, #445, .F. ) ;
#3045 = PLANE ( 'NONE',  #201 ) ;
#3046 = VECTOR ( 'NONE', #1033, 1000.000000000000000 ) ;
#3047 = DIRECTION ( 'NONE',  ( 0.000000000000000000, 1.000000000000000000, 0.000000000000000000 ) ) ;
#3048 = VERTEX_POINT ( 'NONE', #1101 ) ;
#3049 = CARTESIAN_POINT ( 'NONE',  ( 99.79999999999999716, -56.59999999999999432, 0.1000000000000000056 ) ) ;
#3050 = CARTESIAN_POINT ( 'NONE',  ( 102.0178648463648443, -72.32281480204682111, 1.399999999999999911 ) ) ;
#3051 = ORIENTED_EDGE ( 'NONE', *, *, #239, .F. ) ;
#3052 = CARTESIAN_POINT ( 'NONE',  ( 121.9950900000000047, -56.61921499999999696, 1.600000000000000089 ) ) ;
#3053 = EDGE_CURVE ( 'NONE', #1667, #395, #1774, .T. ) ;
#3054 = LINE ( 'NONE', #2873, #377 ) ;
#3055 = ORIENTED_EDGE ( 'NONE', *, *, #2870, .T. ) ;
#3056 = EDGE_CURVE ( 'NONE', #2834, #963, #676, .T. ) ;
#3057 = CARTESIAN_POINT ( 'NONE',  ( 102.8139058084240389, -58.70688005899127404, 1.600000000000000089 ) ) ;
#3058 = CC_DESIGN_SECURITY_CLASSIFICATION ( #722, ( #177 ) ) ;
#3059 = EDGE_LOOP ( 'NONE', ( #1172, #1347, #257, #1799 ) ) ;
#3060 = LINE ( 'NONE', #894, #1165 ) ;
#3061 = VECTOR ( 'NONE', #811, 999.9999999999998863 ) ;
#3062 = DIRECTION ( 'NONE',  ( -1.000000000000000000, 0.000000000000000000, 0.000000000000000000 ) ) ;
#3063 = EDGE_LOOP ( 'NONE', ( #675, #438, #1682, #940 ) ) ;
#3064 = ORIENTED_EDGE ( 'NONE', *, *, #136, .T. ) ;
#3065 = DIRECTION ( 'NONE',  ( 0.9438832626649615865, 0.3302792552688515459, 0.000000000000000000 ) ) ;
#3066 = EDGE_CURVE ( 'NONE', #1045, #1535, #2523, .T. ) ;
#3067 = ORIENTED_EDGE ( 'NONE', *, *, #1248, .F. ) ;
#3068 = DIRECTION ( 'NONE',  ( 0.000000000000000000, 0.000000000000000000, -1.000000000000000000 ) ) ;
#3069 = DIRECTION ( 'NONE',  ( -0.000000000000000000, 1.000000000000000000, -0.000000000000000000 ) ) ;
#3070 = ORIENTED_EDGE ( 'NONE', *, *, #777, .F. ) ;
#3071 = LINE ( 'NONE', #892, #1300 ) ;
#3072 = AXIS2_PLACEMENT_3D ( 'NONE', #1874, #2868, #1171 ) ;
#3073 = AXIS2_PLACEMENT_3D ( 'NONE', #2530, #178, #394 ) ;
#3074 = ORIENTED_EDGE ( 'NONE', *, *, #2427, .F. ) ;
#3075 = DIRECTION ( 'NONE',  ( -0.4713966306486964686, 0.8819213211012967291, 0.000000000000000000 ) ) ;
#3076 = ORIENTED_EDGE ( 'NONE', *, *, #1993, .F. ) ;
#3077 = CARTESIAN_POINT ( 'NONE',  ( 122.0963520000000102, -80.81114100000000633, 0.1000000000000000056 ) ) ;
#3078 = EDGE_CURVE ( 'NONE', #786, #2031, #1334, .T. ) ;
#3079 = ORIENTED_EDGE ( 'NONE', *, *, #2211, .F. ) ;
#3080 = EDGE_CURVE ( 'NONE', #1291, #1124, #2289, .T. ) ;
#3081 = DIRECTION ( 'NONE',  ( 0.000000000000000000, 0.000000000000000000, -1.000000000000000000 ) ) ;
#3082 = CARTESIAN_POINT ( 'NONE',  ( 122.3555700000000002, -56.76852999999999838, 1.600000000000000089 ) ) ;
#3083 = ORIENTED_EDGE ( 'NONE', *, *, #1014, .F. ) ;
#3084 = DIRECTION ( 'NONE',  ( -0.8660248566549640925, -0.5000009476548507026, 0.000000000000000000 ) ) ;
#3085 = CARTESIAN_POINT ( 'NONE',  ( 115.0611029455927223, -60.50461087972688290, 1.199999999999999956 ) ) ;
#3086 = ORIENTED_EDGE ( 'NONE', *, *, #818, .T. ) ;
#3087 = AXIS2_PLACEMENT_3D ( 'NONE', #1231, #2369, #753 ) ;
#3088 = CARTESIAN_POINT ( 'NONE',  ( 114.5857630951841486, -57.10000000000000142, 0.1000000000000000472 ) ) ;
#3089 = ORIENTED_EDGE ( 'NONE', *, *, #2238, .T. ) ;
#3090 = LINE ( 'NONE', #964, #2093 ) ;
#3091 = EDGE_CURVE ( 'NONE', #466, #589, #2998, .T. ) ;
#3092 = ORIENTED_EDGE ( 'NONE', *, *, #806, .T. ) ;
#3093 = DIRECTION ( 'NONE',  ( -0.3302792552687902061, -0.9438832626649830138, 0.000000000000000000 ) ) ;
#3094 = APPLICATION_CONTEXT ( 'configuration controlled 3d designs of mechanical parts and assemblies' ) ;
#3095 = DIRECTION ( 'NONE',  ( -1.000000000000000000, 0.000000000000000000, 0.000000000000000000 ) ) ;
#3096 = EDGE_LOOP ( 'NONE', ( #1960, #1038, #685, #857, #2808, #2198 ) ) ;
#3097 = CARTESIAN_POINT ( 'NONE',  ( 122.7807850000000087, -57.40491000000000099, 1.600000000000000089 ) ) ;
#3098 = ADVANCED_FACE ( 'NONE', ( #342 ), #1168, .T. ) ;
#3099 = VERTEX_POINT ( 'NONE', #579 ) ;
#3100 = VECTOR ( 'NONE', #1053, 1000.000000000000000 ) ;
#3101 = EDGE_CURVE ( 'NONE', #704, #1709, #1318, .T. ) ;
#3102 = FACE_OUTER_BOUND ( 'NONE', #1001, .T. ) ;
#3103 = DIRECTION ( 'NONE',  ( -0.000000000000000000, 1.000000000000000000, 0.000000000000000000 ) ) ;
#3104 = VECTOR ( 'NONE', #2247, 1000.000000000000114 ) ;
#3105 = DIRECTION ( 'NONE',  ( 1.000000000000000000, 0.000000000000000000, -0.000000000000000000 ) ) ;
#3106 = EDGE_LOOP ( 'NONE', ( #652, #2063, #898, #1330 ) ) ;
#3107 = CARTESIAN_POINT ( 'NONE',  ( 99.65595100000000173, -77.57188499999999465, 1.600000000000000089 ) ) ;
#3108 = ORIENTED_EDGE ( 'NONE', *, *, #2580, .F. ) ;
#3109 = LINE ( 'NONE', #1427, #2294 ) ;
#3110 = CARTESIAN_POINT ( 'NONE',  ( 102.0178648463648443, 0.000000000000000000, 0.1000000000000000056 ) ) ;
#3111 = ORIENTED_EDGE ( 'NONE', *, *, #1986, .F. ) ;
#3112 = DIRECTION ( 'NONE',  ( -1.000000000000000000, 0.000000000000000000, 0.000000000000000000 ) ) ;
#3113 = CARTESIAN_POINT ( 'NONE',  ( 98.79999999999999716, -78.75000000000000000, 0.1000000000000000056 ) ) ;
#3114 = ADVANCED_FACE ( 'NONE', ( #2615 ), #2507, .F. ) ;
#3115 = EDGE_CURVE ( 'NONE', #2073, #1143, #2062, .T. ) ;
#3116 = VERTEX_POINT ( 'NONE', #1807 ) ;
#3117 = CARTESIAN_POINT ( 'NONE',  ( 120.6715820999191493, -72.27625725888233887, 1.199999999999999956 ) ) ;
#3118 = VECTOR ( 'NONE', #2698, 1000.000000000000227 ) ;
#3119 = VECTOR ( 'NONE', #1636, 1000.000000000000000 ) ;
#3120 = CARTESIAN_POINT ( 'NONE',  ( 99.79999999999999716, -56.59999999999999432, 1.600000000000000089 ) ) ;
#3121 = EDGE_CURVE ( 'NONE', #2793, #704, #2538, .T. ) ;
#3122 = ORIENTED_EDGE ( 'NONE', *, *, #2498, .F. ) ;
#3123 = PLANE ( 'NONE',  #2140 ) ;
#3124 = ADVANCED_FACE ( 'NONE', ( #1822 ), #1587, .F. ) ;
#3125 = ADVANCED_FACE ( 'NONE', ( #1835 ), #1119, .F. ) ;
#3126 = ORIENTED_EDGE ( 'NONE', *, *, #2940, .F. ) ;
#3127 = CARTESIAN_POINT ( 'NONE',  ( 99.09289400000000114, -56.89289399999999830, 1.600000000000000089 ) ) ;
#3128 = ADVANCED_FACE ( 'NONE', ( #199 ), #2131, .F. ) ;
#3129 = CARTESIAN_POINT ( 'NONE',  ( 113.6815037680679410, -59.19762818538173832, 1.399999999999999911 ) ) ;
#3130 = VERTEX_POINT ( 'NONE', #1918 ) ;
#3131 = CARTESIAN_POINT ( 'NONE',  ( 121.8999999999999915, -76.95000000000000284, 1.600000000000000089 ) ) ;
#3132 = CARTESIAN_POINT ( 'NONE',  ( 122.2388590000000050, -80.95364800000000116, 0.1000000000000000056 ) ) ;
#3133 = CARTESIAN_POINT ( 'NONE',  ( 103.2181651355402323, -59.19762818538173832, 1.399999999999999911 ) ) ;
#3134 = ADVANCED_FACE ( 'NONE', ( #1951 ), #1456, .F. ) ;
#3135 = CARTESIAN_POINT ( 'NONE',  ( 120.8276965518429336, -78.42711737717354481, 0.1000000000000000472 ) ) ;
#3136 = ORIENTED_EDGE ( 'NONE', *, *, #212, .T. ) ;
#3137 = DIRECTION ( 'NONE',  ( 0.7182402227891736546, 0.6957952158270119813, -0.000000000000000000 ) ) ;
#3138 =( LENGTH_UNIT ( ) NAMED_UNIT ( * ) SI_UNIT ( .MILLI., .METRE. ) );
#3139 = EDGE_CURVE ( 'NONE', #1301, #874, #474, .T. ) ;
#3140 = CARTESIAN_POINT ( 'NONE',  ( 118.5543324666909513, -72.27625725888233887, 1.199999999999999956 ) ) ;
ENDSEC;
END-ISO-10303-21;
